iteration,mode,condition,elapsed_ns
1,hybrid,cold,636109
2,hybrid,cold,654655
3,hybrid,cold,639587
4,hybrid,cold,621543
5,hybrid,cold,640758
6,hybrid,cold,624308
7,hybrid,cold,703335
8,hybrid,cold,651900
9,hybrid,cold,626783
10,hybrid,cold,627274
11,hybrid,cold,623606
12,hybrid,cold,646058
13,hybrid,cold,635859
14,hybrid,cold,625100
15,hybrid,cold,638123
16,hybrid,cold,625651
17,hybrid,cold,625670
18,hybrid,cold,640819
19,hybrid,cold,627955
20,hybrid,cold,627694
21,hybrid,cold,624689
22,hybrid,cold,631872
23,hybrid,cold,626292
24,hybrid,cold,624328
25,hybrid,cold,622224
26,hybrid,cold,627223
27,hybrid,cold,627393
28,hybrid,cold,622995
29,hybrid,cold,622455
30,hybrid,cold,624288
31,hybrid,cold,636561
32,hybrid,cold,623225
33,hybrid,cold,623035
34,hybrid,cold,642281
35,hybrid,cold,624338
36,hybrid,cold,645367
37,hybrid,cold,625430
38,hybrid,cold,621542
39,hybrid,cold,625350
40,hybrid,cold,630860
41,hybrid,cold,638725
42,hybrid,cold,636591
43,hybrid,cold,629868
44,hybrid,cold,646950
45,hybrid,cold,626381
46,hybrid,cold,623536
47,hybrid,cold,624878
48,hybrid,cold,636681
49,hybrid,cold,663110
50,hybrid,cold,628395
51,hybrid,cold,625109
52,hybrid,cold,650677
53,hybrid,cold,628776
54,hybrid,cold,645808
55,hybrid,cold,631040
56,hybrid,cold,623466
57,hybrid,cold,639325
58,hybrid,cold,626392
59,hybrid,cold,625961
60,hybrid,cold,625059
61,hybrid,cold,622384
62,hybrid,cold,623837
63,hybrid,cold,624178
64,hybrid,cold,645908
65,hybrid,cold,625480
66,hybrid,cold,623927
67,hybrid,cold,622464
68,hybrid,cold,621152
69,hybrid,cold,621903
70,hybrid,cold,625600
71,hybrid,cold,641240
72,hybrid,cold,620761
73,hybrid,cold,622284
74,hybrid,cold,683839
75,hybrid,cold,621833
76,hybrid,cold,624759
77,hybrid,cold,620831
78,hybrid,cold,630239
79,hybrid,cold,629147
80,hybrid,cold,632634
81,hybrid,cold,638004
82,hybrid,cold,621743
83,hybrid,cold,620571
84,hybrid,cold,636421
85,hybrid,cold,622234
86,hybrid,cold,618948
87,hybrid,cold,638685
88,hybrid,cold,623947
89,hybrid,cold,620701
90,hybrid,cold,623476
91,hybrid,cold,675393
92,hybrid,cold,649996
93,hybrid,cold,620430
94,hybrid,cold,624358
95,hybrid,cold,619669
96,hybrid,cold,622444
97,hybrid,cold,621263
98,hybrid,cold,626782
99,hybrid,cold,631341
100,hybrid,cold,622504
101,hybrid,cold,622204
102,hybrid,cold,618898
103,hybrid,cold,644616
104,hybrid,cold,651859
105,hybrid,cold,624638
106,hybrid,cold,641600
107,hybrid,cold,654504
108,hybrid,cold,622775
109,hybrid,cold,646098
110,hybrid,cold,622634
111,hybrid,cold,631130
112,hybrid,cold,638455
113,hybrid,cold,627073
114,hybrid,cold,626151
115,hybrid,cold,841193
116,hybrid,cold,635598
117,hybrid,cold,670404
118,hybrid,cold,654455
119,hybrid,cold,735045
120,hybrid,cold,896748
121,hybrid,cold,905494
122,hybrid,cold,921975
123,hybrid,cold,962210
124,hybrid,cold,994511
125,hybrid,cold,1019968
126,hybrid,cold,1040466
127,hybrid,cold,753369
128,hybrid,cold,1044674
129,hybrid,cold,1041588
130,hybrid,cold,1078658
131,hybrid,cold,1088466
132,hybrid,cold,1083627
133,hybrid,cold,1105217
134,hybrid,cold,1027342
135,hybrid,cold,1036359
136,hybrid,cold,1038122
137,hybrid,cold,1045586
138,hybrid,cold,1075512
139,hybrid,cold,1125365
140,hybrid,cold,1084128
141,hybrid,cold,1105408
142,hybrid,cold,1063319
143,hybrid,cold,1085520
144,hybrid,cold,1059491
145,hybrid,cold,1093756
146,hybrid,cold,1081413
147,hybrid,cold,1101470
148,hybrid,cold,1069721
149,hybrid,cold,1188242
150,hybrid,cold,1162695
151,hybrid,cold,1153808
152,hybrid,cold,1128130
153,hybrid,cold,1144100
154,hybrid,cold,1166342
155,hybrid,cold,1083537
156,hybrid,cold,1115086
157,hybrid,cold,1109435
158,hybrid,cold,1146565
159,hybrid,cold,1129884
160,hybrid,cold,1106810
161,hybrid,cold,1115817
162,hybrid,cold,1127068
163,hybrid,cold,1073668
164,hybrid,cold,1070944
165,hybrid,cold,1053911
166,hybrid,cold,1094357
167,hybrid,cold,1116749
168,hybrid,cold,1054743
169,hybrid,cold,693618
170,hybrid,cold,874786
171,hybrid,cold,651799
172,hybrid,cold,630319
173,hybrid,cold,655767
174,hybrid,cold,649425
175,hybrid,cold,649986
176,hybrid,cold,657821
177,hybrid,cold,640989
178,hybrid,cold,635779
179,hybrid,cold,646910
180,hybrid,cold,624789
181,hybrid,cold,626983
182,hybrid,cold,649996
183,hybrid,cold,622624
184,hybrid,cold,624167
185,hybrid,cold,637473
186,hybrid,cold,768908
187,hybrid,cold,630108
188,hybrid,cold,648273
189,hybrid,cold,624097
190,hybrid,cold,673160
191,hybrid,cold,974223
192,hybrid,cold,1063760
193,hybrid,cold,1039715
194,hybrid,cold,1081333
195,hybrid,cold,1091281
196,hybrid,cold,1020659
197,hybrid,cold,1023204
198,hybrid,cold,1009769
199,hybrid,cold,977679
200,hybrid,cold,924319
201,hybrid,cold,909892
202,hybrid,cold,927625
203,hybrid,cold,632944
204,hybrid,cold,623135
205,hybrid,cold,624729
206,hybrid,cold,639366
207,hybrid,cold,630099
208,hybrid,cold,624047
209,hybrid,cold,647711
210,hybrid,cold,620921
211,hybrid,cold,624909
212,hybrid,cold,640087
213,hybrid,cold,622655
214,hybrid,cold,619710
215,hybrid,cold,618356
216,hybrid,cold,621242
217,hybrid,cold,620341
218,hybrid,cold,625730
219,hybrid,cold,622204
220,hybrid,cold,623977
221,hybrid,cold,623196
222,hybrid,cold,674862
223,hybrid,cold,621904
224,hybrid,cold,619799
225,hybrid,cold,636811
226,hybrid,cold,619860
227,hybrid,cold,625019
228,hybrid,cold,622014
229,hybrid,cold,618517
230,hybrid,cold,626943
231,hybrid,cold,618787
232,hybrid,cold,639476
233,hybrid,cold,620461
234,hybrid,cold,628385
235,hybrid,cold,642341
236,hybrid,cold,629066
237,hybrid,cold,623527
238,hybrid,cold,623937
239,hybrid,cold,661768
240,hybrid,cold,644896
241,hybrid,cold,652741
242,hybrid,cold,626041
243,hybrid,cold,639887
244,hybrid,cold,649685
245,hybrid,cold,628866
246,hybrid,cold,627784
247,hybrid,cold,627083
248,hybrid,cold,657289
249,hybrid,cold,625650
250,hybrid,cold,670293
251,hybrid,cold,627834
252,hybrid,cold,619278
253,hybrid,cold,646770
254,hybrid,cold,628235
255,hybrid,cold,626391
256,hybrid,cold,624729
257,hybrid,cold,619779
258,hybrid,cold,623086
259,hybrid,cold,628125
260,hybrid,cold,653883
261,hybrid,cold,622053
262,hybrid,cold,624719
263,hybrid,cold,653993
264,hybrid,cold,625079
265,hybrid,cold,622013
266,hybrid,cold,620731
267,hybrid,cold,623216
268,hybrid,cold,620320
269,hybrid,cold,622434
270,hybrid,cold,638714
271,hybrid,cold,621913
272,hybrid,cold,622614
273,hybrid,cold,642231
274,hybrid,cold,622865
275,hybrid,cold,626993
276,hybrid,cold,623646
277,hybrid,cold,623396
278,hybrid,cold,621122
279,hybrid,cold,623336
280,hybrid,cold,662038
281,hybrid,cold,631331
282,hybrid,cold,621653
283,hybrid,cold,637121
284,hybrid,cold,632203
285,hybrid,cold,623266
286,hybrid,cold,623636
287,hybrid,cold,627404
288,hybrid,cold,622455
289,hybrid,cold,622375
290,hybrid,cold,641400
291,hybrid,cold,626692
292,hybrid,cold,624217
293,hybrid,cold,645928
294,hybrid,cold,625981
295,hybrid,cold,628887
296,hybrid,cold,645086
297,hybrid,cold,624448
298,hybrid,cold,665514
299,hybrid,cold,626602
300,hybrid,cold,625299
301,hybrid,cold,623827
302,hybrid,cold,625871
303,hybrid,cold,645988
304,hybrid,cold,628956
305,hybrid,cold,623156
306,hybrid,cold,648583
307,hybrid,cold,628255
308,hybrid,cold,620962
309,hybrid,cold,625931
310,hybrid,cold,630830
311,hybrid,cold,626472
312,hybrid,cold,628936
313,hybrid,cold,640919
314,hybrid,cold,627013
315,hybrid,cold,623036
316,hybrid,cold,643994
317,hybrid,cold,625810
318,hybrid,cold,623877
319,hybrid,cold,626742
320,hybrid,cold,630128
321,hybrid,cold,623195
322,hybrid,cold,646209
323,hybrid,cold,671877
324,hybrid,cold,629027
325,hybrid,cold,624579
326,hybrid,cold,634947
327,hybrid,cold,625049
328,hybrid,cold,623627
329,hybrid,cold,623857
330,hybrid,cold,626622
331,hybrid,cold,633054
332,hybrid,cold,621383
333,hybrid,cold,643834
334,hybrid,cold,621783
335,hybrid,cold,624488
336,hybrid,cold,644926
337,hybrid,cold,617886
338,hybrid,cold,663722
339,hybrid,cold,627845
340,hybrid,cold,618798
341,hybrid,cold,624738
342,hybrid,cold,618768
343,hybrid,cold,630018
344,hybrid,cold,633135
345,hybrid,cold,621653
346,hybrid,cold,642131
347,hybrid,cold,630970
348,hybrid,cold,623045
349,hybrid,cold,631932
350,hybrid,cold,623566
351,hybrid,cold,627915
352,hybrid,cold,625920
353,hybrid,cold,649856
354,hybrid,cold,628275
355,hybrid,cold,626882
356,hybrid,cold,640829
357,hybrid,cold,621623
358,hybrid,cold,619709
359,hybrid,cold,624739
360,hybrid,cold,631872
361,hybrid,cold,625480
362,hybrid,cold,625430
363,hybrid,cold,645468
364,hybrid,cold,622755
365,hybrid,cold,636110
366,hybrid,cold,640398
367,hybrid,cold,628475
368,hybrid,cold,632423
369,hybrid,cold,633095
370,hybrid,cold,625019
371,hybrid,cold,621402
372,hybrid,cold,629137
373,hybrid,cold,625671
374,hybrid,cold,618818
375,hybrid,cold,624838
376,hybrid,cold,646749
377,hybrid,cold,623016
378,hybrid,cold,629087
379,hybrid,cold,633626
380,hybrid,cold,629137
381,hybrid,cold,626041
382,hybrid,cold,623096
383,hybrid,cold,628606
384,hybrid,cold,628466
385,hybrid,cold,626101
386,hybrid,cold,656578
387,hybrid,cold,625871
388,hybrid,cold,626972
389,hybrid,cold,624428
390,hybrid,cold,619309
391,hybrid,cold,624909
392,hybrid,cold,623466
393,hybrid,cold,650196
394,hybrid,cold,627414
395,hybrid,cold,626472
396,hybrid,cold,635950
397,hybrid,cold,641990
398,hybrid,cold,623847
399,hybrid,cold,627404
400,hybrid,cold,625300
401,hybrid,cold,625149
402,hybrid,cold,621503
403,hybrid,cold,638024
404,hybrid,cold,624448
405,hybrid,cold,622114
406,hybrid,cold,647842
407,hybrid,cold,624328
408,hybrid,cold,660415
409,hybrid,cold,635158
410,hybrid,cold,631662
411,hybrid,cold,623456
412,hybrid,cold,626502
413,hybrid,cold,635558
414,hybrid,cold,629287
415,hybrid,cold,624428
416,hybrid,cold,641931
417,hybrid,cold,621733
418,hybrid,cold,656178
419,hybrid,cold,623867
420,hybrid,cold,623747
421,hybrid,cold,621182
422,hybrid,cold,623566
423,hybrid,cold,638384
424,hybrid,cold,623957
425,hybrid,cold,620942
426,hybrid,cold,647481
427,hybrid,cold,624999
428,hybrid,cold,627243
429,hybrid,cold,623276
430,hybrid,cold,626282
431,hybrid,cold,626763
432,hybrid,cold,626071
433,hybrid,cold,638424
434,hybrid,cold,624639
435,hybrid,cold,624268
436,hybrid,cold,624218
437,hybrid,cold,630269
438,hybrid,cold,622885
439,hybrid,cold,625680
440,hybrid,cold,642031
441,hybrid,cold,623186
442,hybrid,cold,619709
443,hybrid,cold,640518
444,hybrid,cold,623586
445,hybrid,cold,622865
446,hybrid,cold,623516
447,hybrid,cold,641350
448,hybrid,cold,626913
449,hybrid,cold,627985
450,hybrid,cold,668340
451,hybrid,cold,654485
452,hybrid,cold,623616
453,hybrid,cold,639075
454,hybrid,cold,622374
455,hybrid,cold,625209
456,hybrid,cold,639396
457,hybrid,cold,622054
458,hybrid,cold,657710
459,hybrid,cold,627965
460,hybrid,cold,622985
461,hybrid,cold,623707
462,hybrid,cold,622354
463,hybrid,cold,642232
464,hybrid,cold,627233
465,hybrid,cold,624067
466,hybrid,cold,635408
467,hybrid,cold,641750
468,hybrid,cold,625820
469,hybrid,cold,625039
470,hybrid,cold,624048
471,hybrid,cold,625991
472,hybrid,cold,629016
473,hybrid,cold,638054
474,hybrid,cold,621172
475,hybrid,cold,619700
476,hybrid,cold,635379
477,hybrid,cold,625920
478,hybrid,cold,622434
479,hybrid,cold,623055
480,hybrid,cold,622134
481,hybrid,cold,624118
482,hybrid,cold,624769
483,hybrid,cold,644656
484,hybrid,cold,624468
485,hybrid,cold,622605
486,hybrid,cold,648794
487,hybrid,cold,641960
488,hybrid,cold,625540
489,hybrid,cold,624007
490,hybrid,cold,623336
491,hybrid,cold,626612
492,hybrid,cold,632493
493,hybrid,cold,642432
494,hybrid,cold,639757
495,hybrid,cold,630560
496,hybrid,cold,642532
497,hybrid,cold,627835
498,hybrid,cold,646098
499,hybrid,cold,645587
500,hybrid,cold,626692
501,hybrid,cold,623446
502,hybrid,cold,621042
503,hybrid,cold,629978
504,hybrid,cold,631702
505,hybrid,cold,621963
506,hybrid,cold,696783
507,hybrid,cold,624969
508,hybrid,cold,623746
509,hybrid,cold,638284
510,hybrid,cold,629227
511,hybrid,cold,622815
512,hybrid,cold,659173
513,hybrid,cold,628556
514,hybrid,cold,625861
515,hybrid,cold,634768
516,hybrid,cold,629477
517,hybrid,cold,623195
518,hybrid,cold,642702
519,hybrid,cold,619949
520,hybrid,cold,622274
521,hybrid,cold,618968
522,hybrid,cold,623146
523,hybrid,cold,623646
524,hybrid,cold,622805
525,hybrid,cold,647151
526,hybrid,cold,626491
527,hybrid,cold,629527
528,hybrid,cold,646719
529,hybrid,cold,627333
530,hybrid,cold,625951
531,hybrid,cold,641761
532,hybrid,cold,624418
533,hybrid,cold,629828
534,hybrid,cold,645057
535,hybrid,cold,642492
536,hybrid,cold,649975
537,hybrid,cold,629107
538,hybrid,cold,623787
539,hybrid,cold,625831
540,hybrid,cold,622905
541,hybrid,cold,646319
542,hybrid,cold,625710
543,hybrid,cold,627503
544,hybrid,cold,644205
545,hybrid,cold,650707
546,hybrid,cold,632523
547,hybrid,cold,627314
548,hybrid,cold,630650
549,hybrid,cold,630499
550,hybrid,cold,627164
551,hybrid,cold,634006
552,hybrid,cold,629808
553,hybrid,cold,631471
554,hybrid,cold,643163
555,hybrid,cold,619730
556,hybrid,cold,621633
557,hybrid,cold,629657
558,hybrid,cold,621012
559,hybrid,cold,628325
560,hybrid,cold,622554
561,hybrid,cold,652060
562,hybrid,cold,626101
563,hybrid,cold,625550
564,hybrid,cold,642622
565,hybrid,cold,644696
566,hybrid,cold,628705
567,hybrid,cold,625349
568,hybrid,cold,628235
569,hybrid,cold,629637
570,hybrid,cold,627424
571,hybrid,cold,634417
572,hybrid,cold,618907
573,hybrid,cold,622714
574,hybrid,cold,647882
575,hybrid,cold,625300
576,hybrid,cold,640698
577,hybrid,cold,645487
578,hybrid,cold,625571
579,hybrid,cold,622695
580,hybrid,cold,623176
581,hybrid,cold,648693
582,hybrid,cold,631682
583,hybrid,cold,622344
584,hybrid,cold,641911
585,hybrid,cold,647711
586,hybrid,cold,626101
587,hybrid,cold,624157
588,hybrid,cold,622785
589,hybrid,cold,623286
590,hybrid,cold,621522
591,hybrid,cold,642101
592,hybrid,cold,626252
593,hybrid,cold,623406
594,hybrid,cold,644315
595,hybrid,cold,627494
596,hybrid,cold,623997
597,hybrid,cold,623386
598,hybrid,cold,626321
599,hybrid,cold,624428
600,hybrid,cold,626963
601,hybrid,cold,646159
602,hybrid,cold,629848
603,hybrid,cold,631041
604,hybrid,cold,641249
605,hybrid,cold,628496
606,hybrid,cold,623977
607,hybrid,cold,622414
608,hybrid,cold,625941
609,hybrid,cold,624759
610,hybrid,cold,626782
611,hybrid,cold,648273
612,hybrid,cold,621703
613,hybrid,cold,630650
614,hybrid,cold,645097
615,hybrid,cold,631060
616,hybrid,cold,628135
617,hybrid,cold,621563
618,hybrid,cold,634366
619,hybrid,cold,653453
620,hybrid,cold,622224
621,hybrid,cold,643614
622,hybrid,cold,624038
623,hybrid,cold,624869
624,hybrid,cold,641029
625,hybrid,cold,628144
626,hybrid,cold,623195
627,hybrid,cold,630139
628,hybrid,cold,622484
629,hybrid,cold,628476
630,hybrid,cold,628406
631,hybrid,cold,643374
632,hybrid,cold,631411
633,hybrid,cold,621823
634,hybrid,cold,646068
635,hybrid,cold,624528
636,hybrid,cold,623546
637,hybrid,cold,625059
638,hybrid,cold,640408
639,hybrid,cold,636521
640,hybrid,cold,640629
641,hybrid,cold,656338
642,hybrid,cold,641730
643,hybrid,cold,643744
644,hybrid,cold,695711
645,hybrid,cold,642111
646,hybrid,cold,654704
647,hybrid,cold,625971
648,hybrid,cold,624207
649,hybrid,cold,628075
650,hybrid,cold,628105
651,hybrid,cold,644776
652,hybrid,cold,624408
653,hybrid,cold,628806
654,hybrid,cold,647271
655,hybrid,cold,623947
656,hybrid,cold,649986
657,hybrid,cold,622415
658,hybrid,cold,627684
659,hybrid,cold,628325
660,hybrid,cold,624308
661,hybrid,cold,676516
662,hybrid,cold,679851
663,hybrid,cold,629728
664,hybrid,cold,646709
665,hybrid,cold,625640
666,hybrid,cold,627785
667,hybrid,cold,649976
668,hybrid,cold,622515
669,hybrid,cold,625019
670,hybrid,cold,625530
671,hybrid,cold,623797
672,hybrid,cold,621743
673,hybrid,cold,619078
674,hybrid,cold,639316
675,hybrid,cold,629738
676,hybrid,cold,623206
677,hybrid,cold,642823
678,hybrid,cold,627854
679,hybrid,cold,626222
680,hybrid,cold,624749
681,hybrid,cold,625701
682,hybrid,cold,623867
683,hybrid,cold,624147
684,hybrid,cold,642211
685,hybrid,cold,623877
686,hybrid,cold,644266
687,hybrid,cold,645618
688,hybrid,cold,619559
689,hybrid,cold,619128
690,hybrid,cold,619749
691,hybrid,cold,624779
692,hybrid,cold,622123
693,hybrid,cold,626632
694,hybrid,cold,645988
695,hybrid,cold,627744
696,hybrid,cold,650577
697,hybrid,cold,640969
698,hybrid,cold,628816
699,hybrid,cold,628425
700,hybrid,cold,624909
701,hybrid,cold,630289
702,hybrid,cold,630400
703,hybrid,cold,625571
704,hybrid,cold,669923
705,hybrid,cold,647481
706,hybrid,cold,668320
707,hybrid,cold,638995
708,hybrid,cold,631180
709,hybrid,cold,625951
710,hybrid,cold,640899
711,hybrid,cold,624107
712,hybrid,cold,625620
713,hybrid,cold,624989
714,hybrid,cold,627414
715,hybrid,cold,625109
716,hybrid,cold,626202
717,hybrid,cold,638093
718,hybrid,cold,622704
719,hybrid,cold,623105
720,hybrid,cold,626511
721,hybrid,cold,620581
722,hybrid,cold,650217
723,hybrid,cold,622063
724,hybrid,cold,628105
725,hybrid,cold,622804
726,hybrid,cold,645498
727,hybrid,cold,655055
728,hybrid,cold,625360
729,hybrid,cold,623506
730,hybrid,cold,624158
731,hybrid,cold,627584
732,hybrid,cold,623807
733,hybrid,cold,630209
734,hybrid,cold,634798
735,hybrid,cold,621963
736,hybrid,cold,623396
737,hybrid,cold,646559
738,hybrid,cold,621122
739,hybrid,cold,620241
740,hybrid,cold,639206
741,hybrid,cold,626222
742,hybrid,cold,622104
743,hybrid,cold,645517
744,hybrid,cold,622875
745,hybrid,cold,626572
746,hybrid,cold,668270
747,hybrid,cold,666186
748,hybrid,cold,628305
749,hybrid,cold,629077
750,hybrid,cold,640067
751,hybrid,cold,626762
752,hybrid,cold,624568
753,hybrid,cold,623105
754,hybrid,cold,621423
755,hybrid,cold,618236
756,hybrid,cold,622524
757,hybrid,cold,639215
758,hybrid,cold,622374
759,hybrid,cold,619609
760,hybrid,cold,633385
761,hybrid,cold,623406
762,hybrid,cold,629377
763,hybrid,cold,628396
764,hybrid,cold,624568
765,hybrid,cold,634957
766,hybrid,cold,626001
767,hybrid,cold,646890
768,hybrid,cold,625600
769,hybrid,cold,627474
770,hybrid,cold,643334
771,hybrid,cold,620181
772,hybrid,cold,622064
773,hybrid,cold,621062
774,hybrid,cold,623666
775,hybrid,cold,625290
776,hybrid,cold,625099
777,hybrid,cold,639076
778,hybrid,cold,624548
779,hybrid,cold,624408
780,hybrid,cold,643354
781,hybrid,cold,627043
782,hybrid,cold,622244
783,hybrid,cold,622524
784,hybrid,cold,622434
785,hybrid,cold,623416
786,hybrid,cold,624939
787,hybrid,cold,639847
788,hybrid,cold,621483
789,hybrid,cold,667679
790,hybrid,cold,654364
791,hybrid,cold,630158
792,hybrid,cold,623636
793,hybrid,cold,627824
794,hybrid,cold,625950
795,hybrid,cold,637111
796,hybrid,cold,622825
797,hybrid,cold,640639
798,hybrid,cold,623576
799,hybrid,cold,618767
800,hybrid,cold,632463
801,hybrid,cold,622685
802,hybrid,cold,624949
803,hybrid,cold,627744
804,hybrid,cold,623225
805,hybrid,cold,620731
806,hybrid,cold,624137
807,hybrid,cold,624007
808,hybrid,cold,622544
809,hybrid,cold,623577
810,hybrid,cold,654364
811,hybrid,cold,625159
812,hybrid,cold,625730
813,hybrid,cold,623746
814,hybrid,cold,625079
815,hybrid,cold,627113
816,hybrid,cold,625870
817,hybrid,cold,646820
818,hybrid,cold,627915
819,hybrid,cold,620080
820,hybrid,cold,642742
821,hybrid,cold,623486
822,hybrid,cold,619799
823,hybrid,cold,621993
824,hybrid,cold,622614
825,hybrid,cold,623496
826,hybrid,cold,623606
827,hybrid,cold,638925
828,hybrid,cold,624278
829,hybrid,cold,624027
830,hybrid,cold,645688
831,hybrid,cold,660466
832,hybrid,cold,667719
833,hybrid,cold,652381
834,hybrid,cold,626582
835,hybrid,cold,626231
836,hybrid,cold,622395
837,hybrid,cold,645427
838,hybrid,cold,625540
839,hybrid,cold,619569
840,hybrid,cold,645277
841,hybrid,cold,637943
842,hybrid,cold,627364
843,hybrid,cold,651318
844,hybrid,cold,629017
845,hybrid,cold,626361
846,hybrid,cold,626232
847,hybrid,cold,623917
848,hybrid,cold,625731
849,hybrid,cold,625429
850,hybrid,cold,641570
851,hybrid,cold,624498
852,hybrid,cold,623787
853,hybrid,cold,625620
854,hybrid,cold,622434
855,hybrid,cold,662880
856,hybrid,cold,627354
857,hybrid,cold,626421
858,hybrid,cold,630480
859,hybrid,cold,623566
860,hybrid,cold,645888
861,hybrid,cold,623125
862,hybrid,cold,621031
863,hybrid,cold,635108
864,hybrid,cold,622224
865,hybrid,cold,622224
866,hybrid,cold,624558
867,hybrid,cold,627173
868,hybrid,cold,622284
869,hybrid,cold,626663
870,hybrid,cold,644486
871,hybrid,cold,620331
872,hybrid,cold,620020
873,hybrid,cold,637102
874,hybrid,cold,674812
875,hybrid,cold,651158
876,hybrid,cold,631642
877,hybrid,cold,622765
878,hybrid,cold,619469
879,hybrid,cold,623617
880,hybrid,cold,636531
881,hybrid,cold,626502
882,hybrid,cold,623116
883,hybrid,cold,644836
884,hybrid,cold,627424
885,hybrid,cold,624247
886,hybrid,cold,626051
887,hybrid,cold,620290
888,hybrid,cold,621673
889,hybrid,cold,628716
890,hybrid,cold,645357
891,hybrid,cold,623427
892,hybrid,cold,624558
893,hybrid,cold,644976
894,hybrid,cold,624267
895,hybrid,cold,658501
896,hybrid,cold,631581
897,hybrid,cold,627935
898,hybrid,cold,623086
899,hybrid,cold,622274
900,hybrid,cold,650627
901,hybrid,cold,625761
902,hybrid,cold,622013
903,hybrid,cold,624869
904,hybrid,cold,621382
905,hybrid,cold,619509
906,hybrid,cold,620761
907,hybrid,cold,624888
908,hybrid,cold,625009
909,hybrid,cold,622454
910,hybrid,cold,639877
911,hybrid,cold,621914
912,hybrid,cold,625009
913,hybrid,cold,621162
914,hybrid,cold,630529
915,hybrid,cold,624628
916,hybrid,cold,636841
917,hybrid,cold,691414
918,hybrid,cold,635539
919,hybrid,cold,627013
920,hybrid,cold,643975
921,hybrid,cold,625059
922,hybrid,cold,620771
923,hybrid,cold,635499
924,hybrid,cold,623396
925,hybrid,cold,622855
926,hybrid,cold,626321
927,hybrid,cold,623175
928,hybrid,cold,621232
929,hybrid,cold,624869
930,hybrid,cold,639346
931,hybrid,cold,623386
932,hybrid,cold,622454
933,hybrid,cold,621803
934,hybrid,cold,624678
935,hybrid,cold,632834
936,hybrid,cold,622003
937,hybrid,cold,666567
938,hybrid,cold,620591
939,hybrid,cold,625009
940,hybrid,cold,637833
941,hybrid,cold,628686
942,hybrid,cold,626252
943,hybrid,cold,656508
944,hybrid,cold,631611
945,hybrid,cold,625019
946,hybrid,cold,622394
947,hybrid,cold,622785
948,hybrid,cold,620721
949,hybrid,cold,618998
950,hybrid,cold,640628
951,hybrid,cold,625710
952,hybrid,cold,628366
953,hybrid,cold,638694
954,hybrid,cold,624217
955,hybrid,cold,623055
956,hybrid,cold,622283
957,hybrid,cold,622705
958,hybrid,cold,623797
959,hybrid,cold,663772
960,hybrid,cold,658071
961,hybrid,cold,631581
962,hybrid,cold,625139
963,hybrid,cold,636571
964,hybrid,cold,627845
965,hybrid,cold,628816
966,hybrid,cold,644306
967,hybrid,cold,629868
968,hybrid,cold,626141
969,hybrid,cold,625410
970,hybrid,cold,624117
971,hybrid,cold,624578
972,hybrid,cold,620421
973,hybrid,cold,633154
974,hybrid,cold,625319
975,hybrid,cold,627293
976,hybrid,cold,654745
977,hybrid,cold,621953
978,hybrid,cold,625811
979,hybrid,cold,627093
980,hybrid,cold,623927
981,hybrid,cold,622444
982,hybrid,cold,627434
983,hybrid,cold,639907
984,hybrid,cold,629377
985,hybrid,cold,622564
986,hybrid,cold,640929
987,hybrid,cold,623326
988,hybrid,cold,619859
989,hybrid,cold,629277
990,hybrid,cold,625851
991,hybrid,cold,624849
992,hybrid,cold,627904
993,hybrid,cold,639025
994,hybrid,cold,630640
995,hybrid,cold,627083
996,hybrid,cold,639456
997,hybrid,cold,624448
998,hybrid,cold,630309
999,hybrid,cold,622905
1000,hybrid,cold,627123
1001,hybrid,cold,656689
1002,hybrid,cold,669362
1003,hybrid,cold,643584
1004,hybrid,cold,618497
1005,hybrid,cold,622986
1006,hybrid,cold,639706
1007,hybrid,cold,623486
1008,hybrid,cold,627183
1009,hybrid,cold,629978
1010,hybrid,cold,628576
1011,hybrid,cold,624348
1012,hybrid,cold,625040
1013,hybrid,cold,646870
1014,hybrid,cold,625410
1015,hybrid,cold,646540
1016,hybrid,cold,652911
1017,hybrid,cold,629177
1018,hybrid,cold,632633
1019,hybrid,cold,625300
1020,hybrid,cold,620600
1021,hybrid,cold,623416
1022,hybrid,cold,624748
1023,hybrid,cold,622304
1024,hybrid,cold,624357
1025,hybrid,cold,624157
1026,hybrid,cold,646560
1027,hybrid,cold,627213
1028,hybrid,cold,624688
1029,hybrid,cold,647401
1030,hybrid,cold,634156
1031,hybrid,cold,620741
1032,hybrid,cold,629317
1033,hybrid,cold,622194
1034,hybrid,cold,627494
1035,hybrid,cold,620511
1036,hybrid,cold,629918
1037,hybrid,cold,625149
1038,hybrid,cold,626682
1039,hybrid,cold,642020
1040,hybrid,cold,630860
1041,hybrid,cold,623236
1042,hybrid,cold,627784
1043,hybrid,cold,625710
1044,hybrid,cold,689319
1045,hybrid,cold,627002
1046,hybrid,cold,637102
1047,hybrid,cold,621363
1048,hybrid,cold,627153
1049,hybrid,cold,648553
1050,hybrid,cold,627113
1051,hybrid,cold,628034
1052,hybrid,cold,624749
1053,hybrid,cold,651188
1054,hybrid,cold,625139
1055,hybrid,cold,625881
1056,hybrid,cold,649504
1057,hybrid,cold,626492
1058,hybrid,cold,628826
1059,hybrid,cold,637954
1060,hybrid,cold,625320
1061,hybrid,cold,626892
1062,hybrid,cold,650146
1063,hybrid,cold,629437
1064,hybrid,cold,628535
1065,hybrid,cold,623266
1066,hybrid,cold,644195
1067,hybrid,cold,624498
1068,hybrid,cold,627844
1069,hybrid,cold,701332
1070,hybrid,cold,630208
1071,hybrid,cold,623737
1072,hybrid,cold,651098
1073,hybrid,cold,623576
1074,hybrid,cold,623046
1075,hybrid,cold,626102
1076,hybrid,cold,624168
1077,hybrid,cold,627193
1078,hybrid,cold,627924
1079,hybrid,cold,651428
1080,hybrid,cold,629918
1081,hybrid,cold,623115
1082,hybrid,cold,646269
1083,hybrid,cold,621513
1084,hybrid,cold,626392
1085,hybrid,cold,622956
1086,hybrid,cold,667429
1087,hybrid,cold,650276
1088,hybrid,cold,625921
1089,hybrid,cold,628185
1090,hybrid,cold,632373
1091,hybrid,cold,621253
1092,hybrid,cold,632012
1093,hybrid,cold,624057
1094,hybrid,cold,623085
1095,hybrid,cold,649135
1096,hybrid,cold,623026
1097,hybrid,cold,623706
1098,hybrid,cold,621121
1099,hybrid,cold,623376
1100,hybrid,cold,623796
1101,hybrid,cold,626452
1102,hybrid,cold,638975
1103,hybrid,cold,620872
1104,hybrid,cold,621874
1105,hybrid,cold,649034
1106,hybrid,cold,627433
1107,hybrid,cold,632213
1108,hybrid,cold,623295
1109,hybrid,cold,627153
1110,hybrid,cold,622484
1111,hybrid,cold,639786
1112,hybrid,cold,625711
1113,hybrid,cold,633615
1114,hybrid,cold,639376
1115,hybrid,cold,651388
1116,hybrid,cold,631111
1117,hybrid,cold,645748
1118,hybrid,cold,644575
1119,hybrid,cold,627824
1120,hybrid,cold,625190
1121,hybrid,cold,627924
1122,hybrid,cold,620791
1123,hybrid,cold,623086
1124,hybrid,cold,624458
1125,hybrid,cold,645397
1126,hybrid,cold,631821
1127,hybrid,cold,621662
1128,hybrid,cold,671205
1129,hybrid,cold,649725
1130,hybrid,cold,633545
1131,hybrid,cold,645398
1132,hybrid,cold,629047
1133,hybrid,cold,661176
1134,hybrid,cold,630069
1135,hybrid,cold,632984
1136,hybrid,cold,622584
1137,hybrid,cold,624959
1138,hybrid,cold,637272
1139,hybrid,cold,623065
1140,hybrid,cold,628896
1141,hybrid,cold,649014
1142,hybrid,cold,627234
1143,hybrid,cold,632483
1144,hybrid,cold,623927
1145,hybrid,cold,624298
1146,hybrid,cold,623887
1147,hybrid,cold,628345
1148,hybrid,cold,649465
1149,hybrid,cold,626712
1150,hybrid,cold,630940
1151,hybrid,cold,628085
1152,hybrid,cold,625781
1153,hybrid,cold,625470
1154,hybrid,cold,620140
1155,hybrid,cold,625820
1156,hybrid,cold,627233
1157,hybrid,cold,625430
1158,hybrid,cold,650897
1159,hybrid,cold,628866
1160,hybrid,cold,626692
1161,hybrid,cold,626963
1162,hybrid,cold,623235
1163,hybrid,cold,624328
1164,hybrid,cold,630730
1165,hybrid,cold,645768
1166,hybrid,cold,627694
1167,hybrid,cold,628936
1168,hybrid,cold,642522
1169,hybrid,cold,623977
1170,hybrid,cold,634888
1171,hybrid,cold,698397
1172,hybrid,cold,651148
1173,hybrid,cold,632062
1174,hybrid,cold,629738
1175,hybrid,cold,625059
1176,hybrid,cold,624238
1177,hybrid,cold,630931
1178,hybrid,cold,639867
1179,hybrid,cold,629267
1180,hybrid,cold,625871
1181,hybrid,cold,640328
1182,hybrid,cold,623556
1183,hybrid,cold,625921
1184,hybrid,cold,630479
1185,hybrid,cold,627734
1186,hybrid,cold,619239
1187,hybrid,cold,622855
1188,hybrid,cold,636541
1189,hybrid,cold,627254
1190,hybrid,cold,625870
1191,hybrid,cold,641149
1192,hybrid,cold,641690
1193,hybrid,cold,622605
1194,hybrid,cold,629017
1195,hybrid,cold,627103
1196,hybrid,cold,625360
1197,hybrid,cold,624918
1198,hybrid,cold,648333
1199,hybrid,cold,623647
1200,hybrid,cold,625530
1201,hybrid,cold,648043
1202,hybrid,cold,625329
1203,hybrid,cold,623686
1204,hybrid,cold,622455
1205,hybrid,cold,622915
1206,hybrid,cold,622875
1207,hybrid,cold,623706
1208,hybrid,cold,646569
1209,hybrid,cold,628255
1210,hybrid,cold,622214
1211,hybrid,cold,647191
1212,hybrid,cold,630129
1213,hybrid,cold,695632
1214,hybrid,cold,660155
1215,hybrid,cold,641890
1216,hybrid,cold,643995
1217,hybrid,cold,640017
1218,hybrid,cold,655256
1219,hybrid,cold,636230
1220,hybrid,cold,640348
1221,hybrid,cold,653562
1222,hybrid,cold,643604
1223,hybrid,cold,636651
1224,hybrid,cold,678399
1225,hybrid,cold,626672
1226,hybrid,cold,625279
1227,hybrid,cold,626011
1228,hybrid,cold,642642
1229,hybrid,cold,622654
1230,hybrid,cold,627343
1231,hybrid,cold,641560
1232,hybrid,cold,626472
1233,hybrid,cold,627955
1234,hybrid,cold,620681
1235,hybrid,cold,621683
1236,hybrid,cold,624157
1237,hybrid,cold,623647
1238,hybrid,cold,649826
1239,hybrid,cold,623195
1240,hybrid,cold,624689
1241,hybrid,cold,649224
1242,hybrid,cold,865149
1243,hybrid,cold,651328
1244,hybrid,cold,637993
1245,hybrid,cold,624227
1246,hybrid,cold,627303
1247,hybrid,cold,623957
1248,hybrid,cold,626702
1249,hybrid,cold,624258
1250,hybrid,cold,623286
1251,hybrid,cold,643584
1252,hybrid,cold,620180
1253,hybrid,cold,621132
1254,hybrid,cold,641600
1255,hybrid,cold,684611
1256,hybrid,cold,650587
1257,hybrid,cold,653162
1258,hybrid,cold,625320
1259,hybrid,cold,621713
1260,hybrid,cold,626792
1261,hybrid,cold,627513
1262,hybrid,cold,624659
1263,hybrid,cold,621713
1264,hybrid,cold,643032
1265,hybrid,cold,623586
1266,hybrid,cold,629487
1267,hybrid,cold,654054
1268,hybrid,cold,629688
1269,hybrid,cold,620691
1270,hybrid,cold,622735
1271,hybrid,cold,623055
1272,hybrid,cold,626091
1273,hybrid,cold,622414
1274,hybrid,cold,643384
1275,hybrid,cold,626712
1276,hybrid,cold,625760
1277,hybrid,cold,642362
1278,hybrid,cold,624007
1279,hybrid,cold,629086
1280,hybrid,cold,623196
1281,hybrid,cold,622274
1282,hybrid,cold,624158
1283,hybrid,cold,621823
1284,hybrid,cold,641871
1285,hybrid,cold,618998
1286,hybrid,cold,621823
1287,hybrid,cold,637432
1288,hybrid,cold,640819
1289,hybrid,cold,626692
1290,hybrid,cold,621162
1291,hybrid,cold,624118
1292,hybrid,cold,628035
1293,hybrid,cold,623326
1294,hybrid,cold,646219
1295,hybrid,cold,623416
1296,hybrid,cold,628546
1297,hybrid,cold,629017
1298,hybrid,cold,658031
1299,hybrid,cold,665354
1300,hybrid,cold,625080
1301,hybrid,cold,621833
1302,hybrid,cold,622545
1303,hybrid,cold,619398
1304,hybrid,cold,639285
1305,hybrid,cold,623015
1306,hybrid,cold,627925
1307,hybrid,cold,658532
1308,hybrid,cold,623526
1309,hybrid,cold,624468
1310,hybrid,cold,621924
1311,hybrid,cold,631361
1312,hybrid,cold,624538
1313,hybrid,cold,623256
1314,hybrid,cold,643544
1315,hybrid,cold,647471
1316,hybrid,cold,624087
1317,hybrid,cold,623466
1318,hybrid,cold,620721
1319,hybrid,cold,620311
1320,hybrid,cold,628215
1321,hybrid,cold,622995
1322,hybrid,cold,620762
1323,hybrid,cold,624769
1324,hybrid,cold,636560
1325,hybrid,cold,631221
1326,hybrid,cold,629889
1327,hybrid,cold,622505
1328,hybrid,cold,626182
1329,hybrid,cold,623616
1330,hybrid,cold,624899
1331,hybrid,cold,656609
1332,hybrid,cold,624478
1333,hybrid,cold,624138
1334,hybrid,cold,645507
1335,hybrid,cold,623266
1336,hybrid,cold,625150
1337,hybrid,cold,622765
1338,hybrid,cold,627965
1339,hybrid,cold,626071
1340,hybrid,cold,658321
1341,hybrid,cold,673029
1342,hybrid,cold,636771
1343,hybrid,cold,629588
1344,hybrid,cold,644035
1345,hybrid,cold,623927
1346,hybrid,cold,629247
1347,hybrid,cold,650326
1348,hybrid,cold,623096
1349,hybrid,cold,625640
1350,hybrid,cold,626973
1351,hybrid,cold,624028
1352,hybrid,cold,626121
1353,hybrid,cold,622725
1354,hybrid,cold,642231
1355,hybrid,cold,626572
1356,hybrid,cold,621903
1357,hybrid,cold,626872
1358,hybrid,cold,626532
1359,hybrid,cold,632032
1360,hybrid,cold,624067
1361,hybrid,cold,637522
1362,hybrid,cold,625270
1363,hybrid,cold,641751
1364,hybrid,cold,652170
1365,hybrid,cold,637432
1366,hybrid,cold,620481
1367,hybrid,cold,648503
1368,hybrid,cold,623116
1369,hybrid,cold,640388
1370,hybrid,cold,624528
1371,hybrid,cold,623667
1372,hybrid,cold,657019
1373,hybrid,cold,626782
1374,hybrid,cold,634818
1375,hybrid,cold,627934
1376,hybrid,cold,624408
1377,hybrid,cold,638925
1378,hybrid,cold,625580
1379,hybrid,cold,620361
1380,hybrid,cold,627324
1381,hybrid,cold,621522
1382,hybrid,cold,627684
1383,hybrid,cold,678679
1384,hybrid,cold,682036
1385,hybrid,cold,623566
1386,hybrid,cold,624107
1387,hybrid,cold,637492
1388,hybrid,cold,626291
1389,hybrid,cold,639235
1390,hybrid,cold,623647
1391,hybrid,cold,631712
1392,hybrid,cold,625389
1393,hybrid,cold,625560
1394,hybrid,cold,651078
1395,hybrid,cold,625450
1396,hybrid,cold,625750
1397,hybrid,cold,646389
1398,hybrid,cold,623847
1399,hybrid,cold,621603
1400,hybrid,cold,622194
1401,hybrid,cold,621783
1402,hybrid,cold,622574
1403,hybrid,cold,622444
1404,hybrid,cold,635919
1405,hybrid,cold,629197
1406,hybrid,cold,625019
1407,hybrid,cold,643574
1408,hybrid,cold,625039
1409,hybrid,cold,622574
1410,hybrid,cold,628656
1411,hybrid,cold,628716
1412,hybrid,cold,628887
1413,hybrid,cold,627013
1414,hybrid,cold,637573
1415,hybrid,cold,666928
1416,hybrid,cold,629958
1417,hybrid,cold,643273
1418,hybrid,cold,629407
1419,hybrid,cold,622004
1420,hybrid,cold,622284
1421,hybrid,cold,628015
1422,hybrid,cold,626472
1423,hybrid,cold,626893
1424,hybrid,cold,642592
1425,hybrid,cold,623166
1426,hybrid,cold,671837
1427,hybrid,cold,656979
1428,hybrid,cold,625369
1429,hybrid,cold,629227
1430,hybrid,cold,639817
1431,hybrid,cold,627374
1432,hybrid,cold,629658
1433,hybrid,cold,622644
1434,hybrid,cold,644315
1435,hybrid,cold,623927
1436,hybrid,cold,620751
1437,hybrid,cold,638965
1438,hybrid,cold,627564
1439,hybrid,cold,627003
1440,hybrid,cold,625540
1441,hybrid,cold,637933
1442,hybrid,cold,642802
1443,hybrid,cold,653352
1444,hybrid,cold,656158
1445,hybrid,cold,628505
1446,hybrid,cold,621372
1447,hybrid,cold,640047
1448,hybrid,cold,628044
1449,hybrid,cold,629187
1450,hybrid,cold,627494
1451,hybrid,cold,627524
1452,hybrid,cold,654765
1453,hybrid,cold,625971
1454,hybrid,cold,641269
1455,hybrid,cold,623336
1456,hybrid,cold,630790
1457,hybrid,cold,637914
1458,hybrid,cold,628937
1459,hybrid,cold,632423
1460,hybrid,cold,620892
1461,hybrid,cold,620120
1462,hybrid,cold,624969
1463,hybrid,cold,624157
1464,hybrid,cold,641129
1465,hybrid,cold,631792
1466,hybrid,cold,628496
1467,hybrid,cold,639196
1468,hybrid,cold,660775
1469,hybrid,cold,696453
1470,hybrid,cold,652490
1471,hybrid,cold,626933
1472,hybrid,cold,623306
1473,hybrid,cold,623526
1474,hybrid,cold,626171
1475,hybrid,cold,622244
1476,hybrid,cold,633194
1477,hybrid,cold,640839
1478,hybrid,cold,621222
1479,hybrid,cold,624698
1480,hybrid,cold,625280
1481,hybrid,cold,624548
1482,hybrid,cold,624628
1483,hybrid,cold,625650
1484,hybrid,cold,640959
1485,hybrid,cold,625179
1486,hybrid,cold,618737
1487,hybrid,cold,642372
1488,hybrid,cold,622394
1489,hybrid,cold,624778
1490,hybrid,cold,639756
1491,hybrid,cold,637502
1492,hybrid,cold,659163
1493,hybrid,cold,624458
1494,hybrid,cold,621893
1495,hybrid,cold,623116
1496,hybrid,cold,624979
1497,hybrid,cold,632022
1498,hybrid,cold,627974
1499,hybrid,cold,626252
1500,hybrid,cold,630119
1501,hybrid,cold,626902
1502,hybrid,cold,622415
1503,hybrid,cold,624177
1504,hybrid,cold,623045
1505,hybrid,cold,624117
1506,hybrid,cold,625810
1507,hybrid,cold,640968
1508,hybrid,cold,630510
1509,hybrid,cold,629107
1510,hybrid,cold,623186
1511,hybrid,cold,674802
1512,hybrid,cold,654374
1513,hybrid,cold,626432
1514,hybrid,cold,621403
1515,hybrid,cold,622494
1516,hybrid,cold,619138
1517,hybrid,cold,636240
1518,hybrid,cold,620190
1519,hybrid,cold,621834
1520,hybrid,cold,646309
1521,hybrid,cold,625159
1522,hybrid,cold,622785
1523,hybrid,cold,627023
1524,hybrid,cold,625711
1525,hybrid,cold,622634
1526,hybrid,cold,624588
1527,hybrid,cold,650486
1528,hybrid,cold,631200
1529,hybrid,cold,626031
1530,hybrid,cold,627093
1531,hybrid,cold,653262
1532,hybrid,cold,657670
1533,hybrid,cold,642743
1534,hybrid,cold,655566
1535,hybrid,cold,632463
1536,hybrid,cold,619720
1537,hybrid,cold,634417
1538,hybrid,cold,630589
1539,hybrid,cold,626903
1540,hybrid,cold,647942
1541,hybrid,cold,621953
1542,hybrid,cold,624868
1543,hybrid,cold,644406
1544,hybrid,cold,625390
1545,hybrid,cold,622694
1546,hybrid,cold,623596
1547,hybrid,cold,650036
1548,hybrid,cold,625019
1549,hybrid,cold,624237
1550,hybrid,cold,643674
1551,hybrid,cold,619098
1552,hybrid,cold,621873
1553,hybrid,cold,672798
1554,hybrid,cold,674772
1555,hybrid,cold,629998
1556,hybrid,cold,624027
1557,hybrid,cold,625189
1558,hybrid,cold,625310
1559,hybrid,cold,624418
1560,hybrid,cold,634937
1561,hybrid,cold,625671
1562,hybrid,cold,626422
1563,hybrid,cold,625720
1564,hybrid,cold,624348
1565,hybrid,cold,623436
1566,hybrid,cold,624989
1567,hybrid,cold,662429
1568,hybrid,cold,622404
1569,hybrid,cold,622534
1570,hybrid,cold,635849
1571,hybrid,cold,627473
1572,hybrid,cold,628786
1573,hybrid,cold,647210
1574,hybrid,cold,633576
1575,hybrid,cold,624769
1576,hybrid,cold,624107
1577,hybrid,cold,637943
1578,hybrid,cold,625961
1579,hybrid,cold,624158
1580,hybrid,cold,642793
1581,hybrid,cold,623045
1582,hybrid,cold,621573
1583,hybrid,cold,621773
1584,hybrid,cold,619479
1585,hybrid,cold,620301
1586,hybrid,cold,625751
1587,hybrid,cold,637823
1588,hybrid,cold,622775
1589,hybrid,cold,632873
1590,hybrid,cold,642311
1591,hybrid,cold,631822
1592,hybrid,cold,635308
1593,hybrid,cold,625080
1594,hybrid,cold,626602
1595,hybrid,cold,628315
1596,hybrid,cold,669242
1597,hybrid,cold,686694
1598,hybrid,cold,627644
1599,hybrid,cold,622855
1600,hybrid,cold,645548
1601,hybrid,cold,631021
1602,hybrid,cold,617535
1603,hybrid,cold,623557
1604,hybrid,cold,629657
1605,hybrid,cold,621332
1606,hybrid,cold,630790
1607,hybrid,cold,645517
1608,hybrid,cold,625881
1609,hybrid,cold,626141
1610,hybrid,cold,642802
1611,hybrid,cold,626522
1612,hybrid,cold,656668
1613,hybrid,cold,623136
1614,hybrid,cold,624207
1615,hybrid,cold,623265
1616,hybrid,cold,625540
1617,hybrid,cold,638053
1618,hybrid,cold,619850
1619,hybrid,cold,619519
1620,hybrid,cold,639836
1621,hybrid,cold,628015
1622,hybrid,cold,628706
1623,hybrid,cold,619218
1624,hybrid,cold,624458
1625,hybrid,cold,628355
1626,hybrid,cold,630359
1627,hybrid,cold,645358
1628,hybrid,cold,632583
1629,hybrid,cold,627123
1630,hybrid,cold,633835
1631,hybrid,cold,624648
1632,hybrid,cold,646770
1633,hybrid,cold,627012
1634,hybrid,cold,626251
1635,hybrid,cold,621172
1636,hybrid,cold,626572
1637,hybrid,cold,640619
1638,hybrid,cold,637242
1639,hybrid,cold,644005
1640,hybrid,cold,642321
1641,hybrid,cold,626182
1642,hybrid,cold,624408
1643,hybrid,cold,624608
1644,hybrid,cold,625450
1645,hybrid,cold,625790
1646,hybrid,cold,627223
1647,hybrid,cold,649595
1648,hybrid,cold,622314
1649,hybrid,cold,625760
1650,hybrid,cold,641159
1651,hybrid,cold,620040
1652,hybrid,cold,641620
1653,hybrid,cold,643874
1654,hybrid,cold,625100
1655,hybrid,cold,625249
1656,hybrid,cold,622855
1657,hybrid,cold,623526
1658,hybrid,cold,627434
1659,hybrid,cold,624759
1660,hybrid,cold,635088
1661,hybrid,cold,626051
1662,hybrid,cold,623777
1663,hybrid,cold,627343
1664,hybrid,cold,621823
1665,hybrid,cold,627594
1666,hybrid,cold,626993
1667,hybrid,cold,638535
1668,hybrid,cold,626412
1669,hybrid,cold,621793
1670,hybrid,cold,643634
1671,hybrid,cold,624168
1672,hybrid,cold,629608
1673,hybrid,cold,630720
1674,hybrid,cold,627243
1675,hybrid,cold,622945
1676,hybrid,cold,628896
1677,hybrid,cold,646980
1678,hybrid,cold,628876
1679,hybrid,cold,624268
1680,hybrid,cold,641781
1681,hybrid,cold,654764
1682,hybrid,cold,649314
1683,hybrid,cold,624608
1684,hybrid,cold,620851
1685,hybrid,cold,618837
1686,hybrid,cold,626782
1687,hybrid,cold,627583
1688,hybrid,cold,621924
1689,hybrid,cold,632022
1690,hybrid,cold,649735
1691,hybrid,cold,626391
1692,hybrid,cold,631000
1693,hybrid,cold,636881
1694,hybrid,cold,628205
1695,hybrid,cold,630749
1696,hybrid,cold,625250
1697,hybrid,cold,639927
1698,hybrid,cold,627945
1699,hybrid,cold,622785
1700,hybrid,cold,643183
1701,hybrid,cold,623617
1702,hybrid,cold,622425
1703,hybrid,cold,625630
1704,hybrid,cold,623506
1705,hybrid,cold,630669
1706,hybrid,cold,643734
1707,hybrid,cold,624638
1708,hybrid,cold,626392
1709,hybrid,cold,658773
1710,hybrid,cold,629357
1711,hybrid,cold,623867
1712,hybrid,cold,638484
1713,hybrid,cold,628515
1714,hybrid,cold,630489
1715,hybrid,cold,623486
1716,hybrid,cold,637322
1717,hybrid,cold,623516
1718,hybrid,cold,625490
1719,hybrid,cold,648032
1720,hybrid,cold,634357
1721,hybrid,cold,622434
1722,hybrid,cold,627413
1723,hybrid,cold,634607
1724,hybrid,cold,642983
1725,hybrid,cold,628846
1726,hybrid,cold,624138
1727,hybrid,cold,621413
1728,hybrid,cold,625760
1729,hybrid,cold,644185
1730,hybrid,cold,628806
1731,hybrid,cold,627725
1732,hybrid,cold,624198
1733,hybrid,cold,626432
1734,hybrid,cold,625560
1735,hybrid,cold,622585
1736,hybrid,cold,627734
1737,hybrid,cold,628646
1738,hybrid,cold,626712
1739,hybrid,cold,659553
1740,hybrid,cold,623436
1741,hybrid,cold,627053
1742,hybrid,cold,636310
1743,hybrid,cold,627264
1744,hybrid,cold,630890
1745,hybrid,cold,622324
1746,hybrid,cold,633875
1747,hybrid,cold,631131
1748,hybrid,cold,624619
1749,hybrid,cold,683168
1750,hybrid,cold,628235
1751,hybrid,cold,621522
1752,hybrid,cold,647291
1753,hybrid,cold,634006
1754,hybrid,cold,628024
1755,hybrid,cold,692345
1756,hybrid,cold,629327
1757,hybrid,cold,628205
1758,hybrid,cold,630089
1759,hybrid,cold,642812
1760,hybrid,cold,625520
1761,hybrid,cold,622375
1762,hybrid,cold,644756
1763,hybrid,cold,623526
1764,hybrid,cold,628275
1765,hybrid,cold,667629
1766,hybrid,cold,660966
1767,hybrid,cold,623166
1768,hybrid,cold,623607
1769,hybrid,cold,626231
1770,hybrid,cold,625089
1771,hybrid,cold,622395
1772,hybrid,cold,654694
1773,hybrid,cold,626642
1774,hybrid,cold,623085
1775,hybrid,cold,623977
1776,hybrid,cold,628646
1777,hybrid,cold,637121
1778,hybrid,cold,625170
1779,hybrid,cold,639466
1780,hybrid,cold,625390
1781,hybrid,cold,622895
1782,hybrid,cold,650797
1783,hybrid,cold,622444
1784,hybrid,cold,622855
1785,hybrid,cold,643273
1786,hybrid,cold,642010
1787,hybrid,cold,624218
1788,hybrid,cold,625379
1789,hybrid,cold,639787
1790,hybrid,cold,635840
1791,hybrid,cold,624969
1792,hybrid,cold,667197
1793,hybrid,cold,628045
1794,hybrid,cold,624949
1795,hybrid,cold,627795
1796,hybrid,cold,622434
1797,hybrid,cold,622805
1798,hybrid,cold,629317
1799,hybrid,cold,642322
1800,hybrid,cold,627644
1801,hybrid,cold,622114
1802,hybrid,cold,641620
1803,hybrid,cold,626793
1804,hybrid,cold,625200
1805,hybrid,cold,630760
1806,hybrid,cold,641930
1807,hybrid,cold,626993
1808,hybrid,cold,677547
1809,hybrid,cold,686123
1810,hybrid,cold,632092
1811,hybrid,cold,626642
1812,hybrid,cold,639706
1813,hybrid,cold,626541
1814,hybrid,cold,626542
1815,hybrid,cold,627424
1816,hybrid,cold,621823
1817,hybrid,cold,630369
1818,hybrid,cold,621142
1819,hybrid,cold,628756
1820,hybrid,cold,623957
1821,hybrid,cold,626572
1822,hybrid,cold,639406
1823,hybrid,cold,633726
1824,hybrid,cold,623727
1825,hybrid,cold,625961
1826,hybrid,cold,628696
1827,hybrid,cold,624989
1828,hybrid,cold,627543
1829,hybrid,cold,642762
1830,hybrid,cold,630920
1831,hybrid,cold,626832
1832,hybrid,cold,625410
1833,hybrid,cold,645889
1834,hybrid,cold,625710
1835,hybrid,cold,623376
1836,hybrid,cold,621252
1837,hybrid,cold,626001
1838,hybrid,cold,633615
1839,hybrid,cold,647892
1840,hybrid,cold,626251
1841,hybrid,cold,623376
1842,hybrid,cold,624118
1843,hybrid,cold,623596
1844,hybrid,cold,625400
1845,hybrid,cold,627523
1846,hybrid,cold,642171
1847,hybrid,cold,634717
1848,hybrid,cold,632223
1849,hybrid,cold,641500
1850,hybrid,cold,625109
1851,hybrid,cold,674381
1852,hybrid,cold,665255
1853,hybrid,cold,644345
1854,hybrid,cold,624278
1855,hybrid,cold,629187
1856,hybrid,cold,621502
1857,hybrid,cold,625540
1858,hybrid,cold,624799
1859,hybrid,cold,675965
1860,hybrid,cold,626172
1861,hybrid,cold,628175
1862,hybrid,cold,621803
1863,hybrid,cold,621723
1864,hybrid,cold,629909
1865,hybrid,cold,621081
1866,hybrid,cold,635138
1867,hybrid,cold,623877
1868,hybrid,cold,625390
1869,hybrid,cold,636631
1870,hybrid,cold,622435
1871,hybrid,cold,627664
1872,hybrid,cold,641039
1873,hybrid,cold,638725
1874,hybrid,cold,637433
1875,hybrid,cold,628816
1876,hybrid,cold,647972
1877,hybrid,cold,627774
1878,hybrid,cold,657620
1879,hybrid,cold,663841
1880,hybrid,cold,637523
1881,hybrid,cold,629888
1882,hybrid,cold,655636
1883,hybrid,cold,629567
1884,hybrid,cold,622244
1885,hybrid,cold,629187
1886,hybrid,cold,621893
1887,hybrid,cold,629668
1888,hybrid,cold,628936
1889,hybrid,cold,644916
1890,hybrid,cold,634156
1891,hybrid,cold,628615
1892,hybrid,cold,641991
1893,hybrid,cold,660976
1894,hybrid,cold,676545
1895,hybrid,cold,650967
1896,hybrid,cold,622695
1897,hybrid,cold,655887
1898,hybrid,cold,633625
1899,hybrid,cold,623155
1900,hybrid,cold,627303
1901,hybrid,cold,622755
1902,hybrid,cold,638043
1903,hybrid,cold,629628
1904,hybrid,cold,627153
1905,hybrid,cold,624338
1906,hybrid,cold,630439
1907,hybrid,cold,626772
1908,hybrid,cold,622905
1909,hybrid,cold,644005
1910,hybrid,cold,627433
1911,hybrid,cold,628876
1912,hybrid,cold,650567
1913,hybrid,cold,624338
1914,hybrid,cold,634457
1915,hybrid,cold,626382
1916,hybrid,cold,631421
1917,hybrid,cold,623466
1918,hybrid,cold,619409
1919,hybrid,cold,676816
1920,hybrid,cold,628576
1921,hybrid,cold,622635
1922,hybrid,cold,641810
1923,hybrid,cold,633956
1924,hybrid,cold,624759
1925,hybrid,cold,630720
1926,hybrid,cold,629667
1927,hybrid,cold,639536
1928,hybrid,cold,624708
1929,hybrid,cold,644055
1930,hybrid,cold,624157
1931,hybrid,cold,623506
1932,hybrid,cold,644215
1933,hybrid,cold,625089
1934,hybrid,cold,618296
1935,hybrid,cold,625380
1936,hybrid,cold,670314
1937,hybrid,cold,666737
1938,hybrid,cold,624047
1939,hybrid,cold,621652
1940,hybrid,cold,623787
1941,hybrid,cold,623356
1942,hybrid,cold,638294
1943,hybrid,cold,621953
1944,hybrid,cold,622364
1945,hybrid,cold,643393
1946,hybrid,cold,622995
1947,hybrid,cold,626942
1948,hybrid,cold,628346
1949,hybrid,cold,626862
1950,hybrid,cold,620982
1951,hybrid,cold,617645
1952,hybrid,cold,620180
1953,hybrid,cold,622003
1954,hybrid,cold,623326
1955,hybrid,cold,646309
1956,hybrid,cold,622755
1957,hybrid,cold,620741
1958,hybrid,cold,635088
1959,hybrid,cold,619920
1960,hybrid,cold,643945
1961,hybrid,cold,625800
1962,hybrid,cold,621302
1963,hybrid,cold,624237
1964,hybrid,cold,622534
1965,hybrid,cold,637402
1966,hybrid,cold,621172
1967,hybrid,cold,633064
1968,hybrid,cold,645407
1969,hybrid,cold,627684
1970,hybrid,cold,622094
1971,hybrid,cold,625410
1972,hybrid,cold,623506
1973,hybrid,cold,625339
1974,hybrid,cold,623586
1975,hybrid,cold,640538
1976,hybrid,cold,626592
1977,hybrid,cold,669463
1978,hybrid,cold,693437
1979,hybrid,cold,673850
1980,hybrid,cold,625390
1981,hybrid,cold,627503
1982,hybrid,cold,620370
1983,hybrid,cold,619098
1984,hybrid,cold,620501
1985,hybrid,cold,628075
1986,hybrid,cold,626762
1987,hybrid,cold,622474
1988,hybrid,cold,643825
1989,hybrid,cold,626011
1990,hybrid,cold,623676
1991,hybrid,cold,629166
1992,hybrid,cold,625380
1993,hybrid,cold,620481
1994,hybrid,cold,624979
1995,hybrid,cold,643143
1996,hybrid,cold,623837
1997,hybrid,cold,625310
1998,hybrid,cold,674832
1999,hybrid,cold,622424
2000,hybrid,cold,625640
2001,hybrid,cold,619989
2002,hybrid,cold,621152
2003,hybrid,cold,621953
2004,hybrid,cold,622374
2005,hybrid,cold,638765
2006,hybrid,cold,625510
2007,hybrid,cold,626211
2008,hybrid,cold,625911
2009,hybrid,cold,628035
2010,hybrid,cold,625830
2011,hybrid,cold,622835
2012,hybrid,cold,646018
2013,hybrid,cold,627464
2014,hybrid,cold,623446
2015,hybrid,cold,647952
2016,hybrid,cold,625741
2017,hybrid,cold,669843
2018,hybrid,cold,634878
2019,hybrid,cold,624168
2020,hybrid,cold,629398
2021,hybrid,cold,674241
2022,hybrid,cold,639566
2023,hybrid,cold,627183
2024,hybrid,cold,625330
2025,hybrid,cold,638154
2026,hybrid,cold,627544
2027,hybrid,cold,624037
2028,hybrid,cold,640839
2029,hybrid,cold,626151
2030,hybrid,cold,623196
2031,hybrid,cold,626271
2032,hybrid,cold,620200
2033,hybrid,cold,621252
2034,hybrid,cold,621623
2035,hybrid,cold,638424
2036,hybrid,cold,623646
2037,hybrid,cold,623497
2038,hybrid,cold,647481
2039,hybrid,cold,622364
2040,hybrid,cold,627113
2041,hybrid,cold,627243
2042,hybrid,cold,622054
2043,hybrid,cold,643644
2044,hybrid,cold,626021
2045,hybrid,cold,660265
2046,hybrid,cold,661568
2047,hybrid,cold,624669
2048,hybrid,cold,656097
2049,hybrid,cold,629558
2050,hybrid,cold,619509
2051,hybrid,cold,621983
2052,hybrid,cold,622704
2053,hybrid,cold,626061
2054,hybrid,cold,624258
2055,hybrid,cold,643133
2056,hybrid,cold,623927
2057,hybrid,cold,660776
2058,hybrid,cold,643203
2059,hybrid,cold,623116
2060,hybrid,cold,621622
2061,hybrid,cold,624808
2062,hybrid,cold,623636
2063,hybrid,cold,655506
2064,hybrid,cold,667057
2065,hybrid,cold,648263
2066,hybrid,cold,638735
2067,hybrid,cold,626822
2068,hybrid,cold,632713
2069,hybrid,cold,626091
2070,hybrid,cold,633555
2071,hybrid,cold,644305
2072,hybrid,cold,626933
2073,hybrid,cold,630630
2074,hybrid,cold,621353
2075,hybrid,cold,631962
2076,hybrid,cold,629407
2077,hybrid,cold,619860
2078,hybrid,cold,640579
2079,hybrid,cold,623857
2080,hybrid,cold,624127
2081,hybrid,cold,639285
2082,hybrid,cold,621092
2083,hybrid,cold,621132
2084,hybrid,cold,621072
2085,hybrid,cold,625229
2086,hybrid,cold,620941
2087,hybrid,cold,623887
2088,hybrid,cold,652892
2089,hybrid,cold,628155
2090,hybrid,cold,621453
2091,hybrid,cold,637963
2092,hybrid,cold,626211
2093,hybrid,cold,624838
2094,hybrid,cold,623837
2095,hybrid,cold,622935
2096,hybrid,cold,629027
2097,hybrid,cold,646198
2098,hybrid,cold,630319
2099,hybrid,cold,620650
2100,hybrid,cold,620070
2101,hybrid,cold,645878
2102,hybrid,cold,625040
2103,hybrid,cold,624639
2104,hybrid,cold,622434
2105,hybrid,cold,626492
2106,hybrid,cold,669692
2107,hybrid,cold,628606
2108,hybrid,cold,644476
2109,hybrid,cold,625820
2110,hybrid,cold,624017
2111,hybrid,cold,646960
2112,hybrid,cold,624589
2113,hybrid,cold,621804
2114,hybrid,cold,623977
2115,hybrid,cold,622003
2116,hybrid,cold,619559
2117,hybrid,cold,620010
2118,hybrid,cold,640808
2119,hybrid,cold,623406
2120,hybrid,cold,622835
2121,hybrid,cold,642091
2122,hybrid,cold,623346
2123,hybrid,cold,625150
2124,hybrid,cold,620521
2125,hybrid,cold,625500
2126,hybrid,cold,624098
2127,hybrid,cold,627814
2128,hybrid,cold,630309
2129,hybrid,cold,622003
2130,hybrid,cold,626121
2131,hybrid,cold,626522
2132,hybrid,cold,624808
2133,hybrid,cold,619579
2134,hybrid,cold,631471
2135,hybrid,cold,629948
2136,hybrid,cold,624859
2137,hybrid,cold,629597
2138,hybrid,cold,631101
2139,hybrid,cold,627685
2140,hybrid,cold,624428
2141,hybrid,cold,658852
2142,hybrid,cold,629137
2143,hybrid,cold,624428
2144,hybrid,cold,625820
2145,hybrid,cold,628435
2146,hybrid,cold,626432
2147,hybrid,cold,629227
2148,hybrid,cold,652531
2149,hybrid,cold,621672
2150,hybrid,cold,618888
2151,hybrid,cold,644365
2152,hybrid,cold,627473
2153,hybrid,cold,631131
2154,hybrid,cold,639957
2155,hybrid,cold,626512
2156,hybrid,cold,622134
2157,hybrid,cold,627884
2158,hybrid,cold,648042
2159,hybrid,cold,624868
2160,hybrid,cold,628305
2161,hybrid,cold,646660
2162,hybrid,cold,627995
2163,hybrid,cold,624468
2164,hybrid,cold,625651
2165,hybrid,cold,619649
2166,hybrid,cold,622634
2167,hybrid,cold,620822
2168,hybrid,cold,639095
2169,hybrid,cold,631671
2170,hybrid,cold,624669
2171,hybrid,cold,639917
2172,hybrid,cold,624919
2173,hybrid,cold,625770
2174,hybrid,cold,627964
2175,hybrid,cold,625851
2176,hybrid,cold,624478
2177,hybrid,cold,625921
2178,hybrid,cold,643092
2179,hybrid,cold,623967
2180,hybrid,cold,625810
2181,hybrid,cold,622925
2182,hybrid,cold,624247
2183,hybrid,cold,621202
2184,hybrid,cold,624338
2185,hybrid,cold,622004
2186,hybrid,cold,625009
2187,hybrid,cold,623306
2188,hybrid,cold,638174
2189,hybrid,cold,623407
2190,hybrid,cold,625540
2191,hybrid,cold,665445
2192,hybrid,cold,623767
2193,hybrid,cold,631742
2194,hybrid,cold,628014
2195,hybrid,cold,632704
2196,hybrid,cold,630730
2197,hybrid,cold,624147
2198,hybrid,cold,645808
2199,hybrid,cold,628295
2200,hybrid,cold,620371
2201,hybrid,cold,626873
2202,hybrid,cold,623677
2203,hybrid,cold,630209
2204,hybrid,cold,629999
2205,hybrid,cold,638084
2206,hybrid,cold,628676
2207,hybrid,cold,628365
2208,hybrid,cold,643864
2209,hybrid,cold,631401
2210,hybrid,cold,623326
2211,hybrid,cold,626041
2212,hybrid,cold,628947
2213,hybrid,cold,626993
2214,hybrid,cold,625640
2215,hybrid,cold,651017
2216,hybrid,cold,621743
2217,hybrid,cold,663611
2218,hybrid,cold,650226
2219,hybrid,cold,620811
2220,hybrid,cold,692595
2221,hybrid,cold,797561
2222,hybrid,cold,634717
2223,hybrid,cold,657510
2224,hybrid,cold,829682
2225,hybrid,cold,632022
2226,hybrid,cold,625149
2227,hybrid,cold,636580
2228,hybrid,cold,640198
2229,hybrid,cold,641931
2230,hybrid,cold,635719
2231,hybrid,cold,644375
2232,hybrid,cold,626642
2233,hybrid,cold,631431
2234,hybrid,cold,625229
2235,hybrid,cold,625901
2236,hybrid,cold,650797
2237,hybrid,cold,634297
2238,hybrid,cold,626802
2239,hybrid,cold,649494
2240,hybrid,cold,625260
2241,hybrid,cold,623846
2242,hybrid,cold,622735
2243,hybrid,cold,624548
2244,hybrid,cold,626342
2245,hybrid,cold,630699
2246,hybrid,cold,646739
2247,hybrid,cold,626342
2248,hybrid,cold,622324
2249,hybrid,cold,650687
2250,hybrid,cold,626341
2251,hybrid,cold,622584
2252,hybrid,cold,628425
2253,hybrid,cold,648833
2254,hybrid,cold,695801
2255,hybrid,cold,628235
2256,hybrid,cold,657910
2257,hybrid,cold,623085
2258,hybrid,cold,626792
2259,hybrid,cold,640508
2260,hybrid,cold,623747
2261,hybrid,cold,627344
2262,hybrid,cold,628566
2263,hybrid,cold,620871
2264,hybrid,cold,619018
2265,hybrid,cold,620661
2266,hybrid,cold,625009
2267,hybrid,cold,631571
2268,hybrid,cold,622705
2269,hybrid,cold,642061
2270,hybrid,cold,626101
2271,hybrid,cold,623587
2272,hybrid,cold,624719
2273,hybrid,cold,643203
2274,hybrid,cold,656778
2275,hybrid,cold,626391
2276,hybrid,cold,647211
2277,hybrid,cold,626462
2278,hybrid,cold,621472
2279,hybrid,cold,633314
2280,hybrid,cold,620210
2281,hybrid,cold,620781
2282,hybrid,cold,618948
2283,hybrid,cold,625750
2284,hybrid,cold,623977
2285,hybrid,cold,621923
2286,hybrid,cold,647271
2287,hybrid,cold,627965
2288,hybrid,cold,626863
2289,hybrid,cold,648173
2290,hybrid,cold,631331
2291,hybrid,cold,625480
2292,hybrid,cold,625560
2293,hybrid,cold,628816
2294,hybrid,cold,633906
2295,hybrid,cold,674392
2296,hybrid,cold,645267
2297,hybrid,cold,626362
2298,hybrid,cold,622985
2299,hybrid,cold,639286
2300,hybrid,cold,621653
2301,hybrid,cold,638354
2302,hybrid,cold,639877
2303,hybrid,cold,622204
2304,hybrid,cold,623315
2305,hybrid,cold,641791
2306,hybrid,cold,634727
2307,hybrid,cold,628115
2308,hybrid,cold,624929
2309,hybrid,cold,632894
2310,hybrid,cold,668491
2311,hybrid,cold,623717
2312,hybrid,cold,642562
2313,hybrid,cold,651118
2314,hybrid,cold,623777
2315,hybrid,cold,648954
2316,hybrid,cold,656849
2317,hybrid,cold,633195
2318,hybrid,cold,623867
2319,hybrid,cold,628516
2320,hybrid,cold,625811
2321,hybrid,cold,628315
2322,hybrid,cold,629157
2323,hybrid,cold,629768
2324,hybrid,cold,624609
2325,hybrid,cold,642992
2326,hybrid,cold,654986
2327,hybrid,cold,636641
2328,hybrid,cold,626141
2329,hybrid,cold,623376
2330,hybrid,cold,623496
2331,hybrid,cold,624778
2332,hybrid,cold,624137
2333,hybrid,cold,651288
2334,hybrid,cold,651979
2335,hybrid,cold,641300
2336,hybrid,cold,627343
2337,hybrid,cold,624799
2338,hybrid,cold,645868
2339,hybrid,cold,627123
2340,hybrid,cold,625961
2341,hybrid,cold,627053
2342,hybrid,cold,627403
2343,hybrid,cold,624638
2344,hybrid,cold,623987
2345,hybrid,cold,645577
2346,hybrid,cold,624558
2347,hybrid,cold,626361
2348,hybrid,cold,634136
2349,hybrid,cold,628846
2350,hybrid,cold,631061
2351,hybrid,cold,623947
2352,hybrid,cold,657309
2353,hybrid,cold,627333
2354,hybrid,cold,630078
2355,hybrid,cold,654905
2356,hybrid,cold,622895
2357,hybrid,cold,627543
2358,hybrid,cold,628085
2359,hybrid,cold,626752
2360,hybrid,cold,630419
2361,hybrid,cold,625079
2362,hybrid,cold,641981
2363,hybrid,cold,624448
2364,hybrid,cold,622274
2365,hybrid,cold,643784
2366,hybrid,cold,629567
2367,hybrid,cold,622375
2368,hybrid,cold,637142
2369,hybrid,cold,630559
2370,hybrid,cold,627825
2371,hybrid,cold,633214
2372,hybrid,cold,626862
2373,hybrid,cold,638344
2374,hybrid,cold,671456
2375,hybrid,cold,645087
2376,hybrid,cold,627774
2377,hybrid,cold,623937
2378,hybrid,cold,643483
2379,hybrid,cold,624388
2380,hybrid,cold,623376
2381,hybrid,cold,626071
2382,hybrid,cold,625610
2383,hybrid,cold,624578
2384,hybrid,cold,631622
2385,hybrid,cold,637513
2386,hybrid,cold,698036
2387,hybrid,cold,624969
2388,hybrid,cold,640558
2389,hybrid,cold,629598
2390,hybrid,cold,627554
2391,hybrid,cold,626943
2392,hybrid,cold,623967
2393,hybrid,cold,635649
2394,hybrid,cold,628997
2395,hybrid,cold,646720
2396,hybrid,cold,618928
2397,hybrid,cold,623657
2398,hybrid,cold,643454
2399,hybrid,cold,625069
2400,hybrid,cold,632042
2401,hybrid,cold,655706
2402,hybrid,cold,719315
2403,hybrid,cold,628005
2404,hybrid,cold,624338
2405,hybrid,cold,629547
2406,hybrid,cold,626061
2407,hybrid,cold,622925
2408,hybrid,cold,641359
2409,hybrid,cold,628877
2410,hybrid,cold,624628
2411,hybrid,cold,647020
2412,hybrid,cold,621422
2413,hybrid,cold,646579
2414,hybrid,cold,623085
2415,hybrid,cold,631781
2416,hybrid,cold,625389
2417,hybrid,cold,625009
2418,hybrid,cold,642372
2419,hybrid,cold,620871
2420,hybrid,cold,738651
2421,hybrid,cold,654064
2422,hybrid,cold,623717
2423,hybrid,cold,622655
2424,hybrid,cold,625290
2425,hybrid,cold,624989
2426,hybrid,cold,626452
2427,hybrid,cold,624428
2428,hybrid,cold,645267
2429,hybrid,cold,624749
2430,hybrid,cold,620761
2431,hybrid,cold,638775
2432,hybrid,cold,625680
2433,hybrid,cold,623536
2434,hybrid,cold,645357
2435,hybrid,cold,623756
2436,hybrid,cold,621042
2437,hybrid,cold,623547
2438,hybrid,cold,621042
2439,hybrid,cold,618947
2440,hybrid,cold,621363
2441,hybrid,cold,639315
2442,hybrid,cold,626332
2443,hybrid,cold,661387
2444,hybrid,cold,643063
2445,hybrid,cold,620431
2446,hybrid,cold,623536
2447,hybrid,cold,625830
2448,hybrid,cold,628916
2449,hybrid,cold,627194
2450,hybrid,cold,630119
2451,hybrid,cold,641279
2452,hybrid,cold,623576
2453,hybrid,cold,665014
2454,hybrid,cold,640448
2455,hybrid,cold,624167
2456,hybrid,cold,627704
2457,hybrid,cold,635209
2458,hybrid,cold,623426
2459,hybrid,cold,625089
2460,hybrid,cold,622545
2461,hybrid,cold,625440
2462,hybrid,cold,625670
2463,hybrid,cold,620100
2464,hybrid,cold,650567
2465,hybrid,cold,621072
2466,hybrid,cold,622054
2467,hybrid,cold,647060
2468,hybrid,cold,625690
2469,hybrid,cold,623867
2470,hybrid,cold,640699
2471,hybrid,cold,630930
2472,hybrid,cold,631912
2473,hybrid,cold,643344
2474,hybrid,cold,642792
2475,hybrid,cold,631161
2476,hybrid,cold,625840
2477,hybrid,cold,624969
2478,hybrid,cold,620842
2479,hybrid,cold,623526
2480,hybrid,cold,623286
2481,hybrid,cold,628886
2482,hybrid,cold,628836
2483,hybrid,cold,626853
2484,hybrid,cold,648673
2485,hybrid,cold,627153
2486,hybrid,cold,621743
2487,hybrid,cold,647441
2488,hybrid,cold,628746
2489,hybrid,cold,622454
2490,hybrid,cold,624067
2491,hybrid,cold,618687
2492,hybrid,cold,630208
2493,hybrid,cold,643334
2494,hybrid,cold,643584
2495,hybrid,cold,625840
2496,hybrid,cold,619509
2497,hybrid,cold,644836
2498,hybrid,cold,628997
2499,hybrid,cold,631711
2500,hybrid,cold,626572
2501,hybrid,cold,621693
2502,hybrid,cold,625239
2503,hybrid,cold,623446
2504,hybrid,cold,638053
2505,hybrid,cold,626713
2506,hybrid,cold,624268
2507,hybrid,cold,648062
2508,hybrid,cold,628976
2509,hybrid,cold,624869
2510,hybrid,cold,623547
2511,hybrid,cold,629727
2512,hybrid,cold,626041
2513,hybrid,cold,639476
2514,hybrid,cold,641570
2515,hybrid,cold,628115
2516,hybrid,cold,621032
2517,hybrid,cold,644125
2518,hybrid,cold,625630
2519,hybrid,cold,630860
2520,hybrid,cold,625530
2521,hybrid,cold,629377
2522,hybrid,cold,624347
2523,hybrid,cold,626612
2524,hybrid,cold,647331
2525,hybrid,cold,624808
2526,hybrid,cold,627143
2527,hybrid,cold,639967
2528,hybrid,cold,652190
2529,hybrid,cold,623937
2530,hybrid,cold,634377
2531,hybrid,cold,625840
2532,hybrid,cold,627544
2533,hybrid,cold,626662
2534,hybrid,cold,626682
2535,hybrid,cold,630730
2536,hybrid,cold,623255
2537,hybrid,cold,646459
2538,hybrid,cold,624679
2539,hybrid,cold,626392
2540,hybrid,cold,643524
2541,hybrid,cold,622765
2542,hybrid,cold,630870
2543,hybrid,cold,625971
2544,hybrid,cold,621713
2545,hybrid,cold,624709
2546,hybrid,cold,621623
2547,hybrid,cold,645067
2548,hybrid,cold,626572
2549,hybrid,cold,622044
2550,hybrid,cold,645989
2551,hybrid,cold,627954
2552,hybrid,cold,622504
2553,hybrid,cold,631481
2554,hybrid,cold,646089
2555,hybrid,cold,628105
2556,hybrid,cold,628475
2557,hybrid,cold,642933
2558,hybrid,cold,636500
2559,hybrid,cold,634186
2560,hybrid,cold,647281
2561,hybrid,cold,624258
2562,hybrid,cold,674091
2563,hybrid,cold,652881
2564,hybrid,cold,624188
2565,hybrid,cold,625370
2566,hybrid,cold,623045
2567,hybrid,cold,624308
2568,hybrid,cold,626301
2569,hybrid,cold,629798
2570,hybrid,cold,663772
2571,hybrid,cold,632794
2572,hybrid,cold,624949
2573,hybrid,cold,656639
2574,hybrid,cold,638845
2575,hybrid,cold,628907
2576,hybrid,cold,624919
2577,hybrid,cold,624518
2578,hybrid,cold,629167
2579,hybrid,cold,621954
2580,hybrid,cold,638314
2581,hybrid,cold,628305
2582,hybrid,cold,651609
2583,hybrid,cold,641841
2584,hybrid,cold,625099
2585,hybrid,cold,624358
2586,hybrid,cold,624388
2587,hybrid,cold,625260
2588,hybrid,cold,627354
2589,hybrid,cold,626892
2590,hybrid,cold,650226
2591,hybrid,cold,623587
2592,hybrid,cold,624518
2593,hybrid,cold,631902
2594,hybrid,cold,627624
2595,hybrid,cold,624508
2596,hybrid,cold,626512
2597,hybrid,cold,624278
2598,hybrid,cold,626502
2599,hybrid,cold,625961
2600,hybrid,cold,644445
2601,hybrid,cold,627784
2602,hybrid,cold,626902
2603,hybrid,cold,628966
2604,hybrid,cold,623566
2605,hybrid,cold,625300
2606,hybrid,cold,625700
2607,hybrid,cold,641440
2608,hybrid,cold,630118
2609,hybrid,cold,627774
2610,hybrid,cold,640057
2611,hybrid,cold,626171
2612,hybrid,cold,623627
2613,hybrid,cold,677567
2614,hybrid,cold,688518
2615,hybrid,cold,631311
2616,hybrid,cold,627073
2617,hybrid,cold,627704
2618,hybrid,cold,622464
2619,hybrid,cold,628405
2620,hybrid,cold,638464
2621,hybrid,cold,624589
2622,hybrid,cold,630359
2623,hybrid,cold,644957
2624,hybrid,cold,626933
2625,hybrid,cold,631561
2626,hybrid,cold,623787
2627,hybrid,cold,629678
2628,hybrid,cold,649214
2629,hybrid,cold,619588
2630,hybrid,cold,641450
2631,hybrid,cold,624538
2632,hybrid,cold,629577
2633,hybrid,cold,646028
2634,hybrid,cold,622174
2635,hybrid,cold,628686
2636,hybrid,cold,627524
2637,hybrid,cold,631030
2638,hybrid,cold,622454
2639,hybrid,cold,627383
2640,hybrid,cold,639727
2641,hybrid,cold,628436
2642,hybrid,cold,626132
2643,hybrid,cold,628977
2644,hybrid,cold,624629
2645,hybrid,cold,621622
2646,hybrid,cold,625119
2647,hybrid,cold,623837
2648,hybrid,cold,630840
2649,hybrid,cold,629587
2650,hybrid,cold,640307
2651,hybrid,cold,626361
2652,hybrid,cold,631300
2653,hybrid,cold,624408
2654,hybrid,cold,682226
2655,hybrid,cold,626742
2656,hybrid,cold,628195
2657,hybrid,cold,627304
2658,hybrid,cold,630169
2659,hybrid,cold,626873
2660,hybrid,cold,640679
2661,hybrid,cold,618838
2662,hybrid,cold,627293
2663,hybrid,cold,639726
2664,hybrid,cold,625920
2665,hybrid,cold,630079
2666,hybrid,cold,627824
2667,hybrid,cold,639196
2668,hybrid,cold,628316
2669,hybrid,cold,624297
2670,hybrid,cold,650907
2671,hybrid,cold,630058
2672,hybrid,cold,627233
2673,hybrid,cold,628616
2674,hybrid,cold,623136
2675,hybrid,cold,627644
2676,hybrid,cold,627173
2677,hybrid,cold,640017
2678,hybrid,cold,623787
2679,hybrid,cold,619639
2680,hybrid,cold,640699
2681,hybrid,cold,628195
2682,hybrid,cold,626271
2683,hybrid,cold,629859
2684,hybrid,cold,627213
2685,hybrid,cold,629848
2686,hybrid,cold,626883
2687,hybrid,cold,639396
2688,hybrid,cold,628606
2689,hybrid,cold,623467
2690,hybrid,cold,623626
2691,hybrid,cold,621713
2692,hybrid,cold,621944
2693,hybrid,cold,627123
2694,hybrid,cold,641821
2695,hybrid,cold,654334
2696,hybrid,cold,627564
2697,hybrid,cold,645257
2698,hybrid,cold,633104
2699,hybrid,cold,628085
2700,hybrid,cold,638163
2701,hybrid,cold,632544
2702,hybrid,cold,629608
2703,hybrid,cold,625359
2704,hybrid,cold,627654
2705,hybrid,cold,629056
2706,hybrid,cold,625140
2707,hybrid,cold,643964
2708,hybrid,cold,625510
2709,hybrid,cold,631121
2710,hybrid,cold,645017
2711,hybrid,cold,621733
2712,hybrid,cold,624909
2713,hybrid,cold,625660
2714,hybrid,cold,626241
2715,hybrid,cold,631901
2716,hybrid,cold,628306
2717,hybrid,cold,626241
2718,hybrid,cold,627223
2719,hybrid,cold,625089
2720,hybrid,cold,644796
2721,hybrid,cold,627724
2722,hybrid,cold,627503
2723,hybrid,cold,632083
2724,hybrid,cold,621242
2725,hybrid,cold,626753
2726,hybrid,cold,626212
2727,hybrid,cold,638014
2728,hybrid,cold,620610
2729,hybrid,cold,638134
2730,hybrid,cold,638243
2731,hybrid,cold,626081
2732,hybrid,cold,621563
2733,hybrid,cold,643674
2734,hybrid,cold,629176
2735,hybrid,cold,665254
2736,hybrid,cold,630639
2737,hybrid,cold,624058
2738,hybrid,cold,624729
2739,hybrid,cold,629668
2740,hybrid,cold,637753
2741,hybrid,cold,631882
2742,hybrid,cold,625390
2743,hybrid,cold,624809
2744,hybrid,cold,628265
2745,hybrid,cold,625620
2746,hybrid,cold,621493
2747,hybrid,cold,633585
2748,hybrid,cold,623927
2749,hybrid,cold,630439
2750,hybrid,cold,660926
2751,hybrid,cold,624308
2752,hybrid,cold,625029
2753,hybrid,cold,645448
2754,hybrid,cold,624368
2755,hybrid,cold,628706
2756,hybrid,cold,621523
2757,hybrid,cold,635188
2758,hybrid,cold,621392
2759,hybrid,cold,621382
2760,hybrid,cold,641870
2761,hybrid,cold,623366
2762,hybrid,cold,625770
2763,hybrid,cold,623256
2764,hybrid,cold,621643
2765,hybrid,cold,627384
2766,hybrid,cold,662329
2767,hybrid,cold,621372
2768,hybrid,cold,633756
2769,hybrid,cold,627835
2770,hybrid,cold,653833
2771,hybrid,cold,625340
2772,hybrid,cold,623145
2773,hybrid,cold,625941
2774,hybrid,cold,624808
2775,hybrid,cold,628455
2776,hybrid,cold,630238
2777,hybrid,cold,624818
2778,hybrid,cold,626983
2779,hybrid,cold,626172
2780,hybrid,cold,645868
2781,hybrid,cold,627043
2782,hybrid,cold,625551
2783,hybrid,cold,642171
2784,hybrid,cold,628556
2785,hybrid,cold,622384
2786,hybrid,cold,622885
2787,hybrid,cold,627674
2788,hybrid,cold,623596
2789,hybrid,cold,632373
2790,hybrid,cold,643493
2791,hybrid,cold,623005
2792,hybrid,cold,634918
2793,hybrid,cold,650196
2794,hybrid,cold,625490
2795,hybrid,cold,622935
2796,hybrid,cold,620430
2797,hybrid,cold,628666
2798,hybrid,cold,627203
2799,hybrid,cold,624849
2800,hybrid,cold,643504
2801,hybrid,cold,628305
2802,hybrid,cold,627654
2803,hybrid,cold,640377
2804,hybrid,cold,623948
2805,hybrid,cold,628827
2806,hybrid,cold,630229
2807,hybrid,cold,645237
2808,hybrid,cold,628386
2809,hybrid,cold,630379
2810,hybrid,cold,638755
2811,hybrid,cold,621753
2812,hybrid,cold,620290
2813,hybrid,cold,627283
2814,hybrid,cold,629798
2815,hybrid,cold,629868
2816,hybrid,cold,659474
2817,hybrid,cold,622885
2818,hybrid,cold,634186
2819,hybrid,cold,625159
2820,hybrid,cold,645517
2821,hybrid,cold,627574
2822,hybrid,cold,625279
2823,hybrid,cold,623376
2824,hybrid,cold,622494
2825,hybrid,cold,633525
2826,hybrid,cold,625610
2827,hybrid,cold,627474
2828,hybrid,cold,623126
2829,hybrid,cold,625791
2830,hybrid,cold,645788
2831,hybrid,cold,623917
2832,hybrid,cold,627544
2833,hybrid,cold,638334
2834,hybrid,cold,627083
2835,hybrid,cold,624277
2836,hybrid,cold,622545
2837,hybrid,cold,643313
2838,hybrid,cold,626222
2839,hybrid,cold,624568
2840,hybrid,cold,641360
2841,hybrid,cold,625650
2842,hybrid,cold,624488
2843,hybrid,cold,624949
2844,hybrid,cold,620371
2845,hybrid,cold,619619
2846,hybrid,cold,620250
2847,hybrid,cold,644536
2848,hybrid,cold,624278
2849,hybrid,cold,623036
2850,hybrid,cold,641179
2851,hybrid,cold,623376
2852,hybrid,cold,620110
2853,hybrid,cold,666847
2854,hybrid,cold,624529
2855,hybrid,cold,623387
2856,hybrid,cold,624879
2857,hybrid,cold,652481
2858,hybrid,cold,629858
2859,hybrid,cold,624819
2860,hybrid,cold,626732
2861,hybrid,cold,622885
2862,hybrid,cold,622344
2863,hybrid,cold,622314
2864,hybrid,cold,624768
2865,hybrid,cold,628625
2866,hybrid,cold,625530
2867,hybrid,cold,644215
2868,hybrid,cold,629237
2869,hybrid,cold,625430
2870,hybrid,cold,628105
2871,hybrid,cold,625800
2872,hybrid,cold,622474
2873,hybrid,cold,634597
2874,hybrid,cold,641159
2875,hybrid,cold,629227
2876,hybrid,cold,627865
2877,hybrid,cold,632043
2878,hybrid,cold,621653
2879,hybrid,cold,619498
2880,hybrid,cold,626152
2881,hybrid,cold,626912
2882,hybrid,cold,625360
2883,hybrid,cold,626802
2884,hybrid,cold,642351
2885,hybrid,cold,621022
2886,hybrid,cold,630059
2887,hybrid,cold,644045
2888,hybrid,cold,623737
2889,hybrid,cold,624919
2890,hybrid,cold,620912
2891,hybrid,cold,625170
2892,hybrid,cold,624829
2893,hybrid,cold,620400
2894,hybrid,cold,646690
2895,hybrid,cold,621573
2896,hybrid,cold,623175
2897,hybrid,cold,638815
2898,hybrid,cold,634146
2899,hybrid,cold,623677
2900,hybrid,cold,643654
2901,hybrid,cold,636160
2902,hybrid,cold,645317
2903,hybrid,cold,650537
2904,hybrid,cold,638614
2905,hybrid,cold,628987
2906,hybrid,cold,657570
2907,hybrid,cold,628286
2908,hybrid,cold,624929
2909,hybrid,cold,628065
2910,hybrid,cold,624327
2911,hybrid,cold,625259
2912,hybrid,cold,627113
2913,hybrid,cold,620992
2914,hybrid,cold,619609
2915,hybrid,cold,626983
2916,hybrid,cold,664122
2917,hybrid,cold,628055
2918,hybrid,cold,631361
2919,hybrid,cold,651709
2920,hybrid,cold,624819
2921,hybrid,cold,623015
2922,hybrid,cold,630399
2923,hybrid,cold,643283
2924,hybrid,cold,628515
2925,hybrid,cold,625610
2926,hybrid,cold,660475
2927,hybrid,cold,625630
2928,hybrid,cold,624909
2929,hybrid,cold,624307
2930,hybrid,cold,628155
2931,hybrid,cold,624949
2932,hybrid,cold,664653
2933,hybrid,cold,647732
2934,hybrid,cold,621893
2935,hybrid,cold,626842
2936,hybrid,cold,644706
2937,hybrid,cold,635329
2938,hybrid,cold,622484
2939,hybrid,cold,636250
2940,hybrid,cold,623296
2941,hybrid,cold,631902
2942,hybrid,cold,620441
2943,hybrid,cold,652932
2944,hybrid,cold,626762
2945,hybrid,cold,619349
2946,hybrid,cold,645157
2947,hybrid,cold,631130
2948,hybrid,cold,628365
2949,hybrid,cold,643153
2950,hybrid,cold,626923
2951,hybrid,cold,621432
2952,hybrid,cold,622585
2953,hybrid,cold,622264
2954,hybrid,cold,625811
2955,hybrid,cold,621913
2956,hybrid,cold,647210
2957,hybrid,cold,627634
2958,hybrid,cold,620831
2959,hybrid,cold,641420
2960,hybrid,cold,625841
2961,hybrid,cold,620380
2962,hybrid,cold,625831
2963,hybrid,cold,620891
2964,hybrid,cold,626071
2965,hybrid,cold,625650
2966,hybrid,cold,638634
2967,hybrid,cold,627163
2968,hybrid,cold,625860
2969,hybrid,cold,646229
2970,hybrid,cold,631170
2971,hybrid,cold,623275
2972,hybrid,cold,666818
2973,hybrid,cold,639746
2974,hybrid,cold,624839
2975,hybrid,cold,631822
2976,hybrid,cold,690952
2977,hybrid,cold,620982
2978,hybrid,cold,621783
2979,hybrid,cold,680573
2980,hybrid,cold,624218
2981,hybrid,cold,621072
2982,hybrid,cold,626942
2983,hybrid,cold,625329
2984,hybrid,cold,627924
2985,hybrid,cold,621964
2986,hybrid,cold,642732
2987,hybrid,cold,627354
2988,hybrid,cold,623145
2989,hybrid,cold,624989
2990,hybrid,cold,625039
2991,hybrid,cold,632503
2992,hybrid,cold,622875
2993,hybrid,cold,666537
2994,hybrid,cold,626762
2995,hybrid,cold,631261
2996,hybrid,cold,657610
2997,hybrid,cold,627794
2998,hybrid,cold,622915
2999,hybrid,cold,643093
3000,hybrid,cold,623487
3001,hybrid,cold,621222
3002,hybrid,cold,626171
3003,hybrid,cold,622194
3004,hybrid,cold,627864
3005,hybrid,cold,629778
3006,hybrid,cold,643033
3007,hybrid,cold,627233
3008,hybrid,cold,619959
3009,hybrid,cold,623887
3010,hybrid,cold,623997
3011,hybrid,cold,620571
3012,hybrid,cold,670364
3013,hybrid,cold,630379
3014,hybrid,cold,622504
3015,hybrid,cold,638505
3016,hybrid,cold,636380
3017,hybrid,cold,625380
3018,hybrid,cold,643514
3019,hybrid,cold,645147
3020,hybrid,cold,624348
3021,hybrid,cold,624869
3022,hybrid,cold,626101
3023,hybrid,cold,626071
3024,hybrid,cold,627373
3025,hybrid,cold,626842
3026,hybrid,cold,841343
3027,hybrid,cold,632593
3028,hybrid,cold,624177
3029,hybrid,cold,646209
3030,hybrid,cold,624227
3031,hybrid,cold,627173
3032,hybrid,cold,624268
3033,hybrid,cold,625650
3034,hybrid,cold,624869
3035,hybrid,cold,625871
3036,hybrid,cold,643043
3037,hybrid,cold,630209
3038,hybrid,cold,641089
3039,hybrid,cold,638314
3040,hybrid,cold,629938
3041,hybrid,cold,628686
3042,hybrid,cold,630079
3043,hybrid,cold,623366
3044,hybrid,cold,626121
3045,hybrid,cold,628375
3046,hybrid,cold,639125
3047,hybrid,cold,628034
3048,hybrid,cold,627815
3049,hybrid,cold,647621
3050,hybrid,cold,623656
3051,hybrid,cold,622344
3052,hybrid,cold,668421
3053,hybrid,cold,625841
3054,hybrid,cold,637854
3055,hybrid,cold,627584
3056,hybrid,cold,639165
3057,hybrid,cold,651339
3058,hybrid,cold,639376
3059,hybrid,cold,641089
3060,hybrid,cold,626232
3061,hybrid,cold,640348
3062,hybrid,cold,640478
3063,hybrid,cold,625831
3064,hybrid,cold,622004
3065,hybrid,cold,624959
3066,hybrid,cold,625390
3067,hybrid,cold,622063
3068,hybrid,cold,625190
3069,hybrid,cold,640198
3070,hybrid,cold,634367
3071,hybrid,cold,627764
3072,hybrid,cold,635749
3073,hybrid,cold,623907
3074,hybrid,cold,623817
3075,hybrid,cold,622704
3076,hybrid,cold,641109
3077,hybrid,cold,624708
3078,hybrid,cold,625500
3079,hybrid,cold,620711
3080,hybrid,cold,623406
3081,hybrid,cold,620350
3082,hybrid,cold,638995
3083,hybrid,cold,623837
3084,hybrid,cold,624819
3085,hybrid,cold,628155
3086,hybrid,cold,621914
3087,hybrid,cold,626432
3088,hybrid,cold,623486
3089,hybrid,cold,639176
3090,hybrid,cold,625990
3091,hybrid,cold,626582
3092,hybrid,cold,644265
3093,hybrid,cold,620310
3094,hybrid,cold,623436
3095,hybrid,cold,624488
3096,hybrid,cold,620010
3097,hybrid,cold,643915
3098,hybrid,cold,630890
3099,hybrid,cold,643804
3100,hybrid,cold,623336
3101,hybrid,cold,624759
3102,hybrid,cold,640338
3103,hybrid,cold,625810
3104,hybrid,cold,624458
3105,hybrid,cold,621863
3106,hybrid,cold,623176
3107,hybrid,cold,624508
3108,hybrid,cold,629328
3109,hybrid,cold,639296
3110,hybrid,cold,622504
3111,hybrid,cold,620550
3112,hybrid,cold,636170
3113,hybrid,cold,624939
3114,hybrid,cold,626982
3115,hybrid,cold,623025
3116,hybrid,cold,622174
3117,hybrid,cold,640798
3118,hybrid,cold,629608
3119,hybrid,cold,646400
3120,hybrid,cold,627894
3121,hybrid,cold,623536
3122,hybrid,cold,628525
3123,hybrid,cold,626512
3124,hybrid,cold,627213
3125,hybrid,cold,621071
3126,hybrid,cold,648503
3127,hybrid,cold,626121
3128,hybrid,cold,619609
3129,hybrid,cold,643053
3130,hybrid,cold,625570
3131,hybrid,cold,623977
3132,hybrid,cold,628075
3133,hybrid,cold,625200
3134,hybrid,cold,629127
3135,hybrid,cold,624749
3136,hybrid,cold,639957
3137,hybrid,cold,628286
3138,hybrid,cold,626181
3139,hybrid,cold,645537
3140,hybrid,cold,641389
3141,hybrid,cold,624558
3142,hybrid,cold,629017
3143,hybrid,cold,626712
3144,hybrid,cold,633876
3145,hybrid,cold,640868
3146,hybrid,cold,642121
3147,hybrid,cold,639867
3148,hybrid,cold,635178
3149,hybrid,cold,643924
3150,hybrid,cold,628285
3151,hybrid,cold,633735
3152,hybrid,cold,638083
3153,hybrid,cold,630189
3154,hybrid,cold,629918
3155,hybrid,cold,623977
3156,hybrid,cold,625730
3157,hybrid,cold,629979
3158,hybrid,cold,639497
3159,hybrid,cold,647521
3160,hybrid,cold,622013
3161,hybrid,cold,625269
3162,hybrid,cold,634046
3163,hybrid,cold,629818
3164,hybrid,cold,627895
3165,hybrid,cold,624338
3166,hybrid,cold,628947
3167,hybrid,cold,623106
3168,hybrid,cold,623586
3169,hybrid,cold,644816
3170,hybrid,cold,627503
3171,hybrid,cold,624608
3172,hybrid,cold,637903
3173,hybrid,cold,626652
3174,hybrid,cold,628496
3175,hybrid,cold,625179
3176,hybrid,cold,622324
3177,hybrid,cold,625019
3178,hybrid,cold,652822
3179,hybrid,cold,639546
3180,hybrid,cold,633475
3181,hybrid,cold,621753
3182,hybrid,cold,637102
3183,hybrid,cold,630750
3184,hybrid,cold,627564
3185,hybrid,cold,625149
3186,hybrid,cold,626011
3187,hybrid,cold,626181
3188,hybrid,cold,630960
3189,hybrid,cold,639286
3190,hybrid,cold,631962
3191,hybrid,cold,626742
3192,hybrid,cold,624498
3193,hybrid,cold,622223
3194,hybrid,cold,626282
3195,hybrid,cold,625571
3196,hybrid,cold,643394
3197,hybrid,cold,623366
3198,hybrid,cold,625930
3199,hybrid,cold,634537
3200,hybrid,cold,626913
3201,hybrid,cold,634346
3202,hybrid,cold,627604
3203,hybrid,cold,627875
3204,hybrid,cold,627644
3205,hybrid,cold,624238
3206,hybrid,cold,645066
3207,hybrid,cold,624688
3208,hybrid,cold,623607
3209,hybrid,cold,629377
3210,hybrid,cold,625039
3211,hybrid,cold,619268
3212,hybrid,cold,620841
3213,hybrid,cold,619810
3214,hybrid,cold,627223
3215,hybrid,cold,629808
3216,hybrid,cold,637984
3217,hybrid,cold,622324
3218,hybrid,cold,628255
3219,hybrid,cold,667609
3220,hybrid,cold,635619
3221,hybrid,cold,622294
3222,hybrid,cold,621332
3223,hybrid,cold,641149
3224,hybrid,cold,624018
3225,hybrid,cold,623276
3226,hybrid,cold,640448
3227,hybrid,cold,619198
3228,hybrid,cold,621362
3229,hybrid,cold,619720
3230,hybrid,cold,624789
3231,hybrid,cold,623216
3232,hybrid,cold,622064
3233,hybrid,cold,638985
3234,hybrid,cold,622745
3235,hybrid,cold,814945
3236,hybrid,cold,650477
3237,hybrid,cold,626451
3238,hybrid,cold,624980
3239,hybrid,cold,634728
3240,hybrid,cold,629237
3241,hybrid,cold,625019
3242,hybrid,cold,632272
3243,hybrid,cold,622525
3244,hybrid,cold,629308
3245,hybrid,cold,624338
3246,hybrid,cold,623607
3247,hybrid,cold,622765
3248,hybrid,cold,626733
3249,hybrid,cold,643774
3250,hybrid,cold,627474
3251,hybrid,cold,624017
3252,hybrid,cold,619529
3253,hybrid,cold,621673
3254,hybrid,cold,625991
3255,hybrid,cold,629497
3256,hybrid,cold,639977
3257,hybrid,cold,629257
3258,hybrid,cold,620851
3259,hybrid,cold,684490
3260,hybrid,cold,627052
3261,hybrid,cold,618507
3262,hybrid,cold,635018
3263,hybrid,cold,622955
3264,hybrid,cold,626472
3265,hybrid,cold,630219
3266,hybrid,cold,642953
3267,hybrid,cold,630179
3268,hybrid,cold,631161
3269,hybrid,cold,641330
3270,hybrid,cold,656949
3271,hybrid,cold,642502
3272,hybrid,cold,639567
3273,hybrid,cold,644997
3274,hybrid,cold,639506
3275,hybrid,cold,638815
3276,hybrid,cold,662068
3277,hybrid,cold,639687
3278,hybrid,cold,639126
3279,hybrid,cold,649716
3280,hybrid,cold,643845
3281,hybrid,cold,643313
3282,hybrid,cold,655035
3283,hybrid,cold,642682
3284,hybrid,cold,642361
3285,hybrid,cold,641790
3286,hybrid,cold,636640
3287,hybrid,cold,641771
3288,hybrid,cold,644326
3289,hybrid,cold,659754
3290,hybrid,cold,640758
3291,hybrid,cold,642823
3292,hybrid,cold,660736
3293,hybrid,cold,640278
3294,hybrid,cold,644756
3295,hybrid,cold,640889
3296,hybrid,cold,642632
3297,hybrid,cold,640979
3298,hybrid,cold,679201
3299,hybrid,cold,623507
3300,hybrid,cold,622665
3301,hybrid,cold,621383
3302,hybrid,cold,643263
3303,hybrid,cold,645607
3304,hybrid,cold,650818
3305,hybrid,cold,674421
3306,hybrid,cold,650858
3307,hybrid,cold,626481
3308,hybrid,cold,645176
3309,hybrid,cold,644476
3310,hybrid,cold,622745
3311,hybrid,cold,646860
3312,hybrid,cold,628335
3313,hybrid,cold,624358
3314,hybrid,cold,622996
3315,hybrid,cold,624428
3316,hybrid,cold,625841
3317,hybrid,cold,630319
3318,hybrid,cold,642582
3319,hybrid,cold,631301
3320,hybrid,cold,634116
3321,hybrid,cold,642321
3322,hybrid,cold,621773
3323,hybrid,cold,628526
3324,hybrid,cold,623867
3325,hybrid,cold,642111
3326,hybrid,cold,620370
3327,hybrid,cold,624779
3328,hybrid,cold,642642
3329,hybrid,cold,624338
3330,hybrid,cold,624979
3331,hybrid,cold,620400
3332,hybrid,cold,626632
3333,hybrid,cold,624588
3334,hybrid,cold,622153
3335,hybrid,cold,640548
3336,hybrid,cold,648924
3337,hybrid,cold,621883
3338,hybrid,cold,671226
3339,hybrid,cold,624247
3340,hybrid,cold,621973
3341,hybrid,cold,627033
3342,hybrid,cold,621522
3343,hybrid,cold,620320
3344,hybrid,cold,621412
3345,hybrid,cold,646158
3346,hybrid,cold,625610
3347,hybrid,cold,624168
3348,hybrid,cold,648463
3349,hybrid,cold,626412
3350,hybrid,cold,626692
3351,hybrid,cold,625700
3352,hybrid,cold,624509
3353,hybrid,cold,639596
3354,hybrid,cold,624679
3355,hybrid,cold,632564
3356,hybrid,cold,629748
3357,hybrid,cold,622233
3358,hybrid,cold,647251
3359,hybrid,cold,621102
3360,hybrid,cold,626371
3361,hybrid,cold,621272
3362,hybrid,cold,621443
3363,hybrid,cold,624348
3364,hybrid,cold,620320
3365,hybrid,cold,642452
3366,hybrid,cold,625209
3367,hybrid,cold,620972
3368,hybrid,cold,638945
3369,hybrid,cold,624038
3370,hybrid,cold,623456
3371,hybrid,cold,635138
3372,hybrid,cold,638614
3373,hybrid,cold,629868
3374,hybrid,cold,629638
3375,hybrid,cold,638825
3376,hybrid,cold,625530
3377,hybrid,cold,627434
3378,hybrid,cold,635669
3379,hybrid,cold,655356
3380,hybrid,cold,623156
3381,hybrid,cold,626241
3382,hybrid,cold,623396
3383,hybrid,cold,662930
3384,hybrid,cold,623707
3385,hybrid,cold,642823
3386,hybrid,cold,625510
3387,hybrid,cold,621864
3388,hybrid,cold,642922
3389,hybrid,cold,622474
3390,hybrid,cold,629968
3391,hybrid,cold,624248
3392,hybrid,cold,644926
3393,hybrid,cold,620901
3394,hybrid,cold,623286
3395,hybrid,cold,636341
3396,hybrid,cold,623106
3397,hybrid,cold,624388
3398,hybrid,cold,639707
3399,hybrid,cold,624818
3400,hybrid,cold,625751
3401,hybrid,cold,625951
3402,hybrid,cold,622335
3403,hybrid,cold,620691
3404,hybrid,cold,627774
3405,hybrid,cold,670374
3406,hybrid,cold,628676
3407,hybrid,cold,628025
3408,hybrid,cold,626642
3409,hybrid,cold,625290
3410,hybrid,cold,621803
3411,hybrid,cold,624258
3412,hybrid,cold,620821
3413,hybrid,cold,626653
3414,hybrid,cold,626412
3415,hybrid,cold,620661
3416,hybrid,cold,626341
3417,hybrid,cold,623977
3418,hybrid,cold,675924
3419,hybrid,cold,627183
3420,hybrid,cold,624819
3421,hybrid,cold,625940
3422,hybrid,cold,621072
3423,hybrid,cold,624908
3424,hybrid,cold,625650
3425,hybrid,cold,643984
3426,hybrid,cold,623536
3427,hybrid,cold,619940
3428,hybrid,cold,644034
3429,hybrid,cold,625150
3430,hybrid,cold,627183
3431,hybrid,cold,622664
3432,hybrid,cold,619329
3433,hybrid,cold,625170
3434,hybrid,cold,634557
3435,hybrid,cold,640979
3436,hybrid,cold,622234
3437,hybrid,cold,620210
3438,hybrid,cold,641941
3439,hybrid,cold,627273
3440,hybrid,cold,624418
3441,hybrid,cold,624208
3442,hybrid,cold,621864
3443,hybrid,cold,621973
3444,hybrid,cold,622124
3445,hybrid,cold,621142
3446,hybrid,cold,623677
3447,hybrid,cold,624868
3448,hybrid,cold,642411
3449,hybrid,cold,628426
3450,hybrid,cold,626391
3451,hybrid,cold,620862
3452,hybrid,cold,623907
3453,hybrid,cold,626482
3454,hybrid,cold,623055
3455,hybrid,cold,629608
3456,hybrid,cold,625911
3457,hybrid,cold,626411
3458,hybrid,cold,663241
3459,hybrid,cold,623205
3460,hybrid,cold,623977
3461,hybrid,cold,649515
3462,hybrid,cold,623796
3463,hybrid,cold,623737
3464,hybrid,cold,654354
3465,hybrid,cold,628075
3466,hybrid,cold,627023
3467,hybrid,cold,626942
3468,hybrid,cold,641560
3469,hybrid,cold,622545
3470,hybrid,cold,623336
3471,hybrid,cold,642793
3472,hybrid,cold,623286
3473,hybrid,cold,625590
3474,hybrid,cold,638815
3475,hybrid,cold,622244
3476,hybrid,cold,622204
3477,hybrid,cold,618688
3478,hybrid,cold,636821
3479,hybrid,cold,623055
3480,hybrid,cold,621693
3481,hybrid,cold,643674
3482,hybrid,cold,623737
3483,hybrid,cold,624938
3484,hybrid,cold,623115
3485,hybrid,cold,623056
3486,hybrid,cold,624267
3487,hybrid,cold,623827
3488,hybrid,cold,640127
3489,hybrid,cold,623396
3490,hybrid,cold,626402
3491,hybrid,cold,631601
3492,hybrid,cold,621001
3493,hybrid,cold,620010
3494,hybrid,cold,620541
3495,hybrid,cold,642171
3496,hybrid,cold,623295
3497,hybrid,cold,640929
3498,hybrid,cold,661758
3499,hybrid,cold,627053
3500,hybrid,cold,626221
3501,hybrid,cold,658762
3502,hybrid,cold,646108
3503,hybrid,cold,624738
3504,hybrid,cold,639136
3505,hybrid,cold,631561
3506,hybrid,cold,637693
3507,hybrid,cold,632844
3508,hybrid,cold,626833
3509,hybrid,cold,627343
3510,hybrid,cold,619489
3511,hybrid,cold,637502
3512,hybrid,cold,638485
3513,hybrid,cold,640308
3514,hybrid,cold,644125
3515,hybrid,cold,624619
3516,hybrid,cold,625930
3517,hybrid,cold,645026
3518,hybrid,cold,626021
3519,hybrid,cold,631701
3520,hybrid,cold,628986
3521,hybrid,cold,624949
3522,hybrid,cold,624709
3523,hybrid,cold,622695
3524,hybrid,cold,636440
3525,hybrid,cold,628526
3526,hybrid,cold,620310
3527,hybrid,cold,645046
3528,hybrid,cold,626903
3529,hybrid,cold,627634
3530,hybrid,cold,626091
3531,hybrid,cold,622885
3532,hybrid,cold,630189
3533,hybrid,cold,621011
3534,hybrid,cold,640538
3535,hybrid,cold,626472
3536,hybrid,cold,623055
3537,hybrid,cold,658301
3538,hybrid,cold,627784
3539,hybrid,cold,624178
3540,hybrid,cold,626653
3541,hybrid,cold,626121
3542,hybrid,cold,624318
3543,hybrid,cold,622765
3544,hybrid,cold,650817
3545,hybrid,cold,629438
3546,hybrid,cold,623396
3547,hybrid,cold,650266
3548,hybrid,cold,627694
3549,hybrid,cold,640768
3550,hybrid,cold,627805
3551,hybrid,cold,629597
3552,hybrid,cold,623185
3553,hybrid,cold,628906
3554,hybrid,cold,654865
3555,hybrid,cold,625651
3556,hybrid,cold,631842
3557,hybrid,cold,639216
3558,hybrid,cold,636941
3559,hybrid,cold,624297
3560,hybrid,cold,656258
3561,hybrid,cold,629718
3562,hybrid,cold,628365
3563,hybrid,cold,624238
3564,hybrid,cold,644615
3565,hybrid,cold,628025
3566,hybrid,cold,626782
3567,hybrid,cold,648603
3568,hybrid,cold,621934
3569,hybrid,cold,628966
3570,hybrid,cold,629066
3571,hybrid,cold,622955
3572,hybrid,cold,627063
3573,hybrid,cold,622955
3574,hybrid,cold,643072
3575,hybrid,cold,625580
3576,hybrid,cold,622184
3577,hybrid,cold,636711
3578,hybrid,cold,633044
3579,hybrid,cold,622224
3580,hybrid,cold,627113
3581,hybrid,cold,630930
3582,hybrid,cold,623066
3583,hybrid,cold,624017
3584,hybrid,cold,622044
3585,hybrid,cold,625691
3586,hybrid,cold,623967
3587,hybrid,cold,642572
3588,hybrid,cold,626552
3589,hybrid,cold,628456
3590,hybrid,cold,629057
3591,hybrid,cold,658251
3592,hybrid,cold,626151
3593,hybrid,cold,618216
3594,hybrid,cold,630470
3595,hybrid,cold,623707
3596,hybrid,cold,627403
3597,hybrid,cold,643052
3598,hybrid,cold,640037
3599,hybrid,cold,623696
3600,hybrid,cold,640909
3601,hybrid,cold,627264
3602,hybrid,cold,624448
3603,hybrid,cold,632423
3604,hybrid,cold,626161
3605,hybrid,cold,621623
3606,hybrid,cold,626292
3607,hybrid,cold,639586
3608,hybrid,cold,623196
3609,hybrid,cold,618547
3610,hybrid,cold,635879
3611,hybrid,cold,619389
3612,hybrid,cold,621843
3613,hybrid,cold,622474
3614,hybrid,cold,623576
3615,hybrid,cold,622815
3616,hybrid,cold,625429
3617,hybrid,cold,707303
3618,hybrid,cold,627203
3619,hybrid,cold,622434
3620,hybrid,cold,642592
3621,hybrid,cold,625590
3622,hybrid,cold,622765
3623,hybrid,cold,626452
3624,hybrid,cold,617896
3625,hybrid,cold,621493
3626,hybrid,cold,621723
3627,hybrid,cold,641470
3628,hybrid,cold,626152
3629,hybrid,cold,622354
3630,hybrid,cold,642242
3631,hybrid,cold,627263
3632,hybrid,cold,625250
3633,hybrid,cold,621833
3634,hybrid,cold,638464
3635,hybrid,cold,630379
3636,hybrid,cold,622635
3637,hybrid,cold,643884
3638,hybrid,cold,643213
3639,hybrid,cold,633505
3640,hybrid,cold,644225
3641,hybrid,cold,625821
3642,hybrid,cold,622704
3643,hybrid,cold,623417
3644,hybrid,cold,627333
3645,hybrid,cold,623677
3646,hybrid,cold,627624
3647,hybrid,cold,638173
3648,hybrid,cold,625049
3649,hybrid,cold,627213
3650,hybrid,cold,644505
3651,hybrid,cold,628836
3652,hybrid,cold,624158
3653,hybrid,cold,624138
3654,hybrid,cold,626822
3655,hybrid,cold,633285
3656,hybrid,cold,623145
3657,hybrid,cold,640529
3658,hybrid,cold,623476
3659,hybrid,cold,626412
3660,hybrid,cold,642572
3661,hybrid,cold,623025
3662,hybrid,cold,626882
3663,hybrid,cold,627343
3664,hybrid,cold,622995
3665,hybrid,cold,627934
3666,hybrid,cold,622715
3667,hybrid,cold,646450
3668,hybrid,cold,630259
3669,hybrid,cold,625881
3670,hybrid,cold,626472
3671,hybrid,cold,625891
3672,hybrid,cold,623296
3673,hybrid,cold,623155
3674,hybrid,cold,642521
3675,hybrid,cold,623356
3676,hybrid,cold,624798
3677,hybrid,cold,634667
3678,hybrid,cold,650858
3679,hybrid,cold,633515
3680,hybrid,cold,644035
3681,hybrid,cold,624728
3682,hybrid,cold,627013
3683,hybrid,cold,627463
3684,hybrid,cold,623196
3685,hybrid,cold,620450
3686,hybrid,cold,624418
3687,hybrid,cold,643163
3688,hybrid,cold,630098
3689,hybrid,cold,627604
3690,hybrid,cold,622074
3691,hybrid,cold,626422
3692,hybrid,cold,620631
3693,hybrid,cold,622815
3694,hybrid,cold,640749
3695,hybrid,cold,626923
3696,hybrid,cold,624869
3697,hybrid,cold,636771
3698,hybrid,cold,655416
3699,hybrid,cold,632794
3700,hybrid,cold,625109
3701,hybrid,cold,627825
3702,hybrid,cold,626642
3703,hybrid,cold,628175
3704,hybrid,cold,645358
3705,hybrid,cold,624298
3706,hybrid,cold,622545
3707,hybrid,cold,624468
3708,hybrid,cold,627063
3709,hybrid,cold,622134
3710,hybrid,cold,623306
3711,hybrid,cold,626131
3712,hybrid,cold,639246
3713,hybrid,cold,643614
3714,hybrid,cold,657269
3715,hybrid,cold,644606
3716,hybrid,cold,643374
3717,hybrid,cold,656698
3718,hybrid,cold,643033
3719,hybrid,cold,645968
3720,hybrid,cold,643965
3721,hybrid,cold,626662
3722,hybrid,cold,624408
3723,hybrid,cold,626972
3724,hybrid,cold,641039
3725,hybrid,cold,623597
3726,hybrid,cold,622404
3727,hybrid,cold,647051
3728,hybrid,cold,632723
3729,hybrid,cold,626082
3730,hybrid,cold,620351
3731,hybrid,cold,626922
3732,hybrid,cold,626031
3733,hybrid,cold,624488
3734,hybrid,cold,643443
3735,hybrid,cold,627153
3736,hybrid,cold,631511
3737,hybrid,cold,638845
3738,hybrid,cold,662870
3739,hybrid,cold,633044
3740,hybrid,cold,626072
3741,hybrid,cold,623537
3742,hybrid,cold,621723
3743,hybrid,cold,619129
3744,hybrid,cold,640529
3745,hybrid,cold,624849
3746,hybrid,cold,623767
3747,hybrid,cold,641670
3748,hybrid,cold,624258
3749,hybrid,cold,623386
3750,hybrid,cold,623697
3751,hybrid,cold,642783
3752,hybrid,cold,624838
3753,hybrid,cold,623506
3754,hybrid,cold,639917
3755,hybrid,cold,622414
3756,hybrid,cold,625140
3757,hybrid,cold,639567
3758,hybrid,cold,628496
3759,hybrid,cold,620380
3760,hybrid,cold,622835
3761,hybrid,cold,627043
3762,hybrid,cold,679842
3763,hybrid,cold,629899
3764,hybrid,cold,642672
3765,hybrid,cold,625189
3766,hybrid,cold,626241
3767,hybrid,cold,640588
3768,hybrid,cold,627353
3769,hybrid,cold,631511
3770,hybrid,cold,623596
3771,hybrid,cold,628365
3772,hybrid,cold,628776
3773,hybrid,cold,625781
3774,hybrid,cold,644005
3775,hybrid,cold,624047
3776,hybrid,cold,622634
3777,hybrid,cold,658321
3778,hybrid,cold,628756
3779,hybrid,cold,629738
3780,hybrid,cold,670825
3781,hybrid,cold,622404
3782,hybrid,cold,639666
3783,hybrid,cold,625960
3784,hybrid,cold,638695
3785,hybrid,cold,625179
3786,hybrid,cold,626041
3787,hybrid,cold,640498
3788,hybrid,cold,630430
3789,hybrid,cold,627914
3790,hybrid,cold,626021
3791,hybrid,cold,623716
3792,hybrid,cold,622254
3793,hybrid,cold,627254
3794,hybrid,cold,639756
3795,hybrid,cold,625230
3796,hybrid,cold,623466
3797,hybrid,cold,638424
3798,hybrid,cold,625940
3799,hybrid,cold,627393
3800,hybrid,cold,642782
3801,hybrid,cold,626702
3802,hybrid,cold,626862
3803,hybrid,cold,627073
3804,hybrid,cold,631100
3805,hybrid,cold,644305
3806,hybrid,cold,625570
3807,hybrid,cold,642893
3808,hybrid,cold,624388
3809,hybrid,cold,624919
3810,hybrid,cold,649044
3811,hybrid,cold,628265
3812,hybrid,cold,623185
3813,hybrid,cold,628286
3814,hybrid,cold,624969
3815,hybrid,cold,627685
3816,hybrid,cold,629517
3817,hybrid,cold,676916
3818,hybrid,cold,626301
3819,hybrid,cold,630529
3820,hybrid,cold,641460
3821,hybrid,cold,629438
3822,hybrid,cold,627433
3823,hybrid,cold,624378
3824,hybrid,cold,627474
3825,hybrid,cold,628826
3826,hybrid,cold,620912
3827,hybrid,cold,626322
3828,hybrid,cold,627454
3829,hybrid,cold,632243
3830,hybrid,cold,692816
3831,hybrid,cold,622494
3832,hybrid,cold,627884
3833,hybrid,cold,638123
3834,hybrid,cold,626953
3835,hybrid,cold,627444
3836,hybrid,cold,627594
3837,hybrid,cold,622815
3838,hybrid,cold,635980
3839,hybrid,cold,623837
3840,hybrid,cold,645427
3841,hybrid,cold,622294
3842,hybrid,cold,626352
3843,hybrid,cold,645497
3844,hybrid,cold,625881
3845,hybrid,cold,629758
3846,hybrid,cold,624258
3847,hybrid,cold,652921
3848,hybrid,cold,645438
3849,hybrid,cold,628125
3850,hybrid,cold,643474
3851,hybrid,cold,627293
3852,hybrid,cold,626000
3853,hybrid,cold,653092
3854,hybrid,cold,626813
3855,hybrid,cold,623005
3856,hybrid,cold,632643
3857,hybrid,cold,623957
3858,hybrid,cold,623366
3859,hybrid,cold,629657
3860,hybrid,cold,646209
3861,hybrid,cold,630329
3862,hybrid,cold,650407
3863,hybrid,cold,655065
3864,hybrid,cold,627594
3865,hybrid,cold,629808
3866,hybrid,cold,624789
3867,hybrid,cold,626542
3868,hybrid,cold,625069
3869,hybrid,cold,630840
3870,hybrid,cold,642762
3871,hybrid,cold,628045
3872,hybrid,cold,625290
3873,hybrid,cold,643354
3874,hybrid,cold,620991
3875,hybrid,cold,624138
3876,hybrid,cold,621593
3877,hybrid,cold,629878
3878,hybrid,cold,627725
3879,hybrid,cold,628215
3880,hybrid,cold,644826
3881,hybrid,cold,627042
3882,hybrid,cold,628285
3883,hybrid,cold,650126
3884,hybrid,cold,626021
3885,hybrid,cold,624799
3886,hybrid,cold,627624
3887,hybrid,cold,622264
3888,hybrid,cold,627995
3889,hybrid,cold,629187
3890,hybrid,cold,668731
3891,hybrid,cold,623336
3892,hybrid,cold,620401
3893,hybrid,cold,637833
3894,hybrid,cold,625720
3895,hybrid,cold,624107
3896,hybrid,cold,625751
3897,hybrid,cold,673429
3898,hybrid,cold,630179
3899,hybrid,cold,627464
3900,hybrid,cold,643905
3901,hybrid,cold,626933
3902,hybrid,cold,634377
3903,hybrid,cold,638334
3904,hybrid,cold,631431
3905,hybrid,cold,623195
3906,hybrid,cold,627905
3907,hybrid,cold,623046
3908,hybrid,cold,623506
3909,hybrid,cold,622926
3910,hybrid,cold,665064
3911,hybrid,cold,627454
3912,hybrid,cold,629798
3913,hybrid,cold,641369
3914,hybrid,cold,627073
3915,hybrid,cold,627334
3916,hybrid,cold,622665
3917,hybrid,cold,635348
3918,hybrid,cold,625901
3919,hybrid,cold,626381
3920,hybrid,cold,649585
3921,hybrid,cold,638134
3922,hybrid,cold,626633
3923,hybrid,cold,624569
3924,hybrid,cold,632192
3925,hybrid,cold,632443
3926,hybrid,cold,622755
3927,hybrid,cold,619238
3928,hybrid,cold,623126
3929,hybrid,cold,622113
3930,hybrid,cold,634768
3931,hybrid,cold,625269
3932,hybrid,cold,649545
3933,hybrid,cold,647542
3934,hybrid,cold,626993
3935,hybrid,cold,625190
3936,hybrid,cold,620291
3937,hybrid,cold,667799
3938,hybrid,cold,628876
3939,hybrid,cold,626873
3940,hybrid,cold,623316
3941,hybrid,cold,624048
3942,hybrid,cold,617696
3943,hybrid,cold,635289
3944,hybrid,cold,624538
3945,hybrid,cold,630058
3946,hybrid,cold,645788
3947,hybrid,cold,631141
3948,hybrid,cold,621072
3949,hybrid,cold,624388
3950,hybrid,cold,630199
3951,hybrid,cold,623917
3952,hybrid,cold,640849
3953,hybrid,cold,643964
3954,hybrid,cold,626281
3955,hybrid,cold,632383
3956,hybrid,cold,637683
3957,hybrid,cold,625429
3958,hybrid,cold,618988
3959,hybrid,cold,624268
3960,hybrid,cold,625280
3961,hybrid,cold,634847
3962,hybrid,cold,628225
3963,hybrid,cold,647972
3964,hybrid,cold,624478
3965,hybrid,cold,633635
3966,hybrid,cold,646089
3967,hybrid,cold,629868
3968,hybrid,cold,628826
3969,hybrid,cold,623266
3970,hybrid,cold,629437
3971,hybrid,cold,632362
3972,hybrid,cold,622715
3973,hybrid,cold,643734
3974,hybrid,cold,620811
3975,hybrid,cold,640939
3976,hybrid,cold,638324
3977,hybrid,cold,624498
3978,hybrid,cold,634958
3979,hybrid,cold,626832
3980,hybrid,cold,628185
3981,hybrid,cold,629117
3982,hybrid,cold,624578
3983,hybrid,cold,644395
3984,hybrid,cold,625079
3985,hybrid,cold,625671
3986,hybrid,cold,642542
3987,hybrid,cold,624969
3988,hybrid,cold,623245
3989,hybrid,cold,624749
3990,hybrid,cold,673590
3991,hybrid,cold,623346
3992,hybrid,cold,622795
3993,hybrid,cold,636721
3994,hybrid,cold,632203
3995,hybrid,cold,627093
3996,hybrid,cold,645006
3997,hybrid,cold,626452
3998,hybrid,cold,627915
3999,hybrid,cold,623957
4000,hybrid,cold,644536
4001,hybrid,cold,623145
4002,hybrid,cold,627423
4003,hybrid,cold,644295
4004,hybrid,cold,621813
4005,hybrid,cold,624879
4006,hybrid,cold,625320
4007,hybrid,cold,625199
4008,hybrid,cold,622444
4009,hybrid,cold,619679
4010,hybrid,cold,630268
4011,hybrid,cold,630329
4012,hybrid,cold,634647
4013,hybrid,cold,643614
4014,hybrid,cold,621342
4015,hybrid,cold,624658
4016,hybrid,cold,627053
4017,hybrid,cold,710469
4018,hybrid,cold,628906
4019,hybrid,cold,637503
4020,hybrid,cold,624879
4021,hybrid,cold,623897
4022,hybrid,cold,624187
4023,hybrid,cold,635649
4024,hybrid,cold,632493
4025,hybrid,cold,688017
4026,hybrid,cold,646179
4027,hybrid,cold,620611
4028,hybrid,cold,622494
4029,hybrid,cold,685121
4030,hybrid,cold,674762
4031,hybrid,cold,624248
4032,hybrid,cold,618687
4033,hybrid,cold,626481
4034,hybrid,cold,649014
4035,hybrid,cold,720327
4036,hybrid,cold,627363
4037,hybrid,cold,622875
4038,hybrid,cold,627002
4039,hybrid,cold,628816
4040,hybrid,cold,621052
4041,hybrid,cold,642962
4042,hybrid,cold,677988
4043,hybrid,cold,627254
4044,hybrid,cold,623937
4045,hybrid,cold,644656
4046,hybrid,cold,626552
4047,hybrid,cold,626382
4048,hybrid,cold,620912
4049,hybrid,cold,631942
4050,hybrid,cold,651529
4051,hybrid,cold,631341
4052,hybrid,cold,651889
4053,hybrid,cold,622495
4054,hybrid,cold,624729
4055,hybrid,cold,643173
4056,hybrid,cold,691353
4057,hybrid,cold,635218
4058,hybrid,cold,700671
4059,hybrid,cold,631912
4060,hybrid,cold,647842
4061,hybrid,cold,648664
4062,hybrid,cold,628927
4063,hybrid,cold,629037
4064,hybrid,cold,630329
4065,hybrid,cold,622003
4066,hybrid,cold,648293
4067,hybrid,cold,628926
4068,hybrid,cold,645327
4069,hybrid,cold,626702
4070,hybrid,cold,627374
4071,hybrid,cold,640558
4072,hybrid,cold,631241
4073,hybrid,cold,625159
4074,hybrid,cold,650888
4075,hybrid,cold,629447
4076,hybrid,cold,622123
4077,hybrid,cold,627023
4078,hybrid,cold,647110
4079,hybrid,cold,628345
4080,hybrid,cold,626201
4081,hybrid,cold,646990
4082,hybrid,cold,627524
4083,hybrid,cold,628777
4084,hybrid,cold,623467
4085,hybrid,cold,624868
4086,hybrid,cold,628525
4087,hybrid,cold,624869
4088,hybrid,cold,647701
4089,hybrid,cold,623376
4090,hybrid,cold,623646
4091,hybrid,cold,643204
4092,hybrid,cold,640178
4093,hybrid,cold,636561
4094,hybrid,cold,647131
4095,hybrid,cold,624088
4096,hybrid,cold,625359
4097,hybrid,cold,675323
4098,hybrid,cold,645468
4099,hybrid,cold,629338
4100,hybrid,cold,670854
4101,hybrid,cold,640558
4102,hybrid,cold,630139
4103,hybrid,cold,629888
4104,hybrid,cold,626602
4105,hybrid,cold,624007
4106,hybrid,cold,631351
4107,hybrid,cold,621533
4108,hybrid,cold,624909
4109,hybrid,cold,623857
4110,hybrid,cold,645307
4111,hybrid,cold,628736
4112,hybrid,cold,627133
4113,hybrid,cold,626031
4114,hybrid,cold,624207
4115,hybrid,cold,625199
4116,hybrid,cold,624649
4117,hybrid,cold,643994
4118,hybrid,cold,623606
4119,hybrid,cold,625941
4120,hybrid,cold,645367
4121,hybrid,cold,628636
4122,hybrid,cold,627373
4123,hybrid,cold,635439
4124,hybrid,cold,625831
4125,hybrid,cold,625971
4126,hybrid,cold,623466
4127,hybrid,cold,651579
4128,hybrid,cold,622855
4129,hybrid,cold,627042
4130,hybrid,cold,644886
4131,hybrid,cold,627013
4132,hybrid,cold,629277
4133,hybrid,cold,624187
4134,hybrid,cold,628546
4135,hybrid,cold,646219
4136,hybrid,cold,623547
4137,hybrid,cold,645648
4138,hybrid,cold,625289
4139,hybrid,cold,620280
4140,hybrid,cold,640388
4141,hybrid,cold,629748
4142,hybrid,cold,644485
4143,hybrid,cold,639386
4144,hybrid,cold,622785
4145,hybrid,cold,628165
4146,hybrid,cold,628516
4147,hybrid,cold,640188
4148,hybrid,cold,626492
4149,hybrid,cold,623336
4150,hybrid,cold,644756
4151,hybrid,cold,625239
4152,hybrid,cold,623747
4153,hybrid,cold,626171
4154,hybrid,cold,623657
4155,hybrid,cold,621803
4156,hybrid,cold,622725
4157,hybrid,cold,641330
4158,hybrid,cold,624468
4159,hybrid,cold,622955
4160,hybrid,cold,638083
4161,hybrid,cold,626151
4162,hybrid,cold,795428
4163,hybrid,cold,653783
4164,hybrid,cold,626091
4165,hybrid,cold,625601
4166,hybrid,cold,646960
4167,hybrid,cold,626081
4168,hybrid,cold,623957
4169,hybrid,cold,627434
4170,hybrid,cold,641740
4171,hybrid,cold,623456
4172,hybrid,cold,618386
4173,hybrid,cold,633726
4174,hybrid,cold,634617
4175,hybrid,cold,626432
4176,hybrid,cold,640528
4177,hybrid,cold,626792
4178,hybrid,cold,630760
4179,hybrid,cold,621874
4180,hybrid,cold,638825
4181,hybrid,cold,623105
4182,hybrid,cold,625139
4183,hybrid,cold,646009
4184,hybrid,cold,628315
4185,hybrid,cold,680653
4186,hybrid,cold,627704
4187,hybrid,cold,623235
4188,hybrid,cold,623586
4189,hybrid,cold,618717
4190,hybrid,cold,644095
4191,hybrid,cold,627343
4192,hybrid,cold,625540
4193,hybrid,cold,645017
4194,hybrid,cold,626382
4195,hybrid,cold,628646
4196,hybrid,cold,626232
4197,hybrid,cold,626001
4198,hybrid,cold,626833
4199,hybrid,cold,621242
4200,hybrid,cold,633685
4201,hybrid,cold,637392
4202,hybrid,cold,630228
4203,hybrid,cold,636381
4204,hybrid,cold,626432
4205,hybrid,cold,624228
4206,hybrid,cold,619388
4207,hybrid,cold,623787
4208,hybrid,cold,621513
4209,hybrid,cold,633234
4210,hybrid,cold,643324
4211,hybrid,cold,628335
4212,hybrid,cold,626502
4213,hybrid,cold,622244
4214,hybrid,cold,634998
4215,hybrid,cold,628325
4216,hybrid,cold,621012
4217,hybrid,cold,640298
4218,hybrid,cold,622073
4219,hybrid,cold,623647
4220,hybrid,cold,639686
4221,hybrid,cold,620200
4222,hybrid,cold,619850
4223,hybrid,cold,623937
4224,hybrid,cold,625580
4225,hybrid,cold,626131
4226,hybrid,cold,624077
4227,hybrid,cold,638314
4228,hybrid,cold,661767
4229,hybrid,cold,625560
4230,hybrid,cold,643614
4231,hybrid,cold,623987
4232,hybrid,cold,625059
4233,hybrid,cold,645968
4234,hybrid,cold,621623
4235,hybrid,cold,626963
4236,hybrid,cold,622043
4237,hybrid,cold,624648
4238,hybrid,cold,624488
4239,hybrid,cold,625631
4240,hybrid,cold,647862
4241,hybrid,cold,627654
4242,hybrid,cold,624007
4243,hybrid,cold,621994
4244,hybrid,cold,622805
4245,hybrid,cold,716580
4246,hybrid,cold,630008
4247,hybrid,cold,622615
4248,hybrid,cold,624007
4249,hybrid,cold,624448
4250,hybrid,cold,632363
4251,hybrid,cold,624208
4252,hybrid,cold,686093
4253,hybrid,cold,625750
4254,hybrid,cold,619910
4255,hybrid,cold,642472
4256,hybrid,cold,625069
4257,hybrid,cold,624959
4258,hybrid,cold,641210
4259,hybrid,cold,624268
4260,hybrid,cold,626281
4261,hybrid,cold,627814
4262,hybrid,cold,624909
4263,hybrid,cold,621913
4264,hybrid,cold,631581
4265,hybrid,cold,643874
4266,hybrid,cold,624237
4267,hybrid,cold,623356
4268,hybrid,cold,666096
4269,hybrid,cold,625139
4270,hybrid,cold,623696
4271,hybrid,cold,636381
4272,hybrid,cold,627694
4273,hybrid,cold,624158
4274,hybrid,cold,620060
4275,hybrid,cold,622485
4276,hybrid,cold,619448
4277,hybrid,cold,621172
4278,hybrid,cold,636541
4279,hybrid,cold,627373
4280,hybrid,cold,644024
4281,hybrid,cold,639947
4282,hybrid,cold,638745
4283,hybrid,cold,640187
4284,hybrid,cold,640407
4285,hybrid,cold,653142
4286,hybrid,cold,637142
4287,hybrid,cold,635679
4288,hybrid,cold,653612
4289,hybrid,cold,641300
4290,hybrid,cold,640679
4291,hybrid,cold,665685
4292,hybrid,cold,655887
4293,hybrid,cold,639537
4294,hybrid,cold,638424
4295,hybrid,cold,638093
4296,hybrid,cold,637583
4297,hybrid,cold,638424
4298,hybrid,cold,653803
4299,hybrid,cold,628446
4300,hybrid,cold,643864
4301,hybrid,cold,627393
4302,hybrid,cold,622144
4303,hybrid,cold,621723
4304,hybrid,cold,619619
4305,hybrid,cold,628365
4306,hybrid,cold,623296
4307,hybrid,cold,624979
4308,hybrid,cold,646059
4309,hybrid,cold,621853
4310,hybrid,cold,628135
4311,hybrid,cold,664994
4312,hybrid,cold,624599
4313,hybrid,cold,648583
4314,hybrid,cold,622705
4315,hybrid,cold,624908
4316,hybrid,cold,623266
4317,hybrid,cold,625761
4318,hybrid,cold,641760
4319,hybrid,cold,621582
4320,hybrid,cold,624347
4321,hybrid,cold,620661
4322,hybrid,cold,620390
4323,hybrid,cold,623967
4324,hybrid,cold,624378
4325,hybrid,cold,666627
4326,hybrid,cold,632022
4327,hybrid,cold,625690
4328,hybrid,cold,627394
4329,hybrid,cold,626472
4330,hybrid,cold,629186
4331,hybrid,cold,640638
4332,hybrid,cold,629798
4333,hybrid,cold,625309
4334,hybrid,cold,620922
4335,hybrid,cold,626642
4336,hybrid,cold,618476
4337,hybrid,cold,625310
4338,hybrid,cold,628115
4339,hybrid,cold,626853
4340,hybrid,cold,629117
4341,hybrid,cold,642842
4342,hybrid,cold,628135
4343,hybrid,cold,622324
4344,hybrid,cold,621603
4345,hybrid,cold,626722
4346,hybrid,cold,627855
4347,hybrid,cold,623186
4348,hybrid,cold,639907
4349,hybrid,cold,628696
4350,hybrid,cold,646599
4351,hybrid,cold,652140
4352,hybrid,cold,622064
4353,hybrid,cold,649195
4354,hybrid,cold,651428
4355,hybrid,cold,629137
4356,hybrid,cold,626982
4357,hybrid,cold,645547
4358,hybrid,cold,628396
4359,hybrid,cold,625400
4360,hybrid,cold,642632
4361,hybrid,cold,662850
4362,hybrid,cold,627584
4363,hybrid,cold,631511
4364,hybrid,cold,646690
4365,hybrid,cold,623816
4366,hybrid,cold,626522
4367,hybrid,cold,622003
4368,hybrid,cold,646108
4369,hybrid,cold,625740
4370,hybrid,cold,624588
4371,hybrid,cold,643173
4372,hybrid,cold,651198
4373,hybrid,cold,632173
4374,hybrid,cold,656037
4375,hybrid,cold,632793
4376,hybrid,cold,673861
4377,hybrid,cold,639136
4378,hybrid,cold,630790
4379,hybrid,cold,622605
4380,hybrid,cold,623216
4381,hybrid,cold,642562
4382,hybrid,cold,626151
4383,hybrid,cold,622945
4384,hybrid,cold,626883
4385,hybrid,cold,622264
4386,hybrid,cold,619900
4387,hybrid,cold,619950
4388,hybrid,cold,622435
4389,hybrid,cold,622945
4390,hybrid,cold,622224
4391,hybrid,cold,640307
4392,hybrid,cold,622744
4393,hybrid,cold,623917
4394,hybrid,cold,623236
4395,hybrid,cold,625029
4396,hybrid,cold,652460
4397,hybrid,cold,626933
4398,hybrid,cold,644796
4399,hybrid,cold,627985
4400,hybrid,cold,624137
4401,hybrid,cold,639917
4402,hybrid,cold,634668
4403,hybrid,cold,623406
4404,hybrid,cold,620851
4405,hybrid,cold,623046
4406,hybrid,cold,627484
4407,hybrid,cold,622925
4408,hybrid,cold,640397
4409,hybrid,cold,625690
4410,hybrid,cold,621853
4411,hybrid,cold,638404
4412,hybrid,cold,625771
4413,hybrid,cold,623556
4414,hybrid,cold,623947
4415,hybrid,cold,623846
4416,hybrid,cold,626412
4417,hybrid,cold,621513
4418,hybrid,cold,650167
4419,hybrid,cold,619749
4420,hybrid,cold,626612
4421,hybrid,cold,650838
4422,hybrid,cold,622345
4423,hybrid,cold,622124
4424,hybrid,cold,624128
4425,hybrid,cold,622905
4426,hybrid,cold,626892
4427,hybrid,cold,624498
4428,hybrid,cold,649345
4429,hybrid,cold,637452
4430,hybrid,cold,656829
4431,hybrid,cold,757437
4432,hybrid,cold,900895
4433,hybrid,cold,635348
4434,hybrid,cold,621532
4435,hybrid,cold,649375
4436,hybrid,cold,622214
4437,hybrid,cold,623877
4438,hybrid,cold,626241
4439,hybrid,cold,628335
4440,hybrid,cold,640568
4441,hybrid,cold,623236
4442,hybrid,cold,627864
4443,hybrid,cold,640458
4444,hybrid,cold,673670
4445,hybrid,cold,622614
4446,hybrid,cold,667679
4447,hybrid,cold,631330
4448,hybrid,cold,625530
4449,hybrid,cold,624227
4450,hybrid,cold,626672
4451,hybrid,cold,627895
4452,hybrid,cold,620942
4453,hybrid,cold,640569
4454,hybrid,cold,626673
4455,hybrid,cold,624418
4456,hybrid,cold,655977
4457,hybrid,cold,625220
4458,hybrid,cold,631160
4459,hybrid,cold,626071
4460,hybrid,cold,624519
4461,hybrid,cold,621983
4462,hybrid,cold,624177
4463,hybrid,cold,681926
4464,hybrid,cold,627764
4465,hybrid,cold,625250
4466,hybrid,cold,636992
4467,hybrid,cold,626421
4468,hybrid,cold,621122
4469,hybrid,cold,625270
4470,hybrid,cold,621161
4471,hybrid,cold,626422
4472,hybrid,cold,627644
4473,hybrid,cold,638104
4474,hybrid,cold,628516
4475,hybrid,cold,622445
4476,hybrid,cold,641610
4477,hybrid,cold,628626
4478,hybrid,cold,625340
4479,hybrid,cold,637583
4480,hybrid,cold,680142
4481,hybrid,cold,626342
4482,hybrid,cold,623065
4483,hybrid,cold,648803
4484,hybrid,cold,633825
4485,hybrid,cold,623536
4486,hybrid,cold,635638
4487,hybrid,cold,628205
4488,hybrid,cold,624127
4489,hybrid,cold,626432
4490,hybrid,cold,625459
4491,hybrid,cold,628937
4492,hybrid,cold,631030
4493,hybrid,cold,647581
4494,hybrid,cold,624117
4495,hybrid,cold,639997
4496,hybrid,cold,629217
4497,hybrid,cold,621893
4498,hybrid,cold,630079
4499,hybrid,cold,624889
4500,hybrid,cold,637693
4501,hybrid,cold,625130
4502,hybrid,cold,619358
4503,hybrid,cold,636410
4504,hybrid,cold,623837
4505,hybrid,cold,619358
4506,hybrid,cold,627063
4507,hybrid,cold,625510
4508,hybrid,cold,627223
4509,hybrid,cold,626662
4510,hybrid,cold,644055
4511,hybrid,cold,633705
4512,hybrid,cold,633225
4513,hybrid,cold,646679
4514,hybrid,cold,630279
4515,hybrid,cold,650347
4516,hybrid,cold,630188
4517,hybrid,cold,626502
4518,hybrid,cold,619369
4519,hybrid,cold,626281
4520,hybrid,cold,624538
4521,hybrid,cold,621933
4522,hybrid,cold,625640
4523,hybrid,cold,644045
4524,hybrid,cold,631551
4525,hybrid,cold,628185
4526,hybrid,cold,640829
4527,hybrid,cold,629257
4528,hybrid,cold,648483
4529,hybrid,cold,627213
4530,hybrid,cold,628696
4531,hybrid,cold,635840
4532,hybrid,cold,624147
4533,hybrid,cold,643193
4534,hybrid,cold,622966
4535,hybrid,cold,623536
4536,hybrid,cold,636401
4537,hybrid,cold,622304
4538,hybrid,cold,626722
4539,hybrid,cold,626542
4540,hybrid,cold,627083
4541,hybrid,cold,632372
4542,hybrid,cold,621553
4543,hybrid,cold,651348
4544,hybrid,cold,636080
4545,hybrid,cold,626542
4546,hybrid,cold,630630
4547,hybrid,cold,629447
4548,hybrid,cold,622244
4549,hybrid,cold,626833
4550,hybrid,cold,627013
4551,hybrid,cold,624668
4552,hybrid,cold,623817
4553,hybrid,cold,702094
4554,hybrid,cold,633755
4555,hybrid,cold,625450
4556,hybrid,cold,668100
4557,hybrid,cold,627003
4558,hybrid,cold,626913
4559,hybrid,cold,625470
4560,hybrid,cold,638665
4561,hybrid,cold,627223
4562,hybrid,cold,628125
4563,hybrid,cold,638143
4564,hybrid,cold,627033
4565,hybrid,cold,661237
4566,hybrid,cold,636410
4567,hybrid,cold,624117
4568,hybrid,cold,645027
4569,hybrid,cold,623246
4570,hybrid,cold,626552
4571,hybrid,cold,627243
4572,hybrid,cold,626161
4573,hybrid,cold,648102
4574,hybrid,cold,624177
4575,hybrid,cold,630730
4576,hybrid,cold,641450
4577,hybrid,cold,627694
4578,hybrid,cold,625359
4579,hybrid,cold,628145
4580,hybrid,cold,630499
4581,hybrid,cold,629077
4582,hybrid,cold,621743
4583,hybrid,cold,643193
4584,hybrid,cold,624828
4585,hybrid,cold,627233
4586,hybrid,cold,638825
4587,hybrid,cold,619398
4588,hybrid,cold,628356
4589,hybrid,cold,625851
4590,hybrid,cold,620781
4591,hybrid,cold,623927
4592,hybrid,cold,626823
4593,hybrid,cold,640168
4594,hybrid,cold,627744
4595,hybrid,cold,637493
4596,hybrid,cold,621433
4597,hybrid,cold,625770
4598,hybrid,cold,624979
4599,hybrid,cold,621623
4600,hybrid,cold,650337
4601,hybrid,cold,620120
4602,hybrid,cold,619149
4603,hybrid,cold,637773
4604,hybrid,cold,627594
4605,hybrid,cold,623035
4606,hybrid,cold,634106
4607,hybrid,cold,621803
4608,hybrid,cold,657580
4609,hybrid,cold,632022
4610,hybrid,cold,628134
4611,hybrid,cold,640809
4612,hybrid,cold,624057
4613,hybrid,cold,651289
4614,hybrid,cold,623496
4615,hybrid,cold,626281
4616,hybrid,cold,645608
4617,hybrid,cold,624098
4618,hybrid,cold,625600
4619,hybrid,cold,624458
4620,hybrid,cold,628435
4621,hybrid,cold,629878
4622,hybrid,cold,622284
4623,hybrid,cold,641530
4624,hybrid,cold,630930
4625,hybrid,cold,623576
4626,hybrid,cold,675894
4627,hybrid,cold,637433
4628,hybrid,cold,629067
4629,hybrid,cold,625290
4630,hybrid,cold,625480
4631,hybrid,cold,626392
4632,hybrid,cold,620230
4633,hybrid,cold,665645
4634,hybrid,cold,682496
4635,hybrid,cold,749572
4636,hybrid,cold,731348
4637,hybrid,cold,643022
4638,hybrid,cold,629156
4639,hybrid,cold,625780
4640,hybrid,cold,622855
4641,hybrid,cold,621493
4642,hybrid,cold,640598
4643,hybrid,cold,622014
4644,hybrid,cold,632954
4645,hybrid,cold,646549
4646,hybrid,cold,626943
4647,hybrid,cold,626602
4648,hybrid,cold,654714
4649,hybrid,cold,633064
4650,hybrid,cold,634778
4651,hybrid,cold,644045
4652,hybrid,cold,625800
4653,hybrid,cold,625330
4654,hybrid,cold,624648
4655,hybrid,cold,623607
4656,hybrid,cold,622744
4657,hybrid,cold,623286
4658,hybrid,cold,645186
4659,hybrid,cold,622865
4660,hybrid,cold,624588
4661,hybrid,cold,637061
4662,hybrid,cold,623586
4663,hybrid,cold,623336
4664,hybrid,cold,622704
4665,hybrid,cold,627814
4666,hybrid,cold,620370
4667,hybrid,cold,623677
4668,hybrid,cold,621042
4669,hybrid,cold,620230
4670,hybrid,cold,625069
4671,hybrid,cold,641079
4672,hybrid,cold,621613
4673,hybrid,cold,626853
4674,hybrid,cold,5624921
4675,hybrid,cold,628636
4676,hybrid,cold,632643
4677,hybrid,cold,619790
4678,hybrid,cold,620620
4679,hybrid,cold,637413
4680,hybrid,cold,625259
4681,hybrid,cold,621673
4682,hybrid,cold,638304
4683,hybrid,cold,650326
4684,hybrid,cold,625980
4685,hybrid,cold,691414
4686,hybrid,cold,658662
4687,hybrid,cold,652290
4688,hybrid,cold,642802
4689,hybrid,cold,624999
4690,hybrid,cold,629247
4691,hybrid,cold,645948
4692,hybrid,cold,625339
4693,hybrid,cold,633865
4694,hybrid,cold,640528
4695,hybrid,cold,727361
4696,hybrid,cold,643895
4697,hybrid,cold,627073
4698,hybrid,cold,777594
4699,hybrid,cold,672518
4700,hybrid,cold,652540
4701,hybrid,cold,624588
4702,hybrid,cold,950908
4703,hybrid,cold,689400
4704,hybrid,cold,640478
4705,hybrid,cold,804004
4706,hybrid,cold,793544
4707,hybrid,cold,650086
4708,hybrid,cold,623136
4709,hybrid,cold,693557
4710,hybrid,cold,682317
4711,hybrid,cold,697925
4712,hybrid,cold,659434
4713,hybrid,cold,689269
4714,hybrid,cold,672047
4715,hybrid,cold,695080
4716,hybrid,cold,629508
4717,hybrid,cold,645657
4718,hybrid,cold,792342
4719,hybrid,cold,728553
4720,hybrid,cold,647902
4721,hybrid,cold,646840
4722,hybrid,cold,633535
4723,hybrid,cold,669282
4724,hybrid,cold,675804
4725,hybrid,cold,649555
4726,hybrid,cold,649695
4727,hybrid,cold,668811
4728,hybrid,cold,645557
4729,hybrid,cold,685532
4730,hybrid,cold,659414
4731,hybrid,cold,641671
4732,hybrid,cold,653522
4733,hybrid,cold,622785
4734,hybrid,cold,624098
4735,hybrid,cold,649635
4736,hybrid,cold,625470
4737,hybrid,cold,621693
4738,hybrid,cold,638013
4739,hybrid,cold,623967
4740,hybrid,cold,624618
4741,hybrid,cold,645247
4742,hybrid,cold,624158
4743,hybrid,cold,626542
4744,hybrid,cold,635839
4745,hybrid,cold,637763
4746,hybrid,cold,622865
4747,hybrid,cold,625851
4748,hybrid,cold,621653
4749,hybrid,cold,625620
4750,hybrid,cold,623466
4751,hybrid,cold,763247
4752,hybrid,cold,649715
4753,hybrid,cold,663962
4754,hybrid,cold,646569
4755,hybrid,cold,654294
4756,hybrid,cold,665805
4757,hybrid,cold,657911
4758,hybrid,cold,648924
4759,hybrid,cold,662650
4760,hybrid,cold,646469
4761,hybrid,cold,618647
4762,hybrid,cold,645888
4763,hybrid,cold,643133
4764,hybrid,cold,626031
4765,hybrid,cold,644085
4766,hybrid,cold,623166
4767,hybrid,cold,625249
4768,hybrid,cold,640578
4769,hybrid,cold,625761
4770,hybrid,cold,622774
4771,hybrid,cold,640508
4772,hybrid,cold,627554
4773,hybrid,cold,627463
4774,hybrid,cold,677607
4775,hybrid,cold,627103
4776,hybrid,cold,797391
4777,hybrid,cold,695511
4778,hybrid,cold,638514
4779,hybrid,cold,731298
4780,hybrid,cold,719656
4781,hybrid,cold,707013
4782,hybrid,cold,711380
4783,hybrid,cold,668400
4784,hybrid,cold,717793
4785,hybrid,cold,673169
4786,hybrid,cold,648904
4787,hybrid,cold,638004
4788,hybrid,cold,687687
4789,hybrid,cold,655235
4790,hybrid,cold,883493
4791,hybrid,cold,930230
4792,hybrid,cold,995783
4793,hybrid,cold,719786
4794,hybrid,cold,642071
4795,hybrid,cold,664322
4796,hybrid,cold,1004829
4797,hybrid,cold,1159929
4798,hybrid,cold,930140
4799,hybrid,cold,758920
4800,hybrid,cold,727631
4801,hybrid,cold,797642
4802,hybrid,cold,772555
4803,hybrid,cold,744533
4804,hybrid,cold,699728
4805,hybrid,cold,662790
4806,hybrid,cold,643784
4807,hybrid,cold,690782
4808,hybrid,cold,725357
4809,hybrid,cold,750674
4810,hybrid,cold,730627
4811,hybrid,cold,693818
4812,hybrid,cold,1094076
4813,hybrid,cold,1019457
4814,hybrid,cold,827167
4815,hybrid,cold,660475
4816,hybrid,cold,713124
4817,hybrid,cold,730326
4818,hybrid,cold,864186
4819,hybrid,cold,757828
4820,hybrid,cold,644856
4821,hybrid,cold,651338
4822,hybrid,cold,625731
4823,hybrid,cold,621783
4824,hybrid,cold,650146
4825,hybrid,cold,631912
4826,hybrid,cold,643353
4827,hybrid,cold,650206
4828,hybrid,cold,625080
4829,hybrid,cold,625159
4830,hybrid,cold,641009
4831,hybrid,cold,624718
4832,hybrid,cold,623967
4833,hybrid,cold,646509
4834,hybrid,cold,624358
4835,hybrid,cold,623116
4836,hybrid,cold,641170
4837,hybrid,cold,627484
4838,hybrid,cold,626251
4839,hybrid,cold,631331
4840,hybrid,cold,621793
4841,hybrid,cold,619248
4842,hybrid,cold,621983
4843,hybrid,cold,622184
4844,hybrid,cold,621682
4845,hybrid,cold,622214
4846,hybrid,cold,629287
4847,hybrid,cold,622444
4848,hybrid,cold,624138
4849,hybrid,cold,682186
4850,hybrid,cold,625370
4851,hybrid,cold,634257
4852,hybrid,cold,648664
4853,hybrid,cold,622034
4854,hybrid,cold,625180
4855,hybrid,cold,654144
4856,hybrid,cold,622434
4857,hybrid,cold,687395
4858,hybrid,cold,755253
4859,hybrid,cold,643353
4860,hybrid,cold,628044
4861,hybrid,cold,669492
4862,hybrid,cold,647010
4863,hybrid,cold,640037
4864,hybrid,cold,648563
4865,hybrid,cold,773988
4866,hybrid,cold,645888
4867,hybrid,cold,637062
4868,hybrid,cold,638625
4869,hybrid,cold,639707
4870,hybrid,cold,622375
4871,hybrid,cold,618597
4872,hybrid,cold,624488
4873,hybrid,cold,658421
4874,hybrid,cold,629768
4875,hybrid,cold,623226
4876,hybrid,cold,626102
4877,hybrid,cold,619409
4878,hybrid,cold,631351
4879,hybrid,cold,619879
4880,hybrid,cold,645738
4881,hybrid,cold,620972
4882,hybrid,cold,626061
4883,hybrid,cold,628906
4884,hybrid,cold,627443
4885,hybrid,cold,626512
4886,hybrid,cold,623326
4887,hybrid,cold,631250
4888,hybrid,cold,627313
4889,hybrid,cold,624728
4890,hybrid,cold,625270
4891,hybrid,cold,622825
4892,hybrid,cold,623426
4893,hybrid,cold,626933
4894,hybrid,cold,651769
4895,hybrid,cold,637061
4896,hybrid,cold,628987
4897,hybrid,cold,652390
4898,hybrid,cold,631512
4899,hybrid,cold,638534
4900,hybrid,cold,623988
4901,hybrid,cold,620440
4902,hybrid,cold,619088
4903,hybrid,cold,644756
4904,hybrid,cold,634356
4905,hybrid,cold,623406
4906,hybrid,cold,651218
4907,hybrid,cold,635087
4908,hybrid,cold,624007
4909,hybrid,cold,645337
4910,hybrid,cold,623205
4911,hybrid,cold,626753
4912,hybrid,cold,652301
4913,hybrid,cold,634968
4914,hybrid,cold,621051
4915,hybrid,cold,648874
4916,hybrid,cold,629247
4917,hybrid,cold,645577
4918,hybrid,cold,652290
4919,hybrid,cold,630540
4920,hybrid,cold,625500
4921,hybrid,cold,643664
4922,hybrid,cold,625781
4923,hybrid,cold,629618
4924,hybrid,cold,640818
4925,hybrid,cold,629678
4926,hybrid,cold,637573
4927,hybrid,cold,627083
4928,hybrid,cold,626522
4929,hybrid,cold,633986
4930,hybrid,cold,625219
4931,hybrid,cold,627343
4932,hybrid,cold,621973
4933,hybrid,cold,619940
4934,hybrid,cold,635419
4935,hybrid,cold,641230
4936,hybrid,cold,630390
4937,hybrid,cold,643143
4938,hybrid,cold,629468
4939,hybrid,cold,761174
4940,hybrid,cold,672237
4941,hybrid,cold,627785
4942,hybrid,cold,654213
4943,hybrid,cold,625590
4944,hybrid,cold,646229
4945,hybrid,cold,666697
4946,hybrid,cold,640458
4947,hybrid,cold,633315
4948,hybrid,cold,656267
4949,hybrid,cold,635158
4950,hybrid,cold,629978
4951,hybrid,cold,642091
4952,hybrid,cold,678679
4953,hybrid,cold,633956
4954,hybrid,cold,670244
4955,hybrid,cold,635308
4956,hybrid,cold,640718
4957,hybrid,cold,633445
4958,hybrid,cold,641890
4959,hybrid,cold,637182
4960,hybrid,cold,647361
4961,hybrid,cold,644616
4962,hybrid,cold,643874
4963,hybrid,cold,645647
4964,hybrid,cold,649615
4965,hybrid,cold,649104
4966,hybrid,cold,646209
4967,hybrid,cold,654945
4968,hybrid,cold,644967
4969,hybrid,cold,639356
4970,hybrid,cold,661387
4971,hybrid,cold,646759
4972,hybrid,cold,642231
4973,hybrid,cold,674251
4974,hybrid,cold,651779
4975,hybrid,cold,647080
4976,hybrid,cold,661377
4977,hybrid,cold,646790
4978,hybrid,cold,643333
4979,hybrid,cold,643132
4980,hybrid,cold,661698
4981,hybrid,cold,650907
4982,hybrid,cold,655345
4983,hybrid,cold,655185
4984,hybrid,cold,652170
4985,hybrid,cold,651519
4986,hybrid,cold,653522
4987,hybrid,cold,646649
4988,hybrid,cold,644676
4989,hybrid,cold,649776
4990,hybrid,cold,646209
4991,hybrid,cold,648273
4992,hybrid,cold,685782
4993,hybrid,cold,654484
4994,hybrid,cold,648784
4995,hybrid,cold,680353
4996,hybrid,cold,654244
4997,hybrid,cold,648653
4998,hybrid,cold,683920
4999,hybrid,cold,716660
5000,hybrid,cold,652400
5001,hybrid,cold,670083
5002,hybrid,cold,644075
5003,hybrid,cold,650587
5004,hybrid,cold,678079
5005,hybrid,cold,658572
5006,hybrid,cold,649866
5007,hybrid,cold,644035
5008,hybrid,cold,643334
5009,hybrid,cold,647211
5010,hybrid,cold,644025
5011,hybrid,cold,668411
5012,hybrid,cold,654625
5013,hybrid,cold,651208
5014,hybrid,cold,647501
5015,hybrid,cold,650597
5016,hybrid,cold,646208
5017,hybrid,cold,681695
5018,hybrid,cold,649104
5019,hybrid,cold,648714
5020,hybrid,cold,699568
5021,hybrid,cold,660896
5022,hybrid,cold,662869
5023,hybrid,cold,676104
5024,hybrid,cold,651649
5025,hybrid,cold,648694
5026,hybrid,cold,642211
5027,hybrid,cold,651229
5028,hybrid,cold,650978
5029,hybrid,cold,651719
5030,hybrid,cold,663531
5031,hybrid,cold,654654
5032,hybrid,cold,649074
5033,hybrid,cold,653663
5034,hybrid,cold,648833
5035,hybrid,cold,652831
5036,hybrid,cold,668631
5037,hybrid,cold,649405
5038,hybrid,cold,659584
5039,hybrid,cold,674391
5040,hybrid,cold,677156
5041,hybrid,cold,661186
5042,hybrid,cold,667258
5043,hybrid,cold,656729
5044,hybrid,cold,656007
5045,hybrid,cold,740815
5046,hybrid,cold,708415
5047,hybrid,cold,646860
5048,hybrid,cold,648432
5049,hybrid,cold,624498
5050,hybrid,cold,626362
5051,hybrid,cold,625590
5052,hybrid,cold,628265
5053,hybrid,cold,623135
5054,hybrid,cold,630309
5055,hybrid,cold,626362
5056,hybrid,cold,653933
5057,hybrid,cold,636651
5058,hybrid,cold,632362
5059,hybrid,cold,628626
5060,hybrid,cold,627434
5061,hybrid,cold,631091
5062,hybrid,cold,639917
5063,hybrid,cold,624598
5064,hybrid,cold,620360
5065,hybrid,cold,631902
5066,hybrid,cold,653121
5067,hybrid,cold,632924
5068,hybrid,cold,650768
5069,hybrid,cold,631311
5070,hybrid,cold,625550
5071,hybrid,cold,648343
5072,hybrid,cold,648763
5073,hybrid,cold,634446
5074,hybrid,cold,649665
5075,hybrid,cold,626993
5076,hybrid,cold,628205
5077,hybrid,cold,646129
5078,hybrid,cold,634016
5079,hybrid,cold,624558
5080,hybrid,cold,643013
5081,hybrid,cold,627374
5082,hybrid,cold,630629
5083,hybrid,cold,636371
5084,hybrid,cold,635669
5085,hybrid,cold,648242
5086,hybrid,cold,640397
5087,hybrid,cold,660756
5088,hybrid,cold,636561
5089,hybrid,cold,638735
5090,hybrid,cold,656939
5091,hybrid,cold,639857
5092,hybrid,cold,643474
5093,hybrid,cold,652721
5094,hybrid,cold,641680
5095,hybrid,cold,663411
5096,hybrid,cold,651699
5097,hybrid,cold,631131
5098,hybrid,cold,635979
5099,hybrid,cold,651338
5100,hybrid,cold,632553
5101,hybrid,cold,630570
5102,hybrid,cold,651869
5103,hybrid,cold,660555
5104,hybrid,cold,629157
5105,hybrid,cold,667028
5106,hybrid,cold,631090
5107,hybrid,cold,644336
5108,hybrid,cold,672037
5109,hybrid,cold,650537
5110,hybrid,cold,651939
5111,hybrid,cold,663251
5112,hybrid,cold,640298
5113,hybrid,cold,645277
5114,hybrid,cold,663160
5115,hybrid,cold,641300
5116,hybrid,cold,646028
5117,hybrid,cold,659113
5118,hybrid,cold,652571
5119,hybrid,cold,651138
5120,hybrid,cold,676145
5121,hybrid,cold,651830
5122,hybrid,cold,646880
5123,hybrid,cold,670785
5124,hybrid,cold,657099
5125,hybrid,cold,664453
5126,hybrid,cold,686744
5127,hybrid,cold,657830
5128,hybrid,cold,658872
5129,hybrid,cold,656448
5130,hybrid,cold,657199
5131,hybrid,cold,657901
5132,hybrid,cold,654955
5133,hybrid,cold,655927
5134,hybrid,cold,663281
5135,hybrid,cold,661267
5136,hybrid,cold,654635
5137,hybrid,cold,654845
5138,hybrid,cold,654093
5139,hybrid,cold,655847
5140,hybrid,cold,657129
5141,hybrid,cold,651398
5142,hybrid,cold,667168
5143,hybrid,cold,653533
5144,hybrid,cold,645958
5145,hybrid,cold,667658
5146,hybrid,cold,651439
5147,hybrid,cold,650788
5148,hybrid,cold,666687
5149,hybrid,cold,657861
5150,hybrid,cold,650987
5151,hybrid,cold,660847
5152,hybrid,cold,650206
5153,hybrid,cold,654364
5154,hybrid,cold,677608
5155,hybrid,cold,661317
5156,hybrid,cold,658372
5157,hybrid,cold,839891
5158,hybrid,cold,656768
5159,hybrid,cold,666497
5160,hybrid,cold,666336
5161,hybrid,cold,653923
5162,hybrid,cold,656398
5163,hybrid,cold,663451
5164,hybrid,cold,648523
5165,hybrid,cold,642461
5166,hybrid,cold,644245
5167,hybrid,cold,645047
5168,hybrid,cold,639606
5169,hybrid,cold,633906
5170,hybrid,cold,635028
5171,hybrid,cold,627724
5172,hybrid,cold,624027
5173,hybrid,cold,635568
5174,hybrid,cold,624288
5175,hybrid,cold,623997
5176,hybrid,cold,645638
5177,hybrid,cold,619479
5178,hybrid,cold,626392
5179,hybrid,cold,639646
5180,hybrid,cold,622294
5181,hybrid,cold,626382
5182,hybrid,cold,617635
5183,hybrid,cold,639927
5184,hybrid,cold,623176
5185,hybrid,cold,621964
5186,hybrid,cold,656929
5187,hybrid,cold,622314
5188,hybrid,cold,624468
5189,hybrid,cold,622454
5190,hybrid,cold,622585
5191,hybrid,cold,622454
5192,hybrid,cold,628546
5193,hybrid,cold,638044
5194,hybrid,cold,628565
5195,hybrid,cold,622214
5196,hybrid,cold,628035
5197,hybrid,cold,624939
5198,hybrid,cold,622524
5199,hybrid,cold,640347
5200,hybrid,cold,630189
5201,hybrid,cold,627003
5202,hybrid,cold,624227
5203,hybrid,cold,641510
5204,hybrid,cold,627344
5205,hybrid,cold,625980
5206,hybrid,cold,624087
5207,hybrid,cold,631441
5208,hybrid,cold,623226
5209,hybrid,cold,627374
5210,hybrid,cold,641139
5211,hybrid,cold,625911
5212,hybrid,cold,626101
5213,hybrid,cold,627013
5214,hybrid,cold,638875
5215,hybrid,cold,625260
5216,hybrid,cold,619118
5217,hybrid,cold,625711
5218,hybrid,cold,623426
5219,hybrid,cold,632784
5220,hybrid,cold,633075
5221,hybrid,cold,628245
5222,hybrid,cold,635018
5223,hybrid,cold,638515
5224,hybrid,cold,619960
5225,hybrid,cold,620430
5226,hybrid,cold,649545
5227,hybrid,cold,626722
5228,hybrid,cold,632323
5229,hybrid,cold,624147
5230,hybrid,cold,621012
5231,hybrid,cold,621683
5232,hybrid,cold,624218
5233,hybrid,cold,631071
5234,hybrid,cold,620100
5235,hybrid,cold,621202
5236,hybrid,cold,648583
5237,hybrid,cold,633254
5238,hybrid,cold,622234
5239,hybrid,cold,620501
5240,hybrid,cold,629387
5241,hybrid,cold,622274
5242,hybrid,cold,625710
5243,hybrid,cold,644005
5244,hybrid,cold,624678
5245,hybrid,cold,626512
5246,hybrid,cold,659975
5247,hybrid,cold,624889
5248,hybrid,cold,620010
5249,hybrid,cold,619088
5250,hybrid,cold,622524
5251,hybrid,cold,622975
5252,hybrid,cold,622955
5253,hybrid,cold,636470
5254,hybrid,cold,627194
5255,hybrid,cold,623176
5256,hybrid,cold,643995
5257,hybrid,cold,624408
5258,hybrid,cold,626532
5259,hybrid,cold,625860
5260,hybrid,cold,669001
5261,hybrid,cold,629919
5262,hybrid,cold,625730
5263,hybrid,cold,669953
5264,hybrid,cold,621943
5265,hybrid,cold,624298
5266,hybrid,cold,622264
5267,hybrid,cold,622424
5268,hybrid,cold,626492
5269,hybrid,cold,628786
5270,hybrid,cold,636741
5271,hybrid,cold,630219
5272,hybrid,cold,625000
5273,hybrid,cold,648222
5274,hybrid,cold,624849
5275,hybrid,cold,623335
5276,hybrid,cold,630680
5277,hybrid,cold,641580
5278,hybrid,cold,626592
5279,hybrid,cold,625981
5280,hybrid,cold,636430
5281,hybrid,cold,624679
5282,hybrid,cold,625841
5283,hybrid,cold,636020
5284,hybrid,cold,625410
5285,hybrid,cold,624228
5286,hybrid,cold,626893
5287,hybrid,cold,626081
5288,hybrid,cold,628285
5289,hybrid,cold,638975
5290,hybrid,cold,649885
5291,hybrid,cold,621743
5292,hybrid,cold,650106
5293,hybrid,cold,625199
5294,hybrid,cold,635278
5295,hybrid,cold,634467
5296,hybrid,cold,627494
5297,hybrid,cold,630078
5298,hybrid,cold,617756
5299,hybrid,cold,641270
5300,hybrid,cold,626332
5301,hybrid,cold,630510
5302,hybrid,cold,645398
5303,hybrid,cold,622424
5304,hybrid,cold,622084
5305,hybrid,cold,627474
5306,hybrid,cold,638695
5307,hybrid,cold,624859
5308,hybrid,cold,619629
5309,hybrid,cold,639276
5310,hybrid,cold,625630
5311,hybrid,cold,624869
5312,hybrid,cold,621543
5313,hybrid,cold,622244
5314,hybrid,cold,620901
5315,hybrid,cold,618787
5316,hybrid,cold,640218
5317,hybrid,cold,623516
5318,hybrid,cold,621823
5319,hybrid,cold,639937
5320,hybrid,cold,619829
5321,hybrid,cold,646589
5322,hybrid,cold,622895
5323,hybrid,cold,624438
5324,hybrid,cold,621222
5325,hybrid,cold,619730
5326,hybrid,cold,638765
5327,hybrid,cold,625049
5328,hybrid,cold,621462
5329,hybrid,cold,623036
5330,hybrid,cold,621603
5331,hybrid,cold,622484
5332,hybrid,cold,621082
5333,hybrid,cold,624478
5334,hybrid,cold,648082
5335,hybrid,cold,623927
5336,hybrid,cold,656999
5337,hybrid,cold,624058
5338,hybrid,cold,623887
5339,hybrid,cold,653282
5340,hybrid,cold,623056
5341,hybrid,cold,648844
5342,hybrid,cold,624769
5343,hybrid,cold,624107
5344,hybrid,cold,624128
5345,hybrid,cold,618657
5346,hybrid,cold,658441
5347,hybrid,cold,619959
5348,hybrid,cold,622164
5349,hybrid,cold,636421
5350,hybrid,cold,624538
5351,hybrid,cold,625190
5352,hybrid,cold,624709
5353,hybrid,cold,621473
5354,hybrid,cold,664103
5355,hybrid,cold,640899
5356,hybrid,cold,656668
5357,hybrid,cold,640628
5358,hybrid,cold,634647
5359,hybrid,cold,660957
5360,hybrid,cold,637763
5361,hybrid,cold,670084
5362,hybrid,cold,649014
5363,hybrid,cold,625790
5364,hybrid,cold,618146
5365,hybrid,cold,623386
5366,hybrid,cold,627444
5367,hybrid,cold,626572
5368,hybrid,cold,624808
5369,hybrid,cold,650116
5370,hybrid,cold,621913
5371,hybrid,cold,623376
5372,hybrid,cold,627183
5373,hybrid,cold,623466
5374,hybrid,cold,646229
5375,hybrid,cold,632683
5376,hybrid,cold,629918
5377,hybrid,cold,622214
5378,hybrid,cold,629918
5379,hybrid,cold,642282
5380,hybrid,cold,620931
5381,hybrid,cold,643072
5382,hybrid,cold,644435
5383,hybrid,cold,631291
5384,hybrid,cold,640077
5385,hybrid,cold,621763
5386,hybrid,cold,628325
5387,hybrid,cold,629136
5388,hybrid,cold,622865
5389,hybrid,cold,631742
5390,hybrid,cold,628877
5391,hybrid,cold,622234
5392,hybrid,cold,645628
5393,hybrid,cold,620701
5394,hybrid,cold,651999
5395,hybrid,cold,630580
5396,hybrid,cold,621553
5397,hybrid,cold,622525
5398,hybrid,cold,625570
5399,hybrid,cold,644746
5400,hybrid,cold,632313
5401,hybrid,cold,627805
5402,hybrid,cold,642562
5403,hybrid,cold,621312
5404,hybrid,cold,628586
5405,hybrid,cold,622123
5406,hybrid,cold,621542
5407,hybrid,cold,623386
5408,hybrid,cold,622254
5409,hybrid,cold,642642
5410,hybrid,cold,628075
5411,hybrid,cold,622454
5412,hybrid,cold,624087
5413,hybrid,cold,620951
5414,hybrid,cold,622925
5415,hybrid,cold,619539
5416,hybrid,cold,625329
5417,hybrid,cold,627954
5418,hybrid,cold,625931
5419,hybrid,cold,647531
5420,hybrid,cold,626061
5421,hybrid,cold,624017
5422,hybrid,cold,637653
5423,hybrid,cold,628756
5424,hybrid,cold,625179
5425,hybrid,cold,628536
5426,hybrid,cold,638765
5427,hybrid,cold,624178
5428,hybrid,cold,622885
5429,hybrid,cold,643062
5430,hybrid,cold,623326
5431,hybrid,cold,624708
5432,hybrid,cold,622124
5433,hybrid,cold,621924
5434,hybrid,cold,626221
5435,hybrid,cold,648573
5436,hybrid,cold,642903
5437,hybrid,cold,625500
5438,hybrid,cold,622324
5439,hybrid,cold,640758
5440,hybrid,cold,622034
5441,hybrid,cold,626131
5442,hybrid,cold,640087
5443,hybrid,cold,630329
5444,hybrid,cold,627283
5445,hybrid,cold,621703
5446,hybrid,cold,689490
5447,hybrid,cold,625050
5448,hybrid,cold,622624
5449,hybrid,cold,640539
5450,hybrid,cold,627553
5451,hybrid,cold,624919
5452,hybrid,cold,623787
5453,hybrid,cold,622745
5454,hybrid,cold,628135
5455,hybrid,cold,650096
5456,hybrid,cold,639176
5457,hybrid,cold,622334
5458,hybrid,cold,622574
5459,hybrid,cold,621102
5460,hybrid,cold,638705
5461,hybrid,cold,626132
5462,hybrid,cold,671216
5463,hybrid,cold,638234
5464,hybrid,cold,636761
5465,hybrid,cold,639096
5466,hybrid,cold,640768
5467,hybrid,cold,639316
5468,hybrid,cold,641910
5469,hybrid,cold,658001
5470,hybrid,cold,640418
5471,hybrid,cold,640448
5472,hybrid,cold,660907
5473,hybrid,cold,624979
5474,hybrid,cold,622144
5475,hybrid,cold,626592
5476,hybrid,cold,622514
5477,hybrid,cold,624779
5478,hybrid,cold,622314
5479,hybrid,cold,639696
5480,hybrid,cold,619970
5481,hybrid,cold,619699
5482,hybrid,cold,624118
5483,hybrid,cold,637102
5484,hybrid,cold,631321
5485,hybrid,cold,623316
5486,hybrid,cold,626051
5487,hybrid,cold,621923
5488,hybrid,cold,621733
5489,hybrid,cold,639867
5490,hybrid,cold,621813
5491,hybrid,cold,623086
5492,hybrid,cold,622815
5493,hybrid,cold,626382
5494,hybrid,cold,624629
5495,hybrid,cold,625230
5496,hybrid,cold,671065
5497,hybrid,cold,622565
5498,hybrid,cold,624157
5499,hybrid,cold,636300
5500,hybrid,cold,625049
5501,hybrid,cold,623446
5502,hybrid,cold,624629
5503,hybrid,cold,643283
5504,hybrid,cold,626501
5505,hybrid,cold,623376
5506,hybrid,cold,642030
5507,hybrid,cold,624508
5508,hybrid,cold,627193
5509,hybrid,cold,642351
5510,hybrid,cold,625319
5511,hybrid,cold,625641
5512,hybrid,cold,621933
5513,hybrid,cold,628696
5514,hybrid,cold,622845
5515,hybrid,cold,622755
5516,hybrid,cold,640248
5517,hybrid,cold,623977
5518,hybrid,cold,627103
5519,hybrid,cold,636901
5520,hybrid,cold,623737
5521,hybrid,cold,628155
5522,hybrid,cold,623696
5523,hybrid,cold,628827
5524,hybrid,cold,625810
5525,hybrid,cold,621042
5526,hybrid,cold,647741
5527,hybrid,cold,624969
5528,hybrid,cold,626993
5529,hybrid,cold,628465
5530,hybrid,cold,623717
5531,hybrid,cold,623667
5532,hybrid,cold,624297
5533,hybrid,cold,641049
5534,hybrid,cold,628065
5535,hybrid,cold,622034
5536,hybrid,cold,641661
5537,hybrid,cold,649094
5538,hybrid,cold,622554
5539,hybrid,cold,632443
5540,hybrid,cold,643444
5541,hybrid,cold,627624
5542,hybrid,cold,625710
5543,hybrid,cold,639196
5544,hybrid,cold,651970
5545,hybrid,cold,623667
5546,hybrid,cold,624148
5547,hybrid,cold,621482
5548,hybrid,cold,619739
5549,hybrid,cold,618587
5550,hybrid,cold,624859
5551,hybrid,cold,621252
5552,hybrid,cold,627874
5553,hybrid,cold,641590
5554,hybrid,cold,625641
5555,hybrid,cold,624959
5556,hybrid,cold,626071
5557,hybrid,cold,624548
5558,hybrid,cold,620651
5559,hybrid,cold,625400
5560,hybrid,cold,651127
5561,hybrid,cold,623005
5562,hybrid,cold,623657
5563,hybrid,cold,645227
5564,hybrid,cold,620010
5565,hybrid,cold,635900
5566,hybrid,cold,626692
5567,hybrid,cold,625470
5568,hybrid,cold,628907
5569,hybrid,cold,623025
5570,hybrid,cold,644376
5571,hybrid,cold,624779
5572,hybrid,cold,623196
5573,hybrid,cold,647862
5574,hybrid,cold,625700
5575,hybrid,cold,625319
5576,hybrid,cold,625761
5577,hybrid,cold,623937
5578,hybrid,cold,657129
5579,hybrid,cold,638574
5580,hybrid,cold,650537
5581,hybrid,cold,622244
5582,hybrid,cold,619258
5583,hybrid,cold,637613
5584,hybrid,cold,622945
5585,hybrid,cold,649325
5586,hybrid,cold,627093
5587,hybrid,cold,625651
5588,hybrid,cold,630930
5589,hybrid,cold,627594
5590,hybrid,cold,641109
5591,hybrid,cold,624177
5592,hybrid,cold,622815
5593,hybrid,cold,625670
5594,hybrid,cold,622795
5595,hybrid,cold,623096
5596,hybrid,cold,621853
5597,hybrid,cold,639957
5598,hybrid,cold,623487
5599,hybrid,cold,622394
5600,hybrid,cold,639977
5601,hybrid,cold,628736
5602,hybrid,cold,628636
5603,hybrid,cold,622534
5604,hybrid,cold,627674
5605,hybrid,cold,623857
5606,hybrid,cold,647652
5607,hybrid,cold,636350
5608,hybrid,cold,623025
5609,hybrid,cold,623697
5610,hybrid,cold,642201
5611,hybrid,cold,621613
5612,hybrid,cold,636982
5613,hybrid,cold,620601
5614,hybrid,cold,627173
5615,hybrid,cold,622975
5616,hybrid,cold,619810
5617,hybrid,cold,622284
5618,hybrid,cold,619519
5619,hybrid,cold,621763
5620,hybrid,cold,644375
5621,hybrid,cold,621944
5622,hybrid,cold,621392
5623,hybrid,cold,637883
5624,hybrid,cold,627434
5625,hybrid,cold,635458
5626,hybrid,cold,653622
5627,hybrid,cold,621523
5628,hybrid,cold,620250
5629,hybrid,cold,623937
5630,hybrid,cold,627424
5631,hybrid,cold,625961
5632,hybrid,cold,622895
5633,hybrid,cold,627994
5634,hybrid,cold,625901
5635,hybrid,cold,622955
5636,hybrid,cold,665004
5637,hybrid,cold,689250
5638,hybrid,cold,622745
5639,hybrid,cold,677968
5640,hybrid,cold,699378
5641,hybrid,cold,664603
5642,hybrid,cold,631691
5643,hybrid,cold,626863
5644,hybrid,cold,640028
5645,hybrid,cold,751245
5646,hybrid,cold,823581
5647,hybrid,cold,634397
5648,hybrid,cold,623617
5649,hybrid,cold,621242
5650,hybrid,cold,621462
5651,hybrid,cold,619458
5652,hybrid,cold,623306
5653,hybrid,cold,644175
5654,hybrid,cold,621763
5655,hybrid,cold,626131
5656,hybrid,cold,642061
5657,hybrid,cold,624178
5658,hybrid,cold,731819
5659,hybrid,cold,651800
5660,hybrid,cold,629448
5661,hybrid,cold,647120
5662,hybrid,cold,625500
5663,hybrid,cold,626492
5664,hybrid,cold,706902
5665,hybrid,cold,914992
5666,hybrid,cold,916073
5667,hybrid,cold,756725
5668,hybrid,cold,803963
5669,hybrid,cold,726709
5670,hybrid,cold,720528
5671,hybrid,cold,719966
5672,hybrid,cold,701161
5673,hybrid,cold,774679
5674,hybrid,cold,714606
5675,hybrid,cold,748711
5676,hybrid,cold,747077
5677,hybrid,cold,703866
5678,hybrid,cold,667639
5679,hybrid,cold,631682
5680,hybrid,cold,634887
5681,hybrid,cold,637202
5682,hybrid,cold,632102
5683,hybrid,cold,629216
5684,hybrid,cold,627754
5685,hybrid,cold,624468
5686,hybrid,cold,620701
5687,hybrid,cold,626382
5688,hybrid,cold,625090
5689,hybrid,cold,624809
5690,hybrid,cold,623346
5691,hybrid,cold,642702
5692,hybrid,cold,627363
5693,hybrid,cold,637713
5694,hybrid,cold,627444
5695,hybrid,cold,623767
5696,hybrid,cold,624698
5697,hybrid,cold,624067
5698,hybrid,cold,649435
5699,hybrid,cold,631361
5700,hybrid,cold,621342
5701,hybrid,cold,646809
5702,hybrid,cold,624398
5703,hybrid,cold,623606
5704,hybrid,cold,622104
5705,hybrid,cold,624709
5706,hybrid,cold,627724
5707,hybrid,cold,627193
5708,hybrid,cold,666617
5709,hybrid,cold,632292
5710,hybrid,cold,628425
5711,hybrid,cold,639537
5712,hybrid,cold,623045
5713,hybrid,cold,622885
5714,hybrid,cold,641019
5715,hybrid,cold,625400
5716,hybrid,cold,622254
5717,hybrid,cold,625810
5718,hybrid,cold,646880
5719,hybrid,cold,626753
5720,hybrid,cold,625660
5721,hybrid,cold,633274
5722,hybrid,cold,633745
5723,hybrid,cold,625761
5724,hybrid,cold,621723
5725,hybrid,cold,648863
5726,hybrid,cold,622214
5727,hybrid,cold,627715
5728,hybrid,cold,659834
5729,hybrid,cold,629147
5730,hybrid,cold,623617
5731,hybrid,cold,626051
5732,hybrid,cold,629878
5733,hybrid,cold,624077
5734,hybrid,cold,646580
5735,hybrid,cold,627934
5736,hybrid,cold,621422
5737,hybrid,cold,641801
5738,hybrid,cold,631050
5739,hybrid,cold,626422
5740,hybrid,cold,643894
5741,hybrid,cold,623476
5742,hybrid,cold,623686
5743,hybrid,cold,641941
5744,hybrid,cold,624508
5745,hybrid,cold,627184
5746,hybrid,cold,657660
5747,hybrid,cold,625530
5748,hybrid,cold,625650
5749,hybrid,cold,651629
5750,hybrid,cold,633695
5751,hybrid,cold,625330
5752,hybrid,cold,655046
5753,hybrid,cold,623967
5754,hybrid,cold,632814
5755,hybrid,cold,631200
5756,hybrid,cold,869917
5757,hybrid,cold,923507
5758,hybrid,cold,886999
5759,hybrid,cold,996053
5760,hybrid,cold,870759
5761,hybrid,cold,886358
5762,hybrid,cold,885466
5763,hybrid,cold,739182
5764,hybrid,cold,639536
5765,hybrid,cold,647080
5766,hybrid,cold,642843
5767,hybrid,cold,627504
5768,hybrid,cold,642041
5769,hybrid,cold,630690
5770,hybrid,cold,629036
5771,hybrid,cold,624538
5772,hybrid,cold,625189
5773,hybrid,cold,629698
5774,hybrid,cold,629497
5775,hybrid,cold,628616
5776,hybrid,cold,622234
5777,hybrid,cold,622975
5778,hybrid,cold,623656
5779,hybrid,cold,689329
5780,hybrid,cold,628335
5781,hybrid,cold,625079
5782,hybrid,cold,637302
5783,hybrid,cold,657239
5784,hybrid,cold,627884
5785,hybrid,cold,622945
5786,hybrid,cold,648283
5787,hybrid,cold,627053
5788,hybrid,cold,629337
5789,hybrid,cold,664393
5790,hybrid,cold,634747
5791,hybrid,cold,619800
5792,hybrid,cold,641450
5793,hybrid,cold,637262
5794,hybrid,cold,629728
5795,hybrid,cold,645999
5796,hybrid,cold,626441
5797,hybrid,cold,628385
5798,hybrid,cold,638684
5799,hybrid,cold,626962
5800,hybrid,cold,634557
5801,hybrid,cold,636010
5802,hybrid,cold,622745
5803,hybrid,cold,628205
5804,hybrid,cold,626151
5805,hybrid,cold,629367
5806,hybrid,cold,621943
5807,hybrid,cold,636711
5808,hybrid,cold,636440
5809,hybrid,cold,631351
5810,hybrid,cold,632883
5811,hybrid,cold,632894
5812,hybrid,cold,622134
5813,hybrid,cold,633725
5814,hybrid,cold,637773
5815,hybrid,cold,714306
5816,hybrid,cold,648693
5817,hybrid,cold,625039
5818,hybrid,cold,638655
5819,hybrid,cold,626362
5820,hybrid,cold,676095
5821,hybrid,cold,645196
5822,hybrid,cold,625499
5823,hybrid,cold,619138
5824,hybrid,cold,669492
5825,hybrid,cold,655376
5826,hybrid,cold,692556
5827,hybrid,cold,641570
5828,hybrid,cold,627123
5829,hybrid,cold,670986
5830,hybrid,cold,717752
5831,hybrid,cold,625119
5832,hybrid,cold,633645
5833,hybrid,cold,626502
5834,hybrid,cold,630780
5835,hybrid,cold,664273
5836,hybrid,cold,625600
5837,hybrid,cold,620251
5838,hybrid,cold,622655
5839,hybrid,cold,646128
5840,hybrid,cold,626001
5841,hybrid,cold,672969
5842,hybrid,cold,632473
5843,hybrid,cold,648764
5844,hybrid,cold,641520
5845,hybrid,cold,689079
5846,hybrid,cold,669713
5847,hybrid,cold,668630
5848,hybrid,cold,686565
5849,hybrid,cold,918107
5850,hybrid,cold,951890
5851,hybrid,cold,1040897
5852,hybrid,cold,947863
5853,hybrid,cold,929128
5854,hybrid,cold,957140
5855,hybrid,cold,910122
5856,hybrid,cold,927204
5857,hybrid,cold,729404
5858,hybrid,cold,1025789
5859,hybrid,cold,781722
5860,hybrid,cold,1114846
5861,hybrid,cold,879675
5862,hybrid,cold,775921
5863,hybrid,cold,803202
5864,hybrid,cold,793124
5865,hybrid,cold,734123
5866,hybrid,cold,799826
5867,hybrid,cold,782674
5868,hybrid,cold,797993
5869,hybrid,cold,743571
5870,hybrid,cold,776272
5871,hybrid,cold,750223
5872,hybrid,cold,861130
5873,hybrid,cold,720989
5874,hybrid,cold,700260
5875,hybrid,cold,697355
5876,hybrid,cold,918858
5877,hybrid,cold,872121
5878,hybrid,cold,638514
5879,hybrid,cold,623797
5880,hybrid,cold,667699
5881,hybrid,cold,639606
5882,hybrid,cold,677157
5883,hybrid,cold,658051
5884,hybrid,cold,638945
5885,hybrid,cold,635047
5886,hybrid,cold,641800
5887,hybrid,cold,635369
5888,hybrid,cold,649004
5889,hybrid,cold,640197
5890,hybrid,cold,657309
5891,hybrid,cold,631531
5892,hybrid,cold,659503
5893,hybrid,cold,643042
5894,hybrid,cold,618897
5895,hybrid,cold,624979
5896,hybrid,cold,625811
5897,hybrid,cold,624257
5898,hybrid,cold,623446
5899,hybrid,cold,626021
5900,hybrid,cold,620441
5901,hybrid,cold,620070
5902,hybrid,cold,625410
5903,hybrid,cold,627013
5904,hybrid,cold,623767
5905,hybrid,cold,662359
5906,hybrid,cold,631160
5907,hybrid,cold,635409
5908,hybrid,cold,636470
5909,hybrid,cold,636020
5910,hybrid,cold,630088
5911,hybrid,cold,626292
5912,hybrid,cold,628305
5913,hybrid,cold,626762
5914,hybrid,cold,632102
5915,hybrid,cold,624238
5916,hybrid,cold,742188
5917,hybrid,cold,624949
5918,hybrid,cold,631672
5919,hybrid,cold,675654
5920,hybrid,cold,625340
5921,hybrid,cold,619830
5922,hybrid,cold,651779
5923,hybrid,cold,620491
5924,hybrid,cold,622034
5925,hybrid,cold,646179
5926,hybrid,cold,718865
5927,hybrid,cold,702875
5928,hybrid,cold,668150
5929,hybrid,cold,625751
5930,hybrid,cold,642582
5931,hybrid,cold,649234
5932,hybrid,cold,618617
5933,hybrid,cold,630219
5934,hybrid,cold,650447
5935,hybrid,cold,625771
5936,hybrid,cold,624939
5937,hybrid,cold,647671
5938,hybrid,cold,622945
5939,hybrid,cold,620130
5940,hybrid,cold,620882
5941,hybrid,cold,632032
5942,hybrid,cold,624748
5943,hybrid,cold,618857
5944,hybrid,cold,630440
5945,hybrid,cold,627213
5946,hybrid,cold,658351
5947,hybrid,cold,636921
5948,hybrid,cold,629848
5949,hybrid,cold,663912
5950,hybrid,cold,656097
5951,hybrid,cold,653452
5952,hybrid,cold,650416
5953,hybrid,cold,633936
5954,hybrid,cold,634757
5955,hybrid,cold,663071
5956,hybrid,cold,627354
5957,hybrid,cold,622454
5958,hybrid,cold,634026
5959,hybrid,cold,627002
5960,hybrid,cold,632002
5961,hybrid,cold,633465
5962,hybrid,cold,625500
5963,hybrid,cold,627183
5964,hybrid,cold,626973
5965,hybrid,cold,624838
5966,hybrid,cold,626582
5967,hybrid,cold,635208
5968,hybrid,cold,642973
5969,hybrid,cold,631481
5970,hybrid,cold,624097
5971,hybrid,cold,627093
5972,hybrid,cold,623988
5973,hybrid,cold,625099
5974,hybrid,cold,628636
5975,hybrid,cold,631952
5976,hybrid,cold,648203
5977,hybrid,cold,640097
5978,hybrid,cold,633896
5979,hybrid,cold,630419
5980,hybrid,cold,654044
5981,hybrid,cold,710699
5982,hybrid,cold,665154
5983,hybrid,cold,642803
5984,hybrid,cold,691003
5985,hybrid,cold,680122
5986,hybrid,cold,654885
5987,hybrid,cold,664533
5988,hybrid,cold,631621
5989,hybrid,cold,626071
5990,hybrid,cold,654976
5991,hybrid,cold,670715
5992,hybrid,cold,670755
5993,hybrid,cold,643924
5994,hybrid,cold,704688
5995,hybrid,cold,646008
5996,hybrid,cold,635820
5997,hybrid,cold,630770
5998,hybrid,cold,619168
5999,hybrid,cold,647821
6000,hybrid,cold,634477
6001,hybrid,cold,676145
6002,hybrid,cold,637943
6003,hybrid,cold,659133
6004,hybrid,cold,662288
6005,hybrid,cold,667949
6006,hybrid,cold,634126
6007,hybrid,cold,633886
6008,hybrid,cold,627905
6009,hybrid,cold,745565
6010,hybrid,cold,665124
6011,hybrid,cold,627855
6012,hybrid,cold,664763
6013,hybrid,cold,661027
6014,hybrid,cold,660075
6015,hybrid,cold,663050
6016,hybrid,cold,629548
6017,hybrid,cold,638845
6018,hybrid,cold,712172
6019,hybrid,cold,745344
6020,hybrid,cold,722071
6021,hybrid,cold,754091
6022,hybrid,cold,723743
6023,hybrid,cold,641310
6024,hybrid,cold,686094
6025,hybrid,cold,762807
6026,hybrid,cold,670094
6027,hybrid,cold,657299
6028,hybrid,cold,626902
6029,hybrid,cold,638554
6030,hybrid,cold,629157
6031,hybrid,cold,626892
6032,hybrid,cold,647481
6033,hybrid,cold,634928
6034,hybrid,cold,628846
6035,hybrid,cold,727020
6036,hybrid,cold,674662
6037,hybrid,cold,635719
6038,hybrid,cold,643484
6039,hybrid,cold,636370
6040,hybrid,cold,709678
6041,hybrid,cold,649856
6042,hybrid,cold,753900
6043,hybrid,cold,665254
6044,hybrid,cold,653783
6045,hybrid,cold,671415
6046,hybrid,cold,655967
6047,hybrid,cold,673410
6048,hybrid,cold,660165
6049,hybrid,cold,672699
6050,hybrid,cold,656868
6051,hybrid,cold,649244
6052,hybrid,cold,650446
6053,hybrid,cold,683258
6054,hybrid,cold,674942
6055,hybrid,cold,693127
6056,hybrid,cold,684531
6057,hybrid,cold,682577
6058,hybrid,cold,662770
6059,hybrid,cold,641891
6060,hybrid,cold,660335
6061,hybrid,cold,659163
6062,hybrid,cold,645407
6063,hybrid,cold,694609
6064,hybrid,cold,644235
6065,hybrid,cold,654294
6066,hybrid,cold,663481
6067,hybrid,cold,648353
6068,hybrid,cold,704949
6069,hybrid,cold,678960
6070,hybrid,cold,642041
6071,hybrid,cold,652341
6072,hybrid,cold,692545
6073,hybrid,cold,678570
6074,hybrid,cold,655616
6075,hybrid,cold,652901
6076,hybrid,cold,673920
6077,hybrid,cold,650086
6078,hybrid,cold,757206
6079,hybrid,cold,663130
6080,hybrid,cold,678610
6081,hybrid,cold,644195
6082,hybrid,cold,644025
6083,hybrid,cold,656508
6084,hybrid,cold,680102
6085,hybrid,cold,647762
6086,hybrid,cold,733602
6087,hybrid,cold,668430
6088,hybrid,cold,726348
6089,hybrid,cold,728212
6090,hybrid,cold,663161
6091,hybrid,cold,722602
6092,hybrid,cold,674451
6093,hybrid,cold,665315
6094,hybrid,cold,641580
6095,hybrid,cold,635899
6096,hybrid,cold,634226
6097,hybrid,cold,637944
6098,hybrid,cold,646740
6099,hybrid,cold,631201
6100,hybrid,cold,646800
6101,hybrid,cold,679751
6102,hybrid,cold,660826
6103,hybrid,cold,617094
6104,hybrid,cold,648103
6105,hybrid,cold,631851
6106,hybrid,cold,639296
6107,hybrid,cold,652580
6108,hybrid,cold,657280
6109,hybrid,cold,637563
6110,hybrid,cold,680974
6111,hybrid,cold,649024
6112,hybrid,cold,635408
6113,hybrid,cold,626041
6114,hybrid,cold,625580
6115,hybrid,cold,643203
6116,hybrid,cold,623256
6117,hybrid,cold,629778
6118,hybrid,cold,714456
6119,hybrid,cold,632203
6120,hybrid,cold,651198
6121,hybrid,cold,680502
6122,hybrid,cold,655707
6123,hybrid,cold,695851
6124,hybrid,cold,680944
6125,hybrid,cold,668280
6126,hybrid,cold,662630
6127,hybrid,cold,661958
6128,hybrid,cold,691113
6129,hybrid,cold,647562
6130,hybrid,cold,624969
6131,hybrid,cold,619769
6132,hybrid,cold,623606
6133,hybrid,cold,638424
6134,hybrid,cold,621323
6135,hybrid,cold,695351
6136,hybrid,cold,656137
6137,hybrid,cold,632644
6138,hybrid,cold,650246
6139,hybrid,cold,794186
6140,hybrid,cold,634317
6141,hybrid,cold,645057
6142,hybrid,cold,643954
6143,hybrid,cold,639586
6144,hybrid,cold,641510
6145,hybrid,cold,629808
6146,hybrid,cold,625330
6147,hybrid,cold,681855
6148,hybrid,cold,628686
6149,hybrid,cold,697525
6150,hybrid,cold,1003147
6151,hybrid,cold,858466
6152,hybrid,cold,824372
6153,hybrid,cold,734895
6154,hybrid,cold,1090480
6155,hybrid,cold,909160
6156,hybrid,cold,784938
6157,hybrid,cold,1038102
6158,hybrid,cold,994390
6159,hybrid,cold,801059
6160,hybrid,cold,748480
6161,hybrid,cold,842486
6162,hybrid,cold,758699
6163,hybrid,cold,742088
6164,hybrid,cold,677958
6165,hybrid,cold,648493
6166,hybrid,cold,691653
6167,hybrid,cold,633165
6168,hybrid,cold,694439
6169,hybrid,cold,721550
6170,hybrid,cold,719776
6171,hybrid,cold,670995
6172,hybrid,cold,662890
6173,hybrid,cold,734714
6174,hybrid,cold,731268
6175,hybrid,cold,685933
6176,hybrid,cold,685643
6177,hybrid,cold,654905
6178,hybrid,cold,652460
6179,hybrid,cold,656949
6180,hybrid,cold,637583
6181,hybrid,cold,626743
6182,hybrid,cold,650186
6183,hybrid,cold,633866
6184,hybrid,cold,652871
6185,hybrid,cold,656798
6186,hybrid,cold,792472
6187,hybrid,cold,770712
6188,hybrid,cold,769139
6189,hybrid,cold,683027
6190,hybrid,cold,656778
6191,hybrid,cold,624528
6192,hybrid,cold,626822
6193,hybrid,cold,644897
6194,hybrid,cold,623847
6195,hybrid,cold,623426
6196,hybrid,cold,622655
6197,hybrid,cold,621483
6198,hybrid,cold,624277
6199,hybrid,cold,622224
6200,hybrid,cold,641129
6201,hybrid,cold,623216
6202,hybrid,cold,622425
6203,hybrid,cold,651048
6204,hybrid,cold,638835
6205,hybrid,cold,624367
6206,hybrid,cold,622614
6207,hybrid,cold,625860
6208,hybrid,cold,622515
6209,hybrid,cold,624869
6210,hybrid,cold,641300
6211,hybrid,cold,626252
6212,hybrid,cold,623436
6213,hybrid,cold,640468
6214,hybrid,cold,630540
6215,hybrid,cold,632202
6216,hybrid,cold,623126
6217,hybrid,cold,635679
6218,hybrid,cold,626362
6219,hybrid,cold,631291
6220,hybrid,cold,623035
6221,hybrid,cold,650737
6222,hybrid,cold,665265
6223,hybrid,cold,627874
6224,hybrid,cold,641390
6225,hybrid,cold,625580
6226,hybrid,cold,659143
6227,hybrid,cold,682566
6228,hybrid,cold,682066
6229,hybrid,cold,636941
6230,hybrid,cold,633555
6231,hybrid,cold,623226
6232,hybrid,cold,620691
6233,hybrid,cold,628225
6234,hybrid,cold,723844
6235,hybrid,cold,873765
6236,hybrid,cold,881649
6237,hybrid,cold,874777
6238,hybrid,cold,1085341
6239,hybrid,cold,1023956
6240,hybrid,cold,810386
6241,hybrid,cold,721159
6242,hybrid,cold,671506
6243,hybrid,cold,659334
6244,hybrid,cold,667087
6245,hybrid,cold,671075
6246,hybrid,cold,643614
6247,hybrid,cold,680413
6248,hybrid,cold,666837
6249,hybrid,cold,686364
6250,hybrid,cold,631080
6251,hybrid,cold,659734
6252,hybrid,cold,673310
6253,hybrid,cold,660135
6254,hybrid,cold,627493
6255,hybrid,cold,636241
6256,hybrid,cold,641831
6257,hybrid,cold,643884
6258,hybrid,cold,674121
6259,hybrid,cold,723463
6260,hybrid,cold,710439
6261,hybrid,cold,709537
6262,hybrid,cold,788936
6263,hybrid,cold,758379
6264,hybrid,cold,652581
6265,hybrid,cold,673330
6266,hybrid,cold,667870
6267,hybrid,cold,673980
6268,hybrid,cold,632613
6269,hybrid,cold,674110
6270,hybrid,cold,629357
6271,hybrid,cold,628866
6272,hybrid,cold,627704
6273,hybrid,cold,622184
6274,hybrid,cold,623386
6275,hybrid,cold,623556
6276,hybrid,cold,627644
6277,hybrid,cold,631741
6278,hybrid,cold,630179
6279,hybrid,cold,684620
6280,hybrid,cold,631061
6281,hybrid,cold,624418
6282,hybrid,cold,630269
6283,hybrid,cold,626873
6284,hybrid,cold,628375
6285,hybrid,cold,629998
6286,hybrid,cold,620751
6287,hybrid,cold,759862
6288,hybrid,cold,712002
6289,hybrid,cold,650136
6290,hybrid,cold,649355
6291,hybrid,cold,882882
6292,hybrid,cold,641320
6293,hybrid,cold,655977
6294,hybrid,cold,631391
6295,hybrid,cold,631321
6296,hybrid,cold,655697
6297,hybrid,cold,632523
6298,hybrid,cold,635900
6299,hybrid,cold,667038
6300,hybrid,cold,638965
6301,hybrid,cold,626892
6302,hybrid,cold,631682
6303,hybrid,cold,625921
6304,hybrid,cold,629989
6305,hybrid,cold,626823
6306,hybrid,cold,639616
6307,hybrid,cold,626522
6308,hybrid,cold,627924
6309,hybrid,cold,673540
6310,hybrid,cold,628867
6311,hybrid,cold,625210
6312,hybrid,cold,705639
6313,hybrid,cold,640167
6314,hybrid,cold,625359
6315,hybrid,cold,649986
6316,hybrid,cold,626862
6317,hybrid,cold,627313
6318,hybrid,cold,648192
6319,hybrid,cold,623756
6320,hybrid,cold,625290
6321,hybrid,cold,642451
6322,hybrid,cold,625410
6323,hybrid,cold,620651
6324,hybrid,cold,622404
6325,hybrid,cold,633365
6326,hybrid,cold,657490
6327,hybrid,cold,627684
6328,hybrid,cold,623767
6329,hybrid,cold,626742
6330,hybrid,cold,689199
6331,hybrid,cold,651028
6332,hybrid,cold,644716
6333,hybrid,cold,628526
6334,hybrid,cold,664052
6335,hybrid,cold,626251
6336,hybrid,cold,644345
6337,hybrid,cold,640017
6338,hybrid,cold,641050
6339,hybrid,cold,768748
6340,hybrid,cold,931272
6341,hybrid,cold,938836
6342,hybrid,cold,928938
6343,hybrid,cold,919370
6344,hybrid,cold,913759
6345,hybrid,cold,1069961
6346,hybrid,cold,1054021
6347,hybrid,cold,630679
6348,hybrid,cold,706071
6349,hybrid,cold,635899
6350,hybrid,cold,626391
6351,hybrid,cold,624578
6352,hybrid,cold,625150
6353,hybrid,cold,647131
6354,hybrid,cold,623326
6355,hybrid,cold,624077
6356,hybrid,cold,646028
6357,hybrid,cold,628035
6358,hybrid,cold,627214
6359,hybrid,cold,624167
6360,hybrid,cold,628656
6361,hybrid,cold,650407
6362,hybrid,cold,665034
6363,hybrid,cold,626311
6364,hybrid,cold,621833
6365,hybrid,cold,626271
6366,hybrid,cold,625259
6367,hybrid,cold,625560
6368,hybrid,cold,623336
6369,hybrid,cold,643324
6370,hybrid,cold,625781
6371,hybrid,cold,620350
6372,hybrid,cold,641480
6373,hybrid,cold,625220
6374,hybrid,cold,626833
6375,hybrid,cold,621983
6376,hybrid,cold,625239
6377,hybrid,cold,624228
6378,hybrid,cold,624859
6379,hybrid,cold,643764
6380,hybrid,cold,627594
6381,hybrid,cold,621002
6382,hybrid,cold,645497
6383,hybrid,cold,619038
6384,hybrid,cold,622995
6385,hybrid,cold,650857
6386,hybrid,cold,626401
6387,hybrid,cold,624618
6388,hybrid,cold,627584
6389,hybrid,cold,649124
6390,hybrid,cold,627584
6391,hybrid,cold,624729
6392,hybrid,cold,644867
6393,hybrid,cold,627814
6394,hybrid,cold,625650
6395,hybrid,cold,632714
6396,hybrid,cold,628676
6397,hybrid,cold,623596
6398,hybrid,cold,639637
6399,hybrid,cold,629968
6400,hybrid,cold,629748
6401,hybrid,cold,635228
6402,hybrid,cold,625169
6403,hybrid,cold,625570
6404,hybrid,cold,624047
6405,hybrid,cold,644486
6406,hybrid,cold,629438
6407,hybrid,cold,622634
6408,hybrid,cold,643263
6409,hybrid,cold,693888
6410,hybrid,cold,628085
6411,hybrid,cold,626382
6412,hybrid,cold,619529
6413,hybrid,cold,622023
6414,hybrid,cold,625029
6415,hybrid,cold,642973
6416,hybrid,cold,624829
6417,hybrid,cold,623487
6418,hybrid,cold,685813
6419,hybrid,cold,630410
6420,hybrid,cold,627654
6421,hybrid,cold,644245
6422,hybrid,cold,630729
6423,hybrid,cold,621243
6424,hybrid,cold,625410
6425,hybrid,cold,623877
6426,hybrid,cold,626953
6427,hybrid,cold,626743
6428,hybrid,cold,645677
6429,hybrid,cold,630810
6430,hybrid,cold,625860
6431,hybrid,cold,634436
6432,hybrid,cold,623086
6433,hybrid,cold,623356
6434,hybrid,cold,626041
6435,hybrid,cold,624818
6436,hybrid,cold,620851
6437,hybrid,cold,635077
6438,hybrid,cold,650487
6439,hybrid,cold,631110
6440,hybrid,cold,627805
6441,hybrid,cold,645197
6442,hybrid,cold,629086
6443,hybrid,cold,629557
6444,hybrid,cold,627103
6445,hybrid,cold,631161
6446,hybrid,cold,627875
6447,hybrid,cold,620010
6448,hybrid,cold,647320
6449,hybrid,cold,623185
6450,hybrid,cold,624559
6451,hybrid,cold,638314
6452,hybrid,cold,624909
6453,hybrid,cold,630630
6454,hybrid,cold,628846
6455,hybrid,cold,628926
6456,hybrid,cold,621042
6457,hybrid,cold,628245
6458,hybrid,cold,644725
6459,hybrid,cold,630309
6460,hybrid,cold,624248
6461,hybrid,cold,667067
6462,hybrid,cold,635839
6463,hybrid,cold,641069
6464,hybrid,cold,640859
6465,hybrid,cold,637261
6466,hybrid,cold,669242
6467,hybrid,cold,640428
6468,hybrid,cold,658632
6469,hybrid,cold,645417
6470,hybrid,cold,638254
6471,hybrid,cold,655146
6472,hybrid,cold,645548
6473,hybrid,cold,637282
6474,hybrid,cold,644095
6475,hybrid,cold,643574
6476,hybrid,cold,637693
6477,hybrid,cold,656167
6478,hybrid,cold,627944
6479,hybrid,cold,627944
6480,hybrid,cold,625280
6481,hybrid,cold,644956
6482,hybrid,cold,623406
6483,hybrid,cold,629468
6484,hybrid,cold,640258
6485,hybrid,cold,628806
6486,hybrid,cold,628476
6487,hybrid,cold,627023
6488,hybrid,cold,629898
6489,hybrid,cold,626201
6490,hybrid,cold,630329
6491,hybrid,cold,647871
6492,hybrid,cold,626321
6493,hybrid,cold,628626
6494,hybrid,cold,642561
6495,hybrid,cold,626401
6496,hybrid,cold,632643
6497,hybrid,cold,622515
6498,hybrid,cold,624888
6499,hybrid,cold,620430
6500,hybrid,cold,623466
6501,hybrid,cold,652260
6502,hybrid,cold,625310
6503,hybrid,cold,659063
6504,hybrid,cold,634577
6505,hybrid,cold,626843
6506,hybrid,cold,625881
6507,hybrid,cold,630069
6508,hybrid,cold,621452
6509,hybrid,cold,622314
6510,hybrid,cold,618777
6511,hybrid,cold,639556
6512,hybrid,cold,625910
6513,hybrid,cold,624639
6514,hybrid,cold,642282
6515,hybrid,cold,618557
6516,hybrid,cold,633975
6517,hybrid,cold,652230
6518,hybrid,cold,627153
6519,hybrid,cold,624478
6520,hybrid,cold,622264
6521,hybrid,cold,625801
6522,hybrid,cold,624287
6523,hybrid,cold,622284
6524,hybrid,cold,639617
6525,hybrid,cold,624478
6526,hybrid,cold,623497
6527,hybrid,cold,640468
6528,hybrid,cold,626091
6529,hybrid,cold,622975
6530,hybrid,cold,623737
6531,hybrid,cold,620641
6532,hybrid,cold,620320
6533,hybrid,cold,627764
6534,hybrid,cold,624128
6535,hybrid,cold,622134
6536,hybrid,cold,623356
6537,hybrid,cold,645517
6538,hybrid,cold,626241
6539,hybrid,cold,624168
6540,hybrid,cold,626813
6541,hybrid,cold,626452
6542,hybrid,cold,625129
6543,hybrid,cold,631952
6544,hybrid,cold,642843
6545,hybrid,cold,623235
6546,hybrid,cold,641019
6547,hybrid,cold,643283
6548,hybrid,cold,618748
6549,hybrid,cold,623175
6550,hybrid,cold,645177
6551,hybrid,cold,624678
6552,hybrid,cold,624990
6553,hybrid,cold,621823
6554,hybrid,cold,623045
6555,hybrid,cold,623246
6556,hybrid,cold,645017
6557,hybrid,cold,635719
6558,hybrid,cold,626682
6559,hybrid,cold,623827
6560,hybrid,cold,643143
6561,hybrid,cold,626192
6562,hybrid,cold,627994
6563,hybrid,cold,640108
6564,hybrid,cold,632202
6565,hybrid,cold,654835
6566,hybrid,cold,650748
6567,hybrid,cold,632323
6568,hybrid,cold,627424
6569,hybrid,cold,624869
6570,hybrid,cold,646981
6571,hybrid,cold,628285
6572,hybrid,cold,628816
6573,hybrid,cold,626182
6574,hybrid,cold,628154
6575,hybrid,cold,625350
6576,hybrid,cold,626943
6577,hybrid,cold,645537
6578,hybrid,cold,621703
6579,hybrid,cold,625981
6580,hybrid,cold,636240
6581,hybrid,cold,625139
6582,hybrid,cold,622424
6583,hybrid,cold,622143
6584,hybrid,cold,623206
6585,hybrid,cold,626372
6586,hybrid,cold,627784
6587,hybrid,cold,645768
6588,hybrid,cold,670274
6589,hybrid,cold,646479
6590,hybrid,cold,652961
6591,hybrid,cold,626803
6592,hybrid,cold,626222
6593,hybrid,cold,622635
6594,hybrid,cold,621353
6595,hybrid,cold,622074
6596,hybrid,cold,649325
6597,hybrid,cold,624849
6598,hybrid,cold,620250
6599,hybrid,cold,630459
6600,hybrid,cold,647251
6601,hybrid,cold,627854
6602,hybrid,cold,623095
6603,hybrid,cold,639316
6604,hybrid,cold,624007
6605,hybrid,cold,622505
6606,hybrid,cold,624508
6607,hybrid,cold,648342
6608,hybrid,cold,623777
6609,hybrid,cold,627404
6610,hybrid,cold,645347
6611,hybrid,cold,643123
6612,hybrid,cold,650397
6613,hybrid,cold,621152
6614,hybrid,cold,623697
6615,hybrid,cold,624078
6616,hybrid,cold,623076
6617,hybrid,cold,628085
6618,hybrid,cold,621102
6619,hybrid,cold,643083
6620,hybrid,cold,642431
6621,hybrid,cold,625641
6622,hybrid,cold,621983
6623,hybrid,cold,645698
6624,hybrid,cold,625631
6625,hybrid,cold,621492
6626,hybrid,cold,659734
6627,hybrid,cold,630089
6628,hybrid,cold,627183
6629,hybrid,cold,645207
6630,hybrid,cold,648994
6631,hybrid,cold,641570
6632,hybrid,cold,640188
6633,hybrid,cold,804274
6634,hybrid,cold,631071
6635,hybrid,cold,640939
6636,hybrid,cold,619780
6637,hybrid,cold,623796
6638,hybrid,cold,652801
6639,hybrid,cold,648313
6640,hybrid,cold,623396
6641,hybrid,cold,647080
6642,hybrid,cold,628145
6643,hybrid,cold,618697
6644,hybrid,cold,646319
6645,hybrid,cold,622504
6646,hybrid,cold,625039
6647,hybrid,cold,652220
6648,hybrid,cold,624759
6649,hybrid,cold,619870
6650,hybrid,cold,633756
6651,hybrid,cold,623095
6652,hybrid,cold,749001
6653,hybrid,cold,654675
6654,hybrid,cold,623787
6655,hybrid,cold,623276
6656,hybrid,cold,626271
6657,hybrid,cold,620331
6658,hybrid,cold,625550
6659,hybrid,cold,622214
6660,hybrid,cold,646289
6661,hybrid,cold,629658
6662,hybrid,cold,644385
6663,hybrid,cold,665114
6664,hybrid,cold,627765
6665,hybrid,cold,622785
6666,hybrid,cold,648072
6667,hybrid,cold,628426
6668,hybrid,cold,628997
6669,hybrid,cold,657861
6670,hybrid,cold,641200
6671,hybrid,cold,633835
6672,hybrid,cold,641680
6673,hybrid,cold,634106
6674,hybrid,cold,628866
6675,hybrid,cold,620481
6676,hybrid,cold,629498
6677,hybrid,cold,625740
6678,hybrid,cold,624759
6679,hybrid,cold,639075
6680,hybrid,cold,626932
6681,hybrid,cold,618897
6682,hybrid,cold,650537
6683,hybrid,cold,619499
6684,hybrid,cold,622665
6685,hybrid,cold,618777
6686,hybrid,cold,621783
6687,hybrid,cold,625610
6688,hybrid,cold,628876
6689,hybrid,cold,638484
6690,hybrid,cold,618998
6691,hybrid,cold,626783
6692,hybrid,cold,654193
6693,hybrid,cold,621612
6694,hybrid,cold,623006
6695,hybrid,cold,645117
6696,hybrid,cold,624478
6697,hybrid,cold,620180
6698,hybrid,cold,620771
6699,hybrid,cold,625260
6700,hybrid,cold,626362
6701,hybrid,cold,621733
6702,hybrid,cold,660866
6703,hybrid,cold,624358
6704,hybrid,cold,626882
6705,hybrid,cold,642862
6706,hybrid,cold,628566
6707,hybrid,cold,626502
6708,hybrid,cold,618497
6709,hybrid,cold,633354
6710,hybrid,cold,625310
6711,hybrid,cold,719355
6712,hybrid,cold,629568
6713,hybrid,cold,628516
6714,hybrid,cold,624057
6715,hybrid,cold,671025
6716,hybrid,cold,626973
6717,hybrid,cold,620260
6718,hybrid,cold,644295
6719,hybrid,cold,627313
6720,hybrid,cold,625300
6721,hybrid,cold,622675
6722,hybrid,cold,621783
6723,hybrid,cold,623596
6724,hybrid,cold,620401
6725,hybrid,cold,634947
6726,hybrid,cold,624508
6727,hybrid,cold,619378
6728,hybrid,cold,667228
6729,hybrid,cold,636400
6730,hybrid,cold,622334
6731,hybrid,cold,623797
6732,hybrid,cold,629106
6733,hybrid,cold,623266
6734,hybrid,cold,622665
6735,hybrid,cold,643133
6736,hybrid,cold,622324
6737,hybrid,cold,622434
6738,hybrid,cold,642471
6739,hybrid,cold,622324
6740,hybrid,cold,622665
6741,hybrid,cold,618216
6742,hybrid,cold,627654
6743,hybrid,cold,623887
6744,hybrid,cold,625840
6745,hybrid,cold,644486
6746,hybrid,cold,630008
6747,hybrid,cold,622294
6748,hybrid,cold,647501
6749,hybrid,cold,624498
6750,hybrid,cold,633084
6751,hybrid,cold,645358
6752,hybrid,cold,621793
6753,hybrid,cold,659594
6754,hybrid,cold,672368
6755,hybrid,cold,629227
6756,hybrid,cold,629828
6757,hybrid,cold,619469
6758,hybrid,cold,647962
6759,hybrid,cold,620451
6760,hybrid,cold,630599
6761,hybrid,cold,653623
6762,hybrid,cold,621092
6763,hybrid,cold,629929
6764,hybrid,cold,631511
6765,hybrid,cold,621843
6766,hybrid,cold,625911
6767,hybrid,cold,622044
6768,hybrid,cold,663001
6769,hybrid,cold,625540
6770,hybrid,cold,627784
6771,hybrid,cold,657910
6772,hybrid,cold,640628
6773,hybrid,cold,619720
6774,hybrid,cold,636440
6775,hybrid,cold,626411
6776,hybrid,cold,629457
6777,hybrid,cold,625770
6778,hybrid,cold,621433
6779,hybrid,cold,629557
6780,hybrid,cold,632092
6781,hybrid,cold,654694
6782,hybrid,cold,628475
6783,hybrid,cold,625049
6784,hybrid,cold,647611
6785,hybrid,cold,621853
6786,hybrid,cold,622034
6787,hybrid,cold,632283
6788,hybrid,cold,631691
6789,hybrid,cold,620340
6790,hybrid,cold,660456
6791,hybrid,cold,655386
6792,hybrid,cold,620150
6793,hybrid,cold,621713
6794,hybrid,cold,645949
6795,hybrid,cold,650787
6796,hybrid,cold,686394
6797,hybrid,cold,710910
6798,hybrid,cold,632694
6799,hybrid,cold,622224
6800,hybrid,cold,620802
6801,hybrid,cold,629978
6802,hybrid,cold,623746
6803,hybrid,cold,622294
6804,hybrid,cold,642011
6805,hybrid,cold,625790
6806,hybrid,cold,635899
6807,hybrid,cold,645368
6808,hybrid,cold,621302
6809,hybrid,cold,622504
6810,hybrid,cold,627794
6811,hybrid,cold,626081
6812,hybrid,cold,625610
6813,hybrid,cold,625690
6814,hybrid,cold,633004
6815,hybrid,cold,621092
6816,hybrid,cold,624728
6817,hybrid,cold,642001
6818,hybrid,cold,625240
6819,hybrid,cold,624117
6820,hybrid,cold,626281
6821,hybrid,cold,622114
6822,hybrid,cold,621423
6823,hybrid,cold,623657
6824,hybrid,cold,640388
6825,hybrid,cold,620040
6826,hybrid,cold,734334
6827,hybrid,cold,713365
6828,hybrid,cold,630860
6829,hybrid,cold,627854
6830,hybrid,cold,648233
6831,hybrid,cold,654134
6832,hybrid,cold,626592
6833,hybrid,cold,643614
6834,hybrid,cold,627754
6835,hybrid,cold,629036
6836,hybrid,cold,627784
6837,hybrid,cold,664173
6838,hybrid,cold,686574
6839,hybrid,cold,629638
6840,hybrid,cold,618397
6841,hybrid,cold,621382
6842,hybrid,cold,622153
6843,hybrid,cold,648984
6844,hybrid,cold,621343
6845,hybrid,cold,619349
6846,hybrid,cold,642391
6847,hybrid,cold,630038
6848,hybrid,cold,623907
6849,hybrid,cold,621563
6850,hybrid,cold,624408
6851,hybrid,cold,622103
6852,hybrid,cold,641821
6853,hybrid,cold,649074
6854,hybrid,cold,623787
6855,hybrid,cold,622134
6856,hybrid,cold,639556
6857,hybrid,cold,623136
6858,hybrid,cold,639607
6859,hybrid,cold,624849
6860,hybrid,cold,623967
6861,hybrid,cold,623376
6862,hybrid,cold,621593
6863,hybrid,cold,642602
6864,hybrid,cold,623266
6865,hybrid,cold,625791
6866,hybrid,cold,640879
6867,hybrid,cold,640759
6868,hybrid,cold,630229
6869,hybrid,cold,622465
6870,hybrid,cold,624287
6871,hybrid,cold,624839
6872,hybrid,cold,635098
6873,hybrid,cold,645587
6874,hybrid,cold,624338
6875,hybrid,cold,622755
6876,hybrid,cold,651378
6877,hybrid,cold,624939
6878,hybrid,cold,622795
6879,hybrid,cold,639096
6880,hybrid,cold,685703
6881,hybrid,cold,635128
6882,hybrid,cold,629638
6883,hybrid,cold,629247
6884,hybrid,cold,624578
6885,hybrid,cold,624177
6886,hybrid,cold,647411
6887,hybrid,cold,625309
6888,hybrid,cold,622855
6889,hybrid,cold,645337
6890,hybrid,cold,621232
6891,hybrid,cold,619148
6892,hybrid,cold,624408
6893,hybrid,cold,626763
6894,hybrid,cold,628175
6895,hybrid,cold,628556
6896,hybrid,cold,643083
6897,hybrid,cold,650517
6898,hybrid,cold,626562
6899,hybrid,cold,651418
6900,hybrid,cold,631561
6901,hybrid,cold,625210
6902,hybrid,cold,628625
6903,hybrid,cold,630439
6904,hybrid,cold,626272
6905,hybrid,cold,623676
6906,hybrid,cold,655296
6907,hybrid,cold,633605
6908,hybrid,cold,622044
6909,hybrid,cold,630779
6910,hybrid,cold,626231
6911,hybrid,cold,624689
6912,hybrid,cold,622485
6913,hybrid,cold,621583
6914,hybrid,cold,622334
6915,hybrid,cold,646008
6916,hybrid,cold,628386
6917,hybrid,cold,620711
6918,hybrid,cold,623306
6919,hybrid,cold,626452
6920,hybrid,cold,622143
6921,hybrid,cold,659484
6922,hybrid,cold,631371
6923,hybrid,cold,621542
6924,hybrid,cold,626262
6925,hybrid,cold,642011
6926,hybrid,cold,631191
6927,hybrid,cold,621292
6928,hybrid,cold,635589
6929,hybrid,cold,625801
6930,hybrid,cold,625270
6931,hybrid,cold,623476
6932,hybrid,cold,643644
6933,hybrid,cold,623937
6934,hybrid,cold,631601
6935,hybrid,cold,651880
6936,hybrid,cold,626913
6937,hybrid,cold,628946
6938,hybrid,cold,621172
6939,hybrid,cold,622435
6940,hybrid,cold,621242
6941,hybrid,cold,622585
6942,hybrid,cold,648062
6943,hybrid,cold,626401
6944,hybrid,cold,661999
6945,hybrid,cold,639246
6946,hybrid,cold,636551
6947,hybrid,cold,626151
6948,hybrid,cold,648303
6949,hybrid,cold,622835
6950,hybrid,cold,625270
6951,hybrid,cold,622544
6952,hybrid,cold,627174
6953,hybrid,cold,623537
6954,hybrid,cold,621062
6955,hybrid,cold,643163
6956,hybrid,cold,624458
6957,hybrid,cold,650767
6958,hybrid,cold,652590
6959,hybrid,cold,621813
6960,hybrid,cold,623497
6961,hybrid,cold,624869
6962,hybrid,cold,627413
6963,hybrid,cold,661969
6964,hybrid,cold,622193
6965,hybrid,cold,630139
6966,hybrid,cold,621443
6967,hybrid,cold,621453
6968,hybrid,cold,648293
6969,hybrid,cold,630018
6970,hybrid,cold,627724
6971,hybrid,cold,619769
6972,hybrid,cold,623627
6973,hybrid,cold,626672
6974,hybrid,cold,621423
6975,hybrid,cold,640589
6976,hybrid,cold,622995
6977,hybrid,cold,624438
6978,hybrid,cold,643414
6979,hybrid,cold,627644
6980,hybrid,cold,627483
6981,hybrid,cold,622865
6982,hybrid,cold,623076
6983,hybrid,cold,626752
6984,hybrid,cold,629518
6985,hybrid,cold,622956
6986,hybrid,cold,624919
6987,hybrid,cold,642191
6988,hybrid,cold,641229
6989,hybrid,cold,620801
6990,hybrid,cold,624068
6991,hybrid,cold,651638
6992,hybrid,cold,627173
6993,hybrid,cold,627775
6994,hybrid,cold,624889
6995,hybrid,cold,624468
6996,hybrid,cold,630269
6997,hybrid,cold,627203
6998,hybrid,cold,627103
6999,hybrid,cold,625540
7000,hybrid,cold,625460
7001,hybrid,cold,641910
7002,hybrid,cold,628646
7003,hybrid,cold,625891
7004,hybrid,cold,621272
7005,hybrid,cold,657720
7006,hybrid,cold,637202
7007,hybrid,cold,634958
7008,hybrid,cold,627133
7009,hybrid,cold,624267
7010,hybrid,cold,628135
7011,hybrid,cold,640328
7012,hybrid,cold,624969
7013,hybrid,cold,626342
7014,hybrid,cold,640989
7015,hybrid,cold,626982
7016,hybrid,cold,633445
7017,hybrid,cold,624348
7018,hybrid,cold,626973
7019,hybrid,cold,626802
7020,hybrid,cold,625971
7021,hybrid,cold,643604
7022,hybrid,cold,874035
7023,hybrid,cold,638655
7024,hybrid,cold,640909
7025,hybrid,cold,625810
7026,hybrid,cold,619929
7027,hybrid,cold,638154
7028,hybrid,cold,620792
7029,hybrid,cold,624328
7030,hybrid,cold,624408
7031,hybrid,cold,626031
7032,hybrid,cold,624268
7033,hybrid,cold,628185
7034,hybrid,cold,640428
7035,hybrid,cold,626171
7036,hybrid,cold,628937
7037,hybrid,cold,650597
7038,hybrid,cold,620961
7039,hybrid,cold,623035
7040,hybrid,cold,621112
7041,hybrid,cold,621091
7042,hybrid,cold,626863
7043,hybrid,cold,621002
7044,hybrid,cold,645688
7045,hybrid,cold,624097
7046,hybrid,cold,621633
7047,hybrid,cold,645989
7048,hybrid,cold,675183
7049,hybrid,cold,680413
7050,hybrid,cold,626352
7051,hybrid,cold,623617
7052,hybrid,cold,623707
7053,hybrid,cold,622354
7054,hybrid,cold,636079
7055,hybrid,cold,619288
7056,hybrid,cold,628926
7057,hybrid,cold,645267
7058,hybrid,cold,626181
7059,hybrid,cold,625821
7060,hybrid,cold,621542
7061,hybrid,cold,625731
7062,hybrid,cold,673339
7063,hybrid,cold,627073
7064,hybrid,cold,622965
7065,hybrid,cold,621703
7066,hybrid,cold,619579
7067,hybrid,cold,635749
7068,hybrid,cold,624819
7069,hybrid,cold,624558
7070,hybrid,cold,655346
7071,hybrid,cold,633655
7072,hybrid,cold,627824
7073,hybrid,cold,641379
7074,hybrid,cold,624538
7075,hybrid,cold,622184
7076,hybrid,cold,635318
7077,hybrid,cold,619349
7078,hybrid,cold,619489
7079,hybrid,cold,648844
7080,hybrid,cold,621212
7081,hybrid,cold,620821
7082,hybrid,cold,620180
7083,hybrid,cold,624699
7084,hybrid,cold,620451
7085,hybrid,cold,624788
7086,hybrid,cold,624688
7087,hybrid,cold,623947
7088,hybrid,cold,626602
7089,hybrid,cold,684170
7090,hybrid,cold,627975
7091,hybrid,cold,643574
7092,hybrid,cold,619339
7093,hybrid,cold,618667
7094,hybrid,cold,621171
7095,hybrid,cold,635218
7096,hybrid,cold,621443
7097,hybrid,cold,621753
7098,hybrid,cold,634667
7099,hybrid,cold,618867
7100,hybrid,cold,652581
7101,hybrid,cold,656218
7102,hybrid,cold,628426
7103,hybrid,cold,625300
7104,hybrid,cold,636441
7105,hybrid,cold,622755
7106,hybrid,cold,622734
7107,hybrid,cold,632022
7108,hybrid,cold,620170
7109,hybrid,cold,620370
7110,hybrid,cold,623306
7111,hybrid,cold,623105
7112,hybrid,cold,618818
7113,hybrid,cold,623206
7114,hybrid,cold,640818
7115,hybrid,cold,618337
7116,hybrid,cold,628816
7117,hybrid,cold,643193
7118,hybrid,cold,624398
7119,hybrid,cold,625921
7120,hybrid,cold,652109
7121,hybrid,cold,620902
7122,hybrid,cold,625439
7123,hybrid,cold,625991
7124,hybrid,cold,621953
7125,hybrid,cold,625600
7126,hybrid,cold,625810
7127,hybrid,cold,620271
7128,hybrid,cold,648322
7129,hybrid,cold,683409
7130,hybrid,cold,661237
7131,hybrid,cold,621372
7132,hybrid,cold,627553
7133,hybrid,cold,631361
7134,hybrid,cold,618247
7135,hybrid,cold,626902
7136,hybrid,cold,629688
7137,hybrid,cold,665375
7138,hybrid,cold,623927
7139,hybrid,cold,622584
7140,hybrid,cold,624488
7141,hybrid,cold,623416
7142,hybrid,cold,626752
7143,hybrid,cold,626051
7144,hybrid,cold,624749
7145,hybrid,cold,626672
7146,hybrid,cold,622024
7147,hybrid,cold,624117
7148,hybrid,cold,652039
7149,hybrid,cold,627614
7150,hybrid,cold,646189
7151,hybrid,cold,647341
7152,hybrid,cold,619569
7153,hybrid,cold,619308
7154,hybrid,cold,638264
7155,hybrid,cold,632473
7156,hybrid,cold,622494
7157,hybrid,cold,643694
7158,hybrid,cold,627935
7159,hybrid,cold,622644
7160,hybrid,cold,622093
7161,hybrid,cold,624729
7162,hybrid,cold,628786
7163,hybrid,cold,659343
7164,hybrid,cold,623707
7165,hybrid,cold,622084
7166,hybrid,cold,620822
7167,hybrid,cold,626031
7168,hybrid,cold,696353
7169,hybrid,cold,664673
7170,hybrid,cold,637583
7171,hybrid,cold,618126
7172,hybrid,cold,621282
7173,hybrid,cold,658031
7174,hybrid,cold,629888
7175,hybrid,cold,627714
7176,hybrid,cold,627494
7177,hybrid,cold,637943
7178,hybrid,cold,650807
7179,hybrid,cold,625080
7180,hybrid,cold,624167
7181,hybrid,cold,621523
7182,hybrid,cold,620842
7183,hybrid,cold,622695
7184,hybrid,cold,625880
7185,hybrid,cold,621182
7186,hybrid,cold,622604
7187,hybrid,cold,624789
7188,hybrid,cold,639325
7189,hybrid,cold,620270
7190,hybrid,cold,623827
7191,hybrid,cold,638875
7192,hybrid,cold,618667
7193,hybrid,cold,619809
7194,hybrid,cold,652200
7195,hybrid,cold,630209
7196,hybrid,cold,625129
7197,hybrid,cold,643273
7198,hybrid,cold,627704
7199,hybrid,cold,624298
7200,hybrid,cold,621643
7201,hybrid,cold,626752
7202,hybrid,cold,722341
7203,hybrid,cold,750754
7204,hybrid,cold,625009
7205,hybrid,cold,622284
7206,hybrid,cold,625981
7207,hybrid,cold,632774
7208,hybrid,cold,650487
7209,hybrid,cold,629919
7210,hybrid,cold,667048
7211,hybrid,cold,626993
7212,hybrid,cold,649435
7213,hybrid,cold,631311
7214,hybrid,cold,619098
7215,hybrid,cold,640559
7216,hybrid,cold,626231
7217,hybrid,cold,624789
7218,hybrid,cold,622454
7219,hybrid,cold,624038
7220,hybrid,cold,622434
7221,hybrid,cold,622104
7222,hybrid,cold,626722
7223,hybrid,cold,621202
7224,hybrid,cold,626462
7225,hybrid,cold,628867
7226,hybrid,cold,626082
7227,hybrid,cold,628586
7228,hybrid,cold,621152
7229,hybrid,cold,630269
7230,hybrid,cold,620851
7231,hybrid,cold,673620
7232,hybrid,cold,627744
7233,hybrid,cold,623225
7234,hybrid,cold,640919
7235,hybrid,cold,620390
7236,hybrid,cold,620370
7237,hybrid,cold,648954
7238,hybrid,cold,625701
7239,hybrid,cold,619699
7240,hybrid,cold,646139
7241,hybrid,cold,627203
7242,hybrid,cold,632854
7243,hybrid,cold,679762
7244,hybrid,cold,632554
7245,hybrid,cold,620531
7246,hybrid,cold,625620
7247,hybrid,cold,739774
7248,hybrid,cold,628105
7249,hybrid,cold,646669
7250,hybrid,cold,640859
7251,hybrid,cold,630410
7252,hybrid,cold,653442
7253,hybrid,cold,628426
7254,hybrid,cold,620240
7255,hybrid,cold,649725
7256,hybrid,cold,627694
7257,hybrid,cold,625741
7258,hybrid,cold,639076
7259,hybrid,cold,620771
7260,hybrid,cold,620942
7261,hybrid,cold,621002
7262,hybrid,cold,628906
7263,hybrid,cold,624519
7264,hybrid,cold,617254
7265,hybrid,cold,628786
7266,hybrid,cold,623165
7267,hybrid,cold,625069
7268,hybrid,cold,643724
7269,hybrid,cold,622604
7270,hybrid,cold,625059
7271,hybrid,cold,636851
7272,hybrid,cold,620541
7273,hybrid,cold,621623
7274,hybrid,cold,651249
7275,hybrid,cold,621513
7276,hybrid,cold,624558
7277,hybrid,cold,619028
7278,hybrid,cold,621933
7279,hybrid,cold,624748
7280,hybrid,cold,621212
7281,hybrid,cold,623416
7282,hybrid,cold,621332
7283,hybrid,cold,619328
7284,hybrid,cold,656208
7285,hybrid,cold,632654
7286,hybrid,cold,625811
7287,hybrid,cold,737870
7288,hybrid,cold,635709
7289,hybrid,cold,625720
7290,hybrid,cold,620901
7291,hybrid,cold,625570
7292,hybrid,cold,661307
7293,hybrid,cold,632634
7294,hybrid,cold,622154
7295,hybrid,cold,625721
7296,hybrid,cold,641630
7297,hybrid,cold,625801
7298,hybrid,cold,624889
7299,hybrid,cold,637403
7300,hybrid,cold,628134
7301,hybrid,cold,630009
7302,hybrid,cold,635689
7303,hybrid,cold,622554
7304,hybrid,cold,622344
7305,hybrid,cold,639567
7306,hybrid,cold,627123
7307,hybrid,cold,623366
7308,hybrid,cold,619650
7309,hybrid,cold,621503
7310,hybrid,cold,626843
7311,hybrid,cold,619750
7312,hybrid,cold,623446
7313,hybrid,cold,620751
7314,hybrid,cold,621613
7315,hybrid,cold,622474
7316,hybrid,cold,624829
7317,hybrid,cold,623927
7318,hybrid,cold,644104
7319,hybrid,cold,625450
7320,hybrid,cold,622284
7321,hybrid,cold,670825
7322,hybrid,cold,632013
7323,hybrid,cold,626141
7324,hybrid,cold,632402
7325,hybrid,cold,622835
7326,hybrid,cold,641991
7327,hybrid,cold,672718
7328,hybrid,cold,675644
7329,hybrid,cold,665766
7330,hybrid,cold,632783
7331,hybrid,cold,624608
7332,hybrid,cold,629197
7333,hybrid,cold,622915
7334,hybrid,cold,624528
7335,hybrid,cold,636440
7336,hybrid,cold,622745
7337,hybrid,cold,627333
7338,hybrid,cold,637933
7339,hybrid,cold,620611
7340,hybrid,cold,621692
7341,hybrid,cold,623756
7342,hybrid,cold,637061
7343,hybrid,cold,625260
7344,hybrid,cold,622584
7345,hybrid,cold,640708
7346,hybrid,cold,620892
7347,hybrid,cold,624878
7348,hybrid,cold,654704
7349,hybrid,cold,628405
7350,hybrid,cold,628807
7351,hybrid,cold,620180
7352,hybrid,cold,622935
7353,hybrid,cold,620902
7354,hybrid,cold,619769
7355,hybrid,cold,634316
7356,hybrid,cold,620550
7357,hybrid,cold,623877
7358,hybrid,cold,650546
7359,hybrid,cold,620400
7360,hybrid,cold,619128
7361,hybrid,cold,641069
7362,hybrid,cold,626612
7363,hybrid,cold,636210
7364,hybrid,cold,644025
7365,hybrid,cold,628766
7366,hybrid,cold,736988
7367,hybrid,cold,662139
7368,hybrid,cold,622024
7369,hybrid,cold,620330
7370,hybrid,cold,639826
7371,hybrid,cold,626021
7372,hybrid,cold,620400
7373,hybrid,cold,637653
7374,hybrid,cold,622715
7375,hybrid,cold,624057
7376,hybrid,cold,622775
7377,hybrid,cold,626743
7378,hybrid,cold,619899
7379,hybrid,cold,627884
7380,hybrid,cold,629076
7381,hybrid,cold,622374
7382,hybrid,cold,629878
7383,hybrid,cold,622484
7384,hybrid,cold,625049
7385,hybrid,cold,641640
7386,hybrid,cold,621372
7387,hybrid,cold,626352
7388,hybrid,cold,623166
7389,hybrid,cold,652871
7390,hybrid,cold,627003
7391,hybrid,cold,625500
7392,hybrid,cold,642472
7393,hybrid,cold,619850
7394,hybrid,cold,625400
7395,hybrid,cold,690752
7396,hybrid,cold,623146
7397,hybrid,cold,620380
7398,hybrid,cold,639846
7399,hybrid,cold,620610
7400,hybrid,cold,622795
7401,hybrid,cold,639366
7402,hybrid,cold,632273
7403,hybrid,cold,626792
7404,hybrid,cold,665926
7405,hybrid,cold,671536
7406,hybrid,cold,719225
7407,hybrid,cold,643263
7408,hybrid,cold,618758
7409,hybrid,cold,625260
7410,hybrid,cold,620039
7411,hybrid,cold,620661
7412,hybrid,cold,623256
7413,hybrid,cold,620992
7414,hybrid,cold,620832
7415,hybrid,cold,621804
7416,hybrid,cold,619339
7417,hybrid,cold,656267
7418,hybrid,cold,625921
7419,hybrid,cold,625860
7420,hybrid,cold,641400
7421,hybrid,cold,624178
7422,hybrid,cold,626232
7423,hybrid,cold,657990
7424,hybrid,cold,630690
7425,hybrid,cold,623396
7426,hybrid,cold,626181
7427,hybrid,cold,624358
7428,hybrid,cold,625049
7429,hybrid,cold,622805
7430,hybrid,cold,625731
7431,hybrid,cold,618127
7432,hybrid,cold,622114
7433,hybrid,cold,637964
7434,hybrid,cold,624207
7435,hybrid,cold,630309
7436,hybrid,cold,621593
7437,hybrid,cold,626892
7438,hybrid,cold,623446
7439,hybrid,cold,641490
7440,hybrid,cold,627774
7441,hybrid,cold,627053
7442,hybrid,cold,665154
7443,hybrid,cold,623897
7444,hybrid,cold,622113
7445,hybrid,cold,666757
7446,hybrid,cold,680643
7447,hybrid,cold,629588
7448,hybrid,cold,651188
7449,hybrid,cold,625981
7450,hybrid,cold,621112
7451,hybrid,cold,635018
7452,hybrid,cold,621522
7453,hybrid,cold,622855
7454,hybrid,cold,625570
7455,hybrid,cold,625160
7456,hybrid,cold,617895
7457,hybrid,cold,626492
7458,hybrid,cold,624969
7459,hybrid,cold,624147
7460,hybrid,cold,624719
7461,hybrid,cold,649195
7462,hybrid,cold,625230
7463,hybrid,cold,627413
7464,hybrid,cold,632213
7465,hybrid,cold,621423
7466,hybrid,cold,641890
7467,hybrid,cold,624408
7468,hybrid,cold,619178
7469,hybrid,cold,665154
7470,hybrid,cold,629026
7471,hybrid,cold,636480
7472,hybrid,cold,642622
7473,hybrid,cold,634026
7474,hybrid,cold,636301
7475,hybrid,cold,645447
7476,hybrid,cold,623876
7477,hybrid,cold,623657
7478,hybrid,cold,657440
7479,hybrid,cold,653052
7480,hybrid,cold,625951
7481,hybrid,cold,646138
7482,hybrid,cold,619529
7483,hybrid,cold,627725
7484,hybrid,cold,633595
7485,hybrid,cold,679682
7486,hybrid,cold,625219
7487,hybrid,cold,624378
7488,hybrid,cold,620781
7489,hybrid,cold,621272
7490,hybrid,cold,620480
7491,hybrid,cold,624768
7492,hybrid,cold,624498
7493,hybrid,cold,635589
7494,hybrid,cold,646138
7495,hybrid,cold,623907
7496,hybrid,cold,622514
7497,hybrid,cold,641109
7498,hybrid,cold,644836
7499,hybrid,cold,662559
7500,hybrid,cold,659013
7501,hybrid,cold,625711
7502,hybrid,cold,624388
7503,hybrid,cold,641801
7504,hybrid,cold,626141
7505,hybrid,cold,672508
7506,hybrid,cold,652000
7507,hybrid,cold,624618
7508,hybrid,cold,627053
7509,hybrid,cold,646590
7510,hybrid,cold,626521
7511,hybrid,cold,626041
7512,hybrid,cold,620560
7513,hybrid,cold,653923
7514,hybrid,cold,630640
7515,hybrid,cold,619358
7516,hybrid,cold,624187
7517,hybrid,cold,620911
7518,hybrid,cold,622735
7519,hybrid,cold,625940
7520,hybrid,cold,628315
7521,hybrid,cold,624168
7522,hybrid,cold,654164
7523,hybrid,cold,629458
7524,hybrid,cold,691273
7525,hybrid,cold,636460
7526,hybrid,cold,622885
7527,hybrid,cold,644606
7528,hybrid,cold,629979
7529,hybrid,cold,628495
7530,hybrid,cold,647361
7531,hybrid,cold,625861
7532,hybrid,cold,631511
7533,hybrid,cold,648132
7534,hybrid,cold,676505
7535,hybrid,cold,624578
7536,hybrid,cold,625059
7537,hybrid,cold,620871
7538,hybrid,cold,622735
7539,hybrid,cold,648292
7540,hybrid,cold,621031
7541,hybrid,cold,625550
7542,hybrid,cold,656709
7543,hybrid,cold,634326
7544,hybrid,cold,631161
7545,hybrid,cold,651569
7546,hybrid,cold,634897
7547,hybrid,cold,628927
7548,hybrid,cold,645387
7549,hybrid,cold,632423
7550,hybrid,cold,628907
7551,hybrid,cold,651078
7552,hybrid,cold,632423
7553,hybrid,cold,639897
7554,hybrid,cold,677317
7555,hybrid,cold,645337
7556,hybrid,cold,646308
7557,hybrid,cold,671586
7558,hybrid,cold,638304
7559,hybrid,cold,670985
7560,hybrid,cold,663481
7561,hybrid,cold,638795
7562,hybrid,cold,654214
7563,hybrid,cold,667780
7564,hybrid,cold,630800
7565,hybrid,cold,631491
7566,hybrid,cold,644496
7567,hybrid,cold,625280
7568,hybrid,cold,623266
7569,hybrid,cold,628024
7570,hybrid,cold,624187
7571,hybrid,cold,623576
7572,hybrid,cold,620611
7573,hybrid,cold,623116
7574,hybrid,cold,622444
7575,hybrid,cold,627333
7576,hybrid,cold,631431
7577,hybrid,cold,625931
7578,hybrid,cold,628656
7579,hybrid,cold,672588
7580,hybrid,cold,634237
7581,hybrid,cold,648784
7582,hybrid,cold,623356
7583,hybrid,cold,623647
7584,hybrid,cold,626933
7585,hybrid,cold,625620
7586,hybrid,cold,620491
7587,hybrid,cold,622765
7588,hybrid,cold,622274
7589,hybrid,cold,622705
7590,hybrid,cold,623426
7591,hybrid,cold,650237
7592,hybrid,cold,621963
7593,hybrid,cold,626011
7594,hybrid,cold,649334
7595,hybrid,cold,624538
7596,hybrid,cold,622103
7597,hybrid,cold,638474
7598,hybrid,cold,629538
7599,hybrid,cold,625240
7600,hybrid,cold,647952
7601,hybrid,cold,632132
7602,hybrid,cold,702063
7603,hybrid,cold,651769
7604,hybrid,cold,625480
7605,hybrid,cold,622053
7606,hybrid,cold,622274
7607,hybrid,cold,627915
7608,hybrid,cold,620000
7609,hybrid,cold,619379
7610,hybrid,cold,626021
7611,hybrid,cold,621482
7612,hybrid,cold,641990
7613,hybrid,cold,647802
7614,hybrid,cold,622524
7615,hybrid,cold,724185
7616,hybrid,cold,635599
7617,hybrid,cold,626662
7618,hybrid,cold,644976
7619,hybrid,cold,625139
7620,hybrid,cold,623927
7621,hybrid,cold,625761
7622,hybrid,cold,628346
7623,hybrid,cold,620531
7624,hybrid,cold,625239
7625,hybrid,cold,628706
7626,hybrid,cold,645798
7627,hybrid,cold,660154
7628,hybrid,cold,621242
7629,hybrid,cold,621582
7630,hybrid,cold,619599
7631,hybrid,cold,659604
7632,hybrid,cold,627534
7633,hybrid,cold,623897
7634,hybrid,cold,636882
7635,hybrid,cold,620019
7636,hybrid,cold,626051
7637,hybrid,cold,639306
7638,hybrid,cold,627844
7639,hybrid,cold,622665
7640,hybrid,cold,623527
7641,hybrid,cold,710659
7642,hybrid,cold,626862
7643,hybrid,cold,638304
7644,hybrid,cold,624377
7645,hybrid,cold,622084
7646,hybrid,cold,617835
7647,hybrid,cold,622484
7648,hybrid,cold,624288
7649,hybrid,cold,623757
7650,hybrid,cold,627444
7651,hybrid,cold,625460
7652,hybrid,cold,625079
7653,hybrid,cold,645687
7654,hybrid,cold,624307
7655,hybrid,cold,620951
7656,hybrid,cold,621783
7657,hybrid,cold,619078
7658,hybrid,cold,621913
7659,hybrid,cold,626191
7660,hybrid,cold,619979
7661,hybrid,cold,620631
7662,hybrid,cold,648423
7663,hybrid,cold,624759
7664,hybrid,cold,636561
7665,hybrid,cold,642472
7666,hybrid,cold,620220
7667,hybrid,cold,628886
7668,hybrid,cold,639406
7669,hybrid,cold,627414
7670,hybrid,cold,752137
7671,hybrid,cold,658171
7672,hybrid,cold,633685
7673,hybrid,cold,625159
7674,hybrid,cold,650657
7675,hybrid,cold,625440
7676,hybrid,cold,621853
7677,hybrid,cold,643363
7678,hybrid,cold,620992
7679,hybrid,cold,625650
7680,hybrid,cold,623697
7681,hybrid,cold,683929
7682,hybrid,cold,663762
7683,hybrid,cold,621553
7684,hybrid,cold,622224
7685,hybrid,cold,621022
7686,hybrid,cold,619178
7687,hybrid,cold,625540
7688,hybrid,cold,626823
7689,hybrid,cold,651970
7690,hybrid,cold,622845
7691,hybrid,cold,626171
7692,hybrid,cold,617956
7693,hybrid,cold,636882
7694,hybrid,cold,624808
7695,hybrid,cold,620301
7696,hybrid,cold,620090
7697,hybrid,cold,620260
7698,hybrid,cold,617375
7699,hybrid,cold,638034
7700,hybrid,cold,620461
7701,hybrid,cold,652731
7702,hybrid,cold,659423
7703,hybrid,cold,630268
7704,hybrid,cold,629909
7705,hybrid,cold,650396
7706,hybrid,cold,632964
7707,hybrid,cold,625510
7708,hybrid,cold,642102
7709,hybrid,cold,620641
7710,hybrid,cold,618237
7711,hybrid,cold,623396
7712,hybrid,cold,629417
7713,hybrid,cold,629427
7714,hybrid,cold,627073
7715,hybrid,cold,634347
7716,hybrid,cold,626351
7717,hybrid,cold,623857
7718,hybrid,cold,624739
7719,hybrid,cold,628806
7720,hybrid,cold,661537
7721,hybrid,cold,678399
7722,hybrid,cold,628245
7723,hybrid,cold,621673
7724,hybrid,cold,620331
7725,hybrid,cold,624799
7726,hybrid,cold,645287
7727,hybrid,cold,627594
7728,hybrid,cold,625901
7729,hybrid,cold,626362
7730,hybrid,cold,624217
7731,hybrid,cold,626813
7732,hybrid,cold,618927
7733,hybrid,cold,644385
7734,hybrid,cold,621362
7735,hybrid,cold,629727
7736,hybrid,cold,638253
7737,hybrid,cold,620792
7738,hybrid,cold,620621
7739,hybrid,cold,642873
7740,hybrid,cold,641871
7741,hybrid,cold,641620
7742,hybrid,cold,655546
7743,hybrid,cold,649425
7744,hybrid,cold,625870
7745,hybrid,cold,646529
7746,hybrid,cold,625771
7747,hybrid,cold,618947
7748,hybrid,cold,634497
7749,hybrid,cold,623766
7750,hybrid,cold,623196
7751,hybrid,cold,622975
7752,hybrid,cold,620541
7753,hybrid,cold,620440
7754,hybrid,cold,627604
7755,hybrid,cold,644325
7756,hybrid,cold,621663
7757,hybrid,cold,623777
7758,hybrid,cold,626852
7759,hybrid,cold,619078
7760,hybrid,cold,711762
7761,hybrid,cold,624848
7762,hybrid,cold,621302
7763,hybrid,cold,685923
7764,hybrid,cold,628445
7765,hybrid,cold,635459
7766,hybrid,cold,630610
7767,hybrid,cold,629547
7768,hybrid,cold,621252
7769,hybrid,cold,621963
7770,hybrid,cold,628515
7771,hybrid,cold,623737
7772,hybrid,cold,629487
7773,hybrid,cold,626703
7774,hybrid,cold,625089
7775,hybrid,cold,623035
7776,hybrid,cold,625220
7777,hybrid,cold,629528
7778,hybrid,cold,627634
7779,hybrid,cold,654875
7780,hybrid,cold,626592
7781,hybrid,cold,621974
7782,hybrid,cold,639055
7783,hybrid,cold,620690
7784,hybrid,cold,621322
7785,hybrid,cold,638895
7786,hybrid,cold,619829
7787,hybrid,cold,621603
7788,hybrid,cold,622374
7789,hybrid,cold,620831
7790,hybrid,cold,623366
7791,hybrid,cold,618647
7792,hybrid,cold,659984
7793,hybrid,cold,626562
7794,hybrid,cold,622084
7795,hybrid,cold,670104
7796,hybrid,cold,623817
7797,hybrid,cold,624247
7798,hybrid,cold,642101
7799,hybrid,cold,668360
7800,hybrid,cold,693116
7801,hybrid,cold,694198
7802,hybrid,cold,625179
7803,hybrid,cold,626352
7804,hybrid,cold,628115
7805,hybrid,cold,618487
7806,hybrid,cold,623045
7807,hybrid,cold,621513
7808,hybrid,cold,626262
7809,hybrid,cold,621752
7810,hybrid,cold,620040
7811,hybrid,cold,626542
7812,hybrid,cold,622525
7813,hybrid,cold,623015
7814,hybrid,cold,670524
7815,hybrid,cold,621192
7816,hybrid,cold,621623
7817,hybrid,cold,638173
7818,hybrid,cold,711350
7819,hybrid,cold,652340
7820,hybrid,cold,644977
7821,hybrid,cold,620080
7822,hybrid,cold,620180
7823,hybrid,cold,683639
7824,hybrid,cold,621102
7825,hybrid,cold,624238
7826,hybrid,cold,629006
7827,hybrid,cold,624408
7828,hybrid,cold,625059
7829,hybrid,cold,623386
7830,hybrid,cold,626452
7831,hybrid,cold,623266
7832,hybrid,cold,619970
7833,hybrid,cold,662779
7834,hybrid,cold,625780
7835,hybrid,cold,627143
7836,hybrid,cold,641690
7837,hybrid,cold,623486
7838,hybrid,cold,713374
7839,hybrid,cold,762587
7840,hybrid,cold,639205
7841,hybrid,cold,652450
7842,hybrid,cold,624568
7843,hybrid,cold,622334
7844,hybrid,cold,640839
7845,hybrid,cold,625871
7846,hybrid,cold,625350
7847,hybrid,cold,645707
7848,hybrid,cold,621863
7849,hybrid,cold,626132
7850,hybrid,cold,621372
7851,hybrid,cold,630930
7852,hybrid,cold,650497
7853,hybrid,cold,648813
7854,hybrid,cold,645768
7855,hybrid,cold,649575
7856,hybrid,cold,650737
7857,hybrid,cold,654454
7858,hybrid,cold,654154
7859,hybrid,cold,654274
7860,hybrid,cold,649165
7861,hybrid,cold,642852
7862,hybrid,cold,650998
7863,hybrid,cold,665435
7864,hybrid,cold,642201
7865,hybrid,cold,642001
7866,hybrid,cold,654304
7867,hybrid,cold,641971
7868,hybrid,cold,642572
7869,hybrid,cold,658762
7870,hybrid,cold,659404
7871,hybrid,cold,624328
7872,hybrid,cold,640589
7873,hybrid,cold,628736
7874,hybrid,cold,675674
7875,hybrid,cold,650396
7876,hybrid,cold,624819
7877,hybrid,cold,623877
7878,hybrid,cold,665826
7879,hybrid,cold,707313
7880,hybrid,cold,625500
7881,hybrid,cold,647691
7882,hybrid,cold,623637
7883,hybrid,cold,623747
7884,hybrid,cold,620341
7885,hybrid,cold,625129
7886,hybrid,cold,623957
7887,hybrid,cold,619478
7888,hybrid,cold,645067
7889,hybrid,cold,657399
7890,hybrid,cold,627614
7891,hybrid,cold,640969
7892,hybrid,cold,649044
7893,hybrid,cold,625019
7894,hybrid,cold,644996
7895,hybrid,cold,621342
7896,hybrid,cold,620621
7897,hybrid,cold,638254
7898,hybrid,cold,624008
7899,hybrid,cold,620791
7900,hybrid,cold,624779
7901,hybrid,cold,622374
7902,hybrid,cold,622875
7903,hybrid,cold,675033
7904,hybrid,cold,645547
7905,hybrid,cold,629497
7906,hybrid,cold,623797
7907,hybrid,cold,628396
7908,hybrid,cold,628165
7909,hybrid,cold,624999
7910,hybrid,cold,627684
7911,hybrid,cold,620240
7912,hybrid,cold,671456
7913,hybrid,cold,637342
7914,hybrid,cold,636341
7915,hybrid,cold,646759
7916,hybrid,cold,639807
7917,hybrid,cold,637412
7918,hybrid,cold,690171
7919,hybrid,cold,699388
7920,hybrid,cold,632282
7921,hybrid,cold,620802
7922,hybrid,cold,619369
7923,hybrid,cold,622675
7924,hybrid,cold,624048
7925,hybrid,cold,645948
7926,hybrid,cold,646058
7927,hybrid,cold,623086
7928,hybrid,cold,640748
7929,hybrid,cold,625109
7930,hybrid,cold,621593
7931,hybrid,cold,640929
7932,hybrid,cold,627644
7933,hybrid,cold,620510
7934,hybrid,cold,626252
7935,hybrid,cold,631251
7936,hybrid,cold,621843
7937,hybrid,cold,624047
7938,hybrid,cold,623456
7939,hybrid,cold,623606
7940,hybrid,cold,620791
7941,hybrid,cold,621983
7942,hybrid,cold,619219
7943,hybrid,cold,629126
7944,hybrid,cold,638865
7945,hybrid,cold,623526
7946,hybrid,cold,643764
7947,hybrid,cold,646960
7948,hybrid,cold,622575
7949,hybrid,cold,660876
7950,hybrid,cold,621833
7951,hybrid,cold,626472
7952,hybrid,cold,709958
7953,hybrid,cold,628455
7954,hybrid,cold,627033
7955,hybrid,cold,630950
7956,hybrid,cold,624287
7957,hybrid,cold,643724
7958,hybrid,cold,629087
7959,hybrid,cold,720598
7960,hybrid,cold,645157
7961,hybrid,cold,621172
7962,hybrid,cold,628285
7963,hybrid,cold,639726
7964,hybrid,cold,622995
7965,hybrid,cold,659323
7966,hybrid,cold,647561
7967,hybrid,cold,626010
7968,hybrid,cold,636069
7969,hybrid,cold,659223
7970,hybrid,cold,626271
7971,hybrid,cold,618978
7972,hybrid,cold,643554
7973,hybrid,cold,628265
7974,hybrid,cold,621172
7975,hybrid,cold,625340
7976,hybrid,cold,637763
7977,hybrid,cold,627063
7978,hybrid,cold,627093
7979,hybrid,cold,626292
7980,hybrid,cold,627333
7981,hybrid,cold,628706
7982,hybrid,cold,628255
7983,hybrid,cold,621663
7984,hybrid,cold,624087
7985,hybrid,cold,623627
7986,hybrid,cold,815666
7987,hybrid,cold,706371
7988,hybrid,cold,635799
7989,hybrid,cold,637021
7990,hybrid,cold,649896
7991,hybrid,cold,626562
7992,hybrid,cold,625420
7993,hybrid,cold,645447
7994,hybrid,cold,627213
7995,hybrid,cold,628866
7996,hybrid,cold,618527
7997,hybrid,cold,665905
7998,hybrid,cold,740365
7999,hybrid,cold,662720
8000,hybrid,cold,623186
8001,hybrid,cold,625390
8002,hybrid,cold,644976
8003,hybrid,cold,624308
8004,hybrid,cold,622664
8005,hybrid,cold,627133
8006,hybrid,cold,619820
8007,hybrid,cold,620430
8008,hybrid,cold,626782
8009,hybrid,cold,649725
8010,hybrid,cold,623847
8011,hybrid,cold,619108
8012,hybrid,cold,689159
8013,hybrid,cold,624087
8014,hybrid,cold,625069
8015,hybrid,cold,643884
8016,hybrid,cold,628175
8017,hybrid,cold,625240
8018,hybrid,cold,640037
8019,hybrid,cold,635148
8020,hybrid,cold,633444
8021,hybrid,cold,640368
8022,hybrid,cold,620911
8023,hybrid,cold,624638
8024,hybrid,cold,639556
8025,hybrid,cold,625329
8026,hybrid,cold,1015229
8027,hybrid,cold,638665
8028,hybrid,cold,635970
8029,hybrid,cold,624078
8030,hybrid,cold,640468
8031,hybrid,cold,628054
8032,hybrid,cold,622143
8033,hybrid,cold,634817
8034,hybrid,cold,621102
8035,hybrid,cold,620691
8036,hybrid,cold,623266
8037,hybrid,cold,667359
8038,hybrid,cold,688168
8039,hybrid,cold,624007
8040,hybrid,cold,633575
8041,hybrid,cold,624408
8042,hybrid,cold,635468
8043,hybrid,cold,632593
8044,hybrid,cold,628636
8045,hybrid,cold,618226
8046,hybrid,cold,643384
8047,hybrid,cold,619398
8048,hybrid,cold,622644
8049,hybrid,cold,643183
8050,hybrid,cold,622174
8051,hybrid,cold,631462
8052,hybrid,cold,676676
8053,hybrid,cold,627543
8054,hybrid,cold,623607
8055,hybrid,cold,648162
8056,hybrid,cold,629317
8057,hybrid,cold,627413
8058,hybrid,cold,685091
8059,hybrid,cold,651498
8060,hybrid,cold,637833
8061,hybrid,cold,646519
8062,hybrid,cold,626953
8063,hybrid,cold,624708
8064,hybrid,cold,642251
8065,hybrid,cold,624769
8066,hybrid,cold,625740
8067,hybrid,cold,625911
8068,hybrid,cold,630399
8069,hybrid,cold,629818
8070,hybrid,cold,629869
8071,hybrid,cold,649605
8072,hybrid,cold,624398
8073,hybrid,cold,643544
8074,hybrid,cold,651799
8075,hybrid,cold,625991
8076,hybrid,cold,628866
8077,hybrid,cold,693357
8078,hybrid,cold,701032
8079,hybrid,cold,626733
8080,hybrid,cold,622875
8081,hybrid,cold,622214
8082,hybrid,cold,622314
8083,hybrid,cold,624247
8084,hybrid,cold,636170
8085,hybrid,cold,624689
8086,hybrid,cold,634266
8087,hybrid,cold,648002
8088,hybrid,cold,624237
8089,hybrid,cold,619549
8090,hybrid,cold,624508
8091,hybrid,cold,620832
8092,hybrid,cold,626703
8093,hybrid,cold,624127
8094,hybrid,cold,644435
8095,hybrid,cold,622444
8096,hybrid,cold,620681
8097,hybrid,cold,663862
8098,hybrid,cold,625440
8099,hybrid,cold,1039244
8100,hybrid,cold,638334
8101,hybrid,cold,621853
8102,hybrid,cold,622234
8103,hybrid,cold,635879
8104,hybrid,cold,622724
8105,hybrid,cold,620751
8106,hybrid,cold,641259
8107,hybrid,cold,624107
8108,hybrid,cold,617736
8109,hybrid,cold,640809
8110,hybrid,cold,618928
8111,hybrid,cold,619519
8112,hybrid,cold,641981
8113,hybrid,cold,622365
8114,hybrid,cold,623837
8115,hybrid,cold,622705
8116,hybrid,cold,651498
8117,hybrid,cold,629608
8118,hybrid,cold,672979
8119,hybrid,cold,717592
8120,hybrid,cold,624288
8121,hybrid,cold,617245
8122,hybrid,cold,646309
8123,hybrid,cold,621072
8124,hybrid,cold,623356
8125,hybrid,cold,639175
8126,hybrid,cold,621523
8127,hybrid,cold,623306
8128,hybrid,cold,627253
8129,hybrid,cold,619489
8130,hybrid,cold,625900
8131,hybrid,cold,621072
8132,hybrid,cold,623646
8133,hybrid,cold,624919
8134,hybrid,cold,619980
8135,hybrid,cold,639486
8136,hybrid,cold,625290
8137,hybrid,cold,936272
8138,hybrid,cold,634757
8139,hybrid,cold,629217
8140,hybrid,cold,623546
8141,hybrid,cold,642462
8142,hybrid,cold,622204
8143,hybrid,cold,627453
8144,hybrid,cold,645387
8145,hybrid,cold,625179
8146,hybrid,cold,623446
8147,hybrid,cold,618687
8148,hybrid,cold,621051
8149,hybrid,cold,620250
8150,hybrid,cold,624609
8151,hybrid,cold,624178
8152,hybrid,cold,620120
8153,hybrid,cold,620952
8154,hybrid,cold,638324
8155,hybrid,cold,634166
8156,hybrid,cold,619318
8157,hybrid,cold,642371
8158,hybrid,cold,620420
8159,hybrid,cold,703556
8160,hybrid,cold,652791
8161,hybrid,cold,623506
8162,hybrid,cold,624659
8163,hybrid,cold,641350
8164,hybrid,cold,623727
8165,hybrid,cold,624738
8166,hybrid,cold,618447
8167,hybrid,cold,624067
8168,hybrid,cold,624478
8169,hybrid,cold,619890
8170,hybrid,cold,636901
8171,hybrid,cold,650577
8172,hybrid,cold,619068
8173,hybrid,cold,637081
8174,hybrid,cold,643353
8175,hybrid,cold,633355
8176,hybrid,cold,864477
8177,hybrid,cold,636872
8178,hybrid,cold,630610
8179,hybrid,cold,645828
8180,hybrid,cold,625350
8181,hybrid,cold,618617
8182,hybrid,cold,638865
8183,hybrid,cold,622705
8184,hybrid,cold,620901
8185,hybrid,cold,625139
8186,hybrid,cold,647251
8187,hybrid,cold,621723
8188,hybrid,cold,730266
8189,hybrid,cold,624338
8190,hybrid,cold,623426
8191,hybrid,cold,618267
8192,hybrid,cold,617455
8193,hybrid,cold,646680
8194,hybrid,cold,619629
8195,hybrid,cold,640768
8196,hybrid,cold,622354
8197,hybrid,cold,621382
8198,hybrid,cold,637914
8199,hybrid,cold,653553
8200,hybrid,cold,699979
8201,hybrid,cold,657830
8202,hybrid,cold,622214
8203,hybrid,cold,624829
8204,hybrid,cold,644425
8205,hybrid,cold,622415
8206,hybrid,cold,622765
8207,hybrid,cold,640739
8208,hybrid,cold,626182
8209,hybrid,cold,621843
8210,hybrid,cold,619558
8211,hybrid,cold,620961
8212,hybrid,cold,645347
8213,hybrid,cold,624488
8214,hybrid,cold,750393
8215,hybrid,cold,627544
8216,hybrid,cold,627454
8217,hybrid,cold,625490
8218,hybrid,cold,619970
8219,hybrid,cold,618116
8220,hybrid,cold,635669
8221,hybrid,cold,618076
8222,hybrid,cold,622385
8223,hybrid,cold,686795
8224,hybrid,cold,630459
8225,hybrid,cold,624699
8226,hybrid,cold,642492
8227,hybrid,cold,625570
8228,hybrid,cold,633705
8229,hybrid,cold,628305
8230,hybrid,cold,637222
8231,hybrid,cold,641290
8232,hybrid,cold,649665
8233,hybrid,cold,625150
8234,hybrid,cold,629868
8235,hybrid,cold,624969
8236,hybrid,cold,631111
8237,hybrid,cold,665364
8238,hybrid,cold,666898
8239,hybrid,cold,707694
8240,hybrid,cold,627244
8241,hybrid,cold,647211
8242,hybrid,cold,623326
8243,hybrid,cold,627303
8244,hybrid,cold,640548
8245,hybrid,cold,630849
8246,hybrid,cold,622475
8247,hybrid,cold,622764
8248,hybrid,cold,861612
8249,hybrid,cold,1040547
8250,hybrid,cold,634747
8251,hybrid,cold,631761
8252,hybrid,cold,624808
8253,hybrid,cold,640077
8254,hybrid,cold,627964
8255,hybrid,cold,624328
8256,hybrid,cold,644385
8257,hybrid,cold,627273
8258,hybrid,cold,623626
8259,hybrid,cold,621793
8260,hybrid,cold,640538
8261,hybrid,cold,627754
8262,hybrid,cold,620120
8263,hybrid,cold,640408
8264,hybrid,cold,625019
8265,hybrid,cold,625430
8266,hybrid,cold,647651
8267,hybrid,cold,630750
8268,hybrid,cold,654925
8269,hybrid,cold,627834
8270,hybrid,cold,630059
8271,hybrid,cold,628956
8272,hybrid,cold,627634
8273,hybrid,cold,638935
8274,hybrid,cold,626622
8275,hybrid,cold,623646
8276,hybrid,cold,623245
8277,hybrid,cold,622515
8278,hybrid,cold,629688
8279,hybrid,cold,619680
8280,hybrid,cold,667338
8281,hybrid,cold,632723
8282,hybrid,cold,621212
8283,hybrid,cold,637663
8284,hybrid,cold,623466
8285,hybrid,cold,625771
8286,hybrid,cold,646159
8287,hybrid,cold,623576
8288,hybrid,cold,623917
8289,hybrid,cold,630218
8290,hybrid,cold,735886
8291,hybrid,cold,1018705
8292,hybrid,cold,749402
8293,hybrid,cold,631010
8294,hybrid,cold,622565
8295,hybrid,cold,659514
8296,hybrid,cold,633886
8297,hybrid,cold,626132
8298,hybrid,cold,654725
8299,hybrid,cold,626752
8300,hybrid,cold,627934
8301,hybrid,cold,630429
8302,hybrid,cold,625851
8303,hybrid,cold,630349
8304,hybrid,cold,626401
8305,hybrid,cold,647381
8306,hybrid,cold,624227
8307,hybrid,cold,623536
8308,hybrid,cold,636220
8309,hybrid,cold,621262
8310,hybrid,cold,622133
8311,hybrid,cold,622464
8312,hybrid,cold,627434
8313,hybrid,cold,625440
8314,hybrid,cold,627895
8315,hybrid,cold,640848
8316,hybrid,cold,632283
8317,hybrid,cold,628325
8318,hybrid,cold,640087
8319,hybrid,cold,629527
8320,hybrid,cold,627885
8321,hybrid,cold,664213
8322,hybrid,cold,629507
8323,hybrid,cold,661818
8324,hybrid,cold,636811
8325,hybrid,cold,646098
8326,hybrid,cold,626051
8327,hybrid,cold,626792
8328,hybrid,cold,631952
8329,hybrid,cold,700119
8330,hybrid,cold,1029716
8331,hybrid,cold,1037490
8332,hybrid,cold,1055915
8333,hybrid,cold,1050104
8334,hybrid,cold,636130
8335,hybrid,cold,646118
8336,hybrid,cold,623496
8337,hybrid,cold,626351
8338,hybrid,cold,640588
8339,hybrid,cold,622103
8340,hybrid,cold,625440
8341,hybrid,cold,618988
8342,hybrid,cold,619699
8343,hybrid,cold,623085
8344,hybrid,cold,625439
8345,hybrid,cold,637463
8346,hybrid,cold,625600
8347,hybrid,cold,623076
8348,hybrid,cold,650987
8349,hybrid,cold,623046
8350,hybrid,cold,621312
8351,hybrid,cold,624699
8352,hybrid,cold,625390
8353,hybrid,cold,625711
8354,hybrid,cold,622655
8355,hybrid,cold,672518
8356,hybrid,cold,626442
8357,hybrid,cold,620922
8358,hybrid,cold,653062
8359,hybrid,cold,619178
8360,hybrid,cold,655666
8361,hybrid,cold,670675
8362,hybrid,cold,626572
8363,hybrid,cold,624979
8364,hybrid,cold,622014
8365,hybrid,cold,669553
8366,hybrid,cold,637342
8367,hybrid,cold,623346
8368,hybrid,cold,629047
8369,hybrid,cold,628506
8370,hybrid,cold,622374
8371,hybrid,cold,645467
8372,hybrid,cold,621823
8373,hybrid,cold,625500
8374,hybrid,cold,619139
8375,hybrid,cold,624558
8376,hybrid,cold,629057
8377,hybrid,cold,630249
8378,hybrid,cold,637492
8379,hybrid,cold,623316
8380,hybrid,cold,622995
8381,hybrid,cold,636491
8382,hybrid,cold,627644
8383,hybrid,cold,623907
8384,hybrid,cold,630900
8385,hybrid,cold,624829
8386,hybrid,cold,627253
8387,hybrid,cold,626291
8388,hybrid,cold,639205
8389,hybrid,cold,625320
8390,hybrid,cold,621973
8391,hybrid,cold,644425
8392,hybrid,cold,619358
8393,hybrid,cold,621593
8394,hybrid,cold,625309
8395,hybrid,cold,625250
8396,hybrid,cold,631732
8397,hybrid,cold,625049
8398,hybrid,cold,640558
8399,hybrid,cold,625440
8400,hybrid,cold,623286
8401,hybrid,cold,624929
8402,hybrid,cold,623927
8403,hybrid,cold,951971
8404,hybrid,cold,753419
8405,hybrid,cold,630119
8406,hybrid,cold,627113
8407,hybrid,cold,639296
8408,hybrid,cold,626041
8409,hybrid,cold,623456
8410,hybrid,cold,645637
8411,hybrid,cold,623356
8412,hybrid,cold,619198
8413,hybrid,cold,639707
8414,hybrid,cold,620881
8415,hybrid,cold,623827
8416,hybrid,cold,623376
8417,hybrid,cold,688418
8418,hybrid,cold,656017
8419,hybrid,cold,668139
8420,hybrid,cold,637041
8421,hybrid,cold,637673
8422,hybrid,cold,639626
8423,hybrid,cold,649144
8424,hybrid,cold,635549
8425,hybrid,cold,682887
8426,hybrid,cold,623546
8427,hybrid,cold,630359
8428,hybrid,cold,634757
8429,hybrid,cold,619348
8430,hybrid,cold,619779
8431,hybrid,cold,620731
8432,hybrid,cold,630119
8433,hybrid,cold,681655
8434,hybrid,cold,637052
8435,hybrid,cold,626091
8436,hybrid,cold,623546
8437,hybrid,cold,626873
8438,hybrid,cold,654835
8439,hybrid,cold,1054813
8440,hybrid,cold,687515
8441,hybrid,cold,640358
8442,hybrid,cold,635799
8443,hybrid,cold,648934
8444,hybrid,cold,627744
8445,hybrid,cold,728583
8446,hybrid,cold,673249
8447,hybrid,cold,627634
8448,hybrid,cold,759330
8449,hybrid,cold,632884
8450,hybrid,cold,618657
8451,hybrid,cold,621642
8452,hybrid,cold,624979
8453,hybrid,cold,624529
8454,hybrid,cold,624388
8455,hybrid,cold,628666
8456,hybrid,cold,619569
8457,hybrid,cold,625310
8458,hybrid,cold,621562
8459,hybrid,cold,621522
8460,hybrid,cold,621733
8461,hybrid,cold,621563
8462,hybrid,cold,624368
8463,hybrid,cold,622224
8464,hybrid,cold,638504
8465,hybrid,cold,626010
8466,hybrid,cold,624318
8467,hybrid,cold,639727
8468,hybrid,cold,626642
8469,hybrid,cold,623116
8470,hybrid,cold,629167
8471,hybrid,cold,633395
8472,hybrid,cold,639657
8473,hybrid,cold,623015
8474,hybrid,cold,627543
8475,hybrid,cold,626572
8476,hybrid,cold,634557
8477,hybrid,cold,631671
8478,hybrid,cold,683008
8479,hybrid,cold,630619
8480,hybrid,cold,713645
8481,hybrid,cold,745053
8482,hybrid,cold,629708
8483,hybrid,cold,624609
8484,hybrid,cold,642592
8485,hybrid,cold,734304
8486,hybrid,cold,638604
8487,hybrid,cold,645327
8488,hybrid,cold,628415
8489,hybrid,cold,625580
8490,hybrid,cold,629848
8491,hybrid,cold,646419
8492,hybrid,cold,630499
8493,hybrid,cold,623677
8494,hybrid,cold,661127
8495,hybrid,cold,625610
8496,hybrid,cold,622304
8497,hybrid,cold,625029
8498,hybrid,cold,624929
8499,hybrid,cold,625389
8500,hybrid,cold,630038
8501,hybrid,cold,736738
8502,hybrid,cold,653813
8503,hybrid,cold,947201
8504,hybrid,cold,642632
8505,hybrid,cold,631351
8506,hybrid,cold,646560
8507,hybrid,cold,752427
8508,hybrid,cold,768788
8509,hybrid,cold,1002525
8510,hybrid,cold,713124
8511,hybrid,cold,688107
8512,hybrid,cold,794226
8513,hybrid,cold,722982
8514,hybrid,cold,704287
8515,hybrid,cold,909361
8516,hybrid,cold,947943
8517,hybrid,cold,724275
8518,hybrid,cold,674161
8519,hybrid,cold,627173
8520,hybrid,cold,628776
8521,hybrid,cold,636801
8522,hybrid,cold,622073
8523,hybrid,cold,620861
8524,hybrid,cold,640178
8525,hybrid,cold,619869
8526,hybrid,cold,620000
8527,hybrid,cold,636210
8528,hybrid,cold,700230
8529,hybrid,cold,778105
8530,hybrid,cold,710229
8531,hybrid,cold,626753
8532,hybrid,cold,621462
8533,hybrid,cold,778366
8534,hybrid,cold,631220
8535,hybrid,cold,655556
8536,hybrid,cold,635489
8537,hybrid,cold,631501
8538,hybrid,cold,631812
8539,hybrid,cold,625971
8540,hybrid,cold,626252
8541,hybrid,cold,1037410
8542,hybrid,cold,1003257
8543,hybrid,cold,649665
8544,hybrid,cold,628676
8545,hybrid,cold,628997
8546,hybrid,cold,626081
8547,hybrid,cold,640919
8548,hybrid,cold,626933
8549,hybrid,cold,623336
8550,hybrid,cold,644816
8551,hybrid,cold,623827
8552,hybrid,cold,632383
8553,hybrid,cold,641259
8554,hybrid,cold,630739
8555,hybrid,cold,622665
8556,hybrid,cold,637002
8557,hybrid,cold,622835
8558,hybrid,cold,621813
8559,hybrid,cold,622113
8560,hybrid,cold,799165
8561,hybrid,cold,683288
8562,hybrid,cold,627353
8563,hybrid,cold,649014
8564,hybrid,cold,622445
8565,hybrid,cold,623667
8566,hybrid,cold,636741
8567,hybrid,cold,625079
8568,hybrid,cold,629107
8569,hybrid,cold,622154
8570,hybrid,cold,626722
8571,hybrid,cold,626462
8572,hybrid,cold,630019
8573,hybrid,cold,644245
8574,hybrid,cold,620400
8575,hybrid,cold,623276
8576,hybrid,cold,622574
8577,hybrid,cold,629969
8578,hybrid,cold,649265
8579,hybrid,cold,622865
8580,hybrid,cold,622244
8581,hybrid,cold,645297
8582,hybrid,cold,620330
8583,hybrid,cold,620500
8584,hybrid,cold,662900
8585,hybrid,cold,631240
8586,hybrid,cold,628094
8587,hybrid,cold,626923
8588,hybrid,cold,623978
8589,hybrid,cold,622995
8590,hybrid,cold,621562
8591,hybrid,cold,621613
8592,hybrid,cold,621542
8593,hybrid,cold,623246
8594,hybrid,cold,620441
8595,hybrid,cold,622674
8596,hybrid,cold,624699
8597,hybrid,cold,620922
8598,hybrid,cold,630910
8599,hybrid,cold,621162
8600,hybrid,cold,626953
8601,hybrid,cold,622694
8602,hybrid,cold,632463
8603,hybrid,cold,628595
8604,hybrid,cold,619028
8605,hybrid,cold,626882
8606,hybrid,cold,624819
8607,hybrid,cold,624488
8608,hybrid,cold,622614
8609,hybrid,cold,625400
8610,hybrid,cold,620311
8611,hybrid,cold,618828
8612,hybrid,cold,619208
8613,hybrid,cold,731849
8614,hybrid,cold,876219
8615,hybrid,cold,638795
8616,hybrid,cold,640238
8617,hybrid,cold,630930
8618,hybrid,cold,622524
8619,hybrid,cold,654244
8620,hybrid,cold,624899
8621,hybrid,cold,628235
8622,hybrid,cold,629317
8623,hybrid,cold,627584
8624,hybrid,cold,642031
8625,hybrid,cold,629247
8626,hybrid,cold,628626
8627,hybrid,cold,630740
8628,hybrid,cold,629768
8629,hybrid,cold,622014
8630,hybrid,cold,620230
8631,hybrid,cold,623166
8632,hybrid,cold,653772
8633,hybrid,cold,633756
8634,hybrid,cold,622123
8635,hybrid,cold,623145
8636,hybrid,cold,639536
8637,hybrid,cold,619328
8638,hybrid,cold,623867
8639,hybrid,cold,634477
8640,hybrid,cold,624879
8641,hybrid,cold,635959
8642,hybrid,cold,647952
8643,hybrid,cold,623727
8644,hybrid,cold,620410
8645,hybrid,cold,636982
8646,hybrid,cold,618948
8647,hybrid,cold,629377
8648,hybrid,cold,996944
8649,hybrid,cold,634327
8650,hybrid,cold,630129
8651,hybrid,cold,656818
8652,hybrid,cold,626752
8653,hybrid,cold,624017
8654,hybrid,cold,646770
8655,hybrid,cold,627644
8656,hybrid,cold,619969
8657,hybrid,cold,627774
8658,hybrid,cold,627063
8659,hybrid,cold,622544
8660,hybrid,cold,622034
8661,hybrid,cold,653081
8662,hybrid,cold,621803
8663,hybrid,cold,622204
8664,hybrid,cold,652460
8665,hybrid,cold,624658
8666,hybrid,cold,624719
8667,hybrid,cold,626783
8668,hybrid,cold,627353
8669,hybrid,cold,645046
8670,hybrid,cold,623526
8671,hybrid,cold,659374
8672,hybrid,cold,625681
8673,hybrid,cold,626733
8674,hybrid,cold,639786
8675,hybrid,cold,618788
8676,hybrid,cold,627685
8677,hybrid,cold,622104
8678,hybrid,cold,628435
8679,hybrid,cold,622234
8680,hybrid,cold,622384
8681,hybrid,cold,661377
8682,hybrid,cold,623165
8683,hybrid,cold,625610
8684,hybrid,cold,646599
8685,hybrid,cold,624188
8686,hybrid,cold,620461
8687,hybrid,cold,622434
8688,hybrid,cold,621844
8689,hybrid,cold,622715
8690,hybrid,cold,623626
8691,hybrid,cold,642362
8692,hybrid,cold,622424
8693,hybrid,cold,623597
8694,hybrid,cold,662790
8695,hybrid,cold,661518
8696,hybrid,cold,625019
8697,hybrid,cold,650807
8698,hybrid,cold,624548
8699,hybrid,cold,627463
8700,hybrid,cold,626903
8701,hybrid,cold,623797
8702,hybrid,cold,630269
8703,hybrid,cold,626602
8704,hybrid,cold,657029
8705,hybrid,cold,628085
8706,hybrid,cold,629557
8707,hybrid,cold,641129
8708,hybrid,cold,625029
8709,hybrid,cold,624428
8710,hybrid,cold,634848
8711,hybrid,cold,640438
8712,hybrid,cold,620331
8713,hybrid,cold,622965
8714,hybrid,cold,625880
8715,hybrid,cold,633074
8716,hybrid,cold,622444
8717,hybrid,cold,622995
8718,hybrid,cold,624678
8719,hybrid,cold,623066
8720,hybrid,cold,641350
8721,hybrid,cold,637903
8722,hybrid,cold,621322
8723,hybrid,cold,643965
8724,hybrid,cold,619008
8725,hybrid,cold,624879
8726,hybrid,cold,627443
8727,hybrid,cold,624158
8728,hybrid,cold,624588
8729,hybrid,cold,625741
8730,hybrid,cold,635819
8731,hybrid,cold,622434
8732,hybrid,cold,883392
8733,hybrid,cold,857003
8734,hybrid,cold,663511
8735,hybrid,cold,627123
8736,hybrid,cold,652380
8737,hybrid,cold,632584
8738,hybrid,cold,625300
8739,hybrid,cold,643553
8740,hybrid,cold,625851
8741,hybrid,cold,624869
8742,hybrid,cold,640368
8743,hybrid,cold,625190
8744,hybrid,cold,627314
8745,hybrid,cold,623086
8746,hybrid,cold,643674
8747,hybrid,cold,630099
8748,hybrid,cold,624448
8749,hybrid,cold,644666
8750,hybrid,cold,630539
8751,hybrid,cold,642622
8752,hybrid,cold,623447
8753,hybrid,cold,622153
8754,hybrid,cold,630911
8755,hybrid,cold,620761
8756,hybrid,cold,621462
8757,hybrid,cold,626542
8758,hybrid,cold,627194
8759,hybrid,cold,642041
8760,hybrid,cold,626021
8761,hybrid,cold,631080
8762,hybrid,cold,633014
8763,hybrid,cold,626772
8764,hybrid,cold,628997
8765,hybrid,cold,628966
8766,hybrid,cold,650617
8767,hybrid,cold,627754
8768,hybrid,cold,630519
8769,hybrid,cold,640208
8770,hybrid,cold,630369
8771,hybrid,cold,830614
8772,hybrid,cold,1035818
8773,hybrid,cold,986936
8774,hybrid,cold,659744
8775,hybrid,cold,622775
8776,hybrid,cold,627033
8777,hybrid,cold,627534
8778,hybrid,cold,632533
8779,hybrid,cold,626241
8780,hybrid,cold,623797
8781,hybrid,cold,639346
8782,hybrid,cold,626532
8783,hybrid,cold,628245
8784,hybrid,cold,640909
8785,hybrid,cold,623456
8786,hybrid,cold,625400
8787,hybrid,cold,620130
8788,hybrid,cold,621743
8789,hybrid,cold,623216
8790,hybrid,cold,624729
8791,hybrid,cold,644335
8792,hybrid,cold,629938
8793,hybrid,cold,624147
8794,hybrid,cold,639937
8795,hybrid,cold,624358
8796,hybrid,cold,624609
8797,hybrid,cold,623827
8798,hybrid,cold,625610
8799,hybrid,cold,627835
8800,hybrid,cold,627914
8801,hybrid,cold,642391
8802,hybrid,cold,626341
8803,hybrid,cold,623647
8804,hybrid,cold,621693
8805,hybrid,cold,626152
8806,hybrid,cold,621272
8807,hybrid,cold,622615
8808,hybrid,cold,627304
8809,hybrid,cold,621041
8810,hybrid,cold,625310
8811,hybrid,cold,630860
8812,hybrid,cold,624128
8813,hybrid,cold,623426
8814,hybrid,cold,640197
8815,hybrid,cold,629397
8816,hybrid,cold,624668
8817,hybrid,cold,622264
8818,hybrid,cold,629688
8819,hybrid,cold,630860
8820,hybrid,cold,620751
8821,hybrid,cold,641390
8822,hybrid,cold,623437
8823,hybrid,cold,625099
8824,hybrid,cold,632052
8825,hybrid,cold,623215
8826,hybrid,cold,625130
8827,hybrid,cold,673079
8828,hybrid,cold,626703
8829,hybrid,cold,627133
8830,hybrid,cold,627674
8831,hybrid,cold,623977
8832,hybrid,cold,629989
8833,hybrid,cold,623005
8834,hybrid,cold,661127
8835,hybrid,cold,628746
8836,hybrid,cold,624548
8837,hybrid,cold,641259
8838,hybrid,cold,626993
8839,hybrid,cold,625380
8840,hybrid,cold,629147
8841,hybrid,cold,623927
8842,hybrid,cold,628055
8843,hybrid,cold,622024
8844,hybrid,cold,641940
8845,hybrid,cold,626662
8846,hybrid,cold,627564
8847,hybrid,cold,624078
8848,hybrid,cold,627073
8849,hybrid,cold,619599
8850,hybrid,cold,1013306
8851,hybrid,cold,637633
8852,hybrid,cold,627704
8853,hybrid,cold,627914
8854,hybrid,cold,620851
8855,hybrid,cold,625440
8856,hybrid,cold,624147
8857,hybrid,cold,639687
8858,hybrid,cold,627875
8859,hybrid,cold,627393
8860,hybrid,cold,648192
8861,hybrid,cold,626672
8862,hybrid,cold,623887
8863,hybrid,cold,623486
8864,hybrid,cold,625240
8865,hybrid,cold,623877
8866,hybrid,cold,625570
8867,hybrid,cold,647942
8868,hybrid,cold,622204
8869,hybrid,cold,630519
8870,hybrid,cold,624568
8871,hybrid,cold,620100
8872,hybrid,cold,737780
8873,hybrid,cold,628726
8874,hybrid,cold,625260
8875,hybrid,cold,626772
8876,hybrid,cold,624759
8877,hybrid,cold,656047
8878,hybrid,cold,626983
8879,hybrid,cold,627123
8880,hybrid,cold,634346
8881,hybrid,cold,629427
8882,hybrid,cold,625510
8883,hybrid,cold,625581
8884,hybrid,cold,623717
8885,hybrid,cold,627785
8886,hybrid,cold,623046
8887,hybrid,cold,638534
8888,hybrid,cold,757026
8889,hybrid,cold,696874
8890,hybrid,cold,629347
8891,hybrid,cold,623236
8892,hybrid,cold,627413
8893,hybrid,cold,667568
8894,hybrid,cold,629097
8895,hybrid,cold,630840
8896,hybrid,cold,643894
8897,hybrid,cold,627984
8898,hybrid,cold,630790
8899,hybrid,cold,625389
8900,hybrid,cold,626161
8901,hybrid,cold,621232
8902,hybrid,cold,625510
8903,hybrid,cold,645928
8904,hybrid,cold,620581
8905,hybrid,cold,627424
8906,hybrid,cold,649475
8907,hybrid,cold,623806
8908,hybrid,cold,630489
8909,hybrid,cold,627333
8910,hybrid,cold,629358
8911,hybrid,cold,622524
8912,hybrid,cold,625901
8913,hybrid,cold,637052
8914,hybrid,cold,623266
8915,hybrid,cold,626051
8916,hybrid,cold,621092
8917,hybrid,cold,624618
8918,hybrid,cold,625269
8919,hybrid,cold,650818
8920,hybrid,cold,630149
8921,hybrid,cold,629538
8922,hybrid,cold,629007
8923,hybrid,cold,645036
8924,hybrid,cold,625149
8925,hybrid,cold,625010
8926,hybrid,cold,662569
8927,hybrid,cold,628766
8928,hybrid,cold,646720
8929,hybrid,cold,640407
8930,hybrid,cold,628546
8931,hybrid,cold,620711
8932,hybrid,cold,627404
8933,hybrid,cold,650446
8934,hybrid,cold,629267
8935,hybrid,cold,653572
8936,hybrid,cold,626692
8937,hybrid,cold,623356
8938,hybrid,cold,644015
8939,hybrid,cold,647581
8940,hybrid,cold,623086
8941,hybrid,cold,628956
8942,hybrid,cold,626081
8943,hybrid,cold,626171
8944,hybrid,cold,623947
8945,hybrid,cold,638784
8946,hybrid,cold,625961
8947,hybrid,cold,630620
8948,hybrid,cold,621923
8949,hybrid,cold,627814
8950,hybrid,cold,630409
8951,hybrid,cold,619789
8952,hybrid,cold,655837
8953,hybrid,cold,631091
8954,hybrid,cold,626442
8955,hybrid,cold,649085
8956,hybrid,cold,622625
8957,hybrid,cold,630319
8958,hybrid,cold,661067
8959,hybrid,cold,625841
8960,hybrid,cold,658141
8961,hybrid,cold,627073
8962,hybrid,cold,619368
8963,hybrid,cold,629898
8964,hybrid,cold,623185
8965,hybrid,cold,637392
8966,hybrid,cold,644907
8967,hybrid,cold,626773
8968,hybrid,cold,648644
8969,hybrid,cold,622605
8970,hybrid,cold,623516
8971,hybrid,cold,644787
8972,hybrid,cold,651479
8973,hybrid,cold,627624
8974,hybrid,cold,622645
8975,hybrid,cold,621482
8976,hybrid,cold,629467
8977,hybrid,cold,626552
8978,hybrid,cold,640237
8979,hybrid,cold,628796
8980,hybrid,cold,627564
8981,hybrid,cold,642592
8982,hybrid,cold,626873
8983,hybrid,cold,623035
8984,hybrid,cold,625861
8985,hybrid,cold,622374
8986,hybrid,cold,620210
8987,hybrid,cold,624297
8988,hybrid,cold,644796
8989,hybrid,cold,627393
8990,hybrid,cold,628415
8991,hybrid,cold,646139
8992,hybrid,cold,650146
8993,hybrid,cold,625450
8994,hybrid,cold,628266
8995,hybrid,cold,625350
8996,hybrid,cold,626602
8997,hybrid,cold,626933
8998,hybrid,cold,642051
8999,hybrid,cold,622274
9000,hybrid,cold,623075
9001,hybrid,cold,623987
9002,hybrid,cold,628636
9003,hybrid,cold,628336
9004,hybrid,cold,623256
9005,hybrid,cold,625831
9006,hybrid,cold,659013
9007,hybrid,cold,626001
9008,hybrid,cold,622475
9009,hybrid,cold,623617
9010,hybrid,cold,622415
9011,hybrid,cold,661657
9012,hybrid,cold,623506
9013,hybrid,cold,623797
9014,hybrid,cold,653983
9015,hybrid,cold,624829
9016,hybrid,cold,621943
9017,hybrid,cold,622484
9018,hybrid,cold,622304
9019,hybrid,cold,629778
9020,hybrid,cold,626582
9021,hybrid,cold,641901
9022,hybrid,cold,626722
9023,hybrid,cold,624469
9024,hybrid,cold,641530
9025,hybrid,cold,623776
9026,hybrid,cold,626502
9027,hybrid,cold,622745
9028,hybrid,cold,626501
9029,hybrid,cold,629067
9030,hybrid,cold,621202
9031,hybrid,cold,638324
9032,hybrid,cold,625581
9033,hybrid,cold,624178
9034,hybrid,cold,632052
9035,hybrid,cold,620761
9036,hybrid,cold,621062
9037,hybrid,cold,622585
9038,hybrid,cold,628987
9039,hybrid,cold,623145
9040,hybrid,cold,621663
9041,hybrid,cold,641079
9042,hybrid,cold,732340
9043,hybrid,cold,626612
9044,hybrid,cold,647732
9045,hybrid,cold,694750
9046,hybrid,cold,634066
9047,hybrid,cold,642912
9048,hybrid,cold,622624
9049,hybrid,cold,629066
9050,hybrid,cold,625270
9051,hybrid,cold,647291
9052,hybrid,cold,619699
9053,hybrid,cold,627444
9054,hybrid,cold,625070
9055,hybrid,cold,628936
9056,hybrid,cold,622394
9057,hybrid,cold,636821
9058,hybrid,cold,628937
9059,hybrid,cold,621653
9060,hybrid,cold,625710
9061,hybrid,cold,627965
9062,hybrid,cold,627233
9063,hybrid,cold,628646
9064,hybrid,cold,638514
9065,hybrid,cold,623076
9066,hybrid,cold,625620
9067,hybrid,cold,638113
9068,hybrid,cold,622314
9069,hybrid,cold,622695
9070,hybrid,cold,619999
9071,hybrid,cold,631110
9072,hybrid,cold,628155
9073,hybrid,cold,624648
9074,hybrid,cold,642071
9075,hybrid,cold,623526
9076,hybrid,cold,622495
9077,hybrid,cold,625520
9078,hybrid,cold,623116
9079,hybrid,cold,622694
9080,hybrid,cold,622605
9081,hybrid,cold,633896
9082,hybrid,cold,623806
9083,hybrid,cold,624879
9084,hybrid,cold,641500
9085,hybrid,cold,626732
9086,hybrid,cold,627023
9087,hybrid,cold,652922
9088,hybrid,cold,628595
9089,hybrid,cold,624538
9090,hybrid,cold,652901
9091,hybrid,cold,653392
9092,hybrid,cold,623076
9093,hybrid,cold,619058
9094,hybrid,cold,622484
9095,hybrid,cold,620992
9096,hybrid,cold,627223
9097,hybrid,cold,628476
9098,hybrid,cold,623175
9099,hybrid,cold,621954
9100,hybrid,cold,653602
9101,hybrid,cold,629798
9102,hybrid,cold,624157
9103,hybrid,cold,632223
9104,hybrid,cold,624448
9105,hybrid,cold,651018
9106,hybrid,cold,642451
9107,hybrid,cold,649645
9108,hybrid,cold,623426
9109,hybrid,cold,647702
9110,hybrid,cold,626011
9111,hybrid,cold,627523
9112,hybrid,cold,624819
9113,hybrid,cold,625770
9114,hybrid,cold,622855
9115,hybrid,cold,623016
9116,hybrid,cold,640488
9117,hybrid,cold,626241
9118,hybrid,cold,628425
9119,hybrid,cold,660215
9120,hybrid,cold,628005
9121,hybrid,cold,626692
9122,hybrid,cold,620641
9123,hybrid,cold,649535
9124,hybrid,cold,622534
9125,hybrid,cold,634727
9126,hybrid,cold,631481
9127,hybrid,cold,624338
9128,hybrid,cold,645978
9129,hybrid,cold,661637
9130,hybrid,cold,624017
9131,hybrid,cold,618807
9132,hybrid,cold,647492
9133,hybrid,cold,620661
9134,hybrid,cold,626883
9135,hybrid,cold,626842
9136,hybrid,cold,621082
9137,hybrid,cold,622474
9138,hybrid,cold,627033
9139,hybrid,cold,657289
9140,hybrid,cold,626662
9141,hybrid,cold,631020
9142,hybrid,cold,643984
9143,hybrid,cold,622645
9144,hybrid,cold,623176
9145,hybrid,cold,628676
9146,hybrid,cold,622995
9147,hybrid,cold,628055
9148,hybrid,cold,624558
9149,hybrid,cold,636140
9150,hybrid,cold,623036
9151,hybrid,cold,628245
9152,hybrid,cold,640889
9153,hybrid,cold,621803
9154,hybrid,cold,624247
9155,hybrid,cold,647791
9156,hybrid,cold,645257
9157,hybrid,cold,630580
9158,hybrid,cold,626311
9159,hybrid,cold,622354
9160,hybrid,cold,624829
9161,hybrid,cold,624769
9162,hybrid,cold,643564
9163,hybrid,cold,645988
9164,hybrid,cold,624218
9165,hybrid,cold,737910
9166,hybrid,cold,753649
9167,hybrid,cold,648523
9168,hybrid,cold,630709
9169,hybrid,cold,652099
9170,hybrid,cold,661778
9171,hybrid,cold,629488
9172,hybrid,cold,627664
9173,hybrid,cold,617885
9174,hybrid,cold,628175
9175,hybrid,cold,625430
9176,hybrid,cold,635108
9177,hybrid,cold,644396
9178,hybrid,cold,622465
9179,hybrid,cold,630119
9180,hybrid,cold,623246
9181,hybrid,cold,851153
9182,hybrid,cold,621382
9183,hybrid,cold,643664
9184,hybrid,cold,623957
9185,hybrid,cold,623637
9186,hybrid,cold,623075
9187,hybrid,cold,633455
9188,hybrid,cold,624599
9189,hybrid,cold,647170
9190,hybrid,cold,655576
9191,hybrid,cold,622955
9192,hybrid,cold,623196
9193,hybrid,cold,624829
9194,hybrid,cold,620932
9195,hybrid,cold,624508
9196,hybrid,cold,621071
9197,hybrid,cold,641701
9198,hybrid,cold,623516
9199,hybrid,cold,623296
9200,hybrid,cold,655756
9201,hybrid,cold,659273
9202,hybrid,cold,624538
9203,hybrid,cold,649786
9204,hybrid,cold,626913
9205,hybrid,cold,623716
9206,hybrid,cold,622484
9207,hybrid,cold,649004
9208,hybrid,cold,626522
9209,hybrid,cold,651428
9210,hybrid,cold,652120
9211,hybrid,cold,675614
9212,hybrid,cold,645598
9213,hybrid,cold,627042
9214,hybrid,cold,620962
9215,hybrid,cold,621893
9216,hybrid,cold,648142
9217,hybrid,cold,625540
9218,hybrid,cold,629718
9219,hybrid,cold,623506
9220,hybrid,cold,652962
9221,hybrid,cold,625420
9222,hybrid,cold,621923
9223,hybrid,cold,646980
9224,hybrid,cold,626271
9225,hybrid,cold,622404
9226,hybrid,cold,650477
9227,hybrid,cold,625730
9228,hybrid,cold,622414
9229,hybrid,cold,655746
9230,hybrid,cold,620961
9231,hybrid,cold,625600
9232,hybrid,cold,630289
9233,hybrid,cold,644926
9234,hybrid,cold,622775
9235,hybrid,cold,628366
9236,hybrid,cold,686494
9237,hybrid,cold,626923
9238,hybrid,cold,622684
9239,hybrid,cold,628165
9240,hybrid,cold,628205
9241,hybrid,cold,622795
9242,hybrid,cold,629478
9243,hybrid,cold,625541
9244,hybrid,cold,626732
9245,hybrid,cold,629568
9246,hybrid,cold,636320
9247,hybrid,cold,625139
9248,hybrid,cold,623656
9249,hybrid,cold,663611
9250,hybrid,cold,627985
9251,hybrid,cold,621833
9252,hybrid,cold,623206
9253,hybrid,cold,657109
9254,hybrid,cold,637953
9255,hybrid,cold,635388
9256,hybrid,cold,649084
9257,hybrid,cold,623736
9258,hybrid,cold,626522
9259,hybrid,cold,643634
9260,hybrid,cold,625440
9261,hybrid,cold,626161
9262,hybrid,cold,621032
9263,hybrid,cold,622585
9264,hybrid,cold,628866
9265,hybrid,cold,628376
9266,hybrid,cold,645438
9267,hybrid,cold,624739
9268,hybrid,cold,626141
9269,hybrid,cold,647250
9270,hybrid,cold,625550
9271,hybrid,cold,626652
9272,hybrid,cold,628696
9273,hybrid,cold,627384
9274,hybrid,cold,629929
9275,hybrid,cold,625230
9276,hybrid,cold,639677
9277,hybrid,cold,631832
9278,hybrid,cold,621803
9279,hybrid,cold,626952
9280,hybrid,cold,621893
9281,hybrid,cold,618767
9282,hybrid,cold,624529
9283,hybrid,cold,635429
9284,hybrid,cold,629027
9285,hybrid,cold,629146
9286,hybrid,cold,648142
9287,hybrid,cold,631081
9288,hybrid,cold,631190
9289,hybrid,cold,646740
9290,hybrid,cold,652300
9291,hybrid,cold,622474
9292,hybrid,cold,626272
9293,hybrid,cold,648333
9294,hybrid,cold,640118
9295,hybrid,cold,640729
9296,hybrid,cold,643554
9297,hybrid,cold,626722
9298,hybrid,cold,629718
9299,hybrid,cold,643193
9300,hybrid,cold,628696
9301,hybrid,cold,620610
9302,hybrid,cold,628516
9303,hybrid,cold,626663
9304,hybrid,cold,625640
9305,hybrid,cold,623837
9306,hybrid,cold,645186
9307,hybrid,cold,625710
9308,hybrid,cold,623296
9309,hybrid,cold,641560
9310,hybrid,cold,651309
9311,hybrid,cold,629006
9312,hybrid,cold,623376
9313,hybrid,cold,623777
9314,hybrid,cold,623126
9315,hybrid,cold,622334
9316,hybrid,cold,646409
9317,hybrid,cold,630670
9318,hybrid,cold,625721
9319,hybrid,cold,644286
9320,hybrid,cold,658993
9321,hybrid,cold,622875
9322,hybrid,cold,640077
9323,hybrid,cold,631040
9324,hybrid,cold,631632
9325,hybrid,cold,625390
9326,hybrid,cold,623697
9327,hybrid,cold,625881
9328,hybrid,cold,621503
9329,hybrid,cold,620771
9330,hybrid,cold,652410
9331,hybrid,cold,621793
9332,hybrid,cold,644816
9333,hybrid,cold,623447
9334,hybrid,cold,622234
9335,hybrid,cold,640649
9336,hybrid,cold,624288
9337,hybrid,cold,624277
9338,hybrid,cold,661247
9339,hybrid,cold,621182
9340,hybrid,cold,622735
9341,hybrid,cold,621913
9342,hybrid,cold,638955
9343,hybrid,cold,622054
9344,hybrid,cold,631311
9345,hybrid,cold,622814
9346,hybrid,cold,620691
9347,hybrid,cold,624539
9348,hybrid,cold,625981
9349,hybrid,cold,626341
9350,hybrid,cold,654033
9351,hybrid,cold,624759
9352,hybrid,cold,638885
9353,hybrid,cold,621062
9354,hybrid,cold,621573
9355,hybrid,cold,623997
9356,hybrid,cold,625069
9357,hybrid,cold,621793
9358,hybrid,cold,623857
9359,hybrid,cold,640628
9360,hybrid,cold,626111
9361,hybrid,cold,625480
9362,hybrid,cold,644235
9363,hybrid,cold,620100
9364,hybrid,cold,624178
9365,hybrid,cold,636641
9366,hybrid,cold,620792
9367,hybrid,cold,640899
9368,hybrid,cold,622385
9369,hybrid,cold,631131
9370,hybrid,cold,638134
9371,hybrid,cold,627434
9372,hybrid,cold,635990
9373,hybrid,cold,629297
9374,hybrid,cold,621021
9375,hybrid,cold,640298
9376,hybrid,cold,623005
9377,hybrid,cold,624198
9378,hybrid,cold,624248
9379,hybrid,cold,627474
9380,hybrid,cold,624639
9381,hybrid,cold,648874
9382,hybrid,cold,643934
9383,hybrid,cold,624438
9384,hybrid,cold,742639
9385,hybrid,cold,659384
9386,hybrid,cold,622064
9387,hybrid,cold,626883
9388,hybrid,cold,652090
9389,hybrid,cold,650406
9390,hybrid,cold,628435
9391,hybrid,cold,649525
9392,hybrid,cold,628535
9393,hybrid,cold,626883
9394,hybrid,cold,623797
9395,hybrid,cold,625851
9396,hybrid,cold,626522
9397,hybrid,cold,625550
9398,hybrid,cold,645648
9399,hybrid,cold,650126
9400,hybrid,cold,625650
9401,hybrid,cold,646700
9402,hybrid,cold,622955
9403,hybrid,cold,625711
9404,hybrid,cold,625801
9405,hybrid,cold,628095
9406,hybrid,cold,628776
9407,hybrid,cold,638564
9408,hybrid,cold,643825
9409,hybrid,cold,630359
9410,hybrid,cold,629287
9411,hybrid,cold,634757
9412,hybrid,cold,620751
9413,hybrid,cold,624318
9414,hybrid,cold,627033
9415,hybrid,cold,623226
9416,hybrid,cold,623907
9417,hybrid,cold,628586
9418,hybrid,cold,642892
9419,hybrid,cold,657159
9420,hybrid,cold,624698
9421,hybrid,cold,643102
9422,hybrid,cold,626682
9423,hybrid,cold,619829
9424,hybrid,cold,636050
9425,hybrid,cold,628856
9426,hybrid,cold,622204
9427,hybrid,cold,619239
9428,hybrid,cold,639356
9429,hybrid,cold,620991
9430,hybrid,cold,626793
9431,hybrid,cold,639857
9432,hybrid,cold,620992
9433,hybrid,cold,628706
9434,hybrid,cold,627464
9435,hybrid,cold,631531
9436,hybrid,cold,630319
9437,hybrid,cold,623636
9438,hybrid,cold,643724
9439,hybrid,cold,636951
9440,hybrid,cold,644526
9441,hybrid,cold,640217
9442,hybrid,cold,619068
9443,hybrid,cold,623988
9444,hybrid,cold,637803
9445,hybrid,cold,627273
9446,hybrid,cold,621623
9447,hybrid,cold,735395
9448,hybrid,cold,626081
9449,hybrid,cold,642162
9450,hybrid,cold,656218
9451,hybrid,cold,627915
9452,hybrid,cold,622915
9453,hybrid,cold,626492
9454,hybrid,cold,622895
9455,hybrid,cold,627324
9456,hybrid,cold,632233
9457,hybrid,cold,640428
9458,hybrid,cold,622855
9459,hybrid,cold,621372
9460,hybrid,cold,621753
9461,hybrid,cold,623747
9462,hybrid,cold,619819
9463,hybrid,cold,626501
9464,hybrid,cold,667699
9465,hybrid,cold,649435
9466,hybrid,cold,629798
9467,hybrid,cold,642792
9468,hybrid,cold,627664
9469,hybrid,cold,655065
9470,hybrid,cold,644876
9471,hybrid,cold,626322
9472,hybrid,cold,634607
9473,hybrid,cold,628115
9474,hybrid,cold,624809
9475,hybrid,cold,626672
9476,hybrid,cold,626842
9477,hybrid,cold,664993
9478,hybrid,cold,628435
9479,hybrid,cold,627294
9480,hybrid,cold,650336
9481,hybrid,cold,625160
9482,hybrid,cold,623998
9483,hybrid,cold,641821
9484,hybrid,cold,619769
9485,hybrid,cold,621693
9486,hybrid,cold,622605
9487,hybrid,cold,626813
9488,hybrid,cold,630439
9489,hybrid,cold,653092
9490,hybrid,cold,647612
9491,hybrid,cold,628345
9492,hybrid,cold,619879
9493,hybrid,cold,642371
9494,hybrid,cold,622494
9495,hybrid,cold,626071
9496,hybrid,cold,630209
9497,hybrid,cold,623036
9498,hybrid,cold,627814
9499,hybrid,cold,622294
9500,hybrid,cold,643163
9501,hybrid,cold,627604
9502,hybrid,cold,621432
9503,hybrid,cold,621121
9504,hybrid,cold,627845
9505,hybrid,cold,623075
9506,hybrid,cold,626672
9507,hybrid,cold,657049
9508,hybrid,cold,635339
9509,hybrid,cold,629347
9510,hybrid,cold,640047
9511,hybrid,cold,627113
9512,hybrid,cold,628315
9513,hybrid,cold,627584
9514,hybrid,cold,622775
9515,hybrid,cold,625310
9516,hybrid,cold,627734
9517,hybrid,cold,666406
9518,hybrid,cold,661368
9519,hybrid,cold,628144
9520,hybrid,cold,647501
9521,hybrid,cold,623416
9522,hybrid,cold,631391
9523,hybrid,cold,641450
9524,hybrid,cold,634727
9525,hybrid,cold,625941
9526,hybrid,cold,622455
9527,hybrid,cold,622555
9528,hybrid,cold,623365
9529,hybrid,cold,650186
9530,hybrid,cold,642001
9531,hybrid,cold,623316
9532,hybrid,cold,625299
9533,hybrid,cold,655717
9534,hybrid,cold,623867
9535,hybrid,cold,624087
9536,hybrid,cold,624307
9537,hybrid,cold,623025
9538,hybrid,cold,622585
9539,hybrid,cold,621553
9540,hybrid,cold,643414
9541,hybrid,cold,626973
9542,hybrid,cold,620871
9543,hybrid,cold,631131
9544,hybrid,cold,622194
9545,hybrid,cold,622635
9546,hybrid,cold,645267
9547,hybrid,cold,621162
9548,hybrid,cold,629868
9549,hybrid,cold,625930
9550,hybrid,cold,658502
9551,hybrid,cold,634407
9552,hybrid,cold,621583
9553,hybrid,cold,647341
9554,hybrid,cold,621432
9555,hybrid,cold,723563
9556,hybrid,cold,652210
9557,hybrid,cold,622033
9558,hybrid,cold,621343
9559,hybrid,cold,618536
9560,hybrid,cold,646980
9561,hybrid,cold,634667
9562,hybrid,cold,635078
9563,hybrid,cold,621994
9564,hybrid,cold,625800
9565,hybrid,cold,623487
9566,hybrid,cold,642101
9567,hybrid,cold,626883
9568,hybrid,cold,625690
9569,hybrid,cold,663000
9570,hybrid,cold,630940
9571,hybrid,cold,621242
9572,hybrid,cold,624779
9573,hybrid,cold,622013
9574,hybrid,cold,629798
9575,hybrid,cold,618116
9576,hybrid,cold,647772
9577,hybrid,cold,624548
9578,hybrid,cold,619659
9579,hybrid,cold,636270
9580,hybrid,cold,624428
9581,hybrid,cold,623466
9582,hybrid,cold,627303
9583,hybrid,cold,624528
9584,hybrid,cold,625831
9585,hybrid,cold,621502
9586,hybrid,cold,639225
9587,hybrid,cold,622434
9588,hybrid,cold,626823
9589,hybrid,cold,624578
9590,hybrid,cold,636230
9591,hybrid,cold,622524
9592,hybrid,cold,655466
9593,hybrid,cold,622134
9594,hybrid,cold,623366
9595,hybrid,cold,626622
9596,hybrid,cold,643334
9597,hybrid,cold,627864
9598,hybrid,cold,621703
9599,hybrid,cold,628635
9600,hybrid,cold,626693
9601,hybrid,cold,624277
9602,hybrid,cold,639866
9603,hybrid,cold,623115
9604,hybrid,cold,627183
9605,hybrid,cold,623797
9606,hybrid,cold,630730
9607,hybrid,cold,623025
9608,hybrid,cold,623507
9609,hybrid,cold,621171
9610,hybrid,cold,624759
9611,hybrid,cold,627994
9612,hybrid,cold,638163
9613,hybrid,cold,624077
9614,hybrid,cold,624589
9615,hybrid,cold,636701
9616,hybrid,cold,643814
9617,hybrid,cold,654103
9618,hybrid,cold,626402
9619,hybrid,cold,630470
9620,hybrid,cold,623356
9621,hybrid,cold,621633
9622,hybrid,cold,634607
9623,hybrid,cold,624589
9624,hybrid,cold,627163
9625,hybrid,cold,621383
9626,hybrid,cold,622865
9627,hybrid,cold,623927
9628,hybrid,cold,627915
9629,hybrid,cold,666126
9630,hybrid,cold,624989
9631,hybrid,cold,662409
9632,hybrid,cold,673821
9633,hybrid,cold,651519
9634,hybrid,cold,638875
9635,hybrid,cold,673540
9636,hybrid,cold,634296
9637,hybrid,cold,622905
9638,hybrid,cold,657069
9639,hybrid,cold,629006
9640,hybrid,cold,626111
9641,hybrid,cold,622825
9642,hybrid,cold,624007
9643,hybrid,cold,625070
9644,hybrid,cold,627764
9645,hybrid,cold,645377
9646,hybrid,cold,624478
9647,hybrid,cold,634397
9648,hybrid,cold,674702
9649,hybrid,cold,627324
9650,hybrid,cold,622134
9651,hybrid,cold,623466
9652,hybrid,cold,624979
9653,hybrid,cold,621643
9654,hybrid,cold,641320
9655,hybrid,cold,647711
9656,hybrid,cold,623146
9657,hybrid,cold,622775
9658,hybrid,cold,682646
9659,hybrid,cold,620832
9660,hybrid,cold,625690
9661,hybrid,cold,624749
9662,hybrid,cold,624388
9663,hybrid,cold,622083
9664,hybrid,cold,623026
9665,hybrid,cold,670895
9666,hybrid,cold,807390
9667,hybrid,cold,631541
9668,hybrid,cold,626642
9669,hybrid,cold,625460
9670,hybrid,cold,627383
9671,hybrid,cold,648173
9672,hybrid,cold,626993
9673,hybrid,cold,623746
9674,hybrid,cold,618607
9675,hybrid,cold,692605
9676,hybrid,cold,630038
9677,hybrid,cold,641760
9678,hybrid,cold,651760
9679,hybrid,cold,656418
9680,hybrid,cold,674582
9681,hybrid,cold,651259
9682,hybrid,cold,648543
9683,hybrid,cold,670394
9684,hybrid,cold,652420
9685,hybrid,cold,648964
9686,hybrid,cold,650947
9687,hybrid,cold,654163
9688,hybrid,cold,627794
9689,hybrid,cold,622624
9690,hybrid,cold,643634
9691,hybrid,cold,624919
9692,hybrid,cold,626812
9693,hybrid,cold,640858
9694,hybrid,cold,624518
9695,hybrid,cold,622013
9696,hybrid,cold,621503
9697,hybrid,cold,623717
9698,hybrid,cold,622625
9699,hybrid,cold,630860
9700,hybrid,cold,649174
9701,hybrid,cold,626352
9702,hybrid,cold,622585
9703,hybrid,cold,642372
9704,hybrid,cold,620921
9705,hybrid,cold,625270
9706,hybrid,cold,658551
9707,hybrid,cold,652420
9708,hybrid,cold,623877
9709,hybrid,cold,624117
9710,hybrid,cold,652149
9711,hybrid,cold,630019
9712,hybrid,cold,627254
9713,hybrid,cold,635940
9714,hybrid,cold,622214
9715,hybrid,cold,627113
9716,hybrid,cold,621533
9717,hybrid,cold,622996
9718,hybrid,cold,620861
9719,hybrid,cold,621292
9720,hybrid,cold,644115
9721,hybrid,cold,624398
9722,hybrid,cold,622524
9723,hybrid,cold,634817
9724,hybrid,cold,632513
9725,hybrid,cold,624728
9726,hybrid,cold,646149
9727,hybrid,cold,667388
9728,hybrid,cold,630750
9729,hybrid,cold,677197
9730,hybrid,cold,628306
9731,hybrid,cold,757487
9732,hybrid,cold,630209
9733,hybrid,cold,627103
9734,hybrid,cold,626872
9735,hybrid,cold,643624
9736,hybrid,cold,623406
9737,hybrid,cold,625500
9738,hybrid,cold,622544
9739,hybrid,cold,619428
9740,hybrid,cold,629046
9741,hybrid,cold,623596
9742,hybrid,cold,647821
9743,hybrid,cold,631421
9744,hybrid,cold,622344
9745,hybrid,cold,620882
9746,hybrid,cold,624037
9747,hybrid,cold,627173
9748,hybrid,cold,622885
9749,hybrid,cold,626212
9750,hybrid,cold,626141
9751,hybrid,cold,664393
9752,hybrid,cold,631331
9753,hybrid,cold,625901
9754,hybrid,cold,638514
9755,hybrid,cold,627604
9756,hybrid,cold,632483
9757,hybrid,cold,644295
9758,hybrid,cold,627274
9759,hybrid,cold,622825
9760,hybrid,cold,655887
9761,hybrid,cold,629057
9762,hybrid,cold,623917
9763,hybrid,cold,624238
9764,hybrid,cold,625781
9765,hybrid,cold,648774
9766,hybrid,cold,628876
9767,hybrid,cold,636651
9768,hybrid,cold,634316
9769,hybrid,cold,624818
9770,hybrid,cold,639216
9771,hybrid,cold,623245
9772,hybrid,cold,623656
9773,hybrid,cold,626993
9774,hybrid,cold,630429
9775,hybrid,cold,622605
9776,hybrid,cold,624768
9777,hybrid,cold,651870
9778,hybrid,cold,625139
9779,hybrid,cold,626732
9780,hybrid,cold,634136
9781,hybrid,cold,627243
9782,hybrid,cold,631641
9783,hybrid,cold,621353
9784,hybrid,cold,626602
9785,hybrid,cold,631030
9786,hybrid,cold,621182
9787,hybrid,cold,647260
9788,hybrid,cold,622174
9789,hybrid,cold,625940
9790,hybrid,cold,658612
9791,hybrid,cold,622435
9792,hybrid,cold,625360
9793,hybrid,cold,628636
9794,hybrid,cold,624809
9795,hybrid,cold,627564
9796,hybrid,cold,624468
9797,hybrid,cold,643123
9798,hybrid,cold,628155
9799,hybrid,cold,632724
9800,hybrid,cold,637883
9801,hybrid,cold,623616
9802,hybrid,cold,630480
9803,hybrid,cold,624378
9804,hybrid,cold,622194
9805,hybrid,cold,624838
9806,hybrid,cold,627513
9807,hybrid,cold,622785
9808,hybrid,cold,628115
9809,hybrid,cold,626262
9810,hybrid,cold,642572
9811,hybrid,cold,625580
9812,hybrid,cold,648753
9813,hybrid,cold,626041
9814,hybrid,cold,627864
9815,hybrid,cold,621453
9816,hybrid,cold,623556
9817,hybrid,cold,639105
9818,hybrid,cold,628135
9819,hybrid,cold,624608
9820,hybrid,cold,636471
9821,hybrid,cold,619699
9822,hybrid,cold,620601
9823,hybrid,cold,625440
9824,hybrid,cold,621583
9825,hybrid,cold,625469
9826,hybrid,cold,651549
9827,hybrid,cold,647461
9828,hybrid,cold,621062
9829,hybrid,cold,626352
9830,hybrid,cold,644074
9831,hybrid,cold,633325
9832,hybrid,cold,627634
9833,hybrid,cold,623757
9834,hybrid,cold,627865
9835,hybrid,cold,625120
9836,hybrid,cold,625580
9837,hybrid,cold,642872
9838,hybrid,cold,627814
9839,hybrid,cold,621282
9840,hybrid,cold,649906
9841,hybrid,cold,630559
9842,hybrid,cold,622334
9843,hybrid,cold,624237
9844,hybrid,cold,623907
9845,hybrid,cold,627814
9846,hybrid,cold,650637
9847,hybrid,cold,647872
9848,hybrid,cold,625270
9849,hybrid,cold,622415
9850,hybrid,cold,643885
9851,hybrid,cold,629808
9852,hybrid,cold,624959
9853,hybrid,cold,622234
9854,hybrid,cold,623416
9855,hybrid,cold,619449
9856,hybrid,cold,623456
9857,hybrid,cold,638735
9858,hybrid,cold,630579
9859,hybrid,cold,629317
9860,hybrid,cold,648092
9861,hybrid,cold,628015
9862,hybrid,cold,630540
9863,hybrid,cold,628616
9864,hybrid,cold,627534
9865,hybrid,cold,624758
9866,hybrid,cold,622915
9867,hybrid,cold,666868
9868,hybrid,cold,623176
9869,hybrid,cold,626542
9870,hybrid,cold,697866
9871,hybrid,cold,634247
9872,hybrid,cold,627143
9873,hybrid,cold,634948
9874,hybrid,cold,632333
9875,hybrid,cold,628195
9876,hybrid,cold,630349
9877,hybrid,cold,625510
9878,hybrid,cold,625641
9879,hybrid,cold,628556
9880,hybrid,cold,640809
9881,hybrid,cold,625049
9882,hybrid,cold,628976
9883,hybrid,cold,629889
9884,hybrid,cold,635930
9885,hybrid,cold,626803
9886,hybrid,cold,623997
9887,hybrid,cold,625821
9888,hybrid,cold,623046
9889,hybrid,cold,623507
9890,hybrid,cold,645628
9891,hybrid,cold,628876
9892,hybrid,cold,624438
9893,hybrid,cold,645888
9894,hybrid,cold,623416
9895,hybrid,cold,630269
9896,hybrid,cold,626092
9897,hybrid,cold,620471
9898,hybrid,cold,623606
9899,hybrid,cold,625551
9900,hybrid,cold,650156
9901,hybrid,cold,623647
9902,hybrid,cold,621783
9903,hybrid,cold,635609
9904,hybrid,cold,621482
9905,hybrid,cold,622784
9906,hybrid,cold,676976
9907,hybrid,cold,622825
9908,hybrid,cold,623236
9909,hybrid,cold,620601
9910,hybrid,cold,641440
9911,hybrid,cold,626191
9912,hybrid,cold,623917
9913,hybrid,cold,629057
9914,hybrid,cold,624569
9915,hybrid,cold,623907
9916,hybrid,cold,640769
9917,hybrid,cold,624969
9918,hybrid,cold,622434
9919,hybrid,cold,638424
9920,hybrid,cold,621563
9921,hybrid,cold,623316
9922,hybrid,cold,626582
9923,hybrid,cold,625180
9924,hybrid,cold,622675
9925,hybrid,cold,623116
9926,hybrid,cold,670494
9927,hybrid,cold,625690
9928,hybrid,cold,621843
9929,hybrid,cold,648803
9930,hybrid,cold,625971
9931,hybrid,cold,624188
9932,hybrid,cold,623115
9933,hybrid,cold,639306
9934,hybrid,cold,624067
9935,hybrid,cold,622384
9936,hybrid,cold,644486
9937,hybrid,cold,623135
9938,hybrid,cold,622414
9939,hybrid,cold,624038
9940,hybrid,cold,622825
9941,hybrid,cold,626722
9942,hybrid,cold,622815
9943,hybrid,cold,663070
9944,hybrid,cold,630669
9945,hybrid,cold,626041
9946,hybrid,cold,668531
9947,hybrid,cold,627303
9948,hybrid,cold,621823
9949,hybrid,cold,638284
9950,hybrid,cold,641380
9951,hybrid,cold,626021
9952,hybrid,cold,626081
9953,hybrid,cold,627634
9954,hybrid,cold,621212
9955,hybrid,cold,629858
9956,hybrid,cold,638745
9957,hybrid,cold,627564
9958,hybrid,cold,622855
9959,hybrid,cold,671446
9960,hybrid,cold,626381
9961,hybrid,cold,630509
9962,hybrid,cold,624068
9963,hybrid,cold,622334
9964,hybrid,cold,622344
9965,hybrid,cold,625771
9966,hybrid,cold,643994
9967,hybrid,cold,625120
9968,hybrid,cold,622865
9969,hybrid,cold,645637
9970,hybrid,cold,620631
9971,hybrid,cold,627143
9972,hybrid,cold,628396
9973,hybrid,cold,623005
9974,hybrid,cold,627033
9975,hybrid,cold,629868
9976,hybrid,cold,649745
9977,hybrid,cold,626531
9978,hybrid,cold,627945
9979,hybrid,cold,643924
9980,hybrid,cold,628666
9981,hybrid,cold,620992
9982,hybrid,cold,619539
9983,hybrid,cold,624909
9984,hybrid,cold,626321
9985,hybrid,cold,618888
9986,hybrid,cold,640488
9987,hybrid,cold,649475
9988,hybrid,cold,626592
9989,hybrid,cold,828590
9990,hybrid,cold,644255
9991,hybrid,cold,625951
9992,hybrid,cold,656769
9993,hybrid,cold,627373
9994,hybrid,cold,621403
9995,hybrid,cold,629948
9996,hybrid,cold,628025
9997,hybrid,cold,621573
9998,hybrid,cold,630609
9999,hybrid,cold,644185
10000,hybrid,cold,628766
