iteration,mode,input,op,elapsed_ns
1,bike,varying-key,decaps,1829990
2,bike,varying-key,decaps,1332438
3,bike,varying-key,decaps,1278340
4,bike,varying-key,decaps,1328283
5,bike,varying-key,decaps,1238512
6,bike,varying-key,decaps,1213968
7,bike,varying-key,decaps,1192113
8,bike,varying-key,decaps,1284258
9,bike,varying-key,decaps,1245163
10,bike,varying-key,decaps,1829596
11,bike,varying-key,decaps,1586316
12,bike,varying-key,decaps,1402635
13,bike,varying-key,decaps,1249511
14,bike,varying-key,decaps,1346050
15,bike,varying-key,decaps,1189705
16,bike,varying-key,decaps,1188136
17,bike,varying-key,decaps,1262874
18,bike,varying-key,decaps,1543414
19,bike,varying-key,decaps,2063153
20,bike,varying-key,decaps,1658040
21,bike,varying-key,decaps,1260747
22,bike,varying-key,decaps,1294088
23,bike,varying-key,decaps,1807085
24,bike,varying-key,decaps,1387045
25,bike,varying-key,decaps,1505034
26,bike,varying-key,decaps,1683778
27,bike,varying-key,decaps,2254194
28,bike,varying-key,decaps,1871738
29,bike,varying-key,decaps,1378345
30,bike,varying-key,decaps,1329282
31,bike,varying-key,decaps,1465593
32,bike,varying-key,decaps,1325659
33,bike,varying-key,decaps,1472936
34,bike,varying-key,decaps,1387478
35,bike,varying-key,decaps,1581967
36,bike,varying-key,decaps,1801514
37,bike,varying-key,decaps,1254572
38,bike,varying-key,decaps,1253660
39,bike,varying-key,decaps,1411845
40,bike,varying-key,decaps,1490247
41,bike,varying-key,decaps,1691471
42,bike,varying-key,decaps,1496858
43,bike,varying-key,decaps,1339451
44,bike,varying-key,decaps,1406211
45,bike,varying-key,decaps,1464825
46,bike,varying-key,decaps,1491299
47,bike,varying-key,decaps,1627472
48,bike,varying-key,decaps,1316937
49,bike,varying-key,decaps,1314021
50,bike,varying-key,decaps,1619084
51,bike,varying-key,decaps,1305495
52,bike,varying-key,decaps,1410247
53,bike,varying-key,decaps,1431230
54,bike,varying-key,decaps,1421867
55,bike,varying-key,decaps,1620571
56,bike,varying-key,decaps,1459761
57,bike,varying-key,decaps,1361856
58,bike,varying-key,decaps,1352161
59,bike,varying-key,decaps,1329146
60,bike,varying-key,decaps,1297587
61,bike,varying-key,decaps,1248844
62,bike,varying-key,decaps,1293883
63,bike,varying-key,decaps,1636041
64,bike,varying-key,decaps,1638175
65,bike,varying-key,decaps,1535008
66,bike,varying-key,decaps,1357829
67,bike,varying-key,decaps,1518029
68,bike,varying-key,decaps,1708625
69,bike,varying-key,decaps,1331646
70,bike,varying-key,decaps,1303450
71,bike,varying-key,decaps,1426672
72,bike,varying-key,decaps,1846287
73,bike,varying-key,decaps,1800541
74,bike,varying-key,decaps,1583781
75,bike,varying-key,decaps,1466409
76,bike,varying-key,decaps,1377984
77,bike,varying-key,decaps,1324422
78,bike,varying-key,decaps,1314119
79,bike,varying-key,decaps,1318135
80,bike,varying-key,decaps,1747754
81,bike,varying-key,decaps,2194533
82,bike,varying-key,decaps,1726496
83,bike,varying-key,decaps,1860015
84,bike,varying-key,decaps,1389486
85,bike,varying-key,decaps,1405824
86,bike,varying-key,decaps,1388087
87,bike,varying-key,decaps,1358425
88,bike,varying-key,decaps,1428866
89,bike,varying-key,decaps,2177518
90,bike,varying-key,decaps,1613733
91,bike,varying-key,decaps,1467949
92,bike,varying-key,decaps,1730688
93,bike,varying-key,decaps,1408076
94,bike,varying-key,decaps,1383767
95,bike,varying-key,decaps,1330293
96,bike,varying-key,decaps,1411297
97,bike,varying-key,decaps,2160938
98,bike,varying-key,decaps,2280933
99,bike,varying-key,decaps,1853442
100,bike,varying-key,decaps,1484178
101,bike,varying-key,decaps,1392587
102,bike,varying-key,decaps,1403303
103,bike,varying-key,decaps,1414622
104,bike,varying-key,decaps,1501704
105,bike,varying-key,decaps,2185446
106,bike,varying-key,decaps,1907784
107,bike,varying-key,decaps,1488245
108,bike,varying-key,decaps,1572100
109,bike,varying-key,decaps,1393247
110,bike,varying-key,decaps,1377022
111,bike,varying-key,decaps,1315981
112,bike,varying-key,decaps,1474157
113,bike,varying-key,decaps,1963166
114,bike,varying-key,decaps,1718731
115,bike,varying-key,decaps,1902600
116,bike,varying-key,decaps,1423140
117,bike,varying-key,decaps,1366401
118,bike,varying-key,decaps,1358184
119,bike,varying-key,decaps,1696056
120,bike,varying-key,decaps,1389425
121,bike,varying-key,decaps,1621331
122,bike,varying-key,decaps,2289731
123,bike,varying-key,decaps,1649057
124,bike,varying-key,decaps,1497071
125,bike,varying-key,decaps,1454818
126,bike,varying-key,decaps,1405358
127,bike,varying-key,decaps,1388030
128,bike,varying-key,decaps,1392946
129,bike,varying-key,decaps,1571444
130,bike,varying-key,decaps,2015792
131,bike,varying-key,decaps,1848454
132,bike,varying-key,decaps,1414403
133,bike,varying-key,decaps,1388733
134,bike,varying-key,decaps,1402721
135,bike,varying-key,decaps,1331265
136,bike,varying-key,decaps,1418956
137,bike,varying-key,decaps,1677970
138,bike,varying-key,decaps,2453151
139,bike,varying-key,decaps,1543349
140,bike,varying-key,decaps,1840006
141,bike,varying-key,decaps,1389308
142,bike,varying-key,decaps,1408380
143,bike,varying-key,decaps,1393095
144,bike,varying-key,decaps,1490078
145,bike,varying-key,decaps,1463216
146,bike,varying-key,decaps,1832134
147,bike,varying-key,decaps,2508787
148,bike,varying-key,decaps,1641579
149,bike,varying-key,decaps,1947880
150,bike,varying-key,decaps,1712785
151,bike,varying-key,decaps,1502638
152,bike,varying-key,decaps,2255258
153,bike,varying-key,decaps,2015819
154,bike,varying-key,decaps,1924731
155,bike,varying-key,decaps,1636205
156,bike,varying-key,decaps,1542821
157,bike,varying-key,decaps,1681457
158,bike,varying-key,decaps,1407279
159,bike,varying-key,decaps,1814567
160,bike,varying-key,decaps,1633127
161,bike,varying-key,decaps,1637364
162,bike,varying-key,decaps,1600971
163,bike,varying-key,decaps,1669766
164,bike,varying-key,decaps,1927344
165,bike,varying-key,decaps,1628304
166,bike,varying-key,decaps,1533208
167,bike,varying-key,decaps,1894446
168,bike,varying-key,decaps,1658674
169,bike,varying-key,decaps,1626395
170,bike,varying-key,decaps,1353730
171,bike,varying-key,decaps,1433695
172,bike,varying-key,decaps,1315542
173,bike,varying-key,decaps,1362186
174,bike,varying-key,decaps,1249203
175,bike,varying-key,decaps,1249549
176,bike,varying-key,decaps,1785315
177,bike,varying-key,decaps,2251581
178,bike,varying-key,decaps,1322793
179,bike,varying-key,decaps,1619414
180,bike,varying-key,decaps,1319143
181,bike,varying-key,decaps,1482235
182,bike,varying-key,decaps,1251083
183,bike,varying-key,decaps,1292803
184,bike,varying-key,decaps,1342422
185,bike,varying-key,decaps,1504274
186,bike,varying-key,decaps,1394790
187,bike,varying-key,decaps,1556787
188,bike,varying-key,decaps,1307267
189,bike,varying-key,decaps,1249911
190,bike,varying-key,decaps,1248519
191,bike,varying-key,decaps,1253963
192,bike,varying-key,decaps,1425137
193,bike,varying-key,decaps,1420444
194,bike,varying-key,decaps,1833235
195,bike,varying-key,decaps,1818454
196,bike,varying-key,decaps,1569196
197,bike,varying-key,decaps,1320540
198,bike,varying-key,decaps,1249539
199,bike,varying-key,decaps,1304843
200,bike,varying-key,decaps,1229261
201,bike,varying-key,decaps,1225754
202,bike,varying-key,decaps,1298230
203,bike,varying-key,decaps,1534621
204,bike,varying-key,decaps,1861791
205,bike,varying-key,decaps,1275630
206,bike,varying-key,decaps,1310056
207,bike,varying-key,decaps,1250051
208,bike,varying-key,decaps,1332037
209,bike,varying-key,decaps,1250378
210,bike,varying-key,decaps,1260548
211,bike,varying-key,decaps,1198873
212,bike,varying-key,decaps,1255784
213,bike,varying-key,decaps,1908787
214,bike,varying-key,decaps,1713232
215,bike,varying-key,decaps,1442177
216,bike,varying-key,decaps,1249828
217,bike,varying-key,decaps,1307698
218,bike,varying-key,decaps,1236858
219,bike,varying-key,decaps,1239283
220,bike,varying-key,decaps,1241040
221,bike,varying-key,decaps,1206313
222,bike,varying-key,decaps,1489697
223,bike,varying-key,decaps,1854221
224,bike,varying-key,decaps,1316124
225,bike,varying-key,decaps,1303056
226,bike,varying-key,decaps,1247894
227,bike,varying-key,decaps,1824883
228,bike,varying-key,decaps,1228484
229,bike,varying-key,decaps,1251597
230,bike,varying-key,decaps,1237079
231,bike,varying-key,decaps,1255028
232,bike,varying-key,decaps,1818837
233,bike,varying-key,decaps,1530886
234,bike,varying-key,decaps,1265509
235,bike,varying-key,decaps,1258622
236,bike,varying-key,decaps,1305303
237,bike,varying-key,decaps,1190767
238,bike,varying-key,decaps,1202480
239,bike,varying-key,decaps,1552263
240,bike,varying-key,decaps,1189201
241,bike,varying-key,decaps,1494689
242,bike,varying-key,decaps,2116472
243,bike,varying-key,decaps,1386120
244,bike,varying-key,decaps,1258994
245,bike,varying-key,decaps,1277072
246,bike,varying-key,decaps,1250026
247,bike,varying-key,decaps,1173486
248,bike,varying-key,decaps,1159025
249,bike,varying-key,decaps,1222170
250,bike,varying-key,decaps,1168900
251,bike,varying-key,decaps,1864966
252,bike,varying-key,decaps,1597257
253,bike,varying-key,decaps,1200406
254,bike,varying-key,decaps,1272860
255,bike,varying-key,decaps,1178506
256,bike,varying-key,decaps,1197401
257,bike,varying-key,decaps,1191079
258,bike,varying-key,decaps,1153157
259,bike,varying-key,decaps,1085172
260,bike,varying-key,decaps,1187018
261,bike,varying-key,decaps,1456219
262,bike,varying-key,decaps,1720957
263,bike,varying-key,decaps,1561209
264,bike,varying-key,decaps,1231710
265,bike,varying-key,decaps,1154416
266,bike,varying-key,decaps,1258708
267,bike,varying-key,decaps,1136356
268,bike,varying-key,decaps,1140873
269,bike,varying-key,decaps,1135529
270,bike,varying-key,decaps,1085851
271,bike,varying-key,decaps,1359409
272,bike,varying-key,decaps,1952880
273,bike,varying-key,decaps,1178270
274,bike,varying-key,decaps,1264964
275,bike,varying-key,decaps,1201579
276,bike,varying-key,decaps,1188467
277,bike,varying-key,decaps,1136051
278,bike,varying-key,decaps,1202033
279,bike,varying-key,decaps,1228113
280,bike,varying-key,decaps,1086006
281,bike,varying-key,decaps,1213308
282,bike,varying-key,decaps,1781125
283,bike,varying-key,decaps,1190511
284,bike,varying-key,decaps,1289208
285,bike,varying-key,decaps,1188617
286,bike,varying-key,decaps,1445010
287,bike,varying-key,decaps,1326177
288,bike,varying-key,decaps,1182577
289,bike,varying-key,decaps,1129172
290,bike,varying-key,decaps,1087130
291,bike,varying-key,decaps,1445641
292,bike,varying-key,decaps,1772233
293,bike,varying-key,decaps,1317195
294,bike,varying-key,decaps,1149906
295,bike,varying-key,decaps,1173814
296,bike,varying-key,decaps,1372142
297,bike,varying-key,decaps,1199693
298,bike,varying-key,decaps,1265689
299,bike,varying-key,decaps,1190058
300,bike,varying-key,decaps,1224399
301,bike,varying-key,decaps,1452356
302,bike,varying-key,decaps,1932995
303,bike,varying-key,decaps,1437250
304,bike,varying-key,decaps,1233781
305,bike,varying-key,decaps,1330951
306,bike,varying-key,decaps,1375462
307,bike,varying-key,decaps,1439703
308,bike,varying-key,decaps,1190744
309,bike,varying-key,decaps,1202437
310,bike,varying-key,decaps,1308433
311,bike,varying-key,decaps,2145143
312,bike,varying-key,decaps,1460032
313,bike,varying-key,decaps,1344182
314,bike,varying-key,decaps,1378731
315,bike,varying-key,decaps,1500434
316,bike,varying-key,decaps,1292794
317,bike,varying-key,decaps,1258664
318,bike,varying-key,decaps,1218393
319,bike,varying-key,decaps,1216318
320,bike,varying-key,decaps,1937225
321,bike,varying-key,decaps,1658805
322,bike,varying-key,decaps,1641840
323,bike,varying-key,decaps,1279167
324,bike,varying-key,decaps,1344494
325,bike,varying-key,decaps,1298366
326,bike,varying-key,decaps,1233852
327,bike,varying-key,decaps,1251582
328,bike,varying-key,decaps,1263730
329,bike,varying-key,decaps,2046502
330,bike,varying-key,decaps,1642861
331,bike,varying-key,decaps,1582859
332,bike,varying-key,decaps,1667091
333,bike,varying-key,decaps,1369413
334,bike,varying-key,decaps,1192869
335,bike,varying-key,decaps,1190429
336,bike,varying-key,decaps,1247197
337,bike,varying-key,decaps,1189711
338,bike,varying-key,decaps,1816943
339,bike,varying-key,decaps,1936103
340,bike,varying-key,decaps,1484678
341,bike,varying-key,decaps,1369020
342,bike,varying-key,decaps,1444550
343,bike,varying-key,decaps,1250228
344,bike,varying-key,decaps,1274393
345,bike,varying-key,decaps,1190744
346,bike,varying-key,decaps,1188956
347,bike,varying-key,decaps,1826388
348,bike,varying-key,decaps,2051996
349,bike,varying-key,decaps,1549480
350,bike,varying-key,decaps,1322044
351,bike,varying-key,decaps,1399243
352,bike,varying-key,decaps,1281038
353,bike,varying-key,decaps,1338076
354,bike,varying-key,decaps,1248893
355,bike,varying-key,decaps,1486326
356,bike,varying-key,decaps,1785017
357,bike,varying-key,decaps,1980506
358,bike,varying-key,decaps,1413620
359,bike,varying-key,decaps,1385220
360,bike,varying-key,decaps,1364597
361,bike,varying-key,decaps,1333179
362,bike,varying-key,decaps,1320424
363,bike,varying-key,decaps,1248089
364,bike,varying-key,decaps,1933688
365,bike,varying-key,decaps,2343005
366,bike,varying-key,decaps,1671691
367,bike,varying-key,decaps,1519282
368,bike,varying-key,decaps,1462149
369,bike,varying-key,decaps,1379590
370,bike,varying-key,decaps,1338053
371,bike,varying-key,decaps,1327832
372,bike,varying-key,decaps,1558611
373,bike,varying-key,decaps,1802879
374,bike,varying-key,decaps,1420422
375,bike,varying-key,decaps,1389348
376,bike,varying-key,decaps,1320447
377,bike,varying-key,decaps,1388663
378,bike,varying-key,decaps,1346108
379,bike,varying-key,decaps,1248538
380,bike,varying-key,decaps,1260849
381,bike,varying-key,decaps,1294857
382,bike,varying-key,decaps,1855342
383,bike,varying-key,decaps,1688114
384,bike,varying-key,decaps,1324518
385,bike,varying-key,decaps,1301851
386,bike,varying-key,decaps,1313612
387,bike,varying-key,decaps,1378044
388,bike,varying-key,decaps,1236830
389,bike,varying-key,decaps,1284396
390,bike,varying-key,decaps,1221937
391,bike,varying-key,decaps,1505814
392,bike,varying-key,decaps,2024680
393,bike,varying-key,decaps,1308917
394,bike,varying-key,decaps,1199316
395,bike,varying-key,decaps,1206119
396,bike,varying-key,decaps,1312844
397,bike,varying-key,decaps,1225088
398,bike,varying-key,decaps,1190200
399,bike,varying-key,decaps,1332013
400,bike,varying-key,decaps,1199292
401,bike,varying-key,decaps,1688110
402,bike,varying-key,decaps,1752772
403,bike,varying-key,decaps,1216390
404,bike,varying-key,decaps,1318918
405,bike,varying-key,decaps,1290845
406,bike,varying-key,decaps,1193842
407,bike,varying-key,decaps,1198045
408,bike,varying-key,decaps,1309255
409,bike,varying-key,decaps,1692870
410,bike,varying-key,decaps,1458563
411,bike,varying-key,decaps,1254749
412,bike,varying-key,decaps,1279824
413,bike,varying-key,decaps,1525581
414,bike,varying-key,decaps,1733357
415,bike,varying-key,decaps,1302728
416,bike,varying-key,decaps,1512092
417,bike,varying-key,decaps,2064747
418,bike,varying-key,decaps,2546566
419,bike,varying-key,decaps,2235619
420,bike,varying-key,decaps,2494725
421,bike,varying-key,decaps,1451052
422,bike,varying-key,decaps,1525868
423,bike,varying-key,decaps,1268323
424,bike,varying-key,decaps,1456042
425,bike,varying-key,decaps,1608104
426,bike,varying-key,decaps,1230437
427,bike,varying-key,decaps,1246308
428,bike,varying-key,decaps,1189138
429,bike,varying-key,decaps,1249378
430,bike,varying-key,decaps,1237747
431,bike,varying-key,decaps,1152383
432,bike,varying-key,decaps,1183565
433,bike,varying-key,decaps,1104765
434,bike,varying-key,decaps,1130772
435,bike,varying-key,decaps,1176425
436,bike,varying-key,decaps,1128422
437,bike,varying-key,decaps,1976514
438,bike,varying-key,decaps,1802779
439,bike,varying-key,decaps,1461662
440,bike,varying-key,decaps,1814417
441,bike,varying-key,decaps,1326944
442,bike,varying-key,decaps,1320893
443,bike,varying-key,decaps,1275713
444,bike,varying-key,decaps,1646459
445,bike,varying-key,decaps,1403082
446,bike,varying-key,decaps,1840524
447,bike,varying-key,decaps,1350188
448,bike,varying-key,decaps,1280518
449,bike,varying-key,decaps,1264833
450,bike,varying-key,decaps,1295124
451,bike,varying-key,decaps,1190590
452,bike,varying-key,decaps,1260024
453,bike,varying-key,decaps,1227407
454,bike,varying-key,decaps,1188247
455,bike,varying-key,decaps,1684278
456,bike,varying-key,decaps,1785971
457,bike,varying-key,decaps,1229833
458,bike,varying-key,decaps,1215883
459,bike,varying-key,decaps,1310151
460,bike,varying-key,decaps,1191808
461,bike,varying-key,decaps,1189533
462,bike,varying-key,decaps,1282210
463,bike,varying-key,decaps,1390574
464,bike,varying-key,decaps,1397464
465,bike,varying-key,decaps,1689522
466,bike,varying-key,decaps,1553351
467,bike,varying-key,decaps,1194885
468,bike,varying-key,decaps,1297485
469,bike,varying-key,decaps,1253150
470,bike,varying-key,decaps,1190110
471,bike,varying-key,decaps,1241644
472,bike,varying-key,decaps,1560132
473,bike,varying-key,decaps,1197045
474,bike,varying-key,decaps,1603503
475,bike,varying-key,decaps,2389850
476,bike,varying-key,decaps,2137574
477,bike,varying-key,decaps,2374704
478,bike,varying-key,decaps,1271109
479,bike,varying-key,decaps,1136772
480,bike,varying-key,decaps,1193729
481,bike,varying-key,decaps,1125855
482,bike,varying-key,decaps,1806655
483,bike,varying-key,decaps,2297602
484,bike,varying-key,decaps,2209681
485,bike,varying-key,decaps,1396478
486,bike,varying-key,decaps,1197695
487,bike,varying-key,decaps,1136211
488,bike,varying-key,decaps,1288417
489,bike,varying-key,decaps,1086600
490,bike,varying-key,decaps,1552992
491,bike,varying-key,decaps,2327288
492,bike,varying-key,decaps,1900508
493,bike,varying-key,decaps,1854348
494,bike,varying-key,decaps,1264080
495,bike,varying-key,decaps,1194102
496,bike,varying-key,decaps,1086788
497,bike,varying-key,decaps,1218560
498,bike,varying-key,decaps,1086384
499,bike,varying-key,decaps,1597193
500,bike,varying-key,decaps,2277151
501,bike,varying-key,decaps,2001975
502,bike,varying-key,decaps,1507874
503,bike,varying-key,decaps,1344264
504,bike,varying-key,decaps,1190766
505,bike,varying-key,decaps,1240280
506,bike,varying-key,decaps,1188812
507,bike,varying-key,decaps,1247350
508,bike,varying-key,decaps,1936304
509,bike,varying-key,decaps,2083867
510,bike,varying-key,decaps,1939144
511,bike,varying-key,decaps,1309495
512,bike,varying-key,decaps,1109462
513,bike,varying-key,decaps,1085500
514,bike,varying-key,decaps,1264752
515,bike,varying-key,decaps,1137345
516,bike,varying-key,decaps,1160592
517,bike,varying-key,decaps,1832654
518,bike,varying-key,decaps,2236481
519,bike,varying-key,decaps,2101873
520,bike,varying-key,decaps,1189586
521,bike,varying-key,decaps,1086831
522,bike,varying-key,decaps,1268574
523,bike,varying-key,decaps,1170431
524,bike,varying-key,decaps,1085196
525,bike,varying-key,decaps,1440003
526,bike,varying-key,decaps,2392478
527,bike,varying-key,decaps,2080635
528,bike,varying-key,decaps,2026067
529,bike,varying-key,decaps,1207847
530,bike,varying-key,decaps,1370087
531,bike,varying-key,decaps,1194747
532,bike,varying-key,decaps,1193587
533,bike,varying-key,decaps,1419838
534,bike,varying-key,decaps,2228051
535,bike,varying-key,decaps,1775413
536,bike,varying-key,decaps,2030731
537,bike,varying-key,decaps,1430665
538,bike,varying-key,decaps,1370704
539,bike,varying-key,decaps,1106141
540,bike,varying-key,decaps,1255406
541,bike,varying-key,decaps,1125496
542,bike,varying-key,decaps,1818780
543,bike,varying-key,decaps,2068056
544,bike,varying-key,decaps,2083136
545,bike,varying-key,decaps,1260411
546,bike,varying-key,decaps,1307341
547,bike,varying-key,decaps,1135982
548,bike,varying-key,decaps,1197280
549,bike,varying-key,decaps,1156390
550,bike,varying-key,decaps,1207604
551,bike,varying-key,decaps,1828282
552,bike,varying-key,decaps,2067521
553,bike,varying-key,decaps,2099047
554,bike,varying-key,decaps,1333287
555,bike,varying-key,decaps,1114184
556,bike,varying-key,decaps,1085326
557,bike,varying-key,decaps,1138913
558,bike,varying-key,decaps,1351750
559,bike,varying-key,decaps,1626261
560,bike,varying-key,decaps,2197750
561,bike,varying-key,decaps,1905114
562,bike,varying-key,decaps,2080622
563,bike,varying-key,decaps,1392173
564,bike,varying-key,decaps,1211050
565,bike,varying-key,decaps,1134915
566,bike,varying-key,decaps,1119104
567,bike,varying-key,decaps,1300352
568,bike,varying-key,decaps,1944524
569,bike,varying-key,decaps,2054848
570,bike,varying-key,decaps,2265197
571,bike,varying-key,decaps,1274137
572,bike,varying-key,decaps,1319672
573,bike,varying-key,decaps,1183484
574,bike,varying-key,decaps,1108369
575,bike,varying-key,decaps,1225318
576,bike,varying-key,decaps,1622914
577,bike,varying-key,decaps,2542686
578,bike,varying-key,decaps,2173710
579,bike,varying-key,decaps,1468238
580,bike,varying-key,decaps,1246875
581,bike,varying-key,decaps,1407753
582,bike,varying-key,decaps,1157832
583,bike,varying-key,decaps,1201032
584,bike,varying-key,decaps,1485986
585,bike,varying-key,decaps,2377355
586,bike,varying-key,decaps,2062882
587,bike,varying-key,decaps,2108830
588,bike,varying-key,decaps,1335432
589,bike,varying-key,decaps,1139713
590,bike,varying-key,decaps,1125272
591,bike,varying-key,decaps,1351227
592,bike,varying-key,decaps,1710792
593,bike,varying-key,decaps,2508662
594,bike,varying-key,decaps,2014773
595,bike,varying-key,decaps,1364493
596,bike,varying-key,decaps,1146854
597,bike,varying-key,decaps,1458902
598,bike,varying-key,decaps,1290566
599,bike,varying-key,decaps,1295752
600,bike,varying-key,decaps,1160998
601,bike,varying-key,decaps,1779174
602,bike,varying-key,decaps,2526869
603,bike,varying-key,decaps,2108216
604,bike,varying-key,decaps,1862725
605,bike,varying-key,decaps,1745489
606,bike,varying-key,decaps,2154428
607,bike,varying-key,decaps,1234866
608,bike,varying-key,decaps,1691803
609,bike,varying-key,decaps,2276546
610,bike,varying-key,decaps,2001780
611,bike,varying-key,decaps,1891649
612,bike,varying-key,decaps,1210009
613,bike,varying-key,decaps,1235760
614,bike,varying-key,decaps,1197379
615,bike,varying-key,decaps,1121509
616,bike,varying-key,decaps,1374643
617,bike,varying-key,decaps,2293483
618,bike,varying-key,decaps,1879447
619,bike,varying-key,decaps,1965094
620,bike,varying-key,decaps,1183416
621,bike,varying-key,decaps,1247429
622,bike,varying-key,decaps,1179122
623,bike,varying-key,decaps,1122241
624,bike,varying-key,decaps,1240164
625,bike,varying-key,decaps,1782144
626,bike,varying-key,decaps,2455358
627,bike,varying-key,decaps,2177343
628,bike,varying-key,decaps,1472674
629,bike,varying-key,decaps,1281236
630,bike,varying-key,decaps,1189867
631,bike,varying-key,decaps,1200217
632,bike,varying-key,decaps,1189157
633,bike,varying-key,decaps,1515810
634,bike,varying-key,decaps,2360583
635,bike,varying-key,decaps,2050933
636,bike,varying-key,decaps,1807051
637,bike,varying-key,decaps,1796053
638,bike,varying-key,decaps,1188553
639,bike,varying-key,decaps,1136024
640,bike,varying-key,decaps,1285934
641,bike,varying-key,decaps,1719327
642,bike,varying-key,decaps,2099914
643,bike,varying-key,decaps,2122671
644,bike,varying-key,decaps,1304643
645,bike,varying-key,decaps,1304944
646,bike,varying-key,decaps,1344566
647,bike,varying-key,decaps,1193507
648,bike,varying-key,decaps,1357786
649,bike,varying-key,decaps,1130706
650,bike,varying-key,decaps,1826988
651,bike,varying-key,decaps,2269303
652,bike,varying-key,decaps,2134941
653,bike,varying-key,decaps,1527047
654,bike,varying-key,decaps,1160403
655,bike,varying-key,decaps,1133899
656,bike,varying-key,decaps,1134503
657,bike,varying-key,decaps,1129062
658,bike,varying-key,decaps,1412994
659,bike,varying-key,decaps,2189717
660,bike,varying-key,decaps,1945595
661,bike,varying-key,decaps,2114301
662,bike,varying-key,decaps,1371260
663,bike,varying-key,decaps,1130308
664,bike,varying-key,decaps,1253633
665,bike,varying-key,decaps,1127908
666,bike,varying-key,decaps,1135731
667,bike,varying-key,decaps,1562987
668,bike,varying-key,decaps,2405715
669,bike,varying-key,decaps,2057439
670,bike,varying-key,decaps,2179685
671,bike,varying-key,decaps,1750790
672,bike,varying-key,decaps,1164038
673,bike,varying-key,decaps,1085552
674,bike,varying-key,decaps,1213470
675,bike,varying-key,decaps,1173899
676,bike,varying-key,decaps,2227572
677,bike,varying-key,decaps,1989687
678,bike,varying-key,decaps,2052631
679,bike,varying-key,decaps,1191314
680,bike,varying-key,decaps,1202583
681,bike,varying-key,decaps,1134888
682,bike,varying-key,decaps,1240957
683,bike,varying-key,decaps,1275102
684,bike,varying-key,decaps,1932992
685,bike,varying-key,decaps,1796468
686,bike,varying-key,decaps,2067321
687,bike,varying-key,decaps,1286443
688,bike,varying-key,decaps,1198182
689,bike,varying-key,decaps,1127448
690,bike,varying-key,decaps,1264773
691,bike,varying-key,decaps,1085139
692,bike,varying-key,decaps,1527593
693,bike,varying-key,decaps,2116613
694,bike,varying-key,decaps,1848384
695,bike,varying-key,decaps,1846031
696,bike,varying-key,decaps,1348823
697,bike,varying-key,decaps,1131031
698,bike,varying-key,decaps,1086696
699,bike,varying-key,decaps,1211112
700,bike,varying-key,decaps,1086383
701,bike,varying-key,decaps,1502550
702,bike,varying-key,decaps,2100088
703,bike,varying-key,decaps,1933290
704,bike,varying-key,decaps,1691547
705,bike,varying-key,decaps,1262753
706,bike,varying-key,decaps,1170354
707,bike,varying-key,decaps,1185330
708,bike,varying-key,decaps,1085932
709,bike,varying-key,decaps,1101761
710,bike,varying-key,decaps,1669860
711,bike,varying-key,decaps,2182829
712,bike,varying-key,decaps,2015966
713,bike,varying-key,decaps,2206414
714,bike,varying-key,decaps,1250561
715,bike,varying-key,decaps,1243574
716,bike,varying-key,decaps,1086935
717,bike,varying-key,decaps,1089107
718,bike,varying-key,decaps,1347326
719,bike,varying-key,decaps,1984415
720,bike,varying-key,decaps,1951290
721,bike,varying-key,decaps,1280414
722,bike,varying-key,decaps,1137594
723,bike,varying-key,decaps,1134792
724,bike,varying-key,decaps,1357231
725,bike,varying-key,decaps,1085497
726,bike,varying-key,decaps,1085464
727,bike,varying-key,decaps,1242301
728,bike,varying-key,decaps,1742284
729,bike,varying-key,decaps,2086716
730,bike,varying-key,decaps,1379842
731,bike,varying-key,decaps,1152975
732,bike,varying-key,decaps,1125951
733,bike,varying-key,decaps,1127831
734,bike,varying-key,decaps,1231790
735,bike,varying-key,decaps,1131430
736,bike,varying-key,decaps,1183807
737,bike,varying-key,decaps,1169501
738,bike,varying-key,decaps,1910779
739,bike,varying-key,decaps,1902731
740,bike,varying-key,decaps,1534905
741,bike,varying-key,decaps,1136280
742,bike,varying-key,decaps,1192623
743,bike,varying-key,decaps,1328401
744,bike,varying-key,decaps,1121850
745,bike,varying-key,decaps,1269771
746,bike,varying-key,decaps,1168418
747,bike,varying-key,decaps,1926307
748,bike,varying-key,decaps,1980654
749,bike,varying-key,decaps,1402172
750,bike,varying-key,decaps,1086681
751,bike,varying-key,decaps,1197635
752,bike,varying-key,decaps,1086076
753,bike,varying-key,decaps,1137477
754,bike,varying-key,decaps,1473544
755,bike,varying-key,decaps,1864507
756,bike,varying-key,decaps,1998080
757,bike,varying-key,decaps,2127697
758,bike,varying-key,decaps,1171502
759,bike,varying-key,decaps,1139206
760,bike,varying-key,decaps,1293117
761,bike,varying-key,decaps,1113747
762,bike,varying-key,decaps,1234250
763,bike,varying-key,decaps,1133657
764,bike,varying-key,decaps,1170958
765,bike,varying-key,decaps,2009595
766,bike,varying-key,decaps,2171251
767,bike,varying-key,decaps,1766510
768,bike,varying-key,decaps,1195590
769,bike,varying-key,decaps,1262805
770,bike,varying-key,decaps,1139672
771,bike,varying-key,decaps,1156308
772,bike,varying-key,decaps,1127980
773,bike,varying-key,decaps,1085215
774,bike,varying-key,decaps,1485488
775,bike,varying-key,decaps,2516898
776,bike,varying-key,decaps,1624410
777,bike,varying-key,decaps,1199582
778,bike,varying-key,decaps,1136317
779,bike,varying-key,decaps,1142476
780,bike,varying-key,decaps,1220785
781,bike,varying-key,decaps,1449657
782,bike,varying-key,decaps,1118472
783,bike,varying-key,decaps,1268725
784,bike,varying-key,decaps,2034184
785,bike,varying-key,decaps,1873536
786,bike,varying-key,decaps,1262075
787,bike,varying-key,decaps,1170138
788,bike,varying-key,decaps,1135449
789,bike,varying-key,decaps,1188380
790,bike,varying-key,decaps,1272135
791,bike,varying-key,decaps,1101827
792,bike,varying-key,decaps,1105149
793,bike,varying-key,decaps,1716485
794,bike,varying-key,decaps,2183859
795,bike,varying-key,decaps,1902699
796,bike,varying-key,decaps,1138866
797,bike,varying-key,decaps,1136151
798,bike,varying-key,decaps,1193155
799,bike,varying-key,decaps,1165687
800,bike,varying-key,decaps,1118934
801,bike,varying-key,decaps,1086589
802,bike,varying-key,decaps,1552130
803,bike,varying-key,decaps,2352000
804,bike,varying-key,decaps,1906353
805,bike,varying-key,decaps,1136994
806,bike,varying-key,decaps,1135086
807,bike,varying-key,decaps,1186893
808,bike,varying-key,decaps,1190060
809,bike,varying-key,decaps,1085470
810,bike,varying-key,decaps,1136955
811,bike,varying-key,decaps,1163690
812,bike,varying-key,decaps,1709913
813,bike,varying-key,decaps,2171900
814,bike,varying-key,decaps,1498551
815,bike,varying-key,decaps,1137714
816,bike,varying-key,decaps,1373399
817,bike,varying-key,decaps,1134842
818,bike,varying-key,decaps,1119926
819,bike,varying-key,decaps,1126678
820,bike,varying-key,decaps,1123064
821,bike,varying-key,decaps,1660620
822,bike,varying-key,decaps,2340738
823,bike,varying-key,decaps,1977236
824,bike,varying-key,decaps,1879034
825,bike,varying-key,decaps,1137433
826,bike,varying-key,decaps,1136197
827,bike,varying-key,decaps,1491881
828,bike,varying-key,decaps,1085914
829,bike,varying-key,decaps,1200108
830,bike,varying-key,decaps,1936710
831,bike,varying-key,decaps,2025614
832,bike,varying-key,decaps,1233941
833,bike,varying-key,decaps,1247826
834,bike,varying-key,decaps,1136206
835,bike,varying-key,decaps,1231390
836,bike,varying-key,decaps,1135817
837,bike,varying-key,decaps,1279978
838,bike,varying-key,decaps,1203850
839,bike,varying-key,decaps,1574338
840,bike,varying-key,decaps,2224693
841,bike,varying-key,decaps,1599788
842,bike,varying-key,decaps,1189858
843,bike,varying-key,decaps,1254827
844,bike,varying-key,decaps,1195799
845,bike,varying-key,decaps,1375150
846,bike,varying-key,decaps,1135052
847,bike,varying-key,decaps,1130419
848,bike,varying-key,decaps,1654767
849,bike,varying-key,decaps,2328738
850,bike,varying-key,decaps,1959233
851,bike,varying-key,decaps,1945087
852,bike,varying-key,decaps,1248868
853,bike,varying-key,decaps,1171150
854,bike,varying-key,decaps,1360229
855,bike,varying-key,decaps,1191063
856,bike,varying-key,decaps,1154610
857,bike,varying-key,decaps,1925870
858,bike,varying-key,decaps,2098204
859,bike,varying-key,decaps,1194672
860,bike,varying-key,decaps,1190040
861,bike,varying-key,decaps,1270155
862,bike,varying-key,decaps,1226816
863,bike,varying-key,decaps,1178038
864,bike,varying-key,decaps,1133187
865,bike,varying-key,decaps,1163175
866,bike,varying-key,decaps,1759617
867,bike,varying-key,decaps,2314278
868,bike,varying-key,decaps,2190446
869,bike,varying-key,decaps,2267533
870,bike,varying-key,decaps,1519451
871,bike,varying-key,decaps,2112594
872,bike,varying-key,decaps,2351630
873,bike,varying-key,decaps,2505707
874,bike,varying-key,decaps,2034116
875,bike,varying-key,decaps,1997998
876,bike,varying-key,decaps,2140351
877,bike,varying-key,decaps,2125830
878,bike,varying-key,decaps,2967460
879,bike,varying-key,decaps,2269826
880,bike,varying-key,decaps,1989161
881,bike,varying-key,decaps,1946213
882,bike,varying-key,decaps,1387292
883,bike,varying-key,decaps,1231640
884,bike,varying-key,decaps,1265750
885,bike,varying-key,decaps,1374178
886,bike,varying-key,decaps,2448842
887,bike,varying-key,decaps,2068160
888,bike,varying-key,decaps,1191034
889,bike,varying-key,decaps,1190498
890,bike,varying-key,decaps,1241360
891,bike,varying-key,decaps,1189871
892,bike,varying-key,decaps,1227130
893,bike,varying-key,decaps,1343935
894,bike,varying-key,decaps,1687952
895,bike,varying-key,decaps,2620211
896,bike,varying-key,decaps,2012511
897,bike,varying-key,decaps,1276862
898,bike,varying-key,decaps,1203548
899,bike,varying-key,decaps,1188490
900,bike,varying-key,decaps,1187944
901,bike,varying-key,decaps,1231346
902,bike,varying-key,decaps,1198070
903,bike,varying-key,decaps,1686242
904,bike,varying-key,decaps,2249227
905,bike,varying-key,decaps,1415057
906,bike,varying-key,decaps,1190134
907,bike,varying-key,decaps,1240568
908,bike,varying-key,decaps,1242738
909,bike,varying-key,decaps,1188306
910,bike,varying-key,decaps,1285566
911,bike,varying-key,decaps,1136142
912,bike,varying-key,decaps,2131742
913,bike,varying-key,decaps,2445919
914,bike,varying-key,decaps,1879988
915,bike,varying-key,decaps,1323145
916,bike,varying-key,decaps,1265205
917,bike,varying-key,decaps,1218338
918,bike,varying-key,decaps,1189740
919,bike,varying-key,decaps,1295068
920,bike,varying-key,decaps,1509439
921,bike,varying-key,decaps,2334674
922,bike,varying-key,decaps,2189981
923,bike,varying-key,decaps,1349604
924,bike,varying-key,decaps,1298362
925,bike,varying-key,decaps,1380224
926,bike,varying-key,decaps,1478954
927,bike,varying-key,decaps,1340032
928,bike,varying-key,decaps,1346808
929,bike,varying-key,decaps,1338348
930,bike,varying-key,decaps,1347210
931,bike,varying-key,decaps,1343300
932,bike,varying-key,decaps,1371557
933,bike,varying-key,decaps,1347091
934,bike,varying-key,decaps,1418490
935,bike,varying-key,decaps,1547182
936,bike,varying-key,decaps,2400781
937,bike,varying-key,decaps,2323274
938,bike,varying-key,decaps,2416781
939,bike,varying-key,decaps,1624473
940,bike,varying-key,decaps,1316447
941,bike,varying-key,decaps,1331738
942,bike,varying-key,decaps,1314761
943,bike,varying-key,decaps,1324578
944,bike,varying-key,decaps,1326939
945,bike,varying-key,decaps,1320270
946,bike,varying-key,decaps,1281899
947,bike,varying-key,decaps,1245326
948,bike,varying-key,decaps,1275114
949,bike,varying-key,decaps,1234881
950,bike,varying-key,decaps,1189353
951,bike,varying-key,decaps,1245328
952,bike,varying-key,decaps,1188638
953,bike,varying-key,decaps,1167557
954,bike,varying-key,decaps,1135608
955,bike,varying-key,decaps,1273911
956,bike,varying-key,decaps,1803604
957,bike,varying-key,decaps,2304272
958,bike,varying-key,decaps,1273239
959,bike,varying-key,decaps,1190432
960,bike,varying-key,decaps,1192462
961,bike,varying-key,decaps,1222169
962,bike,varying-key,decaps,1193439
963,bike,varying-key,decaps,1136839
964,bike,varying-key,decaps,1150391
965,bike,varying-key,decaps,1625841
966,bike,varying-key,decaps,2342409
967,bike,varying-key,decaps,1400841
968,bike,varying-key,decaps,1190270
969,bike,varying-key,decaps,1190215
970,bike,varying-key,decaps,1172605
971,bike,varying-key,decaps,1419004
972,bike,varying-key,decaps,1160955
973,bike,varying-key,decaps,1422783
974,bike,varying-key,decaps,1847047
975,bike,varying-key,decaps,2035353
976,bike,varying-key,decaps,1686325
977,bike,varying-key,decaps,1253164
978,bike,varying-key,decaps,1192412
979,bike,varying-key,decaps,1238527
980,bike,varying-key,decaps,1175950
981,bike,varying-key,decaps,1429118
982,bike,varying-key,decaps,2061037
983,bike,varying-key,decaps,2226196
984,bike,varying-key,decaps,1634601
985,bike,varying-key,decaps,1256461
986,bike,varying-key,decaps,1235419
987,bike,varying-key,decaps,1188402
988,bike,varying-key,decaps,1209340
989,bike,varying-key,decaps,1227789
990,bike,varying-key,decaps,1206648
991,bike,varying-key,decaps,1493337
992,bike,varying-key,decaps,2094326
993,bike,varying-key,decaps,1742751
994,bike,varying-key,decaps,1256413
995,bike,varying-key,decaps,1436781
996,bike,varying-key,decaps,1247564
997,bike,varying-key,decaps,1188973
998,bike,varying-key,decaps,1135772
999,bike,varying-key,decaps,1289181
1000,bike,varying-key,decaps,1461037
1001,bike,varying-key,decaps,2432661
1002,bike,varying-key,decaps,2007185
1003,bike,varying-key,decaps,1193829
1004,bike,varying-key,decaps,1239554
1005,bike,varying-key,decaps,1247878
1006,bike,varying-key,decaps,1189096
1007,bike,varying-key,decaps,1199994
1008,bike,varying-key,decaps,1135051
1009,bike,varying-key,decaps,1480480
1010,bike,varying-key,decaps,2465286
1011,bike,varying-key,decaps,1970390
1012,bike,varying-key,decaps,1210575
1013,bike,varying-key,decaps,1238629
1014,bike,varying-key,decaps,1216362
1015,bike,varying-key,decaps,1236063
1016,bike,varying-key,decaps,1219777
1017,bike,varying-key,decaps,1822520
1018,bike,varying-key,decaps,2777988
1019,bike,varying-key,decaps,2071583
1020,bike,varying-key,decaps,1942760
1021,bike,varying-key,decaps,1314218
1022,bike,varying-key,decaps,1190746
1023,bike,varying-key,decaps,1249525
1024,bike,varying-key,decaps,1165888
1025,bike,varying-key,decaps,1256032
1026,bike,varying-key,decaps,1817278
1027,bike,varying-key,decaps,2011222
1028,bike,varying-key,decaps,1259001
1029,bike,varying-key,decaps,1203196
1030,bike,varying-key,decaps,1184923
1031,bike,varying-key,decaps,1134682
1032,bike,varying-key,decaps,1267462
1033,bike,varying-key,decaps,1390882
1034,bike,varying-key,decaps,1084994
1035,bike,varying-key,decaps,1470121
1036,bike,varying-key,decaps,2318821
1037,bike,varying-key,decaps,1673060
1038,bike,varying-key,decaps,1222696
1039,bike,varying-key,decaps,1190572
1040,bike,varying-key,decaps,1134398
1041,bike,varying-key,decaps,1396957
1042,bike,varying-key,decaps,1168202
1043,bike,varying-key,decaps,1085304
1044,bike,varying-key,decaps,1181330
1045,bike,varying-key,decaps,1805557
1046,bike,varying-key,decaps,1884858
1047,bike,varying-key,decaps,1420524
1048,bike,varying-key,decaps,1189951
1049,bike,varying-key,decaps,1208006
1050,bike,varying-key,decaps,1261944
1051,bike,varying-key,decaps,1324203
1052,bike,varying-key,decaps,1194753
1053,bike,varying-key,decaps,1283194
1054,bike,varying-key,decaps,1802902
1055,bike,varying-key,decaps,1939454
1056,bike,varying-key,decaps,1331328
1057,bike,varying-key,decaps,1150663
1058,bike,varying-key,decaps,1184779
1059,bike,varying-key,decaps,1172925
1060,bike,varying-key,decaps,1167726
1061,bike,varying-key,decaps,1161935
1062,bike,varying-key,decaps,1128236
1063,bike,varying-key,decaps,1433931
1064,bike,varying-key,decaps,2149369
1065,bike,varying-key,decaps,1920761
1066,bike,varying-key,decaps,1216488
1067,bike,varying-key,decaps,1184510
1068,bike,varying-key,decaps,1135648
1069,bike,varying-key,decaps,1201435
1070,bike,varying-key,decaps,1201396
1071,bike,varying-key,decaps,1087992
1072,bike,varying-key,decaps,1230717
1073,bike,varying-key,decaps,1737035
1074,bike,varying-key,decaps,2050025
1075,bike,varying-key,decaps,1383698
1076,bike,varying-key,decaps,1136057
1077,bike,varying-key,decaps,1335864
1078,bike,varying-key,decaps,1205140
1079,bike,varying-key,decaps,1152073
1080,bike,varying-key,decaps,1266785
1081,bike,varying-key,decaps,1164751
1082,bike,varying-key,decaps,1410797
1083,bike,varying-key,decaps,2170560
1084,bike,varying-key,decaps,1848638
1085,bike,varying-key,decaps,2017986
1086,bike,varying-key,decaps,1263741
1087,bike,varying-key,decaps,1178929
1088,bike,varying-key,decaps,1146915
1089,bike,varying-key,decaps,1086090
1090,bike,varying-key,decaps,1194638
1091,bike,varying-key,decaps,1632979
1092,bike,varying-key,decaps,2212188
1093,bike,varying-key,decaps,1475788
1094,bike,varying-key,decaps,1217597
1095,bike,varying-key,decaps,1136286
1096,bike,varying-key,decaps,1134985
1097,bike,varying-key,decaps,2107095
1098,bike,varying-key,decaps,1206449
1099,bike,varying-key,decaps,1137702
1100,bike,varying-key,decaps,1883965
1101,bike,varying-key,decaps,1940095
1102,bike,varying-key,decaps,1139940
1103,bike,varying-key,decaps,1135615
1104,bike,varying-key,decaps,1135113
1105,bike,varying-key,decaps,1246819
1106,bike,varying-key,decaps,1116926
1107,bike,varying-key,decaps,1127322
1108,bike,varying-key,decaps,1186497
1109,bike,varying-key,decaps,1388663
1110,bike,varying-key,decaps,2065558
1111,bike,varying-key,decaps,1828210
1112,bike,varying-key,decaps,1215979
1113,bike,varying-key,decaps,1136044
1114,bike,varying-key,decaps,1172390
1115,bike,varying-key,decaps,1135982
1116,bike,varying-key,decaps,1121860
1117,bike,varying-key,decaps,1158499
1118,bike,varying-key,decaps,1085583
1119,bike,varying-key,decaps,1485081
1120,bike,varying-key,decaps,1902606
1121,bike,varying-key,decaps,1844134
1122,bike,varying-key,decaps,1158835
1123,bike,varying-key,decaps,1207479
1124,bike,varying-key,decaps,1373885
1125,bike,varying-key,decaps,1205980
1126,bike,varying-key,decaps,1202796
1127,bike,varying-key,decaps,1167173
1128,bike,varying-key,decaps,1146268
1129,bike,varying-key,decaps,1654444
1130,bike,varying-key,decaps,2255137
1131,bike,varying-key,decaps,1504379
1132,bike,varying-key,decaps,1135632
1133,bike,varying-key,decaps,1193146
1134,bike,varying-key,decaps,1139679
1135,bike,varying-key,decaps,1085387
1136,bike,varying-key,decaps,1124944
1137,bike,varying-key,decaps,1242102
1138,bike,varying-key,decaps,1229375
1139,bike,varying-key,decaps,1974388
1140,bike,varying-key,decaps,1979103
1141,bike,varying-key,decaps,1193657
1142,bike,varying-key,decaps,1313920
1143,bike,varying-key,decaps,1189289
1144,bike,varying-key,decaps,1175794
1145,bike,varying-key,decaps,1155018
1146,bike,varying-key,decaps,1120784
1147,bike,varying-key,decaps,1185492
1148,bike,varying-key,decaps,1533143
1149,bike,varying-key,decaps,2327434
1150,bike,varying-key,decaps,1549927
1151,bike,varying-key,decaps,1256051
1152,bike,varying-key,decaps,1136975
1153,bike,varying-key,decaps,1135635
1154,bike,varying-key,decaps,1278246
1155,bike,varying-key,decaps,1223190
1156,bike,varying-key,decaps,1194846
1157,bike,varying-key,decaps,1266733
1158,bike,varying-key,decaps,2153038
1159,bike,varying-key,decaps,2014382
1160,bike,varying-key,decaps,1271460
1161,bike,varying-key,decaps,1196829
1162,bike,varying-key,decaps,1186404
1163,bike,varying-key,decaps,1191959
1164,bike,varying-key,decaps,1117348
1165,bike,varying-key,decaps,1203607
1166,bike,varying-key,decaps,1491857
1167,bike,varying-key,decaps,1724488
1168,bike,varying-key,decaps,1846561
1169,bike,varying-key,decaps,1426199
1170,bike,varying-key,decaps,1195000
1171,bike,varying-key,decaps,1133902
1172,bike,varying-key,decaps,1135832
1173,bike,varying-key,decaps,1134289
1174,bike,varying-key,decaps,1176579
1175,bike,varying-key,decaps,1085312
1176,bike,varying-key,decaps,1425401
1177,bike,varying-key,decaps,2262033
1178,bike,varying-key,decaps,1803112
1179,bike,varying-key,decaps,1137954
1180,bike,varying-key,decaps,1176522
1181,bike,varying-key,decaps,1214335
1182,bike,varying-key,decaps,1086426
1183,bike,varying-key,decaps,1147495
1184,bike,varying-key,decaps,1409157
1185,bike,varying-key,decaps,1309500
1186,bike,varying-key,decaps,1756651
1187,bike,varying-key,decaps,1304517
1188,bike,varying-key,decaps,1229659
1189,bike,varying-key,decaps,1191258
1190,bike,varying-key,decaps,1381511
1191,bike,varying-key,decaps,1188613
1192,bike,varying-key,decaps,1177015
1193,bike,varying-key,decaps,1175179
1194,bike,varying-key,decaps,1134579
1195,bike,varying-key,decaps,1397664
1196,bike,varying-key,decaps,1606252
1197,bike,varying-key,decaps,1436296
1198,bike,varying-key,decaps,1228998
1199,bike,varying-key,decaps,1202404
1200,bike,varying-key,decaps,1305625
1201,bike,varying-key,decaps,1193194
1202,bike,varying-key,decaps,1241167
1203,bike,varying-key,decaps,1179753
1204,bike,varying-key,decaps,1209252
1205,bike,varying-key,decaps,1310193
1206,bike,varying-key,decaps,1659184
1207,bike,varying-key,decaps,1514224
1208,bike,varying-key,decaps,1222079
1209,bike,varying-key,decaps,1249372
1210,bike,varying-key,decaps,1358040
1211,bike,varying-key,decaps,1552753
1212,bike,varying-key,decaps,1416114
1213,bike,varying-key,decaps,1251304
1214,bike,varying-key,decaps,1281658
1215,bike,varying-key,decaps,1204985
1216,bike,varying-key,decaps,1834901
1217,bike,varying-key,decaps,1302217
1218,bike,varying-key,decaps,1636001
1219,bike,varying-key,decaps,1251158
1220,bike,varying-key,decaps,1280265
1221,bike,varying-key,decaps,1190215
1222,bike,varying-key,decaps,1188691
1223,bike,varying-key,decaps,1240887
1224,bike,varying-key,decaps,1390294
1225,bike,varying-key,decaps,2043503
1226,bike,varying-key,decaps,1290493
1227,bike,varying-key,decaps,1671404
1228,bike,varying-key,decaps,1245234
1229,bike,varying-key,decaps,1246330
1230,bike,varying-key,decaps,1189611
1231,bike,varying-key,decaps,1189408
1232,bike,varying-key,decaps,1276570
1233,bike,varying-key,decaps,1159202
1234,bike,varying-key,decaps,1639059
1235,bike,varying-key,decaps,2001743
1236,bike,varying-key,decaps,1623835
1237,bike,varying-key,decaps,1191385
1238,bike,varying-key,decaps,1201389
1239,bike,varying-key,decaps,1314791
1240,bike,varying-key,decaps,1230249
1241,bike,varying-key,decaps,1300335
1242,bike,varying-key,decaps,1189156
1243,bike,varying-key,decaps,1444539
1244,bike,varying-key,decaps,1952171
1245,bike,varying-key,decaps,1476207
1246,bike,varying-key,decaps,1248488
1247,bike,varying-key,decaps,1190171
1248,bike,varying-key,decaps,1193760
1249,bike,varying-key,decaps,1189588
1250,bike,varying-key,decaps,1245449
1251,bike,varying-key,decaps,1201112
1252,bike,varying-key,decaps,1138881
1253,bike,varying-key,decaps,1710196
1254,bike,varying-key,decaps,1710212
1255,bike,varying-key,decaps,1489088
1256,bike,varying-key,decaps,1190974
1257,bike,varying-key,decaps,1302717
1258,bike,varying-key,decaps,1189708
1259,bike,varying-key,decaps,1269433
1260,bike,varying-key,decaps,1178728
1261,bike,varying-key,decaps,1135064
1262,bike,varying-key,decaps,1375789
1263,bike,varying-key,decaps,1894889
1264,bike,varying-key,decaps,1499417
1265,bike,varying-key,decaps,1429591
1266,bike,varying-key,decaps,1249135
1267,bike,varying-key,decaps,1236837
1268,bike,varying-key,decaps,1188951
1269,bike,varying-key,decaps,1170400
1270,bike,varying-key,decaps,1230666
1271,bike,varying-key,decaps,1190621
1272,bike,varying-key,decaps,1563365
1273,bike,varying-key,decaps,2038397
1274,bike,varying-key,decaps,1499299
1275,bike,varying-key,decaps,1249907
1276,bike,varying-key,decaps,1232467
1277,bike,varying-key,decaps,1189353
1278,bike,varying-key,decaps,1232519
1279,bike,varying-key,decaps,1135131
1280,bike,varying-key,decaps,1196005
1281,bike,varying-key,decaps,1173018
1282,bike,varying-key,decaps,1734391
1283,bike,varying-key,decaps,1620861
1284,bike,varying-key,decaps,1275420
1285,bike,varying-key,decaps,1271992
1286,bike,varying-key,decaps,1238716
1287,bike,varying-key,decaps,1275037
1288,bike,varying-key,decaps,1188618
1289,bike,varying-key,decaps,1168794
1290,bike,varying-key,decaps,1189653
1291,bike,varying-key,decaps,1334345
1292,bike,varying-key,decaps,2072849
1293,bike,varying-key,decaps,1360754
1294,bike,varying-key,decaps,1372512
1295,bike,varying-key,decaps,1190396
1296,bike,varying-key,decaps,1502311
1297,bike,varying-key,decaps,1458171
1298,bike,varying-key,decaps,1135292
1299,bike,varying-key,decaps,1136265
1300,bike,varying-key,decaps,1198294
1301,bike,varying-key,decaps,1651242
1302,bike,varying-key,decaps,1715316
1303,bike,varying-key,decaps,1566185
1304,bike,varying-key,decaps,1191167
1305,bike,varying-key,decaps,1344123
1306,bike,varying-key,decaps,1189441
1307,bike,varying-key,decaps,1188737
1308,bike,varying-key,decaps,1220315
1309,bike,varying-key,decaps,1134567
1310,bike,varying-key,decaps,1407038
1311,bike,varying-key,decaps,1681031
1312,bike,varying-key,decaps,1358411
1313,bike,varying-key,decaps,1509023
1314,bike,varying-key,decaps,1191135
1315,bike,varying-key,decaps,1252478
1316,bike,varying-key,decaps,1187708
1317,bike,varying-key,decaps,1268814
1318,bike,varying-key,decaps,1344399
1319,bike,varying-key,decaps,1165915
1320,bike,varying-key,decaps,1453360
1321,bike,varying-key,decaps,1824112
1322,bike,varying-key,decaps,1361349
1323,bike,varying-key,decaps,1283752
1324,bike,varying-key,decaps,1306199
1325,bike,varying-key,decaps,1249062
1326,bike,varying-key,decaps,1252551
1327,bike,varying-key,decaps,1221890
1328,bike,varying-key,decaps,1188564
1329,bike,varying-key,decaps,1295366
1330,bike,varying-key,decaps,1843278
1331,bike,varying-key,decaps,1587373
1332,bike,varying-key,decaps,1485034
1333,bike,varying-key,decaps,1263471
1334,bike,varying-key,decaps,1275598
1335,bike,varying-key,decaps,1295249
1336,bike,varying-key,decaps,1188664
1337,bike,varying-key,decaps,1223305
1338,bike,varying-key,decaps,1210818
1339,bike,varying-key,decaps,1472710
1340,bike,varying-key,decaps,1769940
1341,bike,varying-key,decaps,1291801
1342,bike,varying-key,decaps,1330619
1343,bike,varying-key,decaps,1249430
1344,bike,varying-key,decaps,1310554
1345,bike,varying-key,decaps,1189837
1346,bike,varying-key,decaps,1188591
1347,bike,varying-key,decaps,1218272
1348,bike,varying-key,decaps,1284751
1349,bike,varying-key,decaps,1736110
1350,bike,varying-key,decaps,1708310
1351,bike,varying-key,decaps,1217620
1352,bike,varying-key,decaps,1241263
1353,bike,varying-key,decaps,1190170
1354,bike,varying-key,decaps,1260192
1355,bike,varying-key,decaps,1254043
1356,bike,varying-key,decaps,1235354
1357,bike,varying-key,decaps,1161531
1358,bike,varying-key,decaps,1277553
1359,bike,varying-key,decaps,1711470
1360,bike,varying-key,decaps,1638958
1361,bike,varying-key,decaps,1339118
1362,bike,varying-key,decaps,1230542
1363,bike,varying-key,decaps,1802765
1364,bike,varying-key,decaps,1319393
1365,bike,varying-key,decaps,1246176
1366,bike,varying-key,decaps,1228854
1367,bike,varying-key,decaps,1333451
1368,bike,varying-key,decaps,1846392
1369,bike,varying-key,decaps,1862430
1370,bike,varying-key,decaps,1210893
1371,bike,varying-key,decaps,1257125
1372,bike,varying-key,decaps,1421318
1373,bike,varying-key,decaps,1189502
1374,bike,varying-key,decaps,1369404
1375,bike,varying-key,decaps,1209768
1376,bike,varying-key,decaps,1186181
1377,bike,varying-key,decaps,1667730
1378,bike,varying-key,decaps,1802851
1379,bike,varying-key,decaps,1386036
1380,bike,varying-key,decaps,1530174
1381,bike,varying-key,decaps,1639649
1382,bike,varying-key,decaps,1313444
1383,bike,varying-key,decaps,1257384
1384,bike,varying-key,decaps,1292364
1385,bike,varying-key,decaps,1339785
1386,bike,varying-key,decaps,2045636
1387,bike,varying-key,decaps,1600147
1388,bike,varying-key,decaps,1567944
1389,bike,varying-key,decaps,1373529
1390,bike,varying-key,decaps,1249576
1391,bike,varying-key,decaps,1264837
1392,bike,varying-key,decaps,1230359
1393,bike,varying-key,decaps,1226552
1394,bike,varying-key,decaps,1207920
1395,bike,varying-key,decaps,1418018
1396,bike,varying-key,decaps,2072891
1397,bike,varying-key,decaps,1337698
1398,bike,varying-key,decaps,1612043
1399,bike,varying-key,decaps,1251159
1400,bike,varying-key,decaps,1278290
1401,bike,varying-key,decaps,1429600
1402,bike,varying-key,decaps,1190095
1403,bike,varying-key,decaps,1286939
1404,bike,varying-key,decaps,1190998
1405,bike,varying-key,decaps,1874097
1406,bike,varying-key,decaps,1434152
1407,bike,varying-key,decaps,1580401
1408,bike,varying-key,decaps,1249317
1409,bike,varying-key,decaps,1295330
1410,bike,varying-key,decaps,1188956
1411,bike,varying-key,decaps,1188432
1412,bike,varying-key,decaps,1280515
1413,bike,varying-key,decaps,1190190
1414,bike,varying-key,decaps,1569546
1415,bike,varying-key,decaps,1897657
1416,bike,varying-key,decaps,1657369
1417,bike,varying-key,decaps,1275556
1418,bike,varying-key,decaps,1274673
1419,bike,varying-key,decaps,1254969
1420,bike,varying-key,decaps,1205075
1421,bike,varying-key,decaps,1274446
1422,bike,varying-key,decaps,1189525
1423,bike,varying-key,decaps,1703356
1424,bike,varying-key,decaps,2034466
1425,bike,varying-key,decaps,1581769
1426,bike,varying-key,decaps,1598508
1427,bike,varying-key,decaps,1266234
1428,bike,varying-key,decaps,1439771
1429,bike,varying-key,decaps,1312672
1430,bike,varying-key,decaps,1308530
1431,bike,varying-key,decaps,1264784
1432,bike,varying-key,decaps,1514430
1433,bike,varying-key,decaps,1965943
1434,bike,varying-key,decaps,1524059
1435,bike,varying-key,decaps,1452457
1436,bike,varying-key,decaps,1455633
1437,bike,varying-key,decaps,1431985
1438,bike,varying-key,decaps,1385860
1439,bike,varying-key,decaps,1382210
1440,bike,varying-key,decaps,1277818
1441,bike,varying-key,decaps,1578995
1442,bike,varying-key,decaps,1519567
1443,bike,varying-key,decaps,1671240
1444,bike,varying-key,decaps,1290731
1445,bike,varying-key,decaps,1283262
1446,bike,varying-key,decaps,1301626
1447,bike,varying-key,decaps,1215181
1448,bike,varying-key,decaps,1225910
1449,bike,varying-key,decaps,1190487
1450,bike,varying-key,decaps,1498221
1451,bike,varying-key,decaps,1768250
1452,bike,varying-key,decaps,1543669
1453,bike,varying-key,decaps,1419606
1454,bike,varying-key,decaps,1252452
1455,bike,varying-key,decaps,1246661
1456,bike,varying-key,decaps,1465378
1457,bike,varying-key,decaps,1286350
1458,bike,varying-key,decaps,1188941
1459,bike,varying-key,decaps,1359441
1460,bike,varying-key,decaps,1912105
1461,bike,varying-key,decaps,1547244
1462,bike,varying-key,decaps,1383425
1463,bike,varying-key,decaps,1287767
1464,bike,varying-key,decaps,1245686
1465,bike,varying-key,decaps,1301188
1466,bike,varying-key,decaps,1201390
1467,bike,varying-key,decaps,1191016
1468,bike,varying-key,decaps,1228352
1469,bike,varying-key,decaps,1859402
1470,bike,varying-key,decaps,1506034
1471,bike,varying-key,decaps,1608606
1472,bike,varying-key,decaps,1270445
1473,bike,varying-key,decaps,1277639
1474,bike,varying-key,decaps,1298829
1475,bike,varying-key,decaps,1226088
1476,bike,varying-key,decaps,1259559
1477,bike,varying-key,decaps,1188329
1478,bike,varying-key,decaps,1668078
1479,bike,varying-key,decaps,1973165
1480,bike,varying-key,decaps,1356765
1481,bike,varying-key,decaps,1272220
1482,bike,varying-key,decaps,1329240
1483,bike,varying-key,decaps,1256617
1484,bike,varying-key,decaps,1268634
1485,bike,varying-key,decaps,1277483
1486,bike,varying-key,decaps,1617934
1487,bike,varying-key,decaps,1303166
1488,bike,varying-key,decaps,1253739
1489,bike,varying-key,decaps,1274318
1490,bike,varying-key,decaps,1345122
1491,bike,varying-key,decaps,1425912
1492,bike,varying-key,decaps,1337613
1493,bike,varying-key,decaps,1399628
1494,bike,varying-key,decaps,1739006
1495,bike,varying-key,decaps,2486815
1496,bike,varying-key,decaps,1980027
1497,bike,varying-key,decaps,2589428
1498,bike,varying-key,decaps,1368955
1499,bike,varying-key,decaps,1493012
1500,bike,varying-key,decaps,1327939
1501,bike,varying-key,decaps,1314497
1502,bike,varying-key,decaps,1328216
1503,bike,varying-key,decaps,1419515
1504,bike,varying-key,decaps,1294565
1505,bike,varying-key,decaps,1323845
1506,bike,varying-key,decaps,1248624
1507,bike,varying-key,decaps,1247910
1508,bike,varying-key,decaps,1250291
1509,bike,varying-key,decaps,1235437
1510,bike,varying-key,decaps,1245922
1511,bike,varying-key,decaps,1188558
1512,bike,varying-key,decaps,1219761
1513,bike,varying-key,decaps,1156327
1514,bike,varying-key,decaps,1138533
1515,bike,varying-key,decaps,1631793
1516,bike,varying-key,decaps,1964804
1517,bike,varying-key,decaps,1471931
1518,bike,varying-key,decaps,1304819
1519,bike,varying-key,decaps,1488969
1520,bike,varying-key,decaps,1249759
1521,bike,varying-key,decaps,1267712
1522,bike,varying-key,decaps,1191586
1523,bike,varying-key,decaps,1241208
1524,bike,varying-key,decaps,2439447
1525,bike,varying-key,decaps,2358624
1526,bike,varying-key,decaps,2247338
1527,bike,varying-key,decaps,2145923
1528,bike,varying-key,decaps,2283314
1529,bike,varying-key,decaps,2030301
1530,bike,varying-key,decaps,2078136
1531,bike,varying-key,decaps,1290080
1532,bike,varying-key,decaps,1191673
1533,bike,varying-key,decaps,1188322
1534,bike,varying-key,decaps,1264322
1535,bike,varying-key,decaps,1189465
1536,bike,varying-key,decaps,1339683
1537,bike,varying-key,decaps,1392263
1538,bike,varying-key,decaps,1189989
1539,bike,varying-key,decaps,2253720
1540,bike,varying-key,decaps,1397666
1541,bike,varying-key,decaps,1271939
1542,bike,varying-key,decaps,1273206
1543,bike,varying-key,decaps,1250199
1544,bike,varying-key,decaps,1249192
1545,bike,varying-key,decaps,1237616
1546,bike,varying-key,decaps,1233238
1547,bike,varying-key,decaps,1188513
1548,bike,varying-key,decaps,1340743
1549,bike,varying-key,decaps,1997198
1550,bike,varying-key,decaps,1667183
1551,bike,varying-key,decaps,1249794
1552,bike,varying-key,decaps,1246447
1553,bike,varying-key,decaps,1442814
1554,bike,varying-key,decaps,1261495
1555,bike,varying-key,decaps,1228570
1556,bike,varying-key,decaps,1243012
1557,bike,varying-key,decaps,1331194
1558,bike,varying-key,decaps,1883927
1559,bike,varying-key,decaps,1311073
1560,bike,varying-key,decaps,1251526
1561,bike,varying-key,decaps,1273937
1562,bike,varying-key,decaps,1264513
1563,bike,varying-key,decaps,1247733
1564,bike,varying-key,decaps,1188490
1565,bike,varying-key,decaps,1238929
1566,bike,varying-key,decaps,1209354
1567,bike,varying-key,decaps,1300180
1568,bike,varying-key,decaps,1833880
1569,bike,varying-key,decaps,1258762
1570,bike,varying-key,decaps,1313010
1571,bike,varying-key,decaps,1218947
1572,bike,varying-key,decaps,1266735
1573,bike,varying-key,decaps,1277954
1574,bike,varying-key,decaps,1185805
1575,bike,varying-key,decaps,1321636
1576,bike,varying-key,decaps,1190082
1577,bike,varying-key,decaps,1793599
1578,bike,varying-key,decaps,1918501
1579,bike,varying-key,decaps,1501607
1580,bike,varying-key,decaps,1435222
1581,bike,varying-key,decaps,1559614
1582,bike,varying-key,decaps,1188644
1583,bike,varying-key,decaps,1188177
1584,bike,varying-key,decaps,1195162
1585,bike,varying-key,decaps,1384519
1586,bike,varying-key,decaps,1679229
1587,bike,varying-key,decaps,1576746
1588,bike,varying-key,decaps,1350735
1589,bike,varying-key,decaps,1249145
1590,bike,varying-key,decaps,1264422
1591,bike,varying-key,decaps,1217981
1592,bike,varying-key,decaps,1189785
1593,bike,varying-key,decaps,1246635
1594,bike,varying-key,decaps,1191861
1595,bike,varying-key,decaps,1220928
1596,bike,varying-key,decaps,2049002
1597,bike,varying-key,decaps,1748376
1598,bike,varying-key,decaps,1463007
1599,bike,varying-key,decaps,1336333
1600,bike,varying-key,decaps,1259988
1601,bike,varying-key,decaps,1244103
1602,bike,varying-key,decaps,1228828
1603,bike,varying-key,decaps,1134594
1604,bike,varying-key,decaps,1197833
1605,bike,varying-key,decaps,1664657
1606,bike,varying-key,decaps,1521857
1607,bike,varying-key,decaps,1305195
1608,bike,varying-key,decaps,1191145
1609,bike,varying-key,decaps,1190059
1610,bike,varying-key,decaps,1249488
1611,bike,varying-key,decaps,1349417
1612,bike,varying-key,decaps,1231106
1613,bike,varying-key,decaps,1175272
1614,bike,varying-key,decaps,1135806
1615,bike,varying-key,decaps,2029381
1616,bike,varying-key,decaps,1416239
1617,bike,varying-key,decaps,1233495
1618,bike,varying-key,decaps,1248611
1619,bike,varying-key,decaps,1200043
1620,bike,varying-key,decaps,1219251
1621,bike,varying-key,decaps,1190338
1622,bike,varying-key,decaps,1230941
1623,bike,varying-key,decaps,1277093
1624,bike,varying-key,decaps,1135314
1625,bike,varying-key,decaps,1800453
1626,bike,varying-key,decaps,1589205
1627,bike,varying-key,decaps,1435016
1628,bike,varying-key,decaps,1189564
1629,bike,varying-key,decaps,1237400
1630,bike,varying-key,decaps,1261481
1631,bike,varying-key,decaps,1234759
1632,bike,varying-key,decaps,1216487
1633,bike,varying-key,decaps,1135923
1634,bike,varying-key,decaps,1305536
1635,bike,varying-key,decaps,2132358
1636,bike,varying-key,decaps,1802482
1637,bike,varying-key,decaps,1261399
1638,bike,varying-key,decaps,1189642
1639,bike,varying-key,decaps,1270797
1640,bike,varying-key,decaps,1189214
1641,bike,varying-key,decaps,1245167
1642,bike,varying-key,decaps,1184277
1643,bike,varying-key,decaps,1185253
1644,bike,varying-key,decaps,1796202
1645,bike,varying-key,decaps,1769271
1646,bike,varying-key,decaps,1236945
1647,bike,varying-key,decaps,1234720
1648,bike,varying-key,decaps,1251509
1649,bike,varying-key,decaps,1191501
1650,bike,varying-key,decaps,1189421
1651,bike,varying-key,decaps,1234239
1652,bike,varying-key,decaps,1243229
1653,bike,varying-key,decaps,1777175
1654,bike,varying-key,decaps,1872464
1655,bike,varying-key,decaps,1385532
1656,bike,varying-key,decaps,1251187
1657,bike,varying-key,decaps,1348453
1658,bike,varying-key,decaps,1277015
1659,bike,varying-key,decaps,1272399
1660,bike,varying-key,decaps,1248754
1661,bike,varying-key,decaps,1265531
1662,bike,varying-key,decaps,1203000
1663,bike,varying-key,decaps,1664128
1664,bike,varying-key,decaps,1892900
1665,bike,varying-key,decaps,1616550
1666,bike,varying-key,decaps,1344575
1667,bike,varying-key,decaps,1399609
1668,bike,varying-key,decaps,1336615
1669,bike,varying-key,decaps,1307988
1670,bike,varying-key,decaps,1301641
1671,bike,varying-key,decaps,1414570
1672,bike,varying-key,decaps,1874604
1673,bike,varying-key,decaps,1542614
1674,bike,varying-key,decaps,1304770
1675,bike,varying-key,decaps,1273084
1676,bike,varying-key,decaps,1307693
1677,bike,varying-key,decaps,1265257
1678,bike,varying-key,decaps,1242853
1679,bike,varying-key,decaps,1298238
1680,bike,varying-key,decaps,1236526
1681,bike,varying-key,decaps,1600805
1682,bike,varying-key,decaps,1919427
1683,bike,varying-key,decaps,1400745
1684,bike,varying-key,decaps,1304254
1685,bike,varying-key,decaps,1285422
1686,bike,varying-key,decaps,1262128
1687,bike,varying-key,decaps,1253033
1688,bike,varying-key,decaps,1315395
1689,bike,varying-key,decaps,1250435
1690,bike,varying-key,decaps,1295216
1691,bike,varying-key,decaps,1875795
1692,bike,varying-key,decaps,1380625
1693,bike,varying-key,decaps,1251697
1694,bike,varying-key,decaps,1328693
1695,bike,varying-key,decaps,1309803
1696,bike,varying-key,decaps,1248477
1697,bike,varying-key,decaps,1313903
1698,bike,varying-key,decaps,1189044
1699,bike,varying-key,decaps,1269887
1700,bike,varying-key,decaps,1881269
1701,bike,varying-key,decaps,1960174
1702,bike,varying-key,decaps,1412010
1703,bike,varying-key,decaps,1304339
1704,bike,varying-key,decaps,1267620
1705,bike,varying-key,decaps,1248931
1706,bike,varying-key,decaps,1301171
1707,bike,varying-key,decaps,1292220
1708,bike,varying-key,decaps,1236971
1709,bike,varying-key,decaps,1580854
1710,bike,varying-key,decaps,1980596
1711,bike,varying-key,decaps,1321982
1712,bike,varying-key,decaps,1266225
1713,bike,varying-key,decaps,1249927
1714,bike,varying-key,decaps,1306389
1715,bike,varying-key,decaps,1264411
1716,bike,varying-key,decaps,1293002
1717,bike,varying-key,decaps,1248059
1718,bike,varying-key,decaps,1291429
1719,bike,varying-key,decaps,2051082
1720,bike,varying-key,decaps,1670368
1721,bike,varying-key,decaps,1368848
1722,bike,varying-key,decaps,1300864
1723,bike,varying-key,decaps,1250590
1724,bike,varying-key,decaps,1304856
1725,bike,varying-key,decaps,1411190
1726,bike,varying-key,decaps,1277798
1727,bike,varying-key,decaps,1346628
1728,bike,varying-key,decaps,1876033
1729,bike,varying-key,decaps,1562979
1730,bike,varying-key,decaps,1352129
1731,bike,varying-key,decaps,1248704
1732,bike,varying-key,decaps,1254388
1733,bike,varying-key,decaps,1348249
1734,bike,varying-key,decaps,1230658
1735,bike,varying-key,decaps,1258064
1736,bike,varying-key,decaps,1198858
1737,bike,varying-key,decaps,1540759
1738,bike,varying-key,decaps,1777303
1739,bike,varying-key,decaps,1446923
1740,bike,varying-key,decaps,1248723
1741,bike,varying-key,decaps,1252578
1742,bike,varying-key,decaps,1310907
1743,bike,varying-key,decaps,1190677
1744,bike,varying-key,decaps,1371151
1745,bike,varying-key,decaps,1289364
1746,bike,varying-key,decaps,1523022
1747,bike,varying-key,decaps,2048152
1748,bike,varying-key,decaps,1330473
1749,bike,varying-key,decaps,1248872
1750,bike,varying-key,decaps,1266125
1751,bike,varying-key,decaps,1291916
1752,bike,varying-key,decaps,1219177
1753,bike,varying-key,decaps,1507432
1754,bike,varying-key,decaps,1190372
1755,bike,varying-key,decaps,1230008
1756,bike,varying-key,decaps,1771356
1757,bike,varying-key,decaps,1704676
1758,bike,varying-key,decaps,1272376
1759,bike,varying-key,decaps,1347373
1760,bike,varying-key,decaps,1238541
1761,bike,varying-key,decaps,1474757
1762,bike,varying-key,decaps,1525533
1763,bike,varying-key,decaps,1384049
1764,bike,varying-key,decaps,1377107
1765,bike,varying-key,decaps,1755619
1766,bike,varying-key,decaps,1280127
1767,bike,varying-key,decaps,1261738
1768,bike,varying-key,decaps,1264145
1769,bike,varying-key,decaps,1294860
1770,bike,varying-key,decaps,1362755
1771,bike,varying-key,decaps,1301632
1772,bike,varying-key,decaps,1249955
1773,bike,varying-key,decaps,1266730
1774,bike,varying-key,decaps,1453524
1775,bike,varying-key,decaps,1573459
1776,bike,varying-key,decaps,1767000
1777,bike,varying-key,decaps,1413874
1778,bike,varying-key,decaps,1330593
1779,bike,varying-key,decaps,1249028
1780,bike,varying-key,decaps,1248652
1781,bike,varying-key,decaps,1244965
1782,bike,varying-key,decaps,1277007
1783,bike,varying-key,decaps,1230655
1784,bike,varying-key,decaps,1857765
1785,bike,varying-key,decaps,1337296
1786,bike,varying-key,decaps,1313299
1787,bike,varying-key,decaps,1248569
1788,bike,varying-key,decaps,1301757
1789,bike,varying-key,decaps,1325727
1790,bike,varying-key,decaps,1221874
1791,bike,varying-key,decaps,1259263
1792,bike,varying-key,decaps,1189204
1793,bike,varying-key,decaps,1508260
1794,bike,varying-key,decaps,1842110
1795,bike,varying-key,decaps,1489372
1796,bike,varying-key,decaps,1248626
1797,bike,varying-key,decaps,1248281
1798,bike,varying-key,decaps,1316098
1799,bike,varying-key,decaps,1190800
1800,bike,varying-key,decaps,1289639
1801,bike,varying-key,decaps,1192799
1802,bike,varying-key,decaps,1288181
1803,bike,varying-key,decaps,1772389
1804,bike,varying-key,decaps,1566370
1805,bike,varying-key,decaps,1255357
1806,bike,varying-key,decaps,1247848
1807,bike,varying-key,decaps,1309079
1808,bike,varying-key,decaps,1248166
1809,bike,varying-key,decaps,1221606
1810,bike,varying-key,decaps,1199650
1811,bike,varying-key,decaps,1238503
1812,bike,varying-key,decaps,1377298
1813,bike,varying-key,decaps,2014407
1814,bike,varying-key,decaps,1631385
1815,bike,varying-key,decaps,1249159
1816,bike,varying-key,decaps,1338053
1817,bike,varying-key,decaps,1260942
1818,bike,varying-key,decaps,1188566
1819,bike,varying-key,decaps,1235856
1820,bike,varying-key,decaps,1188565
1821,bike,varying-key,decaps,1233425
1822,bike,varying-key,decaps,1580164
1823,bike,varying-key,decaps,1750292
1824,bike,varying-key,decaps,1282079
1825,bike,varying-key,decaps,1288508
1826,bike,varying-key,decaps,1190036
1827,bike,varying-key,decaps,1188781
1828,bike,varying-key,decaps,1370716
1829,bike,varying-key,decaps,1242931
1830,bike,varying-key,decaps,1188245
1831,bike,varying-key,decaps,1196915
1832,bike,varying-key,decaps,1646152
1833,bike,varying-key,decaps,1577178
1834,bike,varying-key,decaps,1341806
1835,bike,varying-key,decaps,1303600
1836,bike,varying-key,decaps,1261033
1837,bike,varying-key,decaps,1226329
1838,bike,varying-key,decaps,1189811
1839,bike,varying-key,decaps,1232173
1840,bike,varying-key,decaps,1555752
1841,bike,varying-key,decaps,1535414
1842,bike,varying-key,decaps,1738261
1843,bike,varying-key,decaps,1278377
1844,bike,varying-key,decaps,1265122
1845,bike,varying-key,decaps,1249600
1846,bike,varying-key,decaps,1298812
1847,bike,varying-key,decaps,1244051
1848,bike,varying-key,decaps,1188279
1849,bike,varying-key,decaps,1324675
1850,bike,varying-key,decaps,1333972
1851,bike,varying-key,decaps,1523176
1852,bike,varying-key,decaps,1678346
1853,bike,varying-key,decaps,1264808
1854,bike,varying-key,decaps,1250334
1855,bike,varying-key,decaps,1221567
1856,bike,varying-key,decaps,1300665
1857,bike,varying-key,decaps,1191524
1858,bike,varying-key,decaps,1228181
1859,bike,varying-key,decaps,1275782
1860,bike,varying-key,decaps,1190846
1861,bike,varying-key,decaps,1637981
1862,bike,varying-key,decaps,1771825
1863,bike,varying-key,decaps,1680387
1864,bike,varying-key,decaps,1254765
1865,bike,varying-key,decaps,1302918
1866,bike,varying-key,decaps,1189700
1867,bike,varying-key,decaps,1189231
1868,bike,varying-key,decaps,1261775
1869,bike,varying-key,decaps,1190135
1870,bike,varying-key,decaps,1244959
1871,bike,varying-key,decaps,1757997
1872,bike,varying-key,decaps,1369568
1873,bike,varying-key,decaps,1262636
1874,bike,varying-key,decaps,1244075
1875,bike,varying-key,decaps,1445710
1876,bike,varying-key,decaps,1381505
1877,bike,varying-key,decaps,1257381
1878,bike,varying-key,decaps,1189017
1879,bike,varying-key,decaps,1188713
1880,bike,varying-key,decaps,1452258
1881,bike,varying-key,decaps,1619656
1882,bike,varying-key,decaps,1268030
1883,bike,varying-key,decaps,1257116
1884,bike,varying-key,decaps,1282704
1885,bike,varying-key,decaps,1237703
1886,bike,varying-key,decaps,1188825
1887,bike,varying-key,decaps,1377338
1888,bike,varying-key,decaps,1393922
1889,bike,varying-key,decaps,1275734
1890,bike,varying-key,decaps,1901039
1891,bike,varying-key,decaps,1408494
1892,bike,varying-key,decaps,1377428
1893,bike,varying-key,decaps,1247591
1894,bike,varying-key,decaps,1237600
1895,bike,varying-key,decaps,1189149
1896,bike,varying-key,decaps,1346292
1897,bike,varying-key,decaps,1230560
1898,bike,varying-key,decaps,1192054
1899,bike,varying-key,decaps,1220835
1900,bike,varying-key,decaps,1728270
1901,bike,varying-key,decaps,1336575
1902,bike,varying-key,decaps,1252920
1903,bike,varying-key,decaps,1262891
1904,bike,varying-key,decaps,1240817
1905,bike,varying-key,decaps,1243616
1906,bike,varying-key,decaps,1336458
1907,bike,varying-key,decaps,1228232
1908,bike,varying-key,decaps,1224790
1909,bike,varying-key,decaps,1360412
1910,bike,varying-key,decaps,1810115
1911,bike,varying-key,decaps,1384932
1912,bike,varying-key,decaps,1267827
1913,bike,varying-key,decaps,1238382
1914,bike,varying-key,decaps,1289520
1915,bike,varying-key,decaps,1189246
1916,bike,varying-key,decaps,1190355
1917,bike,varying-key,decaps,1305603
1918,bike,varying-key,decaps,1203336
1919,bike,varying-key,decaps,1561207
1920,bike,varying-key,decaps,1981934
1921,bike,varying-key,decaps,1344428
1922,bike,varying-key,decaps,1304388
1923,bike,varying-key,decaps,1189465
1924,bike,varying-key,decaps,1206234
1925,bike,varying-key,decaps,1189195
1926,bike,varying-key,decaps,1281567
1927,bike,varying-key,decaps,1191901
1928,bike,varying-key,decaps,1224786
1929,bike,varying-key,decaps,1836445
1930,bike,varying-key,decaps,1651242
1931,bike,varying-key,decaps,1253511
1932,bike,varying-key,decaps,1262853
1933,bike,varying-key,decaps,1334846
1934,bike,varying-key,decaps,1224362
1935,bike,varying-key,decaps,1259778
1936,bike,varying-key,decaps,1229474
1937,bike,varying-key,decaps,1188181
1938,bike,varying-key,decaps,1367220
1939,bike,varying-key,decaps,1778735
1940,bike,varying-key,decaps,1413147
1941,bike,varying-key,decaps,1278232
1942,bike,varying-key,decaps,1335704
1943,bike,varying-key,decaps,1314732
1944,bike,varying-key,decaps,1253197
1945,bike,varying-key,decaps,1251826
1946,bike,varying-key,decaps,1260309
1947,bike,varying-key,decaps,1201660
1948,bike,varying-key,decaps,1744977
1949,bike,varying-key,decaps,1753796
1950,bike,varying-key,decaps,1499532
1951,bike,varying-key,decaps,1303541
1952,bike,varying-key,decaps,1314974
1953,bike,varying-key,decaps,1258853
1954,bike,varying-key,decaps,1223758
1955,bike,varying-key,decaps,1188080
1956,bike,varying-key,decaps,1263642
1957,bike,varying-key,decaps,1366797
1958,bike,varying-key,decaps,1827989
1959,bike,varying-key,decaps,1646765
1960,bike,varying-key,decaps,1313673
1961,bike,varying-key,decaps,1263899
1962,bike,varying-key,decaps,1318502
1963,bike,varying-key,decaps,1251325
1964,bike,varying-key,decaps,1188232
1965,bike,varying-key,decaps,1211625
1966,bike,varying-key,decaps,1339985
1967,bike,varying-key,decaps,1773286
1968,bike,varying-key,decaps,1987603
1969,bike,varying-key,decaps,1327802
1970,bike,varying-key,decaps,1270810
1971,bike,varying-key,decaps,1385983
1972,bike,varying-key,decaps,1250238
1973,bike,varying-key,decaps,1249024
1974,bike,varying-key,decaps,1309805
1975,bike,varying-key,decaps,1261712
1976,bike,varying-key,decaps,1617474
1977,bike,varying-key,decaps,1963944
1978,bike,varying-key,decaps,1652123
1979,bike,varying-key,decaps,1267172
1980,bike,varying-key,decaps,1267419
1981,bike,varying-key,decaps,1249632
1982,bike,varying-key,decaps,1249896
1983,bike,varying-key,decaps,1269825
1984,bike,varying-key,decaps,1698718
1985,bike,varying-key,decaps,1677061
1986,bike,varying-key,decaps,1880971
1987,bike,varying-key,decaps,1557770
1988,bike,varying-key,decaps,1314625
1989,bike,varying-key,decaps,1400436
1990,bike,varying-key,decaps,1277323
1991,bike,varying-key,decaps,1270706
1992,bike,varying-key,decaps,1451846
1993,bike,varying-key,decaps,1287748
1994,bike,varying-key,decaps,1637173
1995,bike,varying-key,decaps,1881081
1996,bike,varying-key,decaps,1352311
1997,bike,varying-key,decaps,1314728
1998,bike,varying-key,decaps,1434327
1999,bike,varying-key,decaps,1249701
2000,bike,varying-key,decaps,1266306
2001,bike,varying-key,decaps,1248353
2002,bike,varying-key,decaps,1319834
2003,bike,varying-key,decaps,1531295
2004,bike,varying-key,decaps,1890915
2005,bike,varying-key,decaps,1521665
2006,bike,varying-key,decaps,1349687
2007,bike,varying-key,decaps,1250842
2008,bike,varying-key,decaps,1257402
2009,bike,varying-key,decaps,1274815
2010,bike,varying-key,decaps,1333877
2011,bike,varying-key,decaps,1224687
2012,bike,varying-key,decaps,1223782
2013,bike,varying-key,decaps,1856002
2014,bike,varying-key,decaps,1685249
2015,bike,varying-key,decaps,1296535
2016,bike,varying-key,decaps,1248238
2017,bike,varying-key,decaps,1329756
2018,bike,varying-key,decaps,1302447
2019,bike,varying-key,decaps,1225758
2020,bike,varying-key,decaps,1244752
2021,bike,varying-key,decaps,1189111
2022,bike,varying-key,decaps,1700076
2023,bike,varying-key,decaps,1821147
2024,bike,varying-key,decaps,1314301
2025,bike,varying-key,decaps,1253023
2026,bike,varying-key,decaps,1248351
2027,bike,varying-key,decaps,1292979
2028,bike,varying-key,decaps,1189927
2029,bike,varying-key,decaps,1279284
2030,bike,varying-key,decaps,1190675
2031,bike,varying-key,decaps,1236101
2032,bike,varying-key,decaps,1800474
2033,bike,varying-key,decaps,1485374
2034,bike,varying-key,decaps,1309685
2035,bike,varying-key,decaps,1270159
2036,bike,varying-key,decaps,1363086
2037,bike,varying-key,decaps,1190255
2038,bike,varying-key,decaps,1188941
2039,bike,varying-key,decaps,1253646
2040,bike,varying-key,decaps,1188707
2041,bike,varying-key,decaps,1422672
2042,bike,varying-key,decaps,1809610
2043,bike,varying-key,decaps,1376307
2044,bike,varying-key,decaps,1263609
2045,bike,varying-key,decaps,1271247
2046,bike,varying-key,decaps,1326002
2047,bike,varying-key,decaps,1380776
2048,bike,varying-key,decaps,1321585
2049,bike,varying-key,decaps,1543864
2050,bike,varying-key,decaps,1327210
2051,bike,varying-key,decaps,1747508
2052,bike,varying-key,decaps,1422431
2053,bike,varying-key,decaps,1342822
2054,bike,varying-key,decaps,1380208
2055,bike,varying-key,decaps,1336555
2056,bike,varying-key,decaps,1569730
2057,bike,varying-key,decaps,1566167
2058,bike,varying-key,decaps,1352074
2059,bike,varying-key,decaps,1661682
2060,bike,varying-key,decaps,1580880
2061,bike,varying-key,decaps,1338310
2062,bike,varying-key,decaps,1452892
2063,bike,varying-key,decaps,1422803
2064,bike,varying-key,decaps,1428209
2065,bike,varying-key,decaps,1385883
2066,bike,varying-key,decaps,1396392
2067,bike,varying-key,decaps,1460589
2068,bike,varying-key,decaps,1485647
2069,bike,varying-key,decaps,1416964
2070,bike,varying-key,decaps,1399393
2071,bike,varying-key,decaps,1455289
2072,bike,varying-key,decaps,1538737
2073,bike,varying-key,decaps,1473611
2074,bike,varying-key,decaps,1557931
2075,bike,varying-key,decaps,1408566
2076,bike,varying-key,decaps,1418024
2077,bike,varying-key,decaps,1416361
2078,bike,varying-key,decaps,1405367
2079,bike,varying-key,decaps,1422907
2080,bike,varying-key,decaps,1518682
2081,bike,varying-key,decaps,1993885
2082,bike,varying-key,decaps,1481419
2083,bike,varying-key,decaps,1393725
2084,bike,varying-key,decaps,1428471
2085,bike,varying-key,decaps,1426243
2086,bike,varying-key,decaps,1408619
2087,bike,varying-key,decaps,1900115
2088,bike,varying-key,decaps,1511185
2089,bike,varying-key,decaps,1402547
2090,bike,varying-key,decaps,1474154
2091,bike,varying-key,decaps,1379997
2092,bike,varying-key,decaps,1484119
2093,bike,varying-key,decaps,1360624
2094,bike,varying-key,decaps,1349172
2095,bike,varying-key,decaps,1358534
2096,bike,varying-key,decaps,1638835
2097,bike,varying-key,decaps,1443035
2098,bike,varying-key,decaps,1361516
2099,bike,varying-key,decaps,1415935
2100,bike,varying-key,decaps,1316892
2101,bike,varying-key,decaps,1341716
2102,bike,varying-key,decaps,1417961
2103,bike,varying-key,decaps,1273016
2104,bike,varying-key,decaps,1261890
2105,bike,varying-key,decaps,1367707
2106,bike,varying-key,decaps,1431773
2107,bike,varying-key,decaps,1365245
2108,bike,varying-key,decaps,1335453
2109,bike,varying-key,decaps,1258081
2110,bike,varying-key,decaps,1262451
2111,bike,varying-key,decaps,1267166
2112,bike,varying-key,decaps,1263498
2113,bike,varying-key,decaps,1337679
2114,bike,varying-key,decaps,1350631
2115,bike,varying-key,decaps,1553441
2116,bike,varying-key,decaps,1358100
2117,bike,varying-key,decaps,1288243
2118,bike,varying-key,decaps,1315003
2119,bike,varying-key,decaps,1249176
2120,bike,varying-key,decaps,1249509
2121,bike,varying-key,decaps,1248075
2122,bike,varying-key,decaps,1242023
2123,bike,varying-key,decaps,1421783
2124,bike,varying-key,decaps,1629924
2125,bike,varying-key,decaps,1687020
2126,bike,varying-key,decaps,1334566
2127,bike,varying-key,decaps,1293820
2128,bike,varying-key,decaps,1319346
2129,bike,varying-key,decaps,1250321
2130,bike,varying-key,decaps,1235155
2131,bike,varying-key,decaps,1202855
2132,bike,varying-key,decaps,1188858
2133,bike,varying-key,decaps,1194072
2134,bike,varying-key,decaps,1600048
2135,bike,varying-key,decaps,1720177
2136,bike,varying-key,decaps,1260854
2137,bike,varying-key,decaps,1249046
2138,bike,varying-key,decaps,1289934
2139,bike,varying-key,decaps,1256067
2140,bike,varying-key,decaps,1189073
2141,bike,varying-key,decaps,1228104
2142,bike,varying-key,decaps,1240717
2143,bike,varying-key,decaps,1248637
2144,bike,varying-key,decaps,1662365
2145,bike,varying-key,decaps,1455272
2146,bike,varying-key,decaps,1313909
2147,bike,varying-key,decaps,1390253
2148,bike,varying-key,decaps,1249880
2149,bike,varying-key,decaps,1188981
2150,bike,varying-key,decaps,1299728
2151,bike,varying-key,decaps,1188917
2152,bike,varying-key,decaps,1337902
2153,bike,varying-key,decaps,1377614
2154,bike,varying-key,decaps,1659269
2155,bike,varying-key,decaps,1387451
2156,bike,varying-key,decaps,1282633
2157,bike,varying-key,decaps,1333106
2158,bike,varying-key,decaps,1225284
2159,bike,varying-key,decaps,1465983
2160,bike,varying-key,decaps,1189142
2161,bike,varying-key,decaps,1188618
2162,bike,varying-key,decaps,1274060
2163,bike,varying-key,decaps,1802616
2164,bike,varying-key,decaps,1837624
2165,bike,varying-key,decaps,1239090
2166,bike,varying-key,decaps,1304938
2167,bike,varying-key,decaps,1257412
2168,bike,varying-key,decaps,1189601
2169,bike,varying-key,decaps,1189402
2170,bike,varying-key,decaps,1186074
2171,bike,varying-key,decaps,1170487
2172,bike,varying-key,decaps,1106076
2173,bike,varying-key,decaps,1892860
2174,bike,varying-key,decaps,1689546
2175,bike,varying-key,decaps,1222550
2176,bike,varying-key,decaps,1179853
2177,bike,varying-key,decaps,1141794
2178,bike,varying-key,decaps,1154310
2179,bike,varying-key,decaps,1133833
2180,bike,varying-key,decaps,1206212
2181,bike,varying-key,decaps,1166831
2182,bike,varying-key,decaps,1309503
2183,bike,varying-key,decaps,1195565
2184,bike,varying-key,decaps,1799427
2185,bike,varying-key,decaps,1770267
2186,bike,varying-key,decaps,1295785
2187,bike,varying-key,decaps,1487122
2188,bike,varying-key,decaps,1950111
2189,bike,varying-key,decaps,1263126
2190,bike,varying-key,decaps,1253975
2191,bike,varying-key,decaps,1190616
2192,bike,varying-key,decaps,1404820
2193,bike,varying-key,decaps,1671648
2194,bike,varying-key,decaps,1363873
2195,bike,varying-key,decaps,1191152
2196,bike,varying-key,decaps,1306107
2197,bike,varying-key,decaps,1199743
2198,bike,varying-key,decaps,1134527
2199,bike,varying-key,decaps,1438952
2200,bike,varying-key,decaps,1277396
2201,bike,varying-key,decaps,1146584
2202,bike,varying-key,decaps,1340815
2203,bike,varying-key,decaps,1591087
2204,bike,varying-key,decaps,1414771
2205,bike,varying-key,decaps,1328612
2206,bike,varying-key,decaps,1240938
2207,bike,varying-key,decaps,1318921
2208,bike,varying-key,decaps,1538665
2209,bike,varying-key,decaps,1424591
2210,bike,varying-key,decaps,1250390
2211,bike,varying-key,decaps,1215040
2212,bike,varying-key,decaps,1655930
2213,bike,varying-key,decaps,1287349
2214,bike,varying-key,decaps,1207640
2215,bike,varying-key,decaps,1268528
2216,bike,varying-key,decaps,1209927
2217,bike,varying-key,decaps,1249860
2218,bike,varying-key,decaps,1359464
2219,bike,varying-key,decaps,1174387
2220,bike,varying-key,decaps,1169864
2221,bike,varying-key,decaps,1142113
2222,bike,varying-key,decaps,1587045
2223,bike,varying-key,decaps,1297232
2224,bike,varying-key,decaps,1274466
2225,bike,varying-key,decaps,1256253
2226,bike,varying-key,decaps,1189898
2227,bike,varying-key,decaps,1257286
2228,bike,varying-key,decaps,1261775
2229,bike,varying-key,decaps,1246429
2230,bike,varying-key,decaps,1358376
2231,bike,varying-key,decaps,1139755
2232,bike,varying-key,decaps,1746612
2233,bike,varying-key,decaps,1514672
2234,bike,varying-key,decaps,1208126
2235,bike,varying-key,decaps,1259774
2236,bike,varying-key,decaps,1246214
2237,bike,varying-key,decaps,1188679
2238,bike,varying-key,decaps,1135199
2239,bike,varying-key,decaps,1228289
2240,bike,varying-key,decaps,1135987
2241,bike,varying-key,decaps,1265385
2242,bike,varying-key,decaps,1744481
2243,bike,varying-key,decaps,1604693
2244,bike,varying-key,decaps,1290307
2245,bike,varying-key,decaps,1261575
2246,bike,varying-key,decaps,1189891
2247,bike,varying-key,decaps,1188942
2248,bike,varying-key,decaps,1149186
2249,bike,varying-key,decaps,1135945
2250,bike,varying-key,decaps,1130445
2251,bike,varying-key,decaps,1176608
2252,bike,varying-key,decaps,1801117
2253,bike,varying-key,decaps,1529662
2254,bike,varying-key,decaps,1479186
2255,bike,varying-key,decaps,1241337
2256,bike,varying-key,decaps,1197224
2257,bike,varying-key,decaps,1135501
2258,bike,varying-key,decaps,1221535
2259,bike,varying-key,decaps,1245712
2260,bike,varying-key,decaps,1205714
2261,bike,varying-key,decaps,1322259
2262,bike,varying-key,decaps,1873137
2263,bike,varying-key,decaps,1325517
2264,bike,varying-key,decaps,1207850
2265,bike,varying-key,decaps,1191318
2266,bike,varying-key,decaps,1191488
2267,bike,varying-key,decaps,1396550
2268,bike,varying-key,decaps,1186473
2269,bike,varying-key,decaps,1234571
2270,bike,varying-key,decaps,1144190
2271,bike,varying-key,decaps,1439066
2272,bike,varying-key,decaps,1846255
2273,bike,varying-key,decaps,1305760
2274,bike,varying-key,decaps,1305984
2275,bike,varying-key,decaps,1189103
2276,bike,varying-key,decaps,1166877
2277,bike,varying-key,decaps,1397133
2278,bike,varying-key,decaps,1475934
2279,bike,varying-key,decaps,1222886
2280,bike,varying-key,decaps,1150393
2281,bike,varying-key,decaps,1598943
2282,bike,varying-key,decaps,1727125
2283,bike,varying-key,decaps,1350301
2284,bike,varying-key,decaps,1246587
2285,bike,varying-key,decaps,1190351
2286,bike,varying-key,decaps,1328349
2287,bike,varying-key,decaps,1176677
2288,bike,varying-key,decaps,1114305
2289,bike,varying-key,decaps,1397633
2290,bike,varying-key,decaps,1290856
2291,bike,varying-key,decaps,1717811
2292,bike,varying-key,decaps,1794742
2293,bike,varying-key,decaps,1526036
2294,bike,varying-key,decaps,1208295
2295,bike,varying-key,decaps,1183792
2296,bike,varying-key,decaps,1150603
2297,bike,varying-key,decaps,1134213
2298,bike,varying-key,decaps,1113012
2299,bike,varying-key,decaps,1293914
2300,bike,varying-key,decaps,1204071
2301,bike,varying-key,decaps,1915249
2302,bike,varying-key,decaps,1457518
2303,bike,varying-key,decaps,1201208
2304,bike,varying-key,decaps,1204381
2305,bike,varying-key,decaps,1195628
2306,bike,varying-key,decaps,1134744
2307,bike,varying-key,decaps,1189129
2308,bike,varying-key,decaps,1123139
2309,bike,varying-key,decaps,1184930
2310,bike,varying-key,decaps,1181982
2311,bike,varying-key,decaps,1812364
2312,bike,varying-key,decaps,1474392
2313,bike,varying-key,decaps,1323937
2314,bike,varying-key,decaps,1307663
2315,bike,varying-key,decaps,1135924
2316,bike,varying-key,decaps,1141836
2317,bike,varying-key,decaps,1932237
2318,bike,varying-key,decaps,1466517
2319,bike,varying-key,decaps,1416073
2320,bike,varying-key,decaps,1984081
2321,bike,varying-key,decaps,1684401
2322,bike,varying-key,decaps,1443064
2323,bike,varying-key,decaps,1226748
2324,bike,varying-key,decaps,1200796
2325,bike,varying-key,decaps,1340701
2326,bike,varying-key,decaps,1176931
2327,bike,varying-key,decaps,1272770
2328,bike,varying-key,decaps,1174272
2329,bike,varying-key,decaps,1639914
2330,bike,varying-key,decaps,1690675
2331,bike,varying-key,decaps,1221164
2332,bike,varying-key,decaps,1324955
2333,bike,varying-key,decaps,1189326
2334,bike,varying-key,decaps,1214787
2335,bike,varying-key,decaps,1229988
2336,bike,varying-key,decaps,1170562
2337,bike,varying-key,decaps,1302637
2338,bike,varying-key,decaps,1124173
2339,bike,varying-key,decaps,1855536
2340,bike,varying-key,decaps,1649756
2341,bike,varying-key,decaps,1262281
2342,bike,varying-key,decaps,1259290
2343,bike,varying-key,decaps,1188153
2344,bike,varying-key,decaps,1280267
2345,bike,varying-key,decaps,1314633
2346,bike,varying-key,decaps,1146577
2347,bike,varying-key,decaps,1192516
2348,bike,varying-key,decaps,1089792
2349,bike,varying-key,decaps,1328495
2350,bike,varying-key,decaps,1772551
2351,bike,varying-key,decaps,1637032
2352,bike,varying-key,decaps,1458557
2353,bike,varying-key,decaps,1247266
2354,bike,varying-key,decaps,1201335
2355,bike,varying-key,decaps,1197072
2356,bike,varying-key,decaps,1256440
2357,bike,varying-key,decaps,1314554
2358,bike,varying-key,decaps,1668714
2359,bike,varying-key,decaps,1936779
2360,bike,varying-key,decaps,1415780
2361,bike,varying-key,decaps,1425018
2362,bike,varying-key,decaps,1207881
2363,bike,varying-key,decaps,1189553
2364,bike,varying-key,decaps,1276235
2365,bike,varying-key,decaps,1145780
2366,bike,varying-key,decaps,1167041
2367,bike,varying-key,decaps,1248495
2368,bike,varying-key,decaps,1800297
2369,bike,varying-key,decaps,1430219
2370,bike,varying-key,decaps,1237021
2371,bike,varying-key,decaps,1406183
2372,bike,varying-key,decaps,1202234
2373,bike,varying-key,decaps,1134285
2374,bike,varying-key,decaps,1269730
2375,bike,varying-key,decaps,1235678
2376,bike,varying-key,decaps,1170643
2377,bike,varying-key,decaps,1394964
2378,bike,varying-key,decaps,1833100
2379,bike,varying-key,decaps,1256339
2380,bike,varying-key,decaps,1422010
2381,bike,varying-key,decaps,1192191
2382,bike,varying-key,decaps,1203320
2383,bike,varying-key,decaps,1629047
2384,bike,varying-key,decaps,1275059
2385,bike,varying-key,decaps,1316588
2386,bike,varying-key,decaps,1149337
2387,bike,varying-key,decaps,1562164
2388,bike,varying-key,decaps,1583651
2389,bike,varying-key,decaps,1212336
2390,bike,varying-key,decaps,1270985
2391,bike,varying-key,decaps,1191654
2392,bike,varying-key,decaps,1189063
2393,bike,varying-key,decaps,1173300
2394,bike,varying-key,decaps,1171354
2395,bike,varying-key,decaps,1493902
2396,bike,varying-key,decaps,1086921
2397,bike,varying-key,decaps,1484239
2398,bike,varying-key,decaps,1555519
2399,bike,varying-key,decaps,1286204
2400,bike,varying-key,decaps,1191010
2401,bike,varying-key,decaps,1204166
2402,bike,varying-key,decaps,1310602
2403,bike,varying-key,decaps,1166675
2404,bike,varying-key,decaps,1086014
2405,bike,varying-key,decaps,1230342
2406,bike,varying-key,decaps,1088031
2407,bike,varying-key,decaps,1478649
2408,bike,varying-key,decaps,1835315
2409,bike,varying-key,decaps,1275610
2410,bike,varying-key,decaps,1274055
2411,bike,varying-key,decaps,1191508
2412,bike,varying-key,decaps,1179153
2413,bike,varying-key,decaps,1134681
2414,bike,varying-key,decaps,1116298
2415,bike,varying-key,decaps,1088165
2416,bike,varying-key,decaps,1134248
2417,bike,varying-key,decaps,1180917
2418,bike,varying-key,decaps,1826119
2419,bike,varying-key,decaps,1413834
2420,bike,varying-key,decaps,1247773
2421,bike,varying-key,decaps,1201449
2422,bike,varying-key,decaps,1151282
2423,bike,varying-key,decaps,1133179
2424,bike,varying-key,decaps,1085752
2425,bike,varying-key,decaps,1105862
2426,bike,varying-key,decaps,1418851
2427,bike,varying-key,decaps,1096465
2428,bike,varying-key,decaps,1864238
2429,bike,varying-key,decaps,1778824
2430,bike,varying-key,decaps,1303434
2431,bike,varying-key,decaps,1436329
2432,bike,varying-key,decaps,1181311
2433,bike,varying-key,decaps,1193765
2434,bike,varying-key,decaps,1309715
2435,bike,varying-key,decaps,1189748
2436,bike,varying-key,decaps,1175682
2437,bike,varying-key,decaps,1729527
2438,bike,varying-key,decaps,1582603
2439,bike,varying-key,decaps,1248534
2440,bike,varying-key,decaps,1299146
2441,bike,varying-key,decaps,1189539
2442,bike,varying-key,decaps,1134777
2443,bike,varying-key,decaps,1446975
2444,bike,varying-key,decaps,1217142
2445,bike,varying-key,decaps,1261447
2446,bike,varying-key,decaps,1124706
2447,bike,varying-key,decaps,1763342
2448,bike,varying-key,decaps,1450765
2449,bike,varying-key,decaps,1212023
2450,bike,varying-key,decaps,1224749
2451,bike,varying-key,decaps,1134929
2452,bike,varying-key,decaps,1134036
2453,bike,varying-key,decaps,1179389
2454,bike,varying-key,decaps,1128482
2455,bike,varying-key,decaps,1342964
2456,bike,varying-key,decaps,1267539
2457,bike,varying-key,decaps,1980304
2458,bike,varying-key,decaps,1544607
2459,bike,varying-key,decaps,1279621
2460,bike,varying-key,decaps,1198673
2461,bike,varying-key,decaps,1190508
2462,bike,varying-key,decaps,1368206
2463,bike,varying-key,decaps,1185079
2464,bike,varying-key,decaps,1165693
2465,bike,varying-key,decaps,1127011
2466,bike,varying-key,decaps,1094082
2467,bike,varying-key,decaps,1972150
2468,bike,varying-key,decaps,1430762
2469,bike,varying-key,decaps,1282262
2470,bike,varying-key,decaps,1197247
2471,bike,varying-key,decaps,1234054
2472,bike,varying-key,decaps,1189115
2473,bike,varying-key,decaps,1362471
2474,bike,varying-key,decaps,1147380
2475,bike,varying-key,decaps,1175671
2476,bike,varying-key,decaps,1088577
2477,bike,varying-key,decaps,1751351
2478,bike,varying-key,decaps,1562254
2479,bike,varying-key,decaps,1456422
2480,bike,varying-key,decaps,1217913
2481,bike,varying-key,decaps,1255351
2482,bike,varying-key,decaps,1192434
2483,bike,varying-key,decaps,1183114
2484,bike,varying-key,decaps,1174530
2485,bike,varying-key,decaps,1318056
2486,bike,varying-key,decaps,1435728
2487,bike,varying-key,decaps,2024153
2488,bike,varying-key,decaps,1672673
2489,bike,varying-key,decaps,1267598
2490,bike,varying-key,decaps,1373685
2491,bike,varying-key,decaps,1284903
2492,bike,varying-key,decaps,1245771
2493,bike,varying-key,decaps,1331501
2494,bike,varying-key,decaps,1329559
2495,bike,varying-key,decaps,1217391
2496,bike,varying-key,decaps,1928779
2497,bike,varying-key,decaps,1664314
2498,bike,varying-key,decaps,1381830
2499,bike,varying-key,decaps,1229059
2500,bike,varying-key,decaps,1189935
2501,bike,varying-key,decaps,1246857
2502,bike,varying-key,decaps,1488156
2503,bike,varying-key,decaps,1276356
2504,bike,varying-key,decaps,1190640
2505,bike,varying-key,decaps,1842791
2506,bike,varying-key,decaps,1674811
2507,bike,varying-key,decaps,1205172
2508,bike,varying-key,decaps,1369665
2509,bike,varying-key,decaps,1190519
2510,bike,varying-key,decaps,1245601
2511,bike,varying-key,decaps,1189262
2512,bike,varying-key,decaps,1232411
2513,bike,varying-key,decaps,1270576
2514,bike,varying-key,decaps,1336854
2515,bike,varying-key,decaps,1972267
2516,bike,varying-key,decaps,1646073
2517,bike,varying-key,decaps,1620059
2518,bike,varying-key,decaps,1346014
2519,bike,varying-key,decaps,1274972
2520,bike,varying-key,decaps,1190168
2521,bike,varying-key,decaps,1189517
2522,bike,varying-key,decaps,1271832
2523,bike,varying-key,decaps,1087843
2524,bike,varying-key,decaps,1561213
2525,bike,varying-key,decaps,1954474
2526,bike,varying-key,decaps,1316177
2527,bike,varying-key,decaps,1214333
2528,bike,varying-key,decaps,1191981
2529,bike,varying-key,decaps,1192120
2530,bike,varying-key,decaps,1173098
2531,bike,varying-key,decaps,1235235
2532,bike,varying-key,decaps,1271538
2533,bike,varying-key,decaps,1140478
2534,bike,varying-key,decaps,1863078
2535,bike,varying-key,decaps,1793338
2536,bike,varying-key,decaps,1300048
2537,bike,varying-key,decaps,1755768
2538,bike,varying-key,decaps,1513848
2539,bike,varying-key,decaps,1189679
2540,bike,varying-key,decaps,1322731
2541,bike,varying-key,decaps,1420809
2542,bike,varying-key,decaps,1204148
2543,bike,varying-key,decaps,1714749
2544,bike,varying-key,decaps,1797569
2545,bike,varying-key,decaps,1274675
2546,bike,varying-key,decaps,1297337
2547,bike,varying-key,decaps,1189629
2548,bike,varying-key,decaps,1216680
2549,bike,varying-key,decaps,1244060
2550,bike,varying-key,decaps,1189376
2551,bike,varying-key,decaps,1257978
2552,bike,varying-key,decaps,1185434
2553,bike,varying-key,decaps,1858469
2554,bike,varying-key,decaps,1536430
2555,bike,varying-key,decaps,1463554
2556,bike,varying-key,decaps,1343831
2557,bike,varying-key,decaps,1191962
2558,bike,varying-key,decaps,1247227
2559,bike,varying-key,decaps,1190301
2560,bike,varying-key,decaps,1258450
2561,bike,varying-key,decaps,1252588
2562,bike,varying-key,decaps,1428047
2563,bike,varying-key,decaps,1989107
2564,bike,varying-key,decaps,1352065
2565,bike,varying-key,decaps,1423422
2566,bike,varying-key,decaps,1201063
2567,bike,varying-key,decaps,1241391
2568,bike,varying-key,decaps,1188789
2569,bike,varying-key,decaps,1221477
2570,bike,varying-key,decaps,1351209
2571,bike,varying-key,decaps,1168574
2572,bike,varying-key,decaps,1720965
2573,bike,varying-key,decaps,1607663
2574,bike,varying-key,decaps,1275656
2575,bike,varying-key,decaps,1240427
2576,bike,varying-key,decaps,1190330
2577,bike,varying-key,decaps,1294784
2578,bike,varying-key,decaps,1192820
2579,bike,varying-key,decaps,1135015
2580,bike,varying-key,decaps,1172621
2581,bike,varying-key,decaps,1118519
2582,bike,varying-key,decaps,1683019
2583,bike,varying-key,decaps,1704977
2584,bike,varying-key,decaps,1473675
2585,bike,varying-key,decaps,1200104
2586,bike,varying-key,decaps,1203056
2587,bike,varying-key,decaps,1191792
2588,bike,varying-key,decaps,1152102
2589,bike,varying-key,decaps,1208778
2590,bike,varying-key,decaps,1387669
2591,bike,varying-key,decaps,1165487
2592,bike,varying-key,decaps,1725897
2593,bike,varying-key,decaps,1659220
2594,bike,varying-key,decaps,1211674
2595,bike,varying-key,decaps,1265412
2596,bike,varying-key,decaps,1241436
2597,bike,varying-key,decaps,1189379
2598,bike,varying-key,decaps,1166120
2599,bike,varying-key,decaps,1389161
2600,bike,varying-key,decaps,1276879
2601,bike,varying-key,decaps,1204993
2602,bike,varying-key,decaps,1710039
2603,bike,varying-key,decaps,1402318
2604,bike,varying-key,decaps,1220237
2605,bike,varying-key,decaps,1267140
2606,bike,varying-key,decaps,1188702
2607,bike,varying-key,decaps,1144830
2608,bike,varying-key,decaps,1523986
2609,bike,varying-key,decaps,1190028
2610,bike,varying-key,decaps,1301535
2611,bike,varying-key,decaps,1390911
2612,bike,varying-key,decaps,1602946
2613,bike,varying-key,decaps,1333819
2614,bike,varying-key,decaps,1204332
2615,bike,varying-key,decaps,1262678
2616,bike,varying-key,decaps,1188828
2617,bike,varying-key,decaps,1248206
2618,bike,varying-key,decaps,1236739
2619,bike,varying-key,decaps,1158142
2620,bike,varying-key,decaps,1271579
2621,bike,varying-key,decaps,1385572
2622,bike,varying-key,decaps,1583310
2623,bike,varying-key,decaps,1350246
2624,bike,varying-key,decaps,1420423
2625,bike,varying-key,decaps,1220696
2626,bike,varying-key,decaps,1199971
2627,bike,varying-key,decaps,1417110
2628,bike,varying-key,decaps,1248285
2629,bike,varying-key,decaps,1289492
2630,bike,varying-key,decaps,1201457
2631,bike,varying-key,decaps,1261687
2632,bike,varying-key,decaps,1324044
2633,bike,varying-key,decaps,1312059
2634,bike,varying-key,decaps,1431450
2635,bike,varying-key,decaps,1485250
2636,bike,varying-key,decaps,1566786
2637,bike,varying-key,decaps,1529644
2638,bike,varying-key,decaps,1940130
2639,bike,varying-key,decaps,1695062
2640,bike,varying-key,decaps,1351779
2641,bike,varying-key,decaps,1252948
2642,bike,varying-key,decaps,1443869
2643,bike,varying-key,decaps,1388098
2644,bike,varying-key,decaps,1189960
2645,bike,varying-key,decaps,1244073
2646,bike,varying-key,decaps,1208343
2647,bike,varying-key,decaps,1313452
2648,bike,varying-key,decaps,1293022
2649,bike,varying-key,decaps,1182207
2650,bike,varying-key,decaps,1840227
2651,bike,varying-key,decaps,2337028
2652,bike,varying-key,decaps,1235010
2653,bike,varying-key,decaps,1526005
2654,bike,varying-key,decaps,1267037
2655,bike,varying-key,decaps,1189191
2656,bike,varying-key,decaps,1277813
2657,bike,varying-key,decaps,1501289
2658,bike,varying-key,decaps,1270904
2659,bike,varying-key,decaps,1615961
2660,bike,varying-key,decaps,1872246
2661,bike,varying-key,decaps,1269481
2662,bike,varying-key,decaps,1234866
2663,bike,varying-key,decaps,1190154
2664,bike,varying-key,decaps,1190856
2665,bike,varying-key,decaps,1327587
2666,bike,varying-key,decaps,1268250
2667,bike,varying-key,decaps,1269531
2668,bike,varying-key,decaps,1195704
2669,bike,varying-key,decaps,1789198
2670,bike,varying-key,decaps,2026496
2671,bike,varying-key,decaps,1710768
2672,bike,varying-key,decaps,1272971
2673,bike,varying-key,decaps,1248529
2674,bike,varying-key,decaps,1285315
2675,bike,varying-key,decaps,1190943
2676,bike,varying-key,decaps,1299237
2677,bike,varying-key,decaps,1376554
2678,bike,varying-key,decaps,1710411
2679,bike,varying-key,decaps,1513184
2680,bike,varying-key,decaps,1295837
2681,bike,varying-key,decaps,1278407
2682,bike,varying-key,decaps,1189155
2683,bike,varying-key,decaps,1192501
2684,bike,varying-key,decaps,1343268
2685,bike,varying-key,decaps,1301827
2686,bike,varying-key,decaps,1190137
2687,bike,varying-key,decaps,1730776
2688,bike,varying-key,decaps,1784989
2689,bike,varying-key,decaps,1272049
2690,bike,varying-key,decaps,1209144
2691,bike,varying-key,decaps,1191246
2692,bike,varying-key,decaps,1276178
2693,bike,varying-key,decaps,1193093
2694,bike,varying-key,decaps,1292484
2695,bike,varying-key,decaps,1210334
2696,bike,varying-key,decaps,1198507
2697,bike,varying-key,decaps,1739089
2698,bike,varying-key,decaps,1647659
2699,bike,varying-key,decaps,1277311
2700,bike,varying-key,decaps,1257341
2701,bike,varying-key,decaps,1248357
2702,bike,varying-key,decaps,1188977
2703,bike,varying-key,decaps,1188155
2704,bike,varying-key,decaps,1253468
2705,bike,varying-key,decaps,1151792
2706,bike,varying-key,decaps,1188424
2707,bike,varying-key,decaps,1750748
2708,bike,varying-key,decaps,1606232
2709,bike,varying-key,decaps,1208543
2710,bike,varying-key,decaps,1287382
2711,bike,varying-key,decaps,1272386
2712,bike,varying-key,decaps,1224493
2713,bike,varying-key,decaps,1271336
2714,bike,varying-key,decaps,1236122
2715,bike,varying-key,decaps,1457214
2716,bike,varying-key,decaps,1891573
2717,bike,varying-key,decaps,1727496
2718,bike,varying-key,decaps,1217699
2719,bike,varying-key,decaps,1249575
2720,bike,varying-key,decaps,1245041
2721,bike,varying-key,decaps,1415543
2722,bike,varying-key,decaps,1486446
2723,bike,varying-key,decaps,1283311
2724,bike,varying-key,decaps,1364263
2725,bike,varying-key,decaps,1644966
2726,bike,varying-key,decaps,1900814
2727,bike,varying-key,decaps,1278599
2728,bike,varying-key,decaps,1349827
2729,bike,varying-key,decaps,1272322
2730,bike,varying-key,decaps,1188131
2731,bike,varying-key,decaps,1280030
2732,bike,varying-key,decaps,1235024
2733,bike,varying-key,decaps,1339683
2734,bike,varying-key,decaps,1192263
2735,bike,varying-key,decaps,1428187
2736,bike,varying-key,decaps,1611356
2737,bike,varying-key,decaps,1214353
2738,bike,varying-key,decaps,1274892
2739,bike,varying-key,decaps,1191450
2740,bike,varying-key,decaps,1189757
2741,bike,varying-key,decaps,1190981
2742,bike,varying-key,decaps,1166859
2743,bike,varying-key,decaps,1294916
2744,bike,varying-key,decaps,1116046
2745,bike,varying-key,decaps,1420721
2746,bike,varying-key,decaps,1693903
2747,bike,varying-key,decaps,1302137
2748,bike,varying-key,decaps,1289103
2749,bike,varying-key,decaps,1207852
2750,bike,varying-key,decaps,1844459
2751,bike,varying-key,decaps,1192573
2752,bike,varying-key,decaps,1112800
2753,bike,varying-key,decaps,1182453
2754,bike,varying-key,decaps,1136237
2755,bike,varying-key,decaps,1664790
2756,bike,varying-key,decaps,1586770
2757,bike,varying-key,decaps,1281481
2758,bike,varying-key,decaps,1192482
2759,bike,varying-key,decaps,1309307
2760,bike,varying-key,decaps,1700404
2761,bike,varying-key,decaps,1230241
2762,bike,varying-key,decaps,1214894
2763,bike,varying-key,decaps,1190805
2764,bike,varying-key,decaps,1248148
2765,bike,varying-key,decaps,1419826
2766,bike,varying-key,decaps,1490138
2767,bike,varying-key,decaps,1279343
2768,bike,varying-key,decaps,1279284
2769,bike,varying-key,decaps,1286209
2770,bike,varying-key,decaps,1229548
2771,bike,varying-key,decaps,1244940
2772,bike,varying-key,decaps,1476217
2773,bike,varying-key,decaps,1250894
2774,bike,varying-key,decaps,1529524
2775,bike,varying-key,decaps,1756849
2776,bike,varying-key,decaps,1234578
2777,bike,varying-key,decaps,1203822
2778,bike,varying-key,decaps,1272855
2779,bike,varying-key,decaps,1194805
2780,bike,varying-key,decaps,1246361
2781,bike,varying-key,decaps,1232323
2782,bike,varying-key,decaps,1277446
2783,bike,varying-key,decaps,1244901
2784,bike,varying-key,decaps,1542295
2785,bike,varying-key,decaps,1733537
2786,bike,varying-key,decaps,1300095
2787,bike,varying-key,decaps,1261752
2788,bike,varying-key,decaps,1191230
2789,bike,varying-key,decaps,1189588
2790,bike,varying-key,decaps,1243788
2791,bike,varying-key,decaps,1190014
2792,bike,varying-key,decaps,1400229
2793,bike,varying-key,decaps,1186261
2794,bike,varying-key,decaps,1592152
2795,bike,varying-key,decaps,1825247
2796,bike,varying-key,decaps,1204145
2797,bike,varying-key,decaps,1301830
2798,bike,varying-key,decaps,1195698
2799,bike,varying-key,decaps,1246035
2800,bike,varying-key,decaps,1189915
2801,bike,varying-key,decaps,1189643
2802,bike,varying-key,decaps,1257120
2803,bike,varying-key,decaps,1167949
2804,bike,varying-key,decaps,1972061
2805,bike,varying-key,decaps,1438075
2806,bike,varying-key,decaps,1276484
2807,bike,varying-key,decaps,1210936
2808,bike,varying-key,decaps,1247681
2809,bike,varying-key,decaps,1234253
2810,bike,varying-key,decaps,1189734
2811,bike,varying-key,decaps,1261147
2812,bike,varying-key,decaps,1225597
2813,bike,varying-key,decaps,1180365
2814,bike,varying-key,decaps,1868243
2815,bike,varying-key,decaps,1549626
2816,bike,varying-key,decaps,1250383
2817,bike,varying-key,decaps,1208578
2818,bike,varying-key,decaps,1278809
2819,bike,varying-key,decaps,1188660
2820,bike,varying-key,decaps,1311628
2821,bike,varying-key,decaps,1576026
2822,bike,varying-key,decaps,1179594
2823,bike,varying-key,decaps,1389525
2824,bike,varying-key,decaps,1826475
2825,bike,varying-key,decaps,1375814
2826,bike,varying-key,decaps,1197965
2827,bike,varying-key,decaps,1325016
2828,bike,varying-key,decaps,1224334
2829,bike,varying-key,decaps,1189512
2830,bike,varying-key,decaps,1401394
2831,bike,varying-key,decaps,1446690
2832,bike,varying-key,decaps,1137254
2833,bike,varying-key,decaps,1866301
2834,bike,varying-key,decaps,1423103
2835,bike,varying-key,decaps,1206172
2836,bike,varying-key,decaps,1283897
2837,bike,varying-key,decaps,1192048
2838,bike,varying-key,decaps,1189393
2839,bike,varying-key,decaps,1226782
2840,bike,varying-key,decaps,1224948
2841,bike,varying-key,decaps,1289469
2842,bike,varying-key,decaps,1145624
2843,bike,varying-key,decaps,2017018
2844,bike,varying-key,decaps,1399429
2845,bike,varying-key,decaps,1534172
2846,bike,varying-key,decaps,1189408
2847,bike,varying-key,decaps,1187921
2848,bike,varying-key,decaps,1246593
2849,bike,varying-key,decaps,1189593
2850,bike,varying-key,decaps,1255364
2851,bike,varying-key,decaps,1222222
2852,bike,varying-key,decaps,1470809
2853,bike,varying-key,decaps,1759785
2854,bike,varying-key,decaps,1683309
2855,bike,varying-key,decaps,1215177
2856,bike,varying-key,decaps,1190558
2857,bike,varying-key,decaps,1243113
2858,bike,varying-key,decaps,1189000
2859,bike,varying-key,decaps,1200188
2860,bike,varying-key,decaps,1206287
2861,bike,varying-key,decaps,1136184
2862,bike,varying-key,decaps,1710253
2863,bike,varying-key,decaps,1626042
2864,bike,varying-key,decaps,1324030
2865,bike,varying-key,decaps,1214736
2866,bike,varying-key,decaps,1190761
2867,bike,varying-key,decaps,1189686
2868,bike,varying-key,decaps,1189385
2869,bike,varying-key,decaps,1247304
2870,bike,varying-key,decaps,1224584
2871,bike,varying-key,decaps,1429503
2872,bike,varying-key,decaps,2058289
2873,bike,varying-key,decaps,1681443
2874,bike,varying-key,decaps,1746499
2875,bike,varying-key,decaps,1335837
2876,bike,varying-key,decaps,1249919
2877,bike,varying-key,decaps,1229511
2878,bike,varying-key,decaps,1527424
2879,bike,varying-key,decaps,1243306
2880,bike,varying-key,decaps,1294735
2881,bike,varying-key,decaps,1553368
2882,bike,varying-key,decaps,1433930
2883,bike,varying-key,decaps,1234388
2884,bike,varying-key,decaps,1305837
2885,bike,varying-key,decaps,1249317
2886,bike,varying-key,decaps,1217894
2887,bike,varying-key,decaps,1306920
2888,bike,varying-key,decaps,1339376
2889,bike,varying-key,decaps,1248985
2890,bike,varying-key,decaps,1449662
2891,bike,varying-key,decaps,1656725
2892,bike,varying-key,decaps,1245335
2893,bike,varying-key,decaps,1217887
2894,bike,varying-key,decaps,1327815
2895,bike,varying-key,decaps,1191808
2896,bike,varying-key,decaps,1379457
2897,bike,varying-key,decaps,1191804
2898,bike,varying-key,decaps,1239515
2899,bike,varying-key,decaps,1240532
2900,bike,varying-key,decaps,1533541
2901,bike,varying-key,decaps,1846212
2902,bike,varying-key,decaps,1268139
2903,bike,varying-key,decaps,1345415
2904,bike,varying-key,decaps,1248850
2905,bike,varying-key,decaps,1277682
2906,bike,varying-key,decaps,1189776
2907,bike,varying-key,decaps,1190871
2908,bike,varying-key,decaps,1240637
2909,bike,varying-key,decaps,1208542
2910,bike,varying-key,decaps,1579996
2911,bike,varying-key,decaps,1557961
2912,bike,varying-key,decaps,1261241
2913,bike,varying-key,decaps,1210230
2914,bike,varying-key,decaps,1188474
2915,bike,varying-key,decaps,1238209
2916,bike,varying-key,decaps,1192537
2917,bike,varying-key,decaps,1189217
2918,bike,varying-key,decaps,1321791
2919,bike,varying-key,decaps,1137683
2920,bike,varying-key,decaps,1762190
2921,bike,varying-key,decaps,1665454
2922,bike,varying-key,decaps,1258161
2923,bike,varying-key,decaps,1228531
2924,bike,varying-key,decaps,1189331
2925,bike,varying-key,decaps,1189961
2926,bike,varying-key,decaps,1241062
2927,bike,varying-key,decaps,1264265
2928,bike,varying-key,decaps,1159081
2929,bike,varying-key,decaps,1138560
2930,bike,varying-key,decaps,1142771
2931,bike,varying-key,decaps,1728756
2932,bike,varying-key,decaps,1479536
2933,bike,varying-key,decaps,1350445
2934,bike,varying-key,decaps,1245810
2935,bike,varying-key,decaps,1193252
2936,bike,varying-key,decaps,1189198
2937,bike,varying-key,decaps,1329719
2938,bike,varying-key,decaps,1533458
2939,bike,varying-key,decaps,1424505
2940,bike,varying-key,decaps,1700549
2941,bike,varying-key,decaps,1235368
2942,bike,varying-key,decaps,1196627
2943,bike,varying-key,decaps,1283764
2944,bike,varying-key,decaps,1189776
2945,bike,varying-key,decaps,1189657
2946,bike,varying-key,decaps,1259117
2947,bike,varying-key,decaps,1494198
2948,bike,varying-key,decaps,1247516
2949,bike,varying-key,decaps,1331348
2950,bike,varying-key,decaps,2241750
2951,bike,varying-key,decaps,1491368
2952,bike,varying-key,decaps,1299933
2953,bike,varying-key,decaps,1191934
2954,bike,varying-key,decaps,1189704
2955,bike,varying-key,decaps,1281551
2956,bike,varying-key,decaps,1261321
2957,bike,varying-key,decaps,1236639
2958,bike,varying-key,decaps,1125694
2959,bike,varying-key,decaps,1897532
2960,bike,varying-key,decaps,1604834
2961,bike,varying-key,decaps,1647914
2962,bike,varying-key,decaps,1192216
2963,bike,varying-key,decaps,1190031
2964,bike,varying-key,decaps,1245407
2965,bike,varying-key,decaps,1194639
2966,bike,varying-key,decaps,1186244
2967,bike,varying-key,decaps,1136520
2968,bike,varying-key,decaps,1378722
2969,bike,varying-key,decaps,2112501
2970,bike,varying-key,decaps,1312949
2971,bike,varying-key,decaps,1360281
2972,bike,varying-key,decaps,1191023
2973,bike,varying-key,decaps,1257528
2974,bike,varying-key,decaps,1189172
2975,bike,varying-key,decaps,1135380
2976,bike,varying-key,decaps,1502581
2977,bike,varying-key,decaps,1138073
2978,bike,varying-key,decaps,1492838
2979,bike,varying-key,decaps,2016296
2980,bike,varying-key,decaps,1543714
2981,bike,varying-key,decaps,1205006
2982,bike,varying-key,decaps,1390256
2983,bike,varying-key,decaps,1492472
2984,bike,varying-key,decaps,1189768
2985,bike,varying-key,decaps,1267105
2986,bike,varying-key,decaps,1204075
2987,bike,varying-key,decaps,1530441
2988,bike,varying-key,decaps,1799954
2989,bike,varying-key,decaps,1547647
2990,bike,varying-key,decaps,1209252
2991,bike,varying-key,decaps,1247655
2992,bike,varying-key,decaps,1164336
2993,bike,varying-key,decaps,1134527
2994,bike,varying-key,decaps,1283026
2995,bike,varying-key,decaps,1275609
2996,bike,varying-key,decaps,1161979
2997,bike,varying-key,decaps,1696054
2998,bike,varying-key,decaps,1798959
2999,bike,varying-key,decaps,1489659
3000,bike,varying-key,decaps,1249214
