iteration,mode,input,op,elapsed_ns
1,bike,varying-ct,decaps,1722322
2,bike,varying-ct,decaps,1872219
3,bike,varying-ct,decaps,1920103
4,bike,varying-ct,decaps,1773677
5,bike,varying-ct,decaps,1670460
6,bike,varying-ct,decaps,1685581
7,bike,varying-ct,decaps,1823915
8,bike,varying-ct,decaps,1883208
9,bike,varying-ct,decaps,1665148
10,bike,varying-ct,decaps,1729525
11,bike,varying-ct,decaps,1643702
12,bike,varying-ct,decaps,1593254
13,bike,varying-ct,decaps,1641016
14,bike,varying-ct,decaps,1924230
15,bike,varying-ct,decaps,1928054
16,bike,varying-ct,decaps,1577495
17,bike,varying-ct,decaps,1670489
18,bike,varying-ct,decaps,1563617
19,bike,varying-ct,decaps,1563950
20,bike,varying-ct,decaps,1553623
21,bike,varying-ct,decaps,1397479
22,bike,varying-ct,decaps,1419650
23,bike,varying-ct,decaps,2229669
24,bike,varying-ct,decaps,2884776
25,bike,varying-ct,decaps,1895511
26,bike,varying-ct,decaps,1815618
27,bike,varying-ct,decaps,1730611
28,bike,varying-ct,decaps,1849262
29,bike,varying-ct,decaps,2048575
30,bike,varying-ct,decaps,1471112
31,bike,varying-ct,decaps,1807297
32,bike,varying-ct,decaps,1947928
33,bike,varying-ct,decaps,1721889
34,bike,varying-ct,decaps,1753533
35,bike,varying-ct,decaps,2349589
36,bike,varying-ct,decaps,2300291
37,bike,varying-ct,decaps,2822718
38,bike,varying-ct,decaps,2576846
39,bike,varying-ct,decaps,3103231
40,bike,varying-ct,decaps,2875903
41,bike,varying-ct,decaps,3018401
42,bike,varying-ct,decaps,3187600
43,bike,varying-ct,decaps,2570899
44,bike,varying-ct,decaps,2074817
45,bike,varying-ct,decaps,1765194
46,bike,varying-ct,decaps,1587612
47,bike,varying-ct,decaps,1663091
48,bike,varying-ct,decaps,1796803
49,bike,varying-ct,decaps,1828609
50,bike,varying-ct,decaps,1657538
51,bike,varying-ct,decaps,1627827
52,bike,varying-ct,decaps,2290604
53,bike,varying-ct,decaps,1777866
54,bike,varying-ct,decaps,1595918
55,bike,varying-ct,decaps,1415465
56,bike,varying-ct,decaps,1454994
57,bike,varying-ct,decaps,1545346
58,bike,varying-ct,decaps,1651572
59,bike,varying-ct,decaps,1662837
60,bike,varying-ct,decaps,1640187
61,bike,varying-ct,decaps,1720278
62,bike,varying-ct,decaps,1978366
63,bike,varying-ct,decaps,1859437
64,bike,varying-ct,decaps,1710872
65,bike,varying-ct,decaps,1318171
66,bike,varying-ct,decaps,1577585
67,bike,varying-ct,decaps,1716328
68,bike,varying-ct,decaps,1800862
69,bike,varying-ct,decaps,1541204
70,bike,varying-ct,decaps,1498918
71,bike,varying-ct,decaps,1965318
72,bike,varying-ct,decaps,1633782
73,bike,varying-ct,decaps,1436657
74,bike,varying-ct,decaps,1326419
75,bike,varying-ct,decaps,1484842
76,bike,varying-ct,decaps,1715232
77,bike,varying-ct,decaps,1545377
78,bike,varying-ct,decaps,1328806
79,bike,varying-ct,decaps,1316457
80,bike,varying-ct,decaps,1381360
81,bike,varying-ct,decaps,1868911
82,bike,varying-ct,decaps,1603228
83,bike,varying-ct,decaps,1354887
84,bike,varying-ct,decaps,1448114
85,bike,varying-ct,decaps,1329355
86,bike,varying-ct,decaps,1415797
87,bike,varying-ct,decaps,1717097
88,bike,varying-ct,decaps,1497558
89,bike,varying-ct,decaps,1578920
90,bike,varying-ct,decaps,1529445
91,bike,varying-ct,decaps,2108193
92,bike,varying-ct,decaps,1665077
93,bike,varying-ct,decaps,1486137
94,bike,varying-ct,decaps,1490388
95,bike,varying-ct,decaps,1471340
96,bike,varying-ct,decaps,1558171
97,bike,varying-ct,decaps,1630449
98,bike,varying-ct,decaps,1498766
99,bike,varying-ct,decaps,1514058
100,bike,varying-ct,decaps,1568540
101,bike,varying-ct,decaps,2043717
102,bike,varying-ct,decaps,1716995
103,bike,varying-ct,decaps,1543453
104,bike,varying-ct,decaps,1652410
105,bike,varying-ct,decaps,1578145
106,bike,varying-ct,decaps,1705100
107,bike,varying-ct,decaps,1574429
108,bike,varying-ct,decaps,1519684
109,bike,varying-ct,decaps,1523594
110,bike,varying-ct,decaps,2024511
111,bike,varying-ct,decaps,1500735
112,bike,varying-ct,decaps,1471512
113,bike,varying-ct,decaps,1493594
114,bike,varying-ct,decaps,1514387
115,bike,varying-ct,decaps,1630045
116,bike,varying-ct,decaps,1595817
117,bike,varying-ct,decaps,1509007
118,bike,varying-ct,decaps,1512625
119,bike,varying-ct,decaps,1234396
120,bike,varying-ct,decaps,1617041
121,bike,varying-ct,decaps,1498440
122,bike,varying-ct,decaps,1190686
123,bike,varying-ct,decaps,1262425
124,bike,varying-ct,decaps,1239462
125,bike,varying-ct,decaps,1271216
126,bike,varying-ct,decaps,1297354
127,bike,varying-ct,decaps,1570416
128,bike,varying-ct,decaps,1122947
129,bike,varying-ct,decaps,1514538
130,bike,varying-ct,decaps,1151223
131,bike,varying-ct,decaps,1128331
132,bike,varying-ct,decaps,1397443
133,bike,varying-ct,decaps,1328142
134,bike,varying-ct,decaps,1089901
135,bike,varying-ct,decaps,1235072
136,bike,varying-ct,decaps,1503790
137,bike,varying-ct,decaps,1099697
138,bike,varying-ct,decaps,1313489
139,bike,varying-ct,decaps,1795774
140,bike,varying-ct,decaps,1535131
141,bike,varying-ct,decaps,1537087
142,bike,varying-ct,decaps,1095910
143,bike,varying-ct,decaps,1189223
144,bike,varying-ct,decaps,1211283
145,bike,varying-ct,decaps,1772288
146,bike,varying-ct,decaps,1143739
147,bike,varying-ct,decaps,1086230
148,bike,varying-ct,decaps,1093257
149,bike,varying-ct,decaps,1418371
150,bike,varying-ct,decaps,1569791
151,bike,varying-ct,decaps,1529992
152,bike,varying-ct,decaps,1106464
153,bike,varying-ct,decaps,1392445
154,bike,varying-ct,decaps,1329541
155,bike,varying-ct,decaps,1182605
156,bike,varying-ct,decaps,1646842
157,bike,varying-ct,decaps,1397096
158,bike,varying-ct,decaps,1137188
159,bike,varying-ct,decaps,1125060
160,bike,varying-ct,decaps,1157961
161,bike,varying-ct,decaps,1168728
162,bike,varying-ct,decaps,1528167
163,bike,varying-ct,decaps,1334025
164,bike,varying-ct,decaps,1232523
165,bike,varying-ct,decaps,1286040
166,bike,varying-ct,decaps,1137725
167,bike,varying-ct,decaps,1108619
168,bike,varying-ct,decaps,1702461
169,bike,varying-ct,decaps,1086563
170,bike,varying-ct,decaps,1168090
171,bike,varying-ct,decaps,1182620
172,bike,varying-ct,decaps,1357469
173,bike,varying-ct,decaps,1086040
174,bike,varying-ct,decaps,1274650
175,bike,varying-ct,decaps,1784360
176,bike,varying-ct,decaps,1255231
177,bike,varying-ct,decaps,1297213
178,bike,varying-ct,decaps,1176515
179,bike,varying-ct,decaps,1098172
180,bike,varying-ct,decaps,1711208
181,bike,varying-ct,decaps,1110526
182,bike,varying-ct,decaps,1101867
183,bike,varying-ct,decaps,1412127
184,bike,varying-ct,decaps,1085542
185,bike,varying-ct,decaps,1085295
186,bike,varying-ct,decaps,1218251
187,bike,varying-ct,decaps,1615885
188,bike,varying-ct,decaps,1218436
189,bike,varying-ct,decaps,1301085
190,bike,varying-ct,decaps,1090886
191,bike,varying-ct,decaps,1384815
192,bike,varying-ct,decaps,1616257
193,bike,varying-ct,decaps,1404790
194,bike,varying-ct,decaps,1090279
195,bike,varying-ct,decaps,1327396
196,bike,varying-ct,decaps,1376630
197,bike,varying-ct,decaps,1186765
198,bike,varying-ct,decaps,1806527
199,bike,varying-ct,decaps,1915853
200,bike,varying-ct,decaps,1613121
201,bike,varying-ct,decaps,1329272
202,bike,varying-ct,decaps,1242009
203,bike,varying-ct,decaps,1642229
204,bike,varying-ct,decaps,1133059
205,bike,varying-ct,decaps,1467677
206,bike,varying-ct,decaps,1416906
207,bike,varying-ct,decaps,1110746
208,bike,varying-ct,decaps,1250956
209,bike,varying-ct,decaps,2276573
210,bike,varying-ct,decaps,2069452
211,bike,varying-ct,decaps,1823866
212,bike,varying-ct,decaps,1824317
213,bike,varying-ct,decaps,1953580
214,bike,varying-ct,decaps,1291824
215,bike,varying-ct,decaps,1087937
216,bike,varying-ct,decaps,1086499
217,bike,varying-ct,decaps,1327102
218,bike,varying-ct,decaps,1599524
219,bike,varying-ct,decaps,2242435
220,bike,varying-ct,decaps,1578443
221,bike,varying-ct,decaps,1136992
222,bike,varying-ct,decaps,1191653
223,bike,varying-ct,decaps,1561343
224,bike,varying-ct,decaps,1360875
225,bike,varying-ct,decaps,1247146
226,bike,varying-ct,decaps,1128004
227,bike,varying-ct,decaps,1127494
228,bike,varying-ct,decaps,1151570
229,bike,varying-ct,decaps,1242508
230,bike,varying-ct,decaps,2182510
231,bike,varying-ct,decaps,1744117
232,bike,varying-ct,decaps,1320332
233,bike,varying-ct,decaps,1170781
234,bike,varying-ct,decaps,1127608
235,bike,varying-ct,decaps,1599379
236,bike,varying-ct,decaps,1191352
237,bike,varying-ct,decaps,1270000
238,bike,varying-ct,decaps,1261788
239,bike,varying-ct,decaps,1253301
240,bike,varying-ct,decaps,1191495
241,bike,varying-ct,decaps,1970793
242,bike,varying-ct,decaps,2180790
243,bike,varying-ct,decaps,1645456
244,bike,varying-ct,decaps,1125843
245,bike,varying-ct,decaps,1232639
246,bike,varying-ct,decaps,1620951
247,bike,varying-ct,decaps,1125704
248,bike,varying-ct,decaps,1159841
249,bike,varying-ct,decaps,1152558
250,bike,varying-ct,decaps,1403414
251,bike,varying-ct,decaps,1270177
252,bike,varying-ct,decaps,2255215
253,bike,varying-ct,decaps,1876955
254,bike,varying-ct,decaps,1087263
255,bike,varying-ct,decaps,1087557
256,bike,varying-ct,decaps,1194357
257,bike,varying-ct,decaps,1680876
258,bike,varying-ct,decaps,1086063
259,bike,varying-ct,decaps,1085721
260,bike,varying-ct,decaps,1148103
261,bike,varying-ct,decaps,1144650
262,bike,varying-ct,decaps,1085640
263,bike,varying-ct,decaps,1601242
264,bike,varying-ct,decaps,2105675
265,bike,varying-ct,decaps,1707012
266,bike,varying-ct,decaps,1096560
267,bike,varying-ct,decaps,1179575
268,bike,varying-ct,decaps,1466795
269,bike,varying-ct,decaps,1299696
270,bike,varying-ct,decaps,1194671
271,bike,varying-ct,decaps,1406253
272,bike,varying-ct,decaps,1341151
273,bike,varying-ct,decaps,1148030
274,bike,varying-ct,decaps,1474815
275,bike,varying-ct,decaps,2353439
276,bike,varying-ct,decaps,1990667
277,bike,varying-ct,decaps,1270770
278,bike,varying-ct,decaps,1306799
279,bike,varying-ct,decaps,1613025
280,bike,varying-ct,decaps,1148667
281,bike,varying-ct,decaps,1301483
282,bike,varying-ct,decaps,1314073
283,bike,varying-ct,decaps,1136979
284,bike,varying-ct,decaps,1155460
285,bike,varying-ct,decaps,2065897
286,bike,varying-ct,decaps,2066908
287,bike,varying-ct,decaps,1467847
288,bike,varying-ct,decaps,1238856
289,bike,varying-ct,decaps,1489609
290,bike,varying-ct,decaps,1428514
291,bike,varying-ct,decaps,2288657
292,bike,varying-ct,decaps,1881878
293,bike,varying-ct,decaps,1703019
294,bike,varying-ct,decaps,2000879
295,bike,varying-ct,decaps,1817955
296,bike,varying-ct,decaps,1246373
297,bike,varying-ct,decaps,1284093
298,bike,varying-ct,decaps,1163379
299,bike,varying-ct,decaps,1668952
300,bike,varying-ct,decaps,1248772
301,bike,varying-ct,decaps,1294073
302,bike,varying-ct,decaps,1332152
303,bike,varying-ct,decaps,1298410
304,bike,varying-ct,decaps,1248511
305,bike,varying-ct,decaps,2088656
306,bike,varying-ct,decaps,1989276
307,bike,varying-ct,decaps,1796648
308,bike,varying-ct,decaps,1911521
309,bike,varying-ct,decaps,2513156
310,bike,varying-ct,decaps,1386403
311,bike,varying-ct,decaps,1188161
312,bike,varying-ct,decaps,1086081
313,bike,varying-ct,decaps,1352085
314,bike,varying-ct,decaps,1624028
315,bike,varying-ct,decaps,2018005
316,bike,varying-ct,decaps,1870595
317,bike,varying-ct,decaps,2054527
318,bike,varying-ct,decaps,2299526
319,bike,varying-ct,decaps,1961895
320,bike,varying-ct,decaps,1180330
321,bike,varying-ct,decaps,1105147
322,bike,varying-ct,decaps,1087280
323,bike,varying-ct,decaps,1897869
324,bike,varying-ct,decaps,2187110
325,bike,varying-ct,decaps,1943263
326,bike,varying-ct,decaps,2340423
327,bike,varying-ct,decaps,2455497
328,bike,varying-ct,decaps,2296431
329,bike,varying-ct,decaps,2048300
330,bike,varying-ct,decaps,1699677
331,bike,varying-ct,decaps,2374364
332,bike,varying-ct,decaps,1954776
333,bike,varying-ct,decaps,2513070
334,bike,varying-ct,decaps,1887901
335,bike,varying-ct,decaps,1356504
336,bike,varying-ct,decaps,1085952
337,bike,varying-ct,decaps,1085061
338,bike,varying-ct,decaps,1145969
339,bike,varying-ct,decaps,1182436
340,bike,varying-ct,decaps,1853648
341,bike,varying-ct,decaps,2051449
342,bike,varying-ct,decaps,1695432
343,bike,varying-ct,decaps,2135072
344,bike,varying-ct,decaps,2723257
345,bike,varying-ct,decaps,1450787
346,bike,varying-ct,decaps,1133701
347,bike,varying-ct,decaps,1563645
348,bike,varying-ct,decaps,1299138
349,bike,varying-ct,decaps,2273580
350,bike,varying-ct,decaps,1797172
351,bike,varying-ct,decaps,1928285
352,bike,varying-ct,decaps,2066757
353,bike,varying-ct,decaps,2360334
354,bike,varying-ct,decaps,1836166
355,bike,varying-ct,decaps,1418391
356,bike,varying-ct,decaps,1179043
357,bike,varying-ct,decaps,2067888
358,bike,varying-ct,decaps,1872101
359,bike,varying-ct,decaps,1998955
360,bike,varying-ct,decaps,2060495
361,bike,varying-ct,decaps,2537123
362,bike,varying-ct,decaps,1441674
363,bike,varying-ct,decaps,1245076
364,bike,varying-ct,decaps,1090561
365,bike,varying-ct,decaps,1245222
366,bike,varying-ct,decaps,1828449
367,bike,varying-ct,decaps,2115993
368,bike,varying-ct,decaps,2196439
369,bike,varying-ct,decaps,2343535
370,bike,varying-ct,decaps,1833170
371,bike,varying-ct,decaps,1494566
372,bike,varying-ct,decaps,1285796
373,bike,varying-ct,decaps,1111869
374,bike,varying-ct,decaps,1084746
375,bike,varying-ct,decaps,1414963
376,bike,varying-ct,decaps,2369212
377,bike,varying-ct,decaps,1918421
378,bike,varying-ct,decaps,2099168
379,bike,varying-ct,decaps,1705167
380,bike,varying-ct,decaps,1204496
381,bike,varying-ct,decaps,1226630
382,bike,varying-ct,decaps,1390526
383,bike,varying-ct,decaps,1706410
384,bike,varying-ct,decaps,1775834
385,bike,varying-ct,decaps,2122412
386,bike,varying-ct,decaps,1904486
387,bike,varying-ct,decaps,2038536
388,bike,varying-ct,decaps,1785515
389,bike,varying-ct,decaps,1528120
390,bike,varying-ct,decaps,1269008
391,bike,varying-ct,decaps,1085522
392,bike,varying-ct,decaps,1085154
393,bike,varying-ct,decaps,1184036
394,bike,varying-ct,decaps,1307354
395,bike,varying-ct,decaps,2568485
396,bike,varying-ct,decaps,1758102
397,bike,varying-ct,decaps,2189321
398,bike,varying-ct,decaps,1803498
399,bike,varying-ct,decaps,1312655
400,bike,varying-ct,decaps,1431995
401,bike,varying-ct,decaps,1134024
402,bike,varying-ct,decaps,1085033
403,bike,varying-ct,decaps,1086028
404,bike,varying-ct,decaps,1297441
405,bike,varying-ct,decaps,2341604
406,bike,varying-ct,decaps,1865266
407,bike,varying-ct,decaps,2131011
408,bike,varying-ct,decaps,2271165
409,bike,varying-ct,decaps,1542156
410,bike,varying-ct,decaps,1178252
411,bike,varying-ct,decaps,1145338
412,bike,varying-ct,decaps,1339089
413,bike,varying-ct,decaps,1154092
414,bike,varying-ct,decaps,1975212
415,bike,varying-ct,decaps,1795384
416,bike,varying-ct,decaps,2090867
417,bike,varying-ct,decaps,1792687
418,bike,varying-ct,decaps,1602243
419,bike,varying-ct,decaps,1644873
420,bike,varying-ct,decaps,1172087
421,bike,varying-ct,decaps,1194878
422,bike,varying-ct,decaps,1365385
423,bike,varying-ct,decaps,1146024
424,bike,varying-ct,decaps,2037149
425,bike,varying-ct,decaps,2005754
426,bike,varying-ct,decaps,2259528
427,bike,varying-ct,decaps,1877046
428,bike,varying-ct,decaps,1943861
429,bike,varying-ct,decaps,1090161
430,bike,varying-ct,decaps,1363129
431,bike,varying-ct,decaps,1444122
432,bike,varying-ct,decaps,1393233
433,bike,varying-ct,decaps,1303007
434,bike,varying-ct,decaps,1095999
435,bike,varying-ct,decaps,1121640
436,bike,varying-ct,decaps,1321750
437,bike,varying-ct,decaps,1416300
438,bike,varying-ct,decaps,1394788
439,bike,varying-ct,decaps,1413328
440,bike,varying-ct,decaps,1461083
441,bike,varying-ct,decaps,1726026
442,bike,varying-ct,decaps,2367888
443,bike,varying-ct,decaps,2135039
444,bike,varying-ct,decaps,2209203
445,bike,varying-ct,decaps,1872761
446,bike,varying-ct,decaps,1922959
447,bike,varying-ct,decaps,1955333
448,bike,varying-ct,decaps,2140284
449,bike,varying-ct,decaps,1342141
450,bike,varying-ct,decaps,1087516
451,bike,varying-ct,decaps,1145011
452,bike,varying-ct,decaps,1124478
453,bike,varying-ct,decaps,1125730
454,bike,varying-ct,decaps,1181961
455,bike,varying-ct,decaps,1205339
456,bike,varying-ct,decaps,1222200
457,bike,varying-ct,decaps,1159286
458,bike,varying-ct,decaps,1146725
459,bike,varying-ct,decaps,1387282
460,bike,varying-ct,decaps,2086797
461,bike,varying-ct,decaps,1993966
462,bike,varying-ct,decaps,2247670
463,bike,varying-ct,decaps,2054876
464,bike,varying-ct,decaps,1456768
465,bike,varying-ct,decaps,1160929
466,bike,varying-ct,decaps,1085337
467,bike,varying-ct,decaps,1110552
468,bike,varying-ct,decaps,1276607
469,bike,varying-ct,decaps,1801785
470,bike,varying-ct,decaps,2136828
471,bike,varying-ct,decaps,2140537
472,bike,varying-ct,decaps,2180948
473,bike,varying-ct,decaps,1457266
474,bike,varying-ct,decaps,1087422
475,bike,varying-ct,decaps,1085982
476,bike,varying-ct,decaps,1290840
477,bike,varying-ct,decaps,1212873
478,bike,varying-ct,decaps,1088710
479,bike,varying-ct,decaps,1600430
480,bike,varying-ct,decaps,2450979
481,bike,varying-ct,decaps,1760079
482,bike,varying-ct,decaps,2089688
483,bike,varying-ct,decaps,1822579
484,bike,varying-ct,decaps,1310425
485,bike,varying-ct,decaps,1294529
486,bike,varying-ct,decaps,1087785
487,bike,varying-ct,decaps,1266338
488,bike,varying-ct,decaps,1163012
489,bike,varying-ct,decaps,1500400
490,bike,varying-ct,decaps,2245962
491,bike,varying-ct,decaps,1928816
492,bike,varying-ct,decaps,2275212
493,bike,varying-ct,decaps,1401192
494,bike,varying-ct,decaps,1087088
495,bike,varying-ct,decaps,1211466
496,bike,varying-ct,decaps,1085901
497,bike,varying-ct,decaps,1142083
498,bike,varying-ct,decaps,1314893
499,bike,varying-ct,decaps,1477703
500,bike,varying-ct,decaps,2216216
501,bike,varying-ct,decaps,1691438
502,bike,varying-ct,decaps,2370283
503,bike,varying-ct,decaps,1626546
504,bike,varying-ct,decaps,1101815
505,bike,varying-ct,decaps,1314336
506,bike,varying-ct,decaps,1140393
507,bike,varying-ct,decaps,1278876
508,bike,varying-ct,decaps,1138942
509,bike,varying-ct,decaps,1297708
510,bike,varying-ct,decaps,2295389
511,bike,varying-ct,decaps,2002206
512,bike,varying-ct,decaps,2340415
513,bike,varying-ct,decaps,1752170
514,bike,varying-ct,decaps,1303783
515,bike,varying-ct,decaps,1268199
516,bike,varying-ct,decaps,1085768
517,bike,varying-ct,decaps,1145168
518,bike,varying-ct,decaps,1161814
519,bike,varying-ct,decaps,1541773
520,bike,varying-ct,decaps,2374083
521,bike,varying-ct,decaps,1671289
522,bike,varying-ct,decaps,2152886
523,bike,varying-ct,decaps,1706758
524,bike,varying-ct,decaps,1174885
525,bike,varying-ct,decaps,1085343
526,bike,varying-ct,decaps,1085505
527,bike,varying-ct,decaps,1157377
528,bike,varying-ct,decaps,1252065
529,bike,varying-ct,decaps,1649017
530,bike,varying-ct,decaps,2163030
531,bike,varying-ct,decaps,1712130
532,bike,varying-ct,decaps,2010388
533,bike,varying-ct,decaps,1834254
534,bike,varying-ct,decaps,1209911
535,bike,varying-ct,decaps,1224106
536,bike,varying-ct,decaps,1086308
537,bike,varying-ct,decaps,1320226
538,bike,varying-ct,decaps,1188557
539,bike,varying-ct,decaps,1222324
540,bike,varying-ct,decaps,1857449
541,bike,varying-ct,decaps,2485208
542,bike,varying-ct,decaps,1893304
543,bike,varying-ct,decaps,2060117
544,bike,varying-ct,decaps,1570659
545,bike,varying-ct,decaps,1172478
546,bike,varying-ct,decaps,1192690
547,bike,varying-ct,decaps,1191127
548,bike,varying-ct,decaps,1160276
549,bike,varying-ct,decaps,1906676
550,bike,varying-ct,decaps,1665097
551,bike,varying-ct,decaps,2002489
552,bike,varying-ct,decaps,1837133
553,bike,varying-ct,decaps,1943433
554,bike,varying-ct,decaps,1963459
555,bike,varying-ct,decaps,1292761
556,bike,varying-ct,decaps,1087694
557,bike,varying-ct,decaps,1125394
558,bike,varying-ct,decaps,1173196
559,bike,varying-ct,decaps,1085459
560,bike,varying-ct,decaps,1241929
561,bike,varying-ct,decaps,1470003
562,bike,varying-ct,decaps,2551826
563,bike,varying-ct,decaps,1722208
564,bike,varying-ct,decaps,2032837
565,bike,varying-ct,decaps,1753145
566,bike,varying-ct,decaps,1246068
567,bike,varying-ct,decaps,1086085
568,bike,varying-ct,decaps,1147876
569,bike,varying-ct,decaps,1085482
570,bike,varying-ct,decaps,1084895
571,bike,varying-ct,decaps,1425331
572,bike,varying-ct,decaps,2403358
573,bike,varying-ct,decaps,1787922
574,bike,varying-ct,decaps,1953311
575,bike,varying-ct,decaps,1911136
576,bike,varying-ct,decaps,1247247
577,bike,varying-ct,decaps,1086579
578,bike,varying-ct,decaps,1191731
579,bike,varying-ct,decaps,1086590
580,bike,varying-ct,decaps,1086137
581,bike,varying-ct,decaps,1450798
582,bike,varying-ct,decaps,1838598
583,bike,varying-ct,decaps,2092703
584,bike,varying-ct,decaps,1901429
585,bike,varying-ct,decaps,2232380
586,bike,varying-ct,decaps,1239253
587,bike,varying-ct,decaps,1086658
588,bike,varying-ct,decaps,1359383
589,bike,varying-ct,decaps,1213259
590,bike,varying-ct,decaps,1086454
591,bike,varying-ct,decaps,1688126
592,bike,varying-ct,decaps,2027602
593,bike,varying-ct,decaps,1987413
594,bike,varying-ct,decaps,1837414
595,bike,varying-ct,decaps,1945115
596,bike,varying-ct,decaps,1403492
597,bike,varying-ct,decaps,1467413
598,bike,varying-ct,decaps,1317442
599,bike,varying-ct,decaps,1085142
600,bike,varying-ct,decaps,1094870
601,bike,varying-ct,decaps,1504216
602,bike,varying-ct,decaps,2204468
603,bike,varying-ct,decaps,1744470
604,bike,varying-ct,decaps,1922900
605,bike,varying-ct,decaps,2009332
606,bike,varying-ct,decaps,1189643
607,bike,varying-ct,decaps,1370528
608,bike,varying-ct,decaps,1241182
609,bike,varying-ct,decaps,1255675
610,bike,varying-ct,decaps,1264032
611,bike,varying-ct,decaps,1641627
612,bike,varying-ct,decaps,2309912
613,bike,varying-ct,decaps,1711057
614,bike,varying-ct,decaps,2131386
615,bike,varying-ct,decaps,1723444
616,bike,varying-ct,decaps,1479341
617,bike,varying-ct,decaps,1233975
618,bike,varying-ct,decaps,1344818
619,bike,varying-ct,decaps,1178338
620,bike,varying-ct,decaps,1090239
621,bike,varying-ct,decaps,1775129
622,bike,varying-ct,decaps,2450335
623,bike,varying-ct,decaps,1708071
624,bike,varying-ct,decaps,2052740
625,bike,varying-ct,decaps,1964859
626,bike,varying-ct,decaps,1290775
627,bike,varying-ct,decaps,1131439
628,bike,varying-ct,decaps,1142132
629,bike,varying-ct,decaps,1085501
630,bike,varying-ct,decaps,1238062
631,bike,varying-ct,decaps,1969247
632,bike,varying-ct,decaps,2532782
633,bike,varying-ct,decaps,1744358
634,bike,varying-ct,decaps,2136474
635,bike,varying-ct,decaps,1851327
636,bike,varying-ct,decaps,1086912
637,bike,varying-ct,decaps,1205329
638,bike,varying-ct,decaps,1085604
639,bike,varying-ct,decaps,1191947
640,bike,varying-ct,decaps,1425717
641,bike,varying-ct,decaps,1991373
642,bike,varying-ct,decaps,1962027
643,bike,varying-ct,decaps,1941136
644,bike,varying-ct,decaps,2265606
645,bike,varying-ct,decaps,1220174
646,bike,varying-ct,decaps,1085983
647,bike,varying-ct,decaps,1422931
648,bike,varying-ct,decaps,1232939
649,bike,varying-ct,decaps,1085371
650,bike,varying-ct,decaps,1406087
651,bike,varying-ct,decaps,2300462
652,bike,varying-ct,decaps,1995073
653,bike,varying-ct,decaps,2220657
654,bike,varying-ct,decaps,2058386
655,bike,varying-ct,decaps,1434501
656,bike,varying-ct,decaps,1283224
657,bike,varying-ct,decaps,1086159
658,bike,varying-ct,decaps,1085853
659,bike,varying-ct,decaps,1251616
660,bike,varying-ct,decaps,1827372
661,bike,varying-ct,decaps,2144393
662,bike,varying-ct,decaps,1752981
663,bike,varying-ct,decaps,2203161
664,bike,varying-ct,decaps,1852407
665,bike,varying-ct,decaps,1919542
666,bike,varying-ct,decaps,1269226
667,bike,varying-ct,decaps,1224171
668,bike,varying-ct,decaps,1577742
669,bike,varying-ct,decaps,2023651
670,bike,varying-ct,decaps,2042707
671,bike,varying-ct,decaps,2030832
672,bike,varying-ct,decaps,2055277
673,bike,varying-ct,decaps,2043596
674,bike,varying-ct,decaps,2169629
675,bike,varying-ct,decaps,1488127
676,bike,varying-ct,decaps,1192119
677,bike,varying-ct,decaps,1581130
678,bike,varying-ct,decaps,2521019
679,bike,varying-ct,decaps,1958325
680,bike,varying-ct,decaps,2068143
681,bike,varying-ct,decaps,1928876
682,bike,varying-ct,decaps,1486131
683,bike,varying-ct,decaps,1256608
684,bike,varying-ct,decaps,1110924
685,bike,varying-ct,decaps,1085896
686,bike,varying-ct,decaps,1366078
687,bike,varying-ct,decaps,2027412
688,bike,varying-ct,decaps,2191187
689,bike,varying-ct,decaps,2055710
690,bike,varying-ct,decaps,2034354
691,bike,varying-ct,decaps,1164157
692,bike,varying-ct,decaps,1093590
693,bike,varying-ct,decaps,1248172
694,bike,varying-ct,decaps,1085616
695,bike,varying-ct,decaps,1153012
696,bike,varying-ct,decaps,1336276
697,bike,varying-ct,decaps,2207522
698,bike,varying-ct,decaps,2010063
699,bike,varying-ct,decaps,1891097
700,bike,varying-ct,decaps,2042481
701,bike,varying-ct,decaps,1365414
702,bike,varying-ct,decaps,1086128
703,bike,varying-ct,decaps,1264382
704,bike,varying-ct,decaps,1085852
705,bike,varying-ct,decaps,1103947
706,bike,varying-ct,decaps,1325572
707,bike,varying-ct,decaps,1994565
708,bike,varying-ct,decaps,2595007
709,bike,varying-ct,decaps,1953751
710,bike,varying-ct,decaps,2008076
711,bike,varying-ct,decaps,1151046
712,bike,varying-ct,decaps,1322662
713,bike,varying-ct,decaps,1405154
714,bike,varying-ct,decaps,1247189
715,bike,varying-ct,decaps,1138202
716,bike,varying-ct,decaps,1695178
717,bike,varying-ct,decaps,2259978
718,bike,varying-ct,decaps,1816346
719,bike,varying-ct,decaps,2177680
720,bike,varying-ct,decaps,1679095
721,bike,varying-ct,decaps,1158318
722,bike,varying-ct,decaps,1097254
723,bike,varying-ct,decaps,1139597
724,bike,varying-ct,decaps,1165847
725,bike,varying-ct,decaps,2977371
726,bike,varying-ct,decaps,2235492
727,bike,varying-ct,decaps,1748273
728,bike,varying-ct,decaps,2051925
729,bike,varying-ct,decaps,1800549
730,bike,varying-ct,decaps,1370945
731,bike,varying-ct,decaps,1087260
732,bike,varying-ct,decaps,1234863
733,bike,varying-ct,decaps,1190969
734,bike,varying-ct,decaps,1268053
735,bike,varying-ct,decaps,1705639
736,bike,varying-ct,decaps,2919321
737,bike,varying-ct,decaps,1948801
738,bike,varying-ct,decaps,2055398
739,bike,varying-ct,decaps,1892633
740,bike,varying-ct,decaps,1133684
741,bike,varying-ct,decaps,1332827
742,bike,varying-ct,decaps,1092901
743,bike,varying-ct,decaps,1085822
744,bike,varying-ct,decaps,1091959
745,bike,varying-ct,decaps,1403946
746,bike,varying-ct,decaps,2025102
747,bike,varying-ct,decaps,2139319
748,bike,varying-ct,decaps,1807367
749,bike,varying-ct,decaps,2080588
750,bike,varying-ct,decaps,1432493
751,bike,varying-ct,decaps,1327919
752,bike,varying-ct,decaps,1130661
753,bike,varying-ct,decaps,1299944
754,bike,varying-ct,decaps,1523690
755,bike,varying-ct,decaps,1789549
756,bike,varying-ct,decaps,2005732
757,bike,varying-ct,decaps,1882553
758,bike,varying-ct,decaps,2198748
759,bike,varying-ct,decaps,1408006
760,bike,varying-ct,decaps,1162219
761,bike,varying-ct,decaps,1262439
762,bike,varying-ct,decaps,1122709
763,bike,varying-ct,decaps,1182099
764,bike,varying-ct,decaps,1531561
765,bike,varying-ct,decaps,2395316
766,bike,varying-ct,decaps,1722890
767,bike,varying-ct,decaps,2146141
768,bike,varying-ct,decaps,1759032
769,bike,varying-ct,decaps,1090982
770,bike,varying-ct,decaps,1143287
771,bike,varying-ct,decaps,1551076
772,bike,varying-ct,decaps,1246665
773,bike,varying-ct,decaps,1150873
774,bike,varying-ct,decaps,1503724
775,bike,varying-ct,decaps,2236688
776,bike,varying-ct,decaps,1925984
777,bike,varying-ct,decaps,2110286
778,bike,varying-ct,decaps,2032217
779,bike,varying-ct,decaps,1972534
780,bike,varying-ct,decaps,1087619
781,bike,varying-ct,decaps,1172497
782,bike,varying-ct,decaps,1499938
783,bike,varying-ct,decaps,1650235
784,bike,varying-ct,decaps,2102093
785,bike,varying-ct,decaps,1919615
786,bike,varying-ct,decaps,2090955
787,bike,varying-ct,decaps,1227861
788,bike,varying-ct,decaps,1156043
789,bike,varying-ct,decaps,1086101
790,bike,varying-ct,decaps,1139342
791,bike,varying-ct,decaps,1136639
792,bike,varying-ct,decaps,1243084
793,bike,varying-ct,decaps,1184791
794,bike,varying-ct,decaps,1731044
795,bike,varying-ct,decaps,2776494
796,bike,varying-ct,decaps,1917266
797,bike,varying-ct,decaps,2034507
798,bike,varying-ct,decaps,1712353
799,bike,varying-ct,decaps,1088180
800,bike,varying-ct,decaps,1336181
801,bike,varying-ct,decaps,1086104
802,bike,varying-ct,decaps,1085259
803,bike,varying-ct,decaps,1243113
804,bike,varying-ct,decaps,2000948
805,bike,varying-ct,decaps,2117657
806,bike,varying-ct,decaps,1579868
807,bike,varying-ct,decaps,1124054
808,bike,varying-ct,decaps,1442704
809,bike,varying-ct,decaps,1243077
810,bike,varying-ct,decaps,1099450
811,bike,varying-ct,decaps,1141730
812,bike,varying-ct,decaps,1211737
813,bike,varying-ct,decaps,1085218
814,bike,varying-ct,decaps,1322367
815,bike,varying-ct,decaps,1938127
816,bike,varying-ct,decaps,1942725
817,bike,varying-ct,decaps,1825315
818,bike,varying-ct,decaps,1181135
819,bike,varying-ct,decaps,1176477
820,bike,varying-ct,decaps,1086620
821,bike,varying-ct,decaps,1214307
822,bike,varying-ct,decaps,1172586
823,bike,varying-ct,decaps,1195827
824,bike,varying-ct,decaps,1102467
825,bike,varying-ct,decaps,1159007
826,bike,varying-ct,decaps,1688144
827,bike,varying-ct,decaps,2640200
828,bike,varying-ct,decaps,1864363
829,bike,varying-ct,decaps,1173569
830,bike,varying-ct,decaps,1086198
831,bike,varying-ct,decaps,1192267
832,bike,varying-ct,decaps,1433025
833,bike,varying-ct,decaps,1220857
834,bike,varying-ct,decaps,1164786
835,bike,varying-ct,decaps,1215475
836,bike,varying-ct,decaps,1141425
837,bike,varying-ct,decaps,1863533
838,bike,varying-ct,decaps,2312297
839,bike,varying-ct,decaps,1804597
840,bike,varying-ct,decaps,1283888
841,bike,varying-ct,decaps,1165300
842,bike,varying-ct,decaps,1107931
843,bike,varying-ct,decaps,1179389
844,bike,varying-ct,decaps,1168130
845,bike,varying-ct,decaps,1086035
846,bike,varying-ct,decaps,1143978
847,bike,varying-ct,decaps,1087283
848,bike,varying-ct,decaps,1620954
849,bike,varying-ct,decaps,2320336
850,bike,varying-ct,decaps,1807050
851,bike,varying-ct,decaps,1438853
852,bike,varying-ct,decaps,1151245
853,bike,varying-ct,decaps,1135073
854,bike,varying-ct,decaps,1165450
855,bike,varying-ct,decaps,1105406
856,bike,varying-ct,decaps,1300530
857,bike,varying-ct,decaps,1176857
858,bike,varying-ct,decaps,1189355
859,bike,varying-ct,decaps,1596517
860,bike,varying-ct,decaps,2078941
861,bike,varying-ct,decaps,1828561
862,bike,varying-ct,decaps,1476288
863,bike,varying-ct,decaps,1087011
864,bike,varying-ct,decaps,1146777
865,bike,varying-ct,decaps,1095859
866,bike,varying-ct,decaps,1211969
867,bike,varying-ct,decaps,1122052
868,bike,varying-ct,decaps,1155998
869,bike,varying-ct,decaps,1097238
870,bike,varying-ct,decaps,1151884
871,bike,varying-ct,decaps,1976501
872,bike,varying-ct,decaps,2230446
873,bike,varying-ct,decaps,1694028
874,bike,varying-ct,decaps,1124612
875,bike,varying-ct,decaps,1181375
876,bike,varying-ct,decaps,1567304
877,bike,varying-ct,decaps,1126240
878,bike,varying-ct,decaps,1137080
879,bike,varying-ct,decaps,1085623
880,bike,varying-ct,decaps,1085012
881,bike,varying-ct,decaps,1097923
882,bike,varying-ct,decaps,1712721
883,bike,varying-ct,decaps,2258345
884,bike,varying-ct,decaps,1704283
885,bike,varying-ct,decaps,1397295
886,bike,varying-ct,decaps,1210440
887,bike,varying-ct,decaps,1086601
888,bike,varying-ct,decaps,1085831
889,bike,varying-ct,decaps,1164530
890,bike,varying-ct,decaps,1396592
891,bike,varying-ct,decaps,1101258
892,bike,varying-ct,decaps,1149936
893,bike,varying-ct,decaps,1397724
894,bike,varying-ct,decaps,2192384
895,bike,varying-ct,decaps,1792280
896,bike,varying-ct,decaps,1558844
897,bike,varying-ct,decaps,1169460
898,bike,varying-ct,decaps,1106718
899,bike,varying-ct,decaps,1085625
900,bike,varying-ct,decaps,1195152
901,bike,varying-ct,decaps,1205220
902,bike,varying-ct,decaps,1125307
903,bike,varying-ct,decaps,1147449
904,bike,varying-ct,decaps,1091968
905,bike,varying-ct,decaps,1710062
906,bike,varying-ct,decaps,2389578
907,bike,varying-ct,decaps,1936847
908,bike,varying-ct,decaps,1954038
909,bike,varying-ct,decaps,1149498
910,bike,varying-ct,decaps,1227984
911,bike,varying-ct,decaps,1285602
912,bike,varying-ct,decaps,1239061
913,bike,varying-ct,decaps,1148284
914,bike,varying-ct,decaps,1084521
915,bike,varying-ct,decaps,1949535
916,bike,varying-ct,decaps,2475348
917,bike,varying-ct,decaps,1832498
918,bike,varying-ct,decaps,1666890
919,bike,varying-ct,decaps,1473302
920,bike,varying-ct,decaps,1251496
921,bike,varying-ct,decaps,1154031
922,bike,varying-ct,decaps,1086553
923,bike,varying-ct,decaps,1135404
924,bike,varying-ct,decaps,1115441
925,bike,varying-ct,decaps,1288962
926,bike,varying-ct,decaps,2181904
927,bike,varying-ct,decaps,1982669
928,bike,varying-ct,decaps,1802008
929,bike,varying-ct,decaps,1191516
930,bike,varying-ct,decaps,1260968
931,bike,varying-ct,decaps,1183235
932,bike,varying-ct,decaps,1195414
933,bike,varying-ct,decaps,1136462
934,bike,varying-ct,decaps,1087704
935,bike,varying-ct,decaps,1089885
936,bike,varying-ct,decaps,1237400
937,bike,varying-ct,decaps,2054647
938,bike,varying-ct,decaps,2221651
939,bike,varying-ct,decaps,1713032
940,bike,varying-ct,decaps,1346768
941,bike,varying-ct,decaps,1254875
942,bike,varying-ct,decaps,1354812
943,bike,varying-ct,decaps,1154107
944,bike,varying-ct,decaps,1140521
945,bike,varying-ct,decaps,1107511
946,bike,varying-ct,decaps,1084949
947,bike,varying-ct,decaps,1474060
948,bike,varying-ct,decaps,2161116
949,bike,varying-ct,decaps,1842642
950,bike,varying-ct,decaps,1928497
951,bike,varying-ct,decaps,1873609
952,bike,varying-ct,decaps,1289136
953,bike,varying-ct,decaps,1093907
954,bike,varying-ct,decaps,1158845
955,bike,varying-ct,decaps,1230582
956,bike,varying-ct,decaps,1127628
957,bike,varying-ct,decaps,1171118
958,bike,varying-ct,decaps,1839913
959,bike,varying-ct,decaps,2381393
960,bike,varying-ct,decaps,1798315
961,bike,varying-ct,decaps,1285705
962,bike,varying-ct,decaps,1087689
963,bike,varying-ct,decaps,1097400
964,bike,varying-ct,decaps,1253798
965,bike,varying-ct,decaps,1085923
966,bike,varying-ct,decaps,1204851
967,bike,varying-ct,decaps,1086019
968,bike,varying-ct,decaps,1133248
969,bike,varying-ct,decaps,1694981
970,bike,varying-ct,decaps,2365621
971,bike,varying-ct,decaps,1750780
972,bike,varying-ct,decaps,1968068
973,bike,varying-ct,decaps,1426987
974,bike,varying-ct,decaps,1189354
975,bike,varying-ct,decaps,1123492
976,bike,varying-ct,decaps,1085829
977,bike,varying-ct,decaps,1173479
978,bike,varying-ct,decaps,1132971
979,bike,varying-ct,decaps,1163903
980,bike,varying-ct,decaps,1883153
981,bike,varying-ct,decaps,2006825
982,bike,varying-ct,decaps,1795204
983,bike,varying-ct,decaps,1174528
984,bike,varying-ct,decaps,1207583
985,bike,varying-ct,decaps,1158156
986,bike,varying-ct,decaps,1085960
987,bike,varying-ct,decaps,1327023
988,bike,varying-ct,decaps,1103332
989,bike,varying-ct,decaps,1133059
990,bike,varying-ct,decaps,1126255
991,bike,varying-ct,decaps,1561161
992,bike,varying-ct,decaps,2190252
993,bike,varying-ct,decaps,2092041
994,bike,varying-ct,decaps,1688122
995,bike,varying-ct,decaps,1192291
996,bike,varying-ct,decaps,1269000
997,bike,varying-ct,decaps,1144036
998,bike,varying-ct,decaps,1085488
999,bike,varying-ct,decaps,1180665
1000,bike,varying-ct,decaps,1234039
1001,bike,varying-ct,decaps,1087984
1002,bike,varying-ct,decaps,1636265
1003,bike,varying-ct,decaps,2445312
1004,bike,varying-ct,decaps,1937991
1005,bike,varying-ct,decaps,1273895
1006,bike,varying-ct,decaps,1357034
1007,bike,varying-ct,decaps,1189790
1008,bike,varying-ct,decaps,1230349
1009,bike,varying-ct,decaps,1136517
1010,bike,varying-ct,decaps,1085254
1011,bike,varying-ct,decaps,1085404
1012,bike,varying-ct,decaps,1142535
1013,bike,varying-ct,decaps,1600618
1014,bike,varying-ct,decaps,2214579
1015,bike,varying-ct,decaps,1804405
1016,bike,varying-ct,decaps,1465377
1017,bike,varying-ct,decaps,1281916
1018,bike,varying-ct,decaps,1191068
1019,bike,varying-ct,decaps,1083394
1020,bike,varying-ct,decaps,1160873
1021,bike,varying-ct,decaps,1085099
1022,bike,varying-ct,decaps,1143776
1023,bike,varying-ct,decaps,1171627
1024,bike,varying-ct,decaps,2067454
1025,bike,varying-ct,decaps,2431412
1026,bike,varying-ct,decaps,2026380
1027,bike,varying-ct,decaps,1558171
1028,bike,varying-ct,decaps,1173254
1029,bike,varying-ct,decaps,1085484
1030,bike,varying-ct,decaps,1174985
1031,bike,varying-ct,decaps,1281494
1032,bike,varying-ct,decaps,1209254
1033,bike,varying-ct,decaps,1344110
1034,bike,varying-ct,decaps,1414371
1035,bike,varying-ct,decaps,2134745
1036,bike,varying-ct,decaps,1907698
1037,bike,varying-ct,decaps,1650423
1038,bike,varying-ct,decaps,1243936
1039,bike,varying-ct,decaps,1086037
1040,bike,varying-ct,decaps,1085522
1041,bike,varying-ct,decaps,1371364
1042,bike,varying-ct,decaps,1288938
1043,bike,varying-ct,decaps,1100085
1044,bike,varying-ct,decaps,1227741
1045,bike,varying-ct,decaps,1177741
1046,bike,varying-ct,decaps,1140512
1047,bike,varying-ct,decaps,1218381
1048,bike,varying-ct,decaps,1242450
1049,bike,varying-ct,decaps,1188143
1050,bike,varying-ct,decaps,1270098
1051,bike,varying-ct,decaps,1143456
1052,bike,varying-ct,decaps,1182162
1053,bike,varying-ct,decaps,1201784
1054,bike,varying-ct,decaps,1315793
1055,bike,varying-ct,decaps,1345551
1056,bike,varying-ct,decaps,1355472
1057,bike,varying-ct,decaps,1280568
1058,bike,varying-ct,decaps,1404770
1059,bike,varying-ct,decaps,1711181
1060,bike,varying-ct,decaps,1940704
1061,bike,varying-ct,decaps,2802720
1062,bike,varying-ct,decaps,1568014
1063,bike,varying-ct,decaps,1274440
1064,bike,varying-ct,decaps,1345177
1065,bike,varying-ct,decaps,1307584
1066,bike,varying-ct,decaps,1256444
1067,bike,varying-ct,decaps,1254476
1068,bike,varying-ct,decaps,1259878
1069,bike,varying-ct,decaps,1239900
1070,bike,varying-ct,decaps,1190587
1071,bike,varying-ct,decaps,1285186
1072,bike,varying-ct,decaps,1314641
1073,bike,varying-ct,decaps,1136613
1074,bike,varying-ct,decaps,1191823
1075,bike,varying-ct,decaps,1136158
1076,bike,varying-ct,decaps,1171467
1077,bike,varying-ct,decaps,1205725
1078,bike,varying-ct,decaps,1086511
1079,bike,varying-ct,decaps,1086228
1080,bike,varying-ct,decaps,1160492
1081,bike,varying-ct,decaps,1531123
1082,bike,varying-ct,decaps,1949830
1083,bike,varying-ct,decaps,1991255
1084,bike,varying-ct,decaps,1626029
1085,bike,varying-ct,decaps,1491873
1086,bike,varying-ct,decaps,1201615
1087,bike,varying-ct,decaps,1135406
1088,bike,varying-ct,decaps,1283469
1089,bike,varying-ct,decaps,1304635
1090,bike,varying-ct,decaps,1116212
1091,bike,varying-ct,decaps,1258404
1092,bike,varying-ct,decaps,1974877
1093,bike,varying-ct,decaps,1819487
1094,bike,varying-ct,decaps,1940165
1095,bike,varying-ct,decaps,1251467
1096,bike,varying-ct,decaps,1190002
1097,bike,varying-ct,decaps,1190230
1098,bike,varying-ct,decaps,1265531
1099,bike,varying-ct,decaps,1425459
1100,bike,varying-ct,decaps,1281490
1101,bike,varying-ct,decaps,1143795
1102,bike,varying-ct,decaps,1294444
1103,bike,varying-ct,decaps,1672624
1104,bike,varying-ct,decaps,1742559
1105,bike,varying-ct,decaps,1223140
1106,bike,varying-ct,decaps,1661485
1107,bike,varying-ct,decaps,1191080
1108,bike,varying-ct,decaps,1200703
1109,bike,varying-ct,decaps,1222853
1110,bike,varying-ct,decaps,1137536
1111,bike,varying-ct,decaps,1110326
1112,bike,varying-ct,decaps,1344420
1113,bike,varying-ct,decaps,1362867
1114,bike,varying-ct,decaps,1439524
1115,bike,varying-ct,decaps,1643325
1116,bike,varying-ct,decaps,1131003
1117,bike,varying-ct,decaps,1189928
1118,bike,varying-ct,decaps,1292033
1119,bike,varying-ct,decaps,1282151
1120,bike,varying-ct,decaps,1178776
1121,bike,varying-ct,decaps,1220272
1122,bike,varying-ct,decaps,1986170
1123,bike,varying-ct,decaps,1686423
1124,bike,varying-ct,decaps,1501202
1125,bike,varying-ct,decaps,1439328
1126,bike,varying-ct,decaps,1319976
1127,bike,varying-ct,decaps,1380357
1128,bike,varying-ct,decaps,1445699
1129,bike,varying-ct,decaps,1897294
1130,bike,varying-ct,decaps,1306685
1131,bike,varying-ct,decaps,1318167
1132,bike,varying-ct,decaps,1409940
1133,bike,varying-ct,decaps,1341938
1134,bike,varying-ct,decaps,1185676
1135,bike,varying-ct,decaps,1224280
1136,bike,varying-ct,decaps,1734480
1137,bike,varying-ct,decaps,1383185
1138,bike,varying-ct,decaps,1448754
1139,bike,varying-ct,decaps,1672279
1140,bike,varying-ct,decaps,1757152
1141,bike,varying-ct,decaps,1340668
1142,bike,varying-ct,decaps,1266012
1143,bike,varying-ct,decaps,1355220
1144,bike,varying-ct,decaps,1452812
1145,bike,varying-ct,decaps,1440112
1146,bike,varying-ct,decaps,1265566
1147,bike,varying-ct,decaps,1690493
1148,bike,varying-ct,decaps,1277740
1149,bike,varying-ct,decaps,1472636
1150,bike,varying-ct,decaps,1371108
1151,bike,varying-ct,decaps,1576865
1152,bike,varying-ct,decaps,2019455
1153,bike,varying-ct,decaps,1710444
1154,bike,varying-ct,decaps,2117238
1155,bike,varying-ct,decaps,1506652
1156,bike,varying-ct,decaps,1968790
1157,bike,varying-ct,decaps,1677066
1158,bike,varying-ct,decaps,1391958
1159,bike,varying-ct,decaps,1563280
1160,bike,varying-ct,decaps,1951357
1161,bike,varying-ct,decaps,1501772
1162,bike,varying-ct,decaps,1492637
1163,bike,varying-ct,decaps,1546766
1164,bike,varying-ct,decaps,1781934
1165,bike,varying-ct,decaps,1892095
1166,bike,varying-ct,decaps,1638411
1167,bike,varying-ct,decaps,1488488
1168,bike,varying-ct,decaps,1696177
1169,bike,varying-ct,decaps,1658248
1170,bike,varying-ct,decaps,1472991
1171,bike,varying-ct,decaps,1678386
1172,bike,varying-ct,decaps,1565788
1173,bike,varying-ct,decaps,1512693
1174,bike,varying-ct,decaps,1316449
1175,bike,varying-ct,decaps,1270274
1176,bike,varying-ct,decaps,1511600
1177,bike,varying-ct,decaps,1366740
1178,bike,varying-ct,decaps,1392783
1179,bike,varying-ct,decaps,1880013
1180,bike,varying-ct,decaps,1605799
1181,bike,varying-ct,decaps,1818547
1182,bike,varying-ct,decaps,1373824
1183,bike,varying-ct,decaps,1358856
1184,bike,varying-ct,decaps,1496092
1185,bike,varying-ct,decaps,1390476
1186,bike,varying-ct,decaps,1688019
1187,bike,varying-ct,decaps,1868205
1188,bike,varying-ct,decaps,1637698
1189,bike,varying-ct,decaps,1990640
1190,bike,varying-ct,decaps,1892769
1191,bike,varying-ct,decaps,1944019
1192,bike,varying-ct,decaps,1444118
1193,bike,varying-ct,decaps,1518372
1194,bike,varying-ct,decaps,1786795
1195,bike,varying-ct,decaps,1816480
1196,bike,varying-ct,decaps,1499286
1197,bike,varying-ct,decaps,1791536
1198,bike,varying-ct,decaps,2124203
1199,bike,varying-ct,decaps,1659656
1200,bike,varying-ct,decaps,1798403
1201,bike,varying-ct,decaps,1655944
1202,bike,varying-ct,decaps,1517571
1203,bike,varying-ct,decaps,1462416
1204,bike,varying-ct,decaps,1680202
1205,bike,varying-ct,decaps,1414020
1206,bike,varying-ct,decaps,1479406
1207,bike,varying-ct,decaps,2069017
1208,bike,varying-ct,decaps,1941889
1209,bike,varying-ct,decaps,1546673
1210,bike,varying-ct,decaps,1618705
1211,bike,varying-ct,decaps,1543337
1212,bike,varying-ct,decaps,1556509
1213,bike,varying-ct,decaps,1834960
1214,bike,varying-ct,decaps,1407711
1215,bike,varying-ct,decaps,1639538
1216,bike,varying-ct,decaps,2190690
1217,bike,varying-ct,decaps,1859205
1218,bike,varying-ct,decaps,1715213
1219,bike,varying-ct,decaps,1651617
1220,bike,varying-ct,decaps,1553560
1221,bike,varying-ct,decaps,1873282
1222,bike,varying-ct,decaps,1615133
1223,bike,varying-ct,decaps,1599633
1224,bike,varying-ct,decaps,1519960
1225,bike,varying-ct,decaps,2434942
1226,bike,varying-ct,decaps,1783624
1227,bike,varying-ct,decaps,1798222
1228,bike,varying-ct,decaps,1709304
1229,bike,varying-ct,decaps,1570072
1230,bike,varying-ct,decaps,1587732
1231,bike,varying-ct,decaps,1600784
1232,bike,varying-ct,decaps,1584261
1233,bike,varying-ct,decaps,1518813
1234,bike,varying-ct,decaps,2445652
1235,bike,varying-ct,decaps,1708557
1236,bike,varying-ct,decaps,1723120
1237,bike,varying-ct,decaps,1588968
1238,bike,varying-ct,decaps,1512904
1239,bike,varying-ct,decaps,1776065
1240,bike,varying-ct,decaps,1619668
1241,bike,varying-ct,decaps,1635079
1242,bike,varying-ct,decaps,1564572
1243,bike,varying-ct,decaps,1672558
1244,bike,varying-ct,decaps,1968815
1245,bike,varying-ct,decaps,1795250
1246,bike,varying-ct,decaps,1651620
1247,bike,varying-ct,decaps,1681743
1248,bike,varying-ct,decaps,1928120
1249,bike,varying-ct,decaps,1641466
1250,bike,varying-ct,decaps,1824232
1251,bike,varying-ct,decaps,1548121
1252,bike,varying-ct,decaps,1875725
1253,bike,varying-ct,decaps,2073927
1254,bike,varying-ct,decaps,1639547
1255,bike,varying-ct,decaps,1769297
1256,bike,varying-ct,decaps,1536985
1257,bike,varying-ct,decaps,1496083
1258,bike,varying-ct,decaps,1517933
1259,bike,varying-ct,decaps,1509512
1260,bike,varying-ct,decaps,1508293
1261,bike,varying-ct,decaps,1729390
1262,bike,varying-ct,decaps,2016666
1263,bike,varying-ct,decaps,1857316
1264,bike,varying-ct,decaps,1555626
1265,bike,varying-ct,decaps,1675133
1266,bike,varying-ct,decaps,1981733
1267,bike,varying-ct,decaps,1530721
1268,bike,varying-ct,decaps,2284714
1269,bike,varying-ct,decaps,2466034
1270,bike,varying-ct,decaps,2395858
1271,bike,varying-ct,decaps,2211801
1272,bike,varying-ct,decaps,2302175
1273,bike,varying-ct,decaps,2328525
1274,bike,varying-ct,decaps,1992500
1275,bike,varying-ct,decaps,2393345
1276,bike,varying-ct,decaps,2232820
1277,bike,varying-ct,decaps,2327607
1278,bike,varying-ct,decaps,2298962
1279,bike,varying-ct,decaps,1602637
1280,bike,varying-ct,decaps,1856039
1281,bike,varying-ct,decaps,2342032
1282,bike,varying-ct,decaps,1604049
1283,bike,varying-ct,decaps,1579443
1284,bike,varying-ct,decaps,2385393
1285,bike,varying-ct,decaps,1886192
1286,bike,varying-ct,decaps,1769995
1287,bike,varying-ct,decaps,1833186
1288,bike,varying-ct,decaps,1809212
1289,bike,varying-ct,decaps,1707208
1290,bike,varying-ct,decaps,1858522
1291,bike,varying-ct,decaps,2196272
1292,bike,varying-ct,decaps,2462354
1293,bike,varying-ct,decaps,2268559
1294,bike,varying-ct,decaps,2014042
1295,bike,varying-ct,decaps,2931395
1296,bike,varying-ct,decaps,2564085
1297,bike,varying-ct,decaps,1818800
1298,bike,varying-ct,decaps,1869380
1299,bike,varying-ct,decaps,2327595
1300,bike,varying-ct,decaps,2905727
1301,bike,varying-ct,decaps,3015694
1302,bike,varying-ct,decaps,3012532
1303,bike,varying-ct,decaps,2934471
1304,bike,varying-ct,decaps,3134182
1305,bike,varying-ct,decaps,2506282
1306,bike,varying-ct,decaps,2950203
1307,bike,varying-ct,decaps,2759020
1308,bike,varying-ct,decaps,2794647
1309,bike,varying-ct,decaps,2940444
1310,bike,varying-ct,decaps,2498505
1311,bike,varying-ct,decaps,2970232
1312,bike,varying-ct,decaps,3031264
1313,bike,varying-ct,decaps,2744598
1314,bike,varying-ct,decaps,1774285
1315,bike,varying-ct,decaps,2286367
1316,bike,varying-ct,decaps,2397111
1317,bike,varying-ct,decaps,3003065
1318,bike,varying-ct,decaps,2935494
1319,bike,varying-ct,decaps,2724843
1320,bike,varying-ct,decaps,2781916
1321,bike,varying-ct,decaps,1869714
1322,bike,varying-ct,decaps,2418807
1323,bike,varying-ct,decaps,2720695
1324,bike,varying-ct,decaps,2753484
1325,bike,varying-ct,decaps,2631400
1326,bike,varying-ct,decaps,2710096
1327,bike,varying-ct,decaps,2638348
1328,bike,varying-ct,decaps,2628318
1329,bike,varying-ct,decaps,2590157
1330,bike,varying-ct,decaps,2434534
1331,bike,varying-ct,decaps,2468909
1332,bike,varying-ct,decaps,2483553
1333,bike,varying-ct,decaps,2304179
1334,bike,varying-ct,decaps,2487340
1335,bike,varying-ct,decaps,2687729
1336,bike,varying-ct,decaps,2489090
1337,bike,varying-ct,decaps,2490795
1338,bike,varying-ct,decaps,2391615
1339,bike,varying-ct,decaps,2541187
1340,bike,varying-ct,decaps,2828095
1341,bike,varying-ct,decaps,2069506
1342,bike,varying-ct,decaps,1833174
1343,bike,varying-ct,decaps,1510732
1344,bike,varying-ct,decaps,1416820
1345,bike,varying-ct,decaps,1322217
1346,bike,varying-ct,decaps,1353813
1347,bike,varying-ct,decaps,1440376
1348,bike,varying-ct,decaps,1328312
1349,bike,varying-ct,decaps,1607087
1350,bike,varying-ct,decaps,2166132
1351,bike,varying-ct,decaps,1965056
1352,bike,varying-ct,decaps,1752202
1353,bike,varying-ct,decaps,2163466
1354,bike,varying-ct,decaps,2360029
1355,bike,varying-ct,decaps,2387285
1356,bike,varying-ct,decaps,2567310
1357,bike,varying-ct,decaps,2117178
1358,bike,varying-ct,decaps,2396926
1359,bike,varying-ct,decaps,2158541
1360,bike,varying-ct,decaps,2453851
1361,bike,varying-ct,decaps,2443796
1362,bike,varying-ct,decaps,2440685
1363,bike,varying-ct,decaps,2471964
1364,bike,varying-ct,decaps,2522884
1365,bike,varying-ct,decaps,2348031
1366,bike,varying-ct,decaps,2207368
1367,bike,varying-ct,decaps,2293859
1368,bike,varying-ct,decaps,2252810
1369,bike,varying-ct,decaps,2544141
1370,bike,varying-ct,decaps,2531727
1371,bike,varying-ct,decaps,2327900
1372,bike,varying-ct,decaps,2620096
1373,bike,varying-ct,decaps,2154777
1374,bike,varying-ct,decaps,2172519
1375,bike,varying-ct,decaps,2319453
1376,bike,varying-ct,decaps,2109876
1377,bike,varying-ct,decaps,2718375
1378,bike,varying-ct,decaps,2446174
1379,bike,varying-ct,decaps,2466948
1380,bike,varying-ct,decaps,2243760
1381,bike,varying-ct,decaps,2504032
1382,bike,varying-ct,decaps,2770561
1383,bike,varying-ct,decaps,2317453
1384,bike,varying-ct,decaps,2463013
1385,bike,varying-ct,decaps,2030931
1386,bike,varying-ct,decaps,2206511
1387,bike,varying-ct,decaps,1520017
1388,bike,varying-ct,decaps,1470659
1389,bike,varying-ct,decaps,1505686
1390,bike,varying-ct,decaps,1403894
1391,bike,varying-ct,decaps,1436442
1392,bike,varying-ct,decaps,1782922
1393,bike,varying-ct,decaps,2026062
1394,bike,varying-ct,decaps,1480437
1395,bike,varying-ct,decaps,1410715
1396,bike,varying-ct,decaps,1481814
1397,bike,varying-ct,decaps,1336993
1398,bike,varying-ct,decaps,1377227
1399,bike,varying-ct,decaps,1448069
1400,bike,varying-ct,decaps,1371253
1401,bike,varying-ct,decaps,1432366
1402,bike,varying-ct,decaps,1573994
1403,bike,varying-ct,decaps,2022335
1404,bike,varying-ct,decaps,1531340
1405,bike,varying-ct,decaps,1955965
1406,bike,varying-ct,decaps,1739338
1407,bike,varying-ct,decaps,1492977
1408,bike,varying-ct,decaps,1406651
1409,bike,varying-ct,decaps,1410399
1410,bike,varying-ct,decaps,2250230
1411,bike,varying-ct,decaps,2745067
1412,bike,varying-ct,decaps,2553665
1413,bike,varying-ct,decaps,2620890
1414,bike,varying-ct,decaps,2370380
1415,bike,varying-ct,decaps,2425219
1416,bike,varying-ct,decaps,2046746
1417,bike,varying-ct,decaps,1482521
1418,bike,varying-ct,decaps,1945723
1419,bike,varying-ct,decaps,2299841
1420,bike,varying-ct,decaps,1873971
1421,bike,varying-ct,decaps,1834858
1422,bike,varying-ct,decaps,1749673
1423,bike,varying-ct,decaps,1667096
1424,bike,varying-ct,decaps,1635230
1425,bike,varying-ct,decaps,1574490
1426,bike,varying-ct,decaps,2479535
1427,bike,varying-ct,decaps,3522050
1428,bike,varying-ct,decaps,3213989
1429,bike,varying-ct,decaps,3244887
1430,bike,varying-ct,decaps,3129601
1431,bike,varying-ct,decaps,3220935
1432,bike,varying-ct,decaps,3226115
1433,bike,varying-ct,decaps,3168233
1434,bike,varying-ct,decaps,2848726
1435,bike,varying-ct,decaps,2912343
1436,bike,varying-ct,decaps,2847055
1437,bike,varying-ct,decaps,2841851
1438,bike,varying-ct,decaps,2822745
1439,bike,varying-ct,decaps,2854234
1440,bike,varying-ct,decaps,2819584
1441,bike,varying-ct,decaps,2729433
1442,bike,varying-ct,decaps,2774592
1443,bike,varying-ct,decaps,1888138
1444,bike,varying-ct,decaps,1487467
1445,bike,varying-ct,decaps,1567433
1446,bike,varying-ct,decaps,1691058
1447,bike,varying-ct,decaps,1682550
1448,bike,varying-ct,decaps,1612522
1449,bike,varying-ct,decaps,1523282
1450,bike,varying-ct,decaps,1739205
1451,bike,varying-ct,decaps,1899910
1452,bike,varying-ct,decaps,1936453
1453,bike,varying-ct,decaps,1997144
1454,bike,varying-ct,decaps,1685914
1455,bike,varying-ct,decaps,1785182
1456,bike,varying-ct,decaps,1650978
1457,bike,varying-ct,decaps,1652125
1458,bike,varying-ct,decaps,1449065
1459,bike,varying-ct,decaps,1623277
1460,bike,varying-ct,decaps,2013968
1461,bike,varying-ct,decaps,1644735
1462,bike,varying-ct,decaps,1673601
1463,bike,varying-ct,decaps,1452740
1464,bike,varying-ct,decaps,1538221
1465,bike,varying-ct,decaps,1781166
1466,bike,varying-ct,decaps,1560848
1467,bike,varying-ct,decaps,1496621
1468,bike,varying-ct,decaps,2183873
1469,bike,varying-ct,decaps,2002003
1470,bike,varying-ct,decaps,1912810
1471,bike,varying-ct,decaps,1575000
1472,bike,varying-ct,decaps,1549085
1473,bike,varying-ct,decaps,1631035
1474,bike,varying-ct,decaps,1533380
1475,bike,varying-ct,decaps,1630106
1476,bike,varying-ct,decaps,1487570
1477,bike,varying-ct,decaps,1821123
1478,bike,varying-ct,decaps,1926615
1479,bike,varying-ct,decaps,1964601
1480,bike,varying-ct,decaps,1723418
1481,bike,varying-ct,decaps,1709776
1482,bike,varying-ct,decaps,1536872
1483,bike,varying-ct,decaps,1486826
1484,bike,varying-ct,decaps,1575925
1485,bike,varying-ct,decaps,1520367
1486,bike,varying-ct,decaps,1500039
1487,bike,varying-ct,decaps,1728546
1488,bike,varying-ct,decaps,2017053
1489,bike,varying-ct,decaps,1743244
1490,bike,varying-ct,decaps,1721047
1491,bike,varying-ct,decaps,1519104
1492,bike,varying-ct,decaps,1499261
1493,bike,varying-ct,decaps,1553306
1494,bike,varying-ct,decaps,1786476
1495,bike,varying-ct,decaps,1829189
1496,bike,varying-ct,decaps,1541068
1497,bike,varying-ct,decaps,2159027
1498,bike,varying-ct,decaps,1977400
1499,bike,varying-ct,decaps,1694689
1500,bike,varying-ct,decaps,1677174
1501,bike,varying-ct,decaps,1726885
1502,bike,varying-ct,decaps,1820257
1503,bike,varying-ct,decaps,1707100
1504,bike,varying-ct,decaps,1699239
1505,bike,varying-ct,decaps,2026692
1506,bike,varying-ct,decaps,2073292
1507,bike,varying-ct,decaps,1804483
1508,bike,varying-ct,decaps,1659004
1509,bike,varying-ct,decaps,1638877
1510,bike,varying-ct,decaps,1487659
1511,bike,varying-ct,decaps,1571886
1512,bike,varying-ct,decaps,1491143
1513,bike,varying-ct,decaps,1467047
1514,bike,varying-ct,decaps,2112103
1515,bike,varying-ct,decaps,1892643
1516,bike,varying-ct,decaps,1701715
1517,bike,varying-ct,decaps,1760185
1518,bike,varying-ct,decaps,1650367
1519,bike,varying-ct,decaps,1601034
1520,bike,varying-ct,decaps,1636708
1521,bike,varying-ct,decaps,1599572
1522,bike,varying-ct,decaps,1710943
1523,bike,varying-ct,decaps,2269031
1524,bike,varying-ct,decaps,1829030
1525,bike,varying-ct,decaps,1539106
1526,bike,varying-ct,decaps,1593358
1527,bike,varying-ct,decaps,1573833
1528,bike,varying-ct,decaps,1471165
1529,bike,varying-ct,decaps,1443947
1530,bike,varying-ct,decaps,1468942
1531,bike,varying-ct,decaps,1425401
1532,bike,varying-ct,decaps,1859049
1533,bike,varying-ct,decaps,1766212
1534,bike,varying-ct,decaps,2524683
1535,bike,varying-ct,decaps,1803604
1536,bike,varying-ct,decaps,1805684
1537,bike,varying-ct,decaps,1635774
1538,bike,varying-ct,decaps,1472022
1539,bike,varying-ct,decaps,1988216
1540,bike,varying-ct,decaps,1560443
1541,bike,varying-ct,decaps,2148262
1542,bike,varying-ct,decaps,1804336
1543,bike,varying-ct,decaps,1833212
1544,bike,varying-ct,decaps,1591681
1545,bike,varying-ct,decaps,1401849
1546,bike,varying-ct,decaps,1449125
1547,bike,varying-ct,decaps,1454192
1548,bike,varying-ct,decaps,1459685
1549,bike,varying-ct,decaps,1419731
1550,bike,varying-ct,decaps,1826744
1551,bike,varying-ct,decaps,1931722
1552,bike,varying-ct,decaps,1869814
1553,bike,varying-ct,decaps,1562573
1554,bike,varying-ct,decaps,1597995
1555,bike,varying-ct,decaps,1615289
1556,bike,varying-ct,decaps,1426954
1557,bike,varying-ct,decaps,1430728
1558,bike,varying-ct,decaps,1448822
1559,bike,varying-ct,decaps,1441975
1560,bike,varying-ct,decaps,1549224
1561,bike,varying-ct,decaps,1752785
1562,bike,varying-ct,decaps,1420696
1563,bike,varying-ct,decaps,1495067
1564,bike,varying-ct,decaps,1395372
1565,bike,varying-ct,decaps,1442227
1566,bike,varying-ct,decaps,1504557
1567,bike,varying-ct,decaps,2255427
1568,bike,varying-ct,decaps,2163283
1569,bike,varying-ct,decaps,2410751
1570,bike,varying-ct,decaps,2392746
1571,bike,varying-ct,decaps,2193547
1572,bike,varying-ct,decaps,2365482
1573,bike,varying-ct,decaps,2345220
1574,bike,varying-ct,decaps,2093113
1575,bike,varying-ct,decaps,1656546
1576,bike,varying-ct,decaps,1736950
1577,bike,varying-ct,decaps,2042707
1578,bike,varying-ct,decaps,2130263
1579,bike,varying-ct,decaps,1731034
1580,bike,varying-ct,decaps,1726178
1581,bike,varying-ct,decaps,1584455
1582,bike,varying-ct,decaps,1845279
1583,bike,varying-ct,decaps,1522092
1584,bike,varying-ct,decaps,2122598
1585,bike,varying-ct,decaps,2030901
1586,bike,varying-ct,decaps,2165704
1587,bike,varying-ct,decaps,1895306
1588,bike,varying-ct,decaps,1858353
1589,bike,varying-ct,decaps,1686295
1590,bike,varying-ct,decaps,1724926
1591,bike,varying-ct,decaps,1735511
1592,bike,varying-ct,decaps,2078945
1593,bike,varying-ct,decaps,2161600
1594,bike,varying-ct,decaps,1915568
1595,bike,varying-ct,decaps,1752067
1596,bike,varying-ct,decaps,1782027
1597,bike,varying-ct,decaps,1670785
1598,bike,varying-ct,decaps,1698079
1599,bike,varying-ct,decaps,1675181
1600,bike,varying-ct,decaps,1911801
1601,bike,varying-ct,decaps,2107941
1602,bike,varying-ct,decaps,1988099
1603,bike,varying-ct,decaps,2302793
1604,bike,varying-ct,decaps,2405216
1605,bike,varying-ct,decaps,2304071
1606,bike,varying-ct,decaps,2366880
1607,bike,varying-ct,decaps,2313755
1608,bike,varying-ct,decaps,2599146
1609,bike,varying-ct,decaps,2100039
1610,bike,varying-ct,decaps,2365137
1611,bike,varying-ct,decaps,2271407
1612,bike,varying-ct,decaps,1566694
1613,bike,varying-ct,decaps,1515755
1614,bike,varying-ct,decaps,1925499
1615,bike,varying-ct,decaps,2057649
1616,bike,varying-ct,decaps,1792076
1617,bike,varying-ct,decaps,1612116
1618,bike,varying-ct,decaps,1741438
1619,bike,varying-ct,decaps,1676939
1620,bike,varying-ct,decaps,1606642
1621,bike,varying-ct,decaps,1593124
1622,bike,varying-ct,decaps,1544347
1623,bike,varying-ct,decaps,1552456
1624,bike,varying-ct,decaps,1448148
1625,bike,varying-ct,decaps,1506062
1626,bike,varying-ct,decaps,1420025
1627,bike,varying-ct,decaps,1959869
1628,bike,varying-ct,decaps,1464761
1629,bike,varying-ct,decaps,1416349
1630,bike,varying-ct,decaps,1421506
1631,bike,varying-ct,decaps,1574628
1632,bike,varying-ct,decaps,1689633
1633,bike,varying-ct,decaps,2526619
1634,bike,varying-ct,decaps,3138066
1635,bike,varying-ct,decaps,2898679
1636,bike,varying-ct,decaps,1717162
1637,bike,varying-ct,decaps,1693127
1638,bike,varying-ct,decaps,1540257
1639,bike,varying-ct,decaps,1592701
1640,bike,varying-ct,decaps,1569736
1641,bike,varying-ct,decaps,1635286
1642,bike,varying-ct,decaps,1745634
1643,bike,varying-ct,decaps,1698649
1644,bike,varying-ct,decaps,1935049
1645,bike,varying-ct,decaps,1704260
1646,bike,varying-ct,decaps,1833693
1647,bike,varying-ct,decaps,1484525
1648,bike,varying-ct,decaps,1797746
1649,bike,varying-ct,decaps,1608324
1650,bike,varying-ct,decaps,1654471
1651,bike,varying-ct,decaps,1913686
1652,bike,varying-ct,decaps,1911988
1653,bike,varying-ct,decaps,1741825
1654,bike,varying-ct,decaps,1795060
1655,bike,varying-ct,decaps,1488612
1656,bike,varying-ct,decaps,1490703
1657,bike,varying-ct,decaps,1563922
1658,bike,varying-ct,decaps,1487411
1659,bike,varying-ct,decaps,1513936
1660,bike,varying-ct,decaps,1704104
1661,bike,varying-ct,decaps,1997121
1662,bike,varying-ct,decaps,1700484
1663,bike,varying-ct,decaps,1475328
1664,bike,varying-ct,decaps,1536914
1665,bike,varying-ct,decaps,1473027
1666,bike,varying-ct,decaps,1518548
1667,bike,varying-ct,decaps,2422691
1668,bike,varying-ct,decaps,2757604
1669,bike,varying-ct,decaps,2906734
1670,bike,varying-ct,decaps,2778222
1671,bike,varying-ct,decaps,2682810
1672,bike,varying-ct,decaps,1544036
1673,bike,varying-ct,decaps,1717595
1674,bike,varying-ct,decaps,1832921
1675,bike,varying-ct,decaps,1756706
1676,bike,varying-ct,decaps,1712771
1677,bike,varying-ct,decaps,2129790
1678,bike,varying-ct,decaps,1859891
1679,bike,varying-ct,decaps,1727410
1680,bike,varying-ct,decaps,1630032
1681,bike,varying-ct,decaps,1730836
1682,bike,varying-ct,decaps,1624375
1683,bike,varying-ct,decaps,1725133
1684,bike,varying-ct,decaps,1682180
1685,bike,varying-ct,decaps,1964711
1686,bike,varying-ct,decaps,2088042
1687,bike,varying-ct,decaps,1786579
1688,bike,varying-ct,decaps,1870543
1689,bike,varying-ct,decaps,1498733
1690,bike,varying-ct,decaps,1462787
1691,bike,varying-ct,decaps,1649495
1692,bike,varying-ct,decaps,1701224
1693,bike,varying-ct,decaps,1645828
1694,bike,varying-ct,decaps,1727309
1695,bike,varying-ct,decaps,2148634
1696,bike,varying-ct,decaps,1767550
1697,bike,varying-ct,decaps,1600533
1698,bike,varying-ct,decaps,1605409
1699,bike,varying-ct,decaps,1563177
1700,bike,varying-ct,decaps,1741458
1701,bike,varying-ct,decaps,1860039
1702,bike,varying-ct,decaps,1901899
1703,bike,varying-ct,decaps,1970659
1704,bike,varying-ct,decaps,2325245
1705,bike,varying-ct,decaps,1718815
1706,bike,varying-ct,decaps,1633799
1707,bike,varying-ct,decaps,1392770
1708,bike,varying-ct,decaps,1410595
1709,bike,varying-ct,decaps,1442764
1710,bike,varying-ct,decaps,1335150
1711,bike,varying-ct,decaps,1340404
1712,bike,varying-ct,decaps,1778532
1713,bike,varying-ct,decaps,1661259
1714,bike,varying-ct,decaps,1976500
1715,bike,varying-ct,decaps,1723012
1716,bike,varying-ct,decaps,1589022
1717,bike,varying-ct,decaps,1379709
1718,bike,varying-ct,decaps,1404489
1719,bike,varying-ct,decaps,1316460
1720,bike,varying-ct,decaps,1314712
1721,bike,varying-ct,decaps,1369510
1722,bike,varying-ct,decaps,1734039
1723,bike,varying-ct,decaps,1586608
1724,bike,varying-ct,decaps,1967621
1725,bike,varying-ct,decaps,1677517
1726,bike,varying-ct,decaps,1628008
1727,bike,varying-ct,decaps,1379849
1728,bike,varying-ct,decaps,1315908
1729,bike,varying-ct,decaps,1321879
1730,bike,varying-ct,decaps,1355083
1731,bike,varying-ct,decaps,1377982
1732,bike,varying-ct,decaps,1679472
1733,bike,varying-ct,decaps,1736676
1734,bike,varying-ct,decaps,1964414
1735,bike,varying-ct,decaps,1439097
1736,bike,varying-ct,decaps,1348886
1737,bike,varying-ct,decaps,1317993
1738,bike,varying-ct,decaps,1325566
1739,bike,varying-ct,decaps,1350578
1740,bike,varying-ct,decaps,1344391
1741,bike,varying-ct,decaps,1322825
1742,bike,varying-ct,decaps,1915951
1743,bike,varying-ct,decaps,2267455
1744,bike,varying-ct,decaps,2100919
1745,bike,varying-ct,decaps,1618667
1746,bike,varying-ct,decaps,1508066
1747,bike,varying-ct,decaps,1495490
1748,bike,varying-ct,decaps,1474603
1749,bike,varying-ct,decaps,1496319
1750,bike,varying-ct,decaps,1514783
1751,bike,varying-ct,decaps,1627823
1752,bike,varying-ct,decaps,2014246
1753,bike,varying-ct,decaps,1995672
1754,bike,varying-ct,decaps,1978945
1755,bike,varying-ct,decaps,1490340
1756,bike,varying-ct,decaps,1473737
1757,bike,varying-ct,decaps,1471671
1758,bike,varying-ct,decaps,1496899
1759,bike,varying-ct,decaps,1475820
1760,bike,varying-ct,decaps,1543928
1761,bike,varying-ct,decaps,2260293
1762,bike,varying-ct,decaps,2076587
1763,bike,varying-ct,decaps,1602587
1764,bike,varying-ct,decaps,1520497
1765,bike,varying-ct,decaps,1520924
1766,bike,varying-ct,decaps,1578276
1767,bike,varying-ct,decaps,1564880
1768,bike,varying-ct,decaps,1471746
1769,bike,varying-ct,decaps,1545888
1770,bike,varying-ct,decaps,1532851
1771,bike,varying-ct,decaps,1577437
1772,bike,varying-ct,decaps,1721160
1773,bike,varying-ct,decaps,1472022
1774,bike,varying-ct,decaps,1489697
1775,bike,varying-ct,decaps,1472579
1776,bike,varying-ct,decaps,1470764
1777,bike,varying-ct,decaps,1486900
1778,bike,varying-ct,decaps,1541170
1779,bike,varying-ct,decaps,1527551
1780,bike,varying-ct,decaps,1515989
1781,bike,varying-ct,decaps,1408239
1782,bike,varying-ct,decaps,1515312
1783,bike,varying-ct,decaps,1375171
1784,bike,varying-ct,decaps,1248739
1785,bike,varying-ct,decaps,1196329
1786,bike,varying-ct,decaps,1189779
1787,bike,varying-ct,decaps,1362735
1788,bike,varying-ct,decaps,1271887
1789,bike,varying-ct,decaps,1330733
1790,bike,varying-ct,decaps,1217865
1791,bike,varying-ct,decaps,1167073
1792,bike,varying-ct,decaps,1704092
1793,bike,varying-ct,decaps,1310704
1794,bike,varying-ct,decaps,1417980
1795,bike,varying-ct,decaps,1780410
1796,bike,varying-ct,decaps,1264644
1797,bike,varying-ct,decaps,1248883
1798,bike,varying-ct,decaps,1256495
1799,bike,varying-ct,decaps,1332093
1800,bike,varying-ct,decaps,1247752
1801,bike,varying-ct,decaps,1266806
1802,bike,varying-ct,decaps,1248819
1803,bike,varying-ct,decaps,1379123
1804,bike,varying-ct,decaps,1331345
1805,bike,varying-ct,decaps,1299276
1806,bike,varying-ct,decaps,1633032
1807,bike,varying-ct,decaps,1329576
1808,bike,varying-ct,decaps,1087683
1809,bike,varying-ct,decaps,1137435
1810,bike,varying-ct,decaps,1233598
1811,bike,varying-ct,decaps,1086689
1812,bike,varying-ct,decaps,1110278
1813,bike,varying-ct,decaps,1499326
1814,bike,varying-ct,decaps,1115263
1815,bike,varying-ct,decaps,1538362
1816,bike,varying-ct,decaps,1692154
1817,bike,varying-ct,decaps,1523510
1818,bike,varying-ct,decaps,1698899
1819,bike,varying-ct,decaps,1350364
1820,bike,varying-ct,decaps,1295764
1821,bike,varying-ct,decaps,1348565
1822,bike,varying-ct,decaps,1249711
1823,bike,varying-ct,decaps,1258266
1824,bike,varying-ct,decaps,1255282
1825,bike,varying-ct,decaps,1249445
1826,bike,varying-ct,decaps,1384572
1827,bike,varying-ct,decaps,1340230
1828,bike,varying-ct,decaps,1260085
1829,bike,varying-ct,decaps,1474598
1830,bike,varying-ct,decaps,1710556
1831,bike,varying-ct,decaps,1251425
1832,bike,varying-ct,decaps,1283587
1833,bike,varying-ct,decaps,1249295
1834,bike,varying-ct,decaps,1298357
1835,bike,varying-ct,decaps,1381227
1836,bike,varying-ct,decaps,1384273
1837,bike,varying-ct,decaps,1424528
1838,bike,varying-ct,decaps,1534777
1839,bike,varying-ct,decaps,1121133
1840,bike,varying-ct,decaps,1638323
1841,bike,varying-ct,decaps,1597887
1842,bike,varying-ct,decaps,1124945
1843,bike,varying-ct,decaps,1299462
1844,bike,varying-ct,decaps,1123166
1845,bike,varying-ct,decaps,1248851
1846,bike,varying-ct,decaps,1334322
1847,bike,varying-ct,decaps,1317386
1848,bike,varying-ct,decaps,1237365
1849,bike,varying-ct,decaps,1324140
1850,bike,varying-ct,decaps,1524135
1851,bike,varying-ct,decaps,1196704
1852,bike,varying-ct,decaps,1523561
1853,bike,varying-ct,decaps,1613660
1854,bike,varying-ct,decaps,1155729
1855,bike,varying-ct,decaps,1086579
1856,bike,varying-ct,decaps,1086303
1857,bike,varying-ct,decaps,1302841
1858,bike,varying-ct,decaps,1388414
1859,bike,varying-ct,decaps,1378767
1860,bike,varying-ct,decaps,1180265
1861,bike,varying-ct,decaps,1164608
1862,bike,varying-ct,decaps,1362895
1863,bike,varying-ct,decaps,1402708
1864,bike,varying-ct,decaps,1476282
1865,bike,varying-ct,decaps,1678311
1866,bike,varying-ct,decaps,1250027
1867,bike,varying-ct,decaps,1250984
1868,bike,varying-ct,decaps,1287296
1869,bike,varying-ct,decaps,1250975
1870,bike,varying-ct,decaps,1251327
1871,bike,varying-ct,decaps,1513015
1872,bike,varying-ct,decaps,1252769
1873,bike,varying-ct,decaps,1497070
1874,bike,varying-ct,decaps,1267742
1875,bike,varying-ct,decaps,1352678
1876,bike,varying-ct,decaps,1607183
1877,bike,varying-ct,decaps,1155799
1878,bike,varying-ct,decaps,1125293
1879,bike,varying-ct,decaps,1128144
1880,bike,varying-ct,decaps,1483945
1881,bike,varying-ct,decaps,1214081
1882,bike,varying-ct,decaps,1085680
1883,bike,varying-ct,decaps,1137189
1884,bike,varying-ct,decaps,1137822
1885,bike,varying-ct,decaps,1365388
1886,bike,varying-ct,decaps,1443705
1887,bike,varying-ct,decaps,1242819
1888,bike,varying-ct,decaps,1400609
1889,bike,varying-ct,decaps,1567660
1890,bike,varying-ct,decaps,1247367
1891,bike,varying-ct,decaps,1284339
1892,bike,varying-ct,decaps,1357894
1893,bike,varying-ct,decaps,1112267
1894,bike,varying-ct,decaps,1224930
1895,bike,varying-ct,decaps,1187539
1896,bike,varying-ct,decaps,1139615
1897,bike,varying-ct,decaps,1469932
1898,bike,varying-ct,decaps,1465384
1899,bike,varying-ct,decaps,1184179
1900,bike,varying-ct,decaps,1591938
1901,bike,varying-ct,decaps,1508732
1902,bike,varying-ct,decaps,1490360
1903,bike,varying-ct,decaps,1468712
1904,bike,varying-ct,decaps,1474519
1905,bike,varying-ct,decaps,1479170
1906,bike,varying-ct,decaps,1399237
1907,bike,varying-ct,decaps,1231221
1908,bike,varying-ct,decaps,1679181
1909,bike,varying-ct,decaps,1359432
1910,bike,varying-ct,decaps,1511487
1911,bike,varying-ct,decaps,1652621
1912,bike,varying-ct,decaps,1191281
1913,bike,varying-ct,decaps,1332711
1914,bike,varying-ct,decaps,1262487
1915,bike,varying-ct,decaps,1349793
1916,bike,varying-ct,decaps,1264668
1917,bike,varying-ct,decaps,1284778
1918,bike,varying-ct,decaps,1349335
1919,bike,varying-ct,decaps,1507078
1920,bike,varying-ct,decaps,1362842
1921,bike,varying-ct,decaps,1305043
1922,bike,varying-ct,decaps,1588053
1923,bike,varying-ct,decaps,1555180
1924,bike,varying-ct,decaps,1361531
1925,bike,varying-ct,decaps,1087691
1926,bike,varying-ct,decaps,1130832
1927,bike,varying-ct,decaps,1392591
1928,bike,varying-ct,decaps,1158912
1929,bike,varying-ct,decaps,1374049
1930,bike,varying-ct,decaps,1405636
1931,bike,varying-ct,decaps,1516591
1932,bike,varying-ct,decaps,1334914
1933,bike,varying-ct,decaps,1583437
1934,bike,varying-ct,decaps,1831684
1935,bike,varying-ct,decaps,1319500
1936,bike,varying-ct,decaps,1316188
1937,bike,varying-ct,decaps,1183360
1938,bike,varying-ct,decaps,1349139
1939,bike,varying-ct,decaps,1312551
1940,bike,varying-ct,decaps,1411530
1941,bike,varying-ct,decaps,1504443
1942,bike,varying-ct,decaps,1875315
1943,bike,varying-ct,decaps,1471356
1944,bike,varying-ct,decaps,1665723
1945,bike,varying-ct,decaps,1502691
1946,bike,varying-ct,decaps,1316756
1947,bike,varying-ct,decaps,1360333
1948,bike,varying-ct,decaps,1470857
1949,bike,varying-ct,decaps,1318125
1950,bike,varying-ct,decaps,1345299
1951,bike,varying-ct,decaps,1358040
1952,bike,varying-ct,decaps,1441085
1953,bike,varying-ct,decaps,1411602
1954,bike,varying-ct,decaps,1279712
1955,bike,varying-ct,decaps,1716741
1956,bike,varying-ct,decaps,1573163
1957,bike,varying-ct,decaps,1292733
1958,bike,varying-ct,decaps,1179002
1959,bike,varying-ct,decaps,1249892
1960,bike,varying-ct,decaps,1088231
1961,bike,varying-ct,decaps,1470416
1962,bike,varying-ct,decaps,1576574
1963,bike,varying-ct,decaps,1400067
1964,bike,varying-ct,decaps,1397959
1965,bike,varying-ct,decaps,1135971
1966,bike,varying-ct,decaps,1530593
1967,bike,varying-ct,decaps,1628395
1968,bike,varying-ct,decaps,1318083
1969,bike,varying-ct,decaps,1317108
1970,bike,varying-ct,decaps,1321151
1971,bike,varying-ct,decaps,1329217
1972,bike,varying-ct,decaps,1354878
1973,bike,varying-ct,decaps,1327441
1974,bike,varying-ct,decaps,1410892
1975,bike,varying-ct,decaps,1676507
1976,bike,varying-ct,decaps,1393593
1977,bike,varying-ct,decaps,1589920
1978,bike,varying-ct,decaps,1654391
1979,bike,varying-ct,decaps,1344101
1980,bike,varying-ct,decaps,1362841
1981,bike,varying-ct,decaps,1329930
1982,bike,varying-ct,decaps,1340711
1983,bike,varying-ct,decaps,1331159
1984,bike,varying-ct,decaps,1226648
1985,bike,varying-ct,decaps,1371679
1986,bike,varying-ct,decaps,1548892
1987,bike,varying-ct,decaps,1145605
1988,bike,varying-ct,decaps,1503675
1989,bike,varying-ct,decaps,1743574
1990,bike,varying-ct,decaps,1338015
1991,bike,varying-ct,decaps,1261757
1992,bike,varying-ct,decaps,1091491
1993,bike,varying-ct,decaps,1362815
1994,bike,varying-ct,decaps,1409958
1995,bike,varying-ct,decaps,1150866
1996,bike,varying-ct,decaps,1282180
1997,bike,varying-ct,decaps,1459581
1998,bike,varying-ct,decaps,1141443
1999,bike,varying-ct,decaps,1213853
2000,bike,varying-ct,decaps,1849741
2001,bike,varying-ct,decaps,1517001
2002,bike,varying-ct,decaps,1137030
2003,bike,varying-ct,decaps,1187621
2004,bike,varying-ct,decaps,1381024
2005,bike,varying-ct,decaps,1485018
2006,bike,varying-ct,decaps,1667966
2007,bike,varying-ct,decaps,1188407
2008,bike,varying-ct,decaps,1621486
2009,bike,varying-ct,decaps,1415983
2010,bike,varying-ct,decaps,1346673
2011,bike,varying-ct,decaps,1777053
2012,bike,varying-ct,decaps,1417002
2013,bike,varying-ct,decaps,1316313
2014,bike,varying-ct,decaps,1408121
2015,bike,varying-ct,decaps,1330954
2016,bike,varying-ct,decaps,1418743
2017,bike,varying-ct,decaps,1450742
2018,bike,varying-ct,decaps,1480250
2019,bike,varying-ct,decaps,1613986
2020,bike,varying-ct,decaps,1322450
2021,bike,varying-ct,decaps,1532730
2022,bike,varying-ct,decaps,1813755
2023,bike,varying-ct,decaps,1323436
2024,bike,varying-ct,decaps,1341346
2025,bike,varying-ct,decaps,1385277
2026,bike,varying-ct,decaps,1422652
2027,bike,varying-ct,decaps,1336916
2028,bike,varying-ct,decaps,1335472
2029,bike,varying-ct,decaps,1607050
2030,bike,varying-ct,decaps,1938357
2031,bike,varying-ct,decaps,1426952
2032,bike,varying-ct,decaps,1871411
2033,bike,varying-ct,decaps,1662054
2034,bike,varying-ct,decaps,1368569
2035,bike,varying-ct,decaps,1351266
2036,bike,varying-ct,decaps,1389270
2037,bike,varying-ct,decaps,1476088
2038,bike,varying-ct,decaps,1360706
2039,bike,varying-ct,decaps,1349149
2040,bike,varying-ct,decaps,1718409
2041,bike,varying-ct,decaps,1480934
2042,bike,varying-ct,decaps,1915126
2043,bike,varying-ct,decaps,1677471
2044,bike,varying-ct,decaps,1519673
2045,bike,varying-ct,decaps,1536216
2046,bike,varying-ct,decaps,1596489
2047,bike,varying-ct,decaps,1904126
2048,bike,varying-ct,decaps,1748773
2049,bike,varying-ct,decaps,1668897
2050,bike,varying-ct,decaps,1472892
2051,bike,varying-ct,decaps,1735668
2052,bike,varying-ct,decaps,1694479
2053,bike,varying-ct,decaps,1630787
2054,bike,varying-ct,decaps,1622170
2055,bike,varying-ct,decaps,1670438
2056,bike,varying-ct,decaps,1482493
2057,bike,varying-ct,decaps,1533038
2058,bike,varying-ct,decaps,1487926
2059,bike,varying-ct,decaps,1645286
2060,bike,varying-ct,decaps,1484284
2061,bike,varying-ct,decaps,1565479
2062,bike,varying-ct,decaps,2359769
2063,bike,varying-ct,decaps,1890239
2064,bike,varying-ct,decaps,1337738
2065,bike,varying-ct,decaps,1298580
2066,bike,varying-ct,decaps,1193480
2067,bike,varying-ct,decaps,1247277
2068,bike,varying-ct,decaps,1192499
2069,bike,varying-ct,decaps,1719359
2070,bike,varying-ct,decaps,1390305
2071,bike,varying-ct,decaps,1382406
2072,bike,varying-ct,decaps,2062947
2073,bike,varying-ct,decaps,1863208
2074,bike,varying-ct,decaps,1557030
2075,bike,varying-ct,decaps,1319933
2076,bike,varying-ct,decaps,1453042
2077,bike,varying-ct,decaps,1290512
2078,bike,varying-ct,decaps,1210268
2079,bike,varying-ct,decaps,1419891
2080,bike,varying-ct,decaps,1692021
2081,bike,varying-ct,decaps,1727495
2082,bike,varying-ct,decaps,2399364
2083,bike,varying-ct,decaps,1832869
2084,bike,varying-ct,decaps,1344367
2085,bike,varying-ct,decaps,1252154
2086,bike,varying-ct,decaps,1332472
2087,bike,varying-ct,decaps,1294684
2088,bike,varying-ct,decaps,1234045
2089,bike,varying-ct,decaps,1391966
2090,bike,varying-ct,decaps,1569627
2091,bike,varying-ct,decaps,1606111
2092,bike,varying-ct,decaps,2439484
2093,bike,varying-ct,decaps,2114652
2094,bike,varying-ct,decaps,1252752
2095,bike,varying-ct,decaps,1253267
2096,bike,varying-ct,decaps,1272551
2097,bike,varying-ct,decaps,1195522
2098,bike,varying-ct,decaps,1191384
2099,bike,varying-ct,decaps,1408491
2100,bike,varying-ct,decaps,1627046
2101,bike,varying-ct,decaps,1661954
2102,bike,varying-ct,decaps,1935311
2103,bike,varying-ct,decaps,2276716
2104,bike,varying-ct,decaps,1253222
2105,bike,varying-ct,decaps,1363105
2106,bike,varying-ct,decaps,1289277
2107,bike,varying-ct,decaps,1193040
2108,bike,varying-ct,decaps,1188656
2109,bike,varying-ct,decaps,1866881
2110,bike,varying-ct,decaps,1758588
2111,bike,varying-ct,decaps,1429667
2112,bike,varying-ct,decaps,1961276
2113,bike,varying-ct,decaps,2307837
2114,bike,varying-ct,decaps,1254108
2115,bike,varying-ct,decaps,1321737
2116,bike,varying-ct,decaps,1253758
2117,bike,varying-ct,decaps,1260051
2118,bike,varying-ct,decaps,1292955
2119,bike,varying-ct,decaps,1403667
2120,bike,varying-ct,decaps,1465544
2121,bike,varying-ct,decaps,1245096
2122,bike,varying-ct,decaps,1195061
2123,bike,varying-ct,decaps,1961912
2124,bike,varying-ct,decaps,1647971
2125,bike,varying-ct,decaps,1192400
2126,bike,varying-ct,decaps,1432288
2127,bike,varying-ct,decaps,1404366
2128,bike,varying-ct,decaps,1245184
2129,bike,varying-ct,decaps,1327043
2130,bike,varying-ct,decaps,1224682
2131,bike,varying-ct,decaps,1690619
2132,bike,varying-ct,decaps,1288085
2133,bike,varying-ct,decaps,1277558
2134,bike,varying-ct,decaps,2152683
2135,bike,varying-ct,decaps,1493726
2136,bike,varying-ct,decaps,1138738
2137,bike,varying-ct,decaps,1226509
2138,bike,varying-ct,decaps,1233412
2139,bike,varying-ct,decaps,1135555
2140,bike,varying-ct,decaps,1441451
2141,bike,varying-ct,decaps,1185177
2142,bike,varying-ct,decaps,1694685
2143,bike,varying-ct,decaps,1351158
2144,bike,varying-ct,decaps,1252341
2145,bike,varying-ct,decaps,1675002
2146,bike,varying-ct,decaps,1395287
2147,bike,varying-ct,decaps,1144817
2148,bike,varying-ct,decaps,1230650
2149,bike,varying-ct,decaps,1149945
2150,bike,varying-ct,decaps,1133755
2151,bike,varying-ct,decaps,1208926
2152,bike,varying-ct,decaps,1128858
2153,bike,varying-ct,decaps,1114104
2154,bike,varying-ct,decaps,1522269
2155,bike,varying-ct,decaps,1866932
2156,bike,varying-ct,decaps,1336352
2157,bike,varying-ct,decaps,1837210
2158,bike,varying-ct,decaps,1339435
2159,bike,varying-ct,decaps,1648293
2160,bike,varying-ct,decaps,1381397
2161,bike,varying-ct,decaps,1721334
2162,bike,varying-ct,decaps,1239762
2163,bike,varying-ct,decaps,1191783
2164,bike,varying-ct,decaps,1448024
2165,bike,varying-ct,decaps,1364401
2166,bike,varying-ct,decaps,1407351
2167,bike,varying-ct,decaps,1458183
2168,bike,varying-ct,decaps,1202615
2169,bike,varying-ct,decaps,1197519
2170,bike,varying-ct,decaps,1370285
2171,bike,varying-ct,decaps,1306089
2172,bike,varying-ct,decaps,1445095
2173,bike,varying-ct,decaps,1403120
2174,bike,varying-ct,decaps,1368356
2175,bike,varying-ct,decaps,1634697
2176,bike,varying-ct,decaps,2650260
2177,bike,varying-ct,decaps,2765156
2178,bike,varying-ct,decaps,1636906
2179,bike,varying-ct,decaps,1324311
2180,bike,varying-ct,decaps,1264619
2181,bike,varying-ct,decaps,1595263
2182,bike,varying-ct,decaps,2210545
2183,bike,varying-ct,decaps,1349786
2184,bike,varying-ct,decaps,1276225
2185,bike,varying-ct,decaps,1249158
2186,bike,varying-ct,decaps,1188454
2187,bike,varying-ct,decaps,1199342
2188,bike,varying-ct,decaps,1478617
2189,bike,varying-ct,decaps,1305006
2190,bike,varying-ct,decaps,1324600
2191,bike,varying-ct,decaps,1204582
2192,bike,varying-ct,decaps,1259031
2193,bike,varying-ct,decaps,1279929
2194,bike,varying-ct,decaps,1237163
2195,bike,varying-ct,decaps,1374465
2196,bike,varying-ct,decaps,1163220
2197,bike,varying-ct,decaps,1748967
2198,bike,varying-ct,decaps,2303411
2199,bike,varying-ct,decaps,1676009
2200,bike,varying-ct,decaps,1250544
2201,bike,varying-ct,decaps,1215987
2202,bike,varying-ct,decaps,1333868
2203,bike,varying-ct,decaps,1265813
2204,bike,varying-ct,decaps,1315606
2205,bike,varying-ct,decaps,1241632
2206,bike,varying-ct,decaps,1543450
2207,bike,varying-ct,decaps,1850284
2208,bike,varying-ct,decaps,1973929
2209,bike,varying-ct,decaps,1588188
2210,bike,varying-ct,decaps,1549615
2211,bike,varying-ct,decaps,1206413
2212,bike,varying-ct,decaps,1354189
2213,bike,varying-ct,decaps,1195074
2214,bike,varying-ct,decaps,1198338
2215,bike,varying-ct,decaps,1313132
2216,bike,varying-ct,decaps,1238535
2217,bike,varying-ct,decaps,1194046
2218,bike,varying-ct,decaps,1527922
2219,bike,varying-ct,decaps,1617799
2220,bike,varying-ct,decaps,1333122
2221,bike,varying-ct,decaps,1432420
2222,bike,varying-ct,decaps,1311223
2223,bike,varying-ct,decaps,1315110
2224,bike,varying-ct,decaps,1234650
2225,bike,varying-ct,decaps,1308040
2226,bike,varying-ct,decaps,1798707
2227,bike,varying-ct,decaps,1392808
2228,bike,varying-ct,decaps,1135763
2229,bike,varying-ct,decaps,1906304
2230,bike,varying-ct,decaps,1397617
2231,bike,varying-ct,decaps,1308249
2232,bike,varying-ct,decaps,1375160
2233,bike,varying-ct,decaps,1188712
2234,bike,varying-ct,decaps,1274033
2235,bike,varying-ct,decaps,1318886
2236,bike,varying-ct,decaps,1203135
2237,bike,varying-ct,decaps,1426142
2238,bike,varying-ct,decaps,1487959
2239,bike,varying-ct,decaps,1120896
2240,bike,varying-ct,decaps,1575424
2241,bike,varying-ct,decaps,1680593
2242,bike,varying-ct,decaps,1864918
2243,bike,varying-ct,decaps,1611259
2244,bike,varying-ct,decaps,1267696
2245,bike,varying-ct,decaps,1185175
2246,bike,varying-ct,decaps,1161729
2247,bike,varying-ct,decaps,1252693
2248,bike,varying-ct,decaps,1638976
2249,bike,varying-ct,decaps,1112369
2250,bike,varying-ct,decaps,1270229
2251,bike,varying-ct,decaps,1672554
2252,bike,varying-ct,decaps,1657021
2253,bike,varying-ct,decaps,1376138
2254,bike,varying-ct,decaps,1682455
2255,bike,varying-ct,decaps,1304370
2256,bike,varying-ct,decaps,1269909
2257,bike,varying-ct,decaps,1190226
2258,bike,varying-ct,decaps,1451030
2259,bike,varying-ct,decaps,1242623
2260,bike,varying-ct,decaps,1204244
2261,bike,varying-ct,decaps,1145122
2262,bike,varying-ct,decaps,1335437
2263,bike,varying-ct,decaps,1398147
2264,bike,varying-ct,decaps,1334255
2265,bike,varying-ct,decaps,1411027
2266,bike,varying-ct,decaps,1494114
2267,bike,varying-ct,decaps,1114589
2268,bike,varying-ct,decaps,1099812
2269,bike,varying-ct,decaps,1265701
2270,bike,varying-ct,decaps,1300073
2271,bike,varying-ct,decaps,1391808
2272,bike,varying-ct,decaps,1242618
2273,bike,varying-ct,decaps,1086308
2274,bike,varying-ct,decaps,1139993
2275,bike,varying-ct,decaps,1475609
2276,bike,varying-ct,decaps,1356325
2277,bike,varying-ct,decaps,1634795
2278,bike,varying-ct,decaps,1384878
2279,bike,varying-ct,decaps,1183518
2280,bike,varying-ct,decaps,1091906
2281,bike,varying-ct,decaps,1318302
2282,bike,varying-ct,decaps,1718765
2283,bike,varying-ct,decaps,1234528
2284,bike,varying-ct,decaps,1138618
2285,bike,varying-ct,decaps,1135642
2286,bike,varying-ct,decaps,1595979
2287,bike,varying-ct,decaps,1671383
2288,bike,varying-ct,decaps,1120907
2289,bike,varying-ct,decaps,1491230
2290,bike,varying-ct,decaps,1389193
2291,bike,varying-ct,decaps,1148459
2292,bike,varying-ct,decaps,1179942
2293,bike,varying-ct,decaps,1330621
2294,bike,varying-ct,decaps,1130932
2295,bike,varying-ct,decaps,1337025
2296,bike,varying-ct,decaps,1189558
2297,bike,varying-ct,decaps,1085653
2298,bike,varying-ct,decaps,1174942
2299,bike,varying-ct,decaps,1132071
2300,bike,varying-ct,decaps,1629750
2301,bike,varying-ct,decaps,2062603
2302,bike,varying-ct,decaps,1478446
2303,bike,varying-ct,decaps,1181965
2304,bike,varying-ct,decaps,1139023
2305,bike,varying-ct,decaps,1163868
2306,bike,varying-ct,decaps,1224050
2307,bike,varying-ct,decaps,1315663
2308,bike,varying-ct,decaps,1119204
2309,bike,varying-ct,decaps,1163847
2310,bike,varying-ct,decaps,1085419
2311,bike,varying-ct,decaps,1092746
2312,bike,varying-ct,decaps,1818148
2313,bike,varying-ct,decaps,1948197
2314,bike,varying-ct,decaps,1377220
2315,bike,varying-ct,decaps,1127971
2316,bike,varying-ct,decaps,1194504
2317,bike,varying-ct,decaps,1163151
2318,bike,varying-ct,decaps,1128686
2319,bike,varying-ct,decaps,1270165
2320,bike,varying-ct,decaps,1126728
2321,bike,varying-ct,decaps,1160810
2322,bike,varying-ct,decaps,1085213
2323,bike,varying-ct,decaps,1528443
2324,bike,varying-ct,decaps,2086206
2325,bike,varying-ct,decaps,1538700
2326,bike,varying-ct,decaps,1233738
2327,bike,varying-ct,decaps,1146561
2328,bike,varying-ct,decaps,1148421
2329,bike,varying-ct,decaps,1309915
2330,bike,varying-ct,decaps,1198558
2331,bike,varying-ct,decaps,1681693
2332,bike,varying-ct,decaps,1534035
2333,bike,varying-ct,decaps,1493103
2334,bike,varying-ct,decaps,1461689
2335,bike,varying-ct,decaps,1749897
2336,bike,varying-ct,decaps,1829472
2337,bike,varying-ct,decaps,1285189
2338,bike,varying-ct,decaps,1220972
2339,bike,varying-ct,decaps,1255027
2340,bike,varying-ct,decaps,1311440
2341,bike,varying-ct,decaps,1340735
2342,bike,varying-ct,decaps,1244039
2343,bike,varying-ct,decaps,1205963
2344,bike,varying-ct,decaps,1135077
2345,bike,varying-ct,decaps,1287329
2346,bike,varying-ct,decaps,2134028
2347,bike,varying-ct,decaps,1925275
2348,bike,varying-ct,decaps,1141309
2349,bike,varying-ct,decaps,1304041
2350,bike,varying-ct,decaps,1210137
2351,bike,varying-ct,decaps,1134930
2352,bike,varying-ct,decaps,1126151
2353,bike,varying-ct,decaps,1312839
2354,bike,varying-ct,decaps,1131571
2355,bike,varying-ct,decaps,1161759
2356,bike,varying-ct,decaps,1246897
2357,bike,varying-ct,decaps,1281088
2358,bike,varying-ct,decaps,2046458
2359,bike,varying-ct,decaps,1737705
2360,bike,varying-ct,decaps,1108830
2361,bike,varying-ct,decaps,1338196
2362,bike,varying-ct,decaps,1122877
2363,bike,varying-ct,decaps,1123190
2364,bike,varying-ct,decaps,1413298
2365,bike,varying-ct,decaps,1194195
2366,bike,varying-ct,decaps,1085334
2367,bike,varying-ct,decaps,1162969
2368,bike,varying-ct,decaps,1086212
2369,bike,varying-ct,decaps,1300713
2370,bike,varying-ct,decaps,2128085
2371,bike,varying-ct,decaps,1588573
2372,bike,varying-ct,decaps,1094250
2373,bike,varying-ct,decaps,1187260
2374,bike,varying-ct,decaps,1089588
2375,bike,varying-ct,decaps,1185292
2376,bike,varying-ct,decaps,1326179
2377,bike,varying-ct,decaps,1265490
2378,bike,varying-ct,decaps,1213765
2379,bike,varying-ct,decaps,1158241
2380,bike,varying-ct,decaps,1087684
2381,bike,varying-ct,decaps,1450521
2382,bike,varying-ct,decaps,2042668
2383,bike,varying-ct,decaps,1377200
2384,bike,varying-ct,decaps,1372753
2385,bike,varying-ct,decaps,1089256
2386,bike,varying-ct,decaps,1256545
2387,bike,varying-ct,decaps,1200473
2388,bike,varying-ct,decaps,1181883
2389,bike,varying-ct,decaps,1186047
2390,bike,varying-ct,decaps,1184098
2391,bike,varying-ct,decaps,1086004
2392,bike,varying-ct,decaps,1087276
2393,bike,varying-ct,decaps,1542335
2394,bike,varying-ct,decaps,1724401
2395,bike,varying-ct,decaps,1852447
2396,bike,varying-ct,decaps,1132811
2397,bike,varying-ct,decaps,1161699
2398,bike,varying-ct,decaps,1170991
2399,bike,varying-ct,decaps,1687887
2400,bike,varying-ct,decaps,1423395
2401,bike,varying-ct,decaps,1196825
2402,bike,varying-ct,decaps,1169205
2403,bike,varying-ct,decaps,1136166
2404,bike,varying-ct,decaps,1759184
2405,bike,varying-ct,decaps,1571015
2406,bike,varying-ct,decaps,1512950
2407,bike,varying-ct,decaps,1193334
2408,bike,varying-ct,decaps,1143097
2409,bike,varying-ct,decaps,1214543
2410,bike,varying-ct,decaps,1165348
2411,bike,varying-ct,decaps,1086169
2412,bike,varying-ct,decaps,1136722
2413,bike,varying-ct,decaps,1189758
2414,bike,varying-ct,decaps,1326280
2415,bike,varying-ct,decaps,1085033
2416,bike,varying-ct,decaps,1586206
2417,bike,varying-ct,decaps,1477059
2418,bike,varying-ct,decaps,1612471
2419,bike,varying-ct,decaps,1142597
2420,bike,varying-ct,decaps,1096721
2421,bike,varying-ct,decaps,1293579
2422,bike,varying-ct,decaps,1332832
2423,bike,varying-ct,decaps,1087200
2424,bike,varying-ct,decaps,1170509
2425,bike,varying-ct,decaps,1085955
2426,bike,varying-ct,decaps,1128172
2427,bike,varying-ct,decaps,1085756
2428,bike,varying-ct,decaps,1346478
2429,bike,varying-ct,decaps,2061684
2430,bike,varying-ct,decaps,1686574
2431,bike,varying-ct,decaps,1236223
2432,bike,varying-ct,decaps,1098062
2433,bike,varying-ct,decaps,1227252
2434,bike,varying-ct,decaps,1306498
2435,bike,varying-ct,decaps,1112650
2436,bike,varying-ct,decaps,1290246
2437,bike,varying-ct,decaps,1190256
2438,bike,varying-ct,decaps,1086055
2439,bike,varying-ct,decaps,1152124
2440,bike,varying-ct,decaps,1388418
2441,bike,varying-ct,decaps,1285795
2442,bike,varying-ct,decaps,1634724
2443,bike,varying-ct,decaps,1273861
2444,bike,varying-ct,decaps,1172261
2445,bike,varying-ct,decaps,1093740
2446,bike,varying-ct,decaps,1379719
2447,bike,varying-ct,decaps,1086474
2448,bike,varying-ct,decaps,1180274
2449,bike,varying-ct,decaps,1188775
2450,bike,varying-ct,decaps,1085789
2451,bike,varying-ct,decaps,1167654
2452,bike,varying-ct,decaps,1162948
2453,bike,varying-ct,decaps,1545786
2454,bike,varying-ct,decaps,1691310
2455,bike,varying-ct,decaps,1462551
2456,bike,varying-ct,decaps,1191862
2457,bike,varying-ct,decaps,1165128
2458,bike,varying-ct,decaps,1391567
2459,bike,varying-ct,decaps,1225115
2460,bike,varying-ct,decaps,1196672
2461,bike,varying-ct,decaps,1334508
2462,bike,varying-ct,decaps,1179009
2463,bike,varying-ct,decaps,1085681
2464,bike,varying-ct,decaps,1132437
2465,bike,varying-ct,decaps,1707798
2466,bike,varying-ct,decaps,1868426
2467,bike,varying-ct,decaps,1346520
2468,bike,varying-ct,decaps,1114132
2469,bike,varying-ct,decaps,1089712
2470,bike,varying-ct,decaps,1231034
2471,bike,varying-ct,decaps,1239637
2472,bike,varying-ct,decaps,1085375
2473,bike,varying-ct,decaps,1241121
2474,bike,varying-ct,decaps,1160838
2475,bike,varying-ct,decaps,1085755
2476,bike,varying-ct,decaps,1237961
2477,bike,varying-ct,decaps,1818480
2478,bike,varying-ct,decaps,1720527
2479,bike,varying-ct,decaps,1685329
2480,bike,varying-ct,decaps,1453416
2481,bike,varying-ct,decaps,1153407
2482,bike,varying-ct,decaps,1205678
2483,bike,varying-ct,decaps,1181278
2484,bike,varying-ct,decaps,1120230
2485,bike,varying-ct,decaps,1249191
2486,bike,varying-ct,decaps,1128948
2487,bike,varying-ct,decaps,1391278
2488,bike,varying-ct,decaps,1980835
2489,bike,varying-ct,decaps,1411469
2490,bike,varying-ct,decaps,1696959
2491,bike,varying-ct,decaps,1131605
2492,bike,varying-ct,decaps,1145156
2493,bike,varying-ct,decaps,1283044
2494,bike,varying-ct,decaps,1181975
2495,bike,varying-ct,decaps,1164787
2496,bike,varying-ct,decaps,1215268
2497,bike,varying-ct,decaps,1086645
2498,bike,varying-ct,decaps,1128402
2499,bike,varying-ct,decaps,1150233
2500,bike,varying-ct,decaps,1394847
2501,bike,varying-ct,decaps,1322731
2502,bike,varying-ct,decaps,1892550
2503,bike,varying-ct,decaps,1178964
2504,bike,varying-ct,decaps,1162341
2505,bike,varying-ct,decaps,1282886
2506,bike,varying-ct,decaps,1349536
2507,bike,varying-ct,decaps,1085201
2508,bike,varying-ct,decaps,1290643
2509,bike,varying-ct,decaps,1118933
2510,bike,varying-ct,decaps,1104719
2511,bike,varying-ct,decaps,1140751
2512,bike,varying-ct,decaps,1438243
2513,bike,varying-ct,decaps,2195185
2514,bike,varying-ct,decaps,1773105
2515,bike,varying-ct,decaps,1167756
2516,bike,varying-ct,decaps,1210530
2517,bike,varying-ct,decaps,1152051
2518,bike,varying-ct,decaps,1178231
2519,bike,varying-ct,decaps,1286190
2520,bike,varying-ct,decaps,1295997
2521,bike,varying-ct,decaps,1085713
2522,bike,varying-ct,decaps,1154499
2523,bike,varying-ct,decaps,1184322
2524,bike,varying-ct,decaps,1844810
2525,bike,varying-ct,decaps,1960073
2526,bike,varying-ct,decaps,1628719
2527,bike,varying-ct,decaps,1586861
2528,bike,varying-ct,decaps,1317447
2529,bike,varying-ct,decaps,1230299
2530,bike,varying-ct,decaps,1187040
2531,bike,varying-ct,decaps,1261451
2532,bike,varying-ct,decaps,1205654
2533,bike,varying-ct,decaps,1175390
2534,bike,varying-ct,decaps,1299333
2535,bike,varying-ct,decaps,1696798
2536,bike,varying-ct,decaps,1152384
2537,bike,varying-ct,decaps,1624983
2538,bike,varying-ct,decaps,1241050
2539,bike,varying-ct,decaps,1109703
2540,bike,varying-ct,decaps,1215890
2541,bike,varying-ct,decaps,1263445
2542,bike,varying-ct,decaps,1171009
2543,bike,varying-ct,decaps,1226291
2544,bike,varying-ct,decaps,1305402
2545,bike,varying-ct,decaps,1086614
2546,bike,varying-ct,decaps,1085996
2547,bike,varying-ct,decaps,1724501
2548,bike,varying-ct,decaps,1805350
2549,bike,varying-ct,decaps,1717317
2550,bike,varying-ct,decaps,1263966
2551,bike,varying-ct,decaps,1150549
2552,bike,varying-ct,decaps,1354555
2553,bike,varying-ct,decaps,1250126
2554,bike,varying-ct,decaps,1087006
2555,bike,varying-ct,decaps,1270727
2556,bike,varying-ct,decaps,1086038
2557,bike,varying-ct,decaps,1140326
2558,bike,varying-ct,decaps,1222278
2559,bike,varying-ct,decaps,1598428
2560,bike,varying-ct,decaps,1319122
2561,bike,varying-ct,decaps,1694816
2562,bike,varying-ct,decaps,1378706
2563,bike,varying-ct,decaps,1093242
2564,bike,varying-ct,decaps,1286484
2565,bike,varying-ct,decaps,1200569
2566,bike,varying-ct,decaps,1128995
2567,bike,varying-ct,decaps,1307752
2568,bike,varying-ct,decaps,1127537
2569,bike,varying-ct,decaps,1099648
2570,bike,varying-ct,decaps,1190940
2571,bike,varying-ct,decaps,1477151
2572,bike,varying-ct,decaps,1221817
2573,bike,varying-ct,decaps,1567856
2574,bike,varying-ct,decaps,1476726
2575,bike,varying-ct,decaps,1259708
2576,bike,varying-ct,decaps,1089546
2577,bike,varying-ct,decaps,1350193
2578,bike,varying-ct,decaps,1123181
2579,bike,varying-ct,decaps,1403948
2580,bike,varying-ct,decaps,1132084
2581,bike,varying-ct,decaps,1222008
2582,bike,varying-ct,decaps,1087886
2583,bike,varying-ct,decaps,1530658
2584,bike,varying-ct,decaps,1273039
2585,bike,varying-ct,decaps,1372031
2586,bike,varying-ct,decaps,1445880
2587,bike,varying-ct,decaps,1169243
2588,bike,varying-ct,decaps,1204228
2589,bike,varying-ct,decaps,1086239
2590,bike,varying-ct,decaps,1193092
2591,bike,varying-ct,decaps,1313678
2592,bike,varying-ct,decaps,1177912
2593,bike,varying-ct,decaps,1145170
2594,bike,varying-ct,decaps,1087297
2595,bike,varying-ct,decaps,1286116
2596,bike,varying-ct,decaps,1357766
2597,bike,varying-ct,decaps,1265237
2598,bike,varying-ct,decaps,1582999
2599,bike,varying-ct,decaps,1445407
2600,bike,varying-ct,decaps,1247593
2601,bike,varying-ct,decaps,1085876
2602,bike,varying-ct,decaps,1253218
2603,bike,varying-ct,decaps,1154961
2604,bike,varying-ct,decaps,1195494
2605,bike,varying-ct,decaps,1204944
2606,bike,varying-ct,decaps,1086133
2607,bike,varying-ct,decaps,1106662
2608,bike,varying-ct,decaps,1621894
2609,bike,varying-ct,decaps,1230870
2610,bike,varying-ct,decaps,1473100
2611,bike,varying-ct,decaps,1382062
2612,bike,varying-ct,decaps,1179803
2613,bike,varying-ct,decaps,1087870
2614,bike,varying-ct,decaps,1348154
2615,bike,varying-ct,decaps,1153109
2616,bike,varying-ct,decaps,1285287
2617,bike,varying-ct,decaps,1210264
2618,bike,varying-ct,decaps,1099356
2619,bike,varying-ct,decaps,1111905
2620,bike,varying-ct,decaps,1761016
2621,bike,varying-ct,decaps,1289740
2622,bike,varying-ct,decaps,1500402
2623,bike,varying-ct,decaps,1403720
2624,bike,varying-ct,decaps,1252050
2625,bike,varying-ct,decaps,1460175
2626,bike,varying-ct,decaps,1530594
2627,bike,varying-ct,decaps,1147573
2628,bike,varying-ct,decaps,1223092
2629,bike,varying-ct,decaps,1086494
2630,bike,varying-ct,decaps,1186850
2631,bike,varying-ct,decaps,1160895
2632,bike,varying-ct,decaps,1627272
2633,bike,varying-ct,decaps,1280421
2634,bike,varying-ct,decaps,1613316
2635,bike,varying-ct,decaps,1405081
2636,bike,varying-ct,decaps,1444267
2637,bike,varying-ct,decaps,1149128
2638,bike,varying-ct,decaps,1085869
2639,bike,varying-ct,decaps,1128104
2640,bike,varying-ct,decaps,1313837
2641,bike,varying-ct,decaps,1527061
2642,bike,varying-ct,decaps,1695182
2643,bike,varying-ct,decaps,1720068
2644,bike,varying-ct,decaps,1292258
2645,bike,varying-ct,decaps,1557638
2646,bike,varying-ct,decaps,1683703
2647,bike,varying-ct,decaps,1398157
2648,bike,varying-ct,decaps,1252394
2649,bike,varying-ct,decaps,1158188
2650,bike,varying-ct,decaps,1314931
2651,bike,varying-ct,decaps,1320611
2652,bike,varying-ct,decaps,1087543
2653,bike,varying-ct,decaps,1141777
2654,bike,varying-ct,decaps,1454178
2655,bike,varying-ct,decaps,1821953
2656,bike,varying-ct,decaps,1581036
2657,bike,varying-ct,decaps,1642504
2658,bike,varying-ct,decaps,1264696
2659,bike,varying-ct,decaps,1156138
2660,bike,varying-ct,decaps,1153358
2661,bike,varying-ct,decaps,1367701
2662,bike,varying-ct,decaps,1393624
2663,bike,varying-ct,decaps,1142205
2664,bike,varying-ct,decaps,1178316
2665,bike,varying-ct,decaps,1210702
2666,bike,varying-ct,decaps,1949960
2667,bike,varying-ct,decaps,1923650
2668,bike,varying-ct,decaps,1884891
2669,bike,varying-ct,decaps,1194121
2670,bike,varying-ct,decaps,1486570
2671,bike,varying-ct,decaps,1476695
2672,bike,varying-ct,decaps,1529676
2673,bike,varying-ct,decaps,2070835
2674,bike,varying-ct,decaps,2024583
2675,bike,varying-ct,decaps,2031324
2676,bike,varying-ct,decaps,1915972
2677,bike,varying-ct,decaps,1884338
2678,bike,varying-ct,decaps,2066058
2679,bike,varying-ct,decaps,1527325
2680,bike,varying-ct,decaps,1258959
2681,bike,varying-ct,decaps,1291087
2682,bike,varying-ct,decaps,1643869
2683,bike,varying-ct,decaps,1386107
2684,bike,varying-ct,decaps,2059222
2685,bike,varying-ct,decaps,1893462
2686,bike,varying-ct,decaps,2382304
2687,bike,varying-ct,decaps,1494608
2688,bike,varying-ct,decaps,1276831
2689,bike,varying-ct,decaps,1268390
2690,bike,varying-ct,decaps,1459894
2691,bike,varying-ct,decaps,1383570
2692,bike,varying-ct,decaps,1231013
2693,bike,varying-ct,decaps,1189448
2694,bike,varying-ct,decaps,1799776
2695,bike,varying-ct,decaps,1443010
2696,bike,varying-ct,decaps,1870361
2697,bike,varying-ct,decaps,1813670
2698,bike,varying-ct,decaps,2013624
2699,bike,varying-ct,decaps,1411062
2700,bike,varying-ct,decaps,1275576
2701,bike,varying-ct,decaps,1189709
2702,bike,varying-ct,decaps,1188941
2703,bike,varying-ct,decaps,1318726
2704,bike,varying-ct,decaps,1982090
2705,bike,varying-ct,decaps,1252110
2706,bike,varying-ct,decaps,1699289
2707,bike,varying-ct,decaps,2710464
2708,bike,varying-ct,decaps,1500911
2709,bike,varying-ct,decaps,1245412
2710,bike,varying-ct,decaps,1524310
2711,bike,varying-ct,decaps,1275806
2712,bike,varying-ct,decaps,1473124
2713,bike,varying-ct,decaps,1219674
2714,bike,varying-ct,decaps,1766624
2715,bike,varying-ct,decaps,1665481
2716,bike,varying-ct,decaps,1998500
2717,bike,varying-ct,decaps,1689196
2718,bike,varying-ct,decaps,1486178
2719,bike,varying-ct,decaps,1268792
2720,bike,varying-ct,decaps,1412219
2721,bike,varying-ct,decaps,1189689
2722,bike,varying-ct,decaps,1318240
2723,bike,varying-ct,decaps,1189126
2724,bike,varying-ct,decaps,1639661
2725,bike,varying-ct,decaps,1947019
2726,bike,varying-ct,decaps,2208501
2727,bike,varying-ct,decaps,1787575
2728,bike,varying-ct,decaps,1526397
2729,bike,varying-ct,decaps,1346129
2730,bike,varying-ct,decaps,1264143
2731,bike,varying-ct,decaps,1201385
2732,bike,varying-ct,decaps,1706005
2733,bike,varying-ct,decaps,1773885
2734,bike,varying-ct,decaps,2323004
2735,bike,varying-ct,decaps,2269339
2736,bike,varying-ct,decaps,1568184
2737,bike,varying-ct,decaps,1843544
2738,bike,varying-ct,decaps,1955612
2739,bike,varying-ct,decaps,1418316
2740,bike,varying-ct,decaps,1484553
2741,bike,varying-ct,decaps,1324164
2742,bike,varying-ct,decaps,1548169
2743,bike,varying-ct,decaps,2221414
2744,bike,varying-ct,decaps,2029260
2745,bike,varying-ct,decaps,1465131
2746,bike,varying-ct,decaps,1429287
2747,bike,varying-ct,decaps,1427339
2748,bike,varying-ct,decaps,1324601
2749,bike,varying-ct,decaps,1506371
2750,bike,varying-ct,decaps,1330546
2751,bike,varying-ct,decaps,1354660
2752,bike,varying-ct,decaps,1644623
2753,bike,varying-ct,decaps,2199439
2754,bike,varying-ct,decaps,2076069
2755,bike,varying-ct,decaps,1546604
2756,bike,varying-ct,decaps,1441203
2757,bike,varying-ct,decaps,1543709
2758,bike,varying-ct,decaps,1363074
2759,bike,varying-ct,decaps,1409422
2760,bike,varying-ct,decaps,1395272
2761,bike,varying-ct,decaps,1432726
2762,bike,varying-ct,decaps,2013037
2763,bike,varying-ct,decaps,1774305
2764,bike,varying-ct,decaps,1874170
2765,bike,varying-ct,decaps,1570967
2766,bike,varying-ct,decaps,1344619
2767,bike,varying-ct,decaps,1340832
2768,bike,varying-ct,decaps,1348347
2769,bike,varying-ct,decaps,1359633
2770,bike,varying-ct,decaps,1433648
2771,bike,varying-ct,decaps,1347016
2772,bike,varying-ct,decaps,1762381
2773,bike,varying-ct,decaps,1493534
2774,bike,varying-ct,decaps,1817955
2775,bike,varying-ct,decaps,1583209
2776,bike,varying-ct,decaps,1439202
2777,bike,varying-ct,decaps,1281621
2778,bike,varying-ct,decaps,1311326
2779,bike,varying-ct,decaps,1620513
2780,bike,varying-ct,decaps,1249689
2781,bike,varying-ct,decaps,1399668
2782,bike,varying-ct,decaps,1517530
2783,bike,varying-ct,decaps,2052824
2784,bike,varying-ct,decaps,1658129
2785,bike,varying-ct,decaps,1625889
2786,bike,varying-ct,decaps,1675929
2787,bike,varying-ct,decaps,1625247
2788,bike,varying-ct,decaps,1253962
2789,bike,varying-ct,decaps,1287342
2790,bike,varying-ct,decaps,1369487
2791,bike,varying-ct,decaps,1736514
2792,bike,varying-ct,decaps,2235981
2793,bike,varying-ct,decaps,1878042
2794,bike,varying-ct,decaps,1767755
2795,bike,varying-ct,decaps,1711347
2796,bike,varying-ct,decaps,1526707
2797,bike,varying-ct,decaps,1268520
2798,bike,varying-ct,decaps,1274779
2799,bike,varying-ct,decaps,1425629
2800,bike,varying-ct,decaps,1663474
2801,bike,varying-ct,decaps,1249803
2802,bike,varying-ct,decaps,2051051
2803,bike,varying-ct,decaps,2100518
2804,bike,varying-ct,decaps,1873825
2805,bike,varying-ct,decaps,1722595
2806,bike,varying-ct,decaps,1558464
2807,bike,varying-ct,decaps,1325408
2808,bike,varying-ct,decaps,1482698
2809,bike,varying-ct,decaps,1308463
2810,bike,varying-ct,decaps,1250354
2811,bike,varying-ct,decaps,1317679
2812,bike,varying-ct,decaps,1588187
2813,bike,varying-ct,decaps,2247803
2814,bike,varying-ct,decaps,1789653
2815,bike,varying-ct,decaps,1621751
2816,bike,varying-ct,decaps,1462828
2817,bike,varying-ct,decaps,1399584
2818,bike,varying-ct,decaps,1336832
2819,bike,varying-ct,decaps,1395337
2820,bike,varying-ct,decaps,1402218
2821,bike,varying-ct,decaps,1495132
2822,bike,varying-ct,decaps,1974277
2823,bike,varying-ct,decaps,1749485
2824,bike,varying-ct,decaps,1866573
2825,bike,varying-ct,decaps,1632328
2826,bike,varying-ct,decaps,1629591
2827,bike,varying-ct,decaps,1722287
2828,bike,varying-ct,decaps,1570154
2829,bike,varying-ct,decaps,1486187
2830,bike,varying-ct,decaps,1361329
2831,bike,varying-ct,decaps,1450982
2832,bike,varying-ct,decaps,1745755
2833,bike,varying-ct,decaps,1451318
2834,bike,varying-ct,decaps,1443833
2835,bike,varying-ct,decaps,1337423
2836,bike,varying-ct,decaps,1405600
2837,bike,varying-ct,decaps,1639479
2838,bike,varying-ct,decaps,1575291
2839,bike,varying-ct,decaps,1407001
2840,bike,varying-ct,decaps,1350118
2841,bike,varying-ct,decaps,1599649
2842,bike,varying-ct,decaps,2195646
2843,bike,varying-ct,decaps,2187824
2844,bike,varying-ct,decaps,1705172
2845,bike,varying-ct,decaps,1723827
2846,bike,varying-ct,decaps,1738752
2847,bike,varying-ct,decaps,1531259
2848,bike,varying-ct,decaps,1892929
2849,bike,varying-ct,decaps,1523506
2850,bike,varying-ct,decaps,1406520
2851,bike,varying-ct,decaps,1390408
2852,bike,varying-ct,decaps,1541643
2853,bike,varying-ct,decaps,1410835
2854,bike,varying-ct,decaps,1429360
2855,bike,varying-ct,decaps,1356727
2856,bike,varying-ct,decaps,1338462
2857,bike,varying-ct,decaps,1356995
2858,bike,varying-ct,decaps,1388388
2859,bike,varying-ct,decaps,1403060
2860,bike,varying-ct,decaps,1326468
2861,bike,varying-ct,decaps,1402332
2862,bike,varying-ct,decaps,1338011
2863,bike,varying-ct,decaps,1368771
2864,bike,varying-ct,decaps,1380848
2865,bike,varying-ct,decaps,1321043
2866,bike,varying-ct,decaps,1358602
2867,bike,varying-ct,decaps,1337553
2868,bike,varying-ct,decaps,1430736
2869,bike,varying-ct,decaps,1329556
2870,bike,varying-ct,decaps,1316983
2871,bike,varying-ct,decaps,1315650
2872,bike,varying-ct,decaps,1328033
2873,bike,varying-ct,decaps,1317877
2874,bike,varying-ct,decaps,1329699
2875,bike,varying-ct,decaps,1259536
2876,bike,varying-ct,decaps,1272726
2877,bike,varying-ct,decaps,1772915
2878,bike,varying-ct,decaps,2438445
2879,bike,varying-ct,decaps,2485507
2880,bike,varying-ct,decaps,2232483
2881,bike,varying-ct,decaps,1821928
2882,bike,varying-ct,decaps,1673895
2883,bike,varying-ct,decaps,2008575
2884,bike,varying-ct,decaps,2135460
2885,bike,varying-ct,decaps,1530989
2886,bike,varying-ct,decaps,1510022
2887,bike,varying-ct,decaps,1611949
2888,bike,varying-ct,decaps,1394970
2889,bike,varying-ct,decaps,1394522
2890,bike,varying-ct,decaps,1464356
2891,bike,varying-ct,decaps,1412454
2892,bike,varying-ct,decaps,1421604
2893,bike,varying-ct,decaps,1316474
2894,bike,varying-ct,decaps,1431756
2895,bike,varying-ct,decaps,1333820
2896,bike,varying-ct,decaps,1283279
2897,bike,varying-ct,decaps,1249480
2898,bike,varying-ct,decaps,1316266
2899,bike,varying-ct,decaps,1325359
2900,bike,varying-ct,decaps,1281953
2901,bike,varying-ct,decaps,1251475
2902,bike,varying-ct,decaps,2076941
2903,bike,varying-ct,decaps,2626382
2904,bike,varying-ct,decaps,1995095
2905,bike,varying-ct,decaps,1633276
2906,bike,varying-ct,decaps,1547227
2907,bike,varying-ct,decaps,1740333
2908,bike,varying-ct,decaps,1376210
2909,bike,varying-ct,decaps,1364227
2910,bike,varying-ct,decaps,1356750
2911,bike,varying-ct,decaps,1994169
2912,bike,varying-ct,decaps,2158316
2913,bike,varying-ct,decaps,2049182
2914,bike,varying-ct,decaps,1438163
2915,bike,varying-ct,decaps,1546023
2916,bike,varying-ct,decaps,1333800
2917,bike,varying-ct,decaps,1325696
2918,bike,varying-ct,decaps,1354259
2919,bike,varying-ct,decaps,1863586
2920,bike,varying-ct,decaps,1377394
2921,bike,varying-ct,decaps,1978571
2922,bike,varying-ct,decaps,2023952
2923,bike,varying-ct,decaps,2175903
2924,bike,varying-ct,decaps,1332350
2925,bike,varying-ct,decaps,1354561
2926,bike,varying-ct,decaps,1330685
2927,bike,varying-ct,decaps,1349677
2928,bike,varying-ct,decaps,1437729
2929,bike,varying-ct,decaps,1293085
2930,bike,varying-ct,decaps,1454583
2931,bike,varying-ct,decaps,2100327
2932,bike,varying-ct,decaps,2021168
2933,bike,varying-ct,decaps,1532989
2934,bike,varying-ct,decaps,1401566
2935,bike,varying-ct,decaps,1327520
2936,bike,varying-ct,decaps,1497533
2937,bike,varying-ct,decaps,1347963
2938,bike,varying-ct,decaps,1313993
2939,bike,varying-ct,decaps,1313391
2940,bike,varying-ct,decaps,1873304
2941,bike,varying-ct,decaps,1672998
2942,bike,varying-ct,decaps,1793708
2943,bike,varying-ct,decaps,1359616
2944,bike,varying-ct,decaps,1352679
2945,bike,varying-ct,decaps,1522618
2946,bike,varying-ct,decaps,1315614
2947,bike,varying-ct,decaps,1396791
2948,bike,varying-ct,decaps,1317384
2949,bike,varying-ct,decaps,1372531
2950,bike,varying-ct,decaps,1925983
2951,bike,varying-ct,decaps,1571332
2952,bike,varying-ct,decaps,1721855
2953,bike,varying-ct,decaps,1385332
2954,bike,varying-ct,decaps,1372343
2955,bike,varying-ct,decaps,1348353
2956,bike,varying-ct,decaps,1335722
2957,bike,varying-ct,decaps,1369154
2958,bike,varying-ct,decaps,1827407
2959,bike,varying-ct,decaps,1325734
2960,bike,varying-ct,decaps,1333574
2961,bike,varying-ct,decaps,1827174
2962,bike,varying-ct,decaps,1668540
2963,bike,varying-ct,decaps,1450476
2964,bike,varying-ct,decaps,1334245
2965,bike,varying-ct,decaps,1384958
2966,bike,varying-ct,decaps,1325742
2967,bike,varying-ct,decaps,1376739
2968,bike,varying-ct,decaps,1556151
2969,bike,varying-ct,decaps,1299639
2970,bike,varying-ct,decaps,1323686
2971,bike,varying-ct,decaps,1371285
2972,bike,varying-ct,decaps,1584331
2973,bike,varying-ct,decaps,1631234
2974,bike,varying-ct,decaps,1390894
2975,bike,varying-ct,decaps,1313211
2976,bike,varying-ct,decaps,1264016
2977,bike,varying-ct,decaps,1340534
2978,bike,varying-ct,decaps,1300158
2979,bike,varying-ct,decaps,1314537
2980,bike,varying-ct,decaps,1278638
2981,bike,varying-ct,decaps,1263286
2982,bike,varying-ct,decaps,1228315
2983,bike,varying-ct,decaps,1836676
2984,bike,varying-ct,decaps,1460600
2985,bike,varying-ct,decaps,1388126
2986,bike,varying-ct,decaps,1407367
2987,bike,varying-ct,decaps,1309335
2988,bike,varying-ct,decaps,1311396
2989,bike,varying-ct,decaps,1509843
2990,bike,varying-ct,decaps,1373203
2991,bike,varying-ct,decaps,1190749
2992,bike,varying-ct,decaps,1245556
2993,bike,varying-ct,decaps,1289211
2994,bike,varying-ct,decaps,1718612
2995,bike,varying-ct,decaps,1536264
2996,bike,varying-ct,decaps,1911004
2997,bike,varying-ct,decaps,1426912
2998,bike,varying-ct,decaps,1204984
2999,bike,varying-ct,decaps,1271505
3000,bike,varying-ct,decaps,1536344
3001,bike,varying-ct,decaps,1281234
3002,bike,varying-ct,decaps,1244881
3003,bike,varying-ct,decaps,1188692
3004,bike,varying-ct,decaps,1188117
3005,bike,varying-ct,decaps,1699688
3006,bike,varying-ct,decaps,1720913
3007,bike,varying-ct,decaps,1726378
3008,bike,varying-ct,decaps,1365067
3009,bike,varying-ct,decaps,1209276
3010,bike,varying-ct,decaps,1363865
3011,bike,varying-ct,decaps,1197728
3012,bike,varying-ct,decaps,1252237
3013,bike,varying-ct,decaps,1420202
3014,bike,varying-ct,decaps,1260811
3015,bike,varying-ct,decaps,1198350
3016,bike,varying-ct,decaps,1711890
3017,bike,varying-ct,decaps,1730704
3018,bike,varying-ct,decaps,1864673
3019,bike,varying-ct,decaps,1433656
3020,bike,varying-ct,decaps,1286267
3021,bike,varying-ct,decaps,1197292
3022,bike,varying-ct,decaps,1379561
3023,bike,varying-ct,decaps,1711089
3024,bike,varying-ct,decaps,1840276
3025,bike,varying-ct,decaps,1783630
3026,bike,varying-ct,decaps,1856775
3027,bike,varying-ct,decaps,1673392
3028,bike,varying-ct,decaps,1970433
3029,bike,varying-ct,decaps,1393715
3030,bike,varying-ct,decaps,1250731
3031,bike,varying-ct,decaps,1230771
3032,bike,varying-ct,decaps,1271946
3033,bike,varying-ct,decaps,1280812
3034,bike,varying-ct,decaps,1189498
3035,bike,varying-ct,decaps,1238617
3036,bike,varying-ct,decaps,1196507
3037,bike,varying-ct,decaps,1737115
3038,bike,varying-ct,decaps,1511314
3039,bike,varying-ct,decaps,1710904
3040,bike,varying-ct,decaps,1499076
3041,bike,varying-ct,decaps,1186693
3042,bike,varying-ct,decaps,1192242
3043,bike,varying-ct,decaps,1305735
3044,bike,varying-ct,decaps,1288545
3045,bike,varying-ct,decaps,1162308
3046,bike,varying-ct,decaps,1253617
3047,bike,varying-ct,decaps,1134767
3048,bike,varying-ct,decaps,1404718
3049,bike,varying-ct,decaps,1758847
3050,bike,varying-ct,decaps,1418227
3051,bike,varying-ct,decaps,1791817
3052,bike,varying-ct,decaps,1142429
3053,bike,varying-ct,decaps,1146985
3054,bike,varying-ct,decaps,1256205
3055,bike,varying-ct,decaps,1139384
3056,bike,varying-ct,decaps,1186921
3057,bike,varying-ct,decaps,1135724
3058,bike,varying-ct,decaps,1151540
3059,bike,varying-ct,decaps,1211077
3060,bike,varying-ct,decaps,1578666
3061,bike,varying-ct,decaps,1418646
3062,bike,varying-ct,decaps,1535418
3063,bike,varying-ct,decaps,1869250
3064,bike,varying-ct,decaps,1145398
3065,bike,varying-ct,decaps,1137815
3066,bike,varying-ct,decaps,1507372
3067,bike,varying-ct,decaps,1206766
3068,bike,varying-ct,decaps,1136261
3069,bike,varying-ct,decaps,1164113
3070,bike,varying-ct,decaps,1085466
3071,bike,varying-ct,decaps,1269381
3072,bike,varying-ct,decaps,1860392
3073,bike,varying-ct,decaps,1921369
3074,bike,varying-ct,decaps,1959780
3075,bike,varying-ct,decaps,1364163
3076,bike,varying-ct,decaps,1537181
3077,bike,varying-ct,decaps,1387560
3078,bike,varying-ct,decaps,1409696
3079,bike,varying-ct,decaps,1202750
3080,bike,varying-ct,decaps,1416852
3081,bike,varying-ct,decaps,1201101
3082,bike,varying-ct,decaps,1764045
3083,bike,varying-ct,decaps,1280920
3084,bike,varying-ct,decaps,1727581
3085,bike,varying-ct,decaps,1395377
3086,bike,varying-ct,decaps,1325172
3087,bike,varying-ct,decaps,1194546
3088,bike,varying-ct,decaps,1191235
3089,bike,varying-ct,decaps,1444432
3090,bike,varying-ct,decaps,1178717
3091,bike,varying-ct,decaps,1218080
3092,bike,varying-ct,decaps,1224903
3093,bike,varying-ct,decaps,1341322
3094,bike,varying-ct,decaps,1592862
3095,bike,varying-ct,decaps,1806469
3096,bike,varying-ct,decaps,2103927
3097,bike,varying-ct,decaps,1260395
3098,bike,varying-ct,decaps,1191986
3099,bike,varying-ct,decaps,1193344
3100,bike,varying-ct,decaps,1379516
3101,bike,varying-ct,decaps,1203252
3102,bike,varying-ct,decaps,1134793
3103,bike,varying-ct,decaps,1214830
3104,bike,varying-ct,decaps,1695443
3105,bike,varying-ct,decaps,1878046
3106,bike,varying-ct,decaps,1483631
3107,bike,varying-ct,decaps,1957507
3108,bike,varying-ct,decaps,1181321
3109,bike,varying-ct,decaps,1215018
3110,bike,varying-ct,decaps,1244249
3111,bike,varying-ct,decaps,1253229
3112,bike,varying-ct,decaps,1181826
3113,bike,varying-ct,decaps,1169699
3114,bike,varying-ct,decaps,1257255
3115,bike,varying-ct,decaps,2280985
3116,bike,varying-ct,decaps,2328699
3117,bike,varying-ct,decaps,2101381
3118,bike,varying-ct,decaps,1195504
3119,bike,varying-ct,decaps,1190685
3120,bike,varying-ct,decaps,1382269
3121,bike,varying-ct,decaps,1432899
3122,bike,varying-ct,decaps,1196347
3123,bike,varying-ct,decaps,1272714
3124,bike,varying-ct,decaps,1240762
3125,bike,varying-ct,decaps,2297483
3126,bike,varying-ct,decaps,2030094
3127,bike,varying-ct,decaps,1599429
3128,bike,varying-ct,decaps,1805208
3129,bike,varying-ct,decaps,1520969
3130,bike,varying-ct,decaps,1775264
3131,bike,varying-ct,decaps,1506446
3132,bike,varying-ct,decaps,2394194
3133,bike,varying-ct,decaps,1895383
3134,bike,varying-ct,decaps,1881572
3135,bike,varying-ct,decaps,1374175
3136,bike,varying-ct,decaps,1720492
3137,bike,varying-ct,decaps,1475898
3138,bike,varying-ct,decaps,1460798
3139,bike,varying-ct,decaps,1286336
3140,bike,varying-ct,decaps,1321402
3141,bike,varying-ct,decaps,1269959
3142,bike,varying-ct,decaps,1191786
3143,bike,varying-ct,decaps,1231913
3144,bike,varying-ct,decaps,1305657
3145,bike,varying-ct,decaps,1763269
3146,bike,varying-ct,decaps,1691817
3147,bike,varying-ct,decaps,1639767
3148,bike,varying-ct,decaps,1313037
3149,bike,varying-ct,decaps,1316706
3150,bike,varying-ct,decaps,1272569
3151,bike,varying-ct,decaps,1469194
3152,bike,varying-ct,decaps,1335802
3153,bike,varying-ct,decaps,1306017
3154,bike,varying-ct,decaps,1249537
3155,bike,varying-ct,decaps,1260604
3156,bike,varying-ct,decaps,1522789
3157,bike,varying-ct,decaps,1545376
3158,bike,varying-ct,decaps,1589882
3159,bike,varying-ct,decaps,1192841
3160,bike,varying-ct,decaps,1281246
3161,bike,varying-ct,decaps,1273637
3162,bike,varying-ct,decaps,1238234
3163,bike,varying-ct,decaps,1459136
3164,bike,varying-ct,decaps,1323288
3165,bike,varying-ct,decaps,1280779
3166,bike,varying-ct,decaps,1237627
3167,bike,varying-ct,decaps,1304832
3168,bike,varying-ct,decaps,1554640
3169,bike,varying-ct,decaps,1900018
3170,bike,varying-ct,decaps,1786865
3171,bike,varying-ct,decaps,1319744
3172,bike,varying-ct,decaps,1315171
3173,bike,varying-ct,decaps,1345554
3174,bike,varying-ct,decaps,1327079
3175,bike,varying-ct,decaps,1388638
3176,bike,varying-ct,decaps,1279823
3177,bike,varying-ct,decaps,1392436
3178,bike,varying-ct,decaps,1723663
3179,bike,varying-ct,decaps,1195064
3180,bike,varying-ct,decaps,1544517
3181,bike,varying-ct,decaps,1651290
3182,bike,varying-ct,decaps,1258661
3183,bike,varying-ct,decaps,1614088
3184,bike,varying-ct,decaps,1539935
3185,bike,varying-ct,decaps,1429855
3186,bike,varying-ct,decaps,1339657
3187,bike,varying-ct,decaps,1336004
3188,bike,varying-ct,decaps,1379379
3189,bike,varying-ct,decaps,1560671
3190,bike,varying-ct,decaps,1358803
3191,bike,varying-ct,decaps,1678024
3192,bike,varying-ct,decaps,1691793
3193,bike,varying-ct,decaps,1358771
3194,bike,varying-ct,decaps,1351606
3195,bike,varying-ct,decaps,1448728
3196,bike,varying-ct,decaps,1411192
3197,bike,varying-ct,decaps,1399194
3198,bike,varying-ct,decaps,1250410
3199,bike,varying-ct,decaps,1326378
3200,bike,varying-ct,decaps,1675632
3201,bike,varying-ct,decaps,1362842
3202,bike,varying-ct,decaps,1320941
3203,bike,varying-ct,decaps,1322680
3204,bike,varying-ct,decaps,1664144
3205,bike,varying-ct,decaps,1927934
3206,bike,varying-ct,decaps,2228050
3207,bike,varying-ct,decaps,2107788
3208,bike,varying-ct,decaps,2186953
3209,bike,varying-ct,decaps,1477232
3210,bike,varying-ct,decaps,1364655
3211,bike,varying-ct,decaps,1430570
3212,bike,varying-ct,decaps,1553203
3213,bike,varying-ct,decaps,1376055
3214,bike,varying-ct,decaps,1397204
3215,bike,varying-ct,decaps,1801131
3216,bike,varying-ct,decaps,1323785
3217,bike,varying-ct,decaps,1362067
3218,bike,varying-ct,decaps,1251276
3219,bike,varying-ct,decaps,1456189
3220,bike,varying-ct,decaps,1395151
3221,bike,varying-ct,decaps,1343155
3222,bike,varying-ct,decaps,1558369
3223,bike,varying-ct,decaps,1591565
3224,bike,varying-ct,decaps,1423898
3225,bike,varying-ct,decaps,1366659
3226,bike,varying-ct,decaps,1364551
3227,bike,varying-ct,decaps,1414578
3228,bike,varying-ct,decaps,1337799
3229,bike,varying-ct,decaps,1332938
3230,bike,varying-ct,decaps,1743785
3231,bike,varying-ct,decaps,1894040
3232,bike,varying-ct,decaps,1782408
3233,bike,varying-ct,decaps,1725528
3234,bike,varying-ct,decaps,1400518
3235,bike,varying-ct,decaps,1455961
3236,bike,varying-ct,decaps,1493389
3237,bike,varying-ct,decaps,1315077
3238,bike,varying-ct,decaps,1324676
3239,bike,varying-ct,decaps,1316523
3240,bike,varying-ct,decaps,1744477
3241,bike,varying-ct,decaps,1542453
3242,bike,varying-ct,decaps,1941646
3243,bike,varying-ct,decaps,1570136
3244,bike,varying-ct,decaps,1330784
3245,bike,varying-ct,decaps,1347018
3246,bike,varying-ct,decaps,1354478
3247,bike,varying-ct,decaps,1317453
3248,bike,varying-ct,decaps,1293538
3249,bike,varying-ct,decaps,1285515
3250,bike,varying-ct,decaps,1256693
3251,bike,varying-ct,decaps,1974349
3252,bike,varying-ct,decaps,1663434
3253,bike,varying-ct,decaps,2223427
3254,bike,varying-ct,decaps,1563191
3255,bike,varying-ct,decaps,1501437
3256,bike,varying-ct,decaps,1317635
3257,bike,varying-ct,decaps,1330082
3258,bike,varying-ct,decaps,1339233
3259,bike,varying-ct,decaps,1249416
3260,bike,varying-ct,decaps,1338137
3261,bike,varying-ct,decaps,1850345
3262,bike,varying-ct,decaps,1821504
3263,bike,varying-ct,decaps,2105615
3264,bike,varying-ct,decaps,1604806
3265,bike,varying-ct,decaps,1394112
3266,bike,varying-ct,decaps,1408860
3267,bike,varying-ct,decaps,1357611
3268,bike,varying-ct,decaps,1314904
3269,bike,varying-ct,decaps,1314429
3270,bike,varying-ct,decaps,1332429
3271,bike,varying-ct,decaps,1826741
3272,bike,varying-ct,decaps,1853294
3273,bike,varying-ct,decaps,2537098
3274,bike,varying-ct,decaps,1388031
3275,bike,varying-ct,decaps,1357463
3276,bike,varying-ct,decaps,1493156
3277,bike,varying-ct,decaps,1496288
3278,bike,varying-ct,decaps,1441044
3279,bike,varying-ct,decaps,1398629
3280,bike,varying-ct,decaps,1603607
3281,bike,varying-ct,decaps,1342354
3282,bike,varying-ct,decaps,1385928
3283,bike,varying-ct,decaps,2013392
3284,bike,varying-ct,decaps,1348864
3285,bike,varying-ct,decaps,1318089
3286,bike,varying-ct,decaps,1374816
3287,bike,varying-ct,decaps,1386754
3288,bike,varying-ct,decaps,1892338
3289,bike,varying-ct,decaps,1317139
3290,bike,varying-ct,decaps,1288737
3291,bike,varying-ct,decaps,1732583
3292,bike,varying-ct,decaps,1253776
3293,bike,varying-ct,decaps,1758749
3294,bike,varying-ct,decaps,1747465
3295,bike,varying-ct,decaps,1353098
3296,bike,varying-ct,decaps,1532489
3297,bike,varying-ct,decaps,1365024
3298,bike,varying-ct,decaps,1354409
3299,bike,varying-ct,decaps,1303753
3300,bike,varying-ct,decaps,1262136
3301,bike,varying-ct,decaps,1534923
3302,bike,varying-ct,decaps,1428260
3303,bike,varying-ct,decaps,1278953
3304,bike,varying-ct,decaps,2155841
3305,bike,varying-ct,decaps,1259953
3306,bike,varying-ct,decaps,1412490
3307,bike,varying-ct,decaps,1356555
3308,bike,varying-ct,decaps,1348127
3309,bike,varying-ct,decaps,1249424
3310,bike,varying-ct,decaps,1249584
3311,bike,varying-ct,decaps,1281060
3312,bike,varying-ct,decaps,1437470
3313,bike,varying-ct,decaps,1376794
3314,bike,varying-ct,decaps,1190467
3315,bike,varying-ct,decaps,1923534
3316,bike,varying-ct,decaps,1330469
3317,bike,varying-ct,decaps,1284383
3318,bike,varying-ct,decaps,1191511
3319,bike,varying-ct,decaps,1190678
3320,bike,varying-ct,decaps,1189219
3321,bike,varying-ct,decaps,1203432
3322,bike,varying-ct,decaps,1203701
3323,bike,varying-ct,decaps,1228857
3324,bike,varying-ct,decaps,1426754
3325,bike,varying-ct,decaps,1406451
3326,bike,varying-ct,decaps,1320358
3327,bike,varying-ct,decaps,2106332
3328,bike,varying-ct,decaps,1244043
3329,bike,varying-ct,decaps,1281513
3330,bike,varying-ct,decaps,1189915
3331,bike,varying-ct,decaps,1194793
3332,bike,varying-ct,decaps,1278501
3333,bike,varying-ct,decaps,1338245
3334,bike,varying-ct,decaps,1190677
3335,bike,varying-ct,decaps,1275291
3336,bike,varying-ct,decaps,1663347
3337,bike,varying-ct,decaps,1249743
3338,bike,varying-ct,decaps,1804634
3339,bike,varying-ct,decaps,1710920
3340,bike,varying-ct,decaps,1255184
3341,bike,varying-ct,decaps,1240971
3342,bike,varying-ct,decaps,1289249
3343,bike,varying-ct,decaps,1191101
3344,bike,varying-ct,decaps,1188668
3345,bike,varying-ct,decaps,1189027
3346,bike,varying-ct,decaps,1377282
3347,bike,varying-ct,decaps,1512420
3348,bike,varying-ct,decaps,1299387
3349,bike,varying-ct,decaps,1351486
3350,bike,varying-ct,decaps,2341340
3351,bike,varying-ct,decaps,1345097
3352,bike,varying-ct,decaps,1260391
3353,bike,varying-ct,decaps,1454777
3354,bike,varying-ct,decaps,1189237
3355,bike,varying-ct,decaps,1189368
3356,bike,varying-ct,decaps,1239692
3357,bike,varying-ct,decaps,1193502
3358,bike,varying-ct,decaps,1568598
3359,bike,varying-ct,decaps,1275933
3360,bike,varying-ct,decaps,1231126
3361,bike,varying-ct,decaps,2091051
3362,bike,varying-ct,decaps,1196504
3363,bike,varying-ct,decaps,1207314
3364,bike,varying-ct,decaps,1251959
3365,bike,varying-ct,decaps,1427641
3366,bike,varying-ct,decaps,1310726
3367,bike,varying-ct,decaps,1254336
3368,bike,varying-ct,decaps,1189694
3369,bike,varying-ct,decaps,1291089
3370,bike,varying-ct,decaps,1483536
3371,bike,varying-ct,decaps,1196740
3372,bike,varying-ct,decaps,1928048
3373,bike,varying-ct,decaps,1436562
3374,bike,varying-ct,decaps,1284696
3375,bike,varying-ct,decaps,1330002
3376,bike,varying-ct,decaps,1212050
3377,bike,varying-ct,decaps,1188672
3378,bike,varying-ct,decaps,1382320
3379,bike,varying-ct,decaps,1193341
3380,bike,varying-ct,decaps,1689374
3381,bike,varying-ct,decaps,1629814
3382,bike,varying-ct,decaps,1191075
3383,bike,varying-ct,decaps,1782027
3384,bike,varying-ct,decaps,1409188
3385,bike,varying-ct,decaps,1194753
3386,bike,varying-ct,decaps,1246885
3387,bike,varying-ct,decaps,1190411
3388,bike,varying-ct,decaps,1192658
3389,bike,varying-ct,decaps,1325664
3390,bike,varying-ct,decaps,1134419
3391,bike,varying-ct,decaps,1227106
3392,bike,varying-ct,decaps,1238970
3393,bike,varying-ct,decaps,1543860
3394,bike,varying-ct,decaps,1223729
3395,bike,varying-ct,decaps,1964637
3396,bike,varying-ct,decaps,1603432
3397,bike,varying-ct,decaps,1352180
3398,bike,varying-ct,decaps,1204446
3399,bike,varying-ct,decaps,1191953
3400,bike,varying-ct,decaps,1241055
3401,bike,varying-ct,decaps,1189590
3402,bike,varying-ct,decaps,1191342
3403,bike,varying-ct,decaps,1251993
3404,bike,varying-ct,decaps,1563741
3405,bike,varying-ct,decaps,1137560
3406,bike,varying-ct,decaps,1296745
3407,bike,varying-ct,decaps,1929222
3408,bike,varying-ct,decaps,1373559
3409,bike,varying-ct,decaps,1242573
3410,bike,varying-ct,decaps,1213774
3411,bike,varying-ct,decaps,1255034
3412,bike,varying-ct,decaps,1189027
3413,bike,varying-ct,decaps,1188486
3414,bike,varying-ct,decaps,1245598
3415,bike,varying-ct,decaps,1221105
3416,bike,varying-ct,decaps,1781577
3417,bike,varying-ct,decaps,1732259
3418,bike,varying-ct,decaps,1894874
3419,bike,varying-ct,decaps,1454192
3420,bike,varying-ct,decaps,1267423
3421,bike,varying-ct,decaps,1315389
3422,bike,varying-ct,decaps,1459968
3423,bike,varying-ct,decaps,1248549
3424,bike,varying-ct,decaps,1291701
3425,bike,varying-ct,decaps,1189249
3426,bike,varying-ct,decaps,1318535
3427,bike,varying-ct,decaps,1645953
3428,bike,varying-ct,decaps,1278457
3429,bike,varying-ct,decaps,1609350
3430,bike,varying-ct,decaps,1509949
3431,bike,varying-ct,decaps,1272756
3432,bike,varying-ct,decaps,1266275
3433,bike,varying-ct,decaps,1426029
3434,bike,varying-ct,decaps,1247664
3435,bike,varying-ct,decaps,1318066
3436,bike,varying-ct,decaps,1189387
3437,bike,varying-ct,decaps,1228664
3438,bike,varying-ct,decaps,1603978
3439,bike,varying-ct,decaps,1190485
3440,bike,varying-ct,decaps,1224759
3441,bike,varying-ct,decaps,1842525
3442,bike,varying-ct,decaps,1415384
3443,bike,varying-ct,decaps,1268552
3444,bike,varying-ct,decaps,1236236
3445,bike,varying-ct,decaps,1286381
3446,bike,varying-ct,decaps,1318268
3447,bike,varying-ct,decaps,1222640
3448,bike,varying-ct,decaps,1233554
3449,bike,varying-ct,decaps,1561577
3450,bike,varying-ct,decaps,1395651
3451,bike,varying-ct,decaps,1260292
3452,bike,varying-ct,decaps,1661579
3453,bike,varying-ct,decaps,1355051
3454,bike,varying-ct,decaps,1286335
3455,bike,varying-ct,decaps,1338291
3456,bike,varying-ct,decaps,1270676
3457,bike,varying-ct,decaps,1328748
3458,bike,varying-ct,decaps,1189973
3459,bike,varying-ct,decaps,1188829
3460,bike,varying-ct,decaps,1305437
3461,bike,varying-ct,decaps,1649937
3462,bike,varying-ct,decaps,1190429
3463,bike,varying-ct,decaps,1450066
3464,bike,varying-ct,decaps,1694246
3465,bike,varying-ct,decaps,1271379
3466,bike,varying-ct,decaps,1446447
3467,bike,varying-ct,decaps,1283563
3468,bike,varying-ct,decaps,1404101
3469,bike,varying-ct,decaps,1262788
3470,bike,varying-ct,decaps,1260993
3471,bike,varying-ct,decaps,1311317
3472,bike,varying-ct,decaps,1271587
3473,bike,varying-ct,decaps,1259672
3474,bike,varying-ct,decaps,1282365
3475,bike,varying-ct,decaps,1305581
3476,bike,varying-ct,decaps,1272310
3477,bike,varying-ct,decaps,1327698
3478,bike,varying-ct,decaps,1299181
3479,bike,varying-ct,decaps,1332055
3480,bike,varying-ct,decaps,1413003
3481,bike,varying-ct,decaps,1354929
3482,bike,varying-ct,decaps,1325018
3483,bike,varying-ct,decaps,1443089
3484,bike,varying-ct,decaps,1840056
3485,bike,varying-ct,decaps,1381695
3486,bike,varying-ct,decaps,2113624
3487,bike,varying-ct,decaps,1561429
3488,bike,varying-ct,decaps,1520821
3489,bike,varying-ct,decaps,1414512
3490,bike,varying-ct,decaps,1430700
3491,bike,varying-ct,decaps,1347995
3492,bike,varying-ct,decaps,1429727
3493,bike,varying-ct,decaps,1313442
3494,bike,varying-ct,decaps,1312701
3495,bike,varying-ct,decaps,1297248
3496,bike,varying-ct,decaps,1293141
3497,bike,varying-ct,decaps,1465729
3498,bike,varying-ct,decaps,1373987
3499,bike,varying-ct,decaps,1336107
3500,bike,varying-ct,decaps,1313364
3501,bike,varying-ct,decaps,1318045
3502,bike,varying-ct,decaps,1247780
3503,bike,varying-ct,decaps,1321072
3504,bike,varying-ct,decaps,1281892
3505,bike,varying-ct,decaps,1262723
3506,bike,varying-ct,decaps,1610508
3507,bike,varying-ct,decaps,1986383
3508,bike,varying-ct,decaps,2004060
3509,bike,varying-ct,decaps,1339474
3510,bike,varying-ct,decaps,1378832
3511,bike,varying-ct,decaps,1341421
3512,bike,varying-ct,decaps,1299834
3513,bike,varying-ct,decaps,1306686
3514,bike,varying-ct,decaps,1250184
3515,bike,varying-ct,decaps,1356383
3516,bike,varying-ct,decaps,1447805
3517,bike,varying-ct,decaps,1746086
3518,bike,varying-ct,decaps,1797158
3519,bike,varying-ct,decaps,1415130
3520,bike,varying-ct,decaps,1275117
3521,bike,varying-ct,decaps,1434203
3522,bike,varying-ct,decaps,1254379
3523,bike,varying-ct,decaps,1303424
3524,bike,varying-ct,decaps,1411684
3525,bike,varying-ct,decaps,1306707
3526,bike,varying-ct,decaps,1335322
3527,bike,varying-ct,decaps,1569513
3528,bike,varying-ct,decaps,2097235
3529,bike,varying-ct,decaps,2047584
3530,bike,varying-ct,decaps,1576110
3531,bike,varying-ct,decaps,1394736
3532,bike,varying-ct,decaps,1349217
3533,bike,varying-ct,decaps,1325234
3534,bike,varying-ct,decaps,1399664
3535,bike,varying-ct,decaps,1293927
3536,bike,varying-ct,decaps,1353920
3537,bike,varying-ct,decaps,1354278
3538,bike,varying-ct,decaps,1630095
3539,bike,varying-ct,decaps,1547021
3540,bike,varying-ct,decaps,1455217
3541,bike,varying-ct,decaps,1354233
3542,bike,varying-ct,decaps,1312353
3543,bike,varying-ct,decaps,1313101
3544,bike,varying-ct,decaps,1370370
3545,bike,varying-ct,decaps,1261234
3546,bike,varying-ct,decaps,1309964
3547,bike,varying-ct,decaps,1308853
3548,bike,varying-ct,decaps,1272328
3549,bike,varying-ct,decaps,1619831
3550,bike,varying-ct,decaps,1636492
3551,bike,varying-ct,decaps,1708835
3552,bike,varying-ct,decaps,1335333
3553,bike,varying-ct,decaps,1374729
3554,bike,varying-ct,decaps,1301804
3555,bike,varying-ct,decaps,1469348
3556,bike,varying-ct,decaps,1259081
3557,bike,varying-ct,decaps,1247319
3558,bike,varying-ct,decaps,1315281
3559,bike,varying-ct,decaps,1295443
3560,bike,varying-ct,decaps,1690777
3561,bike,varying-ct,decaps,1817294
3562,bike,varying-ct,decaps,1484297
3563,bike,varying-ct,decaps,1343212
3564,bike,varying-ct,decaps,1253386
3565,bike,varying-ct,decaps,1304259
3566,bike,varying-ct,decaps,1342517
3567,bike,varying-ct,decaps,1250118
3568,bike,varying-ct,decaps,1241475
3569,bike,varying-ct,decaps,1267990
3570,bike,varying-ct,decaps,1332960
3571,bike,varying-ct,decaps,1727064
3572,bike,varying-ct,decaps,1862554
3573,bike,varying-ct,decaps,1669258
3574,bike,varying-ct,decaps,1268164
3575,bike,varying-ct,decaps,1422374
3576,bike,varying-ct,decaps,1347064
3577,bike,varying-ct,decaps,1253240
3578,bike,varying-ct,decaps,1229815
3579,bike,varying-ct,decaps,1238297
3580,bike,varying-ct,decaps,1271488
3581,bike,varying-ct,decaps,1267816
3582,bike,varying-ct,decaps,1658238
3583,bike,varying-ct,decaps,2019032
3584,bike,varying-ct,decaps,1518433
3585,bike,varying-ct,decaps,1270031
3586,bike,varying-ct,decaps,1585332
3587,bike,varying-ct,decaps,1271537
3588,bike,varying-ct,decaps,1222776
3589,bike,varying-ct,decaps,1294965
3590,bike,varying-ct,decaps,1364905
3591,bike,varying-ct,decaps,1279925
3592,bike,varying-ct,decaps,1315910
3593,bike,varying-ct,decaps,1878305
3594,bike,varying-ct,decaps,1794269
3595,bike,varying-ct,decaps,1422334
3596,bike,varying-ct,decaps,1277290
3597,bike,varying-ct,decaps,1617858
3598,bike,varying-ct,decaps,1249737
3599,bike,varying-ct,decaps,1248652
3600,bike,varying-ct,decaps,1272564
3601,bike,varying-ct,decaps,1188280
3602,bike,varying-ct,decaps,1188957
3603,bike,varying-ct,decaps,1304065
3604,bike,varying-ct,decaps,1363521
3605,bike,varying-ct,decaps,1675750
3606,bike,varying-ct,decaps,2199566
3607,bike,varying-ct,decaps,1491327
3608,bike,varying-ct,decaps,1273416
3609,bike,varying-ct,decaps,1298044
3610,bike,varying-ct,decaps,1310472
3611,bike,varying-ct,decaps,1261547
3612,bike,varying-ct,decaps,1208189
3613,bike,varying-ct,decaps,1276276
3614,bike,varying-ct,decaps,1286701
3615,bike,varying-ct,decaps,1200527
3616,bike,varying-ct,decaps,1769569
3617,bike,varying-ct,decaps,2561061
3618,bike,varying-ct,decaps,1306740
3619,bike,varying-ct,decaps,1644976
3620,bike,varying-ct,decaps,1266969
3621,bike,varying-ct,decaps,1262127
3622,bike,varying-ct,decaps,1256274
3623,bike,varying-ct,decaps,1352680
3624,bike,varying-ct,decaps,1188599
3625,bike,varying-ct,decaps,1224802
3626,bike,varying-ct,decaps,1283292
3627,bike,varying-ct,decaps,1868255
3628,bike,varying-ct,decaps,2001482
3629,bike,varying-ct,decaps,1325469
3630,bike,varying-ct,decaps,1604244
3631,bike,varying-ct,decaps,1333667
3632,bike,varying-ct,decaps,1417389
3633,bike,varying-ct,decaps,1271458
3634,bike,varying-ct,decaps,1190030
3635,bike,varying-ct,decaps,1241692
3636,bike,varying-ct,decaps,1187856
3637,bike,varying-ct,decaps,1570647
3638,bike,varying-ct,decaps,2123585
3639,bike,varying-ct,decaps,1558539
3640,bike,varying-ct,decaps,1431525
3641,bike,varying-ct,decaps,1865889
3642,bike,varying-ct,decaps,1458983
3643,bike,varying-ct,decaps,1545507
3644,bike,varying-ct,decaps,1503212
3645,bike,varying-ct,decaps,1761110
3646,bike,varying-ct,decaps,1379471
3647,bike,varying-ct,decaps,1926710
3648,bike,varying-ct,decaps,1811973
3649,bike,varying-ct,decaps,1422062
3650,bike,varying-ct,decaps,1373046
3651,bike,varying-ct,decaps,1250593
3652,bike,varying-ct,decaps,1296933
3653,bike,varying-ct,decaps,1262841
3654,bike,varying-ct,decaps,1315187
3655,bike,varying-ct,decaps,1190334
3656,bike,varying-ct,decaps,1239492
3657,bike,varying-ct,decaps,1550178
3658,bike,varying-ct,decaps,2421814
3659,bike,varying-ct,decaps,1691339
3660,bike,varying-ct,decaps,1398531
3661,bike,varying-ct,decaps,1579323
3662,bike,varying-ct,decaps,1255982
3663,bike,varying-ct,decaps,1371956
3664,bike,varying-ct,decaps,1249309
3665,bike,varying-ct,decaps,1253007
3666,bike,varying-ct,decaps,1238060
3667,bike,varying-ct,decaps,1234977
3668,bike,varying-ct,decaps,2011909
3669,bike,varying-ct,decaps,2192255
3670,bike,varying-ct,decaps,1534396
3671,bike,varying-ct,decaps,1432012
3672,bike,varying-ct,decaps,1432991
3673,bike,varying-ct,decaps,1336193
3674,bike,varying-ct,decaps,1280676
3675,bike,varying-ct,decaps,1248694
3676,bike,varying-ct,decaps,1357866
3677,bike,varying-ct,decaps,1366229
3678,bike,varying-ct,decaps,1983325
3679,bike,varying-ct,decaps,1919301
3680,bike,varying-ct,decaps,1579456
3681,bike,varying-ct,decaps,1314952
3682,bike,varying-ct,decaps,1362857
3683,bike,varying-ct,decaps,1335846
3684,bike,varying-ct,decaps,1192331
3685,bike,varying-ct,decaps,1217693
3686,bike,varying-ct,decaps,1280482
3687,bike,varying-ct,decaps,1189974
3688,bike,varying-ct,decaps,1228868
3689,bike,varying-ct,decaps,2122505
3690,bike,varying-ct,decaps,1840115
3691,bike,varying-ct,decaps,1448088
3692,bike,varying-ct,decaps,1311703
3693,bike,varying-ct,decaps,1397468
3694,bike,varying-ct,decaps,1341698
3695,bike,varying-ct,decaps,1283584
3696,bike,varying-ct,decaps,1355962
3697,bike,varying-ct,decaps,1199246
3698,bike,varying-ct,decaps,1225433
3699,bike,varying-ct,decaps,1203112
3700,bike,varying-ct,decaps,2095181
3701,bike,varying-ct,decaps,1624447
3702,bike,varying-ct,decaps,1315921
3703,bike,varying-ct,decaps,1281073
3704,bike,varying-ct,decaps,1377558
3705,bike,varying-ct,decaps,1390811
3706,bike,varying-ct,decaps,1251752
3707,bike,varying-ct,decaps,1403755
3708,bike,varying-ct,decaps,1237147
3709,bike,varying-ct,decaps,1265700
3710,bike,varying-ct,decaps,1493728
3711,bike,varying-ct,decaps,1980097
3712,bike,varying-ct,decaps,1772980
3713,bike,varying-ct,decaps,1585844
3714,bike,varying-ct,decaps,1314576
3715,bike,varying-ct,decaps,1336427
3716,bike,varying-ct,decaps,1366971
3717,bike,varying-ct,decaps,1356255
3718,bike,varying-ct,decaps,1420115
3719,bike,varying-ct,decaps,1574675
3720,bike,varying-ct,decaps,1265960
3721,bike,varying-ct,decaps,1754075
3722,bike,varying-ct,decaps,1757987
3723,bike,varying-ct,decaps,1724430
3724,bike,varying-ct,decaps,1422884
3725,bike,varying-ct,decaps,1478391
3726,bike,varying-ct,decaps,1275277
3727,bike,varying-ct,decaps,1388841
3728,bike,varying-ct,decaps,1249161
3729,bike,varying-ct,decaps,1257335
3730,bike,varying-ct,decaps,1321503
3731,bike,varying-ct,decaps,1235251
3732,bike,varying-ct,decaps,1535603
3733,bike,varying-ct,decaps,2087194
3734,bike,varying-ct,decaps,1795684
3735,bike,varying-ct,decaps,1616983
3736,bike,varying-ct,decaps,1417092
3737,bike,varying-ct,decaps,1268313
3738,bike,varying-ct,decaps,1295078
3739,bike,varying-ct,decaps,1250029
3740,bike,varying-ct,decaps,1282263
3741,bike,varying-ct,decaps,1416356
3742,bike,varying-ct,decaps,1258039
3743,bike,varying-ct,decaps,1764644
3744,bike,varying-ct,decaps,1545939
3745,bike,varying-ct,decaps,1796045
3746,bike,varying-ct,decaps,1370718
3747,bike,varying-ct,decaps,1391704
3748,bike,varying-ct,decaps,1290554
3749,bike,varying-ct,decaps,1249323
3750,bike,varying-ct,decaps,1301409
3751,bike,varying-ct,decaps,1242098
3752,bike,varying-ct,decaps,1221185
3753,bike,varying-ct,decaps,1383450
3754,bike,varying-ct,decaps,1923707
3755,bike,varying-ct,decaps,1965700
3756,bike,varying-ct,decaps,1466710
3757,bike,varying-ct,decaps,1333240
3758,bike,varying-ct,decaps,1405817
3759,bike,varying-ct,decaps,1377274
3760,bike,varying-ct,decaps,1250880
3761,bike,varying-ct,decaps,1262348
3762,bike,varying-ct,decaps,1248155
3763,bike,varying-ct,decaps,1248237
3764,bike,varying-ct,decaps,1832324
3765,bike,varying-ct,decaps,2670206
3766,bike,varying-ct,decaps,1580107
3767,bike,varying-ct,decaps,1799892
3768,bike,varying-ct,decaps,1305540
3769,bike,varying-ct,decaps,1291791
3770,bike,varying-ct,decaps,1297095
3771,bike,varying-ct,decaps,1421677
3772,bike,varying-ct,decaps,1323007
3773,bike,varying-ct,decaps,1374664
3774,bike,varying-ct,decaps,1891495
3775,bike,varying-ct,decaps,2436159
3776,bike,varying-ct,decaps,1547972
3777,bike,varying-ct,decaps,1573766
3778,bike,varying-ct,decaps,1361981
3779,bike,varying-ct,decaps,1295360
3780,bike,varying-ct,decaps,1265876
3781,bike,varying-ct,decaps,1312593
3782,bike,varying-ct,decaps,1251489
3783,bike,varying-ct,decaps,1263290
3784,bike,varying-ct,decaps,1695557
3785,bike,varying-ct,decaps,2343747
3786,bike,varying-ct,decaps,1685073
3787,bike,varying-ct,decaps,1504327
3788,bike,varying-ct,decaps,1375408
3789,bike,varying-ct,decaps,1291742
3790,bike,varying-ct,decaps,1314321
3791,bike,varying-ct,decaps,1252575
3792,bike,varying-ct,decaps,1248326
3793,bike,varying-ct,decaps,1358680
3794,bike,varying-ct,decaps,1577889
3795,bike,varying-ct,decaps,1963393
3796,bike,varying-ct,decaps,1842627
3797,bike,varying-ct,decaps,1462292
3798,bike,varying-ct,decaps,1551490
3799,bike,varying-ct,decaps,1296937
3800,bike,varying-ct,decaps,1288189
3801,bike,varying-ct,decaps,1276693
3802,bike,varying-ct,decaps,1264763
3803,bike,varying-ct,decaps,1262343
3804,bike,varying-ct,decaps,1913859
3805,bike,varying-ct,decaps,2233831
3806,bike,varying-ct,decaps,1885576
3807,bike,varying-ct,decaps,1777693
3808,bike,varying-ct,decaps,1615506
3809,bike,varying-ct,decaps,1315298
3810,bike,varying-ct,decaps,1565191
3811,bike,varying-ct,decaps,1535074
3812,bike,varying-ct,decaps,1536138
3813,bike,varying-ct,decaps,1539283
3814,bike,varying-ct,decaps,1408652
3815,bike,varying-ct,decaps,1775673
3816,bike,varying-ct,decaps,1691552
3817,bike,varying-ct,decaps,1353786
3818,bike,varying-ct,decaps,1342480
3819,bike,varying-ct,decaps,1331455
3820,bike,varying-ct,decaps,1437117
3821,bike,varying-ct,decaps,1291739
3822,bike,varying-ct,decaps,1261401
3823,bike,varying-ct,decaps,1248480
3824,bike,varying-ct,decaps,1293794
3825,bike,varying-ct,decaps,1941605
3826,bike,varying-ct,decaps,1449141
3827,bike,varying-ct,decaps,1621948
3828,bike,varying-ct,decaps,1339848
3829,bike,varying-ct,decaps,1279723
3830,bike,varying-ct,decaps,1309684
3831,bike,varying-ct,decaps,1277300
3832,bike,varying-ct,decaps,1279607
3833,bike,varying-ct,decaps,1250279
3834,bike,varying-ct,decaps,1259480
3835,bike,varying-ct,decaps,1295947
3836,bike,varying-ct,decaps,1970214
3837,bike,varying-ct,decaps,1629327
3838,bike,varying-ct,decaps,1879912
3839,bike,varying-ct,decaps,1341534
3840,bike,varying-ct,decaps,1341799
3841,bike,varying-ct,decaps,1244570
3842,bike,varying-ct,decaps,1235838
3843,bike,varying-ct,decaps,1305755
3844,bike,varying-ct,decaps,1251583
3845,bike,varying-ct,decaps,1190313
3846,bike,varying-ct,decaps,1302170
3847,bike,varying-ct,decaps,1419940
3848,bike,varying-ct,decaps,1616087
3849,bike,varying-ct,decaps,1894935
3850,bike,varying-ct,decaps,1365804
3851,bike,varying-ct,decaps,1318909
3852,bike,varying-ct,decaps,1296634
3853,bike,varying-ct,decaps,1414202
3854,bike,varying-ct,decaps,1251558
3855,bike,varying-ct,decaps,1227901
3856,bike,varying-ct,decaps,1339580
3857,bike,varying-ct,decaps,1235331
3858,bike,varying-ct,decaps,1698536
3859,bike,varying-ct,decaps,1852659
3860,bike,varying-ct,decaps,1841864
3861,bike,varying-ct,decaps,1521815
3862,bike,varying-ct,decaps,1269422
3863,bike,varying-ct,decaps,1346640
3864,bike,varying-ct,decaps,1298482
3865,bike,varying-ct,decaps,1271265
3866,bike,varying-ct,decaps,1410908
3867,bike,varying-ct,decaps,1603407
3868,bike,varying-ct,decaps,1651297
3869,bike,varying-ct,decaps,1721601
3870,bike,varying-ct,decaps,1683404
3871,bike,varying-ct,decaps,1563404
3872,bike,varying-ct,decaps,1307268
3873,bike,varying-ct,decaps,1305102
3874,bike,varying-ct,decaps,1267696
3875,bike,varying-ct,decaps,1250303
3876,bike,varying-ct,decaps,1251011
3877,bike,varying-ct,decaps,1469600
3878,bike,varying-ct,decaps,1189499
3879,bike,varying-ct,decaps,1797891
3880,bike,varying-ct,decaps,1818652
3881,bike,varying-ct,decaps,1868755
3882,bike,varying-ct,decaps,1482854
3883,bike,varying-ct,decaps,1343525
3884,bike,varying-ct,decaps,1266534
3885,bike,varying-ct,decaps,1287355
3886,bike,varying-ct,decaps,1258928
3887,bike,varying-ct,decaps,1276973
3888,bike,varying-ct,decaps,1309805
3889,bike,varying-ct,decaps,1189198
3890,bike,varying-ct,decaps,1278697
3891,bike,varying-ct,decaps,1953148
3892,bike,varying-ct,decaps,1876662
3893,bike,varying-ct,decaps,1296331
3894,bike,varying-ct,decaps,1282199
3895,bike,varying-ct,decaps,1289211
3896,bike,varying-ct,decaps,1249001
3897,bike,varying-ct,decaps,1230094
3898,bike,varying-ct,decaps,1314306
3899,bike,varying-ct,decaps,1346517
3900,bike,varying-ct,decaps,1209718
3901,bike,varying-ct,decaps,1506206
3902,bike,varying-ct,decaps,1748907
3903,bike,varying-ct,decaps,1809901
3904,bike,varying-ct,decaps,1470311
3905,bike,varying-ct,decaps,1381960
3906,bike,varying-ct,decaps,1250663
3907,bike,varying-ct,decaps,1255053
3908,bike,varying-ct,decaps,1282294
3909,bike,varying-ct,decaps,1225455
3910,bike,varying-ct,decaps,1384520
3911,bike,varying-ct,decaps,1287562
3912,bike,varying-ct,decaps,1468739
3913,bike,varying-ct,decaps,1857198
3914,bike,varying-ct,decaps,1734431
3915,bike,varying-ct,decaps,1311289
3916,bike,varying-ct,decaps,1322881
3917,bike,varying-ct,decaps,1251909
3918,bike,varying-ct,decaps,1188681
3919,bike,varying-ct,decaps,1303630
3920,bike,varying-ct,decaps,1280300
3921,bike,varying-ct,decaps,1236320
3922,bike,varying-ct,decaps,1215416
3923,bike,varying-ct,decaps,1281992
3924,bike,varying-ct,decaps,1829305
3925,bike,varying-ct,decaps,1619514
3926,bike,varying-ct,decaps,1388984
3927,bike,varying-ct,decaps,1431697
3928,bike,varying-ct,decaps,1189759
3929,bike,varying-ct,decaps,1188718
3930,bike,varying-ct,decaps,1408079
3931,bike,varying-ct,decaps,1195758
3932,bike,varying-ct,decaps,1183429
3933,bike,varying-ct,decaps,1268347
3934,bike,varying-ct,decaps,1152860
3935,bike,varying-ct,decaps,1528579
3936,bike,varying-ct,decaps,1716914
3937,bike,varying-ct,decaps,1791604
3938,bike,varying-ct,decaps,1334840
3939,bike,varying-ct,decaps,1196614
3940,bike,varying-ct,decaps,1188412
3941,bike,varying-ct,decaps,1255497
3942,bike,varying-ct,decaps,1191772
3943,bike,varying-ct,decaps,1184150
3944,bike,varying-ct,decaps,1227955
3945,bike,varying-ct,decaps,1268462
3946,bike,varying-ct,decaps,1201145
3947,bike,varying-ct,decaps,2049351
3948,bike,varying-ct,decaps,1556527
3949,bike,varying-ct,decaps,1510987
3950,bike,varying-ct,decaps,1208949
3951,bike,varying-ct,decaps,1188770
3952,bike,varying-ct,decaps,1251511
3953,bike,varying-ct,decaps,1190148
3954,bike,varying-ct,decaps,1189275
3955,bike,varying-ct,decaps,1277645
3956,bike,varying-ct,decaps,1440229
3957,bike,varying-ct,decaps,1141280
3958,bike,varying-ct,decaps,1386029
3959,bike,varying-ct,decaps,1896759
3960,bike,varying-ct,decaps,2011126
3961,bike,varying-ct,decaps,1230563
3962,bike,varying-ct,decaps,1437270
3963,bike,varying-ct,decaps,1237811
3964,bike,varying-ct,decaps,1189450
3965,bike,varying-ct,decaps,1176209
3966,bike,varying-ct,decaps,1191002
3967,bike,varying-ct,decaps,1291418
3968,bike,varying-ct,decaps,1135880
3969,bike,varying-ct,decaps,1238468
3970,bike,varying-ct,decaps,1874696
3971,bike,varying-ct,decaps,1771779
3972,bike,varying-ct,decaps,1506819
3973,bike,varying-ct,decaps,1212546
3974,bike,varying-ct,decaps,1255235
3975,bike,varying-ct,decaps,1190536
3976,bike,varying-ct,decaps,1189451
3977,bike,varying-ct,decaps,1299909
3978,bike,varying-ct,decaps,1278010
3979,bike,varying-ct,decaps,1177020
3980,bike,varying-ct,decaps,1189793
3981,bike,varying-ct,decaps,1537383
3982,bike,varying-ct,decaps,1725579
3983,bike,varying-ct,decaps,1927415
3984,bike,varying-ct,decaps,1335230
3985,bike,varying-ct,decaps,1498472
3986,bike,varying-ct,decaps,1481121
3987,bike,varying-ct,decaps,1247518
3988,bike,varying-ct,decaps,1329857
3989,bike,varying-ct,decaps,1230227
3990,bike,varying-ct,decaps,1240395
3991,bike,varying-ct,decaps,1189316
3992,bike,varying-ct,decaps,1727996
3993,bike,varying-ct,decaps,1740549
3994,bike,varying-ct,decaps,1623811
3995,bike,varying-ct,decaps,1276489
3996,bike,varying-ct,decaps,1192421
3997,bike,varying-ct,decaps,1234879
3998,bike,varying-ct,decaps,1244643
3999,bike,varying-ct,decaps,1367755
4000,bike,varying-ct,decaps,1192182
4001,bike,varying-ct,decaps,1229037
4002,bike,varying-ct,decaps,1176158
4003,bike,varying-ct,decaps,1280043
4004,bike,varying-ct,decaps,1910193
4005,bike,varying-ct,decaps,1759939
4006,bike,varying-ct,decaps,1419616
4007,bike,varying-ct,decaps,1204395
4008,bike,varying-ct,decaps,1191697
4009,bike,varying-ct,decaps,1320362
4010,bike,varying-ct,decaps,1135665
4011,bike,varying-ct,decaps,1224425
4012,bike,varying-ct,decaps,1266525
4013,bike,varying-ct,decaps,1125623
4014,bike,varying-ct,decaps,1211545
4015,bike,varying-ct,decaps,1581024
4016,bike,varying-ct,decaps,1765355
4017,bike,varying-ct,decaps,1693534
4018,bike,varying-ct,decaps,1211494
4019,bike,varying-ct,decaps,1196952
4020,bike,varying-ct,decaps,1246782
4021,bike,varying-ct,decaps,1188914
4022,bike,varying-ct,decaps,1188883
4023,bike,varying-ct,decaps,1234472
4024,bike,varying-ct,decaps,1331845
4025,bike,varying-ct,decaps,1129794
4026,bike,varying-ct,decaps,1195700
4027,bike,varying-ct,decaps,1807935
4028,bike,varying-ct,decaps,1509017
4029,bike,varying-ct,decaps,1427895
4030,bike,varying-ct,decaps,1286946
4031,bike,varying-ct,decaps,1207729
4032,bike,varying-ct,decaps,1192961
4033,bike,varying-ct,decaps,1188250
4034,bike,varying-ct,decaps,1188329
4035,bike,varying-ct,decaps,1212230
4036,bike,varying-ct,decaps,1293341
4037,bike,varying-ct,decaps,1136552
4038,bike,varying-ct,decaps,1365686
4039,bike,varying-ct,decaps,1594249
4040,bike,varying-ct,decaps,1664585
4041,bike,varying-ct,decaps,1418754
4042,bike,varying-ct,decaps,1212563
4043,bike,varying-ct,decaps,1253510
4044,bike,varying-ct,decaps,1189242
4045,bike,varying-ct,decaps,1191580
4046,bike,varying-ct,decaps,1303367
4047,bike,varying-ct,decaps,1355986
4048,bike,varying-ct,decaps,1175193
4049,bike,varying-ct,decaps,1220908
4050,bike,varying-ct,decaps,1504463
4051,bike,varying-ct,decaps,1656325
4052,bike,varying-ct,decaps,1612509
4053,bike,varying-ct,decaps,1326307
4054,bike,varying-ct,decaps,1364005
4055,bike,varying-ct,decaps,1189479
4056,bike,varying-ct,decaps,1187193
4057,bike,varying-ct,decaps,1269402
4058,bike,varying-ct,decaps,1135500
4059,bike,varying-ct,decaps,1302174
4060,bike,varying-ct,decaps,1224809
4061,bike,varying-ct,decaps,1224620
4062,bike,varying-ct,decaps,1738690
4063,bike,varying-ct,decaps,1521564
4064,bike,varying-ct,decaps,1438433
4065,bike,varying-ct,decaps,1266540
4066,bike,varying-ct,decaps,1194177
4067,bike,varying-ct,decaps,1201041
4068,bike,varying-ct,decaps,1448136
4069,bike,varying-ct,decaps,1135292
4070,bike,varying-ct,decaps,1134918
4071,bike,varying-ct,decaps,1371240
4072,bike,varying-ct,decaps,1085827
4073,bike,varying-ct,decaps,1169946
4074,bike,varying-ct,decaps,2018463
4075,bike,varying-ct,decaps,1822550
4076,bike,varying-ct,decaps,1546116
4077,bike,varying-ct,decaps,1203638
4078,bike,varying-ct,decaps,1193081
4079,bike,varying-ct,decaps,1272909
4080,bike,varying-ct,decaps,1135020
4081,bike,varying-ct,decaps,1186807
4082,bike,varying-ct,decaps,1212262
4083,bike,varying-ct,decaps,1172334
4084,bike,varying-ct,decaps,1087046
4085,bike,varying-ct,decaps,1428390
4086,bike,varying-ct,decaps,2025071
4087,bike,varying-ct,decaps,1710568
4088,bike,varying-ct,decaps,1193964
4089,bike,varying-ct,decaps,1245472
4090,bike,varying-ct,decaps,1200433
4091,bike,varying-ct,decaps,1135300
4092,bike,varying-ct,decaps,1134935
4093,bike,varying-ct,decaps,1110567
4094,bike,varying-ct,decaps,1460181
4095,bike,varying-ct,decaps,1169807
4096,bike,varying-ct,decaps,1088809
4097,bike,varying-ct,decaps,1802958
4098,bike,varying-ct,decaps,1535768
4099,bike,varying-ct,decaps,1585956
4100,bike,varying-ct,decaps,1163491
4101,bike,varying-ct,decaps,1291556
4102,bike,varying-ct,decaps,1534209
4103,bike,varying-ct,decaps,1237184
4104,bike,varying-ct,decaps,1234971
4105,bike,varying-ct,decaps,1189556
4106,bike,varying-ct,decaps,1325672
4107,bike,varying-ct,decaps,1170045
4108,bike,varying-ct,decaps,1427062
4109,bike,varying-ct,decaps,1636560
4110,bike,varying-ct,decaps,1608309
4111,bike,varying-ct,decaps,1475703
4112,bike,varying-ct,decaps,1388406
4113,bike,varying-ct,decaps,1190676
4114,bike,varying-ct,decaps,1196940
4115,bike,varying-ct,decaps,1204684
4116,bike,varying-ct,decaps,1193790
4117,bike,varying-ct,decaps,1563911
4118,bike,varying-ct,decaps,1195256
4119,bike,varying-ct,decaps,1138886
4120,bike,varying-ct,decaps,1369277
4121,bike,varying-ct,decaps,1572658
4122,bike,varying-ct,decaps,1648144
4123,bike,varying-ct,decaps,1286735
4124,bike,varying-ct,decaps,1280501
4125,bike,varying-ct,decaps,1250694
4126,bike,varying-ct,decaps,1194613
4127,bike,varying-ct,decaps,1193904
4128,bike,varying-ct,decaps,1191625
4129,bike,varying-ct,decaps,1227949
4130,bike,varying-ct,decaps,1271610
4131,bike,varying-ct,decaps,1600071
4132,bike,varying-ct,decaps,1374980
4133,bike,varying-ct,decaps,1259670
4134,bike,varying-ct,decaps,1260096
4135,bike,varying-ct,decaps,1327087
4136,bike,varying-ct,decaps,1337431
4137,bike,varying-ct,decaps,1488364
4138,bike,varying-ct,decaps,1782311
4139,bike,varying-ct,decaps,2023401
4140,bike,varying-ct,decaps,1500576
4141,bike,varying-ct,decaps,1770254
4142,bike,varying-ct,decaps,1631279
4143,bike,varying-ct,decaps,2314538
4144,bike,varying-ct,decaps,2295311
4145,bike,varying-ct,decaps,2424330
4146,bike,varying-ct,decaps,1319560
4147,bike,varying-ct,decaps,1316070
4148,bike,varying-ct,decaps,1439294
4149,bike,varying-ct,decaps,1455866
4150,bike,varying-ct,decaps,1261300
4151,bike,varying-ct,decaps,1332918
4152,bike,varying-ct,decaps,1789430
4153,bike,varying-ct,decaps,1976954
4154,bike,varying-ct,decaps,1330805
4155,bike,varying-ct,decaps,1288476
4156,bike,varying-ct,decaps,1189403
4157,bike,varying-ct,decaps,1231794
4158,bike,varying-ct,decaps,1262703
4159,bike,varying-ct,decaps,1244458
4160,bike,varying-ct,decaps,1189482
4161,bike,varying-ct,decaps,1278166
4162,bike,varying-ct,decaps,1994532
4163,bike,varying-ct,decaps,2196102
4164,bike,varying-ct,decaps,2044671
4165,bike,varying-ct,decaps,1309019
4166,bike,varying-ct,decaps,1189838
4167,bike,varying-ct,decaps,1189540
4168,bike,varying-ct,decaps,1273078
4169,bike,varying-ct,decaps,1602976
4170,bike,varying-ct,decaps,1266776
4171,bike,varying-ct,decaps,1140910
4172,bike,varying-ct,decaps,1238072
4173,bike,varying-ct,decaps,2260264
4174,bike,varying-ct,decaps,2294353
4175,bike,varying-ct,decaps,1611748
4176,bike,varying-ct,decaps,1191013
4177,bike,varying-ct,decaps,1292462
4178,bike,varying-ct,decaps,1238918
4179,bike,varying-ct,decaps,1180636
4180,bike,varying-ct,decaps,1177437
4181,bike,varying-ct,decaps,1259617
4182,bike,varying-ct,decaps,1155104
4183,bike,varying-ct,decaps,1980167
4184,bike,varying-ct,decaps,2149704
4185,bike,varying-ct,decaps,1946632
4186,bike,varying-ct,decaps,1509680
4187,bike,varying-ct,decaps,1137489
4188,bike,varying-ct,decaps,1176138
4189,bike,varying-ct,decaps,1276972
4190,bike,varying-ct,decaps,1135137
4191,bike,varying-ct,decaps,1212624
4192,bike,varying-ct,decaps,1107142
4193,bike,varying-ct,decaps,1230568
4194,bike,varying-ct,decaps,1762459
4195,bike,varying-ct,decaps,2305021
4196,bike,varying-ct,decaps,1881391
4197,bike,varying-ct,decaps,1209687
4198,bike,varying-ct,decaps,1135533
4199,bike,varying-ct,decaps,1194910
4200,bike,varying-ct,decaps,1374790
4201,bike,varying-ct,decaps,1085014
4202,bike,varying-ct,decaps,1619207
4203,bike,varying-ct,decaps,2055014
4204,bike,varying-ct,decaps,1745474
4205,bike,varying-ct,decaps,2438210
4206,bike,varying-ct,decaps,1996366
4207,bike,varying-ct,decaps,2130679
4208,bike,varying-ct,decaps,1260131
4209,bike,varying-ct,decaps,1190492
4210,bike,varying-ct,decaps,1189783
4211,bike,varying-ct,decaps,1377224
4212,bike,varying-ct,decaps,1497965
4213,bike,varying-ct,decaps,1546980
4214,bike,varying-ct,decaps,1986727
4215,bike,varying-ct,decaps,2354037
4216,bike,varying-ct,decaps,1643440
4217,bike,varying-ct,decaps,1282800
4218,bike,varying-ct,decaps,1179877
4219,bike,varying-ct,decaps,1135129
4220,bike,varying-ct,decaps,1135146
4221,bike,varying-ct,decaps,1432567
4222,bike,varying-ct,decaps,1232581
4223,bike,varying-ct,decaps,1085793
4224,bike,varying-ct,decaps,1613508
4225,bike,varying-ct,decaps,2366209
4226,bike,varying-ct,decaps,1829783
4227,bike,varying-ct,decaps,1726522
4228,bike,varying-ct,decaps,1192600
4229,bike,varying-ct,decaps,1189786
4230,bike,varying-ct,decaps,1163959
4231,bike,varying-ct,decaps,1157997
4232,bike,varying-ct,decaps,1236960
4233,bike,varying-ct,decaps,1135243
4234,bike,varying-ct,decaps,1250643
4235,bike,varying-ct,decaps,1708568
4236,bike,varying-ct,decaps,2193945
4237,bike,varying-ct,decaps,1928110
4238,bike,varying-ct,decaps,1335692
4239,bike,varying-ct,decaps,1193479
4240,bike,varying-ct,decaps,1152110
4241,bike,varying-ct,decaps,1248637
4242,bike,varying-ct,decaps,1367647
4243,bike,varying-ct,decaps,1240256
4244,bike,varying-ct,decaps,1146884
4245,bike,varying-ct,decaps,1372984
4246,bike,varying-ct,decaps,1943980
4247,bike,varying-ct,decaps,2428315
4248,bike,varying-ct,decaps,1849768
4249,bike,varying-ct,decaps,1139210
4250,bike,varying-ct,decaps,1136495
4251,bike,varying-ct,decaps,1365200
4252,bike,varying-ct,decaps,1171102
4253,bike,varying-ct,decaps,1137279
4254,bike,varying-ct,decaps,1170760
4255,bike,varying-ct,decaps,1087903
4256,bike,varying-ct,decaps,1272404
4257,bike,varying-ct,decaps,1357149
4258,bike,varying-ct,decaps,1921120
4259,bike,varying-ct,decaps,2179391
4260,bike,varying-ct,decaps,1838733
4261,bike,varying-ct,decaps,1316334
4262,bike,varying-ct,decaps,1136402
4263,bike,varying-ct,decaps,1134715
4264,bike,varying-ct,decaps,1158621
4265,bike,varying-ct,decaps,1296094
4266,bike,varying-ct,decaps,1234250
4267,bike,varying-ct,decaps,1163206
4268,bike,varying-ct,decaps,1194417
4269,bike,varying-ct,decaps,1398561
4270,bike,varying-ct,decaps,2165773
4271,bike,varying-ct,decaps,2046771
4272,bike,varying-ct,decaps,1959355
4273,bike,varying-ct,decaps,1364974
4274,bike,varying-ct,decaps,1190906
4275,bike,varying-ct,decaps,1705857
4276,bike,varying-ct,decaps,1191127
4277,bike,varying-ct,decaps,1148558
4278,bike,varying-ct,decaps,1199045
4279,bike,varying-ct,decaps,1825010
4280,bike,varying-ct,decaps,1838416
4281,bike,varying-ct,decaps,1675194
4282,bike,varying-ct,decaps,1400646
4283,bike,varying-ct,decaps,1264017
4284,bike,varying-ct,decaps,1356222
4285,bike,varying-ct,decaps,1250815
4286,bike,varying-ct,decaps,1252653
4287,bike,varying-ct,decaps,1190092
4288,bike,varying-ct,decaps,1305023
4289,bike,varying-ct,decaps,1522395
4290,bike,varying-ct,decaps,1958005
4291,bike,varying-ct,decaps,1640284
4292,bike,varying-ct,decaps,1555966
4293,bike,varying-ct,decaps,1373640
4294,bike,varying-ct,decaps,1259426
4295,bike,varying-ct,decaps,1303604
4296,bike,varying-ct,decaps,1306050
4297,bike,varying-ct,decaps,1289093
4298,bike,varying-ct,decaps,1261613
4299,bike,varying-ct,decaps,1217179
4300,bike,varying-ct,decaps,1397847
4301,bike,varying-ct,decaps,1840656
4302,bike,varying-ct,decaps,1653811
4303,bike,varying-ct,decaps,1711903
4304,bike,varying-ct,decaps,1223972
4305,bike,varying-ct,decaps,1260824
4306,bike,varying-ct,decaps,1270585
4307,bike,varying-ct,decaps,1252524
4308,bike,varying-ct,decaps,1398031
4309,bike,varying-ct,decaps,1245209
4310,bike,varying-ct,decaps,1188340
4311,bike,varying-ct,decaps,1243101
4312,bike,varying-ct,decaps,2076663
4313,bike,varying-ct,decaps,1963893
4314,bike,varying-ct,decaps,1341983
4315,bike,varying-ct,decaps,1361631
4316,bike,varying-ct,decaps,1270397
4317,bike,varying-ct,decaps,1494935
4318,bike,varying-ct,decaps,1251232
4319,bike,varying-ct,decaps,1591209
4320,bike,varying-ct,decaps,1329683
4321,bike,varying-ct,decaps,2107084
4322,bike,varying-ct,decaps,2016857
4323,bike,varying-ct,decaps,1919497
4324,bike,varying-ct,decaps,1342758
4325,bike,varying-ct,decaps,1617513
4326,bike,varying-ct,decaps,1294820
4327,bike,varying-ct,decaps,1315058
4328,bike,varying-ct,decaps,1303294
4329,bike,varying-ct,decaps,1335594
4330,bike,varying-ct,decaps,1391616
4331,bike,varying-ct,decaps,1348161
4332,bike,varying-ct,decaps,1695187
4333,bike,varying-ct,decaps,2317618
4334,bike,varying-ct,decaps,1952489
4335,bike,varying-ct,decaps,1947596
4336,bike,varying-ct,decaps,1635891
4337,bike,varying-ct,decaps,1547840
4338,bike,varying-ct,decaps,1570755
4339,bike,varying-ct,decaps,1302756
4340,bike,varying-ct,decaps,1307868
4341,bike,varying-ct,decaps,1506372
4342,bike,varying-ct,decaps,1836420
4343,bike,varying-ct,decaps,1604516
4344,bike,varying-ct,decaps,1845299
4345,bike,varying-ct,decaps,1376846
4346,bike,varying-ct,decaps,1467613
4347,bike,varying-ct,decaps,1348429
4348,bike,varying-ct,decaps,1303169
4349,bike,varying-ct,decaps,1287156
4350,bike,varying-ct,decaps,1266428
4351,bike,varying-ct,decaps,1260597
4352,bike,varying-ct,decaps,1323374
4353,bike,varying-ct,decaps,2127362
4354,bike,varying-ct,decaps,1381248
4355,bike,varying-ct,decaps,1283266
4356,bike,varying-ct,decaps,1307264
4357,bike,varying-ct,decaps,1443657
4358,bike,varying-ct,decaps,1352460
4359,bike,varying-ct,decaps,1320713
4360,bike,varying-ct,decaps,1315119
4361,bike,varying-ct,decaps,1432721
4362,bike,varying-ct,decaps,1270061
4363,bike,varying-ct,decaps,2206289
4364,bike,varying-ct,decaps,2493097
4365,bike,varying-ct,decaps,2200515
4366,bike,varying-ct,decaps,2002322
4367,bike,varying-ct,decaps,1943632
4368,bike,varying-ct,decaps,1702549
4369,bike,varying-ct,decaps,1250535
4370,bike,varying-ct,decaps,1270914
4371,bike,varying-ct,decaps,1266973
4372,bike,varying-ct,decaps,1650966
4373,bike,varying-ct,decaps,2412513
4374,bike,varying-ct,decaps,1968253
4375,bike,varying-ct,decaps,2102954
4376,bike,varying-ct,decaps,1420172
4377,bike,varying-ct,decaps,1287229
4378,bike,varying-ct,decaps,1250082
4379,bike,varying-ct,decaps,1290958
4380,bike,varying-ct,decaps,1354771
4381,bike,varying-ct,decaps,1580929
4382,bike,varying-ct,decaps,2265372
4383,bike,varying-ct,decaps,2042490
4384,bike,varying-ct,decaps,1362210
4385,bike,varying-ct,decaps,1249471
4386,bike,varying-ct,decaps,1233643
4387,bike,varying-ct,decaps,1188831
4388,bike,varying-ct,decaps,1199616
4389,bike,varying-ct,decaps,1189886
4390,bike,varying-ct,decaps,1189325
4391,bike,varying-ct,decaps,1479935
4392,bike,varying-ct,decaps,1509839
4393,bike,varying-ct,decaps,2309715
4394,bike,varying-ct,decaps,1970079
4395,bike,varying-ct,decaps,1319979
4396,bike,varying-ct,decaps,1190159
4397,bike,varying-ct,decaps,1189277
4398,bike,varying-ct,decaps,1328756
4399,bike,varying-ct,decaps,1189434
4400,bike,varying-ct,decaps,1224996
4401,bike,varying-ct,decaps,1205483
4402,bike,varying-ct,decaps,1397752
4403,bike,varying-ct,decaps,1715225
4404,bike,varying-ct,decaps,2128126
4405,bike,varying-ct,decaps,1728083
4406,bike,varying-ct,decaps,1191926
4407,bike,varying-ct,decaps,1189699
4408,bike,varying-ct,decaps,1241270
4409,bike,varying-ct,decaps,1253369
4410,bike,varying-ct,decaps,1188307
4411,bike,varying-ct,decaps,1220952
4412,bike,varying-ct,decaps,1135722
4413,bike,varying-ct,decaps,1185982
4414,bike,varying-ct,decaps,1400717
4415,bike,varying-ct,decaps,2175335
4416,bike,varying-ct,decaps,1980612
4417,bike,varying-ct,decaps,1238644
4418,bike,varying-ct,decaps,1279227
4419,bike,varying-ct,decaps,1250207
4420,bike,varying-ct,decaps,1379271
4421,bike,varying-ct,decaps,1212933
4422,bike,varying-ct,decaps,1292981
4423,bike,varying-ct,decaps,1264353
4424,bike,varying-ct,decaps,1236493
4425,bike,varying-ct,decaps,1745148
4426,bike,varying-ct,decaps,2274057
4427,bike,varying-ct,decaps,1955413
4428,bike,varying-ct,decaps,1192634
4429,bike,varying-ct,decaps,1262965
4430,bike,varying-ct,decaps,1188395
4431,bike,varying-ct,decaps,1187861
4432,bike,varying-ct,decaps,1243467
4433,bike,varying-ct,decaps,1521970
4434,bike,varying-ct,decaps,2048468
4435,bike,varying-ct,decaps,1611584
4436,bike,varying-ct,decaps,2375095
4437,bike,varying-ct,decaps,1955304
4438,bike,varying-ct,decaps,1356078
4439,bike,varying-ct,decaps,1300284
4440,bike,varying-ct,decaps,1232938
4441,bike,varying-ct,decaps,1236871
4442,bike,varying-ct,decaps,1234730
4443,bike,varying-ct,decaps,1228468
4444,bike,varying-ct,decaps,1189695
4445,bike,varying-ct,decaps,1330869
4446,bike,varying-ct,decaps,2042192
4447,bike,varying-ct,decaps,2104280
4448,bike,varying-ct,decaps,1615305
4449,bike,varying-ct,decaps,1258072
4450,bike,varying-ct,decaps,1190337
4451,bike,varying-ct,decaps,1189013
4452,bike,varying-ct,decaps,1390210
4453,bike,varying-ct,decaps,1197292
4454,bike,varying-ct,decaps,1195771
4455,bike,varying-ct,decaps,1243869
4456,bike,varying-ct,decaps,1247393
4457,bike,varying-ct,decaps,1234304
4458,bike,varying-ct,decaps,2049947
4459,bike,varying-ct,decaps,2267700
4460,bike,varying-ct,decaps,2106070
4461,bike,varying-ct,decaps,2096088
4462,bike,varying-ct,decaps,1376383
4463,bike,varying-ct,decaps,1189240
4464,bike,varying-ct,decaps,1277098
4465,bike,varying-ct,decaps,1192680
4466,bike,varying-ct,decaps,1464568
4467,bike,varying-ct,decaps,2277365
4468,bike,varying-ct,decaps,1883308
4469,bike,varying-ct,decaps,1561074
4470,bike,varying-ct,decaps,1191195
4471,bike,varying-ct,decaps,1245737
4472,bike,varying-ct,decaps,1241153
4473,bike,varying-ct,decaps,1188576
4474,bike,varying-ct,decaps,1241914
4475,bike,varying-ct,decaps,1188564
4476,bike,varying-ct,decaps,1316654
4477,bike,varying-ct,decaps,1742076
4478,bike,varying-ct,decaps,2420027
4479,bike,varying-ct,decaps,2657668
4480,bike,varying-ct,decaps,1252862
4481,bike,varying-ct,decaps,1338110
4482,bike,varying-ct,decaps,1293819
4483,bike,varying-ct,decaps,1189985
4484,bike,varying-ct,decaps,1291451
4485,bike,varying-ct,decaps,1189460
4486,bike,varying-ct,decaps,1288985
4487,bike,varying-ct,decaps,1651443
4488,bike,varying-ct,decaps,2725598
4489,bike,varying-ct,decaps,1969306
4490,bike,varying-ct,decaps,1192450
4491,bike,varying-ct,decaps,1416110
4492,bike,varying-ct,decaps,1208747
4493,bike,varying-ct,decaps,1189192
4494,bike,varying-ct,decaps,1311325
4495,bike,varying-ct,decaps,1135417
4496,bike,varying-ct,decaps,1138211
4497,bike,varying-ct,decaps,1350497
4498,bike,varying-ct,decaps,1969600
4499,bike,varying-ct,decaps,2186669
4500,bike,varying-ct,decaps,1612117
4501,bike,varying-ct,decaps,1302257
4502,bike,varying-ct,decaps,1226746
4503,bike,varying-ct,decaps,1192619
4504,bike,varying-ct,decaps,1277530
4505,bike,varying-ct,decaps,1398209
4506,bike,varying-ct,decaps,1194742
4507,bike,varying-ct,decaps,1257693
4508,bike,varying-ct,decaps,1370454
4509,bike,varying-ct,decaps,2539027
4510,bike,varying-ct,decaps,1925241
4511,bike,varying-ct,decaps,1866064
4512,bike,varying-ct,decaps,1283739
4513,bike,varying-ct,decaps,1204376
4514,bike,varying-ct,decaps,1297909
4515,bike,varying-ct,decaps,1264836
4516,bike,varying-ct,decaps,1188273
4517,bike,varying-ct,decaps,1352688
4518,bike,varying-ct,decaps,1690629
4519,bike,varying-ct,decaps,2233007
4520,bike,varying-ct,decaps,2081767
4521,bike,varying-ct,decaps,2124964
4522,bike,varying-ct,decaps,2139763
4523,bike,varying-ct,decaps,1276659
4524,bike,varying-ct,decaps,1230233
4525,bike,varying-ct,decaps,1276275
4526,bike,varying-ct,decaps,1186488
4527,bike,varying-ct,decaps,1328125
4528,bike,varying-ct,decaps,2047712
4529,bike,varying-ct,decaps,2323253
4530,bike,varying-ct,decaps,2007282
4531,bike,varying-ct,decaps,1341708
4532,bike,varying-ct,decaps,1346229
4533,bike,varying-ct,decaps,1260861
4534,bike,varying-ct,decaps,1189296
4535,bike,varying-ct,decaps,1307181
4536,bike,varying-ct,decaps,1266297
4537,bike,varying-ct,decaps,1618548
4538,bike,varying-ct,decaps,2159127
4539,bike,varying-ct,decaps,1929988
4540,bike,varying-ct,decaps,1831494
4541,bike,varying-ct,decaps,1349816
4542,bike,varying-ct,decaps,1303982
4543,bike,varying-ct,decaps,1411727
4544,bike,varying-ct,decaps,1270687
4545,bike,varying-ct,decaps,1298609
4546,bike,varying-ct,decaps,1470176
4547,bike,varying-ct,decaps,2270673
4548,bike,varying-ct,decaps,2118177
4549,bike,varying-ct,decaps,2200308
4550,bike,varying-ct,decaps,1726001
4551,bike,varying-ct,decaps,1272762
4552,bike,varying-ct,decaps,1275198
4553,bike,varying-ct,decaps,1249671
4554,bike,varying-ct,decaps,1388623
4555,bike,varying-ct,decaps,1259434
4556,bike,varying-ct,decaps,1351890
4557,bike,varying-ct,decaps,1510366
4558,bike,varying-ct,decaps,2375757
4559,bike,varying-ct,decaps,2010783
4560,bike,varying-ct,decaps,1715992
4561,bike,varying-ct,decaps,1250496
4562,bike,varying-ct,decaps,1249835
4563,bike,varying-ct,decaps,1309834
4564,bike,varying-ct,decaps,1189043
4565,bike,varying-ct,decaps,1233281
4566,bike,varying-ct,decaps,1237561
4567,bike,varying-ct,decaps,1369432
4568,bike,varying-ct,decaps,1998166
4569,bike,varying-ct,decaps,2136789
4570,bike,varying-ct,decaps,1777021
4571,bike,varying-ct,decaps,1251159
4572,bike,varying-ct,decaps,1248978
4573,bike,varying-ct,decaps,1312094
4574,bike,varying-ct,decaps,1210659
4575,bike,varying-ct,decaps,1271786
4576,bike,varying-ct,decaps,1235285
4577,bike,varying-ct,decaps,1280192
4578,bike,varying-ct,decaps,1707652
4579,bike,varying-ct,decaps,2442427
4580,bike,varying-ct,decaps,1989814
4581,bike,varying-ct,decaps,1436112
4582,bike,varying-ct,decaps,1251211
4583,bike,varying-ct,decaps,1571670
4584,bike,varying-ct,decaps,1956624
4585,bike,varying-ct,decaps,1916870
4586,bike,varying-ct,decaps,1498929
4587,bike,varying-ct,decaps,1938718
4588,bike,varying-ct,decaps,2290166
4589,bike,varying-ct,decaps,1977701
4590,bike,varying-ct,decaps,1284490
4591,bike,varying-ct,decaps,1254962
4592,bike,varying-ct,decaps,1617036
4593,bike,varying-ct,decaps,1225718
4594,bike,varying-ct,decaps,1251279
4595,bike,varying-ct,decaps,1189460
4596,bike,varying-ct,decaps,1271076
4597,bike,varying-ct,decaps,1497186
4598,bike,varying-ct,decaps,2300005
4599,bike,varying-ct,decaps,1981317
4600,bike,varying-ct,decaps,1631715
4601,bike,varying-ct,decaps,1272611
4602,bike,varying-ct,decaps,1247865
4603,bike,varying-ct,decaps,1190264
4604,bike,varying-ct,decaps,1189699
4605,bike,varying-ct,decaps,1399467
4606,bike,varying-ct,decaps,1237976
4607,bike,varying-ct,decaps,1298802
4608,bike,varying-ct,decaps,1814352
4609,bike,varying-ct,decaps,2193195
4610,bike,varying-ct,decaps,1928967
4611,bike,varying-ct,decaps,1252300
4612,bike,varying-ct,decaps,1247136
4613,bike,varying-ct,decaps,1243613
4614,bike,varying-ct,decaps,1275218
4615,bike,varying-ct,decaps,1287792
4616,bike,varying-ct,decaps,1195932
4617,bike,varying-ct,decaps,1377128
4618,bike,varying-ct,decaps,1505183
4619,bike,varying-ct,decaps,2782193
4620,bike,varying-ct,decaps,1980627
4621,bike,varying-ct,decaps,1361070
4622,bike,varying-ct,decaps,1250310
4623,bike,varying-ct,decaps,1271345
4624,bike,varying-ct,decaps,1272258
4625,bike,varying-ct,decaps,1284739
4626,bike,varying-ct,decaps,1261569
4627,bike,varying-ct,decaps,1242160
4628,bike,varying-ct,decaps,1343613
4629,bike,varying-ct,decaps,2290211
4630,bike,varying-ct,decaps,1929124
4631,bike,varying-ct,decaps,1784225
4632,bike,varying-ct,decaps,1230828
4633,bike,varying-ct,decaps,1261169
4634,bike,varying-ct,decaps,1287681
4635,bike,varying-ct,decaps,1255324
4636,bike,varying-ct,decaps,1189089
4637,bike,varying-ct,decaps,1202394
4638,bike,varying-ct,decaps,1456764
4639,bike,varying-ct,decaps,2078900
4640,bike,varying-ct,decaps,2177756
4641,bike,varying-ct,decaps,2005704
4642,bike,varying-ct,decaps,1277520
4643,bike,varying-ct,decaps,1254953
4644,bike,varying-ct,decaps,1404614
4645,bike,varying-ct,decaps,1189188
4646,bike,varying-ct,decaps,1192218
4647,bike,varying-ct,decaps,1236176
4648,bike,varying-ct,decaps,1228207
4649,bike,varying-ct,decaps,1573556
4650,bike,varying-ct,decaps,2344994
4651,bike,varying-ct,decaps,2359894
4652,bike,varying-ct,decaps,2100300
4653,bike,varying-ct,decaps,1395279
4654,bike,varying-ct,decaps,1319034
4655,bike,varying-ct,decaps,1257675
4656,bike,varying-ct,decaps,1274527
4657,bike,varying-ct,decaps,1236575
4658,bike,varying-ct,decaps,1376978
4659,bike,varying-ct,decaps,2171096
4660,bike,varying-ct,decaps,2240446
4661,bike,varying-ct,decaps,1999218
4662,bike,varying-ct,decaps,1778766
4663,bike,varying-ct,decaps,1252451
4664,bike,varying-ct,decaps,1250906
4665,bike,varying-ct,decaps,1219559
4666,bike,varying-ct,decaps,1392659
4667,bike,varying-ct,decaps,1516940
4668,bike,varying-ct,decaps,1490086
4669,bike,varying-ct,decaps,2338840
4670,bike,varying-ct,decaps,2036203
4671,bike,varying-ct,decaps,1330260
4672,bike,varying-ct,decaps,1273647
4673,bike,varying-ct,decaps,1238739
4674,bike,varying-ct,decaps,1225019
4675,bike,varying-ct,decaps,1275712
4676,bike,varying-ct,decaps,1193436
4677,bike,varying-ct,decaps,1171235
4678,bike,varying-ct,decaps,1180937
4679,bike,varying-ct,decaps,1506173
4680,bike,varying-ct,decaps,2457146
4681,bike,varying-ct,decaps,1996513
4682,bike,varying-ct,decaps,1662288
4683,bike,varying-ct,decaps,1203908
4684,bike,varying-ct,decaps,1188671
4685,bike,varying-ct,decaps,1318938
4686,bike,varying-ct,decaps,1188811
4687,bike,varying-ct,decaps,1227830
4688,bike,varying-ct,decaps,1297314
4689,bike,varying-ct,decaps,1203492
4690,bike,varying-ct,decaps,1834014
4691,bike,varying-ct,decaps,2152944
4692,bike,varying-ct,decaps,1842007
4693,bike,varying-ct,decaps,1281659
4694,bike,varying-ct,decaps,1190648
4695,bike,varying-ct,decaps,1189557
4696,bike,varying-ct,decaps,1259460
4697,bike,varying-ct,decaps,1189185
4698,bike,varying-ct,decaps,1188681
4699,bike,varying-ct,decaps,1196482
4700,bike,varying-ct,decaps,1275839
4701,bike,varying-ct,decaps,2431596
4702,bike,varying-ct,decaps,2157664
4703,bike,varying-ct,decaps,1392284
4704,bike,varying-ct,decaps,1262718
4705,bike,varying-ct,decaps,1188201
4706,bike,varying-ct,decaps,1346285
4707,bike,varying-ct,decaps,1193529
4708,bike,varying-ct,decaps,1223281
4709,bike,varying-ct,decaps,1237941
4710,bike,varying-ct,decaps,1234482
4711,bike,varying-ct,decaps,1483923
4712,bike,varying-ct,decaps,2300504
4713,bike,varying-ct,decaps,1955936
4714,bike,varying-ct,decaps,1192014
4715,bike,varying-ct,decaps,1210041
4716,bike,varying-ct,decaps,1199639
4717,bike,varying-ct,decaps,1397471
4718,bike,varying-ct,decaps,1188875
4719,bike,varying-ct,decaps,1237845
4720,bike,varying-ct,decaps,1190548
4721,bike,varying-ct,decaps,1178760
4722,bike,varying-ct,decaps,1428350
4723,bike,varying-ct,decaps,2184624
4724,bike,varying-ct,decaps,1995178
4725,bike,varying-ct,decaps,1224049
4726,bike,varying-ct,decaps,1189786
4727,bike,varying-ct,decaps,1273078
4728,bike,varying-ct,decaps,1191745
4729,bike,varying-ct,decaps,1189704
4730,bike,varying-ct,decaps,1201062
4731,bike,varying-ct,decaps,1227058
4732,bike,varying-ct,decaps,1214585
4733,bike,varying-ct,decaps,1309384
4734,bike,varying-ct,decaps,2003968
4735,bike,varying-ct,decaps,1928577
4736,bike,varying-ct,decaps,1421577
4737,bike,varying-ct,decaps,1190719
4738,bike,varying-ct,decaps,1263994
4739,bike,varying-ct,decaps,1188910
4740,bike,varying-ct,decaps,1159800
4741,bike,varying-ct,decaps,1333320
4742,bike,varying-ct,decaps,1187608
4743,bike,varying-ct,decaps,1169878
4744,bike,varying-ct,decaps,1196373
4745,bike,varying-ct,decaps,1855964
4746,bike,varying-ct,decaps,2346980
4747,bike,varying-ct,decaps,1783099
4748,bike,varying-ct,decaps,1390428
4749,bike,varying-ct,decaps,1256424
4750,bike,varying-ct,decaps,1253468
4751,bike,varying-ct,decaps,1335272
4752,bike,varying-ct,decaps,1257506
4753,bike,varying-ct,decaps,1272227
4754,bike,varying-ct,decaps,1351035
4755,bike,varying-ct,decaps,1341162
4756,bike,varying-ct,decaps,1335002
4757,bike,varying-ct,decaps,1427770
4758,bike,varying-ct,decaps,1346756
4759,bike,varying-ct,decaps,1350149
4760,bike,varying-ct,decaps,1336954
4761,bike,varying-ct,decaps,1333590
4762,bike,varying-ct,decaps,1350519
4763,bike,varying-ct,decaps,1336063
4764,bike,varying-ct,decaps,1333343
4765,bike,varying-ct,decaps,1349305
4766,bike,varying-ct,decaps,1388713
4767,bike,varying-ct,decaps,1258029
4768,bike,varying-ct,decaps,1391667
4769,bike,varying-ct,decaps,1305572
4770,bike,varying-ct,decaps,1901849
4771,bike,varying-ct,decaps,2192362
4772,bike,varying-ct,decaps,2205734
4773,bike,varying-ct,decaps,2291619
4774,bike,varying-ct,decaps,1292385
4775,bike,varying-ct,decaps,1392002
4776,bike,varying-ct,decaps,1551546
4777,bike,varying-ct,decaps,2470814
4778,bike,varying-ct,decaps,2111741
4779,bike,varying-ct,decaps,1945523
4780,bike,varying-ct,decaps,1346035
4781,bike,varying-ct,decaps,1287710
4782,bike,varying-ct,decaps,1327606
4783,bike,varying-ct,decaps,1385654
4784,bike,varying-ct,decaps,1380599
4785,bike,varying-ct,decaps,1451493
4786,bike,varying-ct,decaps,1703245
4787,bike,varying-ct,decaps,2368374
4788,bike,varying-ct,decaps,1701776
4789,bike,varying-ct,decaps,1316558
4790,bike,varying-ct,decaps,1453344
4791,bike,varying-ct,decaps,1310881
4792,bike,varying-ct,decaps,1249583
4793,bike,varying-ct,decaps,1396941
4794,bike,varying-ct,decaps,1249492
4795,bike,varying-ct,decaps,1256857
4796,bike,varying-ct,decaps,1587345
4797,bike,varying-ct,decaps,2116549
4798,bike,varying-ct,decaps,2630228
4799,bike,varying-ct,decaps,1690753
4800,bike,varying-ct,decaps,1298407
4801,bike,varying-ct,decaps,1249408
4802,bike,varying-ct,decaps,1416642
4803,bike,varying-ct,decaps,1258275
4804,bike,varying-ct,decaps,1299133
4805,bike,varying-ct,decaps,1535846
4806,bike,varying-ct,decaps,1997854
4807,bike,varying-ct,decaps,2032669
4808,bike,varying-ct,decaps,1430014
4809,bike,varying-ct,decaps,1305964
4810,bike,varying-ct,decaps,1371060
4811,bike,varying-ct,decaps,1269862
4812,bike,varying-ct,decaps,1368861
4813,bike,varying-ct,decaps,1313877
4814,bike,varying-ct,decaps,1189485
4815,bike,varying-ct,decaps,1309457
4816,bike,varying-ct,decaps,1678805
4817,bike,varying-ct,decaps,2227692
4818,bike,varying-ct,decaps,1993230
4819,bike,varying-ct,decaps,1271986
4820,bike,varying-ct,decaps,1250094
4821,bike,varying-ct,decaps,1265125
4822,bike,varying-ct,decaps,1325378
4823,bike,varying-ct,decaps,1189458
4824,bike,varying-ct,decaps,1189245
4825,bike,varying-ct,decaps,1248132
4826,bike,varying-ct,decaps,1193240
4827,bike,varying-ct,decaps,1812824
4828,bike,varying-ct,decaps,2277742
4829,bike,varying-ct,decaps,1907024
4830,bike,varying-ct,decaps,1250838
4831,bike,varying-ct,decaps,1243534
4832,bike,varying-ct,decaps,1316282
4833,bike,varying-ct,decaps,1223317
4834,bike,varying-ct,decaps,1189840
4835,bike,varying-ct,decaps,1219195
4836,bike,varying-ct,decaps,1203754
4837,bike,varying-ct,decaps,1240421
4838,bike,varying-ct,decaps,2068618
4839,bike,varying-ct,decaps,2115610
4840,bike,varying-ct,decaps,1597913
4841,bike,varying-ct,decaps,1193939
4842,bike,varying-ct,decaps,1211227
4843,bike,varying-ct,decaps,1252287
4844,bike,varying-ct,decaps,1313704
4845,bike,varying-ct,decaps,1188855
4846,bike,varying-ct,decaps,1277458
4847,bike,varying-ct,decaps,1442481
4848,bike,varying-ct,decaps,1629750
4849,bike,varying-ct,decaps,2195793
4850,bike,varying-ct,decaps,2039786
4851,bike,varying-ct,decaps,1464463
4852,bike,varying-ct,decaps,1674364
4853,bike,varying-ct,decaps,1884760
4854,bike,varying-ct,decaps,1547865
4855,bike,varying-ct,decaps,1342934
4856,bike,varying-ct,decaps,1250345
4857,bike,varying-ct,decaps,2507838
4858,bike,varying-ct,decaps,2396520
4859,bike,varying-ct,decaps,2061665
4860,bike,varying-ct,decaps,1325841
4861,bike,varying-ct,decaps,1307472
4862,bike,varying-ct,decaps,1249297
4863,bike,varying-ct,decaps,1258592
4864,bike,varying-ct,decaps,1250948
4865,bike,varying-ct,decaps,1254057
4866,bike,varying-ct,decaps,1339518
4867,bike,varying-ct,decaps,1261487
4868,bike,varying-ct,decaps,1243967
4869,bike,varying-ct,decaps,2060648
4870,bike,varying-ct,decaps,2329531
4871,bike,varying-ct,decaps,1654236
4872,bike,varying-ct,decaps,1281408
4873,bike,varying-ct,decaps,1249383
4874,bike,varying-ct,decaps,1243093
4875,bike,varying-ct,decaps,1188934
4876,bike,varying-ct,decaps,1187736
4877,bike,varying-ct,decaps,1234757
4878,bike,varying-ct,decaps,1188939
4879,bike,varying-ct,decaps,1455577
4880,bike,varying-ct,decaps,2250258
4881,bike,varying-ct,decaps,2148128
4882,bike,varying-ct,decaps,1335093
4883,bike,varying-ct,decaps,1219246
4884,bike,varying-ct,decaps,1310132
4885,bike,varying-ct,decaps,1228380
4886,bike,varying-ct,decaps,1188507
4887,bike,varying-ct,decaps,1274032
4888,bike,varying-ct,decaps,1193146
4889,bike,varying-ct,decaps,1417671
4890,bike,varying-ct,decaps,2330386
4891,bike,varying-ct,decaps,2232690
4892,bike,varying-ct,decaps,1969509
4893,bike,varying-ct,decaps,1252098
4894,bike,varying-ct,decaps,1324920
4895,bike,varying-ct,decaps,1251587
4896,bike,varying-ct,decaps,1192113
4897,bike,varying-ct,decaps,1242106
4898,bike,varying-ct,decaps,1372018
4899,bike,varying-ct,decaps,1189702
4900,bike,varying-ct,decaps,1550288
4901,bike,varying-ct,decaps,2068348
4902,bike,varying-ct,decaps,2042104
4903,bike,varying-ct,decaps,1365374
4904,bike,varying-ct,decaps,1293530
4905,bike,varying-ct,decaps,1188740
4906,bike,varying-ct,decaps,1188020
4907,bike,varying-ct,decaps,1232984
4908,bike,varying-ct,decaps,1265992
4909,bike,varying-ct,decaps,1405799
4910,bike,varying-ct,decaps,1247167
4911,bike,varying-ct,decaps,1696557
4912,bike,varying-ct,decaps,2222542
4913,bike,varying-ct,decaps,1818787
4914,bike,varying-ct,decaps,1191652
4915,bike,varying-ct,decaps,1263503
4916,bike,varying-ct,decaps,1190098
4917,bike,varying-ct,decaps,1192652
4918,bike,varying-ct,decaps,1295210
4919,bike,varying-ct,decaps,1190026
4920,bike,varying-ct,decaps,1192147
4921,bike,varying-ct,decaps,1259011
4922,bike,varying-ct,decaps,1649259
4923,bike,varying-ct,decaps,2145385
4924,bike,varying-ct,decaps,1900575
4925,bike,varying-ct,decaps,1251078
4926,bike,varying-ct,decaps,1190123
4927,bike,varying-ct,decaps,1189035
4928,bike,varying-ct,decaps,1241040
4929,bike,varying-ct,decaps,1188691
4930,bike,varying-ct,decaps,1188784
4931,bike,varying-ct,decaps,1243273
4932,bike,varying-ct,decaps,1188788
4933,bike,varying-ct,decaps,1478209
4934,bike,varying-ct,decaps,2270740
4935,bike,varying-ct,decaps,1964841
4936,bike,varying-ct,decaps,1665297
4937,bike,varying-ct,decaps,1193250
4938,bike,varying-ct,decaps,1190713
4939,bike,varying-ct,decaps,1207238
4940,bike,varying-ct,decaps,1247532
4941,bike,varying-ct,decaps,1189954
4942,bike,varying-ct,decaps,1251727
4943,bike,varying-ct,decaps,1187410
4944,bike,varying-ct,decaps,1671746
4945,bike,varying-ct,decaps,2388283
4946,bike,varying-ct,decaps,1922208
4947,bike,varying-ct,decaps,1191600
4948,bike,varying-ct,decaps,1263879
4949,bike,varying-ct,decaps,1321685
4950,bike,varying-ct,decaps,1189797
4951,bike,varying-ct,decaps,1189330
4952,bike,varying-ct,decaps,1257927
4953,bike,varying-ct,decaps,1135616
4954,bike,varying-ct,decaps,1137938
4955,bike,varying-ct,decaps,1822361
4956,bike,varying-ct,decaps,2267519
4957,bike,varying-ct,decaps,1848510
4958,bike,varying-ct,decaps,1192624
4959,bike,varying-ct,decaps,1203384
4960,bike,varying-ct,decaps,1331645
4961,bike,varying-ct,decaps,1188905
4962,bike,varying-ct,decaps,1240947
4963,bike,varying-ct,decaps,1190195
4964,bike,varying-ct,decaps,1191097
4965,bike,varying-ct,decaps,1170824
4966,bike,varying-ct,decaps,1696484
4967,bike,varying-ct,decaps,2162408
4968,bike,varying-ct,decaps,1801059
4969,bike,varying-ct,decaps,1358700
4970,bike,varying-ct,decaps,1242837
4971,bike,varying-ct,decaps,1189159
4972,bike,varying-ct,decaps,1188867
4973,bike,varying-ct,decaps,1197530
4974,bike,varying-ct,decaps,1433276
4975,bike,varying-ct,decaps,1185756
4976,bike,varying-ct,decaps,1222518
4977,bike,varying-ct,decaps,1843472
4978,bike,varying-ct,decaps,2325838
4979,bike,varying-ct,decaps,1612424
4980,bike,varying-ct,decaps,1253122
4981,bike,varying-ct,decaps,1189720
4982,bike,varying-ct,decaps,1189719
4983,bike,varying-ct,decaps,1246260
4984,bike,varying-ct,decaps,1249816
4985,bike,varying-ct,decaps,1209532
4986,bike,varying-ct,decaps,1192491
4987,bike,varying-ct,decaps,1138806
4988,bike,varying-ct,decaps,1677374
4989,bike,varying-ct,decaps,2156024
4990,bike,varying-ct,decaps,1863723
4991,bike,varying-ct,decaps,1375930
4992,bike,varying-ct,decaps,1321039
4993,bike,varying-ct,decaps,1256630
4994,bike,varying-ct,decaps,1233958
4995,bike,varying-ct,decaps,1187992
4996,bike,varying-ct,decaps,1319017
4997,bike,varying-ct,decaps,1240418
4998,bike,varying-ct,decaps,1300273
4999,bike,varying-ct,decaps,1851850
5000,bike,varying-ct,decaps,2248326
5001,bike,varying-ct,decaps,1665856
5002,bike,varying-ct,decaps,1250416
5003,bike,varying-ct,decaps,1282923
5004,bike,varying-ct,decaps,1242701
5005,bike,varying-ct,decaps,1333370
5006,bike,varying-ct,decaps,1188832
5007,bike,varying-ct,decaps,1935475
5008,bike,varying-ct,decaps,1374471
5009,bike,varying-ct,decaps,1593155
5010,bike,varying-ct,decaps,2185654
5011,bike,varying-ct,decaps,1869553
5012,bike,varying-ct,decaps,1250291
5013,bike,varying-ct,decaps,1250189
5014,bike,varying-ct,decaps,1295134
5015,bike,varying-ct,decaps,1247800
5016,bike,varying-ct,decaps,1251887
5017,bike,varying-ct,decaps,1280357
5018,bike,varying-ct,decaps,1192642
5019,bike,varying-ct,decaps,1198525
5020,bike,varying-ct,decaps,1739183
5021,bike,varying-ct,decaps,2181256
5022,bike,varying-ct,decaps,1813732
5023,bike,varying-ct,decaps,1249940
5024,bike,varying-ct,decaps,1280551
5025,bike,varying-ct,decaps,1259881
5026,bike,varying-ct,decaps,1190469
5027,bike,varying-ct,decaps,1240753
5028,bike,varying-ct,decaps,1267450
5029,bike,varying-ct,decaps,1191198
5030,bike,varying-ct,decaps,1255910
5031,bike,varying-ct,decaps,1747475
5032,bike,varying-ct,decaps,2227854
5033,bike,varying-ct,decaps,1702318
5034,bike,varying-ct,decaps,1191578
5035,bike,varying-ct,decaps,1246652
5036,bike,varying-ct,decaps,1188853
5037,bike,varying-ct,decaps,1187816
5038,bike,varying-ct,decaps,1241622
5039,bike,varying-ct,decaps,1346333
5040,bike,varying-ct,decaps,1349965
5041,bike,varying-ct,decaps,1366383
5042,bike,varying-ct,decaps,2206942
5043,bike,varying-ct,decaps,2035148
5044,bike,varying-ct,decaps,1451119
5045,bike,varying-ct,decaps,1284360
5046,bike,varying-ct,decaps,1263913
5047,bike,varying-ct,decaps,1188744
5048,bike,varying-ct,decaps,1423429
5049,bike,varying-ct,decaps,1223290
5050,bike,varying-ct,decaps,1241187
5051,bike,varying-ct,decaps,1246315
5052,bike,varying-ct,decaps,1519749
5053,bike,varying-ct,decaps,2442846
5054,bike,varying-ct,decaps,1900203
5055,bike,varying-ct,decaps,1257370
5056,bike,varying-ct,decaps,1193286
5057,bike,varying-ct,decaps,1190062
5058,bike,varying-ct,decaps,1195472
5059,bike,varying-ct,decaps,1188746
5060,bike,varying-ct,decaps,1225337
5061,bike,varying-ct,decaps,1197299
5062,bike,varying-ct,decaps,1190490
5063,bike,varying-ct,decaps,1333509
5064,bike,varying-ct,decaps,2355730
5065,bike,varying-ct,decaps,2010630
5066,bike,varying-ct,decaps,1432433
5067,bike,varying-ct,decaps,1206746
5068,bike,varying-ct,decaps,1188522
5069,bike,varying-ct,decaps,1258387
5070,bike,varying-ct,decaps,1350078
5071,bike,varying-ct,decaps,1188728
5072,bike,varying-ct,decaps,1281616
5073,bike,varying-ct,decaps,1198866
5074,bike,varying-ct,decaps,1450374
5075,bike,varying-ct,decaps,2343426
5076,bike,varying-ct,decaps,2050251
5077,bike,varying-ct,decaps,2160845
5078,bike,varying-ct,decaps,1789925
5079,bike,varying-ct,decaps,1235087
5080,bike,varying-ct,decaps,1195729
5081,bike,varying-ct,decaps,1271709
5082,bike,varying-ct,decaps,1191982
5083,bike,varying-ct,decaps,1193287
5084,bike,varying-ct,decaps,1271219
5085,bike,varying-ct,decaps,1665312
5086,bike,varying-ct,decaps,2340098
5087,bike,varying-ct,decaps,1899926
5088,bike,varying-ct,decaps,1306123
5089,bike,varying-ct,decaps,1240100
5090,bike,varying-ct,decaps,1188632
5091,bike,varying-ct,decaps,1222812
5092,bike,varying-ct,decaps,1583267
5093,bike,varying-ct,decaps,1189507
5094,bike,varying-ct,decaps,1280581
5095,bike,varying-ct,decaps,1981492
5096,bike,varying-ct,decaps,2147375
5097,bike,varying-ct,decaps,1595546
5098,bike,varying-ct,decaps,1191359
5099,bike,varying-ct,decaps,1266588
5100,bike,varying-ct,decaps,1189788
5101,bike,varying-ct,decaps,1188624
5102,bike,varying-ct,decaps,1357233
5103,bike,varying-ct,decaps,1329687
5104,bike,varying-ct,decaps,1189305
5105,bike,varying-ct,decaps,1478612
5106,bike,varying-ct,decaps,2335443
5107,bike,varying-ct,decaps,2088964
5108,bike,varying-ct,decaps,1306581
5109,bike,varying-ct,decaps,1274769
5110,bike,varying-ct,decaps,1189286
5111,bike,varying-ct,decaps,1188460
5112,bike,varying-ct,decaps,1308641
5113,bike,varying-ct,decaps,1224133
5114,bike,varying-ct,decaps,1257636
5115,bike,varying-ct,decaps,1244265
5116,bike,varying-ct,decaps,1447884
5117,bike,varying-ct,decaps,2116109
5118,bike,varying-ct,decaps,2274839
5119,bike,varying-ct,decaps,2032426
5120,bike,varying-ct,decaps,1366805
5121,bike,varying-ct,decaps,1280456
5122,bike,varying-ct,decaps,1189676
5123,bike,varying-ct,decaps,1189501
5124,bike,varying-ct,decaps,1218911
5125,bike,varying-ct,decaps,1189507
5126,bike,varying-ct,decaps,1639558
5127,bike,varying-ct,decaps,2292819
5128,bike,varying-ct,decaps,2015138
5129,bike,varying-ct,decaps,1322633
5130,bike,varying-ct,decaps,1271334
5131,bike,varying-ct,decaps,1188917
5132,bike,varying-ct,decaps,1244427
5133,bike,varying-ct,decaps,1187751
5134,bike,varying-ct,decaps,1187449
5135,bike,varying-ct,decaps,1236147
5136,bike,varying-ct,decaps,1198134
5137,bike,varying-ct,decaps,1524535
5138,bike,varying-ct,decaps,2172728
5139,bike,varying-ct,decaps,2385224
5140,bike,varying-ct,decaps,1193759
5141,bike,varying-ct,decaps,1190817
5142,bike,varying-ct,decaps,1313784
5143,bike,varying-ct,decaps,1189201
5144,bike,varying-ct,decaps,1379322
5145,bike,varying-ct,decaps,1292840
5146,bike,varying-ct,decaps,1192667
5147,bike,varying-ct,decaps,1143536
5148,bike,varying-ct,decaps,1684468
5149,bike,varying-ct,decaps,2280961
5150,bike,varying-ct,decaps,1979928
5151,bike,varying-ct,decaps,1260279
5152,bike,varying-ct,decaps,1429517
5153,bike,varying-ct,decaps,1230315
5154,bike,varying-ct,decaps,1190299
5155,bike,varying-ct,decaps,1243831
5156,bike,varying-ct,decaps,1515875
5157,bike,varying-ct,decaps,1207713
5158,bike,varying-ct,decaps,1501625
5159,bike,varying-ct,decaps,2108892
5160,bike,varying-ct,decaps,2027264
5161,bike,varying-ct,decaps,1389185
5162,bike,varying-ct,decaps,1264550
5163,bike,varying-ct,decaps,1189386
5164,bike,varying-ct,decaps,1190052
5165,bike,varying-ct,decaps,1257093
5166,bike,varying-ct,decaps,1220279
5167,bike,varying-ct,decaps,1378245
5168,bike,varying-ct,decaps,1315290
5169,bike,varying-ct,decaps,1819474
5170,bike,varying-ct,decaps,2397224
5171,bike,varying-ct,decaps,1994406
5172,bike,varying-ct,decaps,1275544
5173,bike,varying-ct,decaps,1190603
5174,bike,varying-ct,decaps,1190169
5175,bike,varying-ct,decaps,1243885
5176,bike,varying-ct,decaps,1240089
5177,bike,varying-ct,decaps,1190494
5178,bike,varying-ct,decaps,1237490
5179,bike,varying-ct,decaps,1193591
5180,bike,varying-ct,decaps,1696041
5181,bike,varying-ct,decaps,2208948
5182,bike,varying-ct,decaps,1723641
5183,bike,varying-ct,decaps,1272555
5184,bike,varying-ct,decaps,1190355
5185,bike,varying-ct,decaps,1187069
5186,bike,varying-ct,decaps,1240653
5187,bike,varying-ct,decaps,1188813
5188,bike,varying-ct,decaps,1189065
5189,bike,varying-ct,decaps,1256958
5190,bike,varying-ct,decaps,1177719
5191,bike,varying-ct,decaps,1625419
5192,bike,varying-ct,decaps,2365416
5193,bike,varying-ct,decaps,1853146
5194,bike,varying-ct,decaps,1191779
5195,bike,varying-ct,decaps,1265448
5196,bike,varying-ct,decaps,1191639
5197,bike,varying-ct,decaps,1205965
5198,bike,varying-ct,decaps,1188805
5199,bike,varying-ct,decaps,1172862
5200,bike,varying-ct,decaps,1178081
5201,bike,varying-ct,decaps,1137407
5202,bike,varying-ct,decaps,1560620
5203,bike,varying-ct,decaps,2230569
5204,bike,varying-ct,decaps,1963780
5205,bike,varying-ct,decaps,1194463
5206,bike,varying-ct,decaps,1190958
5207,bike,varying-ct,decaps,1289033
5208,bike,varying-ct,decaps,1189168
5209,bike,varying-ct,decaps,1369923
5210,bike,varying-ct,decaps,1245986
5211,bike,varying-ct,decaps,1135956
5212,bike,varying-ct,decaps,1134629
5213,bike,varying-ct,decaps,2094936
5214,bike,varying-ct,decaps,2584796
5215,bike,varying-ct,decaps,1963510
5216,bike,varying-ct,decaps,1791286
5217,bike,varying-ct,decaps,1423263
5218,bike,varying-ct,decaps,1322109
5219,bike,varying-ct,decaps,1221918
5220,bike,varying-ct,decaps,1135097
5221,bike,varying-ct,decaps,1137334
5222,bike,varying-ct,decaps,1140365
5223,bike,varying-ct,decaps,1675710
5224,bike,varying-ct,decaps,2134146
5225,bike,varying-ct,decaps,1956002
5226,bike,varying-ct,decaps,1194337
5227,bike,varying-ct,decaps,1251432
5228,bike,varying-ct,decaps,1190168
5229,bike,varying-ct,decaps,1189653
5230,bike,varying-ct,decaps,1256907
5231,bike,varying-ct,decaps,1413309
5232,bike,varying-ct,decaps,1297832
5233,bike,varying-ct,decaps,1597716
5234,bike,varying-ct,decaps,2306696
5235,bike,varying-ct,decaps,2297292
5236,bike,varying-ct,decaps,1729789
5237,bike,varying-ct,decaps,1271138
5238,bike,varying-ct,decaps,1189583
5239,bike,varying-ct,decaps,1188708
5240,bike,varying-ct,decaps,1301664
5241,bike,varying-ct,decaps,1189768
5242,bike,varying-ct,decaps,1246048
5243,bike,varying-ct,decaps,1248593
5244,bike,varying-ct,decaps,1529433
5245,bike,varying-ct,decaps,2170864
5246,bike,varying-ct,decaps,1956150
5247,bike,varying-ct,decaps,1654794
5248,bike,varying-ct,decaps,1860356
5249,bike,varying-ct,decaps,1638843
5250,bike,varying-ct,decaps,1250875
5251,bike,varying-ct,decaps,1302343
5252,bike,varying-ct,decaps,1304284
5253,bike,varying-ct,decaps,2073454
5254,bike,varying-ct,decaps,2277774
5255,bike,varying-ct,decaps,2256665
5256,bike,varying-ct,decaps,1934209
5257,bike,varying-ct,decaps,1323413
5258,bike,varying-ct,decaps,1372304
5259,bike,varying-ct,decaps,1255647
5260,bike,varying-ct,decaps,1250669
5261,bike,varying-ct,decaps,1345534
5262,bike,varying-ct,decaps,1251018
5263,bike,varying-ct,decaps,1636327
5264,bike,varying-ct,decaps,2360140
5265,bike,varying-ct,decaps,2038597
5266,bike,varying-ct,decaps,1321346
5267,bike,varying-ct,decaps,1324968
5268,bike,varying-ct,decaps,1302139
5269,bike,varying-ct,decaps,1253317
5270,bike,varying-ct,decaps,1241067
5271,bike,varying-ct,decaps,1348179
5272,bike,varying-ct,decaps,1227681
5273,bike,varying-ct,decaps,1243369
5274,bike,varying-ct,decaps,1792082
5275,bike,varying-ct,decaps,2079552
5276,bike,varying-ct,decaps,1623967
5277,bike,varying-ct,decaps,1251464
5278,bike,varying-ct,decaps,1385133
5279,bike,varying-ct,decaps,1248666
5280,bike,varying-ct,decaps,1232776
5281,bike,varying-ct,decaps,1240171
5282,bike,varying-ct,decaps,1215514
5283,bike,varying-ct,decaps,1363168
5284,bike,varying-ct,decaps,1711137
5285,bike,varying-ct,decaps,2114969
5286,bike,varying-ct,decaps,1931541
5287,bike,varying-ct,decaps,1941672
5288,bike,varying-ct,decaps,1860053
5289,bike,varying-ct,decaps,1267257
5290,bike,varying-ct,decaps,1252094
5291,bike,varying-ct,decaps,1392710
5292,bike,varying-ct,decaps,1436676
5293,bike,varying-ct,decaps,1264025
5294,bike,varying-ct,decaps,1666648
5295,bike,varying-ct,decaps,2199905
5296,bike,varying-ct,decaps,1795577
5297,bike,varying-ct,decaps,1231946
5298,bike,varying-ct,decaps,1204955
5299,bike,varying-ct,decaps,1189901
5300,bike,varying-ct,decaps,1190494
5301,bike,varying-ct,decaps,1318940
5302,bike,varying-ct,decaps,1189560
5303,bike,varying-ct,decaps,1189658
5304,bike,varying-ct,decaps,1412431
5305,bike,varying-ct,decaps,1642191
5306,bike,varying-ct,decaps,2337757
5307,bike,varying-ct,decaps,1787045
5308,bike,varying-ct,decaps,1251003
5309,bike,varying-ct,decaps,1190522
5310,bike,varying-ct,decaps,1183271
5311,bike,varying-ct,decaps,1211275
5312,bike,varying-ct,decaps,1188602
5313,bike,varying-ct,decaps,1175848
5314,bike,varying-ct,decaps,1187432
5315,bike,varying-ct,decaps,1139715
5316,bike,varying-ct,decaps,1495666
5317,bike,varying-ct,decaps,2611567
5318,bike,varying-ct,decaps,1910064
5319,bike,varying-ct,decaps,1191444
5320,bike,varying-ct,decaps,1192011
5321,bike,varying-ct,decaps,1189639
5322,bike,varying-ct,decaps,1414759
5323,bike,varying-ct,decaps,1270684
5324,bike,varying-ct,decaps,1183565
5325,bike,varying-ct,decaps,1170673
5326,bike,varying-ct,decaps,1142191
5327,bike,varying-ct,decaps,1545138
5328,bike,varying-ct,decaps,2244275
5329,bike,varying-ct,decaps,1808167
5330,bike,varying-ct,decaps,1189976
5331,bike,varying-ct,decaps,1189153
5332,bike,varying-ct,decaps,1425073
5333,bike,varying-ct,decaps,1210128
5334,bike,varying-ct,decaps,1240655
5335,bike,varying-ct,decaps,1219839
5336,bike,varying-ct,decaps,1174144
5337,bike,varying-ct,decaps,1221853
5338,bike,varying-ct,decaps,1678952
5339,bike,varying-ct,decaps,2183071
5340,bike,varying-ct,decaps,1926213
5341,bike,varying-ct,decaps,1192702
5342,bike,varying-ct,decaps,1189832
5343,bike,varying-ct,decaps,1439934
5344,bike,varying-ct,decaps,1189689
5345,bike,varying-ct,decaps,1189054
5346,bike,varying-ct,decaps,1506842
5347,bike,varying-ct,decaps,1818557
5348,bike,varying-ct,decaps,1488192
5349,bike,varying-ct,decaps,2247381
5350,bike,varying-ct,decaps,2054341
5351,bike,varying-ct,decaps,1816138
5352,bike,varying-ct,decaps,1281571
5353,bike,varying-ct,decaps,1274305
5354,bike,varying-ct,decaps,1189343
5355,bike,varying-ct,decaps,1250095
5356,bike,varying-ct,decaps,1494195
5357,bike,varying-ct,decaps,1212374
5358,bike,varying-ct,decaps,1545583
5359,bike,varying-ct,decaps,2167350
5360,bike,varying-ct,decaps,2172594
5361,bike,varying-ct,decaps,1324957
5362,bike,varying-ct,decaps,1260903
5363,bike,varying-ct,decaps,1189749
5364,bike,varying-ct,decaps,1192385
5365,bike,varying-ct,decaps,1292843
5366,bike,varying-ct,decaps,1224538
5367,bike,varying-ct,decaps,1233161
5368,bike,varying-ct,decaps,1243297
5369,bike,varying-ct,decaps,1548214
5370,bike,varying-ct,decaps,2095529
5371,bike,varying-ct,decaps,1967343
5372,bike,varying-ct,decaps,1520831
5373,bike,varying-ct,decaps,1191438
5374,bike,varying-ct,decaps,1189316
5375,bike,varying-ct,decaps,1259047
5376,bike,varying-ct,decaps,1275867
5377,bike,varying-ct,decaps,1187930
5378,bike,varying-ct,decaps,1237996
5379,bike,varying-ct,decaps,1137188
5380,bike,varying-ct,decaps,1378378
5381,bike,varying-ct,decaps,2269651
5382,bike,varying-ct,decaps,2227638
5383,bike,varying-ct,decaps,1899396
5384,bike,varying-ct,decaps,1289588
5385,bike,varying-ct,decaps,1330525
5386,bike,varying-ct,decaps,1263968
5387,bike,varying-ct,decaps,1346121
5388,bike,varying-ct,decaps,1421606
5389,bike,varying-ct,decaps,1266067
5390,bike,varying-ct,decaps,1261711
5391,bike,varying-ct,decaps,1345075
5392,bike,varying-ct,decaps,1323300
5393,bike,varying-ct,decaps,1382556
5394,bike,varying-ct,decaps,1360401
5395,bike,varying-ct,decaps,1671506
5396,bike,varying-ct,decaps,1534089
5397,bike,varying-ct,decaps,2075399
5398,bike,varying-ct,decaps,2340880
5399,bike,varying-ct,decaps,2205350
5400,bike,varying-ct,decaps,2482839
5401,bike,varying-ct,decaps,1510762
5402,bike,varying-ct,decaps,1250732
5403,bike,varying-ct,decaps,1249044
5404,bike,varying-ct,decaps,1305286
5405,bike,varying-ct,decaps,1269739
5406,bike,varying-ct,decaps,1230939
5407,bike,varying-ct,decaps,1320361
5408,bike,varying-ct,decaps,1208419
5409,bike,varying-ct,decaps,1189404
5410,bike,varying-ct,decaps,1265075
5411,bike,varying-ct,decaps,1837386
5412,bike,varying-ct,decaps,2348484
5413,bike,varying-ct,decaps,1645284
5414,bike,varying-ct,decaps,1273075
5415,bike,varying-ct,decaps,1323993
5416,bike,varying-ct,decaps,1188961
5417,bike,varying-ct,decaps,1188828
5418,bike,varying-ct,decaps,1427828
5419,bike,varying-ct,decaps,1523589
5420,bike,varying-ct,decaps,1268994
5421,bike,varying-ct,decaps,1458852
5422,bike,varying-ct,decaps,2489859
5423,bike,varying-ct,decaps,2025678
5424,bike,varying-ct,decaps,1253306
5425,bike,varying-ct,decaps,1252618
5426,bike,varying-ct,decaps,1251022
5427,bike,varying-ct,decaps,1254853
5428,bike,varying-ct,decaps,1308155
5429,bike,varying-ct,decaps,1191689
5430,bike,varying-ct,decaps,1258096
5431,bike,varying-ct,decaps,1195747
5432,bike,varying-ct,decaps,1951779
5433,bike,varying-ct,decaps,2280498
5434,bike,varying-ct,decaps,1687044
5435,bike,varying-ct,decaps,1282793
5436,bike,varying-ct,decaps,1249605
5437,bike,varying-ct,decaps,1248651
5438,bike,varying-ct,decaps,1225701
5439,bike,varying-ct,decaps,1188172
5440,bike,varying-ct,decaps,1189030
5441,bike,varying-ct,decaps,1235115
5442,bike,varying-ct,decaps,1284007
5443,bike,varying-ct,decaps,2046065
5444,bike,varying-ct,decaps,2006387
5445,bike,varying-ct,decaps,1741288
5446,bike,varying-ct,decaps,1218190
5447,bike,varying-ct,decaps,1189394
5448,bike,varying-ct,decaps,1239912
5449,bike,varying-ct,decaps,1188672
5450,bike,varying-ct,decaps,1188305
5451,bike,varying-ct,decaps,1272146
5452,bike,varying-ct,decaps,1231147
5453,bike,varying-ct,decaps,1414301
5454,bike,varying-ct,decaps,2103803
5455,bike,varying-ct,decaps,1880597
5456,bike,varying-ct,decaps,1429239
5457,bike,varying-ct,decaps,1229237
5458,bike,varying-ct,decaps,1982242
5459,bike,varying-ct,decaps,1608074
5460,bike,varying-ct,decaps,1250144
5461,bike,varying-ct,decaps,1260033
5462,bike,varying-ct,decaps,1189933
5463,bike,varying-ct,decaps,1326289
5464,bike,varying-ct,decaps,1895603
5465,bike,varying-ct,decaps,2041836
5466,bike,varying-ct,decaps,1754396
5467,bike,varying-ct,decaps,1251110
5468,bike,varying-ct,decaps,1260844
5469,bike,varying-ct,decaps,1249454
5470,bike,varying-ct,decaps,1268160
5471,bike,varying-ct,decaps,1257724
5472,bike,varying-ct,decaps,1267320
5473,bike,varying-ct,decaps,1191769
5474,bike,varying-ct,decaps,1555438
5475,bike,varying-ct,decaps,2114949
5476,bike,varying-ct,decaps,2128089
5477,bike,varying-ct,decaps,1818960
5478,bike,varying-ct,decaps,1295488
5479,bike,varying-ct,decaps,1249534
5480,bike,varying-ct,decaps,1248707
5481,bike,varying-ct,decaps,1273055
5482,bike,varying-ct,decaps,1238567
5483,bike,varying-ct,decaps,1328276
5484,bike,varying-ct,decaps,1411336
5485,bike,varying-ct,decaps,2106551
5486,bike,varying-ct,decaps,2130667
5487,bike,varying-ct,decaps,1618505
5488,bike,varying-ct,decaps,1278877
5489,bike,varying-ct,decaps,1248241
5490,bike,varying-ct,decaps,1248240
5491,bike,varying-ct,decaps,1267728
5492,bike,varying-ct,decaps,1205999
5493,bike,varying-ct,decaps,1467429
5494,bike,varying-ct,decaps,1254480
5495,bike,varying-ct,decaps,1728140
5496,bike,varying-ct,decaps,2227638
5497,bike,varying-ct,decaps,1735025
5498,bike,varying-ct,decaps,1298802
5499,bike,varying-ct,decaps,1250094
5500,bike,varying-ct,decaps,1219000
5501,bike,varying-ct,decaps,1196594
5502,bike,varying-ct,decaps,1188790
5503,bike,varying-ct,decaps,1418640
5504,bike,varying-ct,decaps,1235353
5505,bike,varying-ct,decaps,1197876
5506,bike,varying-ct,decaps,1655778
5507,bike,varying-ct,decaps,2264617
5508,bike,varying-ct,decaps,1713288
5509,bike,varying-ct,decaps,1249671
5510,bike,varying-ct,decaps,1211296
5511,bike,varying-ct,decaps,1189012
5512,bike,varying-ct,decaps,1243873
5513,bike,varying-ct,decaps,1225408
5514,bike,varying-ct,decaps,1170968
5515,bike,varying-ct,decaps,1184527
5516,bike,varying-ct,decaps,1169381
5517,bike,varying-ct,decaps,1737457
5518,bike,varying-ct,decaps,2189599
5519,bike,varying-ct,decaps,1917113
5520,bike,varying-ct,decaps,1196732
5521,bike,varying-ct,decaps,1232013
5522,bike,varying-ct,decaps,1189462
5523,bike,varying-ct,decaps,1381857
5524,bike,varying-ct,decaps,1574723
5525,bike,varying-ct,decaps,1298823
5526,bike,varying-ct,decaps,1222234
5527,bike,varying-ct,decaps,1283472
5528,bike,varying-ct,decaps,2053806
5529,bike,varying-ct,decaps,2005990
5530,bike,varying-ct,decaps,1510720
5531,bike,varying-ct,decaps,1190680
5532,bike,varying-ct,decaps,1188932
5533,bike,varying-ct,decaps,1244918
5534,bike,varying-ct,decaps,1188210
5535,bike,varying-ct,decaps,1187954
5536,bike,varying-ct,decaps,1208324
5537,bike,varying-ct,decaps,1177470
5538,bike,varying-ct,decaps,1263475
5539,bike,varying-ct,decaps,1729611
5540,bike,varying-ct,decaps,2191171
5541,bike,varying-ct,decaps,1826509
5542,bike,varying-ct,decaps,1365706
5543,bike,varying-ct,decaps,1276003
5544,bike,varying-ct,decaps,1190083
5545,bike,varying-ct,decaps,1188673
5546,bike,varying-ct,decaps,1242918
5547,bike,varying-ct,decaps,1135065
5548,bike,varying-ct,decaps,1233525
5549,bike,varying-ct,decaps,1196587
5550,bike,varying-ct,decaps,2926366
5551,bike,varying-ct,decaps,2337863
5552,bike,varying-ct,decaps,1901096
5553,bike,varying-ct,decaps,1582777
5554,bike,varying-ct,decaps,1196308
5555,bike,varying-ct,decaps,1253938
5556,bike,varying-ct,decaps,1238718
5557,bike,varying-ct,decaps,1227017
5558,bike,varying-ct,decaps,1242916
5559,bike,varying-ct,decaps,1370061
5560,bike,varying-ct,decaps,2083670
5561,bike,varying-ct,decaps,1952821
5562,bike,varying-ct,decaps,1525737
5563,bike,varying-ct,decaps,1406299
5564,bike,varying-ct,decaps,1189412
5565,bike,varying-ct,decaps,1189065
5566,bike,varying-ct,decaps,1241353
5567,bike,varying-ct,decaps,1262025
5568,bike,varying-ct,decaps,1342961
5569,bike,varying-ct,decaps,1181232
5570,bike,varying-ct,decaps,1365009
5571,bike,varying-ct,decaps,2252341
5572,bike,varying-ct,decaps,2051063
5573,bike,varying-ct,decaps,1917663
5574,bike,varying-ct,decaps,1901185
5575,bike,varying-ct,decaps,1247601
5576,bike,varying-ct,decaps,1291528
5577,bike,varying-ct,decaps,1188839
5578,bike,varying-ct,decaps,1238622
5579,bike,varying-ct,decaps,1189884
5580,bike,varying-ct,decaps,1547781
5581,bike,varying-ct,decaps,2567331
5582,bike,varying-ct,decaps,2044539
5583,bike,varying-ct,decaps,1192724
5584,bike,varying-ct,decaps,1232021
5585,bike,varying-ct,decaps,1300598
5586,bike,varying-ct,decaps,1190911
5587,bike,varying-ct,decaps,1188889
5588,bike,varying-ct,decaps,1219834
5589,bike,varying-ct,decaps,1279697
5590,bike,varying-ct,decaps,1193263
5591,bike,varying-ct,decaps,1590678
5592,bike,varying-ct,decaps,2338428
5593,bike,varying-ct,decaps,1991838
5594,bike,varying-ct,decaps,1337732
5595,bike,varying-ct,decaps,1192542
5596,bike,varying-ct,decaps,1261202
5597,bike,varying-ct,decaps,1188736
5598,bike,varying-ct,decaps,1188589
5599,bike,varying-ct,decaps,1241865
5600,bike,varying-ct,decaps,1177257
5601,bike,varying-ct,decaps,1204574
5602,bike,varying-ct,decaps,1676804
5603,bike,varying-ct,decaps,2161056
5604,bike,varying-ct,decaps,1859976
5605,bike,varying-ct,decaps,1195598
5606,bike,varying-ct,decaps,1211655
5607,bike,varying-ct,decaps,1241081
5608,bike,varying-ct,decaps,1261143
5609,bike,varying-ct,decaps,1198938
5610,bike,varying-ct,decaps,1193759
5611,bike,varying-ct,decaps,1135850
5612,bike,varying-ct,decaps,1135665
5613,bike,varying-ct,decaps,1526262
5614,bike,varying-ct,decaps,2184052
5615,bike,varying-ct,decaps,1973509
5616,bike,varying-ct,decaps,1196719
5617,bike,varying-ct,decaps,1247128
5618,bike,varying-ct,decaps,1188781
5619,bike,varying-ct,decaps,1189216
5620,bike,varying-ct,decaps,1245017
5621,bike,varying-ct,decaps,1239517
5622,bike,varying-ct,decaps,1539487
5623,bike,varying-ct,decaps,1240924
5624,bike,varying-ct,decaps,1647058
5625,bike,varying-ct,decaps,2414498
5626,bike,varying-ct,decaps,1851379
5627,bike,varying-ct,decaps,1384828
5628,bike,varying-ct,decaps,1231670
5629,bike,varying-ct,decaps,1188995
5630,bike,varying-ct,decaps,1237191
5631,bike,varying-ct,decaps,1188832
5632,bike,varying-ct,decaps,1188838
5633,bike,varying-ct,decaps,1202294
5634,bike,varying-ct,decaps,1245456
5635,bike,varying-ct,decaps,1676299
5636,bike,varying-ct,decaps,2309000
5637,bike,varying-ct,decaps,1827705
5638,bike,varying-ct,decaps,1247964
5639,bike,varying-ct,decaps,1307715
5640,bike,varying-ct,decaps,1189518
5641,bike,varying-ct,decaps,1421197
5642,bike,varying-ct,decaps,1453594
5643,bike,varying-ct,decaps,1242122
5644,bike,varying-ct,decaps,1192607
5645,bike,varying-ct,decaps,1397794
5646,bike,varying-ct,decaps,2097196
5647,bike,varying-ct,decaps,1924577
5648,bike,varying-ct,decaps,1477801
5649,bike,varying-ct,decaps,1191741
5650,bike,varying-ct,decaps,1189324
5651,bike,varying-ct,decaps,1276182
5652,bike,varying-ct,decaps,1188799
5653,bike,varying-ct,decaps,1188686
5654,bike,varying-ct,decaps,1291866
5655,bike,varying-ct,decaps,1144464
5656,bike,varying-ct,decaps,1148139
5657,bike,varying-ct,decaps,1857472
5658,bike,varying-ct,decaps,1996177
5659,bike,varying-ct,decaps,1643722
5660,bike,varying-ct,decaps,1190872
5661,bike,varying-ct,decaps,1190179
5662,bike,varying-ct,decaps,1245354
5663,bike,varying-ct,decaps,1188539
5664,bike,varying-ct,decaps,1185368
5665,bike,varying-ct,decaps,1189205
5666,bike,varying-ct,decaps,1136809
5667,bike,varying-ct,decaps,1138972
5668,bike,varying-ct,decaps,1604370
5669,bike,varying-ct,decaps,2267311
5670,bike,varying-ct,decaps,1915009
5671,bike,varying-ct,decaps,1193391
5672,bike,varying-ct,decaps,1190116
5673,bike,varying-ct,decaps,1210635
5674,bike,varying-ct,decaps,1351441
5675,bike,varying-ct,decaps,1165560
5676,bike,varying-ct,decaps,1189642
5677,bike,varying-ct,decaps,1136465
5678,bike,varying-ct,decaps,1137239
5679,bike,varying-ct,decaps,1323080
5680,bike,varying-ct,decaps,2044881
5681,bike,varying-ct,decaps,1921675
5682,bike,varying-ct,decaps,1423958
5683,bike,varying-ct,decaps,1244937
5684,bike,varying-ct,decaps,1189538
5685,bike,varying-ct,decaps,1189374
5686,bike,varying-ct,decaps,1192830
5687,bike,varying-ct,decaps,1917329
5688,bike,varying-ct,decaps,1197835
5689,bike,varying-ct,decaps,1266322
5690,bike,varying-ct,decaps,2180234
5691,bike,varying-ct,decaps,2347354
5692,bike,varying-ct,decaps,2067337
5693,bike,varying-ct,decaps,1507925
5694,bike,varying-ct,decaps,1250130
5695,bike,varying-ct,decaps,1265874
5696,bike,varying-ct,decaps,1250059
5697,bike,varying-ct,decaps,1249076
5698,bike,varying-ct,decaps,1300189
5699,bike,varying-ct,decaps,1252924
5700,bike,varying-ct,decaps,1767876
5701,bike,varying-ct,decaps,2240958
5702,bike,varying-ct,decaps,1860668
5703,bike,varying-ct,decaps,1268503
5704,bike,varying-ct,decaps,1260366
5705,bike,varying-ct,decaps,1187636
5706,bike,varying-ct,decaps,1249355
5707,bike,varying-ct,decaps,1188549
5708,bike,varying-ct,decaps,1224089
5709,bike,varying-ct,decaps,1237144
5710,bike,varying-ct,decaps,1225437
5711,bike,varying-ct,decaps,1850128
5712,bike,varying-ct,decaps,2364674
5713,bike,varying-ct,decaps,1782995
5714,bike,varying-ct,decaps,1270286
5715,bike,varying-ct,decaps,1205408
5716,bike,varying-ct,decaps,1311221
5717,bike,varying-ct,decaps,1232500
5718,bike,varying-ct,decaps,1287585
5719,bike,varying-ct,decaps,1241547
5720,bike,varying-ct,decaps,1192693
5721,bike,varying-ct,decaps,1326698
5722,bike,varying-ct,decaps,1283382
5723,bike,varying-ct,decaps,1934808
5724,bike,varying-ct,decaps,2251498
5725,bike,varying-ct,decaps,2089433
5726,bike,varying-ct,decaps,2187839
5727,bike,varying-ct,decaps,1277480
5728,bike,varying-ct,decaps,1255213
5729,bike,varying-ct,decaps,1294260
5730,bike,varying-ct,decaps,1190998
5731,bike,varying-ct,decaps,1392836
5732,bike,varying-ct,decaps,2195634
5733,bike,varying-ct,decaps,2102779
5734,bike,varying-ct,decaps,1298189
5735,bike,varying-ct,decaps,1263929
5736,bike,varying-ct,decaps,1249230
5737,bike,varying-ct,decaps,1234836
5738,bike,varying-ct,decaps,1195450
5739,bike,varying-ct,decaps,1326548
5740,bike,varying-ct,decaps,1325935
5741,bike,varying-ct,decaps,1222279
5742,bike,varying-ct,decaps,1529066
5743,bike,varying-ct,decaps,2172976
5744,bike,varying-ct,decaps,1991409
5745,bike,varying-ct,decaps,1232478
5746,bike,varying-ct,decaps,1276499
5747,bike,varying-ct,decaps,1258082
5748,bike,varying-ct,decaps,1189107
5749,bike,varying-ct,decaps,1299526
5750,bike,varying-ct,decaps,1190379
5751,bike,varying-ct,decaps,1268440
5752,bike,varying-ct,decaps,1265415
5753,bike,varying-ct,decaps,1560253
5754,bike,varying-ct,decaps,2187573
5755,bike,varying-ct,decaps,1841761
5756,bike,varying-ct,decaps,1264746
5757,bike,varying-ct,decaps,1189824
5758,bike,varying-ct,decaps,1190785
5759,bike,varying-ct,decaps,1223563
5760,bike,varying-ct,decaps,1189728
5761,bike,varying-ct,decaps,1240322
5762,bike,varying-ct,decaps,1191982
5763,bike,varying-ct,decaps,1199536
5764,bike,varying-ct,decaps,1516812
5765,bike,varying-ct,decaps,2320018
5766,bike,varying-ct,decaps,1903808
5767,bike,varying-ct,decaps,1247151
5768,bike,varying-ct,decaps,1189661
5769,bike,varying-ct,decaps,1188848
5770,bike,varying-ct,decaps,1237899
5771,bike,varying-ct,decaps,1188225
5772,bike,varying-ct,decaps,1249274
5773,bike,varying-ct,decaps,1190636
5774,bike,varying-ct,decaps,1136399
5775,bike,varying-ct,decaps,1467959
5776,bike,varying-ct,decaps,2145713
5777,bike,varying-ct,decaps,2069775
5778,bike,varying-ct,decaps,1251656
5779,bike,varying-ct,decaps,1190346
5780,bike,varying-ct,decaps,1189648
5781,bike,varying-ct,decaps,1236749
5782,bike,varying-ct,decaps,1189030
5783,bike,varying-ct,decaps,1188796
5784,bike,varying-ct,decaps,1222022
5785,bike,varying-ct,decaps,1137166
5786,bike,varying-ct,decaps,1453507
5787,bike,varying-ct,decaps,2352580
5788,bike,varying-ct,decaps,1967124
5789,bike,varying-ct,decaps,1376709
5790,bike,varying-ct,decaps,1190461
5791,bike,varying-ct,decaps,1244989
5792,bike,varying-ct,decaps,1188703
5793,bike,varying-ct,decaps,1188150
5794,bike,varying-ct,decaps,1240455
5795,bike,varying-ct,decaps,1185975
5796,bike,varying-ct,decaps,1135845
5797,bike,varying-ct,decaps,1299921
5798,bike,varying-ct,decaps,1995601
5799,bike,varying-ct,decaps,2251937
5800,bike,varying-ct,decaps,1427521
5801,bike,varying-ct,decaps,1565240
5802,bike,varying-ct,decaps,1773790
5803,bike,varying-ct,decaps,1193831
5804,bike,varying-ct,decaps,1253086
5805,bike,varying-ct,decaps,1190638
5806,bike,varying-ct,decaps,1190528
5807,bike,varying-ct,decaps,1395855
5808,bike,varying-ct,decaps,1950746
5809,bike,varying-ct,decaps,2285386
5810,bike,varying-ct,decaps,1492906
5811,bike,varying-ct,decaps,1243291
5812,bike,varying-ct,decaps,1190439
5813,bike,varying-ct,decaps,1189436
5814,bike,varying-ct,decaps,1190253
5815,bike,varying-ct,decaps,1249564
5816,bike,varying-ct,decaps,1317150
5817,bike,varying-ct,decaps,1206361
5818,bike,varying-ct,decaps,1282568
5819,bike,varying-ct,decaps,1891685
5820,bike,varying-ct,decaps,2086851
5821,bike,varying-ct,decaps,1408421
5822,bike,varying-ct,decaps,1253248
5823,bike,varying-ct,decaps,1189377
5824,bike,varying-ct,decaps,1204636
5825,bike,varying-ct,decaps,1396787
5826,bike,varying-ct,decaps,1395450
5827,bike,varying-ct,decaps,1137523
5828,bike,varying-ct,decaps,1243689
5829,bike,varying-ct,decaps,1380847
5830,bike,varying-ct,decaps,2402113
5831,bike,varying-ct,decaps,1884384
5832,bike,varying-ct,decaps,1432182
5833,bike,varying-ct,decaps,1190099
5834,bike,varying-ct,decaps,1190672
5835,bike,varying-ct,decaps,1264703
5836,bike,varying-ct,decaps,1189741
5837,bike,varying-ct,decaps,1188786
5838,bike,varying-ct,decaps,1252621
5839,bike,varying-ct,decaps,1136677
5840,bike,varying-ct,decaps,1407293
5841,bike,varying-ct,decaps,2178122
5842,bike,varying-ct,decaps,1857746
5843,bike,varying-ct,decaps,1471487
5844,bike,varying-ct,decaps,1189927
5845,bike,varying-ct,decaps,1188483
5846,bike,varying-ct,decaps,1344335
5847,bike,varying-ct,decaps,1189804
5848,bike,varying-ct,decaps,1189010
5849,bike,varying-ct,decaps,1217345
5850,bike,varying-ct,decaps,1183165
5851,bike,varying-ct,decaps,1188858
5852,bike,varying-ct,decaps,2248779
5853,bike,varying-ct,decaps,2163542
5854,bike,varying-ct,decaps,1472292
5855,bike,varying-ct,decaps,1192778
5856,bike,varying-ct,decaps,1280987
5857,bike,varying-ct,decaps,1189201
5858,bike,varying-ct,decaps,1188520
5859,bike,varying-ct,decaps,1246457
5860,bike,varying-ct,decaps,1189552
5861,bike,varying-ct,decaps,1135785
5862,bike,varying-ct,decaps,1229472
5863,bike,varying-ct,decaps,1932347
5864,bike,varying-ct,decaps,1991501
5865,bike,varying-ct,decaps,1489947
5866,bike,varying-ct,decaps,1265116
5867,bike,varying-ct,decaps,1246896
5868,bike,varying-ct,decaps,1189361
5869,bike,varying-ct,decaps,1189069
5870,bike,varying-ct,decaps,1254423
5871,bike,varying-ct,decaps,1135060
5872,bike,varying-ct,decaps,1137352
5873,bike,varying-ct,decaps,1231600
5874,bike,varying-ct,decaps,1695909
5875,bike,varying-ct,decaps,2318061
5876,bike,varying-ct,decaps,1691907
5877,bike,varying-ct,decaps,1192354
5878,bike,varying-ct,decaps,1294721
5879,bike,varying-ct,decaps,1193084
5880,bike,varying-ct,decaps,1190004
5881,bike,varying-ct,decaps,1287287
5882,bike,varying-ct,decaps,1190246
5883,bike,varying-ct,decaps,1190313
5884,bike,varying-ct,decaps,1414725
5885,bike,varying-ct,decaps,2069317
5886,bike,varying-ct,decaps,2063893
5887,bike,varying-ct,decaps,1474826
5888,bike,varying-ct,decaps,1249616
5889,bike,varying-ct,decaps,1188870
5890,bike,varying-ct,decaps,1188470
5891,bike,varying-ct,decaps,1241777
5892,bike,varying-ct,decaps,1360938
5893,bike,varying-ct,decaps,1297236
5894,bike,varying-ct,decaps,1219563
5895,bike,varying-ct,decaps,1177719
5896,bike,varying-ct,decaps,1936783
5897,bike,varying-ct,decaps,2308024
5898,bike,varying-ct,decaps,1990504
5899,bike,varying-ct,decaps,1974656
5900,bike,varying-ct,decaps,1861864
5901,bike,varying-ct,decaps,1189835
5902,bike,varying-ct,decaps,1257221
5903,bike,varying-ct,decaps,1333008
5904,bike,varying-ct,decaps,1489571
5905,bike,varying-ct,decaps,1621281
5906,bike,varying-ct,decaps,2322197
5907,bike,varying-ct,decaps,1932852
5908,bike,varying-ct,decaps,1955072
5909,bike,varying-ct,decaps,1684473
5910,bike,varying-ct,decaps,2091975
5911,bike,varying-ct,decaps,2048686
5912,bike,varying-ct,decaps,1986889
5913,bike,varying-ct,decaps,2704014
5914,bike,varying-ct,decaps,2239808
5915,bike,varying-ct,decaps,2132892
5916,bike,varying-ct,decaps,2389938
5917,bike,varying-ct,decaps,2419993
5918,bike,varying-ct,decaps,2349034
5919,bike,varying-ct,decaps,2247405
5920,bike,varying-ct,decaps,2248797
5921,bike,varying-ct,decaps,2155693
5922,bike,varying-ct,decaps,2155357
5923,bike,varying-ct,decaps,2135720
5924,bike,varying-ct,decaps,2115285
5925,bike,varying-ct,decaps,2084287
5926,bike,varying-ct,decaps,1386180
5927,bike,varying-ct,decaps,1755121
5928,bike,varying-ct,decaps,2400732
5929,bike,varying-ct,decaps,2067569
5930,bike,varying-ct,decaps,2073506
5931,bike,varying-ct,decaps,1336200
5932,bike,varying-ct,decaps,1315241
5933,bike,varying-ct,decaps,1386189
5934,bike,varying-ct,decaps,1408330
5935,bike,varying-ct,decaps,1679092
5936,bike,varying-ct,decaps,1441248
5937,bike,varying-ct,decaps,2156118
5938,bike,varying-ct,decaps,2172659
5939,bike,varying-ct,decaps,1499282
5940,bike,varying-ct,decaps,1290765
5941,bike,varying-ct,decaps,1419456
5942,bike,varying-ct,decaps,1379934
5943,bike,varying-ct,decaps,1595293
5944,bike,varying-ct,decaps,1281617
5945,bike,varying-ct,decaps,1256505
5946,bike,varying-ct,decaps,1708150
5947,bike,varying-ct,decaps,2002369
5948,bike,varying-ct,decaps,2525361
5949,bike,varying-ct,decaps,1357045
5950,bike,varying-ct,decaps,1249556
5951,bike,varying-ct,decaps,1324861
5952,bike,varying-ct,decaps,1249112
5953,bike,varying-ct,decaps,1343366
5954,bike,varying-ct,decaps,1298846
5955,bike,varying-ct,decaps,1303986
5956,bike,varying-ct,decaps,1601145
5957,bike,varying-ct,decaps,1745351
5958,bike,varying-ct,decaps,2453441
5959,bike,varying-ct,decaps,1848886
5960,bike,varying-ct,decaps,1333257
5961,bike,varying-ct,decaps,1392806
5962,bike,varying-ct,decaps,1313684
5963,bike,varying-ct,decaps,1290850
5964,bike,varying-ct,decaps,1547714
5965,bike,varying-ct,decaps,1249442
5966,bike,varying-ct,decaps,1833552
5967,bike,varying-ct,decaps,2312624
5968,bike,varying-ct,decaps,2241878
5969,bike,varying-ct,decaps,1391206
5970,bike,varying-ct,decaps,1330792
5971,bike,varying-ct,decaps,1332534
5972,bike,varying-ct,decaps,1286035
5973,bike,varying-ct,decaps,1306906
5974,bike,varying-ct,decaps,1373726
5975,bike,varying-ct,decaps,1255390
5976,bike,varying-ct,decaps,1786357
5977,bike,varying-ct,decaps,2358302
5978,bike,varying-ct,decaps,2257569
5979,bike,varying-ct,decaps,1436925
5980,bike,varying-ct,decaps,1350141
5981,bike,varying-ct,decaps,1315043
5982,bike,varying-ct,decaps,1339613
5983,bike,varying-ct,decaps,1260059
5984,bike,varying-ct,decaps,1394513
5985,bike,varying-ct,decaps,1271929
5986,bike,varying-ct,decaps,1717000
5987,bike,varying-ct,decaps,2221988
5988,bike,varying-ct,decaps,2230866
5989,bike,varying-ct,decaps,1599225
5990,bike,varying-ct,decaps,1342863
5991,bike,varying-ct,decaps,1313946
5992,bike,varying-ct,decaps,1380067
5993,bike,varying-ct,decaps,1370510
5994,bike,varying-ct,decaps,1348224
5995,bike,varying-ct,decaps,1300688
5996,bike,varying-ct,decaps,1637644
5997,bike,varying-ct,decaps,2125295
5998,bike,varying-ct,decaps,1689500
5999,bike,varying-ct,decaps,1351660
6000,bike,varying-ct,decaps,1249988
6001,bike,varying-ct,decaps,1248778
6002,bike,varying-ct,decaps,1286931
6003,bike,varying-ct,decaps,1267491
6004,bike,varying-ct,decaps,1249242
6005,bike,varying-ct,decaps,1280695
6006,bike,varying-ct,decaps,1353339
6007,bike,varying-ct,decaps,2157503
6008,bike,varying-ct,decaps,2016770
6009,bike,varying-ct,decaps,1617323
6010,bike,varying-ct,decaps,1437547
6011,bike,varying-ct,decaps,1325130
6012,bike,varying-ct,decaps,1331347
6013,bike,varying-ct,decaps,1367860
6014,bike,varying-ct,decaps,1748011
6015,bike,varying-ct,decaps,1446952
6016,bike,varying-ct,decaps,1339868
6017,bike,varying-ct,decaps,1389032
6018,bike,varying-ct,decaps,1320840
6019,bike,varying-ct,decaps,1328770
6020,bike,varying-ct,decaps,1353598
6021,bike,varying-ct,decaps,1349605
6022,bike,varying-ct,decaps,1369466
6023,bike,varying-ct,decaps,1468435
6024,bike,varying-ct,decaps,1300722
6025,bike,varying-ct,decaps,1675738
6026,bike,varying-ct,decaps,1914213
6027,bike,varying-ct,decaps,1575596
6028,bike,varying-ct,decaps,1254044
6029,bike,varying-ct,decaps,1313997
6030,bike,varying-ct,decaps,1700733
6031,bike,varying-ct,decaps,2446717
6032,bike,varying-ct,decaps,2329570
6033,bike,varying-ct,decaps,2367748
6034,bike,varying-ct,decaps,1498992
6035,bike,varying-ct,decaps,1348924
6036,bike,varying-ct,decaps,1713328
6037,bike,varying-ct,decaps,2203137
6038,bike,varying-ct,decaps,2233940
6039,bike,varying-ct,decaps,1359268
6040,bike,varying-ct,decaps,1339242
6041,bike,varying-ct,decaps,1315763
6042,bike,varying-ct,decaps,1314327
6043,bike,varying-ct,decaps,1381140
6044,bike,varying-ct,decaps,1455670
6045,bike,varying-ct,decaps,1453525
6046,bike,varying-ct,decaps,1390216
6047,bike,varying-ct,decaps,2338131
6048,bike,varying-ct,decaps,2112534
6049,bike,varying-ct,decaps,1337313
6050,bike,varying-ct,decaps,1286495
6051,bike,varying-ct,decaps,1286092
6052,bike,varying-ct,decaps,1298200
6053,bike,varying-ct,decaps,1301064
6054,bike,varying-ct,decaps,1441025
6055,bike,varying-ct,decaps,1387263
6056,bike,varying-ct,decaps,1839838
6057,bike,varying-ct,decaps,2276779
6058,bike,varying-ct,decaps,2184153
6059,bike,varying-ct,decaps,1488285
6060,bike,varying-ct,decaps,1280332
6061,bike,varying-ct,decaps,1247955
6062,bike,varying-ct,decaps,1302428
6063,bike,varying-ct,decaps,1248637
6064,bike,varying-ct,decaps,1281641
6065,bike,varying-ct,decaps,1285011
6066,bike,varying-ct,decaps,1373521
6067,bike,varying-ct,decaps,2123144
6068,bike,varying-ct,decaps,2115775
6069,bike,varying-ct,decaps,1314762
6070,bike,varying-ct,decaps,1250836
6071,bike,varying-ct,decaps,1253059
6072,bike,varying-ct,decaps,1302652
6073,bike,varying-ct,decaps,1247847
6074,bike,varying-ct,decaps,1298064
6075,bike,varying-ct,decaps,1279109
6076,bike,varying-ct,decaps,1255085
6077,bike,varying-ct,decaps,1583405
6078,bike,varying-ct,decaps,2406284
6079,bike,varying-ct,decaps,2010849
6080,bike,varying-ct,decaps,1254009
6081,bike,varying-ct,decaps,1255562
6082,bike,varying-ct,decaps,1335155
6083,bike,varying-ct,decaps,1251655
6084,bike,varying-ct,decaps,1257724
6085,bike,varying-ct,decaps,1247555
6086,bike,varying-ct,decaps,1256793
6087,bike,varying-ct,decaps,1246738
6088,bike,varying-ct,decaps,1753977
6089,bike,varying-ct,decaps,2173033
6090,bike,varying-ct,decaps,1817063
6091,bike,varying-ct,decaps,1279244
6092,bike,varying-ct,decaps,1283207
6093,bike,varying-ct,decaps,1425965
6094,bike,varying-ct,decaps,1474306
6095,bike,varying-ct,decaps,1256406
6096,bike,varying-ct,decaps,1271072
6097,bike,varying-ct,decaps,1272137
6098,bike,varying-ct,decaps,1465318
6099,bike,varying-ct,decaps,2115953
6100,bike,varying-ct,decaps,2152443
6101,bike,varying-ct,decaps,1253368
6102,bike,varying-ct,decaps,1264174
6103,bike,varying-ct,decaps,1249249
6104,bike,varying-ct,decaps,1227529
6105,bike,varying-ct,decaps,1221252
6106,bike,varying-ct,decaps,1327222
6107,bike,varying-ct,decaps,1339538
6108,bike,varying-ct,decaps,1338683
6109,bike,varying-ct,decaps,1623595
6110,bike,varying-ct,decaps,2249328
6111,bike,varying-ct,decaps,1879883
6112,bike,varying-ct,decaps,1252456
6113,bike,varying-ct,decaps,1287298
6114,bike,varying-ct,decaps,1273908
6115,bike,varying-ct,decaps,1226605
6116,bike,varying-ct,decaps,1364602
6117,bike,varying-ct,decaps,1232733
6118,bike,varying-ct,decaps,1434536
6119,bike,varying-ct,decaps,1421150
6120,bike,varying-ct,decaps,2119930
6121,bike,varying-ct,decaps,1996871
6122,bike,varying-ct,decaps,1321038
6123,bike,varying-ct,decaps,1241783
6124,bike,varying-ct,decaps,1187926
6125,bike,varying-ct,decaps,1187937
6126,bike,varying-ct,decaps,1193880
6127,bike,varying-ct,decaps,1187377
6128,bike,varying-ct,decaps,1198049
6129,bike,varying-ct,decaps,1252306
6130,bike,varying-ct,decaps,1200989
6131,bike,varying-ct,decaps,1659262
6132,bike,varying-ct,decaps,2443314
6133,bike,varying-ct,decaps,1912975
6134,bike,varying-ct,decaps,1879672
6135,bike,varying-ct,decaps,1735795
6136,bike,varying-ct,decaps,2004336
6137,bike,varying-ct,decaps,1253036
6138,bike,varying-ct,decaps,1275205
6139,bike,varying-ct,decaps,1278055
6140,bike,varying-ct,decaps,1512010
6141,bike,varying-ct,decaps,2119160
6142,bike,varying-ct,decaps,2096980
6143,bike,varying-ct,decaps,1934398
6144,bike,varying-ct,decaps,1624033
6145,bike,varying-ct,decaps,1423686
6146,bike,varying-ct,decaps,1248989
6147,bike,varying-ct,decaps,1300557
6148,bike,varying-ct,decaps,1266583
6149,bike,varying-ct,decaps,1252482
6150,bike,varying-ct,decaps,1822650
6151,bike,varying-ct,decaps,2299863
6152,bike,varying-ct,decaps,1815016
6153,bike,varying-ct,decaps,1252032
6154,bike,varying-ct,decaps,1273964
6155,bike,varying-ct,decaps,1248135
6156,bike,varying-ct,decaps,1256273
6157,bike,varying-ct,decaps,1255346
6158,bike,varying-ct,decaps,1251938
6159,bike,varying-ct,decaps,1263004
6160,bike,varying-ct,decaps,1276655
6161,bike,varying-ct,decaps,2031998
6162,bike,varying-ct,decaps,2089430
6163,bike,varying-ct,decaps,1673245
6164,bike,varying-ct,decaps,1269159
6165,bike,varying-ct,decaps,1249556
6166,bike,varying-ct,decaps,1248785
6167,bike,varying-ct,decaps,1263496
6168,bike,varying-ct,decaps,1232086
6169,bike,varying-ct,decaps,1406261
6170,bike,varying-ct,decaps,1241034
6171,bike,varying-ct,decaps,1535168
6172,bike,varying-ct,decaps,2429735
6173,bike,varying-ct,decaps,2035309
6174,bike,varying-ct,decaps,1294568
6175,bike,varying-ct,decaps,1273741
6176,bike,varying-ct,decaps,1223731
6177,bike,varying-ct,decaps,1274791
6178,bike,varying-ct,decaps,1286553
6179,bike,varying-ct,decaps,1223187
6180,bike,varying-ct,decaps,1246641
6181,bike,varying-ct,decaps,1686779
6182,bike,varying-ct,decaps,2131008
6183,bike,varying-ct,decaps,1935434
6184,bike,varying-ct,decaps,1476294
6185,bike,varying-ct,decaps,1271154
6186,bike,varying-ct,decaps,1238086
6187,bike,varying-ct,decaps,1188952
6188,bike,varying-ct,decaps,1255794
6189,bike,varying-ct,decaps,1188146
6190,bike,varying-ct,decaps,1214708
6191,bike,varying-ct,decaps,1247898
6192,bike,varying-ct,decaps,1188208
6193,bike,varying-ct,decaps,2047985
6194,bike,varying-ct,decaps,2284353
6195,bike,varying-ct,decaps,1939240
6196,bike,varying-ct,decaps,1193801
6197,bike,varying-ct,decaps,1190339
6198,bike,varying-ct,decaps,1246815
6199,bike,varying-ct,decaps,1188612
6200,bike,varying-ct,decaps,1178600
6201,bike,varying-ct,decaps,1267395
6202,bike,varying-ct,decaps,1979754
6203,bike,varying-ct,decaps,2022845
6204,bike,varying-ct,decaps,2123312
6205,bike,varying-ct,decaps,1816964
6206,bike,varying-ct,decaps,1253538
6207,bike,varying-ct,decaps,1357723
6208,bike,varying-ct,decaps,1248919
6209,bike,varying-ct,decaps,1189713
6210,bike,varying-ct,decaps,1244033
6211,bike,varying-ct,decaps,1252925
6212,bike,varying-ct,decaps,1190281
6213,bike,varying-ct,decaps,1326542
6214,bike,varying-ct,decaps,2340117
6215,bike,varying-ct,decaps,2063610
6216,bike,varying-ct,decaps,1356419
6217,bike,varying-ct,decaps,1249108
6218,bike,varying-ct,decaps,1242796
6219,bike,varying-ct,decaps,1475110
6220,bike,varying-ct,decaps,1188896
6221,bike,varying-ct,decaps,1256904
6222,bike,varying-ct,decaps,1192714
6223,bike,varying-ct,decaps,1192416
6224,bike,varying-ct,decaps,1573581
6225,bike,varying-ct,decaps,2375537
6226,bike,varying-ct,decaps,2024138
6227,bike,varying-ct,decaps,2376635
6228,bike,varying-ct,decaps,1712228
6229,bike,varying-ct,decaps,1189626
6230,bike,varying-ct,decaps,1242940
6231,bike,varying-ct,decaps,1596296
6232,bike,varying-ct,decaps,1240386
6233,bike,varying-ct,decaps,1512368
6234,bike,varying-ct,decaps,2489099
6235,bike,varying-ct,decaps,2012837
6236,bike,varying-ct,decaps,1278145
6237,bike,varying-ct,decaps,1336272
6238,bike,varying-ct,decaps,1236394
6239,bike,varying-ct,decaps,1199702
6240,bike,varying-ct,decaps,1416790
6241,bike,varying-ct,decaps,1190352
6242,bike,varying-ct,decaps,1247523
6243,bike,varying-ct,decaps,1191455
6244,bike,varying-ct,decaps,1897283
6245,bike,varying-ct,decaps,2234393
6246,bike,varying-ct,decaps,1733944
6247,bike,varying-ct,decaps,1300325
6248,bike,varying-ct,decaps,1243152
6249,bike,varying-ct,decaps,1188859
6250,bike,varying-ct,decaps,1263966
6251,bike,varying-ct,decaps,1188527
6252,bike,varying-ct,decaps,1222535
6253,bike,varying-ct,decaps,1238061
6254,bike,varying-ct,decaps,1650631
6255,bike,varying-ct,decaps,2201604
6256,bike,varying-ct,decaps,2270503
6257,bike,varying-ct,decaps,1655457
6258,bike,varying-ct,decaps,1250451
6259,bike,varying-ct,decaps,1302975
6260,bike,varying-ct,decaps,1249257
6261,bike,varying-ct,decaps,1249496
6262,bike,varying-ct,decaps,1267266
6263,bike,varying-ct,decaps,1189448
6264,bike,varying-ct,decaps,1191265
6265,bike,varying-ct,decaps,1780060
6266,bike,varying-ct,decaps,2344396
6267,bike,varying-ct,decaps,2078142
6268,bike,varying-ct,decaps,1257548
6269,bike,varying-ct,decaps,1191072
6270,bike,varying-ct,decaps,1266021
6271,bike,varying-ct,decaps,1189541
6272,bike,varying-ct,decaps,1189209
6273,bike,varying-ct,decaps,1249120
6274,bike,varying-ct,decaps,1189472
6275,bike,varying-ct,decaps,1261526
6276,bike,varying-ct,decaps,2297818
6277,bike,varying-ct,decaps,1948015
6278,bike,varying-ct,decaps,1416584
6279,bike,varying-ct,decaps,1191180
6280,bike,varying-ct,decaps,1201869
6281,bike,varying-ct,decaps,1188659
6282,bike,varying-ct,decaps,1260280
6283,bike,varying-ct,decaps,1275468
6284,bike,varying-ct,decaps,1186282
6285,bike,varying-ct,decaps,1190299
6286,bike,varying-ct,decaps,1370494
6287,bike,varying-ct,decaps,1799704
6288,bike,varying-ct,decaps,2134713
6289,bike,varying-ct,decaps,1653210
6290,bike,varying-ct,decaps,1191993
6291,bike,varying-ct,decaps,1249906
6292,bike,varying-ct,decaps,1188450
6293,bike,varying-ct,decaps,1188733
6294,bike,varying-ct,decaps,1237503
6295,bike,varying-ct,decaps,1316976
6296,bike,varying-ct,decaps,1270395
6297,bike,varying-ct,decaps,1592199
6298,bike,varying-ct,decaps,2374176
6299,bike,varying-ct,decaps,2007334
6300,bike,varying-ct,decaps,1363767
6301,bike,varying-ct,decaps,1247298
6302,bike,varying-ct,decaps,1189022
6303,bike,varying-ct,decaps,1192379
6304,bike,varying-ct,decaps,1992423
6305,bike,varying-ct,decaps,1311297
6306,bike,varying-ct,decaps,1261899
6307,bike,varying-ct,decaps,1304202
6308,bike,varying-ct,decaps,2257138
6309,bike,varying-ct,decaps,1992662
6310,bike,varying-ct,decaps,1597082
6311,bike,varying-ct,decaps,1251161
6312,bike,varying-ct,decaps,1248442
6313,bike,varying-ct,decaps,1270548
6314,bike,varying-ct,decaps,1264330
6315,bike,varying-ct,decaps,1247750
6316,bike,varying-ct,decaps,1253325
6317,bike,varying-ct,decaps,1188173
6318,bike,varying-ct,decaps,1436045
6319,bike,varying-ct,decaps,2106287
6320,bike,varying-ct,decaps,2087772
6321,bike,varying-ct,decaps,1425301
6322,bike,varying-ct,decaps,1225647
6323,bike,varying-ct,decaps,1229089
6324,bike,varying-ct,decaps,1244128
6325,bike,varying-ct,decaps,1324218
6326,bike,varying-ct,decaps,1189425
6327,bike,varying-ct,decaps,1284181
6328,bike,varying-ct,decaps,1249322
6329,bike,varying-ct,decaps,1783874
6330,bike,varying-ct,decaps,2230944
6331,bike,varying-ct,decaps,2039017
6332,bike,varying-ct,decaps,2211048
6333,bike,varying-ct,decaps,1798845
6334,bike,varying-ct,decaps,1239505
6335,bike,varying-ct,decaps,1189219
6336,bike,varying-ct,decaps,1252855
6337,bike,varying-ct,decaps,1191174
6338,bike,varying-ct,decaps,1201147
6339,bike,varying-ct,decaps,1325505
6340,bike,varying-ct,decaps,1999607
6341,bike,varying-ct,decaps,2241269
6342,bike,varying-ct,decaps,1610922
6343,bike,varying-ct,decaps,1359493
6344,bike,varying-ct,decaps,1270950
6345,bike,varying-ct,decaps,1189239
6346,bike,varying-ct,decaps,1610629
6347,bike,varying-ct,decaps,1337175
6348,bike,varying-ct,decaps,1192452
6349,bike,varying-ct,decaps,1626200
6350,bike,varying-ct,decaps,2082731
6351,bike,varying-ct,decaps,2022529
6352,bike,varying-ct,decaps,1276637
6353,bike,varying-ct,decaps,1279146
6354,bike,varying-ct,decaps,1215536
6355,bike,varying-ct,decaps,1188391
6356,bike,varying-ct,decaps,1238199
6357,bike,varying-ct,decaps,1241586
6358,bike,varying-ct,decaps,1211273
6359,bike,varying-ct,decaps,1266008
6360,bike,varying-ct,decaps,1828202
6361,bike,varying-ct,decaps,2219098
6362,bike,varying-ct,decaps,1884509
6363,bike,varying-ct,decaps,1397871
6364,bike,varying-ct,decaps,1249033
6365,bike,varying-ct,decaps,1214201
6366,bike,varying-ct,decaps,1261649
6367,bike,varying-ct,decaps,1283526
6368,bike,varying-ct,decaps,1374302
6369,bike,varying-ct,decaps,2048744
6370,bike,varying-ct,decaps,1467039
6371,bike,varying-ct,decaps,2054766
6372,bike,varying-ct,decaps,2151370
6373,bike,varying-ct,decaps,1278984
6374,bike,varying-ct,decaps,1249767
6375,bike,varying-ct,decaps,1248508
6376,bike,varying-ct,decaps,1267784
6377,bike,varying-ct,decaps,1188623
6378,bike,varying-ct,decaps,1224185
6379,bike,varying-ct,decaps,1197367
6380,bike,varying-ct,decaps,1198089
6381,bike,varying-ct,decaps,1610059
6382,bike,varying-ct,decaps,2319265
6383,bike,varying-ct,decaps,1738872
6384,bike,varying-ct,decaps,1254307
6385,bike,varying-ct,decaps,1248407
6386,bike,varying-ct,decaps,1271804
6387,bike,varying-ct,decaps,1196957
6388,bike,varying-ct,decaps,1188793
6389,bike,varying-ct,decaps,1238039
6390,bike,varying-ct,decaps,1190848
6391,bike,varying-ct,decaps,1198335
6392,bike,varying-ct,decaps,1780158
6393,bike,varying-ct,decaps,2373427
6394,bike,varying-ct,decaps,1755253
6395,bike,varying-ct,decaps,1250469
6396,bike,varying-ct,decaps,1248070
6397,bike,varying-ct,decaps,1640809
6398,bike,varying-ct,decaps,1598511
6399,bike,varying-ct,decaps,1653895
6400,bike,varying-ct,decaps,1985371
6401,bike,varying-ct,decaps,2174320
6402,bike,varying-ct,decaps,2264692
6403,bike,varying-ct,decaps,2007198
6404,bike,varying-ct,decaps,1296422
6405,bike,varying-ct,decaps,1298217
6406,bike,varying-ct,decaps,1248324
6407,bike,varying-ct,decaps,1263171
6408,bike,varying-ct,decaps,1329052
6409,bike,varying-ct,decaps,1580415
6410,bike,varying-ct,decaps,1318716
6411,bike,varying-ct,decaps,1784941
6412,bike,varying-ct,decaps,2260821
6413,bike,varying-ct,decaps,1827525
6414,bike,varying-ct,decaps,1305551
6415,bike,varying-ct,decaps,1286220
6416,bike,varying-ct,decaps,1264087
6417,bike,varying-ct,decaps,1267854
6418,bike,varying-ct,decaps,1262793
6419,bike,varying-ct,decaps,1421780
6420,bike,varying-ct,decaps,1241757
6421,bike,varying-ct,decaps,1514458
6422,bike,varying-ct,decaps,2291939
6423,bike,varying-ct,decaps,2002146
6424,bike,varying-ct,decaps,1257700
6425,bike,varying-ct,decaps,1306986
6426,bike,varying-ct,decaps,1188617
6427,bike,varying-ct,decaps,1189619
6428,bike,varying-ct,decaps,1294391
6429,bike,varying-ct,decaps,1189720
6430,bike,varying-ct,decaps,1190427
6431,bike,varying-ct,decaps,1254446
6432,bike,varying-ct,decaps,1412082
6433,bike,varying-ct,decaps,2158632
6434,bike,varying-ct,decaps,1910691
6435,bike,varying-ct,decaps,1255734
6436,bike,varying-ct,decaps,1198753
6437,bike,varying-ct,decaps,1189754
6438,bike,varying-ct,decaps,1228692
6439,bike,varying-ct,decaps,1190451
6440,bike,varying-ct,decaps,1190410
6441,bike,varying-ct,decaps,1171839
6442,bike,varying-ct,decaps,1197344
6443,bike,varying-ct,decaps,1230424
6444,bike,varying-ct,decaps,2169031
6445,bike,varying-ct,decaps,2048921
6446,bike,varying-ct,decaps,1596243
6447,bike,varying-ct,decaps,1255156
6448,bike,varying-ct,decaps,1233876
6449,bike,varying-ct,decaps,1259862
6450,bike,varying-ct,decaps,1223276
6451,bike,varying-ct,decaps,1189299
6452,bike,varying-ct,decaps,1244526
6453,bike,varying-ct,decaps,1189035
6454,bike,varying-ct,decaps,1378119
6455,bike,varying-ct,decaps,2280218
6456,bike,varying-ct,decaps,1928671
6457,bike,varying-ct,decaps,1488736
6458,bike,varying-ct,decaps,1240734
6459,bike,varying-ct,decaps,1334382
6460,bike,varying-ct,decaps,1253151
6461,bike,varying-ct,decaps,1253051
6462,bike,varying-ct,decaps,1194002
6463,bike,varying-ct,decaps,1190641
6464,bike,varying-ct,decaps,1188349
6465,bike,varying-ct,decaps,1493668
6466,bike,varying-ct,decaps,2384655
6467,bike,varying-ct,decaps,2025417
6468,bike,varying-ct,decaps,1431813
6469,bike,varying-ct,decaps,1261381
6470,bike,varying-ct,decaps,1259034
6471,bike,varying-ct,decaps,1188498
6472,bike,varying-ct,decaps,1188125
6473,bike,varying-ct,decaps,1195455
6474,bike,varying-ct,decaps,1254074
6475,bike,varying-ct,decaps,1190439
6476,bike,varying-ct,decaps,1667902
6477,bike,varying-ct,decaps,2327658
6478,bike,varying-ct,decaps,1993460
6479,bike,varying-ct,decaps,1327244
6480,bike,varying-ct,decaps,1252264
6481,bike,varying-ct,decaps,1188227
6482,bike,varying-ct,decaps,1188660
6483,bike,varying-ct,decaps,1195832
6484,bike,varying-ct,decaps,1283804
6485,bike,varying-ct,decaps,2067494
6486,bike,varying-ct,decaps,1918810
6487,bike,varying-ct,decaps,2173292
6488,bike,varying-ct,decaps,2067496
6489,bike,varying-ct,decaps,1682184
6490,bike,varying-ct,decaps,1250053
6491,bike,varying-ct,decaps,1261790
6492,bike,varying-ct,decaps,1329780
6493,bike,varying-ct,decaps,1190724
6494,bike,varying-ct,decaps,1189921
6495,bike,varying-ct,decaps,1246037
6496,bike,varying-ct,decaps,1272609
6497,bike,varying-ct,decaps,2255602
6498,bike,varying-ct,decaps,1845051
6499,bike,varying-ct,decaps,1413607
6500,bike,varying-ct,decaps,1208312
6501,bike,varying-ct,decaps,1189351
6502,bike,varying-ct,decaps,1297716
6503,bike,varying-ct,decaps,1248524
6504,bike,varying-ct,decaps,1188397
6505,bike,varying-ct,decaps,1230251
6506,bike,varying-ct,decaps,1206166
6507,bike,varying-ct,decaps,1194795
6508,bike,varying-ct,decaps,1974847
6509,bike,varying-ct,decaps,2053954
6510,bike,varying-ct,decaps,1733179
6511,bike,varying-ct,decaps,1264274
6512,bike,varying-ct,decaps,1210270
6513,bike,varying-ct,decaps,1243265
6514,bike,varying-ct,decaps,1188962
6515,bike,varying-ct,decaps,1188478
6516,bike,varying-ct,decaps,1241796
6517,bike,varying-ct,decaps,1222129
6518,bike,varying-ct,decaps,1247714
6519,bike,varying-ct,decaps,2108076
6520,bike,varying-ct,decaps,2047090
6521,bike,varying-ct,decaps,1579295
6522,bike,varying-ct,decaps,1189896
6523,bike,varying-ct,decaps,1188537
6524,bike,varying-ct,decaps,1355644
6525,bike,varying-ct,decaps,1273770
6526,bike,varying-ct,decaps,1291497
6527,bike,varying-ct,decaps,1617729
6528,bike,varying-ct,decaps,1294725
6529,bike,varying-ct,decaps,1563614
6530,bike,varying-ct,decaps,2199936
6531,bike,varying-ct,decaps,2017853
6532,bike,varying-ct,decaps,1280253
6533,bike,varying-ct,decaps,1269195
6534,bike,varying-ct,decaps,1248737
6535,bike,varying-ct,decaps,1235753
6536,bike,varying-ct,decaps,1243601
6537,bike,varying-ct,decaps,1373573
6538,bike,varying-ct,decaps,1426940
6539,bike,varying-ct,decaps,1340817
6540,bike,varying-ct,decaps,1895621
6541,bike,varying-ct,decaps,1989594
6542,bike,varying-ct,decaps,1965779
6543,bike,varying-ct,decaps,1614150
6544,bike,varying-ct,decaps,1242285
6545,bike,varying-ct,decaps,1259900
6546,bike,varying-ct,decaps,1236734
6547,bike,varying-ct,decaps,1213265
6548,bike,varying-ct,decaps,1504826
6549,bike,varying-ct,decaps,1252351
6550,bike,varying-ct,decaps,1980998
6551,bike,varying-ct,decaps,2081438
6552,bike,varying-ct,decaps,1933600
6553,bike,varying-ct,decaps,1306947
6554,bike,varying-ct,decaps,1248732
6555,bike,varying-ct,decaps,1272291
6556,bike,varying-ct,decaps,1299905
6557,bike,varying-ct,decaps,1190374
6558,bike,varying-ct,decaps,1229520
6559,bike,varying-ct,decaps,1243085
6560,bike,varying-ct,decaps,1374181
6561,bike,varying-ct,decaps,2122787
6562,bike,varying-ct,decaps,1951813
6563,bike,varying-ct,decaps,1579220
6564,bike,varying-ct,decaps,1246273
6565,bike,varying-ct,decaps,1189852
6566,bike,varying-ct,decaps,1238429
6567,bike,varying-ct,decaps,1190216
6568,bike,varying-ct,decaps,1189715
6569,bike,varying-ct,decaps,1227636
6570,bike,varying-ct,decaps,1205179
6571,bike,varying-ct,decaps,1803822
6572,bike,varying-ct,decaps,2647712
6573,bike,varying-ct,decaps,1898849
6574,bike,varying-ct,decaps,2051841
6575,bike,varying-ct,decaps,2359030
6576,bike,varying-ct,decaps,1462331
6577,bike,varying-ct,decaps,1249926
6578,bike,varying-ct,decaps,1690819
6579,bike,varying-ct,decaps,1338624
6580,bike,varying-ct,decaps,2067413
6581,bike,varying-ct,decaps,1998647
6582,bike,varying-ct,decaps,1441856
6583,bike,varying-ct,decaps,1271965
6584,bike,varying-ct,decaps,1232552
6585,bike,varying-ct,decaps,1363935
6586,bike,varying-ct,decaps,1331030
6587,bike,varying-ct,decaps,1188453
6588,bike,varying-ct,decaps,1384156
6589,bike,varying-ct,decaps,1189524
6590,bike,varying-ct,decaps,1310885
6591,bike,varying-ct,decaps,2001173
6592,bike,varying-ct,decaps,2059432
6593,bike,varying-ct,decaps,1577143
6594,bike,varying-ct,decaps,1554556
6595,bike,varying-ct,decaps,1972494
6596,bike,varying-ct,decaps,1264059
6597,bike,varying-ct,decaps,1202128
6598,bike,varying-ct,decaps,1189232
6599,bike,varying-ct,decaps,1241154
6600,bike,varying-ct,decaps,1442189
6601,bike,varying-ct,decaps,1737796
6602,bike,varying-ct,decaps,2178471
6603,bike,varying-ct,decaps,1635008
6604,bike,varying-ct,decaps,1249081
6605,bike,varying-ct,decaps,1271701
6606,bike,varying-ct,decaps,1248725
6607,bike,varying-ct,decaps,1221109
6608,bike,varying-ct,decaps,1270524
6609,bike,varying-ct,decaps,1324194
6610,bike,varying-ct,decaps,1239674
6611,bike,varying-ct,decaps,1451640
6612,bike,varying-ct,decaps,2418415
6613,bike,varying-ct,decaps,2041840
6614,bike,varying-ct,decaps,1323153
6615,bike,varying-ct,decaps,1272112
6616,bike,varying-ct,decaps,1250360
6617,bike,varying-ct,decaps,1226888
6618,bike,varying-ct,decaps,1389657
6619,bike,varying-ct,decaps,1189997
6620,bike,varying-ct,decaps,1192974
6621,bike,varying-ct,decaps,1315604
6622,bike,varying-ct,decaps,2306055
6623,bike,varying-ct,decaps,2221206
6624,bike,varying-ct,decaps,2067639
6625,bike,varying-ct,decaps,1835551
6626,bike,varying-ct,decaps,1252337
6627,bike,varying-ct,decaps,1270205
6628,bike,varying-ct,decaps,1414171
6629,bike,varying-ct,decaps,1267413
6630,bike,varying-ct,decaps,1251737
6631,bike,varying-ct,decaps,1407357
6632,bike,varying-ct,decaps,2351798
6633,bike,varying-ct,decaps,2049172
6634,bike,varying-ct,decaps,1353522
6635,bike,varying-ct,decaps,1416913
6636,bike,varying-ct,decaps,1395505
6637,bike,varying-ct,decaps,1378794
6638,bike,varying-ct,decaps,1739715
6639,bike,varying-ct,decaps,1511725
6640,bike,varying-ct,decaps,1442492
6641,bike,varying-ct,decaps,1306909
6642,bike,varying-ct,decaps,1332548
6643,bike,varying-ct,decaps,1260872
6644,bike,varying-ct,decaps,1452268
6645,bike,varying-ct,decaps,1334642
6646,bike,varying-ct,decaps,1321229
6647,bike,varying-ct,decaps,1316756
6648,bike,varying-ct,decaps,1248882
6649,bike,varying-ct,decaps,1326758
6650,bike,varying-ct,decaps,1346609
6651,bike,varying-ct,decaps,1285514
6652,bike,varying-ct,decaps,1253511
6653,bike,varying-ct,decaps,1266115
6654,bike,varying-ct,decaps,1263169
6655,bike,varying-ct,decaps,1260898
6656,bike,varying-ct,decaps,1890593
6657,bike,varying-ct,decaps,2232890
6658,bike,varying-ct,decaps,2262857
6659,bike,varying-ct,decaps,2125271
6660,bike,varying-ct,decaps,1252789
6661,bike,varying-ct,decaps,1253254
6662,bike,varying-ct,decaps,1573384
6663,bike,varying-ct,decaps,1844311
6664,bike,varying-ct,decaps,2083405
6665,bike,varying-ct,decaps,1624197
6666,bike,varying-ct,decaps,1394402
6667,bike,varying-ct,decaps,1251068
6668,bike,varying-ct,decaps,1249605
6669,bike,varying-ct,decaps,1281931
6670,bike,varying-ct,decaps,1249255
6671,bike,varying-ct,decaps,1302288
6672,bike,varying-ct,decaps,1264249
6673,bike,varying-ct,decaps,1500437
6674,bike,varying-ct,decaps,2231752
6675,bike,varying-ct,decaps,2560823
6676,bike,varying-ct,decaps,1319854
6677,bike,varying-ct,decaps,1248027
6678,bike,varying-ct,decaps,1247574
6679,bike,varying-ct,decaps,1281735
6680,bike,varying-ct,decaps,1251023
6681,bike,varying-ct,decaps,1283089
6682,bike,varying-ct,decaps,1289302
6683,bike,varying-ct,decaps,1414468
6684,bike,varying-ct,decaps,1996530
6685,bike,varying-ct,decaps,1964157
6686,bike,varying-ct,decaps,1458602
6687,bike,varying-ct,decaps,1251580
6688,bike,varying-ct,decaps,1253624
6689,bike,varying-ct,decaps,1290137
6690,bike,varying-ct,decaps,1249711
6691,bike,varying-ct,decaps,1248379
6692,bike,varying-ct,decaps,1466479
6693,bike,varying-ct,decaps,1251198
6694,bike,varying-ct,decaps,1552540
6695,bike,varying-ct,decaps,2360651
6696,bike,varying-ct,decaps,1852228
6697,bike,varying-ct,decaps,1279150
6698,bike,varying-ct,decaps,1273993
6699,bike,varying-ct,decaps,1223467
6700,bike,varying-ct,decaps,1416670
6701,bike,varying-ct,decaps,1445902
6702,bike,varying-ct,decaps,1267173
6703,bike,varying-ct,decaps,1191055
6704,bike,varying-ct,decaps,1482059
6705,bike,varying-ct,decaps,2193925
6706,bike,varying-ct,decaps,2051446
6707,bike,varying-ct,decaps,1384913
6708,bike,varying-ct,decaps,1298893
6709,bike,varying-ct,decaps,2163863
6710,bike,varying-ct,decaps,1267660
6711,bike,varying-ct,decaps,1249156
6712,bike,varying-ct,decaps,1308501
6713,bike,varying-ct,decaps,1318174
6714,bike,varying-ct,decaps,1498287
6715,bike,varying-ct,decaps,2373870
6716,bike,varying-ct,decaps,2333801
6717,bike,varying-ct,decaps,1315431
6718,bike,varying-ct,decaps,1261233
6719,bike,varying-ct,decaps,1323529
6720,bike,varying-ct,decaps,1187414
6721,bike,varying-ct,decaps,1187436
6722,bike,varying-ct,decaps,1270788
6723,bike,varying-ct,decaps,1190151
6724,bike,varying-ct,decaps,1193092
6725,bike,varying-ct,decaps,1790222
6726,bike,varying-ct,decaps,2387295
6727,bike,varying-ct,decaps,1912474
6728,bike,varying-ct,decaps,1254435
6729,bike,varying-ct,decaps,1289959
6730,bike,varying-ct,decaps,1249222
6731,bike,varying-ct,decaps,1241325
6732,bike,varying-ct,decaps,1423215
6733,bike,varying-ct,decaps,1394348
6734,bike,varying-ct,decaps,1230677
6735,bike,varying-ct,decaps,1625670
6736,bike,varying-ct,decaps,2027410
6737,bike,varying-ct,decaps,2126574
6738,bike,varying-ct,decaps,1763875
6739,bike,varying-ct,decaps,1254027
6740,bike,varying-ct,decaps,1250366
6741,bike,varying-ct,decaps,1279076
6742,bike,varying-ct,decaps,1409045
6743,bike,varying-ct,decaps,1287697
6744,bike,varying-ct,decaps,1284392
6745,bike,varying-ct,decaps,1420826
6746,bike,varying-ct,decaps,2032334
6747,bike,varying-ct,decaps,1969620
6748,bike,varying-ct,decaps,1454297
6749,bike,varying-ct,decaps,1272145
6750,bike,varying-ct,decaps,1284244
6751,bike,varying-ct,decaps,1255057
6752,bike,varying-ct,decaps,1664874
6753,bike,varying-ct,decaps,1248305
6754,bike,varying-ct,decaps,1389518
6755,bike,varying-ct,decaps,1294619
6756,bike,varying-ct,decaps,1741962
6757,bike,varying-ct,decaps,2159982
6758,bike,varying-ct,decaps,1754328
6759,bike,varying-ct,decaps,1269107
6760,bike,varying-ct,decaps,1268699
6761,bike,varying-ct,decaps,1250102
6762,bike,varying-ct,decaps,1294167
6763,bike,varying-ct,decaps,1189470
6764,bike,varying-ct,decaps,1253361
6765,bike,varying-ct,decaps,1265308
6766,bike,varying-ct,decaps,1233717
6767,bike,varying-ct,decaps,2061392
6768,bike,varying-ct,decaps,2142233
6769,bike,varying-ct,decaps,2004146
6770,bike,varying-ct,decaps,1231173
6771,bike,varying-ct,decaps,1223296
6772,bike,varying-ct,decaps,1317947
6773,bike,varying-ct,decaps,1248385
6774,bike,varying-ct,decaps,1189032
6775,bike,varying-ct,decaps,1277620
6776,bike,varying-ct,decaps,1324417
6777,bike,varying-ct,decaps,1623745
6778,bike,varying-ct,decaps,2233282
6779,bike,varying-ct,decaps,2079387
6780,bike,varying-ct,decaps,1277320
6781,bike,varying-ct,decaps,1250170
6782,bike,varying-ct,decaps,1232165
6783,bike,varying-ct,decaps,1253414
6784,bike,varying-ct,decaps,1189334
6785,bike,varying-ct,decaps,1239056
6786,bike,varying-ct,decaps,1229530
6787,bike,varying-ct,decaps,1196300
6788,bike,varying-ct,decaps,1713934
6789,bike,varying-ct,decaps,2623628
6790,bike,varying-ct,decaps,1813291
6791,bike,varying-ct,decaps,1258715
6792,bike,varying-ct,decaps,1268576
6793,bike,varying-ct,decaps,1189539
6794,bike,varying-ct,decaps,1189174
6795,bike,varying-ct,decaps,1319557
6796,bike,varying-ct,decaps,1344709
6797,bike,varying-ct,decaps,1228079
6798,bike,varying-ct,decaps,1346830
6799,bike,varying-ct,decaps,2095097
6800,bike,varying-ct,decaps,2072241
6801,bike,varying-ct,decaps,1856798
6802,bike,varying-ct,decaps,1310240
6803,bike,varying-ct,decaps,1262487
6804,bike,varying-ct,decaps,1188080
6805,bike,varying-ct,decaps,1305431
6806,bike,varying-ct,decaps,1304606
6807,bike,varying-ct,decaps,1290343
6808,bike,varying-ct,decaps,1200578
6809,bike,varying-ct,decaps,1599377
6810,bike,varying-ct,decaps,2363776
6811,bike,varying-ct,decaps,1818959
6812,bike,varying-ct,decaps,1278381
6813,bike,varying-ct,decaps,1248528
6814,bike,varying-ct,decaps,1207845
6815,bike,varying-ct,decaps,1234806
6816,bike,varying-ct,decaps,1188873
6817,bike,varying-ct,decaps,1232306
6818,bike,varying-ct,decaps,1247516
6819,bike,varying-ct,decaps,1198156
6820,bike,varying-ct,decaps,1711968
6821,bike,varying-ct,decaps,2377996
6822,bike,varying-ct,decaps,1800851
6823,bike,varying-ct,decaps,1326730
6824,bike,varying-ct,decaps,1987427
6825,bike,varying-ct,decaps,1250237
6826,bike,varying-ct,decaps,1189482
6827,bike,varying-ct,decaps,1188762
6828,bike,varying-ct,decaps,1272998
6829,bike,varying-ct,decaps,1192418
6830,bike,varying-ct,decaps,1554311
6831,bike,varying-ct,decaps,2350896
6832,bike,varying-ct,decaps,1904037
6833,bike,varying-ct,decaps,1207834
6834,bike,varying-ct,decaps,1189191
6835,bike,varying-ct,decaps,1314023
6836,bike,varying-ct,decaps,1279094
6837,bike,varying-ct,decaps,1210769
6838,bike,varying-ct,decaps,1214459
6839,bike,varying-ct,decaps,1136282
6840,bike,varying-ct,decaps,1135091
6841,bike,varying-ct,decaps,1538011
6842,bike,varying-ct,decaps,2242626
6843,bike,varying-ct,decaps,2016481
6844,bike,varying-ct,decaps,1258028
6845,bike,varying-ct,decaps,1249074
6846,bike,varying-ct,decaps,1263282
6847,bike,varying-ct,decaps,1189520
6848,bike,varying-ct,decaps,1188895
6849,bike,varying-ct,decaps,1242640
6850,bike,varying-ct,decaps,1192805
6851,bike,varying-ct,decaps,1198019
6852,bike,varying-ct,decaps,1405342
6853,bike,varying-ct,decaps,2414580
6854,bike,varying-ct,decaps,2035567
6855,bike,varying-ct,decaps,1307652
6856,bike,varying-ct,decaps,1269983
6857,bike,varying-ct,decaps,1214671
6858,bike,varying-ct,decaps,1192729
6859,bike,varying-ct,decaps,1242814
6860,bike,varying-ct,decaps,1188048
6861,bike,varying-ct,decaps,1324773
6862,bike,varying-ct,decaps,1248485
6863,bike,varying-ct,decaps,1485652
6864,bike,varying-ct,decaps,2358084
6865,bike,varying-ct,decaps,1866602
6866,bike,varying-ct,decaps,1285217
6867,bike,varying-ct,decaps,1274624
6868,bike,varying-ct,decaps,1270005
6869,bike,varying-ct,decaps,1188526
6870,bike,varying-ct,decaps,1291760
6871,bike,varying-ct,decaps,1190444
6872,bike,varying-ct,decaps,1202849
6873,bike,varying-ct,decaps,1257206
6874,bike,varying-ct,decaps,1535583
6875,bike,varying-ct,decaps,2345065
6876,bike,varying-ct,decaps,1831222
6877,bike,varying-ct,decaps,1279096
6878,bike,varying-ct,decaps,1248330
6879,bike,varying-ct,decaps,1215242
6880,bike,varying-ct,decaps,1281013
6881,bike,varying-ct,decaps,1189491
6882,bike,varying-ct,decaps,1188877
6883,bike,varying-ct,decaps,1238887
6884,bike,varying-ct,decaps,1195358
6885,bike,varying-ct,decaps,1646317
6886,bike,varying-ct,decaps,2323734
6887,bike,varying-ct,decaps,1816617
6888,bike,varying-ct,decaps,1243587
6889,bike,varying-ct,decaps,1191181
6890,bike,varying-ct,decaps,1194063
6891,bike,varying-ct,decaps,1503757
6892,bike,varying-ct,decaps,1188896
6893,bike,varying-ct,decaps,1188977
6894,bike,varying-ct,decaps,1246850
6895,bike,varying-ct,decaps,1258565
6896,bike,varying-ct,decaps,1905028
6897,bike,varying-ct,decaps,2334010
6898,bike,varying-ct,decaps,1994651
6899,bike,varying-ct,decaps,1684567
6900,bike,varying-ct,decaps,2249065
6901,bike,varying-ct,decaps,1679545
6902,bike,varying-ct,decaps,1324021
6903,bike,varying-ct,decaps,1266587
6904,bike,varying-ct,decaps,1239953
6905,bike,varying-ct,decaps,2138555
6906,bike,varying-ct,decaps,2107150
6907,bike,varying-ct,decaps,1580214
6908,bike,varying-ct,decaps,1249493
6909,bike,varying-ct,decaps,1955277
6910,bike,varying-ct,decaps,2278088
6911,bike,varying-ct,decaps,1539934
6912,bike,varying-ct,decaps,1189667
6913,bike,varying-ct,decaps,1195082
6914,bike,varying-ct,decaps,1582902
6915,bike,varying-ct,decaps,2334841
6916,bike,varying-ct,decaps,1956626
6917,bike,varying-ct,decaps,1191975
6918,bike,varying-ct,decaps,1256843
6919,bike,varying-ct,decaps,1228750
6920,bike,varying-ct,decaps,1188146
6921,bike,varying-ct,decaps,1237685
6922,bike,varying-ct,decaps,1483851
6923,bike,varying-ct,decaps,1327778
6924,bike,varying-ct,decaps,1238633
6925,bike,varying-ct,decaps,1870501
6926,bike,varying-ct,decaps,2195830
6927,bike,varying-ct,decaps,1918070
6928,bike,varying-ct,decaps,1286455
6929,bike,varying-ct,decaps,1189928
6930,bike,varying-ct,decaps,1189028
6931,bike,varying-ct,decaps,1350132
6932,bike,varying-ct,decaps,1726141
6933,bike,varying-ct,decaps,1195587
6934,bike,varying-ct,decaps,1261706
6935,bike,varying-ct,decaps,1703031
6936,bike,varying-ct,decaps,2363939
6937,bike,varying-ct,decaps,1939500
6938,bike,varying-ct,decaps,1960445
6939,bike,varying-ct,decaps,1315069
6940,bike,varying-ct,decaps,1291033
6941,bike,varying-ct,decaps,1685723
6942,bike,varying-ct,decaps,1268235
6943,bike,varying-ct,decaps,1261357
6944,bike,varying-ct,decaps,1293174
6945,bike,varying-ct,decaps,1738720
6946,bike,varying-ct,decaps,2208269
6947,bike,varying-ct,decaps,1664473
6948,bike,varying-ct,decaps,1250035
6949,bike,varying-ct,decaps,1248273
6950,bike,varying-ct,decaps,1300115
6951,bike,varying-ct,decaps,1249476
6952,bike,varying-ct,decaps,1248844
6953,bike,varying-ct,decaps,1294248
6954,bike,varying-ct,decaps,1206135
6955,bike,varying-ct,decaps,1230424
6956,bike,varying-ct,decaps,2206256
6957,bike,varying-ct,decaps,2009588
6958,bike,varying-ct,decaps,1601766
6959,bike,varying-ct,decaps,1251428
6960,bike,varying-ct,decaps,1248799
6961,bike,varying-ct,decaps,1336937
6962,bike,varying-ct,decaps,1261650
6963,bike,varying-ct,decaps,1247713
6964,bike,varying-ct,decaps,1222617
6965,bike,varying-ct,decaps,1188895
6966,bike,varying-ct,decaps,1201196
6967,bike,varying-ct,decaps,1480932
6968,bike,varying-ct,decaps,2056733
6969,bike,varying-ct,decaps,2202340
6970,bike,varying-ct,decaps,2270886
6971,bike,varying-ct,decaps,1738112
6972,bike,varying-ct,decaps,1251988
6973,bike,varying-ct,decaps,1244965
6974,bike,varying-ct,decaps,1414185
6975,bike,varying-ct,decaps,1240060
6976,bike,varying-ct,decaps,1712024
6977,bike,varying-ct,decaps,2306258
6978,bike,varying-ct,decaps,1921642
6979,bike,varying-ct,decaps,1252673
6980,bike,varying-ct,decaps,1263257
6981,bike,varying-ct,decaps,1248736
6982,bike,varying-ct,decaps,1248328
6983,bike,varying-ct,decaps,1246041
6984,bike,varying-ct,decaps,1390760
6985,bike,varying-ct,decaps,1273079
6986,bike,varying-ct,decaps,1366847
6987,bike,varying-ct,decaps,1831919
6988,bike,varying-ct,decaps,2243151
6989,bike,varying-ct,decaps,1566522
6990,bike,varying-ct,decaps,1268958
6991,bike,varying-ct,decaps,1248246
6992,bike,varying-ct,decaps,1227867
6993,bike,varying-ct,decaps,1259302
6994,bike,varying-ct,decaps,1287041
6995,bike,varying-ct,decaps,1470389
6996,bike,varying-ct,decaps,1200398
6997,bike,varying-ct,decaps,1643138
6998,bike,varying-ct,decaps,2204986
6999,bike,varying-ct,decaps,2021883
7000,bike,varying-ct,decaps,1292100
7001,bike,varying-ct,decaps,1236918
7002,bike,varying-ct,decaps,1247999
7003,bike,varying-ct,decaps,1262029
7004,bike,varying-ct,decaps,1396691
7005,bike,varying-ct,decaps,1187616
7006,bike,varying-ct,decaps,1287529
7007,bike,varying-ct,decaps,1225168
7008,bike,varying-ct,decaps,1801810
7009,bike,varying-ct,decaps,2669291
7010,bike,varying-ct,decaps,1867879
7011,bike,varying-ct,decaps,1191523
7012,bike,varying-ct,decaps,1189183
7013,bike,varying-ct,decaps,1241419
7014,bike,varying-ct,decaps,1191416
7015,bike,varying-ct,decaps,1240028
7016,bike,varying-ct,decaps,1233364
7017,bike,varying-ct,decaps,1265656
7018,bike,varying-ct,decaps,1376333
7019,bike,varying-ct,decaps,2401143
7020,bike,varying-ct,decaps,2052168
7021,bike,varying-ct,decaps,1366897
7022,bike,varying-ct,decaps,1237395
7023,bike,varying-ct,decaps,1263531
7024,bike,varying-ct,decaps,1248924
7025,bike,varying-ct,decaps,1241636
7026,bike,varying-ct,decaps,1223780
7027,bike,varying-ct,decaps,1193314
7028,bike,varying-ct,decaps,1191828
7029,bike,varying-ct,decaps,1534304
7030,bike,varying-ct,decaps,2227656
7031,bike,varying-ct,decaps,2132803
7032,bike,varying-ct,decaps,1253542
7033,bike,varying-ct,decaps,1254614
7034,bike,varying-ct,decaps,1244412
7035,bike,varying-ct,decaps,1371289
7036,bike,varying-ct,decaps,1189064
7037,bike,varying-ct,decaps,1194268
7038,bike,varying-ct,decaps,1191245
7039,bike,varying-ct,decaps,1194325
7040,bike,varying-ct,decaps,1574038
7041,bike,varying-ct,decaps,2276100
7042,bike,varying-ct,decaps,2054757
7043,bike,varying-ct,decaps,1300791
7044,bike,varying-ct,decaps,1247986
7045,bike,varying-ct,decaps,1249211
7046,bike,varying-ct,decaps,1265796
7047,bike,varying-ct,decaps,1241493
7048,bike,varying-ct,decaps,1428393
7049,bike,varying-ct,decaps,1271002
7050,bike,varying-ct,decaps,1260757
7051,bike,varying-ct,decaps,1903965
7052,bike,varying-ct,decaps,2139105
7053,bike,varying-ct,decaps,1934766
7054,bike,varying-ct,decaps,1788996
7055,bike,varying-ct,decaps,1251835
7056,bike,varying-ct,decaps,1249318
7057,bike,varying-ct,decaps,1486200
7058,bike,varying-ct,decaps,1240781
7059,bike,varying-ct,decaps,1299103
7060,bike,varying-ct,decaps,1352065
7061,bike,varying-ct,decaps,2239877
7062,bike,varying-ct,decaps,1958624
7063,bike,varying-ct,decaps,1501162
7064,bike,varying-ct,decaps,1266006
7065,bike,varying-ct,decaps,1248981
7066,bike,varying-ct,decaps,1232667
7067,bike,varying-ct,decaps,1326136
7068,bike,varying-ct,decaps,1324947
7069,bike,varying-ct,decaps,1190825
7070,bike,varying-ct,decaps,1192379
7071,bike,varying-ct,decaps,1495901
7072,bike,varying-ct,decaps,2519286
7073,bike,varying-ct,decaps,2001231
7074,bike,varying-ct,decaps,1272979
7075,bike,varying-ct,decaps,1249484
7076,bike,varying-ct,decaps,1248485
7077,bike,varying-ct,decaps,1256784
7078,bike,varying-ct,decaps,1208720
7079,bike,varying-ct,decaps,1187664
7080,bike,varying-ct,decaps,1235529
7081,bike,varying-ct,decaps,1231098
7082,bike,varying-ct,decaps,1564792
7083,bike,varying-ct,decaps,2425348
7084,bike,varying-ct,decaps,1853497
7085,bike,varying-ct,decaps,1231911
7086,bike,varying-ct,decaps,1258654
7087,bike,varying-ct,decaps,1313057
7088,bike,varying-ct,decaps,1190054
7089,bike,varying-ct,decaps,1188805
7090,bike,varying-ct,decaps,1199862
7091,bike,varying-ct,decaps,1189062
7092,bike,varying-ct,decaps,1199203
7093,bike,varying-ct,decaps,1652095
7094,bike,varying-ct,decaps,2467059
7095,bike,varying-ct,decaps,1898478
7096,bike,varying-ct,decaps,1251052
7097,bike,varying-ct,decaps,1286582
7098,bike,varying-ct,decaps,1276696
7099,bike,varying-ct,decaps,1244472
7100,bike,varying-ct,decaps,1241861
7101,bike,varying-ct,decaps,1187776
7102,bike,varying-ct,decaps,1174457
7103,bike,varying-ct,decaps,1201850
7104,bike,varying-ct,decaps,1958161
7105,bike,varying-ct,decaps,2159118
7106,bike,varying-ct,decaps,1629583
7107,bike,varying-ct,decaps,1250736
7108,bike,varying-ct,decaps,1310448
7109,bike,varying-ct,decaps,1190297
7110,bike,varying-ct,decaps,1189119
7111,bike,varying-ct,decaps,1258052
7112,bike,varying-ct,decaps,1311786
7113,bike,varying-ct,decaps,1235752
7114,bike,varying-ct,decaps,1426245
7115,bike,varying-ct,decaps,2261875
7116,bike,varying-ct,decaps,1971268
7117,bike,varying-ct,decaps,1481639
7118,bike,varying-ct,decaps,1281837
7119,bike,varying-ct,decaps,1263800
7120,bike,varying-ct,decaps,1206703
7121,bike,varying-ct,decaps,1267215
7122,bike,varying-ct,decaps,1324178
7123,bike,varying-ct,decaps,1191345
7124,bike,varying-ct,decaps,1263360
7125,bike,varying-ct,decaps,1543595
7126,bike,varying-ct,decaps,2377610
7127,bike,varying-ct,decaps,2009889
7128,bike,varying-ct,decaps,1272022
7129,bike,varying-ct,decaps,1235400
7130,bike,varying-ct,decaps,1222584
7131,bike,varying-ct,decaps,1284023
7132,bike,varying-ct,decaps,1241848
7133,bike,varying-ct,decaps,1188843
7134,bike,varying-ct,decaps,1296194
7135,bike,varying-ct,decaps,1194583
7136,bike,varying-ct,decaps,2069942
7137,bike,varying-ct,decaps,2507291
7138,bike,varying-ct,decaps,2033505
7139,bike,varying-ct,decaps,1929209
7140,bike,varying-ct,decaps,1575098
7141,bike,varying-ct,decaps,1316192
7142,bike,varying-ct,decaps,1277613
7143,bike,varying-ct,decaps,1294597
7144,bike,varying-ct,decaps,1249313
7145,bike,varying-ct,decaps,1823357
7146,bike,varying-ct,decaps,2313739
7147,bike,varying-ct,decaps,1970676
7148,bike,varying-ct,decaps,1252270
7149,bike,varying-ct,decaps,1248514
7150,bike,varying-ct,decaps,1240362
7151,bike,varying-ct,decaps,1189117
7152,bike,varying-ct,decaps,1189077
7153,bike,varying-ct,decaps,1242207
7154,bike,varying-ct,decaps,1350175
7155,bike,varying-ct,decaps,1196201
7156,bike,varying-ct,decaps,1788222
7157,bike,varying-ct,decaps,2316531
7158,bike,varying-ct,decaps,1821459
7159,bike,varying-ct,decaps,1228374
7160,bike,varying-ct,decaps,1278627
7161,bike,varying-ct,decaps,1256184
7162,bike,varying-ct,decaps,1432335
7163,bike,varying-ct,decaps,1244840
7164,bike,varying-ct,decaps,1189790
7165,bike,varying-ct,decaps,1341647
7166,bike,varying-ct,decaps,1525627
7167,bike,varying-ct,decaps,2443642
7168,bike,varying-ct,decaps,2266667
7169,bike,varying-ct,decaps,2054901
7170,bike,varying-ct,decaps,1895746
7171,bike,varying-ct,decaps,1267019
7172,bike,varying-ct,decaps,1303281
7173,bike,varying-ct,decaps,1360995
7174,bike,varying-ct,decaps,1341136
7175,bike,varying-ct,decaps,1444405
7176,bike,varying-ct,decaps,2015056
7177,bike,varying-ct,decaps,1960480
7178,bike,varying-ct,decaps,1513075
7179,bike,varying-ct,decaps,1296502
7180,bike,varying-ct,decaps,1248781
7181,bike,varying-ct,decaps,1272735
7182,bike,varying-ct,decaps,1271485
7183,bike,varying-ct,decaps,1296531
7184,bike,varying-ct,decaps,1189981
7185,bike,varying-ct,decaps,1274820
7186,bike,varying-ct,decaps,1441217
7187,bike,varying-ct,decaps,1940022
7188,bike,varying-ct,decaps,2017106
7189,bike,varying-ct,decaps,1401445
7190,bike,varying-ct,decaps,1268228
7191,bike,varying-ct,decaps,1248860
7192,bike,varying-ct,decaps,1274342
7193,bike,varying-ct,decaps,1222657
7194,bike,varying-ct,decaps,1189159
7195,bike,varying-ct,decaps,1190599
7196,bike,varying-ct,decaps,1281003
7197,bike,varying-ct,decaps,1358772
7198,bike,varying-ct,decaps,2248050
7199,bike,varying-ct,decaps,2162278
7200,bike,varying-ct,decaps,1385674
7201,bike,varying-ct,decaps,1250568
7202,bike,varying-ct,decaps,1256737
7203,bike,varying-ct,decaps,1513596
7204,bike,varying-ct,decaps,1188627
7205,bike,varying-ct,decaps,1222296
7206,bike,varying-ct,decaps,1293782
7207,bike,varying-ct,decaps,1197531
7208,bike,varying-ct,decaps,1717397
7209,bike,varying-ct,decaps,2376579
7210,bike,varying-ct,decaps,1907338
7211,bike,varying-ct,decaps,1262002
7212,bike,varying-ct,decaps,1250248
7213,bike,varying-ct,decaps,1323655
7214,bike,varying-ct,decaps,1189557
7215,bike,varying-ct,decaps,1188806
7216,bike,varying-ct,decaps,1238687
7217,bike,varying-ct,decaps,1162630
7218,bike,varying-ct,decaps,1251654
7219,bike,varying-ct,decaps,1806360
7220,bike,varying-ct,decaps,2170118
7221,bike,varying-ct,decaps,1742739
7222,bike,varying-ct,decaps,1236283
7223,bike,varying-ct,decaps,1236193
7224,bike,varying-ct,decaps,1446965
7225,bike,varying-ct,decaps,1190098
7226,bike,varying-ct,decaps,1197520
7227,bike,varying-ct,decaps,1211558
7228,bike,varying-ct,decaps,1209520
7229,bike,varying-ct,decaps,1314354
7230,bike,varying-ct,decaps,2057614
7231,bike,varying-ct,decaps,2089881
7232,bike,varying-ct,decaps,1555883
7233,bike,varying-ct,decaps,1190134
7234,bike,varying-ct,decaps,1258173
7235,bike,varying-ct,decaps,1188317
7236,bike,varying-ct,decaps,1188451
7237,bike,varying-ct,decaps,1219132
7238,bike,varying-ct,decaps,1616170
7239,bike,varying-ct,decaps,1189281
7240,bike,varying-ct,decaps,1481502
7241,bike,varying-ct,decaps,2311332
7242,bike,varying-ct,decaps,2137595
7243,bike,varying-ct,decaps,1318999
7244,bike,varying-ct,decaps,1249338
7245,bike,varying-ct,decaps,1188395
7246,bike,varying-ct,decaps,1188626
7247,bike,varying-ct,decaps,1513964
7248,bike,varying-ct,decaps,1189657
7249,bike,varying-ct,decaps,1184217
7250,bike,varying-ct,decaps,1426648
7251,bike,varying-ct,decaps,1868378
7252,bike,varying-ct,decaps,2181347
7253,bike,varying-ct,decaps,1730022
7254,bike,varying-ct,decaps,2337142
7255,bike,varying-ct,decaps,1572670
7256,bike,varying-ct,decaps,1609536
7257,bike,varying-ct,decaps,1188696
7258,bike,varying-ct,decaps,1189466
7259,bike,varying-ct,decaps,1357794
7260,bike,varying-ct,decaps,1436458
7261,bike,varying-ct,decaps,2374333
7262,bike,varying-ct,decaps,2010664
7263,bike,varying-ct,decaps,1347687
7264,bike,varying-ct,decaps,1252880
7265,bike,varying-ct,decaps,1358421
7266,bike,varying-ct,decaps,1375616
7267,bike,varying-ct,decaps,1303745
7268,bike,varying-ct,decaps,1277236
7269,bike,varying-ct,decaps,1275814
7270,bike,varying-ct,decaps,1268575
7271,bike,varying-ct,decaps,1314570
7272,bike,varying-ct,decaps,1256433
7273,bike,varying-ct,decaps,1411032
7274,bike,varying-ct,decaps,1403258
7275,bike,varying-ct,decaps,1412875
7276,bike,varying-ct,decaps,1542338
7277,bike,varying-ct,decaps,2199920
7278,bike,varying-ct,decaps,2363211
7279,bike,varying-ct,decaps,1485130
7280,bike,varying-ct,decaps,1326573
7281,bike,varying-ct,decaps,1363672
7282,bike,varying-ct,decaps,1516831
7283,bike,varying-ct,decaps,1338810
7284,bike,varying-ct,decaps,1363097
7285,bike,varying-ct,decaps,1524578
7286,bike,varying-ct,decaps,1294865
7287,bike,varying-ct,decaps,1248064
7288,bike,varying-ct,decaps,1299196
7289,bike,varying-ct,decaps,1368032
7290,bike,varying-ct,decaps,1250854
7291,bike,varying-ct,decaps,1356963
7292,bike,varying-ct,decaps,1606898
7293,bike,varying-ct,decaps,1616156
7294,bike,varying-ct,decaps,1547597
7295,bike,varying-ct,decaps,1328851
7296,bike,varying-ct,decaps,1306210
7297,bike,varying-ct,decaps,1264739
7298,bike,varying-ct,decaps,1341153
7299,bike,varying-ct,decaps,1247693
7300,bike,varying-ct,decaps,1268065
7301,bike,varying-ct,decaps,1268982
7302,bike,varying-ct,decaps,1317737
7303,bike,varying-ct,decaps,1909043
7304,bike,varying-ct,decaps,1943265
7305,bike,varying-ct,decaps,1353800
7306,bike,varying-ct,decaps,1421171
7307,bike,varying-ct,decaps,1330557
7308,bike,varying-ct,decaps,1247660
7309,bike,varying-ct,decaps,1250858
7310,bike,varying-ct,decaps,1276282
7311,bike,varying-ct,decaps,1252058
7312,bike,varying-ct,decaps,1569982
7313,bike,varying-ct,decaps,1440666
7314,bike,varying-ct,decaps,1512076
7315,bike,varying-ct,decaps,1680888
7316,bike,varying-ct,decaps,1316847
7317,bike,varying-ct,decaps,1311904
7318,bike,varying-ct,decaps,1266547
7319,bike,varying-ct,decaps,1250551
7320,bike,varying-ct,decaps,1249913
7321,bike,varying-ct,decaps,1258088
7322,bike,varying-ct,decaps,1249357
7323,bike,varying-ct,decaps,1250209
7324,bike,varying-ct,decaps,1317253
7325,bike,varying-ct,decaps,1715447
7326,bike,varying-ct,decaps,1824737
7327,bike,varying-ct,decaps,1350751
7328,bike,varying-ct,decaps,1319861
7329,bike,varying-ct,decaps,1362327
7330,bike,varying-ct,decaps,1249669
7331,bike,varying-ct,decaps,1306426
7332,bike,varying-ct,decaps,1306727
7333,bike,varying-ct,decaps,1288227
7334,bike,varying-ct,decaps,1248882
7335,bike,varying-ct,decaps,1263543
7336,bike,varying-ct,decaps,1583363
7337,bike,varying-ct,decaps,2135621
7338,bike,varying-ct,decaps,1957532
7339,bike,varying-ct,decaps,1274302
7340,bike,varying-ct,decaps,1249542
7341,bike,varying-ct,decaps,1248276
7342,bike,varying-ct,decaps,1425703
7343,bike,varying-ct,decaps,1249856
7344,bike,varying-ct,decaps,1268795
7345,bike,varying-ct,decaps,1248084
7346,bike,varying-ct,decaps,1288387
7347,bike,varying-ct,decaps,1792453
7348,bike,varying-ct,decaps,2238115
7349,bike,varying-ct,decaps,1843502
7350,bike,varying-ct,decaps,1257561
7351,bike,varying-ct,decaps,1250100
7352,bike,varying-ct,decaps,1266009
7353,bike,varying-ct,decaps,1454775
7354,bike,varying-ct,decaps,1259750
7355,bike,varying-ct,decaps,1324677
7356,bike,varying-ct,decaps,1190892
7357,bike,varying-ct,decaps,1430867
7358,bike,varying-ct,decaps,2112621
7359,bike,varying-ct,decaps,2015749
7360,bike,varying-ct,decaps,1301653
7361,bike,varying-ct,decaps,1278324
7362,bike,varying-ct,decaps,1261310
7363,bike,varying-ct,decaps,1252199
7364,bike,varying-ct,decaps,1188708
7365,bike,varying-ct,decaps,1224122
7366,bike,varying-ct,decaps,1203409
7367,bike,varying-ct,decaps,1434057
7368,bike,varying-ct,decaps,1850276
7369,bike,varying-ct,decaps,2208779
7370,bike,varying-ct,decaps,2047096
7371,bike,varying-ct,decaps,1252844
7372,bike,varying-ct,decaps,1249736
7373,bike,varying-ct,decaps,1206938
7374,bike,varying-ct,decaps,1253261
7375,bike,varying-ct,decaps,1188741
7376,bike,varying-ct,decaps,1266227
7377,bike,varying-ct,decaps,1183506
7378,bike,varying-ct,decaps,1230448
7379,bike,varying-ct,decaps,1908714
7380,bike,varying-ct,decaps,2252770
7381,bike,varying-ct,decaps,1670436
7382,bike,varying-ct,decaps,1251718
7383,bike,varying-ct,decaps,1261122
7384,bike,varying-ct,decaps,1188438
7385,bike,varying-ct,decaps,1187746
7386,bike,varying-ct,decaps,1201852
7387,bike,varying-ct,decaps,1189300
7388,bike,varying-ct,decaps,1189696
7389,bike,varying-ct,decaps,1206920
7390,bike,varying-ct,decaps,1831052
7391,bike,varying-ct,decaps,2272664
7392,bike,varying-ct,decaps,1718712
7393,bike,varying-ct,decaps,1309442
7394,bike,varying-ct,decaps,1791080
7395,bike,varying-ct,decaps,1532011
7396,bike,varying-ct,decaps,1444224
7397,bike,varying-ct,decaps,1278223
7398,bike,varying-ct,decaps,1225359
7399,bike,varying-ct,decaps,1203684
7400,bike,varying-ct,decaps,1849149
7401,bike,varying-ct,decaps,2141418
7402,bike,varying-ct,decaps,1680255
7403,bike,varying-ct,decaps,1343141
7404,bike,varying-ct,decaps,1280735
7405,bike,varying-ct,decaps,1288776
7406,bike,varying-ct,decaps,1240615
7407,bike,varying-ct,decaps,1275201
7408,bike,varying-ct,decaps,1189140
7409,bike,varying-ct,decaps,1296883
7410,bike,varying-ct,decaps,1297389
7411,bike,varying-ct,decaps,2194240
7412,bike,varying-ct,decaps,2455768
7413,bike,varying-ct,decaps,2056119
7414,bike,varying-ct,decaps,1942563
7415,bike,varying-ct,decaps,1604333
7416,bike,varying-ct,decaps,1276766
7417,bike,varying-ct,decaps,1304970
7418,bike,varying-ct,decaps,1249947
7419,bike,varying-ct,decaps,1256802
7420,bike,varying-ct,decaps,2102479
7421,bike,varying-ct,decaps,2039440
7422,bike,varying-ct,decaps,1510136
7423,bike,varying-ct,decaps,1249636
7424,bike,varying-ct,decaps,1274647
7425,bike,varying-ct,decaps,1404734
7426,bike,varying-ct,decaps,1250436
7427,bike,varying-ct,decaps,1222215
7428,bike,varying-ct,decaps,1265500
7429,bike,varying-ct,decaps,1191755
7430,bike,varying-ct,decaps,1336666
7431,bike,varying-ct,decaps,2134740
7432,bike,varying-ct,decaps,1906932
7433,bike,varying-ct,decaps,1535400
7434,bike,varying-ct,decaps,1269617
7435,bike,varying-ct,decaps,1309022
7436,bike,varying-ct,decaps,1279299
7437,bike,varying-ct,decaps,1188701
7438,bike,varying-ct,decaps,1294824
7439,bike,varying-ct,decaps,1188984
7440,bike,varying-ct,decaps,1189398
7441,bike,varying-ct,decaps,1510609
7442,bike,varying-ct,decaps,2312517
7443,bike,varying-ct,decaps,2026833
7444,bike,varying-ct,decaps,1264665
7445,bike,varying-ct,decaps,1278283
7446,bike,varying-ct,decaps,1236414
7447,bike,varying-ct,decaps,1246785
7448,bike,varying-ct,decaps,1252711
7449,bike,varying-ct,decaps,1189324
7450,bike,varying-ct,decaps,1188648
7451,bike,varying-ct,decaps,1241708
7452,bike,varying-ct,decaps,1560793
7453,bike,varying-ct,decaps,2258562
7454,bike,varying-ct,decaps,1924063
7455,bike,varying-ct,decaps,1194664
7456,bike,varying-ct,decaps,1327162
7457,bike,varying-ct,decaps,1249311
7458,bike,varying-ct,decaps,1260893
7459,bike,varying-ct,decaps,1310291
7460,bike,varying-ct,decaps,1424968
7461,bike,varying-ct,decaps,1189216
7462,bike,varying-ct,decaps,1280491
7463,bike,varying-ct,decaps,1936889
7464,bike,varying-ct,decaps,2178650
7465,bike,varying-ct,decaps,1934684
7466,bike,varying-ct,decaps,1386017
7467,bike,varying-ct,decaps,1190840
7468,bike,varying-ct,decaps,1188929
7469,bike,varying-ct,decaps,1266697
7470,bike,varying-ct,decaps,1189008
7471,bike,varying-ct,decaps,1188679
7472,bike,varying-ct,decaps,1244898
7473,bike,varying-ct,decaps,1489925
7474,bike,varying-ct,decaps,2012045
7475,bike,varying-ct,decaps,2081540
7476,bike,varying-ct,decaps,1488484
7477,bike,varying-ct,decaps,1294904
7478,bike,varying-ct,decaps,1249500
7479,bike,varying-ct,decaps,1285699
7480,bike,varying-ct,decaps,1188230
7481,bike,varying-ct,decaps,1233588
7482,bike,varying-ct,decaps,1245799
7483,bike,varying-ct,decaps,1191926
7484,bike,varying-ct,decaps,1487053
7485,bike,varying-ct,decaps,2208305
7486,bike,varying-ct,decaps,2216821
7487,bike,varying-ct,decaps,1294389
7488,bike,varying-ct,decaps,1211145
7489,bike,varying-ct,decaps,1258506
7490,bike,varying-ct,decaps,1190005
7491,bike,varying-ct,decaps,1173827
7492,bike,varying-ct,decaps,1136351
7493,bike,varying-ct,decaps,1177454
7494,bike,varying-ct,decaps,1135636
7495,bike,varying-ct,decaps,1500203
7496,bike,varying-ct,decaps,2193083
7497,bike,varying-ct,decaps,1916709
7498,bike,varying-ct,decaps,1387507
7499,bike,varying-ct,decaps,1192973
7500,bike,varying-ct,decaps,1263406
7501,bike,varying-ct,decaps,1189258
7502,bike,varying-ct,decaps,1244081
7503,bike,varying-ct,decaps,1200191
7504,bike,varying-ct,decaps,1209730
7505,bike,varying-ct,decaps,1161494
7506,bike,varying-ct,decaps,1424488
7507,bike,varying-ct,decaps,1847733
7508,bike,varying-ct,decaps,2328469
7509,bike,varying-ct,decaps,1931542
7510,bike,varying-ct,decaps,1586447
7511,bike,varying-ct,decaps,1190795
7512,bike,varying-ct,decaps,1189206
7513,bike,varying-ct,decaps,1489063
7514,bike,varying-ct,decaps,1208016
7515,bike,varying-ct,decaps,1186773
7516,bike,varying-ct,decaps,1340429
7517,bike,varying-ct,decaps,1755878
7518,bike,varying-ct,decaps,1923669
7519,bike,varying-ct,decaps,1467242
7520,bike,varying-ct,decaps,1248148
7521,bike,varying-ct,decaps,1193946
7522,bike,varying-ct,decaps,1188884
7523,bike,varying-ct,decaps,1189156
7524,bike,varying-ct,decaps,1361590
7525,bike,varying-ct,decaps,1512438
7526,bike,varying-ct,decaps,1248694
7527,bike,varying-ct,decaps,1411306
7528,bike,varying-ct,decaps,1527626
7529,bike,varying-ct,decaps,2116358
7530,bike,varying-ct,decaps,1532784
7531,bike,varying-ct,decaps,1303710
7532,bike,varying-ct,decaps,1189333
7533,bike,varying-ct,decaps,1188858
7534,bike,varying-ct,decaps,1302263
7535,bike,varying-ct,decaps,1263227
7536,bike,varying-ct,decaps,1219565
7537,bike,varying-ct,decaps,1255191
7538,bike,varying-ct,decaps,1201157
7539,bike,varying-ct,decaps,2003319
7540,bike,varying-ct,decaps,1723417
7541,bike,varying-ct,decaps,1583092
7542,bike,varying-ct,decaps,1327730
7543,bike,varying-ct,decaps,1223540
7544,bike,varying-ct,decaps,1229613
7545,bike,varying-ct,decaps,1244263
7546,bike,varying-ct,decaps,1188838
7547,bike,varying-ct,decaps,1228089
7548,bike,varying-ct,decaps,1263918
7549,bike,varying-ct,decaps,1446656
7550,bike,varying-ct,decaps,1716761
7551,bike,varying-ct,decaps,1881505
7552,bike,varying-ct,decaps,1580251
7553,bike,varying-ct,decaps,1299348
7554,bike,varying-ct,decaps,1236303
7555,bike,varying-ct,decaps,1242847
7556,bike,varying-ct,decaps,1189796
7557,bike,varying-ct,decaps,1189341
7558,bike,varying-ct,decaps,1189118
7559,bike,varying-ct,decaps,1205417
7560,bike,varying-ct,decaps,1189474
7561,bike,varying-ct,decaps,1424731
7562,bike,varying-ct,decaps,2074786
7563,bike,varying-ct,decaps,1462725
7564,bike,varying-ct,decaps,1607379
7565,bike,varying-ct,decaps,1291941
7566,bike,varying-ct,decaps,1265677
7567,bike,varying-ct,decaps,1248718
7568,bike,varying-ct,decaps,1221531
7569,bike,varying-ct,decaps,1349352
7570,bike,varying-ct,decaps,1604215
7571,bike,varying-ct,decaps,1247961
7572,bike,varying-ct,decaps,1526872
7573,bike,varying-ct,decaps,2018915
7574,bike,varying-ct,decaps,1540937
7575,bike,varying-ct,decaps,1386388
7576,bike,varying-ct,decaps,1249330
7577,bike,varying-ct,decaps,1298983
7578,bike,varying-ct,decaps,1248263
7579,bike,varying-ct,decaps,1265535
7580,bike,varying-ct,decaps,1461418
7581,bike,varying-ct,decaps,1243657
7582,bike,varying-ct,decaps,1214433
7583,bike,varying-ct,decaps,1461025
7584,bike,varying-ct,decaps,2022828
7585,bike,varying-ct,decaps,1400807
7586,bike,varying-ct,decaps,1447785
7587,bike,varying-ct,decaps,1310132
7588,bike,varying-ct,decaps,1326749
7589,bike,varying-ct,decaps,1261854
7590,bike,varying-ct,decaps,1254569
7591,bike,varying-ct,decaps,1238337
7592,bike,varying-ct,decaps,1230910
7593,bike,varying-ct,decaps,1236194
7594,bike,varying-ct,decaps,1592782
7595,bike,varying-ct,decaps,1982870
7596,bike,varying-ct,decaps,1291526
7597,bike,varying-ct,decaps,1587039
7598,bike,varying-ct,decaps,1328795
7599,bike,varying-ct,decaps,1396057
7600,bike,varying-ct,decaps,1249252
7601,bike,varying-ct,decaps,1309817
7602,bike,varying-ct,decaps,1493205
7603,bike,varying-ct,decaps,1285528
7604,bike,varying-ct,decaps,1553103
7605,bike,varying-ct,decaps,1463521
7606,bike,varying-ct,decaps,2246031
7607,bike,varying-ct,decaps,2000641
7608,bike,varying-ct,decaps,1631041
7609,bike,varying-ct,decaps,1257283
7610,bike,varying-ct,decaps,1378209
7611,bike,varying-ct,decaps,1257349
7612,bike,varying-ct,decaps,1252388
7613,bike,varying-ct,decaps,1346399
7614,bike,varying-ct,decaps,2072015
7615,bike,varying-ct,decaps,1514527
7616,bike,varying-ct,decaps,1875395
7617,bike,varying-ct,decaps,1445800
7618,bike,varying-ct,decaps,1590406
7619,bike,varying-ct,decaps,1418239
7620,bike,varying-ct,decaps,1407828
7621,bike,varying-ct,decaps,1318126
7622,bike,varying-ct,decaps,1332185
7623,bike,varying-ct,decaps,1402508
7624,bike,varying-ct,decaps,1643206
7625,bike,varying-ct,decaps,1599438
7626,bike,varying-ct,decaps,2046152
7627,bike,varying-ct,decaps,1954357
7628,bike,varying-ct,decaps,1608640
7629,bike,varying-ct,decaps,1301524
7630,bike,varying-ct,decaps,1333828
7631,bike,varying-ct,decaps,1357678
7632,bike,varying-ct,decaps,1283968
7633,bike,varying-ct,decaps,1367786
7634,bike,varying-ct,decaps,1330450
7635,bike,varying-ct,decaps,1308854
7636,bike,varying-ct,decaps,1583940
7637,bike,varying-ct,decaps,2098187
7638,bike,varying-ct,decaps,1257315
7639,bike,varying-ct,decaps,1383352
7640,bike,varying-ct,decaps,1341778
7641,bike,varying-ct,decaps,1252108
7642,bike,varying-ct,decaps,1250364
7643,bike,varying-ct,decaps,1298612
7644,bike,varying-ct,decaps,1265487
7645,bike,varying-ct,decaps,1263064
7646,bike,varying-ct,decaps,1316011
7647,bike,varying-ct,decaps,1832072
7648,bike,varying-ct,decaps,2113354
7649,bike,varying-ct,decaps,1253746
7650,bike,varying-ct,decaps,1270083
7651,bike,varying-ct,decaps,1334392
7652,bike,varying-ct,decaps,1249468
7653,bike,varying-ct,decaps,1449159
7654,bike,varying-ct,decaps,1777921
7655,bike,varying-ct,decaps,1764604
7656,bike,varying-ct,decaps,2488276
7657,bike,varying-ct,decaps,2273475
7658,bike,varying-ct,decaps,1675700
7659,bike,varying-ct,decaps,1381449
7660,bike,varying-ct,decaps,1428719
7661,bike,varying-ct,decaps,1350765
7662,bike,varying-ct,decaps,1349009
7663,bike,varying-ct,decaps,1539966
7664,bike,varying-ct,decaps,1250037
7665,bike,varying-ct,decaps,1370240
7666,bike,varying-ct,decaps,1729691
7667,bike,varying-ct,decaps,2281513
7668,bike,varying-ct,decaps,1519975
7669,bike,varying-ct,decaps,1389317
7670,bike,varying-ct,decaps,1266720
7671,bike,varying-ct,decaps,1248694
7672,bike,varying-ct,decaps,1563644
7673,bike,varying-ct,decaps,1251363
7674,bike,varying-ct,decaps,1298651
7675,bike,varying-ct,decaps,1253555
7676,bike,varying-ct,decaps,1249931
7677,bike,varying-ct,decaps,1710852
7678,bike,varying-ct,decaps,2133751
7679,bike,varying-ct,decaps,1372009
7680,bike,varying-ct,decaps,1512803
7681,bike,varying-ct,decaps,1249647
7682,bike,varying-ct,decaps,1300627
7683,bike,varying-ct,decaps,1299940
7684,bike,varying-ct,decaps,1333563
7685,bike,varying-ct,decaps,1346087
7686,bike,varying-ct,decaps,1277999
7687,bike,varying-ct,decaps,1309692
7688,bike,varying-ct,decaps,1668606
7689,bike,varying-ct,decaps,2131155
7690,bike,varying-ct,decaps,1625815
7691,bike,varying-ct,decaps,1371948
7692,bike,varying-ct,decaps,1250292
7693,bike,varying-ct,decaps,1303769
7694,bike,varying-ct,decaps,1315902
7695,bike,varying-ct,decaps,1249171
7696,bike,varying-ct,decaps,1345662
7697,bike,varying-ct,decaps,1248910
7698,bike,varying-ct,decaps,1319548
7699,bike,varying-ct,decaps,1780368
7700,bike,varying-ct,decaps,1784920
7701,bike,varying-ct,decaps,1553828
7702,bike,varying-ct,decaps,1297437
7703,bike,varying-ct,decaps,1420123
7704,bike,varying-ct,decaps,1249517
7705,bike,varying-ct,decaps,1394679
7706,bike,varying-ct,decaps,1265666
7707,bike,varying-ct,decaps,1268590
7708,bike,varying-ct,decaps,1188370
7709,bike,varying-ct,decaps,1312005
7710,bike,varying-ct,decaps,1799492
7711,bike,varying-ct,decaps,1639766
7712,bike,varying-ct,decaps,1482209
7713,bike,varying-ct,decaps,1296855
7714,bike,varying-ct,decaps,1306103
7715,bike,varying-ct,decaps,1248783
7716,bike,varying-ct,decaps,1246726
7717,bike,varying-ct,decaps,1319182
7718,bike,varying-ct,decaps,1232906
7719,bike,varying-ct,decaps,1189509
7720,bike,varying-ct,decaps,1296244
7721,bike,varying-ct,decaps,1351497
7722,bike,varying-ct,decaps,2161932
7723,bike,varying-ct,decaps,1311507
7724,bike,varying-ct,decaps,1549967
7725,bike,varying-ct,decaps,1269745
7726,bike,varying-ct,decaps,1249037
7727,bike,varying-ct,decaps,1267396
7728,bike,varying-ct,decaps,1316442
7729,bike,varying-ct,decaps,1277448
7730,bike,varying-ct,decaps,1188866
7731,bike,varying-ct,decaps,1361467
7732,bike,varying-ct,decaps,1480124
7733,bike,varying-ct,decaps,2195845
7734,bike,varying-ct,decaps,1334114
7735,bike,varying-ct,decaps,1621258
7736,bike,varying-ct,decaps,1752653
7737,bike,varying-ct,decaps,1311207
7738,bike,varying-ct,decaps,1372966
7739,bike,varying-ct,decaps,1337134
7740,bike,varying-ct,decaps,1248783
7741,bike,varying-ct,decaps,1303021
7742,bike,varying-ct,decaps,1314828
7743,bike,varying-ct,decaps,1683498
7744,bike,varying-ct,decaps,1789067
7745,bike,varying-ct,decaps,1725368
7746,bike,varying-ct,decaps,1461578
7747,bike,varying-ct,decaps,1454263
7748,bike,varying-ct,decaps,1395354
7749,bike,varying-ct,decaps,1291743
7750,bike,varying-ct,decaps,1312010
7751,bike,varying-ct,decaps,1349721
7752,bike,varying-ct,decaps,1221371
7753,bike,varying-ct,decaps,1274907
7754,bike,varying-ct,decaps,1907110
7755,bike,varying-ct,decaps,1455625
7756,bike,varying-ct,decaps,1604986
7757,bike,varying-ct,decaps,1250951
7758,bike,varying-ct,decaps,1293325
7759,bike,varying-ct,decaps,1293155
7760,bike,varying-ct,decaps,1302667
7761,bike,varying-ct,decaps,1248595
7762,bike,varying-ct,decaps,1233536
7763,bike,varying-ct,decaps,1188870
7764,bike,varying-ct,decaps,1247529
7765,bike,varying-ct,decaps,1495306
7766,bike,varying-ct,decaps,1913442
7767,bike,varying-ct,decaps,1427772
7768,bike,varying-ct,decaps,1379913
7769,bike,varying-ct,decaps,1263545
7770,bike,varying-ct,decaps,1284686
7771,bike,varying-ct,decaps,1264131
7772,bike,varying-ct,decaps,1243185
7773,bike,varying-ct,decaps,1311746
7774,bike,varying-ct,decaps,1189371
7775,bike,varying-ct,decaps,1233917
7776,bike,varying-ct,decaps,1325426
7777,bike,varying-ct,decaps,2079151
7778,bike,varying-ct,decaps,1351190
7779,bike,varying-ct,decaps,1632108
7780,bike,varying-ct,decaps,1308929
7781,bike,varying-ct,decaps,1248530
7782,bike,varying-ct,decaps,1217483
7783,bike,varying-ct,decaps,1230279
7784,bike,varying-ct,decaps,1365877
7785,bike,varying-ct,decaps,1313587
7786,bike,varying-ct,decaps,1242001
7787,bike,varying-ct,decaps,1282861
7788,bike,varying-ct,decaps,2065189
7789,bike,varying-ct,decaps,1459578
7790,bike,varying-ct,decaps,1556063
7791,bike,varying-ct,decaps,1308405
7792,bike,varying-ct,decaps,1255573
7793,bike,varying-ct,decaps,1257755
7794,bike,varying-ct,decaps,1240926
7795,bike,varying-ct,decaps,1189673
7796,bike,varying-ct,decaps,1240440
7797,bike,varying-ct,decaps,1271591
7798,bike,varying-ct,decaps,1304368
7799,bike,varying-ct,decaps,1964882
7800,bike,varying-ct,decaps,1679040
7801,bike,varying-ct,decaps,1559676
7802,bike,varying-ct,decaps,1270437
7803,bike,varying-ct,decaps,1248709
7804,bike,varying-ct,decaps,1244886
7805,bike,varying-ct,decaps,1409637
7806,bike,varying-ct,decaps,1188591
7807,bike,varying-ct,decaps,1228357
7808,bike,varying-ct,decaps,1194112
7809,bike,varying-ct,decaps,1239098
7810,bike,varying-ct,decaps,1505061
7811,bike,varying-ct,decaps,2024499
7812,bike,varying-ct,decaps,1520872
7813,bike,varying-ct,decaps,1313623
7814,bike,varying-ct,decaps,1535631
7815,bike,varying-ct,decaps,1266847
7816,bike,varying-ct,decaps,1297255
7817,bike,varying-ct,decaps,1248070
7818,bike,varying-ct,decaps,1345850
7819,bike,varying-ct,decaps,1188702
7820,bike,varying-ct,decaps,1239638
7821,bike,varying-ct,decaps,1554644
7822,bike,varying-ct,decaps,2021510
7823,bike,varying-ct,decaps,1360645
7824,bike,varying-ct,decaps,1437588
7825,bike,varying-ct,decaps,1305971
7826,bike,varying-ct,decaps,1283506
7827,bike,varying-ct,decaps,1262227
7828,bike,varying-ct,decaps,1290561
7829,bike,varying-ct,decaps,1261142
7830,bike,varying-ct,decaps,1248268
7831,bike,varying-ct,decaps,1313476
7832,bike,varying-ct,decaps,1541947
7833,bike,varying-ct,decaps,2015746
7834,bike,varying-ct,decaps,1515350
7835,bike,varying-ct,decaps,1519507
7836,bike,varying-ct,decaps,1269836
7837,bike,varying-ct,decaps,1260499
7838,bike,varying-ct,decaps,1376255
7839,bike,varying-ct,decaps,1261118
7840,bike,varying-ct,decaps,1286947
7841,bike,varying-ct,decaps,1188593
7842,bike,varying-ct,decaps,1265078
7843,bike,varying-ct,decaps,1374864
7844,bike,varying-ct,decaps,2027722
7845,bike,varying-ct,decaps,1386278
7846,bike,varying-ct,decaps,1435053
7847,bike,varying-ct,decaps,1315317
7848,bike,varying-ct,decaps,1247903
7849,bike,varying-ct,decaps,1262204
7850,bike,varying-ct,decaps,1258439
7851,bike,varying-ct,decaps,1330377
7852,bike,varying-ct,decaps,1445730
7853,bike,varying-ct,decaps,1530542
7854,bike,varying-ct,decaps,1606466
7855,bike,varying-ct,decaps,2092035
7856,bike,varying-ct,decaps,1331157
7857,bike,varying-ct,decaps,1547733
7858,bike,varying-ct,decaps,1356023
7859,bike,varying-ct,decaps,1248172
7860,bike,varying-ct,decaps,1248617
7861,bike,varying-ct,decaps,1249635
7862,bike,varying-ct,decaps,1247907
7863,bike,varying-ct,decaps,1300964
7864,bike,varying-ct,decaps,1401346
7865,bike,varying-ct,decaps,1915696
7866,bike,varying-ct,decaps,1658759
7867,bike,varying-ct,decaps,1290859
7868,bike,varying-ct,decaps,1583199
7869,bike,varying-ct,decaps,1277351
7870,bike,varying-ct,decaps,1248729
7871,bike,varying-ct,decaps,1463982
7872,bike,varying-ct,decaps,1252362
7873,bike,varying-ct,decaps,1247804
7874,bike,varying-ct,decaps,1240969
7875,bike,varying-ct,decaps,1242746
7876,bike,varying-ct,decaps,1371527
7877,bike,varying-ct,decaps,1962891
7878,bike,varying-ct,decaps,1338231
7879,bike,varying-ct,decaps,1281358
7880,bike,varying-ct,decaps,1270591
7881,bike,varying-ct,decaps,1261236
7882,bike,varying-ct,decaps,1286396
7883,bike,varying-ct,decaps,1300999
7884,bike,varying-ct,decaps,1233418
7885,bike,varying-ct,decaps,1249568
7886,bike,varying-ct,decaps,1190839
7887,bike,varying-ct,decaps,1201527
7888,bike,varying-ct,decaps,1683960
7889,bike,varying-ct,decaps,1625650
7890,bike,varying-ct,decaps,1417173
7891,bike,varying-ct,decaps,1272161
7892,bike,varying-ct,decaps,1313024
7893,bike,varying-ct,decaps,1327731
7894,bike,varying-ct,decaps,1371637
7895,bike,varying-ct,decaps,1374084
7896,bike,varying-ct,decaps,1260381
7897,bike,varying-ct,decaps,1249709
7898,bike,varying-ct,decaps,1263655
7899,bike,varying-ct,decaps,1474890
7900,bike,varying-ct,decaps,1513198
7901,bike,varying-ct,decaps,1359751
7902,bike,varying-ct,decaps,1336402
7903,bike,varying-ct,decaps,1448938
7904,bike,varying-ct,decaps,1322114
7905,bike,varying-ct,decaps,1435247
7906,bike,varying-ct,decaps,1412981
7907,bike,varying-ct,decaps,1301696
7908,bike,varying-ct,decaps,1314621
7909,bike,varying-ct,decaps,1373886
7910,bike,varying-ct,decaps,1861756
7911,bike,varying-ct,decaps,1543633
7912,bike,varying-ct,decaps,1488197
7913,bike,varying-ct,decaps,2295515
7914,bike,varying-ct,decaps,2300560
7915,bike,varying-ct,decaps,2294881
7916,bike,varying-ct,decaps,2475360
7917,bike,varying-ct,decaps,2155206
7918,bike,varying-ct,decaps,1253946
7919,bike,varying-ct,decaps,1276725
7920,bike,varying-ct,decaps,1256016
7921,bike,varying-ct,decaps,1258131
7922,bike,varying-ct,decaps,1838999
7923,bike,varying-ct,decaps,1332565
7924,bike,varying-ct,decaps,1301269
7925,bike,varying-ct,decaps,1504088
7926,bike,varying-ct,decaps,1371037
7927,bike,varying-ct,decaps,1249183
7928,bike,varying-ct,decaps,1441637
7929,bike,varying-ct,decaps,2277734
7930,bike,varying-ct,decaps,2104140
7931,bike,varying-ct,decaps,2113225
7932,bike,varying-ct,decaps,1600211
7933,bike,varying-ct,decaps,1486169
7934,bike,varying-ct,decaps,1346383
7935,bike,varying-ct,decaps,1316713
7936,bike,varying-ct,decaps,1268591
7937,bike,varying-ct,decaps,1345117
7938,bike,varying-ct,decaps,1874776
7939,bike,varying-ct,decaps,1774403
7940,bike,varying-ct,decaps,1554025
7941,bike,varying-ct,decaps,1724926
7942,bike,varying-ct,decaps,1330872
7943,bike,varying-ct,decaps,1295566
7944,bike,varying-ct,decaps,1347840
7945,bike,varying-ct,decaps,1336459
7946,bike,varying-ct,decaps,1248819
7947,bike,varying-ct,decaps,1337177
7948,bike,varying-ct,decaps,1392303
7949,bike,varying-ct,decaps,1341947
7950,bike,varying-ct,decaps,1790883
7951,bike,varying-ct,decaps,2086804
7952,bike,varying-ct,decaps,1663761
7953,bike,varying-ct,decaps,1399068
7954,bike,varying-ct,decaps,1269958
7955,bike,varying-ct,decaps,1249133
7956,bike,varying-ct,decaps,1249401
7957,bike,varying-ct,decaps,1311518
7958,bike,varying-ct,decaps,1283515
7959,bike,varying-ct,decaps,1476736
7960,bike,varying-ct,decaps,2014661
7961,bike,varying-ct,decaps,2299528
7962,bike,varying-ct,decaps,2166740
7963,bike,varying-ct,decaps,1944232
7964,bike,varying-ct,decaps,1316728
7965,bike,varying-ct,decaps,1314416
7966,bike,varying-ct,decaps,1332549
7967,bike,varying-ct,decaps,1338627
7968,bike,varying-ct,decaps,1248683
7969,bike,varying-ct,decaps,1337883
7970,bike,varying-ct,decaps,1908536
7971,bike,varying-ct,decaps,2055634
7972,bike,varying-ct,decaps,1455494
7973,bike,varying-ct,decaps,1314422
7974,bike,varying-ct,decaps,1278559
7975,bike,varying-ct,decaps,1248043
7976,bike,varying-ct,decaps,1339902
7977,bike,varying-ct,decaps,1333589
7978,bike,varying-ct,decaps,1248601
7979,bike,varying-ct,decaps,1432900
7980,bike,varying-ct,decaps,1959528
7981,bike,varying-ct,decaps,2360846
7982,bike,varying-ct,decaps,2005624
7983,bike,varying-ct,decaps,1369051
7984,bike,varying-ct,decaps,1298610
7985,bike,varying-ct,decaps,1369125
7986,bike,varying-ct,decaps,1241659
7987,bike,varying-ct,decaps,1189308
7988,bike,varying-ct,decaps,1198442
7989,bike,varying-ct,decaps,1404993
7990,bike,varying-ct,decaps,2129371
7991,bike,varying-ct,decaps,2385996
7992,bike,varying-ct,decaps,1934247
7993,bike,varying-ct,decaps,1270714
7994,bike,varying-ct,decaps,1296142
7995,bike,varying-ct,decaps,1280013
7996,bike,varying-ct,decaps,1223738
7997,bike,varying-ct,decaps,1188705
7998,bike,varying-ct,decaps,1257175
7999,bike,varying-ct,decaps,1575544
8000,bike,varying-ct,decaps,2022537
8001,bike,varying-ct,decaps,2177362
8002,bike,varying-ct,decaps,1753608
8003,bike,varying-ct,decaps,1276609
8004,bike,varying-ct,decaps,1311874
8005,bike,varying-ct,decaps,1201781
8006,bike,varying-ct,decaps,1188490
8007,bike,varying-ct,decaps,1253153
8008,bike,varying-ct,decaps,1276105
8009,bike,varying-ct,decaps,1439755
8010,bike,varying-ct,decaps,1546998
8011,bike,varying-ct,decaps,2173319
8012,bike,varying-ct,decaps,2294914
8013,bike,varying-ct,decaps,1567828
8014,bike,varying-ct,decaps,1233212
8015,bike,varying-ct,decaps,1353075
8016,bike,varying-ct,decaps,1302597
8017,bike,varying-ct,decaps,1188591
8018,bike,varying-ct,decaps,1307111
8019,bike,varying-ct,decaps,1187513
8020,bike,varying-ct,decaps,1449294
8021,bike,varying-ct,decaps,1912440
8022,bike,varying-ct,decaps,2491771
8023,bike,varying-ct,decaps,1545103
8024,bike,varying-ct,decaps,1190792
8025,bike,varying-ct,decaps,1318294
8026,bike,varying-ct,decaps,1323020
8027,bike,varying-ct,decaps,1353604
8028,bike,varying-ct,decaps,1240915
8029,bike,varying-ct,decaps,1213182
8030,bike,varying-ct,decaps,1211509
8031,bike,varying-ct,decaps,1361256
8032,bike,varying-ct,decaps,1720838
8033,bike,varying-ct,decaps,2117345
8034,bike,varying-ct,decaps,1897781
8035,bike,varying-ct,decaps,2036428
8036,bike,varying-ct,decaps,1422655
8037,bike,varying-ct,decaps,1257077
8038,bike,varying-ct,decaps,1238885
8039,bike,varying-ct,decaps,1161311
8040,bike,varying-ct,decaps,1387114
8041,bike,varying-ct,decaps,1201945
8042,bike,varying-ct,decaps,1933858
8043,bike,varying-ct,decaps,2330174
8044,bike,varying-ct,decaps,1842653
8045,bike,varying-ct,decaps,1835345
8046,bike,varying-ct,decaps,1221455
8047,bike,varying-ct,decaps,1249942
8048,bike,varying-ct,decaps,1398736
8049,bike,varying-ct,decaps,1188716
8050,bike,varying-ct,decaps,1159076
8051,bike,varying-ct,decaps,1143423
8052,bike,varying-ct,decaps,1631587
8053,bike,varying-ct,decaps,2110324
8054,bike,varying-ct,decaps,2098598
8055,bike,varying-ct,decaps,2036946
8056,bike,varying-ct,decaps,1408714
8057,bike,varying-ct,decaps,1238708
8058,bike,varying-ct,decaps,1166451
8059,bike,varying-ct,decaps,1191848
8060,bike,varying-ct,decaps,1134871
8061,bike,varying-ct,decaps,1136039
8062,bike,varying-ct,decaps,1467578
8063,bike,varying-ct,decaps,2205138
8064,bike,varying-ct,decaps,2041666
8065,bike,varying-ct,decaps,1996209
8066,bike,varying-ct,decaps,1787724
8067,bike,varying-ct,decaps,1192725
8068,bike,varying-ct,decaps,1187794
8069,bike,varying-ct,decaps,1345651
8070,bike,varying-ct,decaps,1237161
8071,bike,varying-ct,decaps,1137421
8072,bike,varying-ct,decaps,1488296
8073,bike,varying-ct,decaps,2491958
8074,bike,varying-ct,decaps,2018102
8075,bike,varying-ct,decaps,1850830
8076,bike,varying-ct,decaps,1988854
8077,bike,varying-ct,decaps,2085081
8078,bike,varying-ct,decaps,1400297
8079,bike,varying-ct,decaps,1190204
8080,bike,varying-ct,decaps,1241464
8081,bike,varying-ct,decaps,1578728
8082,bike,varying-ct,decaps,2486698
8083,bike,varying-ct,decaps,1991794
8084,bike,varying-ct,decaps,1964846
8085,bike,varying-ct,decaps,1306682
8086,bike,varying-ct,decaps,1215188
8087,bike,varying-ct,decaps,1257895
8088,bike,varying-ct,decaps,1259838
8089,bike,varying-ct,decaps,1342387
8090,bike,varying-ct,decaps,1183161
8091,bike,varying-ct,decaps,1471019
8092,bike,varying-ct,decaps,2133285
8093,bike,varying-ct,decaps,1923088
8094,bike,varying-ct,decaps,2083151
8095,bike,varying-ct,decaps,1259568
8096,bike,varying-ct,decaps,1189012
8097,bike,varying-ct,decaps,1275009
8098,bike,varying-ct,decaps,1189734
8099,bike,varying-ct,decaps,1164433
8100,bike,varying-ct,decaps,1330554
8101,bike,varying-ct,decaps,1251910
8102,bike,varying-ct,decaps,2177390
8103,bike,varying-ct,decaps,1503650
8104,bike,varying-ct,decaps,1420934
8105,bike,varying-ct,decaps,1291279
8106,bike,varying-ct,decaps,1265068
8107,bike,varying-ct,decaps,1437843
8108,bike,varying-ct,decaps,1221676
8109,bike,varying-ct,decaps,1488722
8110,bike,varying-ct,decaps,1244870
8111,bike,varying-ct,decaps,1248345
8112,bike,varying-ct,decaps,1192598
8113,bike,varying-ct,decaps,1830515
8114,bike,varying-ct,decaps,1858959
8115,bike,varying-ct,decaps,1517030
8116,bike,varying-ct,decaps,1293221
8117,bike,varying-ct,decaps,1340385
8118,bike,varying-ct,decaps,1516423
8119,bike,varying-ct,decaps,1190769
8120,bike,varying-ct,decaps,1189796
8121,bike,varying-ct,decaps,1258066
8122,bike,varying-ct,decaps,1363606
8123,bike,varying-ct,decaps,1898501
8124,bike,varying-ct,decaps,1431901
8125,bike,varying-ct,decaps,1652443
8126,bike,varying-ct,decaps,1311027
8127,bike,varying-ct,decaps,1271199
8128,bike,varying-ct,decaps,1569925
8129,bike,varying-ct,decaps,1248233
8130,bike,varying-ct,decaps,1188998
8131,bike,varying-ct,decaps,1231757
8132,bike,varying-ct,decaps,1188760
8133,bike,varying-ct,decaps,1520209
8134,bike,varying-ct,decaps,1411274
8135,bike,varying-ct,decaps,2026786
8136,bike,varying-ct,decaps,1694912
8137,bike,varying-ct,decaps,1424858
8138,bike,varying-ct,decaps,1351279
8139,bike,varying-ct,decaps,1426934
8140,bike,varying-ct,decaps,1208768
8141,bike,varying-ct,decaps,1281565
8142,bike,varying-ct,decaps,1603730
8143,bike,varying-ct,decaps,1452879
8144,bike,varying-ct,decaps,1296965
8145,bike,varying-ct,decaps,1415542
8146,bike,varying-ct,decaps,2560740
8147,bike,varying-ct,decaps,2071462
8148,bike,varying-ct,decaps,1321725
8149,bike,varying-ct,decaps,1329561
8150,bike,varying-ct,decaps,1322357
8151,bike,varying-ct,decaps,1264586
8152,bike,varying-ct,decaps,1244377
8153,bike,varying-ct,decaps,1379761
8154,bike,varying-ct,decaps,1632972
8155,bike,varying-ct,decaps,1812529
8156,bike,varying-ct,decaps,1975905
8157,bike,varying-ct,decaps,1376030
8158,bike,varying-ct,decaps,1318637
8159,bike,varying-ct,decaps,1492921
8160,bike,varying-ct,decaps,1249030
8161,bike,varying-ct,decaps,1301682
8162,bike,varying-ct,decaps,1236454
8163,bike,varying-ct,decaps,1311505
8164,bike,varying-ct,decaps,1409119
8165,bike,varying-ct,decaps,1192099
8166,bike,varying-ct,decaps,1932492
8167,bike,varying-ct,decaps,2147791
8168,bike,varying-ct,decaps,2079102
8169,bike,varying-ct,decaps,1869926
8170,bike,varying-ct,decaps,1287791
8171,bike,varying-ct,decaps,1333099
8172,bike,varying-ct,decaps,1241410
8173,bike,varying-ct,decaps,1190403
8174,bike,varying-ct,decaps,1274819
8175,bike,varying-ct,decaps,1201120
8176,bike,varying-ct,decaps,1585418
8177,bike,varying-ct,decaps,2435250
8178,bike,varying-ct,decaps,2049289
8179,bike,varying-ct,decaps,2016842
8180,bike,varying-ct,decaps,1272132
8181,bike,varying-ct,decaps,1417370
8182,bike,varying-ct,decaps,1189924
8183,bike,varying-ct,decaps,1259173
8184,bike,varying-ct,decaps,1136149
8185,bike,varying-ct,decaps,1155958
8186,bike,varying-ct,decaps,1566936
8187,bike,varying-ct,decaps,2197072
8188,bike,varying-ct,decaps,2012170
8189,bike,varying-ct,decaps,2098302
8190,bike,varying-ct,decaps,2099199
8191,bike,varying-ct,decaps,1262410
8192,bike,varying-ct,decaps,1246159
8193,bike,varying-ct,decaps,1216472
8194,bike,varying-ct,decaps,1434621
8195,bike,varying-ct,decaps,1389925
8196,bike,varying-ct,decaps,1956407
8197,bike,varying-ct,decaps,2235017
8198,bike,varying-ct,decaps,1928375
8199,bike,varying-ct,decaps,1328797
8200,bike,varying-ct,decaps,1190216
8201,bike,varying-ct,decaps,1188801
8202,bike,varying-ct,decaps,1713834
8203,bike,varying-ct,decaps,1490260
8204,bike,varying-ct,decaps,1233712
8205,bike,varying-ct,decaps,1695082
8206,bike,varying-ct,decaps,2349822
8207,bike,varying-ct,decaps,2039498
8208,bike,varying-ct,decaps,1317195
8209,bike,varying-ct,decaps,1245816
8210,bike,varying-ct,decaps,1225884
8211,bike,varying-ct,decaps,1188544
8212,bike,varying-ct,decaps,1298302
8213,bike,varying-ct,decaps,1450266
8214,bike,varying-ct,decaps,1392087
8215,bike,varying-ct,decaps,1163070
8216,bike,varying-ct,decaps,1871424
8217,bike,varying-ct,decaps,1757327
8218,bike,varying-ct,decaps,1418926
8219,bike,varying-ct,decaps,1329669
8220,bike,varying-ct,decaps,1222078
8221,bike,varying-ct,decaps,1188708
8222,bike,varying-ct,decaps,1239879
8223,bike,varying-ct,decaps,1181726
8224,bike,varying-ct,decaps,1184484
8225,bike,varying-ct,decaps,1257609
8226,bike,varying-ct,decaps,1263920
8227,bike,varying-ct,decaps,1600030
8228,bike,varying-ct,decaps,1904965
8229,bike,varying-ct,decaps,1353587
8230,bike,varying-ct,decaps,1226938
8231,bike,varying-ct,decaps,1214161
8232,bike,varying-ct,decaps,1199213
8233,bike,varying-ct,decaps,1190253
8234,bike,varying-ct,decaps,1409032
8235,bike,varying-ct,decaps,1266345
8236,bike,varying-ct,decaps,1135914
8237,bike,varying-ct,decaps,1194140
8238,bike,varying-ct,decaps,1184236
8239,bike,varying-ct,decaps,1136364
8240,bike,varying-ct,decaps,1767028
8241,bike,varying-ct,decaps,1924370
8242,bike,varying-ct,decaps,1751926
8243,bike,varying-ct,decaps,1195595
8244,bike,varying-ct,decaps,1468226
8245,bike,varying-ct,decaps,1321535
8246,bike,varying-ct,decaps,1190870
8247,bike,varying-ct,decaps,1205034
8248,bike,varying-ct,decaps,1360389
8249,bike,varying-ct,decaps,1239588
8250,bike,varying-ct,decaps,1462832
8251,bike,varying-ct,decaps,1597548
8252,bike,varying-ct,decaps,1464276
8253,bike,varying-ct,decaps,1496177
8254,bike,varying-ct,decaps,1193866
8255,bike,varying-ct,decaps,1352881
8256,bike,varying-ct,decaps,1496316
8257,bike,varying-ct,decaps,1194197
8258,bike,varying-ct,decaps,1195342
8259,bike,varying-ct,decaps,1134487
8260,bike,varying-ct,decaps,1190056
8261,bike,varying-ct,decaps,1221172
8262,bike,varying-ct,decaps,1974691
8263,bike,varying-ct,decaps,1682421
8264,bike,varying-ct,decaps,1420251
8265,bike,varying-ct,decaps,1225471
8266,bike,varying-ct,decaps,1261680
8267,bike,varying-ct,decaps,1188711
8268,bike,varying-ct,decaps,1188640
8269,bike,varying-ct,decaps,1317685
8270,bike,varying-ct,decaps,1386544
8271,bike,varying-ct,decaps,1142545
8272,bike,varying-ct,decaps,1206117
8273,bike,varying-ct,decaps,1433584
8274,bike,varying-ct,decaps,1949223
8275,bike,varying-ct,decaps,1324804
8276,bike,varying-ct,decaps,1414141
8277,bike,varying-ct,decaps,1260868
8278,bike,varying-ct,decaps,1189755
8279,bike,varying-ct,decaps,1188737
8280,bike,varying-ct,decaps,1190308
8281,bike,varying-ct,decaps,1236455
8282,bike,varying-ct,decaps,1275695
8283,bike,varying-ct,decaps,1343513
8284,bike,varying-ct,decaps,1406823
8285,bike,varying-ct,decaps,1799815
8286,bike,varying-ct,decaps,1552105
8287,bike,varying-ct,decaps,1490886
8288,bike,varying-ct,decaps,1263362
8289,bike,varying-ct,decaps,1190766
8290,bike,varying-ct,decaps,1202015
8291,bike,varying-ct,decaps,1204202
8292,bike,varying-ct,decaps,1153743
8293,bike,varying-ct,decaps,1175696
8294,bike,varying-ct,decaps,1184883
8295,bike,varying-ct,decaps,1130152
8296,bike,varying-ct,decaps,1506084
8297,bike,varying-ct,decaps,2060901
8298,bike,varying-ct,decaps,1516169
8299,bike,varying-ct,decaps,1562638
8300,bike,varying-ct,decaps,1192094
8301,bike,varying-ct,decaps,1188828
8302,bike,varying-ct,decaps,1199406
8303,bike,varying-ct,decaps,1135303
8304,bike,varying-ct,decaps,1134660
8305,bike,varying-ct,decaps,1112909
8306,bike,varying-ct,decaps,1256835
8307,bike,varying-ct,decaps,1089404
8308,bike,varying-ct,decaps,1644037
8309,bike,varying-ct,decaps,1982053
8310,bike,varying-ct,decaps,1573077
8311,bike,varying-ct,decaps,1978817
8312,bike,varying-ct,decaps,1388253
8313,bike,varying-ct,decaps,1295041
8314,bike,varying-ct,decaps,1189167
8315,bike,varying-ct,decaps,1180604
8316,bike,varying-ct,decaps,1144287
8317,bike,varying-ct,decaps,1187853
8318,bike,varying-ct,decaps,1140571
8319,bike,varying-ct,decaps,1829570
8320,bike,varying-ct,decaps,1766159
8321,bike,varying-ct,decaps,1506339
8322,bike,varying-ct,decaps,1257469
8323,bike,varying-ct,decaps,1230559
8324,bike,varying-ct,decaps,1248287
8325,bike,varying-ct,decaps,1501777
8326,bike,varying-ct,decaps,1184334
8327,bike,varying-ct,decaps,1190069
8328,bike,varying-ct,decaps,1134624
8329,bike,varying-ct,decaps,1295251
8330,bike,varying-ct,decaps,1477186
8331,bike,varying-ct,decaps,1941583
8332,bike,varying-ct,decaps,1402599
8333,bike,varying-ct,decaps,1495685
8334,bike,varying-ct,decaps,1190499
8335,bike,varying-ct,decaps,1266186
8336,bike,varying-ct,decaps,1188585
8337,bike,varying-ct,decaps,1175112
8338,bike,varying-ct,decaps,1188334
8339,bike,varying-ct,decaps,1134857
8340,bike,varying-ct,decaps,1781401
8341,bike,varying-ct,decaps,1181919
8342,bike,varying-ct,decaps,1861645
8343,bike,varying-ct,decaps,1646966
8344,bike,varying-ct,decaps,1521859
8345,bike,varying-ct,decaps,1190992
8346,bike,varying-ct,decaps,1246397
8347,bike,varying-ct,decaps,1189464
8348,bike,varying-ct,decaps,1178049
8349,bike,varying-ct,decaps,1278474
8350,bike,varying-ct,decaps,1232972
8351,bike,varying-ct,decaps,1152525
8352,bike,varying-ct,decaps,1224543
8353,bike,varying-ct,decaps,1402742
8354,bike,varying-ct,decaps,2107056
8355,bike,varying-ct,decaps,1201310
8356,bike,varying-ct,decaps,1542166
8357,bike,varying-ct,decaps,1271891
8358,bike,varying-ct,decaps,1189670
8359,bike,varying-ct,decaps,1176701
8360,bike,varying-ct,decaps,1469203
8361,bike,varying-ct,decaps,1136185
8362,bike,varying-ct,decaps,1143403
8363,bike,varying-ct,decaps,1306024
8364,bike,varying-ct,decaps,1137185
8365,bike,varying-ct,decaps,1664795
8366,bike,varying-ct,decaps,1934277
8367,bike,varying-ct,decaps,1571735
8368,bike,varying-ct,decaps,1250642
8369,bike,varying-ct,decaps,1202342
8370,bike,varying-ct,decaps,1162794
8371,bike,varying-ct,decaps,1492504
8372,bike,varying-ct,decaps,1190898
8373,bike,varying-ct,decaps,1184689
8374,bike,varying-ct,decaps,1146701
8375,bike,varying-ct,decaps,1202390
8376,bike,varying-ct,decaps,1264571
8377,bike,varying-ct,decaps,2193902
8378,bike,varying-ct,decaps,1353294
8379,bike,varying-ct,decaps,1605586
8380,bike,varying-ct,decaps,1191161
8381,bike,varying-ct,decaps,1276139
8382,bike,varying-ct,decaps,1261358
8383,bike,varying-ct,decaps,1189657
8384,bike,varying-ct,decaps,1189021
8385,bike,varying-ct,decaps,1186932
8386,bike,varying-ct,decaps,1136304
8387,bike,varying-ct,decaps,1130762
8388,bike,varying-ct,decaps,1661191
8389,bike,varying-ct,decaps,2097285
8390,bike,varying-ct,decaps,1385925
8391,bike,varying-ct,decaps,1339304
8392,bike,varying-ct,decaps,1189665
8393,bike,varying-ct,decaps,1246466
8394,bike,varying-ct,decaps,1189029
8395,bike,varying-ct,decaps,1411714
8396,bike,varying-ct,decaps,1190777
8397,bike,varying-ct,decaps,1170596
8398,bike,varying-ct,decaps,1183593
8399,bike,varying-ct,decaps,1319296
8400,bike,varying-ct,decaps,2091212
8401,bike,varying-ct,decaps,1618890
8402,bike,varying-ct,decaps,1293315
8403,bike,varying-ct,decaps,1467340
8404,bike,varying-ct,decaps,1249314
8405,bike,varying-ct,decaps,1189592
8406,bike,varying-ct,decaps,1189078
8407,bike,varying-ct,decaps,1226537
8408,bike,varying-ct,decaps,1174409
8409,bike,varying-ct,decaps,1450560
8410,bike,varying-ct,decaps,1197567
8411,bike,varying-ct,decaps,1848201
8412,bike,varying-ct,decaps,1827800
8413,bike,varying-ct,decaps,1472040
8414,bike,varying-ct,decaps,1203873
8415,bike,varying-ct,decaps,1256888
8416,bike,varying-ct,decaps,1189626
8417,bike,varying-ct,decaps,1188370
8418,bike,varying-ct,decaps,1190359
8419,bike,varying-ct,decaps,1135264
8420,bike,varying-ct,decaps,1176325
8421,bike,varying-ct,decaps,1462972
8422,bike,varying-ct,decaps,1364489
8423,bike,varying-ct,decaps,2305306
8424,bike,varying-ct,decaps,1662922
8425,bike,varying-ct,decaps,1660001
8426,bike,varying-ct,decaps,1466373
8427,bike,varying-ct,decaps,1216328
8428,bike,varying-ct,decaps,1258671
8429,bike,varying-ct,decaps,1189519
8430,bike,varying-ct,decaps,1189608
8431,bike,varying-ct,decaps,1246122
8432,bike,varying-ct,decaps,1251415
8433,bike,varying-ct,decaps,1448379
8434,bike,varying-ct,decaps,2202370
8435,bike,varying-ct,decaps,1526768
8436,bike,varying-ct,decaps,1656967
8437,bike,varying-ct,decaps,1310430
8438,bike,varying-ct,decaps,1189667
8439,bike,varying-ct,decaps,1203251
8440,bike,varying-ct,decaps,1188874
8441,bike,varying-ct,decaps,1225821
8442,bike,varying-ct,decaps,1146499
8443,bike,varying-ct,decaps,1196354
8444,bike,varying-ct,decaps,1199356
8445,bike,varying-ct,decaps,2039625
8446,bike,varying-ct,decaps,1271841
8447,bike,varying-ct,decaps,1584038
8448,bike,varying-ct,decaps,1191087
8449,bike,varying-ct,decaps,1239293
8450,bike,varying-ct,decaps,1250293
8451,bike,varying-ct,decaps,1227844
8452,bike,varying-ct,decaps,1164827
8453,bike,varying-ct,decaps,1209328
8454,bike,varying-ct,decaps,1244946
8455,bike,varying-ct,decaps,1410023
8456,bike,varying-ct,decaps,1540630
8457,bike,varying-ct,decaps,1985627
8458,bike,varying-ct,decaps,1331672
8459,bike,varying-ct,decaps,1276063
8460,bike,varying-ct,decaps,1398976
8461,bike,varying-ct,decaps,1289538
8462,bike,varying-ct,decaps,1279688
8463,bike,varying-ct,decaps,1188182
8464,bike,varying-ct,decaps,1313547
8465,bike,varying-ct,decaps,1219390
8466,bike,varying-ct,decaps,1282204
8467,bike,varying-ct,decaps,1343275
8468,bike,varying-ct,decaps,1995213
8469,bike,varying-ct,decaps,1759524
8470,bike,varying-ct,decaps,1609161
8471,bike,varying-ct,decaps,1233562
8472,bike,varying-ct,decaps,1246430
8473,bike,varying-ct,decaps,1189285
8474,bike,varying-ct,decaps,1178203
8475,bike,varying-ct,decaps,1630842
8476,bike,varying-ct,decaps,1243191
8477,bike,varying-ct,decaps,1242860
8478,bike,varying-ct,decaps,1362763
8479,bike,varying-ct,decaps,2095260
8480,bike,varying-ct,decaps,1327897
8481,bike,varying-ct,decaps,1489071
8482,bike,varying-ct,decaps,1191400
8483,bike,varying-ct,decaps,1229160
8484,bike,varying-ct,decaps,1189267
8485,bike,varying-ct,decaps,1277661
8486,bike,varying-ct,decaps,1159497
8487,bike,varying-ct,decaps,1135446
8488,bike,varying-ct,decaps,1214727
8489,bike,varying-ct,decaps,1370074
8490,bike,varying-ct,decaps,1872160
8491,bike,varying-ct,decaps,1996318
8492,bike,varying-ct,decaps,1463813
8493,bike,varying-ct,decaps,1368646
8494,bike,varying-ct,decaps,1299975
8495,bike,varying-ct,decaps,1323363
8496,bike,varying-ct,decaps,1439532
8497,bike,varying-ct,decaps,1256484
8498,bike,varying-ct,decaps,1249074
8499,bike,varying-ct,decaps,1681249
8500,bike,varying-ct,decaps,1707437
8501,bike,varying-ct,decaps,1897608
8502,bike,varying-ct,decaps,1342525
8503,bike,varying-ct,decaps,1267019
8504,bike,varying-ct,decaps,1630426
8505,bike,varying-ct,decaps,1340742
8506,bike,varying-ct,decaps,1386491
8507,bike,varying-ct,decaps,1340764
8508,bike,varying-ct,decaps,1248467
8509,bike,varying-ct,decaps,1330465
8510,bike,varying-ct,decaps,1259458
8511,bike,varying-ct,decaps,1515930
8512,bike,varying-ct,decaps,2063711
8513,bike,varying-ct,decaps,1460185
8514,bike,varying-ct,decaps,1316895
8515,bike,varying-ct,decaps,1496757
8516,bike,varying-ct,decaps,1263195
8517,bike,varying-ct,decaps,1510960
8518,bike,varying-ct,decaps,1414299
8519,bike,varying-ct,decaps,1282750
8520,bike,varying-ct,decaps,1239651
8521,bike,varying-ct,decaps,1251551
8522,bike,varying-ct,decaps,1899456
8523,bike,varying-ct,decaps,1653376
8524,bike,varying-ct,decaps,1315402
8525,bike,varying-ct,decaps,1308635
8526,bike,varying-ct,decaps,1574397
8527,bike,varying-ct,decaps,1347840
8528,bike,varying-ct,decaps,1249964
8529,bike,varying-ct,decaps,1260355
8530,bike,varying-ct,decaps,1518615
8531,bike,varying-ct,decaps,1578577
8532,bike,varying-ct,decaps,1897975
8533,bike,varying-ct,decaps,1861915
8534,bike,varying-ct,decaps,1322929
8535,bike,varying-ct,decaps,1297694
8536,bike,varying-ct,decaps,1374850
8537,bike,varying-ct,decaps,1609419
8538,bike,varying-ct,decaps,1411147
8539,bike,varying-ct,decaps,1249696
8540,bike,varying-ct,decaps,1249641
8541,bike,varying-ct,decaps,1353387
8542,bike,varying-ct,decaps,1345226
8543,bike,varying-ct,decaps,2054909
8544,bike,varying-ct,decaps,1610358
8545,bike,varying-ct,decaps,1397005
8546,bike,varying-ct,decaps,1382397
8547,bike,varying-ct,decaps,1579861
8548,bike,varying-ct,decaps,1330428
8549,bike,varying-ct,decaps,1248927
8550,bike,varying-ct,decaps,1535246
8551,bike,varying-ct,decaps,1246065
8552,bike,varying-ct,decaps,1273355
8553,bike,varying-ct,decaps,1301242
8554,bike,varying-ct,decaps,1642813
8555,bike,varying-ct,decaps,1872051
8556,bike,varying-ct,decaps,1557520
8557,bike,varying-ct,decaps,1442472
8558,bike,varying-ct,decaps,1565228
8559,bike,varying-ct,decaps,1263446
8560,bike,varying-ct,decaps,1279428
8561,bike,varying-ct,decaps,1282962
8562,bike,varying-ct,decaps,1379898
8563,bike,varying-ct,decaps,1524592
8564,bike,varying-ct,decaps,1310427
8565,bike,varying-ct,decaps,1253894
8566,bike,varying-ct,decaps,1275009
8567,bike,varying-ct,decaps,1314975
8568,bike,varying-ct,decaps,1518750
8569,bike,varying-ct,decaps,1490033
8570,bike,varying-ct,decaps,1352901
8571,bike,varying-ct,decaps,1470394
8572,bike,varying-ct,decaps,2282895
8573,bike,varying-ct,decaps,1735720
8574,bike,varying-ct,decaps,2165080
8575,bike,varying-ct,decaps,1512459
8576,bike,varying-ct,decaps,1404179
8577,bike,varying-ct,decaps,1414330
8578,bike,varying-ct,decaps,1299026
8579,bike,varying-ct,decaps,1255555
8580,bike,varying-ct,decaps,1365457
8581,bike,varying-ct,decaps,1549576
8582,bike,varying-ct,decaps,1333946
8583,bike,varying-ct,decaps,1264496
8584,bike,varying-ct,decaps,1249405
8585,bike,varying-ct,decaps,1252285
8586,bike,varying-ct,decaps,2069163
8587,bike,varying-ct,decaps,1749943
8588,bike,varying-ct,decaps,1491865
8589,bike,varying-ct,decaps,1595179
8590,bike,varying-ct,decaps,1523025
8591,bike,varying-ct,decaps,1499331
8592,bike,varying-ct,decaps,1454135
8593,bike,varying-ct,decaps,1326893
8594,bike,varying-ct,decaps,1390584
8595,bike,varying-ct,decaps,1719194
8596,bike,varying-ct,decaps,2004181
8597,bike,varying-ct,decaps,1801514
8598,bike,varying-ct,decaps,1289216
8599,bike,varying-ct,decaps,1836592
8600,bike,varying-ct,decaps,1266803
8601,bike,varying-ct,decaps,1249947
8602,bike,varying-ct,decaps,1313992
8603,bike,varying-ct,decaps,1541223
8604,bike,varying-ct,decaps,1636391
8605,bike,varying-ct,decaps,1241897
8606,bike,varying-ct,decaps,2163148
8607,bike,varying-ct,decaps,1857738
8608,bike,varying-ct,decaps,1413328
8609,bike,varying-ct,decaps,1579664
8610,bike,varying-ct,decaps,1307041
8611,bike,varying-ct,decaps,1282115
8612,bike,varying-ct,decaps,1435849
8613,bike,varying-ct,decaps,1261229
8614,bike,varying-ct,decaps,1264121
8615,bike,varying-ct,decaps,1362545
8616,bike,varying-ct,decaps,2300952
8617,bike,varying-ct,decaps,1944598
8618,bike,varying-ct,decaps,1449945
8619,bike,varying-ct,decaps,1561530
8620,bike,varying-ct,decaps,1281945
8621,bike,varying-ct,decaps,1388448
8622,bike,varying-ct,decaps,1267434
8623,bike,varying-ct,decaps,1232820
8624,bike,varying-ct,decaps,1272573
8625,bike,varying-ct,decaps,1497020
8626,bike,varying-ct,decaps,1576186
8627,bike,varying-ct,decaps,2084771
8628,bike,varying-ct,decaps,1803956
8629,bike,varying-ct,decaps,1622499
8630,bike,varying-ct,decaps,1443096
8631,bike,varying-ct,decaps,1338515
8632,bike,varying-ct,decaps,1359959
8633,bike,varying-ct,decaps,1225550
8634,bike,varying-ct,decaps,1261062
8635,bike,varying-ct,decaps,1492167
8636,bike,varying-ct,decaps,1244965
8637,bike,varying-ct,decaps,1896158
8638,bike,varying-ct,decaps,1807693
8639,bike,varying-ct,decaps,1654308
8640,bike,varying-ct,decaps,1252249
8641,bike,varying-ct,decaps,1355976
8642,bike,varying-ct,decaps,1540354
8643,bike,varying-ct,decaps,1907358
8644,bike,varying-ct,decaps,1385718
8645,bike,varying-ct,decaps,1298901
8646,bike,varying-ct,decaps,1212341
8647,bike,varying-ct,decaps,1650823
8648,bike,varying-ct,decaps,2093543
8649,bike,varying-ct,decaps,1561465
8650,bike,varying-ct,decaps,1404388
8651,bike,varying-ct,decaps,1266005
8652,bike,varying-ct,decaps,1261968
8653,bike,varying-ct,decaps,1188405
8654,bike,varying-ct,decaps,1229437
8655,bike,varying-ct,decaps,1255816
8656,bike,varying-ct,decaps,1348795
8657,bike,varying-ct,decaps,1427519
8658,bike,varying-ct,decaps,1972671
8659,bike,varying-ct,decaps,2006406
8660,bike,varying-ct,decaps,1459791
8661,bike,varying-ct,decaps,1335600
8662,bike,varying-ct,decaps,1277898
8663,bike,varying-ct,decaps,1221638
8664,bike,varying-ct,decaps,1188444
8665,bike,varying-ct,decaps,1328958
8666,bike,varying-ct,decaps,1189517
8667,bike,varying-ct,decaps,1321297
8668,bike,varying-ct,decaps,1262955
8669,bike,varying-ct,decaps,1743958
8670,bike,varying-ct,decaps,1824039
8671,bike,varying-ct,decaps,1502380
8672,bike,varying-ct,decaps,1243701
8673,bike,varying-ct,decaps,1250991
8674,bike,varying-ct,decaps,1189305
8675,bike,varying-ct,decaps,1188541
8676,bike,varying-ct,decaps,1240688
8677,bike,varying-ct,decaps,1188417
8678,bike,varying-ct,decaps,1217014
8679,bike,varying-ct,decaps,1285336
8680,bike,varying-ct,decaps,1475824
8681,bike,varying-ct,decaps,2069106
8682,bike,varying-ct,decaps,1366864
8683,bike,varying-ct,decaps,1477438
8684,bike,varying-ct,decaps,1245763
8685,bike,varying-ct,decaps,1189025
8686,bike,varying-ct,decaps,1189019
8687,bike,varying-ct,decaps,1276782
8688,bike,varying-ct,decaps,1188332
8689,bike,varying-ct,decaps,1226218
8690,bike,varying-ct,decaps,1227710
8691,bike,varying-ct,decaps,1141346
8692,bike,varying-ct,decaps,1562384
8693,bike,varying-ct,decaps,1870623
8694,bike,varying-ct,decaps,1512394
8695,bike,varying-ct,decaps,1268582
8696,bike,varying-ct,decaps,1196750
8697,bike,varying-ct,decaps,1188005
8698,bike,varying-ct,decaps,1511721
8699,bike,varying-ct,decaps,1330654
8700,bike,varying-ct,decaps,1188098
8701,bike,varying-ct,decaps,1259459
8702,bike,varying-ct,decaps,1139366
8703,bike,varying-ct,decaps,1340403
8704,bike,varying-ct,decaps,1846493
8705,bike,varying-ct,decaps,1463799
8706,bike,varying-ct,decaps,1323724
8707,bike,varying-ct,decaps,1199967
8708,bike,varying-ct,decaps,1197316
8709,bike,varying-ct,decaps,1198868
8710,bike,varying-ct,decaps,1188832
8711,bike,varying-ct,decaps,1189104
8712,bike,varying-ct,decaps,1205815
8713,bike,varying-ct,decaps,1251167
8714,bike,varying-ct,decaps,1226592
8715,bike,varying-ct,decaps,1412505
8716,bike,varying-ct,decaps,1777956
8717,bike,varying-ct,decaps,1452980
8718,bike,varying-ct,decaps,1261652
8719,bike,varying-ct,decaps,1190395
8720,bike,varying-ct,decaps,1327339
8721,bike,varying-ct,decaps,1251070
8722,bike,varying-ct,decaps,1189138
8723,bike,varying-ct,decaps,1204880
8724,bike,varying-ct,decaps,1223414
8725,bike,varying-ct,decaps,1159526
8726,bike,varying-ct,decaps,1135457
8727,bike,varying-ct,decaps,1622525
8728,bike,varying-ct,decaps,2154309
8729,bike,varying-ct,decaps,1397134
8730,bike,varying-ct,decaps,1492619
8731,bike,varying-ct,decaps,1481684
8732,bike,varying-ct,decaps,1290840
8733,bike,varying-ct,decaps,1252035
8734,bike,varying-ct,decaps,1303091
8735,bike,varying-ct,decaps,1192304
8736,bike,varying-ct,decaps,1196021
8737,bike,varying-ct,decaps,1294496
8738,bike,varying-ct,decaps,1581474
8739,bike,varying-ct,decaps,2095332
8740,bike,varying-ct,decaps,1565355
8741,bike,varying-ct,decaps,1437939
8742,bike,varying-ct,decaps,1270760
8743,bike,varying-ct,decaps,1189674
8744,bike,varying-ct,decaps,1189662
8745,bike,varying-ct,decaps,1242197
8746,bike,varying-ct,decaps,1189683
8747,bike,varying-ct,decaps,1216722
8748,bike,varying-ct,decaps,1235827
8749,bike,varying-ct,decaps,1294482
8750,bike,varying-ct,decaps,1963261
8751,bike,varying-ct,decaps,1626996
8752,bike,varying-ct,decaps,1522543
8753,bike,varying-ct,decaps,1276465
8754,bike,varying-ct,decaps,1354242
8755,bike,varying-ct,decaps,1189836
8756,bike,varying-ct,decaps,1234592
8757,bike,varying-ct,decaps,1189494
8758,bike,varying-ct,decaps,1213003
8759,bike,varying-ct,decaps,1227968
8760,bike,varying-ct,decaps,1139418
8761,bike,varying-ct,decaps,1969665
8762,bike,varying-ct,decaps,1803321
8763,bike,varying-ct,decaps,1523628
8764,bike,varying-ct,decaps,1705735
8765,bike,varying-ct,decaps,1504959
8766,bike,varying-ct,decaps,1270473
8767,bike,varying-ct,decaps,1261339
8768,bike,varying-ct,decaps,1219165
8769,bike,varying-ct,decaps,1358665
8770,bike,varying-ct,decaps,1296745
8771,bike,varying-ct,decaps,1429867
8772,bike,varying-ct,decaps,2140174
8773,bike,varying-ct,decaps,1336318
8774,bike,varying-ct,decaps,1568891
8775,bike,varying-ct,decaps,1307451
8776,bike,varying-ct,decaps,1230864
8777,bike,varying-ct,decaps,1436784
8778,bike,varying-ct,decaps,1188956
8779,bike,varying-ct,decaps,1188885
8780,bike,varying-ct,decaps,1286521
8781,bike,varying-ct,decaps,1500534
8782,bike,varying-ct,decaps,1646483
8783,bike,varying-ct,decaps,1792997
8784,bike,varying-ct,decaps,1478168
8785,bike,varying-ct,decaps,1534871
8786,bike,varying-ct,decaps,1267367
8787,bike,varying-ct,decaps,1249663
8788,bike,varying-ct,decaps,1212838
8789,bike,varying-ct,decaps,1190284
8790,bike,varying-ct,decaps,1253347
8791,bike,varying-ct,decaps,1364668
8792,bike,varying-ct,decaps,1376737
8793,bike,varying-ct,decaps,1382797
8794,bike,varying-ct,decaps,2155087
8795,bike,varying-ct,decaps,1507512
8796,bike,varying-ct,decaps,1574208
8797,bike,varying-ct,decaps,1321183
8798,bike,varying-ct,decaps,1338837
8799,bike,varying-ct,decaps,1189965
8800,bike,varying-ct,decaps,1189945
8801,bike,varying-ct,decaps,1242138
8802,bike,varying-ct,decaps,1203316
8803,bike,varying-ct,decaps,1219844
8804,bike,varying-ct,decaps,1195959
8805,bike,varying-ct,decaps,1819879
8806,bike,varying-ct,decaps,1859635
8807,bike,varying-ct,decaps,1571602
8808,bike,varying-ct,decaps,1252567
8809,bike,varying-ct,decaps,1424945
8810,bike,varying-ct,decaps,1189694
8811,bike,varying-ct,decaps,1189377
8812,bike,varying-ct,decaps,1370707
8813,bike,varying-ct,decaps,1170348
8814,bike,varying-ct,decaps,1181769
8815,bike,varying-ct,decaps,1148890
8816,bike,varying-ct,decaps,1506818
8817,bike,varying-ct,decaps,2280184
8818,bike,varying-ct,decaps,1302386
8819,bike,varying-ct,decaps,1501287
8820,bike,varying-ct,decaps,1276544
8821,bike,varying-ct,decaps,1191155
8822,bike,varying-ct,decaps,1245845
8823,bike,varying-ct,decaps,1331266
8824,bike,varying-ct,decaps,1209517
8825,bike,varying-ct,decaps,1320474
8826,bike,varying-ct,decaps,1265967
8827,bike,varying-ct,decaps,1477679
8828,bike,varying-ct,decaps,2262034
8829,bike,varying-ct,decaps,1406705
8830,bike,varying-ct,decaps,1766229
8831,bike,varying-ct,decaps,1335417
8832,bike,varying-ct,decaps,1540044
8833,bike,varying-ct,decaps,1545635
8834,bike,varying-ct,decaps,1262665
8835,bike,varying-ct,decaps,1306025
8836,bike,varying-ct,decaps,1406101
8837,bike,varying-ct,decaps,1517984
8838,bike,varying-ct,decaps,2071526
8839,bike,varying-ct,decaps,1345313
8840,bike,varying-ct,decaps,1455173
8841,bike,varying-ct,decaps,1341347
8842,bike,varying-ct,decaps,1251072
8843,bike,varying-ct,decaps,1315426
8844,bike,varying-ct,decaps,1282696
8845,bike,varying-ct,decaps,1187341
8846,bike,varying-ct,decaps,1305685
8847,bike,varying-ct,decaps,1258817
8848,bike,varying-ct,decaps,1427784
8849,bike,varying-ct,decaps,2083705
8850,bike,varying-ct,decaps,1424473
8851,bike,varying-ct,decaps,1534991
8852,bike,varying-ct,decaps,1341091
8853,bike,varying-ct,decaps,1296936
8854,bike,varying-ct,decaps,1187928
8855,bike,varying-ct,decaps,1187617
8856,bike,varying-ct,decaps,1231324
8857,bike,varying-ct,decaps,1211556
8858,bike,varying-ct,decaps,1250226
8859,bike,varying-ct,decaps,1223054
8860,bike,varying-ct,decaps,1853057
8861,bike,varying-ct,decaps,2012302
8862,bike,varying-ct,decaps,1281829
8863,bike,varying-ct,decaps,1713807
8864,bike,varying-ct,decaps,1282083
8865,bike,varying-ct,decaps,1188320
8866,bike,varying-ct,decaps,1188130
8867,bike,varying-ct,decaps,1600106
8868,bike,varying-ct,decaps,1211302
8869,bike,varying-ct,decaps,1270221
8870,bike,varying-ct,decaps,1293483
8871,bike,varying-ct,decaps,1961735
8872,bike,varying-ct,decaps,1612354
8873,bike,varying-ct,decaps,1568159
8874,bike,varying-ct,decaps,1432844
8875,bike,varying-ct,decaps,1362585
8876,bike,varying-ct,decaps,1250271
8877,bike,varying-ct,decaps,1268141
8878,bike,varying-ct,decaps,1229807
8879,bike,varying-ct,decaps,1203544
8880,bike,varying-ct,decaps,1353637
8881,bike,varying-ct,decaps,1446695
8882,bike,varying-ct,decaps,2142667
8883,bike,varying-ct,decaps,1361908
8884,bike,varying-ct,decaps,1564531
8885,bike,varying-ct,decaps,1343071
8886,bike,varying-ct,decaps,1249814
8887,bike,varying-ct,decaps,1279111
8888,bike,varying-ct,decaps,1262322
8889,bike,varying-ct,decaps,1250821
8890,bike,varying-ct,decaps,1187886
8891,bike,varying-ct,decaps,1421665
8892,bike,varying-ct,decaps,1325132
8893,bike,varying-ct,decaps,1911016
8894,bike,varying-ct,decaps,1639055
8895,bike,varying-ct,decaps,1574415
8896,bike,varying-ct,decaps,1343761
8897,bike,varying-ct,decaps,1249751
8898,bike,varying-ct,decaps,1263002
8899,bike,varying-ct,decaps,1242695
8900,bike,varying-ct,decaps,1391672
8901,bike,varying-ct,decaps,1243843
8902,bike,varying-ct,decaps,1293278
8903,bike,varying-ct,decaps,1248275
8904,bike,varying-ct,decaps,1326615
8905,bike,varying-ct,decaps,1835956
8906,bike,varying-ct,decaps,1710227
8907,bike,varying-ct,decaps,1264944
8908,bike,varying-ct,decaps,1358980
8909,bike,varying-ct,decaps,1310129
8910,bike,varying-ct,decaps,1261902
8911,bike,varying-ct,decaps,1189362
8912,bike,varying-ct,decaps,1242681
8913,bike,varying-ct,decaps,1340355
8914,bike,varying-ct,decaps,1194497
8915,bike,varying-ct,decaps,1810080
8916,bike,varying-ct,decaps,1804671
8917,bike,varying-ct,decaps,1431943
8918,bike,varying-ct,decaps,1273455
8919,bike,varying-ct,decaps,1321386
8920,bike,varying-ct,decaps,1271876
8921,bike,varying-ct,decaps,1282873
8922,bike,varying-ct,decaps,1190166
8923,bike,varying-ct,decaps,1240708
8924,bike,varying-ct,decaps,1333603
8925,bike,varying-ct,decaps,1468996
8926,bike,varying-ct,decaps,1507301
8927,bike,varying-ct,decaps,1811071
8928,bike,varying-ct,decaps,1417858
8929,bike,varying-ct,decaps,1316010
8930,bike,varying-ct,decaps,1380078
8931,bike,varying-ct,decaps,1324772
8932,bike,varying-ct,decaps,1269660
8933,bike,varying-ct,decaps,1249395
8934,bike,varying-ct,decaps,1272284
8935,bike,varying-ct,decaps,1211563
8936,bike,varying-ct,decaps,1191574
8937,bike,varying-ct,decaps,1252477
8938,bike,varying-ct,decaps,1617960
8939,bike,varying-ct,decaps,1721278
8940,bike,varying-ct,decaps,1383225
8941,bike,varying-ct,decaps,1269478
8942,bike,varying-ct,decaps,1343134
8943,bike,varying-ct,decaps,1223648
8944,bike,varying-ct,decaps,1223444
8945,bike,varying-ct,decaps,1305997
8946,bike,varying-ct,decaps,1233275
8947,bike,varying-ct,decaps,1219494
8948,bike,varying-ct,decaps,1239738
8949,bike,varying-ct,decaps,1346151
8950,bike,varying-ct,decaps,1752639
8951,bike,varying-ct,decaps,1307819
8952,bike,varying-ct,decaps,1215060
8953,bike,varying-ct,decaps,1259530
8954,bike,varying-ct,decaps,1447513
8955,bike,varying-ct,decaps,1442634
8956,bike,varying-ct,decaps,1251939
8957,bike,varying-ct,decaps,1226447
8958,bike,varying-ct,decaps,1222873
8959,bike,varying-ct,decaps,1265964
8960,bike,varying-ct,decaps,1136122
8961,bike,varying-ct,decaps,1479325
8962,bike,varying-ct,decaps,1848454
8963,bike,varying-ct,decaps,1342075
8964,bike,varying-ct,decaps,1291069
8965,bike,varying-ct,decaps,1299599
8966,bike,varying-ct,decaps,1189996
8967,bike,varying-ct,decaps,1287625
8968,bike,varying-ct,decaps,1188640
8969,bike,varying-ct,decaps,1188180
8970,bike,varying-ct,decaps,1249765
8971,bike,varying-ct,decaps,1254570
8972,bike,varying-ct,decaps,1254226
8973,bike,varying-ct,decaps,1929008
8974,bike,varying-ct,decaps,1729080
8975,bike,varying-ct,decaps,1651223
8976,bike,varying-ct,decaps,1441402
8977,bike,varying-ct,decaps,1233063
8978,bike,varying-ct,decaps,1273164
8979,bike,varying-ct,decaps,1233142
8980,bike,varying-ct,decaps,1188864
8981,bike,varying-ct,decaps,1253786
8982,bike,varying-ct,decaps,1224129
8983,bike,varying-ct,decaps,1138652
8984,bike,varying-ct,decaps,1697880
8985,bike,varying-ct,decaps,2189569
8986,bike,varying-ct,decaps,1556043
8987,bike,varying-ct,decaps,1467448
8988,bike,varying-ct,decaps,1277241
8989,bike,varying-ct,decaps,1252721
8990,bike,varying-ct,decaps,1188937
8991,bike,varying-ct,decaps,1294014
8992,bike,varying-ct,decaps,1499056
8993,bike,varying-ct,decaps,1694458
8994,bike,varying-ct,decaps,1810925
8995,bike,varying-ct,decaps,1656935
8996,bike,varying-ct,decaps,1360884
8997,bike,varying-ct,decaps,1329480
8998,bike,varying-ct,decaps,1416610
8999,bike,varying-ct,decaps,1268217
9000,bike,varying-ct,decaps,1266536
9001,bike,varying-ct,decaps,1229075
9002,bike,varying-ct,decaps,1197297
9003,bike,varying-ct,decaps,1189838
9004,bike,varying-ct,decaps,1218935
9005,bike,varying-ct,decaps,1243757
9006,bike,varying-ct,decaps,1751239
9007,bike,varying-ct,decaps,1694222
9008,bike,varying-ct,decaps,1410606
9009,bike,varying-ct,decaps,1238478
9010,bike,varying-ct,decaps,1349469
9011,bike,varying-ct,decaps,1301553
9012,bike,varying-ct,decaps,1293746
9013,bike,varying-ct,decaps,1277089
9014,bike,varying-ct,decaps,1224401
9015,bike,varying-ct,decaps,1221895
9016,bike,varying-ct,decaps,1241659
9017,bike,varying-ct,decaps,1540579
9018,bike,varying-ct,decaps,1824798
9019,bike,varying-ct,decaps,1327970
9020,bike,varying-ct,decaps,1270031
9021,bike,varying-ct,decaps,1338708
9022,bike,varying-ct,decaps,1249158
9023,bike,varying-ct,decaps,1248953
9024,bike,varying-ct,decaps,1252901
9025,bike,varying-ct,decaps,1235840
9026,bike,varying-ct,decaps,1357172
9027,bike,varying-ct,decaps,1256356
9028,bike,varying-ct,decaps,1194915
9029,bike,varying-ct,decaps,1773986
9030,bike,varying-ct,decaps,1569811
9031,bike,varying-ct,decaps,1303858
9032,bike,varying-ct,decaps,1282583
9033,bike,varying-ct,decaps,1319319
9034,bike,varying-ct,decaps,1260081
9035,bike,varying-ct,decaps,1259988
9036,bike,varying-ct,decaps,1423531
9037,bike,varying-ct,decaps,1233532
9038,bike,varying-ct,decaps,1240248
9039,bike,varying-ct,decaps,1230941
9040,bike,varying-ct,decaps,1622698
9041,bike,varying-ct,decaps,1827579
9042,bike,varying-ct,decaps,1381950
9043,bike,varying-ct,decaps,1330480
9044,bike,varying-ct,decaps,1341842
9045,bike,varying-ct,decaps,1266055
9046,bike,varying-ct,decaps,1264761
9047,bike,varying-ct,decaps,1253120
9048,bike,varying-ct,decaps,1224723
9049,bike,varying-ct,decaps,1236889
9050,bike,varying-ct,decaps,1194045
9051,bike,varying-ct,decaps,1195829
9052,bike,varying-ct,decaps,1804205
9053,bike,varying-ct,decaps,1515543
9054,bike,varying-ct,decaps,1347047
9055,bike,varying-ct,decaps,1251041
9056,bike,varying-ct,decaps,1330143
9057,bike,varying-ct,decaps,1260660
9058,bike,varying-ct,decaps,1248892
9059,bike,varying-ct,decaps,1204736
9060,bike,varying-ct,decaps,1196195
9061,bike,varying-ct,decaps,1216168
9062,bike,varying-ct,decaps,1190510
9063,bike,varying-ct,decaps,1453448
9064,bike,varying-ct,decaps,1758988
9065,bike,varying-ct,decaps,1565817
9066,bike,varying-ct,decaps,1279113
9067,bike,varying-ct,decaps,1305109
9068,bike,varying-ct,decaps,1369223
9069,bike,varying-ct,decaps,1256828
9070,bike,varying-ct,decaps,1246978
9071,bike,varying-ct,decaps,1260450
9072,bike,varying-ct,decaps,1189590
9073,bike,varying-ct,decaps,1214974
9074,bike,varying-ct,decaps,1249436
9075,bike,varying-ct,decaps,1540495
9076,bike,varying-ct,decaps,1873443
9077,bike,varying-ct,decaps,1348411
9078,bike,varying-ct,decaps,1303454
9079,bike,varying-ct,decaps,1370605
9080,bike,varying-ct,decaps,1218638
9081,bike,varying-ct,decaps,1188715
9082,bike,varying-ct,decaps,1315773
9083,bike,varying-ct,decaps,1234724
9084,bike,varying-ct,decaps,1276620
9085,bike,varying-ct,decaps,1243321
9086,bike,varying-ct,decaps,1287332
9087,bike,varying-ct,decaps,1711019
9088,bike,varying-ct,decaps,1571778
9089,bike,varying-ct,decaps,1293474
9090,bike,varying-ct,decaps,1268206
9091,bike,varying-ct,decaps,1320913
9092,bike,varying-ct,decaps,1271063
9093,bike,varying-ct,decaps,1264572
9094,bike,varying-ct,decaps,1189167
9095,bike,varying-ct,decaps,1189763
9096,bike,varying-ct,decaps,1410302
9097,bike,varying-ct,decaps,1175191
9098,bike,varying-ct,decaps,1587304
9099,bike,varying-ct,decaps,1794897
9100,bike,varying-ct,decaps,1280548
9101,bike,varying-ct,decaps,1320001
9102,bike,varying-ct,decaps,1359251
9103,bike,varying-ct,decaps,1249567
9104,bike,varying-ct,decaps,1258055
9105,bike,varying-ct,decaps,1189429
9106,bike,varying-ct,decaps,1189827
9107,bike,varying-ct,decaps,1248775
9108,bike,varying-ct,decaps,1159748
9109,bike,varying-ct,decaps,1196710
9110,bike,varying-ct,decaps,1739942
9111,bike,varying-ct,decaps,1711281
9112,bike,varying-ct,decaps,1327331
9113,bike,varying-ct,decaps,1250667
9114,bike,varying-ct,decaps,1314812
9115,bike,varying-ct,decaps,1375125
9116,bike,varying-ct,decaps,1383042
9117,bike,varying-ct,decaps,1704323
9118,bike,varying-ct,decaps,1689825
9119,bike,varying-ct,decaps,1402335
9120,bike,varying-ct,decaps,1880155
9121,bike,varying-ct,decaps,2162830
9122,bike,varying-ct,decaps,1929271
9123,bike,varying-ct,decaps,1688775
9124,bike,varying-ct,decaps,1334517
9125,bike,varying-ct,decaps,1370902
9126,bike,varying-ct,decaps,1309995
9127,bike,varying-ct,decaps,1398177
9128,bike,varying-ct,decaps,1381124
9129,bike,varying-ct,decaps,1398179
9130,bike,varying-ct,decaps,1822694
9131,bike,varying-ct,decaps,2239136
9132,bike,varying-ct,decaps,2155288
9133,bike,varying-ct,decaps,1396790
9134,bike,varying-ct,decaps,1388279
9135,bike,varying-ct,decaps,1316988
9136,bike,varying-ct,decaps,1327173
9137,bike,varying-ct,decaps,1296462
9138,bike,varying-ct,decaps,1284723
9139,bike,varying-ct,decaps,1299031
9140,bike,varying-ct,decaps,1621895
9141,bike,varying-ct,decaps,2048825
9142,bike,varying-ct,decaps,1333242
9143,bike,varying-ct,decaps,1321312
9144,bike,varying-ct,decaps,1387290
9145,bike,varying-ct,decaps,1249125
9146,bike,varying-ct,decaps,1431531
9147,bike,varying-ct,decaps,1476656
9148,bike,varying-ct,decaps,1485035
9149,bike,varying-ct,decaps,1379389
9150,bike,varying-ct,decaps,1251770
9151,bike,varying-ct,decaps,1671359
9152,bike,varying-ct,decaps,1970277
9153,bike,varying-ct,decaps,1312006
9154,bike,varying-ct,decaps,1319915
9155,bike,varying-ct,decaps,1387942
9156,bike,varying-ct,decaps,1248172
9157,bike,varying-ct,decaps,1301500
9158,bike,varying-ct,decaps,1422001
9159,bike,varying-ct,decaps,1252953
9160,bike,varying-ct,decaps,1340867
9161,bike,varying-ct,decaps,1365022
9162,bike,varying-ct,decaps,1721672
9163,bike,varying-ct,decaps,2026047
9164,bike,varying-ct,decaps,1314685
9165,bike,varying-ct,decaps,1312624
9166,bike,varying-ct,decaps,1349752
9167,bike,varying-ct,decaps,1262242
9168,bike,varying-ct,decaps,1250159
9169,bike,varying-ct,decaps,1253320
9170,bike,varying-ct,decaps,1263424
9171,bike,varying-ct,decaps,1267269
9172,bike,varying-ct,decaps,2150923
9173,bike,varying-ct,decaps,2965737
9174,bike,varying-ct,decaps,2699648
9175,bike,varying-ct,decaps,1675852
9176,bike,varying-ct,decaps,1466049
9177,bike,varying-ct,decaps,1389477
9178,bike,varying-ct,decaps,1482062
9179,bike,varying-ct,decaps,1380657
9180,bike,varying-ct,decaps,1320906
9181,bike,varying-ct,decaps,1556670
9182,bike,varying-ct,decaps,1913391
9183,bike,varying-ct,decaps,1604205
9184,bike,varying-ct,decaps,1736298
9185,bike,varying-ct,decaps,1582422
9186,bike,varying-ct,decaps,1314825
9187,bike,varying-ct,decaps,1314395
9188,bike,varying-ct,decaps,1322910
9189,bike,varying-ct,decaps,1308613
9190,bike,varying-ct,decaps,1384002
9191,bike,varying-ct,decaps,1321602
9192,bike,varying-ct,decaps,1828407
9193,bike,varying-ct,decaps,1957037
9194,bike,varying-ct,decaps,1445149
9195,bike,varying-ct,decaps,1480523
9196,bike,varying-ct,decaps,1356467
9197,bike,varying-ct,decaps,1364769
9198,bike,varying-ct,decaps,1328921
9199,bike,varying-ct,decaps,1314327
9200,bike,varying-ct,decaps,1347643
9201,bike,varying-ct,decaps,1305624
9202,bike,varying-ct,decaps,1672293
9203,bike,varying-ct,decaps,1870003
9204,bike,varying-ct,decaps,1558593
9205,bike,varying-ct,decaps,1393744
9206,bike,varying-ct,decaps,1418996
9207,bike,varying-ct,decaps,1314337
9208,bike,varying-ct,decaps,1314358
9209,bike,varying-ct,decaps,1340061
9210,bike,varying-ct,decaps,1596627
9211,bike,varying-ct,decaps,1370179
9212,bike,varying-ct,decaps,1250644
9213,bike,varying-ct,decaps,2055583
9214,bike,varying-ct,decaps,2285027
9215,bike,varying-ct,decaps,2205179
9216,bike,varying-ct,decaps,1627960
9217,bike,varying-ct,decaps,1317131
9218,bike,varying-ct,decaps,1447104
9219,bike,varying-ct,decaps,1561276
9220,bike,varying-ct,decaps,1362081
9221,bike,varying-ct,decaps,1339104
9222,bike,varying-ct,decaps,1348426
9223,bike,varying-ct,decaps,1424968
9224,bike,varying-ct,decaps,1366938
9225,bike,varying-ct,decaps,1378012
9226,bike,varying-ct,decaps,1373350
9227,bike,varying-ct,decaps,1329294
9228,bike,varying-ct,decaps,1918612
9229,bike,varying-ct,decaps,2542181
9230,bike,varying-ct,decaps,2249923
9231,bike,varying-ct,decaps,2425425
9232,bike,varying-ct,decaps,1953129
9233,bike,varying-ct,decaps,1318186
9234,bike,varying-ct,decaps,1354069
9235,bike,varying-ct,decaps,1316919
9236,bike,varying-ct,decaps,1295453
9237,bike,varying-ct,decaps,1249994
9238,bike,varying-ct,decaps,1233936
9239,bike,varying-ct,decaps,1189969
9240,bike,varying-ct,decaps,1209526
9241,bike,varying-ct,decaps,1189853
9242,bike,varying-ct,decaps,1194169
9243,bike,varying-ct,decaps,1785793
9244,bike,varying-ct,decaps,2246189
9245,bike,varying-ct,decaps,1993217
9246,bike,varying-ct,decaps,1746606
9247,bike,varying-ct,decaps,1274419
9248,bike,varying-ct,decaps,1249237
9249,bike,varying-ct,decaps,1265045
9250,bike,varying-ct,decaps,1265190
9251,bike,varying-ct,decaps,1361743
9252,bike,varying-ct,decaps,1307399
9253,bike,varying-ct,decaps,1763133
9254,bike,varying-ct,decaps,2302338
9255,bike,varying-ct,decaps,1758883
9256,bike,varying-ct,decaps,1318824
9257,bike,varying-ct,decaps,1248828
9258,bike,varying-ct,decaps,1229705
9259,bike,varying-ct,decaps,1600063
9260,bike,varying-ct,decaps,1213312
9261,bike,varying-ct,decaps,1190098
9262,bike,varying-ct,decaps,1246308
9263,bike,varying-ct,decaps,1621971
9264,bike,varying-ct,decaps,2451887
9265,bike,varying-ct,decaps,1796722
9266,bike,varying-ct,decaps,1253755
9267,bike,varying-ct,decaps,1233358
9268,bike,varying-ct,decaps,1214930
9269,bike,varying-ct,decaps,1239214
9270,bike,varying-ct,decaps,1728534
9271,bike,varying-ct,decaps,1225990
9272,bike,varying-ct,decaps,1255427
9273,bike,varying-ct,decaps,1391698
9274,bike,varying-ct,decaps,2016202
9275,bike,varying-ct,decaps,1968242
9276,bike,varying-ct,decaps,1639978
9277,bike,varying-ct,decaps,1558124
9278,bike,varying-ct,decaps,1264262
9279,bike,varying-ct,decaps,1246218
9280,bike,varying-ct,decaps,1189328
9281,bike,varying-ct,decaps,1189381
9282,bike,varying-ct,decaps,1290196
9283,bike,varying-ct,decaps,1200092
9284,bike,varying-ct,decaps,1709417
9285,bike,varying-ct,decaps,2291357
9286,bike,varying-ct,decaps,1953557
9287,bike,varying-ct,decaps,1284837
9288,bike,varying-ct,decaps,1223588
9289,bike,varying-ct,decaps,1327109
9290,bike,varying-ct,decaps,1190518
9291,bike,varying-ct,decaps,1175002
9292,bike,varying-ct,decaps,1190603
9293,bike,varying-ct,decaps,1136593
9294,bike,varying-ct,decaps,1136645
9295,bike,varying-ct,decaps,1483144
9296,bike,varying-ct,decaps,2381066
9297,bike,varying-ct,decaps,2245074
9298,bike,varying-ct,decaps,1193626
9299,bike,varying-ct,decaps,1189414
9300,bike,varying-ct,decaps,1244605
9301,bike,varying-ct,decaps,1196929
9302,bike,varying-ct,decaps,1134739
9303,bike,varying-ct,decaps,1235102
9304,bike,varying-ct,decaps,1137207
9305,bike,varying-ct,decaps,1137411
9306,bike,varying-ct,decaps,1583837
9307,bike,varying-ct,decaps,2091257
9308,bike,varying-ct,decaps,2171798
9309,bike,varying-ct,decaps,1426925
9310,bike,varying-ct,decaps,1248853
9311,bike,varying-ct,decaps,1190275
9312,bike,varying-ct,decaps,1179981
9313,bike,varying-ct,decaps,1134417
9314,bike,varying-ct,decaps,1202261
9315,bike,varying-ct,decaps,2322886
9316,bike,varying-ct,decaps,2173221
9317,bike,varying-ct,decaps,2306925
9318,bike,varying-ct,decaps,1869959
9319,bike,varying-ct,decaps,1317175
9320,bike,varying-ct,decaps,1272496
9321,bike,varying-ct,decaps,1188448
9322,bike,varying-ct,decaps,1187978
9323,bike,varying-ct,decaps,1276738
9324,bike,varying-ct,decaps,1279332
9325,bike,varying-ct,decaps,1136333
9326,bike,varying-ct,decaps,1198935
9327,bike,varying-ct,decaps,2231966
9328,bike,varying-ct,decaps,2201239
9329,bike,varying-ct,decaps,2061362
9330,bike,varying-ct,decaps,1469770
9331,bike,varying-ct,decaps,1190737
9332,bike,varying-ct,decaps,1238524
9333,bike,varying-ct,decaps,1345713
9334,bike,varying-ct,decaps,1241807
9335,bike,varying-ct,decaps,1419734
9336,bike,varying-ct,decaps,1266898
9337,bike,varying-ct,decaps,1865877
9338,bike,varying-ct,decaps,2420389
9339,bike,varying-ct,decaps,2040387
9340,bike,varying-ct,decaps,2116552
9341,bike,varying-ct,decaps,2337981
9342,bike,varying-ct,decaps,2185267
9343,bike,varying-ct,decaps,2280292
9344,bike,varying-ct,decaps,2203283
9345,bike,varying-ct,decaps,2327810
9346,bike,varying-ct,decaps,2181309
9347,bike,varying-ct,decaps,2165763
9348,bike,varying-ct,decaps,2327705
9349,bike,varying-ct,decaps,2288241
9350,bike,varying-ct,decaps,2402660
9351,bike,varying-ct,decaps,2445206
9352,bike,varying-ct,decaps,2422839
9353,bike,varying-ct,decaps,2441794
9354,bike,varying-ct,decaps,2421157
9355,bike,varying-ct,decaps,2401644
9356,bike,varying-ct,decaps,2322118
9357,bike,varying-ct,decaps,2331249
9358,bike,varying-ct,decaps,2262785
9359,bike,varying-ct,decaps,2267740
9360,bike,varying-ct,decaps,2367212
9361,bike,varying-ct,decaps,2374205
9362,bike,varying-ct,decaps,2278931
9363,bike,varying-ct,decaps,2400726
9364,bike,varying-ct,decaps,2400675
9365,bike,varying-ct,decaps,2341020
9366,bike,varying-ct,decaps,2340159
9367,bike,varying-ct,decaps,2320064
9368,bike,varying-ct,decaps,2335169
9369,bike,varying-ct,decaps,2258876
9370,bike,varying-ct,decaps,2307708
9371,bike,varying-ct,decaps,2321372
9372,bike,varying-ct,decaps,2278872
9373,bike,varying-ct,decaps,2311670
9374,bike,varying-ct,decaps,2302896
9375,bike,varying-ct,decaps,2413513
9376,bike,varying-ct,decaps,2422123
9377,bike,varying-ct,decaps,2398653
9378,bike,varying-ct,decaps,2434342
9379,bike,varying-ct,decaps,2489141
9380,bike,varying-ct,decaps,2384121
9381,bike,varying-ct,decaps,2426960
9382,bike,varying-ct,decaps,2363099
9383,bike,varying-ct,decaps,2425833
9384,bike,varying-ct,decaps,2284338
9385,bike,varying-ct,decaps,2264798
9386,bike,varying-ct,decaps,2307794
9387,bike,varying-ct,decaps,2239157
9388,bike,varying-ct,decaps,2409958
9389,bike,varying-ct,decaps,2446787
9390,bike,varying-ct,decaps,2415518
9391,bike,varying-ct,decaps,2451257
9392,bike,varying-ct,decaps,2265614
9393,bike,varying-ct,decaps,2173341
9394,bike,varying-ct,decaps,2069397
9395,bike,varying-ct,decaps,1979934
9396,bike,varying-ct,decaps,2427418
9397,bike,varying-ct,decaps,2167984
9398,bike,varying-ct,decaps,2384917
9399,bike,varying-ct,decaps,2158295
9400,bike,varying-ct,decaps,2110491
9401,bike,varying-ct,decaps,2318738
9402,bike,varying-ct,decaps,2141595
9403,bike,varying-ct,decaps,2130445
9404,bike,varying-ct,decaps,2163079
9405,bike,varying-ct,decaps,2272905
9406,bike,varying-ct,decaps,2414897
9407,bike,varying-ct,decaps,2485912
9408,bike,varying-ct,decaps,2169239
9409,bike,varying-ct,decaps,2185706
9410,bike,varying-ct,decaps,2367215
9411,bike,varying-ct,decaps,2456268
9412,bike,varying-ct,decaps,2313426
9413,bike,varying-ct,decaps,2346832
9414,bike,varying-ct,decaps,2299099
9415,bike,varying-ct,decaps,2238350
9416,bike,varying-ct,decaps,2416457
9417,bike,varying-ct,decaps,2483049
9418,bike,varying-ct,decaps,2552247
9419,bike,varying-ct,decaps,2307926
9420,bike,varying-ct,decaps,2051599
9421,bike,varying-ct,decaps,2336908
9422,bike,varying-ct,decaps,1891442
9423,bike,varying-ct,decaps,2271875
9424,bike,varying-ct,decaps,2539026
9425,bike,varying-ct,decaps,2540459
9426,bike,varying-ct,decaps,2174526
9427,bike,varying-ct,decaps,2243579
9428,bike,varying-ct,decaps,2478388
9429,bike,varying-ct,decaps,2354053
9430,bike,varying-ct,decaps,2087059
9431,bike,varying-ct,decaps,2096504
9432,bike,varying-ct,decaps,2328041
9433,bike,varying-ct,decaps,2148844
9434,bike,varying-ct,decaps,1994187
9435,bike,varying-ct,decaps,1995886
9436,bike,varying-ct,decaps,2534232
9437,bike,varying-ct,decaps,2245074
9438,bike,varying-ct,decaps,2456891
9439,bike,varying-ct,decaps,2296860
9440,bike,varying-ct,decaps,2058750
9441,bike,varying-ct,decaps,2033191
9442,bike,varying-ct,decaps,2092390
9443,bike,varying-ct,decaps,1981752
9444,bike,varying-ct,decaps,2623174
9445,bike,varying-ct,decaps,2178321
9446,bike,varying-ct,decaps,2203667
9447,bike,varying-ct,decaps,2119973
9448,bike,varying-ct,decaps,1476675
9449,bike,varying-ct,decaps,1574086
9450,bike,varying-ct,decaps,1487216
9451,bike,varying-ct,decaps,1487902
9452,bike,varying-ct,decaps,1626825
9453,bike,varying-ct,decaps,1489219
9454,bike,varying-ct,decaps,1444482
9455,bike,varying-ct,decaps,1937511
9456,bike,varying-ct,decaps,2050269
9457,bike,varying-ct,decaps,1408428
9458,bike,varying-ct,decaps,1474657
9459,bike,varying-ct,decaps,1415945
9460,bike,varying-ct,decaps,1390180
9461,bike,varying-ct,decaps,1412859
9462,bike,varying-ct,decaps,1627620
9463,bike,varying-ct,decaps,1482414
9464,bike,varying-ct,decaps,1455194
9465,bike,varying-ct,decaps,1979489
9466,bike,varying-ct,decaps,2045450
9467,bike,varying-ct,decaps,1396238
9468,bike,varying-ct,decaps,1497766
9469,bike,varying-ct,decaps,1396560
9470,bike,varying-ct,decaps,1386952
9471,bike,varying-ct,decaps,1416889
9472,bike,varying-ct,decaps,1386580
9473,bike,varying-ct,decaps,1480238
9474,bike,varying-ct,decaps,1344840
9475,bike,varying-ct,decaps,1894503
9476,bike,varying-ct,decaps,1938339
9477,bike,varying-ct,decaps,1279047
9478,bike,varying-ct,decaps,1343748
9479,bike,varying-ct,decaps,1365871
9480,bike,varying-ct,decaps,1313451
9481,bike,varying-ct,decaps,1330369
9482,bike,varying-ct,decaps,1757553
9483,bike,varying-ct,decaps,1334555
9484,bike,varying-ct,decaps,1410742
9485,bike,varying-ct,decaps,1727989
9486,bike,varying-ct,decaps,2140146
9487,bike,varying-ct,decaps,2328531
9488,bike,varying-ct,decaps,1740699
9489,bike,varying-ct,decaps,2075132
9490,bike,varying-ct,decaps,2378567
9491,bike,varying-ct,decaps,2491083
9492,bike,varying-ct,decaps,1500971
9493,bike,varying-ct,decaps,1520809
9494,bike,varying-ct,decaps,2248938
9495,bike,varying-ct,decaps,1399915
9496,bike,varying-ct,decaps,1251279
9497,bike,varying-ct,decaps,1253586
9498,bike,varying-ct,decaps,1272315
9499,bike,varying-ct,decaps,1263463
9500,bike,varying-ct,decaps,1264968
9501,bike,varying-ct,decaps,1306152
9502,bike,varying-ct,decaps,1411586
9503,bike,varying-ct,decaps,1327328
9504,bike,varying-ct,decaps,1512466
9505,bike,varying-ct,decaps,2098978
9506,bike,varying-ct,decaps,1705862
9507,bike,varying-ct,decaps,1256274
9508,bike,varying-ct,decaps,1310896
9509,bike,varying-ct,decaps,1249632
9510,bike,varying-ct,decaps,1288980
9511,bike,varying-ct,decaps,1296886
9512,bike,varying-ct,decaps,1265940
9513,bike,varying-ct,decaps,1290600
9514,bike,varying-ct,decaps,1259961
9515,bike,varying-ct,decaps,1424112
9516,bike,varying-ct,decaps,1977089
9517,bike,varying-ct,decaps,1485961
9518,bike,varying-ct,decaps,1524214
9519,bike,varying-ct,decaps,1281119
9520,bike,varying-ct,decaps,1277225
9521,bike,varying-ct,decaps,1247807
9522,bike,varying-ct,decaps,1254332
9523,bike,varying-ct,decaps,1255826
9524,bike,varying-ct,decaps,1324103
9525,bike,varying-ct,decaps,1241830
9526,bike,varying-ct,decaps,1274911
9527,bike,varying-ct,decaps,2091690
9528,bike,varying-ct,decaps,2090773
9529,bike,varying-ct,decaps,1466036
9530,bike,varying-ct,decaps,1190500
9531,bike,varying-ct,decaps,1189917
9532,bike,varying-ct,decaps,1224594
9533,bike,varying-ct,decaps,1188753
9534,bike,varying-ct,decaps,1188373
9535,bike,varying-ct,decaps,1274339
9536,bike,varying-ct,decaps,1165306
9537,bike,varying-ct,decaps,1371297
9538,bike,varying-ct,decaps,2241914
9539,bike,varying-ct,decaps,2097449
9540,bike,varying-ct,decaps,1607628
9541,bike,varying-ct,decaps,1190386
9542,bike,varying-ct,decaps,1187649
9543,bike,varying-ct,decaps,1283198
9544,bike,varying-ct,decaps,1188984
9545,bike,varying-ct,decaps,1188868
9546,bike,varying-ct,decaps,1322967
9547,bike,varying-ct,decaps,1136476
9548,bike,varying-ct,decaps,1880543
9549,bike,varying-ct,decaps,2239737
9550,bike,varying-ct,decaps,2353588
9551,bike,varying-ct,decaps,1355036
9552,bike,varying-ct,decaps,1258082
9553,bike,varying-ct,decaps,2278405
9554,bike,varying-ct,decaps,1238096
9555,bike,varying-ct,decaps,1399054
9556,bike,varying-ct,decaps,1647461
9557,bike,varying-ct,decaps,2110343
9558,bike,varying-ct,decaps,2416200
9559,bike,varying-ct,decaps,2201953
9560,bike,varying-ct,decaps,1571675
9561,bike,varying-ct,decaps,1263641
9562,bike,varying-ct,decaps,1248691
9563,bike,varying-ct,decaps,1280763
9564,bike,varying-ct,decaps,1248624
9565,bike,varying-ct,decaps,1445274
9566,bike,varying-ct,decaps,1306179
9567,bike,varying-ct,decaps,1817199
9568,bike,varying-ct,decaps,2339169
9569,bike,varying-ct,decaps,1800801
9570,bike,varying-ct,decaps,1267607
9571,bike,varying-ct,decaps,1250030
9572,bike,varying-ct,decaps,1274780
9573,bike,varying-ct,decaps,1265912
9574,bike,varying-ct,decaps,1309215
9575,bike,varying-ct,decaps,1425465
9576,bike,varying-ct,decaps,1265851
9577,bike,varying-ct,decaps,1543696
9578,bike,varying-ct,decaps,2226272
9579,bike,varying-ct,decaps,2002437
9580,bike,varying-ct,decaps,2374370
9581,bike,varying-ct,decaps,1597451
9582,bike,varying-ct,decaps,1280765
9583,bike,varying-ct,decaps,1189357
9584,bike,varying-ct,decaps,1188891
9585,bike,varying-ct,decaps,1229592
9586,bike,varying-ct,decaps,1204009
9587,bike,varying-ct,decaps,1676205
9588,bike,varying-ct,decaps,2168268
9589,bike,varying-ct,decaps,1756780
9590,bike,varying-ct,decaps,1174854
9591,bike,varying-ct,decaps,1142046
9592,bike,varying-ct,decaps,1156988
9593,bike,varying-ct,decaps,1229892
9594,bike,varying-ct,decaps,1245547
9595,bike,varying-ct,decaps,1128349
9596,bike,varying-ct,decaps,1172705
9597,bike,varying-ct,decaps,1086347
9598,bike,varying-ct,decaps,1124231
9599,bike,varying-ct,decaps,1896173
9600,bike,varying-ct,decaps,2196461
9601,bike,varying-ct,decaps,1486008
9602,bike,varying-ct,decaps,1171887
9603,bike,varying-ct,decaps,1107393
9604,bike,varying-ct,decaps,1231645
9605,bike,varying-ct,decaps,1105969
9606,bike,varying-ct,decaps,1084771
9607,bike,varying-ct,decaps,1101762
9608,bike,varying-ct,decaps,1315920
9609,bike,varying-ct,decaps,1086356
9610,bike,varying-ct,decaps,1364621
9611,bike,varying-ct,decaps,2276846
9612,bike,varying-ct,decaps,1823798
9613,bike,varying-ct,decaps,1362654
9614,bike,varying-ct,decaps,1135763
9615,bike,varying-ct,decaps,1208527
9616,bike,varying-ct,decaps,1086206
9617,bike,varying-ct,decaps,1131078
9618,bike,varying-ct,decaps,1085933
9619,bike,varying-ct,decaps,1190100
9620,bike,varying-ct,decaps,1124202
9621,bike,varying-ct,decaps,1089558
9622,bike,varying-ct,decaps,1756243
9623,bike,varying-ct,decaps,2434671
9624,bike,varying-ct,decaps,1685827
9625,bike,varying-ct,decaps,1137496
9626,bike,varying-ct,decaps,1170081
9627,bike,varying-ct,decaps,1192619
9628,bike,varying-ct,decaps,1191283
9629,bike,varying-ct,decaps,1142437
9630,bike,varying-ct,decaps,1325236
9631,bike,varying-ct,decaps,1326593
9632,bike,varying-ct,decaps,1166308
9633,bike,varying-ct,decaps,1641928
9634,bike,varying-ct,decaps,2234737
9635,bike,varying-ct,decaps,1710688
9636,bike,varying-ct,decaps,1138597
9637,bike,varying-ct,decaps,1218423
9638,bike,varying-ct,decaps,1120368
9639,bike,varying-ct,decaps,1085997
9640,bike,varying-ct,decaps,1154030
9641,bike,varying-ct,decaps,1132973
9642,bike,varying-ct,decaps,1594367
9643,bike,varying-ct,decaps,1361596
9644,bike,varying-ct,decaps,1619984
9645,bike,varying-ct,decaps,2236602
9646,bike,varying-ct,decaps,1804954
9647,bike,varying-ct,decaps,1140003
9648,bike,varying-ct,decaps,1196660
9649,bike,varying-ct,decaps,1085876
9650,bike,varying-ct,decaps,1084953
9651,bike,varying-ct,decaps,1139679
9652,bike,varying-ct,decaps,1085087
9653,bike,varying-ct,decaps,1127995
9654,bike,varying-ct,decaps,1353378
9655,bike,varying-ct,decaps,1120477
9656,bike,varying-ct,decaps,1638327
9657,bike,varying-ct,decaps,2143578
9658,bike,varying-ct,decaps,1726720
9659,bike,varying-ct,decaps,1239543
9660,bike,varying-ct,decaps,1086993
9661,bike,varying-ct,decaps,1085588
9662,bike,varying-ct,decaps,1149045
9663,bike,varying-ct,decaps,1085370
9664,bike,varying-ct,decaps,1398370
9665,bike,varying-ct,decaps,1203790
9666,bike,varying-ct,decaps,1137038
9667,bike,varying-ct,decaps,1208365
9668,bike,varying-ct,decaps,2053455
9669,bike,varying-ct,decaps,2058574
9670,bike,varying-ct,decaps,1393127
9671,bike,varying-ct,decaps,1138563
9672,bike,varying-ct,decaps,1087282
9673,bike,varying-ct,decaps,1185936
9674,bike,varying-ct,decaps,1105867
9675,bike,varying-ct,decaps,1128119
9676,bike,varying-ct,decaps,1309970
9677,bike,varying-ct,decaps,1921016
9678,bike,varying-ct,decaps,1154774
9679,bike,varying-ct,decaps,1988978
9680,bike,varying-ct,decaps,1991070
9681,bike,varying-ct,decaps,1861487
9682,bike,varying-ct,decaps,1246310
9683,bike,varying-ct,decaps,1269431
9684,bike,varying-ct,decaps,1124308
9685,bike,varying-ct,decaps,1126175
9686,bike,varying-ct,decaps,1207547
9687,bike,varying-ct,decaps,1171132
9688,bike,varying-ct,decaps,1277646
9689,bike,varying-ct,decaps,1158353
9690,bike,varying-ct,decaps,1688962
9691,bike,varying-ct,decaps,2123934
9692,bike,varying-ct,decaps,1839002
9693,bike,varying-ct,decaps,1898627
9694,bike,varying-ct,decaps,1333798
9695,bike,varying-ct,decaps,1139306
9696,bike,varying-ct,decaps,1226339
9697,bike,varying-ct,decaps,1184923
9698,bike,varying-ct,decaps,1367813
9699,bike,varying-ct,decaps,1155656
9700,bike,varying-ct,decaps,1582608
9701,bike,varying-ct,decaps,2398468
9702,bike,varying-ct,decaps,1691805
9703,bike,varying-ct,decaps,1259617
9704,bike,varying-ct,decaps,1185061
9705,bike,varying-ct,decaps,1085287
9706,bike,varying-ct,decaps,1085161
9707,bike,varying-ct,decaps,1143947
9708,bike,varying-ct,decaps,1203909
9709,bike,varying-ct,decaps,1769958
9710,bike,varying-ct,decaps,1231556
9711,bike,varying-ct,decaps,1519129
9712,bike,varying-ct,decaps,2212057
9713,bike,varying-ct,decaps,1788880
9714,bike,varying-ct,decaps,1191103
9715,bike,varying-ct,decaps,1151859
9716,bike,varying-ct,decaps,1136001
9717,bike,varying-ct,decaps,1132623
9718,bike,varying-ct,decaps,1355492
9719,bike,varying-ct,decaps,1128008
9720,bike,varying-ct,decaps,1161752
9721,bike,varying-ct,decaps,1169296
9722,bike,varying-ct,decaps,1411365
9723,bike,varying-ct,decaps,2129142
9724,bike,varying-ct,decaps,1991715
9725,bike,varying-ct,decaps,1852350
9726,bike,varying-ct,decaps,2001918
9727,bike,varying-ct,decaps,2039923
9728,bike,varying-ct,decaps,2028164
9729,bike,varying-ct,decaps,2132741
9730,bike,varying-ct,decaps,2488106
9731,bike,varying-ct,decaps,2152887
9732,bike,varying-ct,decaps,1951275
9733,bike,varying-ct,decaps,1818663
9734,bike,varying-ct,decaps,2158162
9735,bike,varying-ct,decaps,2102555
9736,bike,varying-ct,decaps,2159720
9737,bike,varying-ct,decaps,2429948
9738,bike,varying-ct,decaps,2438779
9739,bike,varying-ct,decaps,2182611
9740,bike,varying-ct,decaps,1967665
9741,bike,varying-ct,decaps,1383785
9742,bike,varying-ct,decaps,1360709
9743,bike,varying-ct,decaps,1188945
9744,bike,varying-ct,decaps,1252817
9745,bike,varying-ct,decaps,1172324
9746,bike,varying-ct,decaps,1135017
9747,bike,varying-ct,decaps,1487862
9748,bike,varying-ct,decaps,1912562
9749,bike,varying-ct,decaps,1831343
9750,bike,varying-ct,decaps,1506422
9751,bike,varying-ct,decaps,1338398
9752,bike,varying-ct,decaps,1171800
9753,bike,varying-ct,decaps,1143779
9754,bike,varying-ct,decaps,1085701
9755,bike,varying-ct,decaps,1441436
9756,bike,varying-ct,decaps,1282315
9757,bike,varying-ct,decaps,1087303
9758,bike,varying-ct,decaps,1185697
9759,bike,varying-ct,decaps,1821700
9760,bike,varying-ct,decaps,2130420
9761,bike,varying-ct,decaps,1539094
9762,bike,varying-ct,decaps,1138602
9763,bike,varying-ct,decaps,1214583
9764,bike,varying-ct,decaps,1101125
9765,bike,varying-ct,decaps,1085471
9766,bike,varying-ct,decaps,1271457
9767,bike,varying-ct,decaps,1087194
9768,bike,varying-ct,decaps,1507911
9769,bike,varying-ct,decaps,1201095
9770,bike,varying-ct,decaps,1760156
9771,bike,varying-ct,decaps,2089266
9772,bike,varying-ct,decaps,1741065
9773,bike,varying-ct,decaps,1191269
9774,bike,varying-ct,decaps,1164266
9775,bike,varying-ct,decaps,1086280
9776,bike,varying-ct,decaps,1107827
9777,bike,varying-ct,decaps,1239338
9778,bike,varying-ct,decaps,1585051
9779,bike,varying-ct,decaps,1829192
9780,bike,varying-ct,decaps,1116175
9781,bike,varying-ct,decaps,1487549
9782,bike,varying-ct,decaps,2245759
9783,bike,varying-ct,decaps,1850185
9784,bike,varying-ct,decaps,1311802
9785,bike,varying-ct,decaps,1161605
9786,bike,varying-ct,decaps,1193633
9787,bike,varying-ct,decaps,1444727
9788,bike,varying-ct,decaps,1533412
9789,bike,varying-ct,decaps,1494275
9790,bike,varying-ct,decaps,1202459
9791,bike,varying-ct,decaps,1198083
9792,bike,varying-ct,decaps,1292863
9793,bike,varying-ct,decaps,1275833
9794,bike,varying-ct,decaps,1428526
9795,bike,varying-ct,decaps,1387460
9796,bike,varying-ct,decaps,1418935
9797,bike,varying-ct,decaps,2359649
9798,bike,varying-ct,decaps,2892537
9799,bike,varying-ct,decaps,1532897
9800,bike,varying-ct,decaps,1362028
9801,bike,varying-ct,decaps,1324192
9802,bike,varying-ct,decaps,1266767
9803,bike,varying-ct,decaps,1267337
9804,bike,varying-ct,decaps,1372438
9805,bike,varying-ct,decaps,1307969
9806,bike,varying-ct,decaps,1384860
9807,bike,varying-ct,decaps,1327404
9808,bike,varying-ct,decaps,1308339
9809,bike,varying-ct,decaps,1374221
9810,bike,varying-ct,decaps,1361520
9811,bike,varying-ct,decaps,1331996
9812,bike,varying-ct,decaps,1348023
9813,bike,varying-ct,decaps,1323728
9814,bike,varying-ct,decaps,1376482
9815,bike,varying-ct,decaps,1461034
9816,bike,varying-ct,decaps,1379345
9817,bike,varying-ct,decaps,1381997
9818,bike,varying-ct,decaps,1330809
9819,bike,varying-ct,decaps,1314958
9820,bike,varying-ct,decaps,1371547
9821,bike,varying-ct,decaps,1356635
9822,bike,varying-ct,decaps,1299020
9823,bike,varying-ct,decaps,1459077
9824,bike,varying-ct,decaps,1524041
9825,bike,varying-ct,decaps,1887757
9826,bike,varying-ct,decaps,1361994
9827,bike,varying-ct,decaps,1355316
9828,bike,varying-ct,decaps,1405081
9829,bike,varying-ct,decaps,1379940
9830,bike,varying-ct,decaps,1314677
9831,bike,varying-ct,decaps,1336574
9832,bike,varying-ct,decaps,1279052
9833,bike,varying-ct,decaps,1333202
9834,bike,varying-ct,decaps,1379110
9835,bike,varying-ct,decaps,1443683
9836,bike,varying-ct,decaps,1313198
9837,bike,varying-ct,decaps,1261861
9838,bike,varying-ct,decaps,1252481
9839,bike,varying-ct,decaps,1264034
9840,bike,varying-ct,decaps,1231643
9841,bike,varying-ct,decaps,1475356
9842,bike,varying-ct,decaps,1762713
9843,bike,varying-ct,decaps,1422475
9844,bike,varying-ct,decaps,1745436
9845,bike,varying-ct,decaps,1336564
9846,bike,varying-ct,decaps,1947434
9847,bike,varying-ct,decaps,1805499
9848,bike,varying-ct,decaps,1652255
9849,bike,varying-ct,decaps,1364919
9850,bike,varying-ct,decaps,1249641
9851,bike,varying-ct,decaps,1264464
9852,bike,varying-ct,decaps,1307516
9853,bike,varying-ct,decaps,1214269
9854,bike,varying-ct,decaps,1236814
9855,bike,varying-ct,decaps,1325583
9856,bike,varying-ct,decaps,1195018
9857,bike,varying-ct,decaps,1843975
9858,bike,varying-ct,decaps,1765647
9859,bike,varying-ct,decaps,1670379
9860,bike,varying-ct,decaps,1366544
9861,bike,varying-ct,decaps,1249344
9862,bike,varying-ct,decaps,1220664
9863,bike,varying-ct,decaps,1207355
9864,bike,varying-ct,decaps,1189653
9865,bike,varying-ct,decaps,1226445
9866,bike,varying-ct,decaps,1401877
9867,bike,varying-ct,decaps,1192744
9868,bike,varying-ct,decaps,1779159
9869,bike,varying-ct,decaps,1850558
9870,bike,varying-ct,decaps,1302988
9871,bike,varying-ct,decaps,1196118
9872,bike,varying-ct,decaps,1236867
9873,bike,varying-ct,decaps,1264457
9874,bike,varying-ct,decaps,1469641
9875,bike,varying-ct,decaps,1188890
9876,bike,varying-ct,decaps,1286259
9877,bike,varying-ct,decaps,1230145
9878,bike,varying-ct,decaps,1172209
9879,bike,varying-ct,decaps,1407065
9880,bike,varying-ct,decaps,1798006
9881,bike,varying-ct,decaps,1418194
9882,bike,varying-ct,decaps,1859424
9883,bike,varying-ct,decaps,1192402
9884,bike,varying-ct,decaps,1247368
9885,bike,varying-ct,decaps,1189177
9886,bike,varying-ct,decaps,1235382
9887,bike,varying-ct,decaps,1262658
9888,bike,varying-ct,decaps,1399114
9889,bike,varying-ct,decaps,1291574
9890,bike,varying-ct,decaps,1301555
9891,bike,varying-ct,decaps,1787895
9892,bike,varying-ct,decaps,1762134
9893,bike,varying-ct,decaps,1215418
9894,bike,varying-ct,decaps,1195801
9895,bike,varying-ct,decaps,1248936
9896,bike,varying-ct,decaps,1194850
9897,bike,varying-ct,decaps,1202847
9898,bike,varying-ct,decaps,1248661
9899,bike,varying-ct,decaps,1266223
9900,bike,varying-ct,decaps,1598557
9901,bike,varying-ct,decaps,1725055
9902,bike,varying-ct,decaps,1981652
9903,bike,varying-ct,decaps,1680063
9904,bike,varying-ct,decaps,1457701
9905,bike,varying-ct,decaps,1444353
9906,bike,varying-ct,decaps,1243372
9907,bike,varying-ct,decaps,1189180
9908,bike,varying-ct,decaps,1200052
9909,bike,varying-ct,decaps,1501099
9910,bike,varying-ct,decaps,1340895
9911,bike,varying-ct,decaps,1285200
9912,bike,varying-ct,decaps,1332139
9913,bike,varying-ct,decaps,1841089
9914,bike,varying-ct,decaps,1643180
9915,bike,varying-ct,decaps,1280770
9916,bike,varying-ct,decaps,1356298
9917,bike,varying-ct,decaps,1230524
9918,bike,varying-ct,decaps,1189641
9919,bike,varying-ct,decaps,1196993
9920,bike,varying-ct,decaps,1189883
9921,bike,varying-ct,decaps,1177573
9922,bike,varying-ct,decaps,1181642
9923,bike,varying-ct,decaps,1185548
9924,bike,varying-ct,decaps,1426450
9925,bike,varying-ct,decaps,1842118
9926,bike,varying-ct,decaps,1433323
9927,bike,varying-ct,decaps,1326628
9928,bike,varying-ct,decaps,1255412
9929,bike,varying-ct,decaps,1191839
9930,bike,varying-ct,decaps,1227584
9931,bike,varying-ct,decaps,1224926
9932,bike,varying-ct,decaps,1189356
9933,bike,varying-ct,decaps,1175009
9934,bike,varying-ct,decaps,1188519
9935,bike,varying-ct,decaps,1198997
9936,bike,varying-ct,decaps,1479418
9937,bike,varying-ct,decaps,1913693
9938,bike,varying-ct,decaps,1332592
9939,bike,varying-ct,decaps,1288303
9940,bike,varying-ct,decaps,1197345
9941,bike,varying-ct,decaps,1189117
9942,bike,varying-ct,decaps,1275553
9943,bike,varying-ct,decaps,1358571
9944,bike,varying-ct,decaps,1209559
9945,bike,varying-ct,decaps,1255652
9946,bike,varying-ct,decaps,1232342
9947,bike,varying-ct,decaps,1117692
9948,bike,varying-ct,decaps,1752336
9949,bike,varying-ct,decaps,1496566
9950,bike,varying-ct,decaps,1294861
9951,bike,varying-ct,decaps,1200612
9952,bike,varying-ct,decaps,1202817
9953,bike,varying-ct,decaps,1243005
9954,bike,varying-ct,decaps,1196831
9955,bike,varying-ct,decaps,1176476
9956,bike,varying-ct,decaps,1170809
9957,bike,varying-ct,decaps,1288488
9958,bike,varying-ct,decaps,1262666
9959,bike,varying-ct,decaps,1138681
9960,bike,varying-ct,decaps,1747730
9961,bike,varying-ct,decaps,1656868
9962,bike,varying-ct,decaps,1339301
9963,bike,varying-ct,decaps,1213747
9964,bike,varying-ct,decaps,1200734
9965,bike,varying-ct,decaps,1274192
9966,bike,varying-ct,decaps,1284730
9967,bike,varying-ct,decaps,1189507
9968,bike,varying-ct,decaps,1249105
9969,bike,varying-ct,decaps,1159693
9970,bike,varying-ct,decaps,1170013
9971,bike,varying-ct,decaps,1367786
9972,bike,varying-ct,decaps,1779092
9973,bike,varying-ct,decaps,1825395
9974,bike,varying-ct,decaps,1221209
9975,bike,varying-ct,decaps,1193804
9976,bike,varying-ct,decaps,1253013
9977,bike,varying-ct,decaps,1189445
9978,bike,varying-ct,decaps,1189030
9979,bike,varying-ct,decaps,1239632
9980,bike,varying-ct,decaps,1365369
9981,bike,varying-ct,decaps,1194635
9982,bike,varying-ct,decaps,1213782
9983,bike,varying-ct,decaps,1367400
9984,bike,varying-ct,decaps,1936574
9985,bike,varying-ct,decaps,1453456
9986,bike,varying-ct,decaps,1397324
9987,bike,varying-ct,decaps,1249078
9988,bike,varying-ct,decaps,1190302
9989,bike,varying-ct,decaps,1188522
9990,bike,varying-ct,decaps,1247429
9991,bike,varying-ct,decaps,1188125
9992,bike,varying-ct,decaps,1168591
9993,bike,varying-ct,decaps,1213829
9994,bike,varying-ct,decaps,1116662
9995,bike,varying-ct,decaps,1632870
9996,bike,varying-ct,decaps,1953037
9997,bike,varying-ct,decaps,1473670
9998,bike,varying-ct,decaps,1264556
9999,bike,varying-ct,decaps,1196240
10000,bike,varying-ct,decaps,1317096
