iteration,mode,input,op,elapsed_ns
1,bike,fixed,decaps,801716
2,bike,fixed,decaps,757070
3,bike,fixed,decaps,783225
4,bike,fixed,decaps,757365
5,bike,fixed,decaps,764335
6,bike,fixed,decaps,787270
7,bike,fixed,decaps,757247
8,bike,fixed,decaps,790424
9,bike,fixed,decaps,756462
10,bike,fixed,decaps,768022
11,bike,fixed,decaps,757157
12,bike,fixed,decaps,791954
13,bike,fixed,decaps,854358
14,bike,fixed,decaps,876185
15,bike,fixed,decaps,806322
16,bike,fixed,decaps,790053
17,bike,fixed,decaps,756835
18,bike,fixed,decaps,756987
19,bike,fixed,decaps,756776
20,bike,fixed,decaps,785395
21,bike,fixed,decaps,780788
22,bike,fixed,decaps,780504
23,bike,fixed,decaps,801037
24,bike,fixed,decaps,762134
25,bike,fixed,decaps,764543
26,bike,fixed,decaps,757649
27,bike,fixed,decaps,780637
28,bike,fixed,decaps,831649
29,bike,fixed,decaps,843843
30,bike,fixed,decaps,815504
31,bike,fixed,decaps,763399
32,bike,fixed,decaps,780839
33,bike,fixed,decaps,792202
34,bike,fixed,decaps,856629
35,bike,fixed,decaps,893112
36,bike,fixed,decaps,801897
37,bike,fixed,decaps,758352
38,bike,fixed,decaps,757158
39,bike,fixed,decaps,756932
40,bike,fixed,decaps,781734
41,bike,fixed,decaps,758503
42,bike,fixed,decaps,756691
43,bike,fixed,decaps,757109
44,bike,fixed,decaps,757188
45,bike,fixed,decaps,779255
46,bike,fixed,decaps,887616
47,bike,fixed,decaps,757571
48,bike,fixed,decaps,780541
49,bike,fixed,decaps,809170
50,bike,fixed,decaps,806742
51,bike,fixed,decaps,814044
52,bike,fixed,decaps,802078
53,bike,fixed,decaps,793766
54,bike,fixed,decaps,801429
55,bike,fixed,decaps,831044
56,bike,fixed,decaps,857809
57,bike,fixed,decaps,859555
58,bike,fixed,decaps,945368
59,bike,fixed,decaps,893227
60,bike,fixed,decaps,848121
61,bike,fixed,decaps,756891
62,bike,fixed,decaps,756852
63,bike,fixed,decaps,756750
64,bike,fixed,decaps,805556
65,bike,fixed,decaps,804170
66,bike,fixed,decaps,798065
67,bike,fixed,decaps,734835
68,bike,fixed,decaps,769372
69,bike,fixed,decaps,756786
70,bike,fixed,decaps,764902
71,bike,fixed,decaps,758106
72,bike,fixed,decaps,790534
73,bike,fixed,decaps,757136
74,bike,fixed,decaps,784151
75,bike,fixed,decaps,870796
76,bike,fixed,decaps,852668
77,bike,fixed,decaps,902772
78,bike,fixed,decaps,776775
79,bike,fixed,decaps,761035
80,bike,fixed,decaps,791636
81,bike,fixed,decaps,782146
82,bike,fixed,decaps,771881
83,bike,fixed,decaps,779537
84,bike,fixed,decaps,758053
85,bike,fixed,decaps,756229
86,bike,fixed,decaps,768297
87,bike,fixed,decaps,756523
88,bike,fixed,decaps,756573
89,bike,fixed,decaps,756182
90,bike,fixed,decaps,756910
91,bike,fixed,decaps,796177
92,bike,fixed,decaps,756583
93,bike,fixed,decaps,756534
94,bike,fixed,decaps,756516
95,bike,fixed,decaps,756396
96,bike,fixed,decaps,798662
97,bike,fixed,decaps,860685
98,bike,fixed,decaps,843155
99,bike,fixed,decaps,831493
100,bike,fixed,decaps,756921
101,bike,fixed,decaps,796659
102,bike,fixed,decaps,780698
103,bike,fixed,decaps,804821
104,bike,fixed,decaps,781157
105,bike,fixed,decaps,764136
106,bike,fixed,decaps,792801
107,bike,fixed,decaps,758504
108,bike,fixed,decaps,757086
109,bike,fixed,decaps,777525
110,bike,fixed,decaps,757071
111,bike,fixed,decaps,787025
112,bike,fixed,decaps,821091
113,bike,fixed,decaps,782260
114,bike,fixed,decaps,770254
115,bike,fixed,decaps,763782
116,bike,fixed,decaps,761535
117,bike,fixed,decaps,762217
118,bike,fixed,decaps,823627
119,bike,fixed,decaps,897551
120,bike,fixed,decaps,813984
121,bike,fixed,decaps,773646
122,bike,fixed,decaps,773242
123,bike,fixed,decaps,780495
124,bike,fixed,decaps,777165
125,bike,fixed,decaps,818295
126,bike,fixed,decaps,795880
127,bike,fixed,decaps,802609
128,bike,fixed,decaps,780496
129,bike,fixed,decaps,783488
130,bike,fixed,decaps,737255
131,bike,fixed,decaps,782130
132,bike,fixed,decaps,780895
133,bike,fixed,decaps,816991
134,bike,fixed,decaps,791299
135,bike,fixed,decaps,757187
136,bike,fixed,decaps,757639
137,bike,fixed,decaps,763263
138,bike,fixed,decaps,757806
139,bike,fixed,decaps,827992
140,bike,fixed,decaps,929704
141,bike,fixed,decaps,826893
142,bike,fixed,decaps,798738
143,bike,fixed,decaps,857861
144,bike,fixed,decaps,983181
145,bike,fixed,decaps,1063630
146,bike,fixed,decaps,858073
147,bike,fixed,decaps,787107
148,bike,fixed,decaps,783700
149,bike,fixed,decaps,785985
150,bike,fixed,decaps,759361
151,bike,fixed,decaps,771453
152,bike,fixed,decaps,879846
153,bike,fixed,decaps,782251
154,bike,fixed,decaps,791895
155,bike,fixed,decaps,756629
156,bike,fixed,decaps,768055
157,bike,fixed,decaps,781380
158,bike,fixed,decaps,840527
159,bike,fixed,decaps,968859
160,bike,fixed,decaps,1053646
161,bike,fixed,decaps,777578
162,bike,fixed,decaps,827847
163,bike,fixed,decaps,772410
164,bike,fixed,decaps,756919
165,bike,fixed,decaps,769036
166,bike,fixed,decaps,756766
167,bike,fixed,decaps,756144
168,bike,fixed,decaps,756357
169,bike,fixed,decaps,756447
170,bike,fixed,decaps,759141
171,bike,fixed,decaps,761705
172,bike,fixed,decaps,756519
173,bike,fixed,decaps,758518
174,bike,fixed,decaps,791360
175,bike,fixed,decaps,757410
176,bike,fixed,decaps,794351
177,bike,fixed,decaps,758228
178,bike,fixed,decaps,756556
179,bike,fixed,decaps,757193
180,bike,fixed,decaps,831674
181,bike,fixed,decaps,955875
182,bike,fixed,decaps,794109
183,bike,fixed,decaps,764228
184,bike,fixed,decaps,1055636
185,bike,fixed,decaps,1073479
186,bike,fixed,decaps,780911
187,bike,fixed,decaps,780677
188,bike,fixed,decaps,780479
189,bike,fixed,decaps,780894
190,bike,fixed,decaps,790931
191,bike,fixed,decaps,740826
192,bike,fixed,decaps,769561
193,bike,fixed,decaps,756412
194,bike,fixed,decaps,788360
195,bike,fixed,decaps,761133
196,bike,fixed,decaps,757663
197,bike,fixed,decaps,756190
198,bike,fixed,decaps,756648
199,bike,fixed,decaps,785767
200,bike,fixed,decaps,796482
201,bike,fixed,decaps,878599
202,bike,fixed,decaps,871019
203,bike,fixed,decaps,770306
204,bike,fixed,decaps,785609
205,bike,fixed,decaps,791358
206,bike,fixed,decaps,781499
207,bike,fixed,decaps,804538
208,bike,fixed,decaps,776966
209,bike,fixed,decaps,795850
210,bike,fixed,decaps,756950
211,bike,fixed,decaps,767093
212,bike,fixed,decaps,756505
213,bike,fixed,decaps,756172
214,bike,fixed,decaps,756500
215,bike,fixed,decaps,756775
216,bike,fixed,decaps,792942
217,bike,fixed,decaps,756977
218,bike,fixed,decaps,756084
219,bike,fixed,decaps,756511
220,bike,fixed,decaps,756409
221,bike,fixed,decaps,795902
222,bike,fixed,decaps,795347
223,bike,fixed,decaps,909172
224,bike,fixed,decaps,802850
225,bike,fixed,decaps,787407
226,bike,fixed,decaps,767794
227,bike,fixed,decaps,757104
228,bike,fixed,decaps,757314
229,bike,fixed,decaps,756548
230,bike,fixed,decaps,756997
231,bike,fixed,decaps,763400
232,bike,fixed,decaps,756247
233,bike,fixed,decaps,756873
234,bike,fixed,decaps,785258
235,bike,fixed,decaps,757506
236,bike,fixed,decaps,794377
237,bike,fixed,decaps,757676
238,bike,fixed,decaps,790842
239,bike,fixed,decaps,756666
240,bike,fixed,decaps,756865
241,bike,fixed,decaps,757012
242,bike,fixed,decaps,760830
243,bike,fixed,decaps,810100
244,bike,fixed,decaps,862130
245,bike,fixed,decaps,829674
246,bike,fixed,decaps,804029
247,bike,fixed,decaps,767942
248,bike,fixed,decaps,757444
249,bike,fixed,decaps,756782
250,bike,fixed,decaps,757285
251,bike,fixed,decaps,784600
252,bike,fixed,decaps,766055
253,bike,fixed,decaps,758258
254,bike,fixed,decaps,757546
255,bike,fixed,decaps,757474
256,bike,fixed,decaps,791634
257,bike,fixed,decaps,785681
258,bike,fixed,decaps,823115
259,bike,fixed,decaps,781452
260,bike,fixed,decaps,789278
261,bike,fixed,decaps,735250
262,bike,fixed,decaps,739260
263,bike,fixed,decaps,741501
264,bike,fixed,decaps,806070
265,bike,fixed,decaps,859155
266,bike,fixed,decaps,869704
267,bike,fixed,decaps,807645
268,bike,fixed,decaps,789452
269,bike,fixed,decaps,756384
270,bike,fixed,decaps,756970
271,bike,fixed,decaps,763581
272,bike,fixed,decaps,765356
273,bike,fixed,decaps,770051
274,bike,fixed,decaps,780628
275,bike,fixed,decaps,777387
276,bike,fixed,decaps,766464
277,bike,fixed,decaps,790877
278,bike,fixed,decaps,757799
279,bike,fixed,decaps,757333
280,bike,fixed,decaps,790461
281,bike,fixed,decaps,772014
282,bike,fixed,decaps,780170
283,bike,fixed,decaps,795359
284,bike,fixed,decaps,756958
285,bike,fixed,decaps,762512
286,bike,fixed,decaps,836961
287,bike,fixed,decaps,945138
288,bike,fixed,decaps,799729
289,bike,fixed,decaps,759335
290,bike,fixed,decaps,757379
291,bike,fixed,decaps,779838
292,bike,fixed,decaps,802956
293,bike,fixed,decaps,758096
294,bike,fixed,decaps,756889
295,bike,fixed,decaps,757022
296,bike,fixed,decaps,757013
297,bike,fixed,decaps,757163
298,bike,fixed,decaps,765272
299,bike,fixed,decaps,790552
300,bike,fixed,decaps,756448
301,bike,fixed,decaps,756741
302,bike,fixed,decaps,788617
303,bike,fixed,decaps,832343
304,bike,fixed,decaps,839019
305,bike,fixed,decaps,939267
306,bike,fixed,decaps,770895
307,bike,fixed,decaps,841900
308,bike,fixed,decaps,973144
309,bike,fixed,decaps,770375
310,bike,fixed,decaps,759889
311,bike,fixed,decaps,759771
312,bike,fixed,decaps,757268
313,bike,fixed,decaps,804449
314,bike,fixed,decaps,776625
315,bike,fixed,decaps,756755
316,bike,fixed,decaps,756855
317,bike,fixed,decaps,756635
318,bike,fixed,decaps,766407
319,bike,fixed,decaps,757148
320,bike,fixed,decaps,756760
321,bike,fixed,decaps,757178
322,bike,fixed,decaps,788713
323,bike,fixed,decaps,765584
324,bike,fixed,decaps,757559
325,bike,fixed,decaps,757012
326,bike,fixed,decaps,757156
327,bike,fixed,decaps,757012
328,bike,fixed,decaps,830439
329,bike,fixed,decaps,912561
330,bike,fixed,decaps,804830
331,bike,fixed,decaps,741530
332,bike,fixed,decaps,773694
333,bike,fixed,decaps,787935
334,bike,fixed,decaps,792935
335,bike,fixed,decaps,756690
336,bike,fixed,decaps,756541
337,bike,fixed,decaps,757270
338,bike,fixed,decaps,760783
339,bike,fixed,decaps,756458
340,bike,fixed,decaps,756578
341,bike,fixed,decaps,756548
342,bike,fixed,decaps,756460
343,bike,fixed,decaps,757178
344,bike,fixed,decaps,793821
345,bike,fixed,decaps,756918
346,bike,fixed,decaps,756611
347,bike,fixed,decaps,757050
348,bike,fixed,decaps,757212
349,bike,fixed,decaps,808311
350,bike,fixed,decaps,889548
351,bike,fixed,decaps,811427
352,bike,fixed,decaps,802730
353,bike,fixed,decaps,757663
354,bike,fixed,decaps,805292
355,bike,fixed,decaps,782937
356,bike,fixed,decaps,787488
357,bike,fixed,decaps,757900
358,bike,fixed,decaps,757020
359,bike,fixed,decaps,765661
360,bike,fixed,decaps,758378
361,bike,fixed,decaps,757159
362,bike,fixed,decaps,759886
363,bike,fixed,decaps,766247
364,bike,fixed,decaps,771723
365,bike,fixed,decaps,797162
366,bike,fixed,decaps,757068
367,bike,fixed,decaps,760623
368,bike,fixed,decaps,760785
369,bike,fixed,decaps,765704
370,bike,fixed,decaps,759122
371,bike,fixed,decaps,821632
372,bike,fixed,decaps,949534
373,bike,fixed,decaps,802479
374,bike,fixed,decaps,776135
375,bike,fixed,decaps,759928
376,bike,fixed,decaps,757072
377,bike,fixed,decaps,789117
378,bike,fixed,decaps,782780
379,bike,fixed,decaps,760876
380,bike,fixed,decaps,789185
381,bike,fixed,decaps,758191
382,bike,fixed,decaps,756808
383,bike,fixed,decaps,756678
384,bike,fixed,decaps,756449
385,bike,fixed,decaps,763841
386,bike,fixed,decaps,790517
387,bike,fixed,decaps,756534
388,bike,fixed,decaps,756332
389,bike,fixed,decaps,756507
390,bike,fixed,decaps,759997
391,bike,fixed,decaps,756316
392,bike,fixed,decaps,827568
393,bike,fixed,decaps,889141
394,bike,fixed,decaps,870502
395,bike,fixed,decaps,918154
396,bike,fixed,decaps,1076417
397,bike,fixed,decaps,758436
398,bike,fixed,decaps,757450
399,bike,fixed,decaps,769819
400,bike,fixed,decaps,756996
401,bike,fixed,decaps,757281
402,bike,fixed,decaps,757136
403,bike,fixed,decaps,775799
404,bike,fixed,decaps,779936
405,bike,fixed,decaps,814117
406,bike,fixed,decaps,758420
407,bike,fixed,decaps,773449
408,bike,fixed,decaps,804628
409,bike,fixed,decaps,780100
410,bike,fixed,decaps,786285
411,bike,fixed,decaps,757088
412,bike,fixed,decaps,757655
413,bike,fixed,decaps,860818
414,bike,fixed,decaps,848079
415,bike,fixed,decaps,842540
416,bike,fixed,decaps,769663
417,bike,fixed,decaps,756375
418,bike,fixed,decaps,773147
419,bike,fixed,decaps,780265
420,bike,fixed,decaps,782536
421,bike,fixed,decaps,756625
422,bike,fixed,decaps,756347
423,bike,fixed,decaps,756431
424,bike,fixed,decaps,756238
425,bike,fixed,decaps,763438
426,bike,fixed,decaps,756799
427,bike,fixed,decaps,802946
428,bike,fixed,decaps,758350
429,bike,fixed,decaps,788660
430,bike,fixed,decaps,767937
431,bike,fixed,decaps,786210
432,bike,fixed,decaps,757200
433,bike,fixed,decaps,790213
434,bike,fixed,decaps,797235
435,bike,fixed,decaps,904638
436,bike,fixed,decaps,834136
437,bike,fixed,decaps,796380
438,bike,fixed,decaps,827701
439,bike,fixed,decaps,780958
440,bike,fixed,decaps,791056
441,bike,fixed,decaps,757021
442,bike,fixed,decaps,756469
443,bike,fixed,decaps,756638
444,bike,fixed,decaps,789281
445,bike,fixed,decaps,887172
446,bike,fixed,decaps,775686
447,bike,fixed,decaps,757336
448,bike,fixed,decaps,756643
449,bike,fixed,decaps,756628
450,bike,fixed,decaps,767344
451,bike,fixed,decaps,757904
452,bike,fixed,decaps,756430
453,bike,fixed,decaps,756201
454,bike,fixed,decaps,756188
455,bike,fixed,decaps,805426
456,bike,fixed,decaps,834700
457,bike,fixed,decaps,793841
458,bike,fixed,decaps,788824
459,bike,fixed,decaps,777510
460,bike,fixed,decaps,780856
461,bike,fixed,decaps,790899
462,bike,fixed,decaps,777241
463,bike,fixed,decaps,757913
464,bike,fixed,decaps,777589
465,bike,fixed,decaps,756634
466,bike,fixed,decaps,765178
467,bike,fixed,decaps,756727
468,bike,fixed,decaps,756536
469,bike,fixed,decaps,756710
470,bike,fixed,decaps,756084
471,bike,fixed,decaps,798152
472,bike,fixed,decaps,773219
473,bike,fixed,decaps,739917
474,bike,fixed,decaps,768289
475,bike,fixed,decaps,756891
476,bike,fixed,decaps,768303
477,bike,fixed,decaps,808450
478,bike,fixed,decaps,922413
479,bike,fixed,decaps,805506
480,bike,fixed,decaps,766774
481,bike,fixed,decaps,766977
482,bike,fixed,decaps,786778
483,bike,fixed,decaps,757425
484,bike,fixed,decaps,756631
485,bike,fixed,decaps,756810
486,bike,fixed,decaps,766830
487,bike,fixed,decaps,757074
488,bike,fixed,decaps,756691
489,bike,fixed,decaps,756924
490,bike,fixed,decaps,793528
491,bike,fixed,decaps,748087
492,bike,fixed,decaps,828271
493,bike,fixed,decaps,776558
494,bike,fixed,decaps,756834
495,bike,fixed,decaps,757188
496,bike,fixed,decaps,756952
497,bike,fixed,decaps,764778
498,bike,fixed,decaps,821835
499,bike,fixed,decaps,862587
500,bike,fixed,decaps,827299
501,bike,fixed,decaps,797196
502,bike,fixed,decaps,806803
503,bike,fixed,decaps,777637
504,bike,fixed,decaps,756420
505,bike,fixed,decaps,774751
506,bike,fixed,decaps,734418
507,bike,fixed,decaps,801403
508,bike,fixed,decaps,786322
509,bike,fixed,decaps,756790
510,bike,fixed,decaps,756521
511,bike,fixed,decaps,756615
512,bike,fixed,decaps,765769
513,bike,fixed,decaps,797674
514,bike,fixed,decaps,1111311
515,bike,fixed,decaps,1475076
516,bike,fixed,decaps,1460139
517,bike,fixed,decaps,1389428
518,bike,fixed,decaps,1465185
519,bike,fixed,decaps,1485904
520,bike,fixed,decaps,1477794
521,bike,fixed,decaps,1394153
522,bike,fixed,decaps,822671
523,bike,fixed,decaps,781838
524,bike,fixed,decaps,780106
525,bike,fixed,decaps,780650
526,bike,fixed,decaps,783629
527,bike,fixed,decaps,788019
528,bike,fixed,decaps,758562
529,bike,fixed,decaps,790823
530,bike,fixed,decaps,757074
531,bike,fixed,decaps,763644
532,bike,fixed,decaps,756719
533,bike,fixed,decaps,757000
534,bike,fixed,decaps,824305
535,bike,fixed,decaps,847827
536,bike,fixed,decaps,860665
537,bike,fixed,decaps,799472
538,bike,fixed,decaps,758172
539,bike,fixed,decaps,816443
540,bike,fixed,decaps,802008
541,bike,fixed,decaps,789639
542,bike,fixed,decaps,755995
543,bike,fixed,decaps,756843
544,bike,fixed,decaps,756969
545,bike,fixed,decaps,756848
546,bike,fixed,decaps,776816
547,bike,fixed,decaps,735757
548,bike,fixed,decaps,775707
549,bike,fixed,decaps,756545
550,bike,fixed,decaps,796807
551,bike,fixed,decaps,757232
552,bike,fixed,decaps,761442
553,bike,fixed,decaps,781788
554,bike,fixed,decaps,758889
555,bike,fixed,decaps,785035
556,bike,fixed,decaps,832269
557,bike,fixed,decaps,919291
558,bike,fixed,decaps,801484
559,bike,fixed,decaps,758059
560,bike,fixed,decaps,803321
561,bike,fixed,decaps,780867
562,bike,fixed,decaps,791028
563,bike,fixed,decaps,781035
564,bike,fixed,decaps,782088
565,bike,fixed,decaps,755331
566,bike,fixed,decaps,756957
567,bike,fixed,decaps,777448
568,bike,fixed,decaps,762893
569,bike,fixed,decaps,758485
570,bike,fixed,decaps,757183
571,bike,fixed,decaps,793953
572,bike,fixed,decaps,768389
573,bike,fixed,decaps,759070
574,bike,fixed,decaps,756790
575,bike,fixed,decaps,757234
576,bike,fixed,decaps,802714
577,bike,fixed,decaps,898672
578,bike,fixed,decaps,844669
579,bike,fixed,decaps,864169
580,bike,fixed,decaps,781775
581,bike,fixed,decaps,775973
582,bike,fixed,decaps,888761
583,bike,fixed,decaps,772007
584,bike,fixed,decaps,773925
585,bike,fixed,decaps,780054
586,bike,fixed,decaps,779589
587,bike,fixed,decaps,792103
588,bike,fixed,decaps,780181
589,bike,fixed,decaps,797355
590,bike,fixed,decaps,734012
591,bike,fixed,decaps,769969
592,bike,fixed,decaps,764125
593,bike,fixed,decaps,756390
594,bike,fixed,decaps,756760
595,bike,fixed,decaps,756200
596,bike,fixed,decaps,787946
597,bike,fixed,decaps,810022
598,bike,fixed,decaps,881894
599,bike,fixed,decaps,830463
600,bike,fixed,decaps,831116
601,bike,fixed,decaps,769832
602,bike,fixed,decaps,789407
603,bike,fixed,decaps,756987
604,bike,fixed,decaps,756303
605,bike,fixed,decaps,786197
606,bike,fixed,decaps,756827
607,bike,fixed,decaps,767564
608,bike,fixed,decaps,756017
609,bike,fixed,decaps,755765
610,bike,fixed,decaps,755656
611,bike,fixed,decaps,755710
612,bike,fixed,decaps,755626
613,bike,fixed,decaps,764676
614,bike,fixed,decaps,790209
615,bike,fixed,decaps,756616
616,bike,fixed,decaps,756367
617,bike,fixed,decaps,756339
618,bike,fixed,decaps,765599
619,bike,fixed,decaps,879301
620,bike,fixed,decaps,844514
621,bike,fixed,decaps,806567
622,bike,fixed,decaps,799323
623,bike,fixed,decaps,770150
624,bike,fixed,decaps,756388
625,bike,fixed,decaps,756923
626,bike,fixed,decaps,757369
627,bike,fixed,decaps,756507
628,bike,fixed,decaps,764880
629,bike,fixed,decaps,756893
630,bike,fixed,decaps,755725
631,bike,fixed,decaps,786904
632,bike,fixed,decaps,756693
633,bike,fixed,decaps,786685
634,bike,fixed,decaps,757231
635,bike,fixed,decaps,790020
636,bike,fixed,decaps,755961
637,bike,fixed,decaps,756350
638,bike,fixed,decaps,763249
639,bike,fixed,decaps,756428
640,bike,fixed,decaps,849235
641,bike,fixed,decaps,812301
642,bike,fixed,decaps,901916
643,bike,fixed,decaps,814238
644,bike,fixed,decaps,792246
645,bike,fixed,decaps,756806
646,bike,fixed,decaps,786918
647,bike,fixed,decaps,783560
648,bike,fixed,decaps,766273
649,bike,fixed,decaps,758289
650,bike,fixed,decaps,757435
651,bike,fixed,decaps,757223
652,bike,fixed,decaps,771592
653,bike,fixed,decaps,734833
654,bike,fixed,decaps,741298
655,bike,fixed,decaps,768790
656,bike,fixed,decaps,813622
657,bike,fixed,decaps,816083
658,bike,fixed,decaps,772529
659,bike,fixed,decaps,761222
660,bike,fixed,decaps,757057
661,bike,fixed,decaps,756470
662,bike,fixed,decaps,818455
663,bike,fixed,decaps,882660
664,bike,fixed,decaps,846185
665,bike,fixed,decaps,766849
666,bike,fixed,decaps,756588
667,bike,fixed,decaps,756358
668,bike,fixed,decaps,756346
669,bike,fixed,decaps,764182
670,bike,fixed,decaps,757088
671,bike,fixed,decaps,756850
672,bike,fixed,decaps,756827
673,bike,fixed,decaps,756148
674,bike,fixed,decaps,764269
675,bike,fixed,decaps,765560
676,bike,fixed,decaps,756675
677,bike,fixed,decaps,758323
678,bike,fixed,decaps,787997
679,bike,fixed,decaps,763985
680,bike,fixed,decaps,760744
681,bike,fixed,decaps,757097
682,bike,fixed,decaps,757043
683,bike,fixed,decaps,878137
684,bike,fixed,decaps,853616
685,bike,fixed,decaps,795313
686,bike,fixed,decaps,772755
687,bike,fixed,decaps,813498
688,bike,fixed,decaps,761082
689,bike,fixed,decaps,773848
690,bike,fixed,decaps,799556
691,bike,fixed,decaps,776370
692,bike,fixed,decaps,756454
693,bike,fixed,decaps,756318
694,bike,fixed,decaps,758260
695,bike,fixed,decaps,767488
696,bike,fixed,decaps,756402
697,bike,fixed,decaps,781529
698,bike,fixed,decaps,756542
699,bike,fixed,decaps,756100
700,bike,fixed,decaps,794990
701,bike,fixed,decaps,756993
702,bike,fixed,decaps,755711
703,bike,fixed,decaps,756106
704,bike,fixed,decaps,810746
705,bike,fixed,decaps,879339
706,bike,fixed,decaps,836761
707,bike,fixed,decaps,809009
708,bike,fixed,decaps,761819
709,bike,fixed,decaps,759663
710,bike,fixed,decaps,769299
711,bike,fixed,decaps,757519
712,bike,fixed,decaps,756705
713,bike,fixed,decaps,756898
714,bike,fixed,decaps,756931
715,bike,fixed,decaps,763969
716,bike,fixed,decaps,756828
717,bike,fixed,decaps,756707
718,bike,fixed,decaps,756915
719,bike,fixed,decaps,756658
720,bike,fixed,decaps,799409
721,bike,fixed,decaps,757799
722,bike,fixed,decaps,763028
723,bike,fixed,decaps,760785
724,bike,fixed,decaps,757214
725,bike,fixed,decaps,757342
726,bike,fixed,decaps,924773
727,bike,fixed,decaps,852553
728,bike,fixed,decaps,856524
729,bike,fixed,decaps,778818
730,bike,fixed,decaps,886801
731,bike,fixed,decaps,760298
732,bike,fixed,decaps,756887
733,bike,fixed,decaps,784036
734,bike,fixed,decaps,813991
735,bike,fixed,decaps,756898
736,bike,fixed,decaps,765813
737,bike,fixed,decaps,757046
738,bike,fixed,decaps,757118
739,bike,fixed,decaps,756465
740,bike,fixed,decaps,756728
741,bike,fixed,decaps,777009
742,bike,fixed,decaps,766786
743,bike,fixed,decaps,787829
744,bike,fixed,decaps,756738
745,bike,fixed,decaps,756734
746,bike,fixed,decaps,763594
747,bike,fixed,decaps,933591
748,bike,fixed,decaps,794667
749,bike,fixed,decaps,794025
750,bike,fixed,decaps,786137
751,bike,fixed,decaps,750067
752,bike,fixed,decaps,734392
753,bike,fixed,decaps,734329
754,bike,fixed,decaps,792389
755,bike,fixed,decaps,777060
756,bike,fixed,decaps,764353
757,bike,fixed,decaps,756550
758,bike,fixed,decaps,789523
759,bike,fixed,decaps,757500
760,bike,fixed,decaps,757636
761,bike,fixed,decaps,819477
762,bike,fixed,decaps,714246
763,bike,fixed,decaps,872155
764,bike,fixed,decaps,785295
765,bike,fixed,decaps,756344
766,bike,fixed,decaps,763388
767,bike,fixed,decaps,757178
768,bike,fixed,decaps,846453
769,bike,fixed,decaps,825726
770,bike,fixed,decaps,853183
771,bike,fixed,decaps,839915
772,bike,fixed,decaps,783996
773,bike,fixed,decaps,734720
774,bike,fixed,decaps,774904
775,bike,fixed,decaps,734914
776,bike,fixed,decaps,734423
777,bike,fixed,decaps,800841
778,bike,fixed,decaps,775405
779,bike,fixed,decaps,757263
780,bike,fixed,decaps,757352
781,bike,fixed,decaps,756818
782,bike,fixed,decaps,763771
783,bike,fixed,decaps,785316
784,bike,fixed,decaps,826070
785,bike,fixed,decaps,756922
786,bike,fixed,decaps,756545
787,bike,fixed,decaps,804201
788,bike,fixed,decaps,757338
789,bike,fixed,decaps,761189
790,bike,fixed,decaps,906358
791,bike,fixed,decaps,824944
792,bike,fixed,decaps,842776
793,bike,fixed,decaps,783227
794,bike,fixed,decaps,780628
795,bike,fixed,decaps,780593
796,bike,fixed,decaps,772462
797,bike,fixed,decaps,783366
798,bike,fixed,decaps,742534
799,bike,fixed,decaps,734496
800,bike,fixed,decaps,734411
801,bike,fixed,decaps,779199
802,bike,fixed,decaps,789658
803,bike,fixed,decaps,756261
804,bike,fixed,decaps,756721
805,bike,fixed,decaps,756747
806,bike,fixed,decaps,794101
807,bike,fixed,decaps,771544
808,bike,fixed,decaps,765618
809,bike,fixed,decaps,761855
810,bike,fixed,decaps,744155
811,bike,fixed,decaps,857130
812,bike,fixed,decaps,831834
813,bike,fixed,decaps,807650
814,bike,fixed,decaps,784571
815,bike,fixed,decaps,736427
816,bike,fixed,decaps,763665
817,bike,fixed,decaps,782453
818,bike,fixed,decaps,794473
819,bike,fixed,decaps,779239
820,bike,fixed,decaps,761789
821,bike,fixed,decaps,775084
822,bike,fixed,decaps,780307
823,bike,fixed,decaps,781146
824,bike,fixed,decaps,757280
825,bike,fixed,decaps,756579
826,bike,fixed,decaps,757949
827,bike,fixed,decaps,788644
828,bike,fixed,decaps,763321
829,bike,fixed,decaps,757054
830,bike,fixed,decaps,757133
831,bike,fixed,decaps,778683
832,bike,fixed,decaps,849248
833,bike,fixed,decaps,931362
834,bike,fixed,decaps,858982
835,bike,fixed,decaps,853182
836,bike,fixed,decaps,788460
837,bike,fixed,decaps,837120
838,bike,fixed,decaps,865870
839,bike,fixed,decaps,759239
840,bike,fixed,decaps,756418
841,bike,fixed,decaps,756322
842,bike,fixed,decaps,756218
843,bike,fixed,decaps,775711
844,bike,fixed,decaps,824266
845,bike,fixed,decaps,757156
846,bike,fixed,decaps,756522
847,bike,fixed,decaps,792271
848,bike,fixed,decaps,835201
849,bike,fixed,decaps,757092
850,bike,fixed,decaps,1026927
851,bike,fixed,decaps,822372
852,bike,fixed,decaps,757347
853,bike,fixed,decaps,817578
854,bike,fixed,decaps,834399
855,bike,fixed,decaps,820122
856,bike,fixed,decaps,783196
857,bike,fixed,decaps,757874
858,bike,fixed,decaps,769338
859,bike,fixed,decaps,756337
860,bike,fixed,decaps,756378
861,bike,fixed,decaps,771685
862,bike,fixed,decaps,779985
863,bike,fixed,decaps,794358
864,bike,fixed,decaps,769242
865,bike,fixed,decaps,756744
866,bike,fixed,decaps,756763
867,bike,fixed,decaps,756667
868,bike,fixed,decaps,764341
869,bike,fixed,decaps,800667
870,bike,fixed,decaps,821611
871,bike,fixed,decaps,892021
872,bike,fixed,decaps,758099
873,bike,fixed,decaps,768987
874,bike,fixed,decaps,775074
875,bike,fixed,decaps,848308
876,bike,fixed,decaps,809326
877,bike,fixed,decaps,804200
878,bike,fixed,decaps,773781
879,bike,fixed,decaps,756828
880,bike,fixed,decaps,755978
881,bike,fixed,decaps,757207
882,bike,fixed,decaps,755800
883,bike,fixed,decaps,762354
884,bike,fixed,decaps,755854
885,bike,fixed,decaps,755864
886,bike,fixed,decaps,755846
887,bike,fixed,decaps,756334
888,bike,fixed,decaps,759489
889,bike,fixed,decaps,762100
890,bike,fixed,decaps,815454
891,bike,fixed,decaps,757137
892,bike,fixed,decaps,756858
893,bike,fixed,decaps,757217
894,bike,fixed,decaps,762284
895,bike,fixed,decaps,757067
896,bike,fixed,decaps,920335
897,bike,fixed,decaps,780074
898,bike,fixed,decaps,813947
899,bike,fixed,decaps,782044
900,bike,fixed,decaps,735371
901,bike,fixed,decaps,764136
902,bike,fixed,decaps,780471
903,bike,fixed,decaps,780504
904,bike,fixed,decaps,785320
905,bike,fixed,decaps,757329
906,bike,fixed,decaps,756655
907,bike,fixed,decaps,756917
908,bike,fixed,decaps,756766
909,bike,fixed,decaps,760807
910,bike,fixed,decaps,757349
911,bike,fixed,decaps,756715
912,bike,fixed,decaps,790300
913,bike,fixed,decaps,756613
914,bike,fixed,decaps,761069
915,bike,fixed,decaps,780150
916,bike,fixed,decaps,786846
917,bike,fixed,decaps,807900
918,bike,fixed,decaps,1049967
919,bike,fixed,decaps,927982
920,bike,fixed,decaps,739831
921,bike,fixed,decaps,784898
922,bike,fixed,decaps,782599
923,bike,fixed,decaps,773554
924,bike,fixed,decaps,794027
925,bike,fixed,decaps,786049
926,bike,fixed,decaps,762140
927,bike,fixed,decaps,748184
928,bike,fixed,decaps,767463
929,bike,fixed,decaps,762717
930,bike,fixed,decaps,756932
931,bike,fixed,decaps,787400
932,bike,fixed,decaps,757288
933,bike,fixed,decaps,788058
934,bike,fixed,decaps,762764
935,bike,fixed,decaps,771362
936,bike,fixed,decaps,756367
937,bike,fixed,decaps,756481
938,bike,fixed,decaps,806448
939,bike,fixed,decaps,1097812
940,bike,fixed,decaps,853519
941,bike,fixed,decaps,800348
942,bike,fixed,decaps,738197
943,bike,fixed,decaps,735043
944,bike,fixed,decaps,773949
945,bike,fixed,decaps,793141
946,bike,fixed,decaps,783420
947,bike,fixed,decaps,757508
948,bike,fixed,decaps,756800
949,bike,fixed,decaps,764779
950,bike,fixed,decaps,757390
951,bike,fixed,decaps,756604
952,bike,fixed,decaps,757141
953,bike,fixed,decaps,788387
954,bike,fixed,decaps,757027
955,bike,fixed,decaps,766322
956,bike,fixed,decaps,756794
957,bike,fixed,decaps,756680
958,bike,fixed,decaps,756489
959,bike,fixed,decaps,762245
960,bike,fixed,decaps,1062315
961,bike,fixed,decaps,955956
962,bike,fixed,decaps,747340
963,bike,fixed,decaps,734396
964,bike,fixed,decaps,737059
965,bike,fixed,decaps,804322
966,bike,fixed,decaps,781293
967,bike,fixed,decaps,815219
968,bike,fixed,decaps,757295
969,bike,fixed,decaps,756347
970,bike,fixed,decaps,765208
971,bike,fixed,decaps,757052
972,bike,fixed,decaps,785891
973,bike,fixed,decaps,757224
974,bike,fixed,decaps,755983
975,bike,fixed,decaps,796129
976,bike,fixed,decaps,756676
977,bike,fixed,decaps,756420
978,bike,fixed,decaps,756236
979,bike,fixed,decaps,756302
980,bike,fixed,decaps,801085
981,bike,fixed,decaps,1001557
982,bike,fixed,decaps,918298
983,bike,fixed,decaps,773634
984,bike,fixed,decaps,747120
985,bike,fixed,decaps,746651
986,bike,fixed,decaps,763409
987,bike,fixed,decaps,792024
988,bike,fixed,decaps,756920
989,bike,fixed,decaps,756467
990,bike,fixed,decaps,817618
991,bike,fixed,decaps,758172
992,bike,fixed,decaps,764597
993,bike,fixed,decaps,779648
994,bike,fixed,decaps,758412
995,bike,fixed,decaps,803290
996,bike,fixed,decaps,757092
997,bike,fixed,decaps,757058
998,bike,fixed,decaps,786571
999,bike,fixed,decaps,756744
1000,bike,fixed,decaps,765593
1001,bike,fixed,decaps,758941
1002,bike,fixed,decaps,1019698
1003,bike,fixed,decaps,961146
1004,bike,fixed,decaps,794681
1005,bike,fixed,decaps,775719
1006,bike,fixed,decaps,757075
1007,bike,fixed,decaps,756272
1008,bike,fixed,decaps,756411
1009,bike,fixed,decaps,756240
1010,bike,fixed,decaps,833196
1011,bike,fixed,decaps,895461
1012,bike,fixed,decaps,743463
1013,bike,fixed,decaps,734986
1014,bike,fixed,decaps,734498
1015,bike,fixed,decaps,745693
1016,bike,fixed,decaps,734441
1017,bike,fixed,decaps,813553
1018,bike,fixed,decaps,780250
1019,bike,fixed,decaps,784299
1020,bike,fixed,decaps,803263
1021,bike,fixed,decaps,734858
1022,bike,fixed,decaps,775656
1023,bike,fixed,decaps,1059019
1024,bike,fixed,decaps,886672
1025,bike,fixed,decaps,820385
1026,bike,fixed,decaps,761874
1027,bike,fixed,decaps,757536
1028,bike,fixed,decaps,756294
1029,bike,fixed,decaps,756264
1030,bike,fixed,decaps,784253
1031,bike,fixed,decaps,780184
1032,bike,fixed,decaps,769349
1033,bike,fixed,decaps,758887
1034,bike,fixed,decaps,778603
1035,bike,fixed,decaps,807351
1036,bike,fixed,decaps,757287
1037,bike,fixed,decaps,755712
1038,bike,fixed,decaps,796313
1039,bike,fixed,decaps,756271
1040,bike,fixed,decaps,756273
1041,bike,fixed,decaps,760964
1042,bike,fixed,decaps,796492
1043,bike,fixed,decaps,808396
1044,bike,fixed,decaps,1019573
1045,bike,fixed,decaps,992081
1046,bike,fixed,decaps,803614
1047,bike,fixed,decaps,758891
1048,bike,fixed,decaps,756357
1049,bike,fixed,decaps,756805
1050,bike,fixed,decaps,770072
1051,bike,fixed,decaps,756844
1052,bike,fixed,decaps,756383
1053,bike,fixed,decaps,756596
1054,bike,fixed,decaps,756501
1055,bike,fixed,decaps,777436
1056,bike,fixed,decaps,764343
1057,bike,fixed,decaps,756347
1058,bike,fixed,decaps,756087
1059,bike,fixed,decaps,787963
1060,bike,fixed,decaps,755993
1061,bike,fixed,decaps,762377
1062,bike,fixed,decaps,756492
1063,bike,fixed,decaps,756079
1064,bike,fixed,decaps,801214
1065,bike,fixed,decaps,891153
1066,bike,fixed,decaps,844482
1067,bike,fixed,decaps,834047
1068,bike,fixed,decaps,783701
1069,bike,fixed,decaps,782801
1070,bike,fixed,decaps,769952
1071,bike,fixed,decaps,768145
1072,bike,fixed,decaps,756325
1073,bike,fixed,decaps,757630
1074,bike,fixed,decaps,755765
1075,bike,fixed,decaps,756263
1076,bike,fixed,decaps,767073
1077,bike,fixed,decaps,756334
1078,bike,fixed,decaps,756109
1079,bike,fixed,decaps,755992
1080,bike,fixed,decaps,795414
1081,bike,fixed,decaps,743095
1082,bike,fixed,decaps,735283
1083,bike,fixed,decaps,772717
1084,bike,fixed,decaps,756219
1085,bike,fixed,decaps,755849
1086,bike,fixed,decaps,809363
1087,bike,fixed,decaps,829905
1088,bike,fixed,decaps,870092
1089,bike,fixed,decaps,753461
1090,bike,fixed,decaps,759923
1091,bike,fixed,decaps,783716
1092,bike,fixed,decaps,780145
1093,bike,fixed,decaps,788001
1094,bike,fixed,decaps,786676
1095,bike,fixed,decaps,757270
1096,bike,fixed,decaps,756590
1097,bike,fixed,decaps,762442
1098,bike,fixed,decaps,764230
1099,bike,fixed,decaps,757947
1100,bike,fixed,decaps,757661
1101,bike,fixed,decaps,757195
1102,bike,fixed,decaps,792673
1103,bike,fixed,decaps,757545
1104,bike,fixed,decaps,773975
1105,bike,fixed,decaps,756161
1106,bike,fixed,decaps,756218
1107,bike,fixed,decaps,763806
1108,bike,fixed,decaps,851046
1109,bike,fixed,decaps,841377
1110,bike,fixed,decaps,822752
1111,bike,fixed,decaps,738019
1112,bike,fixed,decaps,777462
1113,bike,fixed,decaps,790431
1114,bike,fixed,decaps,756351
1115,bike,fixed,decaps,756264
1116,bike,fixed,decaps,755877
1117,bike,fixed,decaps,763454
1118,bike,fixed,decaps,756535
1119,bike,fixed,decaps,758959
1120,bike,fixed,decaps,756550
1121,bike,fixed,decaps,756421
1122,bike,fixed,decaps,761960
1123,bike,fixed,decaps,797650
1124,bike,fixed,decaps,768584
1125,bike,fixed,decaps,796440
1126,bike,fixed,decaps,759075
1127,bike,fixed,decaps,756160
1128,bike,fixed,decaps,759779
1129,bike,fixed,decaps,828828
1130,bike,fixed,decaps,815649
1131,bike,fixed,decaps,781266
1132,bike,fixed,decaps,833209
1133,bike,fixed,decaps,757989
1134,bike,fixed,decaps,757943
1135,bike,fixed,decaps,757244
1136,bike,fixed,decaps,758910
1137,bike,fixed,decaps,801603
1138,bike,fixed,decaps,787902
1139,bike,fixed,decaps,756849
1140,bike,fixed,decaps,756512
1141,bike,fixed,decaps,756216
1142,bike,fixed,decaps,756690
1143,bike,fixed,decaps,763119
1144,bike,fixed,decaps,791414
1145,bike,fixed,decaps,756595
1146,bike,fixed,decaps,757986
1147,bike,fixed,decaps,756966
1148,bike,fixed,decaps,765100
1149,bike,fixed,decaps,757958
1150,bike,fixed,decaps,762217
1151,bike,fixed,decaps,846746
1152,bike,fixed,decaps,954407
1153,bike,fixed,decaps,801624
1154,bike,fixed,decaps,872913
1155,bike,fixed,decaps,737322
1156,bike,fixed,decaps,784902
1157,bike,fixed,decaps,780754
1158,bike,fixed,decaps,798805
1159,bike,fixed,decaps,756611
1160,bike,fixed,decaps,756727
1161,bike,fixed,decaps,757034
1162,bike,fixed,decaps,756581
1163,bike,fixed,decaps,756567
1164,bike,fixed,decaps,761072
1165,bike,fixed,decaps,756495
1166,bike,fixed,decaps,756388
1167,bike,fixed,decaps,788041
1168,bike,fixed,decaps,756573
1169,bike,fixed,decaps,759865
1170,bike,fixed,decaps,772674
1171,bike,fixed,decaps,771285
1172,bike,fixed,decaps,848819
1173,bike,fixed,decaps,805072
1174,bike,fixed,decaps,805698
1175,bike,fixed,decaps,783851
1176,bike,fixed,decaps,757000
1177,bike,fixed,decaps,782925
1178,bike,fixed,decaps,774011
1179,bike,fixed,decaps,764030
1180,bike,fixed,decaps,756789
1181,bike,fixed,decaps,756192
1182,bike,fixed,decaps,756368
1183,bike,fixed,decaps,756367
1184,bike,fixed,decaps,760456
1185,bike,fixed,decaps,756792
1186,bike,fixed,decaps,756132
1187,bike,fixed,decaps,757936
1188,bike,fixed,decaps,788022
1189,bike,fixed,decaps,762434
1190,bike,fixed,decaps,756402
1191,bike,fixed,decaps,758296
1192,bike,fixed,decaps,755931
1193,bike,fixed,decaps,773589
1194,bike,fixed,decaps,876250
1195,bike,fixed,decaps,882715
1196,bike,fixed,decaps,826862
1197,bike,fixed,decaps,734917
1198,bike,fixed,decaps,734797
1199,bike,fixed,decaps,733550
1200,bike,fixed,decaps,747764
1201,bike,fixed,decaps,771911
1202,bike,fixed,decaps,786449
1203,bike,fixed,decaps,773659
1204,bike,fixed,decaps,756978
1205,bike,fixed,decaps,761888
1206,bike,fixed,decaps,756442
1207,bike,fixed,decaps,756379
1208,bike,fixed,decaps,756203
1209,bike,fixed,decaps,794371
1210,bike,fixed,decaps,768811
1211,bike,fixed,decaps,713142
1212,bike,fixed,decaps,799815
1213,bike,fixed,decaps,733731
1214,bike,fixed,decaps,733770
1215,bike,fixed,decaps,825059
1216,bike,fixed,decaps,807972
1217,bike,fixed,decaps,785603
1218,bike,fixed,decaps,818261
1219,bike,fixed,decaps,786022
1220,bike,fixed,decaps,794864
1221,bike,fixed,decaps,779832
1222,bike,fixed,decaps,780118
1223,bike,fixed,decaps,809713
1224,bike,fixed,decaps,784791
1225,bike,fixed,decaps,763807
1226,bike,fixed,decaps,756763
1227,bike,fixed,decaps,755992
1228,bike,fixed,decaps,756408
1229,bike,fixed,decaps,785621
1230,bike,fixed,decaps,756739
1231,bike,fixed,decaps,793383
1232,bike,fixed,decaps,756337
1233,bike,fixed,decaps,756249
1234,bike,fixed,decaps,756456
1235,bike,fixed,decaps,757051
1236,bike,fixed,decaps,799695
1237,bike,fixed,decaps,840728
1238,bike,fixed,decaps,844624
1239,bike,fixed,decaps,809496
1240,bike,fixed,decaps,773002
1241,bike,fixed,decaps,797310
1242,bike,fixed,decaps,781727
1243,bike,fixed,decaps,772231
1244,bike,fixed,decaps,739892
1245,bike,fixed,decaps,766118
1246,bike,fixed,decaps,762285
1247,bike,fixed,decaps,756100
1248,bike,fixed,decaps,755991
1249,bike,fixed,decaps,785567
1250,bike,fixed,decaps,757203
1251,bike,fixed,decaps,825151
1252,bike,fixed,decaps,757640
1253,bike,fixed,decaps,756531
1254,bike,fixed,decaps,780581
1255,bike,fixed,decaps,757129
1256,bike,fixed,decaps,766661
1257,bike,fixed,decaps,758397
1258,bike,fixed,decaps,839839
1259,bike,fixed,decaps,860619
1260,bike,fixed,decaps,814164
1261,bike,fixed,decaps,770558
1262,bike,fixed,decaps,756888
1263,bike,fixed,decaps,756461
1264,bike,fixed,decaps,756293
1265,bike,fixed,decaps,780870
1266,bike,fixed,decaps,757646
1267,bike,fixed,decaps,766629
1268,bike,fixed,decaps,757041
1269,bike,fixed,decaps,756699
1270,bike,fixed,decaps,756381
1271,bike,fixed,decaps,756496
1272,bike,fixed,decaps,760888
1273,bike,fixed,decaps,791432
1274,bike,fixed,decaps,756983
1275,bike,fixed,decaps,788026
1276,bike,fixed,decaps,756861
1277,bike,fixed,decaps,765055
1278,bike,fixed,decaps,757000
1279,bike,fixed,decaps,802303
1280,bike,fixed,decaps,841509
1281,bike,fixed,decaps,789414
1282,bike,fixed,decaps,790467
1283,bike,fixed,decaps,789757
1284,bike,fixed,decaps,780737
1285,bike,fixed,decaps,771326
1286,bike,fixed,decaps,756572
1287,bike,fixed,decaps,764041
1288,bike,fixed,decaps,756489
1289,bike,fixed,decaps,757014
1290,bike,fixed,decaps,764949
1291,bike,fixed,decaps,783742
1292,bike,fixed,decaps,902438
1293,bike,fixed,decaps,720855
1294,bike,fixed,decaps,746460
1295,bike,fixed,decaps,774881
1296,bike,fixed,decaps,785899
1297,bike,fixed,decaps,775569
1298,bike,fixed,decaps,781548
1299,bike,fixed,decaps,779758
1300,bike,fixed,decaps,763920
1301,bike,fixed,decaps,860005
1302,bike,fixed,decaps,790685
1303,bike,fixed,decaps,759027
1304,bike,fixed,decaps,784258
1305,bike,fixed,decaps,781341
1306,bike,fixed,decaps,782067
1307,bike,fixed,decaps,783175
1308,bike,fixed,decaps,782553
1309,bike,fixed,decaps,757178
1310,bike,fixed,decaps,756802
1311,bike,fixed,decaps,756478
1312,bike,fixed,decaps,756662
1313,bike,fixed,decaps,760257
1314,bike,fixed,decaps,763954
1315,bike,fixed,decaps,790700
1316,bike,fixed,decaps,757119
1317,bike,fixed,decaps,756978
1318,bike,fixed,decaps,766956
1319,bike,fixed,decaps,757596
1320,bike,fixed,decaps,758059
1321,bike,fixed,decaps,756549
1322,bike,fixed,decaps,827537
1323,bike,fixed,decaps,897718
1324,bike,fixed,decaps,788959
1325,bike,fixed,decaps,780664
1326,bike,fixed,decaps,777455
1327,bike,fixed,decaps,760913
1328,bike,fixed,decaps,771338
1329,bike,fixed,decaps,782196
1330,bike,fixed,decaps,757470
1331,bike,fixed,decaps,756307
1332,bike,fixed,decaps,757310
1333,bike,fixed,decaps,756782
1334,bike,fixed,decaps,763246
1335,bike,fixed,decaps,756956
1336,bike,fixed,decaps,758614
1337,bike,fixed,decaps,778818
1338,bike,fixed,decaps,773311
1339,bike,fixed,decaps,740163
1340,bike,fixed,decaps,735122
1341,bike,fixed,decaps,734476
1342,bike,fixed,decaps,734400
1343,bike,fixed,decaps,781584
1344,bike,fixed,decaps,930759
1345,bike,fixed,decaps,887971
1346,bike,fixed,decaps,774018
1347,bike,fixed,decaps,761869
1348,bike,fixed,decaps,759640
1349,bike,fixed,decaps,803597
1350,bike,fixed,decaps,784187
1351,bike,fixed,decaps,756198
1352,bike,fixed,decaps,755847
1353,bike,fixed,decaps,757647
1354,bike,fixed,decaps,764109
1355,bike,fixed,decaps,756171
1356,bike,fixed,decaps,756265
1357,bike,fixed,decaps,755849
1358,bike,fixed,decaps,756091
1359,bike,fixed,decaps,780983
1360,bike,fixed,decaps,776141
1361,bike,fixed,decaps,767620
1362,bike,fixed,decaps,756412
1363,bike,fixed,decaps,771084
1364,bike,fixed,decaps,779997
1365,bike,fixed,decaps,877845
1366,bike,fixed,decaps,817825
1367,bike,fixed,decaps,818333
1368,bike,fixed,decaps,807110
1369,bike,fixed,decaps,772999
1370,bike,fixed,decaps,758841
1371,bike,fixed,decaps,756525
1372,bike,fixed,decaps,767912
1373,bike,fixed,decaps,756014
1374,bike,fixed,decaps,755968
1375,bike,fixed,decaps,760297
1376,bike,fixed,decaps,756825
1377,bike,fixed,decaps,764673
1378,bike,fixed,decaps,756101
1379,bike,fixed,decaps,756567
1380,bike,fixed,decaps,768300
1381,bike,fixed,decaps,807595
1382,bike,fixed,decaps,734456
1383,bike,fixed,decaps,734206
1384,bike,fixed,decaps,739758
1385,bike,fixed,decaps,745136
1386,bike,fixed,decaps,737911
1387,bike,fixed,decaps,1019077
1388,bike,fixed,decaps,935714
1389,bike,fixed,decaps,773016
1390,bike,fixed,decaps,748775
1391,bike,fixed,decaps,761221
1392,bike,fixed,decaps,780225
1393,bike,fixed,decaps,780366
1394,bike,fixed,decaps,776001
1395,bike,fixed,decaps,766384
1396,bike,fixed,decaps,772103
1397,bike,fixed,decaps,780288
1398,bike,fixed,decaps,774132
1399,bike,fixed,decaps,756272
1400,bike,fixed,decaps,774920
1401,bike,fixed,decaps,757060
1402,bike,fixed,decaps,801804
1403,bike,fixed,decaps,764098
1404,bike,fixed,decaps,756844
1405,bike,fixed,decaps,764441
1406,bike,fixed,decaps,757439
1407,bike,fixed,decaps,758114
1408,bike,fixed,decaps,821741
1409,bike,fixed,decaps,930292
1410,bike,fixed,decaps,785251
1411,bike,fixed,decaps,808264
1412,bike,fixed,decaps,792514
1413,bike,fixed,decaps,777952
1414,bike,fixed,decaps,756019
1415,bike,fixed,decaps,756344
1416,bike,fixed,decaps,764279
1417,bike,fixed,decaps,757482
1418,bike,fixed,decaps,756533
1419,bike,fixed,decaps,756743
1420,bike,fixed,decaps,758625
1421,bike,fixed,decaps,786149
1422,bike,fixed,decaps,763017
1423,bike,fixed,decaps,787687
1424,bike,fixed,decaps,755731
1425,bike,fixed,decaps,756417
1426,bike,fixed,decaps,799815
1427,bike,fixed,decaps,908195
1428,bike,fixed,decaps,760975
1429,bike,fixed,decaps,860326
1430,bike,fixed,decaps,925236
1431,bike,fixed,decaps,821119
1432,bike,fixed,decaps,739835
1433,bike,fixed,decaps,762192
1434,bike,fixed,decaps,792340
1435,bike,fixed,decaps,907816
1436,bike,fixed,decaps,782178
1437,bike,fixed,decaps,757339
1438,bike,fixed,decaps,757043
1439,bike,fixed,decaps,756776
1440,bike,fixed,decaps,756844
1441,bike,fixed,decaps,761543
1442,bike,fixed,decaps,756737
1443,bike,fixed,decaps,756756
1444,bike,fixed,decaps,757507
1445,bike,fixed,decaps,788850
1446,bike,fixed,decaps,761409
1447,bike,fixed,decaps,757175
1448,bike,fixed,decaps,757027
1449,bike,fixed,decaps,757319
1450,bike,fixed,decaps,801035
1451,bike,fixed,decaps,930919
1452,bike,fixed,decaps,889669
1453,bike,fixed,decaps,800328
1454,bike,fixed,decaps,781245
1455,bike,fixed,decaps,781032
1456,bike,fixed,decaps,784702
1457,bike,fixed,decaps,757512
1458,bike,fixed,decaps,772325
1459,bike,fixed,decaps,756916
1460,bike,fixed,decaps,756982
1461,bike,fixed,decaps,766757
1462,bike,fixed,decaps,757415
1463,bike,fixed,decaps,788993
1464,bike,fixed,decaps,756325
1465,bike,fixed,decaps,787861
1466,bike,fixed,decaps,765116
1467,bike,fixed,decaps,758764
1468,bike,fixed,decaps,756873
1469,bike,fixed,decaps,756884
1470,bike,fixed,decaps,757150
1471,bike,fixed,decaps,824186
1472,bike,fixed,decaps,896953
1473,bike,fixed,decaps,876956
1474,bike,fixed,decaps,840798
1475,bike,fixed,decaps,742683
1476,bike,fixed,decaps,758967
1477,bike,fixed,decaps,760546
1478,bike,fixed,decaps,758163
1479,bike,fixed,decaps,756997
1480,bike,fixed,decaps,757140
1481,bike,fixed,decaps,757278
1482,bike,fixed,decaps,762060
1483,bike,fixed,decaps,757397
1484,bike,fixed,decaps,756617
1485,bike,fixed,decaps,756868
1486,bike,fixed,decaps,756950
1487,bike,fixed,decaps,793271
1488,bike,fixed,decaps,757919
1489,bike,fixed,decaps,758241
1490,bike,fixed,decaps,781357
1491,bike,fixed,decaps,757085
1492,bike,fixed,decaps,765622
1493,bike,fixed,decaps,836465
1494,bike,fixed,decaps,894915
1495,bike,fixed,decaps,848054
1496,bike,fixed,decaps,836072
1497,bike,fixed,decaps,789405
1498,bike,fixed,decaps,786978
1499,bike,fixed,decaps,756946
1500,bike,fixed,decaps,757174
1501,bike,fixed,decaps,757158
1502,bike,fixed,decaps,774592
1503,bike,fixed,decaps,757063
1504,bike,fixed,decaps,756896
1505,bike,fixed,decaps,756881
1506,bike,fixed,decaps,757451
1507,bike,fixed,decaps,761770
1508,bike,fixed,decaps,757830
1509,bike,fixed,decaps,790583
1510,bike,fixed,decaps,756497
1511,bike,fixed,decaps,756656
1512,bike,fixed,decaps,758450
1513,bike,fixed,decaps,761751
1514,bike,fixed,decaps,835811
1515,bike,fixed,decaps,925996
1516,bike,fixed,decaps,861015
1517,bike,fixed,decaps,796279
1518,bike,fixed,decaps,734552
1519,bike,fixed,decaps,764914
1520,bike,fixed,decaps,772685
1521,bike,fixed,decaps,771424
1522,bike,fixed,decaps,758890
1523,bike,fixed,decaps,767609
1524,bike,fixed,decaps,756980
1525,bike,fixed,decaps,756580
1526,bike,fixed,decaps,756280
1527,bike,fixed,decaps,756369
1528,bike,fixed,decaps,763162
1529,bike,fixed,decaps,793165
1530,bike,fixed,decaps,756105
1531,bike,fixed,decaps,780056
1532,bike,fixed,decaps,774630
1533,bike,fixed,decaps,830980
1534,bike,fixed,decaps,963328
1535,bike,fixed,decaps,832502
1536,bike,fixed,decaps,850774
1537,bike,fixed,decaps,810548
1538,bike,fixed,decaps,1036187
1539,bike,fixed,decaps,934099
1540,bike,fixed,decaps,884542
1541,bike,fixed,decaps,809665
1542,bike,fixed,decaps,791584
1543,bike,fixed,decaps,790931
1544,bike,fixed,decaps,764297
1545,bike,fixed,decaps,878460
1546,bike,fixed,decaps,758282
1547,bike,fixed,decaps,785846
1548,bike,fixed,decaps,758028
1549,bike,fixed,decaps,756965
1550,bike,fixed,decaps,757221
1551,bike,fixed,decaps,756955
1552,bike,fixed,decaps,796602
1553,bike,fixed,decaps,756805
1554,bike,fixed,decaps,757074
1555,bike,fixed,decaps,929708
1556,bike,fixed,decaps,934078
1557,bike,fixed,decaps,824553
1558,bike,fixed,decaps,897917
1559,bike,fixed,decaps,752476
1560,bike,fixed,decaps,793846
1561,bike,fixed,decaps,776803
1562,bike,fixed,decaps,887402
1563,bike,fixed,decaps,758532
1564,bike,fixed,decaps,756884
1565,bike,fixed,decaps,756497
1566,bike,fixed,decaps,779484
1567,bike,fixed,decaps,765666
1568,bike,fixed,decaps,773052
1569,bike,fixed,decaps,755955
1570,bike,fixed,decaps,755964
1571,bike,fixed,decaps,788190
1572,bike,fixed,decaps,762477
1573,bike,fixed,decaps,756291
1574,bike,fixed,decaps,755712
1575,bike,fixed,decaps,756071
1576,bike,fixed,decaps,943727
1577,bike,fixed,decaps,954950
1578,bike,fixed,decaps,797663
1579,bike,fixed,decaps,960749
1580,bike,fixed,decaps,758618
1581,bike,fixed,decaps,757339
1582,bike,fixed,decaps,815028
1583,bike,fixed,decaps,757710
1584,bike,fixed,decaps,756760
1585,bike,fixed,decaps,756381
1586,bike,fixed,decaps,756251
1587,bike,fixed,decaps,764778
1588,bike,fixed,decaps,756431
1589,bike,fixed,decaps,756746
1590,bike,fixed,decaps,756205
1591,bike,fixed,decaps,787943
1592,bike,fixed,decaps,785951
1593,bike,fixed,decaps,757338
1594,bike,fixed,decaps,756688
1595,bike,fixed,decaps,756570
1596,bike,fixed,decaps,756282
1597,bike,fixed,decaps,938503
1598,bike,fixed,decaps,882433
1599,bike,fixed,decaps,835657
1600,bike,fixed,decaps,918983
1601,bike,fixed,decaps,758181
1602,bike,fixed,decaps,768180
1603,bike,fixed,decaps,770197
1604,bike,fixed,decaps,780247
1605,bike,fixed,decaps,776250
1606,bike,fixed,decaps,768188
1607,bike,fixed,decaps,779367
1608,bike,fixed,decaps,789345
1609,bike,fixed,decaps,758148
1610,bike,fixed,decaps,756701
1611,bike,fixed,decaps,756617
1612,bike,fixed,decaps,757087
1613,bike,fixed,decaps,798214
1614,bike,fixed,decaps,757128
1615,bike,fixed,decaps,756652
1616,bike,fixed,decaps,756624
1617,bike,fixed,decaps,781727
1618,bike,fixed,decaps,921326
1619,bike,fixed,decaps,922497
1620,bike,fixed,decaps,806169
1621,bike,fixed,decaps,939718
1622,bike,fixed,decaps,801628
1623,bike,fixed,decaps,756781
1624,bike,fixed,decaps,756631
1625,bike,fixed,decaps,757445
1626,bike,fixed,decaps,764472
1627,bike,fixed,decaps,719652
1628,bike,fixed,decaps,764964
1629,bike,fixed,decaps,780744
1630,bike,fixed,decaps,784369
1631,bike,fixed,decaps,756173
1632,bike,fixed,decaps,756191
1633,bike,fixed,decaps,794685
1634,bike,fixed,decaps,793216
1635,bike,fixed,decaps,757412
1636,bike,fixed,decaps,756608
1637,bike,fixed,decaps,756640
1638,bike,fixed,decaps,764996
1639,bike,fixed,decaps,910601
1640,bike,fixed,decaps,997225
1641,bike,fixed,decaps,890149
1642,bike,fixed,decaps,1034877
1643,bike,fixed,decaps,736352
1644,bike,fixed,decaps,734858
1645,bike,fixed,decaps,764237
1646,bike,fixed,decaps,756693
1647,bike,fixed,decaps,756355
1648,bike,fixed,decaps,802192
1649,bike,fixed,decaps,776957
1650,bike,fixed,decaps,756471
1651,bike,fixed,decaps,756278
1652,bike,fixed,decaps,757347
1653,bike,fixed,decaps,764316
1654,bike,fixed,decaps,790199
1655,bike,fixed,decaps,756297
1656,bike,fixed,decaps,756800
1657,bike,fixed,decaps,756244
1658,bike,fixed,decaps,763774
1659,bike,fixed,decaps,791567
1660,bike,fixed,decaps,952415
1661,bike,fixed,decaps,960271
1662,bike,fixed,decaps,831363
1663,bike,fixed,decaps,909242
1664,bike,fixed,decaps,745632
1665,bike,fixed,decaps,737517
1666,bike,fixed,decaps,754820
1667,bike,fixed,decaps,780605
1668,bike,fixed,decaps,784806
1669,bike,fixed,decaps,784295
1670,bike,fixed,decaps,785263
1671,bike,fixed,decaps,756366
1672,bike,fixed,decaps,756289
1673,bike,fixed,decaps,764022
1674,bike,fixed,decaps,755822
1675,bike,fixed,decaps,759213
1676,bike,fixed,decaps,756525
1677,bike,fixed,decaps,788627
1678,bike,fixed,decaps,765040
1679,bike,fixed,decaps,757445
1680,bike,fixed,decaps,757666
1681,bike,fixed,decaps,949888
1682,bike,fixed,decaps,911433
1683,bike,fixed,decaps,900424
1684,bike,fixed,decaps,908106
1685,bike,fixed,decaps,758085
1686,bike,fixed,decaps,756872
1687,bike,fixed,decaps,756858
1688,bike,fixed,decaps,766251
1689,bike,fixed,decaps,756903
1690,bike,fixed,decaps,756799
1691,bike,fixed,decaps,756294
1692,bike,fixed,decaps,757336
1693,bike,fixed,decaps,764428
1694,bike,fixed,decaps,756606
1695,bike,fixed,decaps,758505
1696,bike,fixed,decaps,891633
1697,bike,fixed,decaps,764364
1698,bike,fixed,decaps,782742
1699,bike,fixed,decaps,759605
1700,bike,fixed,decaps,779967
1701,bike,fixed,decaps,776815
1702,bike,fixed,decaps,1044923
1703,bike,fixed,decaps,798995
1704,bike,fixed,decaps,932366
1705,bike,fixed,decaps,778618
1706,bike,fixed,decaps,791824
1707,bike,fixed,decaps,755698
1708,bike,fixed,decaps,801066
1709,bike,fixed,decaps,757787
1710,bike,fixed,decaps,773883
1711,bike,fixed,decaps,780176
1712,bike,fixed,decaps,784354
1713,bike,fixed,decaps,778787
1714,bike,fixed,decaps,756473
1715,bike,fixed,decaps,763180
1716,bike,fixed,decaps,747254
1717,bike,fixed,decaps,800234
1718,bike,fixed,decaps,762755
1719,bike,fixed,decaps,756157
1720,bike,fixed,decaps,755999
1721,bike,fixed,decaps,756041
1722,bike,fixed,decaps,756410
1723,bike,fixed,decaps,1066745
1724,bike,fixed,decaps,832233
1725,bike,fixed,decaps,968875
1726,bike,fixed,decaps,781857
1727,bike,fixed,decaps,757200
1728,bike,fixed,decaps,767544
1729,bike,fixed,decaps,756809
1730,bike,fixed,decaps,756471
1731,bike,fixed,decaps,756198
1732,bike,fixed,decaps,756168
1733,bike,fixed,decaps,763336
1734,bike,fixed,decaps,789813
1735,bike,fixed,decaps,757392
1736,bike,fixed,decaps,756370
1737,bike,fixed,decaps,756613
1738,bike,fixed,decaps,799027
1739,bike,fixed,decaps,756947
1740,bike,fixed,decaps,789146
1741,bike,fixed,decaps,785765
1742,bike,fixed,decaps,757041
1743,bike,fixed,decaps,762915
1744,bike,fixed,decaps,1052654
1745,bike,fixed,decaps,808518
1746,bike,fixed,decaps,919461
1747,bike,fixed,decaps,785703
1748,bike,fixed,decaps,745518
1749,bike,fixed,decaps,734240
1750,bike,fixed,decaps,734364
1751,bike,fixed,decaps,734100
1752,bike,fixed,decaps,768179
1753,bike,fixed,decaps,796718
1754,bike,fixed,decaps,757059
1755,bike,fixed,decaps,756561
1756,bike,fixed,decaps,756763
1757,bike,fixed,decaps,756715
1758,bike,fixed,decaps,756728
1759,bike,fixed,decaps,763111
1760,bike,fixed,decaps,823802
1761,bike,fixed,decaps,757008
1762,bike,fixed,decaps,756278
1763,bike,fixed,decaps,755951
1764,bike,fixed,decaps,764744
1765,bike,fixed,decaps,955076
1766,bike,fixed,decaps,867273
1767,bike,fixed,decaps,843750
1768,bike,fixed,decaps,932191
1769,bike,fixed,decaps,758289
1770,bike,fixed,decaps,790664
1771,bike,fixed,decaps,780700
1772,bike,fixed,decaps,756387
1773,bike,fixed,decaps,756205
1774,bike,fixed,decaps,777891
1775,bike,fixed,decaps,756891
1776,bike,fixed,decaps,756644
1777,bike,fixed,decaps,755917
1778,bike,fixed,decaps,773614
1779,bike,fixed,decaps,760243
1780,bike,fixed,decaps,812857
1781,bike,fixed,decaps,734430
1782,bike,fixed,decaps,773197
1783,bike,fixed,decaps,756760
1784,bike,fixed,decaps,773285
1785,bike,fixed,decaps,756693
1786,bike,fixed,decaps,917166
1787,bike,fixed,decaps,851627
1788,bike,fixed,decaps,838693
1789,bike,fixed,decaps,930354
1790,bike,fixed,decaps,757345
1791,bike,fixed,decaps,784978
1792,bike,fixed,decaps,756854
1793,bike,fixed,decaps,756701
1794,bike,fixed,decaps,766618
1795,bike,fixed,decaps,775261
1796,bike,fixed,decaps,756878
1797,bike,fixed,decaps,756521
1798,bike,fixed,decaps,756282
1799,bike,fixed,decaps,765254
1800,bike,fixed,decaps,756661
1801,bike,fixed,decaps,756534
1802,bike,fixed,decaps,798018
1803,bike,fixed,decaps,759321
1804,bike,fixed,decaps,748254
1805,bike,fixed,decaps,733966
1806,bike,fixed,decaps,734027
1807,bike,fixed,decaps,885642
1808,bike,fixed,decaps,860853
1809,bike,fixed,decaps,793239
1810,bike,fixed,decaps,944913
1811,bike,fixed,decaps,737387
1812,bike,fixed,decaps,789717
1813,bike,fixed,decaps,779786
1814,bike,fixed,decaps,792936
1815,bike,fixed,decaps,792162
1816,bike,fixed,decaps,756316
1817,bike,fixed,decaps,756125
1818,bike,fixed,decaps,770680
1819,bike,fixed,decaps,763091
1820,bike,fixed,decaps,756220
1821,bike,fixed,decaps,784771
1822,bike,fixed,decaps,756961
1823,bike,fixed,decaps,787597
1824,bike,fixed,decaps,756164
1825,bike,fixed,decaps,775411
1826,bike,fixed,decaps,756283
1827,bike,fixed,decaps,755959
1828,bike,fixed,decaps,880602
1829,bike,fixed,decaps,888902
1830,bike,fixed,decaps,799323
1831,bike,fixed,decaps,978187
1832,bike,fixed,decaps,759474
1833,bike,fixed,decaps,766119
1834,bike,fixed,decaps,882536
1835,bike,fixed,decaps,778444
1836,bike,fixed,decaps,768432
1837,bike,fixed,decaps,796512
1838,bike,fixed,decaps,793217
1839,bike,fixed,decaps,765925
1840,bike,fixed,decaps,757178
1841,bike,fixed,decaps,756225
1842,bike,fixed,decaps,783873
1843,bike,fixed,decaps,756936
1844,bike,fixed,decaps,756405
1845,bike,fixed,decaps,763461
1846,bike,fixed,decaps,777955
1847,bike,fixed,decaps,791859
1848,bike,fixed,decaps,756957
1849,bike,fixed,decaps,919555
1850,bike,fixed,decaps,909470
1851,bike,fixed,decaps,838642
1852,bike,fixed,decaps,961988
1853,bike,fixed,decaps,758638
1854,bike,fixed,decaps,767983
1855,bike,fixed,decaps,757105
1856,bike,fixed,decaps,757151
1857,bike,fixed,decaps,757027
1858,bike,fixed,decaps,757120
1859,bike,fixed,decaps,756880
1860,bike,fixed,decaps,763643
1861,bike,fixed,decaps,756632
1862,bike,fixed,decaps,756821
1863,bike,fixed,decaps,756619
1864,bike,fixed,decaps,756745
1865,bike,fixed,decaps,844519
1866,bike,fixed,decaps,757424
1867,bike,fixed,decaps,792836
1868,bike,fixed,decaps,757904
1869,bike,fixed,decaps,756527
1870,bike,fixed,decaps,909427
1871,bike,fixed,decaps,922908
1872,bike,fixed,decaps,879758
1873,bike,fixed,decaps,974735
1874,bike,fixed,decaps,881105
1875,bike,fixed,decaps,760187
1876,bike,fixed,decaps,759449
1877,bike,fixed,decaps,758433
1878,bike,fixed,decaps,760965
1879,bike,fixed,decaps,772567
1880,bike,fixed,decaps,756966
1881,bike,fixed,decaps,757767
1882,bike,fixed,decaps,756479
1883,bike,fixed,decaps,756668
1884,bike,fixed,decaps,756212
1885,bike,fixed,decaps,799709
1886,bike,fixed,decaps,790638
1887,bike,fixed,decaps,756625
1888,bike,fixed,decaps,756820
1889,bike,fixed,decaps,756430
1890,bike,fixed,decaps,765132
1891,bike,fixed,decaps,973355
1892,bike,fixed,decaps,937020
1893,bike,fixed,decaps,808471
1894,bike,fixed,decaps,976609
1895,bike,fixed,decaps,749303
1896,bike,fixed,decaps,788981
1897,bike,fixed,decaps,789896
1898,bike,fixed,decaps,779831
1899,bike,fixed,decaps,798775
1900,bike,fixed,decaps,756380
1901,bike,fixed,decaps,756501
1902,bike,fixed,decaps,756673
1903,bike,fixed,decaps,756234
1904,bike,fixed,decaps,756176
1905,bike,fixed,decaps,763267
1906,bike,fixed,decaps,790259
1907,bike,fixed,decaps,756109
1908,bike,fixed,decaps,756689
1909,bike,fixed,decaps,756362
1910,bike,fixed,decaps,764246
1911,bike,fixed,decaps,756556
1912,bike,fixed,decaps,1009587
1913,bike,fixed,decaps,931324
1914,bike,fixed,decaps,914349
1915,bike,fixed,decaps,826421
1916,bike,fixed,decaps,734919
1917,bike,fixed,decaps,734410
1918,bike,fixed,decaps,769564
1919,bike,fixed,decaps,735109
1920,bike,fixed,decaps,798090
1921,bike,fixed,decaps,776793
1922,bike,fixed,decaps,787512
1923,bike,fixed,decaps,756471
1924,bike,fixed,decaps,757338
1925,bike,fixed,decaps,763342
1926,bike,fixed,decaps,756146
1927,bike,fixed,decaps,775016
1928,bike,fixed,decaps,813532
1929,bike,fixed,decaps,777560
1930,bike,fixed,decaps,791574
1931,bike,fixed,decaps,755116
1932,bike,fixed,decaps,756226
1933,bike,fixed,decaps,1027899
1934,bike,fixed,decaps,816782
1935,bike,fixed,decaps,926868
1936,bike,fixed,decaps,783444
1937,bike,fixed,decaps,765566
1938,bike,fixed,decaps,799384
1939,bike,fixed,decaps,779037
1940,bike,fixed,decaps,767434
1941,bike,fixed,decaps,756467
1942,bike,fixed,decaps,756266
1943,bike,fixed,decaps,756310
1944,bike,fixed,decaps,783466
1945,bike,fixed,decaps,811652
1946,bike,fixed,decaps,765655
1947,bike,fixed,decaps,804665
1948,bike,fixed,decaps,850575
1949,bike,fixed,decaps,740864
1950,bike,fixed,decaps,766694
1951,bike,fixed,decaps,734819
1952,bike,fixed,decaps,734086
1953,bike,fixed,decaps,733824
1954,bike,fixed,decaps,978401
1955,bike,fixed,decaps,817254
1956,bike,fixed,decaps,897734
1957,bike,fixed,decaps,870040
1958,bike,fixed,decaps,792480
1959,bike,fixed,decaps,756234
1960,bike,fixed,decaps,767152
1961,bike,fixed,decaps,782699
1962,bike,fixed,decaps,793543
1963,bike,fixed,decaps,739556
1964,bike,fixed,decaps,801235
1965,bike,fixed,decaps,766280
1966,bike,fixed,decaps,756834
1967,bike,fixed,decaps,768909
1968,bike,fixed,decaps,784758
1969,bike,fixed,decaps,794423
1970,bike,fixed,decaps,906768
1971,bike,fixed,decaps,757435
1972,bike,fixed,decaps,756042
1973,bike,fixed,decaps,755867
1974,bike,fixed,decaps,800549
1975,bike,fixed,decaps,1077495
1976,bike,fixed,decaps,871631
1977,bike,fixed,decaps,919673
1978,bike,fixed,decaps,760852
1979,bike,fixed,decaps,780218
1980,bike,fixed,decaps,782553
1981,bike,fixed,decaps,756872
1982,bike,fixed,decaps,756572
1983,bike,fixed,decaps,756463
1984,bike,fixed,decaps,756370
1985,bike,fixed,decaps,776916
1986,bike,fixed,decaps,757203
1987,bike,fixed,decaps,756199
1988,bike,fixed,decaps,756350
1989,bike,fixed,decaps,756555
1990,bike,fixed,decaps,835870
1991,bike,fixed,decaps,763747
1992,bike,fixed,decaps,786769
1993,bike,fixed,decaps,756784
1994,bike,fixed,decaps,756258
1995,bike,fixed,decaps,864175
1996,bike,fixed,decaps,937143
1997,bike,fixed,decaps,810147
1998,bike,fixed,decaps,980375
1999,bike,fixed,decaps,757689
2000,bike,fixed,decaps,768570
2001,bike,fixed,decaps,756648
2002,bike,fixed,decaps,756392
2003,bike,fixed,decaps,756434
2004,bike,fixed,decaps,756703
2005,bike,fixed,decaps,772856
2006,bike,fixed,decaps,756976
2007,bike,fixed,decaps,756357
2008,bike,fixed,decaps,756604
2009,bike,fixed,decaps,756615
2010,bike,fixed,decaps,762795
2011,bike,fixed,decaps,757608
2012,bike,fixed,decaps,791723
2013,bike,fixed,decaps,756461
2014,bike,fixed,decaps,756800
2015,bike,fixed,decaps,803114
2016,bike,fixed,decaps,809310
2017,bike,fixed,decaps,986537
2018,bike,fixed,decaps,827668
2019,bike,fixed,decaps,944972
2020,bike,fixed,decaps,781537
2021,bike,fixed,decaps,761992
2022,bike,fixed,decaps,793341
2023,bike,fixed,decaps,757148
2024,bike,fixed,decaps,757249
2025,bike,fixed,decaps,765062
2026,bike,fixed,decaps,757217
2027,bike,fixed,decaps,756930
2028,bike,fixed,decaps,795914
2029,bike,fixed,decaps,758492
2030,bike,fixed,decaps,779033
2031,bike,fixed,decaps,757172
2032,bike,fixed,decaps,790839
2033,bike,fixed,decaps,756689
2034,bike,fixed,decaps,757125
2035,bike,fixed,decaps,756901
2036,bike,fixed,decaps,764192
2037,bike,fixed,decaps,787322
2038,bike,fixed,decaps,1002544
2039,bike,fixed,decaps,850111
2040,bike,fixed,decaps,976794
2041,bike,fixed,decaps,758946
2042,bike,fixed,decaps,756564
2043,bike,fixed,decaps,756789
2044,bike,fixed,decaps,757170
2045,bike,fixed,decaps,765811
2046,bike,fixed,decaps,756869
2047,bike,fixed,decaps,756521
2048,bike,fixed,decaps,756768
2049,bike,fixed,decaps,757557
2050,bike,fixed,decaps,756463
2051,bike,fixed,decaps,763321
2052,bike,fixed,decaps,756888
2053,bike,fixed,decaps,790551
2054,bike,fixed,decaps,756742
2055,bike,fixed,decaps,756858
2056,bike,fixed,decaps,763901
2057,bike,fixed,decaps,757190
2058,bike,fixed,decaps,757544
2059,bike,fixed,decaps,1025474
2060,bike,fixed,decaps,940051
2061,bike,fixed,decaps,1091567
2062,bike,fixed,decaps,1124852
2063,bike,fixed,decaps,1008622
2064,bike,fixed,decaps,907257
2065,bike,fixed,decaps,763351
2066,bike,fixed,decaps,756775
2067,bike,fixed,decaps,756572
2068,bike,fixed,decaps,756464
2069,bike,fixed,decaps,756141
2070,bike,fixed,decaps,763672
2071,bike,fixed,decaps,756894
2072,bike,fixed,decaps,756027
2073,bike,fixed,decaps,756275
2074,bike,fixed,decaps,756164
2075,bike,fixed,decaps,768889
2076,bike,fixed,decaps,802307
2077,bike,fixed,decaps,827226
2078,bike,fixed,decaps,816299
2079,bike,fixed,decaps,1039951
2080,bike,fixed,decaps,824928
2081,bike,fixed,decaps,990612
2082,bike,fixed,decaps,747239
2083,bike,fixed,decaps,735069
2084,bike,fixed,decaps,778196
2085,bike,fixed,decaps,735582
2086,bike,fixed,decaps,786118
2087,bike,fixed,decaps,780853
2088,bike,fixed,decaps,756466
2089,bike,fixed,decaps,792786
2090,bike,fixed,decaps,777343
2091,bike,fixed,decaps,756808
2092,bike,fixed,decaps,756869
2093,bike,fixed,decaps,787730
2094,bike,fixed,decaps,757274
2095,bike,fixed,decaps,763757
2096,bike,fixed,decaps,757409
2097,bike,fixed,decaps,756713
2098,bike,fixed,decaps,756998
2099,bike,fixed,decaps,860819
2100,bike,fixed,decaps,934375
2101,bike,fixed,decaps,831882
2102,bike,fixed,decaps,927504
2103,bike,fixed,decaps,776192
2104,bike,fixed,decaps,781289
2105,bike,fixed,decaps,915117
2106,bike,fixed,decaps,889990
2107,bike,fixed,decaps,783371
2108,bike,fixed,decaps,756737
2109,bike,fixed,decaps,767772
2110,bike,fixed,decaps,757203
2111,bike,fixed,decaps,756621
2112,bike,fixed,decaps,756304
2113,bike,fixed,decaps,756407
2114,bike,fixed,decaps,756599
2115,bike,fixed,decaps,787425
2116,bike,fixed,decaps,740348
2117,bike,fixed,decaps,759358
2118,bike,fixed,decaps,779288
2119,bike,fixed,decaps,807995
2120,bike,fixed,decaps,941446
2121,bike,fixed,decaps,895592
2122,bike,fixed,decaps,849981
2123,bike,fixed,decaps,795787
2124,bike,fixed,decaps,750014
2125,bike,fixed,decaps,792430
2126,bike,fixed,decaps,779946
2127,bike,fixed,decaps,782688
2128,bike,fixed,decaps,813217
2129,bike,fixed,decaps,940796
2130,bike,fixed,decaps,756936
2131,bike,fixed,decaps,789696
2132,bike,fixed,decaps,780405
2133,bike,fixed,decaps,756068
2134,bike,fixed,decaps,761941
2135,bike,fixed,decaps,754314
2136,bike,fixed,decaps,802130
2137,bike,fixed,decaps,756664
2138,bike,fixed,decaps,756722
2139,bike,fixed,decaps,785553
2140,bike,fixed,decaps,764014
2141,bike,fixed,decaps,791651
2142,bike,fixed,decaps,948001
2143,bike,fixed,decaps,809792
2144,bike,fixed,decaps,861935
2145,bike,fixed,decaps,783044
2146,bike,fixed,decaps,756445
2147,bike,fixed,decaps,757287
2148,bike,fixed,decaps,799860
2149,bike,fixed,decaps,757502
2150,bike,fixed,decaps,764050
2151,bike,fixed,decaps,756570
2152,bike,fixed,decaps,756483
2153,bike,fixed,decaps,756599
2154,bike,fixed,decaps,756608
2155,bike,fixed,decaps,763904
2156,bike,fixed,decaps,790541
2157,bike,fixed,decaps,756193
2158,bike,fixed,decaps,755760
2159,bike,fixed,decaps,755780
2160,bike,fixed,decaps,763187
2161,bike,fixed,decaps,756398
2162,bike,fixed,decaps,802922
2163,bike,fixed,decaps,864439
2164,bike,fixed,decaps,906393
2165,bike,fixed,decaps,905960
2166,bike,fixed,decaps,741706
2167,bike,fixed,decaps,734409
2168,bike,fixed,decaps,792214
2169,bike,fixed,decaps,776979
2170,bike,fixed,decaps,764096
2171,bike,fixed,decaps,757101
2172,bike,fixed,decaps,756652
2173,bike,fixed,decaps,756660
2174,bike,fixed,decaps,756629
2175,bike,fixed,decaps,764665
2176,bike,fixed,decaps,764260
2177,bike,fixed,decaps,756899
2178,bike,fixed,decaps,790249
2179,bike,fixed,decaps,756428
2180,bike,fixed,decaps,756528
2181,bike,fixed,decaps,763145
2182,bike,fixed,decaps,756675
2183,bike,fixed,decaps,757763
2184,bike,fixed,decaps,874438
2185,bike,fixed,decaps,921858
2186,bike,fixed,decaps,869848
2187,bike,fixed,decaps,813594
2188,bike,fixed,decaps,734979
2189,bike,fixed,decaps,734697
2190,bike,fixed,decaps,768153
2191,bike,fixed,decaps,777841
2192,bike,fixed,decaps,756616
2193,bike,fixed,decaps,775970
2194,bike,fixed,decaps,779719
2195,bike,fixed,decaps,769784
2196,bike,fixed,decaps,763107
2197,bike,fixed,decaps,756813
2198,bike,fixed,decaps,790336
2199,bike,fixed,decaps,794580
2200,bike,fixed,decaps,776921
2201,bike,fixed,decaps,765363
2202,bike,fixed,decaps,789617
2203,bike,fixed,decaps,757223
2204,bike,fixed,decaps,756520
2205,bike,fixed,decaps,813806
2206,bike,fixed,decaps,995840
2207,bike,fixed,decaps,755424
2208,bike,fixed,decaps,816428
2209,bike,fixed,decaps,735480
2210,bike,fixed,decaps,785797
2211,bike,fixed,decaps,790919
2212,bike,fixed,decaps,775598
2213,bike,fixed,decaps,780392
2214,bike,fixed,decaps,770641
2215,bike,fixed,decaps,756090
2216,bike,fixed,decaps,832608
2217,bike,fixed,decaps,757933
2218,bike,fixed,decaps,756721
2219,bike,fixed,decaps,756842
2220,bike,fixed,decaps,788091
2221,bike,fixed,decaps,792660
2222,bike,fixed,decaps,756729
2223,bike,fixed,decaps,756134
2224,bike,fixed,decaps,756943
2225,bike,fixed,decaps,756331
2226,bike,fixed,decaps,902810
2227,bike,fixed,decaps,971606
2228,bike,fixed,decaps,804467
2229,bike,fixed,decaps,814100
2230,bike,fixed,decaps,769588
2231,bike,fixed,decaps,767461
2232,bike,fixed,decaps,790152
2233,bike,fixed,decaps,789444
2234,bike,fixed,decaps,874655
2235,bike,fixed,decaps,757887
2236,bike,fixed,decaps,767181
2237,bike,fixed,decaps,774855
2238,bike,fixed,decaps,733636
2239,bike,fixed,decaps,739734
2240,bike,fixed,decaps,734582
2241,bike,fixed,decaps,771543
2242,bike,fixed,decaps,763568
2243,bike,fixed,decaps,736171
2244,bike,fixed,decaps,858979
2245,bike,fixed,decaps,766832
2246,bike,fixed,decaps,754232
2247,bike,fixed,decaps,1013534
2248,bike,fixed,decaps,1078919
2249,bike,fixed,decaps,1072503
2250,bike,fixed,decaps,870998
2251,bike,fixed,decaps,898049
2252,bike,fixed,decaps,974844
2253,bike,fixed,decaps,1033299
2254,bike,fixed,decaps,791488
2255,bike,fixed,decaps,793947
2256,bike,fixed,decaps,757112
2257,bike,fixed,decaps,756862
2258,bike,fixed,decaps,768129
2259,bike,fixed,decaps,768350
2260,bike,fixed,decaps,766628
2261,bike,fixed,decaps,758700
2262,bike,fixed,decaps,756697
2263,bike,fixed,decaps,756995
2264,bike,fixed,decaps,758102
2265,bike,fixed,decaps,926936
2266,bike,fixed,decaps,954114
2267,bike,fixed,decaps,853214
2268,bike,fixed,decaps,838502
2269,bike,fixed,decaps,787832
2270,bike,fixed,decaps,830025
2271,bike,fixed,decaps,765463
2272,bike,fixed,decaps,791478
2273,bike,fixed,decaps,756560
2274,bike,fixed,decaps,756707
2275,bike,fixed,decaps,764926
2276,bike,fixed,decaps,756556
2277,bike,fixed,decaps,756815
2278,bike,fixed,decaps,756976
2279,bike,fixed,decaps,782875
2280,bike,fixed,decaps,792285
2281,bike,fixed,decaps,756456
2282,bike,fixed,decaps,757168
2283,bike,fixed,decaps,788741
2284,bike,fixed,decaps,756999
2285,bike,fixed,decaps,762636
2286,bike,fixed,decaps,756575
2287,bike,fixed,decaps,872499
2288,bike,fixed,decaps,847933
2289,bike,fixed,decaps,860555
2290,bike,fixed,decaps,823339
2291,bike,fixed,decaps,847658
2292,bike,fixed,decaps,737710
2293,bike,fixed,decaps,783546
2294,bike,fixed,decaps,779917
2295,bike,fixed,decaps,822127
2296,bike,fixed,decaps,756909
2297,bike,fixed,decaps,755810
2298,bike,fixed,decaps,756920
2299,bike,fixed,decaps,758544
2300,bike,fixed,decaps,756078
2301,bike,fixed,decaps,763854
2302,bike,fixed,decaps,756649
2303,bike,fixed,decaps,781520
2304,bike,fixed,decaps,821298
2305,bike,fixed,decaps,780331
2306,bike,fixed,decaps,804097
2307,bike,fixed,decaps,756126
2308,bike,fixed,decaps,833937
2309,bike,fixed,decaps,877055
2310,bike,fixed,decaps,802648
2311,bike,fixed,decaps,862576
2312,bike,fixed,decaps,810660
2313,bike,fixed,decaps,757534
2314,bike,fixed,decaps,756934
2315,bike,fixed,decaps,771147
2316,bike,fixed,decaps,767922
2317,bike,fixed,decaps,792190
2318,bike,fixed,decaps,758290
2319,bike,fixed,decaps,757021
2320,bike,fixed,decaps,756932
2321,bike,fixed,decaps,819983
2322,bike,fixed,decaps,757071
2323,bike,fixed,decaps,775531
2324,bike,fixed,decaps,780281
2325,bike,fixed,decaps,811373
2326,bike,fixed,decaps,772702
2327,bike,fixed,decaps,757558
2328,bike,fixed,decaps,755978
2329,bike,fixed,decaps,791871
2330,bike,fixed,decaps,878336
2331,bike,fixed,decaps,829444
2332,bike,fixed,decaps,791808
2333,bike,fixed,decaps,868668
2334,bike,fixed,decaps,781158
2335,bike,fixed,decaps,771351
2336,bike,fixed,decaps,768797
2337,bike,fixed,decaps,756614
2338,bike,fixed,decaps,756628
2339,bike,fixed,decaps,756679
2340,bike,fixed,decaps,756981
2341,bike,fixed,decaps,762732
2342,bike,fixed,decaps,775670
2343,bike,fixed,decaps,780062
2344,bike,fixed,decaps,735370
2345,bike,fixed,decaps,795203
2346,bike,fixed,decaps,776627
2347,bike,fixed,decaps,764854
2348,bike,fixed,decaps,756896
2349,bike,fixed,decaps,758246
2350,bike,fixed,decaps,756942
2351,bike,fixed,decaps,890930
2352,bike,fixed,decaps,849976
2353,bike,fixed,decaps,827991
2354,bike,fixed,decaps,815846
2355,bike,fixed,decaps,758394
2356,bike,fixed,decaps,770245
2357,bike,fixed,decaps,788833
2358,bike,fixed,decaps,756796
2359,bike,fixed,decaps,755708
2360,bike,fixed,decaps,755737
2361,bike,fixed,decaps,755610
2362,bike,fixed,decaps,765002
2363,bike,fixed,decaps,756312
2364,bike,fixed,decaps,756047
2365,bike,fixed,decaps,763100
2366,bike,fixed,decaps,748551
2367,bike,fixed,decaps,822429
2368,bike,fixed,decaps,756980
2369,bike,fixed,decaps,786841
2370,bike,fixed,decaps,756919
2371,bike,fixed,decaps,756429
2372,bike,fixed,decaps,888439
2373,bike,fixed,decaps,854743
2374,bike,fixed,decaps,788895
2375,bike,fixed,decaps,837008
2376,bike,fixed,decaps,797279
2377,bike,fixed,decaps,787712
2378,bike,fixed,decaps,780927
2379,bike,fixed,decaps,890605
2380,bike,fixed,decaps,724352
2381,bike,fixed,decaps,747256
2382,bike,fixed,decaps,786028
2383,bike,fixed,decaps,785547
2384,bike,fixed,decaps,757001
2385,bike,fixed,decaps,756352
2386,bike,fixed,decaps,756266
2387,bike,fixed,decaps,762580
2388,bike,fixed,decaps,756838
2389,bike,fixed,decaps,756509
2390,bike,fixed,decaps,756216
2391,bike,fixed,decaps,756055
2392,bike,fixed,decaps,796159
2393,bike,fixed,decaps,857221
2394,bike,fixed,decaps,868832
2395,bike,fixed,decaps,820420
2396,bike,fixed,decaps,789401
2397,bike,fixed,decaps,903818
2398,bike,fixed,decaps,789795
2399,bike,fixed,decaps,756879
2400,bike,fixed,decaps,757222
2401,bike,fixed,decaps,756806
2402,bike,fixed,decaps,765727
2403,bike,fixed,decaps,756636
2404,bike,fixed,decaps,756296
2405,bike,fixed,decaps,756578
2406,bike,fixed,decaps,756466
2407,bike,fixed,decaps,756187
2408,bike,fixed,decaps,760679
2409,bike,fixed,decaps,838378
2410,bike,fixed,decaps,737203
2411,bike,fixed,decaps,734569
2412,bike,fixed,decaps,734058
2413,bike,fixed,decaps,777686
2414,bike,fixed,decaps,821611
2415,bike,fixed,decaps,895917
2416,bike,fixed,decaps,814957
2417,bike,fixed,decaps,825247
2418,bike,fixed,decaps,818775
2419,bike,fixed,decaps,788038
2420,bike,fixed,decaps,818401
2421,bike,fixed,decaps,758593
2422,bike,fixed,decaps,757989
2423,bike,fixed,decaps,765114
2424,bike,fixed,decaps,767357
2425,bike,fixed,decaps,740631
2426,bike,fixed,decaps,733974
2427,bike,fixed,decaps,734475
2428,bike,fixed,decaps,738565
2429,bike,fixed,decaps,734587
2430,bike,fixed,decaps,734617
2431,bike,fixed,decaps,815845
2432,bike,fixed,decaps,779747
2433,bike,fixed,decaps,794806
2434,bike,fixed,decaps,757032
2435,bike,fixed,decaps,756773
2436,bike,fixed,decaps,874348
2437,bike,fixed,decaps,860694
2438,bike,fixed,decaps,862563
2439,bike,fixed,decaps,816569
2440,bike,fixed,decaps,758870
2441,bike,fixed,decaps,756874
2442,bike,fixed,decaps,756768
2443,bike,fixed,decaps,765688
2444,bike,fixed,decaps,757022
2445,bike,fixed,decaps,756781
2446,bike,fixed,decaps,792526
2447,bike,fixed,decaps,756921
2448,bike,fixed,decaps,764898
2449,bike,fixed,decaps,756864
2450,bike,fixed,decaps,756937
2451,bike,fixed,decaps,756357
2452,bike,fixed,decaps,788121
2453,bike,fixed,decaps,756428
2454,bike,fixed,decaps,762886
2455,bike,fixed,decaps,757862
2456,bike,fixed,decaps,756166
2457,bike,fixed,decaps,862425
2458,bike,fixed,decaps,836181
2459,bike,fixed,decaps,870747
2460,bike,fixed,decaps,817752
2461,bike,fixed,decaps,814887
2462,bike,fixed,decaps,789447
2463,bike,fixed,decaps,757044
2464,bike,fixed,decaps,772166
2465,bike,fixed,decaps,756879
2466,bike,fixed,decaps,756791
2467,bike,fixed,decaps,756753
2468,bike,fixed,decaps,756855
2469,bike,fixed,decaps,764527
2470,bike,fixed,decaps,757002
2471,bike,fixed,decaps,756571
2472,bike,fixed,decaps,807193
2473,bike,fixed,decaps,795390
2474,bike,fixed,decaps,791597
2475,bike,fixed,decaps,757562
2476,bike,fixed,decaps,756814
2477,bike,fixed,decaps,757345
2478,bike,fixed,decaps,807770
2479,bike,fixed,decaps,942409
2480,bike,fixed,decaps,847424
2481,bike,fixed,decaps,797273
2482,bike,fixed,decaps,788149
2483,bike,fixed,decaps,787767
2484,bike,fixed,decaps,791301
2485,bike,fixed,decaps,756577
2486,bike,fixed,decaps,756659
2487,bike,fixed,decaps,756404
2488,bike,fixed,decaps,755793
2489,bike,fixed,decaps,760216
2490,bike,fixed,decaps,755969
2491,bike,fixed,decaps,756186
2492,bike,fixed,decaps,756383
2493,bike,fixed,decaps,768282
2494,bike,fixed,decaps,777894
2495,bike,fixed,decaps,769250
2496,bike,fixed,decaps,734422
2497,bike,fixed,decaps,734018
2498,bike,fixed,decaps,766149
2499,bike,fixed,decaps,780221
2500,bike,fixed,decaps,864819
2501,bike,fixed,decaps,912955
2502,bike,fixed,decaps,868877
2503,bike,fixed,decaps,841815
2504,bike,fixed,decaps,770841
2505,bike,fixed,decaps,756824
2506,bike,fixed,decaps,756842
2507,bike,fixed,decaps,756732
2508,bike,fixed,decaps,756614
2509,bike,fixed,decaps,756316
2510,bike,fixed,decaps,762695
2511,bike,fixed,decaps,756754
2512,bike,fixed,decaps,756648
2513,bike,fixed,decaps,756688
2514,bike,fixed,decaps,756819
2515,bike,fixed,decaps,762732
2516,bike,fixed,decaps,790952
2517,bike,fixed,decaps,781579
2518,bike,fixed,decaps,895861
2519,bike,fixed,decaps,768287
2520,bike,fixed,decaps,770572
2521,bike,fixed,decaps,861545
2522,bike,fixed,decaps,831298
2523,bike,fixed,decaps,848988
2524,bike,fixed,decaps,838277
2525,bike,fixed,decaps,789937
2526,bike,fixed,decaps,757176
2527,bike,fixed,decaps,756863
2528,bike,fixed,decaps,757377
2529,bike,fixed,decaps,792295
2530,bike,fixed,decaps,782780
2531,bike,fixed,decaps,757307
2532,bike,fixed,decaps,775185
2533,bike,fixed,decaps,734656
2534,bike,fixed,decaps,769002
2535,bike,fixed,decaps,762584
2536,bike,fixed,decaps,789960
2537,bike,fixed,decaps,757303
2538,bike,fixed,decaps,756417
2539,bike,fixed,decaps,756401
2540,bike,fixed,decaps,765331
2541,bike,fixed,decaps,756473
2542,bike,fixed,decaps,885102
2543,bike,fixed,decaps,845289
2544,bike,fixed,decaps,877013
2545,bike,fixed,decaps,805102
2546,bike,fixed,decaps,735793
2547,bike,fixed,decaps,734940
2548,bike,fixed,decaps,734642
2549,bike,fixed,decaps,766970
2550,bike,fixed,decaps,773683
2551,bike,fixed,decaps,780599
2552,bike,fixed,decaps,774262
2553,bike,fixed,decaps,756858
2554,bike,fixed,decaps,757421
2555,bike,fixed,decaps,757271
2556,bike,fixed,decaps,763338
2557,bike,fixed,decaps,756905
2558,bike,fixed,decaps,790511
2559,bike,fixed,decaps,757269
2560,bike,fixed,decaps,756218
2561,bike,fixed,decaps,759528
2562,bike,fixed,decaps,757454
2563,bike,fixed,decaps,768956
2564,bike,fixed,decaps,912293
2565,bike,fixed,decaps,824608
2566,bike,fixed,decaps,841791
2567,bike,fixed,decaps,790003
2568,bike,fixed,decaps,759652
2569,bike,fixed,decaps,779736
2570,bike,fixed,decaps,779939
2571,bike,fixed,decaps,788054
2572,bike,fixed,decaps,757331
2573,bike,fixed,decaps,757051
2574,bike,fixed,decaps,756873
2575,bike,fixed,decaps,789770
2576,bike,fixed,decaps,764848
2577,bike,fixed,decaps,785874
2578,bike,fixed,decaps,734855
2579,bike,fixed,decaps,770824
2580,bike,fixed,decaps,789130
2581,bike,fixed,decaps,767441
2582,bike,fixed,decaps,758449
2583,bike,fixed,decaps,756288
2584,bike,fixed,decaps,756759
2585,bike,fixed,decaps,882487
2586,bike,fixed,decaps,902713
2587,bike,fixed,decaps,790899
2588,bike,fixed,decaps,831622
2589,bike,fixed,decaps,788381
2590,bike,fixed,decaps,781540
2591,bike,fixed,decaps,766217
2592,bike,fixed,decaps,756752
2593,bike,fixed,decaps,757449
2594,bike,fixed,decaps,756655
2595,bike,fixed,decaps,756650
2596,bike,fixed,decaps,756751
2597,bike,fixed,decaps,763091
2598,bike,fixed,decaps,756459
2599,bike,fixed,decaps,777662
2600,bike,fixed,decaps,775772
2601,bike,fixed,decaps,799894
2602,bike,fixed,decaps,742372
2603,bike,fixed,decaps,734168
2604,bike,fixed,decaps,733875
2605,bike,fixed,decaps,734082
2606,bike,fixed,decaps,879476
2607,bike,fixed,decaps,885901
2608,bike,fixed,decaps,984017
2609,bike,fixed,decaps,825425
2610,bike,fixed,decaps,758573
2611,bike,fixed,decaps,757232
2612,bike,fixed,decaps,804294
2613,bike,fixed,decaps,806006
2614,bike,fixed,decaps,758263
2615,bike,fixed,decaps,757088
2616,bike,fixed,decaps,756476
2617,bike,fixed,decaps,766849
2618,bike,fixed,decaps,756862
2619,bike,fixed,decaps,756747
2620,bike,fixed,decaps,756574
2621,bike,fixed,decaps,756671
2622,bike,fixed,decaps,824266
2623,bike,fixed,decaps,757775
2624,bike,fixed,decaps,757344
2625,bike,fixed,decaps,756998
2626,bike,fixed,decaps,757188
2627,bike,fixed,decaps,896639
2628,bike,fixed,decaps,838772
2629,bike,fixed,decaps,814280
2630,bike,fixed,decaps,861195
2631,bike,fixed,decaps,736643
2632,bike,fixed,decaps,804266
2633,bike,fixed,decaps,787060
2634,bike,fixed,decaps,756832
2635,bike,fixed,decaps,756993
2636,bike,fixed,decaps,756625
2637,bike,fixed,decaps,763946
2638,bike,fixed,decaps,756802
2639,bike,fixed,decaps,758087
2640,bike,fixed,decaps,756415
2641,bike,fixed,decaps,756298
2642,bike,fixed,decaps,762607
2643,bike,fixed,decaps,756888
2644,bike,fixed,decaps,791674
2645,bike,fixed,decaps,756410
2646,bike,fixed,decaps,756477
2647,bike,fixed,decaps,756130
2648,bike,fixed,decaps,771188
2649,bike,fixed,decaps,918647
2650,bike,fixed,decaps,851147
2651,bike,fixed,decaps,783543
2652,bike,fixed,decaps,879859
2653,bike,fixed,decaps,782230
2654,bike,fixed,decaps,807527
2655,bike,fixed,decaps,877202
2656,bike,fixed,decaps,759374
2657,bike,fixed,decaps,786509
2658,bike,fixed,decaps,781309
2659,bike,fixed,decaps,772960
2660,bike,fixed,decaps,756141
2661,bike,fixed,decaps,762045
2662,bike,fixed,decaps,779998
2663,bike,fixed,decaps,765829
2664,bike,fixed,decaps,756265
2665,bike,fixed,decaps,756101
2666,bike,fixed,decaps,756272
2667,bike,fixed,decaps,756307
2668,bike,fixed,decaps,794409
2669,bike,fixed,decaps,762245
2670,bike,fixed,decaps,906692
2671,bike,fixed,decaps,816743
2672,bike,fixed,decaps,833311
2673,bike,fixed,decaps,791598
2674,bike,fixed,decaps,784248
2675,bike,fixed,decaps,786629
2676,bike,fixed,decaps,756322
2677,bike,fixed,decaps,784847
2678,bike,fixed,decaps,766945
2679,bike,fixed,decaps,757452
2680,bike,fixed,decaps,756685
2681,bike,fixed,decaps,756618
2682,bike,fixed,decaps,756072
2683,bike,fixed,decaps,763644
2684,bike,fixed,decaps,757369
2685,bike,fixed,decaps,756126
2686,bike,fixed,decaps,795213
2687,bike,fixed,decaps,756776
2688,bike,fixed,decaps,766913
2689,bike,fixed,decaps,756720
2690,bike,fixed,decaps,756377
2691,bike,fixed,decaps,875230
2692,bike,fixed,decaps,856699
2693,bike,fixed,decaps,852327
2694,bike,fixed,decaps,801978
2695,bike,fixed,decaps,756901
2696,bike,fixed,decaps,756887
2697,bike,fixed,decaps,781218
2698,bike,fixed,decaps,796943
2699,bike,fixed,decaps,756906
2700,bike,fixed,decaps,756286
2701,bike,fixed,decaps,756598
2702,bike,fixed,decaps,756392
2703,bike,fixed,decaps,824929
2704,bike,fixed,decaps,734718
2705,bike,fixed,decaps,769251
2706,bike,fixed,decaps,757159
2707,bike,fixed,decaps,805659
2708,bike,fixed,decaps,740759
2709,bike,fixed,decaps,770033
2710,bike,fixed,decaps,757960
2711,bike,fixed,decaps,756830
2712,bike,fixed,decaps,866285
2713,bike,fixed,decaps,868888
2714,bike,fixed,decaps,840022
2715,bike,fixed,decaps,806035
2716,bike,fixed,decaps,758010
2717,bike,fixed,decaps,762649
2718,bike,fixed,decaps,757368
2719,bike,fixed,decaps,800017
2720,bike,fixed,decaps,780453
2721,bike,fixed,decaps,755740
2722,bike,fixed,decaps,762180
2723,bike,fixed,decaps,751284
2724,bike,fixed,decaps,792250
2725,bike,fixed,decaps,756780
2726,bike,fixed,decaps,756795
2727,bike,fixed,decaps,755982
2728,bike,fixed,decaps,787921
2729,bike,fixed,decaps,795689
2730,bike,fixed,decaps,757016
2731,bike,fixed,decaps,756236
2732,bike,fixed,decaps,764191
2733,bike,fixed,decaps,742717
2734,bike,fixed,decaps,897133
2735,bike,fixed,decaps,850352
2736,bike,fixed,decaps,807531
2737,bike,fixed,decaps,777327
2738,bike,fixed,decaps,757066
2739,bike,fixed,decaps,797340
2740,bike,fixed,decaps,772016
2741,bike,fixed,decaps,781459
2742,bike,fixed,decaps,777392
2743,bike,fixed,decaps,765875
2744,bike,fixed,decaps,763359
2745,bike,fixed,decaps,756598
2746,bike,fixed,decaps,756857
2747,bike,fixed,decaps,771119
2748,bike,fixed,decaps,756309
2749,bike,fixed,decaps,757824
2750,bike,fixed,decaps,795840
2751,bike,fixed,decaps,756634
2752,bike,fixed,decaps,756504
2753,bike,fixed,decaps,756614
2754,bike,fixed,decaps,756509
2755,bike,fixed,decaps,890762
2756,bike,fixed,decaps,882471
2757,bike,fixed,decaps,841753
2758,bike,fixed,decaps,833606
2759,bike,fixed,decaps,741208
2760,bike,fixed,decaps,760899
2761,bike,fixed,decaps,735133
2762,bike,fixed,decaps,756201
2763,bike,fixed,decaps,780807
2764,bike,fixed,decaps,806801
2765,bike,fixed,decaps,763919
2766,bike,fixed,decaps,756587
2767,bike,fixed,decaps,784814
2768,bike,fixed,decaps,757739
2769,bike,fixed,decaps,757252
2770,bike,fixed,decaps,765995
2771,bike,fixed,decaps,798212
2772,bike,fixed,decaps,756453
2773,bike,fixed,decaps,756581
2774,bike,fixed,decaps,756892
2775,bike,fixed,decaps,761049
2776,bike,fixed,decaps,760131
2777,bike,fixed,decaps,875961
2778,bike,fixed,decaps,867359
2779,bike,fixed,decaps,844812
2780,bike,fixed,decaps,760636
2781,bike,fixed,decaps,748455
2782,bike,fixed,decaps,757047
2783,bike,fixed,decaps,756585
2784,bike,fixed,decaps,757090
2785,bike,fixed,decaps,762484
2786,bike,fixed,decaps,756959
2787,bike,fixed,decaps,757202
2788,bike,fixed,decaps,756616
2789,bike,fixed,decaps,756997
2790,bike,fixed,decaps,817632
2791,bike,fixed,decaps,867347
2792,bike,fixed,decaps,773059
2793,bike,fixed,decaps,757281
2794,bike,fixed,decaps,756802
2795,bike,fixed,decaps,756539
2796,bike,fixed,decaps,779035
2797,bike,fixed,decaps,784064
2798,bike,fixed,decaps,910341
2799,bike,fixed,decaps,861601
2800,bike,fixed,decaps,830283
2801,bike,fixed,decaps,736608
2802,bike,fixed,decaps,780041
2803,bike,fixed,decaps,783290
2804,bike,fixed,decaps,774067
2805,bike,fixed,decaps,781078
2806,bike,fixed,decaps,776329
2807,bike,fixed,decaps,757976
2808,bike,fixed,decaps,756916
2809,bike,fixed,decaps,757544
2810,bike,fixed,decaps,757408
2811,bike,fixed,decaps,761049
2812,bike,fixed,decaps,757627
2813,bike,fixed,decaps,757086
2814,bike,fixed,decaps,790852
2815,bike,fixed,decaps,785106
2816,bike,fixed,decaps,831137
2817,bike,fixed,decaps,757802
2818,bike,fixed,decaps,756746
2819,bike,fixed,decaps,832473
2820,bike,fixed,decaps,855921
2821,bike,fixed,decaps,789935
2822,bike,fixed,decaps,822757
2823,bike,fixed,decaps,742524
2824,bike,fixed,decaps,734769
2825,bike,fixed,decaps,735480
2826,bike,fixed,decaps,767674
2827,bike,fixed,decaps,780502
2828,bike,fixed,decaps,780030
2829,bike,fixed,decaps,776738
2830,bike,fixed,decaps,757057
2831,bike,fixed,decaps,761977
2832,bike,fixed,decaps,758003
2833,bike,fixed,decaps,757229
2834,bike,fixed,decaps,756405
2835,bike,fixed,decaps,789865
2836,bike,fixed,decaps,756793
2837,bike,fixed,decaps,772095
2838,bike,fixed,decaps,756954
2839,bike,fixed,decaps,756656
2840,bike,fixed,decaps,761994
2841,bike,fixed,decaps,898618
2842,bike,fixed,decaps,865548
2843,bike,fixed,decaps,839773
2844,bike,fixed,decaps,789695
2845,bike,fixed,decaps,757236
2846,bike,fixed,decaps,756707
2847,bike,fixed,decaps,799293
2848,bike,fixed,decaps,779821
2849,bike,fixed,decaps,770207
2850,bike,fixed,decaps,740054
2851,bike,fixed,decaps,767587
2852,bike,fixed,decaps,767098
2853,bike,fixed,decaps,740647
2854,bike,fixed,decaps,733586
2855,bike,fixed,decaps,734133
2856,bike,fixed,decaps,765241
2857,bike,fixed,decaps,737513
2858,bike,fixed,decaps,792655
2859,bike,fixed,decaps,780857
2860,bike,fixed,decaps,757011
2861,bike,fixed,decaps,756263
2862,bike,fixed,decaps,883566
2863,bike,fixed,decaps,824949
2864,bike,fixed,decaps,816820
2865,bike,fixed,decaps,812081
2866,bike,fixed,decaps,783365
2867,bike,fixed,decaps,1126278
2868,bike,fixed,decaps,883285
2869,bike,fixed,decaps,998968
2870,bike,fixed,decaps,758547
2871,bike,fixed,decaps,756882
2872,bike,fixed,decaps,771197
2873,bike,fixed,decaps,756505
2874,bike,fixed,decaps,756239
2875,bike,fixed,decaps,756368
2876,bike,fixed,decaps,756034
2877,bike,fixed,decaps,820169
2878,bike,fixed,decaps,793206
2879,bike,fixed,decaps,756620
2880,bike,fixed,decaps,756463
2881,bike,fixed,decaps,756642
2882,bike,fixed,decaps,780103
2883,bike,fixed,decaps,925593
2884,bike,fixed,decaps,788014
2885,bike,fixed,decaps,794843
2886,bike,fixed,decaps,772186
2887,bike,fixed,decaps,772773
2888,bike,fixed,decaps,758115
2889,bike,fixed,decaps,756571
2890,bike,fixed,decaps,756938
2891,bike,fixed,decaps,757040
2892,bike,fixed,decaps,766273
2893,bike,fixed,decaps,786343
2894,bike,fixed,decaps,757654
2895,bike,fixed,decaps,756437
2896,bike,fixed,decaps,766758
2897,bike,fixed,decaps,762711
2898,bike,fixed,decaps,734847
2899,bike,fixed,decaps,768067
2900,bike,fixed,decaps,734827
2901,bike,fixed,decaps,734599
2902,bike,fixed,decaps,734627
2903,bike,fixed,decaps,810474
2904,bike,fixed,decaps,872553
2905,bike,fixed,decaps,868236
2906,bike,fixed,decaps,771558
2907,bike,fixed,decaps,799850
2908,bike,fixed,decaps,770777
2909,bike,fixed,decaps,786356
2910,bike,fixed,decaps,783577
2911,bike,fixed,decaps,758215
2912,bike,fixed,decaps,756660
2913,bike,fixed,decaps,760525
2914,bike,fixed,decaps,757932
2915,bike,fixed,decaps,756701
2916,bike,fixed,decaps,756329
2917,bike,fixed,decaps,758784
2918,bike,fixed,decaps,760949
2919,bike,fixed,decaps,826376
2920,bike,fixed,decaps,756761
2921,bike,fixed,decaps,756637
2922,bike,fixed,decaps,756062
2923,bike,fixed,decaps,762212
2924,bike,fixed,decaps,756836
2925,bike,fixed,decaps,777328
2926,bike,fixed,decaps,871735
2927,bike,fixed,decaps,938516
2928,bike,fixed,decaps,842429
2929,bike,fixed,decaps,1350246
2930,bike,fixed,decaps,788111
2931,bike,fixed,decaps,782782
2932,bike,fixed,decaps,767362
2933,bike,fixed,decaps,756397
2934,bike,fixed,decaps,756194
2935,bike,fixed,decaps,756208
2936,bike,fixed,decaps,756236
2937,bike,fixed,decaps,756256
2938,bike,fixed,decaps,762767
2939,bike,fixed,decaps,815187
2940,bike,fixed,decaps,789781
2941,bike,fixed,decaps,787664
2942,bike,fixed,decaps,756299
2943,bike,fixed,decaps,777743
2944,bike,fixed,decaps,756209
2945,bike,fixed,decaps,756549
2946,bike,fixed,decaps,860550
2947,bike,fixed,decaps,823494
2948,bike,fixed,decaps,857787
2949,bike,fixed,decaps,794538
2950,bike,fixed,decaps,787142
2951,bike,fixed,decaps,756481
2952,bike,fixed,decaps,756157
2953,bike,fixed,decaps,763251
2954,bike,fixed,decaps,756353
2955,bike,fixed,decaps,758955
2956,bike,fixed,decaps,755963
2957,bike,fixed,decaps,756736
2958,bike,fixed,decaps,760216
2959,bike,fixed,decaps,757814
2960,bike,fixed,decaps,756228
2961,bike,fixed,decaps,756435
2962,bike,fixed,decaps,799615
2963,bike,fixed,decaps,769833
2964,bike,fixed,decaps,756836
2965,bike,fixed,decaps,788869
2966,bike,fixed,decaps,758385
2967,bike,fixed,decaps,833869
2968,bike,fixed,decaps,852532
2969,bike,fixed,decaps,801656
2970,bike,fixed,decaps,812724
2971,bike,fixed,decaps,757506
2972,bike,fixed,decaps,759630
2973,bike,fixed,decaps,764163
2974,bike,fixed,decaps,758270
2975,bike,fixed,decaps,757359
2976,bike,fixed,decaps,756954
2977,bike,fixed,decaps,756578
2978,bike,fixed,decaps,759066
2979,bike,fixed,decaps,761657
2980,bike,fixed,decaps,756733
2981,bike,fixed,decaps,756405
2982,bike,fixed,decaps,757884
2983,bike,fixed,decaps,796528
2984,bike,fixed,decaps,765612
2985,bike,fixed,decaps,735170
2986,bike,fixed,decaps,734188
2987,bike,fixed,decaps,770876
2988,bike,fixed,decaps,759060
2989,bike,fixed,decaps,861033
2990,bike,fixed,decaps,847870
2991,bike,fixed,decaps,842580
2992,bike,fixed,decaps,753714
2993,bike,fixed,decaps,741307
2994,bike,fixed,decaps,746433
2995,bike,fixed,decaps,734235
2996,bike,fixed,decaps,792610
2997,bike,fixed,decaps,779882
2998,bike,fixed,decaps,783462
2999,bike,fixed,decaps,776377
3000,bike,fixed,decaps,757055
3001,bike,fixed,decaps,756609
3002,bike,fixed,decaps,763386
3003,bike,fixed,decaps,757594
3004,bike,fixed,decaps,756431
3005,bike,fixed,decaps,792096
3006,bike,fixed,decaps,755481
3007,bike,fixed,decaps,757339
3008,bike,fixed,decaps,760500
3009,bike,fixed,decaps,756153
3010,bike,fixed,decaps,823235
3011,bike,fixed,decaps,850575
3012,bike,fixed,decaps,790216
3013,bike,fixed,decaps,815667
3014,bike,fixed,decaps,736028
3015,bike,fixed,decaps,749778
3016,bike,fixed,decaps,764514
3017,bike,fixed,decaps,827885
3018,bike,fixed,decaps,757168
3019,bike,fixed,decaps,789545
3020,bike,fixed,decaps,865475
3021,bike,fixed,decaps,1097999
3022,bike,fixed,decaps,977304
3023,bike,fixed,decaps,1140482
3024,bike,fixed,decaps,840939
3025,bike,fixed,decaps,780921
3026,bike,fixed,decaps,789895
3027,bike,fixed,decaps,756834
3028,bike,fixed,decaps,906527
3029,bike,fixed,decaps,846690
3030,bike,fixed,decaps,828984
3031,bike,fixed,decaps,807422
3032,bike,fixed,decaps,785067
3033,bike,fixed,decaps,758600
3034,bike,fixed,decaps,768799
3035,bike,fixed,decaps,756289
3036,bike,fixed,decaps,755734
3037,bike,fixed,decaps,756256
3038,bike,fixed,decaps,791920
3039,bike,fixed,decaps,763344
3040,bike,fixed,decaps,784307
3041,bike,fixed,decaps,765987
3042,bike,fixed,decaps,772826
3043,bike,fixed,decaps,820256
3044,bike,fixed,decaps,766379
3045,bike,fixed,decaps,811699
3046,bike,fixed,decaps,809611
3047,bike,fixed,decaps,780719
3048,bike,fixed,decaps,781040
3049,bike,fixed,decaps,761821
3050,bike,fixed,decaps,757043
3051,bike,fixed,decaps,805269
3052,bike,fixed,decaps,873650
3053,bike,fixed,decaps,845499
3054,bike,fixed,decaps,782663
3055,bike,fixed,decaps,774753
3056,bike,fixed,decaps,779620
3057,bike,fixed,decaps,770638
3058,bike,fixed,decaps,756636
3059,bike,fixed,decaps,761660
3060,bike,fixed,decaps,756600
3061,bike,fixed,decaps,763344
3062,bike,fixed,decaps,878447
3063,bike,fixed,decaps,772471
3064,bike,fixed,decaps,779231
3065,bike,fixed,decaps,756313
3066,bike,fixed,decaps,756217
3067,bike,fixed,decaps,755900
3068,bike,fixed,decaps,755846
3069,bike,fixed,decaps,755761
3070,bike,fixed,decaps,759628
3071,bike,fixed,decaps,756023
3072,bike,fixed,decaps,798255
3073,bike,fixed,decaps,875115
3074,bike,fixed,decaps,802023
3075,bike,fixed,decaps,789495
3076,bike,fixed,decaps,790204
3077,bike,fixed,decaps,780401
3078,bike,fixed,decaps,779841
3079,bike,fixed,decaps,780072
3080,bike,fixed,decaps,777181
3081,bike,fixed,decaps,756505
3082,bike,fixed,decaps,756658
3083,bike,fixed,decaps,756388
3084,bike,fixed,decaps,756200
3085,bike,fixed,decaps,760408
3086,bike,fixed,decaps,756887
3087,bike,fixed,decaps,756579
3088,bike,fixed,decaps,796882
3089,bike,fixed,decaps,762774
3090,bike,fixed,decaps,809221
3091,bike,fixed,decaps,757376
3092,bike,fixed,decaps,756815
3093,bike,fixed,decaps,756927
3094,bike,fixed,decaps,830780
3095,bike,fixed,decaps,908039
3096,bike,fixed,decaps,794910
3097,bike,fixed,decaps,828044
3098,bike,fixed,decaps,758682
3099,bike,fixed,decaps,787053
3100,bike,fixed,decaps,791213
3101,bike,fixed,decaps,789944
3102,bike,fixed,decaps,756187
3103,bike,fixed,decaps,756501
3104,bike,fixed,decaps,756369
3105,bike,fixed,decaps,760443
3106,bike,fixed,decaps,756190
3107,bike,fixed,decaps,756984
3108,bike,fixed,decaps,758399
3109,bike,fixed,decaps,756149
3110,bike,fixed,decaps,756160
3111,bike,fixed,decaps,799347
3112,bike,fixed,decaps,762092
3113,bike,fixed,decaps,756495
3114,bike,fixed,decaps,756269
3115,bike,fixed,decaps,820020
3116,bike,fixed,decaps,884201
3117,bike,fixed,decaps,816104
3118,bike,fixed,decaps,796097
3119,bike,fixed,decaps,757314
3120,bike,fixed,decaps,773956
3121,bike,fixed,decaps,779878
3122,bike,fixed,decaps,782836
3123,bike,fixed,decaps,757355
3124,bike,fixed,decaps,756445
3125,bike,fixed,decaps,756238
3126,bike,fixed,decaps,763513
3127,bike,fixed,decaps,756426
3128,bike,fixed,decaps,756240
3129,bike,fixed,decaps,756168
3130,bike,fixed,decaps,756608
3131,bike,fixed,decaps,791643
3132,bike,fixed,decaps,758197
3133,bike,fixed,decaps,756616
3134,bike,fixed,decaps,756387
3135,bike,fixed,decaps,756285
3136,bike,fixed,decaps,761093
3137,bike,fixed,decaps,846731
3138,bike,fixed,decaps,867698
3139,bike,fixed,decaps,815673
3140,bike,fixed,decaps,802441
3141,bike,fixed,decaps,800999
3142,bike,fixed,decaps,759404
3143,bike,fixed,decaps,759449
3144,bike,fixed,decaps,759151
3145,bike,fixed,decaps,763211
3146,bike,fixed,decaps,769493
3147,bike,fixed,decaps,763374
3148,bike,fixed,decaps,791482
3149,bike,fixed,decaps,759930
3150,bike,fixed,decaps,762155
3151,bike,fixed,decaps,764435
3152,bike,fixed,decaps,776470
3153,bike,fixed,decaps,801450
3154,bike,fixed,decaps,768294
3155,bike,fixed,decaps,771439
3156,bike,fixed,decaps,765091
3157,bike,fixed,decaps,775591
3158,bike,fixed,decaps,956152
3159,bike,fixed,decaps,1225959
3160,bike,fixed,decaps,1108286
3161,bike,fixed,decaps,786056
3162,bike,fixed,decaps,761005
3163,bike,fixed,decaps,761432
3164,bike,fixed,decaps,756310
3165,bike,fixed,decaps,790828
3166,bike,fixed,decaps,821900
3167,bike,fixed,decaps,757332
3168,bike,fixed,decaps,756985
3169,bike,fixed,decaps,756756
3170,bike,fixed,decaps,756446
3171,bike,fixed,decaps,763991
3172,bike,fixed,decaps,774630
3173,bike,fixed,decaps,809012
3174,bike,fixed,decaps,778269
3175,bike,fixed,decaps,756624
3176,bike,fixed,decaps,824435
3177,bike,fixed,decaps,756844
3178,bike,fixed,decaps,766347
3179,bike,fixed,decaps,915501
3180,bike,fixed,decaps,896166
3181,bike,fixed,decaps,789795
3182,bike,fixed,decaps,758272
3183,bike,fixed,decaps,770997
3184,bike,fixed,decaps,756846
3185,bike,fixed,decaps,785568
3186,bike,fixed,decaps,788849
3187,bike,fixed,decaps,756325
3188,bike,fixed,decaps,756146
3189,bike,fixed,decaps,756308
3190,bike,fixed,decaps,755913
3191,bike,fixed,decaps,760546
3192,bike,fixed,decaps,787784
3193,bike,fixed,decaps,757538
3194,bike,fixed,decaps,792170
3195,bike,fixed,decaps,756879
3196,bike,fixed,decaps,756836
3197,bike,fixed,decaps,763981
3198,bike,fixed,decaps,756687
3199,bike,fixed,decaps,791104
3200,bike,fixed,decaps,857817
3201,bike,fixed,decaps,869124
3202,bike,fixed,decaps,836763
3203,bike,fixed,decaps,799608
3204,bike,fixed,decaps,915617
3205,bike,fixed,decaps,842920
3206,bike,fixed,decaps,799059
3207,bike,fixed,decaps,780071
3208,bike,fixed,decaps,771367
3209,bike,fixed,decaps,756477
3210,bike,fixed,decaps,756540
3211,bike,fixed,decaps,756547
3212,bike,fixed,decaps,780852
3213,bike,fixed,decaps,757111
3214,bike,fixed,decaps,756526
3215,bike,fixed,decaps,756517
3216,bike,fixed,decaps,756368
3217,bike,fixed,decaps,778809
3218,bike,fixed,decaps,820341
3219,bike,fixed,decaps,756429
3220,bike,fixed,decaps,749704
3221,bike,fixed,decaps,806528
3222,bike,fixed,decaps,941879
3223,bike,fixed,decaps,786938
3224,bike,fixed,decaps,835199
3225,bike,fixed,decaps,758057
3226,bike,fixed,decaps,756764
3227,bike,fixed,decaps,768141
3228,bike,fixed,decaps,756960
3229,bike,fixed,decaps,757021
3230,bike,fixed,decaps,756566
3231,bike,fixed,decaps,756730
3232,bike,fixed,decaps,762169
3233,bike,fixed,decaps,756724
3234,bike,fixed,decaps,756725
3235,bike,fixed,decaps,756191
3236,bike,fixed,decaps,788421
3237,bike,fixed,decaps,764136
3238,bike,fixed,decaps,756709
3239,bike,fixed,decaps,756871
3240,bike,fixed,decaps,757139
3241,bike,fixed,decaps,756787
3242,bike,fixed,decaps,901468
3243,bike,fixed,decaps,882905
3244,bike,fixed,decaps,858246
3245,bike,fixed,decaps,1062785
3246,bike,fixed,decaps,1141329
3247,bike,fixed,decaps,758513
3248,bike,fixed,decaps,790241
3249,bike,fixed,decaps,757807
3250,bike,fixed,decaps,756844
3251,bike,fixed,decaps,756288
3252,bike,fixed,decaps,827891
3253,bike,fixed,decaps,777309
3254,bike,fixed,decaps,756632
3255,bike,fixed,decaps,756287
3256,bike,fixed,decaps,756272
3257,bike,fixed,decaps,761810
3258,bike,fixed,decaps,790312
3259,bike,fixed,decaps,755988
3260,bike,fixed,decaps,755431
3261,bike,fixed,decaps,755739
3262,bike,fixed,decaps,828966
3263,bike,fixed,decaps,1151329
3264,bike,fixed,decaps,1198190
3265,bike,fixed,decaps,790255
3266,bike,fixed,decaps,769246
3267,bike,fixed,decaps,773211
3268,bike,fixed,decaps,815964
3269,bike,fixed,decaps,770893
3270,bike,fixed,decaps,756085
3271,bike,fixed,decaps,764393
3272,bike,fixed,decaps,756571
3273,bike,fixed,decaps,784264
3274,bike,fixed,decaps,756982
3275,bike,fixed,decaps,756899
3276,bike,fixed,decaps,796863
3277,bike,fixed,decaps,757164
3278,bike,fixed,decaps,756468
3279,bike,fixed,decaps,756197
3280,bike,fixed,decaps,771408
3281,bike,fixed,decaps,780056
3282,bike,fixed,decaps,793316
3283,bike,fixed,decaps,1135048
3284,bike,fixed,decaps,1168356
3285,bike,fixed,decaps,921800
3286,bike,fixed,decaps,773357
3287,bike,fixed,decaps,756629
3288,bike,fixed,decaps,756542
3289,bike,fixed,decaps,756953
3290,bike,fixed,decaps,756464
3291,bike,fixed,decaps,763750
3292,bike,fixed,decaps,757105
3293,bike,fixed,decaps,794399
3294,bike,fixed,decaps,757519
3295,bike,fixed,decaps,757355
3296,bike,fixed,decaps,764683
3297,bike,fixed,decaps,788142
3298,bike,fixed,decaps,789058
3299,bike,fixed,decaps,757091
3300,bike,fixed,decaps,756233
3301,bike,fixed,decaps,762259
3302,bike,fixed,decaps,755814
3303,bike,fixed,decaps,857633
3304,bike,fixed,decaps,1145935
3305,bike,fixed,decaps,1183103
3306,bike,fixed,decaps,758437
3307,bike,fixed,decaps,756788
3308,bike,fixed,decaps,782029
3309,bike,fixed,decaps,786680
3310,bike,fixed,decaps,756135
3311,bike,fixed,decaps,766783
3312,bike,fixed,decaps,790582
3313,bike,fixed,decaps,766976
3314,bike,fixed,decaps,755772
3315,bike,fixed,decaps,756219
3316,bike,fixed,decaps,763842
3317,bike,fixed,decaps,790206
3318,bike,fixed,decaps,769788
3319,bike,fixed,decaps,770130
3320,bike,fixed,decaps,756262
3321,bike,fixed,decaps,765317
3322,bike,fixed,decaps,756381
3323,bike,fixed,decaps,763860
3324,bike,fixed,decaps,1142270
3325,bike,fixed,decaps,1132968
3326,bike,fixed,decaps,983320
3327,bike,fixed,decaps,757939
3328,bike,fixed,decaps,757503
3329,bike,fixed,decaps,756367
3330,bike,fixed,decaps,791015
3331,bike,fixed,decaps,790672
3332,bike,fixed,decaps,1016432
3333,bike,fixed,decaps,966678
3334,bike,fixed,decaps,758372
3335,bike,fixed,decaps,801931
3336,bike,fixed,decaps,778974
3337,bike,fixed,decaps,756418
3338,bike,fixed,decaps,756522
3339,bike,fixed,decaps,756512
3340,bike,fixed,decaps,773697
3341,bike,fixed,decaps,784749
3342,bike,fixed,decaps,770669
3343,bike,fixed,decaps,810000
3344,bike,fixed,decaps,1225220
3345,bike,fixed,decaps,1224275
3346,bike,fixed,decaps,794238
3347,bike,fixed,decaps,791186
3348,bike,fixed,decaps,757774
3349,bike,fixed,decaps,767205
3350,bike,fixed,decaps,774443
3351,bike,fixed,decaps,792502
3352,bike,fixed,decaps,773785
3353,bike,fixed,decaps,1209652
3354,bike,fixed,decaps,945255
3355,bike,fixed,decaps,759764
3356,bike,fixed,decaps,788214
3357,bike,fixed,decaps,789834
3358,bike,fixed,decaps,779425
3359,bike,fixed,decaps,758253
3360,bike,fixed,decaps,757288
3361,bike,fixed,decaps,756483
3362,bike,fixed,decaps,756495
3363,bike,fixed,decaps,1029042
3364,bike,fixed,decaps,1169715
3365,bike,fixed,decaps,941666
3366,bike,fixed,decaps,874385
3367,bike,fixed,decaps,784082
3368,bike,fixed,decaps,770063
3369,bike,fixed,decaps,756437
3370,bike,fixed,decaps,756432
3371,bike,fixed,decaps,756204
3372,bike,fixed,decaps,756551
3373,bike,fixed,decaps,764355
3374,bike,fixed,decaps,756364
3375,bike,fixed,decaps,756072
3376,bike,fixed,decaps,755820
3377,bike,fixed,decaps,787700
3378,bike,fixed,decaps,763332
3379,bike,fixed,decaps,756376
3380,bike,fixed,decaps,756129
3381,bike,fixed,decaps,755985
3382,bike,fixed,decaps,774999
3383,bike,fixed,decaps,763300
3384,bike,fixed,decaps,1081561
3385,bike,fixed,decaps,1107923
3386,bike,fixed,decaps,1050355
3387,bike,fixed,decaps,808275
3388,bike,fixed,decaps,756918
3389,bike,fixed,decaps,791272
3390,bike,fixed,decaps,780044
3391,bike,fixed,decaps,815046
3392,bike,fixed,decaps,827805
3393,bike,fixed,decaps,734536
3394,bike,fixed,decaps,772475
3395,bike,fixed,decaps,756216
3396,bike,fixed,decaps,757331
3397,bike,fixed,decaps,756131
3398,bike,fixed,decaps,791737
3399,bike,fixed,decaps,756007
3400,bike,fixed,decaps,755527
3401,bike,fixed,decaps,755844
3402,bike,fixed,decaps,755991
3403,bike,fixed,decaps,761111
3404,bike,fixed,decaps,971870
3405,bike,fixed,decaps,1187211
3406,bike,fixed,decaps,1056336
3407,bike,fixed,decaps,776902
3408,bike,fixed,decaps,757156
3409,bike,fixed,decaps,756432
3410,bike,fixed,decaps,756448
3411,bike,fixed,decaps,756869
3412,bike,fixed,decaps,762928
3413,bike,fixed,decaps,756526
3414,bike,fixed,decaps,756161
3415,bike,fixed,decaps,793441
3416,bike,fixed,decaps,757985
3417,bike,fixed,decaps,778315
3418,bike,fixed,decaps,1422403
3419,bike,fixed,decaps,1436946
3420,bike,fixed,decaps,790744
3421,bike,fixed,decaps,786224
3422,bike,fixed,decaps,779616
3423,bike,fixed,decaps,1084497
3424,bike,fixed,decaps,1176464
3425,bike,fixed,decaps,989063
3426,bike,fixed,decaps,782067
3427,bike,fixed,decaps,794208
3428,bike,fixed,decaps,734089
3429,bike,fixed,decaps,777384
3430,bike,fixed,decaps,763570
3431,bike,fixed,decaps,756344
3432,bike,fixed,decaps,756263
3433,bike,fixed,decaps,756217
3434,bike,fixed,decaps,756098
3435,bike,fixed,decaps,773985
3436,bike,fixed,decaps,739971
3437,bike,fixed,decaps,804707
3438,bike,fixed,decaps,773162
3439,bike,fixed,decaps,773149
3440,bike,fixed,decaps,765599
3441,bike,fixed,decaps,756283
3442,bike,fixed,decaps,755980
3443,bike,fixed,decaps,853586
3444,bike,fixed,decaps,1161704
3445,bike,fixed,decaps,1203737
3446,bike,fixed,decaps,796650
3447,bike,fixed,decaps,780894
3448,bike,fixed,decaps,791623
3449,bike,fixed,decaps,770672
3450,bike,fixed,decaps,791246
3451,bike,fixed,decaps,780285
3452,bike,fixed,decaps,780093
3453,bike,fixed,decaps,780093
3454,bike,fixed,decaps,788155
3455,bike,fixed,decaps,771014
3456,bike,fixed,decaps,771182
3457,bike,fixed,decaps,795821
3458,bike,fixed,decaps,756522
3459,bike,fixed,decaps,754421
3460,bike,fixed,decaps,803545
3461,bike,fixed,decaps,788247
3462,bike,fixed,decaps,756933
3463,bike,fixed,decaps,818878
3464,bike,fixed,decaps,1175177
3465,bike,fixed,decaps,1087100
3466,bike,fixed,decaps,1196128
3467,bike,fixed,decaps,1051942
3468,bike,fixed,decaps,799343
3469,bike,fixed,decaps,756773
3470,bike,fixed,decaps,756924
3471,bike,fixed,decaps,787007
3472,bike,fixed,decaps,781785
3473,bike,fixed,decaps,763443
3474,bike,fixed,decaps,757244
3475,bike,fixed,decaps,756720
3476,bike,fixed,decaps,756651
3477,bike,fixed,decaps,788304
3478,bike,fixed,decaps,756710
3479,bike,fixed,decaps,764963
3480,bike,fixed,decaps,756481
3481,bike,fixed,decaps,756503
3482,bike,fixed,decaps,779526
3483,bike,fixed,decaps,846077
3484,bike,fixed,decaps,1153419
3485,bike,fixed,decaps,1193114
3486,bike,fixed,decaps,827139
3487,bike,fixed,decaps,758131
3488,bike,fixed,decaps,798581
3489,bike,fixed,decaps,783058
3490,bike,fixed,decaps,757150
3491,bike,fixed,decaps,756456
3492,bike,fixed,decaps,756104
3493,bike,fixed,decaps,761586
3494,bike,fixed,decaps,756642
3495,bike,fixed,decaps,756130
3496,bike,fixed,decaps,756164
3497,bike,fixed,decaps,787622
3498,bike,fixed,decaps,760149
3499,bike,fixed,decaps,756925
3500,bike,fixed,decaps,756127
3501,bike,fixed,decaps,756018
3502,bike,fixed,decaps,756063
3503,bike,fixed,decaps,755943
3504,bike,fixed,decaps,1079901
3505,bike,fixed,decaps,1109534
3506,bike,fixed,decaps,1230452
3507,bike,fixed,decaps,877604
3508,bike,fixed,decaps,774404
3509,bike,fixed,decaps,780553
3510,bike,fixed,decaps,780350
3511,bike,fixed,decaps,780554
3512,bike,fixed,decaps,792454
3513,bike,fixed,decaps,740532
3514,bike,fixed,decaps,768306
3515,bike,fixed,decaps,756481
3516,bike,fixed,decaps,756494
3517,bike,fixed,decaps,791367
3518,bike,fixed,decaps,757399
3519,bike,fixed,decaps,756948
3520,bike,fixed,decaps,756905
3521,bike,fixed,decaps,756413
3522,bike,fixed,decaps,756018
3523,bike,fixed,decaps,760030
3524,bike,fixed,decaps,1003429
3525,bike,fixed,decaps,1104835
3526,bike,fixed,decaps,1031160
3527,bike,fixed,decaps,777462
3528,bike,fixed,decaps,776143
3529,bike,fixed,decaps,802078
3530,bike,fixed,decaps,780594
3531,bike,fixed,decaps,779930
3532,bike,fixed,decaps,788194
3533,bike,fixed,decaps,787946
3534,bike,fixed,decaps,748634
3535,bike,fixed,decaps,734183
3536,bike,fixed,decaps,763067
3537,bike,fixed,decaps,760854
3538,bike,fixed,decaps,755954
3539,bike,fixed,decaps,756875
3540,bike,fixed,decaps,756145
3541,bike,fixed,decaps,756092
3542,bike,fixed,decaps,759661
3543,bike,fixed,decaps,756566
3544,bike,fixed,decaps,801714
3545,bike,fixed,decaps,1125521
3546,bike,fixed,decaps,1186982
3547,bike,fixed,decaps,847011
3548,bike,fixed,decaps,781745
3549,bike,fixed,decaps,779892
3550,bike,fixed,decaps,779577
3551,bike,fixed,decaps,779614
3552,bike,fixed,decaps,771336
3553,bike,fixed,decaps,765669
3554,bike,fixed,decaps,755482
3555,bike,fixed,decaps,756011
3556,bike,fixed,decaps,755775
3557,bike,fixed,decaps,803946
3558,bike,fixed,decaps,813030
3559,bike,fixed,decaps,801012
3560,bike,fixed,decaps,767936
3561,bike,fixed,decaps,733817
3562,bike,fixed,decaps,764307
3563,bike,fixed,decaps,755474
3564,bike,fixed,decaps,755994
3565,bike,fixed,decaps,994165
3566,bike,fixed,decaps,1094726
3567,bike,fixed,decaps,1119207
3568,bike,fixed,decaps,759230
3569,bike,fixed,decaps,789497
3570,bike,fixed,decaps,790668
3571,bike,fixed,decaps,791647
3572,bike,fixed,decaps,780100
3573,bike,fixed,decaps,779730
3574,bike,fixed,decaps,779445
3575,bike,fixed,decaps,784809
3576,bike,fixed,decaps,740694
3577,bike,fixed,decaps,734814
3578,bike,fixed,decaps,775426
3579,bike,fixed,decaps,789640
3580,bike,fixed,decaps,755755
3581,bike,fixed,decaps,773265
3582,bike,fixed,decaps,760104
3583,bike,fixed,decaps,756234
3584,bike,fixed,decaps,808541
3585,bike,fixed,decaps,832266
3586,bike,fixed,decaps,1193397
3587,bike,fixed,decaps,1155037
3588,bike,fixed,decaps,814666
3589,bike,fixed,decaps,785911
3590,bike,fixed,decaps,757114
3591,bike,fixed,decaps,786022
3592,bike,fixed,decaps,756514
3593,bike,fixed,decaps,756491
3594,bike,fixed,decaps,756277
3595,bike,fixed,decaps,756065
3596,bike,fixed,decaps,761296
3597,bike,fixed,decaps,756562
3598,bike,fixed,decaps,756279
3599,bike,fixed,decaps,756150
3600,bike,fixed,decaps,787568
3601,bike,fixed,decaps,761954
3602,bike,fixed,decaps,1070670
3603,bike,fixed,decaps,918295
3604,bike,fixed,decaps,758373
3605,bike,fixed,decaps,831268
3606,bike,fixed,decaps,1138718
3607,bike,fixed,decaps,1200866
3608,bike,fixed,decaps,792399
3609,bike,fixed,decaps,821822
3610,bike,fixed,decaps,793614
3611,bike,fixed,decaps,823547
3612,bike,fixed,decaps,790524
3613,bike,fixed,decaps,757313
3614,bike,fixed,decaps,757222
3615,bike,fixed,decaps,764324
3616,bike,fixed,decaps,777099
3617,bike,fixed,decaps,792164
3618,bike,fixed,decaps,756519
3619,bike,fixed,decaps,788216
3620,bike,fixed,decaps,761198
3621,bike,fixed,decaps,762386
3622,bike,fixed,decaps,756934
3623,bike,fixed,decaps,756733
3624,bike,fixed,decaps,756833
3625,bike,fixed,decaps,764805
3626,bike,fixed,decaps,1169545
3627,bike,fixed,decaps,1221670
3628,bike,fixed,decaps,891174
3629,bike,fixed,decaps,796863
3630,bike,fixed,decaps,795213
3631,bike,fixed,decaps,804820
3632,bike,fixed,decaps,798015
3633,bike,fixed,decaps,787993
3634,bike,fixed,decaps,761628
3635,bike,fixed,decaps,756866
3636,bike,fixed,decaps,750273
3637,bike,fixed,decaps,767818
3638,bike,fixed,decaps,756493
3639,bike,fixed,decaps,756086
3640,bike,fixed,decaps,797201
3641,bike,fixed,decaps,756268
3642,bike,fixed,decaps,756241
3643,bike,fixed,decaps,756545
3644,bike,fixed,decaps,756299
3645,bike,fixed,decaps,762263
3646,bike,fixed,decaps,1013256
3647,bike,fixed,decaps,1089969
3648,bike,fixed,decaps,1039744
3649,bike,fixed,decaps,776748
3650,bike,fixed,decaps,775076
3651,bike,fixed,decaps,757795
3652,bike,fixed,decaps,757165
3653,bike,fixed,decaps,756941
3654,bike,fixed,decaps,763602
3655,bike,fixed,decaps,756551
3656,bike,fixed,decaps,793007
3657,bike,fixed,decaps,779813
3658,bike,fixed,decaps,780568
3659,bike,fixed,decaps,846083
3660,bike,fixed,decaps,734780
3661,bike,fixed,decaps,734516
3662,bike,fixed,decaps,767612
3663,bike,fixed,decaps,756492
3664,bike,fixed,decaps,760119
3665,bike,fixed,decaps,756645
3666,bike,fixed,decaps,784893
3667,bike,fixed,decaps,1107404
3668,bike,fixed,decaps,1194081
3669,bike,fixed,decaps,870916
3670,bike,fixed,decaps,779535
3671,bike,fixed,decaps,756686
3672,bike,fixed,decaps,756855
3673,bike,fixed,decaps,756422
3674,bike,fixed,decaps,764105
3675,bike,fixed,decaps,756628
3676,bike,fixed,decaps,756383
3677,bike,fixed,decaps,756301
3678,bike,fixed,decaps,756859
3679,bike,fixed,decaps,786829
3680,bike,fixed,decaps,814161
3681,bike,fixed,decaps,779758
3682,bike,fixed,decaps,780272
3683,bike,fixed,decaps,779929
3684,bike,fixed,decaps,802475
3685,bike,fixed,decaps,734440
3686,bike,fixed,decaps,734598
3687,bike,fixed,decaps,954216
3688,bike,fixed,decaps,1132109
3689,bike,fixed,decaps,1110240
3690,bike,fixed,decaps,758768
3691,bike,fixed,decaps,787274
3692,bike,fixed,decaps,782857
3693,bike,fixed,decaps,803818
3694,bike,fixed,decaps,734544
3695,bike,fixed,decaps,771004
3696,bike,fixed,decaps,756531
3697,bike,fixed,decaps,756378
3698,bike,fixed,decaps,756814
3699,bike,fixed,decaps,762667
3700,bike,fixed,decaps,756163
3701,bike,fixed,decaps,789513
3702,bike,fixed,decaps,756067
3703,bike,fixed,decaps,756218
3704,bike,fixed,decaps,763162
3705,bike,fixed,decaps,756333
3706,bike,fixed,decaps,757067
3707,bike,fixed,decaps,756879
3708,bike,fixed,decaps,1104839
3709,bike,fixed,decaps,1092027
3710,bike,fixed,decaps,996073
3711,bike,fixed,decaps,815684
3712,bike,fixed,decaps,789214
3713,bike,fixed,decaps,793890
3714,bike,fixed,decaps,808813
3715,bike,fixed,decaps,757089
3716,bike,fixed,decaps,757077
3717,bike,fixed,decaps,756253
3718,bike,fixed,decaps,775721
3719,bike,fixed,decaps,740895
3720,bike,fixed,decaps,792138
3721,bike,fixed,decaps,757591
3722,bike,fixed,decaps,788210
3723,bike,fixed,decaps,763520
3724,bike,fixed,decaps,756202
3725,bike,fixed,decaps,756520
3726,bike,fixed,decaps,757370
3727,bike,fixed,decaps,757160
3728,bike,fixed,decaps,940435
3729,bike,fixed,decaps,1192605
3730,bike,fixed,decaps,1170056
3731,bike,fixed,decaps,787323
3732,bike,fixed,decaps,757212
3733,bike,fixed,decaps,768464
3734,bike,fixed,decaps,787527
3735,bike,fixed,decaps,784185
3736,bike,fixed,decaps,926521
3737,bike,fixed,decaps,1092825
3738,bike,fixed,decaps,1201863
3739,bike,fixed,decaps,1192894
3740,bike,fixed,decaps,1119856
3741,bike,fixed,decaps,774295
3742,bike,fixed,decaps,757367
3743,bike,fixed,decaps,810054
3744,bike,fixed,decaps,792498
3745,bike,fixed,decaps,916116
3746,bike,fixed,decaps,1169529
3747,bike,fixed,decaps,1213068
3748,bike,fixed,decaps,927312
3749,bike,fixed,decaps,811951
3750,bike,fixed,decaps,806502
3751,bike,fixed,decaps,785719
3752,bike,fixed,decaps,762399
3753,bike,fixed,decaps,756378
3754,bike,fixed,decaps,756238
3755,bike,fixed,decaps,761178
3756,bike,fixed,decaps,761254
3757,bike,fixed,decaps,762654
3758,bike,fixed,decaps,755857
3759,bike,fixed,decaps,756498
3760,bike,fixed,decaps,760182
3761,bike,fixed,decaps,792440
3762,bike,fixed,decaps,756041
3763,bike,fixed,decaps,755842
3764,bike,fixed,decaps,755843
3765,bike,fixed,decaps,759525
3766,bike,fixed,decaps,850811
3767,bike,fixed,decaps,1128424
3768,bike,fixed,decaps,1151728
3769,bike,fixed,decaps,784234
3770,bike,fixed,decaps,757892
3771,bike,fixed,decaps,756396
3772,bike,fixed,decaps,756502
3773,bike,fixed,decaps,756352
3774,bike,fixed,decaps,760401
3775,bike,fixed,decaps,782781
3776,bike,fixed,decaps,756564
3777,bike,fixed,decaps,756059
3778,bike,fixed,decaps,756754
3779,bike,fixed,decaps,756504
3780,bike,fixed,decaps,760228
3781,bike,fixed,decaps,756612
3782,bike,fixed,decaps,756478
3783,bike,fixed,decaps,756753
3784,bike,fixed,decaps,756613
3785,bike,fixed,decaps,760493
3786,bike,fixed,decaps,756518
3787,bike,fixed,decaps,952031
3788,bike,fixed,decaps,1120572
3789,bike,fixed,decaps,1148518
3790,bike,fixed,decaps,813536
3791,bike,fixed,decaps,780579
3792,bike,fixed,decaps,780165
3793,bike,fixed,decaps,780153
3794,bike,fixed,decaps,809274
3795,bike,fixed,decaps,758100
3796,bike,fixed,decaps,757227
3797,bike,fixed,decaps,756100
3798,bike,fixed,decaps,756809
3799,bike,fixed,decaps,761070
3800,bike,fixed,decaps,756865
3801,bike,fixed,decaps,790459
3802,bike,fixed,decaps,756598
3803,bike,fixed,decaps,756672
3804,bike,fixed,decaps,756703
3805,bike,fixed,decaps,760387
3806,bike,fixed,decaps,756584
3807,bike,fixed,decaps,790650
3808,bike,fixed,decaps,1134847
3809,bike,fixed,decaps,1195872
3810,bike,fixed,decaps,850298
3811,bike,fixed,decaps,757943
3812,bike,fixed,decaps,756523
3813,bike,fixed,decaps,756363
3814,bike,fixed,decaps,799213
3815,bike,fixed,decaps,780121
3816,bike,fixed,decaps,779832
3817,bike,fixed,decaps,779735
3818,bike,fixed,decaps,779704
3819,bike,fixed,decaps,798418
3820,bike,fixed,decaps,734340
3821,bike,fixed,decaps,739830
3822,bike,fixed,decaps,805468
3823,bike,fixed,decaps,756406
3824,bike,fixed,decaps,772370
3825,bike,fixed,decaps,757734
3826,bike,fixed,decaps,756639
3827,bike,fixed,decaps,756485
3828,bike,fixed,decaps,965564
3829,bike,fixed,decaps,1130061
3830,bike,fixed,decaps,1067868
3831,bike,fixed,decaps,759336
3832,bike,fixed,decaps,789713
3833,bike,fixed,decaps,769435
3834,bike,fixed,decaps,757171
3835,bike,fixed,decaps,756108
3836,bike,fixed,decaps,758833
3837,bike,fixed,decaps,756616
3838,bike,fixed,decaps,756401
3839,bike,fixed,decaps,776053
3840,bike,fixed,decaps,756367
3841,bike,fixed,decaps,756519
3842,bike,fixed,decaps,756192
3843,bike,fixed,decaps,756043
3844,bike,fixed,decaps,761694
3845,bike,fixed,decaps,756230
3846,bike,fixed,decaps,756436
3847,bike,fixed,decaps,789894
3848,bike,fixed,decaps,787361
3849,bike,fixed,decaps,1135288
3850,bike,fixed,decaps,1109477
3851,bike,fixed,decaps,999829
3852,bike,fixed,decaps,811759
3853,bike,fixed,decaps,1029971
3854,bike,fixed,decaps,1100797
3855,bike,fixed,decaps,769509
3856,bike,fixed,decaps,813252
3857,bike,fixed,decaps,789972
3858,bike,fixed,decaps,780763
3859,bike,fixed,decaps,765564
3860,bike,fixed,decaps,763225
3861,bike,fixed,decaps,794556
3862,bike,fixed,decaps,756474
3863,bike,fixed,decaps,767879
3864,bike,fixed,decaps,766247
3865,bike,fixed,decaps,756396
3866,bike,fixed,decaps,756040
3867,bike,fixed,decaps,756184
3868,bike,fixed,decaps,873180
3869,bike,fixed,decaps,1181073
3870,bike,fixed,decaps,1217346
3871,bike,fixed,decaps,1165807
3872,bike,fixed,decaps,797282
3873,bike,fixed,decaps,757108
3874,bike,fixed,decaps,756144
3875,bike,fixed,decaps,778942
3876,bike,fixed,decaps,798332
3877,bike,fixed,decaps,756822
3878,bike,fixed,decaps,756741
3879,bike,fixed,decaps,756687
3880,bike,fixed,decaps,756393
3881,bike,fixed,decaps,757277
3882,bike,fixed,decaps,760367
3883,bike,fixed,decaps,756293
3884,bike,fixed,decaps,820970
3885,bike,fixed,decaps,757272
3886,bike,fixed,decaps,756639
3887,bike,fixed,decaps,763642
3888,bike,fixed,decaps,953178
3889,bike,fixed,decaps,1146738
3890,bike,fixed,decaps,1123413
3891,bike,fixed,decaps,778317
3892,bike,fixed,decaps,757658
3893,bike,fixed,decaps,756974
3894,bike,fixed,decaps,793559
3895,bike,fixed,decaps,781274
3896,bike,fixed,decaps,786945
3897,bike,fixed,decaps,780560
3898,bike,fixed,decaps,788147
3899,bike,fixed,decaps,762738
3900,bike,fixed,decaps,734615
3901,bike,fixed,decaps,779934
3902,bike,fixed,decaps,757176
3903,bike,fixed,decaps,756851
3904,bike,fixed,decaps,756639
3905,bike,fixed,decaps,756824
3906,bike,fixed,decaps,760556
3907,bike,fixed,decaps,757886
3908,bike,fixed,decaps,769294
3909,bike,fixed,decaps,1123317
3910,bike,fixed,decaps,1191315
3911,bike,fixed,decaps,851209
3912,bike,fixed,decaps,758193
3913,bike,fixed,decaps,756540
3914,bike,fixed,decaps,756245
3915,bike,fixed,decaps,756416
3916,bike,fixed,decaps,762552
3917,bike,fixed,decaps,756828
3918,bike,fixed,decaps,756354
3919,bike,fixed,decaps,756113
3920,bike,fixed,decaps,756101
3921,bike,fixed,decaps,759819
3922,bike,fixed,decaps,790309
3923,bike,fixed,decaps,756825
3924,bike,fixed,decaps,756082
3925,bike,fixed,decaps,755938
3926,bike,fixed,decaps,760236
3927,bike,fixed,decaps,756166
3928,bike,fixed,decaps,756271
3929,bike,fixed,decaps,845226
3930,bike,fixed,decaps,1149911
3931,bike,fixed,decaps,1207643
3932,bike,fixed,decaps,809225
3933,bike,fixed,decaps,781348
3934,bike,fixed,decaps,788108
3935,bike,fixed,decaps,756889
3936,bike,fixed,decaps,780015
3937,bike,fixed,decaps,756798
3938,bike,fixed,decaps,756622
3939,bike,fixed,decaps,756478
3940,bike,fixed,decaps,756624
3941,bike,fixed,decaps,778498
3942,bike,fixed,decaps,764024
3943,bike,fixed,decaps,803558
3944,bike,fixed,decaps,740771
3945,bike,fixed,decaps,762039
3946,bike,fixed,decaps,760736
3947,bike,fixed,decaps,756936
3948,bike,fixed,decaps,756217
3949,bike,fixed,decaps,756471
3950,bike,fixed,decaps,1066599
3951,bike,fixed,decaps,1121442
3952,bike,fixed,decaps,973099
3953,bike,fixed,decaps,759105
3954,bike,fixed,decaps,791992
3955,bike,fixed,decaps,769146
3956,bike,fixed,decaps,774210
3957,bike,fixed,decaps,757269
3958,bike,fixed,decaps,756665
3959,bike,fixed,decaps,756600
3960,bike,fixed,decaps,756902
3961,bike,fixed,decaps,761297
3962,bike,fixed,decaps,756955
3963,bike,fixed,decaps,756890
3964,bike,fixed,decaps,756675
3965,bike,fixed,decaps,756769
3966,bike,fixed,decaps,760907
3967,bike,fixed,decaps,779118
3968,bike,fixed,decaps,780112
3969,bike,fixed,decaps,777702
3970,bike,fixed,decaps,807233
3971,bike,fixed,decaps,1148190
3972,bike,fixed,decaps,1192903
3973,bike,fixed,decaps,830474
3974,bike,fixed,decaps,774549
3975,bike,fixed,decaps,767118
3976,bike,fixed,decaps,772174
3977,bike,fixed,decaps,734216
3978,bike,fixed,decaps,779384
3979,bike,fixed,decaps,756036
3980,bike,fixed,decaps,761297
3981,bike,fixed,decaps,755951
3982,bike,fixed,decaps,756285
3983,bike,fixed,decaps,758484
3984,bike,fixed,decaps,787914
3985,bike,fixed,decaps,759700
3986,bike,fixed,decaps,756432
3987,bike,fixed,decaps,755871
3988,bike,fixed,decaps,756270
3989,bike,fixed,decaps,756003
3990,bike,fixed,decaps,755669
3991,bike,fixed,decaps,925691
3992,bike,fixed,decaps,1115034
3993,bike,fixed,decaps,1097499
3994,bike,fixed,decaps,758966
3995,bike,fixed,decaps,801249
3996,bike,fixed,decaps,781878
3997,bike,fixed,decaps,756773
3998,bike,fixed,decaps,756482
3999,bike,fixed,decaps,756359
4000,bike,fixed,decaps,763514
4001,bike,fixed,decaps,786755
4002,bike,fixed,decaps,757377
4003,bike,fixed,decaps,756230
4004,bike,fixed,decaps,756376
4005,bike,fixed,decaps,775695
4006,bike,fixed,decaps,775453
4007,bike,fixed,decaps,777103
4008,bike,fixed,decaps,757162
4009,bike,fixed,decaps,756182
4010,bike,fixed,decaps,760547
4011,bike,fixed,decaps,975684
4012,bike,fixed,decaps,1105366
4013,bike,fixed,decaps,1227409
4014,bike,fixed,decaps,1196306
4015,bike,fixed,decaps,813426
4016,bike,fixed,decaps,787727
4017,bike,fixed,decaps,757078
4018,bike,fixed,decaps,756541
4019,bike,fixed,decaps,780566
4020,bike,fixed,decaps,756969
4021,bike,fixed,decaps,756944
4022,bike,fixed,decaps,756750
4023,bike,fixed,decaps,756197
4024,bike,fixed,decaps,760968
4025,bike,fixed,decaps,790353
4026,bike,fixed,decaps,756716
4027,bike,fixed,decaps,756704
4028,bike,fixed,decaps,756951
4029,bike,fixed,decaps,760757
4030,bike,fixed,decaps,756995
4031,bike,fixed,decaps,805278
4032,bike,fixed,decaps,1117977
4033,bike,fixed,decaps,1189084
4034,bike,fixed,decaps,845543
4035,bike,fixed,decaps,758072
4036,bike,fixed,decaps,756539
4037,bike,fixed,decaps,774080
4038,bike,fixed,decaps,779814
4039,bike,fixed,decaps,777941
4040,bike,fixed,decaps,758288
4041,bike,fixed,decaps,756025
4042,bike,fixed,decaps,756150
4043,bike,fixed,decaps,756747
4044,bike,fixed,decaps,774378
4045,bike,fixed,decaps,796810
4046,bike,fixed,decaps,756047
4047,bike,fixed,decaps,755764
4048,bike,fixed,decaps,755851
4049,bike,fixed,decaps,760428
4050,bike,fixed,decaps,756048
4051,bike,fixed,decaps,756025
4052,bike,fixed,decaps,966910
4053,bike,fixed,decaps,1112375
4054,bike,fixed,decaps,1136287
4055,bike,fixed,decaps,759480
4056,bike,fixed,decaps,757370
4057,bike,fixed,decaps,757135
4058,bike,fixed,decaps,780117
4059,bike,fixed,decaps,757299
4060,bike,fixed,decaps,756311
4061,bike,fixed,decaps,771474
4062,bike,fixed,decaps,757074
4063,bike,fixed,decaps,756707
4064,bike,fixed,decaps,799341
4065,bike,fixed,decaps,782644
4066,bike,fixed,decaps,789877
4067,bike,fixed,decaps,756839
4068,bike,fixed,decaps,756397
4069,bike,fixed,decaps,764137
4070,bike,fixed,decaps,756939
4071,bike,fixed,decaps,756461
4072,bike,fixed,decaps,766024
4073,bike,fixed,decaps,1130814
4074,bike,fixed,decaps,1147390
4075,bike,fixed,decaps,1299987
4076,bike,fixed,decaps,1466806
4077,bike,fixed,decaps,847665
4078,bike,fixed,decaps,805651
4079,bike,fixed,decaps,805048
4080,bike,fixed,decaps,804815
4081,bike,fixed,decaps,803705
4082,bike,fixed,decaps,765576
4083,bike,fixed,decaps,734071
4084,bike,fixed,decaps,757044
4085,bike,fixed,decaps,756755
4086,bike,fixed,decaps,774990
4087,bike,fixed,decaps,761884
4088,bike,fixed,decaps,755952
4089,bike,fixed,decaps,756448
4090,bike,fixed,decaps,756440
4091,bike,fixed,decaps,792083
4092,bike,fixed,decaps,1122457
4093,bike,fixed,decaps,1186813
4094,bike,fixed,decaps,874611
4095,bike,fixed,decaps,809001
4096,bike,fixed,decaps,794117
4097,bike,fixed,decaps,780663
4098,bike,fixed,decaps,796887
4099,bike,fixed,decaps,780074
4100,bike,fixed,decaps,779969
4101,bike,fixed,decaps,787706
4102,bike,fixed,decaps,754779
4103,bike,fixed,decaps,772466
4104,bike,fixed,decaps,759984
4105,bike,fixed,decaps,774783
4106,bike,fixed,decaps,739297
4107,bike,fixed,decaps,767651
4108,bike,fixed,decaps,756510
4109,bike,fixed,decaps,756136
4110,bike,fixed,decaps,756126
4111,bike,fixed,decaps,756539
4112,bike,fixed,decaps,1044147
4113,bike,fixed,decaps,1089014
4114,bike,fixed,decaps,1312630
4115,bike,fixed,decaps,783339
4116,bike,fixed,decaps,756344
4117,bike,fixed,decaps,755920
4118,bike,fixed,decaps,755700
4119,bike,fixed,decaps,756056
4120,bike,fixed,decaps,755619
4121,bike,fixed,decaps,795695
4122,bike,fixed,decaps,778288
4123,bike,fixed,decaps,756111
4124,bike,fixed,decaps,757050
4125,bike,fixed,decaps,756193
4126,bike,fixed,decaps,760284
4127,bike,fixed,decaps,813543
4128,bike,fixed,decaps,735797
4129,bike,fixed,decaps,772160
4130,bike,fixed,decaps,757139
4131,bike,fixed,decaps,762466
4132,bike,fixed,decaps,892951
4133,bike,fixed,decaps,1130764
4134,bike,fixed,decaps,1134984
4135,bike,fixed,decaps,774001
4136,bike,fixed,decaps,758329
4137,bike,fixed,decaps,794819
4138,bike,fixed,decaps,776794
4139,bike,fixed,decaps,756576
4140,bike,fixed,decaps,761443
4141,bike,fixed,decaps,756600
4142,bike,fixed,decaps,756598
4143,bike,fixed,decaps,756415
4144,bike,fixed,decaps,899472
4145,bike,fixed,decaps,1134440
4146,bike,fixed,decaps,758932
4147,bike,fixed,decaps,756895
4148,bike,fixed,decaps,756479
4149,bike,fixed,decaps,756179
4150,bike,fixed,decaps,766053
4151,bike,fixed,decaps,778443
4152,bike,fixed,decaps,903086
4153,bike,fixed,decaps,1162092
4154,bike,fixed,decaps,1022601
4155,bike,fixed,decaps,782936
4156,bike,fixed,decaps,771207
4157,bike,fixed,decaps,785840
4158,bike,fixed,decaps,779946
4159,bike,fixed,decaps,799860
4160,bike,fixed,decaps,734539
4161,bike,fixed,decaps,770508
4162,bike,fixed,decaps,756862
4163,bike,fixed,decaps,755909
4164,bike,fixed,decaps,755919
4165,bike,fixed,decaps,760066
4166,bike,fixed,decaps,755988
4167,bike,fixed,decaps,789967
4168,bike,fixed,decaps,756302
4169,bike,fixed,decaps,756699
4170,bike,fixed,decaps,760018
4171,bike,fixed,decaps,756610
4172,bike,fixed,decaps,757553
4173,bike,fixed,decaps,1043582
4174,bike,fixed,decaps,1132334
4175,bike,fixed,decaps,1052170
4176,bike,fixed,decaps,782440
4177,bike,fixed,decaps,780472
4178,bike,fixed,decaps,783436
4179,bike,fixed,decaps,792963
4180,bike,fixed,decaps,780041
4181,bike,fixed,decaps,786338
4182,bike,fixed,decaps,753042
4183,bike,fixed,decaps,734096
4184,bike,fixed,decaps,782740
4185,bike,fixed,decaps,757144
4186,bike,fixed,decaps,756200
4187,bike,fixed,decaps,790072
4188,bike,fixed,decaps,756815
4189,bike,fixed,decaps,756825
4190,bike,fixed,decaps,765303
4191,bike,fixed,decaps,756592
4192,bike,fixed,decaps,756748
4193,bike,fixed,decaps,845545
4194,bike,fixed,decaps,1158547
4195,bike,fixed,decaps,1155795
4196,bike,fixed,decaps,760365
4197,bike,fixed,decaps,791308
4198,bike,fixed,decaps,757516
4199,bike,fixed,decaps,767603
4200,bike,fixed,decaps,756737
4201,bike,fixed,decaps,756799
4202,bike,fixed,decaps,756340
4203,bike,fixed,decaps,756307
4204,bike,fixed,decaps,761746
4205,bike,fixed,decaps,756935
4206,bike,fixed,decaps,756780
4207,bike,fixed,decaps,756332
4208,bike,fixed,decaps,756586
4209,bike,fixed,decaps,760931
4210,bike,fixed,decaps,756758
4211,bike,fixed,decaps,756789
4212,bike,fixed,decaps,756386
4213,bike,fixed,decaps,756134
4214,bike,fixed,decaps,995786
4215,bike,fixed,decaps,1114847
4216,bike,fixed,decaps,1113107
4217,bike,fixed,decaps,782462
4218,bike,fixed,decaps,780915
4219,bike,fixed,decaps,794304
4220,bike,fixed,decaps,779989
4221,bike,fixed,decaps,786706
4222,bike,fixed,decaps,753777
4223,bike,fixed,decaps,756484
4224,bike,fixed,decaps,805894
4225,bike,fixed,decaps,756376
4226,bike,fixed,decaps,771349
4227,bike,fixed,decaps,734283
4228,bike,fixed,decaps,802648
4229,bike,fixed,decaps,761137
4230,bike,fixed,decaps,756578
4231,bike,fixed,decaps,777027
4232,bike,fixed,decaps,757597
4233,bike,fixed,decaps,768012
4234,bike,fixed,decaps,803769
4235,bike,fixed,decaps,1115091
4236,bike,fixed,decaps,1200058
4237,bike,fixed,decaps,795537
4238,bike,fixed,decaps,768304
4239,bike,fixed,decaps,756488
4240,bike,fixed,decaps,756473
4241,bike,fixed,decaps,756258
4242,bike,fixed,decaps,766144
4243,bike,fixed,decaps,756167
4244,bike,fixed,decaps,784356
4245,bike,fixed,decaps,756186
4246,bike,fixed,decaps,756167
4247,bike,fixed,decaps,756621
4248,bike,fixed,decaps,756525
4249,bike,fixed,decaps,764518
4250,bike,fixed,decaps,794169
4251,bike,fixed,decaps,756675
4252,bike,fixed,decaps,756667
4253,bike,fixed,decaps,759654
4254,bike,fixed,decaps,761425
4255,bike,fixed,decaps,932838
4256,bike,fixed,decaps,1120553
4257,bike,fixed,decaps,1070961
4258,bike,fixed,decaps,800246
4259,bike,fixed,decaps,757585
4260,bike,fixed,decaps,757242
4261,bike,fixed,decaps,757152
4262,bike,fixed,decaps,756992
4263,bike,fixed,decaps,763622
4264,bike,fixed,decaps,759207
4265,bike,fixed,decaps,757828
4266,bike,fixed,decaps,757836
4267,bike,fixed,decaps,777749
4268,bike,fixed,decaps,740027
4269,bike,fixed,decaps,770693
4270,bike,fixed,decaps,756933
4271,bike,fixed,decaps,756863
4272,bike,fixed,decaps,756495
4273,bike,fixed,decaps,757058
4274,bike,fixed,decaps,761222
4275,bike,fixed,decaps,757025
4276,bike,fixed,decaps,1046079
4277,bike,fixed,decaps,1146749
4278,bike,fixed,decaps,966480
4279,bike,fixed,decaps,778966
4280,bike,fixed,decaps,792781
4281,bike,fixed,decaps,756404
4282,bike,fixed,decaps,909967
4283,bike,fixed,decaps,1056271
4284,bike,fixed,decaps,758678
4285,bike,fixed,decaps,776933
4286,bike,fixed,decaps,792172
4287,bike,fixed,decaps,756842
4288,bike,fixed,decaps,766719
4289,bike,fixed,decaps,791250
4290,bike,fixed,decaps,757140
4291,bike,fixed,decaps,756453
4292,bike,fixed,decaps,756292
4293,bike,fixed,decaps,779159
4294,bike,fixed,decaps,756655
4295,bike,fixed,decaps,756894
4296,bike,fixed,decaps,984554
4297,bike,fixed,decaps,1144245
4298,bike,fixed,decaps,1061828
4299,bike,fixed,decaps,759067
4300,bike,fixed,decaps,790995
4301,bike,fixed,decaps,778004
4302,bike,fixed,decaps,769759
4303,bike,fixed,decaps,765578
4304,bike,fixed,decaps,769104
4305,bike,fixed,decaps,771332
4306,bike,fixed,decaps,756937
4307,bike,fixed,decaps,763218
4308,bike,fixed,decaps,757382
4309,bike,fixed,decaps,756787
4310,bike,fixed,decaps,817594
4311,bike,fixed,decaps,792768
4312,bike,fixed,decaps,756795
4313,bike,fixed,decaps,760007
4314,bike,fixed,decaps,756365
4315,bike,fixed,decaps,756613
4316,bike,fixed,decaps,837899
4317,bike,fixed,decaps,1192932
4318,bike,fixed,decaps,1160758
4319,bike,fixed,decaps,771680
4320,bike,fixed,decaps,790425
4321,bike,fixed,decaps,757318
4322,bike,fixed,decaps,771833
4323,bike,fixed,decaps,756291
4324,bike,fixed,decaps,756031
4325,bike,fixed,decaps,756401
4326,bike,fixed,decaps,756350
4327,bike,fixed,decaps,760228
4328,bike,fixed,decaps,756532
4329,bike,fixed,decaps,756233
4330,bike,fixed,decaps,756330
4331,bike,fixed,decaps,756152
4332,bike,fixed,decaps,809088
4333,bike,fixed,decaps,757065
4334,bike,fixed,decaps,756397
4335,bike,fixed,decaps,756046
4336,bike,fixed,decaps,756005
4337,bike,fixed,decaps,1008542
4338,bike,fixed,decaps,1101689
4339,bike,fixed,decaps,1047253
4340,bike,fixed,decaps,788879
4341,bike,fixed,decaps,794156
4342,bike,fixed,decaps,790792
4343,bike,fixed,decaps,780577
4344,bike,fixed,decaps,786902
4345,bike,fixed,decaps,754552
4346,bike,fixed,decaps,755888
4347,bike,fixed,decaps,776186
4348,bike,fixed,decaps,756216
4349,bike,fixed,decaps,756402
4350,bike,fixed,decaps,756066
4351,bike,fixed,decaps,793930
4352,bike,fixed,decaps,767723
4353,bike,fixed,decaps,740927
4354,bike,fixed,decaps,772868
4355,bike,fixed,decaps,756578
4356,bike,fixed,decaps,756529
4357,bike,fixed,decaps,795081
4358,bike,fixed,decaps,1107188
4359,bike,fixed,decaps,1195936
4360,bike,fixed,decaps,808996
4361,bike,fixed,decaps,786305
4362,bike,fixed,decaps,781020
4363,bike,fixed,decaps,772542
4364,bike,fixed,decaps,756358
4365,bike,fixed,decaps,756301
4366,bike,fixed,decaps,756388
4367,bike,fixed,decaps,760155
4368,bike,fixed,decaps,756372
4369,bike,fixed,decaps,769554
4370,bike,fixed,decaps,740329
4371,bike,fixed,decaps,768534
4372,bike,fixed,decaps,765651
4373,bike,fixed,decaps,809990
4374,bike,fixed,decaps,740212
4375,bike,fixed,decaps,770148
4376,bike,fixed,decaps,755908
4377,bike,fixed,decaps,760289
4378,bike,fixed,decaps,916250
4379,bike,fixed,decaps,1112059
4380,bike,fixed,decaps,1111373
4381,bike,fixed,decaps,774805
4382,bike,fixed,decaps,756806
4383,bike,fixed,decaps,794280
4384,bike,fixed,decaps,780305
4385,bike,fixed,decaps,786963
4386,bike,fixed,decaps,763699
4387,bike,fixed,decaps,757289
4388,bike,fixed,decaps,793691
4389,bike,fixed,decaps,756853
4390,bike,fixed,decaps,756316
4391,bike,fixed,decaps,756067
4392,bike,fixed,decaps,819460
4393,bike,fixed,decaps,769289
4394,bike,fixed,decaps,733918
4395,bike,fixed,decaps,733814
4396,bike,fixed,decaps,773028
4397,bike,fixed,decaps,761349
4398,bike,fixed,decaps,756302
4399,bike,fixed,decaps,1050059
4400,bike,fixed,decaps,1133891
4401,bike,fixed,decaps,1003200
4402,bike,fixed,decaps,759306
4403,bike,fixed,decaps,757253
4404,bike,fixed,decaps,757030
4405,bike,fixed,decaps,789945
4406,bike,fixed,decaps,790196
4407,bike,fixed,decaps,756764
4408,bike,fixed,decaps,756132
4409,bike,fixed,decaps,756460
4410,bike,fixed,decaps,756573
4411,bike,fixed,decaps,768243
4412,bike,fixed,decaps,756404
4413,bike,fixed,decaps,788283
4414,bike,fixed,decaps,756393
4415,bike,fixed,decaps,756274
4416,bike,fixed,decaps,763434
4417,bike,fixed,decaps,756869
4418,bike,fixed,decaps,756410
4419,bike,fixed,decaps,829145
4420,bike,fixed,decaps,1128660
4421,bike,fixed,decaps,1202260
4422,bike,fixed,decaps,1134073
4423,bike,fixed,decaps,818235
4424,bike,fixed,decaps,787929
4425,bike,fixed,decaps,795655
4426,bike,fixed,decaps,774772
4427,bike,fixed,decaps,734537
4428,bike,fixed,decaps,771253
4429,bike,fixed,decaps,756219
4430,bike,fixed,decaps,770659
4431,bike,fixed,decaps,757372
4432,bike,fixed,decaps,756581
4433,bike,fixed,decaps,756556
4434,bike,fixed,decaps,756705
4435,bike,fixed,decaps,757245
4436,bike,fixed,decaps,794753
4437,bike,fixed,decaps,756794
4438,bike,fixed,decaps,756292
4439,bike,fixed,decaps,809387
4440,bike,fixed,decaps,1112767
4441,bike,fixed,decaps,1162140
4442,bike,fixed,decaps,892858
4443,bike,fixed,decaps,826440
4444,bike,fixed,decaps,757944
4445,bike,fixed,decaps,767931
4446,bike,fixed,decaps,757019
4447,bike,fixed,decaps,792559
4448,bike,fixed,decaps,786814
4449,bike,fixed,decaps,755179
4450,bike,fixed,decaps,773039
4451,bike,fixed,decaps,756759
4452,bike,fixed,decaps,757143
4453,bike,fixed,decaps,757076
4454,bike,fixed,decaps,788251
4455,bike,fixed,decaps,760717
4456,bike,fixed,decaps,756727
4457,bike,fixed,decaps,755989
4458,bike,fixed,decaps,756505
4459,bike,fixed,decaps,756297
4460,bike,fixed,decaps,1096701
4461,bike,fixed,decaps,1117618
4462,bike,fixed,decaps,1023083
4463,bike,fixed,decaps,781041
4464,bike,fixed,decaps,792711
4465,bike,fixed,decaps,780315
4466,bike,fixed,decaps,776495
4467,bike,fixed,decaps,757141
4468,bike,fixed,decaps,756637
4469,bike,fixed,decaps,756582
4470,bike,fixed,decaps,761669
4471,bike,fixed,decaps,757102
4472,bike,fixed,decaps,756996
4473,bike,fixed,decaps,756115
4474,bike,fixed,decaps,795885
4475,bike,fixed,decaps,765767
4476,bike,fixed,decaps,761400
4477,bike,fixed,decaps,757751
4478,bike,fixed,decaps,757121
4479,bike,fixed,decaps,756699
4480,bike,fixed,decaps,829979
4481,bike,fixed,decaps,1136375
4482,bike,fixed,decaps,1196667
4483,bike,fixed,decaps,784858
4484,bike,fixed,decaps,792892
4485,bike,fixed,decaps,955650
4486,bike,fixed,decaps,1055799
4487,bike,fixed,decaps,983841
4488,bike,fixed,decaps,926425
4489,bike,fixed,decaps,1217993
4490,bike,fixed,decaps,795141
4491,bike,fixed,decaps,781625
4492,bike,fixed,decaps,783113
4493,bike,fixed,decaps,792233
4494,bike,fixed,decaps,807770
4495,bike,fixed,decaps,981934
4496,bike,fixed,decaps,777759
4497,bike,fixed,decaps,782192
4498,bike,fixed,decaps,825511
4499,bike,fixed,decaps,1239943
4500,bike,fixed,decaps,1165427
4501,bike,fixed,decaps,773834
4502,bike,fixed,decaps,791219
4503,bike,fixed,decaps,779453
4504,bike,fixed,decaps,779519
4505,bike,fixed,decaps,780272
4506,bike,fixed,decaps,779280
4507,bike,fixed,decaps,786713
4508,bike,fixed,decaps,779711
4509,bike,fixed,decaps,785889
4510,bike,fixed,decaps,734255
4511,bike,fixed,decaps,734185
4512,bike,fixed,decaps,806325
4513,bike,fixed,decaps,756347
4514,bike,fixed,decaps,757282
4515,bike,fixed,decaps,756285
4516,bike,fixed,decaps,756321
4517,bike,fixed,decaps,760342
4518,bike,fixed,decaps,756115
4519,bike,fixed,decaps,929872
4520,bike,fixed,decaps,1135920
4521,bike,fixed,decaps,1145655
4522,bike,fixed,decaps,782323
4523,bike,fixed,decaps,780129
4524,bike,fixed,decaps,775338
4525,bike,fixed,decaps,756432
4526,bike,fixed,decaps,775819
4527,bike,fixed,decaps,756844
4528,bike,fixed,decaps,756073
4529,bike,fixed,decaps,756195
4530,bike,fixed,decaps,768735
4531,bike,fixed,decaps,740056
4532,bike,fixed,decaps,773975
4533,bike,fixed,decaps,789775
4534,bike,fixed,decaps,756806
4535,bike,fixed,decaps,756923
4536,bike,fixed,decaps,758367
4537,bike,fixed,decaps,761597
4538,bike,fixed,decaps,757184
4539,bike,fixed,decaps,756997
4540,bike,fixed,decaps,1107224
4541,bike,fixed,decaps,1162043
4542,bike,fixed,decaps,926798
4543,bike,fixed,decaps,792285
4544,bike,fixed,decaps,756729
4545,bike,fixed,decaps,756088
4546,bike,fixed,decaps,766896
4547,bike,fixed,decaps,756610
4548,bike,fixed,decaps,756354
4549,bike,fixed,decaps,755964
4550,bike,fixed,decaps,758114
4551,bike,fixed,decaps,1090681
4552,bike,fixed,decaps,869129
4553,bike,fixed,decaps,758864
4554,bike,fixed,decaps,756821
4555,bike,fixed,decaps,788960
4556,bike,fixed,decaps,793689
4557,bike,fixed,decaps,771682
4558,bike,fixed,decaps,758559
4559,bike,fixed,decaps,764743
4560,bike,fixed,decaps,1135475
4561,bike,fixed,decaps,1234364
4562,bike,fixed,decaps,786797
4563,bike,fixed,decaps,773885
4564,bike,fixed,decaps,816453
4565,bike,fixed,decaps,807726
4566,bike,fixed,decaps,781300
4567,bike,fixed,decaps,780705
4568,bike,fixed,decaps,781322
4569,bike,fixed,decaps,777158
4570,bike,fixed,decaps,742305
4571,bike,fixed,decaps,740306
4572,bike,fixed,decaps,770961
4573,bike,fixed,decaps,789881
4574,bike,fixed,decaps,756823
4575,bike,fixed,decaps,764950
4576,bike,fixed,decaps,758449
4577,bike,fixed,decaps,756966
4578,bike,fixed,decaps,756953
4579,bike,fixed,decaps,756821
4580,bike,fixed,decaps,889223
4581,bike,fixed,decaps,1169942
4582,bike,fixed,decaps,1193455
4583,bike,fixed,decaps,789488
4584,bike,fixed,decaps,804037
4585,bike,fixed,decaps,791967
4586,bike,fixed,decaps,774880
4587,bike,fixed,decaps,760003
4588,bike,fixed,decaps,755955
4589,bike,fixed,decaps,756043
4590,bike,fixed,decaps,760860
4591,bike,fixed,decaps,756104
4592,bike,fixed,decaps,773805
4593,bike,fixed,decaps,733570
4594,bike,fixed,decaps,799964
4595,bike,fixed,decaps,760257
4596,bike,fixed,decaps,756551
4597,bike,fixed,decaps,756625
4598,bike,fixed,decaps,756373
4599,bike,fixed,decaps,756548
4600,bike,fixed,decaps,787545
4601,bike,fixed,decaps,1105795
4602,bike,fixed,decaps,1132677
4603,bike,fixed,decaps,907030
4604,bike,fixed,decaps,802207
4605,bike,fixed,decaps,780425
4606,bike,fixed,decaps,785860
4607,bike,fixed,decaps,780163
4608,bike,fixed,decaps,779873
4609,bike,fixed,decaps,784858
4610,bike,fixed,decaps,780414
4611,bike,fixed,decaps,777556
4612,bike,fixed,decaps,733998
4613,bike,fixed,decaps,740435
4614,bike,fixed,decaps,768906
4615,bike,fixed,decaps,760428
4616,bike,fixed,decaps,757004
4617,bike,fixed,decaps,756567
4618,bike,fixed,decaps,756477
4619,bike,fixed,decaps,756742
4620,bike,fixed,decaps,760660
4621,bike,fixed,decaps,898953
4622,bike,fixed,decaps,1127117
4623,bike,fixed,decaps,1151160
4624,bike,fixed,decaps,776270
4625,bike,fixed,decaps,756502
4626,bike,fixed,decaps,755997
4627,bike,fixed,decaps,756420
4628,bike,fixed,decaps,756766
4629,bike,fixed,decaps,763161
4630,bike,fixed,decaps,756300
4631,bike,fixed,decaps,756159
4632,bike,fixed,decaps,756217
4633,bike,fixed,decaps,755870
4634,bike,fixed,decaps,755934
4635,bike,fixed,decaps,759758
4636,bike,fixed,decaps,756613
4637,bike,fixed,decaps,756882
4638,bike,fixed,decaps,755890
4639,bike,fixed,decaps,755941
4640,bike,fixed,decaps,760582
4641,bike,fixed,decaps,756208
4642,bike,fixed,decaps,1013246
4643,bike,fixed,decaps,1105892
4644,bike,fixed,decaps,1108031
4645,bike,fixed,decaps,788947
4646,bike,fixed,decaps,756573
4647,bike,fixed,decaps,755991
4648,bike,fixed,decaps,755938
4649,bike,fixed,decaps,766265
4650,bike,fixed,decaps,764756
4651,bike,fixed,decaps,756368
4652,bike,fixed,decaps,757009
4653,bike,fixed,decaps,757325
4654,bike,fixed,decaps,760863
4655,bike,fixed,decaps,756427
4656,bike,fixed,decaps,797294
4657,bike,fixed,decaps,761875
4658,bike,fixed,decaps,756385
4659,bike,fixed,decaps,755931
4660,bike,fixed,decaps,760422
4661,bike,fixed,decaps,756335
4662,bike,fixed,decaps,768002
4663,bike,fixed,decaps,1138914
4664,bike,fixed,decaps,1185528
4665,bike,fixed,decaps,876249
4666,bike,fixed,decaps,758659
4667,bike,fixed,decaps,757090
4668,bike,fixed,decaps,756924
4669,bike,fixed,decaps,795606
4670,bike,fixed,decaps,785074
4671,bike,fixed,decaps,756904
4672,bike,fixed,decaps,758086
4673,bike,fixed,decaps,759757
4674,bike,fixed,decaps,799015
4675,bike,fixed,decaps,794576
4676,bike,fixed,decaps,756546
4677,bike,fixed,decaps,790428
4678,bike,fixed,decaps,757511
4679,bike,fixed,decaps,763652
4680,bike,fixed,decaps,756683
4681,bike,fixed,decaps,796794
4682,bike,fixed,decaps,757463
4683,bike,fixed,decaps,1027742
4684,bike,fixed,decaps,1152586
4685,bike,fixed,decaps,1043316
4686,bike,fixed,decaps,759403
4687,bike,fixed,decaps,789228
4688,bike,fixed,decaps,772733
4689,bike,fixed,decaps,758154
4690,bike,fixed,decaps,984900
4691,bike,fixed,decaps,997631
4692,bike,fixed,decaps,758709
4693,bike,fixed,decaps,787871
4694,bike,fixed,decaps,757045
4695,bike,fixed,decaps,757260
4696,bike,fixed,decaps,756806
4697,bike,fixed,decaps,756583
4698,bike,fixed,decaps,766124
4699,bike,fixed,decaps,757160
4700,bike,fixed,decaps,757010
4701,bike,fixed,decaps,757037
4702,bike,fixed,decaps,756637
4703,bike,fixed,decaps,982160
4704,bike,fixed,decaps,1117358
4705,bike,fixed,decaps,1190692
4706,bike,fixed,decaps,788683
4707,bike,fixed,decaps,770239
4708,bike,fixed,decaps,757671
4709,bike,fixed,decaps,757030
4710,bike,fixed,decaps,757307
4711,bike,fixed,decaps,756888
4712,bike,fixed,decaps,757165
4713,bike,fixed,decaps,764009
4714,bike,fixed,decaps,756302
4715,bike,fixed,decaps,756556
4716,bike,fixed,decaps,777121
4717,bike,fixed,decaps,796484
4718,bike,fixed,decaps,767724
4719,bike,fixed,decaps,741250
4720,bike,fixed,decaps,798235
4721,bike,fixed,decaps,757385
4722,bike,fixed,decaps,756858
4723,bike,fixed,decaps,832344
4724,bike,fixed,decaps,1116215
4725,bike,fixed,decaps,1184838
4726,bike,fixed,decaps,1201580
4727,bike,fixed,decaps,796606
4728,bike,fixed,decaps,780752
4729,bike,fixed,decaps,790870
4730,bike,fixed,decaps,780110
4731,bike,fixed,decaps,780090
4732,bike,fixed,decaps,774060
4733,bike,fixed,decaps,734441
4734,bike,fixed,decaps,756094
4735,bike,fixed,decaps,756353
4736,bike,fixed,decaps,788526
4737,bike,fixed,decaps,816001
4738,bike,fixed,decaps,780305
4739,bike,fixed,decaps,779513
4740,bike,fixed,decaps,773692
4741,bike,fixed,decaps,733756
4742,bike,fixed,decaps,761854
4743,bike,fixed,decaps,837445
4744,bike,fixed,decaps,1132233
4745,bike,fixed,decaps,1150659
4746,bike,fixed,decaps,788868
4747,bike,fixed,decaps,757225
4748,bike,fixed,decaps,756385
4749,bike,fixed,decaps,756327
4750,bike,fixed,decaps,775153
4751,bike,fixed,decaps,789679
4752,bike,fixed,decaps,777021
4753,bike,fixed,decaps,756149
4754,bike,fixed,decaps,756325
4755,bike,fixed,decaps,756533
4756,bike,fixed,decaps,1259633
4757,bike,fixed,decaps,1418649
4758,bike,fixed,decaps,781311
4759,bike,fixed,decaps,798828
4760,bike,fixed,decaps,812647
4761,bike,fixed,decaps,795611
4762,bike,fixed,decaps,866398
4763,bike,fixed,decaps,1183337
4764,bike,fixed,decaps,1229999
4765,bike,fixed,decaps,758792
4766,bike,fixed,decaps,756642
4767,bike,fixed,decaps,756359
4768,bike,fixed,decaps,755867
4769,bike,fixed,decaps,766550
4770,bike,fixed,decaps,1106364
4771,bike,fixed,decaps,991964
4772,bike,fixed,decaps,806616
4773,bike,fixed,decaps,796621
4774,bike,fixed,decaps,794985
4775,bike,fixed,decaps,797424
4776,bike,fixed,decaps,756416
4777,bike,fixed,decaps,755837
4778,bike,fixed,decaps,762530
4779,bike,fixed,decaps,761493
4780,bike,fixed,decaps,756656
4781,bike,fixed,decaps,756753
4782,bike,fixed,decaps,1056463
4783,bike,fixed,decaps,1169179
4784,bike,fixed,decaps,994213
4785,bike,fixed,decaps,758937
4786,bike,fixed,decaps,757629
4787,bike,fixed,decaps,781950
4788,bike,fixed,decaps,792172
4789,bike,fixed,decaps,781486
4790,bike,fixed,decaps,780171
4791,bike,fixed,decaps,780306
4792,bike,fixed,decaps,782510
4793,bike,fixed,decaps,740885
4794,bike,fixed,decaps,735323
4795,bike,fixed,decaps,773623
4796,bike,fixed,decaps,756457
4797,bike,fixed,decaps,804849
4798,bike,fixed,decaps,779999
4799,bike,fixed,decaps,784456
4800,bike,fixed,decaps,780064
4801,bike,fixed,decaps,791803
4802,bike,fixed,decaps,812660
4803,bike,fixed,decaps,1126950
4804,bike,fixed,decaps,1138240
4805,bike,fixed,decaps,802828
4806,bike,fixed,decaps,792379
4807,bike,fixed,decaps,790003
4808,bike,fixed,decaps,800081
4809,bike,fixed,decaps,757407
4810,bike,fixed,decaps,756849
4811,bike,fixed,decaps,756794
4812,bike,fixed,decaps,756328
4813,bike,fixed,decaps,760729
4814,bike,fixed,decaps,757291
4815,bike,fixed,decaps,757299
4816,bike,fixed,decaps,756944
4817,bike,fixed,decaps,757200
4818,bike,fixed,decaps,760462
4819,bike,fixed,decaps,757540
4820,bike,fixed,decaps,756752
4821,bike,fixed,decaps,756804
4822,bike,fixed,decaps,756981
4823,bike,fixed,decaps,1004290
4824,bike,fixed,decaps,1100597
4825,bike,fixed,decaps,1219411
4826,bike,fixed,decaps,1154383
4827,bike,fixed,decaps,793850
4828,bike,fixed,decaps,781324
4829,bike,fixed,decaps,780218
4830,bike,fixed,decaps,780078
4831,bike,fixed,decaps,767444
4832,bike,fixed,decaps,767232
4833,bike,fixed,decaps,756769
4834,bike,fixed,decaps,756039
4835,bike,fixed,decaps,756348
4836,bike,fixed,decaps,756579
4837,bike,fixed,decaps,780584
4838,bike,fixed,decaps,757270
4839,bike,fixed,decaps,790130
4840,bike,fixed,decaps,756616
4841,bike,fixed,decaps,756512
4842,bike,fixed,decaps,756559
4843,bike,fixed,decaps,1042415
4844,bike,fixed,decaps,1067579
4845,bike,fixed,decaps,1106419
4846,bike,fixed,decaps,772538
4847,bike,fixed,decaps,820525
4848,bike,fixed,decaps,798927
4849,bike,fixed,decaps,779673
4850,bike,fixed,decaps,756066
4851,bike,fixed,decaps,756414
4852,bike,fixed,decaps,763145
4853,bike,fixed,decaps,756737
4854,bike,fixed,decaps,756896
4855,bike,fixed,decaps,756734
4856,bike,fixed,decaps,756343
4857,bike,fixed,decaps,791734
4858,bike,fixed,decaps,756351
4859,bike,fixed,decaps,756192
4860,bike,fixed,decaps,756156
4861,bike,fixed,decaps,756153
4862,bike,fixed,decaps,760701
4863,bike,fixed,decaps,876119
4864,bike,fixed,decaps,1187630
4865,bike,fixed,decaps,1181085
4866,bike,fixed,decaps,778961
4867,bike,fixed,decaps,756883
4868,bike,fixed,decaps,816254
4869,bike,fixed,decaps,802848
4870,bike,fixed,decaps,781171
4871,bike,fixed,decaps,785934
4872,bike,fixed,decaps,780346
4873,bike,fixed,decaps,767366
4874,bike,fixed,decaps,734308
4875,bike,fixed,decaps,757451
4876,bike,fixed,decaps,760492
4877,bike,fixed,decaps,757443
4878,bike,fixed,decaps,756756
4879,bike,fixed,decaps,757000
4880,bike,fixed,decaps,756548
4881,bike,fixed,decaps,756535
4882,bike,fixed,decaps,761169
4883,bike,fixed,decaps,757275
4884,bike,fixed,decaps,1103115
4885,bike,fixed,decaps,1146445
4886,bike,fixed,decaps,929820
4887,bike,fixed,decaps,758243
4888,bike,fixed,decaps,756724
4889,bike,fixed,decaps,756342
4890,bike,fixed,decaps,755945
4891,bike,fixed,decaps,767046
4892,bike,fixed,decaps,755994
4893,bike,fixed,decaps,756185
4894,bike,fixed,decaps,756125
4895,bike,fixed,decaps,756181
4896,bike,fixed,decaps,760743
4897,bike,fixed,decaps,756295
4898,bike,fixed,decaps,793243
4899,bike,fixed,decaps,756622
4900,bike,fixed,decaps,756283
4901,bike,fixed,decaps,756404
4902,bike,fixed,decaps,760622
4903,bike,fixed,decaps,756234
4904,bike,fixed,decaps,801880
4905,bike,fixed,decaps,1136616
4906,bike,fixed,decaps,1172621
4907,bike,fixed,decaps,825918
4908,bike,fixed,decaps,781591
4909,bike,fixed,decaps,780326
4910,bike,fixed,decaps,770541
4911,bike,fixed,decaps,765652
4912,bike,fixed,decaps,756549
4913,bike,fixed,decaps,756266
4914,bike,fixed,decaps,756167
4915,bike,fixed,decaps,756235
4916,bike,fixed,decaps,762353
4917,bike,fixed,decaps,756051
4918,bike,fixed,decaps,755963
4919,bike,fixed,decaps,797111
4920,bike,fixed,decaps,764189
4921,bike,fixed,decaps,747642
4922,bike,fixed,decaps,768250
4923,bike,fixed,decaps,755841
4924,bike,fixed,decaps,755986
4925,bike,fixed,decaps,931181
4926,bike,fixed,decaps,1155628
4927,bike,fixed,decaps,1161276
4928,bike,fixed,decaps,760497
4929,bike,fixed,decaps,788010
4930,bike,fixed,decaps,757752
4931,bike,fixed,decaps,788782
4932,bike,fixed,decaps,786903
4933,bike,fixed,decaps,783457
4934,bike,fixed,decaps,756717
4935,bike,fixed,decaps,756681
4936,bike,fixed,decaps,764987
4937,bike,fixed,decaps,756859
4938,bike,fixed,decaps,756358
4939,bike,fixed,decaps,756243
4940,bike,fixed,decaps,793515
4941,bike,fixed,decaps,769676
4942,bike,fixed,decaps,734932
4943,bike,fixed,decaps,734099
4944,bike,fixed,decaps,772689
4945,bike,fixed,decaps,758035
4946,bike,fixed,decaps,1115461
4947,bike,fixed,decaps,1141694
4948,bike,fixed,decaps,989308
4949,bike,fixed,decaps,779677
4950,bike,fixed,decaps,768238
4951,bike,fixed,decaps,756866
4952,bike,fixed,decaps,756540
4953,bike,fixed,decaps,757325
4954,bike,fixed,decaps,756727
4955,bike,fixed,decaps,761565
4956,bike,fixed,decaps,756470
4957,bike,fixed,decaps,756531
4958,bike,fixed,decaps,756360
4959,bike,fixed,decaps,794672
4960,bike,fixed,decaps,757199
4961,bike,fixed,decaps,760004
4962,bike,fixed,decaps,763901
4963,bike,fixed,decaps,965472
4964,bike,fixed,decaps,1020117
4965,bike,fixed,decaps,791727
4966,bike,fixed,decaps,1116664
4967,bike,fixed,decaps,1221667
4968,bike,fixed,decaps,832381
4969,bike,fixed,decaps,772388
4970,bike,fixed,decaps,756616
4971,bike,fixed,decaps,756237
4972,bike,fixed,decaps,905789
4973,bike,fixed,decaps,781600
4974,bike,fixed,decaps,790539
4975,bike,fixed,decaps,780618
4976,bike,fixed,decaps,779939
4977,bike,fixed,decaps,756691
4978,bike,fixed,decaps,756770
4979,bike,fixed,decaps,773944
4980,bike,fixed,decaps,762815
4981,bike,fixed,decaps,823755
4982,bike,fixed,decaps,792284
4983,bike,fixed,decaps,756422
4984,bike,fixed,decaps,756746
4985,bike,fixed,decaps,760410
4986,bike,fixed,decaps,1071818
4987,bike,fixed,decaps,1065602
4988,bike,fixed,decaps,1015190
4989,bike,fixed,decaps,776242
4990,bike,fixed,decaps,756528
4991,bike,fixed,decaps,756075
4992,bike,fixed,decaps,756272
4993,bike,fixed,decaps,755952
4994,bike,fixed,decaps,785720
4995,bike,fixed,decaps,791877
4996,bike,fixed,decaps,756332
4997,bike,fixed,decaps,756300
4998,bike,fixed,decaps,756441
4999,bike,fixed,decaps,760509
5000,bike,fixed,decaps,756842
5001,bike,fixed,decaps,756338
5002,bike,fixed,decaps,757289
5003,bike,fixed,decaps,774171
5004,bike,fixed,decaps,783094
5005,bike,fixed,decaps,774213
5006,bike,fixed,decaps,811960
5007,bike,fixed,decaps,1127931
5008,bike,fixed,decaps,1186677
5009,bike,fixed,decaps,846123
5010,bike,fixed,decaps,781073
5011,bike,fixed,decaps,779957
5012,bike,fixed,decaps,779618
5013,bike,fixed,decaps,779960
5014,bike,fixed,decaps,787151
5015,bike,fixed,decaps,778470
5016,bike,fixed,decaps,733846
5017,bike,fixed,decaps,740691
5018,bike,fixed,decaps,768703
5019,bike,fixed,decaps,760174
5020,bike,fixed,decaps,790261
5021,bike,fixed,decaps,756002
5022,bike,fixed,decaps,756246
5023,bike,fixed,decaps,756028
5024,bike,fixed,decaps,760137
5025,bike,fixed,decaps,756087
5026,bike,fixed,decaps,756152
5027,bike,fixed,decaps,994871
5028,bike,fixed,decaps,1113678
5029,bike,fixed,decaps,1115203
5030,bike,fixed,decaps,782607
5031,bike,fixed,decaps,780930
5032,bike,fixed,decaps,780214
5033,bike,fixed,decaps,803633
5034,bike,fixed,decaps,786813
5035,bike,fixed,decaps,747323
5036,bike,fixed,decaps,768346
5037,bike,fixed,decaps,756396
5038,bike,fixed,decaps,792826
5039,bike,fixed,decaps,734799
5040,bike,fixed,decaps,770631
5041,bike,fixed,decaps,788124
5042,bike,fixed,decaps,756513
5043,bike,fixed,decaps,755843
5044,bike,fixed,decaps,760683
5045,bike,fixed,decaps,756074
5046,bike,fixed,decaps,755709
5047,bike,fixed,decaps,805450
5048,bike,fixed,decaps,1158945
5049,bike,fixed,decaps,1142220
5050,bike,fixed,decaps,825469
5051,bike,fixed,decaps,827375
5052,bike,fixed,decaps,778528
5053,bike,fixed,decaps,803400
5054,bike,fixed,decaps,787695
5055,bike,fixed,decaps,757097
5056,bike,fixed,decaps,757148
5057,bike,fixed,decaps,756984
5058,bike,fixed,decaps,760659
5059,bike,fixed,decaps,756748
5060,bike,fixed,decaps,756817
5061,bike,fixed,decaps,756715
5062,bike,fixed,decaps,756874
5063,bike,fixed,decaps,777729
5064,bike,fixed,decaps,759750
5065,bike,fixed,decaps,757506
5066,bike,fixed,decaps,757520
5067,bike,fixed,decaps,757164
5068,bike,fixed,decaps,1062952
5069,bike,fixed,decaps,1093637
5070,bike,fixed,decaps,1097236
5071,bike,fixed,decaps,816239
5072,bike,fixed,decaps,784255
5073,bike,fixed,decaps,819795
5074,bike,fixed,decaps,773386
5075,bike,fixed,decaps,756915
5076,bike,fixed,decaps,756392
5077,bike,fixed,decaps,756699
5078,bike,fixed,decaps,763117
5079,bike,fixed,decaps,756190
5080,bike,fixed,decaps,758492
5081,bike,fixed,decaps,757297
5082,bike,fixed,decaps,788353
5083,bike,fixed,decaps,761987
5084,bike,fixed,decaps,756640
5085,bike,fixed,decaps,756843
5086,bike,fixed,decaps,756496
5087,bike,fixed,decaps,756579
5088,bike,fixed,decaps,830402
5089,bike,fixed,decaps,1112160
5090,bike,fixed,decaps,1188327
5091,bike,fixed,decaps,802877
5092,bike,fixed,decaps,791554
5093,bike,fixed,decaps,780976
5094,bike,fixed,decaps,780542
5095,bike,fixed,decaps,780545
5096,bike,fixed,decaps,780336
5097,bike,fixed,decaps,971091
5098,bike,fixed,decaps,1010686
5099,bike,fixed,decaps,761368
5100,bike,fixed,decaps,757869
5101,bike,fixed,decaps,756902
5102,bike,fixed,decaps,765527
5103,bike,fixed,decaps,780978
5104,bike,fixed,decaps,779941
5105,bike,fixed,decaps,773554
5106,bike,fixed,decaps,756271
5107,bike,fixed,decaps,760016
5108,bike,fixed,decaps,907155
5109,bike,fixed,decaps,1188505
5110,bike,fixed,decaps,1007632
5111,bike,fixed,decaps,809587
5112,bike,fixed,decaps,781537
5113,bike,fixed,decaps,771695
5114,bike,fixed,decaps,757089
5115,bike,fixed,decaps,757516
5116,bike,fixed,decaps,764587
5117,bike,fixed,decaps,757020
5118,bike,fixed,decaps,756646
5119,bike,fixed,decaps,756523
5120,bike,fixed,decaps,756533
5121,bike,fixed,decaps,756423
5122,bike,fixed,decaps,760019
5123,bike,fixed,decaps,790177
5124,bike,fixed,decaps,755917
5125,bike,fixed,decaps,755630
5126,bike,fixed,decaps,756012
5127,bike,fixed,decaps,759703
5128,bike,fixed,decaps,755871
5129,bike,fixed,decaps,1014872
5130,bike,fixed,decaps,1103271
5131,bike,fixed,decaps,1108756
5132,bike,fixed,decaps,791306
5133,bike,fixed,decaps,757048
5134,bike,fixed,decaps,756819
5135,bike,fixed,decaps,756202
5136,bike,fixed,decaps,785742
5137,bike,fixed,decaps,780497
5138,bike,fixed,decaps,780134
5139,bike,fixed,decaps,780765
5140,bike,fixed,decaps,780268
5141,bike,fixed,decaps,800035
5142,bike,fixed,decaps,733956
5143,bike,fixed,decaps,774261
5144,bike,fixed,decaps,761583
5145,bike,fixed,decaps,757456
5146,bike,fixed,decaps,756650
5147,bike,fixed,decaps,761042
5148,bike,fixed,decaps,757024
5149,bike,fixed,decaps,807141
5150,bike,fixed,decaps,1122882
5151,bike,fixed,decaps,1193316
5152,bike,fixed,decaps,809518
5153,bike,fixed,decaps,757880
5154,bike,fixed,decaps,756860
5155,bike,fixed,decaps,756735
5156,bike,fixed,decaps,767705
5157,bike,fixed,decaps,756488
5158,bike,fixed,decaps,756732
5159,bike,fixed,decaps,756752
5160,bike,fixed,decaps,756254
5161,bike,fixed,decaps,764024
5162,bike,fixed,decaps,756612
5163,bike,fixed,decaps,756357
5164,bike,fixed,decaps,789925
5165,bike,fixed,decaps,756459
5166,bike,fixed,decaps,763886
5167,bike,fixed,decaps,756646
5168,bike,fixed,decaps,756125
5169,bike,fixed,decaps,756363
5170,bike,fixed,decaps,897779
5171,bike,fixed,decaps,1145279
5172,bike,fixed,decaps,1129030
5173,bike,fixed,decaps,759886
5174,bike,fixed,decaps,788807
5175,bike,fixed,decaps,757732
5176,bike,fixed,decaps,768445
5177,bike,fixed,decaps,757421
5178,bike,fixed,decaps,756764
5179,bike,fixed,decaps,756933
5180,bike,fixed,decaps,756618
5181,bike,fixed,decaps,760862
5182,bike,fixed,decaps,756975
5183,bike,fixed,decaps,756732
5184,bike,fixed,decaps,756651
5185,bike,fixed,decaps,756808
5186,bike,fixed,decaps,761980
5187,bike,fixed,decaps,756811
5188,bike,fixed,decaps,756686
5189,bike,fixed,decaps,756585
5190,bike,fixed,decaps,756628
5191,bike,fixed,decaps,1022613
5192,bike,fixed,decaps,1095741
5193,bike,fixed,decaps,1084542
5194,bike,fixed,decaps,781817
5195,bike,fixed,decaps,780320
5196,bike,fixed,decaps,791768
5197,bike,fixed,decaps,780142
5198,bike,fixed,decaps,779268
5199,bike,fixed,decaps,734508
5200,bike,fixed,decaps,734073
5201,bike,fixed,decaps,776129
5202,bike,fixed,decaps,756852
5203,bike,fixed,decaps,756394
5204,bike,fixed,decaps,756188
5205,bike,fixed,decaps,787809
5206,bike,fixed,decaps,775925
5207,bike,fixed,decaps,740473
5208,bike,fixed,decaps,772524
5209,bike,fixed,decaps,756208
5210,bike,fixed,decaps,756189
5211,bike,fixed,decaps,800619
5212,bike,fixed,decaps,1115382
5213,bike,fixed,decaps,1185316
5214,bike,fixed,decaps,822710
5215,bike,fixed,decaps,771117
5216,bike,fixed,decaps,758789
5217,bike,fixed,decaps,793001
5218,bike,fixed,decaps,776963
5219,bike,fixed,decaps,757191
5220,bike,fixed,decaps,777308
5221,bike,fixed,decaps,861934
5222,bike,fixed,decaps,774442
5223,bike,fixed,decaps,757154
5224,bike,fixed,decaps,772204
5225,bike,fixed,decaps,766773
5226,bike,fixed,decaps,798724
5227,bike,fixed,decaps,773958
5228,bike,fixed,decaps,792507
5229,bike,fixed,decaps,756047
5230,bike,fixed,decaps,755797
5231,bike,fixed,decaps,760399
5232,bike,fixed,decaps,1080319
5233,bike,fixed,decaps,1109511
5234,bike,fixed,decaps,1108247
5235,bike,fixed,decaps,1184690
5236,bike,fixed,decaps,737342
5237,bike,fixed,decaps,774709
5238,bike,fixed,decaps,782664
5239,bike,fixed,decaps,810498
5240,bike,fixed,decaps,756960
5241,bike,fixed,decaps,756926
5242,bike,fixed,decaps,757033
5243,bike,fixed,decaps,756908
5244,bike,fixed,decaps,762099
5245,bike,fixed,decaps,757377
5246,bike,fixed,decaps,756672
5247,bike,fixed,decaps,757769
5248,bike,fixed,decaps,788535
5249,bike,fixed,decaps,757041
5250,bike,fixed,decaps,859258
5251,bike,fixed,decaps,916084
5252,bike,fixed,decaps,1050740
5253,bike,fixed,decaps,1169285
5254,bike,fixed,decaps,1231163
5255,bike,fixed,decaps,1190568
5256,bike,fixed,decaps,1265236
5257,bike,fixed,decaps,844368
5258,bike,fixed,decaps,781999
5259,bike,fixed,decaps,780320
5260,bike,fixed,decaps,780479
5261,bike,fixed,decaps,831668
5262,bike,fixed,decaps,1042450
5263,bike,fixed,decaps,769767
5264,bike,fixed,decaps,756917
5265,bike,fixed,decaps,756947
5266,bike,fixed,decaps,756777
5267,bike,fixed,decaps,776908
5268,bike,fixed,decaps,794749
5269,bike,fixed,decaps,762545
5270,bike,fixed,decaps,1038652
5271,bike,fixed,decaps,1135408
5272,bike,fixed,decaps,1055308
5273,bike,fixed,decaps,765732
5274,bike,fixed,decaps,758033
5275,bike,fixed,decaps,756857
5276,bike,fixed,decaps,790935
5277,bike,fixed,decaps,790843
5278,bike,fixed,decaps,756462
5279,bike,fixed,decaps,788630
5280,bike,fixed,decaps,779560
5281,bike,fixed,decaps,787285
5282,bike,fixed,decaps,788485
5283,bike,fixed,decaps,754191
5284,bike,fixed,decaps,804659
5285,bike,fixed,decaps,756508
5286,bike,fixed,decaps,763556
5287,bike,fixed,decaps,756891
5288,bike,fixed,decaps,756498
5289,bike,fixed,decaps,756436
5290,bike,fixed,decaps,891501
5291,bike,fixed,decaps,1191351
5292,bike,fixed,decaps,1113921
5293,bike,fixed,decaps,760503
5294,bike,fixed,decaps,787908
5295,bike,fixed,decaps,757303
5296,bike,fixed,decaps,784178
5297,bike,fixed,decaps,756138
5298,bike,fixed,decaps,756238
5299,bike,fixed,decaps,757021
5300,bike,fixed,decaps,756041
5301,bike,fixed,decaps,760292
5302,bike,fixed,decaps,755884
5303,bike,fixed,decaps,756076
5304,bike,fixed,decaps,755818
5305,bike,fixed,decaps,755979
5306,bike,fixed,decaps,761330
5307,bike,fixed,decaps,756392
5308,bike,fixed,decaps,755783
5309,bike,fixed,decaps,755762
5310,bike,fixed,decaps,756112
5311,bike,fixed,decaps,1061143
5312,bike,fixed,decaps,1112442
5313,bike,fixed,decaps,1038879
5314,bike,fixed,decaps,811662
5315,bike,fixed,decaps,803185
5316,bike,fixed,decaps,756451
5317,bike,fixed,decaps,755963
5318,bike,fixed,decaps,755765
5319,bike,fixed,decaps,773350
5320,bike,fixed,decaps,779901
5321,bike,fixed,decaps,783744
5322,bike,fixed,decaps,780035
5323,bike,fixed,decaps,787624
5324,bike,fixed,decaps,740368
5325,bike,fixed,decaps,808553
5326,bike,fixed,decaps,764436
5327,bike,fixed,decaps,762446
5328,bike,fixed,decaps,756323
5329,bike,fixed,decaps,756102
5330,bike,fixed,decaps,756068
5331,bike,fixed,decaps,865025
5332,bike,fixed,decaps,1146379
5333,bike,fixed,decaps,1141285
5334,bike,fixed,decaps,760492
5335,bike,fixed,decaps,786174
5336,bike,fixed,decaps,780485
5337,bike,fixed,decaps,772685
5338,bike,fixed,decaps,756413
5339,bike,fixed,decaps,756088
5340,bike,fixed,decaps,760979
5341,bike,fixed,decaps,756149
5342,bike,fixed,decaps,756280
5343,bike,fixed,decaps,756762
5344,bike,fixed,decaps,756061
5345,bike,fixed,decaps,756245
5346,bike,fixed,decaps,761040
5347,bike,fixed,decaps,756388
5348,bike,fixed,decaps,756127
5349,bike,fixed,decaps,756269
5350,bike,fixed,decaps,756476
5351,bike,fixed,decaps,759758
5352,bike,fixed,decaps,1076839
5353,bike,fixed,decaps,1121990
5354,bike,fixed,decaps,1020608
5355,bike,fixed,decaps,774197
5356,bike,fixed,decaps,757004
5357,bike,fixed,decaps,757001
5358,bike,fixed,decaps,793387
5359,bike,fixed,decaps,782152
5360,bike,fixed,decaps,763376
5361,bike,fixed,decaps,756657
5362,bike,fixed,decaps,756197
5363,bike,fixed,decaps,756154
5364,bike,fixed,decaps,756115
5365,bike,fixed,decaps,759986
5366,bike,fixed,decaps,756248
5367,bike,fixed,decaps,756208
5368,bike,fixed,decaps,951305
5369,bike,fixed,decaps,1081290
5370,bike,fixed,decaps,772105
5371,bike,fixed,decaps,757027
5372,bike,fixed,decaps,1015715
5373,bike,fixed,decaps,1092644
5374,bike,fixed,decaps,1066720
5375,bike,fixed,decaps,777427
5376,bike,fixed,decaps,780879
5377,bike,fixed,decaps,780399
5378,bike,fixed,decaps,779946
5379,bike,fixed,decaps,880519
5380,bike,fixed,decaps,1241340
5381,bike,fixed,decaps,757899
5382,bike,fixed,decaps,756738
5383,bike,fixed,decaps,756868
5384,bike,fixed,decaps,770033
5385,bike,fixed,decaps,756387
5386,bike,fixed,decaps,756205
5387,bike,fixed,decaps,756543
5388,bike,fixed,decaps,791973
5389,bike,fixed,decaps,784835
5390,bike,fixed,decaps,779879
5391,bike,fixed,decaps,802775
5392,bike,fixed,decaps,1113679
5393,bike,fixed,decaps,1184456
5394,bike,fixed,decaps,783981
5395,bike,fixed,decaps,781558
5396,bike,fixed,decaps,771015
5397,bike,fixed,decaps,756886
5398,bike,fixed,decaps,770760
5399,bike,fixed,decaps,757417
5400,bike,fixed,decaps,756656
5401,bike,fixed,decaps,756821
5402,bike,fixed,decaps,756734
5403,bike,fixed,decaps,764124
5404,bike,fixed,decaps,756421
5405,bike,fixed,decaps,792683
5406,bike,fixed,decaps,813883
5407,bike,fixed,decaps,790995
5408,bike,fixed,decaps,786815
5409,bike,fixed,decaps,781993
5410,bike,fixed,decaps,780707
5411,bike,fixed,decaps,792171
5412,bike,fixed,decaps,926744
5413,bike,fixed,decaps,1135146
5414,bike,fixed,decaps,1187306
5415,bike,fixed,decaps,790821
5416,bike,fixed,decaps,819414
5417,bike,fixed,decaps,768384
5418,bike,fixed,decaps,757649
5419,bike,fixed,decaps,756708
5420,bike,fixed,decaps,756596
5421,bike,fixed,decaps,756761
5422,bike,fixed,decaps,756615
5423,bike,fixed,decaps,773665
5424,bike,fixed,decaps,757137
5425,bike,fixed,decaps,773446
5426,bike,fixed,decaps,733905
5427,bike,fixed,decaps,801802
5428,bike,fixed,decaps,781439
5429,bike,fixed,decaps,796560
5430,bike,fixed,decaps,755770
5431,bike,fixed,decaps,756108
5432,bike,fixed,decaps,789685
5433,bike,fixed,decaps,1125329
5434,bike,fixed,decaps,1158245
5435,bike,fixed,decaps,1030544
5436,bike,fixed,decaps,1497826
5437,bike,fixed,decaps,1064640
5438,bike,fixed,decaps,781704
5439,bike,fixed,decaps,780488
5440,bike,fixed,decaps,818528
5441,bike,fixed,decaps,807508
5442,bike,fixed,decaps,780174
5443,bike,fixed,decaps,794888
5444,bike,fixed,decaps,756592
5445,bike,fixed,decaps,788292
5446,bike,fixed,decaps,766009
5447,bike,fixed,decaps,734151
5448,bike,fixed,decaps,740625
5449,bike,fixed,decaps,769498
5450,bike,fixed,decaps,756295
5451,bike,fixed,decaps,821256
5452,bike,fixed,decaps,1127495
5453,bike,fixed,decaps,1183309
5454,bike,fixed,decaps,810986
5455,bike,fixed,decaps,804031
5456,bike,fixed,decaps,757808
5457,bike,fixed,decaps,756677
5458,bike,fixed,decaps,756569
5459,bike,fixed,decaps,756016
5460,bike,fixed,decaps,760107
5461,bike,fixed,decaps,756603
5462,bike,fixed,decaps,761059
5463,bike,fixed,decaps,763026
5464,bike,fixed,decaps,755746
5465,bike,fixed,decaps,755691
5466,bike,fixed,decaps,791759
5467,bike,fixed,decaps,756398
5468,bike,fixed,decaps,756455
5469,bike,fixed,decaps,756242
5470,bike,fixed,decaps,756068
5471,bike,fixed,decaps,760854
5472,bike,fixed,decaps,950424
5473,bike,fixed,decaps,1121735
5474,bike,fixed,decaps,1057552
5475,bike,fixed,decaps,770761
5476,bike,fixed,decaps,756259
5477,bike,fixed,decaps,755698
5478,bike,fixed,decaps,757826
5479,bike,fixed,decaps,755401
5480,bike,fixed,decaps,759944
5481,bike,fixed,decaps,755810
5482,bike,fixed,decaps,756467
5483,bike,fixed,decaps,756058
5484,bike,fixed,decaps,755656
5485,bike,fixed,decaps,755811
5486,bike,fixed,decaps,759606
5487,bike,fixed,decaps,756044
5488,bike,fixed,decaps,771184
5489,bike,fixed,decaps,757090
5490,bike,fixed,decaps,756193
5491,bike,fixed,decaps,763103
5492,bike,fixed,decaps,756858
5493,bike,fixed,decaps,1172979
5494,bike,fixed,decaps,1121542
5495,bike,fixed,decaps,949755
5496,bike,fixed,decaps,785746
5497,bike,fixed,decaps,756534
5498,bike,fixed,decaps,757693
5499,bike,fixed,decaps,756370
5500,bike,fixed,decaps,788841
5501,bike,fixed,decaps,788725
5502,bike,fixed,decaps,1054445
5503,bike,fixed,decaps,923880
5504,bike,fixed,decaps,741918
5505,bike,fixed,decaps,786669
5506,bike,fixed,decaps,786912
5507,bike,fixed,decaps,791396
5508,bike,fixed,decaps,755961
5509,bike,fixed,decaps,756169
5510,bike,fixed,decaps,760882
5511,bike,fixed,decaps,756264
5512,bike,fixed,decaps,763459
5513,bike,fixed,decaps,1159786
5514,bike,fixed,decaps,1200781
5515,bike,fixed,decaps,775253
5516,bike,fixed,decaps,757558
5517,bike,fixed,decaps,756488
5518,bike,fixed,decaps,756248
5519,bike,fixed,decaps,767395
5520,bike,fixed,decaps,757260
5521,bike,fixed,decaps,756509
5522,bike,fixed,decaps,757335
5523,bike,fixed,decaps,756440
5524,bike,fixed,decaps,762932
5525,bike,fixed,decaps,756813
5526,bike,fixed,decaps,756303
5527,bike,fixed,decaps,790307
5528,bike,fixed,decaps,756525
5529,bike,fixed,decaps,756449
5530,bike,fixed,decaps,763243
5531,bike,fixed,decaps,756608
5532,bike,fixed,decaps,764510
5533,bike,fixed,decaps,819051
5534,bike,fixed,decaps,1121294
5535,bike,fixed,decaps,1152786
5536,bike,fixed,decaps,797621
5537,bike,fixed,decaps,785382
5538,bike,fixed,decaps,758143
5539,bike,fixed,decaps,770002
5540,bike,fixed,decaps,756601
5541,bike,fixed,decaps,756128
5542,bike,fixed,decaps,756353
5543,bike,fixed,decaps,756325
5544,bike,fixed,decaps,763703
5545,bike,fixed,decaps,756019
5546,bike,fixed,decaps,755315
5547,bike,fixed,decaps,755658
5548,bike,fixed,decaps,755072
5549,bike,fixed,decaps,777027
5550,bike,fixed,decaps,766913
5551,bike,fixed,decaps,756405
5552,bike,fixed,decaps,755863
5553,bike,fixed,decaps,756280
5554,bike,fixed,decaps,929927
5555,bike,fixed,decaps,1139450
5556,bike,fixed,decaps,1191180
5557,bike,fixed,decaps,859497
5558,bike,fixed,decaps,776020
5559,bike,fixed,decaps,767666
5560,bike,fixed,decaps,756706
5561,bike,fixed,decaps,756532
5562,bike,fixed,decaps,756594
5563,bike,fixed,decaps,756270
5564,bike,fixed,decaps,761824
5565,bike,fixed,decaps,756595
5566,bike,fixed,decaps,756246
5567,bike,fixed,decaps,756223
5568,bike,fixed,decaps,795632
5569,bike,fixed,decaps,772268
5570,bike,fixed,decaps,740889
5571,bike,fixed,decaps,769521
5572,bike,fixed,decaps,756763
5573,bike,fixed,decaps,756235
5574,bike,fixed,decaps,760835
5575,bike,fixed,decaps,1105705
5576,bike,fixed,decaps,1125170
5577,bike,fixed,decaps,925556
5578,bike,fixed,decaps,767048
5579,bike,fixed,decaps,786249
5580,bike,fixed,decaps,757093
5581,bike,fixed,decaps,756857
5582,bike,fixed,decaps,757007
5583,bike,fixed,decaps,756728
5584,bike,fixed,decaps,761576
5585,bike,fixed,decaps,756897
5586,bike,fixed,decaps,756576
5587,bike,fixed,decaps,756775
5588,bike,fixed,decaps,756608
5589,bike,fixed,decaps,795029
5590,bike,fixed,decaps,757139
5591,bike,fixed,decaps,756210
5592,bike,fixed,decaps,756561
5593,bike,fixed,decaps,756840
5594,bike,fixed,decaps,760862
5595,bike,fixed,decaps,837633
5596,bike,fixed,decaps,1146302
5597,bike,fixed,decaps,1157723
5598,bike,fixed,decaps,790357
5599,bike,fixed,decaps,757703
5600,bike,fixed,decaps,788041
5601,bike,fixed,decaps,781671
5602,bike,fixed,decaps,756040
5603,bike,fixed,decaps,755922
5604,bike,fixed,decaps,763639
5605,bike,fixed,decaps,792756
5606,bike,fixed,decaps,757354
5607,bike,fixed,decaps,756392
5608,bike,fixed,decaps,756125
5609,bike,fixed,decaps,771107
5610,bike,fixed,decaps,760428
5611,bike,fixed,decaps,755557
5612,bike,fixed,decaps,755530
5613,bike,fixed,decaps,755444
5614,bike,fixed,decaps,759377
5615,bike,fixed,decaps,755267
5616,bike,fixed,decaps,908353
5617,bike,fixed,decaps,1131525
5618,bike,fixed,decaps,1164528
5619,bike,fixed,decaps,782907
5620,bike,fixed,decaps,781267
5621,bike,fixed,decaps,772564
5622,bike,fixed,decaps,756348
5623,bike,fixed,decaps,764870
5624,bike,fixed,decaps,772489
5625,bike,fixed,decaps,757988
5626,bike,fixed,decaps,772803
5627,bike,fixed,decaps,756383
5628,bike,fixed,decaps,762017
5629,bike,fixed,decaps,757038
5630,bike,fixed,decaps,790335
5631,bike,fixed,decaps,756432
5632,bike,fixed,decaps,756844
5633,bike,fixed,decaps,756792
5634,bike,fixed,decaps,760300
5635,bike,fixed,decaps,756319
5636,bike,fixed,decaps,799431
5637,bike,fixed,decaps,1124971
5638,bike,fixed,decaps,1203556
5639,bike,fixed,decaps,848795
5640,bike,fixed,decaps,790446
5641,bike,fixed,decaps,756797
5642,bike,fixed,decaps,914337
5643,bike,fixed,decaps,1046761
5644,bike,fixed,decaps,774966
5645,bike,fixed,decaps,757285
5646,bike,fixed,decaps,756862
5647,bike,fixed,decaps,756338
5648,bike,fixed,decaps,781055
5649,bike,fixed,decaps,756742
5650,bike,fixed,decaps,789609
5651,bike,fixed,decaps,756307
5652,bike,fixed,decaps,755914
5653,bike,fixed,decaps,765032
5654,bike,fixed,decaps,756265
5655,bike,fixed,decaps,757588
5656,bike,fixed,decaps,793125
5657,bike,fixed,decaps,1117938
5658,bike,fixed,decaps,1181034
5659,bike,fixed,decaps,953510
5660,bike,fixed,decaps,789190
5661,bike,fixed,decaps,757328
5662,bike,fixed,decaps,795672
5663,bike,fixed,decaps,787625
5664,bike,fixed,decaps,756906
5665,bike,fixed,decaps,756433
5666,bike,fixed,decaps,756058
5667,bike,fixed,decaps,760143
5668,bike,fixed,decaps,756655
5669,bike,fixed,decaps,756272
5670,bike,fixed,decaps,756454
5671,bike,fixed,decaps,756075
5672,bike,fixed,decaps,791770
5673,bike,fixed,decaps,756945
5674,bike,fixed,decaps,756760
5675,bike,fixed,decaps,756045
5676,bike,fixed,decaps,756334
5677,bike,fixed,decaps,1008720
5678,bike,fixed,decaps,1103298
5679,bike,fixed,decaps,1070641
5680,bike,fixed,decaps,759273
5681,bike,fixed,decaps,756953
5682,bike,fixed,decaps,803408
5683,bike,fixed,decaps,781789
5684,bike,fixed,decaps,756161
5685,bike,fixed,decaps,773324
5686,bike,fixed,decaps,756665
5687,bike,fixed,decaps,765893
5688,bike,fixed,decaps,756377
5689,bike,fixed,decaps,755981
5690,bike,fixed,decaps,756581
5691,bike,fixed,decaps,787988
5692,bike,fixed,decaps,763275
5693,bike,fixed,decaps,756419
5694,bike,fixed,decaps,756209
5695,bike,fixed,decaps,756242
5696,bike,fixed,decaps,756740
5697,bike,fixed,decaps,778906
5698,bike,fixed,decaps,1188006
5699,bike,fixed,decaps,1131042
5700,bike,fixed,decaps,892298
5701,bike,fixed,decaps,803031
5702,bike,fixed,decaps,757030
5703,bike,fixed,decaps,756068
5704,bike,fixed,decaps,756673
5705,bike,fixed,decaps,756419
5706,bike,fixed,decaps,756010
5707,bike,fixed,decaps,760455
5708,bike,fixed,decaps,756975
5709,bike,fixed,decaps,756195
5710,bike,fixed,decaps,756130
5711,bike,fixed,decaps,756118
5712,bike,fixed,decaps,760105
5713,bike,fixed,decaps,790196
5714,bike,fixed,decaps,756586
5715,bike,fixed,decaps,756535
5716,bike,fixed,decaps,766193
5717,bike,fixed,decaps,762190
5718,bike,fixed,decaps,893652
5719,bike,fixed,decaps,1131273
5720,bike,fixed,decaps,1110105
5721,bike,fixed,decaps,777542
5722,bike,fixed,decaps,757031
5723,bike,fixed,decaps,756319
5724,bike,fixed,decaps,756181
5725,bike,fixed,decaps,756008
5726,bike,fixed,decaps,771829
5727,bike,fixed,decaps,767251
5728,bike,fixed,decaps,774621
5729,bike,fixed,decaps,757806
5730,bike,fixed,decaps,756639
5731,bike,fixed,decaps,756799
5732,bike,fixed,decaps,763811
5733,bike,fixed,decaps,756329
5734,bike,fixed,decaps,756364
5735,bike,fixed,decaps,756510
5736,bike,fixed,decaps,756316
5737,bike,fixed,decaps,767921
5738,bike,fixed,decaps,755958
5739,bike,fixed,decaps,974843
5740,bike,fixed,decaps,1094825
5741,bike,fixed,decaps,1111850
5742,bike,fixed,decaps,759307
5743,bike,fixed,decaps,756614
5744,bike,fixed,decaps,778360
5745,bike,fixed,decaps,781202
5746,bike,fixed,decaps,799768
5747,bike,fixed,decaps,763449
5748,bike,fixed,decaps,748595
5749,bike,fixed,decaps,766855
5750,bike,fixed,decaps,756207
5751,bike,fixed,decaps,762046
5752,bike,fixed,decaps,752770
5753,bike,fixed,decaps,805078
5754,bike,fixed,decaps,756455
5755,bike,fixed,decaps,756224
5756,bike,fixed,decaps,756570
5757,bike,fixed,decaps,760863
5758,bike,fixed,decaps,756524
5759,bike,fixed,decaps,763220
5760,bike,fixed,decaps,1139658
5761,bike,fixed,decaps,1166356
5762,bike,fixed,decaps,863258
5763,bike,fixed,decaps,792071
5764,bike,fixed,decaps,756559
5765,bike,fixed,decaps,789356
5766,bike,fixed,decaps,784255
5767,bike,fixed,decaps,761284
5768,bike,fixed,decaps,756689
5769,bike,fixed,decaps,756381
5770,bike,fixed,decaps,756642
5771,bike,fixed,decaps,782683
5772,bike,fixed,decaps,795905
5773,bike,fixed,decaps,756690
5774,bike,fixed,decaps,812897
5775,bike,fixed,decaps,764663
5776,bike,fixed,decaps,777560
5777,bike,fixed,decaps,760170
5778,bike,fixed,decaps,779098
5779,bike,fixed,decaps,942554
5780,bike,fixed,decaps,1046945
5781,bike,fixed,decaps,1211896
5782,bike,fixed,decaps,1193138
5783,bike,fixed,decaps,914231
5784,bike,fixed,decaps,781418
5785,bike,fixed,decaps,795152
5786,bike,fixed,decaps,780832
5787,bike,fixed,decaps,756640
5788,bike,fixed,decaps,756394
5789,bike,fixed,decaps,758740
5790,bike,fixed,decaps,768265
5791,bike,fixed,decaps,763294
5792,bike,fixed,decaps,756350
5793,bike,fixed,decaps,796874
5794,bike,fixed,decaps,818849
5795,bike,fixed,decaps,770212
5796,bike,fixed,decaps,740679
5797,bike,fixed,decaps,767510
5798,bike,fixed,decaps,756354
5799,bike,fixed,decaps,759096
5800,bike,fixed,decaps,1140447
5801,bike,fixed,decaps,1199077
5802,bike,fixed,decaps,815556
5803,bike,fixed,decaps,784469
5804,bike,fixed,decaps,785435
5805,bike,fixed,decaps,779876
5806,bike,fixed,decaps,772999
5807,bike,fixed,decaps,756839
5808,bike,fixed,decaps,756587
5809,bike,fixed,decaps,757127
5810,bike,fixed,decaps,761494
5811,bike,fixed,decaps,756643
5812,bike,fixed,decaps,769647
5813,bike,fixed,decaps,740379
5814,bike,fixed,decaps,800275
5815,bike,fixed,decaps,773475
5816,bike,fixed,decaps,756712
5817,bike,fixed,decaps,756428
5818,bike,fixed,decaps,759878
5819,bike,fixed,decaps,756728
5820,bike,fixed,decaps,872880
5821,bike,fixed,decaps,1110683
5822,bike,fixed,decaps,1185392
5823,bike,fixed,decaps,826717
5824,bike,fixed,decaps,768843
5825,bike,fixed,decaps,757194
5826,bike,fixed,decaps,758947
5827,bike,fixed,decaps,756591
5828,bike,fixed,decaps,756549
5829,bike,fixed,decaps,763824
5830,bike,fixed,decaps,756821
5831,bike,fixed,decaps,756716
5832,bike,fixed,decaps,764618
5833,bike,fixed,decaps,759083
5834,bike,fixed,decaps,775454
5835,bike,fixed,decaps,763749
5836,bike,fixed,decaps,805271
5837,bike,fixed,decaps,733865
5838,bike,fixed,decaps,734497
5839,bike,fixed,decaps,734046
5840,bike,fixed,decaps,773404
5841,bike,fixed,decaps,1096538
5842,bike,fixed,decaps,1107867
5843,bike,fixed,decaps,980911
5844,bike,fixed,decaps,773578
5845,bike,fixed,decaps,757098
5846,bike,fixed,decaps,756728
5847,bike,fixed,decaps,756336
5848,bike,fixed,decaps,756395
5849,bike,fixed,decaps,764397
5850,bike,fixed,decaps,756799
5851,bike,fixed,decaps,756202
5852,bike,fixed,decaps,756360
5853,bike,fixed,decaps,756197
5854,bike,fixed,decaps,763002
5855,bike,fixed,decaps,756871
5856,bike,fixed,decaps,756294
5857,bike,fixed,decaps,755999
5858,bike,fixed,decaps,756339
5859,bike,fixed,decaps,755994
5860,bike,fixed,decaps,762179
5861,bike,fixed,decaps,756953
5862,bike,fixed,decaps,1104709
5863,bike,fixed,decaps,1164487
5864,bike,fixed,decaps,929568
5865,bike,fixed,decaps,782725
5866,bike,fixed,decaps,780329
5867,bike,fixed,decaps,779882
5868,bike,fixed,decaps,780087
5869,bike,fixed,decaps,788573
5870,bike,fixed,decaps,770574
5871,bike,fixed,decaps,734153
5872,bike,fixed,decaps,734237
5873,bike,fixed,decaps,767480
5874,bike,fixed,decaps,761812
5875,bike,fixed,decaps,790708
5876,bike,fixed,decaps,756393
5877,bike,fixed,decaps,756902
5878,bike,fixed,decaps,756723
5879,bike,fixed,decaps,760878
5880,bike,fixed,decaps,757197
5881,bike,fixed,decaps,756132
5882,bike,fixed,decaps,881621
5883,bike,fixed,decaps,1132650
5884,bike,fixed,decaps,1174529
5885,bike,fixed,decaps,759410
5886,bike,fixed,decaps,756743
5887,bike,fixed,decaps,771588
5888,bike,fixed,decaps,780232
5889,bike,fixed,decaps,787402
5890,bike,fixed,decaps,765451
5891,bike,fixed,decaps,759119
5892,bike,fixed,decaps,756565
5893,bike,fixed,decaps,756305
5894,bike,fixed,decaps,761181
5895,bike,fixed,decaps,757083
5896,bike,fixed,decaps,759472
5897,bike,fixed,decaps,790695
5898,bike,fixed,decaps,756947
5899,bike,fixed,decaps,762644
5900,bike,fixed,decaps,757162
5901,bike,fixed,decaps,797039
5902,bike,fixed,decaps,757698
5903,bike,fixed,decaps,1105385
5904,bike,fixed,decaps,1148510
5905,bike,fixed,decaps,962832
5906,bike,fixed,decaps,759120
5907,bike,fixed,decaps,789767
5908,bike,fixed,decaps,771393
5909,bike,fixed,decaps,757679
5910,bike,fixed,decaps,756422
5911,bike,fixed,decaps,756237
5912,bike,fixed,decaps,756262
5913,bike,fixed,decaps,756381
5914,bike,fixed,decaps,1005548
5915,bike,fixed,decaps,986969
5916,bike,fixed,decaps,758466
5917,bike,fixed,decaps,757491
5918,bike,fixed,decaps,770244
5919,bike,fixed,decaps,757460
5920,bike,fixed,decaps,756519
5921,bike,fixed,decaps,756665
5922,bike,fixed,decaps,756425
5923,bike,fixed,decaps,1015626
5924,bike,fixed,decaps,1141980
5925,bike,fixed,decaps,1110675
5926,bike,fixed,decaps,758773
5927,bike,fixed,decaps,792187
5928,bike,fixed,decaps,780631
5929,bike,fixed,decaps,775284
5930,bike,fixed,decaps,756511
5931,bike,fixed,decaps,757289
5932,bike,fixed,decaps,756989
5933,bike,fixed,decaps,761514
5934,bike,fixed,decaps,756786
5935,bike,fixed,decaps,756731
5936,bike,fixed,decaps,764012
5937,bike,fixed,decaps,779673
5938,bike,fixed,decaps,738152
5939,bike,fixed,decaps,740696
5940,bike,fixed,decaps,733599
5941,bike,fixed,decaps,733561
5942,bike,fixed,decaps,766443
5943,bike,fixed,decaps,862289
5944,bike,fixed,decaps,1116567
5945,bike,fixed,decaps,1184572
5946,bike,fixed,decaps,1190164
5947,bike,fixed,decaps,797603
5948,bike,fixed,decaps,781141
5949,bike,fixed,decaps,756720
5950,bike,fixed,decaps,771716
5951,bike,fixed,decaps,756843
5952,bike,fixed,decaps,761740
5953,bike,fixed,decaps,756844
5954,bike,fixed,decaps,757112
5955,bike,fixed,decaps,757058
5956,bike,fixed,decaps,757081
5957,bike,fixed,decaps,793395
5958,bike,fixed,decaps,756842
5959,bike,fixed,decaps,756604
5960,bike,fixed,decaps,756802
5961,bike,fixed,decaps,756518
5962,bike,fixed,decaps,760949
5963,bike,fixed,decaps,798326
5964,bike,fixed,decaps,1107561
5965,bike,fixed,decaps,1159025
5966,bike,fixed,decaps,830199
5967,bike,fixed,decaps,770411
5968,bike,fixed,decaps,756417
5969,bike,fixed,decaps,756721
5970,bike,fixed,decaps,755853
5971,bike,fixed,decaps,756172
5972,bike,fixed,decaps,763342
5973,bike,fixed,decaps,757132
5974,bike,fixed,decaps,757523
5975,bike,fixed,decaps,755847
5976,bike,fixed,decaps,755969
5977,bike,fixed,decaps,759628
5978,bike,fixed,decaps,756229
5979,bike,fixed,decaps,756744
5980,bike,fixed,decaps,757303
5981,bike,fixed,decaps,755863
5982,bike,fixed,decaps,761521
5983,bike,fixed,decaps,756047
5984,bike,fixed,decaps,837114
5985,bike,fixed,decaps,1113074
5986,bike,fixed,decaps,1216926
5987,bike,fixed,decaps,963090
5988,bike,fixed,decaps,1087018
5989,bike,fixed,decaps,975575
5990,bike,fixed,decaps,1156787
5991,bike,fixed,decaps,1270835
5992,bike,fixed,decaps,860579
5993,bike,fixed,decaps,766947
5994,bike,fixed,decaps,769714
5995,bike,fixed,decaps,766258
5996,bike,fixed,decaps,920353
5997,bike,fixed,decaps,901551
5998,bike,fixed,decaps,780854
5999,bike,fixed,decaps,806807
6000,bike,fixed,decaps,757101
6001,bike,fixed,decaps,789778
6002,bike,fixed,decaps,985136
6003,bike,fixed,decaps,1184411
6004,bike,fixed,decaps,975386
6005,bike,fixed,decaps,758348
6006,bike,fixed,decaps,779373
6007,bike,fixed,decaps,790107
6008,bike,fixed,decaps,756547
6009,bike,fixed,decaps,770260
6010,bike,fixed,decaps,756792
6011,bike,fixed,decaps,756332
6012,bike,fixed,decaps,756785
6013,bike,fixed,decaps,756235
6014,bike,fixed,decaps,761001
6015,bike,fixed,decaps,756460
6016,bike,fixed,decaps,756332
6017,bike,fixed,decaps,797829
6018,bike,fixed,decaps,763424
6019,bike,fixed,decaps,762486
6020,bike,fixed,decaps,756486
6021,bike,fixed,decaps,756256
6022,bike,fixed,decaps,756390
6023,bike,fixed,decaps,1059076
6024,bike,fixed,decaps,1117551
6025,bike,fixed,decaps,1020420
6026,bike,fixed,decaps,759894
6027,bike,fixed,decaps,812767
6028,bike,fixed,decaps,794252
6029,bike,fixed,decaps,780548
6030,bike,fixed,decaps,777404
6031,bike,fixed,decaps,756740
6032,bike,fixed,decaps,758547
6033,bike,fixed,decaps,756991
6034,bike,fixed,decaps,763043
6035,bike,fixed,decaps,756957
6036,bike,fixed,decaps,757503
6037,bike,fixed,decaps,757329
6038,bike,fixed,decaps,756976
6039,bike,fixed,decaps,798643
6040,bike,fixed,decaps,756713
6041,bike,fixed,decaps,756988
6042,bike,fixed,decaps,757107
6043,bike,fixed,decaps,848322
6044,bike,fixed,decaps,1135746
6045,bike,fixed,decaps,1188871
6046,bike,fixed,decaps,761010
6047,bike,fixed,decaps,1004581
6048,bike,fixed,decaps,990980
6049,bike,fixed,decaps,758843
6050,bike,fixed,decaps,779684
6051,bike,fixed,decaps,790730
6052,bike,fixed,decaps,756328
6053,bike,fixed,decaps,765794
6054,bike,fixed,decaps,756220
6055,bike,fixed,decaps,756463
6056,bike,fixed,decaps,756025
6057,bike,fixed,decaps,756213
6058,bike,fixed,decaps,768403
6059,bike,fixed,decaps,766529
6060,bike,fixed,decaps,780348
6061,bike,fixed,decaps,807118
6062,bike,fixed,decaps,756126
6063,bike,fixed,decaps,846192
6064,bike,fixed,decaps,1127521
6065,bike,fixed,decaps,1182513
6066,bike,fixed,decaps,788795
6067,bike,fixed,decaps,804456
6068,bike,fixed,decaps,780303
6069,bike,fixed,decaps,780155
6070,bike,fixed,decaps,780223
6071,bike,fixed,decaps,777416
6072,bike,fixed,decaps,741187
6073,bike,fixed,decaps,739874
6074,bike,fixed,decaps,767355
6075,bike,fixed,decaps,755946
6076,bike,fixed,decaps,755615
6077,bike,fixed,decaps,755697
6078,bike,fixed,decaps,797947
6079,bike,fixed,decaps,763434
6080,bike,fixed,decaps,756470
6081,bike,fixed,decaps,756516
6082,bike,fixed,decaps,756632
6083,bike,fixed,decaps,760567
6084,bike,fixed,decaps,1071508
6085,bike,fixed,decaps,1095711
6086,bike,fixed,decaps,975495
6087,bike,fixed,decaps,797546
6088,bike,fixed,decaps,757654
6089,bike,fixed,decaps,756586
6090,bike,fixed,decaps,789905
6091,bike,fixed,decaps,779164
6092,bike,fixed,decaps,763618
6093,bike,fixed,decaps,756515
6094,bike,fixed,decaps,760513
6095,bike,fixed,decaps,767188
6096,bike,fixed,decaps,756437
6097,bike,fixed,decaps,762521
6098,bike,fixed,decaps,757048
6099,bike,fixed,decaps,756508
6100,bike,fixed,decaps,756128
6101,bike,fixed,decaps,756248
6102,bike,fixed,decaps,756745
6103,bike,fixed,decaps,760566
6104,bike,fixed,decaps,780039
6105,bike,fixed,decaps,1119147
6106,bike,fixed,decaps,1190065
6107,bike,fixed,decaps,838774
6108,bike,fixed,decaps,758107
6109,bike,fixed,decaps,756565
6110,bike,fixed,decaps,756565
6111,bike,fixed,decaps,756381
6112,bike,fixed,decaps,767232
6113,bike,fixed,decaps,756741
6114,bike,fixed,decaps,932138
6115,bike,fixed,decaps,1474591
6116,bike,fixed,decaps,1045867
6117,bike,fixed,decaps,791043
6118,bike,fixed,decaps,756386
6119,bike,fixed,decaps,756295
6120,bike,fixed,decaps,756256
6121,bike,fixed,decaps,762842
6122,bike,fixed,decaps,756842
6123,bike,fixed,decaps,756538
6124,bike,fixed,decaps,1086407
6125,bike,fixed,decaps,1127126
6126,bike,fixed,decaps,1007418
6127,bike,fixed,decaps,781493
6128,bike,fixed,decaps,780233
6129,bike,fixed,decaps,779971
6130,bike,fixed,decaps,805119
6131,bike,fixed,decaps,758289
6132,bike,fixed,decaps,756039
6133,bike,fixed,decaps,756125
6134,bike,fixed,decaps,756152
6135,bike,fixed,decaps,762502
6136,bike,fixed,decaps,756600
6137,bike,fixed,decaps,756830
6138,bike,fixed,decaps,788631
6139,bike,fixed,decaps,756986
6140,bike,fixed,decaps,757438
6141,bike,fixed,decaps,762851
6142,bike,fixed,decaps,756447
6143,bike,fixed,decaps,757243
6144,bike,fixed,decaps,862076
6145,bike,fixed,decaps,1137908
6146,bike,fixed,decaps,1180431
6147,bike,fixed,decaps,781933
6148,bike,fixed,decaps,788039
6149,bike,fixed,decaps,756641
6150,bike,fixed,decaps,769729
6151,bike,fixed,decaps,776265
6152,bike,fixed,decaps,756264
6153,bike,fixed,decaps,755529
6154,bike,fixed,decaps,755965
6155,bike,fixed,decaps,762016
6156,bike,fixed,decaps,756040
6157,bike,fixed,decaps,755549
6158,bike,fixed,decaps,756184
6159,bike,fixed,decaps,796706
6160,bike,fixed,decaps,746042
6161,bike,fixed,decaps,769674
6162,bike,fixed,decaps,756171
6163,bike,fixed,decaps,756951
6164,bike,fixed,decaps,756153
6165,bike,fixed,decaps,1037270
6166,bike,fixed,decaps,1133793
6167,bike,fixed,decaps,1066388
6168,bike,fixed,decaps,789348
6169,bike,fixed,decaps,767638
6170,bike,fixed,decaps,758102
6171,bike,fixed,decaps,756747
6172,bike,fixed,decaps,780415
6173,bike,fixed,decaps,780980
6174,bike,fixed,decaps,788545
6175,bike,fixed,decaps,759465
6176,bike,fixed,decaps,763951
6177,bike,fixed,decaps,756654
6178,bike,fixed,decaps,756684
6179,bike,fixed,decaps,788485
6180,bike,fixed,decaps,772923
6181,bike,fixed,decaps,734603
6182,bike,fixed,decaps,741402
6183,bike,fixed,decaps,768952
6184,bike,fixed,decaps,774889
6185,bike,fixed,decaps,1107391
6186,bike,fixed,decaps,1102026
6187,bike,fixed,decaps,1154957
6188,bike,fixed,decaps,1134911
6189,bike,fixed,decaps,815312
6190,bike,fixed,decaps,756827
6191,bike,fixed,decaps,755963
6192,bike,fixed,decaps,756055
6193,bike,fixed,decaps,755833
6194,bike,fixed,decaps,777849
6195,bike,fixed,decaps,756016
6196,bike,fixed,decaps,755665
6197,bike,fixed,decaps,755606
6198,bike,fixed,decaps,756392
6199,bike,fixed,decaps,773172
6200,bike,fixed,decaps,756272
6201,bike,fixed,decaps,772686
6202,bike,fixed,decaps,813743
6203,bike,fixed,decaps,780807
6204,bike,fixed,decaps,759373
6205,bike,fixed,decaps,918058
6206,bike,fixed,decaps,1088716
6207,bike,fixed,decaps,1139966
6208,bike,fixed,decaps,773763
6209,bike,fixed,decaps,757836
6210,bike,fixed,decaps,793417
6211,bike,fixed,decaps,780365
6212,bike,fixed,decaps,787757
6213,bike,fixed,decaps,761787
6214,bike,fixed,decaps,757239
6215,bike,fixed,decaps,756890
6216,bike,fixed,decaps,757093
6217,bike,fixed,decaps,756944
6218,bike,fixed,decaps,756987
6219,bike,fixed,decaps,790312
6220,bike,fixed,decaps,780002
6221,bike,fixed,decaps,779180
6222,bike,fixed,decaps,779639
6223,bike,fixed,decaps,779852
6224,bike,fixed,decaps,783883
6225,bike,fixed,decaps,809494
6226,bike,fixed,decaps,1087512
6227,bike,fixed,decaps,1145515
6228,bike,fixed,decaps,916153
6229,bike,fixed,decaps,782286
6230,bike,fixed,decaps,780088
6231,bike,fixed,decaps,779810
6232,bike,fixed,decaps,779696
6233,bike,fixed,decaps,790266
6234,bike,fixed,decaps,783486
6235,bike,fixed,decaps,733767
6236,bike,fixed,decaps,733879
6237,bike,fixed,decaps,767714
6238,bike,fixed,decaps,762770
6239,bike,fixed,decaps,789427
6240,bike,fixed,decaps,756094
6241,bike,fixed,decaps,755977
6242,bike,fixed,decaps,756352
6243,bike,fixed,decaps,760156
6244,bike,fixed,decaps,756047
6245,bike,fixed,decaps,755908
6246,bike,fixed,decaps,889504
6247,bike,fixed,decaps,1160929
6248,bike,fixed,decaps,1193635
6249,bike,fixed,decaps,759305
6250,bike,fixed,decaps,783147
6251,bike,fixed,decaps,780260
6252,bike,fixed,decaps,790465
6253,bike,fixed,decaps,770795
6254,bike,fixed,decaps,761320
6255,bike,fixed,decaps,761934
6256,bike,fixed,decaps,756267
6257,bike,fixed,decaps,756344
6258,bike,fixed,decaps,777053
6259,bike,fixed,decaps,767592
6260,bike,fixed,decaps,789681
6261,bike,fixed,decaps,756003
6262,bike,fixed,decaps,757309
6263,bike,fixed,decaps,761315
6264,bike,fixed,decaps,757079
6265,bike,fixed,decaps,756674
6266,bike,fixed,decaps,757868
6267,bike,fixed,decaps,1110637
6268,bike,fixed,decaps,1137722
6269,bike,fixed,decaps,915209
6270,bike,fixed,decaps,758896
6271,bike,fixed,decaps,788932
6272,bike,fixed,decaps,769987
6273,bike,fixed,decaps,757049
6274,bike,fixed,decaps,790210
6275,bike,fixed,decaps,780276
6276,bike,fixed,decaps,756094
6277,bike,fixed,decaps,760323
6278,bike,fixed,decaps,756408
6279,bike,fixed,decaps,756126
6280,bike,fixed,decaps,756025
6281,bike,fixed,decaps,756092
6282,bike,fixed,decaps,755830
6283,bike,fixed,decaps,759524
6284,bike,fixed,decaps,756477
6285,bike,fixed,decaps,755849
6286,bike,fixed,decaps,755970
6287,bike,fixed,decaps,836295
6288,bike,fixed,decaps,1139624
6289,bike,fixed,decaps,1198887
6290,bike,fixed,decaps,781753
6291,bike,fixed,decaps,820849
6292,bike,fixed,decaps,792345
6293,bike,fixed,decaps,787522
6294,bike,fixed,decaps,783299
6295,bike,fixed,decaps,1117128
6296,bike,fixed,decaps,758139
6297,bike,fixed,decaps,767583
6298,bike,fixed,decaps,795471
6299,bike,fixed,decaps,757949
6300,bike,fixed,decaps,756840
6301,bike,fixed,decaps,788621
6302,bike,fixed,decaps,763537
6303,bike,fixed,decaps,756582
6304,bike,fixed,decaps,758364
6305,bike,fixed,decaps,757316
6306,bike,fixed,decaps,757203
6307,bike,fixed,decaps,857307
6308,bike,fixed,decaps,1175579
6309,bike,fixed,decaps,1193879
6310,bike,fixed,decaps,821393
6311,bike,fixed,decaps,795528
6312,bike,fixed,decaps,780932
6313,bike,fixed,decaps,786783
6314,bike,fixed,decaps,751811
6315,bike,fixed,decaps,768525
6316,bike,fixed,decaps,761526
6317,bike,fixed,decaps,756499
6318,bike,fixed,decaps,756866
6319,bike,fixed,decaps,761063
6320,bike,fixed,decaps,735117
6321,bike,fixed,decaps,782342
6322,bike,fixed,decaps,1068749
6323,bike,fixed,decaps,955959
6324,bike,fixed,decaps,758101
6325,bike,fixed,decaps,776942
6326,bike,fixed,decaps,792813
6327,bike,fixed,decaps,976863
6328,bike,fixed,decaps,1124600
6329,bike,fixed,decaps,1154315
6330,bike,fixed,decaps,772503
6331,bike,fixed,decaps,758118
6332,bike,fixed,decaps,756678
6333,bike,fixed,decaps,756277
6334,bike,fixed,decaps,756952
6335,bike,fixed,decaps,774340
6336,bike,fixed,decaps,756525
6337,bike,fixed,decaps,756475
6338,bike,fixed,decaps,756660
6339,bike,fixed,decaps,757129
6340,bike,fixed,decaps,792251
6341,bike,fixed,decaps,756843
6342,bike,fixed,decaps,756960
6343,bike,fixed,decaps,757818
6344,bike,fixed,decaps,756645
6345,bike,fixed,decaps,756497
6346,bike,fixed,decaps,779096
6347,bike,fixed,decaps,766315
6348,bike,fixed,decaps,1114881
6349,bike,fixed,decaps,1168741
6350,bike,fixed,decaps,882077
6351,bike,fixed,decaps,781969
6352,bike,fixed,decaps,780033
6353,bike,fixed,decaps,779689
6354,bike,fixed,decaps,779540
6355,bike,fixed,decaps,780050
6356,bike,fixed,decaps,760078
6357,bike,fixed,decaps,756276
6358,bike,fixed,decaps,756396
6359,bike,fixed,decaps,756377
6360,bike,fixed,decaps,760991
6361,bike,fixed,decaps,790040
6362,bike,fixed,decaps,755678
6363,bike,fixed,decaps,755336
6364,bike,fixed,decaps,755753
6365,bike,fixed,decaps,760656
6366,bike,fixed,decaps,755887
6367,bike,fixed,decaps,755958
6368,bike,fixed,decaps,911478
6369,bike,fixed,decaps,1148905
6370,bike,fixed,decaps,1157643
6371,bike,fixed,decaps,759387
6372,bike,fixed,decaps,757972
6373,bike,fixed,decaps,756345
6374,bike,fixed,decaps,756700
6375,bike,fixed,decaps,814751
6376,bike,fixed,decaps,777915
6377,bike,fixed,decaps,756978
6378,bike,fixed,decaps,756512
6379,bike,fixed,decaps,756616
6380,bike,fixed,decaps,763119
6381,bike,fixed,decaps,756715
6382,bike,fixed,decaps,756454
6383,bike,fixed,decaps,790527
6384,bike,fixed,decaps,756592
6385,bike,fixed,decaps,765560
6386,bike,fixed,decaps,756278
6387,bike,fixed,decaps,756208
6388,bike,fixed,decaps,756209
6389,bike,fixed,decaps,1121524
6390,bike,fixed,decaps,1134002
6391,bike,fixed,decaps,964678
6392,bike,fixed,decaps,759324
6393,bike,fixed,decaps,789208
6394,bike,fixed,decaps,768091
6395,bike,fixed,decaps,756841
6396,bike,fixed,decaps,756750
6397,bike,fixed,decaps,756861
6398,bike,fixed,decaps,756697
6399,bike,fixed,decaps,756567
6400,bike,fixed,decaps,760677
6401,bike,fixed,decaps,757169
6402,bike,fixed,decaps,756786
6403,bike,fixed,decaps,756477
6404,bike,fixed,decaps,756592
6405,bike,fixed,decaps,761780
6406,bike,fixed,decaps,756461
6407,bike,fixed,decaps,756252
6408,bike,fixed,decaps,756609
6409,bike,fixed,decaps,823798
6410,bike,fixed,decaps,1143684
6411,bike,fixed,decaps,1192297
6412,bike,fixed,decaps,827158
6413,bike,fixed,decaps,781061
6414,bike,fixed,decaps,791870
6415,bike,fixed,decaps,780387
6416,bike,fixed,decaps,780404
6417,bike,fixed,decaps,780383
6418,bike,fixed,decaps,774813
6419,bike,fixed,decaps,741381
6420,bike,fixed,decaps,740478
6421,bike,fixed,decaps,767698
6422,bike,fixed,decaps,756686
6423,bike,fixed,decaps,796537
6424,bike,fixed,decaps,752549
6425,bike,fixed,decaps,734984
6426,bike,fixed,decaps,768675
6427,bike,fixed,decaps,756612
6428,bike,fixed,decaps,756655
6429,bike,fixed,decaps,792948
6430,bike,fixed,decaps,1078328
6431,bike,fixed,decaps,1089905
6432,bike,fixed,decaps,1015261
6433,bike,fixed,decaps,758955
6434,bike,fixed,decaps,768385
6435,bike,fixed,decaps,778846
6436,bike,fixed,decaps,790418
6437,bike,fixed,decaps,756419
6438,bike,fixed,decaps,756113
6439,bike,fixed,decaps,801595
6440,bike,fixed,decaps,736501
6441,bike,fixed,decaps,741322
6442,bike,fixed,decaps,791212
6443,bike,fixed,decaps,779007
6444,bike,fixed,decaps,762140
6445,bike,fixed,decaps,790625
6446,bike,fixed,decaps,756854
6447,bike,fixed,decaps,756148
6448,bike,fixed,decaps,756504
6449,bike,fixed,decaps,760931
6450,bike,fixed,decaps,816165
6451,bike,fixed,decaps,1114526
6452,bike,fixed,decaps,1166595
6453,bike,fixed,decaps,865533
6454,bike,fixed,decaps,758480
6455,bike,fixed,decaps,757104
6456,bike,fixed,decaps,757082
6457,bike,fixed,decaps,757111
6458,bike,fixed,decaps,1042540
6459,bike,fixed,decaps,964420
6460,bike,fixed,decaps,759125
6461,bike,fixed,decaps,757048
6462,bike,fixed,decaps,757073
6463,bike,fixed,decaps,767310
6464,bike,fixed,decaps,757278
6465,bike,fixed,decaps,756913
6466,bike,fixed,decaps,756939
6467,bike,fixed,decaps,757407
6468,bike,fixed,decaps,756772
6469,bike,fixed,decaps,763673
6470,bike,fixed,decaps,777703
6471,bike,fixed,decaps,1110942
6472,bike,fixed,decaps,1170664
6473,bike,fixed,decaps,911553
6474,bike,fixed,decaps,760491
6475,bike,fixed,decaps,757874
6476,bike,fixed,decaps,757205
6477,bike,fixed,decaps,756802
6478,bike,fixed,decaps,795712
6479,bike,fixed,decaps,757980
6480,bike,fixed,decaps,756491
6481,bike,fixed,decaps,757192
6482,bike,fixed,decaps,756690
6483,bike,fixed,decaps,762964
6484,bike,fixed,decaps,790566
6485,bike,fixed,decaps,757034
6486,bike,fixed,decaps,756598
6487,bike,fixed,decaps,756342
6488,bike,fixed,decaps,761017
6489,bike,fixed,decaps,756454
6490,bike,fixed,decaps,756033
6491,bike,fixed,decaps,902156
6492,bike,fixed,decaps,1133594
6493,bike,fixed,decaps,1165326
6494,bike,fixed,decaps,794895
6495,bike,fixed,decaps,783460
6496,bike,fixed,decaps,756844
6497,bike,fixed,decaps,757202
6498,bike,fixed,decaps,765737
6499,bike,fixed,decaps,757614
6500,bike,fixed,decaps,756915
6501,bike,fixed,decaps,757350
6502,bike,fixed,decaps,756730
6503,bike,fixed,decaps,761333
6504,bike,fixed,decaps,756850
6505,bike,fixed,decaps,790753
6506,bike,fixed,decaps,756856
6507,bike,fixed,decaps,756448
6508,bike,fixed,decaps,760590
6509,bike,fixed,decaps,756762
6510,bike,fixed,decaps,756719
6511,bike,fixed,decaps,757212
6512,bike,fixed,decaps,1076115
6513,bike,fixed,decaps,1128800
6514,bike,fixed,decaps,969511
6515,bike,fixed,decaps,759068
6516,bike,fixed,decaps,788007
6517,bike,fixed,decaps,783723
6518,bike,fixed,decaps,757788
6519,bike,fixed,decaps,756993
6520,bike,fixed,decaps,756692
6521,bike,fixed,decaps,756589
6522,bike,fixed,decaps,756552
6523,bike,fixed,decaps,828715
6524,bike,fixed,decaps,757391
6525,bike,fixed,decaps,756947
6526,bike,fixed,decaps,756802
6527,bike,fixed,decaps,756859
6528,bike,fixed,decaps,783131
6529,bike,fixed,decaps,734745
6530,bike,fixed,decaps,734646
6531,bike,fixed,decaps,773010
6532,bike,fixed,decaps,813859
6533,bike,fixed,decaps,1134436
6534,bike,fixed,decaps,1196003
6535,bike,fixed,decaps,821743
6536,bike,fixed,decaps,810339
6537,bike,fixed,decaps,893264
6538,bike,fixed,decaps,796918
6539,bike,fixed,decaps,771426
6540,bike,fixed,decaps,738934
6541,bike,fixed,decaps,776699
6542,bike,fixed,decaps,772059
6543,bike,fixed,decaps,757375
6544,bike,fixed,decaps,757158
6545,bike,fixed,decaps,757165
6546,bike,fixed,decaps,794926
6547,bike,fixed,decaps,766749
6548,bike,fixed,decaps,754768
6549,bike,fixed,decaps,769339
6550,bike,fixed,decaps,759149
6551,bike,fixed,decaps,766471
6552,bike,fixed,decaps,761356
6553,bike,fixed,decaps,1048939
6554,bike,fixed,decaps,1093990
6555,bike,fixed,decaps,1067947
6556,bike,fixed,decaps,759589
6557,bike,fixed,decaps,811791
6558,bike,fixed,decaps,779563
6559,bike,fixed,decaps,782148
6560,bike,fixed,decaps,756682
6561,bike,fixed,decaps,756690
6562,bike,fixed,decaps,761356
6563,bike,fixed,decaps,756528
6564,bike,fixed,decaps,756758
6565,bike,fixed,decaps,756931
6566,bike,fixed,decaps,756766
6567,bike,fixed,decaps,760740
6568,bike,fixed,decaps,812431
6569,bike,fixed,decaps,739161
6570,bike,fixed,decaps,768154
6571,bike,fixed,decaps,756605
6572,bike,fixed,decaps,760886
6573,bike,fixed,decaps,882636
6574,bike,fixed,decaps,1124262
6575,bike,fixed,decaps,1138052
6576,bike,fixed,decaps,775949
6577,bike,fixed,decaps,758011
6578,bike,fixed,decaps,757176
6579,bike,fixed,decaps,757596
6580,bike,fixed,decaps,776601
6581,bike,fixed,decaps,785846
6582,bike,fixed,decaps,773853
6583,bike,fixed,decaps,776325
6584,bike,fixed,decaps,756788
6585,bike,fixed,decaps,757206
6586,bike,fixed,decaps,757375
6587,bike,fixed,decaps,760549
6588,bike,fixed,decaps,757245
6589,bike,fixed,decaps,757258
6590,bike,fixed,decaps,756837
6591,bike,fixed,decaps,757018
6592,bike,fixed,decaps,761223
6593,bike,fixed,decaps,757037
6594,bike,fixed,decaps,1042451
6595,bike,fixed,decaps,1116008
6596,bike,fixed,decaps,1152365
6597,bike,fixed,decaps,1100853
6598,bike,fixed,decaps,759245
6599,bike,fixed,decaps,756580
6600,bike,fixed,decaps,756612
6601,bike,fixed,decaps,770004
6602,bike,fixed,decaps,783100
6603,bike,fixed,decaps,786855
6604,bike,fixed,decaps,772572
6605,bike,fixed,decaps,756595
6606,bike,fixed,decaps,763175
6607,bike,fixed,decaps,756886
6608,bike,fixed,decaps,755928
6609,bike,fixed,decaps,756189
6610,bike,fixed,decaps,818729
6611,bike,fixed,decaps,791640
6612,bike,fixed,decaps,756605
6613,bike,fixed,decaps,775252
6614,bike,fixed,decaps,1040932
6615,bike,fixed,decaps,1109470
6616,bike,fixed,decaps,1078493
6617,bike,fixed,decaps,759409
6618,bike,fixed,decaps,757187
6619,bike,fixed,decaps,783800
6620,bike,fixed,decaps,799601
6621,bike,fixed,decaps,757122
6622,bike,fixed,decaps,756595
6623,bike,fixed,decaps,756922
6624,bike,fixed,decaps,756686
6625,bike,fixed,decaps,761229
6626,bike,fixed,decaps,756947
6627,bike,fixed,decaps,756577
6628,bike,fixed,decaps,813324
6629,bike,fixed,decaps,757165
6630,bike,fixed,decaps,757272
6631,bike,fixed,decaps,764184
6632,bike,fixed,decaps,757125
6633,bike,fixed,decaps,756852
6634,bike,fixed,decaps,870652
6635,bike,fixed,decaps,1145224
6636,bike,fixed,decaps,1135555
6637,bike,fixed,decaps,761267
6638,bike,fixed,decaps,790764
6639,bike,fixed,decaps,756334
6640,bike,fixed,decaps,766966
6641,bike,fixed,decaps,779242
6642,bike,fixed,decaps,755847
6643,bike,fixed,decaps,756106
6644,bike,fixed,decaps,756330
6645,bike,fixed,decaps,759967
6646,bike,fixed,decaps,755588
6647,bike,fixed,decaps,756054
6648,bike,fixed,decaps,755786
6649,bike,fixed,decaps,755582
6650,bike,fixed,decaps,760175
6651,bike,fixed,decaps,756393
6652,bike,fixed,decaps,755801
6653,bike,fixed,decaps,755762
6654,bike,fixed,decaps,756073
6655,bike,fixed,decaps,994785
6656,bike,fixed,decaps,1070042
6657,bike,fixed,decaps,1168665
6658,bike,fixed,decaps,793853
6659,bike,fixed,decaps,757086
6660,bike,fixed,decaps,766734
6661,bike,fixed,decaps,756955
6662,bike,fixed,decaps,756718
6663,bike,fixed,decaps,756723
6664,bike,fixed,decaps,756210
6665,bike,fixed,decaps,760982
6666,bike,fixed,decaps,863859
6667,bike,fixed,decaps,995728
6668,bike,fixed,decaps,1105305
6669,bike,fixed,decaps,775361
6670,bike,fixed,decaps,1109165
6671,bike,fixed,decaps,1181553
6672,bike,fixed,decaps,1152961
6673,bike,fixed,decaps,1170565
6674,bike,fixed,decaps,1158617
6675,bike,fixed,decaps,1174759
6676,bike,fixed,decaps,1143305
6677,bike,fixed,decaps,1187513
6678,bike,fixed,decaps,1144486
6679,bike,fixed,decaps,1106298
6680,bike,fixed,decaps,1058399
6681,bike,fixed,decaps,1064953
6682,bike,fixed,decaps,895475
6683,bike,fixed,decaps,1220659
6684,bike,fixed,decaps,1361771
6685,bike,fixed,decaps,1352635
6686,bike,fixed,decaps,1397399
6687,bike,fixed,decaps,1420163
6688,bike,fixed,decaps,1464474
6689,bike,fixed,decaps,1426074
6690,bike,fixed,decaps,1419370
6691,bike,fixed,decaps,1416366
6692,bike,fixed,decaps,1386391
6693,bike,fixed,decaps,1465267
6694,bike,fixed,decaps,1455797
6695,bike,fixed,decaps,1458037
6696,bike,fixed,decaps,1445676
6697,bike,fixed,decaps,1474357
6698,bike,fixed,decaps,1529890
6699,bike,fixed,decaps,1475350
6700,bike,fixed,decaps,1454618
6701,bike,fixed,decaps,1414963
6702,bike,fixed,decaps,1026542
6703,bike,fixed,decaps,1338579
6704,bike,fixed,decaps,1416327
6705,bike,fixed,decaps,1400795
6706,bike,fixed,decaps,1344921
6707,bike,fixed,decaps,1416879
6708,bike,fixed,decaps,1421685
6709,bike,fixed,decaps,1371875
6710,bike,fixed,decaps,1395047
6711,bike,fixed,decaps,1370258
6712,bike,fixed,decaps,1400989
6713,bike,fixed,decaps,1515814
6714,bike,fixed,decaps,1387415
6715,bike,fixed,decaps,1447473
6716,bike,fixed,decaps,1414091
6717,bike,fixed,decaps,1432406
6718,bike,fixed,decaps,1459674
6719,bike,fixed,decaps,1446088
6720,bike,fixed,decaps,1522959
6721,bike,fixed,decaps,1521626
6722,bike,fixed,decaps,1487127
6723,bike,fixed,decaps,1462486
6724,bike,fixed,decaps,1398069
6725,bike,fixed,decaps,1382141
6726,bike,fixed,decaps,1497249
6727,bike,fixed,decaps,1452879
6728,bike,fixed,decaps,1462917
6729,bike,fixed,decaps,1425919
6730,bike,fixed,decaps,1400243
6731,bike,fixed,decaps,1449077
6732,bike,fixed,decaps,1446913
6733,bike,fixed,decaps,1428543
6734,bike,fixed,decaps,1443736
6735,bike,fixed,decaps,1484286
6736,bike,fixed,decaps,1471934
6737,bike,fixed,decaps,1490521
6738,bike,fixed,decaps,1534766
6739,bike,fixed,decaps,1480941
6740,bike,fixed,decaps,1356711
6741,bike,fixed,decaps,1500577
6742,bike,fixed,decaps,1617258
6743,bike,fixed,decaps,1504630
6744,bike,fixed,decaps,1469493
6745,bike,fixed,decaps,1505114
6746,bike,fixed,decaps,1479761
6747,bike,fixed,decaps,1527103
6748,bike,fixed,decaps,1501284
6749,bike,fixed,decaps,1448575
6750,bike,fixed,decaps,1287093
6751,bike,fixed,decaps,1580178
6752,bike,fixed,decaps,1502821
6753,bike,fixed,decaps,1419769
6754,bike,fixed,decaps,1497873
6755,bike,fixed,decaps,1540466
6756,bike,fixed,decaps,1057804
6757,bike,fixed,decaps,1141733
6758,bike,fixed,decaps,1140889
6759,bike,fixed,decaps,1142977
6760,bike,fixed,decaps,1094015
6761,bike,fixed,decaps,817489
6762,bike,fixed,decaps,822555
6763,bike,fixed,decaps,852392
6764,bike,fixed,decaps,926131
6765,bike,fixed,decaps,1041628
6766,bike,fixed,decaps,1476015
6767,bike,fixed,decaps,1511784
6768,bike,fixed,decaps,1474030
6769,bike,fixed,decaps,1222879
6770,bike,fixed,decaps,820878
6771,bike,fixed,decaps,807815
6772,bike,fixed,decaps,903204
6773,bike,fixed,decaps,861259
6774,bike,fixed,decaps,845378
6775,bike,fixed,decaps,984171
6776,bike,fixed,decaps,940281
6777,bike,fixed,decaps,810297
6778,bike,fixed,decaps,829606
6779,bike,fixed,decaps,827930
6780,bike,fixed,decaps,839501
6781,bike,fixed,decaps,923611
6782,bike,fixed,decaps,787704
6783,bike,fixed,decaps,786249
6784,bike,fixed,decaps,837928
6785,bike,fixed,decaps,820552
6786,bike,fixed,decaps,1126467
6787,bike,fixed,decaps,1286282
6788,bike,fixed,decaps,1319290
6789,bike,fixed,decaps,1320043
6790,bike,fixed,decaps,1391893
6791,bike,fixed,decaps,1246253
6792,bike,fixed,decaps,1320481
6793,bike,fixed,decaps,1150765
6794,bike,fixed,decaps,1188524
6795,bike,fixed,decaps,1486064
6796,bike,fixed,decaps,1374111
6797,bike,fixed,decaps,1381081
6798,bike,fixed,decaps,1369583
6799,bike,fixed,decaps,1428598
6800,bike,fixed,decaps,1562220
6801,bike,fixed,decaps,1359628
6802,bike,fixed,decaps,1302551
6803,bike,fixed,decaps,1416245
6804,bike,fixed,decaps,1406197
6805,bike,fixed,decaps,1260083
6806,bike,fixed,decaps,1257890
6807,bike,fixed,decaps,1241227
6808,bike,fixed,decaps,1322530
6809,bike,fixed,decaps,1319854
6810,bike,fixed,decaps,837496
6811,bike,fixed,decaps,820825
6812,bike,fixed,decaps,882545
6813,bike,fixed,decaps,827420
6814,bike,fixed,decaps,805523
6815,bike,fixed,decaps,804862
6816,bike,fixed,decaps,805056
6817,bike,fixed,decaps,871793
6818,bike,fixed,decaps,965896
6819,bike,fixed,decaps,830778
6820,bike,fixed,decaps,875102
6821,bike,fixed,decaps,807628
6822,bike,fixed,decaps,860277
6823,bike,fixed,decaps,819146
6824,bike,fixed,decaps,779640
6825,bike,fixed,decaps,882354
6826,bike,fixed,decaps,815919
6827,bike,fixed,decaps,817878
6828,bike,fixed,decaps,826463
6829,bike,fixed,decaps,820444
6830,bike,fixed,decaps,832178
6831,bike,fixed,decaps,822198
6832,bike,fixed,decaps,817005
6833,bike,fixed,decaps,805599
6834,bike,fixed,decaps,805120
6835,bike,fixed,decaps,805106
6836,bike,fixed,decaps,804862
6837,bike,fixed,decaps,913631
6838,bike,fixed,decaps,936964
6839,bike,fixed,decaps,797628
6840,bike,fixed,decaps,827002
6841,bike,fixed,decaps,845206
6842,bike,fixed,decaps,781361
6843,bike,fixed,decaps,780087
6844,bike,fixed,decaps,782355
6845,bike,fixed,decaps,781490
6846,bike,fixed,decaps,788004
6847,bike,fixed,decaps,780928
6848,bike,fixed,decaps,780896
6849,bike,fixed,decaps,818430
6850,bike,fixed,decaps,870305
6851,bike,fixed,decaps,813724
6852,bike,fixed,decaps,845402
6853,bike,fixed,decaps,788852
6854,bike,fixed,decaps,787798
6855,bike,fixed,decaps,780366
6856,bike,fixed,decaps,787691
6857,bike,fixed,decaps,784824
6858,bike,fixed,decaps,875134
6859,bike,fixed,decaps,947197
6860,bike,fixed,decaps,840911
6861,bike,fixed,decaps,796478
6862,bike,fixed,decaps,781142
6863,bike,fixed,decaps,780336
6864,bike,fixed,decaps,780385
6865,bike,fixed,decaps,780267
6866,bike,fixed,decaps,787258
6867,bike,fixed,decaps,780336
6868,bike,fixed,decaps,780742
6869,bike,fixed,decaps,780382
6870,bike,fixed,decaps,780294
6871,bike,fixed,decaps,787245
6872,bike,fixed,decaps,780076
6873,bike,fixed,decaps,814141
6874,bike,fixed,decaps,795324
6875,bike,fixed,decaps,833916
6876,bike,fixed,decaps,789056
6877,bike,fixed,decaps,780487
6878,bike,fixed,decaps,833012
6879,bike,fixed,decaps,880625
6880,bike,fixed,decaps,891919
6881,bike,fixed,decaps,850195
6882,bike,fixed,decaps,808230
6883,bike,fixed,decaps,844823
6884,bike,fixed,decaps,806275
6885,bike,fixed,decaps,806393
6886,bike,fixed,decaps,812234
6887,bike,fixed,decaps,783053
6888,bike,fixed,decaps,779994
6889,bike,fixed,decaps,780348
6890,bike,fixed,decaps,779728
6891,bike,fixed,decaps,848644
6892,bike,fixed,decaps,782349
6893,bike,fixed,decaps,780596
6894,bike,fixed,decaps,814584
6895,bike,fixed,decaps,780004
6896,bike,fixed,decaps,787503
6897,bike,fixed,decaps,781464
6898,bike,fixed,decaps,782206
6899,bike,fixed,decaps,861743
6900,bike,fixed,decaps,945181
6901,bike,fixed,decaps,839271
6902,bike,fixed,decaps,835068
6903,bike,fixed,decaps,780937
6904,bike,fixed,decaps,783521
6905,bike,fixed,decaps,780157
6906,bike,fixed,decaps,796843
6907,bike,fixed,decaps,826142
6908,bike,fixed,decaps,781174
6909,bike,fixed,decaps,780384
6910,bike,fixed,decaps,780143
6911,bike,fixed,decaps,786456
6912,bike,fixed,decaps,780120
6913,bike,fixed,decaps,838686
6914,bike,fixed,decaps,831374
6915,bike,fixed,decaps,872728
6916,bike,fixed,decaps,1189856
6917,bike,fixed,decaps,944949
6918,bike,fixed,decaps,761167
6919,bike,fixed,decaps,847149
6920,bike,fixed,decaps,912456
6921,bike,fixed,decaps,811256
6922,bike,fixed,decaps,841807
6923,bike,fixed,decaps,784463
6924,bike,fixed,decaps,781975
6925,bike,fixed,decaps,798869
6926,bike,fixed,decaps,781493
6927,bike,fixed,decaps,779896
6928,bike,fixed,decaps,779676
6929,bike,fixed,decaps,779666
6930,bike,fixed,decaps,785624
6931,bike,fixed,decaps,780307
6932,bike,fixed,decaps,779744
6933,bike,fixed,decaps,779719
6934,bike,fixed,decaps,779760
6935,bike,fixed,decaps,787075
6936,bike,fixed,decaps,780239
6937,bike,fixed,decaps,779433
6938,bike,fixed,decaps,779438
6939,bike,fixed,decaps,787498
6940,bike,fixed,decaps,886823
6941,bike,fixed,decaps,816688
6942,bike,fixed,decaps,835452
6943,bike,fixed,decaps,826324
6944,bike,fixed,decaps,779729
6945,bike,fixed,decaps,801058
6946,bike,fixed,decaps,779671
6947,bike,fixed,decaps,779050
6948,bike,fixed,decaps,779254
6949,bike,fixed,decaps,779646
6950,bike,fixed,decaps,784068
6951,bike,fixed,decaps,785039
6952,bike,fixed,decaps,779838
6953,bike,fixed,decaps,779136
6954,bike,fixed,decaps,784842
6955,bike,fixed,decaps,786606
6956,bike,fixed,decaps,814493
6957,bike,fixed,decaps,779800
6958,bike,fixed,decaps,779727
6959,bike,fixed,decaps,779026
6960,bike,fixed,decaps,844899
6961,bike,fixed,decaps,1023979
6962,bike,fixed,decaps,843798
6963,bike,fixed,decaps,857218
6964,bike,fixed,decaps,799748
6965,bike,fixed,decaps,794318
6966,bike,fixed,decaps,806915
6967,bike,fixed,decaps,813640
6968,bike,fixed,decaps,779743
6969,bike,fixed,decaps,782616
6970,bike,fixed,decaps,796676
6971,bike,fixed,decaps,756706
6972,bike,fixed,decaps,778955
6973,bike,fixed,decaps,823476
6974,bike,fixed,decaps,781710
6975,bike,fixed,decaps,788717
6976,bike,fixed,decaps,813967
6977,bike,fixed,decaps,780324
6978,bike,fixed,decaps,779990
6979,bike,fixed,decaps,779654
6980,bike,fixed,decaps,786423
6981,bike,fixed,decaps,872998
6982,bike,fixed,decaps,926706
6983,bike,fixed,decaps,775419
6984,bike,fixed,decaps,865142
6985,bike,fixed,decaps,782756
6986,bike,fixed,decaps,802507
6987,bike,fixed,decaps,809519
6988,bike,fixed,decaps,779955
6989,bike,fixed,decaps,815817
6990,bike,fixed,decaps,788143
6991,bike,fixed,decaps,768772
6992,bike,fixed,decaps,759568
6993,bike,fixed,decaps,756459
6994,bike,fixed,decaps,756109
6995,bike,fixed,decaps,759944
6996,bike,fixed,decaps,790260
6997,bike,fixed,decaps,756114
6998,bike,fixed,decaps,756136
6999,bike,fixed,decaps,756432
7000,bike,fixed,decaps,772989
7001,bike,fixed,decaps,818569
7002,bike,fixed,decaps,869233
7003,bike,fixed,decaps,884075
7004,bike,fixed,decaps,837071
7005,bike,fixed,decaps,885688
7006,bike,fixed,decaps,847406
7007,bike,fixed,decaps,781160
7008,bike,fixed,decaps,779894
7009,bike,fixed,decaps,780071
7010,bike,fixed,decaps,789695
7011,bike,fixed,decaps,779746
7012,bike,fixed,decaps,779785
7013,bike,fixed,decaps,790680
7014,bike,fixed,decaps,779945
7015,bike,fixed,decaps,785163
7016,bike,fixed,decaps,765037
7017,bike,fixed,decaps,789784
7018,bike,fixed,decaps,756132
7019,bike,fixed,decaps,756297
7020,bike,fixed,decaps,763112
7021,bike,fixed,decaps,756437
7022,bike,fixed,decaps,756654
7023,bike,fixed,decaps,823356
7024,bike,fixed,decaps,908957
7025,bike,fixed,decaps,831625
7026,bike,fixed,decaps,811721
7027,bike,fixed,decaps,775531
7028,bike,fixed,decaps,805577
7029,bike,fixed,decaps,805212
7030,bike,fixed,decaps,811923
7031,bike,fixed,decaps,780104
7032,bike,fixed,decaps,779747
7033,bike,fixed,decaps,780041
7034,bike,fixed,decaps,780117
7035,bike,fixed,decaps,809927
7036,bike,fixed,decaps,761834
7037,bike,fixed,decaps,756828
7038,bike,fixed,decaps,791435
7039,bike,fixed,decaps,792688
7040,bike,fixed,decaps,872752
7041,bike,fixed,decaps,781769
7042,bike,fixed,decaps,813866
7043,bike,fixed,decaps,811808
7044,bike,fixed,decaps,899099
7045,bike,fixed,decaps,998897
7046,bike,fixed,decaps,817380
7047,bike,fixed,decaps,763300
7048,bike,fixed,decaps,756837
7049,bike,fixed,decaps,756780
7050,bike,fixed,decaps,804794
7051,bike,fixed,decaps,780037
7052,bike,fixed,decaps,780559
7053,bike,fixed,decaps,779778
7054,bike,fixed,decaps,779477
7055,bike,fixed,decaps,787314
7056,bike,fixed,decaps,822779
7057,bike,fixed,decaps,781424
7058,bike,fixed,decaps,783725
7059,bike,fixed,decaps,795052
7060,bike,fixed,decaps,766382
7061,bike,fixed,decaps,756631
7062,bike,fixed,decaps,756143
7063,bike,fixed,decaps,756295
7064,bike,fixed,decaps,763517
7065,bike,fixed,decaps,887586
7066,bike,fixed,decaps,932843
7067,bike,fixed,decaps,836594
7068,bike,fixed,decaps,786724
7069,bike,fixed,decaps,780367
7070,bike,fixed,decaps,824554
7071,bike,fixed,decaps,807095
7072,bike,fixed,decaps,793683
7073,bike,fixed,decaps,812131
7074,bike,fixed,decaps,758041
7075,bike,fixed,decaps,763474
7076,bike,fixed,decaps,777367
7077,bike,fixed,decaps,756836
7078,bike,fixed,decaps,756918
7079,bike,fixed,decaps,805510
7080,bike,fixed,decaps,817848
7081,bike,fixed,decaps,835931
7082,bike,fixed,decaps,761832
7083,bike,fixed,decaps,756559
7084,bike,fixed,decaps,756332
7085,bike,fixed,decaps,855272
7086,bike,fixed,decaps,869189
7087,bike,fixed,decaps,853875
7088,bike,fixed,decaps,804145
7089,bike,fixed,decaps,839389
7090,bike,fixed,decaps,810036
7091,bike,fixed,decaps,781388
7092,bike,fixed,decaps,779768
7093,bike,fixed,decaps,779571
7094,bike,fixed,decaps,779752
7095,bike,fixed,decaps,786953
7096,bike,fixed,decaps,779666
7097,bike,fixed,decaps,796084
7098,bike,fixed,decaps,733844
7099,bike,fixed,decaps,767494
7100,bike,fixed,decaps,762444
7101,bike,fixed,decaps,789813
7102,bike,fixed,decaps,756441
7103,bike,fixed,decaps,787707
7104,bike,fixed,decaps,779860
7105,bike,fixed,decaps,798165
7106,bike,fixed,decaps,843890
7107,bike,fixed,decaps,859651
7108,bike,fixed,decaps,829935
7109,bike,fixed,decaps,860538
7110,bike,fixed,decaps,840149
7111,bike,fixed,decaps,785280
7112,bike,fixed,decaps,756489
7113,bike,fixed,decaps,756468
7114,bike,fixed,decaps,756318
7115,bike,fixed,decaps,767240
7116,bike,fixed,decaps,757011
7117,bike,fixed,decaps,771333
7118,bike,fixed,decaps,756940
7119,bike,fixed,decaps,756582
7120,bike,fixed,decaps,764175
7121,bike,fixed,decaps,757100
7122,bike,fixed,decaps,790511
7123,bike,fixed,decaps,756834
7124,bike,fixed,decaps,792882
7125,bike,fixed,decaps,765196
7126,bike,fixed,decaps,757006
7127,bike,fixed,decaps,770670
7128,bike,fixed,decaps,826275
7129,bike,fixed,decaps,869239
7130,bike,fixed,decaps,898833
7131,bike,fixed,decaps,782560
7132,bike,fixed,decaps,779565
7133,bike,fixed,decaps,779303
7134,bike,fixed,decaps,779828
7135,bike,fixed,decaps,801121
7136,bike,fixed,decaps,734745
7137,bike,fixed,decaps,768087
7138,bike,fixed,decaps,758882
7139,bike,fixed,decaps,869784
7140,bike,fixed,decaps,761980
7141,bike,fixed,decaps,799050
7142,bike,fixed,decaps,757335
7143,bike,fixed,decaps,756145
7144,bike,fixed,decaps,771063
7145,bike,fixed,decaps,804840
7146,bike,fixed,decaps,807019
7147,bike,fixed,decaps,779864
7148,bike,fixed,decaps,830270
7149,bike,fixed,decaps,1077557
7150,bike,fixed,decaps,867492
7151,bike,fixed,decaps,776688
7152,bike,fixed,decaps,781104
7153,bike,fixed,decaps,780546
7154,bike,fixed,decaps,780597
7155,bike,fixed,decaps,789848
7156,bike,fixed,decaps,780577
7157,bike,fixed,decaps,780535
7158,bike,fixed,decaps,780301
7159,bike,fixed,decaps,784705
7160,bike,fixed,decaps,804681
7161,bike,fixed,decaps,757499
7162,bike,fixed,decaps,756232
7163,bike,fixed,decaps,792333
7164,bike,fixed,decaps,762372
7165,bike,fixed,decaps,756702
7166,bike,fixed,decaps,764914
7167,bike,fixed,decaps,756311
7168,bike,fixed,decaps,756819
7169,bike,fixed,decaps,806693
7170,bike,fixed,decaps,1066368
7171,bike,fixed,decaps,872883
7172,bike,fixed,decaps,845950
7173,bike,fixed,decaps,757975
7174,bike,fixed,decaps,757205
7175,bike,fixed,decaps,769789
7176,bike,fixed,decaps,757114
7177,bike,fixed,decaps,756895
7178,bike,fixed,decaps,757129
7179,bike,fixed,decaps,775005
7180,bike,fixed,decaps,798875
7181,bike,fixed,decaps,788600
7182,bike,fixed,decaps,780491
7183,bike,fixed,decaps,780409
7184,bike,fixed,decaps,811720
7185,bike,fixed,decaps,780417
7186,bike,fixed,decaps,822375
7187,bike,fixed,decaps,790602
7188,bike,fixed,decaps,758817
7189,bike,fixed,decaps,756644
7190,bike,fixed,decaps,851247
7191,bike,fixed,decaps,1068305
7192,bike,fixed,decaps,823947
7193,bike,fixed,decaps,805559
7194,bike,fixed,decaps,781579
7195,bike,fixed,decaps,793863
7196,bike,fixed,decaps,780214
7197,bike,fixed,decaps,779729
7198,bike,fixed,decaps,823796
7199,bike,fixed,decaps,783524
7200,bike,fixed,decaps,763015
7201,bike,fixed,decaps,756348
7202,bike,fixed,decaps,756645
7203,bike,fixed,decaps,756029
7204,bike,fixed,decaps,771944
7205,bike,fixed,decaps,734534
7206,bike,fixed,decaps,825735
7207,bike,fixed,decaps,771791
7208,bike,fixed,decaps,756839
7209,bike,fixed,decaps,756270
7210,bike,fixed,decaps,756097
7211,bike,fixed,decaps,917851
7212,bike,fixed,decaps,1102830
7213,bike,fixed,decaps,804895
7214,bike,fixed,decaps,797768
7215,bike,fixed,decaps,785927
7216,bike,fixed,decaps,757124
7217,bike,fixed,decaps,792039
7218,bike,fixed,decaps,778354
7219,bike,fixed,decaps,765657
7220,bike,fixed,decaps,763899
7221,bike,fixed,decaps,756865
7222,bike,fixed,decaps,756314
7223,bike,fixed,decaps,756593
7224,bike,fixed,decaps,756985
7225,bike,fixed,decaps,756719
7226,bike,fixed,decaps,795303
7227,bike,fixed,decaps,756932
7228,bike,fixed,decaps,756768
7229,bike,fixed,decaps,757327
7230,bike,fixed,decaps,757667
7231,bike,fixed,decaps,761804
7232,bike,fixed,decaps,884625
7233,bike,fixed,decaps,1057508
7234,bike,fixed,decaps,802510
7235,bike,fixed,decaps,824491
7236,bike,fixed,decaps,768735
7237,bike,fixed,decaps,785292
7238,bike,fixed,decaps,780083
7239,bike,fixed,decaps,780490
7240,bike,fixed,decaps,780000
7241,bike,fixed,decaps,789241
7242,bike,fixed,decaps,776740
7243,bike,fixed,decaps,758276
7244,bike,fixed,decaps,756027
7245,bike,fixed,decaps,755917
7246,bike,fixed,decaps,759549
7247,bike,fixed,decaps,789994
7248,bike,fixed,decaps,756001
7249,bike,fixed,decaps,792332
7250,bike,fixed,decaps,780333
7251,bike,fixed,decaps,784055
7252,bike,fixed,decaps,782258
7253,bike,fixed,decaps,987307
7254,bike,fixed,decaps,1030218
7255,bike,fixed,decaps,870039
7256,bike,fixed,decaps,759504
7257,bike,fixed,decaps,757016
7258,bike,fixed,decaps,756835
7259,bike,fixed,decaps,756621
7260,bike,fixed,decaps,756023
7261,bike,fixed,decaps,766519
7262,bike,fixed,decaps,758278
7263,bike,fixed,decaps,775029
7264,bike,fixed,decaps,792838
7265,bike,fixed,decaps,789119
7266,bike,fixed,decaps,812199
7267,bike,fixed,decaps,1048199
7268,bike,fixed,decaps,783026
7269,bike,fixed,decaps,757633
7270,bike,fixed,decaps,756195
7271,bike,fixed,decaps,806171
7272,bike,fixed,decaps,784072
7273,bike,fixed,decaps,859448
7274,bike,fixed,decaps,1079234
7275,bike,fixed,decaps,832351
7276,bike,fixed,decaps,865908
7277,bike,fixed,decaps,872533
7278,bike,fixed,decaps,782034
7279,bike,fixed,decaps,803187
7280,bike,fixed,decaps,792601
7281,bike,fixed,decaps,788871
7282,bike,fixed,decaps,737808
7283,bike,fixed,decaps,766282
7284,bike,fixed,decaps,755839
7285,bike,fixed,decaps,764018
7286,bike,fixed,decaps,756283
7287,bike,fixed,decaps,782803
7288,bike,fixed,decaps,757440
7289,bike,fixed,decaps,787966
7290,bike,fixed,decaps,764165
7291,bike,fixed,decaps,756881
7292,bike,fixed,decaps,757210
7293,bike,fixed,decaps,756489
7294,bike,fixed,decaps,857635
7295,bike,fixed,decaps,1091915
7296,bike,fixed,decaps,857608
7297,bike,fixed,decaps,796863
7298,bike,fixed,decaps,797544
7299,bike,fixed,decaps,776554
7300,bike,fixed,decaps,768068
7301,bike,fixed,decaps,757474
7302,bike,fixed,decaps,756731
7303,bike,fixed,decaps,756922
7304,bike,fixed,decaps,763446
7305,bike,fixed,decaps,784829
7306,bike,fixed,decaps,757159
7307,bike,fixed,decaps,757214
7308,bike,fixed,decaps,756628
7309,bike,fixed,decaps,788339
7310,bike,fixed,decaps,756692
7311,bike,fixed,decaps,762430
7312,bike,fixed,decaps,756518
7313,bike,fixed,decaps,794800
7314,bike,fixed,decaps,757406
7315,bike,fixed,decaps,854626
7316,bike,fixed,decaps,1067298
7317,bike,fixed,decaps,859131
7318,bike,fixed,decaps,812778
7319,bike,fixed,decaps,783761
7320,bike,fixed,decaps,793671
7321,bike,fixed,decaps,780627
7322,bike,fixed,decaps,779724
7323,bike,fixed,decaps,779645
7324,bike,fixed,decaps,782292
7325,bike,fixed,decaps,781845
7326,bike,fixed,decaps,756687
7327,bike,fixed,decaps,756580
7328,bike,fixed,decaps,756492
7329,bike,fixed,decaps,756682
7330,bike,fixed,decaps,831911
7331,bike,fixed,decaps,805798
7332,bike,fixed,decaps,756591
7333,bike,fixed,decaps,755962
7334,bike,fixed,decaps,756562
7335,bike,fixed,decaps,756496
7336,bike,fixed,decaps,929975
7337,bike,fixed,decaps,1020908
7338,bike,fixed,decaps,868797
7339,bike,fixed,decaps,760055
7340,bike,fixed,decaps,786818
7341,bike,fixed,decaps,756708
7342,bike,fixed,decaps,756150
7343,bike,fixed,decaps,756099
7344,bike,fixed,decaps,756447
7345,bike,fixed,decaps,756045
7346,bike,fixed,decaps,806936
7347,bike,fixed,decaps,780130
7348,bike,fixed,decaps,779821
7349,bike,fixed,decaps,794735
7350,bike,fixed,decaps,738299
7351,bike,fixed,decaps,823350
7352,bike,fixed,decaps,756248
7353,bike,fixed,decaps,756189
7354,bike,fixed,decaps,756012
7355,bike,fixed,decaps,766214
7356,bike,fixed,decaps,804079
7357,bike,fixed,decaps,962537
7358,bike,fixed,decaps,998783
7359,bike,fixed,decaps,799998
7360,bike,fixed,decaps,807691
7361,bike,fixed,decaps,780972
7362,bike,fixed,decaps,771872
7363,bike,fixed,decaps,793247
7364,bike,fixed,decaps,757621
7365,bike,fixed,decaps,763906
7366,bike,fixed,decaps,757004
7367,bike,fixed,decaps,756155
7368,bike,fixed,decaps,779772
7369,bike,fixed,decaps,780962
7370,bike,fixed,decaps,779895
7371,bike,fixed,decaps,787753
7372,bike,fixed,decaps,814603
7373,bike,fixed,decaps,733838
7374,bike,fixed,decaps,738985
7375,bike,fixed,decaps,763834
7376,bike,fixed,decaps,763143
7377,bike,fixed,decaps,756706
7378,bike,fixed,decaps,997660
7379,bike,fixed,decaps,974130
7380,bike,fixed,decaps,917812
7381,bike,fixed,decaps,758838
7382,bike,fixed,decaps,756715
7383,bike,fixed,decaps,781979
7384,bike,fixed,decaps,780360
7385,bike,fixed,decaps,789926
7386,bike,fixed,decaps,772614
7387,bike,fixed,decaps,757084
7388,bike,fixed,decaps,757050
7389,bike,fixed,decaps,791322
7390,bike,fixed,decaps,759135
7391,bike,fixed,decaps,801026
7392,bike,fixed,decaps,784502
7393,bike,fixed,decaps,790282
7394,bike,fixed,decaps,756734
7395,bike,fixed,decaps,756519
7396,bike,fixed,decaps,778394
7397,bike,fixed,decaps,756967
7398,bike,fixed,decaps,761506
7399,bike,fixed,decaps,1038197
7400,bike,fixed,decaps,942995
7401,bike,fixed,decaps,865663
7402,bike,fixed,decaps,758683
7403,bike,fixed,decaps,757223
7404,bike,fixed,decaps,756953
7405,bike,fixed,decaps,758420
7406,bike,fixed,decaps,769592
7407,bike,fixed,decaps,757748
7408,bike,fixed,decaps,756598
7409,bike,fixed,decaps,755912
7410,bike,fixed,decaps,756979
7411,bike,fixed,decaps,770263
7412,bike,fixed,decaps,882769
7413,bike,fixed,decaps,761642
7414,bike,fixed,decaps,787582
7415,bike,fixed,decaps,757821
7416,bike,fixed,decaps,792850
7417,bike,fixed,decaps,756955
7418,bike,fixed,decaps,756656
7419,bike,fixed,decaps,774447
7420,bike,fixed,decaps,1076797
7421,bike,fixed,decaps,835679
7422,bike,fixed,decaps,821681
7423,bike,fixed,decaps,758689
7424,bike,fixed,decaps,758487
7425,bike,fixed,decaps,757676
7426,bike,fixed,decaps,780590
7427,bike,fixed,decaps,782341
7428,bike,fixed,decaps,788467
7429,bike,fixed,decaps,756484
7430,bike,fixed,decaps,756722
7431,bike,fixed,decaps,764400
7432,bike,fixed,decaps,757482
7433,bike,fixed,decaps,757168
7434,bike,fixed,decaps,756460
7435,bike,fixed,decaps,788797
7436,bike,fixed,decaps,764263
7437,bike,fixed,decaps,757148
7438,bike,fixed,decaps,756610
7439,bike,fixed,decaps,781072
7440,bike,fixed,decaps,788339
7441,bike,fixed,decaps,1046199
7442,bike,fixed,decaps,971216
7443,bike,fixed,decaps,812303
7444,bike,fixed,decaps,761834
7445,bike,fixed,decaps,757577
7446,bike,fixed,decaps,805693
7447,bike,fixed,decaps,785142
7448,bike,fixed,decaps,760930
7449,bike,fixed,decaps,774368
7450,bike,fixed,decaps,760061
7451,bike,fixed,decaps,768096
7452,bike,fixed,decaps,756518
7453,bike,fixed,decaps,760609
7454,bike,fixed,decaps,756374
7455,bike,fixed,decaps,793448
7456,bike,fixed,decaps,801948
7457,bike,fixed,decaps,758895
7458,bike,fixed,decaps,758058
7459,bike,fixed,decaps,757318
7460,bike,fixed,decaps,756678
7461,bike,fixed,decaps,765753
7462,bike,fixed,decaps,1018941
7463,bike,fixed,decaps,961858
7464,bike,fixed,decaps,864040
7465,bike,fixed,decaps,771892
7466,bike,fixed,decaps,769459
7467,bike,fixed,decaps,756597
7468,bike,fixed,decaps,756631
7469,bike,fixed,decaps,756466
7470,bike,fixed,decaps,756416
7471,bike,fixed,decaps,764222
7472,bike,fixed,decaps,756209
7473,bike,fixed,decaps,756383
7474,bike,fixed,decaps,756141
7475,bike,fixed,decaps,756508
7476,bike,fixed,decaps,775117
7477,bike,fixed,decaps,818379
7478,bike,fixed,decaps,784048
7479,bike,fixed,decaps,775008
7480,bike,fixed,decaps,734569
7481,bike,fixed,decaps,734394
7482,bike,fixed,decaps,775501
7483,bike,fixed,decaps,1027356
7484,bike,fixed,decaps,995307
7485,bike,fixed,decaps,826398
7486,bike,fixed,decaps,768284
7487,bike,fixed,decaps,770861
7488,bike,fixed,decaps,780017
7489,bike,fixed,decaps,775202
7490,bike,fixed,decaps,791310
7491,bike,fixed,decaps,767780
7492,bike,fixed,decaps,756213
7493,bike,fixed,decaps,756240
7494,bike,fixed,decaps,756236
7495,bike,fixed,decaps,756092
7496,bike,fixed,decaps,755638
7497,bike,fixed,decaps,763018
7498,bike,fixed,decaps,798708
7499,bike,fixed,decaps,758396
7500,bike,fixed,decaps,756001
7501,bike,fixed,decaps,755923
7502,bike,fixed,decaps,761593
7503,bike,fixed,decaps,758055
7504,bike,fixed,decaps,824879
7505,bike,fixed,decaps,871220
7506,bike,fixed,decaps,816477
7507,bike,fixed,decaps,801137
7508,bike,fixed,decaps,735450
7509,bike,fixed,decaps,734957
7510,bike,fixed,decaps,735306
7511,bike,fixed,decaps,734510
7512,bike,fixed,decaps,773886
7513,bike,fixed,decaps,789598
7514,bike,fixed,decaps,756770
7515,bike,fixed,decaps,756863
7516,bike,fixed,decaps,789545
7517,bike,fixed,decaps,771018
7518,bike,fixed,decaps,757306
7519,bike,fixed,decaps,756990
7520,bike,fixed,decaps,793157
7521,bike,fixed,decaps,756545
7522,bike,fixed,decaps,759652
7523,bike,fixed,decaps,757078
7524,bike,fixed,decaps,756949
7525,bike,fixed,decaps,779878
7526,bike,fixed,decaps,905496
7527,bike,fixed,decaps,837741
7528,bike,fixed,decaps,830373
7529,bike,fixed,decaps,735251
7530,bike,fixed,decaps,776375
7531,bike,fixed,decaps,844465
7532,bike,fixed,decaps,907063
7533,bike,fixed,decaps,760272
7534,bike,fixed,decaps,758269
7535,bike,fixed,decaps,757315
7536,bike,fixed,decaps,757008
7537,bike,fixed,decaps,764537
7538,bike,fixed,decaps,757482
7539,bike,fixed,decaps,757348
7540,bike,fixed,decaps,791027
7541,bike,fixed,decaps,782988
7542,bike,fixed,decaps,757428
7543,bike,fixed,decaps,765845
7544,bike,fixed,decaps,756536
7545,bike,fixed,decaps,756912
7546,bike,fixed,decaps,884400
7547,bike,fixed,decaps,850283
7548,bike,fixed,decaps,986123
7549,bike,fixed,decaps,833854
7550,bike,fixed,decaps,878856
7551,bike,fixed,decaps,738737
7552,bike,fixed,decaps,766903
7553,bike,fixed,decaps,757399
7554,bike,fixed,decaps,756784
7555,bike,fixed,decaps,756743
7556,bike,fixed,decaps,756884
7557,bike,fixed,decaps,757077
7558,bike,fixed,decaps,763377
7559,bike,fixed,decaps,757160
7560,bike,fixed,decaps,757951
7561,bike,fixed,decaps,756409
7562,bike,fixed,decaps,756886
7563,bike,fixed,decaps,793749
7564,bike,fixed,decaps,757100
7565,bike,fixed,decaps,756727
7566,bike,fixed,decaps,756901
7567,bike,fixed,decaps,933232
7568,bike,fixed,decaps,866341
7569,bike,fixed,decaps,892313
7570,bike,fixed,decaps,823951
7571,bike,fixed,decaps,758160
7572,bike,fixed,decaps,756022
7573,bike,fixed,decaps,767045
7574,bike,fixed,decaps,756672
7575,bike,fixed,decaps,756181
7576,bike,fixed,decaps,756882
7577,bike,fixed,decaps,756114
7578,bike,fixed,decaps,762879
7579,bike,fixed,decaps,756049
7580,bike,fixed,decaps,756149
7581,bike,fixed,decaps,756251
7582,bike,fixed,decaps,755865
7583,bike,fixed,decaps,804245
7584,bike,fixed,decaps,756599
7585,bike,fixed,decaps,750229
7586,bike,fixed,decaps,789721
7587,bike,fixed,decaps,734255
7588,bike,fixed,decaps,848128
7589,bike,fixed,decaps,816501
7590,bike,fixed,decaps,835401
7591,bike,fixed,decaps,840177
7592,bike,fixed,decaps,785727
7593,bike,fixed,decaps,806802
7594,bike,fixed,decaps,756538
7595,bike,fixed,decaps,756067
7596,bike,fixed,decaps,756585
7597,bike,fixed,decaps,757115
7598,bike,fixed,decaps,755924
7599,bike,fixed,decaps,761364
7600,bike,fixed,decaps,785388
7601,bike,fixed,decaps,783704
7602,bike,fixed,decaps,756364
7603,bike,fixed,decaps,756030
7604,bike,fixed,decaps,795421
7605,bike,fixed,decaps,775066
7606,bike,fixed,decaps,739155
7607,bike,fixed,decaps,734707
7608,bike,fixed,decaps,734682
7609,bike,fixed,decaps,737717
7610,bike,fixed,decaps,857056
7611,bike,fixed,decaps,1012207
7612,bike,fixed,decaps,785560
7613,bike,fixed,decaps,878328
7614,bike,fixed,decaps,791747
7615,bike,fixed,decaps,781386
7616,bike,fixed,decaps,785661
7617,bike,fixed,decaps,789409
7618,bike,fixed,decaps,757923
7619,bike,fixed,decaps,765741
7620,bike,fixed,decaps,779607
7621,bike,fixed,decaps,790694
7622,bike,fixed,decaps,757093
7623,bike,fixed,decaps,756701
7624,bike,fixed,decaps,763700
7625,bike,fixed,decaps,790538
7626,bike,fixed,decaps,756683
7627,bike,fixed,decaps,756795
7628,bike,fixed,decaps,756900
7629,bike,fixed,decaps,786462
7630,bike,fixed,decaps,757275
7631,bike,fixed,decaps,881907
7632,bike,fixed,decaps,1061906
7633,bike,fixed,decaps,892493
7634,bike,fixed,decaps,823905
7635,bike,fixed,decaps,757777
7636,bike,fixed,decaps,757216
7637,bike,fixed,decaps,756850
7638,bike,fixed,decaps,756942
7639,bike,fixed,decaps,764503
7640,bike,fixed,decaps,756486
7641,bike,fixed,decaps,756577
7642,bike,fixed,decaps,757135
7643,bike,fixed,decaps,791488
7644,bike,fixed,decaps,767871
7645,bike,fixed,decaps,756769
7646,bike,fixed,decaps,756453
7647,bike,fixed,decaps,790438
7648,bike,fixed,decaps,757011
7649,bike,fixed,decaps,763370
7650,bike,fixed,decaps,756057
7651,bike,fixed,decaps,755958
7652,bike,fixed,decaps,847050
7653,bike,fixed,decaps,1070368
7654,bike,fixed,decaps,890611
7655,bike,fixed,decaps,809353
7656,bike,fixed,decaps,757235
7657,bike,fixed,decaps,756055
7658,bike,fixed,decaps,755548
7659,bike,fixed,decaps,766353
7660,bike,fixed,decaps,755815
7661,bike,fixed,decaps,755589
7662,bike,fixed,decaps,755614
7663,bike,fixed,decaps,790154
7664,bike,fixed,decaps,763445
7665,bike,fixed,decaps,756521
7666,bike,fixed,decaps,756809
7667,bike,fixed,decaps,790416
7668,bike,fixed,decaps,789492
7669,bike,fixed,decaps,762109
7670,bike,fixed,decaps,756616
7671,bike,fixed,decaps,756647
7672,bike,fixed,decaps,756553
7673,bike,fixed,decaps,846700
7674,bike,fixed,decaps,1060096
7675,bike,fixed,decaps,771131
7676,bike,fixed,decaps,820858
7677,bike,fixed,decaps,735636
7678,bike,fixed,decaps,765129
7679,bike,fixed,decaps,807023
7680,bike,fixed,decaps,757180
7681,bike,fixed,decaps,789947
7682,bike,fixed,decaps,778751
7683,bike,fixed,decaps,756795
7684,bike,fixed,decaps,756646
7685,bike,fixed,decaps,767197
7686,bike,fixed,decaps,867227
7687,bike,fixed,decaps,757546
7688,bike,fixed,decaps,773292
7689,bike,fixed,decaps,734917
7690,bike,fixed,decaps,762772
7691,bike,fixed,decaps,769611
7692,bike,fixed,decaps,788102
7693,bike,fixed,decaps,756198
7694,bike,fixed,decaps,902821
7695,bike,fixed,decaps,1029801
7696,bike,fixed,decaps,795540
7697,bike,fixed,decaps,777105
7698,bike,fixed,decaps,786830
7699,bike,fixed,decaps,769015
7700,bike,fixed,decaps,757609
7701,bike,fixed,decaps,756637
7702,bike,fixed,decaps,756833
7703,bike,fixed,decaps,756808
7704,bike,fixed,decaps,756778
7705,bike,fixed,decaps,762252
7706,bike,fixed,decaps,756732
7707,bike,fixed,decaps,757190
7708,bike,fixed,decaps,756253
7709,bike,fixed,decaps,788202
7710,bike,fixed,decaps,763678
7711,bike,fixed,decaps,756296
7712,bike,fixed,decaps,757021
7713,bike,fixed,decaps,756196
7714,bike,fixed,decaps,756702
7715,bike,fixed,decaps,797701
7716,bike,fixed,decaps,1069345
7717,bike,fixed,decaps,876183
7718,bike,fixed,decaps,845475
7719,bike,fixed,decaps,796652
7720,bike,fixed,decaps,772230
7721,bike,fixed,decaps,756657
7722,bike,fixed,decaps,773387
7723,bike,fixed,decaps,780077
7724,bike,fixed,decaps,772669
7725,bike,fixed,decaps,764645
7726,bike,fixed,decaps,756405
7727,bike,fixed,decaps,756138
7728,bike,fixed,decaps,757338
7729,bike,fixed,decaps,757134
7730,bike,fixed,decaps,773232
7731,bike,fixed,decaps,773728
7732,bike,fixed,decaps,771355
7733,bike,fixed,decaps,756271
7734,bike,fixed,decaps,756836
7735,bike,fixed,decaps,760991
7736,bike,fixed,decaps,777003
7737,bike,fixed,decaps,1024931
7738,bike,fixed,decaps,893324
7739,bike,fixed,decaps,850237
7740,bike,fixed,decaps,771151
7741,bike,fixed,decaps,774673
7742,bike,fixed,decaps,779891
7743,bike,fixed,decaps,771082
7744,bike,fixed,decaps,760996
7745,bike,fixed,decaps,827043
7746,bike,fixed,decaps,757332
7747,bike,fixed,decaps,756615
7748,bike,fixed,decaps,756115
7749,bike,fixed,decaps,765979
7750,bike,fixed,decaps,761857
7751,bike,fixed,decaps,734892
7752,bike,fixed,decaps,815562
7753,bike,fixed,decaps,784661
7754,bike,fixed,decaps,756549
7755,bike,fixed,decaps,756271
7756,bike,fixed,decaps,763028
7757,bike,fixed,decaps,770350
7758,bike,fixed,decaps,1012779
7759,bike,fixed,decaps,895112
7760,bike,fixed,decaps,829701
7761,bike,fixed,decaps,741157
7762,bike,fixed,decaps,736810
7763,bike,fixed,decaps,734955
7764,bike,fixed,decaps,734527
7765,bike,fixed,decaps,734608
7766,bike,fixed,decaps,799490
7767,bike,fixed,decaps,778983
7768,bike,fixed,decaps,756654
7769,bike,fixed,decaps,756872
7770,bike,fixed,decaps,756799
7771,bike,fixed,decaps,794793
7772,bike,fixed,decaps,817172
7773,bike,fixed,decaps,806541
7774,bike,fixed,decaps,774903
7775,bike,fixed,decaps,756979
7776,bike,fixed,decaps,762811
7777,bike,fixed,decaps,756984
7778,bike,fixed,decaps,763022
7779,bike,fixed,decaps,976503
7780,bike,fixed,decaps,937818
7781,bike,fixed,decaps,916523
7782,bike,fixed,decaps,762982
7783,bike,fixed,decaps,757142
7784,bike,fixed,decaps,756541
7785,bike,fixed,decaps,757175
7786,bike,fixed,decaps,779002
7787,bike,fixed,decaps,757274
7788,bike,fixed,decaps,757260
7789,bike,fixed,decaps,756891
7790,bike,fixed,decaps,757055
7791,bike,fixed,decaps,770059
7792,bike,fixed,decaps,757763
7793,bike,fixed,decaps,757179
7794,bike,fixed,decaps,791134
7795,bike,fixed,decaps,790904
7796,bike,fixed,decaps,766292
7797,bike,fixed,decaps,756440
7798,bike,fixed,decaps,756710
7799,bike,fixed,decaps,787191
7800,bike,fixed,decaps,1004933
7801,bike,fixed,decaps,1002279
7802,bike,fixed,decaps,841187
7803,bike,fixed,decaps,739566
7804,bike,fixed,decaps,748627
7805,bike,fixed,decaps,757017
7806,bike,fixed,decaps,768237
7807,bike,fixed,decaps,757160
7808,bike,fixed,decaps,757162
7809,bike,fixed,decaps,756822
7810,bike,fixed,decaps,756843
7811,bike,fixed,decaps,763300
7812,bike,fixed,decaps,756694
7813,bike,fixed,decaps,756424
7814,bike,fixed,decaps,756694
7815,bike,fixed,decaps,793431
7816,bike,fixed,decaps,769269
7817,bike,fixed,decaps,761333
7818,bike,fixed,decaps,746927
7819,bike,fixed,decaps,744581
7820,bike,fixed,decaps,734557
7821,bike,fixed,decaps,891127
7822,bike,fixed,decaps,888077
7823,bike,fixed,decaps,807408
7824,bike,fixed,decaps,957267
7825,bike,fixed,decaps,782550
7826,bike,fixed,decaps,771377
7827,bike,fixed,decaps,771002
7828,bike,fixed,decaps,780770
7829,bike,fixed,decaps,775672
7830,bike,fixed,decaps,794762
7831,bike,fixed,decaps,777719
7832,bike,fixed,decaps,756917
7833,bike,fixed,decaps,775520
7834,bike,fixed,decaps,756481
7835,bike,fixed,decaps,757168
7836,bike,fixed,decaps,756874
7837,bike,fixed,decaps,763174
7838,bike,fixed,decaps,790508
7839,bike,fixed,decaps,756749
7840,bike,fixed,decaps,757080
7841,bike,fixed,decaps,756432
7842,bike,fixed,decaps,871089
7843,bike,fixed,decaps,970924
7844,bike,fixed,decaps,767612
7845,bike,fixed,decaps,876048
7846,bike,fixed,decaps,818628
7847,bike,fixed,decaps,757824
7848,bike,fixed,decaps,784795
7849,bike,fixed,decaps,912505
7850,bike,fixed,decaps,758133
7851,bike,fixed,decaps,765176
7852,bike,fixed,decaps,756945
7853,bike,fixed,decaps,756308
7854,bike,fixed,decaps,756342
7855,bike,fixed,decaps,756028
7856,bike,fixed,decaps,756208
7857,bike,fixed,decaps,796521
7858,bike,fixed,decaps,755727
7859,bike,fixed,decaps,755963
7860,bike,fixed,decaps,755686
7861,bike,fixed,decaps,755558
7862,bike,fixed,decaps,789289
7863,bike,fixed,decaps,832543
7864,bike,fixed,decaps,952200
7865,bike,fixed,decaps,841338
7866,bike,fixed,decaps,784995
7867,bike,fixed,decaps,746876
7868,bike,fixed,decaps,734123
7869,bike,fixed,decaps,754534
7870,bike,fixed,decaps,779472
7871,bike,fixed,decaps,849381
7872,bike,fixed,decaps,813037
7873,bike,fixed,decaps,756605
7874,bike,fixed,decaps,772368
7875,bike,fixed,decaps,734448
7876,bike,fixed,decaps,739199
7877,bike,fixed,decaps,740831
7878,bike,fixed,decaps,768207
7879,bike,fixed,decaps,734110
7880,bike,fixed,decaps,774385
7881,bike,fixed,decaps,819191
7882,bike,fixed,decaps,800180
7883,bike,fixed,decaps,757232
7884,bike,fixed,decaps,823624
7885,bike,fixed,decaps,885992
7886,bike,fixed,decaps,864244
7887,bike,fixed,decaps,817171
7888,bike,fixed,decaps,763748
7889,bike,fixed,decaps,780663
7890,bike,fixed,decaps,773622
7891,bike,fixed,decaps,757021
7892,bike,fixed,decaps,763824
7893,bike,fixed,decaps,757154
7894,bike,fixed,decaps,757034
7895,bike,fixed,decaps,757296
7896,bike,fixed,decaps,757000
7897,bike,fixed,decaps,849344
7898,bike,fixed,decaps,784423
7899,bike,fixed,decaps,756714
7900,bike,fixed,decaps,794859
7901,bike,fixed,decaps,734357
7902,bike,fixed,decaps,734239
7903,bike,fixed,decaps,748611
7904,bike,fixed,decaps,734579
7905,bike,fixed,decaps,737506
7906,bike,fixed,decaps,821972
7907,bike,fixed,decaps,886473
7908,bike,fixed,decaps,836596
7909,bike,fixed,decaps,736170
7910,bike,fixed,decaps,756706
7911,bike,fixed,decaps,780179
7912,bike,fixed,decaps,771873
7913,bike,fixed,decaps,783578
7914,bike,fixed,decaps,756600
7915,bike,fixed,decaps,822047
7916,bike,fixed,decaps,780832
7917,bike,fixed,decaps,773665
7918,bike,fixed,decaps,762828
7919,bike,fixed,decaps,757008
7920,bike,fixed,decaps,756858
7921,bike,fixed,decaps,790445
7922,bike,fixed,decaps,756197
7923,bike,fixed,decaps,789314
7924,bike,fixed,decaps,757312
7925,bike,fixed,decaps,756546
7926,bike,fixed,decaps,756440
7927,bike,fixed,decaps,834416
7928,bike,fixed,decaps,1003468
7929,bike,fixed,decaps,747570
7930,bike,fixed,decaps,821845
7931,bike,fixed,decaps,735842
7932,bike,fixed,decaps,774107
7933,bike,fixed,decaps,744016
7934,bike,fixed,decaps,734750
7935,bike,fixed,decaps,734625
7936,bike,fixed,decaps,761777
7937,bike,fixed,decaps,762638
7938,bike,fixed,decaps,798030
7939,bike,fixed,decaps,757066
7940,bike,fixed,decaps,756842
7941,bike,fixed,decaps,756520
7942,bike,fixed,decaps,788740
7943,bike,fixed,decaps,756795
7944,bike,fixed,decaps,866480
7945,bike,fixed,decaps,772700
7946,bike,fixed,decaps,756282
7947,bike,fixed,decaps,756170
7948,bike,fixed,decaps,833731
7949,bike,fixed,decaps,974198
7950,bike,fixed,decaps,985539
7951,bike,fixed,decaps,786723
7952,bike,fixed,decaps,743262
7953,bike,fixed,decaps,777958
7954,bike,fixed,decaps,756476
7955,bike,fixed,decaps,987767
7956,bike,fixed,decaps,1044589
7957,bike,fixed,decaps,1168709
7958,bike,fixed,decaps,1166024
7959,bike,fixed,decaps,1222465
7960,bike,fixed,decaps,817916
7961,bike,fixed,decaps,796843
7962,bike,fixed,decaps,780336
7963,bike,fixed,decaps,816700
7964,bike,fixed,decaps,939934
7965,bike,fixed,decaps,883245
7966,bike,fixed,decaps,902243
7967,bike,fixed,decaps,1183461
7968,bike,fixed,decaps,1071034
7969,bike,fixed,decaps,757764
7970,bike,fixed,decaps,795455
7971,bike,fixed,decaps,780384
7972,bike,fixed,decaps,780636
7973,bike,fixed,decaps,775917
7974,bike,fixed,decaps,756307
7975,bike,fixed,decaps,777269
7976,bike,fixed,decaps,780070
7977,bike,fixed,decaps,773161
7978,bike,fixed,decaps,782115
7979,bike,fixed,decaps,787154
7980,bike,fixed,decaps,756806
7981,bike,fixed,decaps,795360
7982,bike,fixed,decaps,756627
7983,bike,fixed,decaps,756329
7984,bike,fixed,decaps,756494
7985,bike,fixed,decaps,756260
7986,bike,fixed,decaps,760285
7987,bike,fixed,decaps,1098608
7988,bike,fixed,decaps,1110399
7989,bike,fixed,decaps,1004357
7990,bike,fixed,decaps,787405
7991,bike,fixed,decaps,757167
7992,bike,fixed,decaps,756833
7993,bike,fixed,decaps,795342
7994,bike,fixed,decaps,780430
7995,bike,fixed,decaps,762440
7996,bike,fixed,decaps,756607
7997,bike,fixed,decaps,756240
7998,bike,fixed,decaps,756279
7999,bike,fixed,decaps,756334
8000,bike,fixed,decaps,760112
8001,bike,fixed,decaps,756454
8002,bike,fixed,decaps,756523
8003,bike,fixed,decaps,756562
8004,bike,fixed,decaps,756417
8005,bike,fixed,decaps,759967
8006,bike,fixed,decaps,756715
8007,bike,fixed,decaps,828637
8008,bike,fixed,decaps,1118229
8009,bike,fixed,decaps,1191628
8010,bike,fixed,decaps,845171
8011,bike,fixed,decaps,757728
8012,bike,fixed,decaps,778160
8013,bike,fixed,decaps,790917
8014,bike,fixed,decaps,756089
8015,bike,fixed,decaps,765679
8016,bike,fixed,decaps,756298
8017,bike,fixed,decaps,756353
8018,bike,fixed,decaps,756288
8019,bike,fixed,decaps,756388
8020,bike,fixed,decaps,765014
8021,bike,fixed,decaps,789937
8022,bike,fixed,decaps,755475
8023,bike,fixed,decaps,755343
8024,bike,fixed,decaps,755501
8025,bike,fixed,decaps,764120
8026,bike,fixed,decaps,756577
8027,bike,fixed,decaps,756022
8028,bike,fixed,decaps,979809
8029,bike,fixed,decaps,1117583
8030,bike,fixed,decaps,1095066
8031,bike,fixed,decaps,821301
8032,bike,fixed,decaps,801482
8033,bike,fixed,decaps,789699
8034,bike,fixed,decaps,769866
8035,bike,fixed,decaps,757289
8036,bike,fixed,decaps,756859
8037,bike,fixed,decaps,757039
8038,bike,fixed,decaps,757271
8039,bike,fixed,decaps,756461
8040,bike,fixed,decaps,784909
8041,bike,fixed,decaps,757803
8042,bike,fixed,decaps,756700
8043,bike,fixed,decaps,756683
8044,bike,fixed,decaps,756806
8045,bike,fixed,decaps,782734
8046,bike,fixed,decaps,757500
8047,bike,fixed,decaps,756729
8048,bike,fixed,decaps,808526
8049,bike,fixed,decaps,1130544
8050,bike,fixed,decaps,1190024
8051,bike,fixed,decaps,867174
8052,bike,fixed,decaps,786220
8053,bike,fixed,decaps,758404
8054,bike,fixed,decaps,771326
8055,bike,fixed,decaps,756617
8056,bike,fixed,decaps,756231
8057,bike,fixed,decaps,785823
8058,bike,fixed,decaps,780040
8059,bike,fixed,decaps,786971
8060,bike,fixed,decaps,780376
8061,bike,fixed,decaps,780283
8062,bike,fixed,decaps,780135
8063,bike,fixed,decaps,793658
8064,bike,fixed,decaps,742639
8065,bike,fixed,decaps,734683
8066,bike,fixed,decaps,766769
8067,bike,fixed,decaps,756628
8068,bike,fixed,decaps,756629
8069,bike,fixed,decaps,1032870
8070,bike,fixed,decaps,1098746
8071,bike,fixed,decaps,1085608
8072,bike,fixed,decaps,775712
8073,bike,fixed,decaps,781986
8074,bike,fixed,decaps,888259
8075,bike,fixed,decaps,795236
8076,bike,fixed,decaps,844001
8077,bike,fixed,decaps,1236169
8078,bike,fixed,decaps,787147
8079,bike,fixed,decaps,757252
8080,bike,fixed,decaps,756457
8081,bike,fixed,decaps,756782
8082,bike,fixed,decaps,756218
8083,bike,fixed,decaps,761325
8084,bike,fixed,decaps,756468
8085,bike,fixed,decaps,756217
8086,bike,fixed,decaps,756479
8087,bike,fixed,decaps,755997
8088,bike,fixed,decaps,1088589
8089,bike,fixed,decaps,1145115
8090,bike,fixed,decaps,1196768
8091,bike,fixed,decaps,948441
8092,bike,fixed,decaps,800539
8093,bike,fixed,decaps,792924
8094,bike,fixed,decaps,779658
8095,bike,fixed,decaps,779953
8096,bike,fixed,decaps,779770
8097,bike,fixed,decaps,784810
8098,bike,fixed,decaps,779896
8099,bike,fixed,decaps,785004
8100,bike,fixed,decaps,749746
8101,bike,fixed,decaps,764905
8102,bike,fixed,decaps,772197
8103,bike,fixed,decaps,738780
8104,bike,fixed,decaps,805216
8105,bike,fixed,decaps,756330
8106,bike,fixed,decaps,756256
8107,bike,fixed,decaps,772609
8108,bike,fixed,decaps,827218
8109,bike,fixed,decaps,1111255
8110,bike,fixed,decaps,1213813
8111,bike,fixed,decaps,802887
8112,bike,fixed,decaps,757703
8113,bike,fixed,decaps,756804
8114,bike,fixed,decaps,779537
8115,bike,fixed,decaps,790566
8116,bike,fixed,decaps,756938
8117,bike,fixed,decaps,761911
8118,bike,fixed,decaps,756733
8119,bike,fixed,decaps,756399
8120,bike,fixed,decaps,760513
8121,bike,fixed,decaps,750620
8122,bike,fixed,decaps,771358
8123,bike,fixed,decaps,790322
8124,bike,fixed,decaps,756170
8125,bike,fixed,decaps,756559
8126,bike,fixed,decaps,756629
8127,bike,fixed,decaps,760271
8128,bike,fixed,decaps,756510
8129,bike,fixed,decaps,984211
8130,bike,fixed,decaps,1122693
8131,bike,fixed,decaps,1130308
8132,bike,fixed,decaps,794769
8133,bike,fixed,decaps,757675
8134,bike,fixed,decaps,756849
8135,bike,fixed,decaps,756968
8136,bike,fixed,decaps,762522
8137,bike,fixed,decaps,756729
8138,bike,fixed,decaps,756690
8139,bike,fixed,decaps,756362
8140,bike,fixed,decaps,756789
8141,bike,fixed,decaps,756989
8142,bike,fixed,decaps,762824
8143,bike,fixed,decaps,774159
8144,bike,fixed,decaps,794339
8145,bike,fixed,decaps,756924
8146,bike,fixed,decaps,790928
8147,bike,fixed,decaps,789777
8148,bike,fixed,decaps,756795
8149,bike,fixed,decaps,788755
8150,bike,fixed,decaps,1118355
8151,bike,fixed,decaps,1158557
8152,bike,fixed,decaps,873414
8153,bike,fixed,decaps,757642
8154,bike,fixed,decaps,755979
8155,bike,fixed,decaps,783997
8156,bike,fixed,decaps,802063
8157,bike,fixed,decaps,757616
8158,bike,fixed,decaps,758637
8159,bike,fixed,decaps,757153
8160,bike,fixed,decaps,756644
8161,bike,fixed,decaps,764500
8162,bike,fixed,decaps,757218
8163,bike,fixed,decaps,756066
8164,bike,fixed,decaps,756666
8165,bike,fixed,decaps,756741
8166,bike,fixed,decaps,762079
8167,bike,fixed,decaps,775473
8168,bike,fixed,decaps,776717
8169,bike,fixed,decaps,768221
8170,bike,fixed,decaps,903891
8171,bike,fixed,decaps,1171121
8172,bike,fixed,decaps,1179076
8173,bike,fixed,decaps,1457608
8174,bike,fixed,decaps,1263783
8175,bike,fixed,decaps,842741
8176,bike,fixed,decaps,805556
8177,bike,fixed,decaps,795094
8178,bike,fixed,decaps,784776
8179,bike,fixed,decaps,790092
8180,bike,fixed,decaps,801702
8181,bike,fixed,decaps,757070
8182,bike,fixed,decaps,796492
8183,bike,fixed,decaps,755767
8184,bike,fixed,decaps,773469
8185,bike,fixed,decaps,756131
8186,bike,fixed,decaps,765387
8187,bike,fixed,decaps,756513
8188,bike,fixed,decaps,756453
8189,bike,fixed,decaps,1146351
8190,bike,fixed,decaps,1123957
8191,bike,fixed,decaps,884595
8192,bike,fixed,decaps,784580
8193,bike,fixed,decaps,758479
8194,bike,fixed,decaps,767453
8195,bike,fixed,decaps,755599
8196,bike,fixed,decaps,776055
8197,bike,fixed,decaps,755913
8198,bike,fixed,decaps,755798
8199,bike,fixed,decaps,759746
8200,bike,fixed,decaps,755831
8201,bike,fixed,decaps,756514
8202,bike,fixed,decaps,756020
8203,bike,fixed,decaps,755746
8204,bike,fixed,decaps,759431
8205,bike,fixed,decaps,756062
8206,bike,fixed,decaps,755885
8207,bike,fixed,decaps,757907
8208,bike,fixed,decaps,756536
8209,bike,fixed,decaps,807858
8210,bike,fixed,decaps,1128960
8211,bike,fixed,decaps,1175585
8212,bike,fixed,decaps,813930
8213,bike,fixed,decaps,771009
8214,bike,fixed,decaps,756958
8215,bike,fixed,decaps,756564
8216,bike,fixed,decaps,756446
8217,bike,fixed,decaps,756118
8218,bike,fixed,decaps,756467
8219,bike,fixed,decaps,761124
8220,bike,fixed,decaps,756015
8221,bike,fixed,decaps,756407
8222,bike,fixed,decaps,756122
8223,bike,fixed,decaps,948237
8224,bike,fixed,decaps,1065800
8225,bike,fixed,decaps,758571
8226,bike,fixed,decaps,757506
8227,bike,fixed,decaps,756546
8228,bike,fixed,decaps,756813
8229,bike,fixed,decaps,772879
8230,bike,fixed,decaps,1104889
8231,bike,fixed,decaps,1170204
8232,bike,fixed,decaps,979710
8233,bike,fixed,decaps,782787
8234,bike,fixed,decaps,757010
8235,bike,fixed,decaps,756521
8236,bike,fixed,decaps,756266
8237,bike,fixed,decaps,756637
8238,bike,fixed,decaps,763413
8239,bike,fixed,decaps,757723
8240,bike,fixed,decaps,756202
8241,bike,fixed,decaps,756235
8242,bike,fixed,decaps,756130
8243,bike,fixed,decaps,760128
8244,bike,fixed,decaps,791044
8245,bike,fixed,decaps,756360
8246,bike,fixed,decaps,756349
8247,bike,fixed,decaps,756531
8248,bike,fixed,decaps,760773
8249,bike,fixed,decaps,757139
8250,bike,fixed,decaps,933850
8251,bike,fixed,decaps,1115609
8252,bike,fixed,decaps,1109418
8253,bike,fixed,decaps,759787
8254,bike,fixed,decaps,789453
8255,bike,fixed,decaps,781359
8256,bike,fixed,decaps,756464
8257,bike,fixed,decaps,756670
8258,bike,fixed,decaps,761535
8259,bike,fixed,decaps,756952
8260,bike,fixed,decaps,756092
8261,bike,fixed,decaps,763523
8262,bike,fixed,decaps,750802
8263,bike,fixed,decaps,772981
8264,bike,fixed,decaps,791265
8265,bike,fixed,decaps,756687
8266,bike,fixed,decaps,756936
8267,bike,fixed,decaps,756571
8268,bike,fixed,decaps,763100
8269,bike,fixed,decaps,756831
8270,bike,fixed,decaps,756917
8271,bike,fixed,decaps,1095574
8272,bike,fixed,decaps,1122774
8273,bike,fixed,decaps,1019039
8274,bike,fixed,decaps,758681
8275,bike,fixed,decaps,756929
8276,bike,fixed,decaps,780606
8277,bike,fixed,decaps,801875
8278,bike,fixed,decaps,756618
8279,bike,fixed,decaps,756316
8280,bike,fixed,decaps,756544
8281,bike,fixed,decaps,756487
8282,bike,fixed,decaps,756476
8283,bike,fixed,decaps,763087
8284,bike,fixed,decaps,756695
8285,bike,fixed,decaps,798621
8286,bike,fixed,decaps,762864
8287,bike,fixed,decaps,756593
8288,bike,fixed,decaps,763759
8289,bike,fixed,decaps,756996
8290,bike,fixed,decaps,795632
8291,bike,fixed,decaps,903275
8292,bike,fixed,decaps,1205157
8293,bike,fixed,decaps,1171755
8294,bike,fixed,decaps,792865
8295,bike,fixed,decaps,793880
8296,bike,fixed,decaps,760048
8297,bike,fixed,decaps,777151
8298,bike,fixed,decaps,904697
8299,bike,fixed,decaps,759081
8300,bike,fixed,decaps,758305
8301,bike,fixed,decaps,998948
8302,bike,fixed,decaps,770496
8303,bike,fixed,decaps,787666
8304,bike,fixed,decaps,834507
8305,bike,fixed,decaps,919534
8306,bike,fixed,decaps,770509
8307,bike,fixed,decaps,769056
8308,bike,fixed,decaps,757818
8309,bike,fixed,decaps,770426
8310,bike,fixed,decaps,775186
8311,bike,fixed,decaps,951798
8312,bike,fixed,decaps,1090265
8313,bike,fixed,decaps,1201656
8314,bike,fixed,decaps,938600
8315,bike,fixed,decaps,925211
8316,bike,fixed,decaps,772052
8317,bike,fixed,decaps,834535
8318,bike,fixed,decaps,797388
8319,bike,fixed,decaps,758974
8320,bike,fixed,decaps,784134
8321,bike,fixed,decaps,757480
8322,bike,fixed,decaps,791909
8323,bike,fixed,decaps,778757
8324,bike,fixed,decaps,757119
8325,bike,fixed,decaps,763185
8326,bike,fixed,decaps,757717
8327,bike,fixed,decaps,756415
8328,bike,fixed,decaps,756936
8329,bike,fixed,decaps,771402
8330,bike,fixed,decaps,814075
8331,bike,fixed,decaps,1108742
8332,bike,fixed,decaps,1109785
8333,bike,fixed,decaps,1242558
8334,bike,fixed,decaps,918948
8335,bike,fixed,decaps,792810
8336,bike,fixed,decaps,756039
8337,bike,fixed,decaps,755854
8338,bike,fixed,decaps,755714
8339,bike,fixed,decaps,810814
8340,bike,fixed,decaps,781756
8341,bike,fixed,decaps,768847
8342,bike,fixed,decaps,775472
8343,bike,fixed,decaps,758214
8344,bike,fixed,decaps,764347
8345,bike,fixed,decaps,798395
8346,bike,fixed,decaps,764122
8347,bike,fixed,decaps,763582
8348,bike,fixed,decaps,757029
8349,bike,fixed,decaps,757285
8350,bike,fixed,decaps,762407
8351,bike,fixed,decaps,1140153
8352,bike,fixed,decaps,1128887
8353,bike,fixed,decaps,892189
8354,bike,fixed,decaps,801029
8355,bike,fixed,decaps,788204
8356,bike,fixed,decaps,756854
8357,bike,fixed,decaps,756564
8358,bike,fixed,decaps,756644
8359,bike,fixed,decaps,1010225
8360,bike,fixed,decaps,1002466
8361,bike,fixed,decaps,760577
8362,bike,fixed,decaps,757481
8363,bike,fixed,decaps,756445
8364,bike,fixed,decaps,832412
8365,bike,fixed,decaps,781385
8366,bike,fixed,decaps,756372
8367,bike,fixed,decaps,756730
8368,bike,fixed,decaps,756341
8369,bike,fixed,decaps,764940
8370,bike,fixed,decaps,771074
8371,bike,fixed,decaps,1178152
8372,bike,fixed,decaps,1166514
8373,bike,fixed,decaps,910432
8374,bike,fixed,decaps,758636
8375,bike,fixed,decaps,757476
8376,bike,fixed,decaps,756853
8377,bike,fixed,decaps,756808
8378,bike,fixed,decaps,767296
8379,bike,fixed,decaps,756818
8380,bike,fixed,decaps,756626
8381,bike,fixed,decaps,756762
8382,bike,fixed,decaps,756498
8383,bike,fixed,decaps,764467
8384,bike,fixed,decaps,757614
8385,bike,fixed,decaps,830534
8386,bike,fixed,decaps,799197
8387,bike,fixed,decaps,773667
8388,bike,fixed,decaps,765670
8389,bike,fixed,decaps,776551
8390,bike,fixed,decaps,757470
8391,bike,fixed,decaps,1026717
8392,bike,fixed,decaps,1077600
8393,bike,fixed,decaps,1131140
8394,bike,fixed,decaps,781002
8395,bike,fixed,decaps,758306
8396,bike,fixed,decaps,756921
8397,bike,fixed,decaps,768795
8398,bike,fixed,decaps,801975
8399,bike,fixed,decaps,775005
8400,bike,fixed,decaps,781586
8401,bike,fixed,decaps,788190
8402,bike,fixed,decaps,756295
8403,bike,fixed,decaps,763815
8404,bike,fixed,decaps,757014
8405,bike,fixed,decaps,756918
8406,bike,fixed,decaps,756612
8407,bike,fixed,decaps,788386
8408,bike,fixed,decaps,764027
8409,bike,fixed,decaps,756131
8410,bike,fixed,decaps,756021
8411,bike,fixed,decaps,825853
8412,bike,fixed,decaps,1115178
8413,bike,fixed,decaps,1224962
8414,bike,fixed,decaps,853731
8415,bike,fixed,decaps,814299
8416,bike,fixed,decaps,781127
8417,bike,fixed,decaps,789773
8418,bike,fixed,decaps,789779
8419,bike,fixed,decaps,740234
8420,bike,fixed,decaps,768853
8421,bike,fixed,decaps,756591
8422,bike,fixed,decaps,760412
8423,bike,fixed,decaps,756367
8424,bike,fixed,decaps,756455
8425,bike,fixed,decaps,789648
8426,bike,fixed,decaps,756126
8427,bike,fixed,decaps,760500
8428,bike,fixed,decaps,755912
8429,bike,fixed,decaps,756168
8430,bike,fixed,decaps,756473
8431,bike,fixed,decaps,756022
8432,bike,fixed,decaps,1076404
8433,bike,fixed,decaps,1103181
8434,bike,fixed,decaps,1023634
8435,bike,fixed,decaps,771160
8436,bike,fixed,decaps,768962
8437,bike,fixed,decaps,767840
8438,bike,fixed,decaps,782620
8439,bike,fixed,decaps,780088
8440,bike,fixed,decaps,780260
8441,bike,fixed,decaps,779640
8442,bike,fixed,decaps,773933
8443,bike,fixed,decaps,762584
8444,bike,fixed,decaps,773252
8445,bike,fixed,decaps,734201
8446,bike,fixed,decaps,801014
8447,bike,fixed,decaps,762323
8448,bike,fixed,decaps,756601
8449,bike,fixed,decaps,756564
8450,bike,fixed,decaps,756272
8451,bike,fixed,decaps,756293
8452,bike,fixed,decaps,840406
8453,bike,fixed,decaps,1125778
8454,bike,fixed,decaps,1148569
8455,bike,fixed,decaps,833368
8456,bike,fixed,decaps,772124
8457,bike,fixed,decaps,756384
8458,bike,fixed,decaps,755656
8459,bike,fixed,decaps,781521
8460,bike,fixed,decaps,792133
8461,bike,fixed,decaps,766106
8462,bike,fixed,decaps,757348
8463,bike,fixed,decaps,756183
8464,bike,fixed,decaps,756453
8465,bike,fixed,decaps,756552
8466,bike,fixed,decaps,756425
8467,bike,fixed,decaps,761754
8468,bike,fixed,decaps,756489
8469,bike,fixed,decaps,756630
8470,bike,fixed,decaps,756406
8471,bike,fixed,decaps,756806
8472,bike,fixed,decaps,759906
8473,bike,fixed,decaps,944346
8474,bike,fixed,decaps,1150243
8475,bike,fixed,decaps,1085088
8476,bike,fixed,decaps,800239
8477,bike,fixed,decaps,757939
8478,bike,fixed,decaps,790683
8479,bike,fixed,decaps,782006
8480,bike,fixed,decaps,780557
8481,bike,fixed,decaps,789378
8482,bike,fixed,decaps,779481
8483,bike,fixed,decaps,779172
8484,bike,fixed,decaps,775410
8485,bike,fixed,decaps,733011
8486,bike,fixed,decaps,744687
8487,bike,fixed,decaps,791808
8488,bike,fixed,decaps,755680
8489,bike,fixed,decaps,755630
8490,bike,fixed,decaps,755413
8491,bike,fixed,decaps,755472
8492,bike,fixed,decaps,760368
8493,bike,fixed,decaps,794008
8494,bike,fixed,decaps,1106182
8495,bike,fixed,decaps,1186715
8496,bike,fixed,decaps,1198109
8497,bike,fixed,decaps,897567
8498,bike,fixed,decaps,789523
8499,bike,fixed,decaps,780051
8500,bike,fixed,decaps,792996
8501,bike,fixed,decaps,781108
8502,bike,fixed,decaps,779732
8503,bike,fixed,decaps,779990
8504,bike,fixed,decaps,782974
8505,bike,fixed,decaps,759164
8506,bike,fixed,decaps,756220
8507,bike,fixed,decaps,762671
8508,bike,fixed,decaps,767413
8509,bike,fixed,decaps,806115
8510,bike,fixed,decaps,780407
8511,bike,fixed,decaps,779953
8512,bike,fixed,decaps,756203
8513,bike,fixed,decaps,862176
8514,bike,fixed,decaps,1092301
8515,bike,fixed,decaps,1204792
8516,bike,fixed,decaps,813276
8517,bike,fixed,decaps,781234
8518,bike,fixed,decaps,791673
8519,bike,fixed,decaps,756169
8520,bike,fixed,decaps,766350
8521,bike,fixed,decaps,756108
8522,bike,fixed,decaps,756331
8523,bike,fixed,decaps,756378
8524,bike,fixed,decaps,756001
8525,bike,fixed,decaps,762857
8526,bike,fixed,decaps,756410
8527,bike,fixed,decaps,756189
8528,bike,fixed,decaps,789035
8529,bike,fixed,decaps,756146
8530,bike,fixed,decaps,764020
8531,bike,fixed,decaps,757034
8532,bike,fixed,decaps,755996
8533,bike,fixed,decaps,756396
8534,bike,fixed,decaps,1078133
8535,bike,fixed,decaps,1112998
8536,bike,fixed,decaps,1041942
8537,bike,fixed,decaps,759723
8538,bike,fixed,decaps,787883
8539,bike,fixed,decaps,769797
8540,bike,fixed,decaps,777638
8541,bike,fixed,decaps,757409
8542,bike,fixed,decaps,756687
8543,bike,fixed,decaps,756591
8544,bike,fixed,decaps,756211
8545,bike,fixed,decaps,763355
8546,bike,fixed,decaps,756516
8547,bike,fixed,decaps,756958
8548,bike,fixed,decaps,756432
8549,bike,fixed,decaps,756242
8550,bike,fixed,decaps,762149
8551,bike,fixed,decaps,757100
8552,bike,fixed,decaps,756318
8553,bike,fixed,decaps,756653
8554,bike,fixed,decaps,788224
8555,bike,fixed,decaps,1128321
8556,bike,fixed,decaps,1180641
8557,bike,fixed,decaps,866250
8558,bike,fixed,decaps,758220
8559,bike,fixed,decaps,769862
8560,bike,fixed,decaps,757006
8561,bike,fixed,decaps,756171
8562,bike,fixed,decaps,756305
8563,bike,fixed,decaps,758421
8564,bike,fixed,decaps,758477
8565,bike,fixed,decaps,761764
8566,bike,fixed,decaps,756476
8567,bike,fixed,decaps,757466
8568,bike,fixed,decaps,756331
8569,bike,fixed,decaps,788634
8570,bike,fixed,decaps,759910
8571,bike,fixed,decaps,756330
8572,bike,fixed,decaps,756558
8573,bike,fixed,decaps,756414
8574,bike,fixed,decaps,756525
8575,bike,fixed,decaps,927167
8576,bike,fixed,decaps,1124329
8577,bike,fixed,decaps,1117582
8578,bike,fixed,decaps,760419
8579,bike,fixed,decaps,788335
8580,bike,fixed,decaps,780624
8581,bike,fixed,decaps,779918
8582,bike,fixed,decaps,780122
8583,bike,fixed,decaps,780169
8584,bike,fixed,decaps,796100
8585,bike,fixed,decaps,759830
8586,bike,fixed,decaps,765550
8587,bike,fixed,decaps,756468
8588,bike,fixed,decaps,756377
8589,bike,fixed,decaps,760318
8590,bike,fixed,decaps,758194
8591,bike,fixed,decaps,756458
8592,bike,fixed,decaps,756390
8593,bike,fixed,decaps,756736
8594,bike,fixed,decaps,756446
8595,bike,fixed,decaps,763389
8596,bike,fixed,decaps,1107696
8597,bike,fixed,decaps,1152300
8598,bike,fixed,decaps,924811
8599,bike,fixed,decaps,770213
8600,bike,fixed,decaps,757272
8601,bike,fixed,decaps,756508
8602,bike,fixed,decaps,756472
8603,bike,fixed,decaps,757150
8604,bike,fixed,decaps,765040
8605,bike,fixed,decaps,757164
8606,bike,fixed,decaps,756228
8607,bike,fixed,decaps,756185
8608,bike,fixed,decaps,758037
8609,bike,fixed,decaps,794315
8610,bike,fixed,decaps,756410
8611,bike,fixed,decaps,756970
8612,bike,fixed,decaps,756263
8613,bike,fixed,decaps,757936
8614,bike,fixed,decaps,756825
8615,bike,fixed,decaps,764513
8616,bike,fixed,decaps,824742
8617,bike,fixed,decaps,1115322
8618,bike,fixed,decaps,1187553
8619,bike,fixed,decaps,841143
8620,bike,fixed,decaps,786405
8621,bike,fixed,decaps,780889
8622,bike,fixed,decaps,796353
8623,bike,fixed,decaps,734355
8624,bike,fixed,decaps,777777
8625,bike,fixed,decaps,756405
8626,bike,fixed,decaps,756653
8627,bike,fixed,decaps,756266
8628,bike,fixed,decaps,757063
8629,bike,fixed,decaps,768516
8630,bike,fixed,decaps,790743
8631,bike,fixed,decaps,882216
8632,bike,fixed,decaps,958376
8633,bike,fixed,decaps,1075886
8634,bike,fixed,decaps,1181020
8635,bike,fixed,decaps,1161436
8636,bike,fixed,decaps,1036719
8637,bike,fixed,decaps,1216772
8638,bike,fixed,decaps,1248844
8639,bike,fixed,decaps,897849
8640,bike,fixed,decaps,945781
8641,bike,fixed,decaps,893561
8642,bike,fixed,decaps,780935
8643,bike,fixed,decaps,757250
8644,bike,fixed,decaps,756741
8645,bike,fixed,decaps,756621
8646,bike,fixed,decaps,794757
8647,bike,fixed,decaps,841847
8648,bike,fixed,decaps,757970
8649,bike,fixed,decaps,757247
8650,bike,fixed,decaps,790658
8651,bike,fixed,decaps,791564
8652,bike,fixed,decaps,784750
8653,bike,fixed,decaps,753719
8654,bike,fixed,decaps,840265
8655,bike,fixed,decaps,1119931
8656,bike,fixed,decaps,1160549
8657,bike,fixed,decaps,897294
8658,bike,fixed,decaps,787977
8659,bike,fixed,decaps,792284
8660,bike,fixed,decaps,792444
8661,bike,fixed,decaps,779866
8662,bike,fixed,decaps,779568
8663,bike,fixed,decaps,780123
8664,bike,fixed,decaps,779473
8665,bike,fixed,decaps,789466
8666,bike,fixed,decaps,754997
8667,bike,fixed,decaps,756152
8668,bike,fixed,decaps,793576
8669,bike,fixed,decaps,760008
8670,bike,fixed,decaps,747288
8671,bike,fixed,decaps,767639
8672,bike,fixed,decaps,755943
8673,bike,fixed,decaps,756501
8674,bike,fixed,decaps,756685
8675,bike,fixed,decaps,1103800
8676,bike,fixed,decaps,1136282
8677,bike,fixed,decaps,1032903
8678,bike,fixed,decaps,819821
8679,bike,fixed,decaps,769771
8680,bike,fixed,decaps,758154
8681,bike,fixed,decaps,756740
8682,bike,fixed,decaps,995173
8683,bike,fixed,decaps,1080301
8684,bike,fixed,decaps,771143
8685,bike,fixed,decaps,776403
8686,bike,fixed,decaps,779554
8687,bike,fixed,decaps,780325
8688,bike,fixed,decaps,779407
8689,bike,fixed,decaps,786430
8690,bike,fixed,decaps,766278
8691,bike,fixed,decaps,790883
8692,bike,fixed,decaps,756307
8693,bike,fixed,decaps,756162
8694,bike,fixed,decaps,837865
8695,bike,fixed,decaps,1147417
8696,bike,fixed,decaps,1242145
8697,bike,fixed,decaps,877887
8698,bike,fixed,decaps,773371
8699,bike,fixed,decaps,756943
8700,bike,fixed,decaps,756432
8701,bike,fixed,decaps,756521
8702,bike,fixed,decaps,756437
8703,bike,fixed,decaps,760385
8704,bike,fixed,decaps,756654
8705,bike,fixed,decaps,756272
8706,bike,fixed,decaps,756340
8707,bike,fixed,decaps,756578
8708,bike,fixed,decaps,756533
8709,bike,fixed,decaps,793041
8710,bike,fixed,decaps,755846
8711,bike,fixed,decaps,756096
8712,bike,fixed,decaps,756228
8713,bike,fixed,decaps,756008
8714,bike,fixed,decaps,760270
8715,bike,fixed,decaps,1076591
8716,bike,fixed,decaps,1146184
8717,bike,fixed,decaps,1029110
8718,bike,fixed,decaps,790213
8719,bike,fixed,decaps,757401
8720,bike,fixed,decaps,756309
8721,bike,fixed,decaps,756126
8722,bike,fixed,decaps,756372
8723,bike,fixed,decaps,761049
8724,bike,fixed,decaps,756833
8725,bike,fixed,decaps,756478
8726,bike,fixed,decaps,756359
8727,bike,fixed,decaps,756361
8728,bike,fixed,decaps,759863
8729,bike,fixed,decaps,798130
8730,bike,fixed,decaps,764741
8731,bike,fixed,decaps,763546
8732,bike,fixed,decaps,756433
8733,bike,fixed,decaps,756332
8734,bike,fixed,decaps,761053
8735,bike,fixed,decaps,820626
8736,bike,fixed,decaps,1128011
8737,bike,fixed,decaps,1195195
8738,bike,fixed,decaps,868087
8739,bike,fixed,decaps,758473
8740,bike,fixed,decaps,776206
8741,bike,fixed,decaps,791897
8742,bike,fixed,decaps,757065
8743,bike,fixed,decaps,763723
8744,bike,fixed,decaps,757102
8745,bike,fixed,decaps,756729
8746,bike,fixed,decaps,757052
8747,bike,fixed,decaps,757055
8748,bike,fixed,decaps,763066
8749,bike,fixed,decaps,790795
8750,bike,fixed,decaps,756868
8751,bike,fixed,decaps,758368
8752,bike,fixed,decaps,757547
8753,bike,fixed,decaps,761666
8754,bike,fixed,decaps,757443
8755,bike,fixed,decaps,781982
8756,bike,fixed,decaps,1039803
8757,bike,fixed,decaps,1050258
8758,bike,fixed,decaps,1132216
8759,bike,fixed,decaps,806913
8760,bike,fixed,decaps,780649
8761,bike,fixed,decaps,785805
8762,bike,fixed,decaps,767242
8763,bike,fixed,decaps,756929
8764,bike,fixed,decaps,756337
8765,bike,fixed,decaps,964954
8766,bike,fixed,decaps,1008190
8767,bike,fixed,decaps,794959
8768,bike,fixed,decaps,757020
8769,bike,fixed,decaps,756527
8770,bike,fixed,decaps,756843
8771,bike,fixed,decaps,756725
8772,bike,fixed,decaps,764044
8773,bike,fixed,decaps,757111
8774,bike,fixed,decaps,756689
8775,bike,fixed,decaps,756855
8776,bike,fixed,decaps,1099987
8777,bike,fixed,decaps,1198459
8778,bike,fixed,decaps,860989
8779,bike,fixed,decaps,832351
8780,bike,fixed,decaps,861837
8781,bike,fixed,decaps,805005
8782,bike,fixed,decaps,756220
8783,bike,fixed,decaps,755983
8784,bike,fixed,decaps,782551
8785,bike,fixed,decaps,780131
8786,bike,fixed,decaps,784252
8787,bike,fixed,decaps,780504
8788,bike,fixed,decaps,773673
8789,bike,fixed,decaps,775720
8790,bike,fixed,decaps,733995
8791,bike,fixed,decaps,769250
8792,bike,fixed,decaps,761588
8793,bike,fixed,decaps,756396
8794,bike,fixed,decaps,756463
8795,bike,fixed,decaps,756111
8796,bike,fixed,decaps,889275
8797,bike,fixed,decaps,1164121
8798,bike,fixed,decaps,1146658
8799,bike,fixed,decaps,804931
8800,bike,fixed,decaps,757460
8801,bike,fixed,decaps,767858
8802,bike,fixed,decaps,756625
8803,bike,fixed,decaps,756682
8804,bike,fixed,decaps,761293
8805,bike,fixed,decaps,759020
8806,bike,fixed,decaps,763349
8807,bike,fixed,decaps,756141
8808,bike,fixed,decaps,756416
8809,bike,fixed,decaps,756438
8810,bike,fixed,decaps,787982
8811,bike,fixed,decaps,763659
8812,bike,fixed,decaps,759537
8813,bike,fixed,decaps,756620
8814,bike,fixed,decaps,757246
8815,bike,fixed,decaps,756633
8816,bike,fixed,decaps,757059
8817,bike,fixed,decaps,1037978
8818,bike,fixed,decaps,1099227
8819,bike,fixed,decaps,1087533
8820,bike,fixed,decaps,758839
8821,bike,fixed,decaps,774453
8822,bike,fixed,decaps,756694
8823,bike,fixed,decaps,756383
8824,bike,fixed,decaps,756393
8825,bike,fixed,decaps,756133
8826,bike,fixed,decaps,765805
8827,bike,fixed,decaps,757095
8828,bike,fixed,decaps,756328
8829,bike,fixed,decaps,756458
8830,bike,fixed,decaps,756289
8831,bike,fixed,decaps,1334767
8832,bike,fixed,decaps,1344895
8833,bike,fixed,decaps,797256
8834,bike,fixed,decaps,780350
8835,bike,fixed,decaps,786154
8836,bike,fixed,decaps,1080280
8837,bike,fixed,decaps,1173355
8838,bike,fixed,decaps,1045359
8839,bike,fixed,decaps,793969
8840,bike,fixed,decaps,780675
8841,bike,fixed,decaps,780155
8842,bike,fixed,decaps,780220
8843,bike,fixed,decaps,762875
8844,bike,fixed,decaps,786324
8845,bike,fixed,decaps,757001
8846,bike,fixed,decaps,761964
8847,bike,fixed,decaps,748159
8848,bike,fixed,decaps,766643
8849,bike,fixed,decaps,760543
8850,bike,fixed,decaps,796745
8851,bike,fixed,decaps,757699
8852,bike,fixed,decaps,768005
8853,bike,fixed,decaps,755852
8854,bike,fixed,decaps,760581
8855,bike,fixed,decaps,756860
8856,bike,fixed,decaps,893169
8857,bike,fixed,decaps,1165674
8858,bike,fixed,decaps,1204693
8859,bike,fixed,decaps,816062
8860,bike,fixed,decaps,780725
8861,bike,fixed,decaps,777778
8862,bike,fixed,decaps,768499
8863,bike,fixed,decaps,760348
8864,bike,fixed,decaps,756794
8865,bike,fixed,decaps,756457
8866,bike,fixed,decaps,756733
8867,bike,fixed,decaps,756388
8868,bike,fixed,decaps,756833
8869,bike,fixed,decaps,760284
8870,bike,fixed,decaps,790165
8871,bike,fixed,decaps,756351
8872,bike,fixed,decaps,756092
8873,bike,fixed,decaps,756158
8874,bike,fixed,decaps,761353
8875,bike,fixed,decaps,756154
8876,bike,fixed,decaps,757151
8877,bike,fixed,decaps,1096579
8878,bike,fixed,decaps,1128153
8879,bike,fixed,decaps,1000175
8880,bike,fixed,decaps,758427
8881,bike,fixed,decaps,756646
8882,bike,fixed,decaps,756277
8883,bike,fixed,decaps,766748
8884,bike,fixed,decaps,762828
8885,bike,fixed,decaps,756355
8886,bike,fixed,decaps,756906
8887,bike,fixed,decaps,758464
8888,bike,fixed,decaps,764557
8889,bike,fixed,decaps,757366
8890,bike,fixed,decaps,756827
8891,bike,fixed,decaps,790599
8892,bike,fixed,decaps,756665
8893,bike,fixed,decaps,756921
8894,bike,fixed,decaps,765677
8895,bike,fixed,decaps,756224
8896,bike,fixed,decaps,764407
8897,bike,fixed,decaps,847782
8898,bike,fixed,decaps,1115129
8899,bike,fixed,decaps,1170628
8900,bike,fixed,decaps,818927
8901,bike,fixed,decaps,790124
8902,bike,fixed,decaps,757224
8903,bike,fixed,decaps,1022620
8904,bike,fixed,decaps,1021704
8905,bike,fixed,decaps,785977
8906,bike,fixed,decaps,786715
8907,bike,fixed,decaps,768418
8908,bike,fixed,decaps,757702
8909,bike,fixed,decaps,756709
8910,bike,fixed,decaps,756794
8911,bike,fixed,decaps,772612
8912,bike,fixed,decaps,780698
8913,bike,fixed,decaps,788585
8914,bike,fixed,decaps,781012
8915,bike,fixed,decaps,770916
8916,bike,fixed,decaps,739838
8917,bike,fixed,decaps,984087
8918,bike,fixed,decaps,1137043
8919,bike,fixed,decaps,1150318
8920,bike,fixed,decaps,801656
8921,bike,fixed,decaps,784536
8922,bike,fixed,decaps,779452
8923,bike,fixed,decaps,757244
8924,bike,fixed,decaps,757099
8925,bike,fixed,decaps,756789
8926,bike,fixed,decaps,756560
8927,bike,fixed,decaps,761012
8928,bike,fixed,decaps,756470
8929,bike,fixed,decaps,756376
8930,bike,fixed,decaps,756421
8931,bike,fixed,decaps,787902
8932,bike,fixed,decaps,761135
8933,bike,fixed,decaps,763387
8934,bike,fixed,decaps,759700
8935,bike,fixed,decaps,735069
8936,bike,fixed,decaps,758083
8937,bike,fixed,decaps,785506
8938,bike,fixed,decaps,1112182
8939,bike,fixed,decaps,1146949
8940,bike,fixed,decaps,921849
8941,bike,fixed,decaps,794212
8942,bike,fixed,decaps,780568
8943,bike,fixed,decaps,782686
8944,bike,fixed,decaps,756198
8945,bike,fixed,decaps,756214
8946,bike,fixed,decaps,755884
8947,bike,fixed,decaps,777849
8948,bike,fixed,decaps,756392
8949,bike,fixed,decaps,756759
8950,bike,fixed,decaps,755910
8951,bike,fixed,decaps,756771
8952,bike,fixed,decaps,760169
8953,bike,fixed,decaps,756519
8954,bike,fixed,decaps,756216
8955,bike,fixed,decaps,755991
8956,bike,fixed,decaps,756187
8957,bike,fixed,decaps,760606
8958,bike,fixed,decaps,892635
8959,bike,fixed,decaps,1124874
8960,bike,fixed,decaps,1255810
8961,bike,fixed,decaps,1646505
8962,bike,fixed,decaps,995418
8963,bike,fixed,decaps,757828
8964,bike,fixed,decaps,788041
8965,bike,fixed,decaps,790007
8966,bike,fixed,decaps,756322
8967,bike,fixed,decaps,756365
8968,bike,fixed,decaps,756164
8969,bike,fixed,decaps,756059
8970,bike,fixed,decaps,760768
8971,bike,fixed,decaps,789926
8972,bike,fixed,decaps,756181
8973,bike,fixed,decaps,756026
8974,bike,fixed,decaps,756230
8975,bike,fixed,decaps,760568
8976,bike,fixed,decaps,756777
8977,bike,fixed,decaps,837543
8978,bike,fixed,decaps,1126631
8979,bike,fixed,decaps,1220435
8980,bike,fixed,decaps,763524
8981,bike,fixed,decaps,757172
8982,bike,fixed,decaps,778637
8983,bike,fixed,decaps,791788
8984,bike,fixed,decaps,756365
8985,bike,fixed,decaps,765673
8986,bike,fixed,decaps,756014
8987,bike,fixed,decaps,756042
8988,bike,fixed,decaps,755641
8989,bike,fixed,decaps,755817
8990,bike,fixed,decaps,760003
8991,bike,fixed,decaps,790236
8992,bike,fixed,decaps,756635
8993,bike,fixed,decaps,756794
8994,bike,fixed,decaps,756702
8995,bike,fixed,decaps,760388
8996,bike,fixed,decaps,756518
8997,bike,fixed,decaps,756472
8998,bike,fixed,decaps,1010228
8999,bike,fixed,decaps,1048815
9000,bike,fixed,decaps,1139036
9001,bike,fixed,decaps,797026
9002,bike,fixed,decaps,780788
9003,bike,fixed,decaps,783633
9004,bike,fixed,decaps,768266
9005,bike,fixed,decaps,756377
9006,bike,fixed,decaps,755815
9007,bike,fixed,decaps,765154
9008,bike,fixed,decaps,756006
9009,bike,fixed,decaps,756309
9010,bike,fixed,decaps,763193
9011,bike,fixed,decaps,756504
9012,bike,fixed,decaps,789995
9013,bike,fixed,decaps,755836
9014,bike,fixed,decaps,755900
9015,bike,fixed,decaps,762520
9016,bike,fixed,decaps,756503
9017,bike,fixed,decaps,756057
9018,bike,fixed,decaps,802749
9019,bike,fixed,decaps,1127297
9020,bike,fixed,decaps,1164676
9021,bike,fixed,decaps,797492
9022,bike,fixed,decaps,757274
9023,bike,fixed,decaps,791807
9024,bike,fixed,decaps,767982
9025,bike,fixed,decaps,756863
9026,bike,fixed,decaps,756671
9027,bike,fixed,decaps,756459
9028,bike,fixed,decaps,756423
9029,bike,fixed,decaps,760534
9030,bike,fixed,decaps,756880
9031,bike,fixed,decaps,756474
9032,bike,fixed,decaps,757514
9033,bike,fixed,decaps,756831
9034,bike,fixed,decaps,756517
9035,bike,fixed,decaps,779683
9036,bike,fixed,decaps,756510
9037,bike,fixed,decaps,756350
9038,bike,fixed,decaps,756465
9039,bike,fixed,decaps,885940
9040,bike,fixed,decaps,1162028
9041,bike,fixed,decaps,1176549
9042,bike,fixed,decaps,1174630
9043,bike,fixed,decaps,794986
9044,bike,fixed,decaps,781020
9045,bike,fixed,decaps,780158
9046,bike,fixed,decaps,781149
9047,bike,fixed,decaps,780259
9048,bike,fixed,decaps,780237
9049,bike,fixed,decaps,784842
9050,bike,fixed,decaps,769138
9051,bike,fixed,decaps,761484
9052,bike,fixed,decaps,756234
9053,bike,fixed,decaps,756509
9054,bike,fixed,decaps,760482
9055,bike,fixed,decaps,789966
9056,bike,fixed,decaps,756289
9057,bike,fixed,decaps,756361
9058,bike,fixed,decaps,756618
9059,bike,fixed,decaps,926355
9060,bike,fixed,decaps,1138566
9061,bike,fixed,decaps,1145862
9062,bike,fixed,decaps,760742
9063,bike,fixed,decaps,810248
9064,bike,fixed,decaps,792950
9065,bike,fixed,decaps,756685
9066,bike,fixed,decaps,755707
9067,bike,fixed,decaps,756162
9068,bike,fixed,decaps,763340
9069,bike,fixed,decaps,756510
9070,bike,fixed,decaps,756038
9071,bike,fixed,decaps,756294
9072,bike,fixed,decaps,757423
9073,bike,fixed,decaps,760254
9074,bike,fixed,decaps,756419
9075,bike,fixed,decaps,756461
9076,bike,fixed,decaps,756522
9077,bike,fixed,decaps,756392
9078,bike,fixed,decaps,756328
9079,bike,fixed,decaps,761794
9080,bike,fixed,decaps,1112067
9081,bike,fixed,decaps,1184065
9082,bike,fixed,decaps,899736
9083,bike,fixed,decaps,792903
9084,bike,fixed,decaps,780833
9085,bike,fixed,decaps,780308
9086,bike,fixed,decaps,787162
9087,bike,fixed,decaps,752542
9088,bike,fixed,decaps,773960
9089,bike,fixed,decaps,756494
9090,bike,fixed,decaps,756353
9091,bike,fixed,decaps,756217
9092,bike,fixed,decaps,756473
9093,bike,fixed,decaps,792443
9094,bike,fixed,decaps,791867
9095,bike,fixed,decaps,756303
9096,bike,fixed,decaps,756831
9097,bike,fixed,decaps,756019
9098,bike,fixed,decaps,763565
9099,bike,fixed,decaps,756090
9100,bike,fixed,decaps,915436
9101,bike,fixed,decaps,1204313
9102,bike,fixed,decaps,1175748
9103,bike,fixed,decaps,759698
9104,bike,fixed,decaps,790552
9105,bike,fixed,decaps,780310
9106,bike,fixed,decaps,780190
9107,bike,fixed,decaps,815957
9108,bike,fixed,decaps,734502
9109,bike,fixed,decaps,769715
9110,bike,fixed,decaps,757088
9111,bike,fixed,decaps,756502
9112,bike,fixed,decaps,756949
9113,bike,fixed,decaps,763089
9114,bike,fixed,decaps,790256
9115,bike,fixed,decaps,756454
9116,bike,fixed,decaps,756319
9117,bike,fixed,decaps,756216
9118,bike,fixed,decaps,772249
9119,bike,fixed,decaps,756446
9120,bike,fixed,decaps,768280
9121,bike,fixed,decaps,1121439
9122,bike,fixed,decaps,1164918
9123,bike,fixed,decaps,842413
9124,bike,fixed,decaps,757343
9125,bike,fixed,decaps,785538
9126,bike,fixed,decaps,780151
9127,bike,fixed,decaps,790738
9128,bike,fixed,decaps,780168
9129,bike,fixed,decaps,779516
9130,bike,fixed,decaps,776017
9131,bike,fixed,decaps,759955
9132,bike,fixed,decaps,762669
9133,bike,fixed,decaps,756699
9134,bike,fixed,decaps,755868
9135,bike,fixed,decaps,755802
9136,bike,fixed,decaps,756081
9137,bike,fixed,decaps,755870
9138,bike,fixed,decaps,762391
9139,bike,fixed,decaps,756006
9140,bike,fixed,decaps,755707
9141,bike,fixed,decaps,887860
9142,bike,fixed,decaps,1147433
9143,bike,fixed,decaps,1112509
9144,bike,fixed,decaps,763540
9145,bike,fixed,decaps,792209
9146,bike,fixed,decaps,758984
9147,bike,fixed,decaps,769287
9148,bike,fixed,decaps,757489
9149,bike,fixed,decaps,756649
9150,bike,fixed,decaps,756930
9151,bike,fixed,decaps,756678
9152,bike,fixed,decaps,761374
9153,bike,fixed,decaps,772123
9154,bike,fixed,decaps,756516
9155,bike,fixed,decaps,756630
9156,bike,fixed,decaps,758275
9157,bike,fixed,decaps,812504
9158,bike,fixed,decaps,757898
9159,bike,fixed,decaps,789375
9160,bike,fixed,decaps,757186
9161,bike,fixed,decaps,757268
9162,bike,fixed,decaps,1108326
9163,bike,fixed,decaps,1124003
9164,bike,fixed,decaps,937305
9165,bike,fixed,decaps,767144
9166,bike,fixed,decaps,774442
9167,bike,fixed,decaps,769334
9168,bike,fixed,decaps,756072
9169,bike,fixed,decaps,756081
9170,bike,fixed,decaps,755936
9171,bike,fixed,decaps,755972
9172,bike,fixed,decaps,760392
9173,bike,fixed,decaps,755993
9174,bike,fixed,decaps,756030
9175,bike,fixed,decaps,755896
9176,bike,fixed,decaps,756360
9177,bike,fixed,decaps,762260
9178,bike,fixed,decaps,756388
9179,bike,fixed,decaps,1061728
9180,bike,fixed,decaps,935770
9181,bike,fixed,decaps,758384
9182,bike,fixed,decaps,1020018
9183,bike,fixed,decaps,1172789
9184,bike,fixed,decaps,1072151
9185,bike,fixed,decaps,782816
9186,bike,fixed,decaps,797565
9187,bike,fixed,decaps,793797
9188,bike,fixed,decaps,740915
9189,bike,fixed,decaps,767588
9190,bike,fixed,decaps,756345
9191,bike,fixed,decaps,764695
9192,bike,fixed,decaps,756487
9193,bike,fixed,decaps,756548
9194,bike,fixed,decaps,756742
9195,bike,fixed,decaps,756917
9196,bike,fixed,decaps,760655
9197,bike,fixed,decaps,756761
9198,bike,fixed,decaps,756577
9199,bike,fixed,decaps,756303
9200,bike,fixed,decaps,756242
9201,bike,fixed,decaps,760461
9202,bike,fixed,decaps,816633
9203,bike,fixed,decaps,1146288
9204,bike,fixed,decaps,1207409
9205,bike,fixed,decaps,768526
9206,bike,fixed,decaps,813819
9207,bike,fixed,decaps,777463
9208,bike,fixed,decaps,756418
9209,bike,fixed,decaps,756469
9210,bike,fixed,decaps,756530
9211,bike,fixed,decaps,760789
9212,bike,fixed,decaps,756679
9213,bike,fixed,decaps,772736
9214,bike,fixed,decaps,779313
9215,bike,fixed,decaps,779415
9216,bike,fixed,decaps,782358
9217,bike,fixed,decaps,793713
9218,bike,fixed,decaps,756490
9219,bike,fixed,decaps,756717
9220,bike,fixed,decaps,756948
9221,bike,fixed,decaps,760278
9222,bike,fixed,decaps,775156
9223,bike,fixed,decaps,1018486
9224,bike,fixed,decaps,1109549
9225,bike,fixed,decaps,1063744
9226,bike,fixed,decaps,758066
9227,bike,fixed,decaps,756660
9228,bike,fixed,decaps,756376
9229,bike,fixed,decaps,756266
9230,bike,fixed,decaps,763535
9231,bike,fixed,decaps,757055
9232,bike,fixed,decaps,757124
9233,bike,fixed,decaps,756520
9234,bike,fixed,decaps,756255
9235,bike,fixed,decaps,756042
9236,bike,fixed,decaps,763592
9237,bike,fixed,decaps,789885
9238,bike,fixed,decaps,755963
9239,bike,fixed,decaps,755889
9240,bike,fixed,decaps,755750
9241,bike,fixed,decaps,763653
9242,bike,fixed,decaps,756520
9243,bike,fixed,decaps,758000
9244,bike,fixed,decaps,1127421
9245,bike,fixed,decaps,1166109
9246,bike,fixed,decaps,961291
9247,bike,fixed,decaps,789203
9248,bike,fixed,decaps,1129768
9249,bike,fixed,decaps,809387
9250,bike,fixed,decaps,773468
9251,bike,fixed,decaps,757379
9252,bike,fixed,decaps,756540
9253,bike,fixed,decaps,756645
9254,bike,fixed,decaps,756163
9255,bike,fixed,decaps,820109
9256,bike,fixed,decaps,756640
9257,bike,fixed,decaps,756908
9258,bike,fixed,decaps,756652
9259,bike,fixed,decaps,757329
9260,bike,fixed,decaps,765020
9261,bike,fixed,decaps,756346
9262,bike,fixed,decaps,756379
9263,bike,fixed,decaps,756623
9264,bike,fixed,decaps,1102198
9265,bike,fixed,decaps,1173758
9266,bike,fixed,decaps,939496
9267,bike,fixed,decaps,790029
9268,bike,fixed,decaps,815617
9269,bike,fixed,decaps,771047
9270,bike,fixed,decaps,756672
9271,bike,fixed,decaps,792781
9272,bike,fixed,decaps,780333
9273,bike,fixed,decaps,780185
9274,bike,fixed,decaps,791241
9275,bike,fixed,decaps,805931
9276,bike,fixed,decaps,756289
9277,bike,fixed,decaps,772453
9278,bike,fixed,decaps,734651
9279,bike,fixed,decaps,770266
9280,bike,fixed,decaps,763215
9281,bike,fixed,decaps,756255
9282,bike,fixed,decaps,756606
9283,bike,fixed,decaps,756739
9284,bike,fixed,decaps,982431
9285,bike,fixed,decaps,1131052
9286,bike,fixed,decaps,1045793
9287,bike,fixed,decaps,757871
9288,bike,fixed,decaps,790868
9289,bike,fixed,decaps,792627
9290,bike,fixed,decaps,779974
9291,bike,fixed,decaps,801263
9292,bike,fixed,decaps,739367
9293,bike,fixed,decaps,772589
9294,bike,fixed,decaps,762814
9295,bike,fixed,decaps,792368
9296,bike,fixed,decaps,759692
9297,bike,fixed,decaps,756847
9298,bike,fixed,decaps,788426
9299,bike,fixed,decaps,763750
9300,bike,fixed,decaps,757261
9301,bike,fixed,decaps,756680
9302,bike,fixed,decaps,756902
9303,bike,fixed,decaps,757329
9304,bike,fixed,decaps,957597
9305,bike,fixed,decaps,938183
9306,bike,fixed,decaps,1150617
9307,bike,fixed,decaps,1200520
9308,bike,fixed,decaps,1250286
9309,bike,fixed,decaps,1188540
9310,bike,fixed,decaps,1034356
9311,bike,fixed,decaps,1121683
9312,bike,fixed,decaps,900986
9313,bike,fixed,decaps,781436
9314,bike,fixed,decaps,934517
9315,bike,fixed,decaps,882131
9316,bike,fixed,decaps,794702
9317,bike,fixed,decaps,759051
9318,bike,fixed,decaps,756154
9319,bike,fixed,decaps,756115
9320,bike,fixed,decaps,782825
9321,bike,fixed,decaps,819027
9322,bike,fixed,decaps,984098
9323,bike,fixed,decaps,1085871
9324,bike,fixed,decaps,1149995
9325,bike,fixed,decaps,804987
9326,bike,fixed,decaps,790698
9327,bike,fixed,decaps,756728
9328,bike,fixed,decaps,807968
9329,bike,fixed,decaps,780048
9330,bike,fixed,decaps,791797
9331,bike,fixed,decaps,799525
9332,bike,fixed,decaps,734551
9333,bike,fixed,decaps,768906
9334,bike,fixed,decaps,756771
9335,bike,fixed,decaps,778752
9336,bike,fixed,decaps,774229
9337,bike,fixed,decaps,765338
9338,bike,fixed,decaps,756928
9339,bike,fixed,decaps,756856
9340,bike,fixed,decaps,756695
9341,bike,fixed,decaps,760302
9342,bike,fixed,decaps,832780
9343,bike,fixed,decaps,1124376
9344,bike,fixed,decaps,1187915
9345,bike,fixed,decaps,825563
9346,bike,fixed,decaps,781099
9347,bike,fixed,decaps,780702
9348,bike,fixed,decaps,787772
9349,bike,fixed,decaps,749014
9350,bike,fixed,decaps,742835
9351,bike,fixed,decaps,761668
9352,bike,fixed,decaps,771475
9353,bike,fixed,decaps,779648
9354,bike,fixed,decaps,774352
9355,bike,fixed,decaps,769489
9356,bike,fixed,decaps,794109
9357,bike,fixed,decaps,755996
9358,bike,fixed,decaps,755999
9359,bike,fixed,decaps,755937
9360,bike,fixed,decaps,760741
9361,bike,fixed,decaps,756124
9362,bike,fixed,decaps,756742
9363,bike,fixed,decaps,1013865
9364,bike,fixed,decaps,1097144
9365,bike,fixed,decaps,1059421
9366,bike,fixed,decaps,795859
9367,bike,fixed,decaps,781287
9368,bike,fixed,decaps,779846
9369,bike,fixed,decaps,791461
9370,bike,fixed,decaps,780400
9371,bike,fixed,decaps,780061
9372,bike,fixed,decaps,778975
9373,bike,fixed,decaps,756130
9374,bike,fixed,decaps,756343
9375,bike,fixed,decaps,762452
9376,bike,fixed,decaps,756373
9377,bike,fixed,decaps,789681
9378,bike,fixed,decaps,755750
9379,bike,fixed,decaps,755849
9380,bike,fixed,decaps,768641
9381,bike,fixed,decaps,764021
9382,bike,fixed,decaps,773083
9383,bike,fixed,decaps,817443
9384,bike,fixed,decaps,1122397
9385,bike,fixed,decaps,1218933
9386,bike,fixed,decaps,785141
9387,bike,fixed,decaps,804728
9388,bike,fixed,decaps,758379
9389,bike,fixed,decaps,767991
9390,bike,fixed,decaps,757251
9391,bike,fixed,decaps,756871
9392,bike,fixed,decaps,756954
9393,bike,fixed,decaps,757071
9394,bike,fixed,decaps,763386
9395,bike,fixed,decaps,757636
9396,bike,fixed,decaps,756517
9397,bike,fixed,decaps,790343
9398,bike,fixed,decaps,757457
9399,bike,fixed,decaps,756982
9400,bike,fixed,decaps,763791
9401,bike,fixed,decaps,756436
9402,bike,fixed,decaps,756412
9403,bike,fixed,decaps,756596
9404,bike,fixed,decaps,1044093
9405,bike,fixed,decaps,1122324
9406,bike,fixed,decaps,996854
9407,bike,fixed,decaps,758843
9408,bike,fixed,decaps,787426
9409,bike,fixed,decaps,769149
9410,bike,fixed,decaps,757562
9411,bike,fixed,decaps,757583
9412,bike,fixed,decaps,757230
9413,bike,fixed,decaps,757183
9414,bike,fixed,decaps,761712
9415,bike,fixed,decaps,757392
9416,bike,fixed,decaps,757296
9417,bike,fixed,decaps,757394
9418,bike,fixed,decaps,758208
9419,bike,fixed,decaps,761353
9420,bike,fixed,decaps,757213
9421,bike,fixed,decaps,757319
9422,bike,fixed,decaps,757550
9423,bike,fixed,decaps,756659
9424,bike,fixed,decaps,757714
9425,bike,fixed,decaps,1114668
9426,bike,fixed,decaps,1116751
9427,bike,fixed,decaps,1017110
9428,bike,fixed,decaps,781896
9429,bike,fixed,decaps,798052
9430,bike,fixed,decaps,780335
9431,bike,fixed,decaps,815376
9432,bike,fixed,decaps,798039
9433,bike,fixed,decaps,734671
9434,bike,fixed,decaps,776203
9435,bike,fixed,decaps,756893
9436,bike,fixed,decaps,771515
9437,bike,fixed,decaps,734158
9438,bike,fixed,decaps,772346
9439,bike,fixed,decaps,761357
9440,bike,fixed,decaps,812273
9441,bike,fixed,decaps,740444
9442,bike,fixed,decaps,767419
9443,bike,fixed,decaps,756814
9444,bike,fixed,decaps,760717
9445,bike,fixed,decaps,1029320
9446,bike,fixed,decaps,1203392
9447,bike,fixed,decaps,1149105
9448,bike,fixed,decaps,1073884
9449,bike,fixed,decaps,776038
9450,bike,fixed,decaps,757310
9451,bike,fixed,decaps,756560
9452,bike,fixed,decaps,756901
9453,bike,fixed,decaps,765509
9454,bike,fixed,decaps,776031
9455,bike,fixed,decaps,756870
9456,bike,fixed,decaps,756561
9457,bike,fixed,decaps,756975
9458,bike,fixed,decaps,761348
9459,bike,fixed,decaps,777198
9460,bike,fixed,decaps,780393
9461,bike,fixed,decaps,813696
9462,bike,fixed,decaps,780334
9463,bike,fixed,decaps,783860
9464,bike,fixed,decaps,780878
9465,bike,fixed,decaps,1075993
9466,bike,fixed,decaps,1064362
9467,bike,fixed,decaps,1177271
9468,bike,fixed,decaps,776522
9469,bike,fixed,decaps,780807
9470,bike,fixed,decaps,772299
9471,bike,fixed,decaps,757173
9472,bike,fixed,decaps,764027
9473,bike,fixed,decaps,756649
9474,bike,fixed,decaps,756795
9475,bike,fixed,decaps,756605
9476,bike,fixed,decaps,756493
9477,bike,fixed,decaps,763429
9478,bike,fixed,decaps,756908
9479,bike,fixed,decaps,790701
9480,bike,fixed,decaps,756654
9481,bike,fixed,decaps,756806
9482,bike,fixed,decaps,756534
9483,bike,fixed,decaps,760000
9484,bike,fixed,decaps,757128
9485,bike,fixed,decaps,831160
9486,bike,fixed,decaps,1133155
9487,bike,fixed,decaps,1166774
9488,bike,fixed,decaps,845345
9489,bike,fixed,decaps,782812
9490,bike,fixed,decaps,780497
9491,bike,fixed,decaps,780931
9492,bike,fixed,decaps,796431
9493,bike,fixed,decaps,780256
9494,bike,fixed,decaps,788008
9495,bike,fixed,decaps,756243
9496,bike,fixed,decaps,734434
9497,bike,fixed,decaps,764203
9498,bike,fixed,decaps,756485
9499,bike,fixed,decaps,756235
9500,bike,fixed,decaps,756662
9501,bike,fixed,decaps,756510
9502,bike,fixed,decaps,759889
9503,bike,fixed,decaps,756289
9504,bike,fixed,decaps,764288
9505,bike,fixed,decaps,790895
9506,bike,fixed,decaps,1106169
9507,bike,fixed,decaps,1183021
9508,bike,fixed,decaps,1030394
9509,bike,fixed,decaps,758850
9510,bike,fixed,decaps,788326
9511,bike,fixed,decaps,806143
9512,bike,fixed,decaps,1405441
9513,bike,fixed,decaps,1426738
9514,bike,fixed,decaps,819314
9515,bike,fixed,decaps,815756
9516,bike,fixed,decaps,806515
9517,bike,fixed,decaps,826626
9518,bike,fixed,decaps,757143
9519,bike,fixed,decaps,757488
9520,bike,fixed,decaps,767287
9521,bike,fixed,decaps,763266
9522,bike,fixed,decaps,756907
9523,bike,fixed,decaps,756610
9524,bike,fixed,decaps,861279
9525,bike,fixed,decaps,1141757
9526,bike,fixed,decaps,1207161
9527,bike,fixed,decaps,856578
9528,bike,fixed,decaps,757620
9529,bike,fixed,decaps,794137
9530,bike,fixed,decaps,779865
9531,bike,fixed,decaps,787163
9532,bike,fixed,decaps,749398
9533,bike,fixed,decaps,734488
9534,bike,fixed,decaps,763604
9535,bike,fixed,decaps,761535
9536,bike,fixed,decaps,746978
9537,bike,fixed,decaps,767442
9538,bike,fixed,decaps,787802
9539,bike,fixed,decaps,760351
9540,bike,fixed,decaps,756260
9541,bike,fixed,decaps,755513
9542,bike,fixed,decaps,755747
9543,bike,fixed,decaps,755743
9544,bike,fixed,decaps,756307
9545,bike,fixed,decaps,1120927
9546,bike,fixed,decaps,1092565
9547,bike,fixed,decaps,1245452
9548,bike,fixed,decaps,879638
9549,bike,fixed,decaps,781890
9550,bike,fixed,decaps,781896
9551,bike,fixed,decaps,755849
9552,bike,fixed,decaps,755828
9553,bike,fixed,decaps,760351
9554,bike,fixed,decaps,770757
9555,bike,fixed,decaps,755731
9556,bike,fixed,decaps,756033
9557,bike,fixed,decaps,775437
9558,bike,fixed,decaps,733917
9559,bike,fixed,decaps,808238
9560,bike,fixed,decaps,756665
9561,bike,fixed,decaps,756209
9562,bike,fixed,decaps,756711
9563,bike,fixed,decaps,756245
9564,bike,fixed,decaps,761030
9565,bike,fixed,decaps,1078896
9566,bike,fixed,decaps,1100781
9567,bike,fixed,decaps,953287
9568,bike,fixed,decaps,773427
9569,bike,fixed,decaps,757682
9570,bike,fixed,decaps,756944
9571,bike,fixed,decaps,756941
9572,bike,fixed,decaps,756822
9573,bike,fixed,decaps,761456
9574,bike,fixed,decaps,756712
9575,bike,fixed,decaps,756838
9576,bike,fixed,decaps,756804
9577,bike,fixed,decaps,756871
9578,bike,fixed,decaps,756976
9579,bike,fixed,decaps,761387
9580,bike,fixed,decaps,756567
9581,bike,fixed,decaps,775098
9582,bike,fixed,decaps,1021151
9583,bike,fixed,decaps,1004216
9584,bike,fixed,decaps,743672
9585,bike,fixed,decaps,1021435
9586,bike,fixed,decaps,1090234
9587,bike,fixed,decaps,1119968
9588,bike,fixed,decaps,782038
9589,bike,fixed,decaps,780597
9590,bike,fixed,decaps,774135
9591,bike,fixed,decaps,756619
9592,bike,fixed,decaps,762803
9593,bike,fixed,decaps,757070
9594,bike,fixed,decaps,970022
9595,bike,fixed,decaps,1107466
9596,bike,fixed,decaps,758361
9597,bike,fixed,decaps,767836
9598,bike,fixed,decaps,780977
9599,bike,fixed,decaps,797013
9600,bike,fixed,decaps,756578
9601,bike,fixed,decaps,788079
9602,bike,fixed,decaps,785889
9603,bike,fixed,decaps,789737
9604,bike,fixed,decaps,812407
9605,bike,fixed,decaps,1229985
9606,bike,fixed,decaps,1135530
9607,bike,fixed,decaps,760083
9608,bike,fixed,decaps,757317
9609,bike,fixed,decaps,756665
9610,bike,fixed,decaps,756629
9611,bike,fixed,decaps,767258
9612,bike,fixed,decaps,756766
9613,bike,fixed,decaps,756558
9614,bike,fixed,decaps,756660
9615,bike,fixed,decaps,756305
9616,bike,fixed,decaps,756177
9617,bike,fixed,decaps,763689
9618,bike,fixed,decaps,756282
9619,bike,fixed,decaps,798686
9620,bike,fixed,decaps,756462
9621,bike,fixed,decaps,752041
9622,bike,fixed,decaps,773943
9623,bike,fixed,decaps,756817
9624,bike,fixed,decaps,756459
9625,bike,fixed,decaps,871828
9626,bike,fixed,decaps,1127898
9627,bike,fixed,decaps,1198855
9628,bike,fixed,decaps,760143
9629,bike,fixed,decaps,787332
9630,bike,fixed,decaps,758010
9631,bike,fixed,decaps,803871
9632,bike,fixed,decaps,788938
9633,bike,fixed,decaps,756263
9634,bike,fixed,decaps,756020
9635,bike,fixed,decaps,756085
9636,bike,fixed,decaps,760633
9637,bike,fixed,decaps,756629
9638,bike,fixed,decaps,756094
9639,bike,fixed,decaps,756327
9640,bike,fixed,decaps,787567
9641,bike,fixed,decaps,759516
9642,bike,fixed,decaps,756338
9643,bike,fixed,decaps,771180
9644,bike,fixed,decaps,759016
9645,bike,fixed,decaps,756500
9646,bike,fixed,decaps,1068721
9647,bike,fixed,decaps,1096138
9648,bike,fixed,decaps,1049494
9649,bike,fixed,decaps,807075
9650,bike,fixed,decaps,771428
9651,bike,fixed,decaps,767386
9652,bike,fixed,decaps,756503
9653,bike,fixed,decaps,771313
9654,bike,fixed,decaps,740199
9655,bike,fixed,decaps,766934
9656,bike,fixed,decaps,760520
9657,bike,fixed,decaps,775921
9658,bike,fixed,decaps,779880
9659,bike,fixed,decaps,769577
9660,bike,fixed,decaps,792544
9661,bike,fixed,decaps,739972
9662,bike,fixed,decaps,741447
9663,bike,fixed,decaps,768073
9664,bike,fixed,decaps,756614
9665,bike,fixed,decaps,777146
9666,bike,fixed,decaps,831431
9667,bike,fixed,decaps,1119024
9668,bike,fixed,decaps,1156711
9669,bike,fixed,decaps,851086
9670,bike,fixed,decaps,771139
9671,bike,fixed,decaps,792297
9672,bike,fixed,decaps,778617
9673,bike,fixed,decaps,756351
9674,bike,fixed,decaps,756846
9675,bike,fixed,decaps,756377
9676,bike,fixed,decaps,760515
9677,bike,fixed,decaps,756351
9678,bike,fixed,decaps,756522
9679,bike,fixed,decaps,756181
9680,bike,fixed,decaps,756479
9681,bike,fixed,decaps,759771
9682,bike,fixed,decaps,756613
9683,bike,fixed,decaps,756566
9684,bike,fixed,decaps,756374
9685,bike,fixed,decaps,756862
9686,bike,fixed,decaps,760794
9687,bike,fixed,decaps,956348
9688,bike,fixed,decaps,1142728
9689,bike,fixed,decaps,1132470
9690,bike,fixed,decaps,783855
9691,bike,fixed,decaps,757366
9692,bike,fixed,decaps,757132
9693,bike,fixed,decaps,787493
9694,bike,fixed,decaps,781803
9695,bike,fixed,decaps,763382
9696,bike,fixed,decaps,757449
9697,bike,fixed,decaps,756450
9698,bike,fixed,decaps,756655
9699,bike,fixed,decaps,756993
9700,bike,fixed,decaps,757062
9701,bike,fixed,decaps,794474
9702,bike,fixed,decaps,775121
9703,bike,fixed,decaps,762288
9704,bike,fixed,decaps,757590
9705,bike,fixed,decaps,757111
9706,bike,fixed,decaps,762147
9707,bike,fixed,decaps,801322
9708,bike,fixed,decaps,1129431
9709,bike,fixed,decaps,1148812
9710,bike,fixed,decaps,928922
9711,bike,fixed,decaps,783833
9712,bike,fixed,decaps,760274
9713,bike,fixed,decaps,756899
9714,bike,fixed,decaps,757001
9715,bike,fixed,decaps,768230
9716,bike,fixed,decaps,756435
9717,bike,fixed,decaps,756989
9718,bike,fixed,decaps,756106
9719,bike,fixed,decaps,756634
9720,bike,fixed,decaps,760824
9721,bike,fixed,decaps,967179
9722,bike,fixed,decaps,1056732
9723,bike,fixed,decaps,759597
9724,bike,fixed,decaps,757162
9725,bike,fixed,decaps,768869
9726,bike,fixed,decaps,756842
9727,bike,fixed,decaps,788675
9728,bike,fixed,decaps,1106166
9729,bike,fixed,decaps,1202908
9730,bike,fixed,decaps,879057
9731,bike,fixed,decaps,758270
9732,bike,fixed,decaps,756706
9733,bike,fixed,decaps,788066
9734,bike,fixed,decaps,797620
9735,bike,fixed,decaps,757191
9736,bike,fixed,decaps,757202
9737,bike,fixed,decaps,756861
9738,bike,fixed,decaps,757159
9739,bike,fixed,decaps,764080
9740,bike,fixed,decaps,756690
9741,bike,fixed,decaps,756642
9742,bike,fixed,decaps,790871
9743,bike,fixed,decaps,756576
9744,bike,fixed,decaps,763522
9745,bike,fixed,decaps,757589
9746,bike,fixed,decaps,775704
9747,bike,fixed,decaps,756815
9748,bike,fixed,decaps,1005805
9749,bike,fixed,decaps,1107844
9750,bike,fixed,decaps,1147533
9751,bike,fixed,decaps,793541
9752,bike,fixed,decaps,811177
9753,bike,fixed,decaps,782309
9754,bike,fixed,decaps,803713
9755,bike,fixed,decaps,758164
9756,bike,fixed,decaps,757222
9757,bike,fixed,decaps,757183
9758,bike,fixed,decaps,757037
9759,bike,fixed,decaps,762834
9760,bike,fixed,decaps,757139
9761,bike,fixed,decaps,774778
9762,bike,fixed,decaps,734970
9763,bike,fixed,decaps,800669
9764,bike,fixed,decaps,762302
9765,bike,fixed,decaps,757143
9766,bike,fixed,decaps,756312
9767,bike,fixed,decaps,757094
9768,bike,fixed,decaps,780714
9769,bike,fixed,decaps,1133986
9770,bike,fixed,decaps,1191589
9771,bike,fixed,decaps,943223
9772,bike,fixed,decaps,780728
9773,bike,fixed,decaps,767774
9774,bike,fixed,decaps,756934
9775,bike,fixed,decaps,756501
9776,bike,fixed,decaps,756529
9777,bike,fixed,decaps,756773
9778,bike,fixed,decaps,802585
9779,bike,fixed,decaps,757231
9780,bike,fixed,decaps,756959
9781,bike,fixed,decaps,756935
9782,bike,fixed,decaps,805201
9783,bike,fixed,decaps,734518
9784,bike,fixed,decaps,738571
9785,bike,fixed,decaps,763988
9786,bike,fixed,decaps,756971
9787,bike,fixed,decaps,756186
9788,bike,fixed,decaps,756352
9789,bike,fixed,decaps,1003708
9790,bike,fixed,decaps,1108508
9791,bike,fixed,decaps,1068074
9792,bike,fixed,decaps,759766
9793,bike,fixed,decaps,800395
9794,bike,fixed,decaps,807059
9795,bike,fixed,decaps,757365
9796,bike,fixed,decaps,757092
9797,bike,fixed,decaps,756997
9798,bike,fixed,decaps,764844
9799,bike,fixed,decaps,756637
9800,bike,fixed,decaps,756386
9801,bike,fixed,decaps,756358
9802,bike,fixed,decaps,756394
9803,bike,fixed,decaps,760416
9804,bike,fixed,decaps,756348
9805,bike,fixed,decaps,757056
9806,bike,fixed,decaps,756525
9807,bike,fixed,decaps,756980
9808,bike,fixed,decaps,756501
9809,bike,fixed,decaps,774465
9810,bike,fixed,decaps,1143922
9811,bike,fixed,decaps,1194448
9812,bike,fixed,decaps,908285
9813,bike,fixed,decaps,788146
9814,bike,fixed,decaps,757464
9815,bike,fixed,decaps,756633
9816,bike,fixed,decaps,756742
9817,bike,fixed,decaps,756450
9818,bike,fixed,decaps,761894
9819,bike,fixed,decaps,756154
9820,bike,fixed,decaps,762339
9821,bike,fixed,decaps,749858
9822,bike,fixed,decaps,767625
9823,bike,fixed,decaps,760120
9824,bike,fixed,decaps,792016
9825,bike,fixed,decaps,756314
9826,bike,fixed,decaps,756277
9827,bike,fixed,decaps,756240
9828,bike,fixed,decaps,761011
9829,bike,fixed,decaps,756265
9830,bike,fixed,decaps,892539
9831,bike,fixed,decaps,1119474
9832,bike,fixed,decaps,1179256
9833,bike,fixed,decaps,798013
9834,bike,fixed,decaps,758048
9835,bike,fixed,decaps,756560
9836,bike,fixed,decaps,756976
9837,bike,fixed,decaps,756819
9838,bike,fixed,decaps,762630
9839,bike,fixed,decaps,758502
9840,bike,fixed,decaps,757702
9841,bike,fixed,decaps,757572
9842,bike,fixed,decaps,757350
9843,bike,fixed,decaps,764767
9844,bike,fixed,decaps,791623
9845,bike,fixed,decaps,756634
9846,bike,fixed,decaps,757244
9847,bike,fixed,decaps,756989
9848,bike,fixed,decaps,760519
9849,bike,fixed,decaps,756439
9850,bike,fixed,decaps,756878
9851,bike,fixed,decaps,1045436
9852,bike,fixed,decaps,1057546
9853,bike,fixed,decaps,1151543
9854,bike,fixed,decaps,805927
9855,bike,fixed,decaps,775829
9856,bike,fixed,decaps,757400
9857,bike,fixed,decaps,925631
9858,bike,fixed,decaps,1073265
9859,bike,fixed,decaps,758456
9860,bike,fixed,decaps,757305
9861,bike,fixed,decaps,790249
9862,bike,fixed,decaps,791261
9863,bike,fixed,decaps,756880
9864,bike,fixed,decaps,756161
9865,bike,fixed,decaps,756715
9866,bike,fixed,decaps,756563
9867,bike,fixed,decaps,763296
9868,bike,fixed,decaps,756517
9869,bike,fixed,decaps,755940
9870,bike,fixed,decaps,757911
9871,bike,fixed,decaps,1142953
9872,bike,fixed,decaps,1208164
9873,bike,fixed,decaps,854070
9874,bike,fixed,decaps,781845
9875,bike,fixed,decaps,808980
9876,bike,fixed,decaps,805194
9877,bike,fixed,decaps,780916
9878,bike,fixed,decaps,780545
9879,bike,fixed,decaps,771109
9880,bike,fixed,decaps,734564
9881,bike,fixed,decaps,745000
9882,bike,fixed,decaps,768902
9883,bike,fixed,decaps,756542
9884,bike,fixed,decaps,790261
9885,bike,fixed,decaps,756413
9886,bike,fixed,decaps,756415
9887,bike,fixed,decaps,759897
9888,bike,fixed,decaps,756432
9889,bike,fixed,decaps,756245
9890,bike,fixed,decaps,757042
9891,bike,fixed,decaps,904079
9892,bike,fixed,decaps,1145933
9893,bike,fixed,decaps,1158450
9894,bike,fixed,decaps,802264
9895,bike,fixed,decaps,819483
9896,bike,fixed,decaps,798323
9897,bike,fixed,decaps,756897
9898,bike,fixed,decaps,756818
9899,bike,fixed,decaps,756607
9900,bike,fixed,decaps,757425
9901,bike,fixed,decaps,777397
9902,bike,fixed,decaps,756716
9903,bike,fixed,decaps,756865
9904,bike,fixed,decaps,756723
9905,bike,fixed,decaps,788109
9906,bike,fixed,decaps,760839
9907,bike,fixed,decaps,756124
9908,bike,fixed,decaps,756989
9909,bike,fixed,decaps,756653
9910,bike,fixed,decaps,756067
9911,bike,fixed,decaps,758006
9912,bike,fixed,decaps,1115023
9913,bike,fixed,decaps,1115626
9914,bike,fixed,decaps,1043556
9915,bike,fixed,decaps,781767
9916,bike,fixed,decaps,785427
9917,bike,fixed,decaps,757440
9918,bike,fixed,decaps,757219
9919,bike,fixed,decaps,756855
9920,bike,fixed,decaps,757154
9921,bike,fixed,decaps,770436
9922,bike,fixed,decaps,762514
9923,bike,fixed,decaps,756952
9924,bike,fixed,decaps,757166
9925,bike,fixed,decaps,757006
9926,bike,fixed,decaps,760672
9927,bike,fixed,decaps,791814
9928,bike,fixed,decaps,756451
9929,bike,fixed,decaps,757113
9930,bike,fixed,decaps,756908
9931,bike,fixed,decaps,760902
9932,bike,fixed,decaps,906882
9933,bike,fixed,decaps,1131606
9934,bike,fixed,decaps,1135402
9935,bike,fixed,decaps,819660
9936,bike,fixed,decaps,781086
9937,bike,fixed,decaps,771304
9938,bike,fixed,decaps,755679
9939,bike,fixed,decaps,756278
9940,bike,fixed,decaps,763061
9941,bike,fixed,decaps,757218
9942,bike,fixed,decaps,756224
9943,bike,fixed,decaps,756217
9944,bike,fixed,decaps,755914
9945,bike,fixed,decaps,755967
9946,bike,fixed,decaps,800227
9947,bike,fixed,decaps,734100
9948,bike,fixed,decaps,734255
9949,bike,fixed,decaps,774877
9950,bike,fixed,decaps,756443
9951,bike,fixed,decaps,760732
9952,bike,fixed,decaps,758687
9953,bike,fixed,decaps,1057542
9954,bike,fixed,decaps,1088426
9955,bike,fixed,decaps,1087356
9956,bike,fixed,decaps,774851
9957,bike,fixed,decaps,780285
9958,bike,fixed,decaps,778445
9959,bike,fixed,decaps,756394
9960,bike,fixed,decaps,763261
9961,bike,fixed,decaps,756385
9962,bike,fixed,decaps,757659
9963,bike,fixed,decaps,762161
9964,bike,fixed,decaps,759282
9965,bike,fixed,decaps,760060
9966,bike,fixed,decaps,757259
9967,bike,fixed,decaps,789697
9968,bike,fixed,decaps,755961
9969,bike,fixed,decaps,755797
9970,bike,fixed,decaps,756010
9971,bike,fixed,decaps,760445
9972,bike,fixed,decaps,756201
9973,bike,fixed,decaps,832320
9974,bike,fixed,decaps,1146466
9975,bike,fixed,decaps,1179239
9976,bike,fixed,decaps,981521
9977,bike,fixed,decaps,1063268
9978,bike,fixed,decaps,993514
9979,bike,fixed,decaps,980070
9980,bike,fixed,decaps,1256217
9981,bike,fixed,decaps,784408
9982,bike,fixed,decaps,782956
9983,bike,fixed,decaps,771960
9984,bike,fixed,decaps,757320
9985,bike,fixed,decaps,945613
9986,bike,fixed,decaps,911343
9987,bike,fixed,decaps,780754
9988,bike,fixed,decaps,793711
9989,bike,fixed,decaps,780366
9990,bike,fixed,decaps,780323
9991,bike,fixed,decaps,810714
9992,bike,fixed,decaps,832700
9993,bike,fixed,decaps,794588
9994,bike,fixed,decaps,832560
9995,bike,fixed,decaps,873570
9996,bike,fixed,decaps,758251
9997,bike,fixed,decaps,788755
9998,bike,fixed,decaps,794205
9999,bike,fixed,decaps,757117
10000,bike,fixed,decaps,756690
