iteration,mode,input,op,elapsed_ns
1,hybrid,fixed,decaps,840354
2,hybrid,fixed,decaps,783755
3,hybrid,fixed,decaps,781950
4,hybrid,fixed,decaps,791000
5,hybrid,fixed,decaps,781525
6,hybrid,fixed,decaps,782425
7,hybrid,fixed,decaps,782535
8,hybrid,fixed,decaps,781749
9,hybrid,fixed,decaps,787875
10,hybrid,fixed,decaps,784832
11,hybrid,fixed,decaps,860474
12,hybrid,fixed,decaps,810025
13,hybrid,fixed,decaps,807453
14,hybrid,fixed,decaps,813165
15,hybrid,fixed,decaps,809942
16,hybrid,fixed,decaps,942701
17,hybrid,fixed,decaps,838896
18,hybrid,fixed,decaps,855996
19,hybrid,fixed,decaps,805510
20,hybrid,fixed,decaps,787973
21,hybrid,fixed,decaps,849438
22,hybrid,fixed,decaps,807624
23,hybrid,fixed,decaps,781416
24,hybrid,fixed,decaps,793758
25,hybrid,fixed,decaps,781985
26,hybrid,fixed,decaps,781371
27,hybrid,fixed,decaps,780649
28,hybrid,fixed,decaps,780875
29,hybrid,fixed,decaps,786010
30,hybrid,fixed,decaps,781167
31,hybrid,fixed,decaps,781148
32,hybrid,fixed,decaps,839530
33,hybrid,fixed,decaps,805110
34,hybrid,fixed,decaps,811463
35,hybrid,fixed,decaps,802025
36,hybrid,fixed,decaps,789421
37,hybrid,fixed,decaps,860739
38,hybrid,fixed,decaps,875557
39,hybrid,fixed,decaps,821060
40,hybrid,fixed,decaps,773071
41,hybrid,fixed,decaps,795235
42,hybrid,fixed,decaps,782557
43,hybrid,fixed,decaps,781204
44,hybrid,fixed,decaps,788633
45,hybrid,fixed,decaps,781678
46,hybrid,fixed,decaps,781099
47,hybrid,fixed,decaps,790272
48,hybrid,fixed,decaps,926469
49,hybrid,fixed,decaps,803449
50,hybrid,fixed,decaps,782435
51,hybrid,fixed,decaps,781677
52,hybrid,fixed,decaps,780744
53,hybrid,fixed,decaps,803213
54,hybrid,fixed,decaps,809904
55,hybrid,fixed,decaps,805410
56,hybrid,fixed,decaps,796668
57,hybrid,fixed,decaps,842974
58,hybrid,fixed,decaps,828036
59,hybrid,fixed,decaps,867175
60,hybrid,fixed,decaps,814170
61,hybrid,fixed,decaps,807987
62,hybrid,fixed,decaps,805789
63,hybrid,fixed,decaps,822150
64,hybrid,fixed,decaps,782296
65,hybrid,fixed,decaps,780908
66,hybrid,fixed,decaps,780638
67,hybrid,fixed,decaps,780734
68,hybrid,fixed,decaps,780515
69,hybrid,fixed,decaps,785106
70,hybrid,fixed,decaps,780786
71,hybrid,fixed,decaps,820266
72,hybrid,fixed,decaps,845893
73,hybrid,fixed,decaps,821731
74,hybrid,fixed,decaps,759852
75,hybrid,fixed,decaps,763659
76,hybrid,fixed,decaps,790724
77,hybrid,fixed,decaps,781570
78,hybrid,fixed,decaps,850217
79,hybrid,fixed,decaps,828745
80,hybrid,fixed,decaps,836625
81,hybrid,fixed,decaps,886122
82,hybrid,fixed,decaps,785568
83,hybrid,fixed,decaps,794359
84,hybrid,fixed,decaps,808761
85,hybrid,fixed,decaps,782054
86,hybrid,fixed,decaps,780653
87,hybrid,fixed,decaps,781114
88,hybrid,fixed,decaps,816661
89,hybrid,fixed,decaps,808680
90,hybrid,fixed,decaps,797130
91,hybrid,fixed,decaps,763250
92,hybrid,fixed,decaps,790896
93,hybrid,fixed,decaps,817676
94,hybrid,fixed,decaps,780992
95,hybrid,fixed,decaps,780223
96,hybrid,fixed,decaps,780396
97,hybrid,fixed,decaps,780455
98,hybrid,fixed,decaps,794617
99,hybrid,fixed,decaps,880958
100,hybrid,fixed,decaps,861524
101,hybrid,fixed,decaps,837153
102,hybrid,fixed,decaps,789347
103,hybrid,fixed,decaps,830178
104,hybrid,fixed,decaps,806075
105,hybrid,fixed,decaps,780614
106,hybrid,fixed,decaps,780834
107,hybrid,fixed,decaps,780332
108,hybrid,fixed,decaps,785177
109,hybrid,fixed,decaps,816712
110,hybrid,fixed,decaps,783765
111,hybrid,fixed,decaps,781359
112,hybrid,fixed,decaps,781135
113,hybrid,fixed,decaps,786921
114,hybrid,fixed,decaps,815357
115,hybrid,fixed,decaps,780930
116,hybrid,fixed,decaps,781432
117,hybrid,fixed,decaps,780804
118,hybrid,fixed,decaps,784871
119,hybrid,fixed,decaps,799710
120,hybrid,fixed,decaps,857629
121,hybrid,fixed,decaps,862930
122,hybrid,fixed,decaps,847199
123,hybrid,fixed,decaps,818623
124,hybrid,fixed,decaps,817952
125,hybrid,fixed,decaps,782547
126,hybrid,fixed,decaps,780751
127,hybrid,fixed,decaps,780881
128,hybrid,fixed,decaps,789451
129,hybrid,fixed,decaps,781244
130,hybrid,fixed,decaps,781048
131,hybrid,fixed,decaps,780682
132,hybrid,fixed,decaps,780949
133,hybrid,fixed,decaps,785439
134,hybrid,fixed,decaps,814921
135,hybrid,fixed,decaps,812258
136,hybrid,fixed,decaps,803550
137,hybrid,fixed,decaps,782363
138,hybrid,fixed,decaps,788442
139,hybrid,fixed,decaps,781555
140,hybrid,fixed,decaps,848492
141,hybrid,fixed,decaps,842898
142,hybrid,fixed,decaps,912553
143,hybrid,fixed,decaps,813834
144,hybrid,fixed,decaps,783828
145,hybrid,fixed,decaps,781713
146,hybrid,fixed,decaps,781268
147,hybrid,fixed,decaps,781266
148,hybrid,fixed,decaps,785411
149,hybrid,fixed,decaps,808215
150,hybrid,fixed,decaps,782168
151,hybrid,fixed,decaps,780549
152,hybrid,fixed,decaps,780504
153,hybrid,fixed,decaps,806761
154,hybrid,fixed,decaps,781857
155,hybrid,fixed,decaps,814087
156,hybrid,fixed,decaps,781107
157,hybrid,fixed,decaps,783283
158,hybrid,fixed,decaps,957261
159,hybrid,fixed,decaps,792620
160,hybrid,fixed,decaps,810555
161,hybrid,fixed,decaps,862197
162,hybrid,fixed,decaps,906997
163,hybrid,fixed,decaps,813659
164,hybrid,fixed,decaps,826325
165,hybrid,fixed,decaps,801495
166,hybrid,fixed,decaps,781053
167,hybrid,fixed,decaps,780832
168,hybrid,fixed,decaps,786384
169,hybrid,fixed,decaps,781027
170,hybrid,fixed,decaps,780779
171,hybrid,fixed,decaps,780654
172,hybrid,fixed,decaps,780511
173,hybrid,fixed,decaps,786207
174,hybrid,fixed,decaps,782461
175,hybrid,fixed,decaps,782197
176,hybrid,fixed,decaps,844561
177,hybrid,fixed,decaps,805132
178,hybrid,fixed,decaps,809602
179,hybrid,fixed,decaps,805494
180,hybrid,fixed,decaps,804949
181,hybrid,fixed,decaps,857129
182,hybrid,fixed,decaps,836177
183,hybrid,fixed,decaps,862185
184,hybrid,fixed,decaps,814258
185,hybrid,fixed,decaps,824233
186,hybrid,fixed,decaps,783182
187,hybrid,fixed,decaps,780856
188,hybrid,fixed,decaps,824472
189,hybrid,fixed,decaps,783077
190,hybrid,fixed,decaps,781102
191,hybrid,fixed,decaps,808377
192,hybrid,fixed,decaps,811214
193,hybrid,fixed,decaps,786948
194,hybrid,fixed,decaps,781014
195,hybrid,fixed,decaps,780675
196,hybrid,fixed,decaps,812435
197,hybrid,fixed,decaps,780888
198,hybrid,fixed,decaps,785783
199,hybrid,fixed,decaps,781485
200,hybrid,fixed,decaps,780753
201,hybrid,fixed,decaps,805268
202,hybrid,fixed,decaps,885706
203,hybrid,fixed,decaps,894161
204,hybrid,fixed,decaps,826227
205,hybrid,fixed,decaps,833704
206,hybrid,fixed,decaps,822381
207,hybrid,fixed,decaps,819975
208,hybrid,fixed,decaps,783382
209,hybrid,fixed,decaps,811470
210,hybrid,fixed,decaps,782889
211,hybrid,fixed,decaps,781244
212,hybrid,fixed,decaps,787773
213,hybrid,fixed,decaps,782189
214,hybrid,fixed,decaps,780823
215,hybrid,fixed,decaps,781248
216,hybrid,fixed,decaps,781196
217,hybrid,fixed,decaps,812582
218,hybrid,fixed,decaps,787089
219,hybrid,fixed,decaps,781437
220,hybrid,fixed,decaps,780584
221,hybrid,fixed,decaps,781058
222,hybrid,fixed,decaps,781850
223,hybrid,fixed,decaps,861996
224,hybrid,fixed,decaps,892555
225,hybrid,fixed,decaps,849510
226,hybrid,fixed,decaps,795547
227,hybrid,fixed,decaps,793431
228,hybrid,fixed,decaps,817005
229,hybrid,fixed,decaps,815781
230,hybrid,fixed,decaps,780473
231,hybrid,fixed,decaps,780741
232,hybrid,fixed,decaps,794123
233,hybrid,fixed,decaps,802804
234,hybrid,fixed,decaps,844865
235,hybrid,fixed,decaps,783717
236,hybrid,fixed,decaps,781923
237,hybrid,fixed,decaps,828111
238,hybrid,fixed,decaps,797813
239,hybrid,fixed,decaps,763357
240,hybrid,fixed,decaps,796729
241,hybrid,fixed,decaps,780760
242,hybrid,fixed,decaps,785109
243,hybrid,fixed,decaps,790333
244,hybrid,fixed,decaps,878662
245,hybrid,fixed,decaps,866549
246,hybrid,fixed,decaps,834327
247,hybrid,fixed,decaps,794707
248,hybrid,fixed,decaps,809194
249,hybrid,fixed,decaps,810685
250,hybrid,fixed,decaps,781716
251,hybrid,fixed,decaps,782755
252,hybrid,fixed,decaps,786119
253,hybrid,fixed,decaps,780278
254,hybrid,fixed,decaps,780400
255,hybrid,fixed,decaps,780443
256,hybrid,fixed,decaps,779831
257,hybrid,fixed,decaps,784402
258,hybrid,fixed,decaps,814908
259,hybrid,fixed,decaps,781113
260,hybrid,fixed,decaps,812466
261,hybrid,fixed,decaps,783472
262,hybrid,fixed,decaps,786374
263,hybrid,fixed,decaps,780846
264,hybrid,fixed,decaps,825060
265,hybrid,fixed,decaps,858277
266,hybrid,fixed,decaps,865912
267,hybrid,fixed,decaps,873326
268,hybrid,fixed,decaps,808665
269,hybrid,fixed,decaps,782702
270,hybrid,fixed,decaps,780861
271,hybrid,fixed,decaps,781874
272,hybrid,fixed,decaps,802184
273,hybrid,fixed,decaps,782467
274,hybrid,fixed,decaps,781405
275,hybrid,fixed,decaps,781155
276,hybrid,fixed,decaps,781387
277,hybrid,fixed,decaps,786771
278,hybrid,fixed,decaps,781536
279,hybrid,fixed,decaps,814533
280,hybrid,fixed,decaps,780731
281,hybrid,fixed,decaps,781077
282,hybrid,fixed,decaps,786090
283,hybrid,fixed,decaps,781120
284,hybrid,fixed,decaps,780837
285,hybrid,fixed,decaps,867343
286,hybrid,fixed,decaps,852267
287,hybrid,fixed,decaps,938299
288,hybrid,fixed,decaps,817448
289,hybrid,fixed,decaps,809720
290,hybrid,fixed,decaps,781192
291,hybrid,fixed,decaps,781878
292,hybrid,fixed,decaps,816412
293,hybrid,fixed,decaps,899459
294,hybrid,fixed,decaps,794449
295,hybrid,fixed,decaps,781806
296,hybrid,fixed,decaps,781274
297,hybrid,fixed,decaps,790441
298,hybrid,fixed,decaps,781520
299,hybrid,fixed,decaps,810391
300,hybrid,fixed,decaps,815906
301,hybrid,fixed,decaps,780839
302,hybrid,fixed,decaps,785660
303,hybrid,fixed,decaps,781049
304,hybrid,fixed,decaps,780559
305,hybrid,fixed,decaps,827359
306,hybrid,fixed,decaps,878410
307,hybrid,fixed,decaps,889937
308,hybrid,fixed,decaps,781609
309,hybrid,fixed,decaps,830546
310,hybrid,fixed,decaps,784539
311,hybrid,fixed,decaps,781294
312,hybrid,fixed,decaps,833141
313,hybrid,fixed,decaps,783190
314,hybrid,fixed,decaps,781286
315,hybrid,fixed,decaps,781040
316,hybrid,fixed,decaps,781066
317,hybrid,fixed,decaps,785301
318,hybrid,fixed,decaps,781316
319,hybrid,fixed,decaps,780822
320,hybrid,fixed,decaps,813248
321,hybrid,fixed,decaps,781194
322,hybrid,fixed,decaps,822610
323,hybrid,fixed,decaps,802174
324,hybrid,fixed,decaps,781824
325,hybrid,fixed,decaps,781093
326,hybrid,fixed,decaps,825623
327,hybrid,fixed,decaps,865806
328,hybrid,fixed,decaps,861665
329,hybrid,fixed,decaps,818484
330,hybrid,fixed,decaps,789737
331,hybrid,fixed,decaps,782848
332,hybrid,fixed,decaps,791486
333,hybrid,fixed,decaps,781812
334,hybrid,fixed,decaps,812127
335,hybrid,fixed,decaps,807253
336,hybrid,fixed,decaps,781502
337,hybrid,fixed,decaps,815123
338,hybrid,fixed,decaps,782981
339,hybrid,fixed,decaps,781240
340,hybrid,fixed,decaps,781188
341,hybrid,fixed,decaps,832156
342,hybrid,fixed,decaps,765653
343,hybrid,fixed,decaps,791828
344,hybrid,fixed,decaps,780779
345,hybrid,fixed,decaps,780812
346,hybrid,fixed,decaps,780816
347,hybrid,fixed,decaps,837594
348,hybrid,fixed,decaps,891059
349,hybrid,fixed,decaps,854569
350,hybrid,fixed,decaps,794401
351,hybrid,fixed,decaps,786614
352,hybrid,fixed,decaps,794430
353,hybrid,fixed,decaps,784279
354,hybrid,fixed,decaps,782058
355,hybrid,fixed,decaps,780958
356,hybrid,fixed,decaps,781111
357,hybrid,fixed,decaps,788381
358,hybrid,fixed,decaps,781967
359,hybrid,fixed,decaps,780732
360,hybrid,fixed,decaps,783097
361,hybrid,fixed,decaps,780940
362,hybrid,fixed,decaps,809147
363,hybrid,fixed,decaps,847512
364,hybrid,fixed,decaps,783147
365,hybrid,fixed,decaps,781288
366,hybrid,fixed,decaps,781038
367,hybrid,fixed,decaps,786621
368,hybrid,fixed,decaps,858714
369,hybrid,fixed,decaps,907804
370,hybrid,fixed,decaps,910937
371,hybrid,fixed,decaps,860935
372,hybrid,fixed,decaps,810538
373,hybrid,fixed,decaps,819337
374,hybrid,fixed,decaps,781483
375,hybrid,fixed,decaps,782217
376,hybrid,fixed,decaps,793690
377,hybrid,fixed,decaps,781713
378,hybrid,fixed,decaps,781153
379,hybrid,fixed,decaps,781365
380,hybrid,fixed,decaps,781022
381,hybrid,fixed,decaps,780573
382,hybrid,fixed,decaps,785491
383,hybrid,fixed,decaps,781007
384,hybrid,fixed,decaps,819712
385,hybrid,fixed,decaps,787022
386,hybrid,fixed,decaps,781278
387,hybrid,fixed,decaps,784464
388,hybrid,fixed,decaps,816357
389,hybrid,fixed,decaps,884829
390,hybrid,fixed,decaps,865162
391,hybrid,fixed,decaps,833536
392,hybrid,fixed,decaps,844896
393,hybrid,fixed,decaps,815912
394,hybrid,fixed,decaps,781389
395,hybrid,fixed,decaps,781460
396,hybrid,fixed,decaps,787165
397,hybrid,fixed,decaps,782534
398,hybrid,fixed,decaps,781610
399,hybrid,fixed,decaps,781824
400,hybrid,fixed,decaps,803904
401,hybrid,fixed,decaps,788121
402,hybrid,fixed,decaps,781891
403,hybrid,fixed,decaps,781197
404,hybrid,fixed,decaps,815029
405,hybrid,fixed,decaps,781570
406,hybrid,fixed,decaps,785487
407,hybrid,fixed,decaps,781875
408,hybrid,fixed,decaps,781252
409,hybrid,fixed,decaps,826747
410,hybrid,fixed,decaps,878287
411,hybrid,fixed,decaps,869383
412,hybrid,fixed,decaps,792272
413,hybrid,fixed,decaps,814970
414,hybrid,fixed,decaps,784072
415,hybrid,fixed,decaps,781550
416,hybrid,fixed,decaps,791987
417,hybrid,fixed,decaps,781845
418,hybrid,fixed,decaps,781205
419,hybrid,fixed,decaps,781287
420,hybrid,fixed,decaps,781687
421,hybrid,fixed,decaps,785084
422,hybrid,fixed,decaps,781935
423,hybrid,fixed,decaps,781970
424,hybrid,fixed,decaps,785080
425,hybrid,fixed,decaps,959632
426,hybrid,fixed,decaps,801919
427,hybrid,fixed,decaps,781780
428,hybrid,fixed,decaps,780688
429,hybrid,fixed,decaps,780779
430,hybrid,fixed,decaps,848573
431,hybrid,fixed,decaps,892201
432,hybrid,fixed,decaps,821865
433,hybrid,fixed,decaps,766816
434,hybrid,fixed,decaps,776267
435,hybrid,fixed,decaps,808219
436,hybrid,fixed,decaps,812735
437,hybrid,fixed,decaps,782176
438,hybrid,fixed,decaps,810978
439,hybrid,fixed,decaps,783045
440,hybrid,fixed,decaps,780889
441,hybrid,fixed,decaps,787466
442,hybrid,fixed,decaps,781586
443,hybrid,fixed,decaps,781103
444,hybrid,fixed,decaps,781257
445,hybrid,fixed,decaps,812810
446,hybrid,fixed,decaps,785689
447,hybrid,fixed,decaps,781381
448,hybrid,fixed,decaps,780978
449,hybrid,fixed,decaps,781485
450,hybrid,fixed,decaps,782245
451,hybrid,fixed,decaps,902836
452,hybrid,fixed,decaps,868416
453,hybrid,fixed,decaps,859912
454,hybrid,fixed,decaps,820746
455,hybrid,fixed,decaps,782307
456,hybrid,fixed,decaps,790281
457,hybrid,fixed,decaps,781932
458,hybrid,fixed,decaps,781167
459,hybrid,fixed,decaps,781230
460,hybrid,fixed,decaps,781002
461,hybrid,fixed,decaps,785682
462,hybrid,fixed,decaps,782222
463,hybrid,fixed,decaps,781779
464,hybrid,fixed,decaps,807023
465,hybrid,fixed,decaps,782977
466,hybrid,fixed,decaps,823246
467,hybrid,fixed,decaps,796086
468,hybrid,fixed,decaps,763535
469,hybrid,fixed,decaps,758484
470,hybrid,fixed,decaps,758425
471,hybrid,fixed,decaps,765958
472,hybrid,fixed,decaps,844452
473,hybrid,fixed,decaps,846647
474,hybrid,fixed,decaps,868889
475,hybrid,fixed,decaps,811069
476,hybrid,fixed,decaps,818187
477,hybrid,fixed,decaps,809891
478,hybrid,fixed,decaps,811308
479,hybrid,fixed,decaps,781437
480,hybrid,fixed,decaps,781341
481,hybrid,fixed,decaps,785542
482,hybrid,fixed,decaps,781849
483,hybrid,fixed,decaps,781155
484,hybrid,fixed,decaps,781419
485,hybrid,fixed,decaps,781408
486,hybrid,fixed,decaps,786333
487,hybrid,fixed,decaps,816576
488,hybrid,fixed,decaps,812635
489,hybrid,fixed,decaps,784976
490,hybrid,fixed,decaps,781555
491,hybrid,fixed,decaps,815493
492,hybrid,fixed,decaps,875721
493,hybrid,fixed,decaps,921407
494,hybrid,fixed,decaps,932155
495,hybrid,fixed,decaps,785783
496,hybrid,fixed,decaps,797751
497,hybrid,fixed,decaps,815573
498,hybrid,fixed,decaps,805262
499,hybrid,fixed,decaps,784728
500,hybrid,fixed,decaps,782004
501,hybrid,fixed,decaps,786069
502,hybrid,fixed,decaps,781731
503,hybrid,fixed,decaps,780776
504,hybrid,fixed,decaps,781003
505,hybrid,fixed,decaps,780801
506,hybrid,fixed,decaps,785748
507,hybrid,fixed,decaps,781993
508,hybrid,fixed,decaps,816437
509,hybrid,fixed,decaps,797146
510,hybrid,fixed,decaps,805196
511,hybrid,fixed,decaps,810875
512,hybrid,fixed,decaps,829084
513,hybrid,fixed,decaps,907807
514,hybrid,fixed,decaps,829756
515,hybrid,fixed,decaps,848559
516,hybrid,fixed,decaps,796406
517,hybrid,fixed,decaps,795769
518,hybrid,fixed,decaps,784029
519,hybrid,fixed,decaps,780877
520,hybrid,fixed,decaps,783864
521,hybrid,fixed,decaps,786750
522,hybrid,fixed,decaps,781864
523,hybrid,fixed,decaps,780582
524,hybrid,fixed,decaps,781369
525,hybrid,fixed,decaps,781454
526,hybrid,fixed,decaps,785409
527,hybrid,fixed,decaps,781160
528,hybrid,fixed,decaps,814777
529,hybrid,fixed,decaps,781108
530,hybrid,fixed,decaps,781123
531,hybrid,fixed,decaps,785092
532,hybrid,fixed,decaps,803717
533,hybrid,fixed,decaps,783403
534,hybrid,fixed,decaps,864309
535,hybrid,fixed,decaps,845073
536,hybrid,fixed,decaps,837341
537,hybrid,fixed,decaps,765256
538,hybrid,fixed,decaps,795508
539,hybrid,fixed,decaps,791467
540,hybrid,fixed,decaps,805833
541,hybrid,fixed,decaps,812459
542,hybrid,fixed,decaps,797778
543,hybrid,fixed,decaps,785695
544,hybrid,fixed,decaps,784198
545,hybrid,fixed,decaps,781194
546,hybrid,fixed,decaps,785894
547,hybrid,fixed,decaps,816588
548,hybrid,fixed,decaps,808358
549,hybrid,fixed,decaps,814711
550,hybrid,fixed,decaps,780679
551,hybrid,fixed,decaps,788084
552,hybrid,fixed,decaps,781047
553,hybrid,fixed,decaps,780853
554,hybrid,fixed,decaps,801219
555,hybrid,fixed,decaps,937955
556,hybrid,fixed,decaps,893618
557,hybrid,fixed,decaps,829804
558,hybrid,fixed,decaps,905861
559,hybrid,fixed,decaps,766932
560,hybrid,fixed,decaps,758740
561,hybrid,fixed,decaps,829078
562,hybrid,fixed,decaps,835721
563,hybrid,fixed,decaps,795769
564,hybrid,fixed,decaps,811932
565,hybrid,fixed,decaps,813943
566,hybrid,fixed,decaps,782219
567,hybrid,fixed,decaps,781112
568,hybrid,fixed,decaps,781048
569,hybrid,fixed,decaps,780988
570,hybrid,fixed,decaps,780952
571,hybrid,fixed,decaps,841320
572,hybrid,fixed,decaps,764286
573,hybrid,fixed,decaps,792085
574,hybrid,fixed,decaps,782305
575,hybrid,fixed,decaps,901754
576,hybrid,fixed,decaps,882095
577,hybrid,fixed,decaps,819386
578,hybrid,fixed,decaps,765306
579,hybrid,fixed,decaps,768688
580,hybrid,fixed,decaps,770079
581,hybrid,fixed,decaps,759412
582,hybrid,fixed,decaps,758353
583,hybrid,fixed,decaps,816342
584,hybrid,fixed,decaps,801436
585,hybrid,fixed,decaps,781022
586,hybrid,fixed,decaps,853626
587,hybrid,fixed,decaps,812823
588,hybrid,fixed,decaps,782930
589,hybrid,fixed,decaps,781846
590,hybrid,fixed,decaps,812861
591,hybrid,fixed,decaps,789859
592,hybrid,fixed,decaps,781916
593,hybrid,fixed,decaps,781662
594,hybrid,fixed,decaps,824901
595,hybrid,fixed,decaps,784574
596,hybrid,fixed,decaps,874157
597,hybrid,fixed,decaps,889222
598,hybrid,fixed,decaps,866524
599,hybrid,fixed,decaps,779413
600,hybrid,fixed,decaps,772297
601,hybrid,fixed,decaps,791656
602,hybrid,fixed,decaps,805427
603,hybrid,fixed,decaps,805621
604,hybrid,fixed,decaps,803878
605,hybrid,fixed,decaps,789502
606,hybrid,fixed,decaps,781626
607,hybrid,fixed,decaps,795188
608,hybrid,fixed,decaps,762668
609,hybrid,fixed,decaps,758736
610,hybrid,fixed,decaps,764250
611,hybrid,fixed,decaps,815673
612,hybrid,fixed,decaps,760252
613,hybrid,fixed,decaps,788467
614,hybrid,fixed,decaps,796437
615,hybrid,fixed,decaps,805336
616,hybrid,fixed,decaps,830648
617,hybrid,fixed,decaps,891176
618,hybrid,fixed,decaps,863242
619,hybrid,fixed,decaps,999459
620,hybrid,fixed,decaps,799229
621,hybrid,fixed,decaps,782573
622,hybrid,fixed,decaps,781285
623,hybrid,fixed,decaps,780975
624,hybrid,fixed,decaps,781368
625,hybrid,fixed,decaps,788394
626,hybrid,fixed,decaps,781446
627,hybrid,fixed,decaps,781212
628,hybrid,fixed,decaps,780955
629,hybrid,fixed,decaps,781006
630,hybrid,fixed,decaps,787361
631,hybrid,fixed,decaps,815350
632,hybrid,fixed,decaps,781366
633,hybrid,fixed,decaps,780966
634,hybrid,fixed,decaps,781421
635,hybrid,fixed,decaps,788619
636,hybrid,fixed,decaps,809872
637,hybrid,fixed,decaps,1095559
638,hybrid,fixed,decaps,953001
639,hybrid,fixed,decaps,1057467
640,hybrid,fixed,decaps,765052
641,hybrid,fixed,decaps,774207
642,hybrid,fixed,decaps,806432
643,hybrid,fixed,decaps,801059
644,hybrid,fixed,decaps,789691
645,hybrid,fixed,decaps,782421
646,hybrid,fixed,decaps,781160
647,hybrid,fixed,decaps,781022
648,hybrid,fixed,decaps,780786
649,hybrid,fixed,decaps,781023
650,hybrid,fixed,decaps,787770
651,hybrid,fixed,decaps,781137
652,hybrid,fixed,decaps,853116
653,hybrid,fixed,decaps,806364
654,hybrid,fixed,decaps,794037
655,hybrid,fixed,decaps,770677
656,hybrid,fixed,decaps,758624
657,hybrid,fixed,decaps,988986
658,hybrid,fixed,decaps,845984
659,hybrid,fixed,decaps,864777
660,hybrid,fixed,decaps,950978
661,hybrid,fixed,decaps,852845
662,hybrid,fixed,decaps,837263
663,hybrid,fixed,decaps,820143
664,hybrid,fixed,decaps,812215
665,hybrid,fixed,decaps,782596
666,hybrid,fixed,decaps,780984
667,hybrid,fixed,decaps,781109
668,hybrid,fixed,decaps,781237
669,hybrid,fixed,decaps,800893
670,hybrid,fixed,decaps,782124
671,hybrid,fixed,decaps,808993
672,hybrid,fixed,decaps,857431
673,hybrid,fixed,decaps,757693
674,hybrid,fixed,decaps,766682
675,hybrid,fixed,decaps,790993
676,hybrid,fixed,decaps,780780
677,hybrid,fixed,decaps,955277
678,hybrid,fixed,decaps,956771
679,hybrid,fixed,decaps,883012
680,hybrid,fixed,decaps,963861
681,hybrid,fixed,decaps,762961
682,hybrid,fixed,decaps,759236
683,hybrid,fixed,decaps,767688
684,hybrid,fixed,decaps,759523
685,hybrid,fixed,decaps,758484
686,hybrid,fixed,decaps,920131
687,hybrid,fixed,decaps,951094
688,hybrid,fixed,decaps,800107
689,hybrid,fixed,decaps,811399
690,hybrid,fixed,decaps,814407
691,hybrid,fixed,decaps,780697
692,hybrid,fixed,decaps,780680
693,hybrid,fixed,decaps,789264
694,hybrid,fixed,decaps,781476
695,hybrid,fixed,decaps,780432
696,hybrid,fixed,decaps,780358
697,hybrid,fixed,decaps,921312
698,hybrid,fixed,decaps,1034650
699,hybrid,fixed,decaps,999686
700,hybrid,fixed,decaps,805338
701,hybrid,fixed,decaps,796051
702,hybrid,fixed,decaps,761381
703,hybrid,fixed,decaps,769715
704,hybrid,fixed,decaps,758937
705,hybrid,fixed,decaps,808233
706,hybrid,fixed,decaps,805389
707,hybrid,fixed,decaps,811493
708,hybrid,fixed,decaps,787804
709,hybrid,fixed,decaps,781882
710,hybrid,fixed,decaps,780950
711,hybrid,fixed,decaps,811771
712,hybrid,fixed,decaps,814582
713,hybrid,fixed,decaps,790096
714,hybrid,fixed,decaps,781432
715,hybrid,fixed,decaps,780636
716,hybrid,fixed,decaps,780919
717,hybrid,fixed,decaps,780707
718,hybrid,fixed,decaps,1146179
719,hybrid,fixed,decaps,942296
720,hybrid,fixed,decaps,1000771
721,hybrid,fixed,decaps,819584
722,hybrid,fixed,decaps,796172
723,hybrid,fixed,decaps,781931
724,hybrid,fixed,decaps,787411
725,hybrid,fixed,decaps,812552
726,hybrid,fixed,decaps,782488
727,hybrid,fixed,decaps,789227
728,hybrid,fixed,decaps,781125
729,hybrid,fixed,decaps,788603
730,hybrid,fixed,decaps,763086
731,hybrid,fixed,decaps,758622
732,hybrid,fixed,decaps,766138
733,hybrid,fixed,decaps,792788
734,hybrid,fixed,decaps,780128
735,hybrid,fixed,decaps,805649
736,hybrid,fixed,decaps,837682
737,hybrid,fixed,decaps,812356
738,hybrid,fixed,decaps,1090322
739,hybrid,fixed,decaps,959026
740,hybrid,fixed,decaps,1015593
741,hybrid,fixed,decaps,834597
742,hybrid,fixed,decaps,783442
743,hybrid,fixed,decaps,781045
744,hybrid,fixed,decaps,780599
745,hybrid,fixed,decaps,780225
746,hybrid,fixed,decaps,792137
747,hybrid,fixed,decaps,781479
748,hybrid,fixed,decaps,780735
749,hybrid,fixed,decaps,780443
750,hybrid,fixed,decaps,780565
751,hybrid,fixed,decaps,788379
752,hybrid,fixed,decaps,820656
753,hybrid,fixed,decaps,781307
754,hybrid,fixed,decaps,779496
755,hybrid,fixed,decaps,789410
756,hybrid,fixed,decaps,780916
757,hybrid,fixed,decaps,781727
758,hybrid,fixed,decaps,1056011
759,hybrid,fixed,decaps,959796
760,hybrid,fixed,decaps,949930
761,hybrid,fixed,decaps,877847
762,hybrid,fixed,decaps,794529
763,hybrid,fixed,decaps,760629
764,hybrid,fixed,decaps,792911
765,hybrid,fixed,decaps,813468
766,hybrid,fixed,decaps,789590
767,hybrid,fixed,decaps,781320
768,hybrid,fixed,decaps,780558
769,hybrid,fixed,decaps,781081
770,hybrid,fixed,decaps,780116
771,hybrid,fixed,decaps,788565
772,hybrid,fixed,decaps,781722
773,hybrid,fixed,decaps,814338
774,hybrid,fixed,decaps,780583
775,hybrid,fixed,decaps,780202
776,hybrid,fixed,decaps,789115
777,hybrid,fixed,decaps,781889
778,hybrid,fixed,decaps,916803
779,hybrid,fixed,decaps,1026428
780,hybrid,fixed,decaps,961893
781,hybrid,fixed,decaps,933848
782,hybrid,fixed,decaps,797493
783,hybrid,fixed,decaps,761583
784,hybrid,fixed,decaps,758109
785,hybrid,fixed,decaps,802144
786,hybrid,fixed,decaps,781912
787,hybrid,fixed,decaps,798431
788,hybrid,fixed,decaps,817670
789,hybrid,fixed,decaps,781038
790,hybrid,fixed,decaps,789177
791,hybrid,fixed,decaps,781576
792,hybrid,fixed,decaps,780888
793,hybrid,fixed,decaps,780742
794,hybrid,fixed,decaps,814389
795,hybrid,fixed,decaps,788115
796,hybrid,fixed,decaps,802469
797,hybrid,fixed,decaps,782138
798,hybrid,fixed,decaps,821316
799,hybrid,fixed,decaps,1108351
800,hybrid,fixed,decaps,928979
801,hybrid,fixed,decaps,977109
802,hybrid,fixed,decaps,791361
803,hybrid,fixed,decaps,791439
804,hybrid,fixed,decaps,781346
805,hybrid,fixed,decaps,793136
806,hybrid,fixed,decaps,781508
807,hybrid,fixed,decaps,780535
808,hybrid,fixed,decaps,780576
809,hybrid,fixed,decaps,780585
810,hybrid,fixed,decaps,790359
811,hybrid,fixed,decaps,781348
812,hybrid,fixed,decaps,780577
813,hybrid,fixed,decaps,828347
814,hybrid,fixed,decaps,780753
815,hybrid,fixed,decaps,787670
816,hybrid,fixed,decaps,806129
817,hybrid,fixed,decaps,834055
818,hybrid,fixed,decaps,1026559
819,hybrid,fixed,decaps,1101862
820,hybrid,fixed,decaps,946802
821,hybrid,fixed,decaps,948468
822,hybrid,fixed,decaps,843213
823,hybrid,fixed,decaps,808921
824,hybrid,fixed,decaps,837957
825,hybrid,fixed,decaps,781674
826,hybrid,fixed,decaps,781199
827,hybrid,fixed,decaps,780803
828,hybrid,fixed,decaps,780756
829,hybrid,fixed,decaps,789995
830,hybrid,fixed,decaps,781306
831,hybrid,fixed,decaps,780917
832,hybrid,fixed,decaps,780614
833,hybrid,fixed,decaps,812118
834,hybrid,fixed,decaps,822440
835,hybrid,fixed,decaps,783154
836,hybrid,fixed,decaps,780644
837,hybrid,fixed,decaps,780451
838,hybrid,fixed,decaps,810772
839,hybrid,fixed,decaps,1096470
840,hybrid,fixed,decaps,957426
841,hybrid,fixed,decaps,1003037
842,hybrid,fixed,decaps,796383
843,hybrid,fixed,decaps,772521
844,hybrid,fixed,decaps,758994
845,hybrid,fixed,decaps,803712
846,hybrid,fixed,decaps,810117
847,hybrid,fixed,decaps,780355
848,hybrid,fixed,decaps,790007
849,hybrid,fixed,decaps,781516
850,hybrid,fixed,decaps,806914
851,hybrid,fixed,decaps,811298
852,hybrid,fixed,decaps,785776
853,hybrid,fixed,decaps,777846
854,hybrid,fixed,decaps,830327
855,hybrid,fixed,decaps,780557
856,hybrid,fixed,decaps,825543
857,hybrid,fixed,decaps,783601
858,hybrid,fixed,decaps,788879
859,hybrid,fixed,decaps,1070414
860,hybrid,fixed,decaps,974773
861,hybrid,fixed,decaps,977369
862,hybrid,fixed,decaps,878811
863,hybrid,fixed,decaps,766923
864,hybrid,fixed,decaps,759060
865,hybrid,fixed,decaps,757759
866,hybrid,fixed,decaps,818946
867,hybrid,fixed,decaps,811177
868,hybrid,fixed,decaps,782361
869,hybrid,fixed,decaps,781462
870,hybrid,fixed,decaps,781245
871,hybrid,fixed,decaps,781278
872,hybrid,fixed,decaps,788946
873,hybrid,fixed,decaps,815458
874,hybrid,fixed,decaps,781399
875,hybrid,fixed,decaps,781306
876,hybrid,fixed,decaps,781146
877,hybrid,fixed,decaps,790626
878,hybrid,fixed,decaps,787247
879,hybrid,fixed,decaps,1048887
880,hybrid,fixed,decaps,953738
881,hybrid,fixed,decaps,1110136
882,hybrid,fixed,decaps,790672
883,hybrid,fixed,decaps,783438
884,hybrid,fixed,decaps,780468
885,hybrid,fixed,decaps,780472
886,hybrid,fixed,decaps,803507
887,hybrid,fixed,decaps,822383
888,hybrid,fixed,decaps,781702
889,hybrid,fixed,decaps,780917
890,hybrid,fixed,decaps,780865
891,hybrid,fixed,decaps,780871
892,hybrid,fixed,decaps,806867
893,hybrid,fixed,decaps,805817
894,hybrid,fixed,decaps,835725
895,hybrid,fixed,decaps,781537
896,hybrid,fixed,decaps,780708
897,hybrid,fixed,decaps,787205
898,hybrid,fixed,decaps,780666
899,hybrid,fixed,decaps,975125
900,hybrid,fixed,decaps,879845
901,hybrid,fixed,decaps,943988
902,hybrid,fixed,decaps,846468
903,hybrid,fixed,decaps,795530
904,hybrid,fixed,decaps,814302
905,hybrid,fixed,decaps,780822
906,hybrid,fixed,decaps,791365
907,hybrid,fixed,decaps,781831
908,hybrid,fixed,decaps,781072
909,hybrid,fixed,decaps,781209
910,hybrid,fixed,decaps,780684
911,hybrid,fixed,decaps,787843
912,hybrid,fixed,decaps,781748
913,hybrid,fixed,decaps,798490
914,hybrid,fixed,decaps,762906
915,hybrid,fixed,decaps,792126
916,hybrid,fixed,decaps,764830
917,hybrid,fixed,decaps,758157
918,hybrid,fixed,decaps,757612
919,hybrid,fixed,decaps,757817
920,hybrid,fixed,decaps,1072533
921,hybrid,fixed,decaps,946998
922,hybrid,fixed,decaps,1007751
923,hybrid,fixed,decaps,787450
924,hybrid,fixed,decaps,781200
925,hybrid,fixed,decaps,780676
926,hybrid,fixed,decaps,791868
927,hybrid,fixed,decaps,781563
928,hybrid,fixed,decaps,805766
929,hybrid,fixed,decaps,783197
930,hybrid,fixed,decaps,781016
931,hybrid,fixed,decaps,787250
932,hybrid,fixed,decaps,781184
933,hybrid,fixed,decaps,780904
934,hybrid,fixed,decaps,814450
935,hybrid,fixed,decaps,780909
936,hybrid,fixed,decaps,786238
937,hybrid,fixed,decaps,781122
938,hybrid,fixed,decaps,792035
939,hybrid,fixed,decaps,763180
940,hybrid,fixed,decaps,976214
941,hybrid,fixed,decaps,870571
942,hybrid,fixed,decaps,872006
943,hybrid,fixed,decaps,860771
944,hybrid,fixed,decaps,808643
945,hybrid,fixed,decaps,820887
946,hybrid,fixed,decaps,807019
947,hybrid,fixed,decaps,805633
948,hybrid,fixed,decaps,888869
949,hybrid,fixed,decaps,836020
950,hybrid,fixed,decaps,802819
951,hybrid,fixed,decaps,782079
952,hybrid,fixed,decaps,781179
953,hybrid,fixed,decaps,781126
954,hybrid,fixed,decaps,780748
955,hybrid,fixed,decaps,788781
956,hybrid,fixed,decaps,781328
957,hybrid,fixed,decaps,781554
958,hybrid,fixed,decaps,781084
959,hybrid,fixed,decaps,780766
960,hybrid,fixed,decaps,956910
961,hybrid,fixed,decaps,939208
962,hybrid,fixed,decaps,852963
963,hybrid,fixed,decaps,972147
964,hybrid,fixed,decaps,789417
965,hybrid,fixed,decaps,793910
966,hybrid,fixed,decaps,782024
967,hybrid,fixed,decaps,812528
968,hybrid,fixed,decaps,807296
969,hybrid,fixed,decaps,781079
970,hybrid,fixed,decaps,841770
971,hybrid,fixed,decaps,784634
972,hybrid,fixed,decaps,782661
973,hybrid,fixed,decaps,786406
974,hybrid,fixed,decaps,780943
975,hybrid,fixed,decaps,788668
976,hybrid,fixed,decaps,814670
977,hybrid,fixed,decaps,780760
978,hybrid,fixed,decaps,780306
979,hybrid,fixed,decaps,780544
980,hybrid,fixed,decaps,804069
981,hybrid,fixed,decaps,1016746
982,hybrid,fixed,decaps,864697
983,hybrid,fixed,decaps,965158
984,hybrid,fixed,decaps,851763
985,hybrid,fixed,decaps,809068
986,hybrid,fixed,decaps,801921
987,hybrid,fixed,decaps,817683
988,hybrid,fixed,decaps,781549
989,hybrid,fixed,decaps,859211
990,hybrid,fixed,decaps,784309
991,hybrid,fixed,decaps,781440
992,hybrid,fixed,decaps,780994
993,hybrid,fixed,decaps,780844
994,hybrid,fixed,decaps,787433
995,hybrid,fixed,decaps,814576
996,hybrid,fixed,decaps,780731
997,hybrid,fixed,decaps,780402
998,hybrid,fixed,decaps,780833
999,hybrid,fixed,decaps,787820
1000,hybrid,fixed,decaps,781344
1001,hybrid,fixed,decaps,1039991
1002,hybrid,fixed,decaps,865571
1003,hybrid,fixed,decaps,917922
1004,hybrid,fixed,decaps,924156
1005,hybrid,fixed,decaps,785086
1006,hybrid,fixed,decaps,781776
1007,hybrid,fixed,decaps,781109
1008,hybrid,fixed,decaps,781099
1009,hybrid,fixed,decaps,789177
1010,hybrid,fixed,decaps,781033
1011,hybrid,fixed,decaps,780714
1012,hybrid,fixed,decaps,788759
1013,hybrid,fixed,decaps,763034
1014,hybrid,fixed,decaps,764473
1015,hybrid,fixed,decaps,758946
1016,hybrid,fixed,decaps,792490
1017,hybrid,fixed,decaps,757734
1018,hybrid,fixed,decaps,757674
1019,hybrid,fixed,decaps,832477
1020,hybrid,fixed,decaps,806848
1021,hybrid,fixed,decaps,920490
1022,hybrid,fixed,decaps,1025889
1023,hybrid,fixed,decaps,1012237
1024,hybrid,fixed,decaps,822845
1025,hybrid,fixed,decaps,932847
1026,hybrid,fixed,decaps,785714
1027,hybrid,fixed,decaps,781302
1028,hybrid,fixed,decaps,881822
1029,hybrid,fixed,decaps,804231
1030,hybrid,fixed,decaps,781525
1031,hybrid,fixed,decaps,780852
1032,hybrid,fixed,decaps,812691
1033,hybrid,fixed,decaps,1013596
1034,hybrid,fixed,decaps,790881
1035,hybrid,fixed,decaps,908684
1036,hybrid,fixed,decaps,995584
1037,hybrid,fixed,decaps,808194
1038,hybrid,fixed,decaps,782886
1039,hybrid,fixed,decaps,781600
1040,hybrid,fixed,decaps,789721
1041,hybrid,fixed,decaps,1130000
1042,hybrid,fixed,decaps,853997
1043,hybrid,fixed,decaps,977233
1044,hybrid,fixed,decaps,936200
1045,hybrid,fixed,decaps,786754
1046,hybrid,fixed,decaps,781548
1047,hybrid,fixed,decaps,810316
1048,hybrid,fixed,decaps,806053
1049,hybrid,fixed,decaps,797042
1050,hybrid,fixed,decaps,780619
1051,hybrid,fixed,decaps,780587
1052,hybrid,fixed,decaps,788048
1053,hybrid,fixed,decaps,781309
1054,hybrid,fixed,decaps,780606
1055,hybrid,fixed,decaps,780747
1056,hybrid,fixed,decaps,812142
1057,hybrid,fixed,decaps,787569
1058,hybrid,fixed,decaps,801385
1059,hybrid,fixed,decaps,781508
1060,hybrid,fixed,decaps,780097
1061,hybrid,fixed,decaps,1126230
1062,hybrid,fixed,decaps,883176
1063,hybrid,fixed,decaps,997023
1064,hybrid,fixed,decaps,827087
1065,hybrid,fixed,decaps,795960
1066,hybrid,fixed,decaps,800499
1067,hybrid,fixed,decaps,783295
1068,hybrid,fixed,decaps,781102
1069,hybrid,fixed,decaps,780264
1070,hybrid,fixed,decaps,780673
1071,hybrid,fixed,decaps,788126
1072,hybrid,fixed,decaps,781000
1073,hybrid,fixed,decaps,780462
1074,hybrid,fixed,decaps,817322
1075,hybrid,fixed,decaps,808578
1076,hybrid,fixed,decaps,802864
1077,hybrid,fixed,decaps,832373
1078,hybrid,fixed,decaps,786802
1079,hybrid,fixed,decaps,781507
1080,hybrid,fixed,decaps,871510
1081,hybrid,fixed,decaps,1129965
1082,hybrid,fixed,decaps,906008
1083,hybrid,fixed,decaps,877328
1084,hybrid,fixed,decaps,981481
1085,hybrid,fixed,decaps,800670
1086,hybrid,fixed,decaps,782613
1087,hybrid,fixed,decaps,781468
1088,hybrid,fixed,decaps,780860
1089,hybrid,fixed,decaps,780475
1090,hybrid,fixed,decaps,788713
1091,hybrid,fixed,decaps,781354
1092,hybrid,fixed,decaps,780758
1093,hybrid,fixed,decaps,780593
1094,hybrid,fixed,decaps,780795
1095,hybrid,fixed,decaps,789403
1096,hybrid,fixed,decaps,815553
1097,hybrid,fixed,decaps,780972
1098,hybrid,fixed,decaps,781258
1099,hybrid,fixed,decaps,812499
1100,hybrid,fixed,decaps,791663
1101,hybrid,fixed,decaps,1039910
1102,hybrid,fixed,decaps,884963
1103,hybrid,fixed,decaps,997210
1104,hybrid,fixed,decaps,860940
1105,hybrid,fixed,decaps,829297
1106,hybrid,fixed,decaps,782354
1107,hybrid,fixed,decaps,781038
1108,hybrid,fixed,decaps,781436
1109,hybrid,fixed,decaps,781251
1110,hybrid,fixed,decaps,789908
1111,hybrid,fixed,decaps,781311
1112,hybrid,fixed,decaps,779675
1113,hybrid,fixed,decaps,788608
1114,hybrid,fixed,decaps,781099
1115,hybrid,fixed,decaps,820922
1116,hybrid,fixed,decaps,781150
1117,hybrid,fixed,decaps,780655
1118,hybrid,fixed,decaps,795578
1119,hybrid,fixed,decaps,814807
1120,hybrid,fixed,decaps,790241
1121,hybrid,fixed,decaps,941709
1122,hybrid,fixed,decaps,966943
1123,hybrid,fixed,decaps,928306
1124,hybrid,fixed,decaps,997060
1125,hybrid,fixed,decaps,801468
1126,hybrid,fixed,decaps,781482
1127,hybrid,fixed,decaps,781212
1128,hybrid,fixed,decaps,780943
1129,hybrid,fixed,decaps,788524
1130,hybrid,fixed,decaps,781775
1131,hybrid,fixed,decaps,781239
1132,hybrid,fixed,decaps,781318
1133,hybrid,fixed,decaps,780946
1134,hybrid,fixed,decaps,804919
1135,hybrid,fixed,decaps,789957
1136,hybrid,fixed,decaps,822148
1137,hybrid,fixed,decaps,780191
1138,hybrid,fixed,decaps,780379
1139,hybrid,fixed,decaps,788598
1140,hybrid,fixed,decaps,781274
1141,hybrid,fixed,decaps,844377
1142,hybrid,fixed,decaps,1020756
1143,hybrid,fixed,decaps,869368
1144,hybrid,fixed,decaps,1059376
1145,hybrid,fixed,decaps,910403
1146,hybrid,fixed,decaps,894828
1147,hybrid,fixed,decaps,834022
1148,hybrid,fixed,decaps,804330
1149,hybrid,fixed,decaps,781599
1150,hybrid,fixed,decaps,780847
1151,hybrid,fixed,decaps,796671
1152,hybrid,fixed,decaps,757758
1153,hybrid,fixed,decaps,768693
1154,hybrid,fixed,decaps,796319
1155,hybrid,fixed,decaps,850189
1156,hybrid,fixed,decaps,781114
1157,hybrid,fixed,decaps,781222
1158,hybrid,fixed,decaps,787803
1159,hybrid,fixed,decaps,781610
1160,hybrid,fixed,decaps,780893
1161,hybrid,fixed,decaps,865281
1162,hybrid,fixed,decaps,1027757
1163,hybrid,fixed,decaps,848847
1164,hybrid,fixed,decaps,958823
1165,hybrid,fixed,decaps,823501
1166,hybrid,fixed,decaps,802704
1167,hybrid,fixed,decaps,780698
1168,hybrid,fixed,decaps,793399
1169,hybrid,fixed,decaps,781145
1170,hybrid,fixed,decaps,780318
1171,hybrid,fixed,decaps,780452
1172,hybrid,fixed,decaps,803326
1173,hybrid,fixed,decaps,788270
1174,hybrid,fixed,decaps,780864
1175,hybrid,fixed,decaps,780504
1176,hybrid,fixed,decaps,811955
1177,hybrid,fixed,decaps,780120
1178,hybrid,fixed,decaps,784214
1179,hybrid,fixed,decaps,780404
1180,hybrid,fixed,decaps,780379
1181,hybrid,fixed,decaps,780190
1182,hybrid,fixed,decaps,840806
1183,hybrid,fixed,decaps,876234
1184,hybrid,fixed,decaps,819056
1185,hybrid,fixed,decaps,849767
1186,hybrid,fixed,decaps,782606
1187,hybrid,fixed,decaps,789951
1188,hybrid,fixed,decaps,827062
1189,hybrid,fixed,decaps,781332
1190,hybrid,fixed,decaps,780974
1191,hybrid,fixed,decaps,781322
1192,hybrid,fixed,decaps,780881
1193,hybrid,fixed,decaps,789104
1194,hybrid,fixed,decaps,781576
1195,hybrid,fixed,decaps,781251
1196,hybrid,fixed,decaps,781350
1197,hybrid,fixed,decaps,839860
1198,hybrid,fixed,decaps,794062
1199,hybrid,fixed,decaps,782332
1200,hybrid,fixed,decaps,780937
1201,hybrid,fixed,decaps,781284
1202,hybrid,fixed,decaps,781092
1203,hybrid,fixed,decaps,868242
1204,hybrid,fixed,decaps,970481
1205,hybrid,fixed,decaps,835207
1206,hybrid,fixed,decaps,765372
1207,hybrid,fixed,decaps,764048
1208,hybrid,fixed,decaps,796806
1209,hybrid,fixed,decaps,806065
1210,hybrid,fixed,decaps,825770
1211,hybrid,fixed,decaps,851486
1212,hybrid,fixed,decaps,828932
1213,hybrid,fixed,decaps,766724
1214,hybrid,fixed,decaps,758767
1215,hybrid,fixed,decaps,758136
1216,hybrid,fixed,decaps,757959
1217,hybrid,fixed,decaps,791978
1218,hybrid,fixed,decaps,827649
1219,hybrid,fixed,decaps,781660
1220,hybrid,fixed,decaps,781159
1221,hybrid,fixed,decaps,782483
1222,hybrid,fixed,decaps,805458
1223,hybrid,fixed,decaps,795804
1224,hybrid,fixed,decaps,863821
1225,hybrid,fixed,decaps,831700
1226,hybrid,fixed,decaps,795963
1227,hybrid,fixed,decaps,782299
1228,hybrid,fixed,decaps,813266
1229,hybrid,fixed,decaps,806250
1230,hybrid,fixed,decaps,793384
1231,hybrid,fixed,decaps,781562
1232,hybrid,fixed,decaps,781218
1233,hybrid,fixed,decaps,804489
1234,hybrid,fixed,decaps,763377
1235,hybrid,fixed,decaps,792444
1236,hybrid,fixed,decaps,780940
1237,hybrid,fixed,decaps,780628
1238,hybrid,fixed,decaps,822285
1239,hybrid,fixed,decaps,781720
1240,hybrid,fixed,decaps,780723
1241,hybrid,fixed,decaps,780739
1242,hybrid,fixed,decaps,780768
1243,hybrid,fixed,decaps,788644
1244,hybrid,fixed,decaps,794022
1245,hybrid,fixed,decaps,890687
1246,hybrid,fixed,decaps,915142
1247,hybrid,fixed,decaps,829957
1248,hybrid,fixed,decaps,804781
1249,hybrid,fixed,decaps,760861
1250,hybrid,fixed,decaps,758374
1251,hybrid,fixed,decaps,807109
1252,hybrid,fixed,decaps,815316
1253,hybrid,fixed,decaps,782884
1254,hybrid,fixed,decaps,780980
1255,hybrid,fixed,decaps,806520
1256,hybrid,fixed,decaps,781564
1257,hybrid,fixed,decaps,780310
1258,hybrid,fixed,decaps,785431
1259,hybrid,fixed,decaps,780525
1260,hybrid,fixed,decaps,814693
1261,hybrid,fixed,decaps,780820
1262,hybrid,fixed,decaps,780935
1263,hybrid,fixed,decaps,785084
1264,hybrid,fixed,decaps,781199
1265,hybrid,fixed,decaps,826602
1266,hybrid,fixed,decaps,865572
1267,hybrid,fixed,decaps,870905
1268,hybrid,fixed,decaps,772001
1269,hybrid,fixed,decaps,761526
1270,hybrid,fixed,decaps,761089
1271,hybrid,fixed,decaps,758852
1272,hybrid,fixed,decaps,812609
1273,hybrid,fixed,decaps,822249
1274,hybrid,fixed,decaps,781147
1275,hybrid,fixed,decaps,780541
1276,hybrid,fixed,decaps,781415
1277,hybrid,fixed,decaps,781073
1278,hybrid,fixed,decaps,784927
1279,hybrid,fixed,decaps,780705
1280,hybrid,fixed,decaps,780775
1281,hybrid,fixed,decaps,859827
1282,hybrid,fixed,decaps,813407
1283,hybrid,fixed,decaps,784588
1284,hybrid,fixed,decaps,780992
1285,hybrid,fixed,decaps,787739
1286,hybrid,fixed,decaps,814260
1287,hybrid,fixed,decaps,877953
1288,hybrid,fixed,decaps,875844
1289,hybrid,fixed,decaps,856107
1290,hybrid,fixed,decaps,783836
1291,hybrid,fixed,decaps,783528
1292,hybrid,fixed,decaps,802502
1293,hybrid,fixed,decaps,803670
1294,hybrid,fixed,decaps,817819
1295,hybrid,fixed,decaps,781589
1296,hybrid,fixed,decaps,780835
1297,hybrid,fixed,decaps,790150
1298,hybrid,fixed,decaps,760228
1299,hybrid,fixed,decaps,758138
1300,hybrid,fixed,decaps,758419
1301,hybrid,fixed,decaps,789130
1302,hybrid,fixed,decaps,797949
1303,hybrid,fixed,decaps,810005
1304,hybrid,fixed,decaps,805639
1305,hybrid,fixed,decaps,805389
1306,hybrid,fixed,decaps,823890
1307,hybrid,fixed,decaps,1119702
1308,hybrid,fixed,decaps,892137
1309,hybrid,fixed,decaps,961432
1310,hybrid,fixed,decaps,785860
1311,hybrid,fixed,decaps,781790
1312,hybrid,fixed,decaps,793985
1313,hybrid,fixed,decaps,781363
1314,hybrid,fixed,decaps,806536
1315,hybrid,fixed,decaps,782229
1316,hybrid,fixed,decaps,781214
1317,hybrid,fixed,decaps,791362
1318,hybrid,fixed,decaps,781286
1319,hybrid,fixed,decaps,780760
1320,hybrid,fixed,decaps,780724
1321,hybrid,fixed,decaps,800032
1322,hybrid,fixed,decaps,790295
1323,hybrid,fixed,decaps,781451
1324,hybrid,fixed,decaps,780913
1325,hybrid,fixed,decaps,781387
1326,hybrid,fixed,decaps,781081
1327,hybrid,fixed,decaps,1012587
1328,hybrid,fixed,decaps,877940
1329,hybrid,fixed,decaps,973362
1330,hybrid,fixed,decaps,822210
1331,hybrid,fixed,decaps,760863
1332,hybrid,fixed,decaps,832938
1333,hybrid,fixed,decaps,820575
1334,hybrid,fixed,decaps,781068
1335,hybrid,fixed,decaps,780678
1336,hybrid,fixed,decaps,780908
1337,hybrid,fixed,decaps,809762
1338,hybrid,fixed,decaps,805747
1339,hybrid,fixed,decaps,794315
1340,hybrid,fixed,decaps,781313
1341,hybrid,fixed,decaps,788201
1342,hybrid,fixed,decaps,906220
1343,hybrid,fixed,decaps,912169
1344,hybrid,fixed,decaps,762783
1345,hybrid,fixed,decaps,794281
1346,hybrid,fixed,decaps,811678
1347,hybrid,fixed,decaps,1010042
1348,hybrid,fixed,decaps,894014
1349,hybrid,fixed,decaps,921759
1350,hybrid,fixed,decaps,887955
1351,hybrid,fixed,decaps,849349
1352,hybrid,fixed,decaps,784965
1353,hybrid,fixed,decaps,781457
1354,hybrid,fixed,decaps,786557
1355,hybrid,fixed,decaps,763413
1356,hybrid,fixed,decaps,765787
1357,hybrid,fixed,decaps,786908
1358,hybrid,fixed,decaps,760039
1359,hybrid,fixed,decaps,792671
1360,hybrid,fixed,decaps,813364
1361,hybrid,fixed,decaps,788591
1362,hybrid,fixed,decaps,819525
1363,hybrid,fixed,decaps,788947
1364,hybrid,fixed,decaps,763943
1365,hybrid,fixed,decaps,758096
1366,hybrid,fixed,decaps,764973
1367,hybrid,fixed,decaps,835235
1368,hybrid,fixed,decaps,994786
1369,hybrid,fixed,decaps,902851
1370,hybrid,fixed,decaps,980711
1371,hybrid,fixed,decaps,791183
1372,hybrid,fixed,decaps,798377
1373,hybrid,fixed,decaps,805540
1374,hybrid,fixed,decaps,794181
1375,hybrid,fixed,decaps,835451
1376,hybrid,fixed,decaps,783035
1377,hybrid,fixed,decaps,797925
1378,hybrid,fixed,decaps,805454
1379,hybrid,fixed,decaps,795571
1380,hybrid,fixed,decaps,791597
1381,hybrid,fixed,decaps,830977
1382,hybrid,fixed,decaps,851681
1383,hybrid,fixed,decaps,781208
1384,hybrid,fixed,decaps,781282
1385,hybrid,fixed,decaps,787946
1386,hybrid,fixed,decaps,781898
1387,hybrid,fixed,decaps,780777
1388,hybrid,fixed,decaps,860142
1389,hybrid,fixed,decaps,843777
1390,hybrid,fixed,decaps,880476
1391,hybrid,fixed,decaps,850984
1392,hybrid,fixed,decaps,806722
1393,hybrid,fixed,decaps,801892
1394,hybrid,fixed,decaps,805906
1395,hybrid,fixed,decaps,804235
1396,hybrid,fixed,decaps,781899
1397,hybrid,fixed,decaps,787338
1398,hybrid,fixed,decaps,780332
1399,hybrid,fixed,decaps,781166
1400,hybrid,fixed,decaps,785135
1401,hybrid,fixed,decaps,781089
1402,hybrid,fixed,decaps,808199
1403,hybrid,fixed,decaps,852343
1404,hybrid,fixed,decaps,780775
1405,hybrid,fixed,decaps,784794
1406,hybrid,fixed,decaps,817242
1407,hybrid,fixed,decaps,759486
1408,hybrid,fixed,decaps,765861
1409,hybrid,fixed,decaps,941298
1410,hybrid,fixed,decaps,905776
1411,hybrid,fixed,decaps,818760
1412,hybrid,fixed,decaps,837550
1413,hybrid,fixed,decaps,808386
1414,hybrid,fixed,decaps,812845
1415,hybrid,fixed,decaps,791367
1416,hybrid,fixed,decaps,781682
1417,hybrid,fixed,decaps,781774
1418,hybrid,fixed,decaps,786693
1419,hybrid,fixed,decaps,782803
1420,hybrid,fixed,decaps,786560
1421,hybrid,fixed,decaps,781159
1422,hybrid,fixed,decaps,780443
1423,hybrid,fixed,decaps,814527
1424,hybrid,fixed,decaps,787075
1425,hybrid,fixed,decaps,841046
1426,hybrid,fixed,decaps,783001
1427,hybrid,fixed,decaps,781013
1428,hybrid,fixed,decaps,781229
1429,hybrid,fixed,decaps,827830
1430,hybrid,fixed,decaps,912082
1431,hybrid,fixed,decaps,942313
1432,hybrid,fixed,decaps,984881
1433,hybrid,fixed,decaps,906813
1434,hybrid,fixed,decaps,844928
1435,hybrid,fixed,decaps,759143
1436,hybrid,fixed,decaps,757875
1437,hybrid,fixed,decaps,771386
1438,hybrid,fixed,decaps,804859
1439,hybrid,fixed,decaps,812539
1440,hybrid,fixed,decaps,805020
1441,hybrid,fixed,decaps,780915
1442,hybrid,fixed,decaps,802532
1443,hybrid,fixed,decaps,782551
1444,hybrid,fixed,decaps,821083
1445,hybrid,fixed,decaps,781546
1446,hybrid,fixed,decaps,780896
1447,hybrid,fixed,decaps,781219
1448,hybrid,fixed,decaps,781026
1449,hybrid,fixed,decaps,994282
1450,hybrid,fixed,decaps,951817
1451,hybrid,fixed,decaps,913030
1452,hybrid,fixed,decaps,936555
1453,hybrid,fixed,decaps,896228
1454,hybrid,fixed,decaps,883237
1455,hybrid,fixed,decaps,881769
1456,hybrid,fixed,decaps,904907
1457,hybrid,fixed,decaps,946365
1458,hybrid,fixed,decaps,830629
1459,hybrid,fixed,decaps,774628
1460,hybrid,fixed,decaps,763128
1461,hybrid,fixed,decaps,760368
1462,hybrid,fixed,decaps,772997
1463,hybrid,fixed,decaps,856648
1464,hybrid,fixed,decaps,810299
1465,hybrid,fixed,decaps,781330
1466,hybrid,fixed,decaps,780641
1467,hybrid,fixed,decaps,868462
1468,hybrid,fixed,decaps,1010633
1469,hybrid,fixed,decaps,1065950
1470,hybrid,fixed,decaps,875488
1471,hybrid,fixed,decaps,935273
1472,hybrid,fixed,decaps,775742
1473,hybrid,fixed,decaps,807768
1474,hybrid,fixed,decaps,806022
1475,hybrid,fixed,decaps,780993
1476,hybrid,fixed,decaps,781027
1477,hybrid,fixed,decaps,787935
1478,hybrid,fixed,decaps,781834
1479,hybrid,fixed,decaps,782425
1480,hybrid,fixed,decaps,781430
1481,hybrid,fixed,decaps,783848
1482,hybrid,fixed,decaps,787843
1483,hybrid,fixed,decaps,815896
1484,hybrid,fixed,decaps,803659
1485,hybrid,fixed,decaps,805913
1486,hybrid,fixed,decaps,797087
1487,hybrid,fixed,decaps,852065
1488,hybrid,fixed,decaps,834945
1489,hybrid,fixed,decaps,1039061
1490,hybrid,fixed,decaps,866747
1491,hybrid,fixed,decaps,988650
1492,hybrid,fixed,decaps,785298
1493,hybrid,fixed,decaps,779522
1494,hybrid,fixed,decaps,805462
1495,hybrid,fixed,decaps,805300
1496,hybrid,fixed,decaps,811196
1497,hybrid,fixed,decaps,781336
1498,hybrid,fixed,decaps,780979
1499,hybrid,fixed,decaps,780740
1500,hybrid,fixed,decaps,780637
1501,hybrid,fixed,decaps,786812
1502,hybrid,fixed,decaps,840807
1503,hybrid,fixed,decaps,765495
1504,hybrid,fixed,decaps,791939
1505,hybrid,fixed,decaps,758111
1506,hybrid,fixed,decaps,758138
1507,hybrid,fixed,decaps,765439
1508,hybrid,fixed,decaps,758035
1509,hybrid,fixed,decaps,1053094
1510,hybrid,fixed,decaps,914476
1511,hybrid,fixed,decaps,1014523
1512,hybrid,fixed,decaps,830526
1513,hybrid,fixed,decaps,783875
1514,hybrid,fixed,decaps,780979
1515,hybrid,fixed,decaps,780822
1516,hybrid,fixed,decaps,789964
1517,hybrid,fixed,decaps,806199
1518,hybrid,fixed,decaps,783610
1519,hybrid,fixed,decaps,780955
1520,hybrid,fixed,decaps,780974
1521,hybrid,fixed,decaps,788399
1522,hybrid,fixed,decaps,781294
1523,hybrid,fixed,decaps,815014
1524,hybrid,fixed,decaps,780491
1525,hybrid,fixed,decaps,780195
1526,hybrid,fixed,decaps,794619
1527,hybrid,fixed,decaps,792255
1528,hybrid,fixed,decaps,763869
1529,hybrid,fixed,decaps,888795
1530,hybrid,fixed,decaps,967588
1531,hybrid,fixed,decaps,906314
1532,hybrid,fixed,decaps,967766
1533,hybrid,fixed,decaps,762884
1534,hybrid,fixed,decaps,758325
1535,hybrid,fixed,decaps,788354
1536,hybrid,fixed,decaps,826030
1537,hybrid,fixed,decaps,781296
1538,hybrid,fixed,decaps,780554
1539,hybrid,fixed,decaps,809617
1540,hybrid,fixed,decaps,807983
1541,hybrid,fixed,decaps,788626
1542,hybrid,fixed,decaps,809647
1543,hybrid,fixed,decaps,783957
1544,hybrid,fixed,decaps,812587
1545,hybrid,fixed,decaps,780632
1546,hybrid,fixed,decaps,793328
1547,hybrid,fixed,decaps,778285
1548,hybrid,fixed,decaps,757823
1549,hybrid,fixed,decaps,763316
1550,hybrid,fixed,decaps,1103093
1551,hybrid,fixed,decaps,856387
1552,hybrid,fixed,decaps,1067996
1553,hybrid,fixed,decaps,956969
1554,hybrid,fixed,decaps,941198
1555,hybrid,fixed,decaps,807023
1556,hybrid,fixed,decaps,782068
1557,hybrid,fixed,decaps,780806
1558,hybrid,fixed,decaps,780830
1559,hybrid,fixed,decaps,780845
1560,hybrid,fixed,decaps,789616
1561,hybrid,fixed,decaps,781781
1562,hybrid,fixed,decaps,780881
1563,hybrid,fixed,decaps,787225
1564,hybrid,fixed,decaps,812571
1565,hybrid,fixed,decaps,801074
1566,hybrid,fixed,decaps,809514
1567,hybrid,fixed,decaps,783390
1568,hybrid,fixed,decaps,793531
1569,hybrid,fixed,decaps,797550
1570,hybrid,fixed,decaps,976373
1571,hybrid,fixed,decaps,834831
1572,hybrid,fixed,decaps,1005318
1573,hybrid,fixed,decaps,813247
1574,hybrid,fixed,decaps,811309
1575,hybrid,fixed,decaps,781996
1576,hybrid,fixed,decaps,883253
1577,hybrid,fixed,decaps,847423
1578,hybrid,fixed,decaps,758460
1579,hybrid,fixed,decaps,767363
1580,hybrid,fixed,decaps,758672
1581,hybrid,fixed,decaps,757761
1582,hybrid,fixed,decaps,773165
1583,hybrid,fixed,decaps,805452
1584,hybrid,fixed,decaps,841406
1585,hybrid,fixed,decaps,786312
1586,hybrid,fixed,decaps,780579
1587,hybrid,fixed,decaps,780568
1588,hybrid,fixed,decaps,780513
1589,hybrid,fixed,decaps,787604
1590,hybrid,fixed,decaps,1039878
1591,hybrid,fixed,decaps,875810
1592,hybrid,fixed,decaps,971614
1593,hybrid,fixed,decaps,890733
1594,hybrid,fixed,decaps,866874
1595,hybrid,fixed,decaps,782788
1596,hybrid,fixed,decaps,805381
1597,hybrid,fixed,decaps,805726
1598,hybrid,fixed,decaps,818419
1599,hybrid,fixed,decaps,811102
1600,hybrid,fixed,decaps,781043
1601,hybrid,fixed,decaps,809339
1602,hybrid,fixed,decaps,782915
1603,hybrid,fixed,decaps,800349
1604,hybrid,fixed,decaps,782470
1605,hybrid,fixed,decaps,781274
1606,hybrid,fixed,decaps,781426
1607,hybrid,fixed,decaps,812614
1608,hybrid,fixed,decaps,788295
1609,hybrid,fixed,decaps,782469
1610,hybrid,fixed,decaps,1052973
1611,hybrid,fixed,decaps,915345
1612,hybrid,fixed,decaps,853144
1613,hybrid,fixed,decaps,978100
1614,hybrid,fixed,decaps,823099
1615,hybrid,fixed,decaps,894008
1616,hybrid,fixed,decaps,911177
1617,hybrid,fixed,decaps,900658
1618,hybrid,fixed,decaps,759656
1619,hybrid,fixed,decaps,780977
1620,hybrid,fixed,decaps,805575
1621,hybrid,fixed,decaps,797483
1622,hybrid,fixed,decaps,788404
1623,hybrid,fixed,decaps,781331
1624,hybrid,fixed,decaps,814649
1625,hybrid,fixed,decaps,808843
1626,hybrid,fixed,decaps,782130
1627,hybrid,fixed,decaps,788506
1628,hybrid,fixed,decaps,781771
1629,hybrid,fixed,decaps,781216
1630,hybrid,fixed,decaps,1028071
1631,hybrid,fixed,decaps,923842
1632,hybrid,fixed,decaps,886923
1633,hybrid,fixed,decaps,801838
1634,hybrid,fixed,decaps,784338
1635,hybrid,fixed,decaps,781870
1636,hybrid,fixed,decaps,780552
1637,hybrid,fixed,decaps,790308
1638,hybrid,fixed,decaps,781710
1639,hybrid,fixed,decaps,786930
1640,hybrid,fixed,decaps,795270
1641,hybrid,fixed,decaps,782081
1642,hybrid,fixed,decaps,787099
1643,hybrid,fixed,decaps,781169
1644,hybrid,fixed,decaps,780505
1645,hybrid,fixed,decaps,812007
1646,hybrid,fixed,decaps,803264
1647,hybrid,fixed,decaps,790243
1648,hybrid,fixed,decaps,781310
1649,hybrid,fixed,decaps,780482
1650,hybrid,fixed,decaps,816432
1651,hybrid,fixed,decaps,882137
1652,hybrid,fixed,decaps,923625
1653,hybrid,fixed,decaps,844439
1654,hybrid,fixed,decaps,824440
1655,hybrid,fixed,decaps,758299
1656,hybrid,fixed,decaps,774342
1657,hybrid,fixed,decaps,791971
1658,hybrid,fixed,decaps,781583
1659,hybrid,fixed,decaps,780824
1660,hybrid,fixed,decaps,801182
1661,hybrid,fixed,decaps,816676
1662,hybrid,fixed,decaps,787344
1663,hybrid,fixed,decaps,781099
1664,hybrid,fixed,decaps,780312
1665,hybrid,fixed,decaps,842534
1666,hybrid,fixed,decaps,783720
1667,hybrid,fixed,decaps,782704
1668,hybrid,fixed,decaps,764187
1669,hybrid,fixed,decaps,757770
1670,hybrid,fixed,decaps,757455
1671,hybrid,fixed,decaps,994228
1672,hybrid,fixed,decaps,874456
1673,hybrid,fixed,decaps,949446
1674,hybrid,fixed,decaps,980920
1675,hybrid,fixed,decaps,848517
1676,hybrid,fixed,decaps,821159
1677,hybrid,fixed,decaps,806791
1678,hybrid,fixed,decaps,781089
1679,hybrid,fixed,decaps,781104
1680,hybrid,fixed,decaps,781257
1681,hybrid,fixed,decaps,789661
1682,hybrid,fixed,decaps,781799
1683,hybrid,fixed,decaps,781546
1684,hybrid,fixed,decaps,780937
1685,hybrid,fixed,decaps,780756
1686,hybrid,fixed,decaps,819795
1687,hybrid,fixed,decaps,781419
1688,hybrid,fixed,decaps,781356
1689,hybrid,fixed,decaps,780991
1690,hybrid,fixed,decaps,802263
1691,hybrid,fixed,decaps,937086
1692,hybrid,fixed,decaps,931410
1693,hybrid,fixed,decaps,880055
1694,hybrid,fixed,decaps,948065
1695,hybrid,fixed,decaps,786068
1696,hybrid,fixed,decaps,794836
1697,hybrid,fixed,decaps,781730
1698,hybrid,fixed,decaps,783227
1699,hybrid,fixed,decaps,815245
1700,hybrid,fixed,decaps,785364
1701,hybrid,fixed,decaps,790067
1702,hybrid,fixed,decaps,781452
1703,hybrid,fixed,decaps,786974
1704,hybrid,fixed,decaps,783935
1705,hybrid,fixed,decaps,812733
1706,hybrid,fixed,decaps,787651
1707,hybrid,fixed,decaps,781213
1708,hybrid,fixed,decaps,780882
1709,hybrid,fixed,decaps,781013
1710,hybrid,fixed,decaps,780920
1711,hybrid,fixed,decaps,789662
1712,hybrid,fixed,decaps,1074083
1713,hybrid,fixed,decaps,946790
1714,hybrid,fixed,decaps,970313
1715,hybrid,fixed,decaps,859843
1716,hybrid,fixed,decaps,761863
1717,hybrid,fixed,decaps,758148
1718,hybrid,fixed,decaps,758032
1719,hybrid,fixed,decaps,816155
1720,hybrid,fixed,decaps,824831
1721,hybrid,fixed,decaps,808570
1722,hybrid,fixed,decaps,856170
1723,hybrid,fixed,decaps,896436
1724,hybrid,fixed,decaps,821209
1725,hybrid,fixed,decaps,795959
1726,hybrid,fixed,decaps,782577
1727,hybrid,fixed,decaps,809225
1728,hybrid,fixed,decaps,800655
1729,hybrid,fixed,decaps,805074
1730,hybrid,fixed,decaps,802956
1731,hybrid,fixed,decaps,826510
1732,hybrid,fixed,decaps,996061
1733,hybrid,fixed,decaps,870524
1734,hybrid,fixed,decaps,921339
1735,hybrid,fixed,decaps,834812
1736,hybrid,fixed,decaps,868631
1737,hybrid,fixed,decaps,784306
1738,hybrid,fixed,decaps,807948
1739,hybrid,fixed,decaps,792388
1740,hybrid,fixed,decaps,781870
1741,hybrid,fixed,decaps,780984
1742,hybrid,fixed,decaps,781200
1743,hybrid,fixed,decaps,781010
1744,hybrid,fixed,decaps,788041
1745,hybrid,fixed,decaps,815648
1746,hybrid,fixed,decaps,780926
1747,hybrid,fixed,decaps,781017
1748,hybrid,fixed,decaps,781026
1749,hybrid,fixed,decaps,816951
1750,hybrid,fixed,decaps,790768
1751,hybrid,fixed,decaps,781425
1752,hybrid,fixed,decaps,1062190
1753,hybrid,fixed,decaps,931607
1754,hybrid,fixed,decaps,1042848
1755,hybrid,fixed,decaps,787035
1756,hybrid,fixed,decaps,811473
1757,hybrid,fixed,decaps,783678
1758,hybrid,fixed,decaps,807823
1759,hybrid,fixed,decaps,823177
1760,hybrid,fixed,decaps,782878
1761,hybrid,fixed,decaps,781165
1762,hybrid,fixed,decaps,781097
1763,hybrid,fixed,decaps,804947
1764,hybrid,fixed,decaps,789189
1765,hybrid,fixed,decaps,781747
1766,hybrid,fixed,decaps,819702
1767,hybrid,fixed,decaps,788532
1768,hybrid,fixed,decaps,763596
1769,hybrid,fixed,decaps,804157
1770,hybrid,fixed,decaps,782219
1771,hybrid,fixed,decaps,780593
1772,hybrid,fixed,decaps,965917
1773,hybrid,fixed,decaps,1025530
1774,hybrid,fixed,decaps,797255
1775,hybrid,fixed,decaps,805169
1776,hybrid,fixed,decaps,788381
1777,hybrid,fixed,decaps,814138
1778,hybrid,fixed,decaps,814932
1779,hybrid,fixed,decaps,793601
1780,hybrid,fixed,decaps,823988
1781,hybrid,fixed,decaps,986090
1782,hybrid,fixed,decaps,794709
1783,hybrid,fixed,decaps,1066476
1784,hybrid,fixed,decaps,794590
1785,hybrid,fixed,decaps,782751
1786,hybrid,fixed,decaps,807968
1787,hybrid,fixed,decaps,836280
1788,hybrid,fixed,decaps,797016
1789,hybrid,fixed,decaps,914682
1790,hybrid,fixed,decaps,810237
1791,hybrid,fixed,decaps,814210
1792,hybrid,fixed,decaps,926498
1793,hybrid,fixed,decaps,866221
1794,hybrid,fixed,decaps,800666
1795,hybrid,fixed,decaps,783175
1796,hybrid,fixed,decaps,808325
1797,hybrid,fixed,decaps,855813
1798,hybrid,fixed,decaps,809000
1799,hybrid,fixed,decaps,780608
1800,hybrid,fixed,decaps,781027
1801,hybrid,fixed,decaps,780731
1802,hybrid,fixed,decaps,788920
1803,hybrid,fixed,decaps,781614
1804,hybrid,fixed,decaps,781389
1805,hybrid,fixed,decaps,780830
1806,hybrid,fixed,decaps,780356
1807,hybrid,fixed,decaps,849754
1808,hybrid,fixed,decaps,787559
1809,hybrid,fixed,decaps,780637
1810,hybrid,fixed,decaps,780561
1811,hybrid,fixed,decaps,780689
1812,hybrid,fixed,decaps,826139
1813,hybrid,fixed,decaps,910558
1814,hybrid,fixed,decaps,864126
1815,hybrid,fixed,decaps,830322
1816,hybrid,fixed,decaps,803582
1817,hybrid,fixed,decaps,796971
1818,hybrid,fixed,decaps,781891
1819,hybrid,fixed,decaps,780835
1820,hybrid,fixed,decaps,781254
1821,hybrid,fixed,decaps,780807
1822,hybrid,fixed,decaps,787704
1823,hybrid,fixed,decaps,810414
1824,hybrid,fixed,decaps,782092
1825,hybrid,fixed,decaps,782926
1826,hybrid,fixed,decaps,783711
1827,hybrid,fixed,decaps,875371
1828,hybrid,fixed,decaps,787806
1829,hybrid,fixed,decaps,781303
1830,hybrid,fixed,decaps,780837
1831,hybrid,fixed,decaps,780588
1832,hybrid,fixed,decaps,788674
1833,hybrid,fixed,decaps,800950
1834,hybrid,fixed,decaps,952511
1835,hybrid,fixed,decaps,833201
1836,hybrid,fixed,decaps,862921
1837,hybrid,fixed,decaps,813232
1838,hybrid,fixed,decaps,799075
1839,hybrid,fixed,decaps,780704
1840,hybrid,fixed,decaps,780614
1841,hybrid,fixed,decaps,780599
1842,hybrid,fixed,decaps,787184
1843,hybrid,fixed,decaps,781129
1844,hybrid,fixed,decaps,805716
1845,hybrid,fixed,decaps,811650
1846,hybrid,fixed,decaps,785250
1847,hybrid,fixed,decaps,777052
1848,hybrid,fixed,decaps,854061
1849,hybrid,fixed,decaps,783039
1850,hybrid,fixed,decaps,781036
1851,hybrid,fixed,decaps,854969
1852,hybrid,fixed,decaps,910933
1853,hybrid,fixed,decaps,796294
1854,hybrid,fixed,decaps,878002
1855,hybrid,fixed,decaps,976053
1856,hybrid,fixed,decaps,778363
1857,hybrid,fixed,decaps,779735
1858,hybrid,fixed,decaps,783722
1859,hybrid,fixed,decaps,759924
1860,hybrid,fixed,decaps,800983
1861,hybrid,fixed,decaps,840800
1862,hybrid,fixed,decaps,802594
1863,hybrid,fixed,decaps,782401
1864,hybrid,fixed,decaps,781302
1865,hybrid,fixed,decaps,781431
1866,hybrid,fixed,decaps,781541
1867,hybrid,fixed,decaps,787156
1868,hybrid,fixed,decaps,781486
1869,hybrid,fixed,decaps,814557
1870,hybrid,fixed,decaps,780956
1871,hybrid,fixed,decaps,780953
1872,hybrid,fixed,decaps,789083
1873,hybrid,fixed,decaps,808216
1874,hybrid,fixed,decaps,793165
1875,hybrid,fixed,decaps,913545
1876,hybrid,fixed,decaps,903769
1877,hybrid,fixed,decaps,817433
1878,hybrid,fixed,decaps,794088
1879,hybrid,fixed,decaps,762499
1880,hybrid,fixed,decaps,758333
1881,hybrid,fixed,decaps,798282
1882,hybrid,fixed,decaps,839270
1883,hybrid,fixed,decaps,782385
1884,hybrid,fixed,decaps,780953
1885,hybrid,fixed,decaps,787322
1886,hybrid,fixed,decaps,793985
1887,hybrid,fixed,decaps,847635
1888,hybrid,fixed,decaps,765809
1889,hybrid,fixed,decaps,791431
1890,hybrid,fixed,decaps,790269
1891,hybrid,fixed,decaps,805737
1892,hybrid,fixed,decaps,822790
1893,hybrid,fixed,decaps,781585
1894,hybrid,fixed,decaps,781144
1895,hybrid,fixed,decaps,842256
1896,hybrid,fixed,decaps,970048
1897,hybrid,fixed,decaps,969699
1898,hybrid,fixed,decaps,837218
1899,hybrid,fixed,decaps,794722
1900,hybrid,fixed,decaps,761565
1901,hybrid,fixed,decaps,771262
1902,hybrid,fixed,decaps,759186
1903,hybrid,fixed,decaps,758113
1904,hybrid,fixed,decaps,772505
1905,hybrid,fixed,decaps,804837
1906,hybrid,fixed,decaps,806047
1907,hybrid,fixed,decaps,781373
1908,hybrid,fixed,decaps,780750
1909,hybrid,fixed,decaps,780903
1910,hybrid,fixed,decaps,824122
1911,hybrid,fixed,decaps,804479
1912,hybrid,fixed,decaps,781862
1913,hybrid,fixed,decaps,780636
1914,hybrid,fixed,decaps,780684
1915,hybrid,fixed,decaps,927514
1916,hybrid,fixed,decaps,971663
1917,hybrid,fixed,decaps,871238
1918,hybrid,fixed,decaps,959426
1919,hybrid,fixed,decaps,803459
1920,hybrid,fixed,decaps,782093
1921,hybrid,fixed,decaps,821802
1922,hybrid,fixed,decaps,798104
1923,hybrid,fixed,decaps,780768
1924,hybrid,fixed,decaps,780665
1925,hybrid,fixed,decaps,780726
1926,hybrid,fixed,decaps,787463
1927,hybrid,fixed,decaps,780745
1928,hybrid,fixed,decaps,780326
1929,hybrid,fixed,decaps,780386
1930,hybrid,fixed,decaps,779950
1931,hybrid,fixed,decaps,788163
1932,hybrid,fixed,decaps,781279
1933,hybrid,fixed,decaps,780624
1934,hybrid,fixed,decaps,780550
1935,hybrid,fixed,decaps,809367
1936,hybrid,fixed,decaps,1041412
1937,hybrid,fixed,decaps,935892
1938,hybrid,fixed,decaps,975408
1939,hybrid,fixed,decaps,822600
1940,hybrid,fixed,decaps,808913
1941,hybrid,fixed,decaps,783307
1942,hybrid,fixed,decaps,781854
1943,hybrid,fixed,decaps,782183
1944,hybrid,fixed,decaps,781780
1945,hybrid,fixed,decaps,788459
1946,hybrid,fixed,decaps,781971
1947,hybrid,fixed,decaps,781142
1948,hybrid,fixed,decaps,785867
1949,hybrid,fixed,decaps,774070
1950,hybrid,fixed,decaps,769547
1951,hybrid,fixed,decaps,792895
1952,hybrid,fixed,decaps,759213
1953,hybrid,fixed,decaps,834358
1954,hybrid,fixed,decaps,805365
1955,hybrid,fixed,decaps,802073
1956,hybrid,fixed,decaps,944709
1957,hybrid,fixed,decaps,954239
1958,hybrid,fixed,decaps,913095
1959,hybrid,fixed,decaps,1006501
1960,hybrid,fixed,decaps,924696
1961,hybrid,fixed,decaps,905228
1962,hybrid,fixed,decaps,908226
1963,hybrid,fixed,decaps,758800
1964,hybrid,fixed,decaps,765795
1965,hybrid,fixed,decaps,761770
1966,hybrid,fixed,decaps,757622
1967,hybrid,fixed,decaps,758217
1968,hybrid,fixed,decaps,757676
1969,hybrid,fixed,decaps,789724
1970,hybrid,fixed,decaps,815524
1971,hybrid,fixed,decaps,781766
1972,hybrid,fixed,decaps,780951
1973,hybrid,fixed,decaps,807472
1974,hybrid,fixed,decaps,819451
1975,hybrid,fixed,decaps,781894
1976,hybrid,fixed,decaps,1009273
1977,hybrid,fixed,decaps,902640
1978,hybrid,fixed,decaps,825273
1979,hybrid,fixed,decaps,926960
1980,hybrid,fixed,decaps,976064
1981,hybrid,fixed,decaps,1026820
1982,hybrid,fixed,decaps,819496
1983,hybrid,fixed,decaps,840482
1984,hybrid,fixed,decaps,783081
1985,hybrid,fixed,decaps,781557
1986,hybrid,fixed,decaps,781050
1987,hybrid,fixed,decaps,780893
1988,hybrid,fixed,decaps,814760
1989,hybrid,fixed,decaps,814614
1990,hybrid,fixed,decaps,780824
1991,hybrid,fixed,decaps,780609
1992,hybrid,fixed,decaps,791030
1993,hybrid,fixed,decaps,812102
1994,hybrid,fixed,decaps,759655
1995,hybrid,fixed,decaps,757996
1996,hybrid,fixed,decaps,797880
1997,hybrid,fixed,decaps,889443
1998,hybrid,fixed,decaps,882148
1999,hybrid,fixed,decaps,769929
2000,hybrid,fixed,decaps,808636
2001,hybrid,fixed,decaps,808891
2002,hybrid,fixed,decaps,795520
2003,hybrid,fixed,decaps,821867
2004,hybrid,fixed,decaps,783641
2005,hybrid,fixed,decaps,781260
2006,hybrid,fixed,decaps,781297
2007,hybrid,fixed,decaps,781264
2008,hybrid,fixed,decaps,802416
2009,hybrid,fixed,decaps,783863
2010,hybrid,fixed,decaps,780812
2011,hybrid,fixed,decaps,780982
2012,hybrid,fixed,decaps,812459
2013,hybrid,fixed,decaps,801192
2014,hybrid,fixed,decaps,811020
2015,hybrid,fixed,decaps,782779
2016,hybrid,fixed,decaps,781128
2017,hybrid,fixed,decaps,841456
2018,hybrid,fixed,decaps,957824
2019,hybrid,fixed,decaps,821830
2020,hybrid,fixed,decaps,765520
2021,hybrid,fixed,decaps,791043
2022,hybrid,fixed,decaps,791419
2023,hybrid,fixed,decaps,769040
2024,hybrid,fixed,decaps,758814
2025,hybrid,fixed,decaps,781362
2026,hybrid,fixed,decaps,805313
2027,hybrid,fixed,decaps,794236
2028,hybrid,fixed,decaps,812343
2029,hybrid,fixed,decaps,801954
2030,hybrid,fixed,decaps,782208
2031,hybrid,fixed,decaps,780949
2032,hybrid,fixed,decaps,812643
2033,hybrid,fixed,decaps,810359
2034,hybrid,fixed,decaps,854109
2035,hybrid,fixed,decaps,800326
2036,hybrid,fixed,decaps,763653
2037,hybrid,fixed,decaps,761491
2038,hybrid,fixed,decaps,887266
2039,hybrid,fixed,decaps,871761
2040,hybrid,fixed,decaps,808634
2041,hybrid,fixed,decaps,820119
2042,hybrid,fixed,decaps,825323
2043,hybrid,fixed,decaps,807704
2044,hybrid,fixed,decaps,781677
2045,hybrid,fixed,decaps,780854
2046,hybrid,fixed,decaps,780964
2047,hybrid,fixed,decaps,807058
2048,hybrid,fixed,decaps,792436
2049,hybrid,fixed,decaps,782479
2050,hybrid,fixed,decaps,781215
2051,hybrid,fixed,decaps,781245
2052,hybrid,fixed,decaps,781159
2053,hybrid,fixed,decaps,819981
2054,hybrid,fixed,decaps,781586
2055,hybrid,fixed,decaps,781215
2056,hybrid,fixed,decaps,781099
2057,hybrid,fixed,decaps,780729
2058,hybrid,fixed,decaps,844117
2059,hybrid,fixed,decaps,927388
2060,hybrid,fixed,decaps,855096
2061,hybrid,fixed,decaps,778325
2062,hybrid,fixed,decaps,808469
2063,hybrid,fixed,decaps,820641
2064,hybrid,fixed,decaps,800612
2065,hybrid,fixed,decaps,780636
2066,hybrid,fixed,decaps,781119
2067,hybrid,fixed,decaps,781155
2068,hybrid,fixed,decaps,788781
2069,hybrid,fixed,decaps,781721
2070,hybrid,fixed,decaps,1006914
2071,hybrid,fixed,decaps,838251
2072,hybrid,fixed,decaps,809800
2073,hybrid,fixed,decaps,800811
2074,hybrid,fixed,decaps,816111
2075,hybrid,fixed,decaps,780939
2076,hybrid,fixed,decaps,780650
2077,hybrid,fixed,decaps,781810
2078,hybrid,fixed,decaps,786517
2079,hybrid,fixed,decaps,859279
2080,hybrid,fixed,decaps,914256
2081,hybrid,fixed,decaps,856080
2082,hybrid,fixed,decaps,781188
2083,hybrid,fixed,decaps,820318
2084,hybrid,fixed,decaps,822273
2085,hybrid,fixed,decaps,781075
2086,hybrid,fixed,decaps,781508
2087,hybrid,fixed,decaps,817788
2088,hybrid,fixed,decaps,813006
2089,hybrid,fixed,decaps,781630
2090,hybrid,fixed,decaps,781109
2091,hybrid,fixed,decaps,782219
2092,hybrid,fixed,decaps,791165
2093,hybrid,fixed,decaps,781877
2094,hybrid,fixed,decaps,780766
2095,hybrid,fixed,decaps,820828
2096,hybrid,fixed,decaps,783578
2097,hybrid,fixed,decaps,809285
2098,hybrid,fixed,decaps,770052
2099,hybrid,fixed,decaps,784332
2100,hybrid,fixed,decaps,857216
2101,hybrid,fixed,decaps,840061
2102,hybrid,fixed,decaps,827102
2103,hybrid,fixed,decaps,822489
2104,hybrid,fixed,decaps,808958
2105,hybrid,fixed,decaps,805546
2106,hybrid,fixed,decaps,797185
2107,hybrid,fixed,decaps,868136
2108,hybrid,fixed,decaps,854919
2109,hybrid,fixed,decaps,787737
2110,hybrid,fixed,decaps,781253
2111,hybrid,fixed,decaps,780789
2112,hybrid,fixed,decaps,792104
2113,hybrid,fixed,decaps,784639
2114,hybrid,fixed,decaps,781225
2115,hybrid,fixed,decaps,780924
2116,hybrid,fixed,decaps,781356
2117,hybrid,fixed,decaps,788500
2118,hybrid,fixed,decaps,781086
2119,hybrid,fixed,decaps,780721
2120,hybrid,fixed,decaps,814245
2121,hybrid,fixed,decaps,889424
2122,hybrid,fixed,decaps,827143
2123,hybrid,fixed,decaps,765533
2124,hybrid,fixed,decaps,811656
2125,hybrid,fixed,decaps,807286
2126,hybrid,fixed,decaps,805297
2127,hybrid,fixed,decaps,812197
2128,hybrid,fixed,decaps,781902
2129,hybrid,fixed,decaps,781399
2130,hybrid,fixed,decaps,781251
2131,hybrid,fixed,decaps,781105
2132,hybrid,fixed,decaps,791996
2133,hybrid,fixed,decaps,837914
2134,hybrid,fixed,decaps,783071
2135,hybrid,fixed,decaps,781503
2136,hybrid,fixed,decaps,817553
2137,hybrid,fixed,decaps,796374
2138,hybrid,fixed,decaps,764353
2139,hybrid,fixed,decaps,758209
2140,hybrid,fixed,decaps,758351
2141,hybrid,fixed,decaps,789421
2142,hybrid,fixed,decaps,872410
2143,hybrid,fixed,decaps,896861
2144,hybrid,fixed,decaps,829691
2145,hybrid,fixed,decaps,835734
2146,hybrid,fixed,decaps,849314
2147,hybrid,fixed,decaps,810578
2148,hybrid,fixed,decaps,781774
2149,hybrid,fixed,decaps,781080
2150,hybrid,fixed,decaps,781025
2151,hybrid,fixed,decaps,781270
2152,hybrid,fixed,decaps,787767
2153,hybrid,fixed,decaps,781340
2154,hybrid,fixed,decaps,780962
2155,hybrid,fixed,decaps,780887
2156,hybrid,fixed,decaps,818955
2157,hybrid,fixed,decaps,788588
2158,hybrid,fixed,decaps,790377
2159,hybrid,fixed,decaps,794472
2160,hybrid,fixed,decaps,781601
2161,hybrid,fixed,decaps,782583
2162,hybrid,fixed,decaps,876216
2163,hybrid,fixed,decaps,876904
2164,hybrid,fixed,decaps,837629
2165,hybrid,fixed,decaps,786194
2166,hybrid,fixed,decaps,811787
2167,hybrid,fixed,decaps,797713
2168,hybrid,fixed,decaps,782429
2169,hybrid,fixed,decaps,780920
2170,hybrid,fixed,decaps,781088
2171,hybrid,fixed,decaps,797088
2172,hybrid,fixed,decaps,800116
2173,hybrid,fixed,decaps,782366
2174,hybrid,fixed,decaps,781225
2175,hybrid,fixed,decaps,781357
2176,hybrid,fixed,decaps,781350
2177,hybrid,fixed,decaps,819063
2178,hybrid,fixed,decaps,781744
2179,hybrid,fixed,decaps,780968
2180,hybrid,fixed,decaps,780619
2181,hybrid,fixed,decaps,780931
2182,hybrid,fixed,decaps,795362
2183,hybrid,fixed,decaps,898398
2184,hybrid,fixed,decaps,865752
2185,hybrid,fixed,decaps,825034
2186,hybrid,fixed,decaps,764947
2187,hybrid,fixed,decaps,784023
2188,hybrid,fixed,decaps,759310
2189,hybrid,fixed,decaps,777345
2190,hybrid,fixed,decaps,802213
2191,hybrid,fixed,decaps,782508
2192,hybrid,fixed,decaps,789008
2193,hybrid,fixed,decaps,781815
2194,hybrid,fixed,decaps,781571
2195,hybrid,fixed,decaps,781003
2196,hybrid,fixed,decaps,781395
2197,hybrid,fixed,decaps,817644
2198,hybrid,fixed,decaps,814886
2199,hybrid,fixed,decaps,781561
2200,hybrid,fixed,decaps,781836
2201,hybrid,fixed,decaps,781641
2202,hybrid,fixed,decaps,788595
2203,hybrid,fixed,decaps,794966
2204,hybrid,fixed,decaps,994584
2205,hybrid,fixed,decaps,802830
2206,hybrid,fixed,decaps,788641
2207,hybrid,fixed,decaps,833268
2208,hybrid,fixed,decaps,784033
2209,hybrid,fixed,decaps,782092
2210,hybrid,fixed,decaps,758993
2211,hybrid,fixed,decaps,758443
2212,hybrid,fixed,decaps,766651
2213,hybrid,fixed,decaps,782101
2214,hybrid,fixed,decaps,781160
2215,hybrid,fixed,decaps,780973
2216,hybrid,fixed,decaps,781194
2217,hybrid,fixed,decaps,785441
2218,hybrid,fixed,decaps,815220
2219,hybrid,fixed,decaps,780619
2220,hybrid,fixed,decaps,780440
2221,hybrid,fixed,decaps,780281
2222,hybrid,fixed,decaps,816454
2223,hybrid,fixed,decaps,782859
2224,hybrid,fixed,decaps,795249
2225,hybrid,fixed,decaps,881383
2226,hybrid,fixed,decaps,843726
2227,hybrid,fixed,decaps,883786
2228,hybrid,fixed,decaps,822290
2229,hybrid,fixed,decaps,812013
2230,hybrid,fixed,decaps,780850
2231,hybrid,fixed,decaps,782423
2232,hybrid,fixed,decaps,788947
2233,hybrid,fixed,decaps,781269
2234,hybrid,fixed,decaps,804353
2235,hybrid,fixed,decaps,799411
2236,hybrid,fixed,decaps,736651
2237,hybrid,fixed,decaps,844515
2238,hybrid,fixed,decaps,805676
2239,hybrid,fixed,decaps,767460
2240,hybrid,fixed,decaps,759015
2241,hybrid,fixed,decaps,826138
2242,hybrid,fixed,decaps,815437
2243,hybrid,fixed,decaps,806810
2244,hybrid,fixed,decaps,781759
2245,hybrid,fixed,decaps,828942
2246,hybrid,fixed,decaps,878749
2247,hybrid,fixed,decaps,818872
2248,hybrid,fixed,decaps,765690
2249,hybrid,fixed,decaps,809205
2250,hybrid,fixed,decaps,807059
2251,hybrid,fixed,decaps,805128
2252,hybrid,fixed,decaps,806197
2253,hybrid,fixed,decaps,781221
2254,hybrid,fixed,decaps,780784
2255,hybrid,fixed,decaps,780777
2256,hybrid,fixed,decaps,780772
2257,hybrid,fixed,decaps,786904
2258,hybrid,fixed,decaps,795865
2259,hybrid,fixed,decaps,782903
2260,hybrid,fixed,decaps,803952
2261,hybrid,fixed,decaps,818795
2262,hybrid,fixed,decaps,788623
2263,hybrid,fixed,decaps,781742
2264,hybrid,fixed,decaps,780906
2265,hybrid,fixed,decaps,788637
2266,hybrid,fixed,decaps,823218
2267,hybrid,fixed,decaps,935536
2268,hybrid,fixed,decaps,827576
2269,hybrid,fixed,decaps,765267
2270,hybrid,fixed,decaps,808922
2271,hybrid,fixed,decaps,850761
2272,hybrid,fixed,decaps,849924
2273,hybrid,fixed,decaps,801625
2274,hybrid,fixed,decaps,781188
2275,hybrid,fixed,decaps,792571
2276,hybrid,fixed,decaps,763723
2277,hybrid,fixed,decaps,765507
2278,hybrid,fixed,decaps,758438
2279,hybrid,fixed,decaps,757902
2280,hybrid,fixed,decaps,789166
2281,hybrid,fixed,decaps,757573
2282,hybrid,fixed,decaps,765042
2283,hybrid,fixed,decaps,757962
2284,hybrid,fixed,decaps,757654
2285,hybrid,fixed,decaps,782216
2286,hybrid,fixed,decaps,817799
2287,hybrid,fixed,decaps,892389
2288,hybrid,fixed,decaps,870013
2289,hybrid,fixed,decaps,799910
2290,hybrid,fixed,decaps,873319
2291,hybrid,fixed,decaps,837808
2292,hybrid,fixed,decaps,807938
2293,hybrid,fixed,decaps,781748
2294,hybrid,fixed,decaps,780460
2295,hybrid,fixed,decaps,780299
2296,hybrid,fixed,decaps,780774
2297,hybrid,fixed,decaps,787403
2298,hybrid,fixed,decaps,806388
2299,hybrid,fixed,decaps,782194
2300,hybrid,fixed,decaps,780696
2301,hybrid,fixed,decaps,780250
2302,hybrid,fixed,decaps,819679
2303,hybrid,fixed,decaps,781081
2304,hybrid,fixed,decaps,803784
2305,hybrid,fixed,decaps,763636
2306,hybrid,fixed,decaps,791964
2307,hybrid,fixed,decaps,796707
2308,hybrid,fixed,decaps,869877
2309,hybrid,fixed,decaps,880604
2310,hybrid,fixed,decaps,844256
2311,hybrid,fixed,decaps,790285
2312,hybrid,fixed,decaps,771980
2313,hybrid,fixed,decaps,758170
2314,hybrid,fixed,decaps,789611
2315,hybrid,fixed,decaps,814083
2316,hybrid,fixed,decaps,780839
2317,hybrid,fixed,decaps,786081
2318,hybrid,fixed,decaps,781871
2319,hybrid,fixed,decaps,781127
2320,hybrid,fixed,decaps,780876
2321,hybrid,fixed,decaps,780970
2322,hybrid,fixed,decaps,785368
2323,hybrid,fixed,decaps,853261
2324,hybrid,fixed,decaps,759851
2325,hybrid,fixed,decaps,764056
2326,hybrid,fixed,decaps,758319
2327,hybrid,fixed,decaps,765343
2328,hybrid,fixed,decaps,770514
2329,hybrid,fixed,decaps,851632
2330,hybrid,fixed,decaps,833168
2331,hybrid,fixed,decaps,814574
2332,hybrid,fixed,decaps,854035
2333,hybrid,fixed,decaps,806676
2334,hybrid,fixed,decaps,811127
2335,hybrid,fixed,decaps,840845
2336,hybrid,fixed,decaps,781912
2337,hybrid,fixed,decaps,792135
2338,hybrid,fixed,decaps,782146
2339,hybrid,fixed,decaps,781319
2340,hybrid,fixed,decaps,781364
2341,hybrid,fixed,decaps,781638
2342,hybrid,fixed,decaps,787620
2343,hybrid,fixed,decaps,825790
2344,hybrid,fixed,decaps,763894
2345,hybrid,fixed,decaps,758483
2346,hybrid,fixed,decaps,758503
2347,hybrid,fixed,decaps,773665
2348,hybrid,fixed,decaps,823424
2349,hybrid,fixed,decaps,847056
2350,hybrid,fixed,decaps,873961
2351,hybrid,fixed,decaps,866264
2352,hybrid,fixed,decaps,858725
2353,hybrid,fixed,decaps,811681
2354,hybrid,fixed,decaps,783232
2355,hybrid,fixed,decaps,781315
2356,hybrid,fixed,decaps,780964
2357,hybrid,fixed,decaps,788619
2358,hybrid,fixed,decaps,781750
2359,hybrid,fixed,decaps,780832
2360,hybrid,fixed,decaps,820824
2361,hybrid,fixed,decaps,759186
2362,hybrid,fixed,decaps,770024
2363,hybrid,fixed,decaps,758679
2364,hybrid,fixed,decaps,791862
2365,hybrid,fixed,decaps,757833
2366,hybrid,fixed,decaps,833275
2367,hybrid,fixed,decaps,824154
2368,hybrid,fixed,decaps,765463
2369,hybrid,fixed,decaps,778179
2370,hybrid,fixed,decaps,877338
2371,hybrid,fixed,decaps,960202
2372,hybrid,fixed,decaps,881970
2373,hybrid,fixed,decaps,785832
2374,hybrid,fixed,decaps,890669
2375,hybrid,fixed,decaps,783915
2376,hybrid,fixed,decaps,781158
2377,hybrid,fixed,decaps,789850
2378,hybrid,fixed,decaps,781434
2379,hybrid,fixed,decaps,810227
2380,hybrid,fixed,decaps,807428
2381,hybrid,fixed,decaps,780771
2382,hybrid,fixed,decaps,787496
2383,hybrid,fixed,decaps,781017
2384,hybrid,fixed,decaps,780757
2385,hybrid,fixed,decaps,837899
2386,hybrid,fixed,decaps,781928
2387,hybrid,fixed,decaps,787911
2388,hybrid,fixed,decaps,781256
2389,hybrid,fixed,decaps,780798
2390,hybrid,fixed,decaps,809714
2391,hybrid,fixed,decaps,886743
2392,hybrid,fixed,decaps,888505
2393,hybrid,fixed,decaps,818618
2394,hybrid,fixed,decaps,842287
2395,hybrid,fixed,decaps,805376
2396,hybrid,fixed,decaps,781263
2397,hybrid,fixed,decaps,832148
2398,hybrid,fixed,decaps,839623
2399,hybrid,fixed,decaps,823594
2400,hybrid,fixed,decaps,783344
2401,hybrid,fixed,decaps,781099
2402,hybrid,fixed,decaps,791371
2403,hybrid,fixed,decaps,781434
2404,hybrid,fixed,decaps,780801
2405,hybrid,fixed,decaps,818078
2406,hybrid,fixed,decaps,786873
2407,hybrid,fixed,decaps,787834
2408,hybrid,fixed,decaps,781220
2409,hybrid,fixed,decaps,772976
2410,hybrid,fixed,decaps,780672
2411,hybrid,fixed,decaps,797008
2412,hybrid,fixed,decaps,914819
2413,hybrid,fixed,decaps,824527
2414,hybrid,fixed,decaps,762750
2415,hybrid,fixed,decaps,828879
2416,hybrid,fixed,decaps,821844
2417,hybrid,fixed,decaps,782512
2418,hybrid,fixed,decaps,781371
2419,hybrid,fixed,decaps,780994
2420,hybrid,fixed,decaps,805221
2421,hybrid,fixed,decaps,782249
2422,hybrid,fixed,decaps,796149
2423,hybrid,fixed,decaps,864074
2424,hybrid,fixed,decaps,782836
2425,hybrid,fixed,decaps,781400
2426,hybrid,fixed,decaps,825365
2427,hybrid,fixed,decaps,787569
2428,hybrid,fixed,decaps,781709
2429,hybrid,fixed,decaps,781133
2430,hybrid,fixed,decaps,780934
2431,hybrid,fixed,decaps,781707
2432,hybrid,fixed,decaps,858106
2433,hybrid,fixed,decaps,1062493
2434,hybrid,fixed,decaps,936949
2435,hybrid,fixed,decaps,766220
2436,hybrid,fixed,decaps,784263
2437,hybrid,fixed,decaps,786075
2438,hybrid,fixed,decaps,785939
2439,hybrid,fixed,decaps,757438
2440,hybrid,fixed,decaps,757469
2441,hybrid,fixed,decaps,799034
2442,hybrid,fixed,decaps,781633
2443,hybrid,fixed,decaps,781202
2444,hybrid,fixed,decaps,781379
2445,hybrid,fixed,decaps,780685
2446,hybrid,fixed,decaps,788373
2447,hybrid,fixed,decaps,815163
2448,hybrid,fixed,decaps,865608
2449,hybrid,fixed,decaps,782745
2450,hybrid,fixed,decaps,780644
2451,hybrid,fixed,decaps,789191
2452,hybrid,fixed,decaps,796411
2453,hybrid,fixed,decaps,879115
2454,hybrid,fixed,decaps,872884
2455,hybrid,fixed,decaps,870531
2456,hybrid,fixed,decaps,797623
2457,hybrid,fixed,decaps,806548
2458,hybrid,fixed,decaps,807016
2459,hybrid,fixed,decaps,802713
2460,hybrid,fixed,decaps,782591
2461,hybrid,fixed,decaps,789118
2462,hybrid,fixed,decaps,781565
2463,hybrid,fixed,decaps,780362
2464,hybrid,fixed,decaps,780908
2465,hybrid,fixed,decaps,783287
2466,hybrid,fixed,decaps,789121
2467,hybrid,fixed,decaps,863003
2468,hybrid,fixed,decaps,760505
2469,hybrid,fixed,decaps,758081
2470,hybrid,fixed,decaps,758047
2471,hybrid,fixed,decaps,775964
2472,hybrid,fixed,decaps,759926
2473,hybrid,fixed,decaps,855873
2474,hybrid,fixed,decaps,847588
2475,hybrid,fixed,decaps,846645
2476,hybrid,fixed,decaps,847217
2477,hybrid,fixed,decaps,834213
2478,hybrid,fixed,decaps,807068
2479,hybrid,fixed,decaps,780751
2480,hybrid,fixed,decaps,780912
2481,hybrid,fixed,decaps,789341
2482,hybrid,fixed,decaps,781502
2483,hybrid,fixed,decaps,780808
2484,hybrid,fixed,decaps,805995
2485,hybrid,fixed,decaps,782553
2486,hybrid,fixed,decaps,787743
2487,hybrid,fixed,decaps,781614
2488,hybrid,fixed,decaps,814817
2489,hybrid,fixed,decaps,781192
2490,hybrid,fixed,decaps,780661
2491,hybrid,fixed,decaps,835610
2492,hybrid,fixed,decaps,847049
2493,hybrid,fixed,decaps,1045785
2494,hybrid,fixed,decaps,953031
2495,hybrid,fixed,decaps,874604
2496,hybrid,fixed,decaps,770662
2497,hybrid,fixed,decaps,816619
2498,hybrid,fixed,decaps,794931
2499,hybrid,fixed,decaps,813912
2500,hybrid,fixed,decaps,815240
2501,hybrid,fixed,decaps,812235
2502,hybrid,fixed,decaps,781124
2503,hybrid,fixed,decaps,780897
2504,hybrid,fixed,decaps,780987
2505,hybrid,fixed,decaps,784935
2506,hybrid,fixed,decaps,781511
2507,hybrid,fixed,decaps,781107
2508,hybrid,fixed,decaps,781383
2509,hybrid,fixed,decaps,811767
2510,hybrid,fixed,decaps,780414
2511,hybrid,fixed,decaps,785047
2512,hybrid,fixed,decaps,780766
2513,hybrid,fixed,decaps,780253
2514,hybrid,fixed,decaps,844580
2515,hybrid,fixed,decaps,959804
2516,hybrid,fixed,decaps,818068
2517,hybrid,fixed,decaps,765956
2518,hybrid,fixed,decaps,789351
2519,hybrid,fixed,decaps,761167
2520,hybrid,fixed,decaps,768072
2521,hybrid,fixed,decaps,786214
2522,hybrid,fixed,decaps,805560
2523,hybrid,fixed,decaps,831120
2524,hybrid,fixed,decaps,801253
2525,hybrid,fixed,decaps,786526
2526,hybrid,fixed,decaps,781096
2527,hybrid,fixed,decaps,828469
2528,hybrid,fixed,decaps,778251
2529,hybrid,fixed,decaps,828580
2530,hybrid,fixed,decaps,788960
2531,hybrid,fixed,decaps,781719
2532,hybrid,fixed,decaps,781304
2533,hybrid,fixed,decaps,781016
2534,hybrid,fixed,decaps,783657
2535,hybrid,fixed,decaps,950518
2536,hybrid,fixed,decaps,907371
2537,hybrid,fixed,decaps,811405
2538,hybrid,fixed,decaps,777251
2539,hybrid,fixed,decaps,867309
2540,hybrid,fixed,decaps,854326
2541,hybrid,fixed,decaps,1068928
2542,hybrid,fixed,decaps,790125
2543,hybrid,fixed,decaps,841660
2544,hybrid,fixed,decaps,1075417
2545,hybrid,fixed,decaps,793854
2546,hybrid,fixed,decaps,781790
2547,hybrid,fixed,decaps,805388
2548,hybrid,fixed,decaps,784318
2549,hybrid,fixed,decaps,808425
2550,hybrid,fixed,decaps,885069
2551,hybrid,fixed,decaps,822441
2552,hybrid,fixed,decaps,821857
2553,hybrid,fixed,decaps,781431
2554,hybrid,fixed,decaps,926160
2555,hybrid,fixed,decaps,945041
2556,hybrid,fixed,decaps,809364
2557,hybrid,fixed,decaps,785848
2558,hybrid,fixed,decaps,812377
2559,hybrid,fixed,decaps,797203
2560,hybrid,fixed,decaps,781749
2561,hybrid,fixed,decaps,780785
2562,hybrid,fixed,decaps,780642
2563,hybrid,fixed,decaps,780602
2564,hybrid,fixed,decaps,790501
2565,hybrid,fixed,decaps,781044
2566,hybrid,fixed,decaps,781008
2567,hybrid,fixed,decaps,780622
2568,hybrid,fixed,decaps,780923
2569,hybrid,fixed,decaps,820394
2570,hybrid,fixed,decaps,781052
2571,hybrid,fixed,decaps,780982
2572,hybrid,fixed,decaps,803848
2573,hybrid,fixed,decaps,782060
2574,hybrid,fixed,decaps,859681
2575,hybrid,fixed,decaps,893595
2576,hybrid,fixed,decaps,917351
2577,hybrid,fixed,decaps,832592
2578,hybrid,fixed,decaps,787466
2579,hybrid,fixed,decaps,825486
2580,hybrid,fixed,decaps,785544
2581,hybrid,fixed,decaps,781858
2582,hybrid,fixed,decaps,782064
2583,hybrid,fixed,decaps,795126
2584,hybrid,fixed,decaps,805985
2585,hybrid,fixed,decaps,760601
2586,hybrid,fixed,decaps,758213
2587,hybrid,fixed,decaps,757807
2588,hybrid,fixed,decaps,758031
2589,hybrid,fixed,decaps,765550
2590,hybrid,fixed,decaps,843119
2591,hybrid,fixed,decaps,805507
2592,hybrid,fixed,decaps,818147
2593,hybrid,fixed,decaps,784122
2594,hybrid,fixed,decaps,788711
2595,hybrid,fixed,decaps,890710
2596,hybrid,fixed,decaps,917017
2597,hybrid,fixed,decaps,950253
2598,hybrid,fixed,decaps,818164
2599,hybrid,fixed,decaps,817229
2600,hybrid,fixed,decaps,1135334
2601,hybrid,fixed,decaps,787732
2602,hybrid,fixed,decaps,760386
2603,hybrid,fixed,decaps,827286
2604,hybrid,fixed,decaps,801140
2605,hybrid,fixed,decaps,781000
2606,hybrid,fixed,decaps,780878
2607,hybrid,fixed,decaps,783600
2608,hybrid,fixed,decaps,808274
2609,hybrid,fixed,decaps,782262
2610,hybrid,fixed,decaps,780807
2611,hybrid,fixed,decaps,780490
2612,hybrid,fixed,decaps,780676
2613,hybrid,fixed,decaps,820500
2614,hybrid,fixed,decaps,782057
2615,hybrid,fixed,decaps,826242
2616,hybrid,fixed,decaps,873430
2617,hybrid,fixed,decaps,857005
2618,hybrid,fixed,decaps,858616
2619,hybrid,fixed,decaps,829112
2620,hybrid,fixed,decaps,869385
2621,hybrid,fixed,decaps,913399
2622,hybrid,fixed,decaps,1280892
2623,hybrid,fixed,decaps,1301736
2624,hybrid,fixed,decaps,1234860
2625,hybrid,fixed,decaps,1232667
2626,hybrid,fixed,decaps,1213424
2627,hybrid,fixed,decaps,1344431
2628,hybrid,fixed,decaps,1248664
2629,hybrid,fixed,decaps,1307581
2630,hybrid,fixed,decaps,1349252
2631,hybrid,fixed,decaps,1368767
2632,hybrid,fixed,decaps,1368322
2633,hybrid,fixed,decaps,1478255
2634,hybrid,fixed,decaps,1439476
2635,hybrid,fixed,decaps,1387628
2636,hybrid,fixed,decaps,1399249
2637,hybrid,fixed,decaps,1450895
2638,hybrid,fixed,decaps,1383044
2639,hybrid,fixed,decaps,1444130
2640,hybrid,fixed,decaps,1515641
2641,hybrid,fixed,decaps,1500425
2642,hybrid,fixed,decaps,1505992
2643,hybrid,fixed,decaps,1551768
2644,hybrid,fixed,decaps,1495176
2645,hybrid,fixed,decaps,1499207
2646,hybrid,fixed,decaps,1591610
2647,hybrid,fixed,decaps,1523519
2648,hybrid,fixed,decaps,1566999
2649,hybrid,fixed,decaps,1453395
2650,hybrid,fixed,decaps,1084984
2651,hybrid,fixed,decaps,849017
2652,hybrid,fixed,decaps,821872
2653,hybrid,fixed,decaps,818753
2654,hybrid,fixed,decaps,804130
2655,hybrid,fixed,decaps,910000
2656,hybrid,fixed,decaps,1402429
2657,hybrid,fixed,decaps,1485410
2658,hybrid,fixed,decaps,1424486
2659,hybrid,fixed,decaps,1401592
2660,hybrid,fixed,decaps,1456475
2661,hybrid,fixed,decaps,1495570
2662,hybrid,fixed,decaps,1357212
2663,hybrid,fixed,decaps,1162949
2664,hybrid,fixed,decaps,1070796
2665,hybrid,fixed,decaps,919598
2666,hybrid,fixed,decaps,820499
2667,hybrid,fixed,decaps,819509
2668,hybrid,fixed,decaps,824830
2669,hybrid,fixed,decaps,922633
2670,hybrid,fixed,decaps,1247050
2671,hybrid,fixed,decaps,1197977
2672,hybrid,fixed,decaps,1054002
2673,hybrid,fixed,decaps,987455
2674,hybrid,fixed,decaps,821070
2675,hybrid,fixed,decaps,835389
2676,hybrid,fixed,decaps,836800
2677,hybrid,fixed,decaps,940045
2678,hybrid,fixed,decaps,851481
2679,hybrid,fixed,decaps,876052
2680,hybrid,fixed,decaps,823871
2681,hybrid,fixed,decaps,814193
2682,hybrid,fixed,decaps,852209
2683,hybrid,fixed,decaps,820135
2684,hybrid,fixed,decaps,822292
2685,hybrid,fixed,decaps,856866
2686,hybrid,fixed,decaps,868431
2687,hybrid,fixed,decaps,1430381
2688,hybrid,fixed,decaps,1295415
2689,hybrid,fixed,decaps,1405622
2690,hybrid,fixed,decaps,1434031
2691,hybrid,fixed,decaps,1453774
2692,hybrid,fixed,decaps,1377578
2693,hybrid,fixed,decaps,1460084
2694,hybrid,fixed,decaps,1449471
2695,hybrid,fixed,decaps,1457096
2696,hybrid,fixed,decaps,1526600
2697,hybrid,fixed,decaps,1565015
2698,hybrid,fixed,decaps,1591120
2699,hybrid,fixed,decaps,1337429
2700,hybrid,fixed,decaps,1316910
2701,hybrid,fixed,decaps,1377301
2702,hybrid,fixed,decaps,1407415
2703,hybrid,fixed,decaps,1295708
2704,hybrid,fixed,decaps,1441899
2705,hybrid,fixed,decaps,1459694
2706,hybrid,fixed,decaps,1559072
2707,hybrid,fixed,decaps,1441070
2708,hybrid,fixed,decaps,1473088
2709,hybrid,fixed,decaps,1430974
2710,hybrid,fixed,decaps,1408734
2711,hybrid,fixed,decaps,1432010
2712,hybrid,fixed,decaps,1325854
2713,hybrid,fixed,decaps,1350421
2714,hybrid,fixed,decaps,1299301
2715,hybrid,fixed,decaps,1439688
2716,hybrid,fixed,decaps,1124084
2717,hybrid,fixed,decaps,1058940
2718,hybrid,fixed,decaps,875080
2719,hybrid,fixed,decaps,862084
2720,hybrid,fixed,decaps,838320
2721,hybrid,fixed,decaps,1158845
2722,hybrid,fixed,decaps,1390456
2723,hybrid,fixed,decaps,1470531
2724,hybrid,fixed,decaps,1295331
2725,hybrid,fixed,decaps,1196547
2726,hybrid,fixed,decaps,859392
2727,hybrid,fixed,decaps,1038253
2728,hybrid,fixed,decaps,1043525
2729,hybrid,fixed,decaps,980613
2730,hybrid,fixed,decaps,849284
2731,hybrid,fixed,decaps,870758
2732,hybrid,fixed,decaps,868841
2733,hybrid,fixed,decaps,978279
2734,hybrid,fixed,decaps,954997
2735,hybrid,fixed,decaps,834024
2736,hybrid,fixed,decaps,817327
2737,hybrid,fixed,decaps,981356
2738,hybrid,fixed,decaps,1470379
2739,hybrid,fixed,decaps,1473619
2740,hybrid,fixed,decaps,1575825
2741,hybrid,fixed,decaps,1574214
2742,hybrid,fixed,decaps,1538765
2743,hybrid,fixed,decaps,1569288
2744,hybrid,fixed,decaps,1492496
2745,hybrid,fixed,decaps,1580749
2746,hybrid,fixed,decaps,1585184
2747,hybrid,fixed,decaps,1521408
2748,hybrid,fixed,decaps,1584561
2749,hybrid,fixed,decaps,1550580
2750,hybrid,fixed,decaps,1547239
2751,hybrid,fixed,decaps,1584419
2752,hybrid,fixed,decaps,1560169
2753,hybrid,fixed,decaps,1593796
2754,hybrid,fixed,decaps,1531144
2755,hybrid,fixed,decaps,1536029
2756,hybrid,fixed,decaps,1557861
2757,hybrid,fixed,decaps,1394417
2758,hybrid,fixed,decaps,880145
2759,hybrid,fixed,decaps,892827
2760,hybrid,fixed,decaps,893775
2761,hybrid,fixed,decaps,889031
2762,hybrid,fixed,decaps,833859
2763,hybrid,fixed,decaps,839962
2764,hybrid,fixed,decaps,835534
2765,hybrid,fixed,decaps,852284
2766,hybrid,fixed,decaps,897677
2767,hybrid,fixed,decaps,833087
2768,hybrid,fixed,decaps,860035
2769,hybrid,fixed,decaps,856245
2770,hybrid,fixed,decaps,862880
2771,hybrid,fixed,decaps,834063
2772,hybrid,fixed,decaps,836785
2773,hybrid,fixed,decaps,826684
2774,hybrid,fixed,decaps,805985
2775,hybrid,fixed,decaps,810556
2776,hybrid,fixed,decaps,805720
2777,hybrid,fixed,decaps,805237
2778,hybrid,fixed,decaps,813457
2779,hybrid,fixed,decaps,866040
2780,hybrid,fixed,decaps,891550
2781,hybrid,fixed,decaps,860451
2782,hybrid,fixed,decaps,833198
2783,hybrid,fixed,decaps,839702
2784,hybrid,fixed,decaps,888637
2785,hybrid,fixed,decaps,934926
2786,hybrid,fixed,decaps,833250
2787,hybrid,fixed,decaps,866341
2788,hybrid,fixed,decaps,817161
2789,hybrid,fixed,decaps,820249
2790,hybrid,fixed,decaps,817671
2791,hybrid,fixed,decaps,806334
2792,hybrid,fixed,decaps,888938
2793,hybrid,fixed,decaps,810585
2794,hybrid,fixed,decaps,806152
2795,hybrid,fixed,decaps,805805
2796,hybrid,fixed,decaps,805687
2797,hybrid,fixed,decaps,814320
2798,hybrid,fixed,decaps,805559
2799,hybrid,fixed,decaps,839649
2800,hybrid,fixed,decaps,805387
2801,hybrid,fixed,decaps,805694
2802,hybrid,fixed,decaps,812729
2803,hybrid,fixed,decaps,805956
2804,hybrid,fixed,decaps,805110
2805,hybrid,fixed,decaps,960218
2806,hybrid,fixed,decaps,901400
2807,hybrid,fixed,decaps,897550
2808,hybrid,fixed,decaps,813276
2809,hybrid,fixed,decaps,808451
2810,hybrid,fixed,decaps,807117
2811,hybrid,fixed,decaps,866486
2812,hybrid,fixed,decaps,829955
2813,hybrid,fixed,decaps,805393
2814,hybrid,fixed,decaps,805198
2815,hybrid,fixed,decaps,805957
2816,hybrid,fixed,decaps,814806
2817,hybrid,fixed,decaps,827455
2818,hybrid,fixed,decaps,806981
2819,hybrid,fixed,decaps,858869
2820,hybrid,fixed,decaps,831300
2821,hybrid,fixed,decaps,839942
2822,hybrid,fixed,decaps,831891
2823,hybrid,fixed,decaps,825986
2824,hybrid,fixed,decaps,787178
2825,hybrid,fixed,decaps,943510
2826,hybrid,fixed,decaps,903907
2827,hybrid,fixed,decaps,882765
2828,hybrid,fixed,decaps,815018
2829,hybrid,fixed,decaps,861502
2830,hybrid,fixed,decaps,839137
2831,hybrid,fixed,decaps,808009
2832,hybrid,fixed,decaps,805492
2833,hybrid,fixed,decaps,804961
2834,hybrid,fixed,decaps,804893
2835,hybrid,fixed,decaps,813471
2836,hybrid,fixed,decaps,806049
2837,hybrid,fixed,decaps,805301
2838,hybrid,fixed,decaps,821394
2839,hybrid,fixed,decaps,781040
2840,hybrid,fixed,decaps,856876
2841,hybrid,fixed,decaps,855855
2842,hybrid,fixed,decaps,864256
2843,hybrid,fixed,decaps,810648
2844,hybrid,fixed,decaps,809152
2845,hybrid,fixed,decaps,947266
2846,hybrid,fixed,decaps,915611
2847,hybrid,fixed,decaps,845921
2848,hybrid,fixed,decaps,955012
2849,hybrid,fixed,decaps,838079
2850,hybrid,fixed,decaps,813791
2851,hybrid,fixed,decaps,827701
2852,hybrid,fixed,decaps,843744
2853,hybrid,fixed,decaps,805232
2854,hybrid,fixed,decaps,814429
2855,hybrid,fixed,decaps,825800
2856,hybrid,fixed,decaps,805916
2857,hybrid,fixed,decaps,804909
2858,hybrid,fixed,decaps,809834
2859,hybrid,fixed,decaps,803250
2860,hybrid,fixed,decaps,781682
2861,hybrid,fixed,decaps,820014
2862,hybrid,fixed,decaps,798201
2863,hybrid,fixed,decaps,831283
2864,hybrid,fixed,decaps,950852
2865,hybrid,fixed,decaps,969785
2866,hybrid,fixed,decaps,954769
2867,hybrid,fixed,decaps,820581
2868,hybrid,fixed,decaps,802085
2869,hybrid,fixed,decaps,786388
2870,hybrid,fixed,decaps,798708
2871,hybrid,fixed,decaps,805893
2872,hybrid,fixed,decaps,809254
2873,hybrid,fixed,decaps,815395
2874,hybrid,fixed,decaps,806355
2875,hybrid,fixed,decaps,805726
2876,hybrid,fixed,decaps,805082
2877,hybrid,fixed,decaps,806143
2878,hybrid,fixed,decaps,798943
2879,hybrid,fixed,decaps,829685
2880,hybrid,fixed,decaps,817574
2881,hybrid,fixed,decaps,781397
2882,hybrid,fixed,decaps,838951
2883,hybrid,fixed,decaps,833792
2884,hybrid,fixed,decaps,867519
2885,hybrid,fixed,decaps,915452
2886,hybrid,fixed,decaps,873815
2887,hybrid,fixed,decaps,835757
2888,hybrid,fixed,decaps,833081
2889,hybrid,fixed,decaps,799711
2890,hybrid,fixed,decaps,784786
2891,hybrid,fixed,decaps,841053
2892,hybrid,fixed,decaps,855402
2893,hybrid,fixed,decaps,814912
2894,hybrid,fixed,decaps,806381
2895,hybrid,fixed,decaps,806020
2896,hybrid,fixed,decaps,805353
2897,hybrid,fixed,decaps,805977
2898,hybrid,fixed,decaps,830469
2899,hybrid,fixed,decaps,762692
2900,hybrid,fixed,decaps,828486
2901,hybrid,fixed,decaps,780973
2902,hybrid,fixed,decaps,781446
2903,hybrid,fixed,decaps,787628
2904,hybrid,fixed,decaps,873565
2905,hybrid,fixed,decaps,985874
2906,hybrid,fixed,decaps,929092
2907,hybrid,fixed,decaps,876312
2908,hybrid,fixed,decaps,835250
2909,hybrid,fixed,decaps,834992
2910,hybrid,fixed,decaps,807406
2911,hybrid,fixed,decaps,823156
2912,hybrid,fixed,decaps,774513
2913,hybrid,fixed,decaps,808374
2914,hybrid,fixed,decaps,785493
2915,hybrid,fixed,decaps,781252
2916,hybrid,fixed,decaps,780751
2917,hybrid,fixed,decaps,789159
2918,hybrid,fixed,decaps,782540
2919,hybrid,fixed,decaps,819343
2920,hybrid,fixed,decaps,879504
2921,hybrid,fixed,decaps,804613
2922,hybrid,fixed,decaps,783135
2923,hybrid,fixed,decaps,790667
2924,hybrid,fixed,decaps,780576
2925,hybrid,fixed,decaps,892097
2926,hybrid,fixed,decaps,870497
2927,hybrid,fixed,decaps,850756
2928,hybrid,fixed,decaps,854638
2929,hybrid,fixed,decaps,847374
2930,hybrid,fixed,decaps,827008
2931,hybrid,fixed,decaps,817073
2932,hybrid,fixed,decaps,807743
2933,hybrid,fixed,decaps,806313
2934,hybrid,fixed,decaps,805728
2935,hybrid,fixed,decaps,805704
2936,hybrid,fixed,decaps,805781
2937,hybrid,fixed,decaps,779937
2938,hybrid,fixed,decaps,764012
2939,hybrid,fixed,decaps,820745
2940,hybrid,fixed,decaps,838850
2941,hybrid,fixed,decaps,814122
2942,hybrid,fixed,decaps,805749
2943,hybrid,fixed,decaps,805897
2944,hybrid,fixed,decaps,805408
2945,hybrid,fixed,decaps,916551
2946,hybrid,fixed,decaps,914485
2947,hybrid,fixed,decaps,904021
2948,hybrid,fixed,decaps,775836
2949,hybrid,fixed,decaps,786081
2950,hybrid,fixed,decaps,783170
2951,hybrid,fixed,decaps,794081
2952,hybrid,fixed,decaps,812872
2953,hybrid,fixed,decaps,828359
2954,hybrid,fixed,decaps,806987
2955,hybrid,fixed,decaps,805388
2956,hybrid,fixed,decaps,813078
2957,hybrid,fixed,decaps,805878
2958,hybrid,fixed,decaps,805665
2959,hybrid,fixed,decaps,810147
2960,hybrid,fixed,decaps,763776
2961,hybrid,fixed,decaps,832693
2962,hybrid,fixed,decaps,806343
2963,hybrid,fixed,decaps,782582
2964,hybrid,fixed,decaps,780836
2965,hybrid,fixed,decaps,790829
2966,hybrid,fixed,decaps,936021
2967,hybrid,fixed,decaps,865292
2968,hybrid,fixed,decaps,837139
2969,hybrid,fixed,decaps,814991
2970,hybrid,fixed,decaps,810085
2971,hybrid,fixed,decaps,820946
2972,hybrid,fixed,decaps,806402
2973,hybrid,fixed,decaps,805255
2974,hybrid,fixed,decaps,834150
2975,hybrid,fixed,decaps,812078
2976,hybrid,fixed,decaps,782282
2977,hybrid,fixed,decaps,796621
2978,hybrid,fixed,decaps,789885
2979,hybrid,fixed,decaps,781709
2980,hybrid,fixed,decaps,813199
2981,hybrid,fixed,decaps,790127
2982,hybrid,fixed,decaps,782018
2983,hybrid,fixed,decaps,781645
2984,hybrid,fixed,decaps,781733
2985,hybrid,fixed,decaps,798738
2986,hybrid,fixed,decaps,953511
2987,hybrid,fixed,decaps,905382
2988,hybrid,fixed,decaps,871299
2989,hybrid,fixed,decaps,837179
2990,hybrid,fixed,decaps,774978
2991,hybrid,fixed,decaps,804095
2992,hybrid,fixed,decaps,812309
2993,hybrid,fixed,decaps,796866
2994,hybrid,fixed,decaps,807468
2995,hybrid,fixed,decaps,813143
2996,hybrid,fixed,decaps,805657
2997,hybrid,fixed,decaps,808016
2998,hybrid,fixed,decaps,855410
2999,hybrid,fixed,decaps,908574
3000,hybrid,fixed,decaps,802567
3001,hybrid,fixed,decaps,782942
3002,hybrid,fixed,decaps,805478
3003,hybrid,fixed,decaps,804875
3004,hybrid,fixed,decaps,804954
3005,hybrid,fixed,decaps,816154
3006,hybrid,fixed,decaps,918863
3007,hybrid,fixed,decaps,853055
3008,hybrid,fixed,decaps,839025
3009,hybrid,fixed,decaps,792894
3010,hybrid,fixed,decaps,796242
3011,hybrid,fixed,decaps,784153
3012,hybrid,fixed,decaps,784428
3013,hybrid,fixed,decaps,784710
3014,hybrid,fixed,decaps,781394
3015,hybrid,fixed,decaps,803242
3016,hybrid,fixed,decaps,805740
3017,hybrid,fixed,decaps,805575
3018,hybrid,fixed,decaps,805088
3019,hybrid,fixed,decaps,807812
3020,hybrid,fixed,decaps,768674
3021,hybrid,fixed,decaps,804819
3022,hybrid,fixed,decaps,814979
3023,hybrid,fixed,decaps,780824
3024,hybrid,fixed,decaps,780684
3025,hybrid,fixed,decaps,787959
3026,hybrid,fixed,decaps,782592
3027,hybrid,fixed,decaps,932358
3028,hybrid,fixed,decaps,861304
3029,hybrid,fixed,decaps,879612
3030,hybrid,fixed,decaps,799069
3031,hybrid,fixed,decaps,793545
3032,hybrid,fixed,decaps,783845
3033,hybrid,fixed,decaps,781014
3034,hybrid,fixed,decaps,815318
3035,hybrid,fixed,decaps,862545
3036,hybrid,fixed,decaps,809980
3037,hybrid,fixed,decaps,806159
3038,hybrid,fixed,decaps,805947
3039,hybrid,fixed,decaps,814053
3040,hybrid,fixed,decaps,810490
3041,hybrid,fixed,decaps,782235
3042,hybrid,fixed,decaps,816002
3043,hybrid,fixed,decaps,781394
3044,hybrid,fixed,decaps,788583
3045,hybrid,fixed,decaps,782359
3046,hybrid,fixed,decaps,781270
3047,hybrid,fixed,decaps,867393
3048,hybrid,fixed,decaps,854755
3049,hybrid,fixed,decaps,883052
3050,hybrid,fixed,decaps,838648
3051,hybrid,fixed,decaps,819028
3052,hybrid,fixed,decaps,810414
3053,hybrid,fixed,decaps,784168
3054,hybrid,fixed,decaps,830624
3055,hybrid,fixed,decaps,803429
3056,hybrid,fixed,decaps,781431
3057,hybrid,fixed,decaps,781094
3058,hybrid,fixed,decaps,781016
3059,hybrid,fixed,decaps,801834
3060,hybrid,fixed,decaps,782243
3061,hybrid,fixed,decaps,781148
3062,hybrid,fixed,decaps,812729
3063,hybrid,fixed,decaps,780880
3064,hybrid,fixed,decaps,789115
3065,hybrid,fixed,decaps,781456
3066,hybrid,fixed,decaps,780629
3067,hybrid,fixed,decaps,780785
3068,hybrid,fixed,decaps,890719
3069,hybrid,fixed,decaps,913887
3070,hybrid,fixed,decaps,869854
3071,hybrid,fixed,decaps,795384
3072,hybrid,fixed,decaps,785292
3073,hybrid,fixed,decaps,782006
3074,hybrid,fixed,decaps,799009
3075,hybrid,fixed,decaps,785285
3076,hybrid,fixed,decaps,808507
3077,hybrid,fixed,decaps,829602
3078,hybrid,fixed,decaps,806802
3079,hybrid,fixed,decaps,816921
3080,hybrid,fixed,decaps,806346
3081,hybrid,fixed,decaps,793637
3082,hybrid,fixed,decaps,783992
3083,hybrid,fixed,decaps,821992
3084,hybrid,fixed,decaps,788913
3085,hybrid,fixed,decaps,781348
3086,hybrid,fixed,decaps,781133
3087,hybrid,fixed,decaps,786569
3088,hybrid,fixed,decaps,814238
3089,hybrid,fixed,decaps,920544
3090,hybrid,fixed,decaps,860646
3091,hybrid,fixed,decaps,843701
3092,hybrid,fixed,decaps,787952
3093,hybrid,fixed,decaps,784111
3094,hybrid,fixed,decaps,795693
3095,hybrid,fixed,decaps,782956
3096,hybrid,fixed,decaps,781873
3097,hybrid,fixed,decaps,781497
3098,hybrid,fixed,decaps,780853
3099,hybrid,fixed,decaps,788714
3100,hybrid,fixed,decaps,783384
3101,hybrid,fixed,decaps,781779
3102,hybrid,fixed,decaps,854657
3103,hybrid,fixed,decaps,814939
3104,hybrid,fixed,decaps,789641
3105,hybrid,fixed,decaps,781648
3106,hybrid,fixed,decaps,781183
3107,hybrid,fixed,decaps,781322
3108,hybrid,fixed,decaps,780893
3109,hybrid,fixed,decaps,928252
3110,hybrid,fixed,decaps,860729
3111,hybrid,fixed,decaps,858946
3112,hybrid,fixed,decaps,840066
3113,hybrid,fixed,decaps,796923
3114,hybrid,fixed,decaps,785112
3115,hybrid,fixed,decaps,781707
3116,hybrid,fixed,decaps,780814
3117,hybrid,fixed,decaps,816325
3118,hybrid,fixed,decaps,816249
3119,hybrid,fixed,decaps,806067
3120,hybrid,fixed,decaps,805381
3121,hybrid,fixed,decaps,805415
3122,hybrid,fixed,decaps,785099
3123,hybrid,fixed,decaps,764717
3124,hybrid,fixed,decaps,820180
3125,hybrid,fixed,decaps,781680
3126,hybrid,fixed,decaps,783143
3127,hybrid,fixed,decaps,825454
3128,hybrid,fixed,decaps,867633
3129,hybrid,fixed,decaps,849760
3130,hybrid,fixed,decaps,1397536
3131,hybrid,fixed,decaps,1487020
3132,hybrid,fixed,decaps,1394755
3133,hybrid,fixed,decaps,844218
3134,hybrid,fixed,decaps,808227
3135,hybrid,fixed,decaps,806016
3136,hybrid,fixed,decaps,816657
3137,hybrid,fixed,decaps,805993
3138,hybrid,fixed,decaps,805780
3139,hybrid,fixed,decaps,802796
3140,hybrid,fixed,decaps,785302
3141,hybrid,fixed,decaps,794791
3142,hybrid,fixed,decaps,784503
3143,hybrid,fixed,decaps,781101
3144,hybrid,fixed,decaps,812234
3145,hybrid,fixed,decaps,780443
3146,hybrid,fixed,decaps,786316
3147,hybrid,fixed,decaps,781254
3148,hybrid,fixed,decaps,803510
3149,hybrid,fixed,decaps,877683
3150,hybrid,fixed,decaps,885922
3151,hybrid,fixed,decaps,849337
3152,hybrid,fixed,decaps,787448
3153,hybrid,fixed,decaps,819564
3154,hybrid,fixed,decaps,806355
3155,hybrid,fixed,decaps,807621
3156,hybrid,fixed,decaps,811848
3157,hybrid,fixed,decaps,809895
3158,hybrid,fixed,decaps,798498
3159,hybrid,fixed,decaps,794002
3160,hybrid,fixed,decaps,781204
3161,hybrid,fixed,decaps,848434
3162,hybrid,fixed,decaps,784631
3163,hybrid,fixed,decaps,820433
3164,hybrid,fixed,decaps,837109
3165,hybrid,fixed,decaps,814474
3166,hybrid,fixed,decaps,806999
3167,hybrid,fixed,decaps,810607
3168,hybrid,fixed,decaps,778531
3169,hybrid,fixed,decaps,810877
3170,hybrid,fixed,decaps,895197
3171,hybrid,fixed,decaps,851344
3172,hybrid,fixed,decaps,792871
3173,hybrid,fixed,decaps,788840
3174,hybrid,fixed,decaps,810600
3175,hybrid,fixed,decaps,823118
3176,hybrid,fixed,decaps,807956
3177,hybrid,fixed,decaps,780775
3178,hybrid,fixed,decaps,781651
3179,hybrid,fixed,decaps,788340
3180,hybrid,fixed,decaps,816916
3181,hybrid,fixed,decaps,809161
3182,hybrid,fixed,decaps,809973
3183,hybrid,fixed,decaps,811222
3184,hybrid,fixed,decaps,812144
3185,hybrid,fixed,decaps,944738
3186,hybrid,fixed,decaps,827276
3187,hybrid,fixed,decaps,811215
3188,hybrid,fixed,decaps,812559
3189,hybrid,fixed,decaps,817171
3190,hybrid,fixed,decaps,878933
3191,hybrid,fixed,decaps,839628
3192,hybrid,fixed,decaps,845501
3193,hybrid,fixed,decaps,788790
3194,hybrid,fixed,decaps,781185
3195,hybrid,fixed,decaps,826907
3196,hybrid,fixed,decaps,807968
3197,hybrid,fixed,decaps,799638
3198,hybrid,fixed,decaps,781580
3199,hybrid,fixed,decaps,781156
3200,hybrid,fixed,decaps,807039
3201,hybrid,fixed,decaps,781788
3202,hybrid,fixed,decaps,811497
3203,hybrid,fixed,decaps,805199
3204,hybrid,fixed,decaps,846548
3205,hybrid,fixed,decaps,770359
3206,hybrid,fixed,decaps,794339
3207,hybrid,fixed,decaps,781610
3208,hybrid,fixed,decaps,805506
3209,hybrid,fixed,decaps,783511
3210,hybrid,fixed,decaps,835152
3211,hybrid,fixed,decaps,883992
3212,hybrid,fixed,decaps,860611
3213,hybrid,fixed,decaps,790799
3214,hybrid,fixed,decaps,786581
3215,hybrid,fixed,decaps,801372
3216,hybrid,fixed,decaps,781798
3217,hybrid,fixed,decaps,815003
3218,hybrid,fixed,decaps,804924
3219,hybrid,fixed,decaps,805925
3220,hybrid,fixed,decaps,787199
3221,hybrid,fixed,decaps,781767
3222,hybrid,fixed,decaps,780782
3223,hybrid,fixed,decaps,782623
3224,hybrid,fixed,decaps,781500
3225,hybrid,fixed,decaps,868475
3226,hybrid,fixed,decaps,782585
3227,hybrid,fixed,decaps,780630
3228,hybrid,fixed,decaps,780403
3229,hybrid,fixed,decaps,780194
3230,hybrid,fixed,decaps,821796
3231,hybrid,fixed,decaps,857750
3232,hybrid,fixed,decaps,906077
3233,hybrid,fixed,decaps,1059339
3234,hybrid,fixed,decaps,816925
3235,hybrid,fixed,decaps,811707
3236,hybrid,fixed,decaps,807252
3237,hybrid,fixed,decaps,781168
3238,hybrid,fixed,decaps,780927
3239,hybrid,fixed,decaps,789430
3240,hybrid,fixed,decaps,781792
3241,hybrid,fixed,decaps,780900
3242,hybrid,fixed,decaps,781053
3243,hybrid,fixed,decaps,781031
3244,hybrid,fixed,decaps,790528
3245,hybrid,fixed,decaps,850052
3246,hybrid,fixed,decaps,815694
3247,hybrid,fixed,decaps,763435
3248,hybrid,fixed,decaps,789407
3249,hybrid,fixed,decaps,788063
3250,hybrid,fixed,decaps,848498
3251,hybrid,fixed,decaps,1159809
3252,hybrid,fixed,decaps,889810
3253,hybrid,fixed,decaps,1028503
3254,hybrid,fixed,decaps,1032998
3255,hybrid,fixed,decaps,797896
3256,hybrid,fixed,decaps,782169
3257,hybrid,fixed,decaps,781400
3258,hybrid,fixed,decaps,794720
3259,hybrid,fixed,decaps,782014
3260,hybrid,fixed,decaps,781058
3261,hybrid,fixed,decaps,781365
3262,hybrid,fixed,decaps,780898
3263,hybrid,fixed,decaps,819258
3264,hybrid,fixed,decaps,784628
3265,hybrid,fixed,decaps,807727
3266,hybrid,fixed,decaps,805110
3267,hybrid,fixed,decaps,805176
3268,hybrid,fixed,decaps,849547
3269,hybrid,fixed,decaps,792939
3270,hybrid,fixed,decaps,923719
3271,hybrid,fixed,decaps,941474
3272,hybrid,fixed,decaps,898848
3273,hybrid,fixed,decaps,1029101
3274,hybrid,fixed,decaps,926462
3275,hybrid,fixed,decaps,910101
3276,hybrid,fixed,decaps,907813
3277,hybrid,fixed,decaps,823936
3278,hybrid,fixed,decaps,772474
3279,hybrid,fixed,decaps,792459
3280,hybrid,fixed,decaps,781112
3281,hybrid,fixed,decaps,781052
3282,hybrid,fixed,decaps,787872
3283,hybrid,fixed,decaps,781688
3284,hybrid,fixed,decaps,781200
3285,hybrid,fixed,decaps,814472
3286,hybrid,fixed,decaps,780430
3287,hybrid,fixed,decaps,788094
3288,hybrid,fixed,decaps,781581
3289,hybrid,fixed,decaps,781261
3290,hybrid,fixed,decaps,995699
3291,hybrid,fixed,decaps,883700
3292,hybrid,fixed,decaps,891684
3293,hybrid,fixed,decaps,989112
3294,hybrid,fixed,decaps,809288
3295,hybrid,fixed,decaps,799311
3296,hybrid,fixed,decaps,824763
3297,hybrid,fixed,decaps,782929
3298,hybrid,fixed,decaps,802047
3299,hybrid,fixed,decaps,782147
3300,hybrid,fixed,decaps,780929
3301,hybrid,fixed,decaps,787999
3302,hybrid,fixed,decaps,781146
3303,hybrid,fixed,decaps,780963
3304,hybrid,fixed,decaps,780954
3305,hybrid,fixed,decaps,817341
3306,hybrid,fixed,decaps,793357
3307,hybrid,fixed,decaps,781173
3308,hybrid,fixed,decaps,780771
3309,hybrid,fixed,decaps,780662
3310,hybrid,fixed,decaps,911058
3311,hybrid,fixed,decaps,969948
3312,hybrid,fixed,decaps,864185
3313,hybrid,fixed,decaps,966045
3314,hybrid,fixed,decaps,789246
3315,hybrid,fixed,decaps,798772
3316,hybrid,fixed,decaps,818756
3317,hybrid,fixed,decaps,805945
3318,hybrid,fixed,decaps,804984
3319,hybrid,fixed,decaps,801029
3320,hybrid,fixed,decaps,822015
3321,hybrid,fixed,decaps,791897
3322,hybrid,fixed,decaps,793527
3323,hybrid,fixed,decaps,788000
3324,hybrid,fixed,decaps,781928
3325,hybrid,fixed,decaps,812510
3326,hybrid,fixed,decaps,788346
3327,hybrid,fixed,decaps,781368
3328,hybrid,fixed,decaps,780488
3329,hybrid,fixed,decaps,780497
3330,hybrid,fixed,decaps,805432
3331,hybrid,fixed,decaps,1040755
3332,hybrid,fixed,decaps,854336
3333,hybrid,fixed,decaps,1020095
3334,hybrid,fixed,decaps,789400
3335,hybrid,fixed,decaps,826137
3336,hybrid,fixed,decaps,807007
3337,hybrid,fixed,decaps,805761
3338,hybrid,fixed,decaps,805602
3339,hybrid,fixed,decaps,843688
3340,hybrid,fixed,decaps,816449
3341,hybrid,fixed,decaps,793442
3342,hybrid,fixed,decaps,785403
3343,hybrid,fixed,decaps,781645
3344,hybrid,fixed,decaps,805730
3345,hybrid,fixed,decaps,847850
3346,hybrid,fixed,decaps,790436
3347,hybrid,fixed,decaps,806597
3348,hybrid,fixed,decaps,782146
3349,hybrid,fixed,decaps,782653
3350,hybrid,fixed,decaps,797260
3351,hybrid,fixed,decaps,1041282
3352,hybrid,fixed,decaps,860430
3353,hybrid,fixed,decaps,1029813
3354,hybrid,fixed,decaps,821003
3355,hybrid,fixed,decaps,810625
3356,hybrid,fixed,decaps,781565
3357,hybrid,fixed,decaps,780544
3358,hybrid,fixed,decaps,923558
3359,hybrid,fixed,decaps,867487
3360,hybrid,fixed,decaps,781639
3361,hybrid,fixed,decaps,791884
3362,hybrid,fixed,decaps,762699
3363,hybrid,fixed,decaps,793493
3364,hybrid,fixed,decaps,787637
3365,hybrid,fixed,decaps,819378
3366,hybrid,fixed,decaps,781036
3367,hybrid,fixed,decaps,781401
3368,hybrid,fixed,decaps,797151
3369,hybrid,fixed,decaps,811798
3370,hybrid,fixed,decaps,782421
3371,hybrid,fixed,decaps,1065029
3372,hybrid,fixed,decaps,852171
3373,hybrid,fixed,decaps,1029497
3374,hybrid,fixed,decaps,804303
3375,hybrid,fixed,decaps,782377
3376,hybrid,fixed,decaps,781039
3377,hybrid,fixed,decaps,780689
3378,hybrid,fixed,decaps,781552
3379,hybrid,fixed,decaps,788547
3380,hybrid,fixed,decaps,781459
3381,hybrid,fixed,decaps,787423
3382,hybrid,fixed,decaps,907288
3383,hybrid,fixed,decaps,787846
3384,hybrid,fixed,decaps,791154
3385,hybrid,fixed,decaps,781071
3386,hybrid,fixed,decaps,780643
3387,hybrid,fixed,decaps,811389
3388,hybrid,fixed,decaps,808189
3389,hybrid,fixed,decaps,802925
3390,hybrid,fixed,decaps,758557
3391,hybrid,fixed,decaps,1059835
3392,hybrid,fixed,decaps,833613
3393,hybrid,fixed,decaps,1035643
3394,hybrid,fixed,decaps,915615
3395,hybrid,fixed,decaps,910011
3396,hybrid,fixed,decaps,909574
3397,hybrid,fixed,decaps,905737
3398,hybrid,fixed,decaps,782407
3399,hybrid,fixed,decaps,781205
3400,hybrid,fixed,decaps,781227
3401,hybrid,fixed,decaps,781145
3402,hybrid,fixed,decaps,781370
3403,hybrid,fixed,decaps,788453
3404,hybrid,fixed,decaps,781185
3405,hybrid,fixed,decaps,821201
3406,hybrid,fixed,decaps,787368
3407,hybrid,fixed,decaps,781194
3408,hybrid,fixed,decaps,799942
3409,hybrid,fixed,decaps,782717
3410,hybrid,fixed,decaps,780967
3411,hybrid,fixed,decaps,1033008
3412,hybrid,fixed,decaps,881775
3413,hybrid,fixed,decaps,995223
3414,hybrid,fixed,decaps,830453
3415,hybrid,fixed,decaps,802921
3416,hybrid,fixed,decaps,817308
3417,hybrid,fixed,decaps,792246
3418,hybrid,fixed,decaps,799765
3419,hybrid,fixed,decaps,783925
3420,hybrid,fixed,decaps,781472
3421,hybrid,fixed,decaps,781059
3422,hybrid,fixed,decaps,789410
3423,hybrid,fixed,decaps,781893
3424,hybrid,fixed,decaps,780934
3425,hybrid,fixed,decaps,812934
3426,hybrid,fixed,decaps,780756
3427,hybrid,fixed,decaps,787655
3428,hybrid,fixed,decaps,782256
3429,hybrid,fixed,decaps,781043
3430,hybrid,fixed,decaps,781687
3431,hybrid,fixed,decaps,992266
3432,hybrid,fixed,decaps,923286
3433,hybrid,fixed,decaps,941358
3434,hybrid,fixed,decaps,854749
3435,hybrid,fixed,decaps,806348
3436,hybrid,fixed,decaps,862145
3437,hybrid,fixed,decaps,791502
3438,hybrid,fixed,decaps,781698
3439,hybrid,fixed,decaps,780993
3440,hybrid,fixed,decaps,780881
3441,hybrid,fixed,decaps,788061
3442,hybrid,fixed,decaps,811956
3443,hybrid,fixed,decaps,764354
3444,hybrid,fixed,decaps,800837
3445,hybrid,fixed,decaps,781521
3446,hybrid,fixed,decaps,781356
3447,hybrid,fixed,decaps,789223
3448,hybrid,fixed,decaps,781773
3449,hybrid,fixed,decaps,814815
3450,hybrid,fixed,decaps,780639
3451,hybrid,fixed,decaps,908625
3452,hybrid,fixed,decaps,935170
3453,hybrid,fixed,decaps,833473
3454,hybrid,fixed,decaps,1005678
3455,hybrid,fixed,decaps,785949
3456,hybrid,fixed,decaps,794598
3457,hybrid,fixed,decaps,782214
3458,hybrid,fixed,decaps,781379
3459,hybrid,fixed,decaps,781271
3460,hybrid,fixed,decaps,781059
3461,hybrid,fixed,decaps,824244
3462,hybrid,fixed,decaps,802834
3463,hybrid,fixed,decaps,789462
3464,hybrid,fixed,decaps,779401
3465,hybrid,fixed,decaps,781657
3466,hybrid,fixed,decaps,819346
3467,hybrid,fixed,decaps,820001
3468,hybrid,fixed,decaps,783669
3469,hybrid,fixed,decaps,781074
3470,hybrid,fixed,decaps,780911
3471,hybrid,fixed,decaps,793835
3472,hybrid,fixed,decaps,1036939
3473,hybrid,fixed,decaps,852129
3474,hybrid,fixed,decaps,982802
3475,hybrid,fixed,decaps,809092
3476,hybrid,fixed,decaps,815427
3477,hybrid,fixed,decaps,818864
3478,hybrid,fixed,decaps,780716
3479,hybrid,fixed,decaps,780582
3480,hybrid,fixed,decaps,781272
3481,hybrid,fixed,decaps,788464
3482,hybrid,fixed,decaps,780877
3483,hybrid,fixed,decaps,780427
3484,hybrid,fixed,decaps,780951
3485,hybrid,fixed,decaps,811956
3486,hybrid,fixed,decaps,824548
3487,hybrid,fixed,decaps,781100
3488,hybrid,fixed,decaps,780419
3489,hybrid,fixed,decaps,780514
3490,hybrid,fixed,decaps,793617
3491,hybrid,fixed,decaps,904256
3492,hybrid,fixed,decaps,1050967
3493,hybrid,fixed,decaps,860100
3494,hybrid,fixed,decaps,992832
3495,hybrid,fixed,decaps,858441
3496,hybrid,fixed,decaps,784759
3497,hybrid,fixed,decaps,781639
3498,hybrid,fixed,decaps,781360
3499,hybrid,fixed,decaps,781203
3500,hybrid,fixed,decaps,789569
3501,hybrid,fixed,decaps,815677
3502,hybrid,fixed,decaps,805546
3503,hybrid,fixed,decaps,809047
3504,hybrid,fixed,decaps,781103
3505,hybrid,fixed,decaps,787565
3506,hybrid,fixed,decaps,781337
3507,hybrid,fixed,decaps,814903
3508,hybrid,fixed,decaps,781260
3509,hybrid,fixed,decaps,783908
3510,hybrid,fixed,decaps,936320
3511,hybrid,fixed,decaps,791558
3512,hybrid,fixed,decaps,1003789
3513,hybrid,fixed,decaps,901188
3514,hybrid,fixed,decaps,949963
3515,hybrid,fixed,decaps,873259
3516,hybrid,fixed,decaps,783868
3517,hybrid,fixed,decaps,798323
3518,hybrid,fixed,decaps,805811
3519,hybrid,fixed,decaps,807483
3520,hybrid,fixed,decaps,781488
3521,hybrid,fixed,decaps,790657
3522,hybrid,fixed,decaps,778184
3523,hybrid,fixed,decaps,781413
3524,hybrid,fixed,decaps,788956
3525,hybrid,fixed,decaps,781476
3526,hybrid,fixed,decaps,780878
3527,hybrid,fixed,decaps,780871
3528,hybrid,fixed,decaps,819056
3529,hybrid,fixed,decaps,793783
3530,hybrid,fixed,decaps,781165
3531,hybrid,fixed,decaps,780549
3532,hybrid,fixed,decaps,896455
3533,hybrid,fixed,decaps,931579
3534,hybrid,fixed,decaps,944571
3535,hybrid,fixed,decaps,985489
3536,hybrid,fixed,decaps,801436
3537,hybrid,fixed,decaps,782330
3538,hybrid,fixed,decaps,781299
3539,hybrid,fixed,decaps,791507
3540,hybrid,fixed,decaps,782035
3541,hybrid,fixed,decaps,782032
3542,hybrid,fixed,decaps,781078
3543,hybrid,fixed,decaps,780918
3544,hybrid,fixed,decaps,789314
3545,hybrid,fixed,decaps,810398
3546,hybrid,fixed,decaps,783964
3547,hybrid,fixed,decaps,817780
3548,hybrid,fixed,decaps,786881
3549,hybrid,fixed,decaps,791220
3550,hybrid,fixed,decaps,781474
3551,hybrid,fixed,decaps,780950
3552,hybrid,fixed,decaps,780863
3553,hybrid,fixed,decaps,1103789
3554,hybrid,fixed,decaps,864646
3555,hybrid,fixed,decaps,983330
3556,hybrid,fixed,decaps,787901
3557,hybrid,fixed,decaps,783009
3558,hybrid,fixed,decaps,792130
3559,hybrid,fixed,decaps,782422
3560,hybrid,fixed,decaps,781550
3561,hybrid,fixed,decaps,780904
3562,hybrid,fixed,decaps,781163
3563,hybrid,fixed,decaps,807198
3564,hybrid,fixed,decaps,782804
3565,hybrid,fixed,decaps,781888
3566,hybrid,fixed,decaps,783101
3567,hybrid,fixed,decaps,782105
3568,hybrid,fixed,decaps,823202
3569,hybrid,fixed,decaps,782487
3570,hybrid,fixed,decaps,781695
3571,hybrid,fixed,decaps,781935
3572,hybrid,fixed,decaps,781386
3573,hybrid,fixed,decaps,944549
3574,hybrid,fixed,decaps,959506
3575,hybrid,fixed,decaps,885550
3576,hybrid,fixed,decaps,1009026
3577,hybrid,fixed,decaps,923544
3578,hybrid,fixed,decaps,905590
3579,hybrid,fixed,decaps,904215
3580,hybrid,fixed,decaps,890431
3581,hybrid,fixed,decaps,758182
3582,hybrid,fixed,decaps,770844
3583,hybrid,fixed,decaps,758765
3584,hybrid,fixed,decaps,757521
3585,hybrid,fixed,decaps,757548
3586,hybrid,fixed,decaps,811810
3587,hybrid,fixed,decaps,806827
3588,hybrid,fixed,decaps,842117
3589,hybrid,fixed,decaps,804682
3590,hybrid,fixed,decaps,799205
3591,hybrid,fixed,decaps,780534
3592,hybrid,fixed,decaps,784420
3593,hybrid,fixed,decaps,1042907
3594,hybrid,fixed,decaps,997473
3595,hybrid,fixed,decaps,973907
3596,hybrid,fixed,decaps,835847
3597,hybrid,fixed,decaps,783939
3598,hybrid,fixed,decaps,801625
3599,hybrid,fixed,decaps,913425
3600,hybrid,fixed,decaps,908844
3601,hybrid,fixed,decaps,874871
3602,hybrid,fixed,decaps,782294
3603,hybrid,fixed,decaps,791070
3604,hybrid,fixed,decaps,765273
3605,hybrid,fixed,decaps,757549
3606,hybrid,fixed,decaps,764175
3607,hybrid,fixed,decaps,791955
3608,hybrid,fixed,decaps,757915
3609,hybrid,fixed,decaps,757875
3610,hybrid,fixed,decaps,805118
3611,hybrid,fixed,decaps,814698
3612,hybrid,fixed,decaps,781207
3613,hybrid,fixed,decaps,1010243
3614,hybrid,fixed,decaps,868946
3615,hybrid,fixed,decaps,852498
3616,hybrid,fixed,decaps,780851
3617,hybrid,fixed,decaps,812234
3618,hybrid,fixed,decaps,808884
3619,hybrid,fixed,decaps,806297
3620,hybrid,fixed,decaps,819136
3621,hybrid,fixed,decaps,790853
3622,hybrid,fixed,decaps,781485
3623,hybrid,fixed,decaps,806176
3624,hybrid,fixed,decaps,782540
3625,hybrid,fixed,decaps,780733
3626,hybrid,fixed,decaps,788652
3627,hybrid,fixed,decaps,781474
3628,hybrid,fixed,decaps,814214
3629,hybrid,fixed,decaps,780466
3630,hybrid,fixed,decaps,780314
3631,hybrid,fixed,decaps,785138
3632,hybrid,fixed,decaps,780659
3633,hybrid,fixed,decaps,787187
3634,hybrid,fixed,decaps,862646
3635,hybrid,fixed,decaps,871658
3636,hybrid,fixed,decaps,832550
3637,hybrid,fixed,decaps,880812
3638,hybrid,fixed,decaps,920966
3639,hybrid,fixed,decaps,789051
3640,hybrid,fixed,decaps,803297
3641,hybrid,fixed,decaps,830813
3642,hybrid,fixed,decaps,781961
3643,hybrid,fixed,decaps,781388
3644,hybrid,fixed,decaps,781201
3645,hybrid,fixed,decaps,780733
3646,hybrid,fixed,decaps,787853
3647,hybrid,fixed,decaps,781950
3648,hybrid,fixed,decaps,804050
3649,hybrid,fixed,decaps,808096
3650,hybrid,fixed,decaps,811709
3651,hybrid,fixed,decaps,817344
3652,hybrid,fixed,decaps,781450
3653,hybrid,fixed,decaps,781078
3654,hybrid,fixed,decaps,819240
3655,hybrid,fixed,decaps,900292
3656,hybrid,fixed,decaps,823807
3657,hybrid,fixed,decaps,818262
3658,hybrid,fixed,decaps,816971
3659,hybrid,fixed,decaps,782680
3660,hybrid,fixed,decaps,789314
3661,hybrid,fixed,decaps,782799
3662,hybrid,fixed,decaps,814230
3663,hybrid,fixed,decaps,783328
3664,hybrid,fixed,decaps,780560
3665,hybrid,fixed,decaps,780284
3666,hybrid,fixed,decaps,788746
3667,hybrid,fixed,decaps,781382
3668,hybrid,fixed,decaps,781027
3669,hybrid,fixed,decaps,817925
3670,hybrid,fixed,decaps,792742
3671,hybrid,fixed,decaps,769953
3672,hybrid,fixed,decaps,758939
3673,hybrid,fixed,decaps,779880
3674,hybrid,fixed,decaps,759648
3675,hybrid,fixed,decaps,850029
3676,hybrid,fixed,decaps,846703
3677,hybrid,fixed,decaps,832889
3678,hybrid,fixed,decaps,836951
3679,hybrid,fixed,decaps,814752
3680,hybrid,fixed,decaps,834925
3681,hybrid,fixed,decaps,784923
3682,hybrid,fixed,decaps,782647
3683,hybrid,fixed,decaps,781626
3684,hybrid,fixed,decaps,781419
3685,hybrid,fixed,decaps,781421
3686,hybrid,fixed,decaps,787259
3687,hybrid,fixed,decaps,810021
3688,hybrid,fixed,decaps,784614
3689,hybrid,fixed,decaps,781495
3690,hybrid,fixed,decaps,812725
3691,hybrid,fixed,decaps,788246
3692,hybrid,fixed,decaps,781473
3693,hybrid,fixed,decaps,780854
3694,hybrid,fixed,decaps,780950
3695,hybrid,fixed,decaps,781916
3696,hybrid,fixed,decaps,844026
3697,hybrid,fixed,decaps,871021
3698,hybrid,fixed,decaps,877513
3699,hybrid,fixed,decaps,800805
3700,hybrid,fixed,decaps,791650
3701,hybrid,fixed,decaps,802083
3702,hybrid,fixed,decaps,810933
3703,hybrid,fixed,decaps,771926
3704,hybrid,fixed,decaps,792048
3705,hybrid,fixed,decaps,783807
3706,hybrid,fixed,decaps,802908
3707,hybrid,fixed,decaps,758673
3708,hybrid,fixed,decaps,763183
3709,hybrid,fixed,decaps,757954
3710,hybrid,fixed,decaps,758072
3711,hybrid,fixed,decaps,762048
3712,hybrid,fixed,decaps,844736
3713,hybrid,fixed,decaps,842626
3714,hybrid,fixed,decaps,783580
3715,hybrid,fixed,decaps,781685
3716,hybrid,fixed,decaps,795913
3717,hybrid,fixed,decaps,861042
3718,hybrid,fixed,decaps,880991
3719,hybrid,fixed,decaps,787730
3720,hybrid,fixed,decaps,846407
3721,hybrid,fixed,decaps,814879
3722,hybrid,fixed,decaps,782424
3723,hybrid,fixed,decaps,795778
3724,hybrid,fixed,decaps,789142
3725,hybrid,fixed,decaps,781624
3726,hybrid,fixed,decaps,789173
3727,hybrid,fixed,decaps,781125
3728,hybrid,fixed,decaps,780944
3729,hybrid,fixed,decaps,781040
3730,hybrid,fixed,decaps,780756
3731,hybrid,fixed,decaps,820829
3732,hybrid,fixed,decaps,785549
3733,hybrid,fixed,decaps,783475
3734,hybrid,fixed,decaps,762710
3735,hybrid,fixed,decaps,757543
3736,hybrid,fixed,decaps,764924
3737,hybrid,fixed,decaps,767545
3738,hybrid,fixed,decaps,871025
3739,hybrid,fixed,decaps,856875
3740,hybrid,fixed,decaps,816034
3741,hybrid,fixed,decaps,865320
3742,hybrid,fixed,decaps,823353
3743,hybrid,fixed,decaps,785988
3744,hybrid,fixed,decaps,798649
3745,hybrid,fixed,decaps,781640
3746,hybrid,fixed,decaps,788967
3747,hybrid,fixed,decaps,780587
3748,hybrid,fixed,decaps,816151
3749,hybrid,fixed,decaps,822293
3750,hybrid,fixed,decaps,809415
3751,hybrid,fixed,decaps,783241
3752,hybrid,fixed,decaps,781050
3753,hybrid,fixed,decaps,814716
3754,hybrid,fixed,decaps,807662
3755,hybrid,fixed,decaps,814940
3756,hybrid,fixed,decaps,781817
3757,hybrid,fixed,decaps,783910
3758,hybrid,fixed,decaps,808643
3759,hybrid,fixed,decaps,890196
3760,hybrid,fixed,decaps,863911
3761,hybrid,fixed,decaps,794817
3762,hybrid,fixed,decaps,835118
3763,hybrid,fixed,decaps,808609
3764,hybrid,fixed,decaps,796870
3765,hybrid,fixed,decaps,791398
3766,hybrid,fixed,decaps,781780
3767,hybrid,fixed,decaps,780850
3768,hybrid,fixed,decaps,792176
3769,hybrid,fixed,decaps,885642
3770,hybrid,fixed,decaps,941285
3771,hybrid,fixed,decaps,797747
3772,hybrid,fixed,decaps,781101
3773,hybrid,fixed,decaps,840030
3774,hybrid,fixed,decaps,765120
3775,hybrid,fixed,decaps,767430
3776,hybrid,fixed,decaps,758955
3777,hybrid,fixed,decaps,758165
3778,hybrid,fixed,decaps,760034
3779,hybrid,fixed,decaps,849834
3780,hybrid,fixed,decaps,807733
3781,hybrid,fixed,decaps,777059
3782,hybrid,fixed,decaps,785190
3783,hybrid,fixed,decaps,809024
3784,hybrid,fixed,decaps,806825
3785,hybrid,fixed,decaps,808556
3786,hybrid,fixed,decaps,782016
3787,hybrid,fixed,decaps,780528
3788,hybrid,fixed,decaps,811605
3789,hybrid,fixed,decaps,782785
3790,hybrid,fixed,decaps,788960
3791,hybrid,fixed,decaps,781307
3792,hybrid,fixed,decaps,780852
3793,hybrid,fixed,decaps,780929
3794,hybrid,fixed,decaps,840452
3795,hybrid,fixed,decaps,789992
3796,hybrid,fixed,decaps,781928
3797,hybrid,fixed,decaps,785259
3798,hybrid,fixed,decaps,780601
3799,hybrid,fixed,decaps,879120
3800,hybrid,fixed,decaps,902338
3801,hybrid,fixed,decaps,847379
3802,hybrid,fixed,decaps,815678
3803,hybrid,fixed,decaps,819355
3804,hybrid,fixed,decaps,762063
3805,hybrid,fixed,decaps,773092
3806,hybrid,fixed,decaps,821216
3807,hybrid,fixed,decaps,807177
3808,hybrid,fixed,decaps,814790
3809,hybrid,fixed,decaps,781537
3810,hybrid,fixed,decaps,790779
3811,hybrid,fixed,decaps,781607
3812,hybrid,fixed,decaps,781567
3813,hybrid,fixed,decaps,823188
3814,hybrid,fixed,decaps,759307
3815,hybrid,fixed,decaps,870895
3816,hybrid,fixed,decaps,790494
3817,hybrid,fixed,decaps,763856
3818,hybrid,fixed,decaps,779896
3819,hybrid,fixed,decaps,759450
3820,hybrid,fixed,decaps,870353
3821,hybrid,fixed,decaps,891870
3822,hybrid,fixed,decaps,833111
3823,hybrid,fixed,decaps,830784
3824,hybrid,fixed,decaps,763167
3825,hybrid,fixed,decaps,767963
3826,hybrid,fixed,decaps,809208
3827,hybrid,fixed,decaps,804580
3828,hybrid,fixed,decaps,811775
3829,hybrid,fixed,decaps,780751
3830,hybrid,fixed,decaps,785757
3831,hybrid,fixed,decaps,781075
3832,hybrid,fixed,decaps,780404
3833,hybrid,fixed,decaps,780584
3834,hybrid,fixed,decaps,785155
3835,hybrid,fixed,decaps,778583
3836,hybrid,fixed,decaps,827771
3837,hybrid,fixed,decaps,780649
3838,hybrid,fixed,decaps,812118
3839,hybrid,fixed,decaps,782681
3840,hybrid,fixed,decaps,789403
3841,hybrid,fixed,decaps,862678
3842,hybrid,fixed,decaps,848425
3843,hybrid,fixed,decaps,833277
3844,hybrid,fixed,decaps,823335
3845,hybrid,fixed,decaps,794933
3846,hybrid,fixed,decaps,782628
3847,hybrid,fixed,decaps,780940
3848,hybrid,fixed,decaps,805816
3849,hybrid,fixed,decaps,783055
3850,hybrid,fixed,decaps,788666
3851,hybrid,fixed,decaps,781375
3852,hybrid,fixed,decaps,781016
3853,hybrid,fixed,decaps,781088
3854,hybrid,fixed,decaps,781117
3855,hybrid,fixed,decaps,785852
3856,hybrid,fixed,decaps,815195
3857,hybrid,fixed,decaps,781441
3858,hybrid,fixed,decaps,780791
3859,hybrid,fixed,decaps,781056
3860,hybrid,fixed,decaps,785596
3861,hybrid,fixed,decaps,782765
3862,hybrid,fixed,decaps,900586
3863,hybrid,fixed,decaps,847078
3864,hybrid,fixed,decaps,807517
3865,hybrid,fixed,decaps,774660
3866,hybrid,fixed,decaps,761592
3867,hybrid,fixed,decaps,792631
3868,hybrid,fixed,decaps,829652
3869,hybrid,fixed,decaps,845240
3870,hybrid,fixed,decaps,791800
3871,hybrid,fixed,decaps,782094
3872,hybrid,fixed,decaps,807941
3873,hybrid,fixed,decaps,831130
3874,hybrid,fixed,decaps,790213
3875,hybrid,fixed,decaps,809846
3876,hybrid,fixed,decaps,782629
3877,hybrid,fixed,decaps,821316
3878,hybrid,fixed,decaps,796720
3879,hybrid,fixed,decaps,782047
3880,hybrid,fixed,decaps,837104
3881,hybrid,fixed,decaps,782883
3882,hybrid,fixed,decaps,802370
3883,hybrid,fixed,decaps,884263
3884,hybrid,fixed,decaps,811149
3885,hybrid,fixed,decaps,880335
3886,hybrid,fixed,decaps,788715
3887,hybrid,fixed,decaps,783192
3888,hybrid,fixed,decaps,889269
3889,hybrid,fixed,decaps,817342
3890,hybrid,fixed,decaps,912166
3891,hybrid,fixed,decaps,918995
3892,hybrid,fixed,decaps,919487
3893,hybrid,fixed,decaps,940490
3894,hybrid,fixed,decaps,929266
3895,hybrid,fixed,decaps,913219
3896,hybrid,fixed,decaps,881269
3897,hybrid,fixed,decaps,967898
3898,hybrid,fixed,decaps,888305
3899,hybrid,fixed,decaps,763958
3900,hybrid,fixed,decaps,782795
3901,hybrid,fixed,decaps,813053
3902,hybrid,fixed,decaps,887808
3903,hybrid,fixed,decaps,825544
3904,hybrid,fixed,decaps,811634
3905,hybrid,fixed,decaps,785231
3906,hybrid,fixed,decaps,783479
3907,hybrid,fixed,decaps,782362
3908,hybrid,fixed,decaps,824844
3909,hybrid,fixed,decaps,804071
3910,hybrid,fixed,decaps,781154
3911,hybrid,fixed,decaps,780605
3912,hybrid,fixed,decaps,783055
3913,hybrid,fixed,decaps,788652
3914,hybrid,fixed,decaps,805427
3915,hybrid,fixed,decaps,783190
3916,hybrid,fixed,decaps,781060
3917,hybrid,fixed,decaps,816289
3918,hybrid,fixed,decaps,828418
3919,hybrid,fixed,decaps,783175
3920,hybrid,fixed,decaps,781271
3921,hybrid,fixed,decaps,781218
3922,hybrid,fixed,decaps,815978
3923,hybrid,fixed,decaps,944911
3924,hybrid,fixed,decaps,1098200
3925,hybrid,fixed,decaps,808898
3926,hybrid,fixed,decaps,785468
3927,hybrid,fixed,decaps,782799
3928,hybrid,fixed,decaps,792983
3929,hybrid,fixed,decaps,838265
3930,hybrid,fixed,decaps,784700
3931,hybrid,fixed,decaps,781403
3932,hybrid,fixed,decaps,781006
3933,hybrid,fixed,decaps,794111
3934,hybrid,fixed,decaps,772547
3935,hybrid,fixed,decaps,762289
3936,hybrid,fixed,decaps,785139
3937,hybrid,fixed,decaps,812003
3938,hybrid,fixed,decaps,814171
3939,hybrid,fixed,decaps,829273
3940,hybrid,fixed,decaps,784043
3941,hybrid,fixed,decaps,781003
3942,hybrid,fixed,decaps,781566
3943,hybrid,fixed,decaps,863532
3944,hybrid,fixed,decaps,849555
3945,hybrid,fixed,decaps,851491
3946,hybrid,fixed,decaps,810535
3947,hybrid,fixed,decaps,789850
3948,hybrid,fixed,decaps,828177
3949,hybrid,fixed,decaps,782966
3950,hybrid,fixed,decaps,780815
3951,hybrid,fixed,decaps,801054
3952,hybrid,fixed,decaps,781939
3953,hybrid,fixed,decaps,788206
3954,hybrid,fixed,decaps,781470
3955,hybrid,fixed,decaps,780916
3956,hybrid,fixed,decaps,787594
3957,hybrid,fixed,decaps,762843
3958,hybrid,fixed,decaps,779589
3959,hybrid,fixed,decaps,793110
3960,hybrid,fixed,decaps,758097
3961,hybrid,fixed,decaps,786484
3962,hybrid,fixed,decaps,759042
3963,hybrid,fixed,decaps,827828
3964,hybrid,fixed,decaps,919644
3965,hybrid,fixed,decaps,878120
3966,hybrid,fixed,decaps,1013905
3967,hybrid,fixed,decaps,827141
3968,hybrid,fixed,decaps,798889
3969,hybrid,fixed,decaps,785010
3970,hybrid,fixed,decaps,781327
3971,hybrid,fixed,decaps,798574
3972,hybrid,fixed,decaps,820361
3973,hybrid,fixed,decaps,808006
3974,hybrid,fixed,decaps,780994
3975,hybrid,fixed,decaps,781272
3976,hybrid,fixed,decaps,780865
3977,hybrid,fixed,decaps,806458
3978,hybrid,fixed,decaps,819917
3979,hybrid,fixed,decaps,781018
3980,hybrid,fixed,decaps,776647
3981,hybrid,fixed,decaps,789979
3982,hybrid,fixed,decaps,788872
3983,hybrid,fixed,decaps,781245
3984,hybrid,fixed,decaps,1103310
3985,hybrid,fixed,decaps,902832
3986,hybrid,fixed,decaps,988890
3987,hybrid,fixed,decaps,835366
3988,hybrid,fixed,decaps,761106
3989,hybrid,fixed,decaps,783826
3990,hybrid,fixed,decaps,760899
3991,hybrid,fixed,decaps,758267
3992,hybrid,fixed,decaps,841921
3993,hybrid,fixed,decaps,759556
3994,hybrid,fixed,decaps,805074
3995,hybrid,fixed,decaps,807494
3996,hybrid,fixed,decaps,801394
3997,hybrid,fixed,decaps,825179
3998,hybrid,fixed,decaps,782281
3999,hybrid,fixed,decaps,814557
4000,hybrid,fixed,decaps,780701
4001,hybrid,fixed,decaps,780734
4002,hybrid,fixed,decaps,789397
4003,hybrid,fixed,decaps,781534
4004,hybrid,fixed,decaps,985119
4005,hybrid,fixed,decaps,879481
4006,hybrid,fixed,decaps,962632
4007,hybrid,fixed,decaps,855129
4008,hybrid,fixed,decaps,804917
4009,hybrid,fixed,decaps,816915
4010,hybrid,fixed,decaps,816927
4011,hybrid,fixed,decaps,794307
4012,hybrid,fixed,decaps,781587
4013,hybrid,fixed,decaps,780710
4014,hybrid,fixed,decaps,800666
4015,hybrid,fixed,decaps,782505
4016,hybrid,fixed,decaps,787468
4017,hybrid,fixed,decaps,802419
4018,hybrid,fixed,decaps,781907
4019,hybrid,fixed,decaps,780600
4020,hybrid,fixed,decaps,814944
4021,hybrid,fixed,decaps,813959
4022,hybrid,fixed,decaps,856488
4023,hybrid,fixed,decaps,988111
4024,hybrid,fixed,decaps,1082875
4025,hybrid,fixed,decaps,995781
4026,hybrid,fixed,decaps,917696
4027,hybrid,fixed,decaps,812438
4028,hybrid,fixed,decaps,760633
4029,hybrid,fixed,decaps,758578
4030,hybrid,fixed,decaps,821305
4031,hybrid,fixed,decaps,806011
4032,hybrid,fixed,decaps,802507
4033,hybrid,fixed,decaps,822497
4034,hybrid,fixed,decaps,758108
4035,hybrid,fixed,decaps,802978
4036,hybrid,fixed,decaps,799516
4037,hybrid,fixed,decaps,805033
4038,hybrid,fixed,decaps,827559
4039,hybrid,fixed,decaps,817667
4040,hybrid,fixed,decaps,789496
4041,hybrid,fixed,decaps,827664
4042,hybrid,fixed,decaps,782146
4043,hybrid,fixed,decaps,780899
4044,hybrid,fixed,decaps,1078316
4045,hybrid,fixed,decaps,904035
4046,hybrid,fixed,decaps,904764
4047,hybrid,fixed,decaps,844388
4048,hybrid,fixed,decaps,760508
4049,hybrid,fixed,decaps,901003
4050,hybrid,fixed,decaps,1012456
4051,hybrid,fixed,decaps,910223
4052,hybrid,fixed,decaps,881117
4053,hybrid,fixed,decaps,882359
4054,hybrid,fixed,decaps,794096
4055,hybrid,fixed,decaps,817290
4056,hybrid,fixed,decaps,897465
4057,hybrid,fixed,decaps,784187
4058,hybrid,fixed,decaps,818061
4059,hybrid,fixed,decaps,798848
4060,hybrid,fixed,decaps,782099
4061,hybrid,fixed,decaps,780965
4062,hybrid,fixed,decaps,781132
4063,hybrid,fixed,decaps,869454
4064,hybrid,fixed,decaps,1021680
4065,hybrid,fixed,decaps,890491
4066,hybrid,fixed,decaps,1009518
4067,hybrid,fixed,decaps,786709
4068,hybrid,fixed,decaps,794112
4069,hybrid,fixed,decaps,782328
4070,hybrid,fixed,decaps,781138
4071,hybrid,fixed,decaps,780827
4072,hybrid,fixed,decaps,780703
4073,hybrid,fixed,decaps,787504
4074,hybrid,fixed,decaps,781366
4075,hybrid,fixed,decaps,780896
4076,hybrid,fixed,decaps,780922
4077,hybrid,fixed,decaps,780576
4078,hybrid,fixed,decaps,789000
4079,hybrid,fixed,decaps,815268
4080,hybrid,fixed,decaps,780872
4081,hybrid,fixed,decaps,780416
4082,hybrid,fixed,decaps,780601
4083,hybrid,fixed,decaps,789050
4084,hybrid,fixed,decaps,1127208
4085,hybrid,fixed,decaps,922621
4086,hybrid,fixed,decaps,911045
4087,hybrid,fixed,decaps,876170
4088,hybrid,fixed,decaps,782096
4089,hybrid,fixed,decaps,864269
4090,hybrid,fixed,decaps,922764
4091,hybrid,fixed,decaps,937339
4092,hybrid,fixed,decaps,860337
4093,hybrid,fixed,decaps,782317
4094,hybrid,fixed,decaps,780992
4095,hybrid,fixed,decaps,780964
4096,hybrid,fixed,decaps,780825
4097,hybrid,fixed,decaps,788632
4098,hybrid,fixed,decaps,790231
4099,hybrid,fixed,decaps,797288
4100,hybrid,fixed,decaps,758382
4101,hybrid,fixed,decaps,757769
4102,hybrid,fixed,decaps,766515
4103,hybrid,fixed,decaps,798496
4104,hybrid,fixed,decaps,1127805
4105,hybrid,fixed,decaps,852114
4106,hybrid,fixed,decaps,964675
4107,hybrid,fixed,decaps,810325
4108,hybrid,fixed,decaps,784531
4109,hybrid,fixed,decaps,781316
4110,hybrid,fixed,decaps,811360
4111,hybrid,fixed,decaps,809682
4112,hybrid,fixed,decaps,802550
4113,hybrid,fixed,decaps,809652
4114,hybrid,fixed,decaps,821113
4115,hybrid,fixed,decaps,801461
4116,hybrid,fixed,decaps,799746
4117,hybrid,fixed,decaps,821265
4118,hybrid,fixed,decaps,781565
4119,hybrid,fixed,decaps,815493
4120,hybrid,fixed,decaps,807397
4121,hybrid,fixed,decaps,791262
4122,hybrid,fixed,decaps,781928
4123,hybrid,fixed,decaps,780868
4124,hybrid,fixed,decaps,1094202
4125,hybrid,fixed,decaps,868043
4126,hybrid,fixed,decaps,1052343
4127,hybrid,fixed,decaps,788317
4128,hybrid,fixed,decaps,813647
4129,hybrid,fixed,decaps,803792
4130,hybrid,fixed,decaps,781560
4131,hybrid,fixed,decaps,790949
4132,hybrid,fixed,decaps,781752
4133,hybrid,fixed,decaps,781275
4134,hybrid,fixed,decaps,781521
4135,hybrid,fixed,decaps,781246
4136,hybrid,fixed,decaps,788689
4137,hybrid,fixed,decaps,781250
4138,hybrid,fixed,decaps,842109
4139,hybrid,fixed,decaps,783881
4140,hybrid,fixed,decaps,781026
4141,hybrid,fixed,decaps,788048
4142,hybrid,fixed,decaps,781490
4143,hybrid,fixed,decaps,780812
4144,hybrid,fixed,decaps,1087310
4145,hybrid,fixed,decaps,874593
4146,hybrid,fixed,decaps,937202
4147,hybrid,fixed,decaps,1033581
4148,hybrid,fixed,decaps,1023539
4149,hybrid,fixed,decaps,925615
4150,hybrid,fixed,decaps,948626
4151,hybrid,fixed,decaps,838546
4152,hybrid,fixed,decaps,758438
4153,hybrid,fixed,decaps,757948
4154,hybrid,fixed,decaps,767013
4155,hybrid,fixed,decaps,758599
4156,hybrid,fixed,decaps,757674
4157,hybrid,fixed,decaps,818127
4158,hybrid,fixed,decaps,801344
4159,hybrid,fixed,decaps,786950
4160,hybrid,fixed,decaps,813079
4161,hybrid,fixed,decaps,780387
4162,hybrid,fixed,decaps,807896
4163,hybrid,fixed,decaps,898976
4164,hybrid,fixed,decaps,1041236
4165,hybrid,fixed,decaps,865328
4166,hybrid,fixed,decaps,965100
4167,hybrid,fixed,decaps,789313
4168,hybrid,fixed,decaps,781800
4169,hybrid,fixed,decaps,792453
4170,hybrid,fixed,decaps,782319
4171,hybrid,fixed,decaps,783472
4172,hybrid,fixed,decaps,780681
4173,hybrid,fixed,decaps,780694
4174,hybrid,fixed,decaps,790648
4175,hybrid,fixed,decaps,781759
4176,hybrid,fixed,decaps,795009
4177,hybrid,fixed,decaps,841870
4178,hybrid,fixed,decaps,764901
4179,hybrid,fixed,decaps,767144
4180,hybrid,fixed,decaps,759086
4181,hybrid,fixed,decaps,758406
4182,hybrid,fixed,decaps,758352
4183,hybrid,fixed,decaps,758180
4184,hybrid,fixed,decaps,1077186
4185,hybrid,fixed,decaps,978032
4186,hybrid,fixed,decaps,1071079
4187,hybrid,fixed,decaps,856843
4188,hybrid,fixed,decaps,796694
4189,hybrid,fixed,decaps,808628
4190,hybrid,fixed,decaps,805364
4191,hybrid,fixed,decaps,815671
4192,hybrid,fixed,decaps,780980
4193,hybrid,fixed,decaps,789085
4194,hybrid,fixed,decaps,781984
4195,hybrid,fixed,decaps,780680
4196,hybrid,fixed,decaps,781205
4197,hybrid,fixed,decaps,780611
4198,hybrid,fixed,decaps,819346
4199,hybrid,fixed,decaps,781545
4200,hybrid,fixed,decaps,781093
4201,hybrid,fixed,decaps,780907
4202,hybrid,fixed,decaps,780764
4203,hybrid,fixed,decaps,788580
4204,hybrid,fixed,decaps,1020402
4205,hybrid,fixed,decaps,932164
4206,hybrid,fixed,decaps,944393
4207,hybrid,fixed,decaps,850868
4208,hybrid,fixed,decaps,794871
4209,hybrid,fixed,decaps,782661
4210,hybrid,fixed,decaps,807355
4211,hybrid,fixed,decaps,783467
4212,hybrid,fixed,decaps,800860
4213,hybrid,fixed,decaps,828830
4214,hybrid,fixed,decaps,781007
4215,hybrid,fixed,decaps,780418
4216,hybrid,fixed,decaps,787889
4217,hybrid,fixed,decaps,757894
4218,hybrid,fixed,decaps,768866
4219,hybrid,fixed,decaps,792387
4220,hybrid,fixed,decaps,757903
4221,hybrid,fixed,decaps,757861
4222,hybrid,fixed,decaps,757948
4223,hybrid,fixed,decaps,817136
4224,hybrid,fixed,decaps,956926
4225,hybrid,fixed,decaps,940850
4226,hybrid,fixed,decaps,863110
4227,hybrid,fixed,decaps,1013405
4228,hybrid,fixed,decaps,789651
4229,hybrid,fixed,decaps,782033
4230,hybrid,fixed,decaps,784096
4231,hybrid,fixed,decaps,781632
4232,hybrid,fixed,decaps,791177
4233,hybrid,fixed,decaps,781849
4234,hybrid,fixed,decaps,790047
4235,hybrid,fixed,decaps,796312
4236,hybrid,fixed,decaps,815569
4237,hybrid,fixed,decaps,802383
4238,hybrid,fixed,decaps,758438
4239,hybrid,fixed,decaps,763040
4240,hybrid,fixed,decaps,840373
4241,hybrid,fixed,decaps,809727
4242,hybrid,fixed,decaps,816600
4243,hybrid,fixed,decaps,780997
4244,hybrid,fixed,decaps,801089
4245,hybrid,fixed,decaps,1021217
4246,hybrid,fixed,decaps,864304
4247,hybrid,fixed,decaps,841346
4248,hybrid,fixed,decaps,935275
4249,hybrid,fixed,decaps,764379
4250,hybrid,fixed,decaps,789875
4251,hybrid,fixed,decaps,814732
4252,hybrid,fixed,decaps,792230
4253,hybrid,fixed,decaps,934386
4254,hybrid,fixed,decaps,910226
4255,hybrid,fixed,decaps,853138
4256,hybrid,fixed,decaps,766993
4257,hybrid,fixed,decaps,764401
4258,hybrid,fixed,decaps,758061
4259,hybrid,fixed,decaps,874128
4260,hybrid,fixed,decaps,806955
4261,hybrid,fixed,decaps,817421
4262,hybrid,fixed,decaps,781704
4263,hybrid,fixed,decaps,781013
4264,hybrid,fixed,decaps,833847
4265,hybrid,fixed,decaps,974267
4266,hybrid,fixed,decaps,874390
4267,hybrid,fixed,decaps,979843
4268,hybrid,fixed,decaps,821707
4269,hybrid,fixed,decaps,810640
4270,hybrid,fixed,decaps,782053
4271,hybrid,fixed,decaps,792716
4272,hybrid,fixed,decaps,781753
4273,hybrid,fixed,decaps,780759
4274,hybrid,fixed,decaps,780981
4275,hybrid,fixed,decaps,781077
4276,hybrid,fixed,decaps,790559
4277,hybrid,fixed,decaps,900086
4278,hybrid,fixed,decaps,1001154
4279,hybrid,fixed,decaps,933170
4280,hybrid,fixed,decaps,919801
4281,hybrid,fixed,decaps,830225
4282,hybrid,fixed,decaps,757966
4283,hybrid,fixed,decaps,782303
4284,hybrid,fixed,decaps,930599
4285,hybrid,fixed,decaps,853647
4286,hybrid,fixed,decaps,894002
4287,hybrid,fixed,decaps,824666
4288,hybrid,fixed,decaps,787079
4289,hybrid,fixed,decaps,816866
4290,hybrid,fixed,decaps,793317
4291,hybrid,fixed,decaps,817435
4292,hybrid,fixed,decaps,804325
4293,hybrid,fixed,decaps,780635
4294,hybrid,fixed,decaps,780584
4295,hybrid,fixed,decaps,788223
4296,hybrid,fixed,decaps,783635
4297,hybrid,fixed,decaps,780516
4298,hybrid,fixed,decaps,780754
4299,hybrid,fixed,decaps,780628
4300,hybrid,fixed,decaps,819276
4301,hybrid,fixed,decaps,781326
4302,hybrid,fixed,decaps,781256
4303,hybrid,fixed,decaps,780972
4304,hybrid,fixed,decaps,809368
4305,hybrid,fixed,decaps,1075331
4306,hybrid,fixed,decaps,856081
4307,hybrid,fixed,decaps,966753
4308,hybrid,fixed,decaps,806916
4309,hybrid,fixed,decaps,813010
4310,hybrid,fixed,decaps,811605
4311,hybrid,fixed,decaps,781405
4312,hybrid,fixed,decaps,781268
4313,hybrid,fixed,decaps,885809
4314,hybrid,fixed,decaps,891108
4315,hybrid,fixed,decaps,781017
4316,hybrid,fixed,decaps,790755
4317,hybrid,fixed,decaps,737009
4318,hybrid,fixed,decaps,771785
4319,hybrid,fixed,decaps,766309
4320,hybrid,fixed,decaps,789923
4321,hybrid,fixed,decaps,758291
4322,hybrid,fixed,decaps,757959
4323,hybrid,fixed,decaps,757976
4324,hybrid,fixed,decaps,780797
4325,hybrid,fixed,decaps,935288
4326,hybrid,fixed,decaps,869828
4327,hybrid,fixed,decaps,892685
4328,hybrid,fixed,decaps,1121772
4329,hybrid,fixed,decaps,823693
4330,hybrid,fixed,decaps,798746
4331,hybrid,fixed,decaps,781811
4332,hybrid,fixed,decaps,782934
4333,hybrid,fixed,decaps,782132
4334,hybrid,fixed,decaps,788536
4335,hybrid,fixed,decaps,781717
4336,hybrid,fixed,decaps,780689
4337,hybrid,fixed,decaps,781423
4338,hybrid,fixed,decaps,780836
4339,hybrid,fixed,decaps,787802
4340,hybrid,fixed,decaps,827638
4341,hybrid,fixed,decaps,758276
4342,hybrid,fixed,decaps,763088
4343,hybrid,fixed,decaps,759166
4344,hybrid,fixed,decaps,776577
4345,hybrid,fixed,decaps,870825
4346,hybrid,fixed,decaps,1016333
4347,hybrid,fixed,decaps,882094
4348,hybrid,fixed,decaps,1088730
4349,hybrid,fixed,decaps,814111
4350,hybrid,fixed,decaps,782475
4351,hybrid,fixed,decaps,780880
4352,hybrid,fixed,decaps,781962
4353,hybrid,fixed,decaps,833579
4354,hybrid,fixed,decaps,784222
4355,hybrid,fixed,decaps,781643
4356,hybrid,fixed,decaps,780553
4357,hybrid,fixed,decaps,780624
4358,hybrid,fixed,decaps,788061
4359,hybrid,fixed,decaps,781101
4360,hybrid,fixed,decaps,780505
4361,hybrid,fixed,decaps,814808
4362,hybrid,fixed,decaps,780442
4363,hybrid,fixed,decaps,787175
4364,hybrid,fixed,decaps,781861
4365,hybrid,fixed,decaps,780805
4366,hybrid,fixed,decaps,1047871
4367,hybrid,fixed,decaps,858526
4368,hybrid,fixed,decaps,1020918
4369,hybrid,fixed,decaps,779404
4370,hybrid,fixed,decaps,790298
4371,hybrid,fixed,decaps,781369
4372,hybrid,fixed,decaps,780404
4373,hybrid,fixed,decaps,789947
4374,hybrid,fixed,decaps,781369
4375,hybrid,fixed,decaps,780862
4376,hybrid,fixed,decaps,780905
4377,hybrid,fixed,decaps,781233
4378,hybrid,fixed,decaps,828653
4379,hybrid,fixed,decaps,784561
4380,hybrid,fixed,decaps,809280
4381,hybrid,fixed,decaps,816651
4382,hybrid,fixed,decaps,781078
4383,hybrid,fixed,decaps,800560
4384,hybrid,fixed,decaps,782206
4385,hybrid,fixed,decaps,781139
4386,hybrid,fixed,decaps,977581
4387,hybrid,fixed,decaps,884514
4388,hybrid,fixed,decaps,928881
4389,hybrid,fixed,decaps,1008147
4390,hybrid,fixed,decaps,763026
4391,hybrid,fixed,decaps,794680
4392,hybrid,fixed,decaps,789482
4393,hybrid,fixed,decaps,759520
4394,hybrid,fixed,decaps,774506
4395,hybrid,fixed,decaps,781239
4396,hybrid,fixed,decaps,781215
4397,hybrid,fixed,decaps,788542
4398,hybrid,fixed,decaps,781671
4399,hybrid,fixed,decaps,781486
4400,hybrid,fixed,decaps,781025
4401,hybrid,fixed,decaps,838974
4402,hybrid,fixed,decaps,791603
4403,hybrid,fixed,decaps,781277
4404,hybrid,fixed,decaps,780480
4405,hybrid,fixed,decaps,849328
4406,hybrid,fixed,decaps,939675
4407,hybrid,fixed,decaps,984091
4408,hybrid,fixed,decaps,909391
4409,hybrid,fixed,decaps,925620
4410,hybrid,fixed,decaps,801770
4411,hybrid,fixed,decaps,782732
4412,hybrid,fixed,decaps,817642
4413,hybrid,fixed,decaps,805517
4414,hybrid,fixed,decaps,798981
4415,hybrid,fixed,decaps,780876
4416,hybrid,fixed,decaps,780744
4417,hybrid,fixed,decaps,790159
4418,hybrid,fixed,decaps,781214
4419,hybrid,fixed,decaps,780538
4420,hybrid,fixed,decaps,780457
4421,hybrid,fixed,decaps,797494
4422,hybrid,fixed,decaps,765059
4423,hybrid,fixed,decaps,803401
4424,hybrid,fixed,decaps,763885
4425,hybrid,fixed,decaps,757710
4426,hybrid,fixed,decaps,757611
4427,hybrid,fixed,decaps,1012231
4428,hybrid,fixed,decaps,831311
4429,hybrid,fixed,decaps,973471
4430,hybrid,fixed,decaps,868781
4431,hybrid,fixed,decaps,821883
4432,hybrid,fixed,decaps,806523
4433,hybrid,fixed,decaps,816225
4434,hybrid,fixed,decaps,781318
4435,hybrid,fixed,decaps,781349
4436,hybrid,fixed,decaps,790657
4437,hybrid,fixed,decaps,781513
4438,hybrid,fixed,decaps,780912
4439,hybrid,fixed,decaps,780792
4440,hybrid,fixed,decaps,780844
4441,hybrid,fixed,decaps,885110
4442,hybrid,fixed,decaps,799029
4443,hybrid,fixed,decaps,764048
4444,hybrid,fixed,decaps,794437
4445,hybrid,fixed,decaps,780797
4446,hybrid,fixed,decaps,787264
4447,hybrid,fixed,decaps,994937
4448,hybrid,fixed,decaps,891566
4449,hybrid,fixed,decaps,833015
4450,hybrid,fixed,decaps,993361
4451,hybrid,fixed,decaps,797184
4452,hybrid,fixed,decaps,782813
4453,hybrid,fixed,decaps,781529
4454,hybrid,fixed,decaps,781630
4455,hybrid,fixed,decaps,781281
4456,hybrid,fixed,decaps,789117
4457,hybrid,fixed,decaps,781813
4458,hybrid,fixed,decaps,781254
4459,hybrid,fixed,decaps,780947
4460,hybrid,fixed,decaps,781221
4461,hybrid,fixed,decaps,793249
4462,hybrid,fixed,decaps,816446
4463,hybrid,fixed,decaps,781569
4464,hybrid,fixed,decaps,781176
4465,hybrid,fixed,decaps,781083
4466,hybrid,fixed,decaps,790627
4467,hybrid,fixed,decaps,851979
4468,hybrid,fixed,decaps,1117968
4469,hybrid,fixed,decaps,857292
4470,hybrid,fixed,decaps,1007043
4471,hybrid,fixed,decaps,789740
4472,hybrid,fixed,decaps,781641
4473,hybrid,fixed,decaps,781452
4474,hybrid,fixed,decaps,781136
4475,hybrid,fixed,decaps,788774
4476,hybrid,fixed,decaps,781523
4477,hybrid,fixed,decaps,780246
4478,hybrid,fixed,decaps,780649
4479,hybrid,fixed,decaps,781276
4480,hybrid,fixed,decaps,785330
4481,hybrid,fixed,decaps,782576
4482,hybrid,fixed,decaps,781376
4483,hybrid,fixed,decaps,863897
4484,hybrid,fixed,decaps,784721
4485,hybrid,fixed,decaps,789465
4486,hybrid,fixed,decaps,782198
4487,hybrid,fixed,decaps,781917
4488,hybrid,fixed,decaps,1076342
4489,hybrid,fixed,decaps,853138
4490,hybrid,fixed,decaps,995316
4491,hybrid,fixed,decaps,809913
4492,hybrid,fixed,decaps,801167
4493,hybrid,fixed,decaps,810360
4494,hybrid,fixed,decaps,781010
4495,hybrid,fixed,decaps,791531
4496,hybrid,fixed,decaps,781845
4497,hybrid,fixed,decaps,776115
4498,hybrid,fixed,decaps,768486
4499,hybrid,fixed,decaps,758397
4500,hybrid,fixed,decaps,834624
4501,hybrid,fixed,decaps,805470
4502,hybrid,fixed,decaps,780680
4503,hybrid,fixed,decaps,814808
4504,hybrid,fixed,decaps,781604
4505,hybrid,fixed,decaps,787358
4506,hybrid,fixed,decaps,781537
4507,hybrid,fixed,decaps,781810
4508,hybrid,fixed,decaps,1073874
4509,hybrid,fixed,decaps,838354
4510,hybrid,fixed,decaps,928725
4511,hybrid,fixed,decaps,920521
4512,hybrid,fixed,decaps,784954
4513,hybrid,fixed,decaps,781110
4514,hybrid,fixed,decaps,791960
4515,hybrid,fixed,decaps,781945
4516,hybrid,fixed,decaps,781290
4517,hybrid,fixed,decaps,781206
4518,hybrid,fixed,decaps,781159
4519,hybrid,fixed,decaps,787245
4520,hybrid,fixed,decaps,781665
4521,hybrid,fixed,decaps,780644
4522,hybrid,fixed,decaps,780717
4523,hybrid,fixed,decaps,817368
4524,hybrid,fixed,decaps,786919
4525,hybrid,fixed,decaps,782057
4526,hybrid,fixed,decaps,782239
4527,hybrid,fixed,decaps,781047
4528,hybrid,fixed,decaps,866572
4529,hybrid,fixed,decaps,1007815
4530,hybrid,fixed,decaps,862805
4531,hybrid,fixed,decaps,952711
4532,hybrid,fixed,decaps,927704
4533,hybrid,fixed,decaps,862898
4534,hybrid,fixed,decaps,789054
4535,hybrid,fixed,decaps,782704
4536,hybrid,fixed,decaps,781034
4537,hybrid,fixed,decaps,781066
4538,hybrid,fixed,decaps,807480
4539,hybrid,fixed,decaps,815464
4540,hybrid,fixed,decaps,819361
4541,hybrid,fixed,decaps,782916
4542,hybrid,fixed,decaps,781165
4543,hybrid,fixed,decaps,794745
4544,hybrid,fixed,decaps,769998
4545,hybrid,fixed,decaps,758684
4546,hybrid,fixed,decaps,833828
4547,hybrid,fixed,decaps,805356
4548,hybrid,fixed,decaps,864858
4549,hybrid,fixed,decaps,1064833
4550,hybrid,fixed,decaps,921931
4551,hybrid,fixed,decaps,953937
4552,hybrid,fixed,decaps,815435
4553,hybrid,fixed,decaps,910211
4554,hybrid,fixed,decaps,810590
4555,hybrid,fixed,decaps,800845
4556,hybrid,fixed,decaps,890524
4557,hybrid,fixed,decaps,813870
4558,hybrid,fixed,decaps,834043
4559,hybrid,fixed,decaps,782013
4560,hybrid,fixed,decaps,780848
4561,hybrid,fixed,decaps,784616
4562,hybrid,fixed,decaps,827062
4563,hybrid,fixed,decaps,823287
4564,hybrid,fixed,decaps,800756
4565,hybrid,fixed,decaps,780967
4566,hybrid,fixed,decaps,795244
4567,hybrid,fixed,decaps,785976
4568,hybrid,fixed,decaps,880410
4569,hybrid,fixed,decaps,844997
4570,hybrid,fixed,decaps,819515
4571,hybrid,fixed,decaps,829478
4572,hybrid,fixed,decaps,824892
4573,hybrid,fixed,decaps,785137
4574,hybrid,fixed,decaps,811373
4575,hybrid,fixed,decaps,820106
4576,hybrid,fixed,decaps,800782
4577,hybrid,fixed,decaps,789302
4578,hybrid,fixed,decaps,781885
4579,hybrid,fixed,decaps,780767
4580,hybrid,fixed,decaps,809299
4581,hybrid,fixed,decaps,781823
4582,hybrid,fixed,decaps,780198
4583,hybrid,fixed,decaps,824197
4584,hybrid,fixed,decaps,780797
4585,hybrid,fixed,decaps,781724
4586,hybrid,fixed,decaps,785435
4587,hybrid,fixed,decaps,780792
4588,hybrid,fixed,decaps,784477
4589,hybrid,fixed,decaps,795331
4590,hybrid,fixed,decaps,868131
4591,hybrid,fixed,decaps,876665
4592,hybrid,fixed,decaps,815337
4593,hybrid,fixed,decaps,789367
4594,hybrid,fixed,decaps,782320
4595,hybrid,fixed,decaps,781121
4596,hybrid,fixed,decaps,782246
4597,hybrid,fixed,decaps,784301
4598,hybrid,fixed,decaps,812454
4599,hybrid,fixed,decaps,783124
4600,hybrid,fixed,decaps,780939
4601,hybrid,fixed,decaps,780840
4602,hybrid,fixed,decaps,781024
4603,hybrid,fixed,decaps,786061
4604,hybrid,fixed,decaps,782004
4605,hybrid,fixed,decaps,852190
4606,hybrid,fixed,decaps,838625
4607,hybrid,fixed,decaps,793363
4608,hybrid,fixed,decaps,785127
4609,hybrid,fixed,decaps,781481
4610,hybrid,fixed,decaps,811749
4611,hybrid,fixed,decaps,888297
4612,hybrid,fixed,decaps,903625
4613,hybrid,fixed,decaps,796001
4614,hybrid,fixed,decaps,786294
4615,hybrid,fixed,decaps,782450
4616,hybrid,fixed,decaps,781218
4617,hybrid,fixed,decaps,816545
4618,hybrid,fixed,decaps,811204
4619,hybrid,fixed,decaps,781011
4620,hybrid,fixed,decaps,780277
4621,hybrid,fixed,decaps,780395
4622,hybrid,fixed,decaps,785200
4623,hybrid,fixed,decaps,807421
4624,hybrid,fixed,decaps,800653
4625,hybrid,fixed,decaps,805187
4626,hybrid,fixed,decaps,855035
4627,hybrid,fixed,decaps,791765
4628,hybrid,fixed,decaps,782485
4629,hybrid,fixed,decaps,782236
4630,hybrid,fixed,decaps,784460
4631,hybrid,fixed,decaps,881966
4632,hybrid,fixed,decaps,874633
4633,hybrid,fixed,decaps,834671
4634,hybrid,fixed,decaps,824300
4635,hybrid,fixed,decaps,785032
4636,hybrid,fixed,decaps,811547
4637,hybrid,fixed,decaps,790358
4638,hybrid,fixed,decaps,780938
4639,hybrid,fixed,decaps,780624
4640,hybrid,fixed,decaps,780862
4641,hybrid,fixed,decaps,780406
4642,hybrid,fixed,decaps,785077
4643,hybrid,fixed,decaps,781467
4644,hybrid,fixed,decaps,780787
4645,hybrid,fixed,decaps,780503
4646,hybrid,fixed,decaps,818102
4647,hybrid,fixed,decaps,791034
4648,hybrid,fixed,decaps,811288
4649,hybrid,fixed,decaps,782372
4650,hybrid,fixed,decaps,780724
4651,hybrid,fixed,decaps,789210
4652,hybrid,fixed,decaps,876321
4653,hybrid,fixed,decaps,882891
4654,hybrid,fixed,decaps,789053
4655,hybrid,fixed,decaps,776810
4656,hybrid,fixed,decaps,837291
4657,hybrid,fixed,decaps,821874
4658,hybrid,fixed,decaps,810562
4659,hybrid,fixed,decaps,785999
4660,hybrid,fixed,decaps,781095
4661,hybrid,fixed,decaps,783962
4662,hybrid,fixed,decaps,953511
4663,hybrid,fixed,decaps,787401
4664,hybrid,fixed,decaps,771096
4665,hybrid,fixed,decaps,758363
4666,hybrid,fixed,decaps,757837
4667,hybrid,fixed,decaps,767021
4668,hybrid,fixed,decaps,800578
4669,hybrid,fixed,decaps,805614
4670,hybrid,fixed,decaps,821768
4671,hybrid,fixed,decaps,781002
4672,hybrid,fixed,decaps,829448
4673,hybrid,fixed,decaps,889984
4674,hybrid,fixed,decaps,784581
4675,hybrid,fixed,decaps,790996
4676,hybrid,fixed,decaps,810169
4677,hybrid,fixed,decaps,808139
4678,hybrid,fixed,decaps,814686
4679,hybrid,fixed,decaps,807620
4680,hybrid,fixed,decaps,780418
4681,hybrid,fixed,decaps,808376
4682,hybrid,fixed,decaps,793488
4683,hybrid,fixed,decaps,782127
4684,hybrid,fixed,decaps,781419
4685,hybrid,fixed,decaps,794865
4686,hybrid,fixed,decaps,762095
4687,hybrid,fixed,decaps,832146
4688,hybrid,fixed,decaps,781857
4689,hybrid,fixed,decaps,781309
4690,hybrid,fixed,decaps,781082
4691,hybrid,fixed,decaps,780959
4692,hybrid,fixed,decaps,789674
4693,hybrid,fixed,decaps,843911
4694,hybrid,fixed,decaps,863388
4695,hybrid,fixed,decaps,823260
4696,hybrid,fixed,decaps,819349
4697,hybrid,fixed,decaps,833433
4698,hybrid,fixed,decaps,893726
4699,hybrid,fixed,decaps,785298
4700,hybrid,fixed,decaps,782154
4701,hybrid,fixed,decaps,781119
4702,hybrid,fixed,decaps,791533
4703,hybrid,fixed,decaps,781894
4704,hybrid,fixed,decaps,781168
4705,hybrid,fixed,decaps,780998
4706,hybrid,fixed,decaps,808328
4707,hybrid,fixed,decaps,787882
4708,hybrid,fixed,decaps,819960
4709,hybrid,fixed,decaps,782077
4710,hybrid,fixed,decaps,756164
4711,hybrid,fixed,decaps,759104
4712,hybrid,fixed,decaps,819369
4713,hybrid,fixed,decaps,811069
4714,hybrid,fixed,decaps,863359
4715,hybrid,fixed,decaps,931400
4716,hybrid,fixed,decaps,872425
4717,hybrid,fixed,decaps,790087
4718,hybrid,fixed,decaps,808072
4719,hybrid,fixed,decaps,797902
4720,hybrid,fixed,decaps,780776
4721,hybrid,fixed,decaps,780681
4722,hybrid,fixed,decaps,797824
4723,hybrid,fixed,decaps,801089
4724,hybrid,fixed,decaps,815194
4725,hybrid,fixed,decaps,783036
4726,hybrid,fixed,decaps,788642
4727,hybrid,fixed,decaps,788520
4728,hybrid,fixed,decaps,774928
4729,hybrid,fixed,decaps,791532
4730,hybrid,fixed,decaps,779991
4731,hybrid,fixed,decaps,815789
4732,hybrid,fixed,decaps,811252
4733,hybrid,fixed,decaps,783102
4734,hybrid,fixed,decaps,798965
4735,hybrid,fixed,decaps,888688
4736,hybrid,fixed,decaps,910097
4737,hybrid,fixed,decaps,890656
4738,hybrid,fixed,decaps,764904
4739,hybrid,fixed,decaps,759447
4740,hybrid,fixed,decaps,805292
4741,hybrid,fixed,decaps,811567
4742,hybrid,fixed,decaps,801015
4743,hybrid,fixed,decaps,805337
4744,hybrid,fixed,decaps,793885
4745,hybrid,fixed,decaps,782137
4746,hybrid,fixed,decaps,767637
4747,hybrid,fixed,decaps,759641
4748,hybrid,fixed,decaps,757923
4749,hybrid,fixed,decaps,841162
4750,hybrid,fixed,decaps,796816
4751,hybrid,fixed,decaps,813616
4752,hybrid,fixed,decaps,790468
4753,hybrid,fixed,decaps,781556
4754,hybrid,fixed,decaps,782124
4755,hybrid,fixed,decaps,833615
4756,hybrid,fixed,decaps,935865
4757,hybrid,fixed,decaps,840183
4758,hybrid,fixed,decaps,802096
4759,hybrid,fixed,decaps,761251
4760,hybrid,fixed,decaps,813111
4761,hybrid,fixed,decaps,817678
4762,hybrid,fixed,decaps,809885
4763,hybrid,fixed,decaps,780353
4764,hybrid,fixed,decaps,815326
4765,hybrid,fixed,decaps,775043
4766,hybrid,fixed,decaps,797566
4767,hybrid,fixed,decaps,781614
4768,hybrid,fixed,decaps,781455
4769,hybrid,fixed,decaps,780975
4770,hybrid,fixed,decaps,820790
4771,hybrid,fixed,decaps,784936
4772,hybrid,fixed,decaps,780510
4773,hybrid,fixed,decaps,780479
4774,hybrid,fixed,decaps,813960
4775,hybrid,fixed,decaps,810070
4776,hybrid,fixed,decaps,1107206
4777,hybrid,fixed,decaps,1019511
4778,hybrid,fixed,decaps,891663
4779,hybrid,fixed,decaps,806891
4780,hybrid,fixed,decaps,810478
4781,hybrid,fixed,decaps,793862
4782,hybrid,fixed,decaps,782218
4783,hybrid,fixed,decaps,781492
4784,hybrid,fixed,decaps,781032
4785,hybrid,fixed,decaps,793358
4786,hybrid,fixed,decaps,769829
4787,hybrid,fixed,decaps,758116
4788,hybrid,fixed,decaps,757530
4789,hybrid,fixed,decaps,788582
4790,hybrid,fixed,decaps,847255
4791,hybrid,fixed,decaps,880259
4792,hybrid,fixed,decaps,892895
4793,hybrid,fixed,decaps,957736
4794,hybrid,fixed,decaps,906316
4795,hybrid,fixed,decaps,1067037
4796,hybrid,fixed,decaps,908332
4797,hybrid,fixed,decaps,911608
4798,hybrid,fixed,decaps,811022
4799,hybrid,fixed,decaps,791482
4800,hybrid,fixed,decaps,827641
4801,hybrid,fixed,decaps,781513
4802,hybrid,fixed,decaps,780668
4803,hybrid,fixed,decaps,780495
4804,hybrid,fixed,decaps,780589
4805,hybrid,fixed,decaps,788012
4806,hybrid,fixed,decaps,781518
4807,hybrid,fixed,decaps,781196
4808,hybrid,fixed,decaps,780886
4809,hybrid,fixed,decaps,812341
4810,hybrid,fixed,decaps,788837
4811,hybrid,fixed,decaps,780725
4812,hybrid,fixed,decaps,780493
4813,hybrid,fixed,decaps,780113
4814,hybrid,fixed,decaps,780131
4815,hybrid,fixed,decaps,941933
4816,hybrid,fixed,decaps,942007
4817,hybrid,fixed,decaps,848723
4818,hybrid,fixed,decaps,972369
4819,hybrid,fixed,decaps,777633
4820,hybrid,fixed,decaps,795008
4821,hybrid,fixed,decaps,805456
4822,hybrid,fixed,decaps,805005
4823,hybrid,fixed,decaps,794386
4824,hybrid,fixed,decaps,875984
4825,hybrid,fixed,decaps,911365
4826,hybrid,fixed,decaps,909177
4827,hybrid,fixed,decaps,846749
4828,hybrid,fixed,decaps,763432
4829,hybrid,fixed,decaps,766894
4830,hybrid,fixed,decaps,792206
4831,hybrid,fixed,decaps,793201
4832,hybrid,fixed,decaps,804895
4833,hybrid,fixed,decaps,805037
4834,hybrid,fixed,decaps,806004
4835,hybrid,fixed,decaps,935698
4836,hybrid,fixed,decaps,947661
4837,hybrid,fixed,decaps,877631
4838,hybrid,fixed,decaps,916467
4839,hybrid,fixed,decaps,799838
4840,hybrid,fixed,decaps,805655
4841,hybrid,fixed,decaps,818253
4842,hybrid,fixed,decaps,781283
4843,hybrid,fixed,decaps,788123
4844,hybrid,fixed,decaps,781626
4845,hybrid,fixed,decaps,781070
4846,hybrid,fixed,decaps,781131
4847,hybrid,fixed,decaps,781268
4848,hybrid,fixed,decaps,789750
4849,hybrid,fixed,decaps,781684
4850,hybrid,fixed,decaps,814846
4851,hybrid,fixed,decaps,780893
4852,hybrid,fixed,decaps,781340
4853,hybrid,fixed,decaps,800334
4854,hybrid,fixed,decaps,781955
4855,hybrid,fixed,decaps,791996
4856,hybrid,fixed,decaps,1021114
4857,hybrid,fixed,decaps,851052
4858,hybrid,fixed,decaps,1022434
4859,hybrid,fixed,decaps,789894
4860,hybrid,fixed,decaps,781795
4861,hybrid,fixed,decaps,781130
4862,hybrid,fixed,decaps,780748
4863,hybrid,fixed,decaps,789834
4864,hybrid,fixed,decaps,782374
4865,hybrid,fixed,decaps,780956
4866,hybrid,fixed,decaps,780967
4867,hybrid,fixed,decaps,780897
4868,hybrid,fixed,decaps,788775
4869,hybrid,fixed,decaps,781556
4870,hybrid,fixed,decaps,814674
4871,hybrid,fixed,decaps,782199
4872,hybrid,fixed,decaps,780971
4873,hybrid,fixed,decaps,787553
4874,hybrid,fixed,decaps,781746
4875,hybrid,fixed,decaps,780888
4876,hybrid,fixed,decaps,924453
4877,hybrid,fixed,decaps,914772
4878,hybrid,fixed,decaps,925960
4879,hybrid,fixed,decaps,1025735
4880,hybrid,fixed,decaps,952086
4881,hybrid,fixed,decaps,915499
4882,hybrid,fixed,decaps,762867
4883,hybrid,fixed,decaps,768077
4884,hybrid,fixed,decaps,789090
4885,hybrid,fixed,decaps,815415
4886,hybrid,fixed,decaps,785078
4887,hybrid,fixed,decaps,764516
4888,hybrid,fixed,decaps,812191
4889,hybrid,fixed,decaps,758626
4890,hybrid,fixed,decaps,758014
4891,hybrid,fixed,decaps,862382
4892,hybrid,fixed,decaps,845784
4893,hybrid,fixed,decaps,782896
4894,hybrid,fixed,decaps,780951
4895,hybrid,fixed,decaps,780892
4896,hybrid,fixed,decaps,1010851
4897,hybrid,fixed,decaps,913866
4898,hybrid,fixed,decaps,981969
4899,hybrid,fixed,decaps,838297
4900,hybrid,fixed,decaps,759901
4901,hybrid,fixed,decaps,803762
4902,hybrid,fixed,decaps,850073
4903,hybrid,fixed,decaps,818717
4904,hybrid,fixed,decaps,781257
4905,hybrid,fixed,decaps,781900
4906,hybrid,fixed,decaps,789632
4907,hybrid,fixed,decaps,782430
4908,hybrid,fixed,decaps,781347
4909,hybrid,fixed,decaps,780907
4910,hybrid,fixed,decaps,975922
4911,hybrid,fixed,decaps,1172583
4912,hybrid,fixed,decaps,783909
4913,hybrid,fixed,decaps,780974
4914,hybrid,fixed,decaps,780712
4915,hybrid,fixed,decaps,938627
4916,hybrid,fixed,decaps,1075386
4917,hybrid,fixed,decaps,1023972
4918,hybrid,fixed,decaps,816984
4919,hybrid,fixed,decaps,952148
4920,hybrid,fixed,decaps,782258
4921,hybrid,fixed,decaps,814632
4922,hybrid,fixed,decaps,805565
4923,hybrid,fixed,decaps,781612
4924,hybrid,fixed,decaps,781148
4925,hybrid,fixed,decaps,867120
4926,hybrid,fixed,decaps,783912
4927,hybrid,fixed,decaps,780764
4928,hybrid,fixed,decaps,780561
4929,hybrid,fixed,decaps,780887
4930,hybrid,fixed,decaps,800572
4931,hybrid,fixed,decaps,782502
4932,hybrid,fixed,decaps,814895
4933,hybrid,fixed,decaps,780849
4934,hybrid,fixed,decaps,780828
4935,hybrid,fixed,decaps,887636
4936,hybrid,fixed,decaps,962931
4937,hybrid,fixed,decaps,814737
4938,hybrid,fixed,decaps,990322
4939,hybrid,fixed,decaps,822585
4940,hybrid,fixed,decaps,811167
4941,hybrid,fixed,decaps,781326
4942,hybrid,fixed,decaps,781325
4943,hybrid,fixed,decaps,781761
4944,hybrid,fixed,decaps,789880
4945,hybrid,fixed,decaps,782621
4946,hybrid,fixed,decaps,781218
4947,hybrid,fixed,decaps,781618
4948,hybrid,fixed,decaps,781124
4949,hybrid,fixed,decaps,781162
4950,hybrid,fixed,decaps,850524
4951,hybrid,fixed,decaps,785050
4952,hybrid,fixed,decaps,836522
4953,hybrid,fixed,decaps,783770
4954,hybrid,fixed,decaps,789498
4955,hybrid,fixed,decaps,782363
4956,hybrid,fixed,decaps,1053036
4957,hybrid,fixed,decaps,893976
4958,hybrid,fixed,decaps,986807
4959,hybrid,fixed,decaps,822783
4960,hybrid,fixed,decaps,760739
4961,hybrid,fixed,decaps,758536
4962,hybrid,fixed,decaps,785714
4963,hybrid,fixed,decaps,816347
4964,hybrid,fixed,decaps,791380
4965,hybrid,fixed,decaps,781750
4966,hybrid,fixed,decaps,780896
4967,hybrid,fixed,decaps,780746
4968,hybrid,fixed,decaps,780529
4969,hybrid,fixed,decaps,800859
4970,hybrid,fixed,decaps,815675
4971,hybrid,fixed,decaps,830764
4972,hybrid,fixed,decaps,817722
4973,hybrid,fixed,decaps,780726
4974,hybrid,fixed,decaps,774833
4975,hybrid,fixed,decaps,818600
4976,hybrid,fixed,decaps,904940
4977,hybrid,fixed,decaps,910631
4978,hybrid,fixed,decaps,816989
4979,hybrid,fixed,decaps,999942
4980,hybrid,fixed,decaps,823126
4981,hybrid,fixed,decaps,782230
4982,hybrid,fixed,decaps,814947
4983,hybrid,fixed,decaps,814567
4984,hybrid,fixed,decaps,782027
4985,hybrid,fixed,decaps,781119
4986,hybrid,fixed,decaps,781008
4987,hybrid,fixed,decaps,781277
4988,hybrid,fixed,decaps,788046
4989,hybrid,fixed,decaps,781890
4990,hybrid,fixed,decaps,780803
4991,hybrid,fixed,decaps,815038
4992,hybrid,fixed,decaps,781074
4993,hybrid,fixed,decaps,788340
4994,hybrid,fixed,decaps,782180
4995,hybrid,fixed,decaps,781342
4996,hybrid,fixed,decaps,812118
4997,hybrid,fixed,decaps,1010780
4998,hybrid,fixed,decaps,837339
4999,hybrid,fixed,decaps,984355
5000,hybrid,fixed,decaps,765451
5001,hybrid,fixed,decaps,780569
5002,hybrid,fixed,decaps,806015
5003,hybrid,fixed,decaps,806557
5004,hybrid,fixed,decaps,814000
5005,hybrid,fixed,decaps,805965
5006,hybrid,fixed,decaps,813951
5007,hybrid,fixed,decaps,781319
5008,hybrid,fixed,decaps,786163
5009,hybrid,fixed,decaps,781551
5010,hybrid,fixed,decaps,781169
5011,hybrid,fixed,decaps,819304
5012,hybrid,fixed,decaps,782071
5013,hybrid,fixed,decaps,785318
5014,hybrid,fixed,decaps,790088
5015,hybrid,fixed,decaps,781474
5016,hybrid,fixed,decaps,781425
5017,hybrid,fixed,decaps,1043504
5018,hybrid,fixed,decaps,926011
5019,hybrid,fixed,decaps,981335
5020,hybrid,fixed,decaps,880902
5021,hybrid,fixed,decaps,799952
5022,hybrid,fixed,decaps,793307
5023,hybrid,fixed,decaps,782165
5024,hybrid,fixed,decaps,865657
5025,hybrid,fixed,decaps,766192
5026,hybrid,fixed,decaps,802897
5027,hybrid,fixed,decaps,788722
5028,hybrid,fixed,decaps,781379
5029,hybrid,fixed,decaps,781019
5030,hybrid,fixed,decaps,780972
5031,hybrid,fixed,decaps,781097
5032,hybrid,fixed,decaps,823586
5033,hybrid,fixed,decaps,764044
5034,hybrid,fixed,decaps,758315
5035,hybrid,fixed,decaps,758085
5036,hybrid,fixed,decaps,757947
5037,hybrid,fixed,decaps,937248
5038,hybrid,fixed,decaps,905627
5039,hybrid,fixed,decaps,827925
5040,hybrid,fixed,decaps,987504
5041,hybrid,fixed,decaps,851304
5042,hybrid,fixed,decaps,797368
5043,hybrid,fixed,decaps,853015
5044,hybrid,fixed,decaps,792797
5045,hybrid,fixed,decaps,796627
5046,hybrid,fixed,decaps,813823
5047,hybrid,fixed,decaps,817431
5048,hybrid,fixed,decaps,801868
5049,hybrid,fixed,decaps,795365
5050,hybrid,fixed,decaps,781440
5051,hybrid,fixed,decaps,780675
5052,hybrid,fixed,decaps,790135
5053,hybrid,fixed,decaps,781652
5054,hybrid,fixed,decaps,780992
5055,hybrid,fixed,decaps,781073
5056,hybrid,fixed,decaps,780843
5057,hybrid,fixed,decaps,914302
5058,hybrid,fixed,decaps,969931
5059,hybrid,fixed,decaps,816679
5060,hybrid,fixed,decaps,954704
5061,hybrid,fixed,decaps,843609
5062,hybrid,fixed,decaps,810510
5063,hybrid,fixed,decaps,780770
5064,hybrid,fixed,decaps,780290
5065,hybrid,fixed,decaps,815775
5066,hybrid,fixed,decaps,839728
5067,hybrid,fixed,decaps,783630
5068,hybrid,fixed,decaps,781281
5069,hybrid,fixed,decaps,780899
5070,hybrid,fixed,decaps,780790
5071,hybrid,fixed,decaps,787987
5072,hybrid,fixed,decaps,814867
5073,hybrid,fixed,decaps,802487
5074,hybrid,fixed,decaps,781961
5075,hybrid,fixed,decaps,780881
5076,hybrid,fixed,decaps,788822
5077,hybrid,fixed,decaps,781142
5078,hybrid,fixed,decaps,1053848
5079,hybrid,fixed,decaps,852315
5080,hybrid,fixed,decaps,1028241
5081,hybrid,fixed,decaps,893225
5082,hybrid,fixed,decaps,785046
5083,hybrid,fixed,decaps,781630
5084,hybrid,fixed,decaps,780948
5085,hybrid,fixed,decaps,781255
5086,hybrid,fixed,decaps,804434
5087,hybrid,fixed,decaps,781819
5088,hybrid,fixed,decaps,780444
5089,hybrid,fixed,decaps,789889
5090,hybrid,fixed,decaps,757862
5091,hybrid,fixed,decaps,803236
5092,hybrid,fixed,decaps,837793
5093,hybrid,fixed,decaps,816584
5094,hybrid,fixed,decaps,781263
5095,hybrid,fixed,decaps,781148
5096,hybrid,fixed,decaps,810407
5097,hybrid,fixed,decaps,820062
5098,hybrid,fixed,decaps,1064675
5099,hybrid,fixed,decaps,866689
5100,hybrid,fixed,decaps,1003774
5101,hybrid,fixed,decaps,829206
5102,hybrid,fixed,decaps,802408
5103,hybrid,fixed,decaps,817123
5104,hybrid,fixed,decaps,784800
5105,hybrid,fixed,decaps,797285
5106,hybrid,fixed,decaps,788036
5107,hybrid,fixed,decaps,788536
5108,hybrid,fixed,decaps,792172
5109,hybrid,fixed,decaps,788147
5110,hybrid,fixed,decaps,797433
5111,hybrid,fixed,decaps,789668
5112,hybrid,fixed,decaps,796796
5113,hybrid,fixed,decaps,772147
5114,hybrid,fixed,decaps,797446
5115,hybrid,fixed,decaps,811100
5116,hybrid,fixed,decaps,767241
5117,hybrid,fixed,decaps,764600
5118,hybrid,fixed,decaps,906650
5119,hybrid,fixed,decaps,1028675
5120,hybrid,fixed,decaps,915474
5121,hybrid,fixed,decaps,964407
5122,hybrid,fixed,decaps,810002
5123,hybrid,fixed,decaps,814551
5124,hybrid,fixed,decaps,845179
5125,hybrid,fixed,decaps,808678
5126,hybrid,fixed,decaps,806658
5127,hybrid,fixed,decaps,805308
5128,hybrid,fixed,decaps,796149
5129,hybrid,fixed,decaps,791823
5130,hybrid,fixed,decaps,782553
5131,hybrid,fixed,decaps,781052
5132,hybrid,fixed,decaps,781122
5133,hybrid,fixed,decaps,781101
5134,hybrid,fixed,decaps,815982
5135,hybrid,fixed,decaps,812528
5136,hybrid,fixed,decaps,780783
5137,hybrid,fixed,decaps,780596
5138,hybrid,fixed,decaps,973611
5139,hybrid,fixed,decaps,1023619
5140,hybrid,fixed,decaps,874250
5141,hybrid,fixed,decaps,927165
5142,hybrid,fixed,decaps,812940
5143,hybrid,fixed,decaps,811792
5144,hybrid,fixed,decaps,789989
5145,hybrid,fixed,decaps,782502
5146,hybrid,fixed,decaps,781446
5147,hybrid,fixed,decaps,781398
5148,hybrid,fixed,decaps,804724
5149,hybrid,fixed,decaps,794388
5150,hybrid,fixed,decaps,782054
5151,hybrid,fixed,decaps,780885
5152,hybrid,fixed,decaps,812346
5153,hybrid,fixed,decaps,780921
5154,hybrid,fixed,decaps,790827
5155,hybrid,fixed,decaps,781926
5156,hybrid,fixed,decaps,780917
5157,hybrid,fixed,decaps,781495
5158,hybrid,fixed,decaps,867574
5159,hybrid,fixed,decaps,963732
5160,hybrid,fixed,decaps,861079
5161,hybrid,fixed,decaps,1004545
5162,hybrid,fixed,decaps,781305
5163,hybrid,fixed,decaps,814329
5164,hybrid,fixed,decaps,819454
5165,hybrid,fixed,decaps,783883
5166,hybrid,fixed,decaps,781115
5167,hybrid,fixed,decaps,780815
5168,hybrid,fixed,decaps,791892
5169,hybrid,fixed,decaps,781478
5170,hybrid,fixed,decaps,798246
5171,hybrid,fixed,decaps,805190
5172,hybrid,fixed,decaps,807249
5173,hybrid,fixed,decaps,1024656
5174,hybrid,fixed,decaps,833197
5175,hybrid,fixed,decaps,818921
5176,hybrid,fixed,decaps,783743
5177,hybrid,fixed,decaps,782040
5178,hybrid,fixed,decaps,956108
5179,hybrid,fixed,decaps,964237
5180,hybrid,fixed,decaps,878120
5181,hybrid,fixed,decaps,961448
5182,hybrid,fixed,decaps,833418
5183,hybrid,fixed,decaps,805550
5184,hybrid,fixed,decaps,781533
5185,hybrid,fixed,decaps,781317
5186,hybrid,fixed,decaps,781970
5187,hybrid,fixed,decaps,791450
5188,hybrid,fixed,decaps,781761
5189,hybrid,fixed,decaps,780795
5190,hybrid,fixed,decaps,780677
5191,hybrid,fixed,decaps,780712
5192,hybrid,fixed,decaps,788812
5193,hybrid,fixed,decaps,815172
5194,hybrid,fixed,decaps,781053
5195,hybrid,fixed,decaps,781076
5196,hybrid,fixed,decaps,780611
5197,hybrid,fixed,decaps,792453
5198,hybrid,fixed,decaps,781437
5199,hybrid,fixed,decaps,1064326
5200,hybrid,fixed,decaps,943982
5201,hybrid,fixed,decaps,973663
5202,hybrid,fixed,decaps,837219
5203,hybrid,fixed,decaps,783555
5204,hybrid,fixed,decaps,781414
5205,hybrid,fixed,decaps,780851
5206,hybrid,fixed,decaps,780663
5207,hybrid,fixed,decaps,795056
5208,hybrid,fixed,decaps,811420
5209,hybrid,fixed,decaps,799471
5210,hybrid,fixed,decaps,782232
5211,hybrid,fixed,decaps,794555
5212,hybrid,fixed,decaps,770325
5213,hybrid,fixed,decaps,795902
5214,hybrid,fixed,decaps,814726
5215,hybrid,fixed,decaps,801854
5216,hybrid,fixed,decaps,816455
5217,hybrid,fixed,decaps,788593
5218,hybrid,fixed,decaps,780965
5219,hybrid,fixed,decaps,1013899
5220,hybrid,fixed,decaps,887285
5221,hybrid,fixed,decaps,905516
5222,hybrid,fixed,decaps,943566
5223,hybrid,fixed,decaps,1042848
5224,hybrid,fixed,decaps,819218
5225,hybrid,fixed,decaps,919462
5226,hybrid,fixed,decaps,1031858
5227,hybrid,fixed,decaps,790605
5228,hybrid,fixed,decaps,806683
5229,hybrid,fixed,decaps,805817
5230,hybrid,fixed,decaps,813464
5231,hybrid,fixed,decaps,784583
5232,hybrid,fixed,decaps,879684
5233,hybrid,fixed,decaps,802441
5234,hybrid,fixed,decaps,806188
5235,hybrid,fixed,decaps,811039
5236,hybrid,fixed,decaps,782226
5237,hybrid,fixed,decaps,780924
5238,hybrid,fixed,decaps,980603
5239,hybrid,fixed,decaps,1028513
5240,hybrid,fixed,decaps,971115
5241,hybrid,fixed,decaps,1015962
5242,hybrid,fixed,decaps,950479
5243,hybrid,fixed,decaps,910136
5244,hybrid,fixed,decaps,921408
5245,hybrid,fixed,decaps,909654
5246,hybrid,fixed,decaps,909280
5247,hybrid,fixed,decaps,908975
5248,hybrid,fixed,decaps,815634
5249,hybrid,fixed,decaps,758374
5250,hybrid,fixed,decaps,782186
5251,hybrid,fixed,decaps,781277
5252,hybrid,fixed,decaps,814906
5253,hybrid,fixed,decaps,788621
5254,hybrid,fixed,decaps,781416
5255,hybrid,fixed,decaps,780476
5256,hybrid,fixed,decaps,781003
5257,hybrid,fixed,decaps,956114
5258,hybrid,fixed,decaps,1038173
5259,hybrid,fixed,decaps,993329
5260,hybrid,fixed,decaps,889423
5261,hybrid,fixed,decaps,818019
5262,hybrid,fixed,decaps,784109
5263,hybrid,fixed,decaps,808562
5264,hybrid,fixed,decaps,807091
5265,hybrid,fixed,decaps,1156801
5266,hybrid,fixed,decaps,790388
5267,hybrid,fixed,decaps,829385
5268,hybrid,fixed,decaps,805290
5269,hybrid,fixed,decaps,781384
5270,hybrid,fixed,decaps,780819
5271,hybrid,fixed,decaps,780910
5272,hybrid,fixed,decaps,822954
5273,hybrid,fixed,decaps,781353
5274,hybrid,fixed,decaps,780875
5275,hybrid,fixed,decaps,803116
5276,hybrid,fixed,decaps,817868
5277,hybrid,fixed,decaps,1094003
5278,hybrid,fixed,decaps,869296
5279,hybrid,fixed,decaps,966047
5280,hybrid,fixed,decaps,830266
5281,hybrid,fixed,decaps,796635
5282,hybrid,fixed,decaps,782123
5283,hybrid,fixed,decaps,781119
5284,hybrid,fixed,decaps,817419
5285,hybrid,fixed,decaps,798987
5286,hybrid,fixed,decaps,788187
5287,hybrid,fixed,decaps,780749
5288,hybrid,fixed,decaps,781345
5289,hybrid,fixed,decaps,780053
5290,hybrid,fixed,decaps,780464
5291,hybrid,fixed,decaps,780372
5292,hybrid,fixed,decaps,823161
5293,hybrid,fixed,decaps,781203
5294,hybrid,fixed,decaps,817634
5295,hybrid,fixed,decaps,806796
5296,hybrid,fixed,decaps,788551
5297,hybrid,fixed,decaps,976169
5298,hybrid,fixed,decaps,1023611
5299,hybrid,fixed,decaps,889243
5300,hybrid,fixed,decaps,990524
5301,hybrid,fixed,decaps,1073934
5302,hybrid,fixed,decaps,912822
5303,hybrid,fixed,decaps,906951
5304,hybrid,fixed,decaps,897685
5305,hybrid,fixed,decaps,781678
5306,hybrid,fixed,decaps,794957
5307,hybrid,fixed,decaps,780916
5308,hybrid,fixed,decaps,780400
5309,hybrid,fixed,decaps,780107
5310,hybrid,fixed,decaps,786397
5311,hybrid,fixed,decaps,780920
5312,hybrid,fixed,decaps,780437
5313,hybrid,fixed,decaps,812314
5314,hybrid,fixed,decaps,780777
5315,hybrid,fixed,decaps,817148
5316,hybrid,fixed,decaps,916694
5317,hybrid,fixed,decaps,965648
5318,hybrid,fixed,decaps,839447
5319,hybrid,fixed,decaps,976966
5320,hybrid,fixed,decaps,788195
5321,hybrid,fixed,decaps,783277
5322,hybrid,fixed,decaps,781860
5323,hybrid,fixed,decaps,782201
5324,hybrid,fixed,decaps,789859
5325,hybrid,fixed,decaps,783085
5326,hybrid,fixed,decaps,781415
5327,hybrid,fixed,decaps,781041
5328,hybrid,fixed,decaps,808926
5329,hybrid,fixed,decaps,809303
5330,hybrid,fixed,decaps,790072
5331,hybrid,fixed,decaps,782101
5332,hybrid,fixed,decaps,815599
5333,hybrid,fixed,decaps,781392
5334,hybrid,fixed,decaps,780944
5335,hybrid,fixed,decaps,788308
5336,hybrid,fixed,decaps,781115
5337,hybrid,fixed,decaps,1085945
5338,hybrid,fixed,decaps,878155
5339,hybrid,fixed,decaps,1026544
5340,hybrid,fixed,decaps,786885
5341,hybrid,fixed,decaps,790786
5342,hybrid,fixed,decaps,802475
5343,hybrid,fixed,decaps,816993
5344,hybrid,fixed,decaps,790952
5345,hybrid,fixed,decaps,781325
5346,hybrid,fixed,decaps,780874
5347,hybrid,fixed,decaps,780574
5348,hybrid,fixed,decaps,780738
5349,hybrid,fixed,decaps,789193
5350,hybrid,fixed,decaps,781291
5351,hybrid,fixed,decaps,814549
5352,hybrid,fixed,decaps,780776
5353,hybrid,fixed,decaps,780641
5354,hybrid,fixed,decaps,788443
5355,hybrid,fixed,decaps,781671
5356,hybrid,fixed,decaps,781226
5357,hybrid,fixed,decaps,947397
5358,hybrid,fixed,decaps,879263
5359,hybrid,fixed,decaps,901568
5360,hybrid,fixed,decaps,935585
5361,hybrid,fixed,decaps,822394
5362,hybrid,fixed,decaps,805989
5363,hybrid,fixed,decaps,812439
5364,hybrid,fixed,decaps,781740
5365,hybrid,fixed,decaps,780719
5366,hybrid,fixed,decaps,780354
5367,hybrid,fixed,decaps,780641
5368,hybrid,fixed,decaps,780649
5369,hybrid,fixed,decaps,789440
5370,hybrid,fixed,decaps,781745
5371,hybrid,fixed,decaps,780746
5372,hybrid,fixed,decaps,815702
5373,hybrid,fixed,decaps,780734
5374,hybrid,fixed,decaps,785246
5375,hybrid,fixed,decaps,780241
5376,hybrid,fixed,decaps,780031
5377,hybrid,fixed,decaps,811990
5378,hybrid,fixed,decaps,1003248
5379,hybrid,fixed,decaps,914025
5380,hybrid,fixed,decaps,1018485
5381,hybrid,fixed,decaps,785289
5382,hybrid,fixed,decaps,781735
5383,hybrid,fixed,decaps,793396
5384,hybrid,fixed,decaps,781789
5385,hybrid,fixed,decaps,803251
5386,hybrid,fixed,decaps,814715
5387,hybrid,fixed,decaps,780679
5388,hybrid,fixed,decaps,789317
5389,hybrid,fixed,decaps,781932
5390,hybrid,fixed,decaps,781126
5391,hybrid,fixed,decaps,780682
5392,hybrid,fixed,decaps,781289
5393,hybrid,fixed,decaps,820525
5394,hybrid,fixed,decaps,782120
5395,hybrid,fixed,decaps,781356
5396,hybrid,fixed,decaps,781009
5397,hybrid,fixed,decaps,781067
5398,hybrid,fixed,decaps,1036681
5399,hybrid,fixed,decaps,843654
5400,hybrid,fixed,decaps,948417
5401,hybrid,fixed,decaps,886882
5402,hybrid,fixed,decaps,807995
5403,hybrid,fixed,decaps,860342
5404,hybrid,fixed,decaps,814001
5405,hybrid,fixed,decaps,773370
5406,hybrid,fixed,decaps,758258
5407,hybrid,fixed,decaps,785540
5408,hybrid,fixed,decaps,790789
5409,hybrid,fixed,decaps,781197
5410,hybrid,fixed,decaps,780116
5411,hybrid,fixed,decaps,789570
5412,hybrid,fixed,decaps,814710
5413,hybrid,fixed,decaps,790271
5414,hybrid,fixed,decaps,781435
5415,hybrid,fixed,decaps,780956
5416,hybrid,fixed,decaps,780887
5417,hybrid,fixed,decaps,780290
5418,hybrid,fixed,decaps,945889
5419,hybrid,fixed,decaps,929269
5420,hybrid,fixed,decaps,846500
5421,hybrid,fixed,decaps,980988
5422,hybrid,fixed,decaps,798163
5423,hybrid,fixed,decaps,782586
5424,hybrid,fixed,decaps,781505
5425,hybrid,fixed,decaps,780795
5426,hybrid,fixed,decaps,781763
5427,hybrid,fixed,decaps,797754
5428,hybrid,fixed,decaps,1013134
5429,hybrid,fixed,decaps,921999
5430,hybrid,fixed,decaps,909290
5431,hybrid,fixed,decaps,921416
5432,hybrid,fixed,decaps,793088
5433,hybrid,fixed,decaps,781505
5434,hybrid,fixed,decaps,781023
5435,hybrid,fixed,decaps,780842
5436,hybrid,fixed,decaps,781513
5437,hybrid,fixed,decaps,788429
5438,hybrid,fixed,decaps,1051902
5439,hybrid,fixed,decaps,823846
5440,hybrid,fixed,decaps,1014874
5441,hybrid,fixed,decaps,801726
5442,hybrid,fixed,decaps,837445
5443,hybrid,fixed,decaps,843701
5444,hybrid,fixed,decaps,784137
5445,hybrid,fixed,decaps,781183
5446,hybrid,fixed,decaps,792953
5447,hybrid,fixed,decaps,815169
5448,hybrid,fixed,decaps,803926
5449,hybrid,fixed,decaps,780961
5450,hybrid,fixed,decaps,780924
5451,hybrid,fixed,decaps,788857
5452,hybrid,fixed,decaps,837413
5453,hybrid,fixed,decaps,782700
5454,hybrid,fixed,decaps,781104
5455,hybrid,fixed,decaps,780721
5456,hybrid,fixed,decaps,788524
5457,hybrid,fixed,decaps,781529
5458,hybrid,fixed,decaps,943652
5459,hybrid,fixed,decaps,938219
5460,hybrid,fixed,decaps,830518
5461,hybrid,fixed,decaps,900565
5462,hybrid,fixed,decaps,913541
5463,hybrid,fixed,decaps,809558
5464,hybrid,fixed,decaps,797565
5465,hybrid,fixed,decaps,793236
5466,hybrid,fixed,decaps,781403
5467,hybrid,fixed,decaps,806376
5468,hybrid,fixed,decaps,783312
5469,hybrid,fixed,decaps,780691
5470,hybrid,fixed,decaps,802843
5471,hybrid,fixed,decaps,798185
5472,hybrid,fixed,decaps,780568
5473,hybrid,fixed,decaps,788855
5474,hybrid,fixed,decaps,828830
5475,hybrid,fixed,decaps,790218
5476,hybrid,fixed,decaps,781296
5477,hybrid,fixed,decaps,797245
5478,hybrid,fixed,decaps,890376
5479,hybrid,fixed,decaps,936024
5480,hybrid,fixed,decaps,921335
5481,hybrid,fixed,decaps,1015243
5482,hybrid,fixed,decaps,786082
5483,hybrid,fixed,decaps,781106
5484,hybrid,fixed,decaps,780588
5485,hybrid,fixed,decaps,793630
5486,hybrid,fixed,decaps,781894
5487,hybrid,fixed,decaps,809885
5488,hybrid,fixed,decaps,806269
5489,hybrid,fixed,decaps,780776
5490,hybrid,fixed,decaps,788512
5491,hybrid,fixed,decaps,780791
5492,hybrid,fixed,decaps,779957
5493,hybrid,fixed,decaps,812655
5494,hybrid,fixed,decaps,780890
5495,hybrid,fixed,decaps,788106
5496,hybrid,fixed,decaps,781224
5497,hybrid,fixed,decaps,780455
5498,hybrid,fixed,decaps,780512
5499,hybrid,fixed,decaps,1045497
5500,hybrid,fixed,decaps,838660
5501,hybrid,fixed,decaps,1007418
5502,hybrid,fixed,decaps,846300
5503,hybrid,fixed,decaps,797109
5504,hybrid,fixed,decaps,793579
5505,hybrid,fixed,decaps,781824
5506,hybrid,fixed,decaps,781050
5507,hybrid,fixed,decaps,780581
5508,hybrid,fixed,decaps,780643
5509,hybrid,fixed,decaps,788489
5510,hybrid,fixed,decaps,781376
5511,hybrid,fixed,decaps,780965
5512,hybrid,fixed,decaps,780758
5513,hybrid,fixed,decaps,780490
5514,hybrid,fixed,decaps,820046
5515,hybrid,fixed,decaps,782135
5516,hybrid,fixed,decaps,781053
5517,hybrid,fixed,decaps,780948
5518,hybrid,fixed,decaps,780772
5519,hybrid,fixed,decaps,936188
5520,hybrid,fixed,decaps,942461
5521,hybrid,fixed,decaps,859684
5522,hybrid,fixed,decaps,940867
5523,hybrid,fixed,decaps,786346
5524,hybrid,fixed,decaps,793738
5525,hybrid,fixed,decaps,781174
5526,hybrid,fixed,decaps,803154
5527,hybrid,fixed,decaps,784747
5528,hybrid,fixed,decaps,781230
5529,hybrid,fixed,decaps,789677
5530,hybrid,fixed,decaps,780937
5531,hybrid,fixed,decaps,809612
5532,hybrid,fixed,decaps,764581
5533,hybrid,fixed,decaps,758745
5534,hybrid,fixed,decaps,797545
5535,hybrid,fixed,decaps,758835
5536,hybrid,fixed,decaps,758148
5537,hybrid,fixed,decaps,758314
5538,hybrid,fixed,decaps,758244
5539,hybrid,fixed,decaps,804908
5540,hybrid,fixed,decaps,1074905
5541,hybrid,fixed,decaps,853245
5542,hybrid,fixed,decaps,958633
5543,hybrid,fixed,decaps,825783
5544,hybrid,fixed,decaps,812436
5545,hybrid,fixed,decaps,806584
5546,hybrid,fixed,decaps,796434
5547,hybrid,fixed,decaps,781299
5548,hybrid,fixed,decaps,780987
5549,hybrid,fixed,decaps,798688
5550,hybrid,fixed,decaps,781984
5551,hybrid,fixed,decaps,806861
5552,hybrid,fixed,decaps,783590
5553,hybrid,fixed,decaps,780293
5554,hybrid,fixed,decaps,788510
5555,hybrid,fixed,decaps,815119
5556,hybrid,fixed,decaps,782580
5557,hybrid,fixed,decaps,926481
5558,hybrid,fixed,decaps,789936
5559,hybrid,fixed,decaps,811638
5560,hybrid,fixed,decaps,1058286
5561,hybrid,fixed,decaps,851617
5562,hybrid,fixed,decaps,968425
5563,hybrid,fixed,decaps,876453
5564,hybrid,fixed,decaps,786909
5565,hybrid,fixed,decaps,781579
5566,hybrid,fixed,decaps,780803
5567,hybrid,fixed,decaps,781033
5568,hybrid,fixed,decaps,790103
5569,hybrid,fixed,decaps,781804
5570,hybrid,fixed,decaps,782055
5571,hybrid,fixed,decaps,784115
5572,hybrid,fixed,decaps,808527
5573,hybrid,fixed,decaps,793141
5574,hybrid,fixed,decaps,815748
5575,hybrid,fixed,decaps,843741
5576,hybrid,fixed,decaps,801898
5577,hybrid,fixed,decaps,784540
5578,hybrid,fixed,decaps,788674
5579,hybrid,fixed,decaps,781226
5580,hybrid,fixed,decaps,954884
5581,hybrid,fixed,decaps,942118
5582,hybrid,fixed,decaps,888464
5583,hybrid,fixed,decaps,967711
5584,hybrid,fixed,decaps,804462
5585,hybrid,fixed,decaps,806153
5586,hybrid,fixed,decaps,805639
5587,hybrid,fixed,decaps,808779
5588,hybrid,fixed,decaps,781433
5589,hybrid,fixed,decaps,780898
5590,hybrid,fixed,decaps,781067
5591,hybrid,fixed,decaps,781102
5592,hybrid,fixed,decaps,786021
5593,hybrid,fixed,decaps,782024
5594,hybrid,fixed,decaps,814508
5595,hybrid,fixed,decaps,781439
5596,hybrid,fixed,decaps,781265
5597,hybrid,fixed,decaps,790817
5598,hybrid,fixed,decaps,781586
5599,hybrid,fixed,decaps,780996
5600,hybrid,fixed,decaps,876206
5601,hybrid,fixed,decaps,993852
5602,hybrid,fixed,decaps,821669
5603,hybrid,fixed,decaps,1035546
5604,hybrid,fixed,decaps,818338
5605,hybrid,fixed,decaps,807061
5606,hybrid,fixed,decaps,781876
5607,hybrid,fixed,decaps,792008
5608,hybrid,fixed,decaps,781968
5609,hybrid,fixed,decaps,810480
5610,hybrid,fixed,decaps,807848
5611,hybrid,fixed,decaps,794967
5612,hybrid,fixed,decaps,770455
5613,hybrid,fixed,decaps,796588
5614,hybrid,fixed,decaps,781435
5615,hybrid,fixed,decaps,825037
5616,hybrid,fixed,decaps,795079
5617,hybrid,fixed,decaps,764987
5618,hybrid,fixed,decaps,794786
5619,hybrid,fixed,decaps,781642
5620,hybrid,fixed,decaps,781373
5621,hybrid,fixed,decaps,1021478
5622,hybrid,fixed,decaps,920137
5623,hybrid,fixed,decaps,981555
5624,hybrid,fixed,decaps,764783
5625,hybrid,fixed,decaps,818138
5626,hybrid,fixed,decaps,848775
5627,hybrid,fixed,decaps,784052
5628,hybrid,fixed,decaps,781210
5629,hybrid,fixed,decaps,780606
5630,hybrid,fixed,decaps,781034
5631,hybrid,fixed,decaps,790497
5632,hybrid,fixed,decaps,792500
5633,hybrid,fixed,decaps,780914
5634,hybrid,fixed,decaps,780675
5635,hybrid,fixed,decaps,780901
5636,hybrid,fixed,decaps,819400
5637,hybrid,fixed,decaps,801591
5638,hybrid,fixed,decaps,805055
5639,hybrid,fixed,decaps,798615
5640,hybrid,fixed,decaps,781088
5641,hybrid,fixed,decaps,1003151
5642,hybrid,fixed,decaps,857161
5643,hybrid,fixed,decaps,963348
5644,hybrid,fixed,decaps,857884
5645,hybrid,fixed,decaps,783929
5646,hybrid,fixed,decaps,795582
5647,hybrid,fixed,decaps,782242
5648,hybrid,fixed,decaps,780677
5649,hybrid,fixed,decaps,803164
5650,hybrid,fixed,decaps,813616
5651,hybrid,fixed,decaps,828965
5652,hybrid,fixed,decaps,784207
5653,hybrid,fixed,decaps,782434
5654,hybrid,fixed,decaps,785478
5655,hybrid,fixed,decaps,812957
5656,hybrid,fixed,decaps,789096
5657,hybrid,fixed,decaps,781620
5658,hybrid,fixed,decaps,781231
5659,hybrid,fixed,decaps,801557
5660,hybrid,fixed,decaps,782109
5661,hybrid,fixed,decaps,942273
5662,hybrid,fixed,decaps,937164
5663,hybrid,fixed,decaps,855798
5664,hybrid,fixed,decaps,964596
5665,hybrid,fixed,decaps,850075
5666,hybrid,fixed,decaps,782950
5667,hybrid,fixed,decaps,781035
5668,hybrid,fixed,decaps,781202
5669,hybrid,fixed,decaps,781580
5670,hybrid,fixed,decaps,788941
5671,hybrid,fixed,decaps,781339
5672,hybrid,fixed,decaps,780864
5673,hybrid,fixed,decaps,780856
5674,hybrid,fixed,decaps,813362
5675,hybrid,fixed,decaps,792139
5676,hybrid,fixed,decaps,815456
5677,hybrid,fixed,decaps,781400
5678,hybrid,fixed,decaps,781040
5679,hybrid,fixed,decaps,781963
5680,hybrid,fixed,decaps,785847
5681,hybrid,fixed,decaps,781281
5682,hybrid,fixed,decaps,1252212
5683,hybrid,fixed,decaps,901400
5684,hybrid,fixed,decaps,1009800
5685,hybrid,fixed,decaps,1014442
5686,hybrid,fixed,decaps,912942
5687,hybrid,fixed,decaps,908896
5688,hybrid,fixed,decaps,908472
5689,hybrid,fixed,decaps,929939
5690,hybrid,fixed,decaps,882870
5691,hybrid,fixed,decaps,881822
5692,hybrid,fixed,decaps,776796
5693,hybrid,fixed,decaps,765741
5694,hybrid,fixed,decaps,758545
5695,hybrid,fixed,decaps,757708
5696,hybrid,fixed,decaps,818848
5697,hybrid,fixed,decaps,841539
5698,hybrid,fixed,decaps,792510
5699,hybrid,fixed,decaps,757052
5700,hybrid,fixed,decaps,758193
5701,hybrid,fixed,decaps,1042931
5702,hybrid,fixed,decaps,816572
5703,hybrid,fixed,decaps,988122
5704,hybrid,fixed,decaps,840360
5705,hybrid,fixed,decaps,818219
5706,hybrid,fixed,decaps,813198
5707,hybrid,fixed,decaps,781321
5708,hybrid,fixed,decaps,798977
5709,hybrid,fixed,decaps,782578
5710,hybrid,fixed,decaps,781242
5711,hybrid,fixed,decaps,780857
5712,hybrid,fixed,decaps,780978
5713,hybrid,fixed,decaps,788455
5714,hybrid,fixed,decaps,781406
5715,hybrid,fixed,decaps,841393
5716,hybrid,fixed,decaps,805467
5717,hybrid,fixed,decaps,795697
5718,hybrid,fixed,decaps,788848
5719,hybrid,fixed,decaps,782073
5720,hybrid,fixed,decaps,796362
5721,hybrid,fixed,decaps,953186
5722,hybrid,fixed,decaps,915197
5723,hybrid,fixed,decaps,870691
5724,hybrid,fixed,decaps,931432
5725,hybrid,fixed,decaps,761972
5726,hybrid,fixed,decaps,758161
5727,hybrid,fixed,decaps,792286
5728,hybrid,fixed,decaps,818722
5729,hybrid,fixed,decaps,815253
5730,hybrid,fixed,decaps,811348
5731,hybrid,fixed,decaps,782255
5732,hybrid,fixed,decaps,788330
5733,hybrid,fixed,decaps,782042
5734,hybrid,fixed,decaps,780763
5735,hybrid,fixed,decaps,780720
5736,hybrid,fixed,decaps,812100
5737,hybrid,fixed,decaps,780161
5738,hybrid,fixed,decaps,789582
5739,hybrid,fixed,decaps,781628
5740,hybrid,fixed,decaps,780748
5741,hybrid,fixed,decaps,890051
5742,hybrid,fixed,decaps,979699
5743,hybrid,fixed,decaps,858724
5744,hybrid,fixed,decaps,977089
5745,hybrid,fixed,decaps,828479
5746,hybrid,fixed,decaps,793252
5747,hybrid,fixed,decaps,843601
5748,hybrid,fixed,decaps,783226
5749,hybrid,fixed,decaps,780795
5750,hybrid,fixed,decaps,780526
5751,hybrid,fixed,decaps,780261
5752,hybrid,fixed,decaps,788261
5753,hybrid,fixed,decaps,781224
5754,hybrid,fixed,decaps,802672
5755,hybrid,fixed,decaps,781780
5756,hybrid,fixed,decaps,781215
5757,hybrid,fixed,decaps,823918
5758,hybrid,fixed,decaps,785242
5759,hybrid,fixed,decaps,763532
5760,hybrid,fixed,decaps,758135
5761,hybrid,fixed,decaps,758252
5762,hybrid,fixed,decaps,1033777
5763,hybrid,fixed,decaps,825109
5764,hybrid,fixed,decaps,979456
5765,hybrid,fixed,decaps,848835
5766,hybrid,fixed,decaps,808409
5767,hybrid,fixed,decaps,828089
5768,hybrid,fixed,decaps,781982
5769,hybrid,fixed,decaps,890084
5770,hybrid,fixed,decaps,902656
5771,hybrid,fixed,decaps,830229
5772,hybrid,fixed,decaps,803379
5773,hybrid,fixed,decaps,784829
5774,hybrid,fixed,decaps,781004
5775,hybrid,fixed,decaps,780732
5776,hybrid,fixed,decaps,827917
5777,hybrid,fixed,decaps,816984
5778,hybrid,fixed,decaps,757837
5779,hybrid,fixed,decaps,859706
5780,hybrid,fixed,decaps,782258
5781,hybrid,fixed,decaps,794174
5782,hybrid,fixed,decaps,1082245
5783,hybrid,fixed,decaps,844952
5784,hybrid,fixed,decaps,980753
5785,hybrid,fixed,decaps,832658
5786,hybrid,fixed,decaps,817092
5787,hybrid,fixed,decaps,783334
5788,hybrid,fixed,decaps,781098
5789,hybrid,fixed,decaps,781229
5790,hybrid,fixed,decaps,780918
5791,hybrid,fixed,decaps,791796
5792,hybrid,fixed,decaps,781398
5793,hybrid,fixed,decaps,780443
5794,hybrid,fixed,decaps,780543
5795,hybrid,fixed,decaps,780667
5796,hybrid,fixed,decaps,808534
5797,hybrid,fixed,decaps,816347
5798,hybrid,fixed,decaps,781081
5799,hybrid,fixed,decaps,780728
5800,hybrid,fixed,decaps,781380
5801,hybrid,fixed,decaps,787810
5802,hybrid,fixed,decaps,967814
5803,hybrid,fixed,decaps,942274
5804,hybrid,fixed,decaps,872166
5805,hybrid,fixed,decaps,795947
5806,hybrid,fixed,decaps,806046
5807,hybrid,fixed,decaps,816681
5808,hybrid,fixed,decaps,780769
5809,hybrid,fixed,decaps,789771
5810,hybrid,fixed,decaps,835501
5811,hybrid,fixed,decaps,982932
5812,hybrid,fixed,decaps,911982
5813,hybrid,fixed,decaps,917641
5814,hybrid,fixed,decaps,882140
5815,hybrid,fixed,decaps,904930
5816,hybrid,fixed,decaps,906852
5817,hybrid,fixed,decaps,758310
5818,hybrid,fixed,decaps,757686
5819,hybrid,fixed,decaps,786514
5820,hybrid,fixed,decaps,825178
5821,hybrid,fixed,decaps,783305
5822,hybrid,fixed,decaps,863945
5823,hybrid,fixed,decaps,823678
5824,hybrid,fixed,decaps,868786
5825,hybrid,fixed,decaps,784173
5826,hybrid,fixed,decaps,800826
5827,hybrid,fixed,decaps,829564
5828,hybrid,fixed,decaps,807150
5829,hybrid,fixed,decaps,807586
5830,hybrid,fixed,decaps,781581
5831,hybrid,fixed,decaps,781568
5832,hybrid,fixed,decaps,780789
5833,hybrid,fixed,decaps,780736
5834,hybrid,fixed,decaps,787941
5835,hybrid,fixed,decaps,782062
5836,hybrid,fixed,decaps,814996
5837,hybrid,fixed,decaps,780432
5838,hybrid,fixed,decaps,780540
5839,hybrid,fixed,decaps,787537
5840,hybrid,fixed,decaps,781475
5841,hybrid,fixed,decaps,781252
5842,hybrid,fixed,decaps,809466
5843,hybrid,fixed,decaps,889102
5844,hybrid,fixed,decaps,892649
5845,hybrid,fixed,decaps,853756
5846,hybrid,fixed,decaps,841640
5847,hybrid,fixed,decaps,871909
5848,hybrid,fixed,decaps,949919
5849,hybrid,fixed,decaps,829809
5850,hybrid,fixed,decaps,782189
5851,hybrid,fixed,decaps,780659
5852,hybrid,fixed,decaps,804819
5853,hybrid,fixed,decaps,782492
5854,hybrid,fixed,decaps,788614
5855,hybrid,fixed,decaps,819551
5856,hybrid,fixed,decaps,807454
5857,hybrid,fixed,decaps,814620
5858,hybrid,fixed,decaps,781060
5859,hybrid,fixed,decaps,799367
5860,hybrid,fixed,decaps,786882
5861,hybrid,fixed,decaps,783436
5862,hybrid,fixed,decaps,758904
5863,hybrid,fixed,decaps,1041829
5864,hybrid,fixed,decaps,841164
5865,hybrid,fixed,decaps,985038
5866,hybrid,fixed,decaps,766892
5867,hybrid,fixed,decaps,812016
5868,hybrid,fixed,decaps,818300
5869,hybrid,fixed,decaps,838441
5870,hybrid,fixed,decaps,784044
5871,hybrid,fixed,decaps,781733
5872,hybrid,fixed,decaps,780983
5873,hybrid,fixed,decaps,789608
5874,hybrid,fixed,decaps,781191
5875,hybrid,fixed,decaps,780684
5876,hybrid,fixed,decaps,801371
5877,hybrid,fixed,decaps,801086
5878,hybrid,fixed,decaps,822561
5879,hybrid,fixed,decaps,781638
5880,hybrid,fixed,decaps,780382
5881,hybrid,fixed,decaps,780529
5882,hybrid,fixed,decaps,780552
5883,hybrid,fixed,decaps,974277
5884,hybrid,fixed,decaps,912426
5885,hybrid,fixed,decaps,818927
5886,hybrid,fixed,decaps,958091
5887,hybrid,fixed,decaps,762916
5888,hybrid,fixed,decaps,769979
5889,hybrid,fixed,decaps,806824
5890,hybrid,fixed,decaps,806475
5891,hybrid,fixed,decaps,780722
5892,hybrid,fixed,decaps,781190
5893,hybrid,fixed,decaps,790399
5894,hybrid,fixed,decaps,809186
5895,hybrid,fixed,decaps,783826
5896,hybrid,fixed,decaps,780749
5897,hybrid,fixed,decaps,780991
5898,hybrid,fixed,decaps,820541
5899,hybrid,fixed,decaps,781426
5900,hybrid,fixed,decaps,781054
5901,hybrid,fixed,decaps,807840
5902,hybrid,fixed,decaps,782190
5903,hybrid,fixed,decaps,871844
5904,hybrid,fixed,decaps,962360
5905,hybrid,fixed,decaps,851378
5906,hybrid,fixed,decaps,1014550
5907,hybrid,fixed,decaps,803632
5908,hybrid,fixed,decaps,783859
5909,hybrid,fixed,decaps,782109
5910,hybrid,fixed,decaps,781286
5911,hybrid,fixed,decaps,781504
5912,hybrid,fixed,decaps,780838
5913,hybrid,fixed,decaps,791589
5914,hybrid,fixed,decaps,806581
5915,hybrid,fixed,decaps,783114
5916,hybrid,fixed,decaps,781661
5917,hybrid,fixed,decaps,781618
5918,hybrid,fixed,decaps,827811
5919,hybrid,fixed,decaps,857231
5920,hybrid,fixed,decaps,784374
5921,hybrid,fixed,decaps,763824
5922,hybrid,fixed,decaps,758829
5923,hybrid,fixed,decaps,767204
5924,hybrid,fixed,decaps,989385
5925,hybrid,fixed,decaps,866910
5926,hybrid,fixed,decaps,932024
5927,hybrid,fixed,decaps,870270
5928,hybrid,fixed,decaps,806986
5929,hybrid,fixed,decaps,805783
5930,hybrid,fixed,decaps,813854
5931,hybrid,fixed,decaps,781099
5932,hybrid,fixed,decaps,788597
5933,hybrid,fixed,decaps,781346
5934,hybrid,fixed,decaps,780543
5935,hybrid,fixed,decaps,780530
5936,hybrid,fixed,decaps,780584
5937,hybrid,fixed,decaps,787412
5938,hybrid,fixed,decaps,782000
5939,hybrid,fixed,decaps,848357
5940,hybrid,fixed,decaps,920756
5941,hybrid,fixed,decaps,936049
5942,hybrid,fixed,decaps,922187
5943,hybrid,fixed,decaps,920564
5944,hybrid,fixed,decaps,1092210
5945,hybrid,fixed,decaps,882476
5946,hybrid,fixed,decaps,973272
5947,hybrid,fixed,decaps,889296
5948,hybrid,fixed,decaps,882380
5949,hybrid,fixed,decaps,890535
5950,hybrid,fixed,decaps,892975
5951,hybrid,fixed,decaps,877457
5952,hybrid,fixed,decaps,911068
5953,hybrid,fixed,decaps,943390
5954,hybrid,fixed,decaps,907749
5955,hybrid,fixed,decaps,815132
5956,hybrid,fixed,decaps,781387
5957,hybrid,fixed,decaps,780496
5958,hybrid,fixed,decaps,814357
5959,hybrid,fixed,decaps,780768
5960,hybrid,fixed,decaps,789182
5961,hybrid,fixed,decaps,781501
5962,hybrid,fixed,decaps,780863
5963,hybrid,fixed,decaps,1059034
5964,hybrid,fixed,decaps,871185
5965,hybrid,fixed,decaps,986566
5966,hybrid,fixed,decaps,830776
5967,hybrid,fixed,decaps,784078
5968,hybrid,fixed,decaps,781067
5969,hybrid,fixed,decaps,824118
5970,hybrid,fixed,decaps,805994
5971,hybrid,fixed,decaps,810720
5972,hybrid,fixed,decaps,790003
5973,hybrid,fixed,decaps,815758
5974,hybrid,fixed,decaps,790260
5975,hybrid,fixed,decaps,781453
5976,hybrid,fixed,decaps,798000
5977,hybrid,fixed,decaps,763008
5978,hybrid,fixed,decaps,828955
5979,hybrid,fixed,decaps,789517
5980,hybrid,fixed,decaps,781520
5981,hybrid,fixed,decaps,779951
5982,hybrid,fixed,decaps,785273
5983,hybrid,fixed,decaps,942841
5984,hybrid,fixed,decaps,932481
5985,hybrid,fixed,decaps,930131
5986,hybrid,fixed,decaps,872648
5987,hybrid,fixed,decaps,761126
5988,hybrid,fixed,decaps,780885
5989,hybrid,fixed,decaps,840072
5990,hybrid,fixed,decaps,784295
5991,hybrid,fixed,decaps,781739
5992,hybrid,fixed,decaps,781526
5993,hybrid,fixed,decaps,781113
5994,hybrid,fixed,decaps,789784
5995,hybrid,fixed,decaps,781816
5996,hybrid,fixed,decaps,780644
5997,hybrid,fixed,decaps,847934
5998,hybrid,fixed,decaps,797257
5999,hybrid,fixed,decaps,766854
6000,hybrid,fixed,decaps,758527
6001,hybrid,fixed,decaps,757840
6002,hybrid,fixed,decaps,774407
6003,hybrid,fixed,decaps,844180
6004,hybrid,fixed,decaps,1044377
6005,hybrid,fixed,decaps,872305
6006,hybrid,fixed,decaps,1014821
6007,hybrid,fixed,decaps,765181
6008,hybrid,fixed,decaps,803174
6009,hybrid,fixed,decaps,806463
6010,hybrid,fixed,decaps,813289
6011,hybrid,fixed,decaps,785388
6012,hybrid,fixed,decaps,772810
6013,hybrid,fixed,decaps,800579
6014,hybrid,fixed,decaps,781766
6015,hybrid,fixed,decaps,783601
6016,hybrid,fixed,decaps,781332
6017,hybrid,fixed,decaps,781302
6018,hybrid,fixed,decaps,822110
6019,hybrid,fixed,decaps,781723
6020,hybrid,fixed,decaps,781057
6021,hybrid,fixed,decaps,781084
6022,hybrid,fixed,decaps,808504
6023,hybrid,fixed,decaps,792266
6024,hybrid,fixed,decaps,1068849
6025,hybrid,fixed,decaps,860331
6026,hybrid,fixed,decaps,923913
6027,hybrid,fixed,decaps,808038
6028,hybrid,fixed,decaps,773036
6029,hybrid,fixed,decaps,807917
6030,hybrid,fixed,decaps,806702
6031,hybrid,fixed,decaps,781345
6032,hybrid,fixed,decaps,780776
6033,hybrid,fixed,decaps,788063
6034,hybrid,fixed,decaps,780958
6035,hybrid,fixed,decaps,780498
6036,hybrid,fixed,decaps,781316
6037,hybrid,fixed,decaps,780184
6038,hybrid,fixed,decaps,789307
6039,hybrid,fixed,decaps,782172
6040,hybrid,fixed,decaps,781146
6041,hybrid,fixed,decaps,780941
6042,hybrid,fixed,decaps,806428
6043,hybrid,fixed,decaps,791892
6044,hybrid,fixed,decaps,930331
6045,hybrid,fixed,decaps,924770
6046,hybrid,fixed,decaps,917474
6047,hybrid,fixed,decaps,965459
6048,hybrid,fixed,decaps,785736
6049,hybrid,fixed,decaps,781311
6050,hybrid,fixed,decaps,781245
6051,hybrid,fixed,decaps,780770
6052,hybrid,fixed,decaps,810144
6053,hybrid,fixed,decaps,782377
6054,hybrid,fixed,decaps,781096
6055,hybrid,fixed,decaps,781070
6056,hybrid,fixed,decaps,783156
6057,hybrid,fixed,decaps,768947
6058,hybrid,fixed,decaps,780055
6059,hybrid,fixed,decaps,805358
6060,hybrid,fixed,decaps,834305
6061,hybrid,fixed,decaps,780456
6062,hybrid,fixed,decaps,780331
6063,hybrid,fixed,decaps,785234
6064,hybrid,fixed,decaps,780462
6065,hybrid,fixed,decaps,1109273
6066,hybrid,fixed,decaps,861166
6067,hybrid,fixed,decaps,967594
6068,hybrid,fixed,decaps,1031534
6069,hybrid,fixed,decaps,885751
6070,hybrid,fixed,decaps,934876
6071,hybrid,fixed,decaps,943168
6072,hybrid,fixed,decaps,900496
6073,hybrid,fixed,decaps,780148
6074,hybrid,fixed,decaps,759337
6075,hybrid,fixed,decaps,758317
6076,hybrid,fixed,decaps,818369
6077,hybrid,fixed,decaps,809933
6078,hybrid,fixed,decaps,781213
6079,hybrid,fixed,decaps,781397
6080,hybrid,fixed,decaps,781169
6081,hybrid,fixed,decaps,819286
6082,hybrid,fixed,decaps,781783
6083,hybrid,fixed,decaps,780744
6084,hybrid,fixed,decaps,936311
6085,hybrid,fixed,decaps,947564
6086,hybrid,fixed,decaps,925632
6087,hybrid,fixed,decaps,1105378
6088,hybrid,fixed,decaps,765480
6089,hybrid,fixed,decaps,768905
6090,hybrid,fixed,decaps,785320
6091,hybrid,fixed,decaps,759335
6092,hybrid,fixed,decaps,757759
6093,hybrid,fixed,decaps,792468
6094,hybrid,fixed,decaps,779890
6095,hybrid,fixed,decaps,812641
6096,hybrid,fixed,decaps,816591
6097,hybrid,fixed,decaps,780960
6098,hybrid,fixed,decaps,780726
6099,hybrid,fixed,decaps,812109
6100,hybrid,fixed,decaps,780682
6101,hybrid,fixed,decaps,789592
6102,hybrid,fixed,decaps,781535
6103,hybrid,fixed,decaps,781047
6104,hybrid,fixed,decaps,903601
6105,hybrid,fixed,decaps,955315
6106,hybrid,fixed,decaps,879880
6107,hybrid,fixed,decaps,957573
6108,hybrid,fixed,decaps,788161
6109,hybrid,fixed,decaps,782147
6110,hybrid,fixed,decaps,793387
6111,hybrid,fixed,decaps,813544
6112,hybrid,fixed,decaps,806669
6113,hybrid,fixed,decaps,781122
6114,hybrid,fixed,decaps,804125
6115,hybrid,fixed,decaps,793129
6116,hybrid,fixed,decaps,781863
6117,hybrid,fixed,decaps,780609
6118,hybrid,fixed,decaps,780435
6119,hybrid,fixed,decaps,780827
6120,hybrid,fixed,decaps,819875
6121,hybrid,fixed,decaps,781515
6122,hybrid,fixed,decaps,780737
6123,hybrid,fixed,decaps,780638
6124,hybrid,fixed,decaps,780819
6125,hybrid,fixed,decaps,1068736
6126,hybrid,fixed,decaps,854281
6127,hybrid,fixed,decaps,960580
6128,hybrid,fixed,decaps,907255
6129,hybrid,fixed,decaps,885973
6130,hybrid,fixed,decaps,759898
6131,hybrid,fixed,decaps,773021
6132,hybrid,fixed,decaps,805502
6133,hybrid,fixed,decaps,800964
6134,hybrid,fixed,decaps,791692
6135,hybrid,fixed,decaps,781714
6136,hybrid,fixed,decaps,780691
6137,hybrid,fixed,decaps,781120
6138,hybrid,fixed,decaps,780599
6139,hybrid,fixed,decaps,907855
6140,hybrid,fixed,decaps,761433
6141,hybrid,fixed,decaps,758016
6142,hybrid,fixed,decaps,811095
6143,hybrid,fixed,decaps,803971
6144,hybrid,fixed,decaps,788658
6145,hybrid,fixed,decaps,1053672
6146,hybrid,fixed,decaps,874538
6147,hybrid,fixed,decaps,913318
6148,hybrid,fixed,decaps,866870
6149,hybrid,fixed,decaps,772002
6150,hybrid,fixed,decaps,816156
6151,hybrid,fixed,decaps,805605
6152,hybrid,fixed,decaps,809160
6153,hybrid,fixed,decaps,780863
6154,hybrid,fixed,decaps,791946
6155,hybrid,fixed,decaps,781685
6156,hybrid,fixed,decaps,784626
6157,hybrid,fixed,decaps,762610
6158,hybrid,fixed,decaps,757795
6159,hybrid,fixed,decaps,827546
6160,hybrid,fixed,decaps,838377
6161,hybrid,fixed,decaps,780719
6162,hybrid,fixed,decaps,781033
6163,hybrid,fixed,decaps,781025
6164,hybrid,fixed,decaps,828969
6165,hybrid,fixed,decaps,935722
6166,hybrid,fixed,decaps,946937
6167,hybrid,fixed,decaps,891137
6168,hybrid,fixed,decaps,926243
6169,hybrid,fixed,decaps,772602
6170,hybrid,fixed,decaps,810011
6171,hybrid,fixed,decaps,807202
6172,hybrid,fixed,decaps,798020
6173,hybrid,fixed,decaps,794613
6174,hybrid,fixed,decaps,781769
6175,hybrid,fixed,decaps,780744
6176,hybrid,fixed,decaps,780759
6177,hybrid,fixed,decaps,781322
6178,hybrid,fixed,decaps,788247
6179,hybrid,fixed,decaps,781013
6180,hybrid,fixed,decaps,814122
6181,hybrid,fixed,decaps,780893
6182,hybrid,fixed,decaps,780790
6183,hybrid,fixed,decaps,788734
6184,hybrid,fixed,decaps,781622
6185,hybrid,fixed,decaps,827393
6186,hybrid,fixed,decaps,1008154
6187,hybrid,fixed,decaps,844809
6188,hybrid,fixed,decaps,1045861
6189,hybrid,fixed,decaps,795173
6190,hybrid,fixed,decaps,787716
6191,hybrid,fixed,decaps,782472
6192,hybrid,fixed,decaps,780992
6193,hybrid,fixed,decaps,793980
6194,hybrid,fixed,decaps,828198
6195,hybrid,fixed,decaps,902063
6196,hybrid,fixed,decaps,785472
6197,hybrid,fixed,decaps,780934
6198,hybrid,fixed,decaps,791496
6199,hybrid,fixed,decaps,781589
6200,hybrid,fixed,decaps,780948
6201,hybrid,fixed,decaps,793388
6202,hybrid,fixed,decaps,872560
6203,hybrid,fixed,decaps,853404
6204,hybrid,fixed,decaps,846646
6205,hybrid,fixed,decaps,1044651
6206,hybrid,fixed,decaps,1071453
6207,hybrid,fixed,decaps,890908
6208,hybrid,fixed,decaps,995193
6209,hybrid,fixed,decaps,793901
6210,hybrid,fixed,decaps,855306
6211,hybrid,fixed,decaps,854123
6212,hybrid,fixed,decaps,812702
6213,hybrid,fixed,decaps,782669
6214,hybrid,fixed,decaps,780759
6215,hybrid,fixed,decaps,781019
6216,hybrid,fixed,decaps,788273
6217,hybrid,fixed,decaps,782281
6218,hybrid,fixed,decaps,781653
6219,hybrid,fixed,decaps,781627
6220,hybrid,fixed,decaps,852726
6221,hybrid,fixed,decaps,887654
6222,hybrid,fixed,decaps,792886
6223,hybrid,fixed,decaps,763703
6224,hybrid,fixed,decaps,791182
6225,hybrid,fixed,decaps,946430
6226,hybrid,fixed,decaps,974376
6227,hybrid,fixed,decaps,927433
6228,hybrid,fixed,decaps,935613
6229,hybrid,fixed,decaps,802482
6230,hybrid,fixed,decaps,806168
6231,hybrid,fixed,decaps,833116
6232,hybrid,fixed,decaps,782168
6233,hybrid,fixed,decaps,781077
6234,hybrid,fixed,decaps,781766
6235,hybrid,fixed,decaps,781111
6236,hybrid,fixed,decaps,787934
6237,hybrid,fixed,decaps,817120
6238,hybrid,fixed,decaps,784169
6239,hybrid,fixed,decaps,781300
6240,hybrid,fixed,decaps,812707
6241,hybrid,fixed,decaps,829048
6242,hybrid,fixed,decaps,783543
6243,hybrid,fixed,decaps,781611
6244,hybrid,fixed,decaps,780948
6245,hybrid,fixed,decaps,894799
6246,hybrid,fixed,decaps,967513
6247,hybrid,fixed,decaps,825172
6248,hybrid,fixed,decaps,1020466
6249,hybrid,fixed,decaps,789644
6250,hybrid,fixed,decaps,800456
6251,hybrid,fixed,decaps,782477
6252,hybrid,fixed,decaps,781084
6253,hybrid,fixed,decaps,780681
6254,hybrid,fixed,decaps,781137
6255,hybrid,fixed,decaps,792683
6256,hybrid,fixed,decaps,781875
6257,hybrid,fixed,decaps,781125
6258,hybrid,fixed,decaps,785742
6259,hybrid,fixed,decaps,774004
6260,hybrid,fixed,decaps,828844
6261,hybrid,fixed,decaps,781379
6262,hybrid,fixed,decaps,829974
6263,hybrid,fixed,decaps,784148
6264,hybrid,fixed,decaps,780926
6265,hybrid,fixed,decaps,789530
6266,hybrid,fixed,decaps,1116090
6267,hybrid,fixed,decaps,962303
6268,hybrid,fixed,decaps,1039897
6269,hybrid,fixed,decaps,916480
6270,hybrid,fixed,decaps,810295
6271,hybrid,fixed,decaps,781210
6272,hybrid,fixed,decaps,780673
6273,hybrid,fixed,decaps,781378
6274,hybrid,fixed,decaps,791226
6275,hybrid,fixed,decaps,781398
6276,hybrid,fixed,decaps,781021
6277,hybrid,fixed,decaps,780563
6278,hybrid,fixed,decaps,780984
6279,hybrid,fixed,decaps,788492
6280,hybrid,fixed,decaps,838012
6281,hybrid,fixed,decaps,758374
6282,hybrid,fixed,decaps,757969
6283,hybrid,fixed,decaps,758132
6284,hybrid,fixed,decaps,784250
6285,hybrid,fixed,decaps,874148
6286,hybrid,fixed,decaps,1037310
6287,hybrid,fixed,decaps,859747
6288,hybrid,fixed,decaps,1018048
6289,hybrid,fixed,decaps,805309
6290,hybrid,fixed,decaps,828980
6291,hybrid,fixed,decaps,856141
6292,hybrid,fixed,decaps,782604
6293,hybrid,fixed,decaps,795475
6294,hybrid,fixed,decaps,770954
6295,hybrid,fixed,decaps,792953
6296,hybrid,fixed,decaps,781084
6297,hybrid,fixed,decaps,780893
6298,hybrid,fixed,decaps,816289
6299,hybrid,fixed,decaps,770951
6300,hybrid,fixed,decaps,759161
6301,hybrid,fixed,decaps,838235
6302,hybrid,fixed,decaps,814851
6303,hybrid,fixed,decaps,781319
6304,hybrid,fixed,decaps,788495
6305,hybrid,fixed,decaps,781911
6306,hybrid,fixed,decaps,1021065
6307,hybrid,fixed,decaps,845024
6308,hybrid,fixed,decaps,939410
6309,hybrid,fixed,decaps,881399
6310,hybrid,fixed,decaps,807920
6311,hybrid,fixed,decaps,817576
6312,hybrid,fixed,decaps,780645
6313,hybrid,fixed,decaps,791400
6314,hybrid,fixed,decaps,781348
6315,hybrid,fixed,decaps,854884
6316,hybrid,fixed,decaps,783288
6317,hybrid,fixed,decaps,780290
6318,hybrid,fixed,decaps,787748
6319,hybrid,fixed,decaps,780794
6320,hybrid,fixed,decaps,814382
6321,hybrid,fixed,decaps,780482
6322,hybrid,fixed,decaps,783411
6323,hybrid,fixed,decaps,946311
6324,hybrid,fixed,decaps,790429
6325,hybrid,fixed,decaps,781806
6326,hybrid,fixed,decaps,958370
6327,hybrid,fixed,decaps,958320
6328,hybrid,fixed,decaps,903490
6329,hybrid,fixed,decaps,944363
6330,hybrid,fixed,decaps,762065
6331,hybrid,fixed,decaps,758369
6332,hybrid,fixed,decaps,804989
6333,hybrid,fixed,decaps,815972
6334,hybrid,fixed,decaps,781263
6335,hybrid,fixed,decaps,795046
6336,hybrid,fixed,decaps,798431
6337,hybrid,fixed,decaps,789279
6338,hybrid,fixed,decaps,782317
6339,hybrid,fixed,decaps,781157
6340,hybrid,fixed,decaps,919811
6341,hybrid,fixed,decaps,857466
6342,hybrid,fixed,decaps,793026
6343,hybrid,fixed,decaps,763953
6344,hybrid,fixed,decaps,757643
6345,hybrid,fixed,decaps,757160
6346,hybrid,fixed,decaps,900424
6347,hybrid,fixed,decaps,970832
6348,hybrid,fixed,decaps,870580
6349,hybrid,fixed,decaps,955376
6350,hybrid,fixed,decaps,809298
6351,hybrid,fixed,decaps,806010
6352,hybrid,fixed,decaps,817402
6353,hybrid,fixed,decaps,798777
6354,hybrid,fixed,decaps,780784
6355,hybrid,fixed,decaps,780823
6356,hybrid,fixed,decaps,780123
6357,hybrid,fixed,decaps,789201
6358,hybrid,fixed,decaps,781531
6359,hybrid,fixed,decaps,780925
6360,hybrid,fixed,decaps,817256
6361,hybrid,fixed,decaps,815200
6362,hybrid,fixed,decaps,803475
6363,hybrid,fixed,decaps,782230
6364,hybrid,fixed,decaps,835818
6365,hybrid,fixed,decaps,784044
6366,hybrid,fixed,decaps,837445
6367,hybrid,fixed,decaps,1002531
6368,hybrid,fixed,decaps,853900
6369,hybrid,fixed,decaps,1022837
6370,hybrid,fixed,decaps,792076
6371,hybrid,fixed,decaps,796186
6372,hybrid,fixed,decaps,782042
6373,hybrid,fixed,decaps,781549
6374,hybrid,fixed,decaps,781031
6375,hybrid,fixed,decaps,781112
6376,hybrid,fixed,decaps,830394
6377,hybrid,fixed,decaps,784247
6378,hybrid,fixed,decaps,781195
6379,hybrid,fixed,decaps,780924
6380,hybrid,fixed,decaps,781399
6381,hybrid,fixed,decaps,787839
6382,hybrid,fixed,decaps,781528
6383,hybrid,fixed,decaps,780378
6384,hybrid,fixed,decaps,854668
6385,hybrid,fixed,decaps,828092
6386,hybrid,fixed,decaps,790676
6387,hybrid,fixed,decaps,1049886
6388,hybrid,fixed,decaps,937001
6389,hybrid,fixed,decaps,831721
6390,hybrid,fixed,decaps,819343
6391,hybrid,fixed,decaps,797603
6392,hybrid,fixed,decaps,782402
6393,hybrid,fixed,decaps,781035
6394,hybrid,fixed,decaps,782201
6395,hybrid,fixed,decaps,781560
6396,hybrid,fixed,decaps,788813
6397,hybrid,fixed,decaps,780819
6398,hybrid,fixed,decaps,780533
6399,hybrid,fixed,decaps,780883
6400,hybrid,fixed,decaps,780639
6401,hybrid,fixed,decaps,838498
6402,hybrid,fixed,decaps,822898
6403,hybrid,fixed,decaps,797509
6404,hybrid,fixed,decaps,758247
6405,hybrid,fixed,decaps,763341
6406,hybrid,fixed,decaps,797104
6407,hybrid,fixed,decaps,785974
6408,hybrid,fixed,decaps,872618
6409,hybrid,fixed,decaps,876658
6410,hybrid,fixed,decaps,867088
6411,hybrid,fixed,decaps,798378
6412,hybrid,fixed,decaps,782548
6413,hybrid,fixed,decaps,780393
6414,hybrid,fixed,decaps,924587
6415,hybrid,fixed,decaps,926287
6416,hybrid,fixed,decaps,782193
6417,hybrid,fixed,decaps,781032
6418,hybrid,fixed,decaps,780872
6419,hybrid,fixed,decaps,780805
6420,hybrid,fixed,decaps,780776
6421,hybrid,fixed,decaps,792069
6422,hybrid,fixed,decaps,775419
6423,hybrid,fixed,decaps,796300
6424,hybrid,fixed,decaps,757833
6425,hybrid,fixed,decaps,757695
6426,hybrid,fixed,decaps,794660
6427,hybrid,fixed,decaps,760235
6428,hybrid,fixed,decaps,839528
6429,hybrid,fixed,decaps,901912
6430,hybrid,fixed,decaps,1097406
6431,hybrid,fixed,decaps,815147
6432,hybrid,fixed,decaps,812932
6433,hybrid,fixed,decaps,782303
6434,hybrid,fixed,decaps,781137
6435,hybrid,fixed,decaps,819193
6436,hybrid,fixed,decaps,783460
6437,hybrid,fixed,decaps,781646
6438,hybrid,fixed,decaps,811986
6439,hybrid,fixed,decaps,782670
6440,hybrid,fixed,decaps,786253
6441,hybrid,fixed,decaps,782015
6442,hybrid,fixed,decaps,815308
6443,hybrid,fixed,decaps,780529
6444,hybrid,fixed,decaps,780700
6445,hybrid,fixed,decaps,783978
6446,hybrid,fixed,decaps,780886
6447,hybrid,fixed,decaps,780823
6448,hybrid,fixed,decaps,784607
6449,hybrid,fixed,decaps,874419
6450,hybrid,fixed,decaps,870288
6451,hybrid,fixed,decaps,812215
6452,hybrid,fixed,decaps,884918
6453,hybrid,fixed,decaps,823903
6454,hybrid,fixed,decaps,806632
6455,hybrid,fixed,decaps,819440
6456,hybrid,fixed,decaps,802018
6457,hybrid,fixed,decaps,788901
6458,hybrid,fixed,decaps,779836
6459,hybrid,fixed,decaps,781194
6460,hybrid,fixed,decaps,788485
6461,hybrid,fixed,decaps,781637
6462,hybrid,fixed,decaps,806522
6463,hybrid,fixed,decaps,843490
6464,hybrid,fixed,decaps,782210
6465,hybrid,fixed,decaps,788005
6466,hybrid,fixed,decaps,818474
6467,hybrid,fixed,decaps,791103
6468,hybrid,fixed,decaps,763693
6469,hybrid,fixed,decaps,854785
6470,hybrid,fixed,decaps,886963
6471,hybrid,fixed,decaps,849845
6472,hybrid,fixed,decaps,772326
6473,hybrid,fixed,decaps,760617
6474,hybrid,fixed,decaps,759868
6475,hybrid,fixed,decaps,770357
6476,hybrid,fixed,decaps,759223
6477,hybrid,fixed,decaps,788779
6478,hybrid,fixed,decaps,805607
6479,hybrid,fixed,decaps,839995
6480,hybrid,fixed,decaps,877705
6481,hybrid,fixed,decaps,784742
6482,hybrid,fixed,decaps,802836
6483,hybrid,fixed,decaps,782134
6484,hybrid,fixed,decaps,780339
6485,hybrid,fixed,decaps,789701
6486,hybrid,fixed,decaps,816484
6487,hybrid,fixed,decaps,810796
6488,hybrid,fixed,decaps,809894
6489,hybrid,fixed,decaps,804625
6490,hybrid,fixed,decaps,950192
6491,hybrid,fixed,decaps,853391
6492,hybrid,fixed,decaps,812723
6493,hybrid,fixed,decaps,814464
6494,hybrid,fixed,decaps,840966
6495,hybrid,fixed,decaps,796843
6496,hybrid,fixed,decaps,781713
6497,hybrid,fixed,decaps,780624
6498,hybrid,fixed,decaps,780443
6499,hybrid,fixed,decaps,780848
6500,hybrid,fixed,decaps,787343
6501,hybrid,fixed,decaps,781122
6502,hybrid,fixed,decaps,781041
6503,hybrid,fixed,decaps,813099
6504,hybrid,fixed,decaps,813542
6505,hybrid,fixed,decaps,789185
6506,hybrid,fixed,decaps,780793
6507,hybrid,fixed,decaps,779593
6508,hybrid,fixed,decaps,780181
6509,hybrid,fixed,decaps,780117
6510,hybrid,fixed,decaps,817917
6511,hybrid,fixed,decaps,901278
6512,hybrid,fixed,decaps,945391
6513,hybrid,fixed,decaps,935501
6514,hybrid,fixed,decaps,802939
6515,hybrid,fixed,decaps,782528
6516,hybrid,fixed,decaps,796260
6517,hybrid,fixed,decaps,809713
6518,hybrid,fixed,decaps,779185
6519,hybrid,fixed,decaps,862556
6520,hybrid,fixed,decaps,781942
6521,hybrid,fixed,decaps,781141
6522,hybrid,fixed,decaps,781583
6523,hybrid,fixed,decaps,780811
6524,hybrid,fixed,decaps,790582
6525,hybrid,fixed,decaps,781710
6526,hybrid,fixed,decaps,780795
6527,hybrid,fixed,decaps,814337
6528,hybrid,fixed,decaps,780196
6529,hybrid,fixed,decaps,787039
6530,hybrid,fixed,decaps,781712
6531,hybrid,fixed,decaps,837648
6532,hybrid,fixed,decaps,855625
6533,hybrid,fixed,decaps,821144
6534,hybrid,fixed,decaps,778590
6535,hybrid,fixed,decaps,822217
6536,hybrid,fixed,decaps,873434
6537,hybrid,fixed,decaps,817454
6538,hybrid,fixed,decaps,931669
6539,hybrid,fixed,decaps,849030
6540,hybrid,fixed,decaps,824967
6541,hybrid,fixed,decaps,787600
6542,hybrid,fixed,decaps,793346
6543,hybrid,fixed,decaps,762551
6544,hybrid,fixed,decaps,765562
6545,hybrid,fixed,decaps,792711
6546,hybrid,fixed,decaps,781151
6547,hybrid,fixed,decaps,805971
6548,hybrid,fixed,decaps,796359
6549,hybrid,fixed,decaps,788539
6550,hybrid,fixed,decaps,781691
6551,hybrid,fixed,decaps,787880
6552,hybrid,fixed,decaps,906241
6553,hybrid,fixed,decaps,879955
6554,hybrid,fixed,decaps,883604
6555,hybrid,fixed,decaps,775380
6556,hybrid,fixed,decaps,785306
6557,hybrid,fixed,decaps,759668
6558,hybrid,fixed,decaps,758501
6559,hybrid,fixed,decaps,766189
6560,hybrid,fixed,decaps,809670
6561,hybrid,fixed,decaps,805078
6562,hybrid,fixed,decaps,781707
6563,hybrid,fixed,decaps,864297
6564,hybrid,fixed,decaps,790901
6565,hybrid,fixed,decaps,781400
6566,hybrid,fixed,decaps,815140
6567,hybrid,fixed,decaps,781065
6568,hybrid,fixed,decaps,781257
6569,hybrid,fixed,decaps,812921
6570,hybrid,fixed,decaps,781953
6571,hybrid,fixed,decaps,780765
6572,hybrid,fixed,decaps,811054
6573,hybrid,fixed,decaps,915060
6574,hybrid,fixed,decaps,866650
6575,hybrid,fixed,decaps,802254
6576,hybrid,fixed,decaps,786331
6577,hybrid,fixed,decaps,760468
6578,hybrid,fixed,decaps,786290
6579,hybrid,fixed,decaps,818485
6580,hybrid,fixed,decaps,794410
6581,hybrid,fixed,decaps,807879
6582,hybrid,fixed,decaps,919701
6583,hybrid,fixed,decaps,786320
6584,hybrid,fixed,decaps,791819
6585,hybrid,fixed,decaps,781476
6586,hybrid,fixed,decaps,780822
6587,hybrid,fixed,decaps,821328
6588,hybrid,fixed,decaps,883537
6589,hybrid,fixed,decaps,866409
6590,hybrid,fixed,decaps,828763
6591,hybrid,fixed,decaps,762535
6592,hybrid,fixed,decaps,773250
6593,hybrid,fixed,decaps,912826
6594,hybrid,fixed,decaps,819107
6595,hybrid,fixed,decaps,769365
6596,hybrid,fixed,decaps,758476
6597,hybrid,fixed,decaps,840082
6598,hybrid,fixed,decaps,816879
6599,hybrid,fixed,decaps,781524
6600,hybrid,fixed,decaps,781023
6601,hybrid,fixed,decaps,780749
6602,hybrid,fixed,decaps,813874
6603,hybrid,fixed,decaps,810589
6604,hybrid,fixed,decaps,781435
6605,hybrid,fixed,decaps,780957
6606,hybrid,fixed,decaps,781589
6607,hybrid,fixed,decaps,812984
6608,hybrid,fixed,decaps,787827
6609,hybrid,fixed,decaps,782377
6610,hybrid,fixed,decaps,780827
6611,hybrid,fixed,decaps,788021
6612,hybrid,fixed,decaps,788634
6613,hybrid,fixed,decaps,838981
6614,hybrid,fixed,decaps,942132
6615,hybrid,fixed,decaps,861918
6616,hybrid,fixed,decaps,854445
6617,hybrid,fixed,decaps,786660
6618,hybrid,fixed,decaps,824539
6619,hybrid,fixed,decaps,782954
6620,hybrid,fixed,decaps,781209
6621,hybrid,fixed,decaps,780898
6622,hybrid,fixed,decaps,780768
6623,hybrid,fixed,decaps,787848
6624,hybrid,fixed,decaps,780931
6625,hybrid,fixed,decaps,780496
6626,hybrid,fixed,decaps,780476
6627,hybrid,fixed,decaps,780567
6628,hybrid,fixed,decaps,856100
6629,hybrid,fixed,decaps,781517
6630,hybrid,fixed,decaps,781424
6631,hybrid,fixed,decaps,780677
6632,hybrid,fixed,decaps,780950
6633,hybrid,fixed,decaps,789667
6634,hybrid,fixed,decaps,833578
6635,hybrid,fixed,decaps,967956
6636,hybrid,fixed,decaps,785178
6637,hybrid,fixed,decaps,861411
6638,hybrid,fixed,decaps,914819
6639,hybrid,fixed,decaps,801844
6640,hybrid,fixed,decaps,781655
6641,hybrid,fixed,decaps,786860
6642,hybrid,fixed,decaps,741524
6643,hybrid,fixed,decaps,780938
6644,hybrid,fixed,decaps,805751
6645,hybrid,fixed,decaps,807325
6646,hybrid,fixed,decaps,781533
6647,hybrid,fixed,decaps,781023
6648,hybrid,fixed,decaps,788024
6649,hybrid,fixed,decaps,820000
6650,hybrid,fixed,decaps,794845
6651,hybrid,fixed,decaps,737027
6652,hybrid,fixed,decaps,737792
6653,hybrid,fixed,decaps,775046
6654,hybrid,fixed,decaps,760097
6655,hybrid,fixed,decaps,829623
6656,hybrid,fixed,decaps,915768
6657,hybrid,fixed,decaps,809530
6658,hybrid,fixed,decaps,810989
6659,hybrid,fixed,decaps,863575
6660,hybrid,fixed,decaps,822624
6661,hybrid,fixed,decaps,815082
6662,hybrid,fixed,decaps,790686
6663,hybrid,fixed,decaps,891978
6664,hybrid,fixed,decaps,799046
6665,hybrid,fixed,decaps,782284
6666,hybrid,fixed,decaps,781499
6667,hybrid,fixed,decaps,781483
6668,hybrid,fixed,decaps,787294
6669,hybrid,fixed,decaps,815712
6670,hybrid,fixed,decaps,781028
6671,hybrid,fixed,decaps,781416
6672,hybrid,fixed,decaps,781260
6673,hybrid,fixed,decaps,786728
6674,hybrid,fixed,decaps,781759
6675,hybrid,fixed,decaps,796253
6676,hybrid,fixed,decaps,943221
6677,hybrid,fixed,decaps,843520
6678,hybrid,fixed,decaps,826275
6679,hybrid,fixed,decaps,765427
6680,hybrid,fixed,decaps,789973
6681,hybrid,fixed,decaps,760796
6682,hybrid,fixed,decaps,799830
6683,hybrid,fixed,decaps,816088
6684,hybrid,fixed,decaps,803453
6685,hybrid,fixed,decaps,793771
6686,hybrid,fixed,decaps,780934
6687,hybrid,fixed,decaps,780425
6688,hybrid,fixed,decaps,936799
6689,hybrid,fixed,decaps,796109
6690,hybrid,fixed,decaps,781904
6691,hybrid,fixed,decaps,817772
6692,hybrid,fixed,decaps,786957
6693,hybrid,fixed,decaps,788207
6694,hybrid,fixed,decaps,781344
6695,hybrid,fixed,decaps,780622
6696,hybrid,fixed,decaps,826893
6697,hybrid,fixed,decaps,930147
6698,hybrid,fixed,decaps,808875
6699,hybrid,fixed,decaps,821797
6700,hybrid,fixed,decaps,814561
6701,hybrid,fixed,decaps,784257
6702,hybrid,fixed,decaps,791810
6703,hybrid,fixed,decaps,781944
6704,hybrid,fixed,decaps,780953
6705,hybrid,fixed,decaps,780599
6706,hybrid,fixed,decaps,780785
6707,hybrid,fixed,decaps,785897
6708,hybrid,fixed,decaps,808869
6709,hybrid,fixed,decaps,833630
6710,hybrid,fixed,decaps,814201
6711,hybrid,fixed,decaps,773248
6712,hybrid,fixed,decaps,758327
6713,hybrid,fixed,decaps,813645
6714,hybrid,fixed,decaps,827565
6715,hybrid,fixed,decaps,806906
6716,hybrid,fixed,decaps,806187
6717,hybrid,fixed,decaps,940134
6718,hybrid,fixed,decaps,827017
6719,hybrid,fixed,decaps,790924
6720,hybrid,fixed,decaps,805879
6721,hybrid,fixed,decaps,832775
6722,hybrid,fixed,decaps,820076
6723,hybrid,fixed,decaps,808742
6724,hybrid,fixed,decaps,781046
6725,hybrid,fixed,decaps,781339
6726,hybrid,fixed,decaps,781036
6727,hybrid,fixed,decaps,790628
6728,hybrid,fixed,decaps,781630
6729,hybrid,fixed,decaps,781152
6730,hybrid,fixed,decaps,780985
6731,hybrid,fixed,decaps,817530
6732,hybrid,fixed,decaps,826696
6733,hybrid,fixed,decaps,781872
6734,hybrid,fixed,decaps,801087
6735,hybrid,fixed,decaps,782992
6736,hybrid,fixed,decaps,781032
6737,hybrid,fixed,decaps,848673
6738,hybrid,fixed,decaps,1075421
6739,hybrid,fixed,decaps,871775
6740,hybrid,fixed,decaps,974757
6741,hybrid,fixed,decaps,880203
6742,hybrid,fixed,decaps,832075
6743,hybrid,fixed,decaps,808548
6744,hybrid,fixed,decaps,782338
6745,hybrid,fixed,decaps,781134
6746,hybrid,fixed,decaps,781154
6747,hybrid,fixed,decaps,788128
6748,hybrid,fixed,decaps,781636
6749,hybrid,fixed,decaps,780874
6750,hybrid,fixed,decaps,781255
6751,hybrid,fixed,decaps,816903
6752,hybrid,fixed,decaps,788133
6753,hybrid,fixed,decaps,787062
6754,hybrid,fixed,decaps,801081
6755,hybrid,fixed,decaps,784226
6756,hybrid,fixed,decaps,781524
6757,hybrid,fixed,decaps,976650
6758,hybrid,fixed,decaps,1076880
6759,hybrid,fixed,decaps,947251
6760,hybrid,fixed,decaps,883849
6761,hybrid,fixed,decaps,809132
6762,hybrid,fixed,decaps,878591
6763,hybrid,fixed,decaps,938902
6764,hybrid,fixed,decaps,935714
6765,hybrid,fixed,decaps,820897
6766,hybrid,fixed,decaps,761771
6767,hybrid,fixed,decaps,758088
6768,hybrid,fixed,decaps,757763
6769,hybrid,fixed,decaps,757538
6770,hybrid,fixed,decaps,758110
6771,hybrid,fixed,decaps,797706
6772,hybrid,fixed,decaps,758097
6773,hybrid,fixed,decaps,757569
6774,hybrid,fixed,decaps,781250
6775,hybrid,fixed,decaps,804841
6776,hybrid,fixed,decaps,811929
6777,hybrid,fixed,decaps,942020
6778,hybrid,fixed,decaps,892094
6779,hybrid,fixed,decaps,870484
6780,hybrid,fixed,decaps,805085
6781,hybrid,fixed,decaps,808771
6782,hybrid,fixed,decaps,783058
6783,hybrid,fixed,decaps,780966
6784,hybrid,fixed,decaps,781015
6785,hybrid,fixed,decaps,790046
6786,hybrid,fixed,decaps,782332
6787,hybrid,fixed,decaps,805480
6788,hybrid,fixed,decaps,782211
6789,hybrid,fixed,decaps,781026
6790,hybrid,fixed,decaps,788114
6791,hybrid,fixed,decaps,781804
6792,hybrid,fixed,decaps,781001
6793,hybrid,fixed,decaps,814674
6794,hybrid,fixed,decaps,780946
6795,hybrid,fixed,decaps,787041
6796,hybrid,fixed,decaps,782332
6797,hybrid,fixed,decaps,781044
6798,hybrid,fixed,decaps,876329
6799,hybrid,fixed,decaps,935612
6800,hybrid,fixed,decaps,830331
6801,hybrid,fixed,decaps,762618
6802,hybrid,fixed,decaps,805788
6803,hybrid,fixed,decaps,808531
6804,hybrid,fixed,decaps,796326
6805,hybrid,fixed,decaps,789694
6806,hybrid,fixed,decaps,782045
6807,hybrid,fixed,decaps,781103
6808,hybrid,fixed,decaps,781038
6809,hybrid,fixed,decaps,780732
6810,hybrid,fixed,decaps,808551
6811,hybrid,fixed,decaps,782427
6812,hybrid,fixed,decaps,803128
6813,hybrid,fixed,decaps,820986
6814,hybrid,fixed,decaps,786889
6815,hybrid,fixed,decaps,788469
6816,hybrid,fixed,decaps,781862
6817,hybrid,fixed,decaps,781151
6818,hybrid,fixed,decaps,783048
6819,hybrid,fixed,decaps,888815
6820,hybrid,fixed,decaps,914829
6821,hybrid,fixed,decaps,807648
6822,hybrid,fixed,decaps,843639
6823,hybrid,fixed,decaps,834766
6824,hybrid,fixed,decaps,783268
6825,hybrid,fixed,decaps,789968
6826,hybrid,fixed,decaps,809793
6827,hybrid,fixed,decaps,808794
6828,hybrid,fixed,decaps,795146
6829,hybrid,fixed,decaps,757823
6830,hybrid,fixed,decaps,768796
6831,hybrid,fixed,decaps,759129
6832,hybrid,fixed,decaps,783236
6833,hybrid,fixed,decaps,818017
6834,hybrid,fixed,decaps,812794
6835,hybrid,fixed,decaps,799395
6836,hybrid,fixed,decaps,808600
6837,hybrid,fixed,decaps,861164
6838,hybrid,fixed,decaps,789978
6839,hybrid,fixed,decaps,824445
6840,hybrid,fixed,decaps,926285
6841,hybrid,fixed,decaps,865181
6842,hybrid,fixed,decaps,812750
6843,hybrid,fixed,decaps,833183
6844,hybrid,fixed,decaps,815484
6845,hybrid,fixed,decaps,792206
6846,hybrid,fixed,decaps,781251
6847,hybrid,fixed,decaps,780584
6848,hybrid,fixed,decaps,800397
6849,hybrid,fixed,decaps,798848
6850,hybrid,fixed,decaps,764847
6851,hybrid,fixed,decaps,795564
6852,hybrid,fixed,decaps,781614
6853,hybrid,fixed,decaps,791789
6854,hybrid,fixed,decaps,763251
6855,hybrid,fixed,decaps,795988
6856,hybrid,fixed,decaps,758886
6857,hybrid,fixed,decaps,758340
6858,hybrid,fixed,decaps,758365
6859,hybrid,fixed,decaps,814392
6860,hybrid,fixed,decaps,873994
6861,hybrid,fixed,decaps,936268
6862,hybrid,fixed,decaps,898617
6863,hybrid,fixed,decaps,764102
6864,hybrid,fixed,decaps,789824
6865,hybrid,fixed,decaps,769630
6866,hybrid,fixed,decaps,758472
6867,hybrid,fixed,decaps,802199
6868,hybrid,fixed,decaps,809708
6869,hybrid,fixed,decaps,780905
6870,hybrid,fixed,decaps,787656
6871,hybrid,fixed,decaps,781172
6872,hybrid,fixed,decaps,802981
6873,hybrid,fixed,decaps,782531
6874,hybrid,fixed,decaps,795780
6875,hybrid,fixed,decaps,846849
6876,hybrid,fixed,decaps,807211
6877,hybrid,fixed,decaps,796169
6878,hybrid,fixed,decaps,763300
6879,hybrid,fixed,decaps,758113
6880,hybrid,fixed,decaps,770567
6881,hybrid,fixed,decaps,839269
6882,hybrid,fixed,decaps,943541
6883,hybrid,fixed,decaps,1019393
6884,hybrid,fixed,decaps,946389
6885,hybrid,fixed,decaps,796471
6886,hybrid,fixed,decaps,780983
6887,hybrid,fixed,decaps,820956
6888,hybrid,fixed,decaps,782298
6889,hybrid,fixed,decaps,792681
6890,hybrid,fixed,decaps,781827
6891,hybrid,fixed,decaps,780754
6892,hybrid,fixed,decaps,780531
6893,hybrid,fixed,decaps,780621
6894,hybrid,fixed,decaps,787357
6895,hybrid,fixed,decaps,820249
6896,hybrid,fixed,decaps,786993
6897,hybrid,fixed,decaps,780860
6898,hybrid,fixed,decaps,780595
6899,hybrid,fixed,decaps,788598
6900,hybrid,fixed,decaps,782483
6901,hybrid,fixed,decaps,1112524
6902,hybrid,fixed,decaps,877556
6903,hybrid,fixed,decaps,998804
6904,hybrid,fixed,decaps,851891
6905,hybrid,fixed,decaps,808540
6906,hybrid,fixed,decaps,799910
6907,hybrid,fixed,decaps,781076
6908,hybrid,fixed,decaps,783864
6909,hybrid,fixed,decaps,787852
6910,hybrid,fixed,decaps,781751
6911,hybrid,fixed,decaps,783271
6912,hybrid,fixed,decaps,813295
6913,hybrid,fixed,decaps,785753
6914,hybrid,fixed,decaps,789219
6915,hybrid,fixed,decaps,781386
6916,hybrid,fixed,decaps,819511
6917,hybrid,fixed,decaps,786690
6918,hybrid,fixed,decaps,785769
6919,hybrid,fixed,decaps,780681
6920,hybrid,fixed,decaps,763289
6921,hybrid,fixed,decaps,985456
6922,hybrid,fixed,decaps,840115
6923,hybrid,fixed,decaps,903081
6924,hybrid,fixed,decaps,868746
6925,hybrid,fixed,decaps,776792
6926,hybrid,fixed,decaps,806140
6927,hybrid,fixed,decaps,805567
6928,hybrid,fixed,decaps,813033
6929,hybrid,fixed,decaps,781441
6930,hybrid,fixed,decaps,780601
6931,hybrid,fixed,decaps,780897
6932,hybrid,fixed,decaps,780704
6933,hybrid,fixed,decaps,787512
6934,hybrid,fixed,decaps,781750
6935,hybrid,fixed,decaps,781390
6936,hybrid,fixed,decaps,814516
6937,hybrid,fixed,decaps,808820
6938,hybrid,fixed,decaps,812666
6939,hybrid,fixed,decaps,782959
6940,hybrid,fixed,decaps,781003
6941,hybrid,fixed,decaps,912853
6942,hybrid,fixed,decaps,901499
6943,hybrid,fixed,decaps,861389
6944,hybrid,fixed,decaps,942478
6945,hybrid,fixed,decaps,796257
6946,hybrid,fixed,decaps,782846
6947,hybrid,fixed,decaps,805328
6948,hybrid,fixed,decaps,818073
6949,hybrid,fixed,decaps,800524
6950,hybrid,fixed,decaps,781074
6951,hybrid,fixed,decaps,800827
6952,hybrid,fixed,decaps,817177
6953,hybrid,fixed,decaps,791924
6954,hybrid,fixed,decaps,787683
6955,hybrid,fixed,decaps,789439
6956,hybrid,fixed,decaps,812939
6957,hybrid,fixed,decaps,780994
6958,hybrid,fixed,decaps,789838
6959,hybrid,fixed,decaps,781771
6960,hybrid,fixed,decaps,781384
6961,hybrid,fixed,decaps,781990
6962,hybrid,fixed,decaps,1081422
6963,hybrid,fixed,decaps,848618
6964,hybrid,fixed,decaps,964125
6965,hybrid,fixed,decaps,1014886
6966,hybrid,fixed,decaps,888324
6967,hybrid,fixed,decaps,826928
6968,hybrid,fixed,decaps,759133
6969,hybrid,fixed,decaps,790619
6970,hybrid,fixed,decaps,805453
6971,hybrid,fixed,decaps,805488
6972,hybrid,fixed,decaps,802285
6973,hybrid,fixed,decaps,781492
6974,hybrid,fixed,decaps,780900
6975,hybrid,fixed,decaps,781309
6976,hybrid,fixed,decaps,780964
6977,hybrid,fixed,decaps,789042
6978,hybrid,fixed,decaps,820626
6979,hybrid,fixed,decaps,787392
6980,hybrid,fixed,decaps,781612
6981,hybrid,fixed,decaps,781341
6982,hybrid,fixed,decaps,1060995
6983,hybrid,fixed,decaps,833874
6984,hybrid,fixed,decaps,974114
6985,hybrid,fixed,decaps,854655
6986,hybrid,fixed,decaps,810135
6987,hybrid,fixed,decaps,814800
6988,hybrid,fixed,decaps,780901
6989,hybrid,fixed,decaps,780864
6990,hybrid,fixed,decaps,780735
6991,hybrid,fixed,decaps,780439
6992,hybrid,fixed,decaps,799765
6993,hybrid,fixed,decaps,781943
6994,hybrid,fixed,decaps,781305
6995,hybrid,fixed,decaps,780975
6996,hybrid,fixed,decaps,820042
6997,hybrid,fixed,decaps,806167
6998,hybrid,fixed,decaps,781477
6999,hybrid,fixed,decaps,791059
7000,hybrid,fixed,decaps,781045
7001,hybrid,fixed,decaps,780672
7002,hybrid,fixed,decaps,964908
7003,hybrid,fixed,decaps,882543
7004,hybrid,fixed,decaps,852237
7005,hybrid,fixed,decaps,961621
7006,hybrid,fixed,decaps,774609
7007,hybrid,fixed,decaps,799152
7008,hybrid,fixed,decaps,805444
7009,hybrid,fixed,decaps,816163
7010,hybrid,fixed,decaps,781178
7011,hybrid,fixed,decaps,789422
7012,hybrid,fixed,decaps,789698
7013,hybrid,fixed,decaps,780945
7014,hybrid,fixed,decaps,780773
7015,hybrid,fixed,decaps,780690
7016,hybrid,fixed,decaps,785825
7017,hybrid,fixed,decaps,815260
7018,hybrid,fixed,decaps,781876
7019,hybrid,fixed,decaps,781106
7020,hybrid,fixed,decaps,780906
7021,hybrid,fixed,decaps,794764
7022,hybrid,fixed,decaps,806930
7023,hybrid,fixed,decaps,969519
7024,hybrid,fixed,decaps,823097
7025,hybrid,fixed,decaps,983044
7026,hybrid,fixed,decaps,778380
7027,hybrid,fixed,decaps,814254
7028,hybrid,fixed,decaps,804123
7029,hybrid,fixed,decaps,803102
7030,hybrid,fixed,decaps,813910
7031,hybrid,fixed,decaps,790014
7032,hybrid,fixed,decaps,781433
7033,hybrid,fixed,decaps,780877
7034,hybrid,fixed,decaps,781002
7035,hybrid,fixed,decaps,781005
7036,hybrid,fixed,decaps,788210
7037,hybrid,fixed,decaps,821003
7038,hybrid,fixed,decaps,791060
7039,hybrid,fixed,decaps,757883
7040,hybrid,fixed,decaps,763030
7041,hybrid,fixed,decaps,766309
7042,hybrid,fixed,decaps,758992
7043,hybrid,fixed,decaps,893875
7044,hybrid,fixed,decaps,929474
7045,hybrid,fixed,decaps,874536
7046,hybrid,fixed,decaps,1013510
7047,hybrid,fixed,decaps,786994
7048,hybrid,fixed,decaps,781903
7049,hybrid,fixed,decaps,781269
7050,hybrid,fixed,decaps,790158
7051,hybrid,fixed,decaps,782831
7052,hybrid,fixed,decaps,781400
7053,hybrid,fixed,decaps,781340
7054,hybrid,fixed,decaps,781411
7055,hybrid,fixed,decaps,781228
7056,hybrid,fixed,decaps,788059
7057,hybrid,fixed,decaps,781089
7058,hybrid,fixed,decaps,815140
7059,hybrid,fixed,decaps,780987
7060,hybrid,fixed,decaps,780823
7061,hybrid,fixed,decaps,789418
7062,hybrid,fixed,decaps,781579
7063,hybrid,fixed,decaps,787015
7064,hybrid,fixed,decaps,1031350
7065,hybrid,fixed,decaps,945172
7066,hybrid,fixed,decaps,977049
7067,hybrid,fixed,decaps,792867
7068,hybrid,fixed,decaps,759709
7069,hybrid,fixed,decaps,765640
7070,hybrid,fixed,decaps,965049
7071,hybrid,fixed,decaps,796916
7072,hybrid,fixed,decaps,781835
7073,hybrid,fixed,decaps,780795
7074,hybrid,fixed,decaps,781327
7075,hybrid,fixed,decaps,793229
7076,hybrid,fixed,decaps,803935
7077,hybrid,fixed,decaps,791099
7078,hybrid,fixed,decaps,928835
7079,hybrid,fixed,decaps,930615
7080,hybrid,fixed,decaps,961347
7081,hybrid,fixed,decaps,959197
7082,hybrid,fixed,decaps,896043
7083,hybrid,fixed,decaps,1056063
7084,hybrid,fixed,decaps,999232
7085,hybrid,fixed,decaps,940040
7086,hybrid,fixed,decaps,777931
7087,hybrid,fixed,decaps,798737
7088,hybrid,fixed,decaps,796839
7089,hybrid,fixed,decaps,804041
7090,hybrid,fixed,decaps,815239
7091,hybrid,fixed,decaps,1137076
7092,hybrid,fixed,decaps,949020
7093,hybrid,fixed,decaps,925059
7094,hybrid,fixed,decaps,908781
7095,hybrid,fixed,decaps,908049
7096,hybrid,fixed,decaps,907819
7097,hybrid,fixed,decaps,801454
7098,hybrid,fixed,decaps,793667
7099,hybrid,fixed,decaps,780498
7100,hybrid,fixed,decaps,780014
7101,hybrid,fixed,decaps,779845
7102,hybrid,fixed,decaps,1099993
7103,hybrid,fixed,decaps,834988
7104,hybrid,fixed,decaps,978123
7105,hybrid,fixed,decaps,817135
7106,hybrid,fixed,decaps,820844
7107,hybrid,fixed,decaps,783142
7108,hybrid,fixed,decaps,781390
7109,hybrid,fixed,decaps,816897
7110,hybrid,fixed,decaps,801092
7111,hybrid,fixed,decaps,787476
7112,hybrid,fixed,decaps,782282
7113,hybrid,fixed,decaps,780848
7114,hybrid,fixed,decaps,781125
7115,hybrid,fixed,decaps,780718
7116,hybrid,fixed,decaps,812448
7117,hybrid,fixed,decaps,788674
7118,hybrid,fixed,decaps,781195
7119,hybrid,fixed,decaps,780840
7120,hybrid,fixed,decaps,782698
7121,hybrid,fixed,decaps,780940
7122,hybrid,fixed,decaps,1003062
7123,hybrid,fixed,decaps,912743
7124,hybrid,fixed,decaps,879261
7125,hybrid,fixed,decaps,953825
7126,hybrid,fixed,decaps,798931
7127,hybrid,fixed,decaps,783005
7128,hybrid,fixed,decaps,781495
7129,hybrid,fixed,decaps,781017
7130,hybrid,fixed,decaps,781516
7131,hybrid,fixed,decaps,789176
7132,hybrid,fixed,decaps,781791
7133,hybrid,fixed,decaps,780686
7134,hybrid,fixed,decaps,780559
7135,hybrid,fixed,decaps,780885
7136,hybrid,fixed,decaps,788945
7137,hybrid,fixed,decaps,815348
7138,hybrid,fixed,decaps,781068
7139,hybrid,fixed,decaps,780743
7140,hybrid,fixed,decaps,780819
7141,hybrid,fixed,decaps,789792
7142,hybrid,fixed,decaps,829256
7143,hybrid,fixed,decaps,1048018
7144,hybrid,fixed,decaps,934911
7145,hybrid,fixed,decaps,1058362
7146,hybrid,fixed,decaps,787683
7147,hybrid,fixed,decaps,782278
7148,hybrid,fixed,decaps,781429
7149,hybrid,fixed,decaps,781158
7150,hybrid,fixed,decaps,790262
7151,hybrid,fixed,decaps,783446
7152,hybrid,fixed,decaps,781709
7153,hybrid,fixed,decaps,781126
7154,hybrid,fixed,decaps,781173
7155,hybrid,fixed,decaps,780989
7156,hybrid,fixed,decaps,786015
7157,hybrid,fixed,decaps,781587
7158,hybrid,fixed,decaps,814342
7159,hybrid,fixed,decaps,780467
7160,hybrid,fixed,decaps,780519
7161,hybrid,fixed,decaps,783806
7162,hybrid,fixed,decaps,780530
7163,hybrid,fixed,decaps,1088695
7164,hybrid,fixed,decaps,882689
7165,hybrid,fixed,decaps,1012204
7166,hybrid,fixed,decaps,785757
7167,hybrid,fixed,decaps,759747
7168,hybrid,fixed,decaps,758748
7169,hybrid,fixed,decaps,758307
7170,hybrid,fixed,decaps,768429
7171,hybrid,fixed,decaps,793993
7172,hybrid,fixed,decaps,813792
7173,hybrid,fixed,decaps,781307
7174,hybrid,fixed,decaps,817855
7175,hybrid,fixed,decaps,807731
7176,hybrid,fixed,decaps,781806
7177,hybrid,fixed,decaps,814853
7178,hybrid,fixed,decaps,781254
7179,hybrid,fixed,decaps,780678
7180,hybrid,fixed,decaps,788924
7181,hybrid,fixed,decaps,781626
7182,hybrid,fixed,decaps,781008
7183,hybrid,fixed,decaps,931585
7184,hybrid,fixed,decaps,949569
7185,hybrid,fixed,decaps,867723
7186,hybrid,fixed,decaps,991380
7187,hybrid,fixed,decaps,784869
7188,hybrid,fixed,decaps,781151
7189,hybrid,fixed,decaps,780833
7190,hybrid,fixed,decaps,791095
7191,hybrid,fixed,decaps,780849
7192,hybrid,fixed,decaps,779799
7193,hybrid,fixed,decaps,813668
7194,hybrid,fixed,decaps,795686
7195,hybrid,fixed,decaps,772115
7196,hybrid,fixed,decaps,758631
7197,hybrid,fixed,decaps,805195
7198,hybrid,fixed,decaps,852306
7199,hybrid,fixed,decaps,794320
7200,hybrid,fixed,decaps,770549
7201,hybrid,fixed,decaps,758262
7202,hybrid,fixed,decaps,757806
7203,hybrid,fixed,decaps,766855
7204,hybrid,fixed,decaps,1116648
7205,hybrid,fixed,decaps,836866
7206,hybrid,fixed,decaps,1006641
7207,hybrid,fixed,decaps,823702
7208,hybrid,fixed,decaps,782604
7209,hybrid,fixed,decaps,826644
7210,hybrid,fixed,decaps,806437
7211,hybrid,fixed,decaps,781015
7212,hybrid,fixed,decaps,780976
7213,hybrid,fixed,decaps,780661
7214,hybrid,fixed,decaps,788158
7215,hybrid,fixed,decaps,781393
7216,hybrid,fixed,decaps,784259
7217,hybrid,fixed,decaps,828083
7218,hybrid,fixed,decaps,787264
7219,hybrid,fixed,decaps,791837
7220,hybrid,fixed,decaps,794906
7221,hybrid,fixed,decaps,782721
7222,hybrid,fixed,decaps,781259
7223,hybrid,fixed,decaps,780591
7224,hybrid,fixed,decaps,1106943
7225,hybrid,fixed,decaps,840266
7226,hybrid,fixed,decaps,955910
7227,hybrid,fixed,decaps,799885
7228,hybrid,fixed,decaps,813626
7229,hybrid,fixed,decaps,809018
7230,hybrid,fixed,decaps,805611
7231,hybrid,fixed,decaps,798051
7232,hybrid,fixed,decaps,780743
7233,hybrid,fixed,decaps,792715
7234,hybrid,fixed,decaps,771915
7235,hybrid,fixed,decaps,793613
7236,hybrid,fixed,decaps,780391
7237,hybrid,fixed,decaps,780434
7238,hybrid,fixed,decaps,813779
7239,hybrid,fixed,decaps,789595
7240,hybrid,fixed,decaps,781303
7241,hybrid,fixed,decaps,780673
7242,hybrid,fixed,decaps,780317
7243,hybrid,fixed,decaps,780562
7244,hybrid,fixed,decaps,950839
7245,hybrid,fixed,decaps,948228
7246,hybrid,fixed,decaps,1043741
7247,hybrid,fixed,decaps,817839
7248,hybrid,fixed,decaps,779426
7249,hybrid,fixed,decaps,798345
7250,hybrid,fixed,decaps,811530
7251,hybrid,fixed,decaps,781181
7252,hybrid,fixed,decaps,780518
7253,hybrid,fixed,decaps,789489
7254,hybrid,fixed,decaps,797755
7255,hybrid,fixed,decaps,783430
7256,hybrid,fixed,decaps,780866
7257,hybrid,fixed,decaps,780565
7258,hybrid,fixed,decaps,789368
7259,hybrid,fixed,decaps,815386
7260,hybrid,fixed,decaps,781099
7261,hybrid,fixed,decaps,780914
7262,hybrid,fixed,decaps,780871
7263,hybrid,fixed,decaps,798778
7264,hybrid,fixed,decaps,787479
7265,hybrid,fixed,decaps,1067370
7266,hybrid,fixed,decaps,970136
7267,hybrid,fixed,decaps,989955
7268,hybrid,fixed,decaps,797051
7269,hybrid,fixed,decaps,782520
7270,hybrid,fixed,decaps,781087
7271,hybrid,fixed,decaps,781421
7272,hybrid,fixed,decaps,803716
7273,hybrid,fixed,decaps,826076
7274,hybrid,fixed,decaps,781551
7275,hybrid,fixed,decaps,780316
7276,hybrid,fixed,decaps,763981
7277,hybrid,fixed,decaps,781987
7278,hybrid,fixed,decaps,830181
7279,hybrid,fixed,decaps,781806
7280,hybrid,fixed,decaps,815060
7281,hybrid,fixed,decaps,803534
7282,hybrid,fixed,decaps,816096
7283,hybrid,fixed,decaps,788258
7284,hybrid,fixed,decaps,781308
7285,hybrid,fixed,decaps,1096394
7286,hybrid,fixed,decaps,844035
7287,hybrid,fixed,decaps,1023318
7288,hybrid,fixed,decaps,789543
7289,hybrid,fixed,decaps,781838
7290,hybrid,fixed,decaps,782101
7291,hybrid,fixed,decaps,780664
7292,hybrid,fixed,decaps,791878
7293,hybrid,fixed,decaps,781289
7294,hybrid,fixed,decaps,780676
7295,hybrid,fixed,decaps,781094
7296,hybrid,fixed,decaps,780509
7297,hybrid,fixed,decaps,787160
7298,hybrid,fixed,decaps,781346
7299,hybrid,fixed,decaps,814508
7300,hybrid,fixed,decaps,780505
7301,hybrid,fixed,decaps,780623
7302,hybrid,fixed,decaps,806117
7303,hybrid,fixed,decaps,781876
7304,hybrid,fixed,decaps,780945
7305,hybrid,fixed,decaps,998961
7306,hybrid,fixed,decaps,878526
7307,hybrid,fixed,decaps,877704
7308,hybrid,fixed,decaps,1031715
7309,hybrid,fixed,decaps,911983
7310,hybrid,fixed,decaps,781794
7311,hybrid,fixed,decaps,801479
7312,hybrid,fixed,decaps,782428
7313,hybrid,fixed,decaps,781256
7314,hybrid,fixed,decaps,780967
7315,hybrid,fixed,decaps,782211
7316,hybrid,fixed,decaps,802230
7317,hybrid,fixed,decaps,819303
7318,hybrid,fixed,decaps,785177
7319,hybrid,fixed,decaps,776143
7320,hybrid,fixed,decaps,795747
7321,hybrid,fixed,decaps,799271
7322,hybrid,fixed,decaps,759532
7323,hybrid,fixed,decaps,757608
7324,hybrid,fixed,decaps,757832
7325,hybrid,fixed,decaps,888697
7326,hybrid,fixed,decaps,967602
7327,hybrid,fixed,decaps,824579
7328,hybrid,fixed,decaps,1004207
7329,hybrid,fixed,decaps,811490
7330,hybrid,fixed,decaps,806078
7331,hybrid,fixed,decaps,808081
7332,hybrid,fixed,decaps,781375
7333,hybrid,fixed,decaps,780633
7334,hybrid,fixed,decaps,780805
7335,hybrid,fixed,decaps,780670
7336,hybrid,fixed,decaps,787853
7337,hybrid,fixed,decaps,781354
7338,hybrid,fixed,decaps,780806
7339,hybrid,fixed,decaps,781492
7340,hybrid,fixed,decaps,781064
7341,hybrid,fixed,decaps,836428
7342,hybrid,fixed,decaps,790509
7343,hybrid,fixed,decaps,763925
7344,hybrid,fixed,decaps,757756
7345,hybrid,fixed,decaps,757343
7346,hybrid,fixed,decaps,1081173
7347,hybrid,fixed,decaps,860870
7348,hybrid,fixed,decaps,984469
7349,hybrid,fixed,decaps,950529
7350,hybrid,fixed,decaps,895962
7351,hybrid,fixed,decaps,782187
7352,hybrid,fixed,decaps,780982
7353,hybrid,fixed,decaps,780749
7354,hybrid,fixed,decaps,780775
7355,hybrid,fixed,decaps,788605
7356,hybrid,fixed,decaps,781393
7357,hybrid,fixed,decaps,780668
7358,hybrid,fixed,decaps,781276
7359,hybrid,fixed,decaps,781378
7360,hybrid,fixed,decaps,787181
7361,hybrid,fixed,decaps,801858
7362,hybrid,fixed,decaps,763567
7363,hybrid,fixed,decaps,791830
7364,hybrid,fixed,decaps,757839
7365,hybrid,fixed,decaps,780251
7366,hybrid,fixed,decaps,1095638
7367,hybrid,fixed,decaps,882871
7368,hybrid,fixed,decaps,911314
7369,hybrid,fixed,decaps,884405
7370,hybrid,fixed,decaps,797797
7371,hybrid,fixed,decaps,781575
7372,hybrid,fixed,decaps,781018
7373,hybrid,fixed,decaps,781054
7374,hybrid,fixed,decaps,780712
7375,hybrid,fixed,decaps,792058
7376,hybrid,fixed,decaps,781547
7377,hybrid,fixed,decaps,781010
7378,hybrid,fixed,decaps,780930
7379,hybrid,fixed,decaps,780872
7380,hybrid,fixed,decaps,788335
7381,hybrid,fixed,decaps,815201
7382,hybrid,fixed,decaps,797629
7383,hybrid,fixed,decaps,783623
7384,hybrid,fixed,decaps,781084
7385,hybrid,fixed,decaps,791243
7386,hybrid,fixed,decaps,905265
7387,hybrid,fixed,decaps,995316
7388,hybrid,fixed,decaps,807402
7389,hybrid,fixed,decaps,1026009
7390,hybrid,fixed,decaps,890512
7391,hybrid,fixed,decaps,883066
7392,hybrid,fixed,decaps,882725
7393,hybrid,fixed,decaps,882465
7394,hybrid,fixed,decaps,824884
7395,hybrid,fixed,decaps,759582
7396,hybrid,fixed,decaps,788817
7397,hybrid,fixed,decaps,815587
7398,hybrid,fixed,decaps,780603
7399,hybrid,fixed,decaps,784806
7400,hybrid,fixed,decaps,823128
7401,hybrid,fixed,decaps,843977
7402,hybrid,fixed,decaps,758499
7403,hybrid,fixed,decaps,757920
7404,hybrid,fixed,decaps,762112
7405,hybrid,fixed,decaps,758160
7406,hybrid,fixed,decaps,913954
7407,hybrid,fixed,decaps,1050517
7408,hybrid,fixed,decaps,827351
7409,hybrid,fixed,decaps,1016756
7410,hybrid,fixed,decaps,788424
7411,hybrid,fixed,decaps,782877
7412,hybrid,fixed,decaps,782640
7413,hybrid,fixed,decaps,792333
7414,hybrid,fixed,decaps,783526
7415,hybrid,fixed,decaps,781230
7416,hybrid,fixed,decaps,780883
7417,hybrid,fixed,decaps,781245
7418,hybrid,fixed,decaps,781092
7419,hybrid,fixed,decaps,794716
7420,hybrid,fixed,decaps,782447
7421,hybrid,fixed,decaps,819882
7422,hybrid,fixed,decaps,786579
7423,hybrid,fixed,decaps,781464
7424,hybrid,fixed,decaps,789765
7425,hybrid,fixed,decaps,786021
7426,hybrid,fixed,decaps,795406
7427,hybrid,fixed,decaps,1063166
7428,hybrid,fixed,decaps,893505
7429,hybrid,fixed,decaps,1013728
7430,hybrid,fixed,decaps,818385
7431,hybrid,fixed,decaps,813877
7432,hybrid,fixed,decaps,780512
7433,hybrid,fixed,decaps,793472
7434,hybrid,fixed,decaps,781854
7435,hybrid,fixed,decaps,780970
7436,hybrid,fixed,decaps,781306
7437,hybrid,fixed,decaps,781061
7438,hybrid,fixed,decaps,787820
7439,hybrid,fixed,decaps,780963
7440,hybrid,fixed,decaps,780129
7441,hybrid,fixed,decaps,811445
7442,hybrid,fixed,decaps,781153
7443,hybrid,fixed,decaps,787967
7444,hybrid,fixed,decaps,781473
7445,hybrid,fixed,decaps,799994
7446,hybrid,fixed,decaps,741930
7447,hybrid,fixed,decaps,1033749
7448,hybrid,fixed,decaps,835854
7449,hybrid,fixed,decaps,1003950
7450,hybrid,fixed,decaps,810666
7451,hybrid,fixed,decaps,805885
7452,hybrid,fixed,decaps,821368
7453,hybrid,fixed,decaps,801884
7454,hybrid,fixed,decaps,805997
7455,hybrid,fixed,decaps,794107
7456,hybrid,fixed,decaps,781234
7457,hybrid,fixed,decaps,781704
7458,hybrid,fixed,decaps,798525
7459,hybrid,fixed,decaps,782026
7460,hybrid,fixed,decaps,782076
7461,hybrid,fixed,decaps,781789
7462,hybrid,fixed,decaps,813558
7463,hybrid,fixed,decaps,789090
7464,hybrid,fixed,decaps,782201
7465,hybrid,fixed,decaps,780947
7466,hybrid,fixed,decaps,781193
7467,hybrid,fixed,decaps,926529
7468,hybrid,fixed,decaps,952039
7469,hybrid,fixed,decaps,823673
7470,hybrid,fixed,decaps,992573
7471,hybrid,fixed,decaps,811735
7472,hybrid,fixed,decaps,809456
7473,hybrid,fixed,decaps,782435
7474,hybrid,fixed,decaps,828890
7475,hybrid,fixed,decaps,822654
7476,hybrid,fixed,decaps,783374
7477,hybrid,fixed,decaps,829920
7478,hybrid,fixed,decaps,800923
7479,hybrid,fixed,decaps,781179
7480,hybrid,fixed,decaps,780765
7481,hybrid,fixed,decaps,780961
7482,hybrid,fixed,decaps,789336
7483,hybrid,fixed,decaps,781683
7484,hybrid,fixed,decaps,780710
7485,hybrid,fixed,decaps,781042
7486,hybrid,fixed,decaps,780954
7487,hybrid,fixed,decaps,876486
7488,hybrid,fixed,decaps,988244
7489,hybrid,fixed,decaps,859238
7490,hybrid,fixed,decaps,940301
7491,hybrid,fixed,decaps,784894
7492,hybrid,fixed,decaps,795717
7493,hybrid,fixed,decaps,781512
7494,hybrid,fixed,decaps,781078
7495,hybrid,fixed,decaps,780882
7496,hybrid,fixed,decaps,781136
7497,hybrid,fixed,decaps,787857
7498,hybrid,fixed,decaps,780966
7499,hybrid,fixed,decaps,780043
7500,hybrid,fixed,decaps,820766
7501,hybrid,fixed,decaps,784200
7502,hybrid,fixed,decaps,790712
7503,hybrid,fixed,decaps,816368
7504,hybrid,fixed,decaps,780732
7505,hybrid,fixed,decaps,780650
7506,hybrid,fixed,decaps,780434
7507,hybrid,fixed,decaps,788383
7508,hybrid,fixed,decaps,999153
7509,hybrid,fixed,decaps,880645
7510,hybrid,fixed,decaps,884488
7511,hybrid,fixed,decaps,988138
7512,hybrid,fixed,decaps,806979
7513,hybrid,fixed,decaps,781273
7514,hybrid,fixed,decaps,780770
7515,hybrid,fixed,decaps,780170
7516,hybrid,fixed,decaps,788920
7517,hybrid,fixed,decaps,780831
7518,hybrid,fixed,decaps,780242
7519,hybrid,fixed,decaps,780249
7520,hybrid,fixed,decaps,779920
7521,hybrid,fixed,decaps,784731
7522,hybrid,fixed,decaps,780572
7523,hybrid,fixed,decaps,780661
7524,hybrid,fixed,decaps,816174
7525,hybrid,fixed,decaps,815830
7526,hybrid,fixed,decaps,791477
7527,hybrid,fixed,decaps,781370
7528,hybrid,fixed,decaps,895931
7529,hybrid,fixed,decaps,956833
7530,hybrid,fixed,decaps,829028
7531,hybrid,fixed,decaps,1000067
7532,hybrid,fixed,decaps,766266
7533,hybrid,fixed,decaps,758713
7534,hybrid,fixed,decaps,758787
7535,hybrid,fixed,decaps,773712
7536,hybrid,fixed,decaps,843579
7537,hybrid,fixed,decaps,806964
7538,hybrid,fixed,decaps,802905
7539,hybrid,fixed,decaps,780876
7540,hybrid,fixed,decaps,780934
7541,hybrid,fixed,decaps,789034
7542,hybrid,fixed,decaps,785363
7543,hybrid,fixed,decaps,797265
7544,hybrid,fixed,decaps,757930
7545,hybrid,fixed,decaps,757287
7546,hybrid,fixed,decaps,766071
7547,hybrid,fixed,decaps,794568
7548,hybrid,fixed,decaps,805876
7549,hybrid,fixed,decaps,1075907
7550,hybrid,fixed,decaps,833814
7551,hybrid,fixed,decaps,1015498
7552,hybrid,fixed,decaps,835680
7553,hybrid,fixed,decaps,808582
7554,hybrid,fixed,decaps,797312
7555,hybrid,fixed,decaps,792361
7556,hybrid,fixed,decaps,782246
7557,hybrid,fixed,decaps,780973
7558,hybrid,fixed,decaps,781207
7559,hybrid,fixed,decaps,781084
7560,hybrid,fixed,decaps,794143
7561,hybrid,fixed,decaps,784437
7562,hybrid,fixed,decaps,781214
7563,hybrid,fixed,decaps,780579
7564,hybrid,fixed,decaps,819702
7565,hybrid,fixed,decaps,794529
7566,hybrid,fixed,decaps,764212
7567,hybrid,fixed,decaps,758255
7568,hybrid,fixed,decaps,757646
7569,hybrid,fixed,decaps,876738
7570,hybrid,fixed,decaps,939018
7571,hybrid,fixed,decaps,842419
7572,hybrid,fixed,decaps,937939
7573,hybrid,fixed,decaps,781730
7574,hybrid,fixed,decaps,807245
7575,hybrid,fixed,decaps,818828
7576,hybrid,fixed,decaps,838135
7577,hybrid,fixed,decaps,808642
7578,hybrid,fixed,decaps,780922
7579,hybrid,fixed,decaps,780817
7580,hybrid,fixed,decaps,789020
7581,hybrid,fixed,decaps,781342
7582,hybrid,fixed,decaps,780626
7583,hybrid,fixed,decaps,780436
7584,hybrid,fixed,decaps,780780
7585,hybrid,fixed,decaps,820897
7586,hybrid,fixed,decaps,788285
7587,hybrid,fixed,decaps,780967
7588,hybrid,fixed,decaps,780785
7589,hybrid,fixed,decaps,780970
7590,hybrid,fixed,decaps,1073126
7591,hybrid,fixed,decaps,856446
7592,hybrid,fixed,decaps,991204
7593,hybrid,fixed,decaps,837569
7594,hybrid,fixed,decaps,794554
7595,hybrid,fixed,decaps,783298
7596,hybrid,fixed,decaps,781315
7597,hybrid,fixed,decaps,781098
7598,hybrid,fixed,decaps,781120
7599,hybrid,fixed,decaps,781075
7600,hybrid,fixed,decaps,788501
7601,hybrid,fixed,decaps,781646
7602,hybrid,fixed,decaps,829679
7603,hybrid,fixed,decaps,798813
7604,hybrid,fixed,decaps,764555
7605,hybrid,fixed,decaps,771205
7606,hybrid,fixed,decaps,759031
7607,hybrid,fixed,decaps,757913
7608,hybrid,fixed,decaps,789934
7609,hybrid,fixed,decaps,816537
7610,hybrid,fixed,decaps,1010331
7611,hybrid,fixed,decaps,906634
7612,hybrid,fixed,decaps,777408
7613,hybrid,fixed,decaps,769343
7614,hybrid,fixed,decaps,775739
7615,hybrid,fixed,decaps,815267
7616,hybrid,fixed,decaps,820203
7617,hybrid,fixed,decaps,781083
7618,hybrid,fixed,decaps,781268
7619,hybrid,fixed,decaps,786654
7620,hybrid,fixed,decaps,781346
7621,hybrid,fixed,decaps,781317
7622,hybrid,fixed,decaps,781131
7623,hybrid,fixed,decaps,781243
7624,hybrid,fixed,decaps,781779
7625,hybrid,fixed,decaps,818504
7626,hybrid,fixed,decaps,780641
7627,hybrid,fixed,decaps,780243
7628,hybrid,fixed,decaps,780176
7629,hybrid,fixed,decaps,780108
7630,hybrid,fixed,decaps,785479
7631,hybrid,fixed,decaps,808735
7632,hybrid,fixed,decaps,973568
7633,hybrid,fixed,decaps,908331
7634,hybrid,fixed,decaps,857206
7635,hybrid,fixed,decaps,821438
7636,hybrid,fixed,decaps,784076
7637,hybrid,fixed,decaps,795670
7638,hybrid,fixed,decaps,782346
7639,hybrid,fixed,decaps,791640
7640,hybrid,fixed,decaps,781080
7641,hybrid,fixed,decaps,780756
7642,hybrid,fixed,decaps,780472
7643,hybrid,fixed,decaps,780720
7644,hybrid,fixed,decaps,807355
7645,hybrid,fixed,decaps,791639
7646,hybrid,fixed,decaps,785045
7647,hybrid,fixed,decaps,807974
7648,hybrid,fixed,decaps,757293
7649,hybrid,fixed,decaps,766064
7650,hybrid,fixed,decaps,758768
7651,hybrid,fixed,decaps,768682
7652,hybrid,fixed,decaps,1089479
7653,hybrid,fixed,decaps,889048
7654,hybrid,fixed,decaps,1025220
7655,hybrid,fixed,decaps,787509
7656,hybrid,fixed,decaps,914380
7657,hybrid,fixed,decaps,910173
7658,hybrid,fixed,decaps,902255
7659,hybrid,fixed,decaps,782209
7660,hybrid,fixed,decaps,780591
7661,hybrid,fixed,decaps,780572
7662,hybrid,fixed,decaps,766781
7663,hybrid,fixed,decaps,762089
7664,hybrid,fixed,decaps,763296
7665,hybrid,fixed,decaps,757877
7666,hybrid,fixed,decaps,791012
7667,hybrid,fixed,decaps,782086
7668,hybrid,fixed,decaps,815979
7669,hybrid,fixed,decaps,785468
7670,hybrid,fixed,decaps,781389
7671,hybrid,fixed,decaps,780946
7672,hybrid,fixed,decaps,836752
7673,hybrid,fixed,decaps,998537
7674,hybrid,fixed,decaps,873905
7675,hybrid,fixed,decaps,766149
7676,hybrid,fixed,decaps,790064
7677,hybrid,fixed,decaps,761588
7678,hybrid,fixed,decaps,801869
7679,hybrid,fixed,decaps,806406
7680,hybrid,fixed,decaps,805693
7681,hybrid,fixed,decaps,805547
7682,hybrid,fixed,decaps,804092
7683,hybrid,fixed,decaps,785411
7684,hybrid,fixed,decaps,781484
7685,hybrid,fixed,decaps,781140
7686,hybrid,fixed,decaps,780161
7687,hybrid,fixed,decaps,780394
7688,hybrid,fixed,decaps,784969
7689,hybrid,fixed,decaps,781221
7690,hybrid,fixed,decaps,780732
7691,hybrid,fixed,decaps,780536
7692,hybrid,fixed,decaps,786413
7693,hybrid,fixed,decaps,972758
7694,hybrid,fixed,decaps,840167
7695,hybrid,fixed,decaps,810826
7696,hybrid,fixed,decaps,758791
7697,hybrid,fixed,decaps,787834
7698,hybrid,fixed,decaps,772549
7699,hybrid,fixed,decaps,758313
7700,hybrid,fixed,decaps,757785
7701,hybrid,fixed,decaps,817013
7702,hybrid,fixed,decaps,806689
7703,hybrid,fixed,decaps,811079
7704,hybrid,fixed,decaps,810018
7705,hybrid,fixed,decaps,782212
7706,hybrid,fixed,decaps,780332
7707,hybrid,fixed,decaps,782994
7708,hybrid,fixed,decaps,825208
7709,hybrid,fixed,decaps,781462
7710,hybrid,fixed,decaps,780138
7711,hybrid,fixed,decaps,780389
7712,hybrid,fixed,decaps,780014
7713,hybrid,fixed,decaps,790070
7714,hybrid,fixed,decaps,938667
7715,hybrid,fixed,decaps,867368
7716,hybrid,fixed,decaps,812359
7717,hybrid,fixed,decaps,760940
7718,hybrid,fixed,decaps,839166
7719,hybrid,fixed,decaps,810278
7720,hybrid,fixed,decaps,780814
7721,hybrid,fixed,decaps,780620
7722,hybrid,fixed,decaps,781096
7723,hybrid,fixed,decaps,788898
7724,hybrid,fixed,decaps,781009
7725,hybrid,fixed,decaps,780536
7726,hybrid,fixed,decaps,780473
7727,hybrid,fixed,decaps,780434
7728,hybrid,fixed,decaps,822098
7729,hybrid,fixed,decaps,781404
7730,hybrid,fixed,decaps,762340
7731,hybrid,fixed,decaps,777309
7732,hybrid,fixed,decaps,823602
7733,hybrid,fixed,decaps,787884
7734,hybrid,fixed,decaps,831354
7735,hybrid,fixed,decaps,915917
7736,hybrid,fixed,decaps,914401
7737,hybrid,fixed,decaps,777991
7738,hybrid,fixed,decaps,823173
7739,hybrid,fixed,decaps,818865
7740,hybrid,fixed,decaps,802316
7741,hybrid,fixed,decaps,815630
7742,hybrid,fixed,decaps,781666
7743,hybrid,fixed,decaps,788902
7744,hybrid,fixed,decaps,781210
7745,hybrid,fixed,decaps,780776
7746,hybrid,fixed,decaps,780775
7747,hybrid,fixed,decaps,782242
7748,hybrid,fixed,decaps,789702
7749,hybrid,fixed,decaps,765409
7750,hybrid,fixed,decaps,813893
7751,hybrid,fixed,decaps,805073
7752,hybrid,fixed,decaps,798729
7753,hybrid,fixed,decaps,787389
7754,hybrid,fixed,decaps,872952
7755,hybrid,fixed,decaps,1037008
7756,hybrid,fixed,decaps,842361
7757,hybrid,fixed,decaps,1051032
7758,hybrid,fixed,decaps,960438
7759,hybrid,fixed,decaps,908779
7760,hybrid,fixed,decaps,765710
7761,hybrid,fixed,decaps,758858
7762,hybrid,fixed,decaps,767191
7763,hybrid,fixed,decaps,758804
7764,hybrid,fixed,decaps,758387
7765,hybrid,fixed,decaps,770682
7766,hybrid,fixed,decaps,807075
7767,hybrid,fixed,decaps,813969
7768,hybrid,fixed,decaps,815089
7769,hybrid,fixed,decaps,781158
7770,hybrid,fixed,decaps,781035
7771,hybrid,fixed,decaps,781030
7772,hybrid,fixed,decaps,828186
7773,hybrid,fixed,decaps,782507
7774,hybrid,fixed,decaps,850715
7775,hybrid,fixed,decaps,1040572
7776,hybrid,fixed,decaps,942507
7777,hybrid,fixed,decaps,1038073
7778,hybrid,fixed,decaps,824415
7779,hybrid,fixed,decaps,807283
7780,hybrid,fixed,decaps,781879
7781,hybrid,fixed,decaps,791371
7782,hybrid,fixed,decaps,772541
7783,hybrid,fixed,decaps,758759
7784,hybrid,fixed,decaps,1018248
7785,hybrid,fixed,decaps,801921
7786,hybrid,fixed,decaps,789399
7787,hybrid,fixed,decaps,781080
7788,hybrid,fixed,decaps,780671
7789,hybrid,fixed,decaps,814884
7790,hybrid,fixed,decaps,780269
7791,hybrid,fixed,decaps,798860
7792,hybrid,fixed,decaps,764734
7793,hybrid,fixed,decaps,758362
7794,hybrid,fixed,decaps,834482
7795,hybrid,fixed,decaps,1023619
7796,hybrid,fixed,decaps,909042
7797,hybrid,fixed,decaps,993789
7798,hybrid,fixed,decaps,812025
7799,hybrid,fixed,decaps,827703
7800,hybrid,fixed,decaps,816353
7801,hybrid,fixed,decaps,792336
7802,hybrid,fixed,decaps,781266
7803,hybrid,fixed,decaps,780520
7804,hybrid,fixed,decaps,780368
7805,hybrid,fixed,decaps,780189
7806,hybrid,fixed,decaps,787948
7807,hybrid,fixed,decaps,780953
7808,hybrid,fixed,decaps,780845
7809,hybrid,fixed,decaps,814257
7810,hybrid,fixed,decaps,780985
7811,hybrid,fixed,decaps,788889
7812,hybrid,fixed,decaps,781882
7813,hybrid,fixed,decaps,781032
7814,hybrid,fixed,decaps,781076
7815,hybrid,fixed,decaps,1056716
7816,hybrid,fixed,decaps,933465
7817,hybrid,fixed,decaps,1018624
7818,hybrid,fixed,decaps,787176
7819,hybrid,fixed,decaps,851648
7820,hybrid,fixed,decaps,815569
7821,hybrid,fixed,decaps,781776
7822,hybrid,fixed,decaps,781188
7823,hybrid,fixed,decaps,780969
7824,hybrid,fixed,decaps,780611
7825,hybrid,fixed,decaps,789188
7826,hybrid,fixed,decaps,781024
7827,hybrid,fixed,decaps,780788
7828,hybrid,fixed,decaps,781131
7829,hybrid,fixed,decaps,780610
7830,hybrid,fixed,decaps,852468
7831,hybrid,fixed,decaps,777856
7832,hybrid,fixed,decaps,808333
7833,hybrid,fixed,decaps,782048
7834,hybrid,fixed,decaps,781203
7835,hybrid,fixed,decaps,1063153
7836,hybrid,fixed,decaps,990353
7837,hybrid,fixed,decaps,1017577
7838,hybrid,fixed,decaps,774313
7839,hybrid,fixed,decaps,805769
7840,hybrid,fixed,decaps,783526
7841,hybrid,fixed,decaps,805912
7842,hybrid,fixed,decaps,805379
7843,hybrid,fixed,decaps,802102
7844,hybrid,fixed,decaps,798978
7845,hybrid,fixed,decaps,779947
7846,hybrid,fixed,decaps,781096
7847,hybrid,fixed,decaps,781392
7848,hybrid,fixed,decaps,780740
7849,hybrid,fixed,decaps,812301
7850,hybrid,fixed,decaps,788530
7851,hybrid,fixed,decaps,781728
7852,hybrid,fixed,decaps,781539
7853,hybrid,fixed,decaps,780869
7854,hybrid,fixed,decaps,781012
7855,hybrid,fixed,decaps,1045555
7856,hybrid,fixed,decaps,949144
7857,hybrid,fixed,decaps,958189
7858,hybrid,fixed,decaps,960080
7859,hybrid,fixed,decaps,891130
7860,hybrid,fixed,decaps,809443
7861,hybrid,fixed,decaps,800686
7862,hybrid,fixed,decaps,781585
7863,hybrid,fixed,decaps,781477
7864,hybrid,fixed,decaps,789003
7865,hybrid,fixed,decaps,780968
7866,hybrid,fixed,decaps,783402
7867,hybrid,fixed,decaps,763890
7868,hybrid,fixed,decaps,758541
7869,hybrid,fixed,decaps,765370
7870,hybrid,fixed,decaps,759035
7871,hybrid,fixed,decaps,791553
7872,hybrid,fixed,decaps,758524
7873,hybrid,fixed,decaps,758013
7874,hybrid,fixed,decaps,816066
7875,hybrid,fixed,decaps,988864
7876,hybrid,fixed,decaps,982536
7877,hybrid,fixed,decaps,894976
7878,hybrid,fixed,decaps,1000008
7879,hybrid,fixed,decaps,801346
7880,hybrid,fixed,decaps,786209
7881,hybrid,fixed,decaps,806348
7882,hybrid,fixed,decaps,805614
7883,hybrid,fixed,decaps,829147
7884,hybrid,fixed,decaps,782427
7885,hybrid,fixed,decaps,780965
7886,hybrid,fixed,decaps,780729
7887,hybrid,fixed,decaps,781255
7888,hybrid,fixed,decaps,788313
7889,hybrid,fixed,decaps,781268
7890,hybrid,fixed,decaps,814951
7891,hybrid,fixed,decaps,780533
7892,hybrid,fixed,decaps,793212
7893,hybrid,fixed,decaps,789080
7894,hybrid,fixed,decaps,781556
7895,hybrid,fixed,decaps,940078
7896,hybrid,fixed,decaps,954172
7897,hybrid,fixed,decaps,893869
7898,hybrid,fixed,decaps,847075
7899,hybrid,fixed,decaps,980290
7900,hybrid,fixed,decaps,818516
7901,hybrid,fixed,decaps,803754
7902,hybrid,fixed,decaps,791122
7903,hybrid,fixed,decaps,796994
7904,hybrid,fixed,decaps,758722
7905,hybrid,fixed,decaps,795103
7906,hybrid,fixed,decaps,781485
7907,hybrid,fixed,decaps,810183
7908,hybrid,fixed,decaps,803996
7909,hybrid,fixed,decaps,781956
7910,hybrid,fixed,decaps,781363
7911,hybrid,fixed,decaps,812813
7912,hybrid,fixed,decaps,780748
7913,hybrid,fixed,decaps,789900
7914,hybrid,fixed,decaps,781259
7915,hybrid,fixed,decaps,814530
7916,hybrid,fixed,decaps,1080842
7917,hybrid,fixed,decaps,942918
7918,hybrid,fixed,decaps,989721
7919,hybrid,fixed,decaps,803336
7920,hybrid,fixed,decaps,854896
7921,hybrid,fixed,decaps,783182
7922,hybrid,fixed,decaps,791545
7923,hybrid,fixed,decaps,781523
7924,hybrid,fixed,decaps,780993
7925,hybrid,fixed,decaps,780851
7926,hybrid,fixed,decaps,781017
7927,hybrid,fixed,decaps,801728
7928,hybrid,fixed,decaps,782764
7929,hybrid,fixed,decaps,781530
7930,hybrid,fixed,decaps,831884
7931,hybrid,fixed,decaps,805556
7932,hybrid,fixed,decaps,825647
7933,hybrid,fixed,decaps,782693
7934,hybrid,fixed,decaps,780982
7935,hybrid,fixed,decaps,788782
7936,hybrid,fixed,decaps,1078168
7937,hybrid,fixed,decaps,988354
7938,hybrid,fixed,decaps,851213
7939,hybrid,fixed,decaps,763785
7940,hybrid,fixed,decaps,854360
7941,hybrid,fixed,decaps,816631
7942,hybrid,fixed,decaps,781876
7943,hybrid,fixed,decaps,781265
7944,hybrid,fixed,decaps,781325
7945,hybrid,fixed,decaps,780965
7946,hybrid,fixed,decaps,788273
7947,hybrid,fixed,decaps,784839
7948,hybrid,fixed,decaps,803810
7949,hybrid,fixed,decaps,1043309
7950,hybrid,fixed,decaps,943950
7951,hybrid,fixed,decaps,1112289
7952,hybrid,fixed,decaps,779464
7953,hybrid,fixed,decaps,766229
7954,hybrid,fixed,decaps,806442
7955,hybrid,fixed,decaps,846319
7956,hybrid,fixed,decaps,900324
7957,hybrid,fixed,decaps,848900
7958,hybrid,fixed,decaps,1050883
7959,hybrid,fixed,decaps,909421
7960,hybrid,fixed,decaps,821089
7961,hybrid,fixed,decaps,782952
7962,hybrid,fixed,decaps,780479
7963,hybrid,fixed,decaps,780454
7964,hybrid,fixed,decaps,780408
7965,hybrid,fixed,decaps,784168
7966,hybrid,fixed,decaps,780339
7967,hybrid,fixed,decaps,779900
7968,hybrid,fixed,decaps,780006
7969,hybrid,fixed,decaps,780191
7970,hybrid,fixed,decaps,823770
7971,hybrid,fixed,decaps,851455
7972,hybrid,fixed,decaps,783826
7973,hybrid,fixed,decaps,781282
7974,hybrid,fixed,decaps,780410
7975,hybrid,fixed,decaps,793032
7976,hybrid,fixed,decaps,886967
7977,hybrid,fixed,decaps,952322
7978,hybrid,fixed,decaps,805921
7979,hybrid,fixed,decaps,801817
7980,hybrid,fixed,decaps,864616
7981,hybrid,fixed,decaps,785520
7982,hybrid,fixed,decaps,781055
7983,hybrid,fixed,decaps,787084
7984,hybrid,fixed,decaps,841517
7985,hybrid,fixed,decaps,801290
7986,hybrid,fixed,decaps,781465
7987,hybrid,fixed,decaps,781142
7988,hybrid,fixed,decaps,780575
7989,hybrid,fixed,decaps,781203
7990,hybrid,fixed,decaps,785027
7991,hybrid,fixed,decaps,781147
7992,hybrid,fixed,decaps,780787
7993,hybrid,fixed,decaps,781364
7994,hybrid,fixed,decaps,780412
7995,hybrid,fixed,decaps,785377
7996,hybrid,fixed,decaps,806280
7997,hybrid,fixed,decaps,909270
7998,hybrid,fixed,decaps,781907
7999,hybrid,fixed,decaps,794818
8000,hybrid,fixed,decaps,831362
8001,hybrid,fixed,decaps,808309
8002,hybrid,fixed,decaps,784175
8003,hybrid,fixed,decaps,781200
8004,hybrid,fixed,decaps,781333
8005,hybrid,fixed,decaps,792833
8006,hybrid,fixed,decaps,1139447
8007,hybrid,fixed,decaps,924384
8008,hybrid,fixed,decaps,762688
8009,hybrid,fixed,decaps,819822
8010,hybrid,fixed,decaps,862634
8011,hybrid,fixed,decaps,780990
8012,hybrid,fixed,decaps,780390
8013,hybrid,fixed,decaps,780282
8014,hybrid,fixed,decaps,789374
8015,hybrid,fixed,decaps,781521
8016,hybrid,fixed,decaps,790599
8017,hybrid,fixed,decaps,885464
8018,hybrid,fixed,decaps,890652
8019,hybrid,fixed,decaps,824062
8020,hybrid,fixed,decaps,763100
8021,hybrid,fixed,decaps,889786
8022,hybrid,fixed,decaps,812694
8023,hybrid,fixed,decaps,794572
8024,hybrid,fixed,decaps,823248
8025,hybrid,fixed,decaps,782224
8026,hybrid,fixed,decaps,780754
8027,hybrid,fixed,decaps,780593
8028,hybrid,fixed,decaps,780706
8029,hybrid,fixed,decaps,784981
8030,hybrid,fixed,decaps,780803
8031,hybrid,fixed,decaps,781379
8032,hybrid,fixed,decaps,846636
8033,hybrid,fixed,decaps,805093
8034,hybrid,fixed,decaps,799468
8035,hybrid,fixed,decaps,780600
8036,hybrid,fixed,decaps,779810
8037,hybrid,fixed,decaps,824574
8038,hybrid,fixed,decaps,925030
8039,hybrid,fixed,decaps,856574
8040,hybrid,fixed,decaps,806560
8041,hybrid,fixed,decaps,809279
8042,hybrid,fixed,decaps,760929
8043,hybrid,fixed,decaps,781733
8044,hybrid,fixed,decaps,827584
8045,hybrid,fixed,decaps,781278
8046,hybrid,fixed,decaps,780609
8047,hybrid,fixed,decaps,780321
8048,hybrid,fixed,decaps,780453
8049,hybrid,fixed,decaps,784752
8050,hybrid,fixed,decaps,780482
8051,hybrid,fixed,decaps,780192
8052,hybrid,fixed,decaps,812109
8053,hybrid,fixed,decaps,780408
8054,hybrid,fixed,decaps,785188
8055,hybrid,fixed,decaps,781850
8056,hybrid,fixed,decaps,780559
8057,hybrid,fixed,decaps,781200
8058,hybrid,fixed,decaps,831175
8059,hybrid,fixed,decaps,955874
8060,hybrid,fixed,decaps,822208
8061,hybrid,fixed,decaps,762868
8062,hybrid,fixed,decaps,787736
8063,hybrid,fixed,decaps,783376
8064,hybrid,fixed,decaps,819889
8065,hybrid,fixed,decaps,795827
8066,hybrid,fixed,decaps,804050
8067,hybrid,fixed,decaps,782584
8068,hybrid,fixed,decaps,781048
8069,hybrid,fixed,decaps,787224
8070,hybrid,fixed,decaps,781861
8071,hybrid,fixed,decaps,780837
8072,hybrid,fixed,decaps,781215
8073,hybrid,fixed,decaps,817387
8074,hybrid,fixed,decaps,787866
8075,hybrid,fixed,decaps,786819
8076,hybrid,fixed,decaps,763988
8077,hybrid,fixed,decaps,758329
8078,hybrid,fixed,decaps,759500
8079,hybrid,fixed,decaps,866982
8080,hybrid,fixed,decaps,976169
8081,hybrid,fixed,decaps,854374
8082,hybrid,fixed,decaps,763907
8083,hybrid,fixed,decaps,785543
8084,hybrid,fixed,decaps,772059
8085,hybrid,fixed,decaps,758460
8086,hybrid,fixed,decaps,802652
8087,hybrid,fixed,decaps,807906
8088,hybrid,fixed,decaps,807562
8089,hybrid,fixed,decaps,793359
8090,hybrid,fixed,decaps,781904
8091,hybrid,fixed,decaps,787399
8092,hybrid,fixed,decaps,795570
8093,hybrid,fixed,decaps,813293
8094,hybrid,fixed,decaps,788158
8095,hybrid,fixed,decaps,781061
8096,hybrid,fixed,decaps,780730
8097,hybrid,fixed,decaps,780717
8098,hybrid,fixed,decaps,780382
8099,hybrid,fixed,decaps,792444
8100,hybrid,fixed,decaps,920336
8101,hybrid,fixed,decaps,898588
8102,hybrid,fixed,decaps,774024
8103,hybrid,fixed,decaps,786640
8104,hybrid,fixed,decaps,859239
8105,hybrid,fixed,decaps,794077
8106,hybrid,fixed,decaps,781765
8107,hybrid,fixed,decaps,781919
8108,hybrid,fixed,decaps,781752
8109,hybrid,fixed,decaps,792658
8110,hybrid,fixed,decaps,781920
8111,hybrid,fixed,decaps,781187
8112,hybrid,fixed,decaps,781315
8113,hybrid,fixed,decaps,781117
8114,hybrid,fixed,decaps,788376
8115,hybrid,fixed,decaps,816807
8116,hybrid,fixed,decaps,852760
8117,hybrid,fixed,decaps,961478
8118,hybrid,fixed,decaps,777762
8119,hybrid,fixed,decaps,760217
8120,hybrid,fixed,decaps,985080
8121,hybrid,fixed,decaps,1178244
8122,hybrid,fixed,decaps,1090384
8123,hybrid,fixed,decaps,812125
8124,hybrid,fixed,decaps,806301
8125,hybrid,fixed,decaps,805706
8126,hybrid,fixed,decaps,799195
8127,hybrid,fixed,decaps,789563
8128,hybrid,fixed,decaps,781197
8129,hybrid,fixed,decaps,780613
8130,hybrid,fixed,decaps,780724
8131,hybrid,fixed,decaps,780591
8132,hybrid,fixed,decaps,784829
8133,hybrid,fixed,decaps,814982
8134,hybrid,fixed,decaps,780690
8135,hybrid,fixed,decaps,779931
8136,hybrid,fixed,decaps,780241
8137,hybrid,fixed,decaps,780191
8138,hybrid,fixed,decaps,785734
8139,hybrid,fixed,decaps,780481
8140,hybrid,fixed,decaps,1127803
8141,hybrid,fixed,decaps,1165166
8142,hybrid,fixed,decaps,1007817
8143,hybrid,fixed,decaps,763968
8144,hybrid,fixed,decaps,813962
8145,hybrid,fixed,decaps,805780
8146,hybrid,fixed,decaps,818949
8147,hybrid,fixed,decaps,798240
8148,hybrid,fixed,decaps,783398
8149,hybrid,fixed,decaps,795637
8150,hybrid,fixed,decaps,781925
8151,hybrid,fixed,decaps,781244
8152,hybrid,fixed,decaps,787397
8153,hybrid,fixed,decaps,781720
8154,hybrid,fixed,decaps,815628
8155,hybrid,fixed,decaps,781740
8156,hybrid,fixed,decaps,781608
8157,hybrid,fixed,decaps,784742
8158,hybrid,fixed,decaps,781194
8159,hybrid,fixed,decaps,781563
8160,hybrid,fixed,decaps,1199567
8161,hybrid,fixed,decaps,1246029
8162,hybrid,fixed,decaps,899153
8163,hybrid,fixed,decaps,786965
8164,hybrid,fixed,decaps,782102
8165,hybrid,fixed,decaps,782259
8166,hybrid,fixed,decaps,793404
8167,hybrid,fixed,decaps,781500
8168,hybrid,fixed,decaps,781200
8169,hybrid,fixed,decaps,781272
8170,hybrid,fixed,decaps,781252
8171,hybrid,fixed,decaps,785335
8172,hybrid,fixed,decaps,781927
8173,hybrid,fixed,decaps,781630
8174,hybrid,fixed,decaps,780813
8175,hybrid,fixed,decaps,780950
8176,hybrid,fixed,decaps,784983
8177,hybrid,fixed,decaps,781381
8178,hybrid,fixed,decaps,781681
8179,hybrid,fixed,decaps,781735
8180,hybrid,fixed,decaps,1184091
8181,hybrid,fixed,decaps,1248478
8182,hybrid,fixed,decaps,850689
8183,hybrid,fixed,decaps,798916
8184,hybrid,fixed,decaps,805913
8185,hybrid,fixed,decaps,819872
8186,hybrid,fixed,decaps,796006
8187,hybrid,fixed,decaps,781018
8188,hybrid,fixed,decaps,781284
8189,hybrid,fixed,decaps,781731
8190,hybrid,fixed,decaps,789956
8191,hybrid,fixed,decaps,781600
8192,hybrid,fixed,decaps,780935
8193,hybrid,fixed,decaps,818174
8194,hybrid,fixed,decaps,795315
8195,hybrid,fixed,decaps,765383
8196,hybrid,fixed,decaps,758783
8197,hybrid,fixed,decaps,763475
8198,hybrid,fixed,decaps,758381
8199,hybrid,fixed,decaps,757906
8200,hybrid,fixed,decaps,1114907
8201,hybrid,fixed,decaps,1137582
8202,hybrid,fixed,decaps,986082
8203,hybrid,fixed,decaps,810371
8204,hybrid,fixed,decaps,817860
8205,hybrid,fixed,decaps,801107
8206,hybrid,fixed,decaps,780987
8207,hybrid,fixed,decaps,781172
8208,hybrid,fixed,decaps,780776
8209,hybrid,fixed,decaps,786559
8210,hybrid,fixed,decaps,781527
8211,hybrid,fixed,decaps,780947
8212,hybrid,fixed,decaps,781163
8213,hybrid,fixed,decaps,781001
8214,hybrid,fixed,decaps,819071
8215,hybrid,fixed,decaps,815738
8216,hybrid,fixed,decaps,782314
8217,hybrid,fixed,decaps,780966
8218,hybrid,fixed,decaps,780652
8219,hybrid,fixed,decaps,819814
8220,hybrid,fixed,decaps,1177842
8221,hybrid,fixed,decaps,1198807
8222,hybrid,fixed,decaps,849903
8223,hybrid,fixed,decaps,802466
8224,hybrid,fixed,decaps,782518
8225,hybrid,fixed,decaps,780956
8226,hybrid,fixed,decaps,793848
8227,hybrid,fixed,decaps,799665
8228,hybrid,fixed,decaps,791178
8229,hybrid,fixed,decaps,781798
8230,hybrid,fixed,decaps,781207
8231,hybrid,fixed,decaps,781223
8232,hybrid,fixed,decaps,781142
8233,hybrid,fixed,decaps,788366
8234,hybrid,fixed,decaps,781463
8235,hybrid,fixed,decaps,783662
8236,hybrid,fixed,decaps,781006
8237,hybrid,fixed,decaps,799096
8238,hybrid,fixed,decaps,800569
8239,hybrid,fixed,decaps,879661
8240,hybrid,fixed,decaps,1124695
8241,hybrid,fixed,decaps,1207650
8242,hybrid,fixed,decaps,1198806
8243,hybrid,fixed,decaps,934803
8244,hybrid,fixed,decaps,800937
8245,hybrid,fixed,decaps,840059
8246,hybrid,fixed,decaps,819893
8247,hybrid,fixed,decaps,781830
8248,hybrid,fixed,decaps,780890
8249,hybrid,fixed,decaps,779926
8250,hybrid,fixed,decaps,780630
8251,hybrid,fixed,decaps,792402
8252,hybrid,fixed,decaps,767991
8253,hybrid,fixed,decaps,781451
8254,hybrid,fixed,decaps,780534
8255,hybrid,fixed,decaps,817057
8256,hybrid,fixed,decaps,786824
8257,hybrid,fixed,decaps,786880
8258,hybrid,fixed,decaps,780918
8259,hybrid,fixed,decaps,1096664
8260,hybrid,fixed,decaps,1117698
8261,hybrid,fixed,decaps,1030182
8262,hybrid,fixed,decaps,811503
8263,hybrid,fixed,decaps,805844
8264,hybrid,fixed,decaps,804311
8265,hybrid,fixed,decaps,780931
8266,hybrid,fixed,decaps,792880
8267,hybrid,fixed,decaps,781540
8268,hybrid,fixed,decaps,781042
8269,hybrid,fixed,decaps,780821
8270,hybrid,fixed,decaps,780895
8271,hybrid,fixed,decaps,787610
8272,hybrid,fixed,decaps,781198
8273,hybrid,fixed,decaps,780358
8274,hybrid,fixed,decaps,830656
8275,hybrid,fixed,decaps,783600
8276,hybrid,fixed,decaps,806426
8277,hybrid,fixed,decaps,782405
8278,hybrid,fixed,decaps,780296
8279,hybrid,fixed,decaps,1131994
8280,hybrid,fixed,decaps,1201844
8281,hybrid,fixed,decaps,996782
8282,hybrid,fixed,decaps,787072
8283,hybrid,fixed,decaps,781458
8284,hybrid,fixed,decaps,780909
8285,hybrid,fixed,decaps,791632
8286,hybrid,fixed,decaps,781511
8287,hybrid,fixed,decaps,780957
8288,hybrid,fixed,decaps,780631
8289,hybrid,fixed,decaps,780092
8290,hybrid,fixed,decaps,787216
8291,hybrid,fixed,decaps,780729
8292,hybrid,fixed,decaps,780495
8293,hybrid,fixed,decaps,780919
8294,hybrid,fixed,decaps,780386
8295,hybrid,fixed,decaps,784535
8296,hybrid,fixed,decaps,781020
8297,hybrid,fixed,decaps,780202
8298,hybrid,fixed,decaps,780282
8299,hybrid,fixed,decaps,1136471
8300,hybrid,fixed,decaps,1182700
8301,hybrid,fixed,decaps,978621
8302,hybrid,fixed,decaps,811426
8303,hybrid,fixed,decaps,817634
8304,hybrid,fixed,decaps,791638
8305,hybrid,fixed,decaps,781324
8306,hybrid,fixed,decaps,780657
8307,hybrid,fixed,decaps,781326
8308,hybrid,fixed,decaps,781292
8309,hybrid,fixed,decaps,785975
8310,hybrid,fixed,decaps,781006
8311,hybrid,fixed,decaps,781021
8312,hybrid,fixed,decaps,812078
8313,hybrid,fixed,decaps,781340
8314,hybrid,fixed,decaps,786204
8315,hybrid,fixed,decaps,781610
8316,hybrid,fixed,decaps,781140
8317,hybrid,fixed,decaps,780710
8318,hybrid,fixed,decaps,780497
8319,hybrid,fixed,decaps,1132103
8320,hybrid,fixed,decaps,1185421
8321,hybrid,fixed,decaps,971177
8322,hybrid,fixed,decaps,787152
8323,hybrid,fixed,decaps,795697
8324,hybrid,fixed,decaps,781860
8325,hybrid,fixed,decaps,781121
8326,hybrid,fixed,decaps,780839
8327,hybrid,fixed,decaps,780960
8328,hybrid,fixed,decaps,784839
8329,hybrid,fixed,decaps,781155
8330,hybrid,fixed,decaps,780961
8331,hybrid,fixed,decaps,780843
8332,hybrid,fixed,decaps,781110
8333,hybrid,fixed,decaps,786561
8334,hybrid,fixed,decaps,781625
8335,hybrid,fixed,decaps,782037
8336,hybrid,fixed,decaps,780724
8337,hybrid,fixed,decaps,780827
8338,hybrid,fixed,decaps,785012
8339,hybrid,fixed,decaps,1133943
8340,hybrid,fixed,decaps,1181901
8341,hybrid,fixed,decaps,936370
8342,hybrid,fixed,decaps,802134
8343,hybrid,fixed,decaps,814277
8344,hybrid,fixed,decaps,783067
8345,hybrid,fixed,decaps,781453
8346,hybrid,fixed,decaps,822041
8347,hybrid,fixed,decaps,791351
8348,hybrid,fixed,decaps,782136
8349,hybrid,fixed,decaps,781078
8350,hybrid,fixed,decaps,781027
8351,hybrid,fixed,decaps,780849
8352,hybrid,fixed,decaps,785225
8353,hybrid,fixed,decaps,780908
8354,hybrid,fixed,decaps,780821
8355,hybrid,fixed,decaps,780931
8356,hybrid,fixed,decaps,781042
8357,hybrid,fixed,decaps,784942
8358,hybrid,fixed,decaps,781247
8359,hybrid,fixed,decaps,1122113
8360,hybrid,fixed,decaps,1209549
8361,hybrid,fixed,decaps,946033
8362,hybrid,fixed,decaps,786326
8363,hybrid,fixed,decaps,796595
8364,hybrid,fixed,decaps,1093812
8365,hybrid,fixed,decaps,959508
8366,hybrid,fixed,decaps,798159
8367,hybrid,fixed,decaps,782292
8368,hybrid,fixed,decaps,781380
8369,hybrid,fixed,decaps,781791
8370,hybrid,fixed,decaps,781578
8371,hybrid,fixed,decaps,785373
8372,hybrid,fixed,decaps,824833
8373,hybrid,fixed,decaps,783623
8374,hybrid,fixed,decaps,781047
8375,hybrid,fixed,decaps,780887
8376,hybrid,fixed,decaps,784974
8377,hybrid,fixed,decaps,781213
8378,hybrid,fixed,decaps,930452
8379,hybrid,fixed,decaps,1168085
8380,hybrid,fixed,decaps,1203608
8381,hybrid,fixed,decaps,789204
8382,hybrid,fixed,decaps,782623
8383,hybrid,fixed,decaps,781526
8384,hybrid,fixed,decaps,781147
8385,hybrid,fixed,decaps,793341
8386,hybrid,fixed,decaps,782350
8387,hybrid,fixed,decaps,780984
8388,hybrid,fixed,decaps,780763
8389,hybrid,fixed,decaps,780968
8390,hybrid,fixed,decaps,788250
8391,hybrid,fixed,decaps,781680
8392,hybrid,fixed,decaps,814487
8393,hybrid,fixed,decaps,780834
8394,hybrid,fixed,decaps,780805
8395,hybrid,fixed,decaps,788223
8396,hybrid,fixed,decaps,781385
8397,hybrid,fixed,decaps,781455
8398,hybrid,fixed,decaps,959814
8399,hybrid,fixed,decaps,1184869
8400,hybrid,fixed,decaps,1082174
8401,hybrid,fixed,decaps,764659
8402,hybrid,fixed,decaps,782007
8403,hybrid,fixed,decaps,762107
8404,hybrid,fixed,decaps,770304
8405,hybrid,fixed,decaps,758804
8406,hybrid,fixed,decaps,771918
8407,hybrid,fixed,decaps,805335
8408,hybrid,fixed,decaps,805489
8409,hybrid,fixed,decaps,812874
8410,hybrid,fixed,decaps,781461
8411,hybrid,fixed,decaps,780889
8412,hybrid,fixed,decaps,780819
8413,hybrid,fixed,decaps,780508
8414,hybrid,fixed,decaps,785930
8415,hybrid,fixed,decaps,781317
8416,hybrid,fixed,decaps,780737
8417,hybrid,fixed,decaps,781003
8418,hybrid,fixed,decaps,880481
8419,hybrid,fixed,decaps,1246696
8420,hybrid,fixed,decaps,1211005
8421,hybrid,fixed,decaps,788203
8422,hybrid,fixed,decaps,781745
8423,hybrid,fixed,decaps,791763
8424,hybrid,fixed,decaps,804740
8425,hybrid,fixed,decaps,815190
8426,hybrid,fixed,decaps,780922
8427,hybrid,fixed,decaps,780983
8428,hybrid,fixed,decaps,785744
8429,hybrid,fixed,decaps,781449
8430,hybrid,fixed,decaps,781189
8431,hybrid,fixed,decaps,781265
8432,hybrid,fixed,decaps,814151
8433,hybrid,fixed,decaps,764115
8434,hybrid,fixed,decaps,764217
8435,hybrid,fixed,decaps,758227
8436,hybrid,fixed,decaps,757757
8437,hybrid,fixed,decaps,757902
8438,hybrid,fixed,decaps,857256
8439,hybrid,fixed,decaps,1225777
8440,hybrid,fixed,decaps,1206501
8441,hybrid,fixed,decaps,820749
8442,hybrid,fixed,decaps,821518
8443,hybrid,fixed,decaps,820575
8444,hybrid,fixed,decaps,781779
8445,hybrid,fixed,decaps,781305
8446,hybrid,fixed,decaps,781108
8447,hybrid,fixed,decaps,781415
8448,hybrid,fixed,decaps,786981
8449,hybrid,fixed,decaps,781326
8450,hybrid,fixed,decaps,781938
8451,hybrid,fixed,decaps,781431
8452,hybrid,fixed,decaps,781367
8453,hybrid,fixed,decaps,785041
8454,hybrid,fixed,decaps,781305
8455,hybrid,fixed,decaps,781222
8456,hybrid,fixed,decaps,781120
8457,hybrid,fixed,decaps,781065
8458,hybrid,fixed,decaps,926559
8459,hybrid,fixed,decaps,1162093
8460,hybrid,fixed,decaps,1225900
8461,hybrid,fixed,decaps,1507079
8462,hybrid,fixed,decaps,1115488
8463,hybrid,fixed,decaps,807553
8464,hybrid,fixed,decaps,856071
8465,hybrid,fixed,decaps,818597
8466,hybrid,fixed,decaps,812919
8467,hybrid,fixed,decaps,781042
8468,hybrid,fixed,decaps,781085
8469,hybrid,fixed,decaps,781070
8470,hybrid,fixed,decaps,821330
8471,hybrid,fixed,decaps,783770
8472,hybrid,fixed,decaps,781726
8473,hybrid,fixed,decaps,781238
8474,hybrid,fixed,decaps,781215
8475,hybrid,fixed,decaps,789843
8476,hybrid,fixed,decaps,781807
8477,hybrid,fixed,decaps,1192013
8478,hybrid,fixed,decaps,1202367
8479,hybrid,fixed,decaps,915560
8480,hybrid,fixed,decaps,811255
8481,hybrid,fixed,decaps,781971
8482,hybrid,fixed,decaps,781069
8483,hybrid,fixed,decaps,809805
8484,hybrid,fixed,decaps,791314
8485,hybrid,fixed,decaps,790580
8486,hybrid,fixed,decaps,758064
8487,hybrid,fixed,decaps,762858
8488,hybrid,fixed,decaps,813164
8489,hybrid,fixed,decaps,827978
8490,hybrid,fixed,decaps,834734
8491,hybrid,fixed,decaps,758217
8492,hybrid,fixed,decaps,1068165
8493,hybrid,fixed,decaps,978921
8494,hybrid,fixed,decaps,799170
8495,hybrid,fixed,decaps,782020
8496,hybrid,fixed,decaps,1019326
8497,hybrid,fixed,decaps,1153161
8498,hybrid,fixed,decaps,1067095
8499,hybrid,fixed,decaps,798960
8500,hybrid,fixed,decaps,782288
8501,hybrid,fixed,decaps,780980
8502,hybrid,fixed,decaps,781202
8503,hybrid,fixed,decaps,790325
8504,hybrid,fixed,decaps,781990
8505,hybrid,fixed,decaps,780966
8506,hybrid,fixed,decaps,781389
8507,hybrid,fixed,decaps,781000
8508,hybrid,fixed,decaps,785691
8509,hybrid,fixed,decaps,781237
8510,hybrid,fixed,decaps,780963
8511,hybrid,fixed,decaps,780895
8512,hybrid,fixed,decaps,780853
8513,hybrid,fixed,decaps,785831
8514,hybrid,fixed,decaps,781105
8515,hybrid,fixed,decaps,794556
8516,hybrid,fixed,decaps,993239
8517,hybrid,fixed,decaps,1153974
8518,hybrid,fixed,decaps,1152579
8519,hybrid,fixed,decaps,811836
8520,hybrid,fixed,decaps,782148
8521,hybrid,fixed,decaps,781239
8522,hybrid,fixed,decaps,795378
8523,hybrid,fixed,decaps,782698
8524,hybrid,fixed,decaps,781175
8525,hybrid,fixed,decaps,780861
8526,hybrid,fixed,decaps,781323
8527,hybrid,fixed,decaps,788701
8528,hybrid,fixed,decaps,781416
8529,hybrid,fixed,decaps,834418
8530,hybrid,fixed,decaps,783743
8531,hybrid,fixed,decaps,780907
8532,hybrid,fixed,decaps,787065
8533,hybrid,fixed,decaps,783159
8534,hybrid,fixed,decaps,780540
8535,hybrid,fixed,decaps,780844
8536,hybrid,fixed,decaps,1080557
8537,hybrid,fixed,decaps,1132189
8538,hybrid,fixed,decaps,1041244
8539,hybrid,fixed,decaps,785023
8540,hybrid,fixed,decaps,806088
8541,hybrid,fixed,decaps,830375
8542,hybrid,fixed,decaps,783713
8543,hybrid,fixed,decaps,781139
8544,hybrid,fixed,decaps,780915
8545,hybrid,fixed,decaps,780817
8546,hybrid,fixed,decaps,789081
8547,hybrid,fixed,decaps,781882
8548,hybrid,fixed,decaps,783204
8549,hybrid,fixed,decaps,812637
8550,hybrid,fixed,decaps,780800
8551,hybrid,fixed,decaps,786410
8552,hybrid,fixed,decaps,781477
8553,hybrid,fixed,decaps,780975
8554,hybrid,fixed,decaps,781391
8555,hybrid,fixed,decaps,780579
8556,hybrid,fixed,decaps,1049362
8557,hybrid,fixed,decaps,1160204
8558,hybrid,fixed,decaps,1022489
8559,hybrid,fixed,decaps,787767
8560,hybrid,fixed,decaps,799563
8561,hybrid,fixed,decaps,782322
8562,hybrid,fixed,decaps,780834
8563,hybrid,fixed,decaps,781278
8564,hybrid,fixed,decaps,781202
8565,hybrid,fixed,decaps,786934
8566,hybrid,fixed,decaps,760703
8567,hybrid,fixed,decaps,758679
8568,hybrid,fixed,decaps,758480
8569,hybrid,fixed,decaps,758325
8570,hybrid,fixed,decaps,758273
8571,hybrid,fixed,decaps,762729
8572,hybrid,fixed,decaps,758856
8573,hybrid,fixed,decaps,828810
8574,hybrid,fixed,decaps,807262
8575,hybrid,fixed,decaps,807737
8576,hybrid,fixed,decaps,1042041
8577,hybrid,fixed,decaps,1192721
8578,hybrid,fixed,decaps,1069955
8579,hybrid,fixed,decaps,824901
8580,hybrid,fixed,decaps,814656
8581,hybrid,fixed,decaps,786639
8582,hybrid,fixed,decaps,772212
8583,hybrid,fixed,decaps,833885
8584,hybrid,fixed,decaps,789611
8585,hybrid,fixed,decaps,781883
8586,hybrid,fixed,decaps,781080
8587,hybrid,fixed,decaps,781085
8588,hybrid,fixed,decaps,783938
8589,hybrid,fixed,decaps,818625
8590,hybrid,fixed,decaps,781329
8591,hybrid,fixed,decaps,781216
8592,hybrid,fixed,decaps,780138
8593,hybrid,fixed,decaps,780477
8594,hybrid,fixed,decaps,780448
8595,hybrid,fixed,decaps,784762
8596,hybrid,fixed,decaps,1027192
8597,hybrid,fixed,decaps,1124225
8598,hybrid,fixed,decaps,1107272
8599,hybrid,fixed,decaps,806006
8600,hybrid,fixed,decaps,806177
8601,hybrid,fixed,decaps,795927
8602,hybrid,fixed,decaps,781499
8603,hybrid,fixed,decaps,781510
8604,hybrid,fixed,decaps,786535
8605,hybrid,fixed,decaps,781952
8606,hybrid,fixed,decaps,781534
8607,hybrid,fixed,decaps,781209
8608,hybrid,fixed,decaps,781231
8609,hybrid,fixed,decaps,800592
8610,hybrid,fixed,decaps,820515
8611,hybrid,fixed,decaps,786670
8612,hybrid,fixed,decaps,780977
8613,hybrid,fixed,decaps,780213
8614,hybrid,fixed,decaps,784264
8615,hybrid,fixed,decaps,780855
8616,hybrid,fixed,decaps,1054855
8617,hybrid,fixed,decaps,1150244
8618,hybrid,fixed,decaps,1086895
8619,hybrid,fixed,decaps,937947
8620,hybrid,fixed,decaps,1123290
8621,hybrid,fixed,decaps,789211
8622,hybrid,fixed,decaps,795860
8623,hybrid,fixed,decaps,781665
8624,hybrid,fixed,decaps,781427
8625,hybrid,fixed,decaps,781086
8626,hybrid,fixed,decaps,780685
8627,hybrid,fixed,decaps,785449
8628,hybrid,fixed,decaps,781031
8629,hybrid,fixed,decaps,780830
8630,hybrid,fixed,decaps,780687
8631,hybrid,fixed,decaps,780573
8632,hybrid,fixed,decaps,785036
8633,hybrid,fixed,decaps,781098
8634,hybrid,fixed,decaps,780636
8635,hybrid,fixed,decaps,851578
8636,hybrid,fixed,decaps,1175641
8637,hybrid,fixed,decaps,1296996
8638,hybrid,fixed,decaps,820777
8639,hybrid,fixed,decaps,782675
8640,hybrid,fixed,decaps,782577
8641,hybrid,fixed,decaps,790425
8642,hybrid,fixed,decaps,782039
8643,hybrid,fixed,decaps,781465
8644,hybrid,fixed,decaps,780973
8645,hybrid,fixed,decaps,781227
8646,hybrid,fixed,decaps,786977
8647,hybrid,fixed,decaps,763932
8648,hybrid,fixed,decaps,775826
8649,hybrid,fixed,decaps,805790
8650,hybrid,fixed,decaps,829023
8651,hybrid,fixed,decaps,784700
8652,hybrid,fixed,decaps,780737
8653,hybrid,fixed,decaps,780575
8654,hybrid,fixed,decaps,780557
8655,hybrid,fixed,decaps,900547
8656,hybrid,fixed,decaps,1202395
8657,hybrid,fixed,decaps,1210173
8658,hybrid,fixed,decaps,788316
8659,hybrid,fixed,decaps,816733
8660,hybrid,fixed,decaps,816147
8661,hybrid,fixed,decaps,782006
8662,hybrid,fixed,decaps,780787
8663,hybrid,fixed,decaps,781054
8664,hybrid,fixed,decaps,780691
8665,hybrid,fixed,decaps,785558
8666,hybrid,fixed,decaps,780977
8667,hybrid,fixed,decaps,780460
8668,hybrid,fixed,decaps,780448
8669,hybrid,fixed,decaps,781870
8670,hybrid,fixed,decaps,823021
8671,hybrid,fixed,decaps,781207
8672,hybrid,fixed,decaps,781858
8673,hybrid,fixed,decaps,780856
8674,hybrid,fixed,decaps,780755
8675,hybrid,fixed,decaps,940469
8676,hybrid,fixed,decaps,1174607
8677,hybrid,fixed,decaps,1104086
8678,hybrid,fixed,decaps,764352
8679,hybrid,fixed,decaps,796770
8680,hybrid,fixed,decaps,807757
8681,hybrid,fixed,decaps,805670
8682,hybrid,fixed,decaps,805671
8683,hybrid,fixed,decaps,806700
8684,hybrid,fixed,decaps,800204
8685,hybrid,fixed,decaps,758908
8686,hybrid,fixed,decaps,763494
8687,hybrid,fixed,decaps,789026
8688,hybrid,fixed,decaps,780826
8689,hybrid,fixed,decaps,781202
8690,hybrid,fixed,decaps,786872
8691,hybrid,fixed,decaps,791792
8692,hybrid,fixed,decaps,765329
8693,hybrid,fixed,decaps,758357
8694,hybrid,fixed,decaps,757864
8695,hybrid,fixed,decaps,885128
8696,hybrid,fixed,decaps,1149022
8697,hybrid,fixed,decaps,1169160
8698,hybrid,fixed,decaps,812518
8699,hybrid,fixed,decaps,819785
8700,hybrid,fixed,decaps,805873
8701,hybrid,fixed,decaps,805056
8702,hybrid,fixed,decaps,837079
8703,hybrid,fixed,decaps,783117
8704,hybrid,fixed,decaps,790817
8705,hybrid,fixed,decaps,781722
8706,hybrid,fixed,decaps,780627
8707,hybrid,fixed,decaps,790454
8708,hybrid,fixed,decaps,778579
8709,hybrid,fixed,decaps,818744
8710,hybrid,fixed,decaps,780873
8711,hybrid,fixed,decaps,780126
8712,hybrid,fixed,decaps,780280
8713,hybrid,fixed,decaps,780499
8714,hybrid,fixed,decaps,783714
8715,hybrid,fixed,decaps,916958
8716,hybrid,fixed,decaps,1169773
8717,hybrid,fixed,decaps,1176829
8718,hybrid,fixed,decaps,825708
8719,hybrid,fixed,decaps,799184
8720,hybrid,fixed,decaps,781337
8721,hybrid,fixed,decaps,800586
8722,hybrid,fixed,decaps,809589
8723,hybrid,fixed,decaps,794034
8724,hybrid,fixed,decaps,774700
8725,hybrid,fixed,decaps,793928
8726,hybrid,fixed,decaps,781771
8727,hybrid,fixed,decaps,780936
8728,hybrid,fixed,decaps,785452
8729,hybrid,fixed,decaps,819948
8730,hybrid,fixed,decaps,789503
8731,hybrid,fixed,decaps,758032
8732,hybrid,fixed,decaps,762233
8733,hybrid,fixed,decaps,842765
8734,hybrid,fixed,decaps,782478
8735,hybrid,fixed,decaps,1026450
8736,hybrid,fixed,decaps,1149272
8737,hybrid,fixed,decaps,1076512
8738,hybrid,fixed,decaps,787333
8739,hybrid,fixed,decaps,782081
8740,hybrid,fixed,decaps,781350
8741,hybrid,fixed,decaps,780946
8742,hybrid,fixed,decaps,813269
8743,hybrid,fixed,decaps,784732
8744,hybrid,fixed,decaps,781506
8745,hybrid,fixed,decaps,781903
8746,hybrid,fixed,decaps,780828
8747,hybrid,fixed,decaps,786963
8748,hybrid,fixed,decaps,781925
8749,hybrid,fixed,decaps,1256112
8750,hybrid,fixed,decaps,840806
8751,hybrid,fixed,decaps,795139
8752,hybrid,fixed,decaps,781534
8753,hybrid,fixed,decaps,781051
8754,hybrid,fixed,decaps,823553
8755,hybrid,fixed,decaps,1164417
8756,hybrid,fixed,decaps,1268472
8757,hybrid,fixed,decaps,813249
8758,hybrid,fixed,decaps,809522
8759,hybrid,fixed,decaps,797552
8760,hybrid,fixed,decaps,795689
8761,hybrid,fixed,decaps,782124
8762,hybrid,fixed,decaps,781022
8763,hybrid,fixed,decaps,781114
8764,hybrid,fixed,decaps,780730
8765,hybrid,fixed,decaps,785744
8766,hybrid,fixed,decaps,798518
8767,hybrid,fixed,decaps,763307
8768,hybrid,fixed,decaps,758183
8769,hybrid,fixed,decaps,789388
8770,hybrid,fixed,decaps,758033
8771,hybrid,fixed,decaps,761401
8772,hybrid,fixed,decaps,815401
8773,hybrid,fixed,decaps,802109
8774,hybrid,fixed,decaps,827366
8775,hybrid,fixed,decaps,1192945
8776,hybrid,fixed,decaps,1246545
8777,hybrid,fixed,decaps,799408
8778,hybrid,fixed,decaps,812766
8779,hybrid,fixed,decaps,837213
8780,hybrid,fixed,decaps,791365
8781,hybrid,fixed,decaps,781743
8782,hybrid,fixed,decaps,781256
8783,hybrid,fixed,decaps,781192
8784,hybrid,fixed,decaps,781059
8785,hybrid,fixed,decaps,787817
8786,hybrid,fixed,decaps,781318
8787,hybrid,fixed,decaps,780819
8788,hybrid,fixed,decaps,812693
8789,hybrid,fixed,decaps,781393
8790,hybrid,fixed,decaps,785430
8791,hybrid,fixed,decaps,781663
8792,hybrid,fixed,decaps,780998
8793,hybrid,fixed,decaps,781351
8794,hybrid,fixed,decaps,861301
8795,hybrid,fixed,decaps,1252953
8796,hybrid,fixed,decaps,1203331
8797,hybrid,fixed,decaps,842785
8798,hybrid,fixed,decaps,821966
8799,hybrid,fixed,decaps,782898
8800,hybrid,fixed,decaps,781547
8801,hybrid,fixed,decaps,781142
8802,hybrid,fixed,decaps,781106
8803,hybrid,fixed,decaps,781420
8804,hybrid,fixed,decaps,785082
8805,hybrid,fixed,decaps,781443
8806,hybrid,fixed,decaps,894342
8807,hybrid,fixed,decaps,1054041
8808,hybrid,fixed,decaps,1144342
8809,hybrid,fixed,decaps,771135
8810,hybrid,fixed,decaps,1150175
8811,hybrid,fixed,decaps,1146291
8812,hybrid,fixed,decaps,923034
8813,hybrid,fixed,decaps,1258455
8814,hybrid,fixed,decaps,1180318
8815,hybrid,fixed,decaps,983617
8816,hybrid,fixed,decaps,864915
8817,hybrid,fixed,decaps,785089
8818,hybrid,fixed,decaps,816532
8819,hybrid,fixed,decaps,812928
8820,hybrid,fixed,decaps,790922
8821,hybrid,fixed,decaps,781309
8822,hybrid,fixed,decaps,780713
8823,hybrid,fixed,decaps,780638
8824,hybrid,fixed,decaps,780530
8825,hybrid,fixed,decaps,784513
8826,hybrid,fixed,decaps,781126
8827,hybrid,fixed,decaps,780856
8828,hybrid,fixed,decaps,780538
8829,hybrid,fixed,decaps,812121
8830,hybrid,fixed,decaps,780644
8831,hybrid,fixed,decaps,786739
8832,hybrid,fixed,decaps,934681
8833,hybrid,fixed,decaps,1157986
8834,hybrid,fixed,decaps,1196244
8835,hybrid,fixed,decaps,806687
8836,hybrid,fixed,decaps,818995
8837,hybrid,fixed,decaps,781305
8838,hybrid,fixed,decaps,815260
8839,hybrid,fixed,decaps,812248
8840,hybrid,fixed,decaps,781624
8841,hybrid,fixed,decaps,780450
8842,hybrid,fixed,decaps,780850
8843,hybrid,fixed,decaps,780896
8844,hybrid,fixed,decaps,795424
8845,hybrid,fixed,decaps,821950
8846,hybrid,fixed,decaps,781822
8847,hybrid,fixed,decaps,783431
8848,hybrid,fixed,decaps,785872
8849,hybrid,fixed,decaps,781104
8850,hybrid,fixed,decaps,787023
8851,hybrid,fixed,decaps,781700
8852,hybrid,fixed,decaps,1124270
8853,hybrid,fixed,decaps,1228363
8854,hybrid,fixed,decaps,917151
8855,hybrid,fixed,decaps,785483
8856,hybrid,fixed,decaps,781201
8857,hybrid,fixed,decaps,780565
8858,hybrid,fixed,decaps,790746
8859,hybrid,fixed,decaps,782499
8860,hybrid,fixed,decaps,782032
8861,hybrid,fixed,decaps,816543
8862,hybrid,fixed,decaps,801868
8863,hybrid,fixed,decaps,785680
8864,hybrid,fixed,decaps,781710
8865,hybrid,fixed,decaps,781099
8866,hybrid,fixed,decaps,851877
8867,hybrid,fixed,decaps,807860
8868,hybrid,fixed,decaps,784663
8869,hybrid,fixed,decaps,781557
8870,hybrid,fixed,decaps,781002
8871,hybrid,fixed,decaps,803822
8872,hybrid,fixed,decaps,1170431
8873,hybrid,fixed,decaps,1298759
8874,hybrid,fixed,decaps,1165170
8875,hybrid,fixed,decaps,888493
8876,hybrid,fixed,decaps,800062
8877,hybrid,fixed,decaps,820333
8878,hybrid,fixed,decaps,801866
8879,hybrid,fixed,decaps,783212
8880,hybrid,fixed,decaps,780935
8881,hybrid,fixed,decaps,780651
8882,hybrid,fixed,decaps,789256
8883,hybrid,fixed,decaps,781049
8884,hybrid,fixed,decaps,780787
8885,hybrid,fixed,decaps,780614
8886,hybrid,fixed,decaps,798562
8887,hybrid,fixed,decaps,788852
8888,hybrid,fixed,decaps,812759
8889,hybrid,fixed,decaps,781242
8890,hybrid,fixed,decaps,786322
8891,hybrid,fixed,decaps,1069992
8892,hybrid,fixed,decaps,1206416
8893,hybrid,fixed,decaps,986428
8894,hybrid,fixed,decaps,786270
8895,hybrid,fixed,decaps,781546
8896,hybrid,fixed,decaps,792333
8897,hybrid,fixed,decaps,781467
8898,hybrid,fixed,decaps,804730
8899,hybrid,fixed,decaps,812990
8900,hybrid,fixed,decaps,1017781
8901,hybrid,fixed,decaps,1122528
8902,hybrid,fixed,decaps,785856
8903,hybrid,fixed,decaps,781748
8904,hybrid,fixed,decaps,812998
8905,hybrid,fixed,decaps,790519
8906,hybrid,fixed,decaps,781685
8907,hybrid,fixed,decaps,781305
8908,hybrid,fixed,decaps,781170
8909,hybrid,fixed,decaps,806759
8910,hybrid,fixed,decaps,1009376
8911,hybrid,fixed,decaps,1201610
8912,hybrid,fixed,decaps,1148010
8913,hybrid,fixed,decaps,787588
8914,hybrid,fixed,decaps,803266
8915,hybrid,fixed,decaps,782667
8916,hybrid,fixed,decaps,781100
8917,hybrid,fixed,decaps,780677
8918,hybrid,fixed,decaps,780677
8919,hybrid,fixed,decaps,785696
8920,hybrid,fixed,decaps,781023
8921,hybrid,fixed,decaps,780692
8922,hybrid,fixed,decaps,780461
8923,hybrid,fixed,decaps,780339
8924,hybrid,fixed,decaps,823209
8925,hybrid,fixed,decaps,781807
8926,hybrid,fixed,decaps,781515
8927,hybrid,fixed,decaps,794507
8928,hybrid,fixed,decaps,783313
8929,hybrid,fixed,decaps,787115
8930,hybrid,fixed,decaps,1034265
8931,hybrid,fixed,decaps,1215154
8932,hybrid,fixed,decaps,1162992
8933,hybrid,fixed,decaps,802890
8934,hybrid,fixed,decaps,782767
8935,hybrid,fixed,decaps,784119
8936,hybrid,fixed,decaps,781336
8937,hybrid,fixed,decaps,813056
8938,hybrid,fixed,decaps,793347
8939,hybrid,fixed,decaps,782136
8940,hybrid,fixed,decaps,780984
8941,hybrid,fixed,decaps,780942
8942,hybrid,fixed,decaps,780731
8943,hybrid,fixed,decaps,789407
8944,hybrid,fixed,decaps,821347
8945,hybrid,fixed,decaps,781023
8946,hybrid,fixed,decaps,780669
8947,hybrid,fixed,decaps,780694
8948,hybrid,fixed,decaps,785617
8949,hybrid,fixed,decaps,781382
8950,hybrid,fixed,decaps,1124626
8951,hybrid,fixed,decaps,1244449
8952,hybrid,fixed,decaps,906715
8953,hybrid,fixed,decaps,813353
8954,hybrid,fixed,decaps,811934
8955,hybrid,fixed,decaps,760186
8956,hybrid,fixed,decaps,821613
8957,hybrid,fixed,decaps,802409
8958,hybrid,fixed,decaps,782335
8959,hybrid,fixed,decaps,781370
8960,hybrid,fixed,decaps,780889
8961,hybrid,fixed,decaps,781059
8962,hybrid,fixed,decaps,787876
8963,hybrid,fixed,decaps,815418
8964,hybrid,fixed,decaps,780631
8965,hybrid,fixed,decaps,780613
8966,hybrid,fixed,decaps,780048
8967,hybrid,fixed,decaps,783971
8968,hybrid,fixed,decaps,780601
8969,hybrid,fixed,decaps,781738
8970,hybrid,fixed,decaps,1152975
8971,hybrid,fixed,decaps,1213496
8972,hybrid,fixed,decaps,899098
8973,hybrid,fixed,decaps,786077
8974,hybrid,fixed,decaps,781402
8975,hybrid,fixed,decaps,781675
8976,hybrid,fixed,decaps,808185
8977,hybrid,fixed,decaps,818585
8978,hybrid,fixed,decaps,781409
8979,hybrid,fixed,decaps,781257
8980,hybrid,fixed,decaps,794391
8981,hybrid,fixed,decaps,789590
8982,hybrid,fixed,decaps,781218
8983,hybrid,fixed,decaps,780337
8984,hybrid,fixed,decaps,780694
8985,hybrid,fixed,decaps,780364
8986,hybrid,fixed,decaps,780288
8987,hybrid,fixed,decaps,787445
8988,hybrid,fixed,decaps,780625
8989,hybrid,fixed,decaps,782964
8990,hybrid,fixed,decaps,1156943
8991,hybrid,fixed,decaps,1224239
8992,hybrid,fixed,decaps,868871
8993,hybrid,fixed,decaps,786638
8994,hybrid,fixed,decaps,806889
8995,hybrid,fixed,decaps,816036
8996,hybrid,fixed,decaps,796182
8997,hybrid,fixed,decaps,784644
8998,hybrid,fixed,decaps,781792
8999,hybrid,fixed,decaps,781530
9000,hybrid,fixed,decaps,796747
9001,hybrid,fixed,decaps,767417
9002,hybrid,fixed,decaps,1101341
9003,hybrid,fixed,decaps,980095
9004,hybrid,fixed,decaps,809501
9005,hybrid,fixed,decaps,807141
9006,hybrid,fixed,decaps,781249
9007,hybrid,fixed,decaps,780970
9008,hybrid,fixed,decaps,781115
9009,hybrid,fixed,decaps,1130011
9010,hybrid,fixed,decaps,1228700
9011,hybrid,fixed,decaps,871516
9012,hybrid,fixed,decaps,802158
9013,hybrid,fixed,decaps,806281
9014,hybrid,fixed,decaps,812011
9015,hybrid,fixed,decaps,781740
9016,hybrid,fixed,decaps,780916
9017,hybrid,fixed,decaps,780728
9018,hybrid,fixed,decaps,780960
9019,hybrid,fixed,decaps,786147
9020,hybrid,fixed,decaps,781183
9021,hybrid,fixed,decaps,780644
9022,hybrid,fixed,decaps,785749
9023,hybrid,fixed,decaps,802906
9024,hybrid,fixed,decaps,793184
9025,hybrid,fixed,decaps,781101
9026,hybrid,fixed,decaps,780805
9027,hybrid,fixed,decaps,780958
9028,hybrid,fixed,decaps,780917
9029,hybrid,fixed,decaps,1043969
9030,hybrid,fixed,decaps,1157419
9031,hybrid,fixed,decaps,1000178
9032,hybrid,fixed,decaps,764171
9033,hybrid,fixed,decaps,809422
9034,hybrid,fixed,decaps,806770
9035,hybrid,fixed,decaps,805474
9036,hybrid,fixed,decaps,796504
9037,hybrid,fixed,decaps,780578
9038,hybrid,fixed,decaps,785833
9039,hybrid,fixed,decaps,781170
9040,hybrid,fixed,decaps,780721
9041,hybrid,fixed,decaps,780759
9042,hybrid,fixed,decaps,780554
9043,hybrid,fixed,decaps,786356
9044,hybrid,fixed,decaps,781760
9045,hybrid,fixed,decaps,781063
9046,hybrid,fixed,decaps,781300
9047,hybrid,fixed,decaps,781130
9048,hybrid,fixed,decaps,780591
9049,hybrid,fixed,decaps,1019204
9050,hybrid,fixed,decaps,1181677
9051,hybrid,fixed,decaps,1072380
9052,hybrid,fixed,decaps,802915
9053,hybrid,fixed,decaps,783907
9054,hybrid,fixed,decaps,781116
9055,hybrid,fixed,decaps,813274
9056,hybrid,fixed,decaps,836045
9057,hybrid,fixed,decaps,790867
9058,hybrid,fixed,decaps,781251
9059,hybrid,fixed,decaps,780477
9060,hybrid,fixed,decaps,780421
9061,hybrid,fixed,decaps,780105
9062,hybrid,fixed,decaps,799835
9063,hybrid,fixed,decaps,763269
9064,hybrid,fixed,decaps,758674
9065,hybrid,fixed,decaps,762879
9066,hybrid,fixed,decaps,757819
9067,hybrid,fixed,decaps,757623
9068,hybrid,fixed,decaps,761129
9069,hybrid,fixed,decaps,980339
9070,hybrid,fixed,decaps,1194105
9071,hybrid,fixed,decaps,1145140
9072,hybrid,fixed,decaps,842169
9073,hybrid,fixed,decaps,783303
9074,hybrid,fixed,decaps,847999
9075,hybrid,fixed,decaps,802419
9076,hybrid,fixed,decaps,783238
9077,hybrid,fixed,decaps,806547
9078,hybrid,fixed,decaps,806525
9079,hybrid,fixed,decaps,798034
9080,hybrid,fixed,decaps,780346
9081,hybrid,fixed,decaps,780405
9082,hybrid,fixed,decaps,787885
9083,hybrid,fixed,decaps,815366
9084,hybrid,fixed,decaps,780797
9085,hybrid,fixed,decaps,1385963
9086,hybrid,fixed,decaps,1359742
9087,hybrid,fixed,decaps,874456
9088,hybrid,fixed,decaps,1226941
9089,hybrid,fixed,decaps,1247949
9090,hybrid,fixed,decaps,1119602
9091,hybrid,fixed,decaps,837242
9092,hybrid,fixed,decaps,784273
9093,hybrid,fixed,decaps,781422
9094,hybrid,fixed,decaps,793610
9095,hybrid,fixed,decaps,781671
9096,hybrid,fixed,decaps,780760
9097,hybrid,fixed,decaps,780711
9098,hybrid,fixed,decaps,781088
9099,hybrid,fixed,decaps,787461
9100,hybrid,fixed,decaps,781567
9101,hybrid,fixed,decaps,780742
9102,hybrid,fixed,decaps,780306
9103,hybrid,fixed,decaps,812041
9104,hybrid,fixed,decaps,819738
9105,hybrid,fixed,decaps,778895
9106,hybrid,fixed,decaps,798287
9107,hybrid,fixed,decaps,1028147
9108,hybrid,fixed,decaps,923922
9109,hybrid,fixed,decaps,974607
9110,hybrid,fixed,decaps,786422
9111,hybrid,fixed,decaps,797673
9112,hybrid,fixed,decaps,805451
9113,hybrid,fixed,decaps,809309
9114,hybrid,fixed,decaps,781435
9115,hybrid,fixed,decaps,780730
9116,hybrid,fixed,decaps,780878
9117,hybrid,fixed,decaps,781065
9118,hybrid,fixed,decaps,787564
9119,hybrid,fixed,decaps,791619
9120,hybrid,fixed,decaps,784830
9121,hybrid,fixed,decaps,781105
9122,hybrid,fixed,decaps,812771
9123,hybrid,fixed,decaps,787743
9124,hybrid,fixed,decaps,782381
9125,hybrid,fixed,decaps,781140
9126,hybrid,fixed,decaps,780951
9127,hybrid,fixed,decaps,999354
9128,hybrid,fixed,decaps,879926
9129,hybrid,fixed,decaps,864930
9130,hybrid,fixed,decaps,1015770
9131,hybrid,fixed,decaps,820596
9132,hybrid,fixed,decaps,783952
9133,hybrid,fixed,decaps,795441
9134,hybrid,fixed,decaps,780729
9135,hybrid,fixed,decaps,780881
9136,hybrid,fixed,decaps,780496
9137,hybrid,fixed,decaps,780584
9138,hybrid,fixed,decaps,787265
9139,hybrid,fixed,decaps,781357
9140,hybrid,fixed,decaps,780678
9141,hybrid,fixed,decaps,780611
9142,hybrid,fixed,decaps,795541
9143,hybrid,fixed,decaps,771264
9144,hybrid,fixed,decaps,793164
9145,hybrid,fixed,decaps,794649
9146,hybrid,fixed,decaps,816257
9147,hybrid,fixed,decaps,933826
9148,hybrid,fixed,decaps,989267
9149,hybrid,fixed,decaps,833806
9150,hybrid,fixed,decaps,1022659
9151,hybrid,fixed,decaps,770804
9152,hybrid,fixed,decaps,773174
9153,hybrid,fixed,decaps,799623
9154,hybrid,fixed,decaps,809391
9155,hybrid,fixed,decaps,780505
9156,hybrid,fixed,decaps,780922
9157,hybrid,fixed,decaps,787809
9158,hybrid,fixed,decaps,780996
9159,hybrid,fixed,decaps,787497
9160,hybrid,fixed,decaps,739934
9161,hybrid,fixed,decaps,769423
9162,hybrid,fixed,decaps,796320
9163,hybrid,fixed,decaps,758130
9164,hybrid,fixed,decaps,757684
9165,hybrid,fixed,decaps,819004
9166,hybrid,fixed,decaps,806201
9167,hybrid,fixed,decaps,788704
9168,hybrid,fixed,decaps,1027801
9169,hybrid,fixed,decaps,991661
9170,hybrid,fixed,decaps,964090
9171,hybrid,fixed,decaps,778811
9172,hybrid,fixed,decaps,860753
9173,hybrid,fixed,decaps,808857
9174,hybrid,fixed,decaps,805635
9175,hybrid,fixed,decaps,797555
9176,hybrid,fixed,decaps,783739
9177,hybrid,fixed,decaps,789897
9178,hybrid,fixed,decaps,780751
9179,hybrid,fixed,decaps,780146
9180,hybrid,fixed,decaps,780175
9181,hybrid,fixed,decaps,780247
9182,hybrid,fixed,decaps,783617
9183,hybrid,fixed,decaps,815144
9184,hybrid,fixed,decaps,780283
9185,hybrid,fixed,decaps,780266
9186,hybrid,fixed,decaps,780102
9187,hybrid,fixed,decaps,798919
9188,hybrid,fixed,decaps,1045981
9189,hybrid,fixed,decaps,948379
9190,hybrid,fixed,decaps,949116
9191,hybrid,fixed,decaps,821293
9192,hybrid,fixed,decaps,839577
9193,hybrid,fixed,decaps,811654
9194,hybrid,fixed,decaps,781555
9195,hybrid,fixed,decaps,781202
9196,hybrid,fixed,decaps,789648
9197,hybrid,fixed,decaps,781733
9198,hybrid,fixed,decaps,781027
9199,hybrid,fixed,decaps,780874
9200,hybrid,fixed,decaps,781298
9201,hybrid,fixed,decaps,788754
9202,hybrid,fixed,decaps,780994
9203,hybrid,fixed,decaps,814784
9204,hybrid,fixed,decaps,780386
9205,hybrid,fixed,decaps,780411
9206,hybrid,fixed,decaps,787841
9207,hybrid,fixed,decaps,781049
9208,hybrid,fixed,decaps,976934
9209,hybrid,fixed,decaps,932470
9210,hybrid,fixed,decaps,1020689
9211,hybrid,fixed,decaps,1022360
9212,hybrid,fixed,decaps,922691
9213,hybrid,fixed,decaps,911124
9214,hybrid,fixed,decaps,909363
9215,hybrid,fixed,decaps,829063
9216,hybrid,fixed,decaps,782302
9217,hybrid,fixed,decaps,780879
9218,hybrid,fixed,decaps,781105
9219,hybrid,fixed,decaps,780783
9220,hybrid,fixed,decaps,787634
9221,hybrid,fixed,decaps,781860
9222,hybrid,fixed,decaps,869475
9223,hybrid,fixed,decaps,753413
9224,hybrid,fixed,decaps,758027
9225,hybrid,fixed,decaps,809850
9226,hybrid,fixed,decaps,782646
9227,hybrid,fixed,decaps,781345
9228,hybrid,fixed,decaps,1061217
9229,hybrid,fixed,decaps,980733
9230,hybrid,fixed,decaps,1006922
9231,hybrid,fixed,decaps,774230
9232,hybrid,fixed,decaps,791466
9233,hybrid,fixed,decaps,761454
9234,hybrid,fixed,decaps,770153
9235,hybrid,fixed,decaps,784605
9236,hybrid,fixed,decaps,759441
9237,hybrid,fixed,decaps,758271
9238,hybrid,fixed,decaps,789391
9239,hybrid,fixed,decaps,789605
9240,hybrid,fixed,decaps,781216
9241,hybrid,fixed,decaps,780877
9242,hybrid,fixed,decaps,781142
9243,hybrid,fixed,decaps,812319
9244,hybrid,fixed,decaps,788772
9245,hybrid,fixed,decaps,782051
9246,hybrid,fixed,decaps,780908
9247,hybrid,fixed,decaps,781121
9248,hybrid,fixed,decaps,933675
9249,hybrid,fixed,decaps,1043715
9250,hybrid,fixed,decaps,939189
9251,hybrid,fixed,decaps,930848
9252,hybrid,fixed,decaps,819517
9253,hybrid,fixed,decaps,784482
9254,hybrid,fixed,decaps,794108
9255,hybrid,fixed,decaps,782430
9256,hybrid,fixed,decaps,780697
9257,hybrid,fixed,decaps,780366
9258,hybrid,fixed,decaps,781565
9259,hybrid,fixed,decaps,788938
9260,hybrid,fixed,decaps,781875
9261,hybrid,fixed,decaps,874293
9262,hybrid,fixed,decaps,860784
9263,hybrid,fixed,decaps,968315
9264,hybrid,fixed,decaps,807084
9265,hybrid,fixed,decaps,758390
9266,hybrid,fixed,decaps,757612
9267,hybrid,fixed,decaps,785369
9268,hybrid,fixed,decaps,994286
9269,hybrid,fixed,decaps,942268
9270,hybrid,fixed,decaps,953609
9271,hybrid,fixed,decaps,834111
9272,hybrid,fixed,decaps,870715
9273,hybrid,fixed,decaps,825757
9274,hybrid,fixed,decaps,806567
9275,hybrid,fixed,decaps,803631
9276,hybrid,fixed,decaps,781631
9277,hybrid,fixed,decaps,781341
9278,hybrid,fixed,decaps,792521
9279,hybrid,fixed,decaps,781441
9280,hybrid,fixed,decaps,781025
9281,hybrid,fixed,decaps,792881
9282,hybrid,fixed,decaps,763202
9283,hybrid,fixed,decaps,832125
9284,hybrid,fixed,decaps,781678
9285,hybrid,fixed,decaps,780978
9286,hybrid,fixed,decaps,781056
9287,hybrid,fixed,decaps,781156
9288,hybrid,fixed,decaps,941340
9289,hybrid,fixed,decaps,1014942
9290,hybrid,fixed,decaps,893602
9291,hybrid,fixed,decaps,974962
9292,hybrid,fixed,decaps,830116
9293,hybrid,fixed,decaps,785292
9294,hybrid,fixed,decaps,782344
9295,hybrid,fixed,decaps,781298
9296,hybrid,fixed,decaps,781165
9297,hybrid,fixed,decaps,813126
9298,hybrid,fixed,decaps,782544
9299,hybrid,fixed,decaps,780943
9300,hybrid,fixed,decaps,780514
9301,hybrid,fixed,decaps,780797
9302,hybrid,fixed,decaps,829079
9303,hybrid,fixed,decaps,837056
9304,hybrid,fixed,decaps,758207
9305,hybrid,fixed,decaps,758085
9306,hybrid,fixed,decaps,763596
9307,hybrid,fixed,decaps,765839
9308,hybrid,fixed,decaps,767517
9309,hybrid,fixed,decaps,1099790
9310,hybrid,fixed,decaps,889373
9311,hybrid,fixed,decaps,1060995
9312,hybrid,fixed,decaps,830181
9313,hybrid,fixed,decaps,807138
9314,hybrid,fixed,decaps,805913
9315,hybrid,fixed,decaps,808312
9316,hybrid,fixed,decaps,790930
9317,hybrid,fixed,decaps,790615
9318,hybrid,fixed,decaps,782458
9319,hybrid,fixed,decaps,781279
9320,hybrid,fixed,decaps,781279
9321,hybrid,fixed,decaps,780823
9322,hybrid,fixed,decaps,822557
9323,hybrid,fixed,decaps,783328
9324,hybrid,fixed,decaps,814769
9325,hybrid,fixed,decaps,780853
9326,hybrid,fixed,decaps,780947
9327,hybrid,fixed,decaps,787768
9328,hybrid,fixed,decaps,781260
9329,hybrid,fixed,decaps,1063849
9330,hybrid,fixed,decaps,891633
9331,hybrid,fixed,decaps,992617
9332,hybrid,fixed,decaps,820283
9333,hybrid,fixed,decaps,856167
9334,hybrid,fixed,decaps,784286
9335,hybrid,fixed,decaps,781129
9336,hybrid,fixed,decaps,791250
9337,hybrid,fixed,decaps,781550
9338,hybrid,fixed,decaps,781444
9339,hybrid,fixed,decaps,796079
9340,hybrid,fixed,decaps,758296
9341,hybrid,fixed,decaps,768727
9342,hybrid,fixed,decaps,758604
9343,hybrid,fixed,decaps,791539
9344,hybrid,fixed,decaps,757986
9345,hybrid,fixed,decaps,805613
9346,hybrid,fixed,decaps,843966
9347,hybrid,fixed,decaps,782566
9348,hybrid,fixed,decaps,780621
9349,hybrid,fixed,decaps,981795
9350,hybrid,fixed,decaps,987473
9351,hybrid,fixed,decaps,938989
9352,hybrid,fixed,decaps,861846
9353,hybrid,fixed,decaps,795782
9354,hybrid,fixed,decaps,805924
9355,hybrid,fixed,decaps,816574
9356,hybrid,fixed,decaps,815397
9357,hybrid,fixed,decaps,780512
9358,hybrid,fixed,decaps,780556
9359,hybrid,fixed,decaps,781034
9360,hybrid,fixed,decaps,780650
9361,hybrid,fixed,decaps,788811
9362,hybrid,fixed,decaps,781064
9363,hybrid,fixed,decaps,808846
9364,hybrid,fixed,decaps,813932
9365,hybrid,fixed,decaps,788946
9366,hybrid,fixed,decaps,782328
9367,hybrid,fixed,decaps,781765
9368,hybrid,fixed,decaps,781188
9369,hybrid,fixed,decaps,928740
9370,hybrid,fixed,decaps,922436
9371,hybrid,fixed,decaps,891151
9372,hybrid,fixed,decaps,938272
9373,hybrid,fixed,decaps,784831
9374,hybrid,fixed,decaps,839788
9375,hybrid,fixed,decaps,809773
9376,hybrid,fixed,decaps,781808
9377,hybrid,fixed,decaps,780700
9378,hybrid,fixed,decaps,780680
9379,hybrid,fixed,decaps,780779
9380,hybrid,fixed,decaps,788071
9381,hybrid,fixed,decaps,781189
9382,hybrid,fixed,decaps,780504
9383,hybrid,fixed,decaps,780624
9384,hybrid,fixed,decaps,780586
9385,hybrid,fixed,decaps,824567
9386,hybrid,fixed,decaps,776380
9387,hybrid,fixed,decaps,735489
9388,hybrid,fixed,decaps,738281
9389,hybrid,fixed,decaps,881474
9390,hybrid,fixed,decaps,847559
9391,hybrid,fixed,decaps,963444
9392,hybrid,fixed,decaps,779855
9393,hybrid,fixed,decaps,790124
9394,hybrid,fixed,decaps,815448
9395,hybrid,fixed,decaps,798313
9396,hybrid,fixed,decaps,857027
9397,hybrid,fixed,decaps,805994
9398,hybrid,fixed,decaps,780944
9399,hybrid,fixed,decaps,782564
9400,hybrid,fixed,decaps,818212
9401,hybrid,fixed,decaps,783014
9402,hybrid,fixed,decaps,781296
9403,hybrid,fixed,decaps,780720
9404,hybrid,fixed,decaps,783281
9405,hybrid,fixed,decaps,818259
9406,hybrid,fixed,decaps,781626
9407,hybrid,fixed,decaps,780973
9408,hybrid,fixed,decaps,781302
9409,hybrid,fixed,decaps,781168
9410,hybrid,fixed,decaps,789043
9411,hybrid,fixed,decaps,876985
9412,hybrid,fixed,decaps,914140
9413,hybrid,fixed,decaps,787956
9414,hybrid,fixed,decaps,794629
9415,hybrid,fixed,decaps,799824
9416,hybrid,fixed,decaps,761321
9417,hybrid,fixed,decaps,799102
9418,hybrid,fixed,decaps,810945
9419,hybrid,fixed,decaps,780905
9420,hybrid,fixed,decaps,794646
9421,hybrid,fixed,decaps,811587
9422,hybrid,fixed,decaps,782044
9423,hybrid,fixed,decaps,781456
9424,hybrid,fixed,decaps,780225
9425,hybrid,fixed,decaps,785627
9426,hybrid,fixed,decaps,828949
9427,hybrid,fixed,decaps,758366
9428,hybrid,fixed,decaps,757908
9429,hybrid,fixed,decaps,758028
9430,hybrid,fixed,decaps,761485
9431,hybrid,fixed,decaps,762796
9432,hybrid,fixed,decaps,850432
9433,hybrid,fixed,decaps,888237
9434,hybrid,fixed,decaps,810377
9435,hybrid,fixed,decaps,831918
9436,hybrid,fixed,decaps,831069
9437,hybrid,fixed,decaps,808404
9438,hybrid,fixed,decaps,781061
9439,hybrid,fixed,decaps,782974
9440,hybrid,fixed,decaps,788003
9441,hybrid,fixed,decaps,781606
9442,hybrid,fixed,decaps,780883
9443,hybrid,fixed,decaps,796258
9444,hybrid,fixed,decaps,762535
9445,hybrid,fixed,decaps,797072
9446,hybrid,fixed,decaps,781367
9447,hybrid,fixed,decaps,860636
9448,hybrid,fixed,decaps,782168
9449,hybrid,fixed,decaps,780692
9450,hybrid,fixed,decaps,790516
9451,hybrid,fixed,decaps,781715
9452,hybrid,fixed,decaps,795071
9453,hybrid,fixed,decaps,909440
9454,hybrid,fixed,decaps,854390
9455,hybrid,fixed,decaps,825008
9456,hybrid,fixed,decaps,763271
9457,hybrid,fixed,decaps,824321
9458,hybrid,fixed,decaps,812409
9459,hybrid,fixed,decaps,796992
9460,hybrid,fixed,decaps,753977
9461,hybrid,fixed,decaps,772933
9462,hybrid,fixed,decaps,795004
9463,hybrid,fixed,decaps,811712
9464,hybrid,fixed,decaps,780735
9465,hybrid,fixed,decaps,785598
9466,hybrid,fixed,decaps,780533
9467,hybrid,fixed,decaps,869854
9468,hybrid,fixed,decaps,750221
9469,hybrid,fixed,decaps,757763
9470,hybrid,fixed,decaps,762117
9471,hybrid,fixed,decaps,757712
9472,hybrid,fixed,decaps,804422
9473,hybrid,fixed,decaps,833397
9474,hybrid,fixed,decaps,917257
9475,hybrid,fixed,decaps,939468
9476,hybrid,fixed,decaps,795361
9477,hybrid,fixed,decaps,790940
9478,hybrid,fixed,decaps,797599
9479,hybrid,fixed,decaps,781930
9480,hybrid,fixed,decaps,790474
9481,hybrid,fixed,decaps,781337
9482,hybrid,fixed,decaps,781049
9483,hybrid,fixed,decaps,780791
9484,hybrid,fixed,decaps,796435
9485,hybrid,fixed,decaps,740541
9486,hybrid,fixed,decaps,815535
9487,hybrid,fixed,decaps,797717
9488,hybrid,fixed,decaps,845448
9489,hybrid,fixed,decaps,781043
9490,hybrid,fixed,decaps,785490
9491,hybrid,fixed,decaps,808600
9492,hybrid,fixed,decaps,782314
9493,hybrid,fixed,decaps,781796
9494,hybrid,fixed,decaps,829729
9495,hybrid,fixed,decaps,1039493
9496,hybrid,fixed,decaps,833095
9497,hybrid,fixed,decaps,827215
9498,hybrid,fixed,decaps,813172
9499,hybrid,fixed,decaps,796370
9500,hybrid,fixed,decaps,781735
9501,hybrid,fixed,decaps,780726
9502,hybrid,fixed,decaps,780583
9503,hybrid,fixed,decaps,781976
9504,hybrid,fixed,decaps,785888
9505,hybrid,fixed,decaps,799336
9506,hybrid,fixed,decaps,805866
9507,hybrid,fixed,decaps,795565
9508,hybrid,fixed,decaps,785107
9509,hybrid,fixed,decaps,789732
9510,hybrid,fixed,decaps,767742
9511,hybrid,fixed,decaps,758589
9512,hybrid,fixed,decaps,758056
9513,hybrid,fixed,decaps,758301
9514,hybrid,fixed,decaps,767598
9515,hybrid,fixed,decaps,1012104
9516,hybrid,fixed,decaps,859041
9517,hybrid,fixed,decaps,1043144
9518,hybrid,fixed,decaps,806789
9519,hybrid,fixed,decaps,978503
9520,hybrid,fixed,decaps,818306
9521,hybrid,fixed,decaps,764754
9522,hybrid,fixed,decaps,783721
9523,hybrid,fixed,decaps,817078
9524,hybrid,fixed,decaps,791671
9525,hybrid,fixed,decaps,781881
9526,hybrid,fixed,decaps,781036
9527,hybrid,fixed,decaps,780916
9528,hybrid,fixed,decaps,780954
9529,hybrid,fixed,decaps,785216
9530,hybrid,fixed,decaps,780730
9531,hybrid,fixed,decaps,780785
9532,hybrid,fixed,decaps,812464
9533,hybrid,fixed,decaps,782325
9534,hybrid,fixed,decaps,792721
9535,hybrid,fixed,decaps,920495
9536,hybrid,fixed,decaps,898213
9537,hybrid,fixed,decaps,809712
9538,hybrid,fixed,decaps,776460
9539,hybrid,fixed,decaps,963899
9540,hybrid,fixed,decaps,789066
9541,hybrid,fixed,decaps,782164
9542,hybrid,fixed,decaps,781633
9543,hybrid,fixed,decaps,781886
9544,hybrid,fixed,decaps,799904
9545,hybrid,fixed,decaps,848707
9546,hybrid,fixed,decaps,948983
9547,hybrid,fixed,decaps,792509
9548,hybrid,fixed,decaps,1074214
9549,hybrid,fixed,decaps,797909
9550,hybrid,fixed,decaps,805928
9551,hybrid,fixed,decaps,820986
9552,hybrid,fixed,decaps,789093
9553,hybrid,fixed,decaps,802188
9554,hybrid,fixed,decaps,934407
9555,hybrid,fixed,decaps,1031128
9556,hybrid,fixed,decaps,832997
9557,hybrid,fixed,decaps,806767
9558,hybrid,fixed,decaps,797613
9559,hybrid,fixed,decaps,813187
9560,hybrid,fixed,decaps,783218
9561,hybrid,fixed,decaps,782785
9562,hybrid,fixed,decaps,780342
9563,hybrid,fixed,decaps,786460
9564,hybrid,fixed,decaps,780769
9565,hybrid,fixed,decaps,780123
9566,hybrid,fixed,decaps,780190
9567,hybrid,fixed,decaps,780080
9568,hybrid,fixed,decaps,784761
9569,hybrid,fixed,decaps,780214
9570,hybrid,fixed,decaps,814575
9571,hybrid,fixed,decaps,781150
9572,hybrid,fixed,decaps,781422
9573,hybrid,fixed,decaps,784910
9574,hybrid,fixed,decaps,781380
9575,hybrid,fixed,decaps,815146
9576,hybrid,fixed,decaps,946970
9577,hybrid,fixed,decaps,896212
9578,hybrid,fixed,decaps,766906
9579,hybrid,fixed,decaps,766315
9580,hybrid,fixed,decaps,775623
9581,hybrid,fixed,decaps,759107
9582,hybrid,fixed,decaps,758281
9583,hybrid,fixed,decaps,765910
9584,hybrid,fixed,decaps,813343
9585,hybrid,fixed,decaps,803209
9586,hybrid,fixed,decaps,780505
9587,hybrid,fixed,decaps,780300
9588,hybrid,fixed,decaps,787565
9589,hybrid,fixed,decaps,781683
9590,hybrid,fixed,decaps,815115
9591,hybrid,fixed,decaps,781368
9592,hybrid,fixed,decaps,781070
9593,hybrid,fixed,decaps,787915
9594,hybrid,fixed,decaps,781840
9595,hybrid,fixed,decaps,795737
9596,hybrid,fixed,decaps,926046
9597,hybrid,fixed,decaps,957193
9598,hybrid,fixed,decaps,841373
9599,hybrid,fixed,decaps,785801
9600,hybrid,fixed,decaps,856315
9601,hybrid,fixed,decaps,802091
9602,hybrid,fixed,decaps,790132
9603,hybrid,fixed,decaps,781709
9604,hybrid,fixed,decaps,781204
9605,hybrid,fixed,decaps,782063
9606,hybrid,fixed,decaps,780719
9607,hybrid,fixed,decaps,780992
9608,hybrid,fixed,decaps,787379
9609,hybrid,fixed,decaps,781674
9610,hybrid,fixed,decaps,781148
9611,hybrid,fixed,decaps,812521
9612,hybrid,fixed,decaps,781274
9613,hybrid,fixed,decaps,789049
9614,hybrid,fixed,decaps,783653
9615,hybrid,fixed,decaps,781055
9616,hybrid,fixed,decaps,892416
9617,hybrid,fixed,decaps,942325
9618,hybrid,fixed,decaps,856566
9619,hybrid,fixed,decaps,799075
9620,hybrid,fixed,decaps,760532
9621,hybrid,fixed,decaps,836743
9622,hybrid,fixed,decaps,817735
9623,hybrid,fixed,decaps,783172
9624,hybrid,fixed,decaps,781435
9625,hybrid,fixed,decaps,781735
9626,hybrid,fixed,decaps,781133
9627,hybrid,fixed,decaps,789208
9628,hybrid,fixed,decaps,781427
9629,hybrid,fixed,decaps,780909
9630,hybrid,fixed,decaps,782551
9631,hybrid,fixed,decaps,782772
9632,hybrid,fixed,decaps,801664
9633,hybrid,fixed,decaps,759243
9634,hybrid,fixed,decaps,822774
9635,hybrid,fixed,decaps,802419
9636,hybrid,fixed,decaps,780961
9637,hybrid,fixed,decaps,923178
9638,hybrid,fixed,decaps,981139
9639,hybrid,fixed,decaps,834989
9640,hybrid,fixed,decaps,765589
9641,hybrid,fixed,decaps,763602
9642,hybrid,fixed,decaps,845828
9643,hybrid,fixed,decaps,807249
9644,hybrid,fixed,decaps,808152
9645,hybrid,fixed,decaps,786633
9646,hybrid,fixed,decaps,908112
9647,hybrid,fixed,decaps,810284
9648,hybrid,fixed,decaps,781965
9649,hybrid,fixed,decaps,780713
9650,hybrid,fixed,decaps,780600
9651,hybrid,fixed,decaps,780409
9652,hybrid,fixed,decaps,787385
9653,hybrid,fixed,decaps,780808
9654,hybrid,fixed,decaps,780698
9655,hybrid,fixed,decaps,780314
9656,hybrid,fixed,decaps,780421
9657,hybrid,fixed,decaps,889378
9658,hybrid,fixed,decaps,900214
9659,hybrid,fixed,decaps,858215
9660,hybrid,fixed,decaps,788665
9661,hybrid,fixed,decaps,781651
9662,hybrid,fixed,decaps,820590
9663,hybrid,fixed,decaps,819671
9664,hybrid,fixed,decaps,800865
9665,hybrid,fixed,decaps,782245
9666,hybrid,fixed,decaps,781122
9667,hybrid,fixed,decaps,794337
9668,hybrid,fixed,decaps,800424
9669,hybrid,fixed,decaps,781378
9670,hybrid,fixed,decaps,780606
9671,hybrid,fixed,decaps,780444
9672,hybrid,fixed,decaps,819714
9673,hybrid,fixed,decaps,817169
9674,hybrid,fixed,decaps,781682
9675,hybrid,fixed,decaps,781291
9676,hybrid,fixed,decaps,781100
9677,hybrid,fixed,decaps,788370
9678,hybrid,fixed,decaps,901190
9679,hybrid,fixed,decaps,924241
9680,hybrid,fixed,decaps,872603
9681,hybrid,fixed,decaps,832325
9682,hybrid,fixed,decaps,815549
9683,hybrid,fixed,decaps,809080
9684,hybrid,fixed,decaps,782885
9685,hybrid,fixed,decaps,781186
9686,hybrid,fixed,decaps,791693
9687,hybrid,fixed,decaps,782101
9688,hybrid,fixed,decaps,781138
9689,hybrid,fixed,decaps,781293
9690,hybrid,fixed,decaps,780978
9691,hybrid,fixed,decaps,780861
9692,hybrid,fixed,decaps,787720
9693,hybrid,fixed,decaps,781233
9694,hybrid,fixed,decaps,814603
9695,hybrid,fixed,decaps,781321
9696,hybrid,fixed,decaps,780615
9697,hybrid,fixed,decaps,825582
9698,hybrid,fixed,decaps,826222
9699,hybrid,fixed,decaps,815450
9700,hybrid,fixed,decaps,945120
9701,hybrid,fixed,decaps,846764
9702,hybrid,fixed,decaps,770499
9703,hybrid,fixed,decaps,786554
9704,hybrid,fixed,decaps,760866
9705,hybrid,fixed,decaps,758308
9706,hybrid,fixed,decaps,764264
9707,hybrid,fixed,decaps,776089
9708,hybrid,fixed,decaps,805616
9709,hybrid,fixed,decaps,828698
9710,hybrid,fixed,decaps,782503
9711,hybrid,fixed,decaps,781139
9712,hybrid,fixed,decaps,806567
9713,hybrid,fixed,decaps,805853
9714,hybrid,fixed,decaps,835567
9715,hybrid,fixed,decaps,781493
9716,hybrid,fixed,decaps,785895
9717,hybrid,fixed,decaps,781933
9718,hybrid,fixed,decaps,781146
9719,hybrid,fixed,decaps,782863
9720,hybrid,fixed,decaps,867972
9721,hybrid,fixed,decaps,929040
9722,hybrid,fixed,decaps,782678
9723,hybrid,fixed,decaps,780426
9724,hybrid,fixed,decaps,786102
9725,hybrid,fixed,decaps,808318
9726,hybrid,fixed,decaps,814259
9727,hybrid,fixed,decaps,781371
9728,hybrid,fixed,decaps,780881
9729,hybrid,fixed,decaps,781107
9730,hybrid,fixed,decaps,780915
9731,hybrid,fixed,decaps,784664
9732,hybrid,fixed,decaps,781307
9733,hybrid,fixed,decaps,781042
9734,hybrid,fixed,decaps,781203
9735,hybrid,fixed,decaps,815823
9736,hybrid,fixed,decaps,780982
9737,hybrid,fixed,decaps,784749
9738,hybrid,fixed,decaps,781208
9739,hybrid,fixed,decaps,780907
9740,hybrid,fixed,decaps,785498
9741,hybrid,fixed,decaps,984884
9742,hybrid,fixed,decaps,1015487
9743,hybrid,fixed,decaps,864364
9744,hybrid,fixed,decaps,765231
9745,hybrid,fixed,decaps,793167
9746,hybrid,fixed,decaps,832532
9747,hybrid,fixed,decaps,807431
9748,hybrid,fixed,decaps,782437
9749,hybrid,fixed,decaps,781041
9750,hybrid,fixed,decaps,780809
9751,hybrid,fixed,decaps,788856
9752,hybrid,fixed,decaps,781366
9753,hybrid,fixed,decaps,780745
9754,hybrid,fixed,decaps,780737
9755,hybrid,fixed,decaps,781268
9756,hybrid,fixed,decaps,810319
9757,hybrid,fixed,decaps,760566
9758,hybrid,fixed,decaps,758044
9759,hybrid,fixed,decaps,796007
9760,hybrid,fixed,decaps,780746
9761,hybrid,fixed,decaps,826494
9762,hybrid,fixed,decaps,946509
9763,hybrid,fixed,decaps,808573
9764,hybrid,fixed,decaps,826536
9765,hybrid,fixed,decaps,796750
9766,hybrid,fixed,decaps,806667
9767,hybrid,fixed,decaps,782531
9768,hybrid,fixed,decaps,781140
9769,hybrid,fixed,decaps,780760
9770,hybrid,fixed,decaps,780809
9771,hybrid,fixed,decaps,832862
9772,hybrid,fixed,decaps,819859
9773,hybrid,fixed,decaps,781492
9774,hybrid,fixed,decaps,819986
9775,hybrid,fixed,decaps,837725
9776,hybrid,fixed,decaps,823717
9777,hybrid,fixed,decaps,766423
9778,hybrid,fixed,decaps,791517
9779,hybrid,fixed,decaps,805298
9780,hybrid,fixed,decaps,805347
9781,hybrid,fixed,decaps,806233
9782,hybrid,fixed,decaps,879358
9783,hybrid,fixed,decaps,855106
9784,hybrid,fixed,decaps,778572
9785,hybrid,fixed,decaps,759459
9786,hybrid,fixed,decaps,796182
9787,hybrid,fixed,decaps,760599
9788,hybrid,fixed,decaps,792936
9789,hybrid,fixed,decaps,813908
9790,hybrid,fixed,decaps,780990
9791,hybrid,fixed,decaps,790633
9792,hybrid,fixed,decaps,781567
9793,hybrid,fixed,decaps,781099
9794,hybrid,fixed,decaps,780954
9795,hybrid,fixed,decaps,780951
9796,hybrid,fixed,decaps,784765
9797,hybrid,fixed,decaps,845730
9798,hybrid,fixed,decaps,797087
9799,hybrid,fixed,decaps,758277
9800,hybrid,fixed,decaps,763497
9801,hybrid,fixed,decaps,763173
9802,hybrid,fixed,decaps,762014
9803,hybrid,fixed,decaps,854692
9804,hybrid,fixed,decaps,875032
9805,hybrid,fixed,decaps,809751
9806,hybrid,fixed,decaps,831648
9807,hybrid,fixed,decaps,829782
9808,hybrid,fixed,decaps,810045
9809,hybrid,fixed,decaps,805145
9810,hybrid,fixed,decaps,782478
9811,hybrid,fixed,decaps,789962
9812,hybrid,fixed,decaps,783421
9813,hybrid,fixed,decaps,937221
9814,hybrid,fixed,decaps,1013771
9815,hybrid,fixed,decaps,785503
9816,hybrid,fixed,decaps,824918
9817,hybrid,fixed,decaps,782055
9818,hybrid,fixed,decaps,781303
9819,hybrid,fixed,decaps,781231
9820,hybrid,fixed,decaps,781153
9821,hybrid,fixed,decaps,785348
9822,hybrid,fixed,decaps,814218
9823,hybrid,fixed,decaps,816850
9824,hybrid,fixed,decaps,956196
9825,hybrid,fixed,decaps,839742
9826,hybrid,fixed,decaps,764510
9827,hybrid,fixed,decaps,795032
9828,hybrid,fixed,decaps,808229
9829,hybrid,fixed,decaps,798882
9830,hybrid,fixed,decaps,787031
9831,hybrid,fixed,decaps,759940
9832,hybrid,fixed,decaps,758166
9833,hybrid,fixed,decaps,758122
9834,hybrid,fixed,decaps,798419
9835,hybrid,fixed,decaps,809973
9836,hybrid,fixed,decaps,786647
9837,hybrid,fixed,decaps,781500
9838,hybrid,fixed,decaps,814680
9839,hybrid,fixed,decaps,780898
9840,hybrid,fixed,decaps,780489
9841,hybrid,fixed,decaps,784868
9842,hybrid,fixed,decaps,780556
9843,hybrid,fixed,decaps,782065
9844,hybrid,fixed,decaps,855603
9845,hybrid,fixed,decaps,979654
9846,hybrid,fixed,decaps,858916
9847,hybrid,fixed,decaps,791766
9848,hybrid,fixed,decaps,786051
9849,hybrid,fixed,decaps,759786
9850,hybrid,fixed,decaps,767268
9851,hybrid,fixed,decaps,758337
9852,hybrid,fixed,decaps,757472
9853,hybrid,fixed,decaps,813480
9854,hybrid,fixed,decaps,802100
9855,hybrid,fixed,decaps,784974
9856,hybrid,fixed,decaps,781450
9857,hybrid,fixed,decaps,781491
9858,hybrid,fixed,decaps,818838
9859,hybrid,fixed,decaps,868733
9860,hybrid,fixed,decaps,791045
9861,hybrid,fixed,decaps,800961
9862,hybrid,fixed,decaps,758570
9863,hybrid,fixed,decaps,758167
9864,hybrid,fixed,decaps,770932
9865,hybrid,fixed,decaps,923964
9866,hybrid,fixed,decaps,838837
9867,hybrid,fixed,decaps,822246
9868,hybrid,fixed,decaps,806535
9869,hybrid,fixed,decaps,828586
9870,hybrid,fixed,decaps,820574
9871,hybrid,fixed,decaps,804693
9872,hybrid,fixed,decaps,818879
9873,hybrid,fixed,decaps,804773
9874,hybrid,fixed,decaps,781810
9875,hybrid,fixed,decaps,813932
9876,hybrid,fixed,decaps,790256
9877,hybrid,fixed,decaps,779426
9878,hybrid,fixed,decaps,781139
9879,hybrid,fixed,decaps,817654
9880,hybrid,fixed,decaps,787758
9881,hybrid,fixed,decaps,763134
9882,hybrid,fixed,decaps,757951
9883,hybrid,fixed,decaps,757712
9884,hybrid,fixed,decaps,757621
9885,hybrid,fixed,decaps,787885
9886,hybrid,fixed,decaps,885093
9887,hybrid,fixed,decaps,816680
9888,hybrid,fixed,decaps,804870
9889,hybrid,fixed,decaps,820979
9890,hybrid,fixed,decaps,844807
9891,hybrid,fixed,decaps,811974
9892,hybrid,fixed,decaps,781215
9893,hybrid,fixed,decaps,780672
9894,hybrid,fixed,decaps,780823
9895,hybrid,fixed,decaps,792072
9896,hybrid,fixed,decaps,793366
9897,hybrid,fixed,decaps,798430
9898,hybrid,fixed,decaps,785767
9899,hybrid,fixed,decaps,759524
9900,hybrid,fixed,decaps,802766
9901,hybrid,fixed,decaps,759198
9902,hybrid,fixed,decaps,758018
9903,hybrid,fixed,decaps,842533
9904,hybrid,fixed,decaps,936750
9905,hybrid,fixed,decaps,801939
9906,hybrid,fixed,decaps,842763
9907,hybrid,fixed,decaps,955434
9908,hybrid,fixed,decaps,834228
9909,hybrid,fixed,decaps,784590
9910,hybrid,fixed,decaps,820349
9911,hybrid,fixed,decaps,784828
9912,hybrid,fixed,decaps,781307
9913,hybrid,fixed,decaps,781507
9914,hybrid,fixed,decaps,781556
9915,hybrid,fixed,decaps,786795
9916,hybrid,fixed,decaps,781614
9917,hybrid,fixed,decaps,781129
9918,hybrid,fixed,decaps,786541
9919,hybrid,fixed,decaps,771339
9920,hybrid,fixed,decaps,787205
9921,hybrid,fixed,decaps,793331
9922,hybrid,fixed,decaps,757963
9923,hybrid,fixed,decaps,785222
9924,hybrid,fixed,decaps,759254
9925,hybrid,fixed,decaps,767692
9926,hybrid,fixed,decaps,759350
9927,hybrid,fixed,decaps,807247
9928,hybrid,fixed,decaps,911952
9929,hybrid,fixed,decaps,814281
9930,hybrid,fixed,decaps,825886
9931,hybrid,fixed,decaps,838985
9932,hybrid,fixed,decaps,807859
9933,hybrid,fixed,decaps,805629
9934,hybrid,fixed,decaps,805967
9935,hybrid,fixed,decaps,815665
9936,hybrid,fixed,decaps,781713
9937,hybrid,fixed,decaps,806426
9938,hybrid,fixed,decaps,781753
9939,hybrid,fixed,decaps,780099
9940,hybrid,fixed,decaps,786793
9941,hybrid,fixed,decaps,781203
9942,hybrid,fixed,decaps,814732
9943,hybrid,fixed,decaps,780913
9944,hybrid,fixed,decaps,780642
9945,hybrid,fixed,decaps,784697
9946,hybrid,fixed,decaps,781072
9947,hybrid,fixed,decaps,790554
9948,hybrid,fixed,decaps,911095
9949,hybrid,fixed,decaps,860417
9950,hybrid,fixed,decaps,864459
9951,hybrid,fixed,decaps,782982
9952,hybrid,fixed,decaps,810161
9953,hybrid,fixed,decaps,783558
9954,hybrid,fixed,decaps,781229
9955,hybrid,fixed,decaps,788061
9956,hybrid,fixed,decaps,781442
9957,hybrid,fixed,decaps,780867
9958,hybrid,fixed,decaps,780809
9959,hybrid,fixed,decaps,780826
9960,hybrid,fixed,decaps,784723
9961,hybrid,fixed,decaps,781190
9962,hybrid,fixed,decaps,814883
9963,hybrid,fixed,decaps,781627
9964,hybrid,fixed,decaps,781218
9965,hybrid,fixed,decaps,784772
9966,hybrid,fixed,decaps,795266
9967,hybrid,fixed,decaps,758589
9968,hybrid,fixed,decaps,785547
9969,hybrid,fixed,decaps,886619
9970,hybrid,fixed,decaps,917825
9971,hybrid,fixed,decaps,794389
9972,hybrid,fixed,decaps,782045
9973,hybrid,fixed,decaps,809415
9974,hybrid,fixed,decaps,784122
9975,hybrid,fixed,decaps,799365
9976,hybrid,fixed,decaps,782298
9977,hybrid,fixed,decaps,781375
9978,hybrid,fixed,decaps,781401
9979,hybrid,fixed,decaps,781227
9980,hybrid,fixed,decaps,786959
9981,hybrid,fixed,decaps,781482
9982,hybrid,fixed,decaps,781092
9983,hybrid,fixed,decaps,781510
9984,hybrid,fixed,decaps,812971
9985,hybrid,fixed,decaps,784917
9986,hybrid,fixed,decaps,781174
9987,hybrid,fixed,decaps,780959
9988,hybrid,fixed,decaps,780990
9989,hybrid,fixed,decaps,815522
9990,hybrid,fixed,decaps,961855
9991,hybrid,fixed,decaps,800843
9992,hybrid,fixed,decaps,807494
9993,hybrid,fixed,decaps,779906
9994,hybrid,fixed,decaps,832172
9995,hybrid,fixed,decaps,810073
9996,hybrid,fixed,decaps,781420
9997,hybrid,fixed,decaps,782287
9998,hybrid,fixed,decaps,781107
9999,hybrid,fixed,decaps,781240
10000,hybrid,fixed,decaps,787900
