iteration,mode,input,op,elapsed_ns
1,mlkem,fixed,decaps,33096
2,mlkem,fixed,decaps,25352
3,mlkem,fixed,decaps,25283
4,mlkem,fixed,decaps,33480
5,mlkem,fixed,decaps,24759
6,mlkem,fixed,decaps,24385
7,mlkem,fixed,decaps,24513
8,mlkem,fixed,decaps,32319
9,mlkem,fixed,decaps,32462
10,mlkem,fixed,decaps,27819
11,mlkem,fixed,decaps,27321
12,mlkem,fixed,decaps,34724
13,mlkem,fixed,decaps,30375
14,mlkem,fixed,decaps,27156
15,mlkem,fixed,decaps,27340
16,mlkem,fixed,decaps,27277
17,mlkem,fixed,decaps,27291
18,mlkem,fixed,decaps,27302
19,mlkem,fixed,decaps,27155
20,mlkem,fixed,decaps,27286
21,mlkem,fixed,decaps,27118
22,mlkem,fixed,decaps,27304
23,mlkem,fixed,decaps,27281
24,mlkem,fixed,decaps,27315
25,mlkem,fixed,decaps,27279
26,mlkem,fixed,decaps,27168
27,mlkem,fixed,decaps,27293
28,mlkem,fixed,decaps,27244
29,mlkem,fixed,decaps,27123
30,mlkem,fixed,decaps,27249
31,mlkem,fixed,decaps,27278
32,mlkem,fixed,decaps,27293
33,mlkem,fixed,decaps,27297
34,mlkem,fixed,decaps,27284
35,mlkem,fixed,decaps,27280
36,mlkem,fixed,decaps,27260
37,mlkem,fixed,decaps,27114
38,mlkem,fixed,decaps,27279
39,mlkem,fixed,decaps,27345
40,mlkem,fixed,decaps,27272
41,mlkem,fixed,decaps,27163
42,mlkem,fixed,decaps,27261
43,mlkem,fixed,decaps,27239
44,mlkem,fixed,decaps,27275
45,mlkem,fixed,decaps,27280
46,mlkem,fixed,decaps,27136
47,mlkem,fixed,decaps,27281
48,mlkem,fixed,decaps,27429
49,mlkem,fixed,decaps,27177
50,mlkem,fixed,decaps,27301
51,mlkem,fixed,decaps,27140
52,mlkem,fixed,decaps,27320
53,mlkem,fixed,decaps,27297
54,mlkem,fixed,decaps,27270
55,mlkem,fixed,decaps,27378
56,mlkem,fixed,decaps,27309
57,mlkem,fixed,decaps,27508
58,mlkem,fixed,decaps,27271
59,mlkem,fixed,decaps,27276
60,mlkem,fixed,decaps,27287
61,mlkem,fixed,decaps,27287
62,mlkem,fixed,decaps,27324
63,mlkem,fixed,decaps,27269
64,mlkem,fixed,decaps,27154
65,mlkem,fixed,decaps,27263
66,mlkem,fixed,decaps,27279
67,mlkem,fixed,decaps,27201
68,mlkem,fixed,decaps,27111
69,mlkem,fixed,decaps,27116
70,mlkem,fixed,decaps,27261
71,mlkem,fixed,decaps,27109
72,mlkem,fixed,decaps,27265
73,mlkem,fixed,decaps,27272
74,mlkem,fixed,decaps,27320
75,mlkem,fixed,decaps,27260
76,mlkem,fixed,decaps,27258
77,mlkem,fixed,decaps,27277
78,mlkem,fixed,decaps,27148
79,mlkem,fixed,decaps,27275
80,mlkem,fixed,decaps,27195
81,mlkem,fixed,decaps,27368
82,mlkem,fixed,decaps,27331
83,mlkem,fixed,decaps,27132
84,mlkem,fixed,decaps,27285
85,mlkem,fixed,decaps,27278
86,mlkem,fixed,decaps,27302
87,mlkem,fixed,decaps,27415
88,mlkem,fixed,decaps,27128
89,mlkem,fixed,decaps,27256
90,mlkem,fixed,decaps,27321
91,mlkem,fixed,decaps,27237
92,mlkem,fixed,decaps,27257
93,mlkem,fixed,decaps,27275
94,mlkem,fixed,decaps,27289
95,mlkem,fixed,decaps,27234
96,mlkem,fixed,decaps,27276
97,mlkem,fixed,decaps,27243
98,mlkem,fixed,decaps,27196
99,mlkem,fixed,decaps,27262
100,mlkem,fixed,decaps,27264
101,mlkem,fixed,decaps,27396
102,mlkem,fixed,decaps,27265
103,mlkem,fixed,decaps,27357
104,mlkem,fixed,decaps,27329
105,mlkem,fixed,decaps,27255
106,mlkem,fixed,decaps,27250
107,mlkem,fixed,decaps,27266
108,mlkem,fixed,decaps,27262
109,mlkem,fixed,decaps,27295
110,mlkem,fixed,decaps,27291
111,mlkem,fixed,decaps,27274
112,mlkem,fixed,decaps,27175
113,mlkem,fixed,decaps,27541
114,mlkem,fixed,decaps,27841
115,mlkem,fixed,decaps,27481
116,mlkem,fixed,decaps,27369
117,mlkem,fixed,decaps,27505
118,mlkem,fixed,decaps,27742
119,mlkem,fixed,decaps,27331
120,mlkem,fixed,decaps,27647
121,mlkem,fixed,decaps,27663
122,mlkem,fixed,decaps,27403
123,mlkem,fixed,decaps,27761
124,mlkem,fixed,decaps,27321
125,mlkem,fixed,decaps,58940
126,mlkem,fixed,decaps,27403
127,mlkem,fixed,decaps,27311
128,mlkem,fixed,decaps,27351
129,mlkem,fixed,decaps,27249
130,mlkem,fixed,decaps,27407
131,mlkem,fixed,decaps,27236
132,mlkem,fixed,decaps,27188
133,mlkem,fixed,decaps,27691
134,mlkem,fixed,decaps,64404
135,mlkem,fixed,decaps,56775
136,mlkem,fixed,decaps,27320
137,mlkem,fixed,decaps,27362
138,mlkem,fixed,decaps,27448
139,mlkem,fixed,decaps,27198
140,mlkem,fixed,decaps,27368
141,mlkem,fixed,decaps,27318
142,mlkem,fixed,decaps,27532
143,mlkem,fixed,decaps,27159
144,mlkem,fixed,decaps,27088
145,mlkem,fixed,decaps,57938
146,mlkem,fixed,decaps,31797
147,mlkem,fixed,decaps,31148
148,mlkem,fixed,decaps,45816
149,mlkem,fixed,decaps,27357
150,mlkem,fixed,decaps,27182
151,mlkem,fixed,decaps,27086
152,mlkem,fixed,decaps,27229
153,mlkem,fixed,decaps,27183
154,mlkem,fixed,decaps,27286
155,mlkem,fixed,decaps,27277
156,mlkem,fixed,decaps,27245
157,mlkem,fixed,decaps,27264
158,mlkem,fixed,decaps,27258
159,mlkem,fixed,decaps,27139
160,mlkem,fixed,decaps,27257
161,mlkem,fixed,decaps,27263
162,mlkem,fixed,decaps,27239
163,mlkem,fixed,decaps,27292
164,mlkem,fixed,decaps,27190
165,mlkem,fixed,decaps,27252
166,mlkem,fixed,decaps,27293
167,mlkem,fixed,decaps,27280
168,mlkem,fixed,decaps,27215
169,mlkem,fixed,decaps,27296
170,mlkem,fixed,decaps,27472
171,mlkem,fixed,decaps,27392
172,mlkem,fixed,decaps,27221
173,mlkem,fixed,decaps,27545
174,mlkem,fixed,decaps,27261
175,mlkem,fixed,decaps,27326
176,mlkem,fixed,decaps,27361
177,mlkem,fixed,decaps,27305
178,mlkem,fixed,decaps,27412
179,mlkem,fixed,decaps,27320
180,mlkem,fixed,decaps,27276
181,mlkem,fixed,decaps,27247
182,mlkem,fixed,decaps,27149
183,mlkem,fixed,decaps,27262
184,mlkem,fixed,decaps,27329
185,mlkem,fixed,decaps,27415
186,mlkem,fixed,decaps,27239
187,mlkem,fixed,decaps,27242
188,mlkem,fixed,decaps,27420
189,mlkem,fixed,decaps,27624
190,mlkem,fixed,decaps,27165
191,mlkem,fixed,decaps,27233
192,mlkem,fixed,decaps,27343
193,mlkem,fixed,decaps,27111
194,mlkem,fixed,decaps,27270
195,mlkem,fixed,decaps,27409
196,mlkem,fixed,decaps,27262
197,mlkem,fixed,decaps,27430
198,mlkem,fixed,decaps,27173
199,mlkem,fixed,decaps,27328
200,mlkem,fixed,decaps,27321
201,mlkem,fixed,decaps,27155
202,mlkem,fixed,decaps,27252
203,mlkem,fixed,decaps,27259
204,mlkem,fixed,decaps,27238
205,mlkem,fixed,decaps,27252
206,mlkem,fixed,decaps,27258
207,mlkem,fixed,decaps,27477
208,mlkem,fixed,decaps,27474
209,mlkem,fixed,decaps,27448
210,mlkem,fixed,decaps,27281
211,mlkem,fixed,decaps,27351
212,mlkem,fixed,decaps,27296
213,mlkem,fixed,decaps,27248
214,mlkem,fixed,decaps,27291
215,mlkem,fixed,decaps,27343
216,mlkem,fixed,decaps,27271
217,mlkem,fixed,decaps,48828
218,mlkem,fixed,decaps,28966
219,mlkem,fixed,decaps,29266
220,mlkem,fixed,decaps,30066
221,mlkem,fixed,decaps,33138
222,mlkem,fixed,decaps,33257
223,mlkem,fixed,decaps,55694
224,mlkem,fixed,decaps,25521
225,mlkem,fixed,decaps,24356
226,mlkem,fixed,decaps,24461
227,mlkem,fixed,decaps,24456
228,mlkem,fixed,decaps,24416
229,mlkem,fixed,decaps,24393
230,mlkem,fixed,decaps,24307
231,mlkem,fixed,decaps,24351
232,mlkem,fixed,decaps,24314
233,mlkem,fixed,decaps,24323
234,mlkem,fixed,decaps,24404
235,mlkem,fixed,decaps,24382
236,mlkem,fixed,decaps,24417
237,mlkem,fixed,decaps,24386
238,mlkem,fixed,decaps,24480
239,mlkem,fixed,decaps,24339
240,mlkem,fixed,decaps,24262
241,mlkem,fixed,decaps,24425
242,mlkem,fixed,decaps,24326
243,mlkem,fixed,decaps,24660
244,mlkem,fixed,decaps,24354
245,mlkem,fixed,decaps,24435
246,mlkem,fixed,decaps,24345
247,mlkem,fixed,decaps,24441
248,mlkem,fixed,decaps,24265
249,mlkem,fixed,decaps,24314
250,mlkem,fixed,decaps,24649
251,mlkem,fixed,decaps,24644
252,mlkem,fixed,decaps,24714
253,mlkem,fixed,decaps,24657
254,mlkem,fixed,decaps,24352
255,mlkem,fixed,decaps,24637
256,mlkem,fixed,decaps,24342
257,mlkem,fixed,decaps,24632
258,mlkem,fixed,decaps,25103
259,mlkem,fixed,decaps,24751
260,mlkem,fixed,decaps,24796
261,mlkem,fixed,decaps,24868
262,mlkem,fixed,decaps,24916
263,mlkem,fixed,decaps,24670
264,mlkem,fixed,decaps,24836
265,mlkem,fixed,decaps,25264
266,mlkem,fixed,decaps,24941
267,mlkem,fixed,decaps,24991
268,mlkem,fixed,decaps,25423
269,mlkem,fixed,decaps,26328
270,mlkem,fixed,decaps,26460
271,mlkem,fixed,decaps,26401
272,mlkem,fixed,decaps,26282
273,mlkem,fixed,decaps,26058
274,mlkem,fixed,decaps,28085
275,mlkem,fixed,decaps,59048
276,mlkem,fixed,decaps,25503
277,mlkem,fixed,decaps,25756
278,mlkem,fixed,decaps,26170
279,mlkem,fixed,decaps,25000
280,mlkem,fixed,decaps,26621
281,mlkem,fixed,decaps,28534
282,mlkem,fixed,decaps,26283
283,mlkem,fixed,decaps,29550
284,mlkem,fixed,decaps,27816
285,mlkem,fixed,decaps,28066
286,mlkem,fixed,decaps,26614
287,mlkem,fixed,decaps,42534
288,mlkem,fixed,decaps,35876
289,mlkem,fixed,decaps,33106
290,mlkem,fixed,decaps,29007
291,mlkem,fixed,decaps,28999
292,mlkem,fixed,decaps,27093
293,mlkem,fixed,decaps,25962
294,mlkem,fixed,decaps,26216
295,mlkem,fixed,decaps,25379
296,mlkem,fixed,decaps,26110
297,mlkem,fixed,decaps,26432
298,mlkem,fixed,decaps,27655
299,mlkem,fixed,decaps,25612
300,mlkem,fixed,decaps,26701
301,mlkem,fixed,decaps,27718
302,mlkem,fixed,decaps,26260
303,mlkem,fixed,decaps,26118
304,mlkem,fixed,decaps,25237
305,mlkem,fixed,decaps,25365
306,mlkem,fixed,decaps,25955
307,mlkem,fixed,decaps,25177
308,mlkem,fixed,decaps,25994
309,mlkem,fixed,decaps,30328
310,mlkem,fixed,decaps,33200
311,mlkem,fixed,decaps,39512
312,mlkem,fixed,decaps,39699
313,mlkem,fixed,decaps,38077
314,mlkem,fixed,decaps,31210
315,mlkem,fixed,decaps,25219
316,mlkem,fixed,decaps,36334
317,mlkem,fixed,decaps,26810
318,mlkem,fixed,decaps,27828
319,mlkem,fixed,decaps,31503
320,mlkem,fixed,decaps,25002
321,mlkem,fixed,decaps,24520
322,mlkem,fixed,decaps,24804
323,mlkem,fixed,decaps,24766
324,mlkem,fixed,decaps,45796
325,mlkem,fixed,decaps,26343
326,mlkem,fixed,decaps,26408
327,mlkem,fixed,decaps,26795
328,mlkem,fixed,decaps,26284
329,mlkem,fixed,decaps,25929
330,mlkem,fixed,decaps,26323
331,mlkem,fixed,decaps,29056
332,mlkem,fixed,decaps,33442
333,mlkem,fixed,decaps,32080
334,mlkem,fixed,decaps,38544
335,mlkem,fixed,decaps,34548
336,mlkem,fixed,decaps,34768
337,mlkem,fixed,decaps,32490
338,mlkem,fixed,decaps,34914
339,mlkem,fixed,decaps,26675
340,mlkem,fixed,decaps,26304
341,mlkem,fixed,decaps,26348
342,mlkem,fixed,decaps,26299
343,mlkem,fixed,decaps,27312
344,mlkem,fixed,decaps,26532
345,mlkem,fixed,decaps,59481
346,mlkem,fixed,decaps,27049
347,mlkem,fixed,decaps,26439
348,mlkem,fixed,decaps,36866
349,mlkem,fixed,decaps,37157
350,mlkem,fixed,decaps,37985
351,mlkem,fixed,decaps,33842
352,mlkem,fixed,decaps,26236
353,mlkem,fixed,decaps,26294
354,mlkem,fixed,decaps,26311
355,mlkem,fixed,decaps,26417
356,mlkem,fixed,decaps,26077
357,mlkem,fixed,decaps,26343
358,mlkem,fixed,decaps,26280
359,mlkem,fixed,decaps,26543
360,mlkem,fixed,decaps,26227
361,mlkem,fixed,decaps,26759
362,mlkem,fixed,decaps,26810
363,mlkem,fixed,decaps,27548
364,mlkem,fixed,decaps,28347
365,mlkem,fixed,decaps,26681
366,mlkem,fixed,decaps,26630
367,mlkem,fixed,decaps,26975
368,mlkem,fixed,decaps,27056
369,mlkem,fixed,decaps,27197
370,mlkem,fixed,decaps,27167
371,mlkem,fixed,decaps,27537
372,mlkem,fixed,decaps,27170
373,mlkem,fixed,decaps,26859
374,mlkem,fixed,decaps,27117
375,mlkem,fixed,decaps,26425
376,mlkem,fixed,decaps,27921
377,mlkem,fixed,decaps,27481
378,mlkem,fixed,decaps,26732
379,mlkem,fixed,decaps,25902
380,mlkem,fixed,decaps,26040
381,mlkem,fixed,decaps,26732
382,mlkem,fixed,decaps,26005
383,mlkem,fixed,decaps,26317
384,mlkem,fixed,decaps,26192
385,mlkem,fixed,decaps,26449
386,mlkem,fixed,decaps,26518
387,mlkem,fixed,decaps,25889
388,mlkem,fixed,decaps,25914
389,mlkem,fixed,decaps,25902
390,mlkem,fixed,decaps,26224
391,mlkem,fixed,decaps,25991
392,mlkem,fixed,decaps,26053
393,mlkem,fixed,decaps,25960
394,mlkem,fixed,decaps,25830
395,mlkem,fixed,decaps,26071
396,mlkem,fixed,decaps,25769
397,mlkem,fixed,decaps,25957
398,mlkem,fixed,decaps,26178
399,mlkem,fixed,decaps,26472
400,mlkem,fixed,decaps,26200
401,mlkem,fixed,decaps,26438
402,mlkem,fixed,decaps,26234
403,mlkem,fixed,decaps,26525
404,mlkem,fixed,decaps,27739
405,mlkem,fixed,decaps,27808
406,mlkem,fixed,decaps,26142
407,mlkem,fixed,decaps,25908
408,mlkem,fixed,decaps,26084
409,mlkem,fixed,decaps,26715
410,mlkem,fixed,decaps,25882
411,mlkem,fixed,decaps,45344
412,mlkem,fixed,decaps,56054
413,mlkem,fixed,decaps,25249
414,mlkem,fixed,decaps,39585
415,mlkem,fixed,decaps,25976
416,mlkem,fixed,decaps,26114
417,mlkem,fixed,decaps,25138
418,mlkem,fixed,decaps,24911
419,mlkem,fixed,decaps,24418
420,mlkem,fixed,decaps,24439
421,mlkem,fixed,decaps,24783
422,mlkem,fixed,decaps,24675
423,mlkem,fixed,decaps,24652
424,mlkem,fixed,decaps,24502
425,mlkem,fixed,decaps,24587
426,mlkem,fixed,decaps,24508
427,mlkem,fixed,decaps,24486
428,mlkem,fixed,decaps,34677
429,mlkem,fixed,decaps,35332
430,mlkem,fixed,decaps,27533
431,mlkem,fixed,decaps,27323
432,mlkem,fixed,decaps,27233
433,mlkem,fixed,decaps,27844
434,mlkem,fixed,decaps,27433
435,mlkem,fixed,decaps,27316
436,mlkem,fixed,decaps,27277
437,mlkem,fixed,decaps,30021
438,mlkem,fixed,decaps,29869
439,mlkem,fixed,decaps,24498
440,mlkem,fixed,decaps,24394
441,mlkem,fixed,decaps,35606
442,mlkem,fixed,decaps,24727
443,mlkem,fixed,decaps,24393
444,mlkem,fixed,decaps,24351
445,mlkem,fixed,decaps,24361
446,mlkem,fixed,decaps,24260
447,mlkem,fixed,decaps,24304
448,mlkem,fixed,decaps,24378
449,mlkem,fixed,decaps,24338
450,mlkem,fixed,decaps,24303
451,mlkem,fixed,decaps,24418
452,mlkem,fixed,decaps,24355
453,mlkem,fixed,decaps,24387
454,mlkem,fixed,decaps,24423
455,mlkem,fixed,decaps,24399
456,mlkem,fixed,decaps,24405
457,mlkem,fixed,decaps,24403
458,mlkem,fixed,decaps,24297
459,mlkem,fixed,decaps,24392
460,mlkem,fixed,decaps,24294
461,mlkem,fixed,decaps,24327
462,mlkem,fixed,decaps,24345
463,mlkem,fixed,decaps,24337
464,mlkem,fixed,decaps,24324
465,mlkem,fixed,decaps,24501
466,mlkem,fixed,decaps,24415
467,mlkem,fixed,decaps,24326
468,mlkem,fixed,decaps,24328
469,mlkem,fixed,decaps,24488
470,mlkem,fixed,decaps,24328
471,mlkem,fixed,decaps,24286
472,mlkem,fixed,decaps,24380
473,mlkem,fixed,decaps,24348
474,mlkem,fixed,decaps,24425
475,mlkem,fixed,decaps,24337
476,mlkem,fixed,decaps,24416
477,mlkem,fixed,decaps,24370
478,mlkem,fixed,decaps,24408
479,mlkem,fixed,decaps,24351
480,mlkem,fixed,decaps,24308
481,mlkem,fixed,decaps,24398
482,mlkem,fixed,decaps,24280
483,mlkem,fixed,decaps,24450
484,mlkem,fixed,decaps,24332
485,mlkem,fixed,decaps,24306
486,mlkem,fixed,decaps,24333
487,mlkem,fixed,decaps,24333
488,mlkem,fixed,decaps,24288
489,mlkem,fixed,decaps,24228
490,mlkem,fixed,decaps,24392
491,mlkem,fixed,decaps,24288
492,mlkem,fixed,decaps,24311
493,mlkem,fixed,decaps,24526
494,mlkem,fixed,decaps,24352
495,mlkem,fixed,decaps,24338
496,mlkem,fixed,decaps,24371
497,mlkem,fixed,decaps,24298
498,mlkem,fixed,decaps,24317
499,mlkem,fixed,decaps,24536
500,mlkem,fixed,decaps,24399
501,mlkem,fixed,decaps,24369
502,mlkem,fixed,decaps,24353
503,mlkem,fixed,decaps,24362
504,mlkem,fixed,decaps,24381
505,mlkem,fixed,decaps,24347
506,mlkem,fixed,decaps,24539
507,mlkem,fixed,decaps,24370
508,mlkem,fixed,decaps,24398
509,mlkem,fixed,decaps,24309
510,mlkem,fixed,decaps,24353
511,mlkem,fixed,decaps,24362
512,mlkem,fixed,decaps,24522
513,mlkem,fixed,decaps,25058
514,mlkem,fixed,decaps,24609
515,mlkem,fixed,decaps,24283
516,mlkem,fixed,decaps,24377
517,mlkem,fixed,decaps,24418
518,mlkem,fixed,decaps,24419
519,mlkem,fixed,decaps,24259
520,mlkem,fixed,decaps,24649
521,mlkem,fixed,decaps,24701
522,mlkem,fixed,decaps,24341
523,mlkem,fixed,decaps,28270
524,mlkem,fixed,decaps,31658
525,mlkem,fixed,decaps,26783
526,mlkem,fixed,decaps,32671
527,mlkem,fixed,decaps,25002
528,mlkem,fixed,decaps,24559
529,mlkem,fixed,decaps,24341
530,mlkem,fixed,decaps,24279
531,mlkem,fixed,decaps,24326
532,mlkem,fixed,decaps,24333
533,mlkem,fixed,decaps,24334
534,mlkem,fixed,decaps,24615
535,mlkem,fixed,decaps,24988
536,mlkem,fixed,decaps,24490
537,mlkem,fixed,decaps,24507
538,mlkem,fixed,decaps,31982
539,mlkem,fixed,decaps,37340
540,mlkem,fixed,decaps,26138
541,mlkem,fixed,decaps,24508
542,mlkem,fixed,decaps,32565
543,mlkem,fixed,decaps,25505
544,mlkem,fixed,decaps,24313
545,mlkem,fixed,decaps,24330
546,mlkem,fixed,decaps,24347
547,mlkem,fixed,decaps,24396
548,mlkem,fixed,decaps,24314
549,mlkem,fixed,decaps,24280
550,mlkem,fixed,decaps,24347
551,mlkem,fixed,decaps,24365
552,mlkem,fixed,decaps,24336
553,mlkem,fixed,decaps,24342
554,mlkem,fixed,decaps,24382
555,mlkem,fixed,decaps,24410
556,mlkem,fixed,decaps,24250
557,mlkem,fixed,decaps,24328
558,mlkem,fixed,decaps,24350
559,mlkem,fixed,decaps,24356
560,mlkem,fixed,decaps,24375
561,mlkem,fixed,decaps,24351
562,mlkem,fixed,decaps,24395
563,mlkem,fixed,decaps,24347
564,mlkem,fixed,decaps,34766
565,mlkem,fixed,decaps,24422
566,mlkem,fixed,decaps,24398
567,mlkem,fixed,decaps,24337
568,mlkem,fixed,decaps,24345
569,mlkem,fixed,decaps,34478
570,mlkem,fixed,decaps,24944
571,mlkem,fixed,decaps,28762
572,mlkem,fixed,decaps,24888
573,mlkem,fixed,decaps,24391
574,mlkem,fixed,decaps,24375
575,mlkem,fixed,decaps,24315
576,mlkem,fixed,decaps,24344
577,mlkem,fixed,decaps,24344
578,mlkem,fixed,decaps,24357
579,mlkem,fixed,decaps,24358
580,mlkem,fixed,decaps,24350
581,mlkem,fixed,decaps,24306
582,mlkem,fixed,decaps,24362
583,mlkem,fixed,decaps,24405
584,mlkem,fixed,decaps,24345
585,mlkem,fixed,decaps,24291
586,mlkem,fixed,decaps,24387
587,mlkem,fixed,decaps,24349
588,mlkem,fixed,decaps,24360
589,mlkem,fixed,decaps,24291
590,mlkem,fixed,decaps,24381
591,mlkem,fixed,decaps,24357
592,mlkem,fixed,decaps,24342
593,mlkem,fixed,decaps,24343
594,mlkem,fixed,decaps,24383
595,mlkem,fixed,decaps,24302
596,mlkem,fixed,decaps,24318
597,mlkem,fixed,decaps,24376
598,mlkem,fixed,decaps,24307
599,mlkem,fixed,decaps,24326
600,mlkem,fixed,decaps,24362
601,mlkem,fixed,decaps,24300
602,mlkem,fixed,decaps,24297
603,mlkem,fixed,decaps,24309
604,mlkem,fixed,decaps,24392
605,mlkem,fixed,decaps,24339
606,mlkem,fixed,decaps,24278
607,mlkem,fixed,decaps,24379
608,mlkem,fixed,decaps,24463
609,mlkem,fixed,decaps,24424
610,mlkem,fixed,decaps,24315
611,mlkem,fixed,decaps,24369
612,mlkem,fixed,decaps,24379
613,mlkem,fixed,decaps,24319
614,mlkem,fixed,decaps,24336
615,mlkem,fixed,decaps,24347
616,mlkem,fixed,decaps,24361
617,mlkem,fixed,decaps,24321
618,mlkem,fixed,decaps,24358
619,mlkem,fixed,decaps,24358
620,mlkem,fixed,decaps,24223
621,mlkem,fixed,decaps,24369
622,mlkem,fixed,decaps,24369
623,mlkem,fixed,decaps,24385
624,mlkem,fixed,decaps,24301
625,mlkem,fixed,decaps,24317
626,mlkem,fixed,decaps,24351
627,mlkem,fixed,decaps,24321
628,mlkem,fixed,decaps,24372
629,mlkem,fixed,decaps,24335
630,mlkem,fixed,decaps,24345
631,mlkem,fixed,decaps,24303
632,mlkem,fixed,decaps,24278
633,mlkem,fixed,decaps,24369
634,mlkem,fixed,decaps,24326
635,mlkem,fixed,decaps,24350
636,mlkem,fixed,decaps,24436
637,mlkem,fixed,decaps,24328
638,mlkem,fixed,decaps,24350
639,mlkem,fixed,decaps,24339
640,mlkem,fixed,decaps,24349
641,mlkem,fixed,decaps,24292
642,mlkem,fixed,decaps,24353
643,mlkem,fixed,decaps,24341
644,mlkem,fixed,decaps,24318
645,mlkem,fixed,decaps,24220
646,mlkem,fixed,decaps,24342
647,mlkem,fixed,decaps,24376
648,mlkem,fixed,decaps,24369
649,mlkem,fixed,decaps,24419
650,mlkem,fixed,decaps,24332
651,mlkem,fixed,decaps,24360
652,mlkem,fixed,decaps,24433
653,mlkem,fixed,decaps,24367
654,mlkem,fixed,decaps,24338
655,mlkem,fixed,decaps,24405
656,mlkem,fixed,decaps,24371
657,mlkem,fixed,decaps,24440
658,mlkem,fixed,decaps,24343
659,mlkem,fixed,decaps,24317
660,mlkem,fixed,decaps,24385
661,mlkem,fixed,decaps,24358
662,mlkem,fixed,decaps,24320
663,mlkem,fixed,decaps,24337
664,mlkem,fixed,decaps,24383
665,mlkem,fixed,decaps,24370
666,mlkem,fixed,decaps,24337
667,mlkem,fixed,decaps,24353
668,mlkem,fixed,decaps,24377
669,mlkem,fixed,decaps,24358
670,mlkem,fixed,decaps,24341
671,mlkem,fixed,decaps,24375
672,mlkem,fixed,decaps,24373
673,mlkem,fixed,decaps,24348
674,mlkem,fixed,decaps,24417
675,mlkem,fixed,decaps,24353
676,mlkem,fixed,decaps,24300
677,mlkem,fixed,decaps,24307
678,mlkem,fixed,decaps,24421
679,mlkem,fixed,decaps,24255
680,mlkem,fixed,decaps,24262
681,mlkem,fixed,decaps,24309
682,mlkem,fixed,decaps,24342
683,mlkem,fixed,decaps,24430
684,mlkem,fixed,decaps,24401
685,mlkem,fixed,decaps,24351
686,mlkem,fixed,decaps,24426
687,mlkem,fixed,decaps,24334
688,mlkem,fixed,decaps,24446
689,mlkem,fixed,decaps,24358
690,mlkem,fixed,decaps,24359
691,mlkem,fixed,decaps,24348
692,mlkem,fixed,decaps,24449
693,mlkem,fixed,decaps,24389
694,mlkem,fixed,decaps,24388
695,mlkem,fixed,decaps,24340
696,mlkem,fixed,decaps,24350
697,mlkem,fixed,decaps,24353
698,mlkem,fixed,decaps,24365
699,mlkem,fixed,decaps,24346
700,mlkem,fixed,decaps,24342
701,mlkem,fixed,decaps,24308
702,mlkem,fixed,decaps,24347
703,mlkem,fixed,decaps,24323
704,mlkem,fixed,decaps,24262
705,mlkem,fixed,decaps,24326
706,mlkem,fixed,decaps,24609
707,mlkem,fixed,decaps,24531
708,mlkem,fixed,decaps,24505
709,mlkem,fixed,decaps,24312
710,mlkem,fixed,decaps,34202
711,mlkem,fixed,decaps,34927
712,mlkem,fixed,decaps,31041
713,mlkem,fixed,decaps,27469
714,mlkem,fixed,decaps,27273
715,mlkem,fixed,decaps,27279
716,mlkem,fixed,decaps,26943
717,mlkem,fixed,decaps,27132
718,mlkem,fixed,decaps,27271
719,mlkem,fixed,decaps,27106
720,mlkem,fixed,decaps,27308
721,mlkem,fixed,decaps,27277
722,mlkem,fixed,decaps,38199
723,mlkem,fixed,decaps,24779
724,mlkem,fixed,decaps,24397
725,mlkem,fixed,decaps,24310
726,mlkem,fixed,decaps,24270
727,mlkem,fixed,decaps,24385
728,mlkem,fixed,decaps,24361
729,mlkem,fixed,decaps,24307
730,mlkem,fixed,decaps,24385
731,mlkem,fixed,decaps,24351
732,mlkem,fixed,decaps,24433
733,mlkem,fixed,decaps,24874
734,mlkem,fixed,decaps,24359
735,mlkem,fixed,decaps,24433
736,mlkem,fixed,decaps,24409
737,mlkem,fixed,decaps,24588
738,mlkem,fixed,decaps,24377
739,mlkem,fixed,decaps,24513
740,mlkem,fixed,decaps,24407
741,mlkem,fixed,decaps,24306
742,mlkem,fixed,decaps,24268
743,mlkem,fixed,decaps,24268
744,mlkem,fixed,decaps,24336
745,mlkem,fixed,decaps,24390
746,mlkem,fixed,decaps,24325
747,mlkem,fixed,decaps,24335
748,mlkem,fixed,decaps,24664
749,mlkem,fixed,decaps,24362
750,mlkem,fixed,decaps,24350
751,mlkem,fixed,decaps,24310
752,mlkem,fixed,decaps,24551
753,mlkem,fixed,decaps,57812
754,mlkem,fixed,decaps,24678
755,mlkem,fixed,decaps,24365
756,mlkem,fixed,decaps,24300
757,mlkem,fixed,decaps,24367
758,mlkem,fixed,decaps,24471
759,mlkem,fixed,decaps,24450
760,mlkem,fixed,decaps,24634
761,mlkem,fixed,decaps,24569
762,mlkem,fixed,decaps,24329
763,mlkem,fixed,decaps,24404
764,mlkem,fixed,decaps,24401
765,mlkem,fixed,decaps,24290
766,mlkem,fixed,decaps,24311
767,mlkem,fixed,decaps,24286
768,mlkem,fixed,decaps,24346
769,mlkem,fixed,decaps,24534
770,mlkem,fixed,decaps,24432
771,mlkem,fixed,decaps,24500
772,mlkem,fixed,decaps,24357
773,mlkem,fixed,decaps,24300
774,mlkem,fixed,decaps,24331
775,mlkem,fixed,decaps,24340
776,mlkem,fixed,decaps,24335
777,mlkem,fixed,decaps,24459
778,mlkem,fixed,decaps,24378
779,mlkem,fixed,decaps,24308
780,mlkem,fixed,decaps,24319
781,mlkem,fixed,decaps,24285
782,mlkem,fixed,decaps,24406
783,mlkem,fixed,decaps,24224
784,mlkem,fixed,decaps,24356
785,mlkem,fixed,decaps,24340
786,mlkem,fixed,decaps,24332
787,mlkem,fixed,decaps,24301
788,mlkem,fixed,decaps,24482
789,mlkem,fixed,decaps,24339
790,mlkem,fixed,decaps,24378
791,mlkem,fixed,decaps,24329
792,mlkem,fixed,decaps,24309
793,mlkem,fixed,decaps,24351
794,mlkem,fixed,decaps,24357
795,mlkem,fixed,decaps,24332
796,mlkem,fixed,decaps,24368
797,mlkem,fixed,decaps,24433
798,mlkem,fixed,decaps,24319
799,mlkem,fixed,decaps,24302
800,mlkem,fixed,decaps,24480
801,mlkem,fixed,decaps,24351
802,mlkem,fixed,decaps,24403
803,mlkem,fixed,decaps,24389
804,mlkem,fixed,decaps,24395
805,mlkem,fixed,decaps,24408
806,mlkem,fixed,decaps,24223
807,mlkem,fixed,decaps,24436
808,mlkem,fixed,decaps,24313
809,mlkem,fixed,decaps,24406
810,mlkem,fixed,decaps,24311
811,mlkem,fixed,decaps,24292
812,mlkem,fixed,decaps,24324
813,mlkem,fixed,decaps,24264
814,mlkem,fixed,decaps,24336
815,mlkem,fixed,decaps,24334
816,mlkem,fixed,decaps,24298
817,mlkem,fixed,decaps,24283
818,mlkem,fixed,decaps,24316
819,mlkem,fixed,decaps,24465
820,mlkem,fixed,decaps,24429
821,mlkem,fixed,decaps,24354
822,mlkem,fixed,decaps,24521
823,mlkem,fixed,decaps,24492
824,mlkem,fixed,decaps,24399
825,mlkem,fixed,decaps,74963
826,mlkem,fixed,decaps,24506
827,mlkem,fixed,decaps,25172
828,mlkem,fixed,decaps,24579
829,mlkem,fixed,decaps,24604
830,mlkem,fixed,decaps,24765
831,mlkem,fixed,decaps,24359
832,mlkem,fixed,decaps,24316
833,mlkem,fixed,decaps,24322
834,mlkem,fixed,decaps,24365
835,mlkem,fixed,decaps,24372
836,mlkem,fixed,decaps,24337
837,mlkem,fixed,decaps,24440
838,mlkem,fixed,decaps,24394
839,mlkem,fixed,decaps,24344
840,mlkem,fixed,decaps,24271
841,mlkem,fixed,decaps,24369
842,mlkem,fixed,decaps,24589
843,mlkem,fixed,decaps,24419
844,mlkem,fixed,decaps,24311
845,mlkem,fixed,decaps,24406
846,mlkem,fixed,decaps,24345
847,mlkem,fixed,decaps,24376
848,mlkem,fixed,decaps,28264
849,mlkem,fixed,decaps,30759
850,mlkem,fixed,decaps,33788
851,mlkem,fixed,decaps,27013
852,mlkem,fixed,decaps,24413
853,mlkem,fixed,decaps,24374
854,mlkem,fixed,decaps,25388
855,mlkem,fixed,decaps,28874
856,mlkem,fixed,decaps,24604
857,mlkem,fixed,decaps,24326
858,mlkem,fixed,decaps,24280
859,mlkem,fixed,decaps,24360
860,mlkem,fixed,decaps,24316
861,mlkem,fixed,decaps,24351
862,mlkem,fixed,decaps,24375
863,mlkem,fixed,decaps,24359
864,mlkem,fixed,decaps,24301
865,mlkem,fixed,decaps,24277
866,mlkem,fixed,decaps,24506
867,mlkem,fixed,decaps,24339
868,mlkem,fixed,decaps,24493
869,mlkem,fixed,decaps,24355
870,mlkem,fixed,decaps,24384
871,mlkem,fixed,decaps,24389
872,mlkem,fixed,decaps,24414
873,mlkem,fixed,decaps,24438
874,mlkem,fixed,decaps,24396
875,mlkem,fixed,decaps,24237
876,mlkem,fixed,decaps,24320
877,mlkem,fixed,decaps,24331
878,mlkem,fixed,decaps,24360
879,mlkem,fixed,decaps,32643
880,mlkem,fixed,decaps,24427
881,mlkem,fixed,decaps,24523
882,mlkem,fixed,decaps,24920
883,mlkem,fixed,decaps,24573
884,mlkem,fixed,decaps,24611
885,mlkem,fixed,decaps,24665
886,mlkem,fixed,decaps,25084
887,mlkem,fixed,decaps,24475
888,mlkem,fixed,decaps,24516
889,mlkem,fixed,decaps,25262
890,mlkem,fixed,decaps,25135
891,mlkem,fixed,decaps,24854
892,mlkem,fixed,decaps,24945
893,mlkem,fixed,decaps,24910
894,mlkem,fixed,decaps,25738
895,mlkem,fixed,decaps,24993
896,mlkem,fixed,decaps,24515
897,mlkem,fixed,decaps,25461
898,mlkem,fixed,decaps,25597
899,mlkem,fixed,decaps,26395
900,mlkem,fixed,decaps,26283
901,mlkem,fixed,decaps,25652
902,mlkem,fixed,decaps,26730
903,mlkem,fixed,decaps,25661
904,mlkem,fixed,decaps,24773
905,mlkem,fixed,decaps,25672
906,mlkem,fixed,decaps,25663
907,mlkem,fixed,decaps,25632
908,mlkem,fixed,decaps,26812
909,mlkem,fixed,decaps,26244
910,mlkem,fixed,decaps,27197
911,mlkem,fixed,decaps,27475
912,mlkem,fixed,decaps,26200
913,mlkem,fixed,decaps,28141
914,mlkem,fixed,decaps,43563
915,mlkem,fixed,decaps,29773
916,mlkem,fixed,decaps,29671
917,mlkem,fixed,decaps,29082
918,mlkem,fixed,decaps,30376
919,mlkem,fixed,decaps,31829
920,mlkem,fixed,decaps,30152
921,mlkem,fixed,decaps,32424
922,mlkem,fixed,decaps,32247
923,mlkem,fixed,decaps,31428
924,mlkem,fixed,decaps,31885
925,mlkem,fixed,decaps,30232
926,mlkem,fixed,decaps,30767
927,mlkem,fixed,decaps,28854
928,mlkem,fixed,decaps,29650
929,mlkem,fixed,decaps,27677
930,mlkem,fixed,decaps,27354
931,mlkem,fixed,decaps,28042
932,mlkem,fixed,decaps,27987
933,mlkem,fixed,decaps,27339
934,mlkem,fixed,decaps,26499
935,mlkem,fixed,decaps,26664
936,mlkem,fixed,decaps,26190
937,mlkem,fixed,decaps,26778
938,mlkem,fixed,decaps,28333
939,mlkem,fixed,decaps,26557
940,mlkem,fixed,decaps,27335
941,mlkem,fixed,decaps,27525
942,mlkem,fixed,decaps,26637
943,mlkem,fixed,decaps,27990
944,mlkem,fixed,decaps,26960
945,mlkem,fixed,decaps,25876
946,mlkem,fixed,decaps,25816
947,mlkem,fixed,decaps,26832
948,mlkem,fixed,decaps,27316
949,mlkem,fixed,decaps,40479
950,mlkem,fixed,decaps,25564
951,mlkem,fixed,decaps,26296
952,mlkem,fixed,decaps,25928
953,mlkem,fixed,decaps,26309
954,mlkem,fixed,decaps,24711
955,mlkem,fixed,decaps,26818
956,mlkem,fixed,decaps,28644
957,mlkem,fixed,decaps,36604
958,mlkem,fixed,decaps,33432
959,mlkem,fixed,decaps,36665
960,mlkem,fixed,decaps,32517
961,mlkem,fixed,decaps,34442
962,mlkem,fixed,decaps,25982
963,mlkem,fixed,decaps,25027
964,mlkem,fixed,decaps,71791
965,mlkem,fixed,decaps,47429
966,mlkem,fixed,decaps,43123
967,mlkem,fixed,decaps,25085
968,mlkem,fixed,decaps,24914
969,mlkem,fixed,decaps,25017
970,mlkem,fixed,decaps,24687
971,mlkem,fixed,decaps,24395
972,mlkem,fixed,decaps,24590
973,mlkem,fixed,decaps,44922
974,mlkem,fixed,decaps,26175
975,mlkem,fixed,decaps,59246
976,mlkem,fixed,decaps,35719
977,mlkem,fixed,decaps,38058
978,mlkem,fixed,decaps,55642
979,mlkem,fixed,decaps,26742
980,mlkem,fixed,decaps,26132
981,mlkem,fixed,decaps,43245
982,mlkem,fixed,decaps,26117
983,mlkem,fixed,decaps,25996
984,mlkem,fixed,decaps,25695
985,mlkem,fixed,decaps,25927
986,mlkem,fixed,decaps,25205
987,mlkem,fixed,decaps,25367
988,mlkem,fixed,decaps,26033
989,mlkem,fixed,decaps,25624
990,mlkem,fixed,decaps,25426
991,mlkem,fixed,decaps,25576
992,mlkem,fixed,decaps,25492
993,mlkem,fixed,decaps,47816
994,mlkem,fixed,decaps,63213
995,mlkem,fixed,decaps,31202
996,mlkem,fixed,decaps,44682
997,mlkem,fixed,decaps,25810
998,mlkem,fixed,decaps,25635
999,mlkem,fixed,decaps,25777
1000,mlkem,fixed,decaps,25561
1001,mlkem,fixed,decaps,25659
1002,mlkem,fixed,decaps,25289
1003,mlkem,fixed,decaps,25037
1004,mlkem,fixed,decaps,25291
1005,mlkem,fixed,decaps,41803
1006,mlkem,fixed,decaps,24638
1007,mlkem,fixed,decaps,24978
1008,mlkem,fixed,decaps,24763
1009,mlkem,fixed,decaps,24489
1010,mlkem,fixed,decaps,24864
1011,mlkem,fixed,decaps,24622
1012,mlkem,fixed,decaps,24341
1013,mlkem,fixed,decaps,60182
1014,mlkem,fixed,decaps,26486
1015,mlkem,fixed,decaps,41480
1016,mlkem,fixed,decaps,24446
1017,mlkem,fixed,decaps,24618
1018,mlkem,fixed,decaps,24494
1019,mlkem,fixed,decaps,24234
1020,mlkem,fixed,decaps,24489
1021,mlkem,fixed,decaps,24487
1022,mlkem,fixed,decaps,24691
1023,mlkem,fixed,decaps,24714
1024,mlkem,fixed,decaps,24625
1025,mlkem,fixed,decaps,25114
1026,mlkem,fixed,decaps,24332
1027,mlkem,fixed,decaps,24562
1028,mlkem,fixed,decaps,24548
1029,mlkem,fixed,decaps,24418
1030,mlkem,fixed,decaps,24502
1031,mlkem,fixed,decaps,24441
1032,mlkem,fixed,decaps,24430
1033,mlkem,fixed,decaps,24358
1034,mlkem,fixed,decaps,24483
1035,mlkem,fixed,decaps,24565
1036,mlkem,fixed,decaps,24459
1037,mlkem,fixed,decaps,24359
1038,mlkem,fixed,decaps,24386
1039,mlkem,fixed,decaps,24463
1040,mlkem,fixed,decaps,24446
1041,mlkem,fixed,decaps,24329
1042,mlkem,fixed,decaps,24536
1043,mlkem,fixed,decaps,24500
1044,mlkem,fixed,decaps,24560
1045,mlkem,fixed,decaps,24349
1046,mlkem,fixed,decaps,24516
1047,mlkem,fixed,decaps,24617
1048,mlkem,fixed,decaps,24720
1049,mlkem,fixed,decaps,24557
1050,mlkem,fixed,decaps,24552
1051,mlkem,fixed,decaps,24391
1052,mlkem,fixed,decaps,24290
1053,mlkem,fixed,decaps,24487
1054,mlkem,fixed,decaps,24370
1055,mlkem,fixed,decaps,24409
1056,mlkem,fixed,decaps,24303
1057,mlkem,fixed,decaps,24363
1058,mlkem,fixed,decaps,24345
1059,mlkem,fixed,decaps,24442
1060,mlkem,fixed,decaps,24428
1061,mlkem,fixed,decaps,24355
1062,mlkem,fixed,decaps,24392
1063,mlkem,fixed,decaps,24356
1064,mlkem,fixed,decaps,24337
1065,mlkem,fixed,decaps,24674
1066,mlkem,fixed,decaps,24904
1067,mlkem,fixed,decaps,24692
1068,mlkem,fixed,decaps,24647
1069,mlkem,fixed,decaps,24303
1070,mlkem,fixed,decaps,24492
1071,mlkem,fixed,decaps,24505
1072,mlkem,fixed,decaps,24230
1073,mlkem,fixed,decaps,24372
1074,mlkem,fixed,decaps,24661
1075,mlkem,fixed,decaps,24655
1076,mlkem,fixed,decaps,24539
1077,mlkem,fixed,decaps,24565
1078,mlkem,fixed,decaps,24468
1079,mlkem,fixed,decaps,24337
1080,mlkem,fixed,decaps,24306
1081,mlkem,fixed,decaps,25357
1082,mlkem,fixed,decaps,25266
1083,mlkem,fixed,decaps,25128
1084,mlkem,fixed,decaps,25299
1085,mlkem,fixed,decaps,25153
1086,mlkem,fixed,decaps,25190
1087,mlkem,fixed,decaps,24955
1088,mlkem,fixed,decaps,25002
1089,mlkem,fixed,decaps,25022
1090,mlkem,fixed,decaps,25093
1091,mlkem,fixed,decaps,25157
1092,mlkem,fixed,decaps,24996
1093,mlkem,fixed,decaps,25003
1094,mlkem,fixed,decaps,24999
1095,mlkem,fixed,decaps,25050
1096,mlkem,fixed,decaps,25048
1097,mlkem,fixed,decaps,25014
1098,mlkem,fixed,decaps,25044
1099,mlkem,fixed,decaps,25350
1100,mlkem,fixed,decaps,25122
1101,mlkem,fixed,decaps,24939
1102,mlkem,fixed,decaps,25033
1103,mlkem,fixed,decaps,25078
1104,mlkem,fixed,decaps,25240
1105,mlkem,fixed,decaps,25105
1106,mlkem,fixed,decaps,25030
1107,mlkem,fixed,decaps,25103
1108,mlkem,fixed,decaps,25029
1109,mlkem,fixed,decaps,25015
1110,mlkem,fixed,decaps,25041
1111,mlkem,fixed,decaps,25102
1112,mlkem,fixed,decaps,25055
1113,mlkem,fixed,decaps,25076
1114,mlkem,fixed,decaps,25055
1115,mlkem,fixed,decaps,25189
1116,mlkem,fixed,decaps,25063
1117,mlkem,fixed,decaps,25101
1118,mlkem,fixed,decaps,25106
1119,mlkem,fixed,decaps,24984
1120,mlkem,fixed,decaps,25114
1121,mlkem,fixed,decaps,25735
1122,mlkem,fixed,decaps,25053
1123,mlkem,fixed,decaps,25046
1124,mlkem,fixed,decaps,25064
1125,mlkem,fixed,decaps,25112
1126,mlkem,fixed,decaps,25443
1127,mlkem,fixed,decaps,25116
1128,mlkem,fixed,decaps,25285
1129,mlkem,fixed,decaps,25035
1130,mlkem,fixed,decaps,25828
1131,mlkem,fixed,decaps,25094
1132,mlkem,fixed,decaps,25786
1133,mlkem,fixed,decaps,32580
1134,mlkem,fixed,decaps,25355
1135,mlkem,fixed,decaps,25090
1136,mlkem,fixed,decaps,25055
1137,mlkem,fixed,decaps,25075
1138,mlkem,fixed,decaps,24982
1139,mlkem,fixed,decaps,25114
1140,mlkem,fixed,decaps,25114
1141,mlkem,fixed,decaps,25047
1142,mlkem,fixed,decaps,24956
1143,mlkem,fixed,decaps,25139
1144,mlkem,fixed,decaps,25176
1145,mlkem,fixed,decaps,25059
1146,mlkem,fixed,decaps,25032
1147,mlkem,fixed,decaps,25124
1148,mlkem,fixed,decaps,25188
1149,mlkem,fixed,decaps,25053
1150,mlkem,fixed,decaps,25008
1151,mlkem,fixed,decaps,24971
1152,mlkem,fixed,decaps,25054
1153,mlkem,fixed,decaps,24969
1154,mlkem,fixed,decaps,25197
1155,mlkem,fixed,decaps,25181
1156,mlkem,fixed,decaps,25117
1157,mlkem,fixed,decaps,25118
1158,mlkem,fixed,decaps,25052
1159,mlkem,fixed,decaps,25043
1160,mlkem,fixed,decaps,25000
1161,mlkem,fixed,decaps,25053
1162,mlkem,fixed,decaps,25016
1163,mlkem,fixed,decaps,24995
1164,mlkem,fixed,decaps,25051
1165,mlkem,fixed,decaps,25436
1166,mlkem,fixed,decaps,25020
1167,mlkem,fixed,decaps,24916
1168,mlkem,fixed,decaps,25043
1169,mlkem,fixed,decaps,33274
1170,mlkem,fixed,decaps,25146
1171,mlkem,fixed,decaps,25088
1172,mlkem,fixed,decaps,24999
1173,mlkem,fixed,decaps,25007
1174,mlkem,fixed,decaps,24986
1175,mlkem,fixed,decaps,25001
1176,mlkem,fixed,decaps,24995
1177,mlkem,fixed,decaps,24990
1178,mlkem,fixed,decaps,24958
1179,mlkem,fixed,decaps,25020
1180,mlkem,fixed,decaps,25208
1181,mlkem,fixed,decaps,25027
1182,mlkem,fixed,decaps,25033
1183,mlkem,fixed,decaps,25027
1184,mlkem,fixed,decaps,25185
1185,mlkem,fixed,decaps,25026
1186,mlkem,fixed,decaps,25093
1187,mlkem,fixed,decaps,25426
1188,mlkem,fixed,decaps,25472
1189,mlkem,fixed,decaps,25431
1190,mlkem,fixed,decaps,25957
1191,mlkem,fixed,decaps,25412
1192,mlkem,fixed,decaps,25154
1193,mlkem,fixed,decaps,25164
1194,mlkem,fixed,decaps,25511
1195,mlkem,fixed,decaps,25347
1196,mlkem,fixed,decaps,25141
1197,mlkem,fixed,decaps,38229
1198,mlkem,fixed,decaps,26021
1199,mlkem,fixed,decaps,26025
1200,mlkem,fixed,decaps,26253
1201,mlkem,fixed,decaps,26389
1202,mlkem,fixed,decaps,25906
1203,mlkem,fixed,decaps,25890
1204,mlkem,fixed,decaps,25864
1205,mlkem,fixed,decaps,26021
1206,mlkem,fixed,decaps,29328
1207,mlkem,fixed,decaps,33843
1208,mlkem,fixed,decaps,38900
1209,mlkem,fixed,decaps,26577
1210,mlkem,fixed,decaps,25926
1211,mlkem,fixed,decaps,25789
1212,mlkem,fixed,decaps,25942
1213,mlkem,fixed,decaps,25866
1214,mlkem,fixed,decaps,25897
1215,mlkem,fixed,decaps,25968
1216,mlkem,fixed,decaps,26022
1217,mlkem,fixed,decaps,25800
1218,mlkem,fixed,decaps,25747
1219,mlkem,fixed,decaps,25760
1220,mlkem,fixed,decaps,25777
1221,mlkem,fixed,decaps,25946
1222,mlkem,fixed,decaps,25906
1223,mlkem,fixed,decaps,25902
1224,mlkem,fixed,decaps,25877
1225,mlkem,fixed,decaps,25958
1226,mlkem,fixed,decaps,25840
1227,mlkem,fixed,decaps,25748
1228,mlkem,fixed,decaps,25871
1229,mlkem,fixed,decaps,25873
1230,mlkem,fixed,decaps,25795
1231,mlkem,fixed,decaps,25787
1232,mlkem,fixed,decaps,25993
1233,mlkem,fixed,decaps,25993
1234,mlkem,fixed,decaps,25879
1235,mlkem,fixed,decaps,25681
1236,mlkem,fixed,decaps,25745
1237,mlkem,fixed,decaps,25816
1238,mlkem,fixed,decaps,25914
1239,mlkem,fixed,decaps,25743
1240,mlkem,fixed,decaps,25999
1241,mlkem,fixed,decaps,26147
1242,mlkem,fixed,decaps,25752
1243,mlkem,fixed,decaps,25953
1244,mlkem,fixed,decaps,25924
1245,mlkem,fixed,decaps,25808
1246,mlkem,fixed,decaps,25811
1247,mlkem,fixed,decaps,25837
1248,mlkem,fixed,decaps,25747
1249,mlkem,fixed,decaps,25756
1250,mlkem,fixed,decaps,25776
1251,mlkem,fixed,decaps,25754
1252,mlkem,fixed,decaps,25778
1253,mlkem,fixed,decaps,25773
1254,mlkem,fixed,decaps,25802
1255,mlkem,fixed,decaps,25800
1256,mlkem,fixed,decaps,25804
1257,mlkem,fixed,decaps,25816
1258,mlkem,fixed,decaps,25748
1259,mlkem,fixed,decaps,25803
1260,mlkem,fixed,decaps,25875
1261,mlkem,fixed,decaps,25910
1262,mlkem,fixed,decaps,25735
1263,mlkem,fixed,decaps,25825
1264,mlkem,fixed,decaps,25995
1265,mlkem,fixed,decaps,25848
1266,mlkem,fixed,decaps,26645
1267,mlkem,fixed,decaps,26035
1268,mlkem,fixed,decaps,30661
1269,mlkem,fixed,decaps,27266
1270,mlkem,fixed,decaps,25918
1271,mlkem,fixed,decaps,25788
1272,mlkem,fixed,decaps,25995
1273,mlkem,fixed,decaps,38353
1274,mlkem,fixed,decaps,25101
1275,mlkem,fixed,decaps,25121
1276,mlkem,fixed,decaps,25219
1277,mlkem,fixed,decaps,25012
1278,mlkem,fixed,decaps,25057
1279,mlkem,fixed,decaps,24978
1280,mlkem,fixed,decaps,25024
1281,mlkem,fixed,decaps,25025
1282,mlkem,fixed,decaps,24995
1283,mlkem,fixed,decaps,25054
1284,mlkem,fixed,decaps,25050
1285,mlkem,fixed,decaps,25040
1286,mlkem,fixed,decaps,32051
1287,mlkem,fixed,decaps,25318
1288,mlkem,fixed,decaps,25061
1289,mlkem,fixed,decaps,32934
1290,mlkem,fixed,decaps,27750
1291,mlkem,fixed,decaps,25123
1292,mlkem,fixed,decaps,25007
1293,mlkem,fixed,decaps,25195
1294,mlkem,fixed,decaps,25067
1295,mlkem,fixed,decaps,25063
1296,mlkem,fixed,decaps,25062
1297,mlkem,fixed,decaps,25183
1298,mlkem,fixed,decaps,25061
1299,mlkem,fixed,decaps,24993
1300,mlkem,fixed,decaps,25010
1301,mlkem,fixed,decaps,25073
1302,mlkem,fixed,decaps,25145
1303,mlkem,fixed,decaps,25064
1304,mlkem,fixed,decaps,25148
1305,mlkem,fixed,decaps,25023
1306,mlkem,fixed,decaps,25033
1307,mlkem,fixed,decaps,25052
1308,mlkem,fixed,decaps,25079
1309,mlkem,fixed,decaps,25037
1310,mlkem,fixed,decaps,25003
1311,mlkem,fixed,decaps,24997
1312,mlkem,fixed,decaps,25026
1313,mlkem,fixed,decaps,25025
1314,mlkem,fixed,decaps,24962
1315,mlkem,fixed,decaps,24997
1316,mlkem,fixed,decaps,25048
1317,mlkem,fixed,decaps,25092
1318,mlkem,fixed,decaps,25175
1319,mlkem,fixed,decaps,25203
1320,mlkem,fixed,decaps,32935
1321,mlkem,fixed,decaps,25831
1322,mlkem,fixed,decaps,25397
1323,mlkem,fixed,decaps,25141
1324,mlkem,fixed,decaps,25484
1325,mlkem,fixed,decaps,25451
1326,mlkem,fixed,decaps,25155
1327,mlkem,fixed,decaps,25017
1328,mlkem,fixed,decaps,25094
1329,mlkem,fixed,decaps,25102
1330,mlkem,fixed,decaps,25302
1331,mlkem,fixed,decaps,25018
1332,mlkem,fixed,decaps,24989
1333,mlkem,fixed,decaps,25076
1334,mlkem,fixed,decaps,24981
1335,mlkem,fixed,decaps,25023
1336,mlkem,fixed,decaps,24997
1337,mlkem,fixed,decaps,25113
1338,mlkem,fixed,decaps,25007
1339,mlkem,fixed,decaps,24976
1340,mlkem,fixed,decaps,25117
1341,mlkem,fixed,decaps,25047
1342,mlkem,fixed,decaps,25121
1343,mlkem,fixed,decaps,25028
1344,mlkem,fixed,decaps,25013
1345,mlkem,fixed,decaps,25031
1346,mlkem,fixed,decaps,25085
1347,mlkem,fixed,decaps,25034
1348,mlkem,fixed,decaps,25083
1349,mlkem,fixed,decaps,25032
1350,mlkem,fixed,decaps,24997
1351,mlkem,fixed,decaps,25023
1352,mlkem,fixed,decaps,25159
1353,mlkem,fixed,decaps,25144
1354,mlkem,fixed,decaps,24982
1355,mlkem,fixed,decaps,25023
1356,mlkem,fixed,decaps,25043
1357,mlkem,fixed,decaps,25052
1358,mlkem,fixed,decaps,25123
1359,mlkem,fixed,decaps,25215
1360,mlkem,fixed,decaps,25013
1361,mlkem,fixed,decaps,25180
1362,mlkem,fixed,decaps,25182
1363,mlkem,fixed,decaps,25030
1364,mlkem,fixed,decaps,25191
1365,mlkem,fixed,decaps,25041
1366,mlkem,fixed,decaps,25006
1367,mlkem,fixed,decaps,25043
1368,mlkem,fixed,decaps,25069
1369,mlkem,fixed,decaps,25030
1370,mlkem,fixed,decaps,24999
1371,mlkem,fixed,decaps,25161
1372,mlkem,fixed,decaps,25046
1373,mlkem,fixed,decaps,25033
1374,mlkem,fixed,decaps,24999
1375,mlkem,fixed,decaps,25034
1376,mlkem,fixed,decaps,25357
1377,mlkem,fixed,decaps,24928
1378,mlkem,fixed,decaps,25081
1379,mlkem,fixed,decaps,25086
1380,mlkem,fixed,decaps,25079
1381,mlkem,fixed,decaps,25022
1382,mlkem,fixed,decaps,25016
1383,mlkem,fixed,decaps,25002
1384,mlkem,fixed,decaps,25037
1385,mlkem,fixed,decaps,25014
1386,mlkem,fixed,decaps,24997
1387,mlkem,fixed,decaps,25044
1388,mlkem,fixed,decaps,25014
1389,mlkem,fixed,decaps,58515
1390,mlkem,fixed,decaps,25067
1391,mlkem,fixed,decaps,24969
1392,mlkem,fixed,decaps,25029
1393,mlkem,fixed,decaps,25048
1394,mlkem,fixed,decaps,25029
1395,mlkem,fixed,decaps,25008
1396,mlkem,fixed,decaps,25245
1397,mlkem,fixed,decaps,25091
1398,mlkem,fixed,decaps,25234
1399,mlkem,fixed,decaps,24992
1400,mlkem,fixed,decaps,25244
1401,mlkem,fixed,decaps,25189
1402,mlkem,fixed,decaps,25345
1403,mlkem,fixed,decaps,26000
1404,mlkem,fixed,decaps,25042
1405,mlkem,fixed,decaps,25394
1406,mlkem,fixed,decaps,31320
1407,mlkem,fixed,decaps,24983
1408,mlkem,fixed,decaps,25044
1409,mlkem,fixed,decaps,25025
1410,mlkem,fixed,decaps,25064
1411,mlkem,fixed,decaps,25030
1412,mlkem,fixed,decaps,25252
1413,mlkem,fixed,decaps,25036
1414,mlkem,fixed,decaps,25071
1415,mlkem,fixed,decaps,24996
1416,mlkem,fixed,decaps,25010
1417,mlkem,fixed,decaps,25056
1418,mlkem,fixed,decaps,25092
1419,mlkem,fixed,decaps,25083
1420,mlkem,fixed,decaps,25018
1421,mlkem,fixed,decaps,25014
1422,mlkem,fixed,decaps,24981
1423,mlkem,fixed,decaps,25028
1424,mlkem,fixed,decaps,24966
1425,mlkem,fixed,decaps,25011
1426,mlkem,fixed,decaps,25034
1427,mlkem,fixed,decaps,25005
1428,mlkem,fixed,decaps,25036
1429,mlkem,fixed,decaps,25116
1430,mlkem,fixed,decaps,25188
1431,mlkem,fixed,decaps,25153
1432,mlkem,fixed,decaps,25451
1433,mlkem,fixed,decaps,25671
1434,mlkem,fixed,decaps,25379
1435,mlkem,fixed,decaps,25498
1436,mlkem,fixed,decaps,25556
1437,mlkem,fixed,decaps,25699
1438,mlkem,fixed,decaps,25617
1439,mlkem,fixed,decaps,25260
1440,mlkem,fixed,decaps,25065
1441,mlkem,fixed,decaps,25300
1442,mlkem,fixed,decaps,25868
1443,mlkem,fixed,decaps,25564
1444,mlkem,fixed,decaps,25506
1445,mlkem,fixed,decaps,26666
1446,mlkem,fixed,decaps,25311
1447,mlkem,fixed,decaps,25777
1448,mlkem,fixed,decaps,25602
1449,mlkem,fixed,decaps,31213
1450,mlkem,fixed,decaps,25770
1451,mlkem,fixed,decaps,25092
1452,mlkem,fixed,decaps,25299
1453,mlkem,fixed,decaps,25088
1454,mlkem,fixed,decaps,25482
1455,mlkem,fixed,decaps,25288
1456,mlkem,fixed,decaps,24899
1457,mlkem,fixed,decaps,25223
1458,mlkem,fixed,decaps,25203
1459,mlkem,fixed,decaps,25184
1460,mlkem,fixed,decaps,25007
1461,mlkem,fixed,decaps,25124
1462,mlkem,fixed,decaps,25353
1463,mlkem,fixed,decaps,25251
1464,mlkem,fixed,decaps,25134
1465,mlkem,fixed,decaps,25495
1466,mlkem,fixed,decaps,25061
1467,mlkem,fixed,decaps,25025
1468,mlkem,fixed,decaps,25074
1469,mlkem,fixed,decaps,25177
1470,mlkem,fixed,decaps,25842
1471,mlkem,fixed,decaps,25651
1472,mlkem,fixed,decaps,33943
1473,mlkem,fixed,decaps,34846
1474,mlkem,fixed,decaps,40951
1475,mlkem,fixed,decaps,25890
1476,mlkem,fixed,decaps,25642
1477,mlkem,fixed,decaps,25166
1478,mlkem,fixed,decaps,25056
1479,mlkem,fixed,decaps,25075
1480,mlkem,fixed,decaps,25106
1481,mlkem,fixed,decaps,25014
1482,mlkem,fixed,decaps,25074
1483,mlkem,fixed,decaps,25001
1484,mlkem,fixed,decaps,25076
1485,mlkem,fixed,decaps,25152
1486,mlkem,fixed,decaps,25027
1487,mlkem,fixed,decaps,25499
1488,mlkem,fixed,decaps,25129
1489,mlkem,fixed,decaps,25219
1490,mlkem,fixed,decaps,25038
1491,mlkem,fixed,decaps,25023
1492,mlkem,fixed,decaps,25121
1493,mlkem,fixed,decaps,25017
1494,mlkem,fixed,decaps,25009
1495,mlkem,fixed,decaps,24973
1496,mlkem,fixed,decaps,25068
1497,mlkem,fixed,decaps,24884
1498,mlkem,fixed,decaps,25054
1499,mlkem,fixed,decaps,25090
1500,mlkem,fixed,decaps,25000
1501,mlkem,fixed,decaps,25248
1502,mlkem,fixed,decaps,25047
1503,mlkem,fixed,decaps,25125
1504,mlkem,fixed,decaps,25217
1505,mlkem,fixed,decaps,25432
1506,mlkem,fixed,decaps,25399
1507,mlkem,fixed,decaps,25540
1508,mlkem,fixed,decaps,25850
1509,mlkem,fixed,decaps,25308
1510,mlkem,fixed,decaps,26188
1511,mlkem,fixed,decaps,26054
1512,mlkem,fixed,decaps,25552
1513,mlkem,fixed,decaps,25544
1514,mlkem,fixed,decaps,26259
1515,mlkem,fixed,decaps,25904
1516,mlkem,fixed,decaps,25965
1517,mlkem,fixed,decaps,25211
1518,mlkem,fixed,decaps,26079
1519,mlkem,fixed,decaps,26832
1520,mlkem,fixed,decaps,26204
1521,mlkem,fixed,decaps,26464
1522,mlkem,fixed,decaps,27009
1523,mlkem,fixed,decaps,26772
1524,mlkem,fixed,decaps,25962
1525,mlkem,fixed,decaps,26535
1526,mlkem,fixed,decaps,26503
1527,mlkem,fixed,decaps,26945
1528,mlkem,fixed,decaps,27361
1529,mlkem,fixed,decaps,27939
1530,mlkem,fixed,decaps,27568
1531,mlkem,fixed,decaps,26745
1532,mlkem,fixed,decaps,28227
1533,mlkem,fixed,decaps,32569
1534,mlkem,fixed,decaps,29640
1535,mlkem,fixed,decaps,27403
1536,mlkem,fixed,decaps,29036
1537,mlkem,fixed,decaps,30883
1538,mlkem,fixed,decaps,34078
1539,mlkem,fixed,decaps,47723
1540,mlkem,fixed,decaps,40226
1541,mlkem,fixed,decaps,30358
1542,mlkem,fixed,decaps,35535
1543,mlkem,fixed,decaps,26853
1544,mlkem,fixed,decaps,26592
1545,mlkem,fixed,decaps,26119
1546,mlkem,fixed,decaps,25745
1547,mlkem,fixed,decaps,26266
1548,mlkem,fixed,decaps,26294
1549,mlkem,fixed,decaps,26744
1550,mlkem,fixed,decaps,25837
1551,mlkem,fixed,decaps,26438
1552,mlkem,fixed,decaps,26413
1553,mlkem,fixed,decaps,25862
1554,mlkem,fixed,decaps,25188
1555,mlkem,fixed,decaps,25370
1556,mlkem,fixed,decaps,25450
1557,mlkem,fixed,decaps,25493
1558,mlkem,fixed,decaps,25931
1559,mlkem,fixed,decaps,26230
1560,mlkem,fixed,decaps,26122
1561,mlkem,fixed,decaps,25628
1562,mlkem,fixed,decaps,25901
1563,mlkem,fixed,decaps,26326
1564,mlkem,fixed,decaps,26238
1565,mlkem,fixed,decaps,26019
1566,mlkem,fixed,decaps,26909
1567,mlkem,fixed,decaps,26730
1568,mlkem,fixed,decaps,26442
1569,mlkem,fixed,decaps,26276
1570,mlkem,fixed,decaps,26671
1571,mlkem,fixed,decaps,27025
1572,mlkem,fixed,decaps,26863
1573,mlkem,fixed,decaps,26687
1574,mlkem,fixed,decaps,26628
1575,mlkem,fixed,decaps,27790
1576,mlkem,fixed,decaps,34771
1577,mlkem,fixed,decaps,31728
1578,mlkem,fixed,decaps,37986
1579,mlkem,fixed,decaps,33729
1580,mlkem,fixed,decaps,34864
1581,mlkem,fixed,decaps,25962
1582,mlkem,fixed,decaps,25907
1583,mlkem,fixed,decaps,25692
1584,mlkem,fixed,decaps,26676
1585,mlkem,fixed,decaps,25945
1586,mlkem,fixed,decaps,47678
1587,mlkem,fixed,decaps,27391
1588,mlkem,fixed,decaps,43835
1589,mlkem,fixed,decaps,25433
1590,mlkem,fixed,decaps,25234
1591,mlkem,fixed,decaps,25044
1592,mlkem,fixed,decaps,25433
1593,mlkem,fixed,decaps,25136
1594,mlkem,fixed,decaps,25271
1595,mlkem,fixed,decaps,25723
1596,mlkem,fixed,decaps,47680
1597,mlkem,fixed,decaps,44313
1598,mlkem,fixed,decaps,26350
1599,mlkem,fixed,decaps,56374
1600,mlkem,fixed,decaps,36214
1601,mlkem,fixed,decaps,77673
1602,mlkem,fixed,decaps,40534
1603,mlkem,fixed,decaps,38694
1604,mlkem,fixed,decaps,27635
1605,mlkem,fixed,decaps,43346
1606,mlkem,fixed,decaps,26215
1607,mlkem,fixed,decaps,25495
1608,mlkem,fixed,decaps,25030
1609,mlkem,fixed,decaps,25430
1610,mlkem,fixed,decaps,57265
1611,mlkem,fixed,decaps,56013
1612,mlkem,fixed,decaps,42809
1613,mlkem,fixed,decaps,25319
1614,mlkem,fixed,decaps,25437
1615,mlkem,fixed,decaps,25124
1616,mlkem,fixed,decaps,25446
1617,mlkem,fixed,decaps,25329
1618,mlkem,fixed,decaps,25122
1619,mlkem,fixed,decaps,25052
1620,mlkem,fixed,decaps,25172
1621,mlkem,fixed,decaps,25480
1622,mlkem,fixed,decaps,25332
1623,mlkem,fixed,decaps,25056
1624,mlkem,fixed,decaps,25045
1625,mlkem,fixed,decaps,25021
1626,mlkem,fixed,decaps,25028
1627,mlkem,fixed,decaps,25054
1628,mlkem,fixed,decaps,25040
1629,mlkem,fixed,decaps,25060
1630,mlkem,fixed,decaps,25109
1631,mlkem,fixed,decaps,25169
1632,mlkem,fixed,decaps,25143
1633,mlkem,fixed,decaps,25191
1634,mlkem,fixed,decaps,25265
1635,mlkem,fixed,decaps,25080
1636,mlkem,fixed,decaps,25019
1637,mlkem,fixed,decaps,25107
1638,mlkem,fixed,decaps,25352
1639,mlkem,fixed,decaps,25115
1640,mlkem,fixed,decaps,25082
1641,mlkem,fixed,decaps,25144
1642,mlkem,fixed,decaps,28335
1643,mlkem,fixed,decaps,30959
1644,mlkem,fixed,decaps,31910
1645,mlkem,fixed,decaps,33007
1646,mlkem,fixed,decaps,35811
1647,mlkem,fixed,decaps,38392
1648,mlkem,fixed,decaps,36285
1649,mlkem,fixed,decaps,91342
1650,mlkem,fixed,decaps,34374
1651,mlkem,fixed,decaps,25295
1652,mlkem,fixed,decaps,25141
1653,mlkem,fixed,decaps,25347
1654,mlkem,fixed,decaps,25299
1655,mlkem,fixed,decaps,25133
1656,mlkem,fixed,decaps,25050
1657,mlkem,fixed,decaps,25125
1658,mlkem,fixed,decaps,25157
1659,mlkem,fixed,decaps,28069
1660,mlkem,fixed,decaps,32924
1661,mlkem,fixed,decaps,34783
1662,mlkem,fixed,decaps,31709
1663,mlkem,fixed,decaps,25388
1664,mlkem,fixed,decaps,25122
1665,mlkem,fixed,decaps,25143
1666,mlkem,fixed,decaps,25057
1667,mlkem,fixed,decaps,25055
1668,mlkem,fixed,decaps,25074
1669,mlkem,fixed,decaps,25060
1670,mlkem,fixed,decaps,24989
1671,mlkem,fixed,decaps,34420
1672,mlkem,fixed,decaps,35289
1673,mlkem,fixed,decaps,25844
1674,mlkem,fixed,decaps,25045
1675,mlkem,fixed,decaps,25098
1676,mlkem,fixed,decaps,34879
1677,mlkem,fixed,decaps,29836
1678,mlkem,fixed,decaps,27348
1679,mlkem,fixed,decaps,28245
1680,mlkem,fixed,decaps,25137
1681,mlkem,fixed,decaps,25046
1682,mlkem,fixed,decaps,25092
1683,mlkem,fixed,decaps,25176
1684,mlkem,fixed,decaps,25043
1685,mlkem,fixed,decaps,25019
1686,mlkem,fixed,decaps,24973
1687,mlkem,fixed,decaps,25084
1688,mlkem,fixed,decaps,25037
1689,mlkem,fixed,decaps,25075
1690,mlkem,fixed,decaps,25050
1691,mlkem,fixed,decaps,25086
1692,mlkem,fixed,decaps,25107
1693,mlkem,fixed,decaps,25063
1694,mlkem,fixed,decaps,25051
1695,mlkem,fixed,decaps,25050
1696,mlkem,fixed,decaps,25058
1697,mlkem,fixed,decaps,25189
1698,mlkem,fixed,decaps,25060
1699,mlkem,fixed,decaps,25076
1700,mlkem,fixed,decaps,25112
1701,mlkem,fixed,decaps,25014
1702,mlkem,fixed,decaps,25044
1703,mlkem,fixed,decaps,25107
1704,mlkem,fixed,decaps,25065
1705,mlkem,fixed,decaps,25126
1706,mlkem,fixed,decaps,25037
1707,mlkem,fixed,decaps,25106
1708,mlkem,fixed,decaps,25062
1709,mlkem,fixed,decaps,25048
1710,mlkem,fixed,decaps,25028
1711,mlkem,fixed,decaps,25089
1712,mlkem,fixed,decaps,25048
1713,mlkem,fixed,decaps,25078
1714,mlkem,fixed,decaps,25047
1715,mlkem,fixed,decaps,25056
1716,mlkem,fixed,decaps,25078
1717,mlkem,fixed,decaps,25074
1718,mlkem,fixed,decaps,24997
1719,mlkem,fixed,decaps,25072
1720,mlkem,fixed,decaps,25115
1721,mlkem,fixed,decaps,25123
1722,mlkem,fixed,decaps,25088
1723,mlkem,fixed,decaps,25061
1724,mlkem,fixed,decaps,25092
1725,mlkem,fixed,decaps,25168
1726,mlkem,fixed,decaps,25142
1727,mlkem,fixed,decaps,25114
1728,mlkem,fixed,decaps,25059
1729,mlkem,fixed,decaps,25022
1730,mlkem,fixed,decaps,25079
1731,mlkem,fixed,decaps,25039
1732,mlkem,fixed,decaps,25081
1733,mlkem,fixed,decaps,25028
1734,mlkem,fixed,decaps,25041
1735,mlkem,fixed,decaps,25097
1736,mlkem,fixed,decaps,25049
1737,mlkem,fixed,decaps,24993
1738,mlkem,fixed,decaps,25034
1739,mlkem,fixed,decaps,25095
1740,mlkem,fixed,decaps,25045
1741,mlkem,fixed,decaps,25032
1742,mlkem,fixed,decaps,25036
1743,mlkem,fixed,decaps,25042
1744,mlkem,fixed,decaps,25028
1745,mlkem,fixed,decaps,25083
1746,mlkem,fixed,decaps,25107
1747,mlkem,fixed,decaps,25049
1748,mlkem,fixed,decaps,25070
1749,mlkem,fixed,decaps,25105
1750,mlkem,fixed,decaps,25176
1751,mlkem,fixed,decaps,25068
1752,mlkem,fixed,decaps,25024
1753,mlkem,fixed,decaps,25091
1754,mlkem,fixed,decaps,25055
1755,mlkem,fixed,decaps,25091
1756,mlkem,fixed,decaps,25042
1757,mlkem,fixed,decaps,35284
1758,mlkem,fixed,decaps,25605
1759,mlkem,fixed,decaps,25025
1760,mlkem,fixed,decaps,25097
1761,mlkem,fixed,decaps,25123
1762,mlkem,fixed,decaps,25067
1763,mlkem,fixed,decaps,25072
1764,mlkem,fixed,decaps,25141
1765,mlkem,fixed,decaps,25081
1766,mlkem,fixed,decaps,25067
1767,mlkem,fixed,decaps,25012
1768,mlkem,fixed,decaps,25056
1769,mlkem,fixed,decaps,25053
1770,mlkem,fixed,decaps,25012
1771,mlkem,fixed,decaps,25059
1772,mlkem,fixed,decaps,25071
1773,mlkem,fixed,decaps,25041
1774,mlkem,fixed,decaps,25167
1775,mlkem,fixed,decaps,25063
1776,mlkem,fixed,decaps,25083
1777,mlkem,fixed,decaps,25026
1778,mlkem,fixed,decaps,25024
1779,mlkem,fixed,decaps,25088
1780,mlkem,fixed,decaps,25081
1781,mlkem,fixed,decaps,25003
1782,mlkem,fixed,decaps,25055
1783,mlkem,fixed,decaps,25062
1784,mlkem,fixed,decaps,25044
1785,mlkem,fixed,decaps,25012
1786,mlkem,fixed,decaps,25063
1787,mlkem,fixed,decaps,25071
1788,mlkem,fixed,decaps,24937
1789,mlkem,fixed,decaps,24981
1790,mlkem,fixed,decaps,25056
1791,mlkem,fixed,decaps,25067
1792,mlkem,fixed,decaps,25038
1793,mlkem,fixed,decaps,25085
1794,mlkem,fixed,decaps,25152
1795,mlkem,fixed,decaps,25266
1796,mlkem,fixed,decaps,24999
1797,mlkem,fixed,decaps,25095
1798,mlkem,fixed,decaps,25072
1799,mlkem,fixed,decaps,25085
1800,mlkem,fixed,decaps,25037
1801,mlkem,fixed,decaps,25083
1802,mlkem,fixed,decaps,25079
1803,mlkem,fixed,decaps,24976
1804,mlkem,fixed,decaps,25053
1805,mlkem,fixed,decaps,25027
1806,mlkem,fixed,decaps,25133
1807,mlkem,fixed,decaps,25118
1808,mlkem,fixed,decaps,25212
1809,mlkem,fixed,decaps,25245
1810,mlkem,fixed,decaps,25260
1811,mlkem,fixed,decaps,25041
1812,mlkem,fixed,decaps,35573
1813,mlkem,fixed,decaps,25597
1814,mlkem,fixed,decaps,29440
1815,mlkem,fixed,decaps,25352
1816,mlkem,fixed,decaps,25078
1817,mlkem,fixed,decaps,25064
1818,mlkem,fixed,decaps,25090
1819,mlkem,fixed,decaps,25090
1820,mlkem,fixed,decaps,25008
1821,mlkem,fixed,decaps,25099
1822,mlkem,fixed,decaps,25091
1823,mlkem,fixed,decaps,25058
1824,mlkem,fixed,decaps,25088
1825,mlkem,fixed,decaps,38370
1826,mlkem,fixed,decaps,25784
1827,mlkem,fixed,decaps,25881
1828,mlkem,fixed,decaps,25865
1829,mlkem,fixed,decaps,26154
1830,mlkem,fixed,decaps,25843
1831,mlkem,fixed,decaps,25764
1832,mlkem,fixed,decaps,25795
1833,mlkem,fixed,decaps,25795
1834,mlkem,fixed,decaps,25754
1835,mlkem,fixed,decaps,25813
1836,mlkem,fixed,decaps,25761
1837,mlkem,fixed,decaps,25800
1838,mlkem,fixed,decaps,25739
1839,mlkem,fixed,decaps,25744
1840,mlkem,fixed,decaps,25813
1841,mlkem,fixed,decaps,25777
1842,mlkem,fixed,decaps,25740
1843,mlkem,fixed,decaps,25737
1844,mlkem,fixed,decaps,25711
1845,mlkem,fixed,decaps,25861
1846,mlkem,fixed,decaps,25818
1847,mlkem,fixed,decaps,25743
1848,mlkem,fixed,decaps,25759
1849,mlkem,fixed,decaps,25788
1850,mlkem,fixed,decaps,25762
1851,mlkem,fixed,decaps,25791
1852,mlkem,fixed,decaps,25732
1853,mlkem,fixed,decaps,25805
1854,mlkem,fixed,decaps,25705
1855,mlkem,fixed,decaps,25788
1856,mlkem,fixed,decaps,25832
1857,mlkem,fixed,decaps,25747
1858,mlkem,fixed,decaps,25783
1859,mlkem,fixed,decaps,25780
1860,mlkem,fixed,decaps,25762
1861,mlkem,fixed,decaps,25770
1862,mlkem,fixed,decaps,25806
1863,mlkem,fixed,decaps,25809
1864,mlkem,fixed,decaps,25744
1865,mlkem,fixed,decaps,25791
1866,mlkem,fixed,decaps,25740
1867,mlkem,fixed,decaps,25785
1868,mlkem,fixed,decaps,25818
1869,mlkem,fixed,decaps,25772
1870,mlkem,fixed,decaps,25778
1871,mlkem,fixed,decaps,25748
1872,mlkem,fixed,decaps,25780
1873,mlkem,fixed,decaps,25793
1874,mlkem,fixed,decaps,25751
1875,mlkem,fixed,decaps,25812
1876,mlkem,fixed,decaps,25783
1877,mlkem,fixed,decaps,25751
1878,mlkem,fixed,decaps,25723
1879,mlkem,fixed,decaps,25785
1880,mlkem,fixed,decaps,25811
1881,mlkem,fixed,decaps,25749
1882,mlkem,fixed,decaps,25775
1883,mlkem,fixed,decaps,25829
1884,mlkem,fixed,decaps,25791
1885,mlkem,fixed,decaps,25743
1886,mlkem,fixed,decaps,25786
1887,mlkem,fixed,decaps,25808
1888,mlkem,fixed,decaps,25826
1889,mlkem,fixed,decaps,25780
1890,mlkem,fixed,decaps,25745
1891,mlkem,fixed,decaps,25770
1892,mlkem,fixed,decaps,25780
1893,mlkem,fixed,decaps,25821
1894,mlkem,fixed,decaps,25772
1895,mlkem,fixed,decaps,25786
1896,mlkem,fixed,decaps,25787
1897,mlkem,fixed,decaps,25827
1898,mlkem,fixed,decaps,25794
1899,mlkem,fixed,decaps,25770
1900,mlkem,fixed,decaps,25798
1901,mlkem,fixed,decaps,25765
1902,mlkem,fixed,decaps,25776
1903,mlkem,fixed,decaps,25719
1904,mlkem,fixed,decaps,25788
1905,mlkem,fixed,decaps,25811
1906,mlkem,fixed,decaps,25790
1907,mlkem,fixed,decaps,25938
1908,mlkem,fixed,decaps,25738
1909,mlkem,fixed,decaps,25928
1910,mlkem,fixed,decaps,25800
1911,mlkem,fixed,decaps,34200
1912,mlkem,fixed,decaps,26532
1913,mlkem,fixed,decaps,26009
1914,mlkem,fixed,decaps,25827
1915,mlkem,fixed,decaps,25850
1916,mlkem,fixed,decaps,25815
1917,mlkem,fixed,decaps,25780
1918,mlkem,fixed,decaps,25839
1919,mlkem,fixed,decaps,25763
1920,mlkem,fixed,decaps,25847
1921,mlkem,fixed,decaps,25811
1922,mlkem,fixed,decaps,26082
1923,mlkem,fixed,decaps,25763
1924,mlkem,fixed,decaps,25670
1925,mlkem,fixed,decaps,25767
1926,mlkem,fixed,decaps,25851
1927,mlkem,fixed,decaps,25830
1928,mlkem,fixed,decaps,25847
1929,mlkem,fixed,decaps,25784
1930,mlkem,fixed,decaps,25770
1931,mlkem,fixed,decaps,25779
1932,mlkem,fixed,decaps,32119
1933,mlkem,fixed,decaps,32163
1934,mlkem,fixed,decaps,35313
1935,mlkem,fixed,decaps,37663
1936,mlkem,fixed,decaps,39388
1937,mlkem,fixed,decaps,36344
1938,mlkem,fixed,decaps,32856
1939,mlkem,fixed,decaps,26047
1940,mlkem,fixed,decaps,25802
1941,mlkem,fixed,decaps,25814
1942,mlkem,fixed,decaps,25699
1943,mlkem,fixed,decaps,25882
1944,mlkem,fixed,decaps,25850
1945,mlkem,fixed,decaps,25809
1946,mlkem,fixed,decaps,25954
1947,mlkem,fixed,decaps,25771
1948,mlkem,fixed,decaps,25845
1949,mlkem,fixed,decaps,38820
1950,mlkem,fixed,decaps,30529
1951,mlkem,fixed,decaps,32053
1952,mlkem,fixed,decaps,28987
1953,mlkem,fixed,decaps,29194
1954,mlkem,fixed,decaps,28973
1955,mlkem,fixed,decaps,34171
1956,mlkem,fixed,decaps,26704
1957,mlkem,fixed,decaps,26240
1958,mlkem,fixed,decaps,33856
1959,mlkem,fixed,decaps,31748
1960,mlkem,fixed,decaps,25962
1961,mlkem,fixed,decaps,25855
1962,mlkem,fixed,decaps,32073
1963,mlkem,fixed,decaps,33652
1964,mlkem,fixed,decaps,26509
1965,mlkem,fixed,decaps,26297
1966,mlkem,fixed,decaps,27669
1967,mlkem,fixed,decaps,36736
1968,mlkem,fixed,decaps,33568
1969,mlkem,fixed,decaps,33228
1970,mlkem,fixed,decaps,35511
1971,mlkem,fixed,decaps,74147
1972,mlkem,fixed,decaps,53673
1973,mlkem,fixed,decaps,68052
1974,mlkem,fixed,decaps,53469
1975,mlkem,fixed,decaps,29049
1976,mlkem,fixed,decaps,28056
1977,mlkem,fixed,decaps,28137
1978,mlkem,fixed,decaps,27940
1979,mlkem,fixed,decaps,28109
1980,mlkem,fixed,decaps,28163
1981,mlkem,fixed,decaps,28069
1982,mlkem,fixed,decaps,28008
1983,mlkem,fixed,decaps,28084
1984,mlkem,fixed,decaps,28433
1985,mlkem,fixed,decaps,28160
1986,mlkem,fixed,decaps,28143
1987,mlkem,fixed,decaps,28195
1988,mlkem,fixed,decaps,28658
1989,mlkem,fixed,decaps,28529
1990,mlkem,fixed,decaps,28289
1991,mlkem,fixed,decaps,28346
1992,mlkem,fixed,decaps,28511
1993,mlkem,fixed,decaps,28165
1994,mlkem,fixed,decaps,48596
1995,mlkem,fixed,decaps,46274
1996,mlkem,fixed,decaps,28744
1997,mlkem,fixed,decaps,28238
1998,mlkem,fixed,decaps,28222
1999,mlkem,fixed,decaps,28223
2000,mlkem,fixed,decaps,28557
2001,mlkem,fixed,decaps,28385
2002,mlkem,fixed,decaps,28325
2003,mlkem,fixed,decaps,28121
2004,mlkem,fixed,decaps,28206
2005,mlkem,fixed,decaps,28053
2006,mlkem,fixed,decaps,28270
2007,mlkem,fixed,decaps,28248
2008,mlkem,fixed,decaps,28250
2009,mlkem,fixed,decaps,28075
2010,mlkem,fixed,decaps,28043
2011,mlkem,fixed,decaps,27977
2012,mlkem,fixed,decaps,28077
2013,mlkem,fixed,decaps,27888
2014,mlkem,fixed,decaps,28295
2015,mlkem,fixed,decaps,28428
2016,mlkem,fixed,decaps,28376
2017,mlkem,fixed,decaps,28378
2018,mlkem,fixed,decaps,27919
2019,mlkem,fixed,decaps,28167
2020,mlkem,fixed,decaps,28260
2021,mlkem,fixed,decaps,28295
2022,mlkem,fixed,decaps,28446
2023,mlkem,fixed,decaps,28101
2024,mlkem,fixed,decaps,28465
2025,mlkem,fixed,decaps,28291
2026,mlkem,fixed,decaps,28164
2027,mlkem,fixed,decaps,28048
2028,mlkem,fixed,decaps,28047
2029,mlkem,fixed,decaps,28172
2030,mlkem,fixed,decaps,28452
2031,mlkem,fixed,decaps,28507
2032,mlkem,fixed,decaps,28074
2033,mlkem,fixed,decaps,28143
2034,mlkem,fixed,decaps,42108
2035,mlkem,fixed,decaps,28996
2036,mlkem,fixed,decaps,28969
2037,mlkem,fixed,decaps,28922
2038,mlkem,fixed,decaps,28987
2039,mlkem,fixed,decaps,29154
2040,mlkem,fixed,decaps,29235
2041,mlkem,fixed,decaps,42817
2042,mlkem,fixed,decaps,26885
2043,mlkem,fixed,decaps,25772
2044,mlkem,fixed,decaps,25708
2045,mlkem,fixed,decaps,25852
2046,mlkem,fixed,decaps,25720
2047,mlkem,fixed,decaps,25764
2048,mlkem,fixed,decaps,25774
2049,mlkem,fixed,decaps,25751
2050,mlkem,fixed,decaps,25730
2051,mlkem,fixed,decaps,25853
2052,mlkem,fixed,decaps,25785
2053,mlkem,fixed,decaps,25780
2054,mlkem,fixed,decaps,25816
2055,mlkem,fixed,decaps,25767
2056,mlkem,fixed,decaps,25868
2057,mlkem,fixed,decaps,25729
2058,mlkem,fixed,decaps,25843
2059,mlkem,fixed,decaps,26014
2060,mlkem,fixed,decaps,26132
2061,mlkem,fixed,decaps,26378
2062,mlkem,fixed,decaps,36011
2063,mlkem,fixed,decaps,35447
2064,mlkem,fixed,decaps,34537
2065,mlkem,fixed,decaps,26209
2066,mlkem,fixed,decaps,25756
2067,mlkem,fixed,decaps,25715
2068,mlkem,fixed,decaps,38186
2069,mlkem,fixed,decaps,25080
2070,mlkem,fixed,decaps,25149
2071,mlkem,fixed,decaps,25104
2072,mlkem,fixed,decaps,25032
2073,mlkem,fixed,decaps,25038
2074,mlkem,fixed,decaps,25018
2075,mlkem,fixed,decaps,25025
2076,mlkem,fixed,decaps,24987
2077,mlkem,fixed,decaps,25053
2078,mlkem,fixed,decaps,25006
2079,mlkem,fixed,decaps,25102
2080,mlkem,fixed,decaps,24982
2081,mlkem,fixed,decaps,25048
2082,mlkem,fixed,decaps,25031
2083,mlkem,fixed,decaps,25087
2084,mlkem,fixed,decaps,25170
2085,mlkem,fixed,decaps,36416
2086,mlkem,fixed,decaps,27647
2087,mlkem,fixed,decaps,28209
2088,mlkem,fixed,decaps,27059
2089,mlkem,fixed,decaps,25152
2090,mlkem,fixed,decaps,25064
2091,mlkem,fixed,decaps,25063
2092,mlkem,fixed,decaps,25061
2093,mlkem,fixed,decaps,25088
2094,mlkem,fixed,decaps,25046
2095,mlkem,fixed,decaps,25094
2096,mlkem,fixed,decaps,25096
2097,mlkem,fixed,decaps,25198
2098,mlkem,fixed,decaps,25369
2099,mlkem,fixed,decaps,25590
2100,mlkem,fixed,decaps,25399
2101,mlkem,fixed,decaps,25836
2102,mlkem,fixed,decaps,25672
2103,mlkem,fixed,decaps,25778
2104,mlkem,fixed,decaps,25662
2105,mlkem,fixed,decaps,26116
2106,mlkem,fixed,decaps,26270
2107,mlkem,fixed,decaps,26185
2108,mlkem,fixed,decaps,25703
2109,mlkem,fixed,decaps,26811
2110,mlkem,fixed,decaps,25669
2111,mlkem,fixed,decaps,25600
2112,mlkem,fixed,decaps,25696
2113,mlkem,fixed,decaps,25832
2114,mlkem,fixed,decaps,27495
2115,mlkem,fixed,decaps,27524
2116,mlkem,fixed,decaps,27678
2117,mlkem,fixed,decaps,28013
2118,mlkem,fixed,decaps,29082
2119,mlkem,fixed,decaps,28589
2120,mlkem,fixed,decaps,28305
2121,mlkem,fixed,decaps,28981
2122,mlkem,fixed,decaps,29015
2123,mlkem,fixed,decaps,27242
2124,mlkem,fixed,decaps,27951
2125,mlkem,fixed,decaps,27618
2126,mlkem,fixed,decaps,27770
2127,mlkem,fixed,decaps,27946
2128,mlkem,fixed,decaps,29778
2129,mlkem,fixed,decaps,29065
2130,mlkem,fixed,decaps,27608
2131,mlkem,fixed,decaps,26806
2132,mlkem,fixed,decaps,26755
2133,mlkem,fixed,decaps,26615
2134,mlkem,fixed,decaps,27499
2135,mlkem,fixed,decaps,27025
2136,mlkem,fixed,decaps,25924
2137,mlkem,fixed,decaps,27554
2138,mlkem,fixed,decaps,26753
2139,mlkem,fixed,decaps,26072
2140,mlkem,fixed,decaps,26654
2141,mlkem,fixed,decaps,26341
2142,mlkem,fixed,decaps,27429
2143,mlkem,fixed,decaps,28326
2144,mlkem,fixed,decaps,27074
2145,mlkem,fixed,decaps,26671
2146,mlkem,fixed,decaps,27719
2147,mlkem,fixed,decaps,27518
2148,mlkem,fixed,decaps,26792
2149,mlkem,fixed,decaps,26597
2150,mlkem,fixed,decaps,26913
2151,mlkem,fixed,decaps,26942
2152,mlkem,fixed,decaps,25930
2153,mlkem,fixed,decaps,28014
2154,mlkem,fixed,decaps,35734
2155,mlkem,fixed,decaps,34135
2156,mlkem,fixed,decaps,38476
2157,mlkem,fixed,decaps,35485
2158,mlkem,fixed,decaps,27779
2159,mlkem,fixed,decaps,25420
2160,mlkem,fixed,decaps,25322
2161,mlkem,fixed,decaps,25883
2162,mlkem,fixed,decaps,25774
2163,mlkem,fixed,decaps,42914
2164,mlkem,fixed,decaps,26779
2165,mlkem,fixed,decaps,42487
2166,mlkem,fixed,decaps,26295
2167,mlkem,fixed,decaps,25640
2168,mlkem,fixed,decaps,26010
2169,mlkem,fixed,decaps,25470
2170,mlkem,fixed,decaps,25215
2171,mlkem,fixed,decaps,25295
2172,mlkem,fixed,decaps,46348
2173,mlkem,fixed,decaps,42780
2174,mlkem,fixed,decaps,29502
2175,mlkem,fixed,decaps,35610
2176,mlkem,fixed,decaps,39260
2177,mlkem,fixed,decaps,32184
2178,mlkem,fixed,decaps,49182
2179,mlkem,fixed,decaps,29265
2180,mlkem,fixed,decaps,29669
2181,mlkem,fixed,decaps,29470
2182,mlkem,fixed,decaps,42516
2183,mlkem,fixed,decaps,42973
2184,mlkem,fixed,decaps,25646
2185,mlkem,fixed,decaps,25733
2186,mlkem,fixed,decaps,25621
2187,mlkem,fixed,decaps,25765
2188,mlkem,fixed,decaps,25955
2189,mlkem,fixed,decaps,25807
2190,mlkem,fixed,decaps,25402
2191,mlkem,fixed,decaps,25571
2192,mlkem,fixed,decaps,25476
2193,mlkem,fixed,decaps,25133
2194,mlkem,fixed,decaps,25322
2195,mlkem,fixed,decaps,25176
2196,mlkem,fixed,decaps,26119
2197,mlkem,fixed,decaps,26574
2198,mlkem,fixed,decaps,26265
2199,mlkem,fixed,decaps,26749
2200,mlkem,fixed,decaps,25998
2201,mlkem,fixed,decaps,25309
2202,mlkem,fixed,decaps,25397
2203,mlkem,fixed,decaps,25243
2204,mlkem,fixed,decaps,25849
2205,mlkem,fixed,decaps,25917
2206,mlkem,fixed,decaps,25109
2207,mlkem,fixed,decaps,25142
2208,mlkem,fixed,decaps,25545
2209,mlkem,fixed,decaps,26135
2210,mlkem,fixed,decaps,25636
2211,mlkem,fixed,decaps,25432
2212,mlkem,fixed,decaps,25650
2213,mlkem,fixed,decaps,25841
2214,mlkem,fixed,decaps,25520
2215,mlkem,fixed,decaps,25509
2216,mlkem,fixed,decaps,25449
2217,mlkem,fixed,decaps,25333
2218,mlkem,fixed,decaps,25815
2219,mlkem,fixed,decaps,26386
2220,mlkem,fixed,decaps,25221
2221,mlkem,fixed,decaps,25239
2222,mlkem,fixed,decaps,38073
2223,mlkem,fixed,decaps,30771
2224,mlkem,fixed,decaps,30536
2225,mlkem,fixed,decaps,26012
2226,mlkem,fixed,decaps,25099
2227,mlkem,fixed,decaps,25076
2228,mlkem,fixed,decaps,25020
2229,mlkem,fixed,decaps,25044
2230,mlkem,fixed,decaps,25078
2231,mlkem,fixed,decaps,24991
2232,mlkem,fixed,decaps,25153
2233,mlkem,fixed,decaps,25119
2234,mlkem,fixed,decaps,25154
2235,mlkem,fixed,decaps,25016
2236,mlkem,fixed,decaps,25114
2237,mlkem,fixed,decaps,25109
2238,mlkem,fixed,decaps,25038
2239,mlkem,fixed,decaps,25215
2240,mlkem,fixed,decaps,25113
2241,mlkem,fixed,decaps,25037
2242,mlkem,fixed,decaps,25059
2243,mlkem,fixed,decaps,24978
2244,mlkem,fixed,decaps,25047
2245,mlkem,fixed,decaps,25071
2246,mlkem,fixed,decaps,25115
2247,mlkem,fixed,decaps,25138
2248,mlkem,fixed,decaps,25061
2249,mlkem,fixed,decaps,25205
2250,mlkem,fixed,decaps,25079
2251,mlkem,fixed,decaps,25048
2252,mlkem,fixed,decaps,25195
2253,mlkem,fixed,decaps,25104
2254,mlkem,fixed,decaps,25160
2255,mlkem,fixed,decaps,25012
2256,mlkem,fixed,decaps,25049
2257,mlkem,fixed,decaps,25087
2258,mlkem,fixed,decaps,25116
2259,mlkem,fixed,decaps,25136
2260,mlkem,fixed,decaps,25076
2261,mlkem,fixed,decaps,25092
2262,mlkem,fixed,decaps,25047
2263,mlkem,fixed,decaps,25078
2264,mlkem,fixed,decaps,25128
2265,mlkem,fixed,decaps,25080
2266,mlkem,fixed,decaps,25292
2267,mlkem,fixed,decaps,25060
2268,mlkem,fixed,decaps,25207
2269,mlkem,fixed,decaps,25148
2270,mlkem,fixed,decaps,25073
2271,mlkem,fixed,decaps,25046
2272,mlkem,fixed,decaps,25004
2273,mlkem,fixed,decaps,25012
2274,mlkem,fixed,decaps,25293
2275,mlkem,fixed,decaps,25136
2276,mlkem,fixed,decaps,25028
2277,mlkem,fixed,decaps,24976
2278,mlkem,fixed,decaps,25143
2279,mlkem,fixed,decaps,25113
2280,mlkem,fixed,decaps,25078
2281,mlkem,fixed,decaps,24992
2282,mlkem,fixed,decaps,25074
2283,mlkem,fixed,decaps,25051
2284,mlkem,fixed,decaps,25218
2285,mlkem,fixed,decaps,25005
2286,mlkem,fixed,decaps,38762
2287,mlkem,fixed,decaps,25926
2288,mlkem,fixed,decaps,25792
2289,mlkem,fixed,decaps,25739
2290,mlkem,fixed,decaps,25782
2291,mlkem,fixed,decaps,25825
2292,mlkem,fixed,decaps,25951
2293,mlkem,fixed,decaps,26261
2294,mlkem,fixed,decaps,25881
2295,mlkem,fixed,decaps,25769
2296,mlkem,fixed,decaps,25843
2297,mlkem,fixed,decaps,25901
2298,mlkem,fixed,decaps,25736
2299,mlkem,fixed,decaps,25883
2300,mlkem,fixed,decaps,25804
2301,mlkem,fixed,decaps,25794
2302,mlkem,fixed,decaps,25804
2303,mlkem,fixed,decaps,25828
2304,mlkem,fixed,decaps,25815
2305,mlkem,fixed,decaps,25758
2306,mlkem,fixed,decaps,25841
2307,mlkem,fixed,decaps,25838
2308,mlkem,fixed,decaps,32429
2309,mlkem,fixed,decaps,34242
2310,mlkem,fixed,decaps,26199
2311,mlkem,fixed,decaps,34939
2312,mlkem,fixed,decaps,26370
2313,mlkem,fixed,decaps,25803
2314,mlkem,fixed,decaps,25859
2315,mlkem,fixed,decaps,25814
2316,mlkem,fixed,decaps,25752
2317,mlkem,fixed,decaps,25761
2318,mlkem,fixed,decaps,25776
2319,mlkem,fixed,decaps,25779
2320,mlkem,fixed,decaps,25753
2321,mlkem,fixed,decaps,25718
2322,mlkem,fixed,decaps,25795
2323,mlkem,fixed,decaps,25725
2324,mlkem,fixed,decaps,25759
2325,mlkem,fixed,decaps,25775
2326,mlkem,fixed,decaps,25905
2327,mlkem,fixed,decaps,26100
2328,mlkem,fixed,decaps,25805
2329,mlkem,fixed,decaps,25910
2330,mlkem,fixed,decaps,26248
2331,mlkem,fixed,decaps,25777
2332,mlkem,fixed,decaps,25760
2333,mlkem,fixed,decaps,36182
2334,mlkem,fixed,decaps,26073
2335,mlkem,fixed,decaps,25785
2336,mlkem,fixed,decaps,25773
2337,mlkem,fixed,decaps,25800
2338,mlkem,fixed,decaps,25782
2339,mlkem,fixed,decaps,25760
2340,mlkem,fixed,decaps,25917
2341,mlkem,fixed,decaps,25815
2342,mlkem,fixed,decaps,25881
2343,mlkem,fixed,decaps,25690
2344,mlkem,fixed,decaps,25779
2345,mlkem,fixed,decaps,25778
2346,mlkem,fixed,decaps,25759
2347,mlkem,fixed,decaps,25719
2348,mlkem,fixed,decaps,25733
2349,mlkem,fixed,decaps,25722
2350,mlkem,fixed,decaps,25754
2351,mlkem,fixed,decaps,25778
2352,mlkem,fixed,decaps,25767
2353,mlkem,fixed,decaps,25759
2354,mlkem,fixed,decaps,25795
2355,mlkem,fixed,decaps,25905
2356,mlkem,fixed,decaps,25709
2357,mlkem,fixed,decaps,25823
2358,mlkem,fixed,decaps,38548
2359,mlkem,fixed,decaps,26657
2360,mlkem,fixed,decaps,31867
2361,mlkem,fixed,decaps,25699
2362,mlkem,fixed,decaps,25735
2363,mlkem,fixed,decaps,25839
2364,mlkem,fixed,decaps,25854
2365,mlkem,fixed,decaps,25775
2366,mlkem,fixed,decaps,25819
2367,mlkem,fixed,decaps,25770
2368,mlkem,fixed,decaps,25799
2369,mlkem,fixed,decaps,25772
2370,mlkem,fixed,decaps,25783
2371,mlkem,fixed,decaps,25749
2372,mlkem,fixed,decaps,25780
2373,mlkem,fixed,decaps,25800
2374,mlkem,fixed,decaps,25752
2375,mlkem,fixed,decaps,25747
2376,mlkem,fixed,decaps,25724
2377,mlkem,fixed,decaps,25746
2378,mlkem,fixed,decaps,25783
2379,mlkem,fixed,decaps,25762
2380,mlkem,fixed,decaps,25684
2381,mlkem,fixed,decaps,25761
2382,mlkem,fixed,decaps,25757
2383,mlkem,fixed,decaps,25731
2384,mlkem,fixed,decaps,25741
2385,mlkem,fixed,decaps,25738
2386,mlkem,fixed,decaps,25772
2387,mlkem,fixed,decaps,25730
2388,mlkem,fixed,decaps,34788
2389,mlkem,fixed,decaps,34442
2390,mlkem,fixed,decaps,26221
2391,mlkem,fixed,decaps,34741
2392,mlkem,fixed,decaps,26740
2393,mlkem,fixed,decaps,25851
2394,mlkem,fixed,decaps,25796
2395,mlkem,fixed,decaps,25767
2396,mlkem,fixed,decaps,25771
2397,mlkem,fixed,decaps,25803
2398,mlkem,fixed,decaps,25728
2399,mlkem,fixed,decaps,25809
2400,mlkem,fixed,decaps,25815
2401,mlkem,fixed,decaps,25761
2402,mlkem,fixed,decaps,25761
2403,mlkem,fixed,decaps,25798
2404,mlkem,fixed,decaps,25760
2405,mlkem,fixed,decaps,25741
2406,mlkem,fixed,decaps,25800
2407,mlkem,fixed,decaps,25730
2408,mlkem,fixed,decaps,25759
2409,mlkem,fixed,decaps,25773
2410,mlkem,fixed,decaps,25839
2411,mlkem,fixed,decaps,25758
2412,mlkem,fixed,decaps,25760
2413,mlkem,fixed,decaps,25765
2414,mlkem,fixed,decaps,25795
2415,mlkem,fixed,decaps,25779
2416,mlkem,fixed,decaps,25817
2417,mlkem,fixed,decaps,25772
2418,mlkem,fixed,decaps,25748
2419,mlkem,fixed,decaps,25809
2420,mlkem,fixed,decaps,25793
2421,mlkem,fixed,decaps,25794
2422,mlkem,fixed,decaps,25749
2423,mlkem,fixed,decaps,25767
2424,mlkem,fixed,decaps,25803
2425,mlkem,fixed,decaps,25757
2426,mlkem,fixed,decaps,25772
2427,mlkem,fixed,decaps,25810
2428,mlkem,fixed,decaps,25780
2429,mlkem,fixed,decaps,25703
2430,mlkem,fixed,decaps,25799
2431,mlkem,fixed,decaps,25822
2432,mlkem,fixed,decaps,25804
2433,mlkem,fixed,decaps,25776
2434,mlkem,fixed,decaps,25764
2435,mlkem,fixed,decaps,25778
2436,mlkem,fixed,decaps,39320
2437,mlkem,fixed,decaps,26581
2438,mlkem,fixed,decaps,26605
2439,mlkem,fixed,decaps,26527
2440,mlkem,fixed,decaps,26568
2441,mlkem,fixed,decaps,26523
2442,mlkem,fixed,decaps,26568
2443,mlkem,fixed,decaps,26499
2444,mlkem,fixed,decaps,26574
2445,mlkem,fixed,decaps,26592
2446,mlkem,fixed,decaps,26540
2447,mlkem,fixed,decaps,26581
2448,mlkem,fixed,decaps,26556
2449,mlkem,fixed,decaps,26569
2450,mlkem,fixed,decaps,26527
2451,mlkem,fixed,decaps,26549
2452,mlkem,fixed,decaps,26558
2453,mlkem,fixed,decaps,26563
2454,mlkem,fixed,decaps,26566
2455,mlkem,fixed,decaps,26526
2456,mlkem,fixed,decaps,26508
2457,mlkem,fixed,decaps,26579
2458,mlkem,fixed,decaps,26593
2459,mlkem,fixed,decaps,26596
2460,mlkem,fixed,decaps,26491
2461,mlkem,fixed,decaps,26550
2462,mlkem,fixed,decaps,26564
2463,mlkem,fixed,decaps,26533
2464,mlkem,fixed,decaps,26601
2465,mlkem,fixed,decaps,26530
2466,mlkem,fixed,decaps,26551
2467,mlkem,fixed,decaps,26478
2468,mlkem,fixed,decaps,26483
2469,mlkem,fixed,decaps,26551
2470,mlkem,fixed,decaps,26568
2471,mlkem,fixed,decaps,26583
2472,mlkem,fixed,decaps,26564
2473,mlkem,fixed,decaps,39184
2474,mlkem,fixed,decaps,25871
2475,mlkem,fixed,decaps,25824
2476,mlkem,fixed,decaps,25769
2477,mlkem,fixed,decaps,25761
2478,mlkem,fixed,decaps,25766
2479,mlkem,fixed,decaps,25808
2480,mlkem,fixed,decaps,25782
2481,mlkem,fixed,decaps,33673
2482,mlkem,fixed,decaps,26312
2483,mlkem,fixed,decaps,25776
2484,mlkem,fixed,decaps,25741
2485,mlkem,fixed,decaps,25797
2486,mlkem,fixed,decaps,25807
2487,mlkem,fixed,decaps,25765
2488,mlkem,fixed,decaps,25805
2489,mlkem,fixed,decaps,25762
2490,mlkem,fixed,decaps,25757
2491,mlkem,fixed,decaps,25797
2492,mlkem,fixed,decaps,25792
2493,mlkem,fixed,decaps,25740
2494,mlkem,fixed,decaps,25753
2495,mlkem,fixed,decaps,36796
2496,mlkem,fixed,decaps,26393
2497,mlkem,fixed,decaps,31303
2498,mlkem,fixed,decaps,25751
2499,mlkem,fixed,decaps,25756
2500,mlkem,fixed,decaps,25773
2501,mlkem,fixed,decaps,25799
2502,mlkem,fixed,decaps,25762
2503,mlkem,fixed,decaps,25781
2504,mlkem,fixed,decaps,25736
2505,mlkem,fixed,decaps,25816
2506,mlkem,fixed,decaps,25835
2507,mlkem,fixed,decaps,25656
2508,mlkem,fixed,decaps,25772
2509,mlkem,fixed,decaps,25781
2510,mlkem,fixed,decaps,25769
2511,mlkem,fixed,decaps,25808
2512,mlkem,fixed,decaps,25781
2513,mlkem,fixed,decaps,25652
2514,mlkem,fixed,decaps,25720
2515,mlkem,fixed,decaps,25792
2516,mlkem,fixed,decaps,25775
2517,mlkem,fixed,decaps,25785
2518,mlkem,fixed,decaps,25688
2519,mlkem,fixed,decaps,25736
2520,mlkem,fixed,decaps,25709
2521,mlkem,fixed,decaps,25775
2522,mlkem,fixed,decaps,25726
2523,mlkem,fixed,decaps,25819
2524,mlkem,fixed,decaps,25578
2525,mlkem,fixed,decaps,25793
2526,mlkem,fixed,decaps,25814
2527,mlkem,fixed,decaps,25780
2528,mlkem,fixed,decaps,25788
2529,mlkem,fixed,decaps,25792
2530,mlkem,fixed,decaps,25769
2531,mlkem,fixed,decaps,25766
2532,mlkem,fixed,decaps,25727
2533,mlkem,fixed,decaps,25784
2534,mlkem,fixed,decaps,25723
2535,mlkem,fixed,decaps,25794
2536,mlkem,fixed,decaps,25762
2537,mlkem,fixed,decaps,25779
2538,mlkem,fixed,decaps,25743
2539,mlkem,fixed,decaps,25778
2540,mlkem,fixed,decaps,25740
2541,mlkem,fixed,decaps,25787
2542,mlkem,fixed,decaps,25806
2543,mlkem,fixed,decaps,25784
2544,mlkem,fixed,decaps,25759
2545,mlkem,fixed,decaps,25801
2546,mlkem,fixed,decaps,25786
2547,mlkem,fixed,decaps,25729
2548,mlkem,fixed,decaps,25788
2549,mlkem,fixed,decaps,25822
2550,mlkem,fixed,decaps,25778
2551,mlkem,fixed,decaps,25727
2552,mlkem,fixed,decaps,25798
2553,mlkem,fixed,decaps,25811
2554,mlkem,fixed,decaps,25750
2555,mlkem,fixed,decaps,25788
2556,mlkem,fixed,decaps,25879
2557,mlkem,fixed,decaps,25809
2558,mlkem,fixed,decaps,25779
2559,mlkem,fixed,decaps,25785
2560,mlkem,fixed,decaps,25801
2561,mlkem,fixed,decaps,25666
2562,mlkem,fixed,decaps,25796
2563,mlkem,fixed,decaps,25807
2564,mlkem,fixed,decaps,25785
2565,mlkem,fixed,decaps,25797
2566,mlkem,fixed,decaps,25773
2567,mlkem,fixed,decaps,25836
2568,mlkem,fixed,decaps,25814
2569,mlkem,fixed,decaps,25727
2570,mlkem,fixed,decaps,25820
2571,mlkem,fixed,decaps,25790
2572,mlkem,fixed,decaps,25751
2573,mlkem,fixed,decaps,25797
2574,mlkem,fixed,decaps,25813
2575,mlkem,fixed,decaps,25856
2576,mlkem,fixed,decaps,25716
2577,mlkem,fixed,decaps,25733
2578,mlkem,fixed,decaps,25771
2579,mlkem,fixed,decaps,25826
2580,mlkem,fixed,decaps,25764
2581,mlkem,fixed,decaps,25778
2582,mlkem,fixed,decaps,25790
2583,mlkem,fixed,decaps,25818
2584,mlkem,fixed,decaps,25779
2585,mlkem,fixed,decaps,57054
2586,mlkem,fixed,decaps,25872
2587,mlkem,fixed,decaps,25785
2588,mlkem,fixed,decaps,25742
2589,mlkem,fixed,decaps,25813
2590,mlkem,fixed,decaps,25778
2591,mlkem,fixed,decaps,25817
2592,mlkem,fixed,decaps,25779
2593,mlkem,fixed,decaps,25696
2594,mlkem,fixed,decaps,25826
2595,mlkem,fixed,decaps,25797
2596,mlkem,fixed,decaps,25765
2597,mlkem,fixed,decaps,25782
2598,mlkem,fixed,decaps,25807
2599,mlkem,fixed,decaps,25753
2600,mlkem,fixed,decaps,25797
2601,mlkem,fixed,decaps,25858
2602,mlkem,fixed,decaps,25761
2603,mlkem,fixed,decaps,25733
2604,mlkem,fixed,decaps,25825
2605,mlkem,fixed,decaps,25796
2606,mlkem,fixed,decaps,25770
2607,mlkem,fixed,decaps,25762
2608,mlkem,fixed,decaps,25685
2609,mlkem,fixed,decaps,25738
2610,mlkem,fixed,decaps,25762
2611,mlkem,fixed,decaps,25821
2612,mlkem,fixed,decaps,25807
2613,mlkem,fixed,decaps,25806
2614,mlkem,fixed,decaps,25728
2615,mlkem,fixed,decaps,25792
2616,mlkem,fixed,decaps,25817
2617,mlkem,fixed,decaps,25793
2618,mlkem,fixed,decaps,25774
2619,mlkem,fixed,decaps,25806
2620,mlkem,fixed,decaps,25793
2621,mlkem,fixed,decaps,25780
2622,mlkem,fixed,decaps,25755
2623,mlkem,fixed,decaps,25831
2624,mlkem,fixed,decaps,25835
2625,mlkem,fixed,decaps,25783
2626,mlkem,fixed,decaps,25812
2627,mlkem,fixed,decaps,25758
2628,mlkem,fixed,decaps,25829
2629,mlkem,fixed,decaps,25759
2630,mlkem,fixed,decaps,25722
2631,mlkem,fixed,decaps,36932
2632,mlkem,fixed,decaps,35169
2633,mlkem,fixed,decaps,32110
2634,mlkem,fixed,decaps,25828
2635,mlkem,fixed,decaps,25804
2636,mlkem,fixed,decaps,25669
2637,mlkem,fixed,decaps,25733
2638,mlkem,fixed,decaps,25764
2639,mlkem,fixed,decaps,25822
2640,mlkem,fixed,decaps,25782
2641,mlkem,fixed,decaps,25802
2642,mlkem,fixed,decaps,25748
2643,mlkem,fixed,decaps,25726
2644,mlkem,fixed,decaps,25802
2645,mlkem,fixed,decaps,25798
2646,mlkem,fixed,decaps,25741
2647,mlkem,fixed,decaps,25735
2648,mlkem,fixed,decaps,25772
2649,mlkem,fixed,decaps,25801
2650,mlkem,fixed,decaps,25717
2651,mlkem,fixed,decaps,25815
2652,mlkem,fixed,decaps,25745
2653,mlkem,fixed,decaps,25783
2654,mlkem,fixed,decaps,25782
2655,mlkem,fixed,decaps,25822
2656,mlkem,fixed,decaps,25767
2657,mlkem,fixed,decaps,25763
2658,mlkem,fixed,decaps,25577
2659,mlkem,fixed,decaps,25757
2660,mlkem,fixed,decaps,25753
2661,mlkem,fixed,decaps,25762
2662,mlkem,fixed,decaps,25785
2663,mlkem,fixed,decaps,25722
2664,mlkem,fixed,decaps,25742
2665,mlkem,fixed,decaps,25614
2666,mlkem,fixed,decaps,25801
2667,mlkem,fixed,decaps,25775
2668,mlkem,fixed,decaps,25766
2669,mlkem,fixed,decaps,25728
2670,mlkem,fixed,decaps,25771
2671,mlkem,fixed,decaps,25788
2672,mlkem,fixed,decaps,25744
2673,mlkem,fixed,decaps,25705
2674,mlkem,fixed,decaps,25737
2675,mlkem,fixed,decaps,25770
2676,mlkem,fixed,decaps,25649
2677,mlkem,fixed,decaps,25766
2678,mlkem,fixed,decaps,25839
2679,mlkem,fixed,decaps,30745
2680,mlkem,fixed,decaps,37332
2681,mlkem,fixed,decaps,37391
2682,mlkem,fixed,decaps,26625
2683,mlkem,fixed,decaps,25707
2684,mlkem,fixed,decaps,25814
2685,mlkem,fixed,decaps,25828
2686,mlkem,fixed,decaps,25807
2687,mlkem,fixed,decaps,25839
2688,mlkem,fixed,decaps,25783
2689,mlkem,fixed,decaps,25809
2690,mlkem,fixed,decaps,25751
2691,mlkem,fixed,decaps,25753
2692,mlkem,fixed,decaps,25765
2693,mlkem,fixed,decaps,25827
2694,mlkem,fixed,decaps,25755
2695,mlkem,fixed,decaps,25787
2696,mlkem,fixed,decaps,25791
2697,mlkem,fixed,decaps,25761
2698,mlkem,fixed,decaps,25772
2699,mlkem,fixed,decaps,25803
2700,mlkem,fixed,decaps,25802
2701,mlkem,fixed,decaps,25762
2702,mlkem,fixed,decaps,25797
2703,mlkem,fixed,decaps,25802
2704,mlkem,fixed,decaps,25831
2705,mlkem,fixed,decaps,25775
2706,mlkem,fixed,decaps,25790
2707,mlkem,fixed,decaps,25786
2708,mlkem,fixed,decaps,25779
2709,mlkem,fixed,decaps,25781
2710,mlkem,fixed,decaps,25796
2711,mlkem,fixed,decaps,25808
2712,mlkem,fixed,decaps,25887
2713,mlkem,fixed,decaps,25938
2714,mlkem,fixed,decaps,25918
2715,mlkem,fixed,decaps,26145
2716,mlkem,fixed,decaps,26084
2717,mlkem,fixed,decaps,25877
2718,mlkem,fixed,decaps,25949
2719,mlkem,fixed,decaps,25749
2720,mlkem,fixed,decaps,25893
2721,mlkem,fixed,decaps,26241
2722,mlkem,fixed,decaps,26284
2723,mlkem,fixed,decaps,26226
2724,mlkem,fixed,decaps,27365
2725,mlkem,fixed,decaps,26974
2726,mlkem,fixed,decaps,27341
2727,mlkem,fixed,decaps,26959
2728,mlkem,fixed,decaps,26365
2729,mlkem,fixed,decaps,26635
2730,mlkem,fixed,decaps,26642
2731,mlkem,fixed,decaps,27721
2732,mlkem,fixed,decaps,26428
2733,mlkem,fixed,decaps,27950
2734,mlkem,fixed,decaps,29211
2735,mlkem,fixed,decaps,27555
2736,mlkem,fixed,decaps,29921
2737,mlkem,fixed,decaps,29851
2738,mlkem,fixed,decaps,31238
2739,mlkem,fixed,decaps,28807
2740,mlkem,fixed,decaps,28120
2741,mlkem,fixed,decaps,30912
2742,mlkem,fixed,decaps,32115
2743,mlkem,fixed,decaps,30946
2744,mlkem,fixed,decaps,29961
2745,mlkem,fixed,decaps,29476
2746,mlkem,fixed,decaps,29268
2747,mlkem,fixed,decaps,34182
2748,mlkem,fixed,decaps,31000
2749,mlkem,fixed,decaps,31124
2750,mlkem,fixed,decaps,30198
2751,mlkem,fixed,decaps,28695
2752,mlkem,fixed,decaps,28077
2753,mlkem,fixed,decaps,28695
2754,mlkem,fixed,decaps,28331
2755,mlkem,fixed,decaps,27978
2756,mlkem,fixed,decaps,27848
2757,mlkem,fixed,decaps,27535
2758,mlkem,fixed,decaps,27281
2759,mlkem,fixed,decaps,26654
2760,mlkem,fixed,decaps,27343
2761,mlkem,fixed,decaps,29141
2762,mlkem,fixed,decaps,27276
2763,mlkem,fixed,decaps,28167
2764,mlkem,fixed,decaps,29089
2765,mlkem,fixed,decaps,27942
2766,mlkem,fixed,decaps,29281
2767,mlkem,fixed,decaps,27515
2768,mlkem,fixed,decaps,39744
2769,mlkem,fixed,decaps,37040
2770,mlkem,fixed,decaps,37978
2771,mlkem,fixed,decaps,34821
2772,mlkem,fixed,decaps,30026
2773,mlkem,fixed,decaps,29484
2774,mlkem,fixed,decaps,29730
2775,mlkem,fixed,decaps,61109
2776,mlkem,fixed,decaps,33502
2777,mlkem,fixed,decaps,30860
2778,mlkem,fixed,decaps,36162
2779,mlkem,fixed,decaps,32181
2780,mlkem,fixed,decaps,33687
2781,mlkem,fixed,decaps,25746
2782,mlkem,fixed,decaps,25525
2783,mlkem,fixed,decaps,25933
2784,mlkem,fixed,decaps,25381
2785,mlkem,fixed,decaps,26958
2786,mlkem,fixed,decaps,25397
2787,mlkem,fixed,decaps,46666
2788,mlkem,fixed,decaps,26519
2789,mlkem,fixed,decaps,25911
2790,mlkem,fixed,decaps,43106
2791,mlkem,fixed,decaps,25027
2792,mlkem,fixed,decaps,25430
2793,mlkem,fixed,decaps,25210
2794,mlkem,fixed,decaps,25678
2795,mlkem,fixed,decaps,25353
2796,mlkem,fixed,decaps,26176
2797,mlkem,fixed,decaps,47364
2798,mlkem,fixed,decaps,27530
2799,mlkem,fixed,decaps,27639
2800,mlkem,fixed,decaps,34693
2801,mlkem,fixed,decaps,40279
2802,mlkem,fixed,decaps,55343
2803,mlkem,fixed,decaps,36627
2804,mlkem,fixed,decaps,26387
2805,mlkem,fixed,decaps,47742
2806,mlkem,fixed,decaps,43571
2807,mlkem,fixed,decaps,62515
2808,mlkem,fixed,decaps,31172
2809,mlkem,fixed,decaps,55846
2810,mlkem,fixed,decaps,43162
2811,mlkem,fixed,decaps,25202
2812,mlkem,fixed,decaps,24981
2813,mlkem,fixed,decaps,25021
2814,mlkem,fixed,decaps,25500
2815,mlkem,fixed,decaps,25163
2816,mlkem,fixed,decaps,25092
2817,mlkem,fixed,decaps,25038
2818,mlkem,fixed,decaps,25007
2819,mlkem,fixed,decaps,25045
2820,mlkem,fixed,decaps,25043
2821,mlkem,fixed,decaps,25037
2822,mlkem,fixed,decaps,25012
2823,mlkem,fixed,decaps,24888
2824,mlkem,fixed,decaps,24985
2825,mlkem,fixed,decaps,24959
2826,mlkem,fixed,decaps,24986
2827,mlkem,fixed,decaps,25029
2828,mlkem,fixed,decaps,25075
2829,mlkem,fixed,decaps,24999
2830,mlkem,fixed,decaps,24997
2831,mlkem,fixed,decaps,24967
2832,mlkem,fixed,decaps,25031
2833,mlkem,fixed,decaps,24955
2834,mlkem,fixed,decaps,24971
2835,mlkem,fixed,decaps,25008
2836,mlkem,fixed,decaps,25020
2837,mlkem,fixed,decaps,25048
2838,mlkem,fixed,decaps,25017
2839,mlkem,fixed,decaps,25038
2840,mlkem,fixed,decaps,24966
2841,mlkem,fixed,decaps,25043
2842,mlkem,fixed,decaps,25070
2843,mlkem,fixed,decaps,25051
2844,mlkem,fixed,decaps,25003
2845,mlkem,fixed,decaps,25032
2846,mlkem,fixed,decaps,25039
2847,mlkem,fixed,decaps,24994
2848,mlkem,fixed,decaps,24997
2849,mlkem,fixed,decaps,25000
2850,mlkem,fixed,decaps,25000
2851,mlkem,fixed,decaps,24991
2852,mlkem,fixed,decaps,25036
2853,mlkem,fixed,decaps,25023
2854,mlkem,fixed,decaps,24962
2855,mlkem,fixed,decaps,25048
2856,mlkem,fixed,decaps,25051
2857,mlkem,fixed,decaps,25031
2858,mlkem,fixed,decaps,25010
2859,mlkem,fixed,decaps,24950
2860,mlkem,fixed,decaps,25024
2861,mlkem,fixed,decaps,25053
2862,mlkem,fixed,decaps,25014
2863,mlkem,fixed,decaps,25041
2864,mlkem,fixed,decaps,25012
2865,mlkem,fixed,decaps,24950
2866,mlkem,fixed,decaps,25063
2867,mlkem,fixed,decaps,25003
2868,mlkem,fixed,decaps,25008
2869,mlkem,fixed,decaps,24946
2870,mlkem,fixed,decaps,24991
2871,mlkem,fixed,decaps,25071
2872,mlkem,fixed,decaps,25028
2873,mlkem,fixed,decaps,25003
2874,mlkem,fixed,decaps,25049
2875,mlkem,fixed,decaps,25044
2876,mlkem,fixed,decaps,25041
2877,mlkem,fixed,decaps,25030
2878,mlkem,fixed,decaps,24925
2879,mlkem,fixed,decaps,25037
2880,mlkem,fixed,decaps,24983
2881,mlkem,fixed,decaps,24995
2882,mlkem,fixed,decaps,25074
2883,mlkem,fixed,decaps,25017
2884,mlkem,fixed,decaps,25035
2885,mlkem,fixed,decaps,25083
2886,mlkem,fixed,decaps,25050
2887,mlkem,fixed,decaps,24974
2888,mlkem,fixed,decaps,24984
2889,mlkem,fixed,decaps,25027
2890,mlkem,fixed,decaps,25059
2891,mlkem,fixed,decaps,24975
2892,mlkem,fixed,decaps,25054
2893,mlkem,fixed,decaps,25005
2894,mlkem,fixed,decaps,25006
2895,mlkem,fixed,decaps,25024
2896,mlkem,fixed,decaps,25022
2897,mlkem,fixed,decaps,24987
2898,mlkem,fixed,decaps,24992
2899,mlkem,fixed,decaps,25044
2900,mlkem,fixed,decaps,25071
2901,mlkem,fixed,decaps,24904
2902,mlkem,fixed,decaps,25010
2903,mlkem,fixed,decaps,25011
2904,mlkem,fixed,decaps,37252
2905,mlkem,fixed,decaps,26152
2906,mlkem,fixed,decaps,29711
2907,mlkem,fixed,decaps,25398
2908,mlkem,fixed,decaps,25035
2909,mlkem,fixed,decaps,25093
2910,mlkem,fixed,decaps,25068
2911,mlkem,fixed,decaps,25061
2912,mlkem,fixed,decaps,25050
2913,mlkem,fixed,decaps,25019
2914,mlkem,fixed,decaps,25029
2915,mlkem,fixed,decaps,25015
2916,mlkem,fixed,decaps,25035
2917,mlkem,fixed,decaps,33450
2918,mlkem,fixed,decaps,25550
2919,mlkem,fixed,decaps,25039
2920,mlkem,fixed,decaps,25100
2921,mlkem,fixed,decaps,25078
2922,mlkem,fixed,decaps,25004
2923,mlkem,fixed,decaps,25041
2924,mlkem,fixed,decaps,25035
2925,mlkem,fixed,decaps,25025
2926,mlkem,fixed,decaps,25042
2927,mlkem,fixed,decaps,24988
2928,mlkem,fixed,decaps,24968
2929,mlkem,fixed,decaps,25022
2930,mlkem,fixed,decaps,24993
2931,mlkem,fixed,decaps,25045
2932,mlkem,fixed,decaps,25025
2933,mlkem,fixed,decaps,25010
2934,mlkem,fixed,decaps,25065
2935,mlkem,fixed,decaps,25015
2936,mlkem,fixed,decaps,25010
2937,mlkem,fixed,decaps,25028
2938,mlkem,fixed,decaps,25046
2939,mlkem,fixed,decaps,25057
2940,mlkem,fixed,decaps,25063
2941,mlkem,fixed,decaps,25049
2942,mlkem,fixed,decaps,25014
2943,mlkem,fixed,decaps,25035
2944,mlkem,fixed,decaps,25073
2945,mlkem,fixed,decaps,25056
2946,mlkem,fixed,decaps,38017
2947,mlkem,fixed,decaps,26619
2948,mlkem,fixed,decaps,26596
2949,mlkem,fixed,decaps,26583
2950,mlkem,fixed,decaps,26547
2951,mlkem,fixed,decaps,26554
2952,mlkem,fixed,decaps,26556
2953,mlkem,fixed,decaps,26557
2954,mlkem,fixed,decaps,26562
2955,mlkem,fixed,decaps,26534
2956,mlkem,fixed,decaps,26518
2957,mlkem,fixed,decaps,26480
2958,mlkem,fixed,decaps,26561
2959,mlkem,fixed,decaps,26569
2960,mlkem,fixed,decaps,26501
2961,mlkem,fixed,decaps,26493
2962,mlkem,fixed,decaps,26559
2963,mlkem,fixed,decaps,26522
2964,mlkem,fixed,decaps,26539
2965,mlkem,fixed,decaps,26524
2966,mlkem,fixed,decaps,26556
2967,mlkem,fixed,decaps,26501
2968,mlkem,fixed,decaps,26544
2969,mlkem,fixed,decaps,26537
2970,mlkem,fixed,decaps,26562
2971,mlkem,fixed,decaps,26519
2972,mlkem,fixed,decaps,26568
2973,mlkem,fixed,decaps,26561
2974,mlkem,fixed,decaps,26474
2975,mlkem,fixed,decaps,26564
2976,mlkem,fixed,decaps,26582
2977,mlkem,fixed,decaps,26588
2978,mlkem,fixed,decaps,26519
2979,mlkem,fixed,decaps,26529
2980,mlkem,fixed,decaps,26584
2981,mlkem,fixed,decaps,26545
2982,mlkem,fixed,decaps,26599
2983,mlkem,fixed,decaps,26572
2984,mlkem,fixed,decaps,38586
2985,mlkem,fixed,decaps,25737
2986,mlkem,fixed,decaps,25783
2987,mlkem,fixed,decaps,25773
2988,mlkem,fixed,decaps,25748
2989,mlkem,fixed,decaps,25782
2990,mlkem,fixed,decaps,25748
2991,mlkem,fixed,decaps,25791
2992,mlkem,fixed,decaps,25700
2993,mlkem,fixed,decaps,25773
2994,mlkem,fixed,decaps,25760
2995,mlkem,fixed,decaps,25750
2996,mlkem,fixed,decaps,25738
2997,mlkem,fixed,decaps,25792
2998,mlkem,fixed,decaps,25711
2999,mlkem,fixed,decaps,25652
3000,mlkem,fixed,decaps,25702
3001,mlkem,fixed,decaps,25779
3002,mlkem,fixed,decaps,25733
3003,mlkem,fixed,decaps,25773
3004,mlkem,fixed,decaps,25749
3005,mlkem,fixed,decaps,25762
3006,mlkem,fixed,decaps,25747
3007,mlkem,fixed,decaps,25765
3008,mlkem,fixed,decaps,25778
3009,mlkem,fixed,decaps,25677
3010,mlkem,fixed,decaps,25773
3011,mlkem,fixed,decaps,25783
3012,mlkem,fixed,decaps,25798
3013,mlkem,fixed,decaps,25770
3014,mlkem,fixed,decaps,25758
3015,mlkem,fixed,decaps,25759
3016,mlkem,fixed,decaps,25741
3017,mlkem,fixed,decaps,25766
3018,mlkem,fixed,decaps,25740
3019,mlkem,fixed,decaps,25776
3020,mlkem,fixed,decaps,25705
3021,mlkem,fixed,decaps,25721
3022,mlkem,fixed,decaps,25793
3023,mlkem,fixed,decaps,25712
3024,mlkem,fixed,decaps,25755
3025,mlkem,fixed,decaps,25714
3026,mlkem,fixed,decaps,25687
3027,mlkem,fixed,decaps,25714
3028,mlkem,fixed,decaps,25790
3029,mlkem,fixed,decaps,25715
3030,mlkem,fixed,decaps,25765
3031,mlkem,fixed,decaps,25660
3032,mlkem,fixed,decaps,25782
3033,mlkem,fixed,decaps,25790
3034,mlkem,fixed,decaps,25765
3035,mlkem,fixed,decaps,25809
3036,mlkem,fixed,decaps,25782
3037,mlkem,fixed,decaps,25776
3038,mlkem,fixed,decaps,25746
3039,mlkem,fixed,decaps,25777
3040,mlkem,fixed,decaps,25768
3041,mlkem,fixed,decaps,40710
3042,mlkem,fixed,decaps,26476
3043,mlkem,fixed,decaps,25855
3044,mlkem,fixed,decaps,25784
3045,mlkem,fixed,decaps,25790
3046,mlkem,fixed,decaps,25776
3047,mlkem,fixed,decaps,25773
3048,mlkem,fixed,decaps,25820
3049,mlkem,fixed,decaps,25792
3050,mlkem,fixed,decaps,25805
3051,mlkem,fixed,decaps,25806
3052,mlkem,fixed,decaps,29328
3053,mlkem,fixed,decaps,35875
3054,mlkem,fixed,decaps,26926
3055,mlkem,fixed,decaps,34875
3056,mlkem,fixed,decaps,27009
3057,mlkem,fixed,decaps,25734
3058,mlkem,fixed,decaps,25805
3059,mlkem,fixed,decaps,25771
3060,mlkem,fixed,decaps,25755
3061,mlkem,fixed,decaps,25782
3062,mlkem,fixed,decaps,25748
3063,mlkem,fixed,decaps,25750
3064,mlkem,fixed,decaps,25761
3065,mlkem,fixed,decaps,25776
3066,mlkem,fixed,decaps,25749
3067,mlkem,fixed,decaps,34763
3068,mlkem,fixed,decaps,26649
3069,mlkem,fixed,decaps,25691
3070,mlkem,fixed,decaps,25860
3071,mlkem,fixed,decaps,25762
3072,mlkem,fixed,decaps,25755
3073,mlkem,fixed,decaps,25735
3074,mlkem,fixed,decaps,25753
3075,mlkem,fixed,decaps,25777
3076,mlkem,fixed,decaps,25687
3077,mlkem,fixed,decaps,25764
3078,mlkem,fixed,decaps,25753
3079,mlkem,fixed,decaps,25736
3080,mlkem,fixed,decaps,25740
3081,mlkem,fixed,decaps,25781
3082,mlkem,fixed,decaps,25723
3083,mlkem,fixed,decaps,25673
3084,mlkem,fixed,decaps,25704
3085,mlkem,fixed,decaps,25772
3086,mlkem,fixed,decaps,25717
3087,mlkem,fixed,decaps,25659
3088,mlkem,fixed,decaps,25702
3089,mlkem,fixed,decaps,25736
3090,mlkem,fixed,decaps,25652
3091,mlkem,fixed,decaps,25759
3092,mlkem,fixed,decaps,25785
3093,mlkem,fixed,decaps,25765
3094,mlkem,fixed,decaps,25744
3095,mlkem,fixed,decaps,25786
3096,mlkem,fixed,decaps,25792
3097,mlkem,fixed,decaps,25749
3098,mlkem,fixed,decaps,25803
3099,mlkem,fixed,decaps,25770
3100,mlkem,fixed,decaps,25752
3101,mlkem,fixed,decaps,25737
3102,mlkem,fixed,decaps,25767
3103,mlkem,fixed,decaps,25691
3104,mlkem,fixed,decaps,25752
3105,mlkem,fixed,decaps,25619
3106,mlkem,fixed,decaps,25741
3107,mlkem,fixed,decaps,25765
3108,mlkem,fixed,decaps,25795
3109,mlkem,fixed,decaps,25772
3110,mlkem,fixed,decaps,25774
3111,mlkem,fixed,decaps,25772
3112,mlkem,fixed,decaps,25721
3113,mlkem,fixed,decaps,25749
3114,mlkem,fixed,decaps,25796
3115,mlkem,fixed,decaps,25766
3116,mlkem,fixed,decaps,25744
3117,mlkem,fixed,decaps,25723
3118,mlkem,fixed,decaps,25799
3119,mlkem,fixed,decaps,25757
3120,mlkem,fixed,decaps,25723
3121,mlkem,fixed,decaps,25746
3122,mlkem,fixed,decaps,25698
3123,mlkem,fixed,decaps,25769
3124,mlkem,fixed,decaps,25745
3125,mlkem,fixed,decaps,25728
3126,mlkem,fixed,decaps,25764
3127,mlkem,fixed,decaps,25724
3128,mlkem,fixed,decaps,25769
3129,mlkem,fixed,decaps,25755
3130,mlkem,fixed,decaps,25800
3131,mlkem,fixed,decaps,30220
3132,mlkem,fixed,decaps,26174
3133,mlkem,fixed,decaps,25775
3134,mlkem,fixed,decaps,25765
3135,mlkem,fixed,decaps,25770
3136,mlkem,fixed,decaps,25748
3137,mlkem,fixed,decaps,37985
3138,mlkem,fixed,decaps,24368
3139,mlkem,fixed,decaps,24275
3140,mlkem,fixed,decaps,24334
3141,mlkem,fixed,decaps,24310
3142,mlkem,fixed,decaps,24335
3143,mlkem,fixed,decaps,24335
3144,mlkem,fixed,decaps,24342
3145,mlkem,fixed,decaps,24354
3146,mlkem,fixed,decaps,24351
3147,mlkem,fixed,decaps,24324
3148,mlkem,fixed,decaps,24347
3149,mlkem,fixed,decaps,24337
3150,mlkem,fixed,decaps,24331
3151,mlkem,fixed,decaps,24343
3152,mlkem,fixed,decaps,24347
3153,mlkem,fixed,decaps,24326
3154,mlkem,fixed,decaps,24312
3155,mlkem,fixed,decaps,24372
3156,mlkem,fixed,decaps,24330
3157,mlkem,fixed,decaps,24298
3158,mlkem,fixed,decaps,24308
3159,mlkem,fixed,decaps,24301
3160,mlkem,fixed,decaps,24321
3161,mlkem,fixed,decaps,24308
3162,mlkem,fixed,decaps,24330
3163,mlkem,fixed,decaps,24347
3164,mlkem,fixed,decaps,24330
3165,mlkem,fixed,decaps,24306
3166,mlkem,fixed,decaps,24322
3167,mlkem,fixed,decaps,24336
3168,mlkem,fixed,decaps,24343
3169,mlkem,fixed,decaps,29739
3170,mlkem,fixed,decaps,24501
3171,mlkem,fixed,decaps,24326
3172,mlkem,fixed,decaps,24326
3173,mlkem,fixed,decaps,24341
3174,mlkem,fixed,decaps,37281
3175,mlkem,fixed,decaps,25000
3176,mlkem,fixed,decaps,24979
3177,mlkem,fixed,decaps,56309
3178,mlkem,fixed,decaps,35413
3179,mlkem,fixed,decaps,25592
3180,mlkem,fixed,decaps,30653
3181,mlkem,fixed,decaps,25073
3182,mlkem,fixed,decaps,25027
3183,mlkem,fixed,decaps,25063
3184,mlkem,fixed,decaps,25038
3185,mlkem,fixed,decaps,24958
3186,mlkem,fixed,decaps,25003
3187,mlkem,fixed,decaps,25057
3188,mlkem,fixed,decaps,25037
3189,mlkem,fixed,decaps,25012
3190,mlkem,fixed,decaps,25012
3191,mlkem,fixed,decaps,25031
3192,mlkem,fixed,decaps,25012
3193,mlkem,fixed,decaps,25056
3194,mlkem,fixed,decaps,25030
3195,mlkem,fixed,decaps,24996
3196,mlkem,fixed,decaps,25015
3197,mlkem,fixed,decaps,25036
3198,mlkem,fixed,decaps,25044
3199,mlkem,fixed,decaps,25054
3200,mlkem,fixed,decaps,24961
3201,mlkem,fixed,decaps,25042
3202,mlkem,fixed,decaps,25093
3203,mlkem,fixed,decaps,25050
3204,mlkem,fixed,decaps,24977
3205,mlkem,fixed,decaps,25066
3206,mlkem,fixed,decaps,25032
3207,mlkem,fixed,decaps,25029
3208,mlkem,fixed,decaps,25002
3209,mlkem,fixed,decaps,25043
3210,mlkem,fixed,decaps,24966
3211,mlkem,fixed,decaps,25062
3212,mlkem,fixed,decaps,24996
3213,mlkem,fixed,decaps,25056
3214,mlkem,fixed,decaps,24979
3215,mlkem,fixed,decaps,25057
3216,mlkem,fixed,decaps,25018
3217,mlkem,fixed,decaps,25060
3218,mlkem,fixed,decaps,25040
3219,mlkem,fixed,decaps,25043
3220,mlkem,fixed,decaps,25034
3221,mlkem,fixed,decaps,33221
3222,mlkem,fixed,decaps,25157
3223,mlkem,fixed,decaps,25048
3224,mlkem,fixed,decaps,25021
3225,mlkem,fixed,decaps,25047
3226,mlkem,fixed,decaps,25012
3227,mlkem,fixed,decaps,25021
3228,mlkem,fixed,decaps,24981
3229,mlkem,fixed,decaps,25007
3230,mlkem,fixed,decaps,24995
3231,mlkem,fixed,decaps,25069
3232,mlkem,fixed,decaps,25082
3233,mlkem,fixed,decaps,25055
3234,mlkem,fixed,decaps,25028
3235,mlkem,fixed,decaps,25008
3236,mlkem,fixed,decaps,25051
3237,mlkem,fixed,decaps,25044
3238,mlkem,fixed,decaps,24986
3239,mlkem,fixed,decaps,25028
3240,mlkem,fixed,decaps,25058
3241,mlkem,fixed,decaps,25035
3242,mlkem,fixed,decaps,25013
3243,mlkem,fixed,decaps,25021
3244,mlkem,fixed,decaps,25053
3245,mlkem,fixed,decaps,25102
3246,mlkem,fixed,decaps,25010
3247,mlkem,fixed,decaps,25043
3248,mlkem,fixed,decaps,25000
3249,mlkem,fixed,decaps,25023
3250,mlkem,fixed,decaps,25039
3251,mlkem,fixed,decaps,25027
3252,mlkem,fixed,decaps,25018
3253,mlkem,fixed,decaps,25013
3254,mlkem,fixed,decaps,26461
3255,mlkem,fixed,decaps,36820
3256,mlkem,fixed,decaps,39190
3257,mlkem,fixed,decaps,34752
3258,mlkem,fixed,decaps,26411
3259,mlkem,fixed,decaps,25100
3260,mlkem,fixed,decaps,25026
3261,mlkem,fixed,decaps,25122
3262,mlkem,fixed,decaps,25033
3263,mlkem,fixed,decaps,25075
3264,mlkem,fixed,decaps,25076
3265,mlkem,fixed,decaps,25012
3266,mlkem,fixed,decaps,25038
3267,mlkem,fixed,decaps,25058
3268,mlkem,fixed,decaps,25058
3269,mlkem,fixed,decaps,25084
3270,mlkem,fixed,decaps,25050
3271,mlkem,fixed,decaps,25083
3272,mlkem,fixed,decaps,25059
3273,mlkem,fixed,decaps,25031
3274,mlkem,fixed,decaps,25060
3275,mlkem,fixed,decaps,25090
3276,mlkem,fixed,decaps,25112
3277,mlkem,fixed,decaps,25032
3278,mlkem,fixed,decaps,24923
3279,mlkem,fixed,decaps,25078
3280,mlkem,fixed,decaps,25062
3281,mlkem,fixed,decaps,25026
3282,mlkem,fixed,decaps,25033
3283,mlkem,fixed,decaps,25043
3284,mlkem,fixed,decaps,25076
3285,mlkem,fixed,decaps,24973
3286,mlkem,fixed,decaps,25043
3287,mlkem,fixed,decaps,25071
3288,mlkem,fixed,decaps,25080
3289,mlkem,fixed,decaps,24950
3290,mlkem,fixed,decaps,25055
3291,mlkem,fixed,decaps,25062
3292,mlkem,fixed,decaps,25102
3293,mlkem,fixed,decaps,28739
3294,mlkem,fixed,decaps,36984
3295,mlkem,fixed,decaps,31727
3296,mlkem,fixed,decaps,25275
3297,mlkem,fixed,decaps,25082
3298,mlkem,fixed,decaps,25028
3299,mlkem,fixed,decaps,25035
3300,mlkem,fixed,decaps,25067
3301,mlkem,fixed,decaps,25070
3302,mlkem,fixed,decaps,25047
3303,mlkem,fixed,decaps,25048
3304,mlkem,fixed,decaps,25068
3305,mlkem,fixed,decaps,25070
3306,mlkem,fixed,decaps,25050
3307,mlkem,fixed,decaps,25032
3308,mlkem,fixed,decaps,25105
3309,mlkem,fixed,decaps,25063
3310,mlkem,fixed,decaps,25126
3311,mlkem,fixed,decaps,25118
3312,mlkem,fixed,decaps,25011
3313,mlkem,fixed,decaps,25161
3314,mlkem,fixed,decaps,96819
3315,mlkem,fixed,decaps,32055
3316,mlkem,fixed,decaps,44006
3317,mlkem,fixed,decaps,25128
3318,mlkem,fixed,decaps,24985
3319,mlkem,fixed,decaps,25066
3320,mlkem,fixed,decaps,25077
3321,mlkem,fixed,decaps,24979
3322,mlkem,fixed,decaps,25015
3323,mlkem,fixed,decaps,25019
3324,mlkem,fixed,decaps,24969
3325,mlkem,fixed,decaps,25044
3326,mlkem,fixed,decaps,25083
3327,mlkem,fixed,decaps,25066
3328,mlkem,fixed,decaps,25050
3329,mlkem,fixed,decaps,25062
3330,mlkem,fixed,decaps,25117
3331,mlkem,fixed,decaps,25008
3332,mlkem,fixed,decaps,25015
3333,mlkem,fixed,decaps,25495
3334,mlkem,fixed,decaps,25705
3335,mlkem,fixed,decaps,25391
3336,mlkem,fixed,decaps,26375
3337,mlkem,fixed,decaps,25391
3338,mlkem,fixed,decaps,26304
3339,mlkem,fixed,decaps,26173
3340,mlkem,fixed,decaps,25895
3341,mlkem,fixed,decaps,26812
3342,mlkem,fixed,decaps,26046
3343,mlkem,fixed,decaps,27747
3344,mlkem,fixed,decaps,28758
3345,mlkem,fixed,decaps,29852
3346,mlkem,fixed,decaps,29716
3347,mlkem,fixed,decaps,29244
3348,mlkem,fixed,decaps,29442
3349,mlkem,fixed,decaps,29693
3350,mlkem,fixed,decaps,31801
3351,mlkem,fixed,decaps,27979
3352,mlkem,fixed,decaps,28252
3353,mlkem,fixed,decaps,28253
3354,mlkem,fixed,decaps,28584
3355,mlkem,fixed,decaps,30699
3356,mlkem,fixed,decaps,28495
3357,mlkem,fixed,decaps,28218
3358,mlkem,fixed,decaps,27041
3359,mlkem,fixed,decaps,27008
3360,mlkem,fixed,decaps,27267
3361,mlkem,fixed,decaps,26837
3362,mlkem,fixed,decaps,27610
3363,mlkem,fixed,decaps,27002
3364,mlkem,fixed,decaps,26446
3365,mlkem,fixed,decaps,28159
3366,mlkem,fixed,decaps,26877
3367,mlkem,fixed,decaps,26991
3368,mlkem,fixed,decaps,40303
3369,mlkem,fixed,decaps,27047
3370,mlkem,fixed,decaps,29733
3371,mlkem,fixed,decaps,27680
3372,mlkem,fixed,decaps,27605
3373,mlkem,fixed,decaps,27197
3374,mlkem,fixed,decaps,26281
3375,mlkem,fixed,decaps,27170
3376,mlkem,fixed,decaps,26147
3377,mlkem,fixed,decaps,27065
3378,mlkem,fixed,decaps,26666
3379,mlkem,fixed,decaps,26660
3380,mlkem,fixed,decaps,28053
3381,mlkem,fixed,decaps,27510
3382,mlkem,fixed,decaps,27726
3383,mlkem,fixed,decaps,27390
3384,mlkem,fixed,decaps,25792
3385,mlkem,fixed,decaps,30907
3386,mlkem,fixed,decaps,33476
3387,mlkem,fixed,decaps,34034
3388,mlkem,fixed,decaps,34539
3389,mlkem,fixed,decaps,34929
3390,mlkem,fixed,decaps,48282
3391,mlkem,fixed,decaps,26883
3392,mlkem,fixed,decaps,27028
3393,mlkem,fixed,decaps,27187
3394,mlkem,fixed,decaps,27889
3395,mlkem,fixed,decaps,44934
3396,mlkem,fixed,decaps,26307
3397,mlkem,fixed,decaps,25262
3398,mlkem,fixed,decaps,25227
3399,mlkem,fixed,decaps,25062
3400,mlkem,fixed,decaps,25668
3401,mlkem,fixed,decaps,25699
3402,mlkem,fixed,decaps,67302
3403,mlkem,fixed,decaps,47484
3404,mlkem,fixed,decaps,30975
3405,mlkem,fixed,decaps,76424
3406,mlkem,fixed,decaps,39751
3407,mlkem,fixed,decaps,82816
3408,mlkem,fixed,decaps,27471
3409,mlkem,fixed,decaps,26405
3410,mlkem,fixed,decaps,26265
3411,mlkem,fixed,decaps,43018
3412,mlkem,fixed,decaps,25237
3413,mlkem,fixed,decaps,25477
3414,mlkem,fixed,decaps,63114
3415,mlkem,fixed,decaps,25851
3416,mlkem,fixed,decaps,26185
3417,mlkem,fixed,decaps,54333
3418,mlkem,fixed,decaps,25966
3419,mlkem,fixed,decaps,70261
3420,mlkem,fixed,decaps,25994
3421,mlkem,fixed,decaps,42683
3422,mlkem,fixed,decaps,24915
3423,mlkem,fixed,decaps,24341
3424,mlkem,fixed,decaps,24401
3425,mlkem,fixed,decaps,24340
3426,mlkem,fixed,decaps,24333
3427,mlkem,fixed,decaps,24300
3428,mlkem,fixed,decaps,24304
3429,mlkem,fixed,decaps,24373
3430,mlkem,fixed,decaps,24334
3431,mlkem,fixed,decaps,24344
3432,mlkem,fixed,decaps,24304
3433,mlkem,fixed,decaps,24294
3434,mlkem,fixed,decaps,24313
3435,mlkem,fixed,decaps,24326
3436,mlkem,fixed,decaps,24272
3437,mlkem,fixed,decaps,24319
3438,mlkem,fixed,decaps,24328
3439,mlkem,fixed,decaps,24345
3440,mlkem,fixed,decaps,24335
3441,mlkem,fixed,decaps,24288
3442,mlkem,fixed,decaps,24344
3443,mlkem,fixed,decaps,24285
3444,mlkem,fixed,decaps,24302
3445,mlkem,fixed,decaps,24326
3446,mlkem,fixed,decaps,24350
3447,mlkem,fixed,decaps,24316
3448,mlkem,fixed,decaps,24320
3449,mlkem,fixed,decaps,24292
3450,mlkem,fixed,decaps,24321
3451,mlkem,fixed,decaps,35528
3452,mlkem,fixed,decaps,31179
3453,mlkem,fixed,decaps,50851
3454,mlkem,fixed,decaps,46266
3455,mlkem,fixed,decaps,24463
3456,mlkem,fixed,decaps,41493
3457,mlkem,fixed,decaps,25080
3458,mlkem,fixed,decaps,24947
3459,mlkem,fixed,decaps,25054
3460,mlkem,fixed,decaps,25101
3461,mlkem,fixed,decaps,25037
3462,mlkem,fixed,decaps,25052
3463,mlkem,fixed,decaps,25052
3464,mlkem,fixed,decaps,25057
3465,mlkem,fixed,decaps,25016
3466,mlkem,fixed,decaps,24989
3467,mlkem,fixed,decaps,25037
3468,mlkem,fixed,decaps,25029
3469,mlkem,fixed,decaps,25049
3470,mlkem,fixed,decaps,24916
3471,mlkem,fixed,decaps,24991
3472,mlkem,fixed,decaps,25047
3473,mlkem,fixed,decaps,25041
3474,mlkem,fixed,decaps,25058
3475,mlkem,fixed,decaps,25047
3476,mlkem,fixed,decaps,25021
3477,mlkem,fixed,decaps,25028
3478,mlkem,fixed,decaps,24973
3479,mlkem,fixed,decaps,25056
3480,mlkem,fixed,decaps,25045
3481,mlkem,fixed,decaps,25030
3482,mlkem,fixed,decaps,25023
3483,mlkem,fixed,decaps,25040
3484,mlkem,fixed,decaps,25050
3485,mlkem,fixed,decaps,25012
3486,mlkem,fixed,decaps,25017
3487,mlkem,fixed,decaps,24987
3488,mlkem,fixed,decaps,25060
3489,mlkem,fixed,decaps,25021
3490,mlkem,fixed,decaps,25052
3491,mlkem,fixed,decaps,25041
3492,mlkem,fixed,decaps,25036
3493,mlkem,fixed,decaps,25030
3494,mlkem,fixed,decaps,25091
3495,mlkem,fixed,decaps,24991
3496,mlkem,fixed,decaps,25027
3497,mlkem,fixed,decaps,25028
3498,mlkem,fixed,decaps,25062
3499,mlkem,fixed,decaps,25130
3500,mlkem,fixed,decaps,25363
3501,mlkem,fixed,decaps,25453
3502,mlkem,fixed,decaps,25538
3503,mlkem,fixed,decaps,35215
3504,mlkem,fixed,decaps,25480
3505,mlkem,fixed,decaps,26002
3506,mlkem,fixed,decaps,25141
3507,mlkem,fixed,decaps,33578
3508,mlkem,fixed,decaps,33325
3509,mlkem,fixed,decaps,25423
3510,mlkem,fixed,decaps,26299
3511,mlkem,fixed,decaps,33416
3512,mlkem,fixed,decaps,32000
3513,mlkem,fixed,decaps,32413
3514,mlkem,fixed,decaps,37911
3515,mlkem,fixed,decaps,35792
3516,mlkem,fixed,decaps,38704
3517,mlkem,fixed,decaps,34336
3518,mlkem,fixed,decaps,25737
3519,mlkem,fixed,decaps,25083
3520,mlkem,fixed,decaps,25350
3521,mlkem,fixed,decaps,25107
3522,mlkem,fixed,decaps,25257
3523,mlkem,fixed,decaps,25253
3524,mlkem,fixed,decaps,25141
3525,mlkem,fixed,decaps,25036
3526,mlkem,fixed,decaps,25403
3527,mlkem,fixed,decaps,25163
3528,mlkem,fixed,decaps,39043
3529,mlkem,fixed,decaps,25948
3530,mlkem,fixed,decaps,25890
3531,mlkem,fixed,decaps,25793
3532,mlkem,fixed,decaps,25813
3533,mlkem,fixed,decaps,25840
3534,mlkem,fixed,decaps,25801
3535,mlkem,fixed,decaps,25878
3536,mlkem,fixed,decaps,26190
3537,mlkem,fixed,decaps,25947
3538,mlkem,fixed,decaps,26171
3539,mlkem,fixed,decaps,26477
3540,mlkem,fixed,decaps,25920
3541,mlkem,fixed,decaps,25760
3542,mlkem,fixed,decaps,26121
3543,mlkem,fixed,decaps,26115
3544,mlkem,fixed,decaps,25940
3545,mlkem,fixed,decaps,25948
3546,mlkem,fixed,decaps,26048
3547,mlkem,fixed,decaps,26406
3548,mlkem,fixed,decaps,25823
3549,mlkem,fixed,decaps,25915
3550,mlkem,fixed,decaps,26131
3551,mlkem,fixed,decaps,26071
3552,mlkem,fixed,decaps,25904
3553,mlkem,fixed,decaps,25838
3554,mlkem,fixed,decaps,25912
3555,mlkem,fixed,decaps,25945
3556,mlkem,fixed,decaps,26214
3557,mlkem,fixed,decaps,25779
3558,mlkem,fixed,decaps,26051
3559,mlkem,fixed,decaps,26220
3560,mlkem,fixed,decaps,26010
3561,mlkem,fixed,decaps,25900
3562,mlkem,fixed,decaps,26190
3563,mlkem,fixed,decaps,25823
3564,mlkem,fixed,decaps,26310
3565,mlkem,fixed,decaps,26035
3566,mlkem,fixed,decaps,25759
3567,mlkem,fixed,decaps,25881
3568,mlkem,fixed,decaps,26368
3569,mlkem,fixed,decaps,25851
3570,mlkem,fixed,decaps,25872
3571,mlkem,fixed,decaps,25735
3572,mlkem,fixed,decaps,25899
3573,mlkem,fixed,decaps,25874
3574,mlkem,fixed,decaps,25760
3575,mlkem,fixed,decaps,25808
3576,mlkem,fixed,decaps,25812
3577,mlkem,fixed,decaps,25736
3578,mlkem,fixed,decaps,25920
3579,mlkem,fixed,decaps,25750
3580,mlkem,fixed,decaps,26001
3581,mlkem,fixed,decaps,25826
3582,mlkem,fixed,decaps,25813
3583,mlkem,fixed,decaps,25867
3584,mlkem,fixed,decaps,25866
3585,mlkem,fixed,decaps,25948
3586,mlkem,fixed,decaps,25900
3587,mlkem,fixed,decaps,36027
3588,mlkem,fixed,decaps,30908
3589,mlkem,fixed,decaps,31334
3590,mlkem,fixed,decaps,26154
3591,mlkem,fixed,decaps,25862
3592,mlkem,fixed,decaps,25884
3593,mlkem,fixed,decaps,25764
3594,mlkem,fixed,decaps,25809
3595,mlkem,fixed,decaps,25794
3596,mlkem,fixed,decaps,25809
3597,mlkem,fixed,decaps,25752
3598,mlkem,fixed,decaps,25753
3599,mlkem,fixed,decaps,25816
3600,mlkem,fixed,decaps,25789
3601,mlkem,fixed,decaps,25834
3602,mlkem,fixed,decaps,25775
3603,mlkem,fixed,decaps,25785
3604,mlkem,fixed,decaps,25782
3605,mlkem,fixed,decaps,25757
3606,mlkem,fixed,decaps,25794
3607,mlkem,fixed,decaps,25755
3608,mlkem,fixed,decaps,25685
3609,mlkem,fixed,decaps,25825
3610,mlkem,fixed,decaps,26004
3611,mlkem,fixed,decaps,25993
3612,mlkem,fixed,decaps,25747
3613,mlkem,fixed,decaps,25821
3614,mlkem,fixed,decaps,25801
3615,mlkem,fixed,decaps,25787
3616,mlkem,fixed,decaps,25857
3617,mlkem,fixed,decaps,25833
3618,mlkem,fixed,decaps,25950
3619,mlkem,fixed,decaps,25793
3620,mlkem,fixed,decaps,25931
3621,mlkem,fixed,decaps,25785
3622,mlkem,fixed,decaps,25759
3623,mlkem,fixed,decaps,25773
3624,mlkem,fixed,decaps,25725
3625,mlkem,fixed,decaps,25780
3626,mlkem,fixed,decaps,25806
3627,mlkem,fixed,decaps,26055
3628,mlkem,fixed,decaps,25727
3629,mlkem,fixed,decaps,25805
3630,mlkem,fixed,decaps,25831
3631,mlkem,fixed,decaps,25802
3632,mlkem,fixed,decaps,25751
3633,mlkem,fixed,decaps,25795
3634,mlkem,fixed,decaps,25777
3635,mlkem,fixed,decaps,25786
3636,mlkem,fixed,decaps,25814
3637,mlkem,fixed,decaps,25762
3638,mlkem,fixed,decaps,25812
3639,mlkem,fixed,decaps,25839
3640,mlkem,fixed,decaps,25760
3641,mlkem,fixed,decaps,25760
3642,mlkem,fixed,decaps,26138
3643,mlkem,fixed,decaps,26024
3644,mlkem,fixed,decaps,25912
3645,mlkem,fixed,decaps,25714
3646,mlkem,fixed,decaps,26110
3647,mlkem,fixed,decaps,25860
3648,mlkem,fixed,decaps,25902
3649,mlkem,fixed,decaps,25868
3650,mlkem,fixed,decaps,38096
3651,mlkem,fixed,decaps,26311
3652,mlkem,fixed,decaps,26154
3653,mlkem,fixed,decaps,25826
3654,mlkem,fixed,decaps,25806
3655,mlkem,fixed,decaps,25897
3656,mlkem,fixed,decaps,25881
3657,mlkem,fixed,decaps,25804
3658,mlkem,fixed,decaps,26007
3659,mlkem,fixed,decaps,26092
3660,mlkem,fixed,decaps,25781
3661,mlkem,fixed,decaps,25834
3662,mlkem,fixed,decaps,25939
3663,mlkem,fixed,decaps,25950
3664,mlkem,fixed,decaps,26254
3665,mlkem,fixed,decaps,26228
3666,mlkem,fixed,decaps,26008
3667,mlkem,fixed,decaps,25795
3668,mlkem,fixed,decaps,25818
3669,mlkem,fixed,decaps,25928
3670,mlkem,fixed,decaps,25982
3671,mlkem,fixed,decaps,25856
3672,mlkem,fixed,decaps,25778
3673,mlkem,fixed,decaps,25881
3674,mlkem,fixed,decaps,25866
3675,mlkem,fixed,decaps,25815
3676,mlkem,fixed,decaps,25781
3677,mlkem,fixed,decaps,25738
3678,mlkem,fixed,decaps,25779
3679,mlkem,fixed,decaps,25724
3680,mlkem,fixed,decaps,25792
3681,mlkem,fixed,decaps,25871
3682,mlkem,fixed,decaps,25994
3683,mlkem,fixed,decaps,25874
3684,mlkem,fixed,decaps,25810
3685,mlkem,fixed,decaps,25769
3686,mlkem,fixed,decaps,25706
3687,mlkem,fixed,decaps,25776
3688,mlkem,fixed,decaps,25815
3689,mlkem,fixed,decaps,25834
3690,mlkem,fixed,decaps,25827
3691,mlkem,fixed,decaps,25858
3692,mlkem,fixed,decaps,25956
3693,mlkem,fixed,decaps,25731
3694,mlkem,fixed,decaps,25887
3695,mlkem,fixed,decaps,25885
3696,mlkem,fixed,decaps,26556
3697,mlkem,fixed,decaps,26015
3698,mlkem,fixed,decaps,25796
3699,mlkem,fixed,decaps,25947
3700,mlkem,fixed,decaps,25966
3701,mlkem,fixed,decaps,25926
3702,mlkem,fixed,decaps,25845
3703,mlkem,fixed,decaps,26181
3704,mlkem,fixed,decaps,25779
3705,mlkem,fixed,decaps,25907
3706,mlkem,fixed,decaps,25950
3707,mlkem,fixed,decaps,25845
3708,mlkem,fixed,decaps,25825
3709,mlkem,fixed,decaps,26131
3710,mlkem,fixed,decaps,25914
3711,mlkem,fixed,decaps,25886
3712,mlkem,fixed,decaps,25841
3713,mlkem,fixed,decaps,25761
3714,mlkem,fixed,decaps,25860
3715,mlkem,fixed,decaps,25815
3716,mlkem,fixed,decaps,25754
3717,mlkem,fixed,decaps,25848
3718,mlkem,fixed,decaps,25977
3719,mlkem,fixed,decaps,25770
3720,mlkem,fixed,decaps,26020
3721,mlkem,fixed,decaps,26221
3722,mlkem,fixed,decaps,26667
3723,mlkem,fixed,decaps,26364
3724,mlkem,fixed,decaps,38058
3725,mlkem,fixed,decaps,27025
3726,mlkem,fixed,decaps,32101
3727,mlkem,fixed,decaps,26274
3728,mlkem,fixed,decaps,26459
3729,mlkem,fixed,decaps,26211
3730,mlkem,fixed,decaps,26486
3731,mlkem,fixed,decaps,26411
3732,mlkem,fixed,decaps,26033
3733,mlkem,fixed,decaps,26185
3734,mlkem,fixed,decaps,25832
3735,mlkem,fixed,decaps,25887
3736,mlkem,fixed,decaps,25792
3737,mlkem,fixed,decaps,25827
3738,mlkem,fixed,decaps,25840
3739,mlkem,fixed,decaps,25759
3740,mlkem,fixed,decaps,25771
3741,mlkem,fixed,decaps,26254
3742,mlkem,fixed,decaps,25916
3743,mlkem,fixed,decaps,26145
3744,mlkem,fixed,decaps,25937
3745,mlkem,fixed,decaps,25829
3746,mlkem,fixed,decaps,26046
3747,mlkem,fixed,decaps,25788
3748,mlkem,fixed,decaps,26607
3749,mlkem,fixed,decaps,26829
3750,mlkem,fixed,decaps,26487
3751,mlkem,fixed,decaps,26511
3752,mlkem,fixed,decaps,26278
3753,mlkem,fixed,decaps,26270
3754,mlkem,fixed,decaps,26315
3755,mlkem,fixed,decaps,26119
3756,mlkem,fixed,decaps,25986
3757,mlkem,fixed,decaps,26100
3758,mlkem,fixed,decaps,26054
3759,mlkem,fixed,decaps,25941
3760,mlkem,fixed,decaps,26184
3761,mlkem,fixed,decaps,25879
3762,mlkem,fixed,decaps,25928
3763,mlkem,fixed,decaps,25926
3764,mlkem,fixed,decaps,25978
3765,mlkem,fixed,decaps,25859
3766,mlkem,fixed,decaps,25850
3767,mlkem,fixed,decaps,25795
3768,mlkem,fixed,decaps,25744
3769,mlkem,fixed,decaps,25847
3770,mlkem,fixed,decaps,25785
3771,mlkem,fixed,decaps,25810
3772,mlkem,fixed,decaps,25899
3773,mlkem,fixed,decaps,26065
3774,mlkem,fixed,decaps,26091
3775,mlkem,fixed,decaps,26017
3776,mlkem,fixed,decaps,26089
3777,mlkem,fixed,decaps,26120
3778,mlkem,fixed,decaps,25879
3779,mlkem,fixed,decaps,25912
3780,mlkem,fixed,decaps,26329
3781,mlkem,fixed,decaps,25885
3782,mlkem,fixed,decaps,25781
3783,mlkem,fixed,decaps,26143
3784,mlkem,fixed,decaps,25867
3785,mlkem,fixed,decaps,26112
3786,mlkem,fixed,decaps,25823
3787,mlkem,fixed,decaps,26365
3788,mlkem,fixed,decaps,26484
3789,mlkem,fixed,decaps,26293
3790,mlkem,fixed,decaps,26354
3791,mlkem,fixed,decaps,26955
3792,mlkem,fixed,decaps,26261
3793,mlkem,fixed,decaps,30604
3794,mlkem,fixed,decaps,36985
3795,mlkem,fixed,decaps,29264
3796,mlkem,fixed,decaps,34576
3797,mlkem,fixed,decaps,26325
3798,mlkem,fixed,decaps,25980
3799,mlkem,fixed,decaps,26040
3800,mlkem,fixed,decaps,34665
3801,mlkem,fixed,decaps,26040
3802,mlkem,fixed,decaps,26039
3803,mlkem,fixed,decaps,25835
3804,mlkem,fixed,decaps,26126
3805,mlkem,fixed,decaps,25963
3806,mlkem,fixed,decaps,26009
3807,mlkem,fixed,decaps,26168
3808,mlkem,fixed,decaps,26406
3809,mlkem,fixed,decaps,26435
3810,mlkem,fixed,decaps,26162
3811,mlkem,fixed,decaps,26136
3812,mlkem,fixed,decaps,25919
3813,mlkem,fixed,decaps,25772
3814,mlkem,fixed,decaps,25965
3815,mlkem,fixed,decaps,25917
3816,mlkem,fixed,decaps,26039
3817,mlkem,fixed,decaps,26237
3818,mlkem,fixed,decaps,26733
3819,mlkem,fixed,decaps,27597
3820,mlkem,fixed,decaps,27174
3821,mlkem,fixed,decaps,27217
3822,mlkem,fixed,decaps,26403
3823,mlkem,fixed,decaps,26669
3824,mlkem,fixed,decaps,26597
3825,mlkem,fixed,decaps,32309
3826,mlkem,fixed,decaps,26009
3827,mlkem,fixed,decaps,25960
3828,mlkem,fixed,decaps,25790
3829,mlkem,fixed,decaps,25883
3830,mlkem,fixed,decaps,26039
3831,mlkem,fixed,decaps,42321
3832,mlkem,fixed,decaps,24851
3833,mlkem,fixed,decaps,25430
3834,mlkem,fixed,decaps,25570
3835,mlkem,fixed,decaps,25088
3836,mlkem,fixed,decaps,25492
3837,mlkem,fixed,decaps,24760
3838,mlkem,fixed,decaps,24402
3839,mlkem,fixed,decaps,24606
3840,mlkem,fixed,decaps,24658
3841,mlkem,fixed,decaps,25336
3842,mlkem,fixed,decaps,25101
3843,mlkem,fixed,decaps,26452
3844,mlkem,fixed,decaps,26130
3845,mlkem,fixed,decaps,25883
3846,mlkem,fixed,decaps,25566
3847,mlkem,fixed,decaps,25792
3848,mlkem,fixed,decaps,25891
3849,mlkem,fixed,decaps,25346
3850,mlkem,fixed,decaps,25231
3851,mlkem,fixed,decaps,25116
3852,mlkem,fixed,decaps,25362
3853,mlkem,fixed,decaps,24853
3854,mlkem,fixed,decaps,24625
3855,mlkem,fixed,decaps,25007
3856,mlkem,fixed,decaps,24351
3857,mlkem,fixed,decaps,24687
3858,mlkem,fixed,decaps,26104
3859,mlkem,fixed,decaps,25992
3860,mlkem,fixed,decaps,38671
3861,mlkem,fixed,decaps,29526
3862,mlkem,fixed,decaps,29843
3863,mlkem,fixed,decaps,25025
3864,mlkem,fixed,decaps,53540
3865,mlkem,fixed,decaps,26352
3866,mlkem,fixed,decaps,59367
3867,mlkem,fixed,decaps,25161
3868,mlkem,fixed,decaps,25075
3869,mlkem,fixed,decaps,25524
3870,mlkem,fixed,decaps,25311
3871,mlkem,fixed,decaps,25730
3872,mlkem,fixed,decaps,25503
3873,mlkem,fixed,decaps,26961
3874,mlkem,fixed,decaps,25619
3875,mlkem,fixed,decaps,25076
3876,mlkem,fixed,decaps,25111
3877,mlkem,fixed,decaps,25133
3878,mlkem,fixed,decaps,25187
3879,mlkem,fixed,decaps,25206
3880,mlkem,fixed,decaps,25574
3881,mlkem,fixed,decaps,25080
3882,mlkem,fixed,decaps,25182
3883,mlkem,fixed,decaps,25003
3884,mlkem,fixed,decaps,25047
3885,mlkem,fixed,decaps,25331
3886,mlkem,fixed,decaps,25254
3887,mlkem,fixed,decaps,25287
3888,mlkem,fixed,decaps,25135
3889,mlkem,fixed,decaps,25337
3890,mlkem,fixed,decaps,25550
3891,mlkem,fixed,decaps,25255
3892,mlkem,fixed,decaps,46128
3893,mlkem,fixed,decaps,42768
3894,mlkem,fixed,decaps,50246
3895,mlkem,fixed,decaps,33144
3896,mlkem,fixed,decaps,34400
3897,mlkem,fixed,decaps,37113
3898,mlkem,fixed,decaps,26997
3899,mlkem,fixed,decaps,26038
3900,mlkem,fixed,decaps,26312
3901,mlkem,fixed,decaps,26079
3902,mlkem,fixed,decaps,26169
3903,mlkem,fixed,decaps,26389
3904,mlkem,fixed,decaps,26512
3905,mlkem,fixed,decaps,27517
3906,mlkem,fixed,decaps,26151
3907,mlkem,fixed,decaps,55935
3908,mlkem,fixed,decaps,25862
3909,mlkem,fixed,decaps,25522
3910,mlkem,fixed,decaps,25581
3911,mlkem,fixed,decaps,25775
3912,mlkem,fixed,decaps,26140
3913,mlkem,fixed,decaps,25395
3914,mlkem,fixed,decaps,25213
3915,mlkem,fixed,decaps,25057
3916,mlkem,fixed,decaps,25096
3917,mlkem,fixed,decaps,25034
3918,mlkem,fixed,decaps,25971
3919,mlkem,fixed,decaps,26689
3920,mlkem,fixed,decaps,25622
3921,mlkem,fixed,decaps,26030
3922,mlkem,fixed,decaps,25664
3923,mlkem,fixed,decaps,25944
3924,mlkem,fixed,decaps,26172
3925,mlkem,fixed,decaps,27149
3926,mlkem,fixed,decaps,26688
3927,mlkem,fixed,decaps,26250
3928,mlkem,fixed,decaps,27351
3929,mlkem,fixed,decaps,28486
3930,mlkem,fixed,decaps,27959
3931,mlkem,fixed,decaps,27485
3932,mlkem,fixed,decaps,26368
3933,mlkem,fixed,decaps,27731
3934,mlkem,fixed,decaps,27271
3935,mlkem,fixed,decaps,26066
3936,mlkem,fixed,decaps,26270
3937,mlkem,fixed,decaps,26023
3938,mlkem,fixed,decaps,28292
3939,mlkem,fixed,decaps,28060
3940,mlkem,fixed,decaps,29395
3941,mlkem,fixed,decaps,30827
3942,mlkem,fixed,decaps,48212
3943,mlkem,fixed,decaps,40216
3944,mlkem,fixed,decaps,34214
3945,mlkem,fixed,decaps,34044
3946,mlkem,fixed,decaps,37070
3947,mlkem,fixed,decaps,34396
3948,mlkem,fixed,decaps,37731
3949,mlkem,fixed,decaps,36434
3950,mlkem,fixed,decaps,37389
3951,mlkem,fixed,decaps,34419
3952,mlkem,fixed,decaps,26031
3953,mlkem,fixed,decaps,25519
3954,mlkem,fixed,decaps,25728
3955,mlkem,fixed,decaps,26098
3956,mlkem,fixed,decaps,25658
3957,mlkem,fixed,decaps,25530
3958,mlkem,fixed,decaps,25367
3959,mlkem,fixed,decaps,25406
3960,mlkem,fixed,decaps,25326
3961,mlkem,fixed,decaps,25840
3962,mlkem,fixed,decaps,25872
3963,mlkem,fixed,decaps,25842
3964,mlkem,fixed,decaps,25394
3965,mlkem,fixed,decaps,25289
3966,mlkem,fixed,decaps,25509
3967,mlkem,fixed,decaps,25562
3968,mlkem,fixed,decaps,25796
3969,mlkem,fixed,decaps,25289
3970,mlkem,fixed,decaps,25656
3971,mlkem,fixed,decaps,25651
3972,mlkem,fixed,decaps,26459
3973,mlkem,fixed,decaps,25760
3974,mlkem,fixed,decaps,26278
3975,mlkem,fixed,decaps,25464
3976,mlkem,fixed,decaps,25975
3977,mlkem,fixed,decaps,26141
3978,mlkem,fixed,decaps,26164
3979,mlkem,fixed,decaps,26104
3980,mlkem,fixed,decaps,26064
3981,mlkem,fixed,decaps,26239
3982,mlkem,fixed,decaps,25836
3983,mlkem,fixed,decaps,26696
3984,mlkem,fixed,decaps,32764
3985,mlkem,fixed,decaps,33121
3986,mlkem,fixed,decaps,39093
3987,mlkem,fixed,decaps,36053
3988,mlkem,fixed,decaps,28470
3989,mlkem,fixed,decaps,25804
3990,mlkem,fixed,decaps,25581
3991,mlkem,fixed,decaps,26134
3992,mlkem,fixed,decaps,26375
3993,mlkem,fixed,decaps,26451
3994,mlkem,fixed,decaps,26280
3995,mlkem,fixed,decaps,44171
3996,mlkem,fixed,decaps,25999
3997,mlkem,fixed,decaps,57010
3998,mlkem,fixed,decaps,48805
3999,mlkem,fixed,decaps,52083
4000,mlkem,fixed,decaps,26253
4001,mlkem,fixed,decaps,26091
4002,mlkem,fixed,decaps,26111
4003,mlkem,fixed,decaps,26194
4004,mlkem,fixed,decaps,42793
4005,mlkem,fixed,decaps,25536
4006,mlkem,fixed,decaps,25265
4007,mlkem,fixed,decaps,25476
4008,mlkem,fixed,decaps,25530
4009,mlkem,fixed,decaps,25921
4010,mlkem,fixed,decaps,25434
4011,mlkem,fixed,decaps,25505
4012,mlkem,fixed,decaps,25427
4013,mlkem,fixed,decaps,25247
4014,mlkem,fixed,decaps,25391
4015,mlkem,fixed,decaps,25365
4016,mlkem,fixed,decaps,25450
4017,mlkem,fixed,decaps,25450
4018,mlkem,fixed,decaps,25310
4019,mlkem,fixed,decaps,25243
4020,mlkem,fixed,decaps,25263
4021,mlkem,fixed,decaps,25271
4022,mlkem,fixed,decaps,25564
4023,mlkem,fixed,decaps,25903
4024,mlkem,fixed,decaps,25637
4025,mlkem,fixed,decaps,26897
4026,mlkem,fixed,decaps,26377
4027,mlkem,fixed,decaps,25715
4028,mlkem,fixed,decaps,25376
4029,mlkem,fixed,decaps,25033
4030,mlkem,fixed,decaps,25364
4031,mlkem,fixed,decaps,47390
4032,mlkem,fixed,decaps,27022
4033,mlkem,fixed,decaps,27290
4034,mlkem,fixed,decaps,27455
4035,mlkem,fixed,decaps,28060
4036,mlkem,fixed,decaps,26725
4037,mlkem,fixed,decaps,28257
4038,mlkem,fixed,decaps,28867
4039,mlkem,fixed,decaps,29166
4040,mlkem,fixed,decaps,27839
4041,mlkem,fixed,decaps,29410
4042,mlkem,fixed,decaps,28344
4043,mlkem,fixed,decaps,29383
4044,mlkem,fixed,decaps,29583
4045,mlkem,fixed,decaps,29572
4046,mlkem,fixed,decaps,28855
4047,mlkem,fixed,decaps,29059
4048,mlkem,fixed,decaps,30707
4049,mlkem,fixed,decaps,40681
4050,mlkem,fixed,decaps,35014
4051,mlkem,fixed,decaps,36317
4052,mlkem,fixed,decaps,28100
4053,mlkem,fixed,decaps,26280
4054,mlkem,fixed,decaps,26919
4055,mlkem,fixed,decaps,27172
4056,mlkem,fixed,decaps,26516
4057,mlkem,fixed,decaps,27191
4058,mlkem,fixed,decaps,26754
4059,mlkem,fixed,decaps,26999
4060,mlkem,fixed,decaps,27037
4061,mlkem,fixed,decaps,26837
4062,mlkem,fixed,decaps,26512
4063,mlkem,fixed,decaps,32622
4064,mlkem,fixed,decaps,34535
4065,mlkem,fixed,decaps,33995
4066,mlkem,fixed,decaps,26923
4067,mlkem,fixed,decaps,26124
4068,mlkem,fixed,decaps,26222
4069,mlkem,fixed,decaps,25929
4070,mlkem,fixed,decaps,26103
4071,mlkem,fixed,decaps,25948
4072,mlkem,fixed,decaps,25869
4073,mlkem,fixed,decaps,25963
4074,mlkem,fixed,decaps,25945
4075,mlkem,fixed,decaps,26271
4076,mlkem,fixed,decaps,26301
4077,mlkem,fixed,decaps,26265
4078,mlkem,fixed,decaps,39518
4079,mlkem,fixed,decaps,26062
4080,mlkem,fixed,decaps,26044
4081,mlkem,fixed,decaps,25873
4082,mlkem,fixed,decaps,25817
4083,mlkem,fixed,decaps,25813
4084,mlkem,fixed,decaps,25783
4085,mlkem,fixed,decaps,25752
4086,mlkem,fixed,decaps,25987
4087,mlkem,fixed,decaps,25768
4088,mlkem,fixed,decaps,25792
4089,mlkem,fixed,decaps,25754
4090,mlkem,fixed,decaps,25750
4091,mlkem,fixed,decaps,25799
4092,mlkem,fixed,decaps,25807
4093,mlkem,fixed,decaps,25759
4094,mlkem,fixed,decaps,25712
4095,mlkem,fixed,decaps,25777
4096,mlkem,fixed,decaps,25758
4097,mlkem,fixed,decaps,25693
4098,mlkem,fixed,decaps,25757
4099,mlkem,fixed,decaps,25769
4100,mlkem,fixed,decaps,25763
4101,mlkem,fixed,decaps,25788
4102,mlkem,fixed,decaps,25783
4103,mlkem,fixed,decaps,25588
4104,mlkem,fixed,decaps,25784
4105,mlkem,fixed,decaps,25785
4106,mlkem,fixed,decaps,25633
4107,mlkem,fixed,decaps,25744
4108,mlkem,fixed,decaps,25757
4109,mlkem,fixed,decaps,25771
4110,mlkem,fixed,decaps,25783
4111,mlkem,fixed,decaps,25792
4112,mlkem,fixed,decaps,25568
4113,mlkem,fixed,decaps,25811
4114,mlkem,fixed,decaps,25779
4115,mlkem,fixed,decaps,25763
4116,mlkem,fixed,decaps,25899
4117,mlkem,fixed,decaps,26212
4118,mlkem,fixed,decaps,25816
4119,mlkem,fixed,decaps,25836
4120,mlkem,fixed,decaps,25776
4121,mlkem,fixed,decaps,25739
4122,mlkem,fixed,decaps,25780
4123,mlkem,fixed,decaps,25806
4124,mlkem,fixed,decaps,25732
4125,mlkem,fixed,decaps,25750
4126,mlkem,fixed,decaps,25792
4127,mlkem,fixed,decaps,25796
4128,mlkem,fixed,decaps,25837
4129,mlkem,fixed,decaps,25846
4130,mlkem,fixed,decaps,25768
4131,mlkem,fixed,decaps,25820
4132,mlkem,fixed,decaps,25830
4133,mlkem,fixed,decaps,37364
4134,mlkem,fixed,decaps,28600
4135,mlkem,fixed,decaps,31383
4136,mlkem,fixed,decaps,26134
4137,mlkem,fixed,decaps,25820
4138,mlkem,fixed,decaps,25809
4139,mlkem,fixed,decaps,25769
4140,mlkem,fixed,decaps,25781
4141,mlkem,fixed,decaps,25775
4142,mlkem,fixed,decaps,25813
4143,mlkem,fixed,decaps,25798
4144,mlkem,fixed,decaps,25713
4145,mlkem,fixed,decaps,25763
4146,mlkem,fixed,decaps,25823
4147,mlkem,fixed,decaps,25800
4148,mlkem,fixed,decaps,26074
4149,mlkem,fixed,decaps,25755
4150,mlkem,fixed,decaps,25929
4151,mlkem,fixed,decaps,25805
4152,mlkem,fixed,decaps,25769
4153,mlkem,fixed,decaps,25762
4154,mlkem,fixed,decaps,25715
4155,mlkem,fixed,decaps,25759
4156,mlkem,fixed,decaps,25844
4157,mlkem,fixed,decaps,25803
4158,mlkem,fixed,decaps,25767
4159,mlkem,fixed,decaps,25765
4160,mlkem,fixed,decaps,25792
4161,mlkem,fixed,decaps,25738
4162,mlkem,fixed,decaps,25743
4163,mlkem,fixed,decaps,25793
4164,mlkem,fixed,decaps,25757
4165,mlkem,fixed,decaps,25791
4166,mlkem,fixed,decaps,25777
4167,mlkem,fixed,decaps,25765
4168,mlkem,fixed,decaps,25811
4169,mlkem,fixed,decaps,25792
4170,mlkem,fixed,decaps,25815
4171,mlkem,fixed,decaps,25759
4172,mlkem,fixed,decaps,25811
4173,mlkem,fixed,decaps,25801
4174,mlkem,fixed,decaps,25781
4175,mlkem,fixed,decaps,25726
4176,mlkem,fixed,decaps,25724
4177,mlkem,fixed,decaps,25744
4178,mlkem,fixed,decaps,25839
4179,mlkem,fixed,decaps,25810
4180,mlkem,fixed,decaps,25746
4181,mlkem,fixed,decaps,25660
4182,mlkem,fixed,decaps,25760
4183,mlkem,fixed,decaps,25753
4184,mlkem,fixed,decaps,25752
4185,mlkem,fixed,decaps,25737
4186,mlkem,fixed,decaps,25789
4187,mlkem,fixed,decaps,25745
4188,mlkem,fixed,decaps,25765
4189,mlkem,fixed,decaps,25732
4190,mlkem,fixed,decaps,25710
4191,mlkem,fixed,decaps,25771
4192,mlkem,fixed,decaps,25786
4193,mlkem,fixed,decaps,25772
4194,mlkem,fixed,decaps,25785
4195,mlkem,fixed,decaps,25807
4196,mlkem,fixed,decaps,25775
4197,mlkem,fixed,decaps,25696
4198,mlkem,fixed,decaps,25832
4199,mlkem,fixed,decaps,25812
4200,mlkem,fixed,decaps,25795
4201,mlkem,fixed,decaps,25748
4202,mlkem,fixed,decaps,25715
4203,mlkem,fixed,decaps,25757
4204,mlkem,fixed,decaps,25773
4205,mlkem,fixed,decaps,25797
4206,mlkem,fixed,decaps,25764
4207,mlkem,fixed,decaps,25798
4208,mlkem,fixed,decaps,25785
4209,mlkem,fixed,decaps,25766
4210,mlkem,fixed,decaps,25753
4211,mlkem,fixed,decaps,25814
4212,mlkem,fixed,decaps,25798
4213,mlkem,fixed,decaps,25740
4214,mlkem,fixed,decaps,25817
4215,mlkem,fixed,decaps,25719
4216,mlkem,fixed,decaps,25842
4217,mlkem,fixed,decaps,25794
4218,mlkem,fixed,decaps,25771
4219,mlkem,fixed,decaps,25734
4220,mlkem,fixed,decaps,25798
4221,mlkem,fixed,decaps,25785
4222,mlkem,fixed,decaps,25790
4223,mlkem,fixed,decaps,25772
4224,mlkem,fixed,decaps,25745
4225,mlkem,fixed,decaps,25806
4226,mlkem,fixed,decaps,25688
4227,mlkem,fixed,decaps,25790
4228,mlkem,fixed,decaps,25773
4229,mlkem,fixed,decaps,34058
4230,mlkem,fixed,decaps,26378
4231,mlkem,fixed,decaps,25859
4232,mlkem,fixed,decaps,25811
4233,mlkem,fixed,decaps,25768
4234,mlkem,fixed,decaps,25795
4235,mlkem,fixed,decaps,25724
4236,mlkem,fixed,decaps,25775
4237,mlkem,fixed,decaps,25774
4238,mlkem,fixed,decaps,25717
4239,mlkem,fixed,decaps,25743
4240,mlkem,fixed,decaps,25785
4241,mlkem,fixed,decaps,25752
4242,mlkem,fixed,decaps,25768
4243,mlkem,fixed,decaps,25785
4244,mlkem,fixed,decaps,25715
4245,mlkem,fixed,decaps,25788
4246,mlkem,fixed,decaps,25787
4247,mlkem,fixed,decaps,25749
4248,mlkem,fixed,decaps,25665
4249,mlkem,fixed,decaps,25821
4250,mlkem,fixed,decaps,25799
4251,mlkem,fixed,decaps,25770
4252,mlkem,fixed,decaps,25680
4253,mlkem,fixed,decaps,25717
4254,mlkem,fixed,decaps,25819
4255,mlkem,fixed,decaps,25796
4256,mlkem,fixed,decaps,25790
4257,mlkem,fixed,decaps,25704
4258,mlkem,fixed,decaps,25775
4259,mlkem,fixed,decaps,25786
4260,mlkem,fixed,decaps,25706
4261,mlkem,fixed,decaps,25724
4262,mlkem,fixed,decaps,25771
4263,mlkem,fixed,decaps,25778
4264,mlkem,fixed,decaps,25798
4265,mlkem,fixed,decaps,25718
4266,mlkem,fixed,decaps,25745
4267,mlkem,fixed,decaps,25775
4268,mlkem,fixed,decaps,25753
4269,mlkem,fixed,decaps,25724
4270,mlkem,fixed,decaps,36033
4271,mlkem,fixed,decaps,26327
4272,mlkem,fixed,decaps,31616
4273,mlkem,fixed,decaps,25761
4274,mlkem,fixed,decaps,25788
4275,mlkem,fixed,decaps,25791
4276,mlkem,fixed,decaps,25768
4277,mlkem,fixed,decaps,25726
4278,mlkem,fixed,decaps,25759
4279,mlkem,fixed,decaps,25806
4280,mlkem,fixed,decaps,25846
4281,mlkem,fixed,decaps,25781
4282,mlkem,fixed,decaps,25765
4283,mlkem,fixed,decaps,25764
4284,mlkem,fixed,decaps,25802
4285,mlkem,fixed,decaps,25823
4286,mlkem,fixed,decaps,25805
4287,mlkem,fixed,decaps,25782
4288,mlkem,fixed,decaps,25761
4289,mlkem,fixed,decaps,25791
4290,mlkem,fixed,decaps,25817
4291,mlkem,fixed,decaps,25763
4292,mlkem,fixed,decaps,25757
4293,mlkem,fixed,decaps,25774
4294,mlkem,fixed,decaps,25795
4295,mlkem,fixed,decaps,25831
4296,mlkem,fixed,decaps,25812
4297,mlkem,fixed,decaps,25801
4298,mlkem,fixed,decaps,25785
4299,mlkem,fixed,decaps,25764
4300,mlkem,fixed,decaps,25779
4301,mlkem,fixed,decaps,25794
4302,mlkem,fixed,decaps,25789
4303,mlkem,fixed,decaps,25788
4304,mlkem,fixed,decaps,25780
4305,mlkem,fixed,decaps,25750
4306,mlkem,fixed,decaps,25809
4307,mlkem,fixed,decaps,25800
4308,mlkem,fixed,decaps,25826
4309,mlkem,fixed,decaps,25762
4310,mlkem,fixed,decaps,25770
4311,mlkem,fixed,decaps,25786
4312,mlkem,fixed,decaps,25714
4313,mlkem,fixed,decaps,25831
4314,mlkem,fixed,decaps,25816
4315,mlkem,fixed,decaps,25789
4316,mlkem,fixed,decaps,25761
4317,mlkem,fixed,decaps,25763
4318,mlkem,fixed,decaps,25785
4319,mlkem,fixed,decaps,25806
4320,mlkem,fixed,decaps,25787
4321,mlkem,fixed,decaps,25679
4322,mlkem,fixed,decaps,25787
4323,mlkem,fixed,decaps,25760
4324,mlkem,fixed,decaps,25810
4325,mlkem,fixed,decaps,25778
4326,mlkem,fixed,decaps,25759
4327,mlkem,fixed,decaps,25803
4328,mlkem,fixed,decaps,25798
4329,mlkem,fixed,decaps,25796
4330,mlkem,fixed,decaps,25706
4331,mlkem,fixed,decaps,25760
4332,mlkem,fixed,decaps,25767
4333,mlkem,fixed,decaps,25797
4334,mlkem,fixed,decaps,25809
4335,mlkem,fixed,decaps,25766
4336,mlkem,fixed,decaps,25788
4337,mlkem,fixed,decaps,25734
4338,mlkem,fixed,decaps,25799
4339,mlkem,fixed,decaps,25820
4340,mlkem,fixed,decaps,25801
4341,mlkem,fixed,decaps,25771
4342,mlkem,fixed,decaps,25646
4343,mlkem,fixed,decaps,25795
4344,mlkem,fixed,decaps,25832
4345,mlkem,fixed,decaps,25797
4346,mlkem,fixed,decaps,25749
4347,mlkem,fixed,decaps,25758
4348,mlkem,fixed,decaps,25810
4349,mlkem,fixed,decaps,25795
4350,mlkem,fixed,decaps,25813
4351,mlkem,fixed,decaps,25759
4352,mlkem,fixed,decaps,25768
4353,mlkem,fixed,decaps,25780
4354,mlkem,fixed,decaps,25784
4355,mlkem,fixed,decaps,25812
4356,mlkem,fixed,decaps,25807
4357,mlkem,fixed,decaps,25741
4358,mlkem,fixed,decaps,25818
4359,mlkem,fixed,decaps,25789
4360,mlkem,fixed,decaps,25819
4361,mlkem,fixed,decaps,25836
4362,mlkem,fixed,decaps,25771
4363,mlkem,fixed,decaps,25764
4364,mlkem,fixed,decaps,25789
4365,mlkem,fixed,decaps,25759
4366,mlkem,fixed,decaps,25699
4367,mlkem,fixed,decaps,25773
4368,mlkem,fixed,decaps,25817
4369,mlkem,fixed,decaps,25761
4370,mlkem,fixed,decaps,25713
4371,mlkem,fixed,decaps,25757
4372,mlkem,fixed,decaps,25784
4373,mlkem,fixed,decaps,25837
4374,mlkem,fixed,decaps,25772
4375,mlkem,fixed,decaps,25790
4376,mlkem,fixed,decaps,25756
4377,mlkem,fixed,decaps,25779
4378,mlkem,fixed,decaps,25739
4379,mlkem,fixed,decaps,25790
4380,mlkem,fixed,decaps,25767
4381,mlkem,fixed,decaps,25787
4382,mlkem,fixed,decaps,33137
4383,mlkem,fixed,decaps,25982
4384,mlkem,fixed,decaps,25919
4385,mlkem,fixed,decaps,25850
4386,mlkem,fixed,decaps,25731
4387,mlkem,fixed,decaps,25755
4388,mlkem,fixed,decaps,25819
4389,mlkem,fixed,decaps,25822
4390,mlkem,fixed,decaps,25777
4391,mlkem,fixed,decaps,25804
4392,mlkem,fixed,decaps,25795
4393,mlkem,fixed,decaps,25798
4394,mlkem,fixed,decaps,25796
4395,mlkem,fixed,decaps,25749
4396,mlkem,fixed,decaps,25776
4397,mlkem,fixed,decaps,25782
4398,mlkem,fixed,decaps,25809
4399,mlkem,fixed,decaps,25784
4400,mlkem,fixed,decaps,25750
4401,mlkem,fixed,decaps,25807
4402,mlkem,fixed,decaps,26275
4403,mlkem,fixed,decaps,26044
4404,mlkem,fixed,decaps,25777
4405,mlkem,fixed,decaps,25765
4406,mlkem,fixed,decaps,36924
4407,mlkem,fixed,decaps,26369
4408,mlkem,fixed,decaps,32487
4409,mlkem,fixed,decaps,25808
4410,mlkem,fixed,decaps,25767
4411,mlkem,fixed,decaps,25814
4412,mlkem,fixed,decaps,25756
4413,mlkem,fixed,decaps,25774
4414,mlkem,fixed,decaps,25755
4415,mlkem,fixed,decaps,25840
4416,mlkem,fixed,decaps,25809
4417,mlkem,fixed,decaps,25829
4418,mlkem,fixed,decaps,25739
4419,mlkem,fixed,decaps,25797
4420,mlkem,fixed,decaps,25793
4421,mlkem,fixed,decaps,25804
4422,mlkem,fixed,decaps,25770
4423,mlkem,fixed,decaps,25714
4424,mlkem,fixed,decaps,25812
4425,mlkem,fixed,decaps,25820
4426,mlkem,fixed,decaps,25762
4427,mlkem,fixed,decaps,25795
4428,mlkem,fixed,decaps,25745
4429,mlkem,fixed,decaps,25768
4430,mlkem,fixed,decaps,25790
4431,mlkem,fixed,decaps,25762
4432,mlkem,fixed,decaps,25790
4433,mlkem,fixed,decaps,25733
4434,mlkem,fixed,decaps,25731
4435,mlkem,fixed,decaps,25771
4436,mlkem,fixed,decaps,25815
4437,mlkem,fixed,decaps,25789
4438,mlkem,fixed,decaps,25764
4439,mlkem,fixed,decaps,25793
4440,mlkem,fixed,decaps,25767
4441,mlkem,fixed,decaps,25812
4442,mlkem,fixed,decaps,25785
4443,mlkem,fixed,decaps,25733
4444,mlkem,fixed,decaps,25787
4445,mlkem,fixed,decaps,25773
4446,mlkem,fixed,decaps,25817
4447,mlkem,fixed,decaps,25797
4448,mlkem,fixed,decaps,25796
4449,mlkem,fixed,decaps,25796
4450,mlkem,fixed,decaps,59436
4451,mlkem,fixed,decaps,25780
4452,mlkem,fixed,decaps,25761
4453,mlkem,fixed,decaps,25774
4454,mlkem,fixed,decaps,25793
4455,mlkem,fixed,decaps,25753
4456,mlkem,fixed,decaps,25773
4457,mlkem,fixed,decaps,25702
4458,mlkem,fixed,decaps,25785
4459,mlkem,fixed,decaps,25799
4460,mlkem,fixed,decaps,25757
4461,mlkem,fixed,decaps,25767
4462,mlkem,fixed,decaps,25751
4463,mlkem,fixed,decaps,25798
4464,mlkem,fixed,decaps,25776
4465,mlkem,fixed,decaps,25774
4466,mlkem,fixed,decaps,25693
4467,mlkem,fixed,decaps,25784
4468,mlkem,fixed,decaps,25783
4469,mlkem,fixed,decaps,25744
4470,mlkem,fixed,decaps,25772
4471,mlkem,fixed,decaps,25754
4472,mlkem,fixed,decaps,25771
4473,mlkem,fixed,decaps,25781
4474,mlkem,fixed,decaps,25746
4475,mlkem,fixed,decaps,25750
4476,mlkem,fixed,decaps,25778
4477,mlkem,fixed,decaps,25714
4478,mlkem,fixed,decaps,25817
4479,mlkem,fixed,decaps,25786
4480,mlkem,fixed,decaps,25769
4481,mlkem,fixed,decaps,25799
4482,mlkem,fixed,decaps,25764
4483,mlkem,fixed,decaps,25815
4484,mlkem,fixed,decaps,25751
4485,mlkem,fixed,decaps,25727
4486,mlkem,fixed,decaps,25777
4487,mlkem,fixed,decaps,25681
4488,mlkem,fixed,decaps,25774
4489,mlkem,fixed,decaps,25751
4490,mlkem,fixed,decaps,25781
4491,mlkem,fixed,decaps,25762
4492,mlkem,fixed,decaps,25798
4493,mlkem,fixed,decaps,25698
4494,mlkem,fixed,decaps,25727
4495,mlkem,fixed,decaps,25743
4496,mlkem,fixed,decaps,25753
4497,mlkem,fixed,decaps,25740
4498,mlkem,fixed,decaps,25750
4499,mlkem,fixed,decaps,25717
4500,mlkem,fixed,decaps,25717
4501,mlkem,fixed,decaps,25748
4502,mlkem,fixed,decaps,25738
4503,mlkem,fixed,decaps,25804
4504,mlkem,fixed,decaps,25764
4505,mlkem,fixed,decaps,25760
4506,mlkem,fixed,decaps,25795
4507,mlkem,fixed,decaps,25775
4508,mlkem,fixed,decaps,25747
4509,mlkem,fixed,decaps,25732
4510,mlkem,fixed,decaps,27441
4511,mlkem,fixed,decaps,37210
4512,mlkem,fixed,decaps,27565
4513,mlkem,fixed,decaps,30709
4514,mlkem,fixed,decaps,32082
4515,mlkem,fixed,decaps,25944
4516,mlkem,fixed,decaps,25797
4517,mlkem,fixed,decaps,25790
4518,mlkem,fixed,decaps,25778
4519,mlkem,fixed,decaps,25773
4520,mlkem,fixed,decaps,25734
4521,mlkem,fixed,decaps,25812
4522,mlkem,fixed,decaps,25820
4523,mlkem,fixed,decaps,25717
4524,mlkem,fixed,decaps,25662
4525,mlkem,fixed,decaps,25782
4526,mlkem,fixed,decaps,25789
4527,mlkem,fixed,decaps,25822
4528,mlkem,fixed,decaps,25704
4529,mlkem,fixed,decaps,25766
4530,mlkem,fixed,decaps,25784
4531,mlkem,fixed,decaps,25793
4532,mlkem,fixed,decaps,31974
4533,mlkem,fixed,decaps,25888
4534,mlkem,fixed,decaps,25837
4535,mlkem,fixed,decaps,25864
4536,mlkem,fixed,decaps,26060
4537,mlkem,fixed,decaps,25994
4538,mlkem,fixed,decaps,25834
4539,mlkem,fixed,decaps,25921
4540,mlkem,fixed,decaps,25969
4541,mlkem,fixed,decaps,25810
4542,mlkem,fixed,decaps,25792
4543,mlkem,fixed,decaps,38717
4544,mlkem,fixed,decaps,26435
4545,mlkem,fixed,decaps,31505
4546,mlkem,fixed,decaps,26565
4547,mlkem,fixed,decaps,26024
4548,mlkem,fixed,decaps,26350
4549,mlkem,fixed,decaps,26214
4550,mlkem,fixed,decaps,26108
4551,mlkem,fixed,decaps,26122
4552,mlkem,fixed,decaps,26227
4553,mlkem,fixed,decaps,26281
4554,mlkem,fixed,decaps,26552
4555,mlkem,fixed,decaps,26077
4556,mlkem,fixed,decaps,27811
4557,mlkem,fixed,decaps,26268
4558,mlkem,fixed,decaps,26753
4559,mlkem,fixed,decaps,27619
4560,mlkem,fixed,decaps,28880
4561,mlkem,fixed,decaps,38154
4562,mlkem,fixed,decaps,30279
4563,mlkem,fixed,decaps,27322
4564,mlkem,fixed,decaps,27570
4565,mlkem,fixed,decaps,28077
4566,mlkem,fixed,decaps,27961
4567,mlkem,fixed,decaps,40056
4568,mlkem,fixed,decaps,27285
4569,mlkem,fixed,decaps,26909
4570,mlkem,fixed,decaps,26788
4571,mlkem,fixed,decaps,28984
4572,mlkem,fixed,decaps,30898
4573,mlkem,fixed,decaps,29193
4574,mlkem,fixed,decaps,28253
4575,mlkem,fixed,decaps,26449
4576,mlkem,fixed,decaps,26091
4577,mlkem,fixed,decaps,27282
4578,mlkem,fixed,decaps,27202
4579,mlkem,fixed,decaps,27120
4580,mlkem,fixed,decaps,27566
4581,mlkem,fixed,decaps,26009
4582,mlkem,fixed,decaps,26844
4583,mlkem,fixed,decaps,26035
4584,mlkem,fixed,decaps,25424
4585,mlkem,fixed,decaps,26325
4586,mlkem,fixed,decaps,25999
4587,mlkem,fixed,decaps,26322
4588,mlkem,fixed,decaps,26970
4589,mlkem,fixed,decaps,26986
4590,mlkem,fixed,decaps,34547
4591,mlkem,fixed,decaps,26250
4592,mlkem,fixed,decaps,26392
4593,mlkem,fixed,decaps,25359
4594,mlkem,fixed,decaps,25888
4595,mlkem,fixed,decaps,25157
4596,mlkem,fixed,decaps,25205
4597,mlkem,fixed,decaps,25689
4598,mlkem,fixed,decaps,39822
4599,mlkem,fixed,decaps,26986
4600,mlkem,fixed,decaps,26781
4601,mlkem,fixed,decaps,25703
4602,mlkem,fixed,decaps,26224
4603,mlkem,fixed,decaps,26405
4604,mlkem,fixed,decaps,26850
4605,mlkem,fixed,decaps,27145
4606,mlkem,fixed,decaps,26383
4607,mlkem,fixed,decaps,26069
4608,mlkem,fixed,decaps,26586
4609,mlkem,fixed,decaps,26258
4610,mlkem,fixed,decaps,26841
4611,mlkem,fixed,decaps,26856
4612,mlkem,fixed,decaps,28274
4613,mlkem,fixed,decaps,27243
4614,mlkem,fixed,decaps,27000
4615,mlkem,fixed,decaps,28718
4616,mlkem,fixed,decaps,28991
4617,mlkem,fixed,decaps,27773
4618,mlkem,fixed,decaps,26709
4619,mlkem,fixed,decaps,27472
4620,mlkem,fixed,decaps,28138
4621,mlkem,fixed,decaps,26374
4622,mlkem,fixed,decaps,25998
4623,mlkem,fixed,decaps,27508
4624,mlkem,fixed,decaps,28823
4625,mlkem,fixed,decaps,29822
4626,mlkem,fixed,decaps,29342
4627,mlkem,fixed,decaps,54798
4628,mlkem,fixed,decaps,30836
4629,mlkem,fixed,decaps,35762
4630,mlkem,fixed,decaps,32457
4631,mlkem,fixed,decaps,33674
4632,mlkem,fixed,decaps,34880
4633,mlkem,fixed,decaps,49367
4634,mlkem,fixed,decaps,28504
4635,mlkem,fixed,decaps,27850
4636,mlkem,fixed,decaps,27575
4637,mlkem,fixed,decaps,26810
4638,mlkem,fixed,decaps,27209
4639,mlkem,fixed,decaps,47321
4640,mlkem,fixed,decaps,45745
4641,mlkem,fixed,decaps,52994
4642,mlkem,fixed,decaps,30832
4643,mlkem,fixed,decaps,45651
4644,mlkem,fixed,decaps,64999
4645,mlkem,fixed,decaps,26688
4646,mlkem,fixed,decaps,28288
4647,mlkem,fixed,decaps,28662
4648,mlkem,fixed,decaps,27621
4649,mlkem,fixed,decaps,25811
4650,mlkem,fixed,decaps,58590
4651,mlkem,fixed,decaps,33918
4652,mlkem,fixed,decaps,51504
4653,mlkem,fixed,decaps,43023
4654,mlkem,fixed,decaps,26327
4655,mlkem,fixed,decaps,25412
4656,mlkem,fixed,decaps,25038
4657,mlkem,fixed,decaps,25097
4658,mlkem,fixed,decaps,42294
4659,mlkem,fixed,decaps,25146
4660,mlkem,fixed,decaps,24972
4661,mlkem,fixed,decaps,25605
4662,mlkem,fixed,decaps,26022
4663,mlkem,fixed,decaps,28012
4664,mlkem,fixed,decaps,58112
4665,mlkem,fixed,decaps,30543
4666,mlkem,fixed,decaps,41610
4667,mlkem,fixed,decaps,25430
4668,mlkem,fixed,decaps,25077
4669,mlkem,fixed,decaps,25169
4670,mlkem,fixed,decaps,24505
4671,mlkem,fixed,decaps,25323
4672,mlkem,fixed,decaps,24563
4673,mlkem,fixed,decaps,24379
4674,mlkem,fixed,decaps,24318
4675,mlkem,fixed,decaps,24473
4676,mlkem,fixed,decaps,24385
4677,mlkem,fixed,decaps,24319
4678,mlkem,fixed,decaps,24356
4679,mlkem,fixed,decaps,36089
4680,mlkem,fixed,decaps,26056
4681,mlkem,fixed,decaps,27052
4682,mlkem,fixed,decaps,27812
4683,mlkem,fixed,decaps,24443
4684,mlkem,fixed,decaps,24354
4685,mlkem,fixed,decaps,29578
4686,mlkem,fixed,decaps,24675
4687,mlkem,fixed,decaps,24336
4688,mlkem,fixed,decaps,24294
4689,mlkem,fixed,decaps,24356
4690,mlkem,fixed,decaps,37605
4691,mlkem,fixed,decaps,25025
4692,mlkem,fixed,decaps,25078
4693,mlkem,fixed,decaps,25028
4694,mlkem,fixed,decaps,25090
4695,mlkem,fixed,decaps,25044
4696,mlkem,fixed,decaps,25081
4697,mlkem,fixed,decaps,25091
4698,mlkem,fixed,decaps,25084
4699,mlkem,fixed,decaps,25027
4700,mlkem,fixed,decaps,25057
4701,mlkem,fixed,decaps,25076
4702,mlkem,fixed,decaps,25087
4703,mlkem,fixed,decaps,25021
4704,mlkem,fixed,decaps,25081
4705,mlkem,fixed,decaps,25045
4706,mlkem,fixed,decaps,25081
4707,mlkem,fixed,decaps,25097
4708,mlkem,fixed,decaps,25064
4709,mlkem,fixed,decaps,25070
4710,mlkem,fixed,decaps,25092
4711,mlkem,fixed,decaps,25047
4712,mlkem,fixed,decaps,25070
4713,mlkem,fixed,decaps,25167
4714,mlkem,fixed,decaps,25063
4715,mlkem,fixed,decaps,25045
4716,mlkem,fixed,decaps,25060
4717,mlkem,fixed,decaps,25092
4718,mlkem,fixed,decaps,25041
4719,mlkem,fixed,decaps,24966
4720,mlkem,fixed,decaps,25084
4721,mlkem,fixed,decaps,25072
4722,mlkem,fixed,decaps,25027
4723,mlkem,fixed,decaps,25024
4724,mlkem,fixed,decaps,25055
4725,mlkem,fixed,decaps,25077
4726,mlkem,fixed,decaps,25075
4727,mlkem,fixed,decaps,25036
4728,mlkem,fixed,decaps,25090
4729,mlkem,fixed,decaps,25067
4730,mlkem,fixed,decaps,25026
4731,mlkem,fixed,decaps,25052
4732,mlkem,fixed,decaps,25063
4733,mlkem,fixed,decaps,25058
4734,mlkem,fixed,decaps,25078
4735,mlkem,fixed,decaps,25040
4736,mlkem,fixed,decaps,25082
4737,mlkem,fixed,decaps,25078
4738,mlkem,fixed,decaps,25014
4739,mlkem,fixed,decaps,25091
4740,mlkem,fixed,decaps,25080
4741,mlkem,fixed,decaps,25112
4742,mlkem,fixed,decaps,25027
4743,mlkem,fixed,decaps,24988
4744,mlkem,fixed,decaps,25084
4745,mlkem,fixed,decaps,25129
4746,mlkem,fixed,decaps,25041
4747,mlkem,fixed,decaps,25062
4748,mlkem,fixed,decaps,25076
4749,mlkem,fixed,decaps,25088
4750,mlkem,fixed,decaps,25061
4751,mlkem,fixed,decaps,25055
4752,mlkem,fixed,decaps,25056
4753,mlkem,fixed,decaps,25068
4754,mlkem,fixed,decaps,25053
4755,mlkem,fixed,decaps,24991
4756,mlkem,fixed,decaps,25061
4757,mlkem,fixed,decaps,25017
4758,mlkem,fixed,decaps,25023
4759,mlkem,fixed,decaps,25081
4760,mlkem,fixed,decaps,25066
4761,mlkem,fixed,decaps,25050
4762,mlkem,fixed,decaps,25049
4763,mlkem,fixed,decaps,25072
4764,mlkem,fixed,decaps,25089
4765,mlkem,fixed,decaps,25084
4766,mlkem,fixed,decaps,25041
4767,mlkem,fixed,decaps,25048
4768,mlkem,fixed,decaps,25068
4769,mlkem,fixed,decaps,25066
4770,mlkem,fixed,decaps,24985
4771,mlkem,fixed,decaps,25073
4772,mlkem,fixed,decaps,25184
4773,mlkem,fixed,decaps,25141
4774,mlkem,fixed,decaps,25073
4775,mlkem,fixed,decaps,25314
4776,mlkem,fixed,decaps,25039
4777,mlkem,fixed,decaps,25096
4778,mlkem,fixed,decaps,25048
4779,mlkem,fixed,decaps,25345
4780,mlkem,fixed,decaps,25707
4781,mlkem,fixed,decaps,25022
4782,mlkem,fixed,decaps,25059
4783,mlkem,fixed,decaps,25058
4784,mlkem,fixed,decaps,25025
4785,mlkem,fixed,decaps,25057
4786,mlkem,fixed,decaps,25068
4787,mlkem,fixed,decaps,25103
4788,mlkem,fixed,decaps,25104
4789,mlkem,fixed,decaps,25097
4790,mlkem,fixed,decaps,25062
4791,mlkem,fixed,decaps,25040
4792,mlkem,fixed,decaps,25083
4793,mlkem,fixed,decaps,25056
4794,mlkem,fixed,decaps,25033
4795,mlkem,fixed,decaps,25055
4796,mlkem,fixed,decaps,25065
4797,mlkem,fixed,decaps,25049
4798,mlkem,fixed,decaps,25047
4799,mlkem,fixed,decaps,25040
4800,mlkem,fixed,decaps,25050
4801,mlkem,fixed,decaps,25070
4802,mlkem,fixed,decaps,24997
4803,mlkem,fixed,decaps,25087
4804,mlkem,fixed,decaps,25054
4805,mlkem,fixed,decaps,25018
4806,mlkem,fixed,decaps,25081
4807,mlkem,fixed,decaps,25075
4808,mlkem,fixed,decaps,24979
4809,mlkem,fixed,decaps,25045
4810,mlkem,fixed,decaps,25050
4811,mlkem,fixed,decaps,25095
4812,mlkem,fixed,decaps,25063
4813,mlkem,fixed,decaps,25062
4814,mlkem,fixed,decaps,25071
4815,mlkem,fixed,decaps,25090
4816,mlkem,fixed,decaps,35579
4817,mlkem,fixed,decaps,35247
4818,mlkem,fixed,decaps,32282
4819,mlkem,fixed,decaps,25315
4820,mlkem,fixed,decaps,25019
4821,mlkem,fixed,decaps,25014
4822,mlkem,fixed,decaps,25069
4823,mlkem,fixed,decaps,25075
4824,mlkem,fixed,decaps,25003
4825,mlkem,fixed,decaps,25017
4826,mlkem,fixed,decaps,25060
4827,mlkem,fixed,decaps,25033
4828,mlkem,fixed,decaps,25015
4829,mlkem,fixed,decaps,25033
4830,mlkem,fixed,decaps,25015
4831,mlkem,fixed,decaps,25053
4832,mlkem,fixed,decaps,25047
4833,mlkem,fixed,decaps,25032
4834,mlkem,fixed,decaps,25015
4835,mlkem,fixed,decaps,25036
4836,mlkem,fixed,decaps,25010
4837,mlkem,fixed,decaps,25030
4838,mlkem,fixed,decaps,25032
4839,mlkem,fixed,decaps,25013
4840,mlkem,fixed,decaps,25036
4841,mlkem,fixed,decaps,25074
4842,mlkem,fixed,decaps,25006
4843,mlkem,fixed,decaps,25059
4844,mlkem,fixed,decaps,25001
4845,mlkem,fixed,decaps,25043
4846,mlkem,fixed,decaps,25062
4847,mlkem,fixed,decaps,25053
4848,mlkem,fixed,decaps,25019
4849,mlkem,fixed,decaps,25003
4850,mlkem,fixed,decaps,25022
4851,mlkem,fixed,decaps,25025
4852,mlkem,fixed,decaps,25024
4853,mlkem,fixed,decaps,25003
4854,mlkem,fixed,decaps,25036
4855,mlkem,fixed,decaps,25067
4856,mlkem,fixed,decaps,25065
4857,mlkem,fixed,decaps,25039
4858,mlkem,fixed,decaps,25005
4859,mlkem,fixed,decaps,25052
4860,mlkem,fixed,decaps,25041
4861,mlkem,fixed,decaps,25032
4862,mlkem,fixed,decaps,25042
4863,mlkem,fixed,decaps,25006
4864,mlkem,fixed,decaps,25006
4865,mlkem,fixed,decaps,25034
4866,mlkem,fixed,decaps,25023
4867,mlkem,fixed,decaps,25241
4868,mlkem,fixed,decaps,25052
4869,mlkem,fixed,decaps,25050
4870,mlkem,fixed,decaps,25095
4871,mlkem,fixed,decaps,25057
4872,mlkem,fixed,decaps,25035
4873,mlkem,fixed,decaps,25018
4874,mlkem,fixed,decaps,25052
4875,mlkem,fixed,decaps,25020
4876,mlkem,fixed,decaps,25016
4877,mlkem,fixed,decaps,24993
4878,mlkem,fixed,decaps,25004
4879,mlkem,fixed,decaps,25054
4880,mlkem,fixed,decaps,25024
4881,mlkem,fixed,decaps,24995
4882,mlkem,fixed,decaps,25017
4883,mlkem,fixed,decaps,25031
4884,mlkem,fixed,decaps,25006
4885,mlkem,fixed,decaps,25053
4886,mlkem,fixed,decaps,25011
4887,mlkem,fixed,decaps,24982
4888,mlkem,fixed,decaps,25030
4889,mlkem,fixed,decaps,25050
4890,mlkem,fixed,decaps,25022
4891,mlkem,fixed,decaps,24998
4892,mlkem,fixed,decaps,25014
4893,mlkem,fixed,decaps,25062
4894,mlkem,fixed,decaps,25050
4895,mlkem,fixed,decaps,25027
4896,mlkem,fixed,decaps,25002
4897,mlkem,fixed,decaps,25042
4898,mlkem,fixed,decaps,24998
4899,mlkem,fixed,decaps,25048
4900,mlkem,fixed,decaps,24995
4901,mlkem,fixed,decaps,25034
4902,mlkem,fixed,decaps,25038
4903,mlkem,fixed,decaps,25071
4904,mlkem,fixed,decaps,24977
4905,mlkem,fixed,decaps,25004
4906,mlkem,fixed,decaps,25036
4907,mlkem,fixed,decaps,25082
4908,mlkem,fixed,decaps,25044
4909,mlkem,fixed,decaps,25027
4910,mlkem,fixed,decaps,24993
4911,mlkem,fixed,decaps,25057
4912,mlkem,fixed,decaps,25050
4913,mlkem,fixed,decaps,25041
4914,mlkem,fixed,decaps,24986
4915,mlkem,fixed,decaps,25026
4916,mlkem,fixed,decaps,25058
4917,mlkem,fixed,decaps,25072
4918,mlkem,fixed,decaps,25016
4919,mlkem,fixed,decaps,24968
4920,mlkem,fixed,decaps,25058
4921,mlkem,fixed,decaps,24945
4922,mlkem,fixed,decaps,25044
4923,mlkem,fixed,decaps,25024
4924,mlkem,fixed,decaps,24998
4925,mlkem,fixed,decaps,38405
4926,mlkem,fixed,decaps,25769
4927,mlkem,fixed,decaps,25685
4928,mlkem,fixed,decaps,25715
4929,mlkem,fixed,decaps,25827
4930,mlkem,fixed,decaps,25706
4931,mlkem,fixed,decaps,25797
4932,mlkem,fixed,decaps,25774
4933,mlkem,fixed,decaps,25790
4934,mlkem,fixed,decaps,25780
4935,mlkem,fixed,decaps,25781
4936,mlkem,fixed,decaps,25709
4937,mlkem,fixed,decaps,25762
4938,mlkem,fixed,decaps,25715
4939,mlkem,fixed,decaps,25836
4940,mlkem,fixed,decaps,25806
4941,mlkem,fixed,decaps,25777
4942,mlkem,fixed,decaps,25754
4943,mlkem,fixed,decaps,25814
4944,mlkem,fixed,decaps,25766
4945,mlkem,fixed,decaps,25772
4946,mlkem,fixed,decaps,25737
4947,mlkem,fixed,decaps,25694
4948,mlkem,fixed,decaps,25775
4949,mlkem,fixed,decaps,25774
4950,mlkem,fixed,decaps,25832
4951,mlkem,fixed,decaps,25789
4952,mlkem,fixed,decaps,36523
4953,mlkem,fixed,decaps,26336
4954,mlkem,fixed,decaps,31796
4955,mlkem,fixed,decaps,25746
4956,mlkem,fixed,decaps,25784
4957,mlkem,fixed,decaps,25766
4958,mlkem,fixed,decaps,25747
4959,mlkem,fixed,decaps,25780
4960,mlkem,fixed,decaps,25792
4961,mlkem,fixed,decaps,25770
4962,mlkem,fixed,decaps,25737
4963,mlkem,fixed,decaps,25729
4964,mlkem,fixed,decaps,25746
4965,mlkem,fixed,decaps,25726
4966,mlkem,fixed,decaps,25713
4967,mlkem,fixed,decaps,25767
4968,mlkem,fixed,decaps,25787
4969,mlkem,fixed,decaps,25730
4970,mlkem,fixed,decaps,25785
4971,mlkem,fixed,decaps,25777
4972,mlkem,fixed,decaps,31150
4973,mlkem,fixed,decaps,25904
4974,mlkem,fixed,decaps,25916
4975,mlkem,fixed,decaps,25775
4976,mlkem,fixed,decaps,25768
4977,mlkem,fixed,decaps,25688
4978,mlkem,fixed,decaps,25758
4979,mlkem,fixed,decaps,25777
4980,mlkem,fixed,decaps,25697
4981,mlkem,fixed,decaps,25692
4982,mlkem,fixed,decaps,25740
4983,mlkem,fixed,decaps,25775
4984,mlkem,fixed,decaps,25718
4985,mlkem,fixed,decaps,25723
4986,mlkem,fixed,decaps,25720
4987,mlkem,fixed,decaps,25779
4988,mlkem,fixed,decaps,25757
4989,mlkem,fixed,decaps,25793
4990,mlkem,fixed,decaps,25750
4991,mlkem,fixed,decaps,25747
4992,mlkem,fixed,decaps,25735
4993,mlkem,fixed,decaps,25908
4994,mlkem,fixed,decaps,25868
4995,mlkem,fixed,decaps,25710
4996,mlkem,fixed,decaps,25735
4997,mlkem,fixed,decaps,25714
4998,mlkem,fixed,decaps,25794
4999,mlkem,fixed,decaps,25727
5000,mlkem,fixed,decaps,25789
5001,mlkem,fixed,decaps,59271
5002,mlkem,fixed,decaps,25638
5003,mlkem,fixed,decaps,25769
5004,mlkem,fixed,decaps,25746
5005,mlkem,fixed,decaps,25775
5006,mlkem,fixed,decaps,25791
5007,mlkem,fixed,decaps,25760
5008,mlkem,fixed,decaps,25775
5009,mlkem,fixed,decaps,25722
5010,mlkem,fixed,decaps,25812
5011,mlkem,fixed,decaps,25775
5012,mlkem,fixed,decaps,25780
5013,mlkem,fixed,decaps,25720
5014,mlkem,fixed,decaps,25745
5015,mlkem,fixed,decaps,25743
5016,mlkem,fixed,decaps,25744
5017,mlkem,fixed,decaps,25742
5018,mlkem,fixed,decaps,25760
5019,mlkem,fixed,decaps,25748
5020,mlkem,fixed,decaps,25773
5021,mlkem,fixed,decaps,25745
5022,mlkem,fixed,decaps,25781
5023,mlkem,fixed,decaps,25715
5024,mlkem,fixed,decaps,25788
5025,mlkem,fixed,decaps,25801
5026,mlkem,fixed,decaps,25763
5027,mlkem,fixed,decaps,25743
5028,mlkem,fixed,decaps,25755
5029,mlkem,fixed,decaps,25745
5030,mlkem,fixed,decaps,25722
5031,mlkem,fixed,decaps,25735
5032,mlkem,fixed,decaps,25730
5033,mlkem,fixed,decaps,25737
5034,mlkem,fixed,decaps,25768
5035,mlkem,fixed,decaps,25776
5036,mlkem,fixed,decaps,25749
5037,mlkem,fixed,decaps,25770
5038,mlkem,fixed,decaps,25745
5039,mlkem,fixed,decaps,25740
5040,mlkem,fixed,decaps,25749
5041,mlkem,fixed,decaps,25779
5042,mlkem,fixed,decaps,25749
5043,mlkem,fixed,decaps,25731
5044,mlkem,fixed,decaps,25706
5045,mlkem,fixed,decaps,25763
5046,mlkem,fixed,decaps,25736
5047,mlkem,fixed,decaps,25739
5048,mlkem,fixed,decaps,25780
5049,mlkem,fixed,decaps,25754
5050,mlkem,fixed,decaps,25790
5051,mlkem,fixed,decaps,25810
5052,mlkem,fixed,decaps,25774
5053,mlkem,fixed,decaps,25722
5054,mlkem,fixed,decaps,25739
5055,mlkem,fixed,decaps,25746
5056,mlkem,fixed,decaps,25795
5057,mlkem,fixed,decaps,25824
5058,mlkem,fixed,decaps,25758
5059,mlkem,fixed,decaps,25786
5060,mlkem,fixed,decaps,25795
5061,mlkem,fixed,decaps,25774
5062,mlkem,fixed,decaps,25800
5063,mlkem,fixed,decaps,25782
5064,mlkem,fixed,decaps,25726
5065,mlkem,fixed,decaps,25732
5066,mlkem,fixed,decaps,25759
5067,mlkem,fixed,decaps,25753
5068,mlkem,fixed,decaps,25772
5069,mlkem,fixed,decaps,25744
5070,mlkem,fixed,decaps,25726
5071,mlkem,fixed,decaps,25742
5072,mlkem,fixed,decaps,25731
5073,mlkem,fixed,decaps,25789
5074,mlkem,fixed,decaps,25798
5075,mlkem,fixed,decaps,25763
5076,mlkem,fixed,decaps,25765
5077,mlkem,fixed,decaps,25749
5078,mlkem,fixed,decaps,25758
5079,mlkem,fixed,decaps,25763
5080,mlkem,fixed,decaps,25764
5081,mlkem,fixed,decaps,25731
5082,mlkem,fixed,decaps,25768
5083,mlkem,fixed,decaps,25731
5084,mlkem,fixed,decaps,25790
5085,mlkem,fixed,decaps,25739
5086,mlkem,fixed,decaps,25723
5087,mlkem,fixed,decaps,25754
5088,mlkem,fixed,decaps,25709
5089,mlkem,fixed,decaps,36593
5090,mlkem,fixed,decaps,26409
5091,mlkem,fixed,decaps,31001
5092,mlkem,fixed,decaps,25900
5093,mlkem,fixed,decaps,25786
5094,mlkem,fixed,decaps,25789
5095,mlkem,fixed,decaps,25762
5096,mlkem,fixed,decaps,25751
5097,mlkem,fixed,decaps,25735
5098,mlkem,fixed,decaps,25726
5099,mlkem,fixed,decaps,25786
5100,mlkem,fixed,decaps,25721
5101,mlkem,fixed,decaps,25713
5102,mlkem,fixed,decaps,25773
5103,mlkem,fixed,decaps,25743
5104,mlkem,fixed,decaps,25805
5105,mlkem,fixed,decaps,25782
5106,mlkem,fixed,decaps,25790
5107,mlkem,fixed,decaps,25776
5108,mlkem,fixed,decaps,25800
5109,mlkem,fixed,decaps,25793
5110,mlkem,fixed,decaps,25743
5111,mlkem,fixed,decaps,25764
5112,mlkem,fixed,decaps,25748
5113,mlkem,fixed,decaps,25780
5114,mlkem,fixed,decaps,25772
5115,mlkem,fixed,decaps,25746
5116,mlkem,fixed,decaps,25777
5117,mlkem,fixed,decaps,25793
5118,mlkem,fixed,decaps,25843
5119,mlkem,fixed,decaps,25766
5120,mlkem,fixed,decaps,25763
5121,mlkem,fixed,decaps,26062
5122,mlkem,fixed,decaps,25973
5123,mlkem,fixed,decaps,33424
5124,mlkem,fixed,decaps,26444
5125,mlkem,fixed,decaps,25814
5126,mlkem,fixed,decaps,25788
5127,mlkem,fixed,decaps,25797
5128,mlkem,fixed,decaps,25801
5129,mlkem,fixed,decaps,25749
5130,mlkem,fixed,decaps,25780
5131,mlkem,fixed,decaps,25793
5132,mlkem,fixed,decaps,25791
5133,mlkem,fixed,decaps,25779
5134,mlkem,fixed,decaps,25791
5135,mlkem,fixed,decaps,25780
5136,mlkem,fixed,decaps,25759
5137,mlkem,fixed,decaps,25761
5138,mlkem,fixed,decaps,25735
5139,mlkem,fixed,decaps,25768
5140,mlkem,fixed,decaps,25738
5141,mlkem,fixed,decaps,25815
5142,mlkem,fixed,decaps,25701
5143,mlkem,fixed,decaps,25754
5144,mlkem,fixed,decaps,25803
5145,mlkem,fixed,decaps,25786
5146,mlkem,fixed,decaps,25736
5147,mlkem,fixed,decaps,25697
5148,mlkem,fixed,decaps,25765
5149,mlkem,fixed,decaps,25820
5150,mlkem,fixed,decaps,25737
5151,mlkem,fixed,decaps,25747
5152,mlkem,fixed,decaps,25939
5153,mlkem,fixed,decaps,26255
5154,mlkem,fixed,decaps,25920
5155,mlkem,fixed,decaps,25807
5156,mlkem,fixed,decaps,26542
5157,mlkem,fixed,decaps,25923
5158,mlkem,fixed,decaps,25974
5159,mlkem,fixed,decaps,26162
5160,mlkem,fixed,decaps,26418
5161,mlkem,fixed,decaps,26388
5162,mlkem,fixed,decaps,26666
5163,mlkem,fixed,decaps,26496
5164,mlkem,fixed,decaps,27007
5165,mlkem,fixed,decaps,26562
5166,mlkem,fixed,decaps,26561
5167,mlkem,fixed,decaps,26474
5168,mlkem,fixed,decaps,26584
5169,mlkem,fixed,decaps,26729
5170,mlkem,fixed,decaps,27073
5171,mlkem,fixed,decaps,26895
5172,mlkem,fixed,decaps,27778
5173,mlkem,fixed,decaps,28013
5174,mlkem,fixed,decaps,27333
5175,mlkem,fixed,decaps,29207
5176,mlkem,fixed,decaps,29619
5177,mlkem,fixed,decaps,31599
5178,mlkem,fixed,decaps,29579
5179,mlkem,fixed,decaps,28170
5180,mlkem,fixed,decaps,28342
5181,mlkem,fixed,decaps,29839
5182,mlkem,fixed,decaps,31021
5183,mlkem,fixed,decaps,30380
5184,mlkem,fixed,decaps,28686
5185,mlkem,fixed,decaps,29705
5186,mlkem,fixed,decaps,28804
5187,mlkem,fixed,decaps,31996
5188,mlkem,fixed,decaps,31471
5189,mlkem,fixed,decaps,30821
5190,mlkem,fixed,decaps,30568
5191,mlkem,fixed,decaps,29056
5192,mlkem,fixed,decaps,27336
5193,mlkem,fixed,decaps,28009
5194,mlkem,fixed,decaps,27559
5195,mlkem,fixed,decaps,28209
5196,mlkem,fixed,decaps,28356
5197,mlkem,fixed,decaps,27133
5198,mlkem,fixed,decaps,27178
5199,mlkem,fixed,decaps,27640
5200,mlkem,fixed,decaps,28753
5201,mlkem,fixed,decaps,27169
5202,mlkem,fixed,decaps,27155
5203,mlkem,fixed,decaps,28710
5204,mlkem,fixed,decaps,28635
5205,mlkem,fixed,decaps,28040
5206,mlkem,fixed,decaps,28656
5207,mlkem,fixed,decaps,28198
5208,mlkem,fixed,decaps,27060
5209,mlkem,fixed,decaps,27123
5210,mlkem,fixed,decaps,27833
5211,mlkem,fixed,decaps,27880
5212,mlkem,fixed,decaps,29380
5213,mlkem,fixed,decaps,27272
5214,mlkem,fixed,decaps,29136
5215,mlkem,fixed,decaps,28089
5216,mlkem,fixed,decaps,26919
5217,mlkem,fixed,decaps,27517
5218,mlkem,fixed,decaps,29202
5219,mlkem,fixed,decaps,29317
5220,mlkem,fixed,decaps,27019
5221,mlkem,fixed,decaps,27606
5222,mlkem,fixed,decaps,28770
5223,mlkem,fixed,decaps,31753
5224,mlkem,fixed,decaps,32644
5225,mlkem,fixed,decaps,31212
5226,mlkem,fixed,decaps,50877
5227,mlkem,fixed,decaps,36914
5228,mlkem,fixed,decaps,34015
5229,mlkem,fixed,decaps,27470
5230,mlkem,fixed,decaps,26887
5231,mlkem,fixed,decaps,27238
5232,mlkem,fixed,decaps,27366
5233,mlkem,fixed,decaps,58450
5234,mlkem,fixed,decaps,32350
5235,mlkem,fixed,decaps,27621
5236,mlkem,fixed,decaps,27166
5237,mlkem,fixed,decaps,30236
5238,mlkem,fixed,decaps,28004
5239,mlkem,fixed,decaps,28315
5240,mlkem,fixed,decaps,27092
5241,mlkem,fixed,decaps,26709
5242,mlkem,fixed,decaps,27340
5243,mlkem,fixed,decaps,28475
5244,mlkem,fixed,decaps,28992
5245,mlkem,fixed,decaps,27730
5246,mlkem,fixed,decaps,27635
5247,mlkem,fixed,decaps,27704
5248,mlkem,fixed,decaps,27663
5249,mlkem,fixed,decaps,35413
5250,mlkem,fixed,decaps,36875
5251,mlkem,fixed,decaps,27081
5252,mlkem,fixed,decaps,35521
5253,mlkem,fixed,decaps,27170
5254,mlkem,fixed,decaps,27316
5255,mlkem,fixed,decaps,26076
5256,mlkem,fixed,decaps,41435
5257,mlkem,fixed,decaps,24367
5258,mlkem,fixed,decaps,24312
5259,mlkem,fixed,decaps,24294
5260,mlkem,fixed,decaps,24353
5261,mlkem,fixed,decaps,56057
5262,mlkem,fixed,decaps,41943
5263,mlkem,fixed,decaps,24385
5264,mlkem,fixed,decaps,24359
5265,mlkem,fixed,decaps,24355
5266,mlkem,fixed,decaps,24351
5267,mlkem,fixed,decaps,24308
5268,mlkem,fixed,decaps,24373
5269,mlkem,fixed,decaps,24312
5270,mlkem,fixed,decaps,24342
5271,mlkem,fixed,decaps,24343
5272,mlkem,fixed,decaps,24365
5273,mlkem,fixed,decaps,24332
5274,mlkem,fixed,decaps,24326
5275,mlkem,fixed,decaps,24316
5276,mlkem,fixed,decaps,24374
5277,mlkem,fixed,decaps,24320
5278,mlkem,fixed,decaps,24378
5279,mlkem,fixed,decaps,24393
5280,mlkem,fixed,decaps,24365
5281,mlkem,fixed,decaps,24322
5282,mlkem,fixed,decaps,24337
5283,mlkem,fixed,decaps,24366
5284,mlkem,fixed,decaps,24325
5285,mlkem,fixed,decaps,29952
5286,mlkem,fixed,decaps,50956
5287,mlkem,fixed,decaps,42174
5288,mlkem,fixed,decaps,24400
5289,mlkem,fixed,decaps,41593
5290,mlkem,fixed,decaps,25054
5291,mlkem,fixed,decaps,25047
5292,mlkem,fixed,decaps,25039
5293,mlkem,fixed,decaps,25091
5294,mlkem,fixed,decaps,25073
5295,mlkem,fixed,decaps,25022
5296,mlkem,fixed,decaps,25039
5297,mlkem,fixed,decaps,25034
5298,mlkem,fixed,decaps,25032
5299,mlkem,fixed,decaps,25044
5300,mlkem,fixed,decaps,25034
5301,mlkem,fixed,decaps,25051
5302,mlkem,fixed,decaps,24970
5303,mlkem,fixed,decaps,25038
5304,mlkem,fixed,decaps,24999
5305,mlkem,fixed,decaps,25004
5306,mlkem,fixed,decaps,24966
5307,mlkem,fixed,decaps,25090
5308,mlkem,fixed,decaps,25085
5309,mlkem,fixed,decaps,25051
5310,mlkem,fixed,decaps,24899
5311,mlkem,fixed,decaps,25034
5312,mlkem,fixed,decaps,25063
5313,mlkem,fixed,decaps,25048
5314,mlkem,fixed,decaps,25077
5315,mlkem,fixed,decaps,25041
5316,mlkem,fixed,decaps,25005
5317,mlkem,fixed,decaps,25020
5318,mlkem,fixed,decaps,25067
5319,mlkem,fixed,decaps,25055
5320,mlkem,fixed,decaps,24984
5321,mlkem,fixed,decaps,25070
5322,mlkem,fixed,decaps,25055
5323,mlkem,fixed,decaps,25031
5324,mlkem,fixed,decaps,25036
5325,mlkem,fixed,decaps,25055
5326,mlkem,fixed,decaps,25029
5327,mlkem,fixed,decaps,25043
5328,mlkem,fixed,decaps,25055
5329,mlkem,fixed,decaps,25026
5330,mlkem,fixed,decaps,25022
5331,mlkem,fixed,decaps,24993
5332,mlkem,fixed,decaps,25019
5333,mlkem,fixed,decaps,25049
5334,mlkem,fixed,decaps,25008
5335,mlkem,fixed,decaps,25049
5336,mlkem,fixed,decaps,25088
5337,mlkem,fixed,decaps,25039
5338,mlkem,fixed,decaps,25007
5339,mlkem,fixed,decaps,25014
5340,mlkem,fixed,decaps,25072
5341,mlkem,fixed,decaps,24962
5342,mlkem,fixed,decaps,25016
5343,mlkem,fixed,decaps,25020
5344,mlkem,fixed,decaps,25067
5345,mlkem,fixed,decaps,25044
5346,mlkem,fixed,decaps,25034
5347,mlkem,fixed,decaps,25062
5348,mlkem,fixed,decaps,25051
5349,mlkem,fixed,decaps,25000
5350,mlkem,fixed,decaps,25043
5351,mlkem,fixed,decaps,25074
5352,mlkem,fixed,decaps,25049
5353,mlkem,fixed,decaps,25022
5354,mlkem,fixed,decaps,25016
5355,mlkem,fixed,decaps,25056
5356,mlkem,fixed,decaps,24997
5357,mlkem,fixed,decaps,25018
5358,mlkem,fixed,decaps,25041
5359,mlkem,fixed,decaps,25064
5360,mlkem,fixed,decaps,25052
5361,mlkem,fixed,decaps,25051
5362,mlkem,fixed,decaps,37297
5363,mlkem,fixed,decaps,25851
5364,mlkem,fixed,decaps,44205
5365,mlkem,fixed,decaps,27137
5366,mlkem,fixed,decaps,26600
5367,mlkem,fixed,decaps,26584
5368,mlkem,fixed,decaps,26511
5369,mlkem,fixed,decaps,26618
5370,mlkem,fixed,decaps,26570
5371,mlkem,fixed,decaps,26508
5372,mlkem,fixed,decaps,26568
5373,mlkem,fixed,decaps,26512
5374,mlkem,fixed,decaps,26541
5375,mlkem,fixed,decaps,26576
5376,mlkem,fixed,decaps,26541
5377,mlkem,fixed,decaps,26542
5378,mlkem,fixed,decaps,26560
5379,mlkem,fixed,decaps,26525
5380,mlkem,fixed,decaps,26566
5381,mlkem,fixed,decaps,26629
5382,mlkem,fixed,decaps,26564
5383,mlkem,fixed,decaps,26557
5384,mlkem,fixed,decaps,26542
5385,mlkem,fixed,decaps,26538
5386,mlkem,fixed,decaps,26550
5387,mlkem,fixed,decaps,26562
5388,mlkem,fixed,decaps,26488
5389,mlkem,fixed,decaps,26583
5390,mlkem,fixed,decaps,26448
5391,mlkem,fixed,decaps,26572
5392,mlkem,fixed,decaps,26588
5393,mlkem,fixed,decaps,26573
5394,mlkem,fixed,decaps,26485
5395,mlkem,fixed,decaps,26599
5396,mlkem,fixed,decaps,26597
5397,mlkem,fixed,decaps,26535
5398,mlkem,fixed,decaps,26550
5399,mlkem,fixed,decaps,26550
5400,mlkem,fixed,decaps,26569
5401,mlkem,fixed,decaps,26541
5402,mlkem,fixed,decaps,38816
5403,mlkem,fixed,decaps,25795
5404,mlkem,fixed,decaps,25792
5405,mlkem,fixed,decaps,25740
5406,mlkem,fixed,decaps,25769
5407,mlkem,fixed,decaps,25830
5408,mlkem,fixed,decaps,25767
5409,mlkem,fixed,decaps,25743
5410,mlkem,fixed,decaps,32983
5411,mlkem,fixed,decaps,26436
5412,mlkem,fixed,decaps,25739
5413,mlkem,fixed,decaps,25833
5414,mlkem,fixed,decaps,25820
5415,mlkem,fixed,decaps,25810
5416,mlkem,fixed,decaps,25768
5417,mlkem,fixed,decaps,25755
5418,mlkem,fixed,decaps,25772
5419,mlkem,fixed,decaps,25763
5420,mlkem,fixed,decaps,25823
5421,mlkem,fixed,decaps,25806
5422,mlkem,fixed,decaps,25724
5423,mlkem,fixed,decaps,25786
5424,mlkem,fixed,decaps,25787
5425,mlkem,fixed,decaps,25802
5426,mlkem,fixed,decaps,25723
5427,mlkem,fixed,decaps,25705
5428,mlkem,fixed,decaps,25771
5429,mlkem,fixed,decaps,25791
5430,mlkem,fixed,decaps,25802
5431,mlkem,fixed,decaps,25791
5432,mlkem,fixed,decaps,25772
5433,mlkem,fixed,decaps,25793
5434,mlkem,fixed,decaps,25777
5435,mlkem,fixed,decaps,25787
5436,mlkem,fixed,decaps,25808
5437,mlkem,fixed,decaps,25765
5438,mlkem,fixed,decaps,25790
5439,mlkem,fixed,decaps,25785
5440,mlkem,fixed,decaps,25798
5441,mlkem,fixed,decaps,25788
5442,mlkem,fixed,decaps,25777
5443,mlkem,fixed,decaps,25788
5444,mlkem,fixed,decaps,25782
5445,mlkem,fixed,decaps,25755
5446,mlkem,fixed,decaps,25780
5447,mlkem,fixed,decaps,25832
5448,mlkem,fixed,decaps,25814
5449,mlkem,fixed,decaps,25770
5450,mlkem,fixed,decaps,25795
5451,mlkem,fixed,decaps,25801
5452,mlkem,fixed,decaps,25768
5453,mlkem,fixed,decaps,25782
5454,mlkem,fixed,decaps,25729
5455,mlkem,fixed,decaps,25777
5456,mlkem,fixed,decaps,25767
5457,mlkem,fixed,decaps,25751
5458,mlkem,fixed,decaps,25760
5459,mlkem,fixed,decaps,25790
5460,mlkem,fixed,decaps,25780
5461,mlkem,fixed,decaps,25766
5462,mlkem,fixed,decaps,25776
5463,mlkem,fixed,decaps,25785
5464,mlkem,fixed,decaps,25827
5465,mlkem,fixed,decaps,25761
5466,mlkem,fixed,decaps,25772
5467,mlkem,fixed,decaps,25752
5468,mlkem,fixed,decaps,25763
5469,mlkem,fixed,decaps,25740
5470,mlkem,fixed,decaps,25792
5471,mlkem,fixed,decaps,25765
5472,mlkem,fixed,decaps,25756
5473,mlkem,fixed,decaps,25736
5474,mlkem,fixed,decaps,25761
5475,mlkem,fixed,decaps,25768
5476,mlkem,fixed,decaps,25795
5477,mlkem,fixed,decaps,25784
5478,mlkem,fixed,decaps,25783
5479,mlkem,fixed,decaps,25770
5480,mlkem,fixed,decaps,25784
5481,mlkem,fixed,decaps,25793
5482,mlkem,fixed,decaps,25794
5483,mlkem,fixed,decaps,25732
5484,mlkem,fixed,decaps,25792
5485,mlkem,fixed,decaps,25775
5486,mlkem,fixed,decaps,25715
5487,mlkem,fixed,decaps,25771
5488,mlkem,fixed,decaps,25804
5489,mlkem,fixed,decaps,25798
5490,mlkem,fixed,decaps,25745
5491,mlkem,fixed,decaps,25739
5492,mlkem,fixed,decaps,25776
5493,mlkem,fixed,decaps,25726
5494,mlkem,fixed,decaps,25758
5495,mlkem,fixed,decaps,25751
5496,mlkem,fixed,decaps,25781
5497,mlkem,fixed,decaps,25778
5498,mlkem,fixed,decaps,25800
5499,mlkem,fixed,decaps,36592
5500,mlkem,fixed,decaps,26394
5501,mlkem,fixed,decaps,30538
5502,mlkem,fixed,decaps,25908
5503,mlkem,fixed,decaps,25742
5504,mlkem,fixed,decaps,25769
5505,mlkem,fixed,decaps,25750
5506,mlkem,fixed,decaps,25726
5507,mlkem,fixed,decaps,25775
5508,mlkem,fixed,decaps,25799
5509,mlkem,fixed,decaps,25756
5510,mlkem,fixed,decaps,25751
5511,mlkem,fixed,decaps,25716
5512,mlkem,fixed,decaps,25771
5513,mlkem,fixed,decaps,25738
5514,mlkem,fixed,decaps,25738
5515,mlkem,fixed,decaps,25786
5516,mlkem,fixed,decaps,25746
5517,mlkem,fixed,decaps,25736
5518,mlkem,fixed,decaps,25718
5519,mlkem,fixed,decaps,25784
5520,mlkem,fixed,decaps,25775
5521,mlkem,fixed,decaps,25717
5522,mlkem,fixed,decaps,25757
5523,mlkem,fixed,decaps,25764
5524,mlkem,fixed,decaps,25724
5525,mlkem,fixed,decaps,25748
5526,mlkem,fixed,decaps,25777
5527,mlkem,fixed,decaps,25746
5528,mlkem,fixed,decaps,25777
5529,mlkem,fixed,decaps,25768
5530,mlkem,fixed,decaps,25792
5531,mlkem,fixed,decaps,25847
5532,mlkem,fixed,decaps,25745
5533,mlkem,fixed,decaps,25776
5534,mlkem,fixed,decaps,25746
5535,mlkem,fixed,decaps,25850
5536,mlkem,fixed,decaps,25762
5537,mlkem,fixed,decaps,25854
5538,mlkem,fixed,decaps,25775
5539,mlkem,fixed,decaps,25723
5540,mlkem,fixed,decaps,25773
5541,mlkem,fixed,decaps,25785
5542,mlkem,fixed,decaps,25786
5543,mlkem,fixed,decaps,25760
5544,mlkem,fixed,decaps,25731
5545,mlkem,fixed,decaps,25767
5546,mlkem,fixed,decaps,25743
5547,mlkem,fixed,decaps,25750
5548,mlkem,fixed,decaps,25779
5549,mlkem,fixed,decaps,25795
5550,mlkem,fixed,decaps,25805
5551,mlkem,fixed,decaps,25742
5552,mlkem,fixed,decaps,25786
5553,mlkem,fixed,decaps,25741
5554,mlkem,fixed,decaps,25755
5555,mlkem,fixed,decaps,25719
5556,mlkem,fixed,decaps,25763
5557,mlkem,fixed,decaps,25780
5558,mlkem,fixed,decaps,25755
5559,mlkem,fixed,decaps,25758
5560,mlkem,fixed,decaps,25742
5561,mlkem,fixed,decaps,25738
5562,mlkem,fixed,decaps,25731
5563,mlkem,fixed,decaps,32513
5564,mlkem,fixed,decaps,25891
5565,mlkem,fixed,decaps,25806
5566,mlkem,fixed,decaps,25785
5567,mlkem,fixed,decaps,25770
5568,mlkem,fixed,decaps,25679
5569,mlkem,fixed,decaps,25755
5570,mlkem,fixed,decaps,25782
5571,mlkem,fixed,decaps,25785
5572,mlkem,fixed,decaps,25813
5573,mlkem,fixed,decaps,25774
5574,mlkem,fixed,decaps,25720
5575,mlkem,fixed,decaps,25791
5576,mlkem,fixed,decaps,25778
5577,mlkem,fixed,decaps,25789
5578,mlkem,fixed,decaps,25802
5579,mlkem,fixed,decaps,25802
5580,mlkem,fixed,decaps,25779
5581,mlkem,fixed,decaps,25717
5582,mlkem,fixed,decaps,25785
5583,mlkem,fixed,decaps,25746
5584,mlkem,fixed,decaps,26150
5585,mlkem,fixed,decaps,25782
5586,mlkem,fixed,decaps,25725
5587,mlkem,fixed,decaps,25840
5588,mlkem,fixed,decaps,25799
5589,mlkem,fixed,decaps,25792
5590,mlkem,fixed,decaps,25805
5591,mlkem,fixed,decaps,25805
5592,mlkem,fixed,decaps,25776
5593,mlkem,fixed,decaps,25776
5594,mlkem,fixed,decaps,25754
5595,mlkem,fixed,decaps,25804
5596,mlkem,fixed,decaps,25812
5597,mlkem,fixed,decaps,25745
5598,mlkem,fixed,decaps,25757
5599,mlkem,fixed,decaps,25780
5600,mlkem,fixed,decaps,25784
5601,mlkem,fixed,decaps,25771
5602,mlkem,fixed,decaps,25761
5603,mlkem,fixed,decaps,25788
5604,mlkem,fixed,decaps,25785
5605,mlkem,fixed,decaps,25774
5606,mlkem,fixed,decaps,25807
5607,mlkem,fixed,decaps,25822
5608,mlkem,fixed,decaps,25822
5609,mlkem,fixed,decaps,25792
5610,mlkem,fixed,decaps,25743
5611,mlkem,fixed,decaps,25802
5612,mlkem,fixed,decaps,25808
5613,mlkem,fixed,decaps,25797
5614,mlkem,fixed,decaps,25787
5615,mlkem,fixed,decaps,25699
5616,mlkem,fixed,decaps,25794
5617,mlkem,fixed,decaps,25812
5618,mlkem,fixed,decaps,25808
5619,mlkem,fixed,decaps,25816
5620,mlkem,fixed,decaps,33579
5621,mlkem,fixed,decaps,26382
5622,mlkem,fixed,decaps,25983
5623,mlkem,fixed,decaps,37409
5624,mlkem,fixed,decaps,26192
5625,mlkem,fixed,decaps,25787
5626,mlkem,fixed,decaps,25783
5627,mlkem,fixed,decaps,25758
5628,mlkem,fixed,decaps,25867
5629,mlkem,fixed,decaps,59344
5630,mlkem,fixed,decaps,25802
5631,mlkem,fixed,decaps,31731
5632,mlkem,fixed,decaps,25802
5633,mlkem,fixed,decaps,25806
5634,mlkem,fixed,decaps,25799
5635,mlkem,fixed,decaps,36440
5636,mlkem,fixed,decaps,26401
5637,mlkem,fixed,decaps,48589
5638,mlkem,fixed,decaps,24352
5639,mlkem,fixed,decaps,24372
5640,mlkem,fixed,decaps,24294
5641,mlkem,fixed,decaps,24304
5642,mlkem,fixed,decaps,24283
5643,mlkem,fixed,decaps,24354
5644,mlkem,fixed,decaps,24361
5645,mlkem,fixed,decaps,24300
5646,mlkem,fixed,decaps,24336
5647,mlkem,fixed,decaps,24336
5648,mlkem,fixed,decaps,24305
5649,mlkem,fixed,decaps,24347
5650,mlkem,fixed,decaps,24366
5651,mlkem,fixed,decaps,24346
5652,mlkem,fixed,decaps,24314
5653,mlkem,fixed,decaps,24338
5654,mlkem,fixed,decaps,24372
5655,mlkem,fixed,decaps,24324
5656,mlkem,fixed,decaps,24272
5657,mlkem,fixed,decaps,24348
5658,mlkem,fixed,decaps,24338
5659,mlkem,fixed,decaps,24312
5660,mlkem,fixed,decaps,24280
5661,mlkem,fixed,decaps,24358
5662,mlkem,fixed,decaps,24360
5663,mlkem,fixed,decaps,24208
5664,mlkem,fixed,decaps,30080
5665,mlkem,fixed,decaps,24515
5666,mlkem,fixed,decaps,24343
5667,mlkem,fixed,decaps,24362
5668,mlkem,fixed,decaps,24278
5669,mlkem,fixed,decaps,24333
5670,mlkem,fixed,decaps,24372
5671,mlkem,fixed,decaps,24322
5672,mlkem,fixed,decaps,24349
5673,mlkem,fixed,decaps,38153
5674,mlkem,fixed,decaps,25084
5675,mlkem,fixed,decaps,25026
5676,mlkem,fixed,decaps,25061
5677,mlkem,fixed,decaps,25032
5678,mlkem,fixed,decaps,25033
5679,mlkem,fixed,decaps,25028
5680,mlkem,fixed,decaps,25049
5681,mlkem,fixed,decaps,24966
5682,mlkem,fixed,decaps,25028
5683,mlkem,fixed,decaps,24993
5684,mlkem,fixed,decaps,25055
5685,mlkem,fixed,decaps,24993
5686,mlkem,fixed,decaps,25029
5687,mlkem,fixed,decaps,25063
5688,mlkem,fixed,decaps,25019
5689,mlkem,fixed,decaps,25005
5690,mlkem,fixed,decaps,25055
5691,mlkem,fixed,decaps,24981
5692,mlkem,fixed,decaps,25057
5693,mlkem,fixed,decaps,25017
5694,mlkem,fixed,decaps,24989
5695,mlkem,fixed,decaps,25040
5696,mlkem,fixed,decaps,25032
5697,mlkem,fixed,decaps,25049
5698,mlkem,fixed,decaps,25066
5699,mlkem,fixed,decaps,25001
5700,mlkem,fixed,decaps,25031
5701,mlkem,fixed,decaps,25044
5702,mlkem,fixed,decaps,25045
5703,mlkem,fixed,decaps,24970
5704,mlkem,fixed,decaps,25014
5705,mlkem,fixed,decaps,25061
5706,mlkem,fixed,decaps,25084
5707,mlkem,fixed,decaps,25014
5708,mlkem,fixed,decaps,25019
5709,mlkem,fixed,decaps,25049
5710,mlkem,fixed,decaps,24963
5711,mlkem,fixed,decaps,25032
5712,mlkem,fixed,decaps,25012
5713,mlkem,fixed,decaps,24965
5714,mlkem,fixed,decaps,25052
5715,mlkem,fixed,decaps,31855
5716,mlkem,fixed,decaps,25208
5717,mlkem,fixed,decaps,25075
5718,mlkem,fixed,decaps,25029
5719,mlkem,fixed,decaps,24995
5720,mlkem,fixed,decaps,25023
5721,mlkem,fixed,decaps,25054
5722,mlkem,fixed,decaps,25098
5723,mlkem,fixed,decaps,25008
5724,mlkem,fixed,decaps,25065
5725,mlkem,fixed,decaps,24993
5726,mlkem,fixed,decaps,25102
5727,mlkem,fixed,decaps,25012
5728,mlkem,fixed,decaps,25010
5729,mlkem,fixed,decaps,24924
5730,mlkem,fixed,decaps,25009
5731,mlkem,fixed,decaps,25068
5732,mlkem,fixed,decaps,25066
5733,mlkem,fixed,decaps,25059
5734,mlkem,fixed,decaps,25050
5735,mlkem,fixed,decaps,25049
5736,mlkem,fixed,decaps,25127
5737,mlkem,fixed,decaps,24989
5738,mlkem,fixed,decaps,25017
5739,mlkem,fixed,decaps,25137
5740,mlkem,fixed,decaps,25021
5741,mlkem,fixed,decaps,25055
5742,mlkem,fixed,decaps,25059
5743,mlkem,fixed,decaps,25041
5744,mlkem,fixed,decaps,25062
5745,mlkem,fixed,decaps,25051
5746,mlkem,fixed,decaps,25053
5747,mlkem,fixed,decaps,25045
5748,mlkem,fixed,decaps,25068
5749,mlkem,fixed,decaps,25067
5750,mlkem,fixed,decaps,25037
5751,mlkem,fixed,decaps,25055
5752,mlkem,fixed,decaps,25026
5753,mlkem,fixed,decaps,25002
5754,mlkem,fixed,decaps,25045
5755,mlkem,fixed,decaps,25066
5756,mlkem,fixed,decaps,25010
5757,mlkem,fixed,decaps,25033
5758,mlkem,fixed,decaps,25027
5759,mlkem,fixed,decaps,24993
5760,mlkem,fixed,decaps,24996
5761,mlkem,fixed,decaps,25028
5762,mlkem,fixed,decaps,25002
5763,mlkem,fixed,decaps,25026
5764,mlkem,fixed,decaps,25075
5765,mlkem,fixed,decaps,25059
5766,mlkem,fixed,decaps,25004
5767,mlkem,fixed,decaps,25019
5768,mlkem,fixed,decaps,25084
5769,mlkem,fixed,decaps,25020
5770,mlkem,fixed,decaps,25133
5771,mlkem,fixed,decaps,25498
5772,mlkem,fixed,decaps,35521
5773,mlkem,fixed,decaps,25618
5774,mlkem,fixed,decaps,29819
5775,mlkem,fixed,decaps,25331
5776,mlkem,fixed,decaps,25122
5777,mlkem,fixed,decaps,25464
5778,mlkem,fixed,decaps,25782
5779,mlkem,fixed,decaps,25069
5780,mlkem,fixed,decaps,25608
5781,mlkem,fixed,decaps,25204
5782,mlkem,fixed,decaps,25815
5783,mlkem,fixed,decaps,26018
5784,mlkem,fixed,decaps,26473
5785,mlkem,fixed,decaps,26520
5786,mlkem,fixed,decaps,25823
5787,mlkem,fixed,decaps,25572
5788,mlkem,fixed,decaps,25837
5789,mlkem,fixed,decaps,26157
5790,mlkem,fixed,decaps,26442
5791,mlkem,fixed,decaps,26471
5792,mlkem,fixed,decaps,26891
5793,mlkem,fixed,decaps,27908
5794,mlkem,fixed,decaps,28351
5795,mlkem,fixed,decaps,31066
5796,mlkem,fixed,decaps,30086
5797,mlkem,fixed,decaps,28848
5798,mlkem,fixed,decaps,29979
5799,mlkem,fixed,decaps,30412
5800,mlkem,fixed,decaps,29041
5801,mlkem,fixed,decaps,27026
5802,mlkem,fixed,decaps,27331
5803,mlkem,fixed,decaps,27608
5804,mlkem,fixed,decaps,29593
5805,mlkem,fixed,decaps,29446
5806,mlkem,fixed,decaps,28945
5807,mlkem,fixed,decaps,31845
5808,mlkem,fixed,decaps,27808
5809,mlkem,fixed,decaps,26300
5810,mlkem,fixed,decaps,26906
5811,mlkem,fixed,decaps,27505
5812,mlkem,fixed,decaps,27149
5813,mlkem,fixed,decaps,26530
5814,mlkem,fixed,decaps,27468
5815,mlkem,fixed,decaps,27774
5816,mlkem,fixed,decaps,27197
5817,mlkem,fixed,decaps,25908
5818,mlkem,fixed,decaps,27229
5819,mlkem,fixed,decaps,27103
5820,mlkem,fixed,decaps,27171
5821,mlkem,fixed,decaps,27651
5822,mlkem,fixed,decaps,27630
5823,mlkem,fixed,decaps,27360
5824,mlkem,fixed,decaps,27026
5825,mlkem,fixed,decaps,26923
5826,mlkem,fixed,decaps,26806
5827,mlkem,fixed,decaps,26589
5828,mlkem,fixed,decaps,27626
5829,mlkem,fixed,decaps,27669
5830,mlkem,fixed,decaps,26445
5831,mlkem,fixed,decaps,27584
5832,mlkem,fixed,decaps,28414
5833,mlkem,fixed,decaps,27237
5834,mlkem,fixed,decaps,26355
5835,mlkem,fixed,decaps,27428
5836,mlkem,fixed,decaps,28332
5837,mlkem,fixed,decaps,25921
5838,mlkem,fixed,decaps,27094
5839,mlkem,fixed,decaps,28087
5840,mlkem,fixed,decaps,29023
5841,mlkem,fixed,decaps,30554
5842,mlkem,fixed,decaps,30933
5843,mlkem,fixed,decaps,30087
5844,mlkem,fixed,decaps,47973
5845,mlkem,fixed,decaps,30808
5846,mlkem,fixed,decaps,29269
5847,mlkem,fixed,decaps,67701
5848,mlkem,fixed,decaps,45456
5849,mlkem,fixed,decaps,26180
5850,mlkem,fixed,decaps,27639
5851,mlkem,fixed,decaps,26772
5852,mlkem,fixed,decaps,25944
5853,mlkem,fixed,decaps,27067
5854,mlkem,fixed,decaps,29027
5855,mlkem,fixed,decaps,34301
5856,mlkem,fixed,decaps,37454
5857,mlkem,fixed,decaps,40658
5858,mlkem,fixed,decaps,81770
5859,mlkem,fixed,decaps,56805
5860,mlkem,fixed,decaps,27933
5861,mlkem,fixed,decaps,25847
5862,mlkem,fixed,decaps,25644
5863,mlkem,fixed,decaps,26136
5864,mlkem,fixed,decaps,59747
5865,mlkem,fixed,decaps,53807
5866,mlkem,fixed,decaps,44421
5867,mlkem,fixed,decaps,47817
5868,mlkem,fixed,decaps,28450
5869,mlkem,fixed,decaps,28887
5870,mlkem,fixed,decaps,27372
5871,mlkem,fixed,decaps,45059
5872,mlkem,fixed,decaps,25473
5873,mlkem,fixed,decaps,26342
5874,mlkem,fixed,decaps,26930
5875,mlkem,fixed,decaps,26637
5876,mlkem,fixed,decaps,26070
5877,mlkem,fixed,decaps,25162
5878,mlkem,fixed,decaps,25073
5879,mlkem,fixed,decaps,25055
5880,mlkem,fixed,decaps,41243
5881,mlkem,fixed,decaps,24277
5882,mlkem,fixed,decaps,24311
5883,mlkem,fixed,decaps,24411
5884,mlkem,fixed,decaps,24336
5885,mlkem,fixed,decaps,24337
5886,mlkem,fixed,decaps,24340
5887,mlkem,fixed,decaps,24343
5888,mlkem,fixed,decaps,24367
5889,mlkem,fixed,decaps,24363
5890,mlkem,fixed,decaps,24366
5891,mlkem,fixed,decaps,24292
5892,mlkem,fixed,decaps,24349
5893,mlkem,fixed,decaps,24357
5894,mlkem,fixed,decaps,24329
5895,mlkem,fixed,decaps,24317
5896,mlkem,fixed,decaps,24335
5897,mlkem,fixed,decaps,24332
5898,mlkem,fixed,decaps,24321
5899,mlkem,fixed,decaps,24353
5900,mlkem,fixed,decaps,24315
5901,mlkem,fixed,decaps,24366
5902,mlkem,fixed,decaps,24234
5903,mlkem,fixed,decaps,24334
5904,mlkem,fixed,decaps,24335
5905,mlkem,fixed,decaps,24327
5906,mlkem,fixed,decaps,24349
5907,mlkem,fixed,decaps,24291
5908,mlkem,fixed,decaps,36509
5909,mlkem,fixed,decaps,25849
5910,mlkem,fixed,decaps,26789
5911,mlkem,fixed,decaps,27180
5912,mlkem,fixed,decaps,24391
5913,mlkem,fixed,decaps,24309
5914,mlkem,fixed,decaps,24331
5915,mlkem,fixed,decaps,24283
5916,mlkem,fixed,decaps,28706
5917,mlkem,fixed,decaps,50146
5918,mlkem,fixed,decaps,51353
5919,mlkem,fixed,decaps,24998
5920,mlkem,fixed,decaps,24995
5921,mlkem,fixed,decaps,25016
5922,mlkem,fixed,decaps,25044
5923,mlkem,fixed,decaps,25031
5924,mlkem,fixed,decaps,25034
5925,mlkem,fixed,decaps,25004
5926,mlkem,fixed,decaps,25042
5927,mlkem,fixed,decaps,25046
5928,mlkem,fixed,decaps,25011
5929,mlkem,fixed,decaps,25020
5930,mlkem,fixed,decaps,24949
5931,mlkem,fixed,decaps,25003
5932,mlkem,fixed,decaps,25031
5933,mlkem,fixed,decaps,25016
5934,mlkem,fixed,decaps,25026
5935,mlkem,fixed,decaps,24988
5936,mlkem,fixed,decaps,25009
5937,mlkem,fixed,decaps,25046
5938,mlkem,fixed,decaps,25009
5939,mlkem,fixed,decaps,25013
5940,mlkem,fixed,decaps,25014
5941,mlkem,fixed,decaps,25037
5942,mlkem,fixed,decaps,25057
5943,mlkem,fixed,decaps,25016
5944,mlkem,fixed,decaps,25010
5945,mlkem,fixed,decaps,25014
5946,mlkem,fixed,decaps,25043
5947,mlkem,fixed,decaps,25062
5948,mlkem,fixed,decaps,24960
5949,mlkem,fixed,decaps,24991
5950,mlkem,fixed,decaps,25026
5951,mlkem,fixed,decaps,25015
5952,mlkem,fixed,decaps,24996
5953,mlkem,fixed,decaps,24946
5954,mlkem,fixed,decaps,37978
5955,mlkem,fixed,decaps,25751
5956,mlkem,fixed,decaps,25717
5957,mlkem,fixed,decaps,25816
5958,mlkem,fixed,decaps,25966
5959,mlkem,fixed,decaps,25764
5960,mlkem,fixed,decaps,25743
5961,mlkem,fixed,decaps,25696
5962,mlkem,fixed,decaps,25742
5963,mlkem,fixed,decaps,25748
5964,mlkem,fixed,decaps,25750
5965,mlkem,fixed,decaps,25727
5966,mlkem,fixed,decaps,25651
5967,mlkem,fixed,decaps,25784
5968,mlkem,fixed,decaps,25734
5969,mlkem,fixed,decaps,25805
5970,mlkem,fixed,decaps,25763
5971,mlkem,fixed,decaps,25733
5972,mlkem,fixed,decaps,25778
5973,mlkem,fixed,decaps,25634
5974,mlkem,fixed,decaps,25766
5975,mlkem,fixed,decaps,25748
5976,mlkem,fixed,decaps,25721
5977,mlkem,fixed,decaps,25735
5978,mlkem,fixed,decaps,25769
5979,mlkem,fixed,decaps,25787
5980,mlkem,fixed,decaps,25725
5981,mlkem,fixed,decaps,25750
5982,mlkem,fixed,decaps,25713
5983,mlkem,fixed,decaps,25782
5984,mlkem,fixed,decaps,25760
5985,mlkem,fixed,decaps,25765
5986,mlkem,fixed,decaps,25749
5987,mlkem,fixed,decaps,25741
5988,mlkem,fixed,decaps,25743
5989,mlkem,fixed,decaps,25721
5990,mlkem,fixed,decaps,25789
5991,mlkem,fixed,decaps,25811
5992,mlkem,fixed,decaps,25678
5993,mlkem,fixed,decaps,25655
5994,mlkem,fixed,decaps,25779
5995,mlkem,fixed,decaps,25787
5996,mlkem,fixed,decaps,25707
5997,mlkem,fixed,decaps,25731
5998,mlkem,fixed,decaps,25795
5999,mlkem,fixed,decaps,33643
6000,mlkem,fixed,decaps,40834
6001,mlkem,fixed,decaps,36802
6002,mlkem,fixed,decaps,26236
6003,mlkem,fixed,decaps,25890
6004,mlkem,fixed,decaps,25788
6005,mlkem,fixed,decaps,25735
6006,mlkem,fixed,decaps,25820
6007,mlkem,fixed,decaps,25780
6008,mlkem,fixed,decaps,25723
6009,mlkem,fixed,decaps,25719
6010,mlkem,fixed,decaps,25779
6011,mlkem,fixed,decaps,25748
6012,mlkem,fixed,decaps,25814
6013,mlkem,fixed,decaps,25740
6014,mlkem,fixed,decaps,25711
6015,mlkem,fixed,decaps,25750
6016,mlkem,fixed,decaps,25766
6017,mlkem,fixed,decaps,25730
6018,mlkem,fixed,decaps,25756
6019,mlkem,fixed,decaps,25751
6020,mlkem,fixed,decaps,25747
6021,mlkem,fixed,decaps,25792
6022,mlkem,fixed,decaps,25744
6023,mlkem,fixed,decaps,25800
6024,mlkem,fixed,decaps,25758
6025,mlkem,fixed,decaps,25770
6026,mlkem,fixed,decaps,25730
6027,mlkem,fixed,decaps,25711
6028,mlkem,fixed,decaps,25755
6029,mlkem,fixed,decaps,25826
6030,mlkem,fixed,decaps,25716
6031,mlkem,fixed,decaps,25741
6032,mlkem,fixed,decaps,25795
6033,mlkem,fixed,decaps,25813
6034,mlkem,fixed,decaps,25803
6035,mlkem,fixed,decaps,25688
6036,mlkem,fixed,decaps,25779
6037,mlkem,fixed,decaps,25792
6038,mlkem,fixed,decaps,25794
6039,mlkem,fixed,decaps,25807
6040,mlkem,fixed,decaps,25772
6041,mlkem,fixed,decaps,25781
6042,mlkem,fixed,decaps,25784
6043,mlkem,fixed,decaps,25752
6044,mlkem,fixed,decaps,25772
6045,mlkem,fixed,decaps,36471
6046,mlkem,fixed,decaps,26329
6047,mlkem,fixed,decaps,31093
6048,mlkem,fixed,decaps,25925
6049,mlkem,fixed,decaps,25792
6050,mlkem,fixed,decaps,25760
6051,mlkem,fixed,decaps,25808
6052,mlkem,fixed,decaps,25788
6053,mlkem,fixed,decaps,25803
6054,mlkem,fixed,decaps,25789
6055,mlkem,fixed,decaps,25763
6056,mlkem,fixed,decaps,25803
6057,mlkem,fixed,decaps,25723
6058,mlkem,fixed,decaps,25732
6059,mlkem,fixed,decaps,25781
6060,mlkem,fixed,decaps,25774
6061,mlkem,fixed,decaps,25732
6062,mlkem,fixed,decaps,25772
6063,mlkem,fixed,decaps,25794
6064,mlkem,fixed,decaps,25813
6065,mlkem,fixed,decaps,25766
6066,mlkem,fixed,decaps,25736
6067,mlkem,fixed,decaps,25758
6068,mlkem,fixed,decaps,25764
6069,mlkem,fixed,decaps,25781
6070,mlkem,fixed,decaps,25780
6071,mlkem,fixed,decaps,25669
6072,mlkem,fixed,decaps,25780
6073,mlkem,fixed,decaps,25746
6074,mlkem,fixed,decaps,25778
6075,mlkem,fixed,decaps,25764
6076,mlkem,fixed,decaps,25750
6077,mlkem,fixed,decaps,25798
6078,mlkem,fixed,decaps,25787
6079,mlkem,fixed,decaps,25765
6080,mlkem,fixed,decaps,25765
6081,mlkem,fixed,decaps,25805
6082,mlkem,fixed,decaps,25794
6083,mlkem,fixed,decaps,25755
6084,mlkem,fixed,decaps,25767
6085,mlkem,fixed,decaps,25801
6086,mlkem,fixed,decaps,25816
6087,mlkem,fixed,decaps,25793
6088,mlkem,fixed,decaps,25713
6089,mlkem,fixed,decaps,25735
6090,mlkem,fixed,decaps,25809
6091,mlkem,fixed,decaps,25778
6092,mlkem,fixed,decaps,25816
6093,mlkem,fixed,decaps,25738
6094,mlkem,fixed,decaps,25751
6095,mlkem,fixed,decaps,25727
6096,mlkem,fixed,decaps,25796
6097,mlkem,fixed,decaps,25762
6098,mlkem,fixed,decaps,25769
6099,mlkem,fixed,decaps,25702
6100,mlkem,fixed,decaps,25753
6101,mlkem,fixed,decaps,25779
6102,mlkem,fixed,decaps,25834
6103,mlkem,fixed,decaps,25747
6104,mlkem,fixed,decaps,25738
6105,mlkem,fixed,decaps,25772
6106,mlkem,fixed,decaps,25752
6107,mlkem,fixed,decaps,25805
6108,mlkem,fixed,decaps,25778
6109,mlkem,fixed,decaps,25763
6110,mlkem,fixed,decaps,25808
6111,mlkem,fixed,decaps,25790
6112,mlkem,fixed,decaps,25793
6113,mlkem,fixed,decaps,25785
6114,mlkem,fixed,decaps,25719
6115,mlkem,fixed,decaps,25712
6116,mlkem,fixed,decaps,25751
6117,mlkem,fixed,decaps,25672
6118,mlkem,fixed,decaps,25814
6119,mlkem,fixed,decaps,25758
6120,mlkem,fixed,decaps,25755
6121,mlkem,fixed,decaps,25697
6122,mlkem,fixed,decaps,25756
6123,mlkem,fixed,decaps,25761
6124,mlkem,fixed,decaps,25795
6125,mlkem,fixed,decaps,25776
6126,mlkem,fixed,decaps,25747
6127,mlkem,fixed,decaps,25735
6128,mlkem,fixed,decaps,25771
6129,mlkem,fixed,decaps,25734
6130,mlkem,fixed,decaps,25646
6131,mlkem,fixed,decaps,25737
6132,mlkem,fixed,decaps,25773
6133,mlkem,fixed,decaps,25765
6134,mlkem,fixed,decaps,25789
6135,mlkem,fixed,decaps,25770
6136,mlkem,fixed,decaps,25713
6137,mlkem,fixed,decaps,25762
6138,mlkem,fixed,decaps,25768
6139,mlkem,fixed,decaps,25767
6140,mlkem,fixed,decaps,25775
6141,mlkem,fixed,decaps,25772
6142,mlkem,fixed,decaps,25751
6143,mlkem,fixed,decaps,25788
6144,mlkem,fixed,decaps,25784
6145,mlkem,fixed,decaps,25781
6146,mlkem,fixed,decaps,25824
6147,mlkem,fixed,decaps,25775
6148,mlkem,fixed,decaps,25797
6149,mlkem,fixed,decaps,25769
6150,mlkem,fixed,decaps,25753
6151,mlkem,fixed,decaps,25748
6152,mlkem,fixed,decaps,25753
6153,mlkem,fixed,decaps,32209
6154,mlkem,fixed,decaps,28570
6155,mlkem,fixed,decaps,25856
6156,mlkem,fixed,decaps,25782
6157,mlkem,fixed,decaps,25811
6158,mlkem,fixed,decaps,25890
6159,mlkem,fixed,decaps,25800
6160,mlkem,fixed,decaps,25722
6161,mlkem,fixed,decaps,25796
6162,mlkem,fixed,decaps,25768
6163,mlkem,fixed,decaps,25814
6164,mlkem,fixed,decaps,25762
6165,mlkem,fixed,decaps,25797
6166,mlkem,fixed,decaps,25786
6167,mlkem,fixed,decaps,25758
6168,mlkem,fixed,decaps,25764
6169,mlkem,fixed,decaps,25756
6170,mlkem,fixed,decaps,25770
6171,mlkem,fixed,decaps,25796
6172,mlkem,fixed,decaps,25731
6173,mlkem,fixed,decaps,25765
6174,mlkem,fixed,decaps,25776
6175,mlkem,fixed,decaps,25721
6176,mlkem,fixed,decaps,25827
6177,mlkem,fixed,decaps,25784
6178,mlkem,fixed,decaps,25755
6179,mlkem,fixed,decaps,25800
6180,mlkem,fixed,decaps,25776
6181,mlkem,fixed,decaps,36113
6182,mlkem,fixed,decaps,26271
6183,mlkem,fixed,decaps,31695
6184,mlkem,fixed,decaps,25758
6185,mlkem,fixed,decaps,25752
6186,mlkem,fixed,decaps,25772
6187,mlkem,fixed,decaps,25747
6188,mlkem,fixed,decaps,25762
6189,mlkem,fixed,decaps,25788
6190,mlkem,fixed,decaps,25771
6191,mlkem,fixed,decaps,25735
6192,mlkem,fixed,decaps,25817
6193,mlkem,fixed,decaps,25704
6194,mlkem,fixed,decaps,25756
6195,mlkem,fixed,decaps,25723
6196,mlkem,fixed,decaps,25783
6197,mlkem,fixed,decaps,25614
6198,mlkem,fixed,decaps,25766
6199,mlkem,fixed,decaps,25791
6200,mlkem,fixed,decaps,25829
6201,mlkem,fixed,decaps,25761
6202,mlkem,fixed,decaps,25806
6203,mlkem,fixed,decaps,25917
6204,mlkem,fixed,decaps,25809
6205,mlkem,fixed,decaps,25766
6206,mlkem,fixed,decaps,25759
6207,mlkem,fixed,decaps,25740
6208,mlkem,fixed,decaps,25771
6209,mlkem,fixed,decaps,25806
6210,mlkem,fixed,decaps,25744
6211,mlkem,fixed,decaps,25761
6212,mlkem,fixed,decaps,25742
6213,mlkem,fixed,decaps,25801
6214,mlkem,fixed,decaps,25802
6215,mlkem,fixed,decaps,25746
6216,mlkem,fixed,decaps,25783
6217,mlkem,fixed,decaps,25744
6218,mlkem,fixed,decaps,25771
6219,mlkem,fixed,decaps,25797
6220,mlkem,fixed,decaps,25797
6221,mlkem,fixed,decaps,25765
6222,mlkem,fixed,decaps,25781
6223,mlkem,fixed,decaps,25795
6224,mlkem,fixed,decaps,25741
6225,mlkem,fixed,decaps,25841
6226,mlkem,fixed,decaps,25821
6227,mlkem,fixed,decaps,25800
6228,mlkem,fixed,decaps,25795
6229,mlkem,fixed,decaps,25766
6230,mlkem,fixed,decaps,25843
6231,mlkem,fixed,decaps,25811
6232,mlkem,fixed,decaps,25798
6233,mlkem,fixed,decaps,25742
6234,mlkem,fixed,decaps,25803
6235,mlkem,fixed,decaps,25760
6236,mlkem,fixed,decaps,25751
6237,mlkem,fixed,decaps,25780
6238,mlkem,fixed,decaps,25774
6239,mlkem,fixed,decaps,25798
6240,mlkem,fixed,decaps,25842
6241,mlkem,fixed,decaps,25768
6242,mlkem,fixed,decaps,25825
6243,mlkem,fixed,decaps,25770
6244,mlkem,fixed,decaps,25815
6245,mlkem,fixed,decaps,25753
6246,mlkem,fixed,decaps,25807
6247,mlkem,fixed,decaps,25775
6248,mlkem,fixed,decaps,25784
6249,mlkem,fixed,decaps,25726
6250,mlkem,fixed,decaps,25823
6251,mlkem,fixed,decaps,25790
6252,mlkem,fixed,decaps,25793
6253,mlkem,fixed,decaps,25773
6254,mlkem,fixed,decaps,25784
6255,mlkem,fixed,decaps,25812
6256,mlkem,fixed,decaps,25831
6257,mlkem,fixed,decaps,57305
6258,mlkem,fixed,decaps,25937
6259,mlkem,fixed,decaps,25804
6260,mlkem,fixed,decaps,25753
6261,mlkem,fixed,decaps,25716
6262,mlkem,fixed,decaps,25783
6263,mlkem,fixed,decaps,25796
6264,mlkem,fixed,decaps,25795
6265,mlkem,fixed,decaps,25772
6266,mlkem,fixed,decaps,25825
6267,mlkem,fixed,decaps,25845
6268,mlkem,fixed,decaps,25806
6269,mlkem,fixed,decaps,25802
6270,mlkem,fixed,decaps,25828
6271,mlkem,fixed,decaps,25774
6272,mlkem,fixed,decaps,25756
6273,mlkem,fixed,decaps,25820
6274,mlkem,fixed,decaps,25810
6275,mlkem,fixed,decaps,25783
6276,mlkem,fixed,decaps,25817
6277,mlkem,fixed,decaps,25802
6278,mlkem,fixed,decaps,25803
6279,mlkem,fixed,decaps,25833
6280,mlkem,fixed,decaps,25811
6281,mlkem,fixed,decaps,25767
6282,mlkem,fixed,decaps,25777
6283,mlkem,fixed,decaps,25821
6284,mlkem,fixed,decaps,25862
6285,mlkem,fixed,decaps,25707
6286,mlkem,fixed,decaps,25841
6287,mlkem,fixed,decaps,25789
6288,mlkem,fixed,decaps,25816
6289,mlkem,fixed,decaps,25945
6290,mlkem,fixed,decaps,25815
6291,mlkem,fixed,decaps,25786
6292,mlkem,fixed,decaps,25801
6293,mlkem,fixed,decaps,25831
6294,mlkem,fixed,decaps,25829
6295,mlkem,fixed,decaps,25893
6296,mlkem,fixed,decaps,25844
6297,mlkem,fixed,decaps,25768
6298,mlkem,fixed,decaps,25840
6299,mlkem,fixed,decaps,25674
6300,mlkem,fixed,decaps,25828
6301,mlkem,fixed,decaps,25794
6302,mlkem,fixed,decaps,25731
6303,mlkem,fixed,decaps,25798
6304,mlkem,fixed,decaps,25828
6305,mlkem,fixed,decaps,32961
6306,mlkem,fixed,decaps,25855
6307,mlkem,fixed,decaps,25867
6308,mlkem,fixed,decaps,25783
6309,mlkem,fixed,decaps,25775
6310,mlkem,fixed,decaps,25787
6311,mlkem,fixed,decaps,25803
6312,mlkem,fixed,decaps,25971
6313,mlkem,fixed,decaps,25793
6314,mlkem,fixed,decaps,25804
6315,mlkem,fixed,decaps,25798
6316,mlkem,fixed,decaps,25778
6317,mlkem,fixed,decaps,25800
6318,mlkem,fixed,decaps,36486
6319,mlkem,fixed,decaps,32446
6320,mlkem,fixed,decaps,25783
6321,mlkem,fixed,decaps,25790
6322,mlkem,fixed,decaps,25742
6323,mlkem,fixed,decaps,26283
6324,mlkem,fixed,decaps,25794
6325,mlkem,fixed,decaps,25750
6326,mlkem,fixed,decaps,25737
6327,mlkem,fixed,decaps,25815
6328,mlkem,fixed,decaps,25815
6329,mlkem,fixed,decaps,25798
6330,mlkem,fixed,decaps,25774
6331,mlkem,fixed,decaps,25805
6332,mlkem,fixed,decaps,25781
6333,mlkem,fixed,decaps,25759
6334,mlkem,fixed,decaps,25754
6335,mlkem,fixed,decaps,25752
6336,mlkem,fixed,decaps,25811
6337,mlkem,fixed,decaps,25758
6338,mlkem,fixed,decaps,25806
6339,mlkem,fixed,decaps,25825
6340,mlkem,fixed,decaps,25767
6341,mlkem,fixed,decaps,25771
6342,mlkem,fixed,decaps,25745
6343,mlkem,fixed,decaps,25818
6344,mlkem,fixed,decaps,25816
6345,mlkem,fixed,decaps,25772
6346,mlkem,fixed,decaps,25775
6347,mlkem,fixed,decaps,25779
6348,mlkem,fixed,decaps,25823
6349,mlkem,fixed,decaps,25799
6350,mlkem,fixed,decaps,25710
6351,mlkem,fixed,decaps,25881
6352,mlkem,fixed,decaps,25764
6353,mlkem,fixed,decaps,25756
6354,mlkem,fixed,decaps,25829
6355,mlkem,fixed,decaps,25780
6356,mlkem,fixed,decaps,25765
6357,mlkem,fixed,decaps,25776
6358,mlkem,fixed,decaps,25822
6359,mlkem,fixed,decaps,25793
6360,mlkem,fixed,decaps,25786
6361,mlkem,fixed,decaps,25824
6362,mlkem,fixed,decaps,25791
6363,mlkem,fixed,decaps,25801
6364,mlkem,fixed,decaps,25784
6365,mlkem,fixed,decaps,25808
6366,mlkem,fixed,decaps,25790
6367,mlkem,fixed,decaps,34872
6368,mlkem,fixed,decaps,26402
6369,mlkem,fixed,decaps,25796
6370,mlkem,fixed,decaps,32118
6371,mlkem,fixed,decaps,33017
6372,mlkem,fixed,decaps,26001
6373,mlkem,fixed,decaps,25810
6374,mlkem,fixed,decaps,25772
6375,mlkem,fixed,decaps,25755
6376,mlkem,fixed,decaps,25757
6377,mlkem,fixed,decaps,25770
6378,mlkem,fixed,decaps,25778
6379,mlkem,fixed,decaps,25745
6380,mlkem,fixed,decaps,25749
6381,mlkem,fixed,decaps,25797
6382,mlkem,fixed,decaps,25791
6383,mlkem,fixed,decaps,25895
6384,mlkem,fixed,decaps,25916
6385,mlkem,fixed,decaps,25829
6386,mlkem,fixed,decaps,25832
6387,mlkem,fixed,decaps,25954
6388,mlkem,fixed,decaps,25890
6389,mlkem,fixed,decaps,25827
6390,mlkem,fixed,decaps,26065
6391,mlkem,fixed,decaps,26474
6392,mlkem,fixed,decaps,26304
6393,mlkem,fixed,decaps,25914
6394,mlkem,fixed,decaps,26285
6395,mlkem,fixed,decaps,26286
6396,mlkem,fixed,decaps,26507
6397,mlkem,fixed,decaps,26464
6398,mlkem,fixed,decaps,27012
6399,mlkem,fixed,decaps,26578
6400,mlkem,fixed,decaps,26292
6401,mlkem,fixed,decaps,27387
6402,mlkem,fixed,decaps,26761
6403,mlkem,fixed,decaps,27128
6404,mlkem,fixed,decaps,27767
6405,mlkem,fixed,decaps,29248
6406,mlkem,fixed,decaps,29770
6407,mlkem,fixed,decaps,31596
6408,mlkem,fixed,decaps,31225
6409,mlkem,fixed,decaps,30452
6410,mlkem,fixed,decaps,30798
6411,mlkem,fixed,decaps,30415
6412,mlkem,fixed,decaps,29638
6413,mlkem,fixed,decaps,29885
6414,mlkem,fixed,decaps,29034
6415,mlkem,fixed,decaps,29092
6416,mlkem,fixed,decaps,30089
6417,mlkem,fixed,decaps,31821
6418,mlkem,fixed,decaps,30741
6419,mlkem,fixed,decaps,29669
6420,mlkem,fixed,decaps,30001
6421,mlkem,fixed,decaps,28091
6422,mlkem,fixed,decaps,27625
6423,mlkem,fixed,decaps,28070
6424,mlkem,fixed,decaps,27895
6425,mlkem,fixed,decaps,27519
6426,mlkem,fixed,decaps,27540
6427,mlkem,fixed,decaps,27917
6428,mlkem,fixed,decaps,26995
6429,mlkem,fixed,decaps,27142
6430,mlkem,fixed,decaps,27766
6431,mlkem,fixed,decaps,26922
6432,mlkem,fixed,decaps,28441
6433,mlkem,fixed,decaps,30539
6434,mlkem,fixed,decaps,28341
6435,mlkem,fixed,decaps,27323
6436,mlkem,fixed,decaps,27992
6437,mlkem,fixed,decaps,27256
6438,mlkem,fixed,decaps,27491
6439,mlkem,fixed,decaps,28091
6440,mlkem,fixed,decaps,27014
6441,mlkem,fixed,decaps,27651
6442,mlkem,fixed,decaps,27761
6443,mlkem,fixed,decaps,30167
6444,mlkem,fixed,decaps,29246
6445,mlkem,fixed,decaps,28656
6446,mlkem,fixed,decaps,27491
6447,mlkem,fixed,decaps,28456
6448,mlkem,fixed,decaps,29001
6449,mlkem,fixed,decaps,27664
6450,mlkem,fixed,decaps,56442
6451,mlkem,fixed,decaps,30920
6452,mlkem,fixed,decaps,28317
6453,mlkem,fixed,decaps,29590
6454,mlkem,fixed,decaps,52254
6455,mlkem,fixed,decaps,32366
6456,mlkem,fixed,decaps,29682
6457,mlkem,fixed,decaps,26307
6458,mlkem,fixed,decaps,26218
6459,mlkem,fixed,decaps,26344
6460,mlkem,fixed,decaps,26585
6461,mlkem,fixed,decaps,26533
6462,mlkem,fixed,decaps,27165
6463,mlkem,fixed,decaps,27031
6464,mlkem,fixed,decaps,27197
6465,mlkem,fixed,decaps,27151
6466,mlkem,fixed,decaps,27547
6467,mlkem,fixed,decaps,27707
6468,mlkem,fixed,decaps,26854
6469,mlkem,fixed,decaps,26634
6470,mlkem,fixed,decaps,26382
6471,mlkem,fixed,decaps,26402
6472,mlkem,fixed,decaps,42658
6473,mlkem,fixed,decaps,25433
6474,mlkem,fixed,decaps,25753
6475,mlkem,fixed,decaps,25020
6476,mlkem,fixed,decaps,24587
6477,mlkem,fixed,decaps,25503
6478,mlkem,fixed,decaps,24954
6479,mlkem,fixed,decaps,25067
6480,mlkem,fixed,decaps,24878
6481,mlkem,fixed,decaps,25527
6482,mlkem,fixed,decaps,25190
6483,mlkem,fixed,decaps,24494
6484,mlkem,fixed,decaps,24294
6485,mlkem,fixed,decaps,24319
6486,mlkem,fixed,decaps,24338
6487,mlkem,fixed,decaps,24373
6488,mlkem,fixed,decaps,24274
6489,mlkem,fixed,decaps,24311
6490,mlkem,fixed,decaps,24320
6491,mlkem,fixed,decaps,24358
6492,mlkem,fixed,decaps,24384
6493,mlkem,fixed,decaps,24306
6494,mlkem,fixed,decaps,24371
6495,mlkem,fixed,decaps,24353
6496,mlkem,fixed,decaps,24397
6497,mlkem,fixed,decaps,24329
6498,mlkem,fixed,decaps,24325
6499,mlkem,fixed,decaps,24352
6500,mlkem,fixed,decaps,24368
6501,mlkem,fixed,decaps,24340
6502,mlkem,fixed,decaps,24285
6503,mlkem,fixed,decaps,24318
6504,mlkem,fixed,decaps,24338
6505,mlkem,fixed,decaps,24359
6506,mlkem,fixed,decaps,55974
6507,mlkem,fixed,decaps,25955
6508,mlkem,fixed,decaps,41596
6509,mlkem,fixed,decaps,24383
6510,mlkem,fixed,decaps,41686
6511,mlkem,fixed,decaps,25033
6512,mlkem,fixed,decaps,25077
6513,mlkem,fixed,decaps,25052
6514,mlkem,fixed,decaps,25043
6515,mlkem,fixed,decaps,25050
6516,mlkem,fixed,decaps,25057
6517,mlkem,fixed,decaps,24994
6518,mlkem,fixed,decaps,24996
6519,mlkem,fixed,decaps,25060
6520,mlkem,fixed,decaps,25066
6521,mlkem,fixed,decaps,25064
6522,mlkem,fixed,decaps,24973
6523,mlkem,fixed,decaps,25052
6524,mlkem,fixed,decaps,25029
6525,mlkem,fixed,decaps,25035
6526,mlkem,fixed,decaps,25040
6527,mlkem,fixed,decaps,25139
6528,mlkem,fixed,decaps,25067
6529,mlkem,fixed,decaps,25034
6530,mlkem,fixed,decaps,25079
6531,mlkem,fixed,decaps,24921
6532,mlkem,fixed,decaps,25031
6533,mlkem,fixed,decaps,25030
6534,mlkem,fixed,decaps,25036
6535,mlkem,fixed,decaps,25048
6536,mlkem,fixed,decaps,25014
6537,mlkem,fixed,decaps,25049
6538,mlkem,fixed,decaps,24994
6539,mlkem,fixed,decaps,24996
6540,mlkem,fixed,decaps,25044
6541,mlkem,fixed,decaps,25046
6542,mlkem,fixed,decaps,25014
6543,mlkem,fixed,decaps,24965
6544,mlkem,fixed,decaps,25057
6545,mlkem,fixed,decaps,25026
6546,mlkem,fixed,decaps,24992
6547,mlkem,fixed,decaps,25021
6548,mlkem,fixed,decaps,25066
6549,mlkem,fixed,decaps,25033
6550,mlkem,fixed,decaps,25022
6551,mlkem,fixed,decaps,25053
6552,mlkem,fixed,decaps,25048
6553,mlkem,fixed,decaps,25047
6554,mlkem,fixed,decaps,25062
6555,mlkem,fixed,decaps,25077
6556,mlkem,fixed,decaps,25038
6557,mlkem,fixed,decaps,25066
6558,mlkem,fixed,decaps,25038
6559,mlkem,fixed,decaps,25024
6560,mlkem,fixed,decaps,25043
6561,mlkem,fixed,decaps,25035
6562,mlkem,fixed,decaps,25039
6563,mlkem,fixed,decaps,25072
6564,mlkem,fixed,decaps,25030
6565,mlkem,fixed,decaps,25016
6566,mlkem,fixed,decaps,25054
6567,mlkem,fixed,decaps,25034
6568,mlkem,fixed,decaps,25017
6569,mlkem,fixed,decaps,25042
6570,mlkem,fixed,decaps,25014
6571,mlkem,fixed,decaps,25062
6572,mlkem,fixed,decaps,24996
6573,mlkem,fixed,decaps,25036
6574,mlkem,fixed,decaps,25028
6575,mlkem,fixed,decaps,25058
6576,mlkem,fixed,decaps,25028
6577,mlkem,fixed,decaps,24999
6578,mlkem,fixed,decaps,25029
6579,mlkem,fixed,decaps,25053
6580,mlkem,fixed,decaps,24965
6581,mlkem,fixed,decaps,25051
6582,mlkem,fixed,decaps,24931
6583,mlkem,fixed,decaps,25013
6584,mlkem,fixed,decaps,25003
6585,mlkem,fixed,decaps,25030
6586,mlkem,fixed,decaps,39175
6587,mlkem,fixed,decaps,26563
6588,mlkem,fixed,decaps,26587
6589,mlkem,fixed,decaps,26545
6590,mlkem,fixed,decaps,26404
6591,mlkem,fixed,decaps,38535
6592,mlkem,fixed,decaps,30564
6593,mlkem,fixed,decaps,34416
6594,mlkem,fixed,decaps,30216
6595,mlkem,fixed,decaps,28279
6596,mlkem,fixed,decaps,26611
6597,mlkem,fixed,decaps,26573
6598,mlkem,fixed,decaps,26591
6599,mlkem,fixed,decaps,26563
6600,mlkem,fixed,decaps,26546
6601,mlkem,fixed,decaps,26503
6602,mlkem,fixed,decaps,26534
6603,mlkem,fixed,decaps,26580
6604,mlkem,fixed,decaps,26609
6605,mlkem,fixed,decaps,26580
6606,mlkem,fixed,decaps,26504
6607,mlkem,fixed,decaps,26568
6608,mlkem,fixed,decaps,26579
6609,mlkem,fixed,decaps,26511
6610,mlkem,fixed,decaps,26576
6611,mlkem,fixed,decaps,26570
6612,mlkem,fixed,decaps,26547
6613,mlkem,fixed,decaps,26515
6614,mlkem,fixed,decaps,26575
6615,mlkem,fixed,decaps,26544
6616,mlkem,fixed,decaps,26526
6617,mlkem,fixed,decaps,26536
6618,mlkem,fixed,decaps,26546
6619,mlkem,fixed,decaps,26556
6620,mlkem,fixed,decaps,26528
6621,mlkem,fixed,decaps,26594
6622,mlkem,fixed,decaps,39548
6623,mlkem,fixed,decaps,25795
6624,mlkem,fixed,decaps,25799
6625,mlkem,fixed,decaps,25794
6626,mlkem,fixed,decaps,25801
6627,mlkem,fixed,decaps,25784
6628,mlkem,fixed,decaps,25766
6629,mlkem,fixed,decaps,25801
6630,mlkem,fixed,decaps,25785
6631,mlkem,fixed,decaps,25784
6632,mlkem,fixed,decaps,25705
6633,mlkem,fixed,decaps,25787
6634,mlkem,fixed,decaps,25774
6635,mlkem,fixed,decaps,25782
6636,mlkem,fixed,decaps,25779
6637,mlkem,fixed,decaps,25780
6638,mlkem,fixed,decaps,25692
6639,mlkem,fixed,decaps,25753
6640,mlkem,fixed,decaps,25797
6641,mlkem,fixed,decaps,25777
6642,mlkem,fixed,decaps,25789
6643,mlkem,fixed,decaps,25767
6644,mlkem,fixed,decaps,25804
6645,mlkem,fixed,decaps,25783
6646,mlkem,fixed,decaps,25800
6647,mlkem,fixed,decaps,25802
6648,mlkem,fixed,decaps,25779
6649,mlkem,fixed,decaps,25662
6650,mlkem,fixed,decaps,25781
6651,mlkem,fixed,decaps,25758
6652,mlkem,fixed,decaps,25798
6653,mlkem,fixed,decaps,25794
6654,mlkem,fixed,decaps,25786
6655,mlkem,fixed,decaps,25764
6656,mlkem,fixed,decaps,25808
6657,mlkem,fixed,decaps,25792
6658,mlkem,fixed,decaps,25771
6659,mlkem,fixed,decaps,25710
6660,mlkem,fixed,decaps,25789
6661,mlkem,fixed,decaps,25706
6662,mlkem,fixed,decaps,25761
6663,mlkem,fixed,decaps,25788
6664,mlkem,fixed,decaps,25793
6665,mlkem,fixed,decaps,25782
6666,mlkem,fixed,decaps,25776
6667,mlkem,fixed,decaps,25812
6668,mlkem,fixed,decaps,25789
6669,mlkem,fixed,decaps,25770
6670,mlkem,fixed,decaps,25730
6671,mlkem,fixed,decaps,25792
6672,mlkem,fixed,decaps,25805
6673,mlkem,fixed,decaps,25826
6674,mlkem,fixed,decaps,25781
6675,mlkem,fixed,decaps,25807
6676,mlkem,fixed,decaps,25691
6677,mlkem,fixed,decaps,25815
6678,mlkem,fixed,decaps,25806
6679,mlkem,fixed,decaps,25788
6680,mlkem,fixed,decaps,25784
6681,mlkem,fixed,decaps,25743
6682,mlkem,fixed,decaps,25757
6683,mlkem,fixed,decaps,25777
6684,mlkem,fixed,decaps,25842
6685,mlkem,fixed,decaps,25783
6686,mlkem,fixed,decaps,25785
6687,mlkem,fixed,decaps,25798
6688,mlkem,fixed,decaps,25821
6689,mlkem,fixed,decaps,25766
6690,mlkem,fixed,decaps,25795
6691,mlkem,fixed,decaps,25806
6692,mlkem,fixed,decaps,25704
6693,mlkem,fixed,decaps,25768
6694,mlkem,fixed,decaps,25875
6695,mlkem,fixed,decaps,25887
6696,mlkem,fixed,decaps,26161
6697,mlkem,fixed,decaps,25883
6698,mlkem,fixed,decaps,25792
6699,mlkem,fixed,decaps,25783
6700,mlkem,fixed,decaps,25807
6701,mlkem,fixed,decaps,25783
6702,mlkem,fixed,decaps,25677
6703,mlkem,fixed,decaps,25744
6704,mlkem,fixed,decaps,25805
6705,mlkem,fixed,decaps,25815
6706,mlkem,fixed,decaps,25833
6707,mlkem,fixed,decaps,25788
6708,mlkem,fixed,decaps,25818
6709,mlkem,fixed,decaps,25757
6710,mlkem,fixed,decaps,25804
6711,mlkem,fixed,decaps,25823
6712,mlkem,fixed,decaps,25775
6713,mlkem,fixed,decaps,25767
6714,mlkem,fixed,decaps,25757
6715,mlkem,fixed,decaps,25819
6716,mlkem,fixed,decaps,25807
6717,mlkem,fixed,decaps,25785
6718,mlkem,fixed,decaps,25814
6719,mlkem,fixed,decaps,25820
6720,mlkem,fixed,decaps,25709
6721,mlkem,fixed,decaps,25786
6722,mlkem,fixed,decaps,25816
6723,mlkem,fixed,decaps,25823
6724,mlkem,fixed,decaps,25739
6725,mlkem,fixed,decaps,25775
6726,mlkem,fixed,decaps,25781
6727,mlkem,fixed,decaps,36041
6728,mlkem,fixed,decaps,26339
6729,mlkem,fixed,decaps,31623
6730,mlkem,fixed,decaps,25951
6731,mlkem,fixed,decaps,25798
6732,mlkem,fixed,decaps,25746
6733,mlkem,fixed,decaps,25743
6734,mlkem,fixed,decaps,25746
6735,mlkem,fixed,decaps,25770
6736,mlkem,fixed,decaps,25718
6737,mlkem,fixed,decaps,25764
6738,mlkem,fixed,decaps,25727
6739,mlkem,fixed,decaps,25727
6740,mlkem,fixed,decaps,25780
6741,mlkem,fixed,decaps,25786
6742,mlkem,fixed,decaps,25802
6743,mlkem,fixed,decaps,25716
6744,mlkem,fixed,decaps,25790
6745,mlkem,fixed,decaps,32352
6746,mlkem,fixed,decaps,26265
6747,mlkem,fixed,decaps,25811
6748,mlkem,fixed,decaps,25988
6749,mlkem,fixed,decaps,34126
6750,mlkem,fixed,decaps,31358
6751,mlkem,fixed,decaps,26476
6752,mlkem,fixed,decaps,33853
6753,mlkem,fixed,decaps,26145
6754,mlkem,fixed,decaps,25757
6755,mlkem,fixed,decaps,25810
6756,mlkem,fixed,decaps,25777
6757,mlkem,fixed,decaps,25679
6758,mlkem,fixed,decaps,25768
6759,mlkem,fixed,decaps,25773
6760,mlkem,fixed,decaps,25686
6761,mlkem,fixed,decaps,25743
6762,mlkem,fixed,decaps,25778
6763,mlkem,fixed,decaps,25777
6764,mlkem,fixed,decaps,25780
6765,mlkem,fixed,decaps,25756
6766,mlkem,fixed,decaps,25781
6767,mlkem,fixed,decaps,25765
6768,mlkem,fixed,decaps,25796
6769,mlkem,fixed,decaps,25750
6770,mlkem,fixed,decaps,25726
6771,mlkem,fixed,decaps,25765
6772,mlkem,fixed,decaps,25733
6773,mlkem,fixed,decaps,25736
6774,mlkem,fixed,decaps,25698
6775,mlkem,fixed,decaps,25779
6776,mlkem,fixed,decaps,25785
6777,mlkem,fixed,decaps,25775
6778,mlkem,fixed,decaps,25781
6779,mlkem,fixed,decaps,25776
6780,mlkem,fixed,decaps,25747
6781,mlkem,fixed,decaps,25721
6782,mlkem,fixed,decaps,25847
6783,mlkem,fixed,decaps,25774
6784,mlkem,fixed,decaps,25777
6785,mlkem,fixed,decaps,25860
6786,mlkem,fixed,decaps,25791
6787,mlkem,fixed,decaps,25771
6788,mlkem,fixed,decaps,25785
6789,mlkem,fixed,decaps,25803
6790,mlkem,fixed,decaps,25812
6791,mlkem,fixed,decaps,25801
6792,mlkem,fixed,decaps,25788
6793,mlkem,fixed,decaps,25766
6794,mlkem,fixed,decaps,25743
6795,mlkem,fixed,decaps,25773
6796,mlkem,fixed,decaps,25795
6797,mlkem,fixed,decaps,25785
6798,mlkem,fixed,decaps,25710
6799,mlkem,fixed,decaps,25791
6800,mlkem,fixed,decaps,25836
6801,mlkem,fixed,decaps,25778
6802,mlkem,fixed,decaps,25779
6803,mlkem,fixed,decaps,25820
6804,mlkem,fixed,decaps,25726
6805,mlkem,fixed,decaps,25796
6806,mlkem,fixed,decaps,25760
6807,mlkem,fixed,decaps,25766
6808,mlkem,fixed,decaps,25719
6809,mlkem,fixed,decaps,25715
6810,mlkem,fixed,decaps,25737
6811,mlkem,fixed,decaps,25777
6812,mlkem,fixed,decaps,25760
6813,mlkem,fixed,decaps,25714
6814,mlkem,fixed,decaps,25752
6815,mlkem,fixed,decaps,25808
6816,mlkem,fixed,decaps,25740
6817,mlkem,fixed,decaps,25766
6818,mlkem,fixed,decaps,25759
6819,mlkem,fixed,decaps,25704
6820,mlkem,fixed,decaps,25763
6821,mlkem,fixed,decaps,25796
6822,mlkem,fixed,decaps,25775
6823,mlkem,fixed,decaps,25719
6824,mlkem,fixed,decaps,25783
6825,mlkem,fixed,decaps,25797
6826,mlkem,fixed,decaps,25802
6827,mlkem,fixed,decaps,25746
6828,mlkem,fixed,decaps,25800
6829,mlkem,fixed,decaps,25799
6830,mlkem,fixed,decaps,25755
6831,mlkem,fixed,decaps,25787
6832,mlkem,fixed,decaps,25783
6833,mlkem,fixed,decaps,25742
6834,mlkem,fixed,decaps,25729
6835,mlkem,fixed,decaps,25763
6836,mlkem,fixed,decaps,25775
6837,mlkem,fixed,decaps,25743
6838,mlkem,fixed,decaps,25742
6839,mlkem,fixed,decaps,25769
6840,mlkem,fixed,decaps,25772
6841,mlkem,fixed,decaps,25748
6842,mlkem,fixed,decaps,25742
6843,mlkem,fixed,decaps,25793
6844,mlkem,fixed,decaps,25731
6845,mlkem,fixed,decaps,25735
6846,mlkem,fixed,decaps,25784
6847,mlkem,fixed,decaps,25779
6848,mlkem,fixed,decaps,25679
6849,mlkem,fixed,decaps,25756
6850,mlkem,fixed,decaps,25760
6851,mlkem,fixed,decaps,57285
6852,mlkem,fixed,decaps,31298
6853,mlkem,fixed,decaps,26018
6854,mlkem,fixed,decaps,25731
6855,mlkem,fixed,decaps,25825
6856,mlkem,fixed,decaps,25799
6857,mlkem,fixed,decaps,25771
6858,mlkem,fixed,decaps,25829
6859,mlkem,fixed,decaps,25806
6860,mlkem,fixed,decaps,25819
6861,mlkem,fixed,decaps,25815
6862,mlkem,fixed,decaps,25809
6863,mlkem,fixed,decaps,25785
6864,mlkem,fixed,decaps,36431
6865,mlkem,fixed,decaps,26346
6866,mlkem,fixed,decaps,32129
6867,mlkem,fixed,decaps,25810
6868,mlkem,fixed,decaps,25713
6869,mlkem,fixed,decaps,25838
6870,mlkem,fixed,decaps,25779
6871,mlkem,fixed,decaps,25804
6872,mlkem,fixed,decaps,25765
6873,mlkem,fixed,decaps,25800
6874,mlkem,fixed,decaps,25799
6875,mlkem,fixed,decaps,25779
6876,mlkem,fixed,decaps,25727
6877,mlkem,fixed,decaps,25802
6878,mlkem,fixed,decaps,25813
6879,mlkem,fixed,decaps,25837
6880,mlkem,fixed,decaps,25801
6881,mlkem,fixed,decaps,25842
6882,mlkem,fixed,decaps,25786
6883,mlkem,fixed,decaps,25803
6884,mlkem,fixed,decaps,25726
6885,mlkem,fixed,decaps,25839
6886,mlkem,fixed,decaps,25810
6887,mlkem,fixed,decaps,25800
6888,mlkem,fixed,decaps,25769
6889,mlkem,fixed,decaps,25744
6890,mlkem,fixed,decaps,25836
6891,mlkem,fixed,decaps,25761
6892,mlkem,fixed,decaps,38646
6893,mlkem,fixed,decaps,24351
6894,mlkem,fixed,decaps,24339
6895,mlkem,fixed,decaps,30906
6896,mlkem,fixed,decaps,24848
6897,mlkem,fixed,decaps,24372
6898,mlkem,fixed,decaps,24439
6899,mlkem,fixed,decaps,24456
6900,mlkem,fixed,decaps,24402
6901,mlkem,fixed,decaps,24374
6902,mlkem,fixed,decaps,24366
6903,mlkem,fixed,decaps,24347
6904,mlkem,fixed,decaps,24377
6905,mlkem,fixed,decaps,24321
6906,mlkem,fixed,decaps,24374
6907,mlkem,fixed,decaps,24375
6908,mlkem,fixed,decaps,24372
6909,mlkem,fixed,decaps,24333
6910,mlkem,fixed,decaps,24377
6911,mlkem,fixed,decaps,24385
6912,mlkem,fixed,decaps,24385
6913,mlkem,fixed,decaps,24413
6914,mlkem,fixed,decaps,24337
6915,mlkem,fixed,decaps,24319
6916,mlkem,fixed,decaps,24339
6917,mlkem,fixed,decaps,24365
6918,mlkem,fixed,decaps,24361
6919,mlkem,fixed,decaps,24376
6920,mlkem,fixed,decaps,24380
6921,mlkem,fixed,decaps,30392
6922,mlkem,fixed,decaps,50750
6923,mlkem,fixed,decaps,25683
6924,mlkem,fixed,decaps,42895
6925,mlkem,fixed,decaps,24412
6926,mlkem,fixed,decaps,24403
6927,mlkem,fixed,decaps,24395
6928,mlkem,fixed,decaps,24314
6929,mlkem,fixed,decaps,24390
6930,mlkem,fixed,decaps,42131
6931,mlkem,fixed,decaps,25073
6932,mlkem,fixed,decaps,24991
6933,mlkem,fixed,decaps,25059
6934,mlkem,fixed,decaps,25070
6935,mlkem,fixed,decaps,25087
6936,mlkem,fixed,decaps,25050
6937,mlkem,fixed,decaps,25075
6938,mlkem,fixed,decaps,25032
6939,mlkem,fixed,decaps,25074
6940,mlkem,fixed,decaps,25026
6941,mlkem,fixed,decaps,25047
6942,mlkem,fixed,decaps,25071
6943,mlkem,fixed,decaps,25018
6944,mlkem,fixed,decaps,24989
6945,mlkem,fixed,decaps,25049
6946,mlkem,fixed,decaps,24929
6947,mlkem,fixed,decaps,25005
6948,mlkem,fixed,decaps,24995
6949,mlkem,fixed,decaps,25108
6950,mlkem,fixed,decaps,25043
6951,mlkem,fixed,decaps,25071
6952,mlkem,fixed,decaps,25057
6953,mlkem,fixed,decaps,25028
6954,mlkem,fixed,decaps,25052
6955,mlkem,fixed,decaps,25066
6956,mlkem,fixed,decaps,25034
6957,mlkem,fixed,decaps,25064
6958,mlkem,fixed,decaps,25065
6959,mlkem,fixed,decaps,25085
6960,mlkem,fixed,decaps,25068
6961,mlkem,fixed,decaps,25039
6962,mlkem,fixed,decaps,25048
6963,mlkem,fixed,decaps,25061
6964,mlkem,fixed,decaps,25022
6965,mlkem,fixed,decaps,25036
6966,mlkem,fixed,decaps,25050
6967,mlkem,fixed,decaps,25138
6968,mlkem,fixed,decaps,25066
6969,mlkem,fixed,decaps,25034
6970,mlkem,fixed,decaps,25664
6971,mlkem,fixed,decaps,25054
6972,mlkem,fixed,decaps,25034
6973,mlkem,fixed,decaps,25048
6974,mlkem,fixed,decaps,25070
6975,mlkem,fixed,decaps,25014
6976,mlkem,fixed,decaps,25012
6977,mlkem,fixed,decaps,25083
6978,mlkem,fixed,decaps,25011
6979,mlkem,fixed,decaps,24973
6980,mlkem,fixed,decaps,25042
6981,mlkem,fixed,decaps,25064
6982,mlkem,fixed,decaps,24989
6983,mlkem,fixed,decaps,25095
6984,mlkem,fixed,decaps,25011
6985,mlkem,fixed,decaps,25047
6986,mlkem,fixed,decaps,25056
6987,mlkem,fixed,decaps,25043
6988,mlkem,fixed,decaps,25067
6989,mlkem,fixed,decaps,24957
6990,mlkem,fixed,decaps,25038
6991,mlkem,fixed,decaps,25063
6992,mlkem,fixed,decaps,25058
6993,mlkem,fixed,decaps,25005
6994,mlkem,fixed,decaps,25037
6995,mlkem,fixed,decaps,25064
6996,mlkem,fixed,decaps,25050
6997,mlkem,fixed,decaps,25020
6998,mlkem,fixed,decaps,25045
6999,mlkem,fixed,decaps,25034
7000,mlkem,fixed,decaps,35465
7001,mlkem,fixed,decaps,25655
7002,mlkem,fixed,decaps,30944
7003,mlkem,fixed,decaps,25276
7004,mlkem,fixed,decaps,25097
7005,mlkem,fixed,decaps,25031
7006,mlkem,fixed,decaps,25108
7007,mlkem,fixed,decaps,25282
7008,mlkem,fixed,decaps,25287
7009,mlkem,fixed,decaps,25867
7010,mlkem,fixed,decaps,25289
7011,mlkem,fixed,decaps,25758
7012,mlkem,fixed,decaps,25827
7013,mlkem,fixed,decaps,25355
7014,mlkem,fixed,decaps,26709
7015,mlkem,fixed,decaps,26008
7016,mlkem,fixed,decaps,26407
7017,mlkem,fixed,decaps,25776
7018,mlkem,fixed,decaps,25863
7019,mlkem,fixed,decaps,26855
7020,mlkem,fixed,decaps,27010
7021,mlkem,fixed,decaps,26444
7022,mlkem,fixed,decaps,28514
7023,mlkem,fixed,decaps,28777
7024,mlkem,fixed,decaps,29779
7025,mlkem,fixed,decaps,28496
7026,mlkem,fixed,decaps,27590
7027,mlkem,fixed,decaps,30138
7028,mlkem,fixed,decaps,32180
7029,mlkem,fixed,decaps,28938
7030,mlkem,fixed,decaps,26741
7031,mlkem,fixed,decaps,27751
7032,mlkem,fixed,decaps,28098
7033,mlkem,fixed,decaps,29419
7034,mlkem,fixed,decaps,29454
7035,mlkem,fixed,decaps,29836
7036,mlkem,fixed,decaps,28892
7037,mlkem,fixed,decaps,27641
7038,mlkem,fixed,decaps,27093
7039,mlkem,fixed,decaps,27764
7040,mlkem,fixed,decaps,26335
7041,mlkem,fixed,decaps,26095
7042,mlkem,fixed,decaps,26687
7043,mlkem,fixed,decaps,26894
7044,mlkem,fixed,decaps,28535
7045,mlkem,fixed,decaps,29413
7046,mlkem,fixed,decaps,47594
7047,mlkem,fixed,decaps,30955
7048,mlkem,fixed,decaps,27892
7049,mlkem,fixed,decaps,27128
7050,mlkem,fixed,decaps,27155
7051,mlkem,fixed,decaps,27666
7052,mlkem,fixed,decaps,26495
7053,mlkem,fixed,decaps,26899
7054,mlkem,fixed,decaps,26516
7055,mlkem,fixed,decaps,26964
7056,mlkem,fixed,decaps,26677
7057,mlkem,fixed,decaps,26108
7058,mlkem,fixed,decaps,26710
7059,mlkem,fixed,decaps,26968
7060,mlkem,fixed,decaps,26999
7061,mlkem,fixed,decaps,26524
7062,mlkem,fixed,decaps,27440
7063,mlkem,fixed,decaps,27388
7064,mlkem,fixed,decaps,26449
7065,mlkem,fixed,decaps,27129
7066,mlkem,fixed,decaps,26972
7067,mlkem,fixed,decaps,28028
7068,mlkem,fixed,decaps,48508
7069,mlkem,fixed,decaps,29052
7070,mlkem,fixed,decaps,30601
7071,mlkem,fixed,decaps,32684
7072,mlkem,fixed,decaps,34934
7073,mlkem,fixed,decaps,49632
7074,mlkem,fixed,decaps,31791
7075,mlkem,fixed,decaps,28928
7076,mlkem,fixed,decaps,26907
7077,mlkem,fixed,decaps,25543
7078,mlkem,fixed,decaps,25313
7079,mlkem,fixed,decaps,25904
7080,mlkem,fixed,decaps,27664
7081,mlkem,fixed,decaps,66583
7082,mlkem,fixed,decaps,85769
7083,mlkem,fixed,decaps,28916
7084,mlkem,fixed,decaps,29237
7085,mlkem,fixed,decaps,31471
7086,mlkem,fixed,decaps,31253
7087,mlkem,fixed,decaps,30313
7088,mlkem,fixed,decaps,50186
7089,mlkem,fixed,decaps,35517
7090,mlkem,fixed,decaps,26737
7091,mlkem,fixed,decaps,25734
7092,mlkem,fixed,decaps,25451
7093,mlkem,fixed,decaps,25543
7094,mlkem,fixed,decaps,25980
7095,mlkem,fixed,decaps,25400
7096,mlkem,fixed,decaps,25094
7097,mlkem,fixed,decaps,25081
7098,mlkem,fixed,decaps,25937
7099,mlkem,fixed,decaps,52282
7100,mlkem,fixed,decaps,29866
7101,mlkem,fixed,decaps,45902
7102,mlkem,fixed,decaps,29496
7103,mlkem,fixed,decaps,50656
7104,mlkem,fixed,decaps,25552
7105,mlkem,fixed,decaps,24420
7106,mlkem,fixed,decaps,28533
7107,mlkem,fixed,decaps,30096
7108,mlkem,fixed,decaps,24616
7109,mlkem,fixed,decaps,24422
7110,mlkem,fixed,decaps,24325
7111,mlkem,fixed,decaps,24332
7112,mlkem,fixed,decaps,24346
7113,mlkem,fixed,decaps,24331
7114,mlkem,fixed,decaps,24301
7115,mlkem,fixed,decaps,24647
7116,mlkem,fixed,decaps,24369
7117,mlkem,fixed,decaps,24336
7118,mlkem,fixed,decaps,24272
7119,mlkem,fixed,decaps,24327
7120,mlkem,fixed,decaps,24298
7121,mlkem,fixed,decaps,24378
7122,mlkem,fixed,decaps,24361
7123,mlkem,fixed,decaps,24328
7124,mlkem,fixed,decaps,24307
7125,mlkem,fixed,decaps,24331
7126,mlkem,fixed,decaps,24348
7127,mlkem,fixed,decaps,24352
7128,mlkem,fixed,decaps,24345
7129,mlkem,fixed,decaps,24319
7130,mlkem,fixed,decaps,24358
7131,mlkem,fixed,decaps,24257
7132,mlkem,fixed,decaps,24347
7133,mlkem,fixed,decaps,28972
7134,mlkem,fixed,decaps,49537
7135,mlkem,fixed,decaps,42180
7136,mlkem,fixed,decaps,24329
7137,mlkem,fixed,decaps,53068
7138,mlkem,fixed,decaps,26198
7139,mlkem,fixed,decaps,30172
7140,mlkem,fixed,decaps,25362
7141,mlkem,fixed,decaps,25040
7142,mlkem,fixed,decaps,25027
7143,mlkem,fixed,decaps,25021
7144,mlkem,fixed,decaps,25014
7145,mlkem,fixed,decaps,25048
7146,mlkem,fixed,decaps,25026
7147,mlkem,fixed,decaps,25018
7148,mlkem,fixed,decaps,25015
7149,mlkem,fixed,decaps,24970
7150,mlkem,fixed,decaps,24973
7151,mlkem,fixed,decaps,25020
7152,mlkem,fixed,decaps,24922
7153,mlkem,fixed,decaps,25047
7154,mlkem,fixed,decaps,24994
7155,mlkem,fixed,decaps,24976
7156,mlkem,fixed,decaps,24996
7157,mlkem,fixed,decaps,25005
7158,mlkem,fixed,decaps,25013
7159,mlkem,fixed,decaps,25075
7160,mlkem,fixed,decaps,25049
7161,mlkem,fixed,decaps,25036
7162,mlkem,fixed,decaps,25016
7163,mlkem,fixed,decaps,25052
7164,mlkem,fixed,decaps,25060
7165,mlkem,fixed,decaps,25005
7166,mlkem,fixed,decaps,25000
7167,mlkem,fixed,decaps,25057
7168,mlkem,fixed,decaps,25064
7169,mlkem,fixed,decaps,25049
7170,mlkem,fixed,decaps,25030
7171,mlkem,fixed,decaps,25055
7172,mlkem,fixed,decaps,24927
7173,mlkem,fixed,decaps,38167
7174,mlkem,fixed,decaps,25775
7175,mlkem,fixed,decaps,25773
7176,mlkem,fixed,decaps,25695
7177,mlkem,fixed,decaps,25736
7178,mlkem,fixed,decaps,25757
7179,mlkem,fixed,decaps,25709
7180,mlkem,fixed,decaps,25768
7181,mlkem,fixed,decaps,25725
7182,mlkem,fixed,decaps,25776
7183,mlkem,fixed,decaps,34402
7184,mlkem,fixed,decaps,26390
7185,mlkem,fixed,decaps,25860
7186,mlkem,fixed,decaps,25956
7187,mlkem,fixed,decaps,25781
7188,mlkem,fixed,decaps,25824
7189,mlkem,fixed,decaps,25782
7190,mlkem,fixed,decaps,25745
7191,mlkem,fixed,decaps,25754
7192,mlkem,fixed,decaps,25772
7193,mlkem,fixed,decaps,25768
7194,mlkem,fixed,decaps,25735
7195,mlkem,fixed,decaps,25715
7196,mlkem,fixed,decaps,25768
7197,mlkem,fixed,decaps,25802
7198,mlkem,fixed,decaps,25761
7199,mlkem,fixed,decaps,25767
7200,mlkem,fixed,decaps,25758
7201,mlkem,fixed,decaps,25739
7202,mlkem,fixed,decaps,25770
7203,mlkem,fixed,decaps,25799
7204,mlkem,fixed,decaps,25804
7205,mlkem,fixed,decaps,25756
7206,mlkem,fixed,decaps,25777
7207,mlkem,fixed,decaps,25733
7208,mlkem,fixed,decaps,25773
7209,mlkem,fixed,decaps,25761
7210,mlkem,fixed,decaps,25759
7211,mlkem,fixed,decaps,25780
7212,mlkem,fixed,decaps,25778
7213,mlkem,fixed,decaps,25705
7214,mlkem,fixed,decaps,25765
7215,mlkem,fixed,decaps,25761
7216,mlkem,fixed,decaps,25780
7217,mlkem,fixed,decaps,25709
7218,mlkem,fixed,decaps,25756
7219,mlkem,fixed,decaps,25792
7220,mlkem,fixed,decaps,25770
7221,mlkem,fixed,decaps,25750
7222,mlkem,fixed,decaps,25762
7223,mlkem,fixed,decaps,25756
7224,mlkem,fixed,decaps,25756
7225,mlkem,fixed,decaps,25694
7226,mlkem,fixed,decaps,25782
7227,mlkem,fixed,decaps,25744
7228,mlkem,fixed,decaps,25743
7229,mlkem,fixed,decaps,25790
7230,mlkem,fixed,decaps,25785
7231,mlkem,fixed,decaps,25676
7232,mlkem,fixed,decaps,25802
7233,mlkem,fixed,decaps,25788
7234,mlkem,fixed,decaps,25729
7235,mlkem,fixed,decaps,25781
7236,mlkem,fixed,decaps,25773
7237,mlkem,fixed,decaps,25781
7238,mlkem,fixed,decaps,25730
7239,mlkem,fixed,decaps,25728
7240,mlkem,fixed,decaps,25794
7241,mlkem,fixed,decaps,25732
7242,mlkem,fixed,decaps,25755
7243,mlkem,fixed,decaps,25702
7244,mlkem,fixed,decaps,25755
7245,mlkem,fixed,decaps,25764
7246,mlkem,fixed,decaps,25771
7247,mlkem,fixed,decaps,25797
7248,mlkem,fixed,decaps,25687
7249,mlkem,fixed,decaps,25739
7250,mlkem,fixed,decaps,25764
7251,mlkem,fixed,decaps,25758
7252,mlkem,fixed,decaps,25777
7253,mlkem,fixed,decaps,25748
7254,mlkem,fixed,decaps,25726
7255,mlkem,fixed,decaps,25752
7256,mlkem,fixed,decaps,25750
7257,mlkem,fixed,decaps,25798
7258,mlkem,fixed,decaps,25707
7259,mlkem,fixed,decaps,25760
7260,mlkem,fixed,decaps,25740
7261,mlkem,fixed,decaps,25775
7262,mlkem,fixed,decaps,25779
7263,mlkem,fixed,decaps,25806
7264,mlkem,fixed,decaps,25680
7265,mlkem,fixed,decaps,25787
7266,mlkem,fixed,decaps,25771
7267,mlkem,fixed,decaps,25792
7268,mlkem,fixed,decaps,25776
7269,mlkem,fixed,decaps,25760
7270,mlkem,fixed,decaps,25775
7271,mlkem,fixed,decaps,25778
7272,mlkem,fixed,decaps,25692
7273,mlkem,fixed,decaps,25777
7274,mlkem,fixed,decaps,36214
7275,mlkem,fixed,decaps,26335
7276,mlkem,fixed,decaps,32057
7277,mlkem,fixed,decaps,25764
7278,mlkem,fixed,decaps,25851
7279,mlkem,fixed,decaps,25792
7280,mlkem,fixed,decaps,25837
7281,mlkem,fixed,decaps,25812
7282,mlkem,fixed,decaps,25752
7283,mlkem,fixed,decaps,25817
7284,mlkem,fixed,decaps,25807
7285,mlkem,fixed,decaps,25691
7286,mlkem,fixed,decaps,25798
7287,mlkem,fixed,decaps,25819
7288,mlkem,fixed,decaps,25811
7289,mlkem,fixed,decaps,25726
7290,mlkem,fixed,decaps,25773
7291,mlkem,fixed,decaps,25767
7292,mlkem,fixed,decaps,25804
7293,mlkem,fixed,decaps,25744
7294,mlkem,fixed,decaps,25793
7295,mlkem,fixed,decaps,25763
7296,mlkem,fixed,decaps,25776
7297,mlkem,fixed,decaps,25798
7298,mlkem,fixed,decaps,25706
7299,mlkem,fixed,decaps,25791
7300,mlkem,fixed,decaps,25810
7301,mlkem,fixed,decaps,25752
7302,mlkem,fixed,decaps,25817
7303,mlkem,fixed,decaps,25776
7304,mlkem,fixed,decaps,25806
7305,mlkem,fixed,decaps,25790
7306,mlkem,fixed,decaps,25762
7307,mlkem,fixed,decaps,25746
7308,mlkem,fixed,decaps,25791
7309,mlkem,fixed,decaps,25755
7310,mlkem,fixed,decaps,25750
7311,mlkem,fixed,decaps,25779
7312,mlkem,fixed,decaps,25773
7313,mlkem,fixed,decaps,25673
7314,mlkem,fixed,decaps,25778
7315,mlkem,fixed,decaps,25804
7316,mlkem,fixed,decaps,25787
7317,mlkem,fixed,decaps,25761
7318,mlkem,fixed,decaps,25711
7319,mlkem,fixed,decaps,25722
7320,mlkem,fixed,decaps,25821
7321,mlkem,fixed,decaps,25810
7322,mlkem,fixed,decaps,25790
7323,mlkem,fixed,decaps,25781
7324,mlkem,fixed,decaps,25805
7325,mlkem,fixed,decaps,25798
7326,mlkem,fixed,decaps,25790
7327,mlkem,fixed,decaps,25785
7328,mlkem,fixed,decaps,25792
7329,mlkem,fixed,decaps,25805
7330,mlkem,fixed,decaps,25770
7331,mlkem,fixed,decaps,25774
7332,mlkem,fixed,decaps,25768
7333,mlkem,fixed,decaps,25684
7334,mlkem,fixed,decaps,25773
7335,mlkem,fixed,decaps,25758
7336,mlkem,fixed,decaps,43811
7337,mlkem,fixed,decaps,25924
7338,mlkem,fixed,decaps,25795
7339,mlkem,fixed,decaps,25786
7340,mlkem,fixed,decaps,25828
7341,mlkem,fixed,decaps,25781
7342,mlkem,fixed,decaps,25760
7343,mlkem,fixed,decaps,25751
7344,mlkem,fixed,decaps,25800
7345,mlkem,fixed,decaps,25849
7346,mlkem,fixed,decaps,25799
7347,mlkem,fixed,decaps,25809
7348,mlkem,fixed,decaps,25774
7349,mlkem,fixed,decaps,25812
7350,mlkem,fixed,decaps,25781
7351,mlkem,fixed,decaps,25680
7352,mlkem,fixed,decaps,25690
7353,mlkem,fixed,decaps,25795
7354,mlkem,fixed,decaps,25702
7355,mlkem,fixed,decaps,25779
7356,mlkem,fixed,decaps,25790
7357,mlkem,fixed,decaps,25798
7358,mlkem,fixed,decaps,25738
7359,mlkem,fixed,decaps,25736
7360,mlkem,fixed,decaps,25815
7361,mlkem,fixed,decaps,25805
7362,mlkem,fixed,decaps,25829
7363,mlkem,fixed,decaps,25734
7364,mlkem,fixed,decaps,25754
7365,mlkem,fixed,decaps,25830
7366,mlkem,fixed,decaps,25836
7367,mlkem,fixed,decaps,25827
7368,mlkem,fixed,decaps,25822
7369,mlkem,fixed,decaps,25790
7370,mlkem,fixed,decaps,25800
7371,mlkem,fixed,decaps,25779
7372,mlkem,fixed,decaps,25688
7373,mlkem,fixed,decaps,25788
7374,mlkem,fixed,decaps,31829
7375,mlkem,fixed,decaps,26201
7376,mlkem,fixed,decaps,25889
7377,mlkem,fixed,decaps,26091
7378,mlkem,fixed,decaps,27629
7379,mlkem,fixed,decaps,25815
7380,mlkem,fixed,decaps,25814
7381,mlkem,fixed,decaps,25787
7382,mlkem,fixed,decaps,25934
7383,mlkem,fixed,decaps,25816
7384,mlkem,fixed,decaps,31277
7385,mlkem,fixed,decaps,31053
7386,mlkem,fixed,decaps,26096
7387,mlkem,fixed,decaps,25841
7388,mlkem,fixed,decaps,25769
7389,mlkem,fixed,decaps,25876
7390,mlkem,fixed,decaps,25759
7391,mlkem,fixed,decaps,26204
7392,mlkem,fixed,decaps,26143
7393,mlkem,fixed,decaps,25927
7394,mlkem,fixed,decaps,25798
7395,mlkem,fixed,decaps,26067
7396,mlkem,fixed,decaps,25912
7397,mlkem,fixed,decaps,31736
7398,mlkem,fixed,decaps,25871
7399,mlkem,fixed,decaps,25797
7400,mlkem,fixed,decaps,25951
7401,mlkem,fixed,decaps,26057
7402,mlkem,fixed,decaps,38427
7403,mlkem,fixed,decaps,24395
7404,mlkem,fixed,decaps,24338
7405,mlkem,fixed,decaps,24343
7406,mlkem,fixed,decaps,24311
7407,mlkem,fixed,decaps,24322
7408,mlkem,fixed,decaps,24374
7409,mlkem,fixed,decaps,24406
7410,mlkem,fixed,decaps,34017
7411,mlkem,fixed,decaps,24967
7412,mlkem,fixed,decaps,29487
7413,mlkem,fixed,decaps,24573
7414,mlkem,fixed,decaps,24375
7415,mlkem,fixed,decaps,24341
7416,mlkem,fixed,decaps,24368
7417,mlkem,fixed,decaps,24293
7418,mlkem,fixed,decaps,24341
7419,mlkem,fixed,decaps,24289
7420,mlkem,fixed,decaps,24354
7421,mlkem,fixed,decaps,24363
7422,mlkem,fixed,decaps,24342
7423,mlkem,fixed,decaps,24341
7424,mlkem,fixed,decaps,24379
7425,mlkem,fixed,decaps,24402
7426,mlkem,fixed,decaps,24365
7427,mlkem,fixed,decaps,24363
7428,mlkem,fixed,decaps,24372
7429,mlkem,fixed,decaps,24368
7430,mlkem,fixed,decaps,24359
7431,mlkem,fixed,decaps,24335
7432,mlkem,fixed,decaps,24367
7433,mlkem,fixed,decaps,24402
7434,mlkem,fixed,decaps,24340
7435,mlkem,fixed,decaps,24387
7436,mlkem,fixed,decaps,24322
7437,mlkem,fixed,decaps,29865
7438,mlkem,fixed,decaps,24393
7439,mlkem,fixed,decaps,24362
7440,mlkem,fixed,decaps,24339
7441,mlkem,fixed,decaps,37672
7442,mlkem,fixed,decaps,25079
7443,mlkem,fixed,decaps,25000
7444,mlkem,fixed,decaps,25034
7445,mlkem,fixed,decaps,25091
7446,mlkem,fixed,decaps,25073
7447,mlkem,fixed,decaps,25043
7448,mlkem,fixed,decaps,25018
7449,mlkem,fixed,decaps,25075
7450,mlkem,fixed,decaps,25079
7451,mlkem,fixed,decaps,25064
7452,mlkem,fixed,decaps,25054
7453,mlkem,fixed,decaps,25085
7454,mlkem,fixed,decaps,25032
7455,mlkem,fixed,decaps,25047
7456,mlkem,fixed,decaps,25029
7457,mlkem,fixed,decaps,25041
7458,mlkem,fixed,decaps,25000
7459,mlkem,fixed,decaps,25032
7460,mlkem,fixed,decaps,25109
7461,mlkem,fixed,decaps,25052
7462,mlkem,fixed,decaps,25018
7463,mlkem,fixed,decaps,25027
7464,mlkem,fixed,decaps,24988
7465,mlkem,fixed,decaps,25076
7466,mlkem,fixed,decaps,25033
7467,mlkem,fixed,decaps,24996
7468,mlkem,fixed,decaps,25061
7469,mlkem,fixed,decaps,25051
7470,mlkem,fixed,decaps,25039
7471,mlkem,fixed,decaps,25057
7472,mlkem,fixed,decaps,25055
7473,mlkem,fixed,decaps,25018
7474,mlkem,fixed,decaps,24941
7475,mlkem,fixed,decaps,25026
7476,mlkem,fixed,decaps,25017
7477,mlkem,fixed,decaps,25021
7478,mlkem,fixed,decaps,56341
7479,mlkem,fixed,decaps,25075
7480,mlkem,fixed,decaps,25080
7481,mlkem,fixed,decaps,25006
7482,mlkem,fixed,decaps,24954
7483,mlkem,fixed,decaps,25089
7484,mlkem,fixed,decaps,25057
7485,mlkem,fixed,decaps,25099
7486,mlkem,fixed,decaps,25020
7487,mlkem,fixed,decaps,25075
7488,mlkem,fixed,decaps,32057
7489,mlkem,fixed,decaps,25113
7490,mlkem,fixed,decaps,25052
7491,mlkem,fixed,decaps,25144
7492,mlkem,fixed,decaps,25059
7493,mlkem,fixed,decaps,25021
7494,mlkem,fixed,decaps,25083
7495,mlkem,fixed,decaps,25037
7496,mlkem,fixed,decaps,25020
7497,mlkem,fixed,decaps,25066
7498,mlkem,fixed,decaps,25034
7499,mlkem,fixed,decaps,25067
7500,mlkem,fixed,decaps,24951
7501,mlkem,fixed,decaps,29312
7502,mlkem,fixed,decaps,34221
7503,mlkem,fixed,decaps,25661
7504,mlkem,fixed,decaps,26374
7505,mlkem,fixed,decaps,33145
7506,mlkem,fixed,decaps,25342
7507,mlkem,fixed,decaps,25019
7508,mlkem,fixed,decaps,25008
7509,mlkem,fixed,decaps,25010
7510,mlkem,fixed,decaps,24993
7511,mlkem,fixed,decaps,25006
7512,mlkem,fixed,decaps,25003
7513,mlkem,fixed,decaps,25041
7514,mlkem,fixed,decaps,24911
7515,mlkem,fixed,decaps,24978
7516,mlkem,fixed,decaps,24986
7517,mlkem,fixed,decaps,24994
7518,mlkem,fixed,decaps,24992
7519,mlkem,fixed,decaps,24999
7520,mlkem,fixed,decaps,25018
7521,mlkem,fixed,decaps,25045
7522,mlkem,fixed,decaps,24985
7523,mlkem,fixed,decaps,24995
7524,mlkem,fixed,decaps,24947
7525,mlkem,fixed,decaps,24991
7526,mlkem,fixed,decaps,24944
7527,mlkem,fixed,decaps,24985
7528,mlkem,fixed,decaps,24948
7529,mlkem,fixed,decaps,25006
7530,mlkem,fixed,decaps,24980
7531,mlkem,fixed,decaps,25012
7532,mlkem,fixed,decaps,24967
7533,mlkem,fixed,decaps,24980
7534,mlkem,fixed,decaps,24952
7535,mlkem,fixed,decaps,25009
7536,mlkem,fixed,decaps,25011
7537,mlkem,fixed,decaps,24978
7538,mlkem,fixed,decaps,24950
7539,mlkem,fixed,decaps,24964
7540,mlkem,fixed,decaps,25021
7541,mlkem,fixed,decaps,25030
7542,mlkem,fixed,decaps,25014
7543,mlkem,fixed,decaps,24921
7544,mlkem,fixed,decaps,24962
7545,mlkem,fixed,decaps,25039
7546,mlkem,fixed,decaps,25047
7547,mlkem,fixed,decaps,35198
7548,mlkem,fixed,decaps,25481
7549,mlkem,fixed,decaps,29811
7550,mlkem,fixed,decaps,25309
7551,mlkem,fixed,decaps,25006
7552,mlkem,fixed,decaps,25043
7553,mlkem,fixed,decaps,25007
7554,mlkem,fixed,decaps,25012
7555,mlkem,fixed,decaps,25057
7556,mlkem,fixed,decaps,24980
7557,mlkem,fixed,decaps,24988
7558,mlkem,fixed,decaps,24915
7559,mlkem,fixed,decaps,25004
7560,mlkem,fixed,decaps,42981
7561,mlkem,fixed,decaps,25783
7562,mlkem,fixed,decaps,25737
7563,mlkem,fixed,decaps,25685
7564,mlkem,fixed,decaps,25701
7565,mlkem,fixed,decaps,25738
7566,mlkem,fixed,decaps,25773
7567,mlkem,fixed,decaps,25772
7568,mlkem,fixed,decaps,25744
7569,mlkem,fixed,decaps,25719
7570,mlkem,fixed,decaps,25735
7571,mlkem,fixed,decaps,25666
7572,mlkem,fixed,decaps,25769
7573,mlkem,fixed,decaps,25731
7574,mlkem,fixed,decaps,25731
7575,mlkem,fixed,decaps,25745
7576,mlkem,fixed,decaps,25694
7577,mlkem,fixed,decaps,25694
7578,mlkem,fixed,decaps,25772
7579,mlkem,fixed,decaps,25737
7580,mlkem,fixed,decaps,25769
7581,mlkem,fixed,decaps,25749
7582,mlkem,fixed,decaps,25790
7583,mlkem,fixed,decaps,25745
7584,mlkem,fixed,decaps,25788
7585,mlkem,fixed,decaps,25830
7586,mlkem,fixed,decaps,25755
7587,mlkem,fixed,decaps,25663
7588,mlkem,fixed,decaps,25770
7589,mlkem,fixed,decaps,25734
7590,mlkem,fixed,decaps,25540
7591,mlkem,fixed,decaps,25687
7592,mlkem,fixed,decaps,25773
7593,mlkem,fixed,decaps,25806
7594,mlkem,fixed,decaps,25767
7595,mlkem,fixed,decaps,25732
7596,mlkem,fixed,decaps,25750
7597,mlkem,fixed,decaps,25724
7598,mlkem,fixed,decaps,25753
7599,mlkem,fixed,decaps,25727
7600,mlkem,fixed,decaps,25750
7601,mlkem,fixed,decaps,25749
7602,mlkem,fixed,decaps,25746
7603,mlkem,fixed,decaps,25663
7604,mlkem,fixed,decaps,25739
7605,mlkem,fixed,decaps,25743
7606,mlkem,fixed,decaps,25649
7607,mlkem,fixed,decaps,25774
7608,mlkem,fixed,decaps,25757
7609,mlkem,fixed,decaps,25771
7610,mlkem,fixed,decaps,25707
7611,mlkem,fixed,decaps,25750
7612,mlkem,fixed,decaps,25748
7613,mlkem,fixed,decaps,25799
7614,mlkem,fixed,decaps,25777
7615,mlkem,fixed,decaps,25706
7616,mlkem,fixed,decaps,28725
7617,mlkem,fixed,decaps,32915
7618,mlkem,fixed,decaps,33978
7619,mlkem,fixed,decaps,26328
7620,mlkem,fixed,decaps,25736
7621,mlkem,fixed,decaps,25840
7622,mlkem,fixed,decaps,25854
7623,mlkem,fixed,decaps,25813
7624,mlkem,fixed,decaps,25822
7625,mlkem,fixed,decaps,25857
7626,mlkem,fixed,decaps,26004
7627,mlkem,fixed,decaps,25932
7628,mlkem,fixed,decaps,26424
7629,mlkem,fixed,decaps,25980
7630,mlkem,fixed,decaps,26013
7631,mlkem,fixed,decaps,26014
7632,mlkem,fixed,decaps,26358
7633,mlkem,fixed,decaps,26624
7634,mlkem,fixed,decaps,26434
7635,mlkem,fixed,decaps,26830
7636,mlkem,fixed,decaps,26394
7637,mlkem,fixed,decaps,26277
7638,mlkem,fixed,decaps,26593
7639,mlkem,fixed,decaps,26648
7640,mlkem,fixed,decaps,38710
7641,mlkem,fixed,decaps,27481
7642,mlkem,fixed,decaps,29481
7643,mlkem,fixed,decaps,30377
7644,mlkem,fixed,decaps,37763
7645,mlkem,fixed,decaps,36207
7646,mlkem,fixed,decaps,33976
7647,mlkem,fixed,decaps,35426
7648,mlkem,fixed,decaps,35880
7649,mlkem,fixed,decaps,37219
7650,mlkem,fixed,decaps,33309
7651,mlkem,fixed,decaps,36404
7652,mlkem,fixed,decaps,37280
7653,mlkem,fixed,decaps,35696
7654,mlkem,fixed,decaps,34399
7655,mlkem,fixed,decaps,26357
7656,mlkem,fixed,decaps,26013
7657,mlkem,fixed,decaps,26039
7658,mlkem,fixed,decaps,26153
7659,mlkem,fixed,decaps,26018
7660,mlkem,fixed,decaps,25785
7661,mlkem,fixed,decaps,25820
7662,mlkem,fixed,decaps,26324
7663,mlkem,fixed,decaps,26114
7664,mlkem,fixed,decaps,26007
7665,mlkem,fixed,decaps,25880
7666,mlkem,fixed,decaps,25903
7667,mlkem,fixed,decaps,25797
7668,mlkem,fixed,decaps,26730
7669,mlkem,fixed,decaps,26716
7670,mlkem,fixed,decaps,26381
7671,mlkem,fixed,decaps,26172
7672,mlkem,fixed,decaps,25967
7673,mlkem,fixed,decaps,26237
7674,mlkem,fixed,decaps,27454
7675,mlkem,fixed,decaps,26348
7676,mlkem,fixed,decaps,26692
7677,mlkem,fixed,decaps,27043
7678,mlkem,fixed,decaps,27495
7679,mlkem,fixed,decaps,26565
7680,mlkem,fixed,decaps,27216
7681,mlkem,fixed,decaps,28376
7682,mlkem,fixed,decaps,27735
7683,mlkem,fixed,decaps,38433
7684,mlkem,fixed,decaps,34637
7685,mlkem,fixed,decaps,26891
7686,mlkem,fixed,decaps,30299
7687,mlkem,fixed,decaps,29240
7688,mlkem,fixed,decaps,27347
7689,mlkem,fixed,decaps,27080
7690,mlkem,fixed,decaps,27293
7691,mlkem,fixed,decaps,27149
7692,mlkem,fixed,decaps,26822
7693,mlkem,fixed,decaps,26529
7694,mlkem,fixed,decaps,26631
7695,mlkem,fixed,decaps,25952
7696,mlkem,fixed,decaps,25776
7697,mlkem,fixed,decaps,26041
7698,mlkem,fixed,decaps,26854
7699,mlkem,fixed,decaps,26033
7700,mlkem,fixed,decaps,26326
7701,mlkem,fixed,decaps,26803
7702,mlkem,fixed,decaps,26580
7703,mlkem,fixed,decaps,28113
7704,mlkem,fixed,decaps,27661
7705,mlkem,fixed,decaps,31012
7706,mlkem,fixed,decaps,30685
7707,mlkem,fixed,decaps,31451
7708,mlkem,fixed,decaps,28730
7709,mlkem,fixed,decaps,28583
7710,mlkem,fixed,decaps,32030
7711,mlkem,fixed,decaps,35184
7712,mlkem,fixed,decaps,26716
7713,mlkem,fixed,decaps,58434
7714,mlkem,fixed,decaps,33453
7715,mlkem,fixed,decaps,26906
7716,mlkem,fixed,decaps,25960
7717,mlkem,fixed,decaps,26613
7718,mlkem,fixed,decaps,26209
7719,mlkem,fixed,decaps,26366
7720,mlkem,fixed,decaps,25729
7721,mlkem,fixed,decaps,25727
7722,mlkem,fixed,decaps,26242
7723,mlkem,fixed,decaps,26178
7724,mlkem,fixed,decaps,25938
7725,mlkem,fixed,decaps,25790
7726,mlkem,fixed,decaps,25776
7727,mlkem,fixed,decaps,25769
7728,mlkem,fixed,decaps,31325
7729,mlkem,fixed,decaps,26028
7730,mlkem,fixed,decaps,25776
7731,mlkem,fixed,decaps,26048
7732,mlkem,fixed,decaps,27145
7733,mlkem,fixed,decaps,27123
7734,mlkem,fixed,decaps,26183
7735,mlkem,fixed,decaps,25751
7736,mlkem,fixed,decaps,25826
7737,mlkem,fixed,decaps,25832
7738,mlkem,fixed,decaps,25838
7739,mlkem,fixed,decaps,25774
7740,mlkem,fixed,decaps,25819
7741,mlkem,fixed,decaps,25802
7742,mlkem,fixed,decaps,25755
7743,mlkem,fixed,decaps,25781
7744,mlkem,fixed,decaps,25764
7745,mlkem,fixed,decaps,25750
7746,mlkem,fixed,decaps,25753
7747,mlkem,fixed,decaps,25795
7748,mlkem,fixed,decaps,25751
7749,mlkem,fixed,decaps,25726
7750,mlkem,fixed,decaps,25766
7751,mlkem,fixed,decaps,25700
7752,mlkem,fixed,decaps,25827
7753,mlkem,fixed,decaps,25752
7754,mlkem,fixed,decaps,25759
7755,mlkem,fixed,decaps,25778
7756,mlkem,fixed,decaps,25773
7757,mlkem,fixed,decaps,25773
7758,mlkem,fixed,decaps,25740
7759,mlkem,fixed,decaps,25768
7760,mlkem,fixed,decaps,25817
7761,mlkem,fixed,decaps,25752
7762,mlkem,fixed,decaps,25756
7763,mlkem,fixed,decaps,25801
7764,mlkem,fixed,decaps,25771
7765,mlkem,fixed,decaps,25728
7766,mlkem,fixed,decaps,25779
7767,mlkem,fixed,decaps,25798
7768,mlkem,fixed,decaps,25764
7769,mlkem,fixed,decaps,25776
7770,mlkem,fixed,decaps,25719
7771,mlkem,fixed,decaps,39369
7772,mlkem,fixed,decaps,26566
7773,mlkem,fixed,decaps,26567
7774,mlkem,fixed,decaps,26507
7775,mlkem,fixed,decaps,26602
7776,mlkem,fixed,decaps,26538
7777,mlkem,fixed,decaps,26581
7778,mlkem,fixed,decaps,26589
7779,mlkem,fixed,decaps,36636
7780,mlkem,fixed,decaps,27375
7781,mlkem,fixed,decaps,27311
7782,mlkem,fixed,decaps,27071
7783,mlkem,fixed,decaps,26675
7784,mlkem,fixed,decaps,26979
7785,mlkem,fixed,decaps,27635
7786,mlkem,fixed,decaps,26825
7787,mlkem,fixed,decaps,26503
7788,mlkem,fixed,decaps,26613
7789,mlkem,fixed,decaps,26596
7790,mlkem,fixed,decaps,26549
7791,mlkem,fixed,decaps,26554
7792,mlkem,fixed,decaps,26521
7793,mlkem,fixed,decaps,26563
7794,mlkem,fixed,decaps,26534
7795,mlkem,fixed,decaps,26580
7796,mlkem,fixed,decaps,26568
7797,mlkem,fixed,decaps,26510
7798,mlkem,fixed,decaps,26532
7799,mlkem,fixed,decaps,26508
7800,mlkem,fixed,decaps,26525
7801,mlkem,fixed,decaps,26549
7802,mlkem,fixed,decaps,26611
7803,mlkem,fixed,decaps,26590
7804,mlkem,fixed,decaps,26570
7805,mlkem,fixed,decaps,26557
7806,mlkem,fixed,decaps,39350
7807,mlkem,fixed,decaps,25835
7808,mlkem,fixed,decaps,25797
7809,mlkem,fixed,decaps,25801
7810,mlkem,fixed,decaps,25807
7811,mlkem,fixed,decaps,25707
7812,mlkem,fixed,decaps,25710
7813,mlkem,fixed,decaps,25740
7814,mlkem,fixed,decaps,25775
7815,mlkem,fixed,decaps,25797
7816,mlkem,fixed,decaps,25790
7817,mlkem,fixed,decaps,25777
7818,mlkem,fixed,decaps,25757
7819,mlkem,fixed,decaps,25783
7820,mlkem,fixed,decaps,38379
7821,mlkem,fixed,decaps,29954
7822,mlkem,fixed,decaps,32489
7823,mlkem,fixed,decaps,29157
7824,mlkem,fixed,decaps,28960
7825,mlkem,fixed,decaps,29058
7826,mlkem,fixed,decaps,28885
7827,mlkem,fixed,decaps,28809
7828,mlkem,fixed,decaps,34181
7829,mlkem,fixed,decaps,26455
7830,mlkem,fixed,decaps,25768
7831,mlkem,fixed,decaps,31941
7832,mlkem,fixed,decaps,30897
7833,mlkem,fixed,decaps,25901
7834,mlkem,fixed,decaps,25759
7835,mlkem,fixed,decaps,25666
7836,mlkem,fixed,decaps,25781
7837,mlkem,fixed,decaps,25746
7838,mlkem,fixed,decaps,25719
7839,mlkem,fixed,decaps,25743
7840,mlkem,fixed,decaps,25801
7841,mlkem,fixed,decaps,25831
7842,mlkem,fixed,decaps,25744
7843,mlkem,fixed,decaps,25774
7844,mlkem,fixed,decaps,25768
7845,mlkem,fixed,decaps,25787
7846,mlkem,fixed,decaps,25776
7847,mlkem,fixed,decaps,25762
7848,mlkem,fixed,decaps,25780
7849,mlkem,fixed,decaps,25703
7850,mlkem,fixed,decaps,25779
7851,mlkem,fixed,decaps,25813
7852,mlkem,fixed,decaps,25754
7853,mlkem,fixed,decaps,25705
7854,mlkem,fixed,decaps,25787
7855,mlkem,fixed,decaps,25743
7856,mlkem,fixed,decaps,25763
7857,mlkem,fixed,decaps,25775
7858,mlkem,fixed,decaps,25802
7859,mlkem,fixed,decaps,25737
7860,mlkem,fixed,decaps,25724
7861,mlkem,fixed,decaps,25757
7862,mlkem,fixed,decaps,25786
7863,mlkem,fixed,decaps,25810
7864,mlkem,fixed,decaps,25717
7865,mlkem,fixed,decaps,25756
7866,mlkem,fixed,decaps,25760
7867,mlkem,fixed,decaps,25781
7868,mlkem,fixed,decaps,25753
7869,mlkem,fixed,decaps,25784
7870,mlkem,fixed,decaps,25731
7871,mlkem,fixed,decaps,25733
7872,mlkem,fixed,decaps,25797
7873,mlkem,fixed,decaps,25786
7874,mlkem,fixed,decaps,25748
7875,mlkem,fixed,decaps,25677
7876,mlkem,fixed,decaps,25767
7877,mlkem,fixed,decaps,25803
7878,mlkem,fixed,decaps,25806
7879,mlkem,fixed,decaps,25774
7880,mlkem,fixed,decaps,25754
7881,mlkem,fixed,decaps,25766
7882,mlkem,fixed,decaps,25715
7883,mlkem,fixed,decaps,25785
7884,mlkem,fixed,decaps,25754
7885,mlkem,fixed,decaps,25656
7886,mlkem,fixed,decaps,25747
7887,mlkem,fixed,decaps,25808
7888,mlkem,fixed,decaps,25776
7889,mlkem,fixed,decaps,25762
7890,mlkem,fixed,decaps,25744
7891,mlkem,fixed,decaps,25706
7892,mlkem,fixed,decaps,25731
7893,mlkem,fixed,decaps,25790
7894,mlkem,fixed,decaps,25806
7895,mlkem,fixed,decaps,25815
7896,mlkem,fixed,decaps,26425
7897,mlkem,fixed,decaps,25815
7898,mlkem,fixed,decaps,25712
7899,mlkem,fixed,decaps,25787
7900,mlkem,fixed,decaps,25750
7901,mlkem,fixed,decaps,25725
7902,mlkem,fixed,decaps,25778
7903,mlkem,fixed,decaps,25777
7904,mlkem,fixed,decaps,25792
7905,mlkem,fixed,decaps,25796
7906,mlkem,fixed,decaps,25728
7907,mlkem,fixed,decaps,25809
7908,mlkem,fixed,decaps,25740
7909,mlkem,fixed,decaps,25746
7910,mlkem,fixed,decaps,25808
7911,mlkem,fixed,decaps,25781
7912,mlkem,fixed,decaps,25720
7913,mlkem,fixed,decaps,25791
7914,mlkem,fixed,decaps,25759
7915,mlkem,fixed,decaps,25757
7916,mlkem,fixed,decaps,25789
7917,mlkem,fixed,decaps,25755
7918,mlkem,fixed,decaps,25758
7919,mlkem,fixed,decaps,25734
7920,mlkem,fixed,decaps,25793
7921,mlkem,fixed,decaps,25833
7922,mlkem,fixed,decaps,25758
7923,mlkem,fixed,decaps,25691
7924,mlkem,fixed,decaps,25720
7925,mlkem,fixed,decaps,25782
7926,mlkem,fixed,decaps,25711
7927,mlkem,fixed,decaps,25761
7928,mlkem,fixed,decaps,33192
7929,mlkem,fixed,decaps,26320
7930,mlkem,fixed,decaps,25732
7931,mlkem,fixed,decaps,25832
7932,mlkem,fixed,decaps,25705
7933,mlkem,fixed,decaps,25739
7934,mlkem,fixed,decaps,25739
7935,mlkem,fixed,decaps,25684
7936,mlkem,fixed,decaps,25798
7937,mlkem,fixed,decaps,25754
7938,mlkem,fixed,decaps,25788
7939,mlkem,fixed,decaps,25766
7940,mlkem,fixed,decaps,25754
7941,mlkem,fixed,decaps,25718
7942,mlkem,fixed,decaps,25733
7943,mlkem,fixed,decaps,25778
7944,mlkem,fixed,decaps,25711
7945,mlkem,fixed,decaps,25784
7946,mlkem,fixed,decaps,25806
7947,mlkem,fixed,decaps,25760
7948,mlkem,fixed,decaps,25728
7949,mlkem,fixed,decaps,25772
7950,mlkem,fixed,decaps,25795
7951,mlkem,fixed,decaps,25702
7952,mlkem,fixed,decaps,25772
7953,mlkem,fixed,decaps,25797
7954,mlkem,fixed,decaps,25717
7955,mlkem,fixed,decaps,25710
7956,mlkem,fixed,decaps,36184
7957,mlkem,fixed,decaps,26340
7958,mlkem,fixed,decaps,31604
7959,mlkem,fixed,decaps,25883
7960,mlkem,fixed,decaps,25781
7961,mlkem,fixed,decaps,25712
7962,mlkem,fixed,decaps,25720
7963,mlkem,fixed,decaps,25836
7964,mlkem,fixed,decaps,25791
7965,mlkem,fixed,decaps,25719
7966,mlkem,fixed,decaps,25809
7967,mlkem,fixed,decaps,25743
7968,mlkem,fixed,decaps,25772
7969,mlkem,fixed,decaps,25775
7970,mlkem,fixed,decaps,25806
7971,mlkem,fixed,decaps,25766
7972,mlkem,fixed,decaps,25762
7973,mlkem,fixed,decaps,25744
7974,mlkem,fixed,decaps,25780
7975,mlkem,fixed,decaps,25801
7976,mlkem,fixed,decaps,25737
7977,mlkem,fixed,decaps,25701
7978,mlkem,fixed,decaps,25784
7979,mlkem,fixed,decaps,25768
7980,mlkem,fixed,decaps,25739
7981,mlkem,fixed,decaps,25779
7982,mlkem,fixed,decaps,25764
7983,mlkem,fixed,decaps,25817
7984,mlkem,fixed,decaps,25769
7985,mlkem,fixed,decaps,25727
7986,mlkem,fixed,decaps,25742
7987,mlkem,fixed,decaps,25768
7988,mlkem,fixed,decaps,25776
7989,mlkem,fixed,decaps,25755
7990,mlkem,fixed,decaps,25761
7991,mlkem,fixed,decaps,25809
7992,mlkem,fixed,decaps,25793
7993,mlkem,fixed,decaps,25642
7994,mlkem,fixed,decaps,25761
7995,mlkem,fixed,decaps,25769
7996,mlkem,fixed,decaps,25725
7997,mlkem,fixed,decaps,25767
7998,mlkem,fixed,decaps,25748
7999,mlkem,fixed,decaps,25709
8000,mlkem,fixed,decaps,25792
8001,mlkem,fixed,decaps,25797
8002,mlkem,fixed,decaps,25791
8003,mlkem,fixed,decaps,25790
8004,mlkem,fixed,decaps,25725
8005,mlkem,fixed,decaps,25781
8006,mlkem,fixed,decaps,25750
8007,mlkem,fixed,decaps,25800
8008,mlkem,fixed,decaps,25749
8009,mlkem,fixed,decaps,25733
8010,mlkem,fixed,decaps,25783
8011,mlkem,fixed,decaps,25779
8012,mlkem,fixed,decaps,25780
8013,mlkem,fixed,decaps,25797
8014,mlkem,fixed,decaps,25770
8015,mlkem,fixed,decaps,25778
8016,mlkem,fixed,decaps,25753
8017,mlkem,fixed,decaps,25789
8018,mlkem,fixed,decaps,25786
8019,mlkem,fixed,decaps,25781
8020,mlkem,fixed,decaps,25649
8021,mlkem,fixed,decaps,25792
8022,mlkem,fixed,decaps,25798
8023,mlkem,fixed,decaps,25796
8024,mlkem,fixed,decaps,25701
8025,mlkem,fixed,decaps,25733
8026,mlkem,fixed,decaps,25809
8027,mlkem,fixed,decaps,25774
8028,mlkem,fixed,decaps,25733
8029,mlkem,fixed,decaps,25785
8030,mlkem,fixed,decaps,25769
8031,mlkem,fixed,decaps,25784
8032,mlkem,fixed,decaps,25772
8033,mlkem,fixed,decaps,25738
8034,mlkem,fixed,decaps,25804
8035,mlkem,fixed,decaps,25779
8036,mlkem,fixed,decaps,25711
8037,mlkem,fixed,decaps,25795
8038,mlkem,fixed,decaps,25792
8039,mlkem,fixed,decaps,25721
8040,mlkem,fixed,decaps,25750
8041,mlkem,fixed,decaps,25773
8042,mlkem,fixed,decaps,25764
8043,mlkem,fixed,decaps,25803
8044,mlkem,fixed,decaps,25770
8045,mlkem,fixed,decaps,25789
8046,mlkem,fixed,decaps,25737
8047,mlkem,fixed,decaps,25739
8048,mlkem,fixed,decaps,25697
8049,mlkem,fixed,decaps,25778
8050,mlkem,fixed,decaps,25753
8051,mlkem,fixed,decaps,25792
8052,mlkem,fixed,decaps,25766
8053,mlkem,fixed,decaps,25775
8054,mlkem,fixed,decaps,25756
8055,mlkem,fixed,decaps,25789
8056,mlkem,fixed,decaps,25764
8057,mlkem,fixed,decaps,25781
8058,mlkem,fixed,decaps,25742
8059,mlkem,fixed,decaps,25791
8060,mlkem,fixed,decaps,25781
8061,mlkem,fixed,decaps,25806
8062,mlkem,fixed,decaps,25760
8063,mlkem,fixed,decaps,25734
8064,mlkem,fixed,decaps,25771
8065,mlkem,fixed,decaps,25780
8066,mlkem,fixed,decaps,25813
8067,mlkem,fixed,decaps,25730
8068,mlkem,fixed,decaps,25725
8069,mlkem,fixed,decaps,25781
8070,mlkem,fixed,decaps,25773
8071,mlkem,fixed,decaps,57212
8072,mlkem,fixed,decaps,25812
8073,mlkem,fixed,decaps,33365
8074,mlkem,fixed,decaps,28835
8075,mlkem,fixed,decaps,28854
8076,mlkem,fixed,decaps,28902
8077,mlkem,fixed,decaps,28665
8078,mlkem,fixed,decaps,28883
8079,mlkem,fixed,decaps,26334
8080,mlkem,fixed,decaps,25930
8081,mlkem,fixed,decaps,25810
8082,mlkem,fixed,decaps,25754
8083,mlkem,fixed,decaps,25761
8084,mlkem,fixed,decaps,25743
8085,mlkem,fixed,decaps,25806
8086,mlkem,fixed,decaps,25770
8087,mlkem,fixed,decaps,25773
8088,mlkem,fixed,decaps,25742
8089,mlkem,fixed,decaps,25737
8090,mlkem,fixed,decaps,25756
8091,mlkem,fixed,decaps,25778
8092,mlkem,fixed,decaps,25794
8093,mlkem,fixed,decaps,36453
8094,mlkem,fixed,decaps,33086
8095,mlkem,fixed,decaps,25853
8096,mlkem,fixed,decaps,25785
8097,mlkem,fixed,decaps,25745
8098,mlkem,fixed,decaps,25726
8099,mlkem,fixed,decaps,25721
8100,mlkem,fixed,decaps,25783
8101,mlkem,fixed,decaps,25767
8102,mlkem,fixed,decaps,25739
8103,mlkem,fixed,decaps,25718
8104,mlkem,fixed,decaps,25731
8105,mlkem,fixed,decaps,25762
8106,mlkem,fixed,decaps,25706
8107,mlkem,fixed,decaps,25756
8108,mlkem,fixed,decaps,25811
8109,mlkem,fixed,decaps,25764
8110,mlkem,fixed,decaps,25730
8111,mlkem,fixed,decaps,25803
8112,mlkem,fixed,decaps,25768
8113,mlkem,fixed,decaps,25760
8114,mlkem,fixed,decaps,43171
8115,mlkem,fixed,decaps,25110
8116,mlkem,fixed,decaps,25033
8117,mlkem,fixed,decaps,25029
8118,mlkem,fixed,decaps,25027
8119,mlkem,fixed,decaps,24979
8120,mlkem,fixed,decaps,25040
8121,mlkem,fixed,decaps,25011
8122,mlkem,fixed,decaps,25010
8123,mlkem,fixed,decaps,25067
8124,mlkem,fixed,decaps,24968
8125,mlkem,fixed,decaps,25030
8126,mlkem,fixed,decaps,24995
8127,mlkem,fixed,decaps,25019
8128,mlkem,fixed,decaps,25017
8129,mlkem,fixed,decaps,25001
8130,mlkem,fixed,decaps,25041
8131,mlkem,fixed,decaps,25038
8132,mlkem,fixed,decaps,25016
8133,mlkem,fixed,decaps,25035
8134,mlkem,fixed,decaps,25069
8135,mlkem,fixed,decaps,25064
8136,mlkem,fixed,decaps,25037
8137,mlkem,fixed,decaps,25019
8138,mlkem,fixed,decaps,24978
8139,mlkem,fixed,decaps,25031
8140,mlkem,fixed,decaps,32637
8141,mlkem,fixed,decaps,25303
8142,mlkem,fixed,decaps,25002
8143,mlkem,fixed,decaps,25031
8144,mlkem,fixed,decaps,25053
8145,mlkem,fixed,decaps,25044
8146,mlkem,fixed,decaps,25015
8147,mlkem,fixed,decaps,25004
8148,mlkem,fixed,decaps,25001
8149,mlkem,fixed,decaps,25041
8150,mlkem,fixed,decaps,25017
8151,mlkem,fixed,decaps,24991
8152,mlkem,fixed,decaps,25011
8153,mlkem,fixed,decaps,24984
8154,mlkem,fixed,decaps,25075
8155,mlkem,fixed,decaps,25042
8156,mlkem,fixed,decaps,25010
8157,mlkem,fixed,decaps,25044
8158,mlkem,fixed,decaps,25017
8159,mlkem,fixed,decaps,25059
8160,mlkem,fixed,decaps,25049
8161,mlkem,fixed,decaps,25036
8162,mlkem,fixed,decaps,25022
8163,mlkem,fixed,decaps,25055
8164,mlkem,fixed,decaps,25055
8165,mlkem,fixed,decaps,24981
8166,mlkem,fixed,decaps,25013
8167,mlkem,fixed,decaps,25006
8168,mlkem,fixed,decaps,25041
8169,mlkem,fixed,decaps,25006
8170,mlkem,fixed,decaps,25070
8171,mlkem,fixed,decaps,25005
8172,mlkem,fixed,decaps,25029
8173,mlkem,fixed,decaps,24928
8174,mlkem,fixed,decaps,25040
8175,mlkem,fixed,decaps,25056
8176,mlkem,fixed,decaps,25018
8177,mlkem,fixed,decaps,25012
8178,mlkem,fixed,decaps,25055
8179,mlkem,fixed,decaps,25059
8180,mlkem,fixed,decaps,25055
8181,mlkem,fixed,decaps,25004
8182,mlkem,fixed,decaps,25349
8183,mlkem,fixed,decaps,25043
8184,mlkem,fixed,decaps,25018
8185,mlkem,fixed,decaps,24871
8186,mlkem,fixed,decaps,25051
8187,mlkem,fixed,decaps,25040
8188,mlkem,fixed,decaps,25049
8189,mlkem,fixed,decaps,25057
8190,mlkem,fixed,decaps,24998
8191,mlkem,fixed,decaps,24984
8192,mlkem,fixed,decaps,25037
8193,mlkem,fixed,decaps,24888
8194,mlkem,fixed,decaps,25021
8195,mlkem,fixed,decaps,25020
8196,mlkem,fixed,decaps,25026
8197,mlkem,fixed,decaps,25018
8198,mlkem,fixed,decaps,25014
8199,mlkem,fixed,decaps,25029
8200,mlkem,fixed,decaps,25015
8201,mlkem,fixed,decaps,25002
8202,mlkem,fixed,decaps,25070
8203,mlkem,fixed,decaps,24876
8204,mlkem,fixed,decaps,25040
8205,mlkem,fixed,decaps,25046
8206,mlkem,fixed,decaps,25026
8207,mlkem,fixed,decaps,24929
8208,mlkem,fixed,decaps,25008
8209,mlkem,fixed,decaps,25019
8210,mlkem,fixed,decaps,25021
8211,mlkem,fixed,decaps,25005
8212,mlkem,fixed,decaps,25039
8213,mlkem,fixed,decaps,25019
8214,mlkem,fixed,decaps,24993
8215,mlkem,fixed,decaps,25029
8216,mlkem,fixed,decaps,25065
8217,mlkem,fixed,decaps,25035
8218,mlkem,fixed,decaps,25009
8219,mlkem,fixed,decaps,25018
8220,mlkem,fixed,decaps,25065
8221,mlkem,fixed,decaps,25060
8222,mlkem,fixed,decaps,25027
8223,mlkem,fixed,decaps,25023
8224,mlkem,fixed,decaps,25049
8225,mlkem,fixed,decaps,25045
8226,mlkem,fixed,decaps,25036
8227,mlkem,fixed,decaps,25014
8228,mlkem,fixed,decaps,25023
8229,mlkem,fixed,decaps,35866
8230,mlkem,fixed,decaps,28414
8231,mlkem,fixed,decaps,32202
8232,mlkem,fixed,decaps,37176
8233,mlkem,fixed,decaps,34013
8234,mlkem,fixed,decaps,29402
8235,mlkem,fixed,decaps,25112
8236,mlkem,fixed,decaps,25117
8237,mlkem,fixed,decaps,25041
8238,mlkem,fixed,decaps,25139
8239,mlkem,fixed,decaps,25282
8240,mlkem,fixed,decaps,24890
8241,mlkem,fixed,decaps,25092
8242,mlkem,fixed,decaps,25223
8243,mlkem,fixed,decaps,25032
8244,mlkem,fixed,decaps,25458
8245,mlkem,fixed,decaps,25353
8246,mlkem,fixed,decaps,25229
8247,mlkem,fixed,decaps,25291
8248,mlkem,fixed,decaps,25835
8249,mlkem,fixed,decaps,25853
8250,mlkem,fixed,decaps,25885
8251,mlkem,fixed,decaps,25606
8252,mlkem,fixed,decaps,26295
8253,mlkem,fixed,decaps,25780
8254,mlkem,fixed,decaps,26340
8255,mlkem,fixed,decaps,28487
8256,mlkem,fixed,decaps,41713
8257,mlkem,fixed,decaps,38316
8258,mlkem,fixed,decaps,35624
8259,mlkem,fixed,decaps,34084
8260,mlkem,fixed,decaps,35599
8261,mlkem,fixed,decaps,37773
8262,mlkem,fixed,decaps,31626
8263,mlkem,fixed,decaps,35530
8264,mlkem,fixed,decaps,35453
8265,mlkem,fixed,decaps,34339
8266,mlkem,fixed,decaps,34039
8267,mlkem,fixed,decaps,25632
8268,mlkem,fixed,decaps,25555
8269,mlkem,fixed,decaps,25491
8270,mlkem,fixed,decaps,25589
8271,mlkem,fixed,decaps,25340
8272,mlkem,fixed,decaps,25062
8273,mlkem,fixed,decaps,25269
8274,mlkem,fixed,decaps,25425
8275,mlkem,fixed,decaps,25142
8276,mlkem,fixed,decaps,25596
8277,mlkem,fixed,decaps,25466
8278,mlkem,fixed,decaps,25392
8279,mlkem,fixed,decaps,25465
8280,mlkem,fixed,decaps,25356
8281,mlkem,fixed,decaps,25307
8282,mlkem,fixed,decaps,25301
8283,mlkem,fixed,decaps,26051
8284,mlkem,fixed,decaps,25986
8285,mlkem,fixed,decaps,25279
8286,mlkem,fixed,decaps,25333
8287,mlkem,fixed,decaps,26314
8288,mlkem,fixed,decaps,25755
8289,mlkem,fixed,decaps,25887
8290,mlkem,fixed,decaps,25589
8291,mlkem,fixed,decaps,26893
8292,mlkem,fixed,decaps,26463
8293,mlkem,fixed,decaps,26882
8294,mlkem,fixed,decaps,26235
8295,mlkem,fixed,decaps,26464
8296,mlkem,fixed,decaps,26827
8297,mlkem,fixed,decaps,25946
8298,mlkem,fixed,decaps,25636
8299,mlkem,fixed,decaps,27025
8300,mlkem,fixed,decaps,26801
8301,mlkem,fixed,decaps,28168
8302,mlkem,fixed,decaps,29934
8303,mlkem,fixed,decaps,57124
8304,mlkem,fixed,decaps,29715
8305,mlkem,fixed,decaps,32690
8306,mlkem,fixed,decaps,30363
8307,mlkem,fixed,decaps,29761
8308,mlkem,fixed,decaps,29749
8309,mlkem,fixed,decaps,47395
8310,mlkem,fixed,decaps,26101
8311,mlkem,fixed,decaps,27745
8312,mlkem,fixed,decaps,26394
8313,mlkem,fixed,decaps,26585
8314,mlkem,fixed,decaps,58588
8315,mlkem,fixed,decaps,55274
8316,mlkem,fixed,decaps,32722
8317,mlkem,fixed,decaps,29274
8318,mlkem,fixed,decaps,30450
8319,mlkem,fixed,decaps,45920
8320,mlkem,fixed,decaps,27453
8321,mlkem,fixed,decaps,47892
8322,mlkem,fixed,decaps,28615
8323,mlkem,fixed,decaps,56132
8324,mlkem,fixed,decaps,27213
8325,mlkem,fixed,decaps,25276
8326,mlkem,fixed,decaps,25268
8327,mlkem,fixed,decaps,26175
8328,mlkem,fixed,decaps,25917
8329,mlkem,fixed,decaps,25698
8330,mlkem,fixed,decaps,25320
8331,mlkem,fixed,decaps,25692
8332,mlkem,fixed,decaps,25451
8333,mlkem,fixed,decaps,25010
8334,mlkem,fixed,decaps,24968
8335,mlkem,fixed,decaps,25073
8336,mlkem,fixed,decaps,25039
8337,mlkem,fixed,decaps,25058
8338,mlkem,fixed,decaps,25029
8339,mlkem,fixed,decaps,25052
8340,mlkem,fixed,decaps,24989
8341,mlkem,fixed,decaps,25029
8342,mlkem,fixed,decaps,25048
8343,mlkem,fixed,decaps,25091
8344,mlkem,fixed,decaps,24981
8345,mlkem,fixed,decaps,25028
8346,mlkem,fixed,decaps,25031
8347,mlkem,fixed,decaps,25000
8348,mlkem,fixed,decaps,25025
8349,mlkem,fixed,decaps,24997
8350,mlkem,fixed,decaps,25088
8351,mlkem,fixed,decaps,25032
8352,mlkem,fixed,decaps,24994
8353,mlkem,fixed,decaps,24964
8354,mlkem,fixed,decaps,25049
8355,mlkem,fixed,decaps,25061
8356,mlkem,fixed,decaps,25001
8357,mlkem,fixed,decaps,25008
8358,mlkem,fixed,decaps,24973
8359,mlkem,fixed,decaps,30542
8360,mlkem,fixed,decaps,25256
8361,mlkem,fixed,decaps,51056
8362,mlkem,fixed,decaps,42401
8363,mlkem,fixed,decaps,25058
8364,mlkem,fixed,decaps,25001
8365,mlkem,fixed,decaps,24963
8366,mlkem,fixed,decaps,37046
8367,mlkem,fixed,decaps,29754
8368,mlkem,fixed,decaps,41812
8369,mlkem,fixed,decaps,65913
8370,mlkem,fixed,decaps,25118
8371,mlkem,fixed,decaps,25015
8372,mlkem,fixed,decaps,25039
8373,mlkem,fixed,decaps,24979
8374,mlkem,fixed,decaps,25003
8375,mlkem,fixed,decaps,25018
8376,mlkem,fixed,decaps,25026
8377,mlkem,fixed,decaps,25025
8378,mlkem,fixed,decaps,25023
8379,mlkem,fixed,decaps,25007
8380,mlkem,fixed,decaps,24982
8381,mlkem,fixed,decaps,25036
8382,mlkem,fixed,decaps,25069
8383,mlkem,fixed,decaps,24982
8384,mlkem,fixed,decaps,25023
8385,mlkem,fixed,decaps,25016
8386,mlkem,fixed,decaps,25017
8387,mlkem,fixed,decaps,24986
8388,mlkem,fixed,decaps,24972
8389,mlkem,fixed,decaps,24962
8390,mlkem,fixed,decaps,24972
8391,mlkem,fixed,decaps,24994
8392,mlkem,fixed,decaps,25031
8393,mlkem,fixed,decaps,25020
8394,mlkem,fixed,decaps,25014
8395,mlkem,fixed,decaps,25031
8396,mlkem,fixed,decaps,39331
8397,mlkem,fixed,decaps,26530
8398,mlkem,fixed,decaps,26559
8399,mlkem,fixed,decaps,26546
8400,mlkem,fixed,decaps,26524
8401,mlkem,fixed,decaps,26471
8402,mlkem,fixed,decaps,26519
8403,mlkem,fixed,decaps,26493
8404,mlkem,fixed,decaps,26529
8405,mlkem,fixed,decaps,26512
8406,mlkem,fixed,decaps,26533
8407,mlkem,fixed,decaps,26555
8408,mlkem,fixed,decaps,26499
8409,mlkem,fixed,decaps,26525
8410,mlkem,fixed,decaps,26513
8411,mlkem,fixed,decaps,26469
8412,mlkem,fixed,decaps,26566
8413,mlkem,fixed,decaps,26477
8414,mlkem,fixed,decaps,26490
8415,mlkem,fixed,decaps,26500
8416,mlkem,fixed,decaps,26546
8417,mlkem,fixed,decaps,26547
8418,mlkem,fixed,decaps,26501
8419,mlkem,fixed,decaps,26531
8420,mlkem,fixed,decaps,26481
8421,mlkem,fixed,decaps,26503
8422,mlkem,fixed,decaps,26549
8423,mlkem,fixed,decaps,26544
8424,mlkem,fixed,decaps,26482
8425,mlkem,fixed,decaps,26530
8426,mlkem,fixed,decaps,26557
8427,mlkem,fixed,decaps,26516
8428,mlkem,fixed,decaps,26499
8429,mlkem,fixed,decaps,26495
8430,mlkem,fixed,decaps,26581
8431,mlkem,fixed,decaps,26500
8432,mlkem,fixed,decaps,26532
8433,mlkem,fixed,decaps,38949
8434,mlkem,fixed,decaps,25739
8435,mlkem,fixed,decaps,25734
8436,mlkem,fixed,decaps,25712
8437,mlkem,fixed,decaps,25758
8438,mlkem,fixed,decaps,25760
8439,mlkem,fixed,decaps,25773
8440,mlkem,fixed,decaps,25730
8441,mlkem,fixed,decaps,25750
8442,mlkem,fixed,decaps,25745
8443,mlkem,fixed,decaps,25785
8444,mlkem,fixed,decaps,25732
8445,mlkem,fixed,decaps,25725
8446,mlkem,fixed,decaps,25744
8447,mlkem,fixed,decaps,25766
8448,mlkem,fixed,decaps,25748
8449,mlkem,fixed,decaps,25765
8450,mlkem,fixed,decaps,25730
8451,mlkem,fixed,decaps,25753
8452,mlkem,fixed,decaps,25765
8453,mlkem,fixed,decaps,25723
8454,mlkem,fixed,decaps,25767
8455,mlkem,fixed,decaps,25756
8456,mlkem,fixed,decaps,25764
8457,mlkem,fixed,decaps,25737
8458,mlkem,fixed,decaps,25734
8459,mlkem,fixed,decaps,25741
8460,mlkem,fixed,decaps,25755
8461,mlkem,fixed,decaps,25758
8462,mlkem,fixed,decaps,25698
8463,mlkem,fixed,decaps,25770
8464,mlkem,fixed,decaps,25762
8465,mlkem,fixed,decaps,25649
8466,mlkem,fixed,decaps,25709
8467,mlkem,fixed,decaps,25625
8468,mlkem,fixed,decaps,25770
8469,mlkem,fixed,decaps,25783
8470,mlkem,fixed,decaps,25755
8471,mlkem,fixed,decaps,25731
8472,mlkem,fixed,decaps,25752
8473,mlkem,fixed,decaps,25741
8474,mlkem,fixed,decaps,25782
8475,mlkem,fixed,decaps,25765
8476,mlkem,fixed,decaps,25794
8477,mlkem,fixed,decaps,25759
8478,mlkem,fixed,decaps,25788
8479,mlkem,fixed,decaps,25737
8480,mlkem,fixed,decaps,25726
8481,mlkem,fixed,decaps,25774
8482,mlkem,fixed,decaps,25676
8483,mlkem,fixed,decaps,25734
8484,mlkem,fixed,decaps,25702
8485,mlkem,fixed,decaps,25792
8486,mlkem,fixed,decaps,25753
8487,mlkem,fixed,decaps,25719
8488,mlkem,fixed,decaps,25741
8489,mlkem,fixed,decaps,25720
8490,mlkem,fixed,decaps,25760
8491,mlkem,fixed,decaps,25796
8492,mlkem,fixed,decaps,25758
8493,mlkem,fixed,decaps,25619
8494,mlkem,fixed,decaps,25707
8495,mlkem,fixed,decaps,25753
8496,mlkem,fixed,decaps,25747
8497,mlkem,fixed,decaps,25739
8498,mlkem,fixed,decaps,25716
8499,mlkem,fixed,decaps,25754
8500,mlkem,fixed,decaps,25746
8501,mlkem,fixed,decaps,25742
8502,mlkem,fixed,decaps,36432
8503,mlkem,fixed,decaps,26244
8504,mlkem,fixed,decaps,31740
8505,mlkem,fixed,decaps,25861
8506,mlkem,fixed,decaps,25731
8507,mlkem,fixed,decaps,25785
8508,mlkem,fixed,decaps,25753
8509,mlkem,fixed,decaps,25734
8510,mlkem,fixed,decaps,25722
8511,mlkem,fixed,decaps,25750
8512,mlkem,fixed,decaps,25771
8513,mlkem,fixed,decaps,25763
8514,mlkem,fixed,decaps,25741
8515,mlkem,fixed,decaps,25621
8516,mlkem,fixed,decaps,25704
8517,mlkem,fixed,decaps,25748
8518,mlkem,fixed,decaps,44129
8519,mlkem,fixed,decaps,26190
8520,mlkem,fixed,decaps,25781
8521,mlkem,fixed,decaps,26563
8522,mlkem,fixed,decaps,25862
8523,mlkem,fixed,decaps,26335
8524,mlkem,fixed,decaps,25749
8525,mlkem,fixed,decaps,25747
8526,mlkem,fixed,decaps,25767
8527,mlkem,fixed,decaps,25744
8528,mlkem,fixed,decaps,25764
8529,mlkem,fixed,decaps,25713
8530,mlkem,fixed,decaps,25903
8531,mlkem,fixed,decaps,25737
8532,mlkem,fixed,decaps,25731
8533,mlkem,fixed,decaps,25668
8534,mlkem,fixed,decaps,25735
8535,mlkem,fixed,decaps,25746
8536,mlkem,fixed,decaps,25833
8537,mlkem,fixed,decaps,25739
8538,mlkem,fixed,decaps,25730
8539,mlkem,fixed,decaps,25786
8540,mlkem,fixed,decaps,25762
8541,mlkem,fixed,decaps,25798
8542,mlkem,fixed,decaps,25751
8543,mlkem,fixed,decaps,25760
8544,mlkem,fixed,decaps,25721
8545,mlkem,fixed,decaps,25770
8546,mlkem,fixed,decaps,25726
8547,mlkem,fixed,decaps,25729
8548,mlkem,fixed,decaps,25736
8549,mlkem,fixed,decaps,25743
8550,mlkem,fixed,decaps,25679
8551,mlkem,fixed,decaps,25765
8552,mlkem,fixed,decaps,25784
8553,mlkem,fixed,decaps,25765
8554,mlkem,fixed,decaps,25753
8555,mlkem,fixed,decaps,25667
8556,mlkem,fixed,decaps,25757
8557,mlkem,fixed,decaps,25757
8558,mlkem,fixed,decaps,25740
8559,mlkem,fixed,decaps,25734
8560,mlkem,fixed,decaps,25765
8561,mlkem,fixed,decaps,25761
8562,mlkem,fixed,decaps,25749
8563,mlkem,fixed,decaps,25775
8564,mlkem,fixed,decaps,25743
8565,mlkem,fixed,decaps,25699
8566,mlkem,fixed,decaps,25720
8567,mlkem,fixed,decaps,25782
8568,mlkem,fixed,decaps,25716
8569,mlkem,fixed,decaps,25733
8570,mlkem,fixed,decaps,25745
8571,mlkem,fixed,decaps,25745
8572,mlkem,fixed,decaps,25723
8573,mlkem,fixed,decaps,25737
8574,mlkem,fixed,decaps,25723
8575,mlkem,fixed,decaps,25739
8576,mlkem,fixed,decaps,27961
8577,mlkem,fixed,decaps,32588
8578,mlkem,fixed,decaps,25801
8579,mlkem,fixed,decaps,25817
8580,mlkem,fixed,decaps,33359
8581,mlkem,fixed,decaps,30658
8582,mlkem,fixed,decaps,25838
8583,mlkem,fixed,decaps,25806
8584,mlkem,fixed,decaps,25775
8585,mlkem,fixed,decaps,25726
8586,mlkem,fixed,decaps,25719
8587,mlkem,fixed,decaps,25724
8588,mlkem,fixed,decaps,25791
8589,mlkem,fixed,decaps,25724
8590,mlkem,fixed,decaps,25655
8591,mlkem,fixed,decaps,25742
8592,mlkem,fixed,decaps,25751
8593,mlkem,fixed,decaps,25777
8594,mlkem,fixed,decaps,25754
8595,mlkem,fixed,decaps,25699
8596,mlkem,fixed,decaps,25758
8597,mlkem,fixed,decaps,25758
8598,mlkem,fixed,decaps,25746
8599,mlkem,fixed,decaps,25711
8600,mlkem,fixed,decaps,25725
8601,mlkem,fixed,decaps,25717
8602,mlkem,fixed,decaps,25740
8603,mlkem,fixed,decaps,25711
8604,mlkem,fixed,decaps,25773
8605,mlkem,fixed,decaps,25775
8606,mlkem,fixed,decaps,25728
8607,mlkem,fixed,decaps,25682
8608,mlkem,fixed,decaps,25712
8609,mlkem,fixed,decaps,25735
8610,mlkem,fixed,decaps,25747
8611,mlkem,fixed,decaps,25673
8612,mlkem,fixed,decaps,25716
8613,mlkem,fixed,decaps,25752
8614,mlkem,fixed,decaps,25763
8615,mlkem,fixed,decaps,25777
8616,mlkem,fixed,decaps,25756
8617,mlkem,fixed,decaps,25750
8618,mlkem,fixed,decaps,25748
8619,mlkem,fixed,decaps,25788
8620,mlkem,fixed,decaps,25782
8621,mlkem,fixed,decaps,25778
8622,mlkem,fixed,decaps,25724
8623,mlkem,fixed,decaps,25773
8624,mlkem,fixed,decaps,25714
8625,mlkem,fixed,decaps,25758
8626,mlkem,fixed,decaps,25625
8627,mlkem,fixed,decaps,25760
8628,mlkem,fixed,decaps,25755
8629,mlkem,fixed,decaps,25730
8630,mlkem,fixed,decaps,25756
8631,mlkem,fixed,decaps,25748
8632,mlkem,fixed,decaps,25701
8633,mlkem,fixed,decaps,25765
8634,mlkem,fixed,decaps,25725
8635,mlkem,fixed,decaps,25712
8636,mlkem,fixed,decaps,25745
8637,mlkem,fixed,decaps,25766
8638,mlkem,fixed,decaps,25658
8639,mlkem,fixed,decaps,36903
8640,mlkem,fixed,decaps,26482
8641,mlkem,fixed,decaps,30602
8642,mlkem,fixed,decaps,25911
8643,mlkem,fixed,decaps,25669
8644,mlkem,fixed,decaps,25795
8645,mlkem,fixed,decaps,25774
8646,mlkem,fixed,decaps,25772
8647,mlkem,fixed,decaps,25749
8648,mlkem,fixed,decaps,25753
8649,mlkem,fixed,decaps,25741
8650,mlkem,fixed,decaps,25737
8651,mlkem,fixed,decaps,25724
8652,mlkem,fixed,decaps,25723
8653,mlkem,fixed,decaps,25781
8654,mlkem,fixed,decaps,25791
8655,mlkem,fixed,decaps,25676
8656,mlkem,fixed,decaps,25748
8657,mlkem,fixed,decaps,25719
8658,mlkem,fixed,decaps,25758
8659,mlkem,fixed,decaps,26062
8660,mlkem,fixed,decaps,25737
8661,mlkem,fixed,decaps,25712
8662,mlkem,fixed,decaps,25747
8663,mlkem,fixed,decaps,25772
8664,mlkem,fixed,decaps,25644
8665,mlkem,fixed,decaps,25755
8666,mlkem,fixed,decaps,25732
8667,mlkem,fixed,decaps,25739
8668,mlkem,fixed,decaps,25828
8669,mlkem,fixed,decaps,33946
8670,mlkem,fixed,decaps,26370
8671,mlkem,fixed,decaps,25817
8672,mlkem,fixed,decaps,25905
8673,mlkem,fixed,decaps,25750
8674,mlkem,fixed,decaps,25770
8675,mlkem,fixed,decaps,25767
8676,mlkem,fixed,decaps,25749
8677,mlkem,fixed,decaps,25811
8678,mlkem,fixed,decaps,25732
8679,mlkem,fixed,decaps,25745
8680,mlkem,fixed,decaps,25720
8681,mlkem,fixed,decaps,25767
8682,mlkem,fixed,decaps,25734
8683,mlkem,fixed,decaps,25723
8684,mlkem,fixed,decaps,25748
8685,mlkem,fixed,decaps,25798
8686,mlkem,fixed,decaps,25792
8687,mlkem,fixed,decaps,25715
8688,mlkem,fixed,decaps,25708
8689,mlkem,fixed,decaps,25710
8690,mlkem,fixed,decaps,25767
8691,mlkem,fixed,decaps,25740
8692,mlkem,fixed,decaps,25726
8693,mlkem,fixed,decaps,25732
8694,mlkem,fixed,decaps,25716
8695,mlkem,fixed,decaps,25756
8696,mlkem,fixed,decaps,25775
8697,mlkem,fixed,decaps,25723
8698,mlkem,fixed,decaps,25734
8699,mlkem,fixed,decaps,59371
8700,mlkem,fixed,decaps,25818
8701,mlkem,fixed,decaps,25740
8702,mlkem,fixed,decaps,25726
8703,mlkem,fixed,decaps,25757
8704,mlkem,fixed,decaps,25712
8705,mlkem,fixed,decaps,25761
8706,mlkem,fixed,decaps,25742
8707,mlkem,fixed,decaps,25750
8708,mlkem,fixed,decaps,25754
8709,mlkem,fixed,decaps,25696
8710,mlkem,fixed,decaps,25779
8711,mlkem,fixed,decaps,25749
8712,mlkem,fixed,decaps,25737
8713,mlkem,fixed,decaps,25721
8714,mlkem,fixed,decaps,25735
8715,mlkem,fixed,decaps,25695
8716,mlkem,fixed,decaps,25765
8717,mlkem,fixed,decaps,25729
8718,mlkem,fixed,decaps,25751
8719,mlkem,fixed,decaps,25734
8720,mlkem,fixed,decaps,25749
8721,mlkem,fixed,decaps,25776
8722,mlkem,fixed,decaps,25737
8723,mlkem,fixed,decaps,25680
8724,mlkem,fixed,decaps,25757
8725,mlkem,fixed,decaps,25723
8726,mlkem,fixed,decaps,25784
8727,mlkem,fixed,decaps,25783
8728,mlkem,fixed,decaps,25627
8729,mlkem,fixed,decaps,25723
8730,mlkem,fixed,decaps,25703
8731,mlkem,fixed,decaps,25744
8732,mlkem,fixed,decaps,25693
8733,mlkem,fixed,decaps,25812
8734,mlkem,fixed,decaps,25758
8735,mlkem,fixed,decaps,25764
8736,mlkem,fixed,decaps,25696
8737,mlkem,fixed,decaps,25749
8738,mlkem,fixed,decaps,25765
8739,mlkem,fixed,decaps,25767
8740,mlkem,fixed,decaps,25707
8741,mlkem,fixed,decaps,25760
8742,mlkem,fixed,decaps,25779
8743,mlkem,fixed,decaps,25791
8744,mlkem,fixed,decaps,25771
8745,mlkem,fixed,decaps,25748
8746,mlkem,fixed,decaps,25742
8747,mlkem,fixed,decaps,25746
8748,mlkem,fixed,decaps,25763
8749,mlkem,fixed,decaps,25775
8750,mlkem,fixed,decaps,25759
8751,mlkem,fixed,decaps,25699
8752,mlkem,fixed,decaps,25729
8753,mlkem,fixed,decaps,25775
8754,mlkem,fixed,decaps,25744
8755,mlkem,fixed,decaps,25755
8756,mlkem,fixed,decaps,25733
8757,mlkem,fixed,decaps,25685
8758,mlkem,fixed,decaps,25715
8759,mlkem,fixed,decaps,25760
8760,mlkem,fixed,decaps,25729
8761,mlkem,fixed,decaps,25724
8762,mlkem,fixed,decaps,25716
8763,mlkem,fixed,decaps,25708
8764,mlkem,fixed,decaps,25735
8765,mlkem,fixed,decaps,25805
8766,mlkem,fixed,decaps,25751
8767,mlkem,fixed,decaps,25803
8768,mlkem,fixed,decaps,25688
8769,mlkem,fixed,decaps,25770
8770,mlkem,fixed,decaps,25774
8771,mlkem,fixed,decaps,25750
8772,mlkem,fixed,decaps,25782
8773,mlkem,fixed,decaps,25766
8774,mlkem,fixed,decaps,25791
8775,mlkem,fixed,decaps,36611
8776,mlkem,fixed,decaps,26294
8777,mlkem,fixed,decaps,32107
8778,mlkem,fixed,decaps,25810
8779,mlkem,fixed,decaps,25807
8780,mlkem,fixed,decaps,25765
8781,mlkem,fixed,decaps,25793
8782,mlkem,fixed,decaps,25742
8783,mlkem,fixed,decaps,25754
8784,mlkem,fixed,decaps,25735
8785,mlkem,fixed,decaps,25769
8786,mlkem,fixed,decaps,25756
8787,mlkem,fixed,decaps,25774
8788,mlkem,fixed,decaps,25776
8789,mlkem,fixed,decaps,25705
8790,mlkem,fixed,decaps,25738
8791,mlkem,fixed,decaps,25602
8792,mlkem,fixed,decaps,25762
8793,mlkem,fixed,decaps,25759
8794,mlkem,fixed,decaps,25732
8795,mlkem,fixed,decaps,25689
8796,mlkem,fixed,decaps,25731
8797,mlkem,fixed,decaps,25717
8798,mlkem,fixed,decaps,25724
8799,mlkem,fixed,decaps,25673
8800,mlkem,fixed,decaps,25676
8801,mlkem,fixed,decaps,25717
8802,mlkem,fixed,decaps,25710
8803,mlkem,fixed,decaps,25638
8804,mlkem,fixed,decaps,25752
8805,mlkem,fixed,decaps,25657
8806,mlkem,fixed,decaps,25746
8807,mlkem,fixed,decaps,25751
8808,mlkem,fixed,decaps,25745
8809,mlkem,fixed,decaps,25671
8810,mlkem,fixed,decaps,25721
8811,mlkem,fixed,decaps,25734
8812,mlkem,fixed,decaps,25743
8813,mlkem,fixed,decaps,25634
8814,mlkem,fixed,decaps,25736
8815,mlkem,fixed,decaps,25701
8816,mlkem,fixed,decaps,25723
8817,mlkem,fixed,decaps,25673
8818,mlkem,fixed,decaps,26058
8819,mlkem,fixed,decaps,25803
8820,mlkem,fixed,decaps,33898
8821,mlkem,fixed,decaps,26258
8822,mlkem,fixed,decaps,25800
8823,mlkem,fixed,decaps,25723
8824,mlkem,fixed,decaps,25659
8825,mlkem,fixed,decaps,25819
8826,mlkem,fixed,decaps,25756
8827,mlkem,fixed,decaps,25716
8828,mlkem,fixed,decaps,25676
8829,mlkem,fixed,decaps,25748
8830,mlkem,fixed,decaps,25746
8831,mlkem,fixed,decaps,25718
8832,mlkem,fixed,decaps,25692
8833,mlkem,fixed,decaps,25725
8834,mlkem,fixed,decaps,25725
8835,mlkem,fixed,decaps,25755
8836,mlkem,fixed,decaps,25753
8837,mlkem,fixed,decaps,25718
8838,mlkem,fixed,decaps,25730
8839,mlkem,fixed,decaps,25733
8840,mlkem,fixed,decaps,25643
8841,mlkem,fixed,decaps,25759
8842,mlkem,fixed,decaps,25760
8843,mlkem,fixed,decaps,25700
8844,mlkem,fixed,decaps,25678
8845,mlkem,fixed,decaps,25679
8846,mlkem,fixed,decaps,25771
8847,mlkem,fixed,decaps,33622
8848,mlkem,fixed,decaps,35552
8849,mlkem,fixed,decaps,26735
8850,mlkem,fixed,decaps,25669
8851,mlkem,fixed,decaps,25770
8852,mlkem,fixed,decaps,25860
8853,mlkem,fixed,decaps,25872
8854,mlkem,fixed,decaps,25757
8855,mlkem,fixed,decaps,25747
8856,mlkem,fixed,decaps,25765
8857,mlkem,fixed,decaps,25766
8858,mlkem,fixed,decaps,26275
8859,mlkem,fixed,decaps,25756
8860,mlkem,fixed,decaps,25940
8861,mlkem,fixed,decaps,26214
8862,mlkem,fixed,decaps,26363
8863,mlkem,fixed,decaps,26325
8864,mlkem,fixed,decaps,25866
8865,mlkem,fixed,decaps,27080
8866,mlkem,fixed,decaps,26355
8867,mlkem,fixed,decaps,26973
8868,mlkem,fixed,decaps,27176
8869,mlkem,fixed,decaps,26343
8870,mlkem,fixed,decaps,27739
8871,mlkem,fixed,decaps,26840
8872,mlkem,fixed,decaps,28380
8873,mlkem,fixed,decaps,30044
8874,mlkem,fixed,decaps,36157
8875,mlkem,fixed,decaps,37899
8876,mlkem,fixed,decaps,34931
8877,mlkem,fixed,decaps,34330
8878,mlkem,fixed,decaps,35787
8879,mlkem,fixed,decaps,36311
8880,mlkem,fixed,decaps,32699
8881,mlkem,fixed,decaps,37047
8882,mlkem,fixed,decaps,35759
8883,mlkem,fixed,decaps,35241
8884,mlkem,fixed,decaps,34092
8885,mlkem,fixed,decaps,26058
8886,mlkem,fixed,decaps,26134
8887,mlkem,fixed,decaps,25862
8888,mlkem,fixed,decaps,26467
8889,mlkem,fixed,decaps,25910
8890,mlkem,fixed,decaps,25739
8891,mlkem,fixed,decaps,25910
8892,mlkem,fixed,decaps,25759
8893,mlkem,fixed,decaps,25821
8894,mlkem,fixed,decaps,25908
8895,mlkem,fixed,decaps,25823
8896,mlkem,fixed,decaps,26300
8897,mlkem,fixed,decaps,26610
8898,mlkem,fixed,decaps,25981
8899,mlkem,fixed,decaps,26344
8900,mlkem,fixed,decaps,27015
8901,mlkem,fixed,decaps,26441
8902,mlkem,fixed,decaps,26658
8903,mlkem,fixed,decaps,26627
8904,mlkem,fixed,decaps,26908
8905,mlkem,fixed,decaps,26733
8906,mlkem,fixed,decaps,26365
8907,mlkem,fixed,decaps,26297
8908,mlkem,fixed,decaps,26708
8909,mlkem,fixed,decaps,26670
8910,mlkem,fixed,decaps,26196
8911,mlkem,fixed,decaps,26800
8912,mlkem,fixed,decaps,38393
8913,mlkem,fixed,decaps,35038
8914,mlkem,fixed,decaps,32729
8915,mlkem,fixed,decaps,26149
8916,mlkem,fixed,decaps,26675
8917,mlkem,fixed,decaps,26511
8918,mlkem,fixed,decaps,26015
8919,mlkem,fixed,decaps,26405
8920,mlkem,fixed,decaps,27695
8921,mlkem,fixed,decaps,26621
8922,mlkem,fixed,decaps,27502
8923,mlkem,fixed,decaps,26546
8924,mlkem,fixed,decaps,26197
8925,mlkem,fixed,decaps,26290
8926,mlkem,fixed,decaps,26123
8927,mlkem,fixed,decaps,26670
8928,mlkem,fixed,decaps,26158
8929,mlkem,fixed,decaps,26119
8930,mlkem,fixed,decaps,26649
8931,mlkem,fixed,decaps,26951
8932,mlkem,fixed,decaps,64494
8933,mlkem,fixed,decaps,33994
8934,mlkem,fixed,decaps,28785
8935,mlkem,fixed,decaps,29610
8936,mlkem,fixed,decaps,28303
8937,mlkem,fixed,decaps,27409
8938,mlkem,fixed,decaps,26734
8939,mlkem,fixed,decaps,27263
8940,mlkem,fixed,decaps,29428
8941,mlkem,fixed,decaps,37422
8942,mlkem,fixed,decaps,28149
8943,mlkem,fixed,decaps,26385
8944,mlkem,fixed,decaps,25912
8945,mlkem,fixed,decaps,26778
8946,mlkem,fixed,decaps,26495
8947,mlkem,fixed,decaps,26907
8948,mlkem,fixed,decaps,25836
8949,mlkem,fixed,decaps,26990
8950,mlkem,fixed,decaps,26121
8951,mlkem,fixed,decaps,25838
8952,mlkem,fixed,decaps,24399
8953,mlkem,fixed,decaps,24405
8954,mlkem,fixed,decaps,24376
8955,mlkem,fixed,decaps,24347
8956,mlkem,fixed,decaps,24416
8957,mlkem,fixed,decaps,24250
8958,mlkem,fixed,decaps,24336
8959,mlkem,fixed,decaps,24347
8960,mlkem,fixed,decaps,35015
8961,mlkem,fixed,decaps,51538
8962,mlkem,fixed,decaps,26345
8963,mlkem,fixed,decaps,41236
8964,mlkem,fixed,decaps,24368
8965,mlkem,fixed,decaps,24332
8966,mlkem,fixed,decaps,24386
8967,mlkem,fixed,decaps,24360
8968,mlkem,fixed,decaps,24332
8969,mlkem,fixed,decaps,24311
8970,mlkem,fixed,decaps,24336
8971,mlkem,fixed,decaps,24391
8972,mlkem,fixed,decaps,24260
8973,mlkem,fixed,decaps,24361
8974,mlkem,fixed,decaps,24368
8975,mlkem,fixed,decaps,24313
8976,mlkem,fixed,decaps,24335
8977,mlkem,fixed,decaps,24282
8978,mlkem,fixed,decaps,24326
8979,mlkem,fixed,decaps,24348
8980,mlkem,fixed,decaps,24316
8981,mlkem,fixed,decaps,24369
8982,mlkem,fixed,decaps,24398
8983,mlkem,fixed,decaps,29673
8984,mlkem,fixed,decaps,24527
8985,mlkem,fixed,decaps,24314
8986,mlkem,fixed,decaps,24316
8987,mlkem,fixed,decaps,24442
8988,mlkem,fixed,decaps,37412
8989,mlkem,fixed,decaps,25045
8990,mlkem,fixed,decaps,25057
8991,mlkem,fixed,decaps,25067
8992,mlkem,fixed,decaps,25057
8993,mlkem,fixed,decaps,25021
8994,mlkem,fixed,decaps,25072
8995,mlkem,fixed,decaps,25065
8996,mlkem,fixed,decaps,25016
8997,mlkem,fixed,decaps,25000
8998,mlkem,fixed,decaps,25035
8999,mlkem,fixed,decaps,25228
9000,mlkem,fixed,decaps,25173
9001,mlkem,fixed,decaps,25253
9002,mlkem,fixed,decaps,25221
9003,mlkem,fixed,decaps,25086
9004,mlkem,fixed,decaps,24989
9005,mlkem,fixed,decaps,25093
9006,mlkem,fixed,decaps,25064
9007,mlkem,fixed,decaps,25058
9008,mlkem,fixed,decaps,25082
9009,mlkem,fixed,decaps,25057
9010,mlkem,fixed,decaps,25020
9011,mlkem,fixed,decaps,25010
9012,mlkem,fixed,decaps,25080
9013,mlkem,fixed,decaps,25054
9014,mlkem,fixed,decaps,25062
9015,mlkem,fixed,decaps,25013
9016,mlkem,fixed,decaps,25038
9017,mlkem,fixed,decaps,25061
9018,mlkem,fixed,decaps,25030
9019,mlkem,fixed,decaps,25058
9020,mlkem,fixed,decaps,25032
9021,mlkem,fixed,decaps,25028
9022,mlkem,fixed,decaps,25040
9023,mlkem,fixed,decaps,25329
9024,mlkem,fixed,decaps,25943
9025,mlkem,fixed,decaps,25159
9026,mlkem,fixed,decaps,25437
9027,mlkem,fixed,decaps,25580
9028,mlkem,fixed,decaps,25033
9029,mlkem,fixed,decaps,25035
9030,mlkem,fixed,decaps,24970
9031,mlkem,fixed,decaps,25101
9032,mlkem,fixed,decaps,25052
9033,mlkem,fixed,decaps,25024
9034,mlkem,fixed,decaps,25051
9035,mlkem,fixed,decaps,25021
9036,mlkem,fixed,decaps,25014
9037,mlkem,fixed,decaps,25055
9038,mlkem,fixed,decaps,25016
9039,mlkem,fixed,decaps,25011
9040,mlkem,fixed,decaps,24986
9041,mlkem,fixed,decaps,25047
9042,mlkem,fixed,decaps,25031
9043,mlkem,fixed,decaps,25046
9044,mlkem,fixed,decaps,25028
9045,mlkem,fixed,decaps,25010
9046,mlkem,fixed,decaps,25038
9047,mlkem,fixed,decaps,25014
9048,mlkem,fixed,decaps,37652
9049,mlkem,fixed,decaps,25820
9050,mlkem,fixed,decaps,29876
9051,mlkem,fixed,decaps,25398
9052,mlkem,fixed,decaps,25003
9053,mlkem,fixed,decaps,25081
9054,mlkem,fixed,decaps,25065
9055,mlkem,fixed,decaps,24962
9056,mlkem,fixed,decaps,25011
9057,mlkem,fixed,decaps,25082
9058,mlkem,fixed,decaps,25033
9059,mlkem,fixed,decaps,25084
9060,mlkem,fixed,decaps,25004
9061,mlkem,fixed,decaps,25089
9062,mlkem,fixed,decaps,24985
9063,mlkem,fixed,decaps,25080
9064,mlkem,fixed,decaps,25013
9065,mlkem,fixed,decaps,24905
9066,mlkem,fixed,decaps,25031
9067,mlkem,fixed,decaps,25064
9068,mlkem,fixed,decaps,25033
9069,mlkem,fixed,decaps,25034
9070,mlkem,fixed,decaps,25052
9071,mlkem,fixed,decaps,25043
9072,mlkem,fixed,decaps,25045
9073,mlkem,fixed,decaps,25053
9074,mlkem,fixed,decaps,24941
9075,mlkem,fixed,decaps,25044
9076,mlkem,fixed,decaps,25001
9077,mlkem,fixed,decaps,25085
9078,mlkem,fixed,decaps,25036
9079,mlkem,fixed,decaps,25003
9080,mlkem,fixed,decaps,25017
9081,mlkem,fixed,decaps,25040
9082,mlkem,fixed,decaps,25039
9083,mlkem,fixed,decaps,25035
9084,mlkem,fixed,decaps,25009
9085,mlkem,fixed,decaps,25027
9086,mlkem,fixed,decaps,25017
9087,mlkem,fixed,decaps,24999
9088,mlkem,fixed,decaps,25042
9089,mlkem,fixed,decaps,25048
9090,mlkem,fixed,decaps,25011
9091,mlkem,fixed,decaps,25032
9092,mlkem,fixed,decaps,24998
9093,mlkem,fixed,decaps,25050
9094,mlkem,fixed,decaps,25006
9095,mlkem,fixed,decaps,25029
9096,mlkem,fixed,decaps,25045
9097,mlkem,fixed,decaps,25038
9098,mlkem,fixed,decaps,25028
9099,mlkem,fixed,decaps,25052
9100,mlkem,fixed,decaps,24999
9101,mlkem,fixed,decaps,25033
9102,mlkem,fixed,decaps,25049
9103,mlkem,fixed,decaps,25019
9104,mlkem,fixed,decaps,25046
9105,mlkem,fixed,decaps,25078
9106,mlkem,fixed,decaps,25053
9107,mlkem,fixed,decaps,25039
9108,mlkem,fixed,decaps,25007
9109,mlkem,fixed,decaps,25024
9110,mlkem,fixed,decaps,25079
9111,mlkem,fixed,decaps,25007
9112,mlkem,fixed,decaps,25049
9113,mlkem,fixed,decaps,25041
9114,mlkem,fixed,decaps,25053
9115,mlkem,fixed,decaps,33542
9116,mlkem,fixed,decaps,25210
9117,mlkem,fixed,decaps,25073
9118,mlkem,fixed,decaps,25064
9119,mlkem,fixed,decaps,25048
9120,mlkem,fixed,decaps,25072
9121,mlkem,fixed,decaps,25061
9122,mlkem,fixed,decaps,24999
9123,mlkem,fixed,decaps,25070
9124,mlkem,fixed,decaps,24981
9125,mlkem,fixed,decaps,25039
9126,mlkem,fixed,decaps,25082
9127,mlkem,fixed,decaps,25064
9128,mlkem,fixed,decaps,25061
9129,mlkem,fixed,decaps,25036
9130,mlkem,fixed,decaps,25090
9131,mlkem,fixed,decaps,25042
9132,mlkem,fixed,decaps,25053
9133,mlkem,fixed,decaps,25055
9134,mlkem,fixed,decaps,25070
9135,mlkem,fixed,decaps,25066
9136,mlkem,fixed,decaps,25042
9137,mlkem,fixed,decaps,25044
9138,mlkem,fixed,decaps,25031
9139,mlkem,fixed,decaps,25019
9140,mlkem,fixed,decaps,25056
9141,mlkem,fixed,decaps,25088
9142,mlkem,fixed,decaps,25026
9143,mlkem,fixed,decaps,25019
9144,mlkem,fixed,decaps,25058
9145,mlkem,fixed,decaps,24987
9146,mlkem,fixed,decaps,24958
9147,mlkem,fixed,decaps,25041
9148,mlkem,fixed,decaps,25022
9149,mlkem,fixed,decaps,25045
9150,mlkem,fixed,decaps,25021
9151,mlkem,fixed,decaps,25030
9152,mlkem,fixed,decaps,25037
9153,mlkem,fixed,decaps,25060
9154,mlkem,fixed,decaps,25067
9155,mlkem,fixed,decaps,25092
9156,mlkem,fixed,decaps,25062
9157,mlkem,fixed,decaps,25012
9158,mlkem,fixed,decaps,24999
9159,mlkem,fixed,decaps,24975
9160,mlkem,fixed,decaps,25082
9161,mlkem,fixed,decaps,25048
9162,mlkem,fixed,decaps,25059
9163,mlkem,fixed,decaps,25029
9164,mlkem,fixed,decaps,25045
9165,mlkem,fixed,decaps,25034
9166,mlkem,fixed,decaps,25068
9167,mlkem,fixed,decaps,25034
9168,mlkem,fixed,decaps,25143
9169,mlkem,fixed,decaps,25073
9170,mlkem,fixed,decaps,25169
9171,mlkem,fixed,decaps,25020
9172,mlkem,fixed,decaps,25035
9173,mlkem,fixed,decaps,25068
9174,mlkem,fixed,decaps,25011
9175,mlkem,fixed,decaps,24978
9176,mlkem,fixed,decaps,25052
9177,mlkem,fixed,decaps,25146
9178,mlkem,fixed,decaps,24987
9179,mlkem,fixed,decaps,25006
9180,mlkem,fixed,decaps,25060
9181,mlkem,fixed,decaps,25251
9182,mlkem,fixed,decaps,25078
9183,mlkem,fixed,decaps,25021
9184,mlkem,fixed,decaps,25078
9185,mlkem,fixed,decaps,35083
9186,mlkem,fixed,decaps,25724
9187,mlkem,fixed,decaps,30481
9188,mlkem,fixed,decaps,25262
9189,mlkem,fixed,decaps,25061
9190,mlkem,fixed,decaps,25024
9191,mlkem,fixed,decaps,25034
9192,mlkem,fixed,decaps,25054
9193,mlkem,fixed,decaps,25057
9194,mlkem,fixed,decaps,25033
9195,mlkem,fixed,decaps,24968
9196,mlkem,fixed,decaps,25057
9197,mlkem,fixed,decaps,25067
9198,mlkem,fixed,decaps,25019
9199,mlkem,fixed,decaps,25023
9200,mlkem,fixed,decaps,25033
9201,mlkem,fixed,decaps,25088
9202,mlkem,fixed,decaps,24996
9203,mlkem,fixed,decaps,25082
9204,mlkem,fixed,decaps,24923
9205,mlkem,fixed,decaps,25034
9206,mlkem,fixed,decaps,25010
9207,mlkem,fixed,decaps,25060
9208,mlkem,fixed,decaps,24954
9209,mlkem,fixed,decaps,24932
9210,mlkem,fixed,decaps,25017
9211,mlkem,fixed,decaps,24976
9212,mlkem,fixed,decaps,25008
9213,mlkem,fixed,decaps,25018
9214,mlkem,fixed,decaps,25003
9215,mlkem,fixed,decaps,25049
9216,mlkem,fixed,decaps,25061
9217,mlkem,fixed,decaps,25003
9218,mlkem,fixed,decaps,25074
9219,mlkem,fixed,decaps,25011
9220,mlkem,fixed,decaps,25012
9221,mlkem,fixed,decaps,25028
9222,mlkem,fixed,decaps,25046
9223,mlkem,fixed,decaps,25029
9224,mlkem,fixed,decaps,25034
9225,mlkem,fixed,decaps,25049
9226,mlkem,fixed,decaps,24984
9227,mlkem,fixed,decaps,25025
9228,mlkem,fixed,decaps,24997
9229,mlkem,fixed,decaps,25080
9230,mlkem,fixed,decaps,24986
9231,mlkem,fixed,decaps,25057
9232,mlkem,fixed,decaps,25052
9233,mlkem,fixed,decaps,25051
9234,mlkem,fixed,decaps,25014
9235,mlkem,fixed,decaps,25029
9236,mlkem,fixed,decaps,24982
9237,mlkem,fixed,decaps,25048
9238,mlkem,fixed,decaps,25074
9239,mlkem,fixed,decaps,25038
9240,mlkem,fixed,decaps,24985
9241,mlkem,fixed,decaps,25006
9242,mlkem,fixed,decaps,25035
9243,mlkem,fixed,decaps,25071
9244,mlkem,fixed,decaps,25069
9245,mlkem,fixed,decaps,24952
9246,mlkem,fixed,decaps,25047
9247,mlkem,fixed,decaps,25046
9248,mlkem,fixed,decaps,25084
9249,mlkem,fixed,decaps,25046
9250,mlkem,fixed,decaps,24898
9251,mlkem,fixed,decaps,25058
9252,mlkem,fixed,decaps,24997
9253,mlkem,fixed,decaps,25051
9254,mlkem,fixed,decaps,25061
9255,mlkem,fixed,decaps,25045
9256,mlkem,fixed,decaps,24983
9257,mlkem,fixed,decaps,25029
9258,mlkem,fixed,decaps,25053
9259,mlkem,fixed,decaps,25070
9260,mlkem,fixed,decaps,24992
9261,mlkem,fixed,decaps,25002
9262,mlkem,fixed,decaps,38219
9263,mlkem,fixed,decaps,26647
9264,mlkem,fixed,decaps,26529
9265,mlkem,fixed,decaps,26528
9266,mlkem,fixed,decaps,26501
9267,mlkem,fixed,decaps,26523
9268,mlkem,fixed,decaps,26498
9269,mlkem,fixed,decaps,26548
9270,mlkem,fixed,decaps,26554
9271,mlkem,fixed,decaps,33768
9272,mlkem,fixed,decaps,26701
9273,mlkem,fixed,decaps,26615
9274,mlkem,fixed,decaps,26656
9275,mlkem,fixed,decaps,26490
9276,mlkem,fixed,decaps,26513
9277,mlkem,fixed,decaps,26531
9278,mlkem,fixed,decaps,26481
9279,mlkem,fixed,decaps,26528
9280,mlkem,fixed,decaps,26515
9281,mlkem,fixed,decaps,26534
9282,mlkem,fixed,decaps,26491
9283,mlkem,fixed,decaps,26500
9284,mlkem,fixed,decaps,26521
9285,mlkem,fixed,decaps,26527
9286,mlkem,fixed,decaps,26550
9287,mlkem,fixed,decaps,26514
9288,mlkem,fixed,decaps,26516
9289,mlkem,fixed,decaps,26519
9290,mlkem,fixed,decaps,26537
9291,mlkem,fixed,decaps,26551
9292,mlkem,fixed,decaps,26514
9293,mlkem,fixed,decaps,26470
9294,mlkem,fixed,decaps,26450
9295,mlkem,fixed,decaps,26590
9296,mlkem,fixed,decaps,26509
9297,mlkem,fixed,decaps,26592
9298,mlkem,fixed,decaps,26544
9299,mlkem,fixed,decaps,26499
9300,mlkem,fixed,decaps,26578
9301,mlkem,fixed,decaps,26588
9302,mlkem,fixed,decaps,26477
9303,mlkem,fixed,decaps,26476
9304,mlkem,fixed,decaps,26565
9305,mlkem,fixed,decaps,26432
9306,mlkem,fixed,decaps,26467
9307,mlkem,fixed,decaps,26522
9308,mlkem,fixed,decaps,26533
9309,mlkem,fixed,decaps,26495
9310,mlkem,fixed,decaps,26511
9311,mlkem,fixed,decaps,26445
9312,mlkem,fixed,decaps,26416
9313,mlkem,fixed,decaps,26531
9314,mlkem,fixed,decaps,26541
9315,mlkem,fixed,decaps,26502
9316,mlkem,fixed,decaps,26542
9317,mlkem,fixed,decaps,26576
9318,mlkem,fixed,decaps,26420
9319,mlkem,fixed,decaps,26514
9320,mlkem,fixed,decaps,26525
9321,mlkem,fixed,decaps,26559
9322,mlkem,fixed,decaps,37803
9323,mlkem,fixed,decaps,29990
9324,mlkem,fixed,decaps,33627
9325,mlkem,fixed,decaps,29843
9326,mlkem,fixed,decaps,29723
9327,mlkem,fixed,decaps,29731
9328,mlkem,fixed,decaps,29695
9329,mlkem,fixed,decaps,29738
9330,mlkem,fixed,decaps,29748
9331,mlkem,fixed,decaps,29720
9332,mlkem,fixed,decaps,32352
9333,mlkem,fixed,decaps,32122
9334,mlkem,fixed,decaps,26678
9335,mlkem,fixed,decaps,29905
9336,mlkem,fixed,decaps,50004
9337,mlkem,fixed,decaps,26144
9338,mlkem,fixed,decaps,59288
9339,mlkem,fixed,decaps,25783
9340,mlkem,fixed,decaps,25763
9341,mlkem,fixed,decaps,25814
9342,mlkem,fixed,decaps,25711
9343,mlkem,fixed,decaps,25747
9344,mlkem,fixed,decaps,25817
9345,mlkem,fixed,decaps,25829
9346,mlkem,fixed,decaps,25749
9347,mlkem,fixed,decaps,25733
9348,mlkem,fixed,decaps,25680
9349,mlkem,fixed,decaps,25770
9350,mlkem,fixed,decaps,25773
9351,mlkem,fixed,decaps,25730
9352,mlkem,fixed,decaps,25749
9353,mlkem,fixed,decaps,25773
9354,mlkem,fixed,decaps,25769
9355,mlkem,fixed,decaps,25779
9356,mlkem,fixed,decaps,25759
9357,mlkem,fixed,decaps,25804
9358,mlkem,fixed,decaps,25739
9359,mlkem,fixed,decaps,25758
9360,mlkem,fixed,decaps,25765
9361,mlkem,fixed,decaps,25724
9362,mlkem,fixed,decaps,25766
9363,mlkem,fixed,decaps,25763
9364,mlkem,fixed,decaps,25735
9365,mlkem,fixed,decaps,25743
9366,mlkem,fixed,decaps,25804
9367,mlkem,fixed,decaps,25802
9368,mlkem,fixed,decaps,25756
9369,mlkem,fixed,decaps,25738
9370,mlkem,fixed,decaps,25725
9371,mlkem,fixed,decaps,25781
9372,mlkem,fixed,decaps,25805
9373,mlkem,fixed,decaps,25721
9374,mlkem,fixed,decaps,25741
9375,mlkem,fixed,decaps,25807
9376,mlkem,fixed,decaps,25754
9377,mlkem,fixed,decaps,25765
9378,mlkem,fixed,decaps,25790
9379,mlkem,fixed,decaps,25766
9380,mlkem,fixed,decaps,25776
9381,mlkem,fixed,decaps,25786
9382,mlkem,fixed,decaps,25752
9383,mlkem,fixed,decaps,25734
9384,mlkem,fixed,decaps,25735
9385,mlkem,fixed,decaps,25811
9386,mlkem,fixed,decaps,25749
9387,mlkem,fixed,decaps,25752
9388,mlkem,fixed,decaps,25789
9389,mlkem,fixed,decaps,25770
9390,mlkem,fixed,decaps,25794
9391,mlkem,fixed,decaps,25733
9392,mlkem,fixed,decaps,25740
9393,mlkem,fixed,decaps,25793
9394,mlkem,fixed,decaps,25740
9395,mlkem,fixed,decaps,25750
9396,mlkem,fixed,decaps,25759
9397,mlkem,fixed,decaps,25773
9398,mlkem,fixed,decaps,25740
9399,mlkem,fixed,decaps,25749
9400,mlkem,fixed,decaps,25759
9401,mlkem,fixed,decaps,25782
9402,mlkem,fixed,decaps,25706
9403,mlkem,fixed,decaps,25803
9404,mlkem,fixed,decaps,25754
9405,mlkem,fixed,decaps,25759
9406,mlkem,fixed,decaps,25780
9407,mlkem,fixed,decaps,25739
9408,mlkem,fixed,decaps,25761
9409,mlkem,fixed,decaps,25720
9410,mlkem,fixed,decaps,25805
9411,mlkem,fixed,decaps,25770
9412,mlkem,fixed,decaps,25792
9413,mlkem,fixed,decaps,25775
9414,mlkem,fixed,decaps,25759
9415,mlkem,fixed,decaps,25800
9416,mlkem,fixed,decaps,25761
9417,mlkem,fixed,decaps,32687
9418,mlkem,fixed,decaps,26235
9419,mlkem,fixed,decaps,25782
9420,mlkem,fixed,decaps,25779
9421,mlkem,fixed,decaps,25757
9422,mlkem,fixed,decaps,25699
9423,mlkem,fixed,decaps,25762
9424,mlkem,fixed,decaps,25760
9425,mlkem,fixed,decaps,25733
9426,mlkem,fixed,decaps,25756
9427,mlkem,fixed,decaps,25730
9428,mlkem,fixed,decaps,25749
9429,mlkem,fixed,decaps,25742
9430,mlkem,fixed,decaps,25723
9431,mlkem,fixed,decaps,25765
9432,mlkem,fixed,decaps,25773
9433,mlkem,fixed,decaps,25784
9434,mlkem,fixed,decaps,25737
9435,mlkem,fixed,decaps,25775
9436,mlkem,fixed,decaps,25788
9437,mlkem,fixed,decaps,25739
9438,mlkem,fixed,decaps,25934
9439,mlkem,fixed,decaps,25728
9440,mlkem,fixed,decaps,25782
9441,mlkem,fixed,decaps,25758
9442,mlkem,fixed,decaps,25767
9443,mlkem,fixed,decaps,25767
9444,mlkem,fixed,decaps,25799
9445,mlkem,fixed,decaps,25772
9446,mlkem,fixed,decaps,25787
9447,mlkem,fixed,decaps,25746
9448,mlkem,fixed,decaps,25750
9449,mlkem,fixed,decaps,25743
9450,mlkem,fixed,decaps,25772
9451,mlkem,fixed,decaps,25753
9452,mlkem,fixed,decaps,25750
9453,mlkem,fixed,decaps,25724
9454,mlkem,fixed,decaps,25756
9455,mlkem,fixed,decaps,25718
9456,mlkem,fixed,decaps,25748
9457,mlkem,fixed,decaps,25834
9458,mlkem,fixed,decaps,36471
9459,mlkem,fixed,decaps,29277
9460,mlkem,fixed,decaps,33339
9461,mlkem,fixed,decaps,28928
9462,mlkem,fixed,decaps,28850
9463,mlkem,fixed,decaps,28789
9464,mlkem,fixed,decaps,28779
9465,mlkem,fixed,decaps,28638
9466,mlkem,fixed,decaps,28823
9467,mlkem,fixed,decaps,31686
9468,mlkem,fixed,decaps,32737
9469,mlkem,fixed,decaps,33240
9470,mlkem,fixed,decaps,26021
9471,mlkem,fixed,decaps,25881
9472,mlkem,fixed,decaps,25835
9473,mlkem,fixed,decaps,25730
9474,mlkem,fixed,decaps,25772
9475,mlkem,fixed,decaps,25907
9476,mlkem,fixed,decaps,26025
9477,mlkem,fixed,decaps,25927
9478,mlkem,fixed,decaps,26206
9479,mlkem,fixed,decaps,25928
9480,mlkem,fixed,decaps,25794
9481,mlkem,fixed,decaps,26027
9482,mlkem,fixed,decaps,26245
9483,mlkem,fixed,decaps,26188
9484,mlkem,fixed,decaps,26395
9485,mlkem,fixed,decaps,27028
9486,mlkem,fixed,decaps,26577
9487,mlkem,fixed,decaps,26582
9488,mlkem,fixed,decaps,27458
9489,mlkem,fixed,decaps,26488
9490,mlkem,fixed,decaps,26799
9491,mlkem,fixed,decaps,27843
9492,mlkem,fixed,decaps,27853
9493,mlkem,fixed,decaps,30574
9494,mlkem,fixed,decaps,38757
9495,mlkem,fixed,decaps,36444
9496,mlkem,fixed,decaps,34735
9497,mlkem,fixed,decaps,36601
9498,mlkem,fixed,decaps,35923
9499,mlkem,fixed,decaps,35563
9500,mlkem,fixed,decaps,33746
9501,mlkem,fixed,decaps,36469
9502,mlkem,fixed,decaps,35760
9503,mlkem,fixed,decaps,34601
9504,mlkem,fixed,decaps,36406
9505,mlkem,fixed,decaps,27370
9506,mlkem,fixed,decaps,26541
9507,mlkem,fixed,decaps,26281
9508,mlkem,fixed,decaps,25899
9509,mlkem,fixed,decaps,25934
9510,mlkem,fixed,decaps,26116
9511,mlkem,fixed,decaps,26163
9512,mlkem,fixed,decaps,25902
9513,mlkem,fixed,decaps,25899
9514,mlkem,fixed,decaps,26352
9515,mlkem,fixed,decaps,26575
9516,mlkem,fixed,decaps,26081
9517,mlkem,fixed,decaps,26243
9518,mlkem,fixed,decaps,36732
9519,mlkem,fixed,decaps,26874
9520,mlkem,fixed,decaps,26875
9521,mlkem,fixed,decaps,26197
9522,mlkem,fixed,decaps,26201
9523,mlkem,fixed,decaps,39501
9524,mlkem,fixed,decaps,25545
9525,mlkem,fixed,decaps,25643
9526,mlkem,fixed,decaps,25711
9527,mlkem,fixed,decaps,25703
9528,mlkem,fixed,decaps,25453
9529,mlkem,fixed,decaps,25752
9530,mlkem,fixed,decaps,26009
9531,mlkem,fixed,decaps,26259
9532,mlkem,fixed,decaps,26451
9533,mlkem,fixed,decaps,25503
9534,mlkem,fixed,decaps,25641
9535,mlkem,fixed,decaps,25870
9536,mlkem,fixed,decaps,26543
9537,mlkem,fixed,decaps,27394
9538,mlkem,fixed,decaps,28183
9539,mlkem,fixed,decaps,28242
9540,mlkem,fixed,decaps,30823
9541,mlkem,fixed,decaps,30203
9542,mlkem,fixed,decaps,32410
9543,mlkem,fixed,decaps,50564
9544,mlkem,fixed,decaps,28771
9545,mlkem,fixed,decaps,29013
9546,mlkem,fixed,decaps,28438
9547,mlkem,fixed,decaps,43543
9548,mlkem,fixed,decaps,26734
9549,mlkem,fixed,decaps,26679
9550,mlkem,fixed,decaps,27690
9551,mlkem,fixed,decaps,25777
9552,mlkem,fixed,decaps,27908
9553,mlkem,fixed,decaps,51921
9554,mlkem,fixed,decaps,34742
9555,mlkem,fixed,decaps,30781
9556,mlkem,fixed,decaps,51458
9557,mlkem,fixed,decaps,33623
9558,mlkem,fixed,decaps,28062
9559,mlkem,fixed,decaps,62158
9560,mlkem,fixed,decaps,26988
9561,mlkem,fixed,decaps,50797
9562,mlkem,fixed,decaps,33139
9563,mlkem,fixed,decaps,26548
9564,mlkem,fixed,decaps,25443
9565,mlkem,fixed,decaps,25552
9566,mlkem,fixed,decaps,25944
9567,mlkem,fixed,decaps,25396
9568,mlkem,fixed,decaps,25626
9569,mlkem,fixed,decaps,25362
9570,mlkem,fixed,decaps,25700
9571,mlkem,fixed,decaps,25080
9572,mlkem,fixed,decaps,25696
9573,mlkem,fixed,decaps,25435
9574,mlkem,fixed,decaps,25740
9575,mlkem,fixed,decaps,25318
9576,mlkem,fixed,decaps,25400
9577,mlkem,fixed,decaps,25468
9578,mlkem,fixed,decaps,25216
9579,mlkem,fixed,decaps,25189
9580,mlkem,fixed,decaps,25088
9581,mlkem,fixed,decaps,25279
9582,mlkem,fixed,decaps,25416
9583,mlkem,fixed,decaps,41611
9584,mlkem,fixed,decaps,24634
9585,mlkem,fixed,decaps,24388
9586,mlkem,fixed,decaps,24440
9587,mlkem,fixed,decaps,24783
9588,mlkem,fixed,decaps,24604
9589,mlkem,fixed,decaps,24368
9590,mlkem,fixed,decaps,24371
9591,mlkem,fixed,decaps,24399
9592,mlkem,fixed,decaps,24551
9593,mlkem,fixed,decaps,24402
9594,mlkem,fixed,decaps,24279
9595,mlkem,fixed,decaps,35142
9596,mlkem,fixed,decaps,28484
9597,mlkem,fixed,decaps,29601
9598,mlkem,fixed,decaps,24363
9599,mlkem,fixed,decaps,24485
9600,mlkem,fixed,decaps,24391
9601,mlkem,fixed,decaps,24510
9602,mlkem,fixed,decaps,24422
9603,mlkem,fixed,decaps,24339
9604,mlkem,fixed,decaps,24348
9605,mlkem,fixed,decaps,24338
9606,mlkem,fixed,decaps,24399
9607,mlkem,fixed,decaps,24750
9608,mlkem,fixed,decaps,24442
9609,mlkem,fixed,decaps,24638
9610,mlkem,fixed,decaps,24386
9611,mlkem,fixed,decaps,24301
9612,mlkem,fixed,decaps,24339
9613,mlkem,fixed,decaps,24282
9614,mlkem,fixed,decaps,24351
9615,mlkem,fixed,decaps,24379
9616,mlkem,fixed,decaps,24337
9617,mlkem,fixed,decaps,58920
9618,mlkem,fixed,decaps,53277
9619,mlkem,fixed,decaps,37768
9620,mlkem,fixed,decaps,25051
9621,mlkem,fixed,decaps,24990
9622,mlkem,fixed,decaps,25071
9623,mlkem,fixed,decaps,25048
9624,mlkem,fixed,decaps,25142
9625,mlkem,fixed,decaps,25099
9626,mlkem,fixed,decaps,25085
9627,mlkem,fixed,decaps,24991
9628,mlkem,fixed,decaps,25075
9629,mlkem,fixed,decaps,25018
9630,mlkem,fixed,decaps,25034
9631,mlkem,fixed,decaps,25289
9632,mlkem,fixed,decaps,25060
9633,mlkem,fixed,decaps,25001
9634,mlkem,fixed,decaps,25054
9635,mlkem,fixed,decaps,25067
9636,mlkem,fixed,decaps,25106
9637,mlkem,fixed,decaps,25130
9638,mlkem,fixed,decaps,25179
9639,mlkem,fixed,decaps,25054
9640,mlkem,fixed,decaps,25131
9641,mlkem,fixed,decaps,25027
9642,mlkem,fixed,decaps,25341
9643,mlkem,fixed,decaps,25137
9644,mlkem,fixed,decaps,25190
9645,mlkem,fixed,decaps,25047
9646,mlkem,fixed,decaps,25004
9647,mlkem,fixed,decaps,25050
9648,mlkem,fixed,decaps,25052
9649,mlkem,fixed,decaps,25048
9650,mlkem,fixed,decaps,25078
9651,mlkem,fixed,decaps,25064
9652,mlkem,fixed,decaps,25043
9653,mlkem,fixed,decaps,24975
9654,mlkem,fixed,decaps,25399
9655,mlkem,fixed,decaps,25087
9656,mlkem,fixed,decaps,25111
9657,mlkem,fixed,decaps,25006
9658,mlkem,fixed,decaps,25060
9659,mlkem,fixed,decaps,25091
9660,mlkem,fixed,decaps,25039
9661,mlkem,fixed,decaps,25005
9662,mlkem,fixed,decaps,25067
9663,mlkem,fixed,decaps,25030
9664,mlkem,fixed,decaps,25076
9665,mlkem,fixed,decaps,24942
9666,mlkem,fixed,decaps,25002
9667,mlkem,fixed,decaps,25061
9668,mlkem,fixed,decaps,25048
9669,mlkem,fixed,decaps,25037
9670,mlkem,fixed,decaps,24995
9671,mlkem,fixed,decaps,25055
9672,mlkem,fixed,decaps,25035
9673,mlkem,fixed,decaps,25063
9674,mlkem,fixed,decaps,25045
9675,mlkem,fixed,decaps,25088
9676,mlkem,fixed,decaps,25057
9677,mlkem,fixed,decaps,25012
9678,mlkem,fixed,decaps,25076
9679,mlkem,fixed,decaps,25068
9680,mlkem,fixed,decaps,25034
9681,mlkem,fixed,decaps,25041
9682,mlkem,fixed,decaps,25027
9683,mlkem,fixed,decaps,25051
9684,mlkem,fixed,decaps,25033
9685,mlkem,fixed,decaps,25021
9686,mlkem,fixed,decaps,25033
9687,mlkem,fixed,decaps,25067
9688,mlkem,fixed,decaps,25040
9689,mlkem,fixed,decaps,25071
9690,mlkem,fixed,decaps,25032
9691,mlkem,fixed,decaps,25046
9692,mlkem,fixed,decaps,25071
9693,mlkem,fixed,decaps,25016
9694,mlkem,fixed,decaps,25048
9695,mlkem,fixed,decaps,25056
9696,mlkem,fixed,decaps,25056
9697,mlkem,fixed,decaps,25047
9698,mlkem,fixed,decaps,25045
9699,mlkem,fixed,decaps,25089
9700,mlkem,fixed,decaps,25010
9701,mlkem,fixed,decaps,25060
9702,mlkem,fixed,decaps,24984
9703,mlkem,fixed,decaps,25062
9704,mlkem,fixed,decaps,25043
9705,mlkem,fixed,decaps,43997
9706,mlkem,fixed,decaps,26026
9707,mlkem,fixed,decaps,25086
9708,mlkem,fixed,decaps,25036
9709,mlkem,fixed,decaps,25025
9710,mlkem,fixed,decaps,25051
9711,mlkem,fixed,decaps,25080
9712,mlkem,fixed,decaps,24921
9713,mlkem,fixed,decaps,25064
9714,mlkem,fixed,decaps,25052
9715,mlkem,fixed,decaps,25070
9716,mlkem,fixed,decaps,25070
9717,mlkem,fixed,decaps,25024
9718,mlkem,fixed,decaps,25024
9719,mlkem,fixed,decaps,25069
9720,mlkem,fixed,decaps,25081
9721,mlkem,fixed,decaps,25038
9722,mlkem,fixed,decaps,25052
9723,mlkem,fixed,decaps,25066
9724,mlkem,fixed,decaps,25073
9725,mlkem,fixed,decaps,25072
9726,mlkem,fixed,decaps,25023
9727,mlkem,fixed,decaps,25035
9728,mlkem,fixed,decaps,25015
9729,mlkem,fixed,decaps,25039
9730,mlkem,fixed,decaps,25042
9731,mlkem,fixed,decaps,35121
9732,mlkem,fixed,decaps,25574
9733,mlkem,fixed,decaps,29742
9734,mlkem,fixed,decaps,25300
9735,mlkem,fixed,decaps,25061
9736,mlkem,fixed,decaps,25042
9737,mlkem,fixed,decaps,25093
9738,mlkem,fixed,decaps,25075
9739,mlkem,fixed,decaps,24982
9740,mlkem,fixed,decaps,25003
9741,mlkem,fixed,decaps,25036
9742,mlkem,fixed,decaps,25097
9743,mlkem,fixed,decaps,25036
9744,mlkem,fixed,decaps,25102
9745,mlkem,fixed,decaps,25026
9746,mlkem,fixed,decaps,25041
9747,mlkem,fixed,decaps,24998
9748,mlkem,fixed,decaps,25063
9749,mlkem,fixed,decaps,25018
9750,mlkem,fixed,decaps,25057
9751,mlkem,fixed,decaps,25014
9752,mlkem,fixed,decaps,25034
9753,mlkem,fixed,decaps,25023
9754,mlkem,fixed,decaps,25074
9755,mlkem,fixed,decaps,25038
9756,mlkem,fixed,decaps,25071
9757,mlkem,fixed,decaps,25074
9758,mlkem,fixed,decaps,25105
9759,mlkem,fixed,decaps,25017
9760,mlkem,fixed,decaps,25021
9761,mlkem,fixed,decaps,25132
9762,mlkem,fixed,decaps,25056
9763,mlkem,fixed,decaps,25145
9764,mlkem,fixed,decaps,25060
9765,mlkem,fixed,decaps,25001
9766,mlkem,fixed,decaps,25028
9767,mlkem,fixed,decaps,25041
9768,mlkem,fixed,decaps,25034
9769,mlkem,fixed,decaps,25029
9770,mlkem,fixed,decaps,25022
9771,mlkem,fixed,decaps,25054
9772,mlkem,fixed,decaps,25071
9773,mlkem,fixed,decaps,25042
9774,mlkem,fixed,decaps,24994
9775,mlkem,fixed,decaps,24999
9776,mlkem,fixed,decaps,25082
9777,mlkem,fixed,decaps,25031
9778,mlkem,fixed,decaps,25082
9779,mlkem,fixed,decaps,25023
9780,mlkem,fixed,decaps,25059
9781,mlkem,fixed,decaps,25057
9782,mlkem,fixed,decaps,25055
9783,mlkem,fixed,decaps,25060
9784,mlkem,fixed,decaps,25093
9785,mlkem,fixed,decaps,25059
9786,mlkem,fixed,decaps,25070
9787,mlkem,fixed,decaps,25073
9788,mlkem,fixed,decaps,25095
9789,mlkem,fixed,decaps,25090
9790,mlkem,fixed,decaps,25069
9791,mlkem,fixed,decaps,25087
9792,mlkem,fixed,decaps,25106
9793,mlkem,fixed,decaps,25052
9794,mlkem,fixed,decaps,25023
9795,mlkem,fixed,decaps,25051
9796,mlkem,fixed,decaps,25083
9797,mlkem,fixed,decaps,25041
9798,mlkem,fixed,decaps,25038
9799,mlkem,fixed,decaps,25075
9800,mlkem,fixed,decaps,25068
9801,mlkem,fixed,decaps,25052
9802,mlkem,fixed,decaps,25055
9803,mlkem,fixed,decaps,25009
9804,mlkem,fixed,decaps,25059
9805,mlkem,fixed,decaps,25005
9806,mlkem,fixed,decaps,25016
9807,mlkem,fixed,decaps,25088
9808,mlkem,fixed,decaps,24973
9809,mlkem,fixed,decaps,25041
9810,mlkem,fixed,decaps,25046
9811,mlkem,fixed,decaps,25053
9812,mlkem,fixed,decaps,25037
9813,mlkem,fixed,decaps,25062
9814,mlkem,fixed,decaps,25046
9815,mlkem,fixed,decaps,25085
9816,mlkem,fixed,decaps,25049
9817,mlkem,fixed,decaps,25015
9818,mlkem,fixed,decaps,25075
9819,mlkem,fixed,decaps,25046
9820,mlkem,fixed,decaps,25066
9821,mlkem,fixed,decaps,25074
9822,mlkem,fixed,decaps,25086
9823,mlkem,fixed,decaps,25067
9824,mlkem,fixed,decaps,25095
9825,mlkem,fixed,decaps,25052
9826,mlkem,fixed,decaps,25027
9827,mlkem,fixed,decaps,25050
9828,mlkem,fixed,decaps,25036
9829,mlkem,fixed,decaps,24964
9830,mlkem,fixed,decaps,25030
9831,mlkem,fixed,decaps,25068
9832,mlkem,fixed,decaps,25048
9833,mlkem,fixed,decaps,25051
9834,mlkem,fixed,decaps,25057
9835,mlkem,fixed,decaps,25066
9836,mlkem,fixed,decaps,25033
9837,mlkem,fixed,decaps,25025
9838,mlkem,fixed,decaps,25090
9839,mlkem,fixed,decaps,25102
9840,mlkem,fixed,decaps,25013
9841,mlkem,fixed,decaps,25034
9842,mlkem,fixed,decaps,25021
9843,mlkem,fixed,decaps,25101
9844,mlkem,fixed,decaps,25052
9845,mlkem,fixed,decaps,25015
9846,mlkem,fixed,decaps,25006
9847,mlkem,fixed,decaps,25033
9848,mlkem,fixed,decaps,25027
9849,mlkem,fixed,decaps,25070
9850,mlkem,fixed,decaps,25080
9851,mlkem,fixed,decaps,25001
9852,mlkem,fixed,decaps,25042
9853,mlkem,fixed,decaps,25083
9854,mlkem,fixed,decaps,25100
9855,mlkem,fixed,decaps,25031
9856,mlkem,fixed,decaps,25035
9857,mlkem,fixed,decaps,25060
9858,mlkem,fixed,decaps,25009
9859,mlkem,fixed,decaps,25012
9860,mlkem,fixed,decaps,24994
9861,mlkem,fixed,decaps,31227
9862,mlkem,fixed,decaps,25577
9863,mlkem,fixed,decaps,25039
9864,mlkem,fixed,decaps,25029
9865,mlkem,fixed,decaps,25088
9866,mlkem,fixed,decaps,25004
9867,mlkem,fixed,decaps,25050
9868,mlkem,fixed,decaps,35636
9869,mlkem,fixed,decaps,25528
9870,mlkem,fixed,decaps,31112
9871,mlkem,fixed,decaps,25014
9872,mlkem,fixed,decaps,25056
9873,mlkem,fixed,decaps,25070
9874,mlkem,fixed,decaps,25031
9875,mlkem,fixed,decaps,25044
9876,mlkem,fixed,decaps,25037
9877,mlkem,fixed,decaps,25064
9878,mlkem,fixed,decaps,25042
9879,mlkem,fixed,decaps,24996
9880,mlkem,fixed,decaps,25007
9881,mlkem,fixed,decaps,25010
9882,mlkem,fixed,decaps,25067
9883,mlkem,fixed,decaps,25000
9884,mlkem,fixed,decaps,25088
9885,mlkem,fixed,decaps,24984
9886,mlkem,fixed,decaps,25006
9887,mlkem,fixed,decaps,25054
9888,mlkem,fixed,decaps,25021
9889,mlkem,fixed,decaps,25028
9890,mlkem,fixed,decaps,25037
9891,mlkem,fixed,decaps,25040
9892,mlkem,fixed,decaps,25055
9893,mlkem,fixed,decaps,25006
9894,mlkem,fixed,decaps,25001
9895,mlkem,fixed,decaps,25040
9896,mlkem,fixed,decaps,24987
9897,mlkem,fixed,decaps,25006
9898,mlkem,fixed,decaps,25027
9899,mlkem,fixed,decaps,24991
9900,mlkem,fixed,decaps,25057
9901,mlkem,fixed,decaps,25062
9902,mlkem,fixed,decaps,25048
9903,mlkem,fixed,decaps,25042
9904,mlkem,fixed,decaps,24996
9905,mlkem,fixed,decaps,25006
9906,mlkem,fixed,decaps,25044
9907,mlkem,fixed,decaps,25040
9908,mlkem,fixed,decaps,25015
9909,mlkem,fixed,decaps,24984
9910,mlkem,fixed,decaps,25054
9911,mlkem,fixed,decaps,25043
9912,mlkem,fixed,decaps,25038
9913,mlkem,fixed,decaps,25049
9914,mlkem,fixed,decaps,25038
9915,mlkem,fixed,decaps,25018
9916,mlkem,fixed,decaps,25047
9917,mlkem,fixed,decaps,25022
9918,mlkem,fixed,decaps,25009
9919,mlkem,fixed,decaps,25053
9920,mlkem,fixed,decaps,25018
9921,mlkem,fixed,decaps,25035
9922,mlkem,fixed,decaps,25047
9923,mlkem,fixed,decaps,25017
9924,mlkem,fixed,decaps,25017
9925,mlkem,fixed,decaps,24988
9926,mlkem,fixed,decaps,24998
9927,mlkem,fixed,decaps,25031
9928,mlkem,fixed,decaps,24987
9929,mlkem,fixed,decaps,25038
9930,mlkem,fixed,decaps,25016
9931,mlkem,fixed,decaps,25067
9932,mlkem,fixed,decaps,25061
9933,mlkem,fixed,decaps,25038
9934,mlkem,fixed,decaps,25041
9935,mlkem,fixed,decaps,25048
9936,mlkem,fixed,decaps,25008
9937,mlkem,fixed,decaps,25054
9938,mlkem,fixed,decaps,25015
9939,mlkem,fixed,decaps,25019
9940,mlkem,fixed,decaps,25069
9941,mlkem,fixed,decaps,24975
9942,mlkem,fixed,decaps,25031
9943,mlkem,fixed,decaps,25096
9944,mlkem,fixed,decaps,25039
9945,mlkem,fixed,decaps,25044
9946,mlkem,fixed,decaps,25073
9947,mlkem,fixed,decaps,24984
9948,mlkem,fixed,decaps,25024
9949,mlkem,fixed,decaps,25119
9950,mlkem,fixed,decaps,25063
9951,mlkem,fixed,decaps,25052
9952,mlkem,fixed,decaps,25053
9953,mlkem,fixed,decaps,25063
9954,mlkem,fixed,decaps,25086
9955,mlkem,fixed,decaps,25079
9956,mlkem,fixed,decaps,25010
9957,mlkem,fixed,decaps,25048
9958,mlkem,fixed,decaps,25051
9959,mlkem,fixed,decaps,25058
9960,mlkem,fixed,decaps,25068
9961,mlkem,fixed,decaps,24963
9962,mlkem,fixed,decaps,25014
9963,mlkem,fixed,decaps,25082
9964,mlkem,fixed,decaps,25006
9965,mlkem,fixed,decaps,25021
9966,mlkem,fixed,decaps,25074
9967,mlkem,fixed,decaps,25035
9968,mlkem,fixed,decaps,25041
9969,mlkem,fixed,decaps,25063
9970,mlkem,fixed,decaps,38619
9971,mlkem,fixed,decaps,25714
9972,mlkem,fixed,decaps,25774
9973,mlkem,fixed,decaps,25787
9974,mlkem,fixed,decaps,25782
9975,mlkem,fixed,decaps,25736
9976,mlkem,fixed,decaps,25770
9977,mlkem,fixed,decaps,25762
9978,mlkem,fixed,decaps,25773
9979,mlkem,fixed,decaps,25752
9980,mlkem,fixed,decaps,25829
9981,mlkem,fixed,decaps,25805
9982,mlkem,fixed,decaps,25760
9983,mlkem,fixed,decaps,25778
9984,mlkem,fixed,decaps,25783
9985,mlkem,fixed,decaps,25797
9986,mlkem,fixed,decaps,25783
9987,mlkem,fixed,decaps,25822
9988,mlkem,fixed,decaps,25829
9989,mlkem,fixed,decaps,25780
9990,mlkem,fixed,decaps,25734
9991,mlkem,fixed,decaps,25791
9992,mlkem,fixed,decaps,25794
9993,mlkem,fixed,decaps,25769
9994,mlkem,fixed,decaps,25701
9995,mlkem,fixed,decaps,25810
9996,mlkem,fixed,decaps,25796
9997,mlkem,fixed,decaps,25825
9998,mlkem,fixed,decaps,25791
9999,mlkem,fixed,decaps,25781
10000,mlkem,fixed,decaps,25761
