iteration,mode,input,op,elapsed_ns
1,bike,fixed,decaps,8966215
2,bike,fixed,decaps,8836273
3,bike,fixed,decaps,9033331
4,bike,fixed,decaps,8950737
5,bike,fixed,decaps,8644013
6,bike,fixed,decaps,8094494
7,bike,fixed,decaps,7855538
8,bike,fixed,decaps,8892477
9,bike,fixed,decaps,8009115
10,bike,fixed,decaps,7794133
11,bike,fixed,decaps,8885054
12,bike,fixed,decaps,9057096
13,bike,fixed,decaps,9060071
14,bike,fixed,decaps,8916252
15,bike,fixed,decaps,8954093
16,bike,fixed,decaps,8997514
17,bike,fixed,decaps,9039883
18,bike,fixed,decaps,9130263
19,bike,fixed,decaps,8953171
20,bike,fixed,decaps,9171440
21,bike,fixed,decaps,8951718
22,bike,fixed,decaps,9250187
23,bike,fixed,decaps,9245989
24,bike,fixed,decaps,8870917
25,bike,fixed,decaps,8662678
26,bike,fixed,decaps,9077985
27,bike,fixed,decaps,9272248
28,bike,fixed,decaps,8970634
29,bike,fixed,decaps,9184925
30,bike,fixed,decaps,8814582
31,bike,fixed,decaps,7708011
32,bike,fixed,decaps,7963359
33,bike,fixed,decaps,9157153
34,bike,fixed,decaps,9002273
35,bike,fixed,decaps,9233265
36,bike,fixed,decaps,9252722
37,bike,fixed,decaps,8810695
38,bike,fixed,decaps,8424301
39,bike,fixed,decaps,8786018
40,bike,fixed,decaps,9111678
41,bike,fixed,decaps,8887869
42,bike,fixed,decaps,9022671
43,bike,fixed,decaps,8991352
44,bike,fixed,decaps,8900082
45,bike,fixed,decaps,8903648
46,bike,fixed,decaps,9325248
47,bike,fixed,decaps,8878201
48,bike,fixed,decaps,9405448
49,bike,fixed,decaps,8945216
50,bike,fixed,decaps,9026328
51,bike,fixed,decaps,9041086
52,bike,fixed,decaps,8853635
53,bike,fixed,decaps,9033812
54,bike,fixed,decaps,8572269
55,bike,fixed,decaps,9109674
56,bike,fixed,decaps,8946779
57,bike,fixed,decaps,8661225
58,bike,fixed,decaps,7525821
59,bike,fixed,decaps,7443747
60,bike,fixed,decaps,9286975
61,bike,fixed,decaps,10580065
62,bike,fixed,decaps,8525271
63,bike,fixed,decaps,8560447
64,bike,fixed,decaps,7984669
65,bike,fixed,decaps,8381993
66,bike,fixed,decaps,8804563
67,bike,fixed,decaps,9123390
68,bike,fixed,decaps,8901675
69,bike,fixed,decaps,9160679
70,bike,fixed,decaps,8150169
71,bike,fixed,decaps,8265755
72,bike,fixed,decaps,8572349
73,bike,fixed,decaps,7418861
74,bike,fixed,decaps,7650103
75,bike,fixed,decaps,8476931
76,bike,fixed,decaps,7042616
77,bike,fixed,decaps,6838845
78,bike,fixed,decaps,7679588
79,bike,fixed,decaps,8503550
80,bike,fixed,decaps,7748077
81,bike,fixed,decaps,10444752
82,bike,fixed,decaps,8944816
83,bike,fixed,decaps,8414974
84,bike,fixed,decaps,8631689
85,bike,fixed,decaps,7345945
86,bike,fixed,decaps,7682083
87,bike,fixed,decaps,8565937
88,bike,fixed,decaps,7961586
89,bike,fixed,decaps,7912224
90,bike,fixed,decaps,8959764
91,bike,fixed,decaps,8408502
92,bike,fixed,decaps,7040262
93,bike,fixed,decaps,9380010
94,bike,fixed,decaps,9271015
95,bike,fixed,decaps,9056946
96,bike,fixed,decaps,8921131
97,bike,fixed,decaps,8047827
98,bike,fixed,decaps,8649633
99,bike,fixed,decaps,8587918
100,bike,fixed,decaps,8516123
101,bike,fixed,decaps,8865487
102,bike,fixed,decaps,8120263
103,bike,fixed,decaps,8420344
104,bike,fixed,decaps,8588469
105,bike,fixed,decaps,7662597
106,bike,fixed,decaps,7684017
107,bike,fixed,decaps,7639803
108,bike,fixed,decaps,7039981
109,bike,fixed,decaps,7215830
110,bike,fixed,decaps,7641607
111,bike,fixed,decaps,8500905
112,bike,fixed,decaps,8659472
113,bike,fixed,decaps,8492228
114,bike,fixed,decaps,8577939
115,bike,fixed,decaps,8186537
116,bike,fixed,decaps,9254686
117,bike,fixed,decaps,6112336
118,bike,fixed,decaps,2432852
119,bike,fixed,decaps,1704770
120,bike,fixed,decaps,1304420
121,bike,fixed,decaps,1155662
122,bike,fixed,decaps,1045937
123,bike,fixed,decaps,1169508
124,bike,fixed,decaps,935541
125,bike,fixed,decaps,875879
126,bike,fixed,decaps,784838
127,bike,fixed,decaps,761705
128,bike,fixed,decaps,730176
129,bike,fixed,decaps,783416
130,bike,fixed,decaps,730567
131,bike,fixed,decaps,690462
132,bike,fixed,decaps,648995
133,bike,fixed,decaps,601525
134,bike,fixed,decaps,602267
135,bike,fixed,decaps,574585
136,bike,fixed,decaps,570448
137,bike,fixed,decaps,583702
138,bike,fixed,decaps,571199
139,bike,fixed,decaps,571750
140,bike,fixed,decaps,575757
141,bike,fixed,decaps,574315
142,bike,fixed,decaps,641701
143,bike,fixed,decaps,789437
144,bike,fixed,decaps,785129
145,bike,fixed,decaps,809665
146,bike,fixed,decaps,803073
147,bike,fixed,decaps,800608
148,bike,fixed,decaps,796550
149,bike,fixed,decaps,748811
150,bike,fixed,decaps,591206
151,bike,fixed,decaps,592289
152,bike,fixed,decaps,583232
153,bike,fixed,decaps,572792
154,bike,fixed,decaps,599692
155,bike,fixed,decaps,571569
156,bike,fixed,decaps,590024
157,bike,fixed,decaps,590395
158,bike,fixed,decaps,630209
159,bike,fixed,decaps,587660
160,bike,fixed,decaps,589042
161,bike,fixed,decaps,571039
162,bike,fixed,decaps,590705
163,bike,fixed,decaps,568694
164,bike,fixed,decaps,573613
165,bike,fixed,decaps,728102
166,bike,fixed,decaps,597298
167,bike,fixed,decaps,684431
168,bike,fixed,decaps,572691
169,bike,fixed,decaps,570147
170,bike,fixed,decaps,572912
171,bike,fixed,decaps,592739
172,bike,fixed,decaps,576949
173,bike,fixed,decaps,569155
174,bike,fixed,decaps,608829
175,bike,fixed,decaps,602818
176,bike,fixed,decaps,591276
177,bike,fixed,decaps,572401
178,bike,fixed,decaps,571590
179,bike,fixed,decaps,570818
180,bike,fixed,decaps,568113
181,bike,fixed,decaps,581939
182,bike,fixed,decaps,605953
183,bike,fixed,decaps,593821
184,bike,fixed,decaps,582510
185,bike,fixed,decaps,676075
186,bike,fixed,decaps,570287
187,bike,fixed,decaps,588601
188,bike,fixed,decaps,627534
189,bike,fixed,decaps,575697
190,bike,fixed,decaps,574234
191,bike,fixed,decaps,637793
192,bike,fixed,decaps,591667
193,bike,fixed,decaps,625480
194,bike,fixed,decaps,581057
195,bike,fixed,decaps,570357
196,bike,fixed,decaps,590054
197,bike,fixed,decaps,573593
198,bike,fixed,decaps,578813
199,bike,fixed,decaps,583702
200,bike,fixed,decaps,575086
201,bike,fixed,decaps,574094
202,bike,fixed,decaps,638414
203,bike,fixed,decaps,616503
204,bike,fixed,decaps,658191
205,bike,fixed,decaps,591196
206,bike,fixed,decaps,596376
207,bike,fixed,decaps,572681
208,bike,fixed,decaps,624749
209,bike,fixed,decaps,580747
210,bike,fixed,decaps,589943
211,bike,fixed,decaps,655286
212,bike,fixed,decaps,606084
213,bike,fixed,decaps,569926
214,bike,fixed,decaps,589463
215,bike,fixed,decaps,601555
216,bike,fixed,decaps,593320
217,bike,fixed,decaps,651479
218,bike,fixed,decaps,644486
219,bike,fixed,decaps,591707
220,bike,fixed,decaps,593089
221,bike,fixed,decaps,593190
222,bike,fixed,decaps,571981
223,bike,fixed,decaps,567712
224,bike,fixed,decaps,607025
225,bike,fixed,decaps,617716
226,bike,fixed,decaps,610302
227,bike,fixed,decaps,588340
228,bike,fixed,decaps,569095
229,bike,fixed,decaps,571660
230,bike,fixed,decaps,591637
231,bike,fixed,decaps,609380
232,bike,fixed,decaps,583462
233,bike,fixed,decaps,573182
234,bike,fixed,decaps,623317
235,bike,fixed,decaps,572240
236,bike,fixed,decaps,589873
237,bike,fixed,decaps,616593
238,bike,fixed,decaps,601866
239,bike,fixed,decaps,577140
240,bike,fixed,decaps,572841
241,bike,fixed,decaps,570798
242,bike,fixed,decaps,572081
243,bike,fixed,decaps,598740
244,bike,fixed,decaps,585545
245,bike,fixed,decaps,584964
246,bike,fixed,decaps,605693
247,bike,fixed,decaps,588821
248,bike,fixed,decaps,614510
249,bike,fixed,decaps,596046
250,bike,fixed,decaps,569806
251,bike,fixed,decaps,578883
252,bike,fixed,decaps,567652
253,bike,fixed,decaps,597949
254,bike,fixed,decaps,601215
255,bike,fixed,decaps,652111
256,bike,fixed,decaps,608769
257,bike,fixed,decaps,584955
258,bike,fixed,decaps,579244
259,bike,fixed,decaps,573223
260,bike,fixed,decaps,570908
261,bike,fixed,decaps,670254
262,bike,fixed,decaps,586106
263,bike,fixed,decaps,578572
264,bike,fixed,decaps,652811
265,bike,fixed,decaps,682978
266,bike,fixed,decaps,794105
267,bike,fixed,decaps,854980
268,bike,fixed,decaps,853857
269,bike,fixed,decaps,791922
270,bike,fixed,decaps,748550
271,bike,fixed,decaps,649125
272,bike,fixed,decaps,620511
273,bike,fixed,decaps,627334
274,bike,fixed,decaps,601976
275,bike,fixed,decaps,656108
276,bike,fixed,decaps,576338
277,bike,fixed,decaps,598069
278,bike,fixed,decaps,589924
279,bike,fixed,decaps,578332
280,bike,fixed,decaps,567923
281,bike,fixed,decaps,611504
282,bike,fixed,decaps,604321
283,bike,fixed,decaps,595874
284,bike,fixed,decaps,647591
285,bike,fixed,decaps,573764
286,bike,fixed,decaps,594653
287,bike,fixed,decaps,597308
288,bike,fixed,decaps,573183
289,bike,fixed,decaps,577741
290,bike,fixed,decaps,666678
291,bike,fixed,decaps,697004
292,bike,fixed,decaps,727591
293,bike,fixed,decaps,720127
294,bike,fixed,decaps,717813
295,bike,fixed,decaps,646480
296,bike,fixed,decaps,660736
297,bike,fixed,decaps,601495
298,bike,fixed,decaps,691834
299,bike,fixed,decaps,695691
300,bike,fixed,decaps,637884
301,bike,fixed,decaps,614530
302,bike,fixed,decaps,574915
303,bike,fixed,decaps,570868
304,bike,fixed,decaps,651058
305,bike,fixed,decaps,572992
306,bike,fixed,decaps,572992
307,bike,fixed,decaps,823751
308,bike,fixed,decaps,643624
309,bike,fixed,decaps,684019
310,bike,fixed,decaps,583432
311,bike,fixed,decaps,571038
312,bike,fixed,decaps,614740
313,bike,fixed,decaps,582680
314,bike,fixed,decaps,597598
315,bike,fixed,decaps,585014
316,bike,fixed,decaps,686705
317,bike,fixed,decaps,679090
318,bike,fixed,decaps,639296
319,bike,fixed,decaps,668540
320,bike,fixed,decaps,801369
321,bike,fixed,decaps,649615
322,bike,fixed,decaps,635479
323,bike,fixed,decaps,622505
324,bike,fixed,decaps,708435
325,bike,fixed,decaps,730307
326,bike,fixed,decaps,640489
327,bike,fixed,decaps,643093
328,bike,fixed,decaps,634267
329,bike,fixed,decaps,589072
330,bike,fixed,decaps,651800
331,bike,fixed,decaps,596316
332,bike,fixed,decaps,676256
333,bike,fixed,decaps,577621
334,bike,fixed,decaps,576539
335,bike,fixed,decaps,574936
336,bike,fixed,decaps,594221
337,bike,fixed,decaps,595414
338,bike,fixed,decaps,624629
339,bike,fixed,decaps,595785
340,bike,fixed,decaps,693096
341,bike,fixed,decaps,689470
342,bike,fixed,decaps,722762
343,bike,fixed,decaps,816047
344,bike,fixed,decaps,705931
345,bike,fixed,decaps,674281
346,bike,fixed,decaps,640619
347,bike,fixed,decaps,633816
348,bike,fixed,decaps,756255
349,bike,fixed,decaps,689820
350,bike,fixed,decaps,768217
351,bike,fixed,decaps,725478
352,bike,fixed,decaps,684230
353,bike,fixed,decaps,617295
354,bike,fixed,decaps,622725
355,bike,fixed,decaps,644246
356,bike,fixed,decaps,669963
357,bike,fixed,decaps,875488
358,bike,fixed,decaps,713705
359,bike,fixed,decaps,630009
360,bike,fixed,decaps,602277
361,bike,fixed,decaps,622575
362,bike,fixed,decaps,672187
363,bike,fixed,decaps,676726
364,bike,fixed,decaps,738211
365,bike,fixed,decaps,640589
366,bike,fixed,decaps,781772
367,bike,fixed,decaps,797823
368,bike,fixed,decaps,929459
369,bike,fixed,decaps,782634
370,bike,fixed,decaps,688959
371,bike,fixed,decaps,681195
372,bike,fixed,decaps,646490
373,bike,fixed,decaps,687586
374,bike,fixed,decaps,742510
375,bike,fixed,decaps,649536
376,bike,fixed,decaps,646299
377,bike,fixed,decaps,638204
378,bike,fixed,decaps,594122
379,bike,fixed,decaps,619339
380,bike,fixed,decaps,621443
381,bike,fixed,decaps,604752
382,bike,fixed,decaps,604391
383,bike,fixed,decaps,576819
384,bike,fixed,decaps,609230
385,bike,fixed,decaps,635629
386,bike,fixed,decaps,701602
387,bike,fixed,decaps,741317
388,bike,fixed,decaps,610742
389,bike,fixed,decaps,610973
390,bike,fixed,decaps,716521
391,bike,fixed,decaps,611995
392,bike,fixed,decaps,690562
393,bike,fixed,decaps,709157
394,bike,fixed,decaps,732781
395,bike,fixed,decaps,830764
396,bike,fixed,decaps,691514
397,bike,fixed,decaps,646320
398,bike,fixed,decaps,607407
399,bike,fixed,decaps,638274
400,bike,fixed,decaps,731969
401,bike,fixed,decaps,689891
402,bike,fixed,decaps,685152
403,bike,fixed,decaps,618737
404,bike,fixed,decaps,592448
405,bike,fixed,decaps,663421
406,bike,fixed,decaps,585035
407,bike,fixed,decaps,608178
408,bike,fixed,decaps,578974
409,bike,fixed,decaps,585696
410,bike,fixed,decaps,588531
411,bike,fixed,decaps,590244
412,bike,fixed,decaps,656318
413,bike,fixed,decaps,595564
414,bike,fixed,decaps,573122
415,bike,fixed,decaps,665625
416,bike,fixed,decaps,724906
417,bike,fixed,decaps,800517
418,bike,fixed,decaps,754442
419,bike,fixed,decaps,846133
420,bike,fixed,decaps,776362
421,bike,fixed,decaps,752257
422,bike,fixed,decaps,680413
423,bike,fixed,decaps,651779
424,bike,fixed,decaps,634557
425,bike,fixed,decaps,604721
426,bike,fixed,decaps,591437
427,bike,fixed,decaps,597067
428,bike,fixed,decaps,593931
429,bike,fixed,decaps,588120
430,bike,fixed,decaps,568384
431,bike,fixed,decaps,568794
432,bike,fixed,decaps,599321
433,bike,fixed,decaps,582169
434,bike,fixed,decaps,575597
435,bike,fixed,decaps,594702
436,bike,fixed,decaps,575417
437,bike,fixed,decaps,573683
438,bike,fixed,decaps,609721
439,bike,fixed,decaps,578582
440,bike,fixed,decaps,575376
441,bike,fixed,decaps,670835
442,bike,fixed,decaps,575447
443,bike,fixed,decaps,636431
444,bike,fixed,decaps,634237
445,bike,fixed,decaps,786702
446,bike,fixed,decaps,661297
447,bike,fixed,decaps,711020
448,bike,fixed,decaps,763699
449,bike,fixed,decaps,637763
450,bike,fixed,decaps,633285
451,bike,fixed,decaps,598019
452,bike,fixed,decaps,637122
453,bike,fixed,decaps,609190
454,bike,fixed,decaps,629298
455,bike,fixed,decaps,588101
456,bike,fixed,decaps,573283
457,bike,fixed,decaps,579124
458,bike,fixed,decaps,573824
459,bike,fixed,decaps,582921
460,bike,fixed,decaps,571820
461,bike,fixed,decaps,611153
462,bike,fixed,decaps,569395
463,bike,fixed,decaps,568022
464,bike,fixed,decaps,571399
465,bike,fixed,decaps,628827
466,bike,fixed,decaps,584063
467,bike,fixed,decaps,594402
468,bike,fixed,decaps,650157
469,bike,fixed,decaps,647031
470,bike,fixed,decaps,696403
471,bike,fixed,decaps,667128
472,bike,fixed,decaps,674793
473,bike,fixed,decaps,679221
474,bike,fixed,decaps,620791
475,bike,fixed,decaps,763418
476,bike,fixed,decaps,610543
477,bike,fixed,decaps,598300
478,bike,fixed,decaps,772495
479,bike,fixed,decaps,675594
480,bike,fixed,decaps,680313
481,bike,fixed,decaps,617466
482,bike,fixed,decaps,572852
483,bike,fixed,decaps,572711
484,bike,fixed,decaps,573352
485,bike,fixed,decaps,570968
486,bike,fixed,decaps,626252
487,bike,fixed,decaps,584504
488,bike,fixed,decaps,680443
489,bike,fixed,decaps,634056
490,bike,fixed,decaps,580065
491,bike,fixed,decaps,593671
492,bike,fixed,decaps,571238
493,bike,fixed,decaps,573463
494,bike,fixed,decaps,598380
495,bike,fixed,decaps,624799
496,bike,fixed,decaps,583341
497,bike,fixed,decaps,617054
498,bike,fixed,decaps,781663
499,bike,fixed,decaps,711301
500,bike,fixed,decaps,625230
501,bike,fixed,decaps,623016
502,bike,fixed,decaps,635309
503,bike,fixed,decaps,646259
504,bike,fixed,decaps,625470
505,bike,fixed,decaps,644766
506,bike,fixed,decaps,617595
507,bike,fixed,decaps,608459
508,bike,fixed,decaps,583031
509,bike,fixed,decaps,568583
510,bike,fixed,decaps,592929
511,bike,fixed,decaps,600975
512,bike,fixed,decaps,578792
513,bike,fixed,decaps,597217
514,bike,fixed,decaps,606925
515,bike,fixed,decaps,646309
516,bike,fixed,decaps,600855
517,bike,fixed,decaps,601616
518,bike,fixed,decaps,619839
519,bike,fixed,decaps,579094
520,bike,fixed,decaps,578673
521,bike,fixed,decaps,606024
522,bike,fixed,decaps,647341
523,bike,fixed,decaps,631862
524,bike,fixed,decaps,931433
525,bike,fixed,decaps,935029
526,bike,fixed,decaps,891278
527,bike,fixed,decaps,927866
528,bike,fixed,decaps,630700
529,bike,fixed,decaps,613127
530,bike,fixed,decaps,605423
531,bike,fixed,decaps,617275
532,bike,fixed,decaps,628987
533,bike,fixed,decaps,568804
534,bike,fixed,decaps,570727
535,bike,fixed,decaps,572080
536,bike,fixed,decaps,576328
537,bike,fixed,decaps,574746
538,bike,fixed,decaps,597007
539,bike,fixed,decaps,612656
540,bike,fixed,decaps,622725
541,bike,fixed,decaps,602918
542,bike,fixed,decaps,584153
543,bike,fixed,decaps,598229
544,bike,fixed,decaps,608969
545,bike,fixed,decaps,586397
546,bike,fixed,decaps,582640
547,bike,fixed,decaps,622485
548,bike,fixed,decaps,580386
549,bike,fixed,decaps,595033
550,bike,fixed,decaps,802962
551,bike,fixed,decaps,848698
552,bike,fixed,decaps,834812
553,bike,fixed,decaps,733903
554,bike,fixed,decaps,629067
555,bike,fixed,decaps,579184
556,bike,fixed,decaps,575767
557,bike,fixed,decaps,578442
558,bike,fixed,decaps,607957
559,bike,fixed,decaps,638374
560,bike,fixed,decaps,716220
561,bike,fixed,decaps,591216
562,bike,fixed,decaps,589503
563,bike,fixed,decaps,581829
564,bike,fixed,decaps,587429
565,bike,fixed,decaps,576779
566,bike,fixed,decaps,588602
567,bike,fixed,decaps,662670
568,bike,fixed,decaps,610713
569,bike,fixed,decaps,627394
570,bike,fixed,decaps,653212
571,bike,fixed,decaps,584263
572,bike,fixed,decaps,598309
573,bike,fixed,decaps,618056
574,bike,fixed,decaps,639206
575,bike,fixed,decaps,675664
576,bike,fixed,decaps,817530
577,bike,fixed,decaps,839992
578,bike,fixed,decaps,794887
579,bike,fixed,decaps,896447
580,bike,fixed,decaps,635108
581,bike,fixed,decaps,618207
582,bike,fixed,decaps,586988
583,bike,fixed,decaps,579364
584,bike,fixed,decaps,586838
585,bike,fixed,decaps,663251
586,bike,fixed,decaps,594792
587,bike,fixed,decaps,584043
588,bike,fixed,decaps,585105
589,bike,fixed,decaps,587470
590,bike,fixed,decaps,597478
591,bike,fixed,decaps,588782
592,bike,fixed,decaps,585626
593,bike,fixed,decaps,625671
594,bike,fixed,decaps,641290
595,bike,fixed,decaps,614781
596,bike,fixed,decaps,598590
597,bike,fixed,decaps,584614
598,bike,fixed,decaps,586618
599,bike,fixed,decaps,641230
600,bike,fixed,decaps,596306
601,bike,fixed,decaps,783716
602,bike,fixed,decaps,726489
603,bike,fixed,decaps,597077
604,bike,fixed,decaps,677819
605,bike,fixed,decaps,720558
606,bike,fixed,decaps,619779
607,bike,fixed,decaps,603329
608,bike,fixed,decaps,591367
609,bike,fixed,decaps,587559
610,bike,fixed,decaps,659644
611,bike,fixed,decaps,629117
612,bike,fixed,decaps,613137
613,bike,fixed,decaps,606796
614,bike,fixed,decaps,611825
615,bike,fixed,decaps,612186
616,bike,fixed,decaps,611865
617,bike,fixed,decaps,595715
618,bike,fixed,decaps,585125
619,bike,fixed,decaps,582690
620,bike,fixed,decaps,593461
621,bike,fixed,decaps,650297
622,bike,fixed,decaps,639436
623,bike,fixed,decaps,647321
624,bike,fixed,decaps,596065
625,bike,fixed,decaps,582850
626,bike,fixed,decaps,648994
627,bike,fixed,decaps,706371
628,bike,fixed,decaps,765392
629,bike,fixed,decaps,677217
630,bike,fixed,decaps,584253
631,bike,fixed,decaps,585054
632,bike,fixed,decaps,606865
633,bike,fixed,decaps,586597
634,bike,fixed,decaps,737159
635,bike,fixed,decaps,960126
636,bike,fixed,decaps,782724
637,bike,fixed,decaps,606414
638,bike,fixed,decaps,616453
639,bike,fixed,decaps,594783
640,bike,fixed,decaps,590364
641,bike,fixed,decaps,590234
642,bike,fixed,decaps,605633
643,bike,fixed,decaps,617826
644,bike,fixed,decaps,652080
645,bike,fixed,decaps,587439
646,bike,fixed,decaps,587289
647,bike,fixed,decaps,597467
648,bike,fixed,decaps,615121
649,bike,fixed,decaps,595143
650,bike,fixed,decaps,594612
651,bike,fixed,decaps,602548
652,bike,fixed,decaps,713415
653,bike,fixed,decaps,637753
654,bike,fixed,decaps,828560
655,bike,fixed,decaps,875157
656,bike,fixed,decaps,844370
657,bike,fixed,decaps,848988
658,bike,fixed,decaps,593831
659,bike,fixed,decaps,587960
660,bike,fixed,decaps,587890
661,bike,fixed,decaps,593791
662,bike,fixed,decaps,608248
663,bike,fixed,decaps,638795
664,bike,fixed,decaps,594783
665,bike,fixed,decaps,588281
666,bike,fixed,decaps,596336
667,bike,fixed,decaps,589543
668,bike,fixed,decaps,602607
669,bike,fixed,decaps,592068
670,bike,fixed,decaps,653853
671,bike,fixed,decaps,589313
672,bike,fixed,decaps,588742
673,bike,fixed,decaps,587429
674,bike,fixed,decaps,614870
675,bike,fixed,decaps,587138
676,bike,fixed,decaps,601405
677,bike,fixed,decaps,691053
678,bike,fixed,decaps,640980
679,bike,fixed,decaps,607697
680,bike,fixed,decaps,766534
681,bike,fixed,decaps,863446
682,bike,fixed,decaps,834692
683,bike,fixed,decaps,875859
684,bike,fixed,decaps,805016
685,bike,fixed,decaps,831406
686,bike,fixed,decaps,600875
687,bike,fixed,decaps,585025
688,bike,fixed,decaps,602017
689,bike,fixed,decaps,579174
690,bike,fixed,decaps,589613
691,bike,fixed,decaps,582850
692,bike,fixed,decaps,595644
693,bike,fixed,decaps,599651
694,bike,fixed,decaps,587439
695,bike,fixed,decaps,625521
696,bike,fixed,decaps,623536
697,bike,fixed,decaps,615822
698,bike,fixed,decaps,590184
699,bike,fixed,decaps,602427
700,bike,fixed,decaps,584524
701,bike,fixed,decaps,616713
702,bike,fixed,decaps,595765
703,bike,fixed,decaps,671095
704,bike,fixed,decaps,633816
705,bike,fixed,decaps,820415
706,bike,fixed,decaps,870639
707,bike,fixed,decaps,853958
708,bike,fixed,decaps,766544
709,bike,fixed,decaps,591227
710,bike,fixed,decaps,593521
711,bike,fixed,decaps,586587
712,bike,fixed,decaps,588631
713,bike,fixed,decaps,593009
714,bike,fixed,decaps,599331
715,bike,fixed,decaps,586598
716,bike,fixed,decaps,589002
717,bike,fixed,decaps,591947
718,bike,fixed,decaps,597398
719,bike,fixed,decaps,612306
720,bike,fixed,decaps,587689
721,bike,fixed,decaps,638294
722,bike,fixed,decaps,644887
723,bike,fixed,decaps,591056
724,bike,fixed,decaps,586688
725,bike,fixed,decaps,614580
726,bike,fixed,decaps,609690
727,bike,fixed,decaps,586567
728,bike,fixed,decaps,624047
729,bike,fixed,decaps,671226
730,bike,fixed,decaps,615672
731,bike,fixed,decaps,717844
732,bike,fixed,decaps,835703
733,bike,fixed,decaps,835252
734,bike,fixed,decaps,875438
735,bike,fixed,decaps,803263
736,bike,fixed,decaps,670114
737,bike,fixed,decaps,583632
738,bike,fixed,decaps,591006
739,bike,fixed,decaps,606064
740,bike,fixed,decaps,615471
741,bike,fixed,decaps,586707
742,bike,fixed,decaps,587830
743,bike,fixed,decaps,592208
744,bike,fixed,decaps,627053
745,bike,fixed,decaps,596366
746,bike,fixed,decaps,596085
747,bike,fixed,decaps,583401
748,bike,fixed,decaps,608258
749,bike,fixed,decaps,597378
750,bike,fixed,decaps,590245
751,bike,fixed,decaps,611234
752,bike,fixed,decaps,641069
753,bike,fixed,decaps,649164
754,bike,fixed,decaps,640168
755,bike,fixed,decaps,671807
756,bike,fixed,decaps,848868
757,bike,fixed,decaps,846734
758,bike,fixed,decaps,846704
759,bike,fixed,decaps,789918
760,bike,fixed,decaps,809645
761,bike,fixed,decaps,670284
762,bike,fixed,decaps,593100
763,bike,fixed,decaps,583862
764,bike,fixed,decaps,596816
765,bike,fixed,decaps,617996
766,bike,fixed,decaps,588040
767,bike,fixed,decaps,720458
768,bike,fixed,decaps,611113
769,bike,fixed,decaps,584113
770,bike,fixed,decaps,605753
771,bike,fixed,decaps,610592
772,bike,fixed,decaps,633786
773,bike,fixed,decaps,588230
774,bike,fixed,decaps,587108
775,bike,fixed,decaps,588350
776,bike,fixed,decaps,603759
777,bike,fixed,decaps,586417
778,bike,fixed,decaps,587599
779,bike,fixed,decaps,587730
780,bike,fixed,decaps,643754
781,bike,fixed,decaps,802181
782,bike,fixed,decaps,851964
783,bike,fixed,decaps,842997
784,bike,fixed,decaps,843288
785,bike,fixed,decaps,630610
786,bike,fixed,decaps,612686
787,bike,fixed,decaps,603770
788,bike,fixed,decaps,588321
789,bike,fixed,decaps,646240
790,bike,fixed,decaps,581898
791,bike,fixed,decaps,602217
792,bike,fixed,decaps,589904
793,bike,fixed,decaps,586757
794,bike,fixed,decaps,586086
795,bike,fixed,decaps,600173
796,bike,fixed,decaps,599782
797,bike,fixed,decaps,598450
798,bike,fixed,decaps,591487
799,bike,fixed,decaps,647863
800,bike,fixed,decaps,601526
801,bike,fixed,decaps,607216
802,bike,fixed,decaps,609380
803,bike,fixed,decaps,608258
804,bike,fixed,decaps,587730
805,bike,fixed,decaps,586918
806,bike,fixed,decaps,584954
807,bike,fixed,decaps,682677
808,bike,fixed,decaps,831836
809,bike,fixed,decaps,863997
810,bike,fixed,decaps,845171
811,bike,fixed,decaps,605983
812,bike,fixed,decaps,613628
813,bike,fixed,decaps,587429
814,bike,fixed,decaps,586918
815,bike,fixed,decaps,588571
816,bike,fixed,decaps,615843
817,bike,fixed,decaps,630038
818,bike,fixed,decaps,588040
819,bike,fixed,decaps,586107
820,bike,fixed,decaps,587940
821,bike,fixed,decaps,586006
822,bike,fixed,decaps,590074
823,bike,fixed,decaps,601345
824,bike,fixed,decaps,643013
825,bike,fixed,decaps,624178
826,bike,fixed,decaps,647872
827,bike,fixed,decaps,589884
828,bike,fixed,decaps,605744
829,bike,fixed,decaps,590084
830,bike,fixed,decaps,590755
831,bike,fixed,decaps,587199
832,bike,fixed,decaps,641511
833,bike,fixed,decaps,586006
834,bike,fixed,decaps,775121
835,bike,fixed,decaps,843819
836,bike,fixed,decaps,821678
837,bike,fixed,decaps,823671
838,bike,fixed,decaps,804486
839,bike,fixed,decaps,597337
840,bike,fixed,decaps,588511
841,bike,fixed,decaps,586227
842,bike,fixed,decaps,591016
843,bike,fixed,decaps,600284
844,bike,fixed,decaps,584884
845,bike,fixed,decaps,588040
846,bike,fixed,decaps,584724
847,bike,fixed,decaps,608188
848,bike,fixed,decaps,586398
849,bike,fixed,decaps,593310
850,bike,fixed,decaps,717963
851,bike,fixed,decaps,672839
852,bike,fixed,decaps,597398
853,bike,fixed,decaps,590194
854,bike,fixed,decaps,604812
855,bike,fixed,decaps,618707
856,bike,fixed,decaps,593660
857,bike,fixed,decaps,613207
858,bike,fixed,decaps,595244
859,bike,fixed,decaps,755233
860,bike,fixed,decaps,860159
861,bike,fixed,decaps,835644
862,bike,fixed,decaps,847025
863,bike,fixed,decaps,669532
864,bike,fixed,decaps,590114
865,bike,fixed,decaps,590114
866,bike,fixed,decaps,592318
867,bike,fixed,decaps,606014
868,bike,fixed,decaps,591517
869,bike,fixed,decaps,596536
870,bike,fixed,decaps,592829
871,bike,fixed,decaps,618317
872,bike,fixed,decaps,594954
873,bike,fixed,decaps,708586
874,bike,fixed,decaps,801901
875,bike,fixed,decaps,810967
876,bike,fixed,decaps,738552
877,bike,fixed,decaps,782764
878,bike,fixed,decaps,753801
879,bike,fixed,decaps,842356
880,bike,fixed,decaps,924660
881,bike,fixed,decaps,599231
882,bike,fixed,decaps,755142
883,bike,fixed,decaps,847365
884,bike,fixed,decaps,860871
885,bike,fixed,decaps,854769
886,bike,fixed,decaps,801389
887,bike,fixed,decaps,705359
888,bike,fixed,decaps,761755
889,bike,fixed,decaps,652010
890,bike,fixed,decaps,591046
891,bike,fixed,decaps,587849
892,bike,fixed,decaps,631091
893,bike,fixed,decaps,607838
894,bike,fixed,decaps,607587
895,bike,fixed,decaps,607828
896,bike,fixed,decaps,606925
897,bike,fixed,decaps,676776
898,bike,fixed,decaps,832106
899,bike,fixed,decaps,779368
900,bike,fixed,decaps,598469
901,bike,fixed,decaps,589633
902,bike,fixed,decaps,607958
903,bike,fixed,decaps,585084
904,bike,fixed,decaps,594752
905,bike,fixed,decaps,586678
906,bike,fixed,decaps,591116
907,bike,fixed,decaps,640839
908,bike,fixed,decaps,812520
909,bike,fixed,decaps,857153
910,bike,fixed,decaps,864688
911,bike,fixed,decaps,688368
912,bike,fixed,decaps,646089
913,bike,fixed,decaps,653022
914,bike,fixed,decaps,589884
915,bike,fixed,decaps,611915
916,bike,fixed,decaps,583301
917,bike,fixed,decaps,606905
918,bike,fixed,decaps,617896
919,bike,fixed,decaps,613999
920,bike,fixed,decaps,616053
921,bike,fixed,decaps,610943
922,bike,fixed,decaps,621142
923,bike,fixed,decaps,586408
924,bike,fixed,decaps,651950
925,bike,fixed,decaps,595645
926,bike,fixed,decaps,625480
927,bike,fixed,decaps,590064
928,bike,fixed,decaps,607707
929,bike,fixed,decaps,590616
930,bike,fixed,decaps,622344
931,bike,fixed,decaps,618818
932,bike,fixed,decaps,605092
933,bike,fixed,decaps,664162
934,bike,fixed,decaps,847336
935,bike,fixed,decaps,849339
936,bike,fixed,decaps,809154
937,bike,fixed,decaps,592018
938,bike,fixed,decaps,619649
939,bike,fixed,decaps,639777
940,bike,fixed,decaps,592488
941,bike,fixed,decaps,610903
942,bike,fixed,decaps,588311
943,bike,fixed,decaps,640749
944,bike,fixed,decaps,596146
945,bike,fixed,decaps,588922
946,bike,fixed,decaps,585305
947,bike,fixed,decaps,631762
948,bike,fixed,decaps,614510
949,bike,fixed,decaps,636932
950,bike,fixed,decaps,583652
951,bike,fixed,decaps,588551
952,bike,fixed,decaps,583492
953,bike,fixed,decaps,581418
954,bike,fixed,decaps,598720
955,bike,fixed,decaps,581738
956,bike,fixed,decaps,604611
957,bike,fixed,decaps,585625
958,bike,fixed,decaps,585425
959,bike,fixed,decaps,618857
960,bike,fixed,decaps,755193
961,bike,fixed,decaps,872532
962,bike,fixed,decaps,846814
963,bike,fixed,decaps,717963
964,bike,fixed,decaps,607407
965,bike,fixed,decaps,593581
966,bike,fixed,decaps,589363
967,bike,fixed,decaps,589293
968,bike,fixed,decaps,590435
969,bike,fixed,decaps,592127
970,bike,fixed,decaps,603038
971,bike,fixed,decaps,586868
972,bike,fixed,decaps,622304
973,bike,fixed,decaps,584814
974,bike,fixed,decaps,582831
975,bike,fixed,decaps,599983
976,bike,fixed,decaps,608579
977,bike,fixed,decaps,680713
978,bike,fixed,decaps,610642
979,bike,fixed,decaps,605853
980,bike,fixed,decaps,641209
981,bike,fixed,decaps,651229
982,bike,fixed,decaps,633565
983,bike,fixed,decaps,593891
984,bike,fixed,decaps,581298
985,bike,fixed,decaps,587359
986,bike,fixed,decaps,811468
987,bike,fixed,decaps,852215
988,bike,fixed,decaps,840953
989,bike,fixed,decaps,822429
990,bike,fixed,decaps,804014
991,bike,fixed,decaps,671667
992,bike,fixed,decaps,582340
993,bike,fixed,decaps,580166
994,bike,fixed,decaps,627725
995,bike,fixed,decaps,598730
996,bike,fixed,decaps,640588
997,bike,fixed,decaps,594463
998,bike,fixed,decaps,592118
999,bike,fixed,decaps,589564
1000,bike,fixed,decaps,593190
1001,bike,fixed,decaps,583191
1002,bike,fixed,decaps,585175
1003,bike,fixed,decaps,670385
1004,bike,fixed,decaps,587529
1005,bike,fixed,decaps,742249
1006,bike,fixed,decaps,640308
1007,bike,fixed,decaps,612456
1008,bike,fixed,decaps,583471
1009,bike,fixed,decaps,586136
1010,bike,fixed,decaps,587349
1011,bike,fixed,decaps,603349
1012,bike,fixed,decaps,805296
1013,bike,fixed,decaps,852425
1014,bike,fixed,decaps,845883
1015,bike,fixed,decaps,772946
1016,bike,fixed,decaps,596616
1017,bike,fixed,decaps,587009
1018,bike,fixed,decaps,582660
1019,bike,fixed,decaps,586497
1020,bike,fixed,decaps,582399
1021,bike,fixed,decaps,593811
1022,bike,fixed,decaps,584935
1023,bike,fixed,decaps,591637
1024,bike,fixed,decaps,590365
1025,bike,fixed,decaps,582991
1026,bike,fixed,decaps,586378
1027,bike,fixed,decaps,614149
1028,bike,fixed,decaps,627744
1029,bike,fixed,decaps,585977
1030,bike,fixed,decaps,586337
1031,bike,fixed,decaps,581247
1032,bike,fixed,decaps,602717
1033,bike,fixed,decaps,591627
1034,bike,fixed,decaps,584393
1035,bike,fixed,decaps,621222
1036,bike,fixed,decaps,647532
1037,bike,fixed,decaps,587189
1038,bike,fixed,decaps,850221
1039,bike,fixed,decaps,825835
1040,bike,fixed,decaps,864798
1041,bike,fixed,decaps,851202
1042,bike,fixed,decaps,843498
1043,bike,fixed,decaps,881049
1044,bike,fixed,decaps,589473
1045,bike,fixed,decaps,599682
1046,bike,fixed,decaps,625180
1047,bike,fixed,decaps,588050
1048,bike,fixed,decaps,593530
1049,bike,fixed,decaps,584463
1050,bike,fixed,decaps,591066
1051,bike,fixed,decaps,586538
1052,bike,fixed,decaps,607597
1053,bike,fixed,decaps,875007
1054,bike,fixed,decaps,923508
1055,bike,fixed,decaps,605312
1056,bike,fixed,decaps,620911
1057,bike,fixed,decaps,593590
1058,bike,fixed,decaps,597508
1059,bike,fixed,decaps,664133
1060,bike,fixed,decaps,592819
1061,bike,fixed,decaps,591657
1062,bike,fixed,decaps,760884
1063,bike,fixed,decaps,660676
1064,bike,fixed,decaps,599672
1065,bike,fixed,decaps,598179
1066,bike,fixed,decaps,642091
1067,bike,fixed,decaps,631201
1068,bike,fixed,decaps,616002
1069,bike,fixed,decaps,617635
1070,bike,fixed,decaps,630108
1071,bike,fixed,decaps,596657
1072,bike,fixed,decaps,597087
1073,bike,fixed,decaps,587749
1074,bike,fixed,decaps,592047
1075,bike,fixed,decaps,624248
1076,bike,fixed,decaps,582790
1077,bike,fixed,decaps,582269
1078,bike,fixed,decaps,591918
1079,bike,fixed,decaps,590535
1080,bike,fixed,decaps,654525
1081,bike,fixed,decaps,594993
1082,bike,fixed,decaps,583492
1083,bike,fixed,decaps,634527
1084,bike,fixed,decaps,580796
1085,bike,fixed,decaps,583071
1086,bike,fixed,decaps,617285
1087,bike,fixed,decaps,597968
1088,bike,fixed,decaps,582119
1089,bike,fixed,decaps,629768
1090,bike,fixed,decaps,760302
1091,bike,fixed,decaps,671556
1092,bike,fixed,decaps,583913
1093,bike,fixed,decaps,582570
1094,bike,fixed,decaps,600964
1095,bike,fixed,decaps,596536
1096,bike,fixed,decaps,594282
1097,bike,fixed,decaps,579113
1098,bike,fixed,decaps,579033
1099,bike,fixed,decaps,578402
1100,bike,fixed,decaps,593992
1101,bike,fixed,decaps,579675
1102,bike,fixed,decaps,582330
1103,bike,fixed,decaps,586287
1104,bike,fixed,decaps,604572
1105,bike,fixed,decaps,583061
1106,bike,fixed,decaps,592999
1107,bike,fixed,decaps,590615
1108,bike,fixed,decaps,602097
1109,bike,fixed,decaps,603960
1110,bike,fixed,decaps,582130
1111,bike,fixed,decaps,588451
1112,bike,fixed,decaps,583592
1113,bike,fixed,decaps,612696
1114,bike,fixed,decaps,583381
1115,bike,fixed,decaps,602627
1116,bike,fixed,decaps,579354
1117,bike,fixed,decaps,612677
1118,bike,fixed,decaps,608899
1119,bike,fixed,decaps,606825
1120,bike,fixed,decaps,586187
1121,bike,fixed,decaps,585225
1122,bike,fixed,decaps,610222
1123,bike,fixed,decaps,584834
1124,bike,fixed,decaps,581308
1125,bike,fixed,decaps,581558
1126,bike,fixed,decaps,617876
1127,bike,fixed,decaps,586628
1128,bike,fixed,decaps,585055
1129,bike,fixed,decaps,579605
1130,bike,fixed,decaps,578443
1131,bike,fixed,decaps,578061
1132,bike,fixed,decaps,586838
1133,bike,fixed,decaps,585245
1134,bike,fixed,decaps,603128
1135,bike,fixed,decaps,629257
1136,bike,fixed,decaps,588641
1137,bike,fixed,decaps,604380
1138,bike,fixed,decaps,583963
1139,bike,fixed,decaps,592829
1140,bike,fixed,decaps,579514
1141,bike,fixed,decaps,579053
1142,bike,fixed,decaps,621582
1143,bike,fixed,decaps,611625
1144,bike,fixed,decaps,588131
1145,bike,fixed,decaps,591316
1146,bike,fixed,decaps,583552
1147,bike,fixed,decaps,600394
1148,bike,fixed,decaps,579765
1149,bike,fixed,decaps,584594
1150,bike,fixed,decaps,596626
1151,bike,fixed,decaps,619820
1152,bike,fixed,decaps,610802
1153,bike,fixed,decaps,610672
1154,bike,fixed,decaps,615041
1155,bike,fixed,decaps,610713
1156,bike,fixed,decaps,620090
1157,bike,fixed,decaps,609590
1158,bike,fixed,decaps,604090
1159,bike,fixed,decaps,608609
1160,bike,fixed,decaps,609401
1161,bike,fixed,decaps,623326
1162,bike,fixed,decaps,630119
1163,bike,fixed,decaps,673721
1164,bike,fixed,decaps,583572
1165,bike,fixed,decaps,579875
1166,bike,fixed,decaps,577791
1167,bike,fixed,decaps,601956
1168,bike,fixed,decaps,640238
1169,bike,fixed,decaps,626552
1170,bike,fixed,decaps,586868
1171,bike,fixed,decaps,636841
1172,bike,fixed,decaps,606735
1173,bike,fixed,decaps,606374
1174,bike,fixed,decaps,622805
1175,bike,fixed,decaps,583612
1176,bike,fixed,decaps,581047
1177,bike,fixed,decaps,632704
1178,bike,fixed,decaps,624709
1179,bike,fixed,decaps,609590
1180,bike,fixed,decaps,606805
1181,bike,fixed,decaps,610663
1182,bike,fixed,decaps,608759
1183,bike,fixed,decaps,615311
1184,bike,fixed,decaps,600724
1185,bike,fixed,decaps,645948
1186,bike,fixed,decaps,589152
1187,bike,fixed,decaps,575928
1188,bike,fixed,decaps,583913
1189,bike,fixed,decaps,615732
1190,bike,fixed,decaps,608659
1191,bike,fixed,decaps,641260
1192,bike,fixed,decaps,682417
1193,bike,fixed,decaps,586487
1194,bike,fixed,decaps,669783
1195,bike,fixed,decaps,577280
1196,bike,fixed,decaps,615442
1197,bike,fixed,decaps,614971
1198,bike,fixed,decaps,586527
1199,bike,fixed,decaps,644596
1200,bike,fixed,decaps,645598
1201,bike,fixed,decaps,583993
1202,bike,fixed,decaps,659735
1203,bike,fixed,decaps,599030
1204,bike,fixed,decaps,648063
1205,bike,fixed,decaps,723083
1206,bike,fixed,decaps,588020
1207,bike,fixed,decaps,577751
1208,bike,fixed,decaps,580095
1209,bike,fixed,decaps,586918
1210,bike,fixed,decaps,647371
1211,bike,fixed,decaps,590164
1212,bike,fixed,decaps,584424
1213,bike,fixed,decaps,579434
1214,bike,fixed,decaps,584303
1215,bike,fixed,decaps,580826
1216,bike,fixed,decaps,613848
1217,bike,fixed,decaps,601826
1218,bike,fixed,decaps,618046
1219,bike,fixed,decaps,622195
1220,bike,fixed,decaps,617195
1221,bike,fixed,decaps,606485
1222,bike,fixed,decaps,589854
1223,bike,fixed,decaps,607487
1224,bike,fixed,decaps,635098
1225,bike,fixed,decaps,644035
1226,bike,fixed,decaps,585856
1227,bike,fixed,decaps,699890
1228,bike,fixed,decaps,830043
1229,bike,fixed,decaps,852194
1230,bike,fixed,decaps,826526
1231,bike,fixed,decaps,613348
1232,bike,fixed,decaps,585155
1233,bike,fixed,decaps,585525
1234,bike,fixed,decaps,630169
1235,bike,fixed,decaps,613207
1236,bike,fixed,decaps,651919
1237,bike,fixed,decaps,601465
1238,bike,fixed,decaps,584143
1239,bike,fixed,decaps,587199
1240,bike,fixed,decaps,585205
1241,bike,fixed,decaps,588300
1242,bike,fixed,decaps,614910
1243,bike,fixed,decaps,586577
1244,bike,fixed,decaps,619198
1245,bike,fixed,decaps,583252
1246,bike,fixed,decaps,582430
1247,bike,fixed,decaps,601636
1248,bike,fixed,decaps,587079
1249,bike,fixed,decaps,585205
1250,bike,fixed,decaps,625089
1251,bike,fixed,decaps,629267
1252,bike,fixed,decaps,591226
1253,bike,fixed,decaps,768227
1254,bike,fixed,decaps,840502
1255,bike,fixed,decaps,854359
1256,bike,fixed,decaps,758269
1257,bike,fixed,decaps,618587
1258,bike,fixed,decaps,633645
1259,bike,fixed,decaps,589743
1260,bike,fixed,decaps,594011
1261,bike,fixed,decaps,598941
1262,bike,fixed,decaps,588050
1263,bike,fixed,decaps,603659
1264,bike,fixed,decaps,588572
1265,bike,fixed,decaps,585516
1266,bike,fixed,decaps,583231
1267,bike,fixed,decaps,618477
1268,bike,fixed,decaps,642833
1269,bike,fixed,decaps,610532
1270,bike,fixed,decaps,585365
1271,bike,fixed,decaps,583181
1272,bike,fixed,decaps,610412
1273,bike,fixed,decaps,587780
1274,bike,fixed,decaps,603580
1275,bike,fixed,decaps,609470
1276,bike,fixed,decaps,626412
1277,bike,fixed,decaps,598801
1278,bike,fixed,decaps,583111
1279,bike,fixed,decaps,701031
1280,bike,fixed,decaps,852936
1281,bike,fixed,decaps,875058
1282,bike,fixed,decaps,725117
1283,bike,fixed,decaps,613217
1284,bike,fixed,decaps,593300
1285,bike,fixed,decaps,592018
1286,bike,fixed,decaps,586367
1287,bike,fixed,decaps,612787
1288,bike,fixed,decaps,592919
1289,bike,fixed,decaps,602979
1290,bike,fixed,decaps,590986
1291,bike,fixed,decaps,615782
1292,bike,fixed,decaps,589553
1293,bike,fixed,decaps,590444
1294,bike,fixed,decaps,616343
1295,bike,fixed,decaps,598850
1296,bike,fixed,decaps,590925
1297,bike,fixed,decaps,589022
1298,bike,fixed,decaps,592308
1299,bike,fixed,decaps,585555
1300,bike,fixed,decaps,645598
1301,bike,fixed,decaps,583592
1302,bike,fixed,decaps,587420
1303,bike,fixed,decaps,630289
1304,bike,fixed,decaps,676356
1305,bike,fixed,decaps,695852
1306,bike,fixed,decaps,765743
1307,bike,fixed,decaps,849199
1308,bike,fixed,decaps,855942
1309,bike,fixed,decaps,666187
1310,bike,fixed,decaps,609741
1311,bike,fixed,decaps,582791
1312,bike,fixed,decaps,590806
1313,bike,fixed,decaps,582850
1314,bike,fixed,decaps,591787
1315,bike,fixed,decaps,624748
1316,bike,fixed,decaps,590014
1317,bike,fixed,decaps,590394
1318,bike,fixed,decaps,608598
1319,bike,fixed,decaps,594152
1320,bike,fixed,decaps,587740
1321,bike,fixed,decaps,611464
1322,bike,fixed,decaps,594382
1323,bike,fixed,decaps,614520
1324,bike,fixed,decaps,644706
1325,bike,fixed,decaps,611885
1326,bike,fixed,decaps,599331
1327,bike,fixed,decaps,748270
1328,bike,fixed,decaps,824262
1329,bike,fixed,decaps,692876
1330,bike,fixed,decaps,593450
1331,bike,fixed,decaps,672508
1332,bike,fixed,decaps,836135
1333,bike,fixed,decaps,861683
1334,bike,fixed,decaps,785380
1335,bike,fixed,decaps,613337
1336,bike,fixed,decaps,590705
1337,bike,fixed,decaps,627063
1338,bike,fixed,decaps,608810
1339,bike,fixed,decaps,597067
1340,bike,fixed,decaps,597247
1341,bike,fixed,decaps,597308
1342,bike,fixed,decaps,586066
1343,bike,fixed,decaps,586498
1344,bike,fixed,decaps,584794
1345,bike,fixed,decaps,582640
1346,bike,fixed,decaps,581649
1347,bike,fixed,decaps,591567
1348,bike,fixed,decaps,587740
1349,bike,fixed,decaps,583182
1350,bike,fixed,decaps,586708
1351,bike,fixed,decaps,589393
1352,bike,fixed,decaps,596216
1353,bike,fixed,decaps,603590
1354,bike,fixed,decaps,621523
1355,bike,fixed,decaps,712433
1356,bike,fixed,decaps,664664
1357,bike,fixed,decaps,621753
1358,bike,fixed,decaps,787744
1359,bike,fixed,decaps,861893
1360,bike,fixed,decaps,851243
1361,bike,fixed,decaps,696002
1362,bike,fixed,decaps,615582
1363,bike,fixed,decaps,592448
1364,bike,fixed,decaps,592479
1365,bike,fixed,decaps,589473
1366,bike,fixed,decaps,590605
1367,bike,fixed,decaps,603299
1368,bike,fixed,decaps,596466
1369,bike,fixed,decaps,588381
1370,bike,fixed,decaps,599612
1371,bike,fixed,decaps,606906
1372,bike,fixed,decaps,594092
1373,bike,fixed,decaps,630138
1374,bike,fixed,decaps,588191
1375,bike,fixed,decaps,591728
1376,bike,fixed,decaps,584834
1377,bike,fixed,decaps,583321
1378,bike,fixed,decaps,611505
1379,bike,fixed,decaps,587850
1380,bike,fixed,decaps,611224
1381,bike,fixed,decaps,592408
1382,bike,fixed,decaps,649536
1383,bike,fixed,decaps,588541
1384,bike,fixed,decaps,659123
1385,bike,fixed,decaps,811959
1386,bike,fixed,decaps,863385
1387,bike,fixed,decaps,838930
1388,bike,fixed,decaps,802371
1389,bike,fixed,decaps,584393
1390,bike,fixed,decaps,583411
1391,bike,fixed,decaps,581918
1392,bike,fixed,decaps,578873
1393,bike,fixed,decaps,588301
1394,bike,fixed,decaps,610012
1395,bike,fixed,decaps,607978
1396,bike,fixed,decaps,600093
1397,bike,fixed,decaps,583242
1398,bike,fixed,decaps,586498
1399,bike,fixed,decaps,591427
1400,bike,fixed,decaps,587089
1401,bike,fixed,decaps,588671
1402,bike,fixed,decaps,583201
1403,bike,fixed,decaps,583272
1404,bike,fixed,decaps,588070
1405,bike,fixed,decaps,618036
1406,bike,fixed,decaps,595094
1407,bike,fixed,decaps,593650
1408,bike,fixed,decaps,589343
1409,bike,fixed,decaps,678660
1410,bike,fixed,decaps,873815
1411,bike,fixed,decaps,789897
1412,bike,fixed,decaps,819914
1413,bike,fixed,decaps,812450
1414,bike,fixed,decaps,860550
1415,bike,fixed,decaps,856723
1416,bike,fixed,decaps,817309
1417,bike,fixed,decaps,870329
1418,bike,fixed,decaps,890626
1419,bike,fixed,decaps,716120
1420,bike,fixed,decaps,620601
1421,bike,fixed,decaps,608137
1422,bike,fixed,decaps,598670
1423,bike,fixed,decaps,605452
1424,bike,fixed,decaps,665375
1425,bike,fixed,decaps,619359
1426,bike,fixed,decaps,805587
1427,bike,fixed,decaps,714066
1428,bike,fixed,decaps,612236
1429,bike,fixed,decaps,588652
1430,bike,fixed,decaps,582279
1431,bike,fixed,decaps,591106
1432,bike,fixed,decaps,585947
1433,bike,fixed,decaps,666667
1434,bike,fixed,decaps,720588
1435,bike,fixed,decaps,642091
1436,bike,fixed,decaps,600975
1437,bike,fixed,decaps,590244
1438,bike,fixed,decaps,610472
1439,bike,fixed,decaps,588892
1440,bike,fixed,decaps,586537
1441,bike,fixed,decaps,588672
1442,bike,fixed,decaps,587730
1443,bike,fixed,decaps,586548
1444,bike,fixed,decaps,603670
1445,bike,fixed,decaps,593671
1446,bike,fixed,decaps,595013
1447,bike,fixed,decaps,593490
1448,bike,fixed,decaps,589964
1449,bike,fixed,decaps,589293
1450,bike,fixed,decaps,670074
1451,bike,fixed,decaps,594913
1452,bike,fixed,decaps,586818
1453,bike,fixed,decaps,739704
1454,bike,fixed,decaps,585736
1455,bike,fixed,decaps,613908
1456,bike,fixed,decaps,615682
1457,bike,fixed,decaps,592108
1458,bike,fixed,decaps,625871
1459,bike,fixed,decaps,714587
1460,bike,fixed,decaps,723213
1461,bike,fixed,decaps,590676
1462,bike,fixed,decaps,606896
1463,bike,fixed,decaps,586969
1464,bike,fixed,decaps,584554
1465,bike,fixed,decaps,581598
1466,bike,fixed,decaps,595153
1467,bike,fixed,decaps,637983
1468,bike,fixed,decaps,612566
1469,bike,fixed,decaps,587329
1470,bike,fixed,decaps,607527
1471,bike,fixed,decaps,603700
1472,bike,fixed,decaps,584844
1473,bike,fixed,decaps,590525
1474,bike,fixed,decaps,597498
1475,bike,fixed,decaps,594943
1476,bike,fixed,decaps,632464
1477,bike,fixed,decaps,612265
1478,bike,fixed,decaps,754281
1479,bike,fixed,decaps,623947
1480,bike,fixed,decaps,593090
1481,bike,fixed,decaps,614180
1482,bike,fixed,decaps,611113
1483,bike,fixed,decaps,586337
1484,bike,fixed,decaps,652141
1485,bike,fixed,decaps,696293
1486,bike,fixed,decaps,609210
1487,bike,fixed,decaps,608399
1488,bike,fixed,decaps,747489
1489,bike,fixed,decaps,590355
1490,bike,fixed,decaps,606465
1491,bike,fixed,decaps,631712
1492,bike,fixed,decaps,610583
1493,bike,fixed,decaps,589273
1494,bike,fixed,decaps,588792
1495,bike,fixed,decaps,609601
1496,bike,fixed,decaps,590014
1497,bike,fixed,decaps,592839
1498,bike,fixed,decaps,597228
1499,bike,fixed,decaps,592118
1500,bike,fixed,decaps,586367
1501,bike,fixed,decaps,719927
1502,bike,fixed,decaps,597628
1503,bike,fixed,decaps,598280
1504,bike,fixed,decaps,589012
1505,bike,fixed,decaps,633214
1506,bike,fixed,decaps,668130
1507,bike,fixed,decaps,585245
1508,bike,fixed,decaps,649224
1509,bike,fixed,decaps,607997
1510,bike,fixed,decaps,589413
1511,bike,fixed,decaps,605713
1512,bike,fixed,decaps,701081
1513,bike,fixed,decaps,595263
1514,bike,fixed,decaps,701442
1515,bike,fixed,decaps,596627
1516,bike,fixed,decaps,604161
1517,bike,fixed,decaps,587289
1518,bike,fixed,decaps,582239
1519,bike,fixed,decaps,582139
1520,bike,fixed,decaps,625881
1521,bike,fixed,decaps,611294
1522,bike,fixed,decaps,739925
1523,bike,fixed,decaps,591677
1524,bike,fixed,decaps,604481
1525,bike,fixed,decaps,627804
1526,bike,fixed,decaps,592018
1527,bike,fixed,decaps,582530
1528,bike,fixed,decaps,582219
1529,bike,fixed,decaps,582651
1530,bike,fixed,decaps,601185
1531,bike,fixed,decaps,648935
1532,bike,fixed,decaps,593851
1533,bike,fixed,decaps,592609
1534,bike,fixed,decaps,656479
1535,bike,fixed,decaps,677618
1536,bike,fixed,decaps,611845
1537,bike,fixed,decaps,588261
1538,bike,fixed,decaps,588050
1539,bike,fixed,decaps,700120
1540,bike,fixed,decaps,647762
1541,bike,fixed,decaps,675244
1542,bike,fixed,decaps,592108
1543,bike,fixed,decaps,581879
1544,bike,fixed,decaps,625390
1545,bike,fixed,decaps,579123
1546,bike,fixed,decaps,598910
1547,bike,fixed,decaps,612085
1548,bike,fixed,decaps,631903
1549,bike,fixed,decaps,665916
1550,bike,fixed,decaps,590094
1551,bike,fixed,decaps,588601
1552,bike,fixed,decaps,594081
1553,bike,fixed,decaps,582850
1554,bike,fixed,decaps,586046
1555,bike,fixed,decaps,583101
1556,bike,fixed,decaps,584794
1557,bike,fixed,decaps,583222
1558,bike,fixed,decaps,588070
1559,bike,fixed,decaps,661438
1560,bike,fixed,decaps,583952
1561,bike,fixed,decaps,588351
1562,bike,fixed,decaps,596897
1563,bike,fixed,decaps,591818
1564,bike,fixed,decaps,586367
1565,bike,fixed,decaps,587549
1566,bike,fixed,decaps,659204
1567,bike,fixed,decaps,701913
1568,bike,fixed,decaps,675214
1569,bike,fixed,decaps,591246
1570,bike,fixed,decaps,602247
1571,bike,fixed,decaps,579795
1572,bike,fixed,decaps,583011
1573,bike,fixed,decaps,579835
1574,bike,fixed,decaps,596215
1575,bike,fixed,decaps,607436
1576,bike,fixed,decaps,589703
1577,bike,fixed,decaps,612687
1578,bike,fixed,decaps,579905
1579,bike,fixed,decaps,579645
1580,bike,fixed,decaps,606305
1581,bike,fixed,decaps,588952
1582,bike,fixed,decaps,611273
1583,bike,fixed,decaps,611394
1584,bike,fixed,decaps,590655
1585,bike,fixed,decaps,624649
1586,bike,fixed,decaps,590094
1587,bike,fixed,decaps,649776
1588,bike,fixed,decaps,601646
1589,bike,fixed,decaps,585456
1590,bike,fixed,decaps,661688
1591,bike,fixed,decaps,587680
1592,bike,fixed,decaps,656338
1593,bike,fixed,decaps,613328
1594,bike,fixed,decaps,596667
1595,bike,fixed,decaps,585826
1596,bike,fixed,decaps,605873
1597,bike,fixed,decaps,587990
1598,bike,fixed,decaps,582811
1599,bike,fixed,decaps,586447
1600,bike,fixed,decaps,611764
1601,bike,fixed,decaps,591196
1602,bike,fixed,decaps,750874
1603,bike,fixed,decaps,609000
1604,bike,fixed,decaps,600323
1605,bike,fixed,decaps,606675
1606,bike,fixed,decaps,605674
1607,bike,fixed,decaps,607286
1608,bike,fixed,decaps,588591
1609,bike,fixed,decaps,750494
1610,bike,fixed,decaps,716070
1611,bike,fixed,decaps,683188
1612,bike,fixed,decaps,627514
1613,bike,fixed,decaps,613588
1614,bike,fixed,decaps,609450
1615,bike,fixed,decaps,583271
1616,bike,fixed,decaps,588662
1617,bike,fixed,decaps,617936
1618,bike,fixed,decaps,587740
1619,bike,fixed,decaps,584464
1620,bike,fixed,decaps,590345
1621,bike,fixed,decaps,628947
1622,bike,fixed,decaps,585435
1623,bike,fixed,decaps,595764
1624,bike,fixed,decaps,582951
1625,bike,fixed,decaps,611955
1626,bike,fixed,decaps,591536
1627,bike,fixed,decaps,614169
1628,bike,fixed,decaps,597508
1629,bike,fixed,decaps,579545
1630,bike,fixed,decaps,581137
1631,bike,fixed,decaps,583892
1632,bike,fixed,decaps,578612
1633,bike,fixed,decaps,582800
1634,bike,fixed,decaps,612937
1635,bike,fixed,decaps,589292
1636,bike,fixed,decaps,585365
1637,bike,fixed,decaps,592989
1638,bike,fixed,decaps,594131
1639,bike,fixed,decaps,582189
1640,bike,fixed,decaps,591526
1641,bike,fixed,decaps,624759
1642,bike,fixed,decaps,583872
1643,bike,fixed,decaps,640819
1644,bike,fixed,decaps,623957
1645,bike,fixed,decaps,648373
1646,bike,fixed,decaps,596225
1647,bike,fixed,decaps,595504
1648,bike,fixed,decaps,611945
1649,bike,fixed,decaps,645478
1650,bike,fixed,decaps,584073
1651,bike,fixed,decaps,665425
1652,bike,fixed,decaps,654845
1653,bike,fixed,decaps,583752
1654,bike,fixed,decaps,588741
1655,bike,fixed,decaps,582940
1656,bike,fixed,decaps,610442
1657,bike,fixed,decaps,585325
1658,bike,fixed,decaps,583762
1659,bike,fixed,decaps,585335
1660,bike,fixed,decaps,626633
1661,bike,fixed,decaps,604692
1662,bike,fixed,decaps,634517
1663,bike,fixed,decaps,620891
1664,bike,fixed,decaps,585746
1665,bike,fixed,decaps,582810
1666,bike,fixed,decaps,583121
1667,bike,fixed,decaps,668230
1668,bike,fixed,decaps,608969
1669,bike,fixed,decaps,635890
1670,bike,fixed,decaps,630029
1671,bike,fixed,decaps,586227
1672,bike,fixed,decaps,619389
1673,bike,fixed,decaps,579234
1674,bike,fixed,decaps,585726
1675,bike,fixed,decaps,610853
1676,bike,fixed,decaps,749703
1677,bike,fixed,decaps,661507
1678,bike,fixed,decaps,659634
1679,bike,fixed,decaps,661187
1680,bike,fixed,decaps,603169
1681,bike,fixed,decaps,586167
1682,bike,fixed,decaps,582590
1683,bike,fixed,decaps,608018
1684,bike,fixed,decaps,599722
1685,bike,fixed,decaps,585756
1686,bike,fixed,decaps,642703
1687,bike,fixed,decaps,589583
1688,bike,fixed,decaps,584324
1689,bike,fixed,decaps,596937
1690,bike,fixed,decaps,587991
1691,bike,fixed,decaps,599953
1692,bike,fixed,decaps,636131
1693,bike,fixed,decaps,585235
1694,bike,fixed,decaps,607918
1695,bike,fixed,decaps,787413
1696,bike,fixed,decaps,934879
1697,bike,fixed,decaps,846033
1698,bike,fixed,decaps,651008
1699,bike,fixed,decaps,612957
1700,bike,fixed,decaps,670033
1701,bike,fixed,decaps,590315
1702,bike,fixed,decaps,590465
1703,bike,fixed,decaps,620752
1704,bike,fixed,decaps,614630
1705,bike,fixed,decaps,589493
1706,bike,fixed,decaps,586598
1707,bike,fixed,decaps,674292
1708,bike,fixed,decaps,614620
1709,bike,fixed,decaps,615631
1710,bike,fixed,decaps,593100
1711,bike,fixed,decaps,626683
1712,bike,fixed,decaps,593992
1713,bike,fixed,decaps,628747
1714,bike,fixed,decaps,629828
1715,bike,fixed,decaps,596295
1716,bike,fixed,decaps,627694
1717,bike,fixed,decaps,591327
1718,bike,fixed,decaps,588922
1719,bike,fixed,decaps,590174
1720,bike,fixed,decaps,607837
1721,bike,fixed,decaps,650507
1722,bike,fixed,decaps,592228
1723,bike,fixed,decaps,746046
1724,bike,fixed,decaps,612206
1725,bike,fixed,decaps,615100
1726,bike,fixed,decaps,589653
1727,bike,fixed,decaps,584293
1728,bike,fixed,decaps,591778
1729,bike,fixed,decaps,601596
1730,bike,fixed,decaps,741898
1731,bike,fixed,decaps,616303
1732,bike,fixed,decaps,649265
1733,bike,fixed,decaps,608058
1734,bike,fixed,decaps,587860
1735,bike,fixed,decaps,583101
1736,bike,fixed,decaps,604611
1737,bike,fixed,decaps,584603
1738,bike,fixed,decaps,751586
1739,bike,fixed,decaps,590775
1740,bike,fixed,decaps,583662
1741,bike,fixed,decaps,711581
1742,bike,fixed,decaps,592288
1743,bike,fixed,decaps,606164
1744,bike,fixed,decaps,607086
1745,bike,fixed,decaps,598049
1746,bike,fixed,decaps,611384
1747,bike,fixed,decaps,627714
1748,bike,fixed,decaps,730827
1749,bike,fixed,decaps,747328
1750,bike,fixed,decaps,674803
1751,bike,fixed,decaps,592820
1752,bike,fixed,decaps,618037
1753,bike,fixed,decaps,622405
1754,bike,fixed,decaps,602387
1755,bike,fixed,decaps,592158
1756,bike,fixed,decaps,769009
1757,bike,fixed,decaps,650717
1758,bike,fixed,decaps,687045
1759,bike,fixed,decaps,770301
1760,bike,fixed,decaps,598950
1761,bike,fixed,decaps,582710
1762,bike,fixed,decaps,619138
1763,bike,fixed,decaps,741256
1764,bike,fixed,decaps,625340
1765,bike,fixed,decaps,624399
1766,bike,fixed,decaps,690812
1767,bike,fixed,decaps,617165
1768,bike,fixed,decaps,700210
1769,bike,fixed,decaps,656669
1770,bike,fixed,decaps,594823
1771,bike,fixed,decaps,601395
1772,bike,fixed,decaps,646469
1773,bike,fixed,decaps,600083
1774,bike,fixed,decaps,631912
1775,bike,fixed,decaps,606504
1776,bike,fixed,decaps,601705
1777,bike,fixed,decaps,604912
1778,bike,fixed,decaps,601295
1779,bike,fixed,decaps,588802
1780,bike,fixed,decaps,627855
1781,bike,fixed,decaps,719877
1782,bike,fixed,decaps,775812
1783,bike,fixed,decaps,656980
1784,bike,fixed,decaps,652511
1785,bike,fixed,decaps,738712
1786,bike,fixed,decaps,796099
1787,bike,fixed,decaps,853777
1788,bike,fixed,decaps,597368
1789,bike,fixed,decaps,666276
1790,bike,fixed,decaps,791922
1791,bike,fixed,decaps,656539
1792,bike,fixed,decaps,665355
1793,bike,fixed,decaps,743080
1794,bike,fixed,decaps,902419
1795,bike,fixed,decaps,735456
1796,bike,fixed,decaps,701132
1797,bike,fixed,decaps,715288
1798,bike,fixed,decaps,640128
1799,bike,fixed,decaps,672228
1800,bike,fixed,decaps,638695
1801,bike,fixed,decaps,619599
1802,bike,fixed,decaps,612907
1803,bike,fixed,decaps,616434
1804,bike,fixed,decaps,623156
1805,bike,fixed,decaps,668701
1806,bike,fixed,decaps,882211
1807,bike,fixed,decaps,900414
1808,bike,fixed,decaps,647532
1809,bike,fixed,decaps,607606
1810,bike,fixed,decaps,665615
1811,bike,fixed,decaps,706803
1812,bike,fixed,decaps,640168
1813,bike,fixed,decaps,788706
1814,bike,fixed,decaps,638254
1815,bike,fixed,decaps,596576
1816,bike,fixed,decaps,615642
1817,bike,fixed,decaps,697485
1818,bike,fixed,decaps,657671
1819,bike,fixed,decaps,602798
1820,bike,fixed,decaps,668761
1821,bike,fixed,decaps,827378
1822,bike,fixed,decaps,709197
1823,bike,fixed,decaps,759541
1824,bike,fixed,decaps,653713
1825,bike,fixed,decaps,608358
1826,bike,fixed,decaps,738371
1827,bike,fixed,decaps,652120
1828,bike,fixed,decaps,682016
1829,bike,fixed,decaps,679621
1830,bike,fixed,decaps,637623
1831,bike,fixed,decaps,679922
1832,bike,fixed,decaps,650487
1833,bike,fixed,decaps,720759
1834,bike,fixed,decaps,616123
1835,bike,fixed,decaps,594232
1836,bike,fixed,decaps,744743
1837,bike,fixed,decaps,603920
1838,bike,fixed,decaps,597618
1839,bike,fixed,decaps,657891
1840,bike,fixed,decaps,743121
1841,bike,fixed,decaps,629819
1842,bike,fixed,decaps,633285
1843,bike,fixed,decaps,721149
1844,bike,fixed,decaps,709016
1845,bike,fixed,decaps,717692
1846,bike,fixed,decaps,725287
1847,bike,fixed,decaps,626251
1848,bike,fixed,decaps,634627
1849,bike,fixed,decaps,679962
1850,bike,fixed,decaps,734424
1851,bike,fixed,decaps,733613
1852,bike,fixed,decaps,693738
1853,bike,fixed,decaps,592629
1854,bike,fixed,decaps,596546
1855,bike,fixed,decaps,697304
1856,bike,fixed,decaps,613898
1857,bike,fixed,decaps,641390
1858,bike,fixed,decaps,692035
1859,bike,fixed,decaps,620351
1860,bike,fixed,decaps,601406
1861,bike,fixed,decaps,635489
1862,bike,fixed,decaps,682307
1863,bike,fixed,decaps,670665
1864,bike,fixed,decaps,626261
1865,bike,fixed,decaps,687997
1866,bike,fixed,decaps,761886
1867,bike,fixed,decaps,649926
1868,bike,fixed,decaps,620070
1869,bike,fixed,decaps,671466
1870,bike,fixed,decaps,593701
1871,bike,fixed,decaps,733122
1872,bike,fixed,decaps,705610
1873,bike,fixed,decaps,676706
1874,bike,fixed,decaps,599722
1875,bike,fixed,decaps,716170
1876,bike,fixed,decaps,679461
1877,bike,fixed,decaps,671978
1878,bike,fixed,decaps,596386
1879,bike,fixed,decaps,594643
1880,bike,fixed,decaps,764020
1881,bike,fixed,decaps,827498
1882,bike,fixed,decaps,659654
1883,bike,fixed,decaps,634537
1884,bike,fixed,decaps,606134
1885,bike,fixed,decaps,734884
1886,bike,fixed,decaps,600944
1887,bike,fixed,decaps,595454
1888,bike,fixed,decaps,592479
1889,bike,fixed,decaps,602818
1890,bike,fixed,decaps,630139
1891,bike,fixed,decaps,737219
1892,bike,fixed,decaps,721360
1893,bike,fixed,decaps,657590
1894,bike,fixed,decaps,637593
1895,bike,fixed,decaps,642021
1896,bike,fixed,decaps,623156
1897,bike,fixed,decaps,598249
1898,bike,fixed,decaps,799125
1899,bike,fixed,decaps,713004
1900,bike,fixed,decaps,687576
1901,bike,fixed,decaps,795168
1902,bike,fixed,decaps,739444
1903,bike,fixed,decaps,785460
1904,bike,fixed,decaps,692285
1905,bike,fixed,decaps,681035
1906,bike,fixed,decaps,603209
1907,bike,fixed,decaps,654545
1908,bike,fixed,decaps,626051
1909,bike,fixed,decaps,602107
1910,bike,fixed,decaps,636371
1911,bike,fixed,decaps,630009
1912,bike,fixed,decaps,812761
1913,bike,fixed,decaps,606565
1914,bike,fixed,decaps,631451
1915,bike,fixed,decaps,773768
1916,bike,fixed,decaps,623086
1917,bike,fixed,decaps,757357
1918,bike,fixed,decaps,603720
1919,bike,fixed,decaps,636040
1920,bike,fixed,decaps,620822
1921,bike,fixed,decaps,609300
1922,bike,fixed,decaps,619669
1923,bike,fixed,decaps,836225
1924,bike,fixed,decaps,810827
1925,bike,fixed,decaps,635308
1926,bike,fixed,decaps,604812
1927,bike,fixed,decaps,597298
1928,bike,fixed,decaps,657230
1929,bike,fixed,decaps,620190
1930,bike,fixed,decaps,651599
1931,bike,fixed,decaps,606965
1932,bike,fixed,decaps,680183
1933,bike,fixed,decaps,590505
1934,bike,fixed,decaps,683630
1935,bike,fixed,decaps,654815
1936,bike,fixed,decaps,609811
1937,bike,fixed,decaps,601004
1938,bike,fixed,decaps,609972
1939,bike,fixed,decaps,649145
1940,bike,fixed,decaps,613007
1941,bike,fixed,decaps,658732
1942,bike,fixed,decaps,615311
1943,bike,fixed,decaps,837657
1944,bike,fixed,decaps,655988
1945,bike,fixed,decaps,627434
1946,bike,fixed,decaps,668531
1947,bike,fixed,decaps,605523
1948,bike,fixed,decaps,605503
1949,bike,fixed,decaps,668130
1950,bike,fixed,decaps,617445
1951,bike,fixed,decaps,642933
1952,bike,fixed,decaps,657360
1953,bike,fixed,decaps,635328
1954,bike,fixed,decaps,740195
1955,bike,fixed,decaps,789347
1956,bike,fixed,decaps,727631
1957,bike,fixed,decaps,722081
1958,bike,fixed,decaps,591086
1959,bike,fixed,decaps,592238
1960,bike,fixed,decaps,644115
1961,bike,fixed,decaps,879476
1962,bike,fixed,decaps,638295
1963,bike,fixed,decaps,687036
1964,bike,fixed,decaps,875337
1965,bike,fixed,decaps,655787
1966,bike,fixed,decaps,813342
1967,bike,fixed,decaps,606104
1968,bike,fixed,decaps,645718
1969,bike,fixed,decaps,706141
1970,bike,fixed,decaps,681996
1971,bike,fixed,decaps,620110
1972,bike,fixed,decaps,719115
1973,bike,fixed,decaps,649355
1974,bike,fixed,decaps,675524
1975,bike,fixed,decaps,662990
1976,bike,fixed,decaps,613899
1977,bike,fixed,decaps,599241
1978,bike,fixed,decaps,616273
1979,bike,fixed,decaps,610241
1980,bike,fixed,decaps,746787
1981,bike,fixed,decaps,667739
1982,bike,fixed,decaps,647081
1983,bike,fixed,decaps,618498
1984,bike,fixed,decaps,680523
1985,bike,fixed,decaps,715528
1986,bike,fixed,decaps,816709
1987,bike,fixed,decaps,711171
1988,bike,fixed,decaps,604270
1989,bike,fixed,decaps,745555
1990,bike,fixed,decaps,662059
1991,bike,fixed,decaps,668571
1992,bike,fixed,decaps,657630
1993,bike,fixed,decaps,636310
1994,bike,fixed,decaps,637283
1995,bike,fixed,decaps,641270
1996,bike,fixed,decaps,670624
1997,bike,fixed,decaps,617886
1998,bike,fixed,decaps,657110
1999,bike,fixed,decaps,734183
2000,bike,fixed,decaps,715108
2001,bike,fixed,decaps,620531
2002,bike,fixed,decaps,861221
2003,bike,fixed,decaps,820334
2004,bike,fixed,decaps,694018
2005,bike,fixed,decaps,616313
2006,bike,fixed,decaps,687737
2007,bike,fixed,decaps,614379
2008,bike,fixed,decaps,636321
2009,bike,fixed,decaps,684431
2010,bike,fixed,decaps,631471
2011,bike,fixed,decaps,619850
2012,bike,fixed,decaps,613107
2013,bike,fixed,decaps,656569
2014,bike,fixed,decaps,622615
2015,bike,fixed,decaps,621563
2016,bike,fixed,decaps,733021
2017,bike,fixed,decaps,701773
2018,bike,fixed,decaps,658231
2019,bike,fixed,decaps,648063
2020,bike,fixed,decaps,666988
2021,bike,fixed,decaps,737600
2022,bike,fixed,decaps,662440
2023,bike,fixed,decaps,598590
2024,bike,fixed,decaps,752729
2025,bike,fixed,decaps,676346
2026,bike,fixed,decaps,611434
2027,bike,fixed,decaps,704468
2028,bike,fixed,decaps,604321
2029,bike,fixed,decaps,665656
2030,bike,fixed,decaps,635829
2031,bike,fixed,decaps,647000
2032,bike,fixed,decaps,740826
2033,bike,fixed,decaps,788836
2034,bike,fixed,decaps,655327
2035,bike,fixed,decaps,633465
2036,bike,fixed,decaps,603910
2037,bike,fixed,decaps,647992
2038,bike,fixed,decaps,639266
2039,bike,fixed,decaps,656267
2040,bike,fixed,decaps,792834
2041,bike,fixed,decaps,602187
2042,bike,fixed,decaps,760062
2043,bike,fixed,decaps,625129
2044,bike,fixed,decaps,647812
2045,bike,fixed,decaps,598460
2046,bike,fixed,decaps,728884
2047,bike,fixed,decaps,684030
2048,bike,fixed,decaps,614911
2049,bike,fixed,decaps,662529
2050,bike,fixed,decaps,889304
2051,bike,fixed,decaps,783345
2052,bike,fixed,decaps,893281
2053,bike,fixed,decaps,620991
2054,bike,fixed,decaps,636210
2055,bike,fixed,decaps,667379
2056,bike,fixed,decaps,805036
2057,bike,fixed,decaps,603629
2058,bike,fixed,decaps,617305
2059,bike,fixed,decaps,898782
2060,bike,fixed,decaps,617957
2061,bike,fixed,decaps,663692
2062,bike,fixed,decaps,653533
2063,bike,fixed,decaps,600854
2064,bike,fixed,decaps,622124
2065,bike,fixed,decaps,649715
2066,bike,fixed,decaps,640278
2067,bike,fixed,decaps,611585
2068,bike,fixed,decaps,605433
2069,bike,fixed,decaps,907228
2070,bike,fixed,decaps,777856
2071,bike,fixed,decaps,709057
2072,bike,fixed,decaps,656458
2073,bike,fixed,decaps,956189
2074,bike,fixed,decaps,619970
2075,bike,fixed,decaps,833730
2076,bike,fixed,decaps,602628
2077,bike,fixed,decaps,598570
2078,bike,fixed,decaps,770081
2079,bike,fixed,decaps,700200
2080,bike,fixed,decaps,723304
2081,bike,fixed,decaps,619008
2082,bike,fixed,decaps,648904
2083,bike,fixed,decaps,625230
2084,bike,fixed,decaps,599772
2085,bike,fixed,decaps,650166
2086,bike,fixed,decaps,663271
2087,bike,fixed,decaps,597438
2088,bike,fixed,decaps,615892
2089,bike,fixed,decaps,656828
2090,bike,fixed,decaps,661027
2091,bike,fixed,decaps,595935
2092,bike,fixed,decaps,641570
2093,bike,fixed,decaps,679121
2094,bike,fixed,decaps,602918
2095,bike,fixed,decaps,707203
2096,bike,fixed,decaps,833500
2097,bike,fixed,decaps,643874
2098,bike,fixed,decaps,649164
2099,bike,fixed,decaps,626512
2100,bike,fixed,decaps,617576
2101,bike,fixed,decaps,600173
2102,bike,fixed,decaps,605163
2103,bike,fixed,decaps,676786
2104,bike,fixed,decaps,811318
2105,bike,fixed,decaps,605503
2106,bike,fixed,decaps,630049
2107,bike,fixed,decaps,729736
2108,bike,fixed,decaps,766273
2109,bike,fixed,decaps,604090
2110,bike,fixed,decaps,598530
2111,bike,fixed,decaps,671276
2112,bike,fixed,decaps,637723
2113,bike,fixed,decaps,622896
2114,bike,fixed,decaps,611895
2115,bike,fixed,decaps,606134
2116,bike,fixed,decaps,718124
2117,bike,fixed,decaps,612516
2118,bike,fixed,decaps,616404
2119,bike,fixed,decaps,720097
2120,bike,fixed,decaps,694740
2121,bike,fixed,decaps,610141
2122,bike,fixed,decaps,636491
2123,bike,fixed,decaps,673089
2124,bike,fixed,decaps,703787
2125,bike,fixed,decaps,642572
2126,bike,fixed,decaps,670765
2127,bike,fixed,decaps,750233
2128,bike,fixed,decaps,769660
2129,bike,fixed,decaps,642532
2130,bike,fixed,decaps,783746
2131,bike,fixed,decaps,659184
2132,bike,fixed,decaps,619930
2133,bike,fixed,decaps,616964
2134,bike,fixed,decaps,596105
2135,bike,fixed,decaps,724796
2136,bike,fixed,decaps,855370
2137,bike,fixed,decaps,628235
2138,bike,fixed,decaps,775250
2139,bike,fixed,decaps,616874
2140,bike,fixed,decaps,634006
2141,bike,fixed,decaps,661588
2142,bike,fixed,decaps,712243
2143,bike,fixed,decaps,882532
2144,bike,fixed,decaps,649495
2145,bike,fixed,decaps,684561
2146,bike,fixed,decaps,609250
2147,bike,fixed,decaps,611744
2148,bike,fixed,decaps,641871
2149,bike,fixed,decaps,629148
2150,bike,fixed,decaps,618648
2151,bike,fixed,decaps,605944
2152,bike,fixed,decaps,630169
2153,bike,fixed,decaps,792433
2154,bike,fixed,decaps,612256
2155,bike,fixed,decaps,631401
2156,bike,fixed,decaps,692415
2157,bike,fixed,decaps,613157
2158,bike,fixed,decaps,618216
2159,bike,fixed,decaps,615071
2160,bike,fixed,decaps,626633
2161,bike,fixed,decaps,822028
2162,bike,fixed,decaps,790509
2163,bike,fixed,decaps,714907
2164,bike,fixed,decaps,617605
2165,bike,fixed,decaps,615591
2166,bike,fixed,decaps,692235
2167,bike,fixed,decaps,669733
2168,bike,fixed,decaps,674772
2169,bike,fixed,decaps,635619
2170,bike,fixed,decaps,653322
2171,bike,fixed,decaps,591497
2172,bike,fixed,decaps,604952
2173,bike,fixed,decaps,655386
2174,bike,fixed,decaps,670906
2175,bike,fixed,decaps,830734
2176,bike,fixed,decaps,659093
2177,bike,fixed,decaps,783115
2178,bike,fixed,decaps,654555
2179,bike,fixed,decaps,623737
2180,bike,fixed,decaps,715528
2181,bike,fixed,decaps,800007
2182,bike,fixed,decaps,908179
2183,bike,fixed,decaps,607196
2184,bike,fixed,decaps,818060
2185,bike,fixed,decaps,614259
2186,bike,fixed,decaps,605192
2187,bike,fixed,decaps,750204
2188,bike,fixed,decaps,614740
2189,bike,fixed,decaps,677418
2190,bike,fixed,decaps,802592
2191,bike,fixed,decaps,663030
2192,bike,fixed,decaps,642592
2193,bike,fixed,decaps,718515
2194,bike,fixed,decaps,739143
2195,bike,fixed,decaps,748891
2196,bike,fixed,decaps,634357
2197,bike,fixed,decaps,663041
2198,bike,fixed,decaps,804766
2199,bike,fixed,decaps,815186
2200,bike,fixed,decaps,630460
2201,bike,fixed,decaps,741196
2202,bike,fixed,decaps,679902
2203,bike,fixed,decaps,749031
2204,bike,fixed,decaps,628626
2205,bike,fixed,decaps,628235
2206,bike,fixed,decaps,629337
2207,bike,fixed,decaps,603890
2208,bike,fixed,decaps,641520
2209,bike,fixed,decaps,618548
2210,bike,fixed,decaps,604381
2211,bike,fixed,decaps,622615
2212,bike,fixed,decaps,636441
2213,bike,fixed,decaps,691263
2214,bike,fixed,decaps,630209
2215,bike,fixed,decaps,722091
2216,bike,fixed,decaps,641540
2217,bike,fixed,decaps,605122
2218,bike,fixed,decaps,699970
2219,bike,fixed,decaps,631441
2220,bike,fixed,decaps,678469
2221,bike,fixed,decaps,623396
2222,bike,fixed,decaps,705199
2223,bike,fixed,decaps,659974
2224,bike,fixed,decaps,705950
2225,bike,fixed,decaps,649816
2226,bike,fixed,decaps,719396
2227,bike,fixed,decaps,615922
2228,bike,fixed,decaps,614599
2229,bike,fixed,decaps,707353
2230,bike,fixed,decaps,679501
2231,bike,fixed,decaps,635849
2232,bike,fixed,decaps,686234
2233,bike,fixed,decaps,738311
2234,bike,fixed,decaps,697706
2235,bike,fixed,decaps,643303
2236,bike,fixed,decaps,632022
2237,bike,fixed,decaps,595424
2238,bike,fixed,decaps,597859
2239,bike,fixed,decaps,658172
2240,bike,fixed,decaps,605543
2241,bike,fixed,decaps,700130
2242,bike,fixed,decaps,750935
2243,bike,fixed,decaps,657801
2244,bike,fixed,decaps,623497
2245,bike,fixed,decaps,755744
2246,bike,fixed,decaps,619349
2247,bike,fixed,decaps,633204
2248,bike,fixed,decaps,688879
2249,bike,fixed,decaps,603389
2250,bike,fixed,decaps,638535
2251,bike,fixed,decaps,647151
2252,bike,fixed,decaps,674232
2253,bike,fixed,decaps,607707
2254,bike,fixed,decaps,676496
2255,bike,fixed,decaps,632985
2256,bike,fixed,decaps,662579
2257,bike,fixed,decaps,618317
2258,bike,fixed,decaps,640408
2259,bike,fixed,decaps,632824
2260,bike,fixed,decaps,607927
2261,bike,fixed,decaps,608608
2262,bike,fixed,decaps,608338
2263,bike,fixed,decaps,608769
2264,bike,fixed,decaps,700010
2265,bike,fixed,decaps,639176
2266,bike,fixed,decaps,606885
2267,bike,fixed,decaps,650747
2268,bike,fixed,decaps,746116
2269,bike,fixed,decaps,773207
2270,bike,fixed,decaps,676506
2271,bike,fixed,decaps,680723
2272,bike,fixed,decaps,617005
2273,bike,fixed,decaps,598440
2274,bike,fixed,decaps,597809
2275,bike,fixed,decaps,718505
2276,bike,fixed,decaps,623075
2277,bike,fixed,decaps,713856
2278,bike,fixed,decaps,680603
2279,bike,fixed,decaps,603590
2280,bike,fixed,decaps,594222
2281,bike,fixed,decaps,693528
2282,bike,fixed,decaps,627364
2283,bike,fixed,decaps,652361
2284,bike,fixed,decaps,777785
2285,bike,fixed,decaps,618106
2286,bike,fixed,decaps,719727
2287,bike,fixed,decaps,779569
2288,bike,fixed,decaps,615511
2289,bike,fixed,decaps,604821
2290,bike,fixed,decaps,698807
2291,bike,fixed,decaps,648654
2292,bike,fixed,decaps,856282
2293,bike,fixed,decaps,616483
2294,bike,fixed,decaps,597108
2295,bike,fixed,decaps,651319
2296,bike,fixed,decaps,686474
2297,bike,fixed,decaps,700220
2298,bike,fixed,decaps,602166
2299,bike,fixed,decaps,738211
2300,bike,fixed,decaps,611754
2301,bike,fixed,decaps,611714
2302,bike,fixed,decaps,673510
2303,bike,fixed,decaps,600714
2304,bike,fixed,decaps,601295
2305,bike,fixed,decaps,685713
2306,bike,fixed,decaps,655847
2307,bike,fixed,decaps,729495
2308,bike,fixed,decaps,622314
2309,bike,fixed,decaps,663692
2310,bike,fixed,decaps,607617
2311,bike,fixed,decaps,647662
2312,bike,fixed,decaps,611975
2313,bike,fixed,decaps,709027
2314,bike,fixed,decaps,611805
2315,bike,fixed,decaps,609079
2316,bike,fixed,decaps,646109
2317,bike,fixed,decaps,707944
2318,bike,fixed,decaps,649275
2319,bike,fixed,decaps,696914
2320,bike,fixed,decaps,617105
2321,bike,fixed,decaps,748501
2322,bike,fixed,decaps,724175
2323,bike,fixed,decaps,610673
2324,bike,fixed,decaps,653724
2325,bike,fixed,decaps,652982
2326,bike,fixed,decaps,662469
2327,bike,fixed,decaps,727261
2328,bike,fixed,decaps,681695
2329,bike,fixed,decaps,669363
2330,bike,fixed,decaps,637753
2331,bike,fixed,decaps,755183
2332,bike,fixed,decaps,725167
2333,bike,fixed,decaps,616404
2334,bike,fixed,decaps,606204
2335,bike,fixed,decaps,716871
2336,bike,fixed,decaps,604602
2337,bike,fixed,decaps,656058
2338,bike,fixed,decaps,608860
2339,bike,fixed,decaps,715258
2340,bike,fixed,decaps,661588
2341,bike,fixed,decaps,603419
2342,bike,fixed,decaps,611614
2343,bike,fixed,decaps,632052
2344,bike,fixed,decaps,790289
2345,bike,fixed,decaps,759030
2346,bike,fixed,decaps,755845
2347,bike,fixed,decaps,844169
2348,bike,fixed,decaps,732360
2349,bike,fixed,decaps,702815
2350,bike,fixed,decaps,605303
2351,bike,fixed,decaps,711862
2352,bike,fixed,decaps,689770
2353,bike,fixed,decaps,654425
2354,bike,fixed,decaps,670625
2355,bike,fixed,decaps,605593
2356,bike,fixed,decaps,615742
2357,bike,fixed,decaps,648333
2358,bike,fixed,decaps,841143
2359,bike,fixed,decaps,605563
2360,bike,fixed,decaps,728473
2361,bike,fixed,decaps,655767
2362,bike,fixed,decaps,757638
2363,bike,fixed,decaps,614650
2364,bike,fixed,decaps,600273
2365,bike,fixed,decaps,646790
2366,bike,fixed,decaps,765011
2367,bike,fixed,decaps,749983
2368,bike,fixed,decaps,722632
2369,bike,fixed,decaps,621423
2370,bike,fixed,decaps,602487
2371,bike,fixed,decaps,607757
2372,bike,fixed,decaps,724185
2373,bike,fixed,decaps,614379
2374,bike,fixed,decaps,597497
2375,bike,fixed,decaps,708536
2376,bike,fixed,decaps,824893
2377,bike,fixed,decaps,783175
2378,bike,fixed,decaps,605172
2379,bike,fixed,decaps,613077
2380,bike,fixed,decaps,598149
2381,bike,fixed,decaps,634237
2382,bike,fixed,decaps,670214
2383,bike,fixed,decaps,707454
2384,bike,fixed,decaps,680543
2385,bike,fixed,decaps,675564
2386,bike,fixed,decaps,644245
2387,bike,fixed,decaps,608789
2388,bike,fixed,decaps,623767
2389,bike,fixed,decaps,609911
2390,bike,fixed,decaps,644545
2391,bike,fixed,decaps,638494
2392,bike,fixed,decaps,627284
2393,bike,fixed,decaps,620190
2394,bike,fixed,decaps,622885
2395,bike,fixed,decaps,623847
2396,bike,fixed,decaps,648434
2397,bike,fixed,decaps,648604
2398,bike,fixed,decaps,732851
2399,bike,fixed,decaps,619679
2400,bike,fixed,decaps,662479
2401,bike,fixed,decaps,773297
2402,bike,fixed,decaps,651630
2403,bike,fixed,decaps,857804
2404,bike,fixed,decaps,801830
2405,bike,fixed,decaps,625711
2406,bike,fixed,decaps,629508
2407,bike,fixed,decaps,626042
2408,bike,fixed,decaps,694059
2409,bike,fixed,decaps,803944
2410,bike,fixed,decaps,683980
2411,bike,fixed,decaps,611354
2412,bike,fixed,decaps,648624
2413,bike,fixed,decaps,705430
2414,bike,fixed,decaps,614831
2415,bike,fixed,decaps,639256
2416,bike,fixed,decaps,728804
2417,bike,fixed,decaps,763067
2418,bike,fixed,decaps,763950
2419,bike,fixed,decaps,612436
2420,bike,fixed,decaps,724716
2421,bike,fixed,decaps,624499
2422,bike,fixed,decaps,697615
2423,bike,fixed,decaps,656879
2424,bike,fixed,decaps,622004
2425,bike,fixed,decaps,760413
2426,bike,fixed,decaps,753700
2427,bike,fixed,decaps,631842
2428,bike,fixed,decaps,600975
2429,bike,fixed,decaps,660706
2430,bike,fixed,decaps,689871
2431,bike,fixed,decaps,677367
2432,bike,fixed,decaps,707154
2433,bike,fixed,decaps,616102
2434,bike,fixed,decaps,600263
2435,bike,fixed,decaps,773528
2436,bike,fixed,decaps,698446
2437,bike,fixed,decaps,645498
2438,bike,fixed,decaps,730678
2439,bike,fixed,decaps,691333
2440,bike,fixed,decaps,603860
2441,bike,fixed,decaps,665325
2442,bike,fixed,decaps,660846
2443,bike,fixed,decaps,702113
2444,bike,fixed,decaps,620901
2445,bike,fixed,decaps,699939
2446,bike,fixed,decaps,625320
2447,bike,fixed,decaps,636060
2448,bike,fixed,decaps,610773
2449,bike,fixed,decaps,606935
2450,bike,fixed,decaps,616533
2451,bike,fixed,decaps,690412
2452,bike,fixed,decaps,600593
2453,bike,fixed,decaps,712613
2454,bike,fixed,decaps,627354
2455,bike,fixed,decaps,612997
2456,bike,fixed,decaps,638765
2457,bike,fixed,decaps,607808
2458,bike,fixed,decaps,613157
2459,bike,fixed,decaps,601796
2460,bike,fixed,decaps,618127
2461,bike,fixed,decaps,612857
2462,bike,fixed,decaps,702465
2463,bike,fixed,decaps,616633
2464,bike,fixed,decaps,609010
2465,bike,fixed,decaps,682237
2466,bike,fixed,decaps,645518
2467,bike,fixed,decaps,618537
2468,bike,fixed,decaps,616804
2469,bike,fixed,decaps,599972
2470,bike,fixed,decaps,615321
2471,bike,fixed,decaps,641711
2472,bike,fixed,decaps,634717
2473,bike,fixed,decaps,690713
2474,bike,fixed,decaps,613989
2475,bike,fixed,decaps,684431
2476,bike,fixed,decaps,629318
2477,bike,fixed,decaps,809755
2478,bike,fixed,decaps,888222
2479,bike,fixed,decaps,729565
2480,bike,fixed,decaps,667980
2481,bike,fixed,decaps,610172
2482,bike,fixed,decaps,656459
2483,bike,fixed,decaps,659093
2484,bike,fixed,decaps,872082
2485,bike,fixed,decaps,614640
2486,bike,fixed,decaps,636821
2487,bike,fixed,decaps,601265
2488,bike,fixed,decaps,616904
2489,bike,fixed,decaps,598320
2490,bike,fixed,decaps,672428
2491,bike,fixed,decaps,636581
2492,bike,fixed,decaps,678430
2493,bike,fixed,decaps,689300
2494,bike,fixed,decaps,675514
2495,bike,fixed,decaps,606896
2496,bike,fixed,decaps,645017
2497,bike,fixed,decaps,642182
2498,bike,fixed,decaps,626782
2499,bike,fixed,decaps,667649
2500,bike,fixed,decaps,611223
2501,bike,fixed,decaps,602166
2502,bike,fixed,decaps,648653
2503,bike,fixed,decaps,701763
2504,bike,fixed,decaps,675824
2505,bike,fixed,decaps,613758
2506,bike,fixed,decaps,647121
2507,bike,fixed,decaps,614519
2508,bike,fixed,decaps,606234
2509,bike,fixed,decaps,624208
2510,bike,fixed,decaps,673711
2511,bike,fixed,decaps,641189
2512,bike,fixed,decaps,617215
2513,bike,fixed,decaps,630330
2514,bike,fixed,decaps,642642
2515,bike,fixed,decaps,737911
2516,bike,fixed,decaps,623096
2517,bike,fixed,decaps,666678
2518,bike,fixed,decaps,674833
2519,bike,fixed,decaps,613197
2520,bike,fixed,decaps,684631
2521,bike,fixed,decaps,642071
2522,bike,fixed,decaps,717713
2523,bike,fixed,decaps,680563
2524,bike,fixed,decaps,733733
2525,bike,fixed,decaps,636160
2526,bike,fixed,decaps,652942
2527,bike,fixed,decaps,757578
2528,bike,fixed,decaps,687556
2529,bike,fixed,decaps,717021
2530,bike,fixed,decaps,634728
2531,bike,fixed,decaps,649656
2532,bike,fixed,decaps,714276
2533,bike,fixed,decaps,621312
2534,bike,fixed,decaps,629638
2535,bike,fixed,decaps,743160
2536,bike,fixed,decaps,788014
2537,bike,fixed,decaps,651098
2538,bike,fixed,decaps,687587
2539,bike,fixed,decaps,632263
2540,bike,fixed,decaps,603669
2541,bike,fixed,decaps,696974
2542,bike,fixed,decaps,703806
2543,bike,fixed,decaps,656939
2544,bike,fixed,decaps,647021
2545,bike,fixed,decaps,769680
2546,bike,fixed,decaps,774809
2547,bike,fixed,decaps,710078
2548,bike,fixed,decaps,724476
2549,bike,fixed,decaps,790789
2550,bike,fixed,decaps,748090
2551,bike,fixed,decaps,787914
2552,bike,fixed,decaps,766875
2553,bike,fixed,decaps,769209
2554,bike,fixed,decaps,692326
2555,bike,fixed,decaps,765442
2556,bike,fixed,decaps,672798
2557,bike,fixed,decaps,660867
2558,bike,fixed,decaps,668070
2559,bike,fixed,decaps,659073
2560,bike,fixed,decaps,795669
2561,bike,fixed,decaps,638545
2562,bike,fixed,decaps,596105
2563,bike,fixed,decaps,594693
2564,bike,fixed,decaps,675824
2565,bike,fixed,decaps,834632
2566,bike,fixed,decaps,598480
2567,bike,fixed,decaps,624579
2568,bike,fixed,decaps,718083
2569,bike,fixed,decaps,614790
2570,bike,fixed,decaps,610913
2571,bike,fixed,decaps,605172
2572,bike,fixed,decaps,720378
2573,bike,fixed,decaps,866090
2574,bike,fixed,decaps,631291
2575,bike,fixed,decaps,678299
2576,bike,fixed,decaps,844781
2577,bike,fixed,decaps,770171
2578,bike,fixed,decaps,756095
2579,bike,fixed,decaps,647952
2580,bike,fixed,decaps,842806
2581,bike,fixed,decaps,656318
2582,bike,fixed,decaps,644015
2583,bike,fixed,decaps,658943
2584,bike,fixed,decaps,660115
2585,bike,fixed,decaps,696914
2586,bike,fixed,decaps,620050
2587,bike,fixed,decaps,827288
2588,bike,fixed,decaps,628416
2589,bike,fixed,decaps,621644
2590,bike,fixed,decaps,705641
2591,bike,fixed,decaps,653532
2592,bike,fixed,decaps,608769
2593,bike,fixed,decaps,635279
2594,bike,fixed,decaps,657861
2595,bike,fixed,decaps,726990
2596,bike,fixed,decaps,641580
2597,bike,fixed,decaps,725076
2598,bike,fixed,decaps,612275
2599,bike,fixed,decaps,658462
2600,bike,fixed,decaps,884145
2601,bike,fixed,decaps,811018
2602,bike,fixed,decaps,808212
2603,bike,fixed,decaps,840353
2604,bike,fixed,decaps,669262
2605,bike,fixed,decaps,621683
2606,bike,fixed,decaps,725648
2607,bike,fixed,decaps,675394
2608,bike,fixed,decaps,622705
2609,bike,fixed,decaps,647121
2610,bike,fixed,decaps,668201
2611,bike,fixed,decaps,614620
2612,bike,fixed,decaps,654124
2613,bike,fixed,decaps,663201
2614,bike,fixed,decaps,610402
2615,bike,fixed,decaps,667869
2616,bike,fixed,decaps,607326
2617,bike,fixed,decaps,655677
2618,bike,fixed,decaps,778897
2619,bike,fixed,decaps,714657
2620,bike,fixed,decaps,632894
2621,bike,fixed,decaps,629378
2622,bike,fixed,decaps,629828
2623,bike,fixed,decaps,808933
2624,bike,fixed,decaps,680072
2625,bike,fixed,decaps,669543
2626,bike,fixed,decaps,672548
2627,bike,fixed,decaps,605843
2628,bike,fixed,decaps,653202
2629,bike,fixed,decaps,641721
2630,bike,fixed,decaps,676836
2631,bike,fixed,decaps,611925
2632,bike,fixed,decaps,624889
2633,bike,fixed,decaps,632133
2634,bike,fixed,decaps,803724
2635,bike,fixed,decaps,655035
2636,bike,fixed,decaps,608098
2637,bike,fixed,decaps,619499
2638,bike,fixed,decaps,641591
2639,bike,fixed,decaps,639497
2640,bike,fixed,decaps,680102
2641,bike,fixed,decaps,667249
2642,bike,fixed,decaps,717161
2643,bike,fixed,decaps,638775
2644,bike,fixed,decaps,678249
2645,bike,fixed,decaps,630209
2646,bike,fixed,decaps,611614
2647,bike,fixed,decaps,605322
2648,bike,fixed,decaps,653602
2649,bike,fixed,decaps,735336
2650,bike,fixed,decaps,817159
2651,bike,fixed,decaps,613518
2652,bike,fixed,decaps,644376
2653,bike,fixed,decaps,734534
2654,bike,fixed,decaps,660085
2655,bike,fixed,decaps,596305
2656,bike,fixed,decaps,631742
2657,bike,fixed,decaps,640989
2658,bike,fixed,decaps,604892
2659,bike,fixed,decaps,664383
2660,bike,fixed,decaps,685101
2661,bike,fixed,decaps,615602
2662,bike,fixed,decaps,605623
2663,bike,fixed,decaps,604842
2664,bike,fixed,decaps,670935
2665,bike,fixed,decaps,661868
2666,bike,fixed,decaps,629528
2667,bike,fixed,decaps,809454
2668,bike,fixed,decaps,612847
2669,bike,fixed,decaps,686785
2670,bike,fixed,decaps,631842
2671,bike,fixed,decaps,629688
2672,bike,fixed,decaps,631241
2673,bike,fixed,decaps,710509
2674,bike,fixed,decaps,864137
2675,bike,fixed,decaps,734895
2676,bike,fixed,decaps,699359
2677,bike,fixed,decaps,866061
2678,bike,fixed,decaps,791421
2679,bike,fixed,decaps,652902
2680,bike,fixed,decaps,640268
2681,bike,fixed,decaps,730817
2682,bike,fixed,decaps,803293
2683,bike,fixed,decaps,666678
2684,bike,fixed,decaps,625540
2685,bike,fixed,decaps,606765
2686,bike,fixed,decaps,623878
2687,bike,fixed,decaps,632673
2688,bike,fixed,decaps,626452
2689,bike,fixed,decaps,660165
2690,bike,fixed,decaps,674672
2691,bike,fixed,decaps,694369
2692,bike,fixed,decaps,660105
2693,bike,fixed,decaps,748951
2694,bike,fixed,decaps,687476
2695,bike,fixed,decaps,708997
2696,bike,fixed,decaps,626472
2697,bike,fixed,decaps,687998
2698,bike,fixed,decaps,914081
2699,bike,fixed,decaps,798805
2700,bike,fixed,decaps,690732
2701,bike,fixed,decaps,774179
2702,bike,fixed,decaps,770932
2703,bike,fixed,decaps,672408
2704,bike,fixed,decaps,621703
2705,bike,fixed,decaps,631552
2706,bike,fixed,decaps,709057
2707,bike,fixed,decaps,674512
2708,bike,fixed,decaps,681666
2709,bike,fixed,decaps,684560
2710,bike,fixed,decaps,645287
2711,bike,fixed,decaps,705941
2712,bike,fixed,decaps,787112
2713,bike,fixed,decaps,766364
2714,bike,fixed,decaps,647882
2715,bike,fixed,decaps,647531
2716,bike,fixed,decaps,605192
2717,bike,fixed,decaps,741938
2718,bike,fixed,decaps,901908
2719,bike,fixed,decaps,959986
2720,bike,fixed,decaps,1037231
2721,bike,fixed,decaps,707524
2722,bike,fixed,decaps,711952
2723,bike,fixed,decaps,703176
2724,bike,fixed,decaps,654625
2725,bike,fixed,decaps,663812
2726,bike,fixed,decaps,641480
2727,bike,fixed,decaps,835904
2728,bike,fixed,decaps,724305
2729,bike,fixed,decaps,769499
2730,bike,fixed,decaps,618327
2731,bike,fixed,decaps,649526
2732,bike,fixed,decaps,622966
2733,bike,fixed,decaps,628175
2734,bike,fixed,decaps,658412
2735,bike,fixed,decaps,668511
2736,bike,fixed,decaps,635980
2737,bike,fixed,decaps,614600
2738,bike,fixed,decaps,613748
2739,bike,fixed,decaps,618548
2740,bike,fixed,decaps,635068
2741,bike,fixed,decaps,611845
2742,bike,fixed,decaps,640128
2743,bike,fixed,decaps,812480
2744,bike,fixed,decaps,665094
2745,bike,fixed,decaps,645919
2746,bike,fixed,decaps,648754
2747,bike,fixed,decaps,633365
2748,bike,fixed,decaps,659845
2749,bike,fixed,decaps,622114
2750,bike,fixed,decaps,629458
2751,bike,fixed,decaps,624188
2752,bike,fixed,decaps,660315
2753,bike,fixed,decaps,665064
2754,bike,fixed,decaps,607217
2755,bike,fixed,decaps,617305
2756,bike,fixed,decaps,607317
2757,bike,fixed,decaps,609681
2758,bike,fixed,decaps,608569
2759,bike,fixed,decaps,732400
2760,bike,fixed,decaps,753089
2761,bike,fixed,decaps,660796
2762,bike,fixed,decaps,732410
2763,bike,fixed,decaps,606545
2764,bike,fixed,decaps,622956
2765,bike,fixed,decaps,665535
2766,bike,fixed,decaps,876680
2767,bike,fixed,decaps,951510
2768,bike,fixed,decaps,1009068
2769,bike,fixed,decaps,753570
2770,bike,fixed,decaps,631652
2771,bike,fixed,decaps,671686
2772,bike,fixed,decaps,622715
2773,bike,fixed,decaps,610482
2774,bike,fixed,decaps,816278
2775,bike,fixed,decaps,615542
2776,bike,fixed,decaps,604832
2777,bike,fixed,decaps,603630
2778,bike,fixed,decaps,605914
2779,bike,fixed,decaps,613348
2780,bike,fixed,decaps,605133
2781,bike,fixed,decaps,601606
2782,bike,fixed,decaps,593891
2783,bike,fixed,decaps,601134
2784,bike,fixed,decaps,597989
2785,bike,fixed,decaps,606004
2786,bike,fixed,decaps,605242
2787,bike,fixed,decaps,618778
2788,bike,fixed,decaps,604881
2789,bike,fixed,decaps,594632
2790,bike,fixed,decaps,707584
2791,bike,fixed,decaps,873935
2792,bike,fixed,decaps,958473
2793,bike,fixed,decaps,974954
2794,bike,fixed,decaps,653152
2795,bike,fixed,decaps,633325
2796,bike,fixed,decaps,649645
2797,bike,fixed,decaps,704539
2798,bike,fixed,decaps,621643
2799,bike,fixed,decaps,649826
2800,bike,fixed,decaps,636832
2801,bike,fixed,decaps,632384
2802,bike,fixed,decaps,640138
2803,bike,fixed,decaps,630991
2804,bike,fixed,decaps,637102
2805,bike,fixed,decaps,629778
2806,bike,fixed,decaps,631873
2807,bike,fixed,decaps,647001
2808,bike,fixed,decaps,632955
2809,bike,fixed,decaps,633345
2810,bike,fixed,decaps,663191
2811,bike,fixed,decaps,623917
2812,bike,fixed,decaps,676195
2813,bike,fixed,decaps,643404
2814,bike,fixed,decaps,615121
2815,bike,fixed,decaps,638785
2816,bike,fixed,decaps,616253
2817,bike,fixed,decaps,634147
2818,bike,fixed,decaps,617396
2819,bike,fixed,decaps,615171
2820,bike,fixed,decaps,627014
2821,bike,fixed,decaps,639957
2822,bike,fixed,decaps,663581
2823,bike,fixed,decaps,625019
2824,bike,fixed,decaps,617095
2825,bike,fixed,decaps,606645
2826,bike,fixed,decaps,591337
2827,bike,fixed,decaps,590004
2828,bike,fixed,decaps,593250
2829,bike,fixed,decaps,590635
2830,bike,fixed,decaps,593681
2831,bike,fixed,decaps,601295
2832,bike,fixed,decaps,589894
2833,bike,fixed,decaps,596186
2834,bike,fixed,decaps,597498
2835,bike,fixed,decaps,605744
2836,bike,fixed,decaps,601355
2837,bike,fixed,decaps,629718
2838,bike,fixed,decaps,649686
2839,bike,fixed,decaps,613107
2840,bike,fixed,decaps,592839
2841,bike,fixed,decaps,607126
2842,bike,fixed,decaps,761324
2843,bike,fixed,decaps,616052
2844,bike,fixed,decaps,590084
2845,bike,fixed,decaps,589583
2846,bike,fixed,decaps,626692
2847,bike,fixed,decaps,620350
2848,bike,fixed,decaps,620792
2849,bike,fixed,decaps,590334
2850,bike,fixed,decaps,594963
2851,bike,fixed,decaps,634187
2852,bike,fixed,decaps,602818
2853,bike,fixed,decaps,605874
2854,bike,fixed,decaps,601776
2855,bike,fixed,decaps,622144
2856,bike,fixed,decaps,646209
2857,bike,fixed,decaps,606284
2858,bike,fixed,decaps,627695
2859,bike,fixed,decaps,596846
2860,bike,fixed,decaps,598500
2861,bike,fixed,decaps,593711
2862,bike,fixed,decaps,595765
2863,bike,fixed,decaps,621333
2864,bike,fixed,decaps,613818
2865,bike,fixed,decaps,595794
2866,bike,fixed,decaps,594161
2867,bike,fixed,decaps,643173
2868,bike,fixed,decaps,598299
2869,bike,fixed,decaps,602448
2870,bike,fixed,decaps,621934
2871,bike,fixed,decaps,611735
2872,bike,fixed,decaps,600754
2873,bike,fixed,decaps,590194
2874,bike,fixed,decaps,600073
2875,bike,fixed,decaps,607446
2876,bike,fixed,decaps,750173
2877,bike,fixed,decaps,712573
2878,bike,fixed,decaps,595684
2879,bike,fixed,decaps,594362
2880,bike,fixed,decaps,606475
2881,bike,fixed,decaps,596406
2882,bike,fixed,decaps,594081
2883,bike,fixed,decaps,594171
2884,bike,fixed,decaps,593680
2885,bike,fixed,decaps,606485
2886,bike,fixed,decaps,616644
2887,bike,fixed,decaps,592489
2888,bike,fixed,decaps,607246
2889,bike,fixed,decaps,602277
2890,bike,fixed,decaps,590655
2891,bike,fixed,decaps,598430
2892,bike,fixed,decaps,603599
2893,bike,fixed,decaps,636992
2894,bike,fixed,decaps,621653
2895,bike,fixed,decaps,625430
2896,bike,fixed,decaps,656298
2897,bike,fixed,decaps,649014
2898,bike,fixed,decaps,792733
2899,bike,fixed,decaps,885937
2900,bike,fixed,decaps,880868
2901,bike,fixed,decaps,922356
2902,bike,fixed,decaps,878353
2903,bike,fixed,decaps,864878
2904,bike,fixed,decaps,892731
2905,bike,fixed,decaps,884615
2906,bike,fixed,decaps,1009699
2907,bike,fixed,decaps,930390
2908,bike,fixed,decaps,904502
2909,bike,fixed,decaps,642192
2910,bike,fixed,decaps,633956
2911,bike,fixed,decaps,629478
2912,bike,fixed,decaps,646890
2913,bike,fixed,decaps,628977
2914,bike,fixed,decaps,626903
2915,bike,fixed,decaps,628946
2916,bike,fixed,decaps,653162
2917,bike,fixed,decaps,622865
2918,bike,fixed,decaps,638334
2919,bike,fixed,decaps,620120
2920,bike,fixed,decaps,628186
2921,bike,fixed,decaps,621723
2922,bike,fixed,decaps,640137
2923,bike,fixed,decaps,688097
2924,bike,fixed,decaps,594813
2925,bike,fixed,decaps,703847
2926,bike,fixed,decaps,769820
2927,bike,fixed,decaps,611544
2928,bike,fixed,decaps,615782
2929,bike,fixed,decaps,592028
2930,bike,fixed,decaps,591296
2931,bike,fixed,decaps,600954
2932,bike,fixed,decaps,623015
2933,bike,fixed,decaps,610222
2934,bike,fixed,decaps,593911
2935,bike,fixed,decaps,591427
2936,bike,fixed,decaps,600434
2937,bike,fixed,decaps,594262
2938,bike,fixed,decaps,596306
2939,bike,fixed,decaps,600713
2940,bike,fixed,decaps,820866
2941,bike,fixed,decaps,615421
2942,bike,fixed,decaps,601425
2943,bike,fixed,decaps,598920
2944,bike,fixed,decaps,644495
2945,bike,fixed,decaps,607867
2946,bike,fixed,decaps,594552
2947,bike,fixed,decaps,598540
2948,bike,fixed,decaps,632764
2949,bike,fixed,decaps,596546
2950,bike,fixed,decaps,607036
2951,bike,fixed,decaps,586227
2952,bike,fixed,decaps,599251
2953,bike,fixed,decaps,596085
2954,bike,fixed,decaps,590214
2955,bike,fixed,decaps,601776
2956,bike,fixed,decaps,617375
2957,bike,fixed,decaps,623897
2958,bike,fixed,decaps,589142
2959,bike,fixed,decaps,591436
2960,bike,fixed,decaps,589633
2961,bike,fixed,decaps,595996
2962,bike,fixed,decaps,589603
2963,bike,fixed,decaps,589262
2964,bike,fixed,decaps,590795
2965,bike,fixed,decaps,601185
2966,bike,fixed,decaps,635188
2967,bike,fixed,decaps,628756
2968,bike,fixed,decaps,606796
2969,bike,fixed,decaps,617305
2970,bike,fixed,decaps,618336
2971,bike,fixed,decaps,613618
2972,bike,fixed,decaps,608369
2973,bike,fixed,decaps,589483
2974,bike,fixed,decaps,650467
2975,bike,fixed,decaps,588330
2976,bike,fixed,decaps,601806
2977,bike,fixed,decaps,684851
2978,bike,fixed,decaps,703576
2979,bike,fixed,decaps,649906
2980,bike,fixed,decaps,604911
2981,bike,fixed,decaps,612445
2982,bike,fixed,decaps,729325
2983,bike,fixed,decaps,595254
2984,bike,fixed,decaps,583462
2985,bike,fixed,decaps,585456
2986,bike,fixed,decaps,591918
2987,bike,fixed,decaps,588842
2988,bike,fixed,decaps,610974
2989,bike,fixed,decaps,587499
2990,bike,fixed,decaps,628496
2991,bike,fixed,decaps,617165
2992,bike,fixed,decaps,587269
2993,bike,fixed,decaps,607396
2994,bike,fixed,decaps,597347
2995,bike,fixed,decaps,607466
2996,bike,fixed,decaps,593480
2997,bike,fixed,decaps,598961
2998,bike,fixed,decaps,619559
2999,bike,fixed,decaps,639767
3000,bike,fixed,decaps,594002
3001,bike,fixed,decaps,594242
3002,bike,fixed,decaps,590345
3003,bike,fixed,decaps,598690
3004,bike,fixed,decaps,615431
3005,bike,fixed,decaps,611054
3006,bike,fixed,decaps,588101
3007,bike,fixed,decaps,609951
3008,bike,fixed,decaps,591737
3009,bike,fixed,decaps,589923
3010,bike,fixed,decaps,609500
3011,bike,fixed,decaps,599752
3012,bike,fixed,decaps,587259
3013,bike,fixed,decaps,593000
3014,bike,fixed,decaps,590165
3015,bike,fixed,decaps,598039
3016,bike,fixed,decaps,613097
3017,bike,fixed,decaps,601105
3018,bike,fixed,decaps,597347
3019,bike,fixed,decaps,586687
3020,bike,fixed,decaps,586247
3021,bike,fixed,decaps,748701
3022,bike,fixed,decaps,859117
3023,bike,fixed,decaps,852716
3024,bike,fixed,decaps,979793
3025,bike,fixed,decaps,941652
3026,bike,fixed,decaps,642813
3027,bike,fixed,decaps,614910
3028,bike,fixed,decaps,611634
3029,bike,fixed,decaps,615441
3030,bike,fixed,decaps,795379
3031,bike,fixed,decaps,647872
3032,bike,fixed,decaps,645087
3033,bike,fixed,decaps,597989
3034,bike,fixed,decaps,696784
3035,bike,fixed,decaps,650377
3036,bike,fixed,decaps,597708
3037,bike,fixed,decaps,596977
3038,bike,fixed,decaps,621192
3039,bike,fixed,decaps,603349
3040,bike,fixed,decaps,613778
3041,bike,fixed,decaps,603539
3042,bike,fixed,decaps,597398
3043,bike,fixed,decaps,591025
3044,bike,fixed,decaps,592729
3045,bike,fixed,decaps,599181
3046,bike,fixed,decaps,613958
3047,bike,fixed,decaps,622425
3048,bike,fixed,decaps,594512
3049,bike,fixed,decaps,591016
3050,bike,fixed,decaps,611173
3051,bike,fixed,decaps,622354
3052,bike,fixed,decaps,595674
3053,bike,fixed,decaps,590334
3054,bike,fixed,decaps,613137
3055,bike,fixed,decaps,632353
3056,bike,fixed,decaps,707473
3057,bike,fixed,decaps,664132
3058,bike,fixed,decaps,761024
3059,bike,fixed,decaps,657881
3060,bike,fixed,decaps,675624
3061,bike,fixed,decaps,750274
3062,bike,fixed,decaps,655096
3063,bike,fixed,decaps,636661
3064,bike,fixed,decaps,594733
3065,bike,fixed,decaps,589223
3066,bike,fixed,decaps,602087
3067,bike,fixed,decaps,595745
3068,bike,fixed,decaps,585826
3069,bike,fixed,decaps,586637
3070,bike,fixed,decaps,590014
3071,bike,fixed,decaps,629147
3072,bike,fixed,decaps,634157
3073,bike,fixed,decaps,608579
3074,bike,fixed,decaps,619038
3075,bike,fixed,decaps,610582
3076,bike,fixed,decaps,591016
3077,bike,fixed,decaps,600514
3078,bike,fixed,decaps,585987
3079,bike,fixed,decaps,613578
3080,bike,fixed,decaps,610072
3081,bike,fixed,decaps,588551
3082,bike,fixed,decaps,594632
3083,bike,fixed,decaps,613167
3084,bike,fixed,decaps,596396
3085,bike,fixed,decaps,597829
3086,bike,fixed,decaps,587720
3087,bike,fixed,decaps,594102
3088,bike,fixed,decaps,594062
3089,bike,fixed,decaps,606535
3090,bike,fixed,decaps,601165
3091,bike,fixed,decaps,592539
3092,bike,fixed,decaps,595104
3093,bike,fixed,decaps,727020
3094,bike,fixed,decaps,608940
3095,bike,fixed,decaps,588321
3096,bike,fixed,decaps,638534
3097,bike,fixed,decaps,593631
3098,bike,fixed,decaps,594773
3099,bike,fixed,decaps,601406
3100,bike,fixed,decaps,632083
3101,bike,fixed,decaps,621012
3102,bike,fixed,decaps,599181
3103,bike,fixed,decaps,597608
3104,bike,fixed,decaps,608088
3105,bike,fixed,decaps,647342
3106,bike,fixed,decaps,593961
3107,bike,fixed,decaps,584654
3108,bike,fixed,decaps,585355
3109,bike,fixed,decaps,596275
3110,bike,fixed,decaps,610532
3111,bike,fixed,decaps,601455
3112,bike,fixed,decaps,601005
3113,bike,fixed,decaps,631692
3114,bike,fixed,decaps,598790
3115,bike,fixed,decaps,604380
3116,bike,fixed,decaps,621493
3117,bike,fixed,decaps,600454
3118,bike,fixed,decaps,604832
3119,bike,fixed,decaps,603940
3120,bike,fixed,decaps,599070
3121,bike,fixed,decaps,617295
3122,bike,fixed,decaps,613016
3123,bike,fixed,decaps,601405
3124,bike,fixed,decaps,595504
3125,bike,fixed,decaps,598600
3126,bike,fixed,decaps,589934
3127,bike,fixed,decaps,605032
3128,bike,fixed,decaps,632985
3129,bike,fixed,decaps,639076
3130,bike,fixed,decaps,621824
3131,bike,fixed,decaps,598751
3132,bike,fixed,decaps,610613
3133,bike,fixed,decaps,597468
3134,bike,fixed,decaps,594403
3135,bike,fixed,decaps,613027
3136,bike,fixed,decaps,594502
3137,bike,fixed,decaps,607006
3138,bike,fixed,decaps,636481
3139,bike,fixed,decaps,615592
3140,bike,fixed,decaps,604952
3141,bike,fixed,decaps,607917
3142,bike,fixed,decaps,598570
3143,bike,fixed,decaps,612406
3144,bike,fixed,decaps,604901
3145,bike,fixed,decaps,602337
3146,bike,fixed,decaps,620852
3147,bike,fixed,decaps,620501
3148,bike,fixed,decaps,609320
3149,bike,fixed,decaps,620982
3150,bike,fixed,decaps,597889
3151,bike,fixed,decaps,605553
3152,bike,fixed,decaps,602888
3153,bike,fixed,decaps,601155
3154,bike,fixed,decaps,606796
3155,bike,fixed,decaps,635159
3156,bike,fixed,decaps,628365
3157,bike,fixed,decaps,612937
3158,bike,fixed,decaps,597117
3159,bike,fixed,decaps,608278
3160,bike,fixed,decaps,596617
3161,bike,fixed,decaps,582300
3162,bike,fixed,decaps,587529
3163,bike,fixed,decaps,646549
3164,bike,fixed,decaps,688858
3165,bike,fixed,decaps,750054
3166,bike,fixed,decaps,754703
3167,bike,fixed,decaps,783646
3168,bike,fixed,decaps,592679
3169,bike,fixed,decaps,583682
3170,bike,fixed,decaps,638364
3171,bike,fixed,decaps,605583
3172,bike,fixed,decaps,593991
3173,bike,fixed,decaps,591557
3174,bike,fixed,decaps,587119
3175,bike,fixed,decaps,607407
3176,bike,fixed,decaps,616865
3177,bike,fixed,decaps,605583
3178,bike,fixed,decaps,613728
3179,bike,fixed,decaps,619269
3180,bike,fixed,decaps,659113
3181,bike,fixed,decaps,628325
3182,bike,fixed,decaps,592088
3183,bike,fixed,decaps,591046
3184,bike,fixed,decaps,639196
3185,bike,fixed,decaps,598830
3186,bike,fixed,decaps,604531
3187,bike,fixed,decaps,631372
3188,bike,fixed,decaps,659073
3189,bike,fixed,decaps,594583
3190,bike,fixed,decaps,608779
3191,bike,fixed,decaps,624358
3192,bike,fixed,decaps,736308
3193,bike,fixed,decaps,597006
3194,bike,fixed,decaps,586868
3195,bike,fixed,decaps,590185
3196,bike,fixed,decaps,649906
3197,bike,fixed,decaps,619799
3198,bike,fixed,decaps,590184
3199,bike,fixed,decaps,588761
3200,bike,fixed,decaps,627514
3201,bike,fixed,decaps,626552
3202,bike,fixed,decaps,618908
3203,bike,fixed,decaps,611304
3204,bike,fixed,decaps,645117
3205,bike,fixed,decaps,596035
3206,bike,fixed,decaps,590375
3207,bike,fixed,decaps,601526
3208,bike,fixed,decaps,615141
3209,bike,fixed,decaps,608699
3210,bike,fixed,decaps,589483
3211,bike,fixed,decaps,589222
3212,bike,fixed,decaps,607867
3213,bike,fixed,decaps,652060
3214,bike,fixed,decaps,817831
3215,bike,fixed,decaps,620060
3216,bike,fixed,decaps,631161
3217,bike,fixed,decaps,587219
3218,bike,fixed,decaps,622004
3219,bike,fixed,decaps,590424
3220,bike,fixed,decaps,603719
3221,bike,fixed,decaps,647111
3222,bike,fixed,decaps,590104
3223,bike,fixed,decaps,589243
3224,bike,fixed,decaps,599472
3225,bike,fixed,decaps,591467
3226,bike,fixed,decaps,622104
3227,bike,fixed,decaps,597748
3228,bike,fixed,decaps,591146
3229,bike,fixed,decaps,600564
3230,bike,fixed,decaps,610752
3231,bike,fixed,decaps,764250
3232,bike,fixed,decaps,605804
3233,bike,fixed,decaps,599131
3234,bike,fixed,decaps,602517
3235,bike,fixed,decaps,595654
3236,bike,fixed,decaps,634367
3237,bike,fixed,decaps,611554
3238,bike,fixed,decaps,620822
3239,bike,fixed,decaps,629027
3240,bike,fixed,decaps,601345
3241,bike,fixed,decaps,608238
3242,bike,fixed,decaps,586026
3243,bike,fixed,decaps,591346
3244,bike,fixed,decaps,643043
3245,bike,fixed,decaps,637743
3246,bike,fixed,decaps,594082
3247,bike,fixed,decaps,610863
3248,bike,fixed,decaps,732641
3249,bike,fixed,decaps,661788
3250,bike,fixed,decaps,634518
3251,bike,fixed,decaps,649736
3252,bike,fixed,decaps,592759
3253,bike,fixed,decaps,582059
3254,bike,fixed,decaps,623426
3255,bike,fixed,decaps,593200
3256,bike,fixed,decaps,617896
3257,bike,fixed,decaps,590064
3258,bike,fixed,decaps,582851
3259,bike,fixed,decaps,582620
3260,bike,fixed,decaps,582670
3261,bike,fixed,decaps,605583
3262,bike,fixed,decaps,606955
3263,bike,fixed,decaps,612627
3264,bike,fixed,decaps,593179
3265,bike,fixed,decaps,678930
3266,bike,fixed,decaps,795648
3267,bike,fixed,decaps,856252
3268,bike,fixed,decaps,861061
3269,bike,fixed,decaps,999771
3270,bike,fixed,decaps,831155
3271,bike,fixed,decaps,721580
3272,bike,fixed,decaps,704518
3273,bike,fixed,decaps,626082
3274,bike,fixed,decaps,614901
3275,bike,fixed,decaps,665585
3276,bike,fixed,decaps,648965
3277,bike,fixed,decaps,636431
3278,bike,fixed,decaps,621552
3279,bike,fixed,decaps,621433
3280,bike,fixed,decaps,783796
3281,bike,fixed,decaps,623035
3282,bike,fixed,decaps,612205
3283,bike,fixed,decaps,614549
3284,bike,fixed,decaps,628997
3285,bike,fixed,decaps,646941
3286,bike,fixed,decaps,624518
3287,bike,fixed,decaps,624288
3288,bike,fixed,decaps,635960
3289,bike,fixed,decaps,619389
3290,bike,fixed,decaps,617826
3291,bike,fixed,decaps,674101
3292,bike,fixed,decaps,867894
3293,bike,fixed,decaps,944597
3294,bike,fixed,decaps,951841
3295,bike,fixed,decaps,713926
3296,bike,fixed,decaps,845712
3297,bike,fixed,decaps,627444
3298,bike,fixed,decaps,617716
3299,bike,fixed,decaps,618507
3300,bike,fixed,decaps,632203
3301,bike,fixed,decaps,611894
3302,bike,fixed,decaps,612316
3303,bike,fixed,decaps,621984
3304,bike,fixed,decaps,597197
3305,bike,fixed,decaps,610002
3306,bike,fixed,decaps,594172
3307,bike,fixed,decaps,602848
3308,bike,fixed,decaps,598540
3309,bike,fixed,decaps,599292
3310,bike,fixed,decaps,598991
3311,bike,fixed,decaps,611033
3312,bike,fixed,decaps,715339
3313,bike,fixed,decaps,615522
3314,bike,fixed,decaps,587049
3315,bike,fixed,decaps,600724
3316,bike,fixed,decaps,665125
3317,bike,fixed,decaps,597839
3318,bike,fixed,decaps,588391
3319,bike,fixed,decaps,587580
3320,bike,fixed,decaps,589613
3321,bike,fixed,decaps,600894
3322,bike,fixed,decaps,590254
3323,bike,fixed,decaps,604281
3324,bike,fixed,decaps,616102
3325,bike,fixed,decaps,615452
3326,bike,fixed,decaps,597277
3327,bike,fixed,decaps,625881
3328,bike,fixed,decaps,600895
3329,bike,fixed,decaps,594593
3330,bike,fixed,decaps,865760
3331,bike,fixed,decaps,589082
3332,bike,fixed,decaps,622685
3333,bike,fixed,decaps,594543
3334,bike,fixed,decaps,587499
3335,bike,fixed,decaps,592628
3336,bike,fixed,decaps,589403
3337,bike,fixed,decaps,608158
3338,bike,fixed,decaps,626702
3339,bike,fixed,decaps,588361
3340,bike,fixed,decaps,600113
3341,bike,fixed,decaps,594642
3342,bike,fixed,decaps,715539
3343,bike,fixed,decaps,869176
3344,bike,fixed,decaps,1012354
3345,bike,fixed,decaps,952121
3346,bike,fixed,decaps,773757
3347,bike,fixed,decaps,659083
3348,bike,fixed,decaps,621382
3349,bike,fixed,decaps,635299
3350,bike,fixed,decaps,628116
3351,bike,fixed,decaps,622034
3352,bike,fixed,decaps,635099
3353,bike,fixed,decaps,604862
3354,bike,fixed,decaps,629889
3355,bike,fixed,decaps,631872
3356,bike,fixed,decaps,604621
3357,bike,fixed,decaps,610172
3358,bike,fixed,decaps,628266
3359,bike,fixed,decaps,603689
3360,bike,fixed,decaps,597007
3361,bike,fixed,decaps,602177
3362,bike,fixed,decaps,624358
3363,bike,fixed,decaps,722372
3364,bike,fixed,decaps,640288
3365,bike,fixed,decaps,594062
3366,bike,fixed,decaps,593851
3367,bike,fixed,decaps,630219
3368,bike,fixed,decaps,623957
3369,bike,fixed,decaps,840282
3370,bike,fixed,decaps,836916
3371,bike,fixed,decaps,992207
3372,bike,fixed,decaps,901727
3373,bike,fixed,decaps,621603
3374,bike,fixed,decaps,604341
3375,bike,fixed,decaps,610072
3376,bike,fixed,decaps,607046
3377,bike,fixed,decaps,625721
3378,bike,fixed,decaps,654415
3379,bike,fixed,decaps,609099
3380,bike,fixed,decaps,607086
3381,bike,fixed,decaps,610793
3382,bike,fixed,decaps,611995
3383,bike,fixed,decaps,592939
3384,bike,fixed,decaps,590504
3385,bike,fixed,decaps,592248
3386,bike,fixed,decaps,595534
3387,bike,fixed,decaps,605743
3388,bike,fixed,decaps,609731
3389,bike,fixed,decaps,610041
3390,bike,fixed,decaps,592428
3391,bike,fixed,decaps,591637
3392,bike,fixed,decaps,587730
3393,bike,fixed,decaps,662790
3394,bike,fixed,decaps,871390
3395,bike,fixed,decaps,911055
3396,bike,fixed,decaps,985153
3397,bike,fixed,decaps,689109
3398,bike,fixed,decaps,629748
3399,bike,fixed,decaps,625280
3400,bike,fixed,decaps,612526
3401,bike,fixed,decaps,639857
3402,bike,fixed,decaps,631291
3403,bike,fixed,decaps,651790
3404,bike,fixed,decaps,674592
3405,bike,fixed,decaps,606585
3406,bike,fixed,decaps,608138
3407,bike,fixed,decaps,606996
3408,bike,fixed,decaps,654485
3409,bike,fixed,decaps,610743
3410,bike,fixed,decaps,661518
3411,bike,fixed,decaps,640749
3412,bike,fixed,decaps,598711
3413,bike,fixed,decaps,648994
3414,bike,fixed,decaps,590415
3415,bike,fixed,decaps,591236
3416,bike,fixed,decaps,582469
3417,bike,fixed,decaps,627494
3418,bike,fixed,decaps,764911
3419,bike,fixed,decaps,830494
3420,bike,fixed,decaps,926213
3421,bike,fixed,decaps,966879
3422,bike,fixed,decaps,943715
3423,bike,fixed,decaps,940289
3424,bike,fixed,decaps,832748
3425,bike,fixed,decaps,649516
3426,bike,fixed,decaps,628035
3427,bike,fixed,decaps,695231
3428,bike,fixed,decaps,600754
3429,bike,fixed,decaps,599852
3430,bike,fixed,decaps,596777
3431,bike,fixed,decaps,613258
3432,bike,fixed,decaps,599011
3433,bike,fixed,decaps,598339
3434,bike,fixed,decaps,597007
3435,bike,fixed,decaps,594452
3436,bike,fixed,decaps,591035
3437,bike,fixed,decaps,600844
3438,bike,fixed,decaps,607145
3439,bike,fixed,decaps,596937
3440,bike,fixed,decaps,590945
3441,bike,fixed,decaps,591857
3442,bike,fixed,decaps,649736
3443,bike,fixed,decaps,610723
3444,bike,fixed,decaps,596416
3445,bike,fixed,decaps,593841
3446,bike,fixed,decaps,588732
3447,bike,fixed,decaps,673901
3448,bike,fixed,decaps,644706
3449,bike,fixed,decaps,591487
3450,bike,fixed,decaps,702585
3451,bike,fixed,decaps,596616
3452,bike,fixed,decaps,583391
3453,bike,fixed,decaps,604050
3454,bike,fixed,decaps,597498
3455,bike,fixed,decaps,606294
3456,bike,fixed,decaps,670305
3457,bike,fixed,decaps,614299
3458,bike,fixed,decaps,629187
3459,bike,fixed,decaps,612837
3460,bike,fixed,decaps,662059
3461,bike,fixed,decaps,638344
3462,bike,fixed,decaps,693608
3463,bike,fixed,decaps,713145
3464,bike,fixed,decaps,638194
3465,bike,fixed,decaps,589303
3466,bike,fixed,decaps,582550
3467,bike,fixed,decaps,622635
3468,bike,fixed,decaps,590304
3469,bike,fixed,decaps,714497
3470,bike,fixed,decaps,861663
3471,bike,fixed,decaps,946521
3472,bike,fixed,decaps,958684
3473,bike,fixed,decaps,685453
3474,bike,fixed,decaps,805297
3475,bike,fixed,decaps,691544
3476,bike,fixed,decaps,623537
3477,bike,fixed,decaps,620722
3478,bike,fixed,decaps,644526
3479,bike,fixed,decaps,615011
3480,bike,fixed,decaps,635348
3481,bike,fixed,decaps,616804
3482,bike,fixed,decaps,745245
3483,bike,fixed,decaps,728262
3484,bike,fixed,decaps,606746
3485,bike,fixed,decaps,598650
3486,bike,fixed,decaps,605262
3487,bike,fixed,decaps,592809
3488,bike,fixed,decaps,616484
3489,bike,fixed,decaps,608358
3490,bike,fixed,decaps,607396
3491,bike,fixed,decaps,611113
3492,bike,fixed,decaps,630500
3493,bike,fixed,decaps,597468
3494,bike,fixed,decaps,836906
3495,bike,fixed,decaps,907688
3496,bike,fixed,decaps,995492
3497,bike,fixed,decaps,723233
3498,bike,fixed,decaps,603349
3499,bike,fixed,decaps,604862
3500,bike,fixed,decaps,601175
3501,bike,fixed,decaps,604331
3502,bike,fixed,decaps,603118
3503,bike,fixed,decaps,606535
3504,bike,fixed,decaps,604340
3505,bike,fixed,decaps,601225
3506,bike,fixed,decaps,597348
3507,bike,fixed,decaps,601926
3508,bike,fixed,decaps,630790
3509,bike,fixed,decaps,598760
3510,bike,fixed,decaps,596957
3511,bike,fixed,decaps,618488
3512,bike,fixed,decaps,595404
3513,bike,fixed,decaps,589022
3514,bike,fixed,decaps,597067
3515,bike,fixed,decaps,586417
3516,bike,fixed,decaps,589012
3517,bike,fixed,decaps,589362
3518,bike,fixed,decaps,590835
3519,bike,fixed,decaps,660726
3520,bike,fixed,decaps,861842
3521,bike,fixed,decaps,942082
3522,bike,fixed,decaps,961178
3523,bike,fixed,decaps,697636
3524,bike,fixed,decaps,666858
3525,bike,fixed,decaps,637423
3526,bike,fixed,decaps,651529
3527,bike,fixed,decaps,605293
3528,bike,fixed,decaps,620141
3529,bike,fixed,decaps,606485
3530,bike,fixed,decaps,603730
3531,bike,fixed,decaps,594222
3532,bike,fixed,decaps,620641
3533,bike,fixed,decaps,596315
3534,bike,fixed,decaps,630610
3535,bike,fixed,decaps,591297
3536,bike,fixed,decaps,592238
3537,bike,fixed,decaps,598720
3538,bike,fixed,decaps,590485
3539,bike,fixed,decaps,603539
3540,bike,fixed,decaps,653012
3541,bike,fixed,decaps,735826
3542,bike,fixed,decaps,630410
3543,bike,fixed,decaps,601485
3544,bike,fixed,decaps,687095
3545,bike,fixed,decaps,863585
3546,bike,fixed,decaps,944698
3547,bike,fixed,decaps,992567
3548,bike,fixed,decaps,1030248
3549,bike,fixed,decaps,1020019
3550,bike,fixed,decaps,1027973
3551,bike,fixed,decaps,1037721
3552,bike,fixed,decaps,982097
3553,bike,fixed,decaps,1048291
3554,bike,fixed,decaps,802802
3555,bike,fixed,decaps,643965
3556,bike,fixed,decaps,624649
3557,bike,fixed,decaps,624168
3558,bike,fixed,decaps,628997
3559,bike,fixed,decaps,623767
3560,bike,fixed,decaps,628015
3561,bike,fixed,decaps,657830
3562,bike,fixed,decaps,616133
3563,bike,fixed,decaps,619229
3564,bike,fixed,decaps,668331
3565,bike,fixed,decaps,640148
3566,bike,fixed,decaps,624027
3567,bike,fixed,decaps,648633
3568,bike,fixed,decaps,691955
3569,bike,fixed,decaps,732210
3570,bike,fixed,decaps,630259
3571,bike,fixed,decaps,688778
3572,bike,fixed,decaps,674432
3573,bike,fixed,decaps,725187
3574,bike,fixed,decaps,875498
3575,bike,fixed,decaps,717382
3576,bike,fixed,decaps,642772
3577,bike,fixed,decaps,587459
3578,bike,fixed,decaps,586156
3579,bike,fixed,decaps,599251
3580,bike,fixed,decaps,628566
3581,bike,fixed,decaps,593240
3582,bike,fixed,decaps,597308
3583,bike,fixed,decaps,591807
3584,bike,fixed,decaps,626502
3585,bike,fixed,decaps,751325
3586,bike,fixed,decaps,591105
3587,bike,fixed,decaps,588030
3588,bike,fixed,decaps,672227
3589,bike,fixed,decaps,595404
3590,bike,fixed,decaps,621192
3591,bike,fixed,decaps,849238
3592,bike,fixed,decaps,818882
3593,bike,fixed,decaps,598339
3594,bike,fixed,decaps,610292
3595,bike,fixed,decaps,643394
3596,bike,fixed,decaps,627535
3597,bike,fixed,decaps,595925
3598,bike,fixed,decaps,591547
3599,bike,fixed,decaps,591738
3600,bike,fixed,decaps,611564
3601,bike,fixed,decaps,709177
3602,bike,fixed,decaps,596196
3603,bike,fixed,decaps,586778
3604,bike,fixed,decaps,604962
3605,bike,fixed,decaps,588501
3606,bike,fixed,decaps,595244
3607,bike,fixed,decaps,586727
3608,bike,fixed,decaps,594432
3609,bike,fixed,decaps,613719
3610,bike,fixed,decaps,617025
3611,bike,fixed,decaps,599151
3612,bike,fixed,decaps,613849
3613,bike,fixed,decaps,612526
3614,bike,fixed,decaps,620060
3615,bike,fixed,decaps,594572
3616,bike,fixed,decaps,590474
3617,bike,fixed,decaps,659604
3618,bike,fixed,decaps,604401
3619,bike,fixed,decaps,612726
3620,bike,fixed,decaps,598029
3621,bike,fixed,decaps,592358
3622,bike,fixed,decaps,587870
3623,bike,fixed,decaps,632153
3624,bike,fixed,decaps,694760
3625,bike,fixed,decaps,642111
3626,bike,fixed,decaps,669062
3627,bike,fixed,decaps,611675
3628,bike,fixed,decaps,621363
3629,bike,fixed,decaps,745645
3630,bike,fixed,decaps,598500
3631,bike,fixed,decaps,586327
3632,bike,fixed,decaps,593751
3633,bike,fixed,decaps,620451
3634,bike,fixed,decaps,615191
3635,bike,fixed,decaps,608709
3636,bike,fixed,decaps,597979
3637,bike,fixed,decaps,628325
3638,bike,fixed,decaps,583612
3639,bike,fixed,decaps,608479
3640,bike,fixed,decaps,586718
3641,bike,fixed,decaps,586577
3642,bike,fixed,decaps,624829
3643,bike,fixed,decaps,597088
3644,bike,fixed,decaps,601325
3645,bike,fixed,decaps,592939
3646,bike,fixed,decaps,592900
3647,bike,fixed,decaps,596556
3648,bike,fixed,decaps,598740
3649,bike,fixed,decaps,599883
3650,bike,fixed,decaps,617836
3651,bike,fixed,decaps,610101
3652,bike,fixed,decaps,604241
3653,bike,fixed,decaps,637834
3654,bike,fixed,decaps,628586
3655,bike,fixed,decaps,625851
3656,bike,fixed,decaps,591988
3657,bike,fixed,decaps,598049
3658,bike,fixed,decaps,659634
3659,bike,fixed,decaps,633205
3660,bike,fixed,decaps,606275
3661,bike,fixed,decaps,614861
3662,bike,fixed,decaps,634066
3663,bike,fixed,decaps,635509
3664,bike,fixed,decaps,584274
3665,bike,fixed,decaps,586978
3666,bike,fixed,decaps,615972
3667,bike,fixed,decaps,600754
3668,bike,fixed,decaps,585445
3669,bike,fixed,decaps,606094
3670,bike,fixed,decaps,591417
3671,bike,fixed,decaps,605703
3672,bike,fixed,decaps,605192
3673,bike,fixed,decaps,586698
3674,bike,fixed,decaps,597789
3675,bike,fixed,decaps,637252
3676,bike,fixed,decaps,648734
3677,bike,fixed,decaps,654715
3678,bike,fixed,decaps,601315
3679,bike,fixed,decaps,592208
3680,bike,fixed,decaps,641239
3681,bike,fixed,decaps,609350
3682,bike,fixed,decaps,627243
3683,bike,fixed,decaps,608078
3684,bike,fixed,decaps,622364
3685,bike,fixed,decaps,585155
3686,bike,fixed,decaps,596385
3687,bike,fixed,decaps,588421
3688,bike,fixed,decaps,611565
3689,bike,fixed,decaps,598119
3690,bike,fixed,decaps,598319
3691,bike,fixed,decaps,618527
3692,bike,fixed,decaps,619178
3693,bike,fixed,decaps,643925
3694,bike,fixed,decaps,601105
3695,bike,fixed,decaps,592789
3696,bike,fixed,decaps,603700
3697,bike,fixed,decaps,595464
3698,bike,fixed,decaps,590965
3699,bike,fixed,decaps,619389
3700,bike,fixed,decaps,612957
3701,bike,fixed,decaps,678079
3702,bike,fixed,decaps,650386
3703,bike,fixed,decaps,596145
3704,bike,fixed,decaps,653222
3705,bike,fixed,decaps,697295
3706,bike,fixed,decaps,679011
3707,bike,fixed,decaps,647352
3708,bike,fixed,decaps,616694
3709,bike,fixed,decaps,632693
3710,bike,fixed,decaps,589573
3711,bike,fixed,decaps,643273
3712,bike,fixed,decaps,594722
3713,bike,fixed,decaps,589593
3714,bike,fixed,decaps,597809
3715,bike,fixed,decaps,603539
3716,bike,fixed,decaps,609590
3717,bike,fixed,decaps,680253
3718,bike,fixed,decaps,605492
3719,bike,fixed,decaps,591707
3720,bike,fixed,decaps,604721
3721,bike,fixed,decaps,596446
3722,bike,fixed,decaps,590485
3723,bike,fixed,decaps,599692
3724,bike,fixed,decaps,591056
3725,bike,fixed,decaps,598109
3726,bike,fixed,decaps,678380
3727,bike,fixed,decaps,623206
3728,bike,fixed,decaps,591477
3729,bike,fixed,decaps,595373
3730,bike,fixed,decaps,595594
3731,bike,fixed,decaps,766073
3732,bike,fixed,decaps,608920
3733,bike,fixed,decaps,671987
3734,bike,fixed,decaps,661738
3735,bike,fixed,decaps,588181
3736,bike,fixed,decaps,631722
3737,bike,fixed,decaps,586758
3738,bike,fixed,decaps,589673
3739,bike,fixed,decaps,590565
3740,bike,fixed,decaps,751276
3741,bike,fixed,decaps,621933
3742,bike,fixed,decaps,600604
3743,bike,fixed,decaps,624980
3744,bike,fixed,decaps,595113
3745,bike,fixed,decaps,592548
3746,bike,fixed,decaps,597828
3747,bike,fixed,decaps,605222
3748,bike,fixed,decaps,598791
3749,bike,fixed,decaps,594703
3750,bike,fixed,decaps,603019
3751,bike,fixed,decaps,604130
3752,bike,fixed,decaps,633435
3753,bike,fixed,decaps,591617
3754,bike,fixed,decaps,604100
3755,bike,fixed,decaps,590114
3756,bike,fixed,decaps,597548
3757,bike,fixed,decaps,679982
3758,bike,fixed,decaps,639998
3759,bike,fixed,decaps,589512
3760,bike,fixed,decaps,591597
3761,bike,fixed,decaps,588922
3762,bike,fixed,decaps,588481
3763,bike,fixed,decaps,608739
3764,bike,fixed,decaps,590706
3765,bike,fixed,decaps,588090
3766,bike,fixed,decaps,599381
3767,bike,fixed,decaps,608559
3768,bike,fixed,decaps,586978
3769,bike,fixed,decaps,608428
3770,bike,fixed,decaps,603108
3771,bike,fixed,decaps,603178
3772,bike,fixed,decaps,609751
3773,bike,fixed,decaps,712443
3774,bike,fixed,decaps,718795
3775,bike,fixed,decaps,593280
3776,bike,fixed,decaps,591066
3777,bike,fixed,decaps,624849
3778,bike,fixed,decaps,606134
3779,bike,fixed,decaps,737500
3780,bike,fixed,decaps,667138
3781,bike,fixed,decaps,594352
3782,bike,fixed,decaps,590164
3783,bike,fixed,decaps,614670
3784,bike,fixed,decaps,590374
3785,bike,fixed,decaps,609250
3786,bike,fixed,decaps,591457
3787,bike,fixed,decaps,591337
3788,bike,fixed,decaps,588451
3789,bike,fixed,decaps,614119
3790,bike,fixed,decaps,608900
3791,bike,fixed,decaps,605423
3792,bike,fixed,decaps,632804
3793,bike,fixed,decaps,601655
3794,bike,fixed,decaps,596666
3795,bike,fixed,decaps,607807
3796,bike,fixed,decaps,607677
3797,bike,fixed,decaps,594763
3798,bike,fixed,decaps,641440
3799,bike,fixed,decaps,601596
3800,bike,fixed,decaps,610692
3801,bike,fixed,decaps,615301
3802,bike,fixed,decaps,594221
3803,bike,fixed,decaps,597598
3804,bike,fixed,decaps,600935
3805,bike,fixed,decaps,598149
3806,bike,fixed,decaps,595374
3807,bike,fixed,decaps,608248
3808,bike,fixed,decaps,650817
3809,bike,fixed,decaps,842887
3810,bike,fixed,decaps,602247
3811,bike,fixed,decaps,601325
3812,bike,fixed,decaps,626803
3813,bike,fixed,decaps,623407
3814,bike,fixed,decaps,602568
3815,bike,fixed,decaps,649836
3816,bike,fixed,decaps,597779
3817,bike,fixed,decaps,624488
3818,bike,fixed,decaps,600343
3819,bike,fixed,decaps,603699
3820,bike,fixed,decaps,602797
3821,bike,fixed,decaps,618086
3822,bike,fixed,decaps,617396
3823,bike,fixed,decaps,612426
3824,bike,fixed,decaps,599251
3825,bike,fixed,decaps,650077
3826,bike,fixed,decaps,769139
3827,bike,fixed,decaps,609130
3828,bike,fixed,decaps,811078
3829,bike,fixed,decaps,759371
3830,bike,fixed,decaps,615121
3831,bike,fixed,decaps,631972
3832,bike,fixed,decaps,611023
3833,bike,fixed,decaps,653833
3834,bike,fixed,decaps,629818
3835,bike,fixed,decaps,617816
3836,bike,fixed,decaps,664714
3837,bike,fixed,decaps,691283
3838,bike,fixed,decaps,653483
3839,bike,fixed,decaps,649085
3840,bike,fixed,decaps,619278
3841,bike,fixed,decaps,643053
3842,bike,fixed,decaps,780190
3843,bike,fixed,decaps,623276
3844,bike,fixed,decaps,592479
3845,bike,fixed,decaps,628025
3846,bike,fixed,decaps,591777
3847,bike,fixed,decaps,590324
3848,bike,fixed,decaps,618807
3849,bike,fixed,decaps,600243
3850,bike,fixed,decaps,606985
3851,bike,fixed,decaps,604250
3852,bike,fixed,decaps,594512
3853,bike,fixed,decaps,596666
3854,bike,fixed,decaps,606686
3855,bike,fixed,decaps,590375
3856,bike,fixed,decaps,596156
3857,bike,fixed,decaps,606976
3858,bike,fixed,decaps,622605
3859,bike,fixed,decaps,821056
3860,bike,fixed,decaps,627594
3861,bike,fixed,decaps,611614
3862,bike,fixed,decaps,597198
3863,bike,fixed,decaps,593641
3864,bike,fixed,decaps,676406
3865,bike,fixed,decaps,635409
3866,bike,fixed,decaps,785981
3867,bike,fixed,decaps,702394
3868,bike,fixed,decaps,591387
3869,bike,fixed,decaps,606695
3870,bike,fixed,decaps,599852
3871,bike,fixed,decaps,660245
3872,bike,fixed,decaps,613388
3873,bike,fixed,decaps,591596
3874,bike,fixed,decaps,608809
3875,bike,fixed,decaps,651428
3876,bike,fixed,decaps,719716
3877,bike,fixed,decaps,641541
3878,bike,fixed,decaps,590905
3879,bike,fixed,decaps,601686
3880,bike,fixed,decaps,609150
3881,bike,fixed,decaps,599221
3882,bike,fixed,decaps,604972
3883,bike,fixed,decaps,595785
3884,bike,fixed,decaps,594292
3885,bike,fixed,decaps,600263
3886,bike,fixed,decaps,595074
3887,bike,fixed,decaps,605834
3888,bike,fixed,decaps,602588
3889,bike,fixed,decaps,619620
3890,bike,fixed,decaps,614099
3891,bike,fixed,decaps,669653
3892,bike,fixed,decaps,615352
3893,bike,fixed,decaps,783677
3894,bike,fixed,decaps,591687
3895,bike,fixed,decaps,598691
3896,bike,fixed,decaps,614640
3897,bike,fixed,decaps,612335
3898,bike,fixed,decaps,595734
3899,bike,fixed,decaps,597438
3900,bike,fixed,decaps,593651
3901,bike,fixed,decaps,598690
3902,bike,fixed,decaps,601215
3903,bike,fixed,decaps,600413
3904,bike,fixed,decaps,605883
3905,bike,fixed,decaps,621112
3906,bike,fixed,decaps,598239
3907,bike,fixed,decaps,608990
3908,bike,fixed,decaps,601105
3909,bike,fixed,decaps,596275
3910,bike,fixed,decaps,739754
3911,bike,fixed,decaps,644816
3912,bike,fixed,decaps,611845
3913,bike,fixed,decaps,617155
3914,bike,fixed,decaps,617024
3915,bike,fixed,decaps,594642
3916,bike,fixed,decaps,594322
3917,bike,fixed,decaps,596366
3918,bike,fixed,decaps,661358
3919,bike,fixed,decaps,643093
3920,bike,fixed,decaps,593621
3921,bike,fixed,decaps,599221
3922,bike,fixed,decaps,631321
3923,bike,fixed,decaps,661578
3924,bike,fixed,decaps,679862
3925,bike,fixed,decaps,641149
3926,bike,fixed,decaps,612055
3927,bike,fixed,decaps,759351
3928,bike,fixed,decaps,609941
3929,bike,fixed,decaps,593019
3930,bike,fixed,decaps,622965
3931,bike,fixed,decaps,608689
3932,bike,fixed,decaps,614690
3933,bike,fixed,decaps,604711
3934,bike,fixed,decaps,611634
3935,bike,fixed,decaps,631371
3936,bike,fixed,decaps,593240
3937,bike,fixed,decaps,601155
3938,bike,fixed,decaps,667109
3939,bike,fixed,decaps,850190
3940,bike,fixed,decaps,605233
3941,bike,fixed,decaps,602858
3942,bike,fixed,decaps,595213
3943,bike,fixed,decaps,604711
3944,bike,fixed,decaps,804886
3945,bike,fixed,decaps,587780
3946,bike,fixed,decaps,707874
3947,bike,fixed,decaps,710179
3948,bike,fixed,decaps,662079
3949,bike,fixed,decaps,616373
3950,bike,fixed,decaps,596135
3951,bike,fixed,decaps,594512
3952,bike,fixed,decaps,590214
3953,bike,fixed,decaps,590024
3954,bike,fixed,decaps,597538
3955,bike,fixed,decaps,620832
3956,bike,fixed,decaps,605963
3957,bike,fixed,decaps,648904
3958,bike,fixed,decaps,593421
3959,bike,fixed,decaps,593701
3960,bike,fixed,decaps,650357
3961,bike,fixed,decaps,797522
3962,bike,fixed,decaps,751606
3963,bike,fixed,decaps,606505
3964,bike,fixed,decaps,629077
3965,bike,fixed,decaps,614760
3966,bike,fixed,decaps,609731
3967,bike,fixed,decaps,594933
3968,bike,fixed,decaps,594873
3969,bike,fixed,decaps,608679
3970,bike,fixed,decaps,714627
3971,bike,fixed,decaps,670925
3972,bike,fixed,decaps,766855
3973,bike,fixed,decaps,647060
3974,bike,fixed,decaps,600113
3975,bike,fixed,decaps,622154
3976,bike,fixed,decaps,598289
3977,bike,fixed,decaps,790449
3978,bike,fixed,decaps,657410
3979,bike,fixed,decaps,594132
3980,bike,fixed,decaps,617505
3981,bike,fixed,decaps,594292
3982,bike,fixed,decaps,599281
3983,bike,fixed,decaps,649886
3984,bike,fixed,decaps,598710
3985,bike,fixed,decaps,601725
3986,bike,fixed,decaps,653803
3987,bike,fixed,decaps,603890
3988,bike,fixed,decaps,601676
3989,bike,fixed,decaps,590404
3990,bike,fixed,decaps,590244
3991,bike,fixed,decaps,609621
3992,bike,fixed,decaps,598780
3993,bike,fixed,decaps,594572
3994,bike,fixed,decaps,770141
3995,bike,fixed,decaps,720478
3996,bike,fixed,decaps,797672
3997,bike,fixed,decaps,642663
3998,bike,fixed,decaps,639035
3999,bike,fixed,decaps,594823
4000,bike,fixed,decaps,593721
4001,bike,fixed,decaps,633305
4002,bike,fixed,decaps,619109
4003,bike,fixed,decaps,590585
4004,bike,fixed,decaps,589312
4005,bike,fixed,decaps,589142
4006,bike,fixed,decaps,597497
4007,bike,fixed,decaps,602337
4008,bike,fixed,decaps,596076
4009,bike,fixed,decaps,590605
4010,bike,fixed,decaps,658082
4011,bike,fixed,decaps,633295
4012,bike,fixed,decaps,613398
4013,bike,fixed,decaps,596536
4014,bike,fixed,decaps,600103
4015,bike,fixed,decaps,593991
4016,bike,fixed,decaps,593872
4017,bike,fixed,decaps,596987
4018,bike,fixed,decaps,603690
4019,bike,fixed,decaps,693607
4020,bike,fixed,decaps,611945
4021,bike,fixed,decaps,605603
4022,bike,fixed,decaps,682697
4023,bike,fixed,decaps,658582
4024,bike,fixed,decaps,603800
4025,bike,fixed,decaps,591346
4026,bike,fixed,decaps,644846
4027,bike,fixed,decaps,597217
4028,bike,fixed,decaps,609130
4029,bike,fixed,decaps,590956
4030,bike,fixed,decaps,594773
4031,bike,fixed,decaps,593040
4032,bike,fixed,decaps,596406
4033,bike,fixed,decaps,590504
4034,bike,fixed,decaps,602327
4035,bike,fixed,decaps,620942
4036,bike,fixed,decaps,625861
4037,bike,fixed,decaps,638424
4038,bike,fixed,decaps,642322
4039,bike,fixed,decaps,608308
4040,bike,fixed,decaps,590204
4041,bike,fixed,decaps,586247
4042,bike,fixed,decaps,586447
4043,bike,fixed,decaps,594953
4044,bike,fixed,decaps,678269
4045,bike,fixed,decaps,675153
4046,bike,fixed,decaps,726149
4047,bike,fixed,decaps,600994
4048,bike,fixed,decaps,586758
4049,bike,fixed,decaps,668070
4050,bike,fixed,decaps,611915
4051,bike,fixed,decaps,610743
4052,bike,fixed,decaps,650717
4053,bike,fixed,decaps,619298
4054,bike,fixed,decaps,588911
4055,bike,fixed,decaps,605272
4056,bike,fixed,decaps,592328
4057,bike,fixed,decaps,592249
4058,bike,fixed,decaps,599953
4059,bike,fixed,decaps,589954
4060,bike,fixed,decaps,623737
4061,bike,fixed,decaps,638705
4062,bike,fixed,decaps,643003
4063,bike,fixed,decaps,794697
4064,bike,fixed,decaps,590805
4065,bike,fixed,decaps,587008
4066,bike,fixed,decaps,605122
4067,bike,fixed,decaps,582540
4068,bike,fixed,decaps,587489
4069,bike,fixed,decaps,614350
4070,bike,fixed,decaps,593079
4071,bike,fixed,decaps,616624
4072,bike,fixed,decaps,587328
4073,bike,fixed,decaps,582810
4074,bike,fixed,decaps,720648
4075,bike,fixed,decaps,649094
4076,bike,fixed,decaps,590334
4077,bike,fixed,decaps,678961
4078,bike,fixed,decaps,630299
4079,bike,fixed,decaps,644786
4080,bike,fixed,decaps,594813
4081,bike,fixed,decaps,583111
4082,bike,fixed,decaps,621042
4083,bike,fixed,decaps,633956
4084,bike,fixed,decaps,593430
4085,bike,fixed,decaps,659204
4086,bike,fixed,decaps,587499
4087,bike,fixed,decaps,633906
4088,bike,fixed,decaps,587640
4089,bike,fixed,decaps,590175
4090,bike,fixed,decaps,594312
4091,bike,fixed,decaps,585165
4092,bike,fixed,decaps,594812
4093,bike,fixed,decaps,605533
4094,bike,fixed,decaps,680463
4095,bike,fixed,decaps,599642
4096,bike,fixed,decaps,608870
4097,bike,fixed,decaps,682708
4098,bike,fixed,decaps,799445
4099,bike,fixed,decaps,612816
4100,bike,fixed,decaps,621843
4101,bike,fixed,decaps,606334
4102,bike,fixed,decaps,644416
4103,bike,fixed,decaps,703857
4104,bike,fixed,decaps,602568
4105,bike,fixed,decaps,589243
4106,bike,fixed,decaps,594603
4107,bike,fixed,decaps,590335
4108,bike,fixed,decaps,590425
4109,bike,fixed,decaps,614139
4110,bike,fixed,decaps,635509
4111,bike,fixed,decaps,591317
4112,bike,fixed,decaps,595184
4113,bike,fixed,decaps,626733
4114,bike,fixed,decaps,793184
4115,bike,fixed,decaps,604010
4116,bike,fixed,decaps,597077
4117,bike,fixed,decaps,593771
4118,bike,fixed,decaps,631191
4119,bike,fixed,decaps,614700
4120,bike,fixed,decaps,595434
4121,bike,fixed,decaps,594853
4122,bike,fixed,decaps,598220
4123,bike,fixed,decaps,593671
4124,bike,fixed,decaps,593791
4125,bike,fixed,decaps,605563
4126,bike,fixed,decaps,647492
4127,bike,fixed,decaps,599873
4128,bike,fixed,decaps,625931
4129,bike,fixed,decaps,597328
4130,bike,fixed,decaps,645268
4131,bike,fixed,decaps,790268
4132,bike,fixed,decaps,607547
4133,bike,fixed,decaps,597949
4134,bike,fixed,decaps,597167
4135,bike,fixed,decaps,617055
4136,bike,fixed,decaps,592549
4137,bike,fixed,decaps,589683
4138,bike,fixed,decaps,590104
4139,bike,fixed,decaps,625099
4140,bike,fixed,decaps,588441
4141,bike,fixed,decaps,602096
4142,bike,fixed,decaps,588801
4143,bike,fixed,decaps,655065
4144,bike,fixed,decaps,593841
4145,bike,fixed,decaps,588361
4146,bike,fixed,decaps,592589
4147,bike,fixed,decaps,600062
4148,bike,fixed,decaps,663671
4149,bike,fixed,decaps,708416
4150,bike,fixed,decaps,605653
4151,bike,fixed,decaps,647111
4152,bike,fixed,decaps,643824
4153,bike,fixed,decaps,606805
4154,bike,fixed,decaps,616002
4155,bike,fixed,decaps,597959
4156,bike,fixed,decaps,607837
4157,bike,fixed,decaps,659063
4158,bike,fixed,decaps,598931
4159,bike,fixed,decaps,637112
4160,bike,fixed,decaps,587790
4161,bike,fixed,decaps,592739
4162,bike,fixed,decaps,635028
4163,bike,fixed,decaps,615792
4164,bike,fixed,decaps,590044
4165,bike,fixed,decaps,673069
4166,bike,fixed,decaps,719025
4167,bike,fixed,decaps,627023
4168,bike,fixed,decaps,605824
4169,bike,fixed,decaps,589754
4170,bike,fixed,decaps,587399
4171,bike,fixed,decaps,595223
4172,bike,fixed,decaps,605362
4173,bike,fixed,decaps,593691
4174,bike,fixed,decaps,591657
4175,bike,fixed,decaps,594662
4176,bike,fixed,decaps,618236
4177,bike,fixed,decaps,598901
4178,bike,fixed,decaps,625471
4179,bike,fixed,decaps,610222
4180,bike,fixed,decaps,617836
4181,bike,fixed,decaps,602478
4182,bike,fixed,decaps,601586
4183,bike,fixed,decaps,778206
4184,bike,fixed,decaps,710249
4185,bike,fixed,decaps,621232
4186,bike,fixed,decaps,596095
4187,bike,fixed,decaps,597508
4188,bike,fixed,decaps,592358
4189,bike,fixed,decaps,611003
4190,bike,fixed,decaps,625440
4191,bike,fixed,decaps,591237
4192,bike,fixed,decaps,645688
4193,bike,fixed,decaps,645959
4194,bike,fixed,decaps,604581
4195,bike,fixed,decaps,608648
4196,bike,fixed,decaps,600072
4197,bike,fixed,decaps,589293
4198,bike,fixed,decaps,589082
4199,bike,fixed,decaps,582369
4200,bike,fixed,decaps,783105
4201,bike,fixed,decaps,621643
4202,bike,fixed,decaps,629778
4203,bike,fixed,decaps,645968
4204,bike,fixed,decaps,598169
4205,bike,fixed,decaps,604671
4206,bike,fixed,decaps,595164
4207,bike,fixed,decaps,592118
4208,bike,fixed,decaps,591566
4209,bike,fixed,decaps,631041
4210,bike,fixed,decaps,595554
4211,bike,fixed,decaps,614290
4212,bike,fixed,decaps,586518
4213,bike,fixed,decaps,590956
4214,bike,fixed,decaps,590996
4215,bike,fixed,decaps,603069
4216,bike,fixed,decaps,619589
4217,bike,fixed,decaps,644325
4218,bike,fixed,decaps,634998
4219,bike,fixed,decaps,593410
4220,bike,fixed,decaps,587860
4221,bike,fixed,decaps,592258
4222,bike,fixed,decaps,600143
4223,bike,fixed,decaps,589002
4224,bike,fixed,decaps,618587
4225,bike,fixed,decaps,600152
4226,bike,fixed,decaps,607988
4227,bike,fixed,decaps,602427
4228,bike,fixed,decaps,591897
4229,bike,fixed,decaps,592148
4230,bike,fixed,decaps,619359
4231,bike,fixed,decaps,600925
4232,bike,fixed,decaps,630390
4233,bike,fixed,decaps,825034
4234,bike,fixed,decaps,638344
4235,bike,fixed,decaps,597127
4236,bike,fixed,decaps,638074
4237,bike,fixed,decaps,607867
4238,bike,fixed,decaps,598159
4239,bike,fixed,decaps,589432
4240,bike,fixed,decaps,586607
4241,bike,fixed,decaps,589012
4242,bike,fixed,decaps,670014
4243,bike,fixed,decaps,629227
4244,bike,fixed,decaps,589914
4245,bike,fixed,decaps,594953
4246,bike,fixed,decaps,590505
4247,bike,fixed,decaps,597628
4248,bike,fixed,decaps,643183
4249,bike,fixed,decaps,603339
4250,bike,fixed,decaps,605202
4251,bike,fixed,decaps,605713
4252,bike,fixed,decaps,619569
4253,bike,fixed,decaps,599261
4254,bike,fixed,decaps,602357
4255,bike,fixed,decaps,600063
4256,bike,fixed,decaps,609580
4257,bike,fixed,decaps,590004
4258,bike,fixed,decaps,612486
4259,bike,fixed,decaps,774840
4260,bike,fixed,decaps,776523
4261,bike,fixed,decaps,591246
4262,bike,fixed,decaps,585866
4263,bike,fixed,decaps,610842
4264,bike,fixed,decaps,587088
4265,bike,fixed,decaps,602267
4266,bike,fixed,decaps,587068
4267,bike,fixed,decaps,618077
4268,bike,fixed,decaps,622665
4269,bike,fixed,decaps,617536
4270,bike,fixed,decaps,616293
4271,bike,fixed,decaps,589073
4272,bike,fixed,decaps,582700
4273,bike,fixed,decaps,598169
4274,bike,fixed,decaps,588521
4275,bike,fixed,decaps,588200
4276,bike,fixed,decaps,596436
4277,bike,fixed,decaps,588301
4278,bike,fixed,decaps,588692
4279,bike,fixed,decaps,595324
4280,bike,fixed,decaps,588832
4281,bike,fixed,decaps,622114
4282,bike,fixed,decaps,609771
4283,bike,fixed,decaps,588711
4284,bike,fixed,decaps,588892
4285,bike,fixed,decaps,583131
4286,bike,fixed,decaps,596186
4287,bike,fixed,decaps,839751
4288,bike,fixed,decaps,599412
4289,bike,fixed,decaps,592379
4290,bike,fixed,decaps,589122
4291,bike,fixed,decaps,604300
4292,bike,fixed,decaps,606986
4293,bike,fixed,decaps,586798
4294,bike,fixed,decaps,596797
4295,bike,fixed,decaps,614439
4296,bike,fixed,decaps,614499
4297,bike,fixed,decaps,593120
4298,bike,fixed,decaps,614409
4299,bike,fixed,decaps,588721
4300,bike,fixed,decaps,586337
4301,bike,fixed,decaps,586076
4302,bike,fixed,decaps,590505
4303,bike,fixed,decaps,582460
4304,bike,fixed,decaps,591317
4305,bike,fixed,decaps,594442
4306,bike,fixed,decaps,587840
4307,bike,fixed,decaps,582590
4308,bike,fixed,decaps,618226
4309,bike,fixed,decaps,602918
4310,bike,fixed,decaps,588461
4311,bike,fixed,decaps,588571
4312,bike,fixed,decaps,582309
4313,bike,fixed,decaps,586468
4314,bike,fixed,decaps,747539
4315,bike,fixed,decaps,791381
4316,bike,fixed,decaps,587299
4317,bike,fixed,decaps,585455
4318,bike,fixed,decaps,603709
4319,bike,fixed,decaps,586106
4320,bike,fixed,decaps,604641
4321,bike,fixed,decaps,652261
4322,bike,fixed,decaps,905184
4323,bike,fixed,decaps,630529
4324,bike,fixed,decaps,643113
4325,bike,fixed,decaps,761815
4326,bike,fixed,decaps,594302
4327,bike,fixed,decaps,585786
4328,bike,fixed,decaps,592559
4329,bike,fixed,decaps,588832
4330,bike,fixed,decaps,602948
4331,bike,fixed,decaps,587930
4332,bike,fixed,decaps,624178
4333,bike,fixed,decaps,639286
4334,bike,fixed,decaps,743360
4335,bike,fixed,decaps,610602
4336,bike,fixed,decaps,592538
4337,bike,fixed,decaps,592599
4338,bike,fixed,decaps,671897
4339,bike,fixed,decaps,597649
4340,bike,fixed,decaps,701252
4341,bike,fixed,decaps,794828
4342,bike,fixed,decaps,609691
4343,bike,fixed,decaps,607527
4344,bike,fixed,decaps,622184
4345,bike,fixed,decaps,616984
4346,bike,fixed,decaps,680363
4347,bike,fixed,decaps,591988
4348,bike,fixed,decaps,594052
4349,bike,fixed,decaps,624619
4350,bike,fixed,decaps,647501
4351,bike,fixed,decaps,761325
4352,bike,fixed,decaps,590405
4353,bike,fixed,decaps,589924
4354,bike,fixed,decaps,595414
4355,bike,fixed,decaps,634156
4356,bike,fixed,decaps,619549
4357,bike,fixed,decaps,600373
4358,bike,fixed,decaps,639136
4359,bike,fixed,decaps,583391
4360,bike,fixed,decaps,585114
4361,bike,fixed,decaps,589473
4362,bike,fixed,decaps,603539
4363,bike,fixed,decaps,594061
4364,bike,fixed,decaps,586106
4365,bike,fixed,decaps,593991
4366,bike,fixed,decaps,652902
4367,bike,fixed,decaps,602357
4368,bike,fixed,decaps,589343
4369,bike,fixed,decaps,586397
4370,bike,fixed,decaps,596375
4371,bike,fixed,decaps,593640
4372,bike,fixed,decaps,643123
4373,bike,fixed,decaps,639647
4374,bike,fixed,decaps,680103
4375,bike,fixed,decaps,744023
4376,bike,fixed,decaps,723083
4377,bike,fixed,decaps,594041
4378,bike,fixed,decaps,641590
4379,bike,fixed,decaps,592589
4380,bike,fixed,decaps,586077
4381,bike,fixed,decaps,589373
4382,bike,fixed,decaps,601435
4383,bike,fixed,decaps,602327
4384,bike,fixed,decaps,648904
4385,bike,fixed,decaps,593490
4386,bike,fixed,decaps,588892
4387,bike,fixed,decaps,592899
4388,bike,fixed,decaps,586056
4389,bike,fixed,decaps,600413
4390,bike,fixed,decaps,639337
4391,bike,fixed,decaps,621713
4392,bike,fixed,decaps,589553
4393,bike,fixed,decaps,585906
4394,bike,fixed,decaps,607497
4395,bike,fixed,decaps,588341
4396,bike,fixed,decaps,593912
4397,bike,fixed,decaps,590775
4398,bike,fixed,decaps,601515
4399,bike,fixed,decaps,630319
4400,bike,fixed,decaps,637042
4401,bike,fixed,decaps,589653
4402,bike,fixed,decaps,588220
4403,bike,fixed,decaps,590434
4404,bike,fixed,decaps,594833
4405,bike,fixed,decaps,606976
4406,bike,fixed,decaps,592669
4407,bike,fixed,decaps,587018
4408,bike,fixed,decaps,669102
4409,bike,fixed,decaps,589803
4410,bike,fixed,decaps,600343
4411,bike,fixed,decaps,665325
4412,bike,fixed,decaps,590444
4413,bike,fixed,decaps,589282
4414,bike,fixed,decaps,590525
4415,bike,fixed,decaps,586748
4416,bike,fixed,decaps,660827
4417,bike,fixed,decaps,612295
4418,bike,fixed,decaps,587430
4419,bike,fixed,decaps,597748
4420,bike,fixed,decaps,606134
4421,bike,fixed,decaps,597327
4422,bike,fixed,decaps,633134
4423,bike,fixed,decaps,595945
4424,bike,fixed,decaps,662820
4425,bike,fixed,decaps,591647
4426,bike,fixed,decaps,623236
4427,bike,fixed,decaps,757688
4428,bike,fixed,decaps,800368
4429,bike,fixed,decaps,851423
4430,bike,fixed,decaps,840873
4431,bike,fixed,decaps,749171
4432,bike,fixed,decaps,619709
4433,bike,fixed,decaps,592379
4434,bike,fixed,decaps,588110
4435,bike,fixed,decaps,626773
4436,bike,fixed,decaps,646019
4437,bike,fixed,decaps,590855
4438,bike,fixed,decaps,588652
4439,bike,fixed,decaps,709007
4440,bike,fixed,decaps,632704
4441,bike,fixed,decaps,625821
4442,bike,fixed,decaps,607056
4443,bike,fixed,decaps,593470
4444,bike,fixed,decaps,589664
4445,bike,fixed,decaps,588120
4446,bike,fixed,decaps,597297
4447,bike,fixed,decaps,599612
4448,bike,fixed,decaps,681806
4449,bike,fixed,decaps,649044
4450,bike,fixed,decaps,596046
4451,bike,fixed,decaps,590315
4452,bike,fixed,decaps,588591
4453,bike,fixed,decaps,733813
4454,bike,fixed,decaps,808402
4455,bike,fixed,decaps,897850
4456,bike,fixed,decaps,843388
4457,bike,fixed,decaps,768688
4458,bike,fixed,decaps,591787
4459,bike,fixed,decaps,584914
4460,bike,fixed,decaps,716661
4461,bike,fixed,decaps,603850
4462,bike,fixed,decaps,607987
4463,bike,fixed,decaps,597127
4464,bike,fixed,decaps,693498
4465,bike,fixed,decaps,592990
4466,bike,fixed,decaps,833149
4467,bike,fixed,decaps,739403
4468,bike,fixed,decaps,601024
4469,bike,fixed,decaps,591897
4470,bike,fixed,decaps,594793
4471,bike,fixed,decaps,660846
4472,bike,fixed,decaps,853908
4473,bike,fixed,decaps,623216
4474,bike,fixed,decaps,604561
4475,bike,fixed,decaps,603128
4476,bike,fixed,decaps,627494
4477,bike,fixed,decaps,827017
4478,bike,fixed,decaps,846985
4479,bike,fixed,decaps,866531
4480,bike,fixed,decaps,722502
4481,bike,fixed,decaps,623517
4482,bike,fixed,decaps,607307
4483,bike,fixed,decaps,602738
4484,bike,fixed,decaps,603399
4485,bike,fixed,decaps,604771
4486,bike,fixed,decaps,644345
4487,bike,fixed,decaps,599221
4488,bike,fixed,decaps,586418
4489,bike,fixed,decaps,587409
4490,bike,fixed,decaps,599311
4491,bike,fixed,decaps,587159
4492,bike,fixed,decaps,596627
4493,bike,fixed,decaps,604581
4494,bike,fixed,decaps,632333
4495,bike,fixed,decaps,615191
4496,bike,fixed,decaps,633516
4497,bike,fixed,decaps,879787
4498,bike,fixed,decaps,651559
4499,bike,fixed,decaps,592989
4500,bike,fixed,decaps,587158
4501,bike,fixed,decaps,586066
4502,bike,fixed,decaps,632052
4503,bike,fixed,decaps,728072
4504,bike,fixed,decaps,843548
4505,bike,fixed,decaps,834631
4506,bike,fixed,decaps,836936
4507,bike,fixed,decaps,628266
4508,bike,fixed,decaps,592038
4509,bike,fixed,decaps,603540
4510,bike,fixed,decaps,593942
4511,bike,fixed,decaps,590455
4512,bike,fixed,decaps,605513
4513,bike,fixed,decaps,622825
4514,bike,fixed,decaps,627424
4515,bike,fixed,decaps,612345
4516,bike,fixed,decaps,607206
4517,bike,fixed,decaps,604682
4518,bike,fixed,decaps,621363
4519,bike,fixed,decaps,603139
4520,bike,fixed,decaps,591968
4521,bike,fixed,decaps,600093
4522,bike,fixed,decaps,594412
4523,bike,fixed,decaps,841645
4524,bike,fixed,decaps,659183
4525,bike,fixed,decaps,594222
4526,bike,fixed,decaps,616393
4527,bike,fixed,decaps,632564
4528,bike,fixed,decaps,635439
4529,bike,fixed,decaps,591657
4530,bike,fixed,decaps,659163
4531,bike,fixed,decaps,746016
4532,bike,fixed,decaps,824353
4533,bike,fixed,decaps,824523
4534,bike,fixed,decaps,601065
4535,bike,fixed,decaps,604822
4536,bike,fixed,decaps,657560
4537,bike,fixed,decaps,635429
4538,bike,fixed,decaps,734044
4539,bike,fixed,decaps,689690
4540,bike,fixed,decaps,590555
4541,bike,fixed,decaps,634477
4542,bike,fixed,decaps,590244
4543,bike,fixed,decaps,628015
4544,bike,fixed,decaps,825144
4545,bike,fixed,decaps,748561
4546,bike,fixed,decaps,660757
4547,bike,fixed,decaps,588200
4548,bike,fixed,decaps,811308
4549,bike,fixed,decaps,634247
4550,bike,fixed,decaps,584704
4551,bike,fixed,decaps,591086
4552,bike,fixed,decaps,623075
4553,bike,fixed,decaps,634227
4554,bike,fixed,decaps,593060
4555,bike,fixed,decaps,586928
4556,bike,fixed,decaps,592869
4557,bike,fixed,decaps,611764
4558,bike,fixed,decaps,628386
4559,bike,fixed,decaps,594102
4560,bike,fixed,decaps,587108
4561,bike,fixed,decaps,590244
4562,bike,fixed,decaps,586717
4563,bike,fixed,decaps,588130
4564,bike,fixed,decaps,627093
4565,bike,fixed,decaps,630059
4566,bike,fixed,decaps,615903
4567,bike,fixed,decaps,588752
4568,bike,fixed,decaps,585876
4569,bike,fixed,decaps,596235
4570,bike,fixed,decaps,602767
4571,bike,fixed,decaps,589793
4572,bike,fixed,decaps,593079
4573,bike,fixed,decaps,588862
4574,bike,fixed,decaps,633095
4575,bike,fixed,decaps,843858
4576,bike,fixed,decaps,606344
4577,bike,fixed,decaps,586868
4578,bike,fixed,decaps,604641
4579,bike,fixed,decaps,587399
4580,bike,fixed,decaps,644286
4581,bike,fixed,decaps,591316
4582,bike,fixed,decaps,679060
4583,bike,fixed,decaps,590335
4584,bike,fixed,decaps,607387
4585,bike,fixed,decaps,589312
4586,bike,fixed,decaps,608839
4587,bike,fixed,decaps,596647
4588,bike,fixed,decaps,595524
4589,bike,fixed,decaps,631521
4590,bike,fixed,decaps,662169
4591,bike,fixed,decaps,606765
4592,bike,fixed,decaps,600112
4593,bike,fixed,decaps,596185
4594,bike,fixed,decaps,590565
4595,bike,fixed,decaps,592068
4596,bike,fixed,decaps,586297
4597,bike,fixed,decaps,597958
4598,bike,fixed,decaps,618738
4599,bike,fixed,decaps,669362
4600,bike,fixed,decaps,591607
4601,bike,fixed,decaps,721440
4602,bike,fixed,decaps,896027
4603,bike,fixed,decaps,604230
4604,bike,fixed,decaps,596255
4605,bike,fixed,decaps,590384
4606,bike,fixed,decaps,778747
4607,bike,fixed,decaps,638134
4608,bike,fixed,decaps,621112
4609,bike,fixed,decaps,669272
4610,bike,fixed,decaps,697976
4611,bike,fixed,decaps,639116
4612,bike,fixed,decaps,623617
4613,bike,fixed,decaps,593981
4614,bike,fixed,decaps,615592
4615,bike,fixed,decaps,594142
4616,bike,fixed,decaps,590385
4617,bike,fixed,decaps,602778
4618,bike,fixed,decaps,623136
4619,bike,fixed,decaps,597618
4620,bike,fixed,decaps,590344
4621,bike,fixed,decaps,595334
4622,bike,fixed,decaps,658913
4623,bike,fixed,decaps,639427
4624,bike,fixed,decaps,594933
4625,bike,fixed,decaps,590675
4626,bike,fixed,decaps,605674
4627,bike,fixed,decaps,637804
4628,bike,fixed,decaps,608148
4629,bike,fixed,decaps,612606
4630,bike,fixed,decaps,622575
4631,bike,fixed,decaps,646790
4632,bike,fixed,decaps,594252
4633,bike,fixed,decaps,806479
4634,bike,fixed,decaps,671216
4635,bike,fixed,decaps,658272
4636,bike,fixed,decaps,626973
4637,bike,fixed,decaps,595414
4638,bike,fixed,decaps,611133
4639,bike,fixed,decaps,623867
4640,bike,fixed,decaps,594853
4641,bike,fixed,decaps,586768
4642,bike,fixed,decaps,587970
4643,bike,fixed,decaps,606013
4644,bike,fixed,decaps,610893
4645,bike,fixed,decaps,606335
4646,bike,fixed,decaps,614440
4647,bike,fixed,decaps,670525
4648,bike,fixed,decaps,608648
4649,bike,fixed,decaps,605283
4650,bike,fixed,decaps,591206
4651,bike,fixed,decaps,602617
4652,bike,fixed,decaps,628115
4653,bike,fixed,decaps,610432
4654,bike,fixed,decaps,602668
4655,bike,fixed,decaps,661237
4656,bike,fixed,decaps,595644
4657,bike,fixed,decaps,595675
4658,bike,fixed,decaps,588291
4659,bike,fixed,decaps,607277
4660,bike,fixed,decaps,606815
4661,bike,fixed,decaps,785750
4662,bike,fixed,decaps,646470
4663,bike,fixed,decaps,710790
4664,bike,fixed,decaps,592398
4665,bike,fixed,decaps,626352
4666,bike,fixed,decaps,582790
4667,bike,fixed,decaps,585827
4668,bike,fixed,decaps,586327
4669,bike,fixed,decaps,579044
4670,bike,fixed,decaps,615742
4671,bike,fixed,decaps,603158
4672,bike,fixed,decaps,611634
4673,bike,fixed,decaps,652010
4674,bike,fixed,decaps,638335
4675,bike,fixed,decaps,595464
4676,bike,fixed,decaps,603569
4677,bike,fixed,decaps,585576
4678,bike,fixed,decaps,583201
4679,bike,fixed,decaps,584894
4680,bike,fixed,decaps,722382
4681,bike,fixed,decaps,621933
4682,bike,fixed,decaps,646199
4683,bike,fixed,decaps,605182
4684,bike,fixed,decaps,596957
4685,bike,fixed,decaps,590335
4686,bike,fixed,decaps,619158
4687,bike,fixed,decaps,672368
4688,bike,fixed,decaps,721089
4689,bike,fixed,decaps,644275
4690,bike,fixed,decaps,596326
4691,bike,fixed,decaps,587970
4692,bike,fixed,decaps,614920
4693,bike,fixed,decaps,606314
4694,bike,fixed,decaps,623306
4695,bike,fixed,decaps,602417
4696,bike,fixed,decaps,628475
4697,bike,fixed,decaps,661007
4698,bike,fixed,decaps,617906
4699,bike,fixed,decaps,590705
4700,bike,fixed,decaps,600053
4701,bike,fixed,decaps,610893
4702,bike,fixed,decaps,597347
4703,bike,fixed,decaps,603549
4704,bike,fixed,decaps,590915
4705,bike,fixed,decaps,650738
4706,bike,fixed,decaps,599702
4707,bike,fixed,decaps,608569
4708,bike,fixed,decaps,654224
4709,bike,fixed,decaps,660777
4710,bike,fixed,decaps,604611
4711,bike,fixed,decaps,595885
4712,bike,fixed,decaps,636711
4713,bike,fixed,decaps,612135
4714,bike,fixed,decaps,651109
4715,bike,fixed,decaps,762206
4716,bike,fixed,decaps,611774
4717,bike,fixed,decaps,621413
4718,bike,fixed,decaps,646951
4719,bike,fixed,decaps,711321
4720,bike,fixed,decaps,597428
4721,bike,fixed,decaps,653242
4722,bike,fixed,decaps,593270
4723,bike,fixed,decaps,616343
4724,bike,fixed,decaps,606986
4725,bike,fixed,decaps,626052
4726,bike,fixed,decaps,673480
4727,bike,fixed,decaps,925251
4728,bike,fixed,decaps,588992
4729,bike,fixed,decaps,615511
4730,bike,fixed,decaps,593230
4731,bike,fixed,decaps,592639
4732,bike,fixed,decaps,597168
4733,bike,fixed,decaps,635309
4734,bike,fixed,decaps,648844
4735,bike,fixed,decaps,627985
4736,bike,fixed,decaps,602698
4737,bike,fixed,decaps,665455
4738,bike,fixed,decaps,595264
4739,bike,fixed,decaps,708054
4740,bike,fixed,decaps,695220
4741,bike,fixed,decaps,665876
4742,bike,fixed,decaps,595574
4743,bike,fixed,decaps,617715
4744,bike,fixed,decaps,765753
4745,bike,fixed,decaps,622645
4746,bike,fixed,decaps,593341
4747,bike,fixed,decaps,592118
4748,bike,fixed,decaps,591026
4749,bike,fixed,decaps,594271
4750,bike,fixed,decaps,646499
4751,bike,fixed,decaps,596166
4752,bike,fixed,decaps,609901
4753,bike,fixed,decaps,629357
4754,bike,fixed,decaps,591026
4755,bike,fixed,decaps,629097
4756,bike,fixed,decaps,599021
4757,bike,fixed,decaps,590294
4758,bike,fixed,decaps,753600
4759,bike,fixed,decaps,630269
4760,bike,fixed,decaps,597127
4761,bike,fixed,decaps,665515
4762,bike,fixed,decaps,632633
4763,bike,fixed,decaps,592739
4764,bike,fixed,decaps,602297
4765,bike,fixed,decaps,590505
4766,bike,fixed,decaps,602457
4767,bike,fixed,decaps,598850
4768,bike,fixed,decaps,595764
4769,bike,fixed,decaps,592358
4770,bike,fixed,decaps,629558
4771,bike,fixed,decaps,591447
4772,bike,fixed,decaps,605353
4773,bike,fixed,decaps,588541
4774,bike,fixed,decaps,589994
4775,bike,fixed,decaps,603780
4776,bike,fixed,decaps,597127
4777,bike,fixed,decaps,606535
4778,bike,fixed,decaps,601035
4779,bike,fixed,decaps,612336
4780,bike,fixed,decaps,619048
4781,bike,fixed,decaps,589773
4782,bike,fixed,decaps,591466
4783,bike,fixed,decaps,598740
4784,bike,fixed,decaps,587679
4785,bike,fixed,decaps,590515
4786,bike,fixed,decaps,589833
4787,bike,fixed,decaps,661237
4788,bike,fixed,decaps,601565
4789,bike,fixed,decaps,587048
4790,bike,fixed,decaps,596536
4791,bike,fixed,decaps,607036
4792,bike,fixed,decaps,593420
4793,bike,fixed,decaps,606245
4794,bike,fixed,decaps,637273
4795,bike,fixed,decaps,635519
4796,bike,fixed,decaps,631632
4797,bike,fixed,decaps,598990
4798,bike,fixed,decaps,746557
4799,bike,fixed,decaps,630089
4800,bike,fixed,decaps,590114
4801,bike,fixed,decaps,587109
4802,bike,fixed,decaps,588451
4803,bike,fixed,decaps,590344
4804,bike,fixed,decaps,643975
4805,bike,fixed,decaps,595224
4806,bike,fixed,decaps,590405
4807,bike,fixed,decaps,589873
4808,bike,fixed,decaps,609971
4809,bike,fixed,decaps,612806
4810,bike,fixed,decaps,610823
4811,bike,fixed,decaps,601696
4812,bike,fixed,decaps,650107
4813,bike,fixed,decaps,606264
4814,bike,fixed,decaps,596806
4815,bike,fixed,decaps,623196
4816,bike,fixed,decaps,617085
4817,bike,fixed,decaps,615542
4818,bike,fixed,decaps,596335
4819,bike,fixed,decaps,611554
4820,bike,fixed,decaps,633295
4821,bike,fixed,decaps,691513
4822,bike,fixed,decaps,719476
4823,bike,fixed,decaps,631602
4824,bike,fixed,decaps,619529
4825,bike,fixed,decaps,607516
4826,bike,fixed,decaps,731409
4827,bike,fixed,decaps,597829
4828,bike,fixed,decaps,620642
4829,bike,fixed,decaps,606876
4830,bike,fixed,decaps,599893
4831,bike,fixed,decaps,599973
4832,bike,fixed,decaps,590024
4833,bike,fixed,decaps,587890
4834,bike,fixed,decaps,598850
4835,bike,fixed,decaps,593430
4836,bike,fixed,decaps,597578
4837,bike,fixed,decaps,637663
4838,bike,fixed,decaps,604050
4839,bike,fixed,decaps,604060
4840,bike,fixed,decaps,626993
4841,bike,fixed,decaps,595584
4842,bike,fixed,decaps,601996
4843,bike,fixed,decaps,631531
4844,bike,fixed,decaps,586898
4845,bike,fixed,decaps,608148
4846,bike,fixed,decaps,602277
4847,bike,fixed,decaps,587048
4848,bike,fixed,decaps,645438
4849,bike,fixed,decaps,746186
4850,bike,fixed,decaps,682938
4851,bike,fixed,decaps,598169
4852,bike,fixed,decaps,585055
4853,bike,fixed,decaps,714046
4854,bike,fixed,decaps,649535
4855,bike,fixed,decaps,589744
4856,bike,fixed,decaps,605202
4857,bike,fixed,decaps,588651
4858,bike,fixed,decaps,605182
4859,bike,fixed,decaps,602488
4860,bike,fixed,decaps,589203
4861,bike,fixed,decaps,631371
4862,bike,fixed,decaps,601305
4863,bike,fixed,decaps,586448
4864,bike,fixed,decaps,653142
4865,bike,fixed,decaps,592248
4866,bike,fixed,decaps,589764
4867,bike,fixed,decaps,591918
4868,bike,fixed,decaps,591567
4869,bike,fixed,decaps,597187
4870,bike,fixed,decaps,623387
4871,bike,fixed,decaps,597368
4872,bike,fixed,decaps,595043
4873,bike,fixed,decaps,683309
4874,bike,fixed,decaps,626212
4875,bike,fixed,decaps,693407
4876,bike,fixed,decaps,691404
4877,bike,fixed,decaps,607867
4878,bike,fixed,decaps,659754
4879,bike,fixed,decaps,764120
4880,bike,fixed,decaps,749472
4881,bike,fixed,decaps,604571
4882,bike,fixed,decaps,589032
4883,bike,fixed,decaps,610672
4884,bike,fixed,decaps,695912
4885,bike,fixed,decaps,856101
4886,bike,fixed,decaps,588341
4887,bike,fixed,decaps,586817
4888,bike,fixed,decaps,618587
4889,bike,fixed,decaps,583191
4890,bike,fixed,decaps,602026
4891,bike,fixed,decaps,600353
4892,bike,fixed,decaps,584314
4893,bike,fixed,decaps,589884
4894,bike,fixed,decaps,673721
4895,bike,fixed,decaps,606365
4896,bike,fixed,decaps,618307
4897,bike,fixed,decaps,650316
4898,bike,fixed,decaps,609360
4899,bike,fixed,decaps,602647
4900,bike,fixed,decaps,598540
4901,bike,fixed,decaps,725918
4902,bike,fixed,decaps,800518
4903,bike,fixed,decaps,635048
4904,bike,fixed,decaps,761685
4905,bike,fixed,decaps,854569
4906,bike,fixed,decaps,861662
4907,bike,fixed,decaps,867624
4908,bike,fixed,decaps,917908
4909,bike,fixed,decaps,908139
4910,bike,fixed,decaps,918218
4911,bike,fixed,decaps,908840
4912,bike,fixed,decaps,880357
4913,bike,fixed,decaps,881830
4914,bike,fixed,decaps,886879
4915,bike,fixed,decaps,901186
4916,bike,fixed,decaps,928888
4917,bike,fixed,decaps,878464
4918,bike,fixed,decaps,887080
4919,bike,fixed,decaps,1007435
4920,bike,fixed,decaps,898832
4921,bike,fixed,decaps,908059
4922,bike,fixed,decaps,901436
4923,bike,fixed,decaps,903851
4924,bike,fixed,decaps,857014
4925,bike,fixed,decaps,664273
4926,bike,fixed,decaps,619198
4927,bike,fixed,decaps,608969
4928,bike,fixed,decaps,651329
4929,bike,fixed,decaps,618066
4930,bike,fixed,decaps,617535
4931,bike,fixed,decaps,612045
4932,bike,fixed,decaps,606004
4933,bike,fixed,decaps,609330
4934,bike,fixed,decaps,616964
4935,bike,fixed,decaps,610031
4936,bike,fixed,decaps,602027
4937,bike,fixed,decaps,604311
4938,bike,fixed,decaps,738993
4939,bike,fixed,decaps,617666
4940,bike,fixed,decaps,627383
4941,bike,fixed,decaps,609170
4942,bike,fixed,decaps,633886
4943,bike,fixed,decaps,601405
4944,bike,fixed,decaps,663912
4945,bike,fixed,decaps,714777
4946,bike,fixed,decaps,624358
4947,bike,fixed,decaps,603549
4948,bike,fixed,decaps,611885
4949,bike,fixed,decaps,655677
4950,bike,fixed,decaps,757227
4951,bike,fixed,decaps,593451
4952,bike,fixed,decaps,597748
4953,bike,fixed,decaps,593861
4954,bike,fixed,decaps,596346
4955,bike,fixed,decaps,612776
4956,bike,fixed,decaps,593560
4957,bike,fixed,decaps,594141
4958,bike,fixed,decaps,631291
4959,bike,fixed,decaps,596406
4960,bike,fixed,decaps,599692
4961,bike,fixed,decaps,592870
4962,bike,fixed,decaps,590365
4963,bike,fixed,decaps,592368
4964,bike,fixed,decaps,598870
4965,bike,fixed,decaps,665685
4966,bike,fixed,decaps,599823
4967,bike,fixed,decaps,625210
4968,bike,fixed,decaps,587439
4969,bike,fixed,decaps,592298
4970,bike,fixed,decaps,588471
4971,bike,fixed,decaps,596195
4972,bike,fixed,decaps,696092
4973,bike,fixed,decaps,704047
4974,bike,fixed,decaps,589192
4975,bike,fixed,decaps,609751
4976,bike,fixed,decaps,613638
4977,bike,fixed,decaps,586968
4978,bike,fixed,decaps,614109
4979,bike,fixed,decaps,604341
4980,bike,fixed,decaps,588531
4981,bike,fixed,decaps,587509
4982,bike,fixed,decaps,613428
4983,bike,fixed,decaps,587980
4984,bike,fixed,decaps,585335
4985,bike,fixed,decaps,586618
4986,bike,fixed,decaps,582320
4987,bike,fixed,decaps,602337
4988,bike,fixed,decaps,610432
4989,bike,fixed,decaps,604171
4990,bike,fixed,decaps,606545
4991,bike,fixed,decaps,627294
4992,bike,fixed,decaps,616524
4993,bike,fixed,decaps,626592
4994,bike,fixed,decaps,585866
4995,bike,fixed,decaps,591527
4996,bike,fixed,decaps,586588
4997,bike,fixed,decaps,582700
4998,bike,fixed,decaps,605793
4999,bike,fixed,decaps,733903
5000,bike,fixed,decaps,652992
5001,bike,fixed,decaps,618998
5002,bike,fixed,decaps,597798
5003,bike,fixed,decaps,727611
5004,bike,fixed,decaps,788726
5005,bike,fixed,decaps,591076
5006,bike,fixed,decaps,585486
5007,bike,fixed,decaps,583843
5008,bike,fixed,decaps,618137
5009,bike,fixed,decaps,620130
5010,bike,fixed,decaps,613978
5011,bike,fixed,decaps,598279
5012,bike,fixed,decaps,592819
5013,bike,fixed,decaps,590996
5014,bike,fixed,decaps,598450
5015,bike,fixed,decaps,604631
5016,bike,fixed,decaps,589583
5017,bike,fixed,decaps,612236
5018,bike,fixed,decaps,591717
5019,bike,fixed,decaps,595995
5020,bike,fixed,decaps,598620
5021,bike,fixed,decaps,587199
5022,bike,fixed,decaps,589002
5023,bike,fixed,decaps,588331
5024,bike,fixed,decaps,588521
5025,bike,fixed,decaps,588591
5026,bike,fixed,decaps,685703
5027,bike,fixed,decaps,591747
5028,bike,fixed,decaps,586718
5029,bike,fixed,decaps,593931
5030,bike,fixed,decaps,586317
5031,bike,fixed,decaps,606745
5032,bike,fixed,decaps,588962
5033,bike,fixed,decaps,598780
5034,bike,fixed,decaps,625630
5035,bike,fixed,decaps,586738
5036,bike,fixed,decaps,595574
5037,bike,fixed,decaps,594342
5038,bike,fixed,decaps,590094
5039,bike,fixed,decaps,591797
5040,bike,fixed,decaps,584002
5041,bike,fixed,decaps,589924
5042,bike,fixed,decaps,601135
5043,bike,fixed,decaps,622915
5044,bike,fixed,decaps,616573
5045,bike,fixed,decaps,631351
5046,bike,fixed,decaps,593921
5047,bike,fixed,decaps,591356
5048,bike,fixed,decaps,616964
5049,bike,fixed,decaps,592147
5050,bike,fixed,decaps,657811
5051,bike,fixed,decaps,745825
5052,bike,fixed,decaps,636070
5053,bike,fixed,decaps,631200
5054,bike,fixed,decaps,627384
5055,bike,fixed,decaps,592238
5056,bike,fixed,decaps,585866
5057,bike,fixed,decaps,592719
5058,bike,fixed,decaps,609681
5059,bike,fixed,decaps,675223
5060,bike,fixed,decaps,621413
5061,bike,fixed,decaps,726078
5062,bike,fixed,decaps,692586
5063,bike,fixed,decaps,604061
5064,bike,fixed,decaps,699158
5065,bike,fixed,decaps,628235
5066,bike,fixed,decaps,590765
5067,bike,fixed,decaps,649535
5068,bike,fixed,decaps,685212
5069,bike,fixed,decaps,837186
5070,bike,fixed,decaps,725057
5071,bike,fixed,decaps,619990
5072,bike,fixed,decaps,668131
5073,bike,fixed,decaps,696664
5074,bike,fixed,decaps,628536
5075,bike,fixed,decaps,655166
5076,bike,fixed,decaps,590695
5077,bike,fixed,decaps,612375
5078,bike,fixed,decaps,608558
5079,bike,fixed,decaps,763007
5080,bike,fixed,decaps,620521
5081,bike,fixed,decaps,599211
5082,bike,fixed,decaps,592989
5083,bike,fixed,decaps,698236
5084,bike,fixed,decaps,604641
5085,bike,fixed,decaps,597428
5086,bike,fixed,decaps,590495
5087,bike,fixed,decaps,592860
5088,bike,fixed,decaps,620772
5089,bike,fixed,decaps,671517
5090,bike,fixed,decaps,612867
5091,bike,fixed,decaps,612767
5092,bike,fixed,decaps,612025
5093,bike,fixed,decaps,620260
5094,bike,fixed,decaps,629417
5095,bike,fixed,decaps,617144
5096,bike,fixed,decaps,617736
5097,bike,fixed,decaps,610252
5098,bike,fixed,decaps,641781
5099,bike,fixed,decaps,645918
5100,bike,fixed,decaps,602468
5101,bike,fixed,decaps,590665
5102,bike,fixed,decaps,600263
5103,bike,fixed,decaps,597037
5104,bike,fixed,decaps,602717
5105,bike,fixed,decaps,592278
5106,bike,fixed,decaps,622165
5107,bike,fixed,decaps,589754
5108,bike,fixed,decaps,659454
5109,bike,fixed,decaps,599742
5110,bike,fixed,decaps,588851
5111,bike,fixed,decaps,609821
5112,bike,fixed,decaps,587069
5113,bike,fixed,decaps,592058
5114,bike,fixed,decaps,590505
5115,bike,fixed,decaps,587178
5116,bike,fixed,decaps,654975
5117,bike,fixed,decaps,594742
5118,bike,fixed,decaps,592899
5119,bike,fixed,decaps,593160
5120,bike,fixed,decaps,588641
5121,bike,fixed,decaps,588772
5122,bike,fixed,decaps,599612
5123,bike,fixed,decaps,590394
5124,bike,fixed,decaps,596736
5125,bike,fixed,decaps,636260
5126,bike,fixed,decaps,602067
5127,bike,fixed,decaps,600794
5128,bike,fixed,decaps,590134
5129,bike,fixed,decaps,589934
5130,bike,fixed,decaps,587349
5131,bike,fixed,decaps,612997
5132,bike,fixed,decaps,589974
5133,bike,fixed,decaps,636711
5134,bike,fixed,decaps,611885
5135,bike,fixed,decaps,607386
5136,bike,fixed,decaps,614290
5137,bike,fixed,decaps,590575
5138,bike,fixed,decaps,609150
5139,bike,fixed,decaps,591066
5140,bike,fixed,decaps,593179
5141,bike,fixed,decaps,608248
5142,bike,fixed,decaps,658091
5143,bike,fixed,decaps,596456
5144,bike,fixed,decaps,597668
5145,bike,fixed,decaps,582831
5146,bike,fixed,decaps,609270
5147,bike,fixed,decaps,585846
5148,bike,fixed,decaps,583121
5149,bike,fixed,decaps,604100
5150,bike,fixed,decaps,586798
5151,bike,fixed,decaps,590605
5152,bike,fixed,decaps,589784
5153,bike,fixed,decaps,733683
5154,bike,fixed,decaps,641060
5155,bike,fixed,decaps,607707
5156,bike,fixed,decaps,586627
5157,bike,fixed,decaps,586717
5158,bike,fixed,decaps,586176
5159,bike,fixed,decaps,622955
5160,bike,fixed,decaps,598670
5161,bike,fixed,decaps,590585
5162,bike,fixed,decaps,590254
5163,bike,fixed,decaps,590094
5164,bike,fixed,decaps,590986
5165,bike,fixed,decaps,586337
5166,bike,fixed,decaps,597809
5167,bike,fixed,decaps,613358
5168,bike,fixed,decaps,586587
5169,bike,fixed,decaps,601705
5170,bike,fixed,decaps,591467
5171,bike,fixed,decaps,613638
5172,bike,fixed,decaps,613908
5173,bike,fixed,decaps,587189
5174,bike,fixed,decaps,586367
5175,bike,fixed,decaps,601876
5176,bike,fixed,decaps,634066
5177,bike,fixed,decaps,607447
5178,bike,fixed,decaps,589734
5179,bike,fixed,decaps,585966
5180,bike,fixed,decaps,585275
5181,bike,fixed,decaps,586948
5182,bike,fixed,decaps,586868
5183,bike,fixed,decaps,595054
5184,bike,fixed,decaps,606675
5185,bike,fixed,decaps,582830
5186,bike,fixed,decaps,601585
5187,bike,fixed,decaps,583221
5188,bike,fixed,decaps,594151
5189,bike,fixed,decaps,582840
5190,bike,fixed,decaps,582890
5191,bike,fixed,decaps,593640
5192,bike,fixed,decaps,589523
5193,bike,fixed,decaps,624839
5194,bike,fixed,decaps,598981
5195,bike,fixed,decaps,589293
5196,bike,fixed,decaps,592519
5197,bike,fixed,decaps,590645
5198,bike,fixed,decaps,586547
5199,bike,fixed,decaps,607687
5200,bike,fixed,decaps,587209
5201,bike,fixed,decaps,589213
5202,bike,fixed,decaps,586878
5203,bike,fixed,decaps,612366
5204,bike,fixed,decaps,591527
5205,bike,fixed,decaps,595053
5206,bike,fixed,decaps,615732
5207,bike,fixed,decaps,590043
5208,bike,fixed,decaps,590455
5209,bike,fixed,decaps,625451
5210,bike,fixed,decaps,618237
5211,bike,fixed,decaps,595755
5212,bike,fixed,decaps,579585
5213,bike,fixed,decaps,582410
5214,bike,fixed,decaps,581318
5215,bike,fixed,decaps,592589
5216,bike,fixed,decaps,598219
5217,bike,fixed,decaps,601616
5218,bike,fixed,decaps,632433
5219,bike,fixed,decaps,665134
5220,bike,fixed,decaps,590345
5221,bike,fixed,decaps,591357
5222,bike,fixed,decaps,645227
5223,bike,fixed,decaps,591246
5224,bike,fixed,decaps,582359
5225,bike,fixed,decaps,606094
5226,bike,fixed,decaps,674753
5227,bike,fixed,decaps,636792
5228,bike,fixed,decaps,585816
5229,bike,fixed,decaps,586537
5230,bike,fixed,decaps,587168
5231,bike,fixed,decaps,581598
5232,bike,fixed,decaps,579394
5233,bike,fixed,decaps,588250
5234,bike,fixed,decaps,636691
5235,bike,fixed,decaps,637804
5236,bike,fixed,decaps,596145
5237,bike,fixed,decaps,590064
5238,bike,fixed,decaps,599041
5239,bike,fixed,decaps,628727
5240,bike,fixed,decaps,583582
5241,bike,fixed,decaps,582650
5242,bike,fixed,decaps,605353
5243,bike,fixed,decaps,595515
5244,bike,fixed,decaps,652571
5245,bike,fixed,decaps,603409
5246,bike,fixed,decaps,589293
5247,bike,fixed,decaps,586959
5248,bike,fixed,decaps,593490
5249,bike,fixed,decaps,602688
5250,bike,fixed,decaps,579855
5251,bike,fixed,decaps,607957
5252,bike,fixed,decaps,689079
5253,bike,fixed,decaps,591106
5254,bike,fixed,decaps,624990
5255,bike,fixed,decaps,596255
5256,bike,fixed,decaps,594492
5257,bike,fixed,decaps,594102
5258,bike,fixed,decaps,593210
5259,bike,fixed,decaps,609650
5260,bike,fixed,decaps,608027
5261,bike,fixed,decaps,601145
5262,bike,fixed,decaps,602908
5263,bike,fixed,decaps,596696
5264,bike,fixed,decaps,612386
5265,bike,fixed,decaps,609440
5266,bike,fixed,decaps,609110
5267,bike,fixed,decaps,595554
5268,bike,fixed,decaps,604311
5269,bike,fixed,decaps,673199
5270,bike,fixed,decaps,609901
5271,bike,fixed,decaps,601746
5272,bike,fixed,decaps,612596
5273,bike,fixed,decaps,604521
5274,bike,fixed,decaps,801119
5275,bike,fixed,decaps,627985
5276,bike,fixed,decaps,641300
5277,bike,fixed,decaps,659925
5278,bike,fixed,decaps,595975
5279,bike,fixed,decaps,586738
5280,bike,fixed,decaps,664433
5281,bike,fixed,decaps,655236
5282,bike,fixed,decaps,594812
5283,bike,fixed,decaps,589934
5284,bike,fixed,decaps,591357
5285,bike,fixed,decaps,595083
5286,bike,fixed,decaps,637012
5287,bike,fixed,decaps,608048
5288,bike,fixed,decaps,598690
5289,bike,fixed,decaps,600243
5290,bike,fixed,decaps,602097
5291,bike,fixed,decaps,596296
5292,bike,fixed,decaps,673961
5293,bike,fixed,decaps,601566
5294,bike,fixed,decaps,657461
5295,bike,fixed,decaps,593911
5296,bike,fixed,decaps,601476
5297,bike,fixed,decaps,603419
5298,bike,fixed,decaps,602938
5299,bike,fixed,decaps,603570
5300,bike,fixed,decaps,592078
5301,bike,fixed,decaps,629297
5302,bike,fixed,decaps,658742
5303,bike,fixed,decaps,622785
5304,bike,fixed,decaps,594472
5305,bike,fixed,decaps,586567
5306,bike,fixed,decaps,587779
5307,bike,fixed,decaps,595855
5308,bike,fixed,decaps,605243
5309,bike,fixed,decaps,636932
5310,bike,fixed,decaps,621573
5311,bike,fixed,decaps,608699
5312,bike,fixed,decaps,595995
5313,bike,fixed,decaps,589743
5314,bike,fixed,decaps,595764
5315,bike,fixed,decaps,591687
5316,bike,fixed,decaps,586367
5317,bike,fixed,decaps,589713
5318,bike,fixed,decaps,586597
5319,bike,fixed,decaps,634907
5320,bike,fixed,decaps,613277
5321,bike,fixed,decaps,590374
5322,bike,fixed,decaps,620881
5323,bike,fixed,decaps,587590
5324,bike,fixed,decaps,603219
5325,bike,fixed,decaps,600564
5326,bike,fixed,decaps,590886
5327,bike,fixed,decaps,586488
5328,bike,fixed,decaps,673570
5329,bike,fixed,decaps,603459
5330,bike,fixed,decaps,589062
5331,bike,fixed,decaps,624388
5332,bike,fixed,decaps,591156
5333,bike,fixed,decaps,591597
5334,bike,fixed,decaps,586738
5335,bike,fixed,decaps,590555
5336,bike,fixed,decaps,601455
5337,bike,fixed,decaps,644947
5338,bike,fixed,decaps,626653
5339,bike,fixed,decaps,611975
5340,bike,fixed,decaps,587960
5341,bike,fixed,decaps,585846
5342,bike,fixed,decaps,621122
5343,bike,fixed,decaps,587249
5344,bike,fixed,decaps,604762
5345,bike,fixed,decaps,622284
5346,bike,fixed,decaps,589473
5347,bike,fixed,decaps,600634
5348,bike,fixed,decaps,586898
5349,bike,fixed,decaps,590064
5350,bike,fixed,decaps,589613
5351,bike,fixed,decaps,595103
5352,bike,fixed,decaps,594282
5353,bike,fixed,decaps,638765
5354,bike,fixed,decaps,595584
5355,bike,fixed,decaps,593871
5356,bike,fixed,decaps,591035
5357,bike,fixed,decaps,620030
5358,bike,fixed,decaps,607897
5359,bike,fixed,decaps,613407
5360,bike,fixed,decaps,609040
5361,bike,fixed,decaps,607056
5362,bike,fixed,decaps,605323
5363,bike,fixed,decaps,595925
5364,bike,fixed,decaps,614390
5365,bike,fixed,decaps,586337
5366,bike,fixed,decaps,586607
5367,bike,fixed,decaps,584203
5368,bike,fixed,decaps,587810
5369,bike,fixed,decaps,601676
5370,bike,fixed,decaps,585195
5371,bike,fixed,decaps,589212
5372,bike,fixed,decaps,611354
5373,bike,fixed,decaps,616603
5374,bike,fixed,decaps,650858
5375,bike,fixed,decaps,625100
5376,bike,fixed,decaps,583381
5377,bike,fixed,decaps,587930
5378,bike,fixed,decaps,587269
5379,bike,fixed,decaps,625640
5380,bike,fixed,decaps,598340
5381,bike,fixed,decaps,583362
5382,bike,fixed,decaps,608959
5383,bike,fixed,decaps,602908
5384,bike,fixed,decaps,599642
5385,bike,fixed,decaps,582610
5386,bike,fixed,decaps,616664
5387,bike,fixed,decaps,627274
5388,bike,fixed,decaps,586768
5389,bike,fixed,decaps,595825
5390,bike,fixed,decaps,612756
5391,bike,fixed,decaps,625360
5392,bike,fixed,decaps,631282
5393,bike,fixed,decaps,587560
5394,bike,fixed,decaps,588822
5395,bike,fixed,decaps,610623
5396,bike,fixed,decaps,616102
5397,bike,fixed,decaps,620872
5398,bike,fixed,decaps,586858
5399,bike,fixed,decaps,595995
5400,bike,fixed,decaps,592078
5401,bike,fixed,decaps,590254
5402,bike,fixed,decaps,653603
5403,bike,fixed,decaps,591667
5404,bike,fixed,decaps,623286
5405,bike,fixed,decaps,615612
5406,bike,fixed,decaps,588822
5407,bike,fixed,decaps,608698
5408,bike,fixed,decaps,611494
5409,bike,fixed,decaps,605954
5410,bike,fixed,decaps,656618
5411,bike,fixed,decaps,616904
5412,bike,fixed,decaps,657340
5413,bike,fixed,decaps,604701
5414,bike,fixed,decaps,583202
5415,bike,fixed,decaps,584704
5416,bike,fixed,decaps,582841
5417,bike,fixed,decaps,591307
5418,bike,fixed,decaps,602297
5419,bike,fixed,decaps,591897
5420,bike,fixed,decaps,585646
5421,bike,fixed,decaps,585275
5422,bike,fixed,decaps,593531
5423,bike,fixed,decaps,591016
5424,bike,fixed,decaps,836255
5425,bike,fixed,decaps,613187
5426,bike,fixed,decaps,594172
5427,bike,fixed,decaps,604702
5428,bike,fixed,decaps,697124
5429,bike,fixed,decaps,705950
5430,bike,fixed,decaps,590154
5431,bike,fixed,decaps,587429
5432,bike,fixed,decaps,583322
5433,bike,fixed,decaps,583131
5434,bike,fixed,decaps,601326
5435,bike,fixed,decaps,599212
5436,bike,fixed,decaps,588691
5437,bike,fixed,decaps,617816
5438,bike,fixed,decaps,622034
5439,bike,fixed,decaps,594142
5440,bike,fixed,decaps,655046
5441,bike,fixed,decaps,632383
5442,bike,fixed,decaps,590344
5443,bike,fixed,decaps,605282
5444,bike,fixed,decaps,621673
5445,bike,fixed,decaps,594562
5446,bike,fixed,decaps,640769
5447,bike,fixed,decaps,589533
5448,bike,fixed,decaps,588731
5449,bike,fixed,decaps,592709
5450,bike,fixed,decaps,591747
5451,bike,fixed,decaps,598480
5452,bike,fixed,decaps,595023
5453,bike,fixed,decaps,598660
5454,bike,fixed,decaps,635218
5455,bike,fixed,decaps,588211
5456,bike,fixed,decaps,592118
5457,bike,fixed,decaps,608889
5458,bike,fixed,decaps,617035
5459,bike,fixed,decaps,588972
5460,bike,fixed,decaps,588220
5461,bike,fixed,decaps,609340
5462,bike,fixed,decaps,597689
5463,bike,fixed,decaps,642783
5464,bike,fixed,decaps,611624
5465,bike,fixed,decaps,591376
5466,bike,fixed,decaps,623897
5467,bike,fixed,decaps,601014
5468,bike,fixed,decaps,633405
5469,bike,fixed,decaps,586377
5470,bike,fixed,decaps,588872
5471,bike,fixed,decaps,600604
5472,bike,fixed,decaps,631131
5473,bike,fixed,decaps,625601
5474,bike,fixed,decaps,592839
5475,bike,fixed,decaps,606144
5476,bike,fixed,decaps,598530
5477,bike,fixed,decaps,595565
5478,bike,fixed,decaps,590645
5479,bike,fixed,decaps,600172
5480,bike,fixed,decaps,621633
5481,bike,fixed,decaps,589523
5482,bike,fixed,decaps,804736
5483,bike,fixed,decaps,605934
5484,bike,fixed,decaps,602718
5485,bike,fixed,decaps,589272
5486,bike,fixed,decaps,586818
5487,bike,fixed,decaps,594813
5488,bike,fixed,decaps,726770
5489,bike,fixed,decaps,619670
5490,bike,fixed,decaps,604952
5491,bike,fixed,decaps,610011
5492,bike,fixed,decaps,596576
5493,bike,fixed,decaps,648994
5494,bike,fixed,decaps,593581
5495,bike,fixed,decaps,615451
5496,bike,fixed,decaps,626483
5497,bike,fixed,decaps,637183
5498,bike,fixed,decaps,592148
5499,bike,fixed,decaps,585034
5500,bike,fixed,decaps,623206
5501,bike,fixed,decaps,585466
5502,bike,fixed,decaps,583212
5503,bike,fixed,decaps,626081
5504,bike,fixed,decaps,632634
5505,bike,fixed,decaps,593220
5506,bike,fixed,decaps,599631
5507,bike,fixed,decaps,600293
5508,bike,fixed,decaps,589443
5509,bike,fixed,decaps,594072
5510,bike,fixed,decaps,590856
5511,bike,fixed,decaps,593681
5512,bike,fixed,decaps,602057
5513,bike,fixed,decaps,616263
5514,bike,fixed,decaps,593090
5515,bike,fixed,decaps,633656
5516,bike,fixed,decaps,592147
5517,bike,fixed,decaps,654525
5518,bike,fixed,decaps,595104
5519,bike,fixed,decaps,588511
5520,bike,fixed,decaps,586698
5521,bike,fixed,decaps,624508
5522,bike,fixed,decaps,599933
5523,bike,fixed,decaps,614390
5524,bike,fixed,decaps,587109
5525,bike,fixed,decaps,586618
5526,bike,fixed,decaps,593781
5527,bike,fixed,decaps,586868
5528,bike,fixed,decaps,596025
5529,bike,fixed,decaps,589673
5530,bike,fixed,decaps,628196
5531,bike,fixed,decaps,589563
5532,bike,fixed,decaps,619219
5533,bike,fixed,decaps,650377
5534,bike,fixed,decaps,638514
5535,bike,fixed,decaps,590645
5536,bike,fixed,decaps,591647
5537,bike,fixed,decaps,584704
5538,bike,fixed,decaps,659705
5539,bike,fixed,decaps,598870
5540,bike,fixed,decaps,587669
5541,bike,fixed,decaps,599201
5542,bike,fixed,decaps,587630
5543,bike,fixed,decaps,595815
5544,bike,fixed,decaps,594964
5545,bike,fixed,decaps,591066
5546,bike,fixed,decaps,601315
5547,bike,fixed,decaps,637443
5548,bike,fixed,decaps,599652
5549,bike,fixed,decaps,598911
5550,bike,fixed,decaps,624889
5551,bike,fixed,decaps,633004
5552,bike,fixed,decaps,588731
5553,bike,fixed,decaps,589433
5554,bike,fixed,decaps,595304
5555,bike,fixed,decaps,625670
5556,bike,fixed,decaps,596726
5557,bike,fixed,decaps,623206
5558,bike,fixed,decaps,636160
5559,bike,fixed,decaps,595093
5560,bike,fixed,decaps,586407
5561,bike,fixed,decaps,601836
5562,bike,fixed,decaps,586077
5563,bike,fixed,decaps,607086
5564,bike,fixed,decaps,596066
5565,bike,fixed,decaps,802532
5566,bike,fixed,decaps,787202
5567,bike,fixed,decaps,684742
5568,bike,fixed,decaps,600012
5569,bike,fixed,decaps,625260
5570,bike,fixed,decaps,638846
5571,bike,fixed,decaps,687806
5572,bike,fixed,decaps,609640
5573,bike,fixed,decaps,626582
5574,bike,fixed,decaps,595164
5575,bike,fixed,decaps,594472
5576,bike,fixed,decaps,606384
5577,bike,fixed,decaps,591517
5578,bike,fixed,decaps,598129
5579,bike,fixed,decaps,606344
5580,bike,fixed,decaps,618307
5581,bike,fixed,decaps,611704
5582,bike,fixed,decaps,624418
5583,bike,fixed,decaps,596296
5584,bike,fixed,decaps,649516
5585,bike,fixed,decaps,627644
5586,bike,fixed,decaps,590215
5587,bike,fixed,decaps,613618
5588,bike,fixed,decaps,642161
5589,bike,fixed,decaps,589493
5590,bike,fixed,decaps,592519
5591,bike,fixed,decaps,632935
5592,bike,fixed,decaps,615421
5593,bike,fixed,decaps,594663
5594,bike,fixed,decaps,595404
5595,bike,fixed,decaps,590615
5596,bike,fixed,decaps,582851
5597,bike,fixed,decaps,607166
5598,bike,fixed,decaps,602627
5599,bike,fixed,decaps,616654
5600,bike,fixed,decaps,587459
5601,bike,fixed,decaps,655547
5602,bike,fixed,decaps,608709
5603,bike,fixed,decaps,594592
5604,bike,fixed,decaps,780741
5605,bike,fixed,decaps,671296
5606,bike,fixed,decaps,608769
5607,bike,fixed,decaps,584864
5608,bike,fixed,decaps,590415
5609,bike,fixed,decaps,604802
5610,bike,fixed,decaps,586648
5611,bike,fixed,decaps,589132
5612,bike,fixed,decaps,586648
5613,bike,fixed,decaps,585997
5614,bike,fixed,decaps,590375
5615,bike,fixed,decaps,593100
5616,bike,fixed,decaps,647421
5617,bike,fixed,decaps,587609
5618,bike,fixed,decaps,594071
5619,bike,fixed,decaps,615141
5620,bike,fixed,decaps,610112
5621,bike,fixed,decaps,623497
5622,bike,fixed,decaps,591176
5623,bike,fixed,decaps,605984
5624,bike,fixed,decaps,616664
5625,bike,fixed,decaps,664664
5626,bike,fixed,decaps,651819
5627,bike,fixed,decaps,706452
5628,bike,fixed,decaps,616684
5629,bike,fixed,decaps,759942
5630,bike,fixed,decaps,608269
5631,bike,fixed,decaps,585465
5632,bike,fixed,decaps,595664
5633,bike,fixed,decaps,585335
5634,bike,fixed,decaps,625290
5635,bike,fixed,decaps,594743
5636,bike,fixed,decaps,631041
5637,bike,fixed,decaps,586948
5638,bike,fixed,decaps,633566
5639,bike,fixed,decaps,604792
5640,bike,fixed,decaps,591667
5641,bike,fixed,decaps,654404
5642,bike,fixed,decaps,587509
5643,bike,fixed,decaps,591206
5644,bike,fixed,decaps,599482
5645,bike,fixed,decaps,590625
5646,bike,fixed,decaps,670214
5647,bike,fixed,decaps,623276
5648,bike,fixed,decaps,592799
5649,bike,fixed,decaps,586868
5650,bike,fixed,decaps,588702
5651,bike,fixed,decaps,588902
5652,bike,fixed,decaps,597097
5653,bike,fixed,decaps,653553
5654,bike,fixed,decaps,751426
5655,bike,fixed,decaps,595875
5656,bike,fixed,decaps,647181
5657,bike,fixed,decaps,587559
5658,bike,fixed,decaps,617485
5659,bike,fixed,decaps,585946
5660,bike,fixed,decaps,590665
5661,bike,fixed,decaps,594673
5662,bike,fixed,decaps,603379
5663,bike,fixed,decaps,626161
5664,bike,fixed,decaps,585065
5665,bike,fixed,decaps,588782
5666,bike,fixed,decaps,649505
5667,bike,fixed,decaps,642532
5668,bike,fixed,decaps,600253
5669,bike,fixed,decaps,590125
5670,bike,fixed,decaps,626673
5671,bike,fixed,decaps,620941
5672,bike,fixed,decaps,583712
5673,bike,fixed,decaps,591015
5674,bike,fixed,decaps,601495
5675,bike,fixed,decaps,633104
5676,bike,fixed,decaps,586868
5677,bike,fixed,decaps,587229
5678,bike,fixed,decaps,592649
5679,bike,fixed,decaps,586818
5680,bike,fixed,decaps,765502
5681,bike,fixed,decaps,629758
5682,bike,fixed,decaps,596676
5683,bike,fixed,decaps,597728
5684,bike,fixed,decaps,598029
5685,bike,fixed,decaps,611834
5686,bike,fixed,decaps,615752
5687,bike,fixed,decaps,686504
5688,bike,fixed,decaps,672118
5689,bike,fixed,decaps,615832
5690,bike,fixed,decaps,700741
5691,bike,fixed,decaps,651970
5692,bike,fixed,decaps,608198
5693,bike,fixed,decaps,613327
5694,bike,fixed,decaps,602007
5695,bike,fixed,decaps,638454
5696,bike,fixed,decaps,662730
5697,bike,fixed,decaps,598249
5698,bike,fixed,decaps,592138
5699,bike,fixed,decaps,723935
5700,bike,fixed,decaps,710700
5701,bike,fixed,decaps,592639
5702,bike,fixed,decaps,589754
5703,bike,fixed,decaps,591106
5704,bike,fixed,decaps,681985
5705,bike,fixed,decaps,746848
5706,bike,fixed,decaps,802301
5707,bike,fixed,decaps,856452
5708,bike,fixed,decaps,854609
5709,bike,fixed,decaps,810587
5710,bike,fixed,decaps,625430
5711,bike,fixed,decaps,706963
5712,bike,fixed,decaps,593230
5713,bike,fixed,decaps,590925
5714,bike,fixed,decaps,591637
5715,bike,fixed,decaps,599021
5716,bike,fixed,decaps,594211
5717,bike,fixed,decaps,638354
5718,bike,fixed,decaps,607486
5719,bike,fixed,decaps,613488
5720,bike,fixed,decaps,605713
5721,bike,fixed,decaps,590605
5722,bike,fixed,decaps,590054
5723,bike,fixed,decaps,598960
5724,bike,fixed,decaps,595173
5725,bike,fixed,decaps,596195
5726,bike,fixed,decaps,656198
5727,bike,fixed,decaps,627664
5728,bike,fixed,decaps,596436
5729,bike,fixed,decaps,593611
5730,bike,fixed,decaps,614830
5731,bike,fixed,decaps,662530
5732,bike,fixed,decaps,832628
5733,bike,fixed,decaps,860029
5734,bike,fixed,decaps,932645
5735,bike,fixed,decaps,729956
5736,bike,fixed,decaps,597228
5737,bike,fixed,decaps,588752
5738,bike,fixed,decaps,586708
5739,bike,fixed,decaps,589984
5740,bike,fixed,decaps,588962
5741,bike,fixed,decaps,601826
5742,bike,fixed,decaps,589393
5743,bike,fixed,decaps,613148
5744,bike,fixed,decaps,625180
5745,bike,fixed,decaps,5091876
5746,bike,fixed,decaps,7218836
5747,bike,fixed,decaps,7834217
5748,bike,fixed,decaps,7134859
5749,bike,fixed,decaps,7748457
5750,bike,fixed,decaps,7305819
5751,bike,fixed,decaps,8775228
5752,bike,fixed,decaps,8445171
5753,bike,fixed,decaps,7722599
5754,bike,fixed,decaps,7456721
5755,bike,fixed,decaps,8413120
5756,bike,fixed,decaps,8253502
5757,bike,fixed,decaps,8050182
5758,bike,fixed,decaps,7486888
5759,bike,fixed,decaps,8280753
5760,bike,fixed,decaps,7981112
5761,bike,fixed,decaps,8509932
5762,bike,fixed,decaps,7197246
5763,bike,fixed,decaps,8917134
5764,bike,fixed,decaps,8514550
5765,bike,fixed,decaps,8052246
5766,bike,fixed,decaps,8173262
5767,bike,fixed,decaps,8933474
5768,bike,fixed,decaps,7530009
5769,bike,fixed,decaps,8877710
5770,bike,fixed,decaps,8276415
5771,bike,fixed,decaps,8359240
5772,bike,fixed,decaps,7419772
5773,bike,fixed,decaps,8445651
5774,bike,fixed,decaps,7807368
5775,bike,fixed,decaps,8786088
5776,bike,fixed,decaps,7630777
5777,bike,fixed,decaps,8720076
5778,bike,fixed,decaps,7972417
5779,bike,fixed,decaps,8696010
5780,bike,fixed,decaps,8065470
5781,bike,fixed,decaps,9024304
5782,bike,fixed,decaps,7937150
5783,bike,fixed,decaps,8757686
5784,bike,fixed,decaps,10657580
5785,bike,fixed,decaps,8050682
5786,bike,fixed,decaps,7932972
5787,bike,fixed,decaps,8589480
5788,bike,fixed,decaps,8361825
5789,bike,fixed,decaps,8526072
5790,bike,fixed,decaps,7550266
5791,bike,fixed,decaps,8368768
5792,bike,fixed,decaps,8615630
5793,bike,fixed,decaps,7728200
5794,bike,fixed,decaps,7268059
5795,bike,fixed,decaps,6716636
5796,bike,fixed,decaps,8129580
5797,bike,fixed,decaps,7901594
5798,bike,fixed,decaps,7970122
5799,bike,fixed,decaps,7140089
5800,bike,fixed,decaps,7756132
5801,bike,fixed,decaps,7962317
5802,bike,fixed,decaps,7493049
5803,bike,fixed,decaps,7428449
5804,bike,fixed,decaps,7789184
5805,bike,fixed,decaps,8834148
5806,bike,fixed,decaps,8328232
5807,bike,fixed,decaps,8444951
5808,bike,fixed,decaps,7479995
5809,bike,fixed,decaps,8166389
5810,bike,fixed,decaps,7623444
5811,bike,fixed,decaps,7676683
5812,bike,fixed,decaps,7436835
5813,bike,fixed,decaps,7792981
5814,bike,fixed,decaps,7869424
5815,bike,fixed,decaps,7379737
5816,bike,fixed,decaps,7367745
5817,bike,fixed,decaps,7118569
5818,bike,fixed,decaps,7760910
5819,bike,fixed,decaps,8391871
5820,bike,fixed,decaps,8245287
5821,bike,fixed,decaps,8456101
5822,bike,fixed,decaps,10334456
5823,bike,fixed,decaps,8448086
5824,bike,fixed,decaps,8020797
5825,bike,fixed,decaps,7992123
5826,bike,fixed,decaps,8419993
5827,bike,fixed,decaps,8031276
5828,bike,fixed,decaps,8100186
5829,bike,fixed,decaps,7913295
5830,bike,fixed,decaps,7970603
5831,bike,fixed,decaps,8978929
5832,bike,fixed,decaps,9066654
5833,bike,fixed,decaps,8753517
5834,bike,fixed,decaps,9409245
5835,bike,fixed,decaps,8893570
5836,bike,fixed,decaps,9143357
5837,bike,fixed,decaps,9023522
5838,bike,fixed,decaps,8991664
5839,bike,fixed,decaps,8850990
5840,bike,fixed,decaps,9003455
5841,bike,fixed,decaps,7948912
5842,bike,fixed,decaps,7970994
5843,bike,fixed,decaps,7639252
5844,bike,fixed,decaps,8143045
5845,bike,fixed,decaps,7612182
5846,bike,fixed,decaps,9216594
5847,bike,fixed,decaps,9477682
5848,bike,fixed,decaps,9066383
5849,bike,fixed,decaps,8451032
5850,bike,fixed,decaps,8486217
5851,bike,fixed,decaps,8957138
5852,bike,fixed,decaps,8229447
5853,bike,fixed,decaps,7629875
5854,bike,fixed,decaps,8416587
5855,bike,fixed,decaps,8857392
5856,bike,fixed,decaps,8007662
5857,bike,fixed,decaps,7979620
5858,bike,fixed,decaps,8147634
5859,bike,fixed,decaps,8199571
5860,bike,fixed,decaps,9132597
5861,bike,fixed,decaps,8499563
5862,bike,fixed,decaps,8667546
5863,bike,fixed,decaps,9198560
5864,bike,fixed,decaps,9011150
5865,bike,fixed,decaps,9667929
5866,bike,fixed,decaps,7910660
5867,bike,fixed,decaps,8259003
5868,bike,fixed,decaps,8202366
5869,bike,fixed,decaps,8877730
5870,bike,fixed,decaps,7144928
5871,bike,fixed,decaps,9047948
5872,bike,fixed,decaps,8520672
5873,bike,fixed,decaps,8075198
5874,bike,fixed,decaps,8321510
5875,bike,fixed,decaps,8845360
5876,bike,fixed,decaps,9051004
5877,bike,fixed,decaps,7204379
5878,bike,fixed,decaps,7844878
5879,bike,fixed,decaps,7983307
5880,bike,fixed,decaps,7690509
5881,bike,fixed,decaps,8466490
5882,bike,fixed,decaps,8329123
5883,bike,fixed,decaps,8524148
5884,bike,fixed,decaps,7779225
5885,bike,fixed,decaps,8129159
5886,bike,fixed,decaps,8064328
5887,bike,fixed,decaps,8492259
5888,bike,fixed,decaps,8968159
5889,bike,fixed,decaps,8752135
5890,bike,fixed,decaps,7750321
5891,bike,fixed,decaps,9107189
5892,bike,fixed,decaps,7840850
5893,bike,fixed,decaps,8434842
5894,bike,fixed,decaps,8308756
5895,bike,fixed,decaps,8347708
5896,bike,fixed,decaps,7254032
5897,bike,fixed,decaps,8334534
5898,bike,fixed,decaps,8243103
5899,bike,fixed,decaps,8412659
5900,bike,fixed,decaps,8887297
5901,bike,fixed,decaps,8302514
5902,bike,fixed,decaps,8579292
5903,bike,fixed,decaps,7959963
5904,bike,fixed,decaps,8661906
5905,bike,fixed,decaps,8557351
5906,bike,fixed,decaps,8545638
5907,bike,fixed,decaps,8861119
5908,bike,fixed,decaps,8632551
5909,bike,fixed,decaps,9530351
5910,bike,fixed,decaps,8547432
5911,bike,fixed,decaps,8797400
5912,bike,fixed,decaps,8301462
5913,bike,fixed,decaps,8330276
5914,bike,fixed,decaps,8554986
5915,bike,fixed,decaps,8439701
5916,bike,fixed,decaps,7607313
5917,bike,fixed,decaps,7971916
5918,bike,fixed,decaps,9438509
5919,bike,fixed,decaps,9001271
5920,bike,fixed,decaps,10238596
5921,bike,fixed,decaps,8755682
5922,bike,fixed,decaps,7848775
5923,bike,fixed,decaps,9499113
5924,bike,fixed,decaps,9858616
5925,bike,fixed,decaps,8221762
5926,bike,fixed,decaps,8532223
5927,bike,fixed,decaps,9313666
5928,bike,fixed,decaps,8150219
5929,bike,fixed,decaps,8584200
5930,bike,fixed,decaps,9376072
5931,bike,fixed,decaps,9589682
5932,bike,fixed,decaps,10237274
5933,bike,fixed,decaps,9036187
5934,bike,fixed,decaps,8355302
5935,bike,fixed,decaps,8941689
5936,bike,fixed,decaps,9703525
5937,bike,fixed,decaps,7210831
5938,bike,fixed,decaps,8611282
5939,bike,fixed,decaps,9144068
5940,bike,fixed,decaps,8368618
5941,bike,fixed,decaps,8998766
5942,bike,fixed,decaps,8977176
5943,bike,fixed,decaps,9539638
5944,bike,fixed,decaps,8466240
5945,bike,fixed,decaps,7901042
5946,bike,fixed,decaps,9360513
5947,bike,fixed,decaps,10004588
5948,bike,fixed,decaps,8869725
5949,bike,fixed,decaps,8360512
5950,bike,fixed,decaps,8091088
5951,bike,fixed,decaps,8763657
5952,bike,fixed,decaps,8971496
5953,bike,fixed,decaps,8734031
5954,bike,fixed,decaps,8900092
5955,bike,fixed,decaps,8599720
5956,bike,fixed,decaps,8248623
5957,bike,fixed,decaps,7926791
5958,bike,fixed,decaps,8424422
5959,bike,fixed,decaps,7936760
5960,bike,fixed,decaps,8633212
5961,bike,fixed,decaps,8531051
5962,bike,fixed,decaps,8562931
5963,bike,fixed,decaps,8491687
5964,bike,fixed,decaps,8765991
5965,bike,fixed,decaps,8499633
5966,bike,fixed,decaps,9759079
5967,bike,fixed,decaps,9088815
5968,bike,fixed,decaps,8896565
5969,bike,fixed,decaps,9253243
5970,bike,fixed,decaps,9092322
5971,bike,fixed,decaps,9066614
5972,bike,fixed,decaps,9462023
5973,bike,fixed,decaps,8194372
5974,bike,fixed,decaps,8936730
5975,bike,fixed,decaps,8120203
5976,bike,fixed,decaps,8998036
5977,bike,fixed,decaps,8950857
5978,bike,fixed,decaps,8673859
5979,bike,fixed,decaps,8111066
5980,bike,fixed,decaps,8903358
5981,bike,fixed,decaps,8861430
5982,bike,fixed,decaps,8923707
5983,bike,fixed,decaps,9170137
5984,bike,fixed,decaps,9163215
5985,bike,fixed,decaps,9243043
5986,bike,fixed,decaps,9047848
5987,bike,fixed,decaps,9026218
5988,bike,fixed,decaps,8701239
5989,bike,fixed,decaps,8533155
5990,bike,fixed,decaps,9174315
5991,bike,fixed,decaps,8813460
5992,bike,fixed,decaps,9096499
5993,bike,fixed,decaps,7651115
5994,bike,fixed,decaps,8233285
5995,bike,fixed,decaps,8988447
5996,bike,fixed,decaps,10182381
5997,bike,fixed,decaps,9295381
5998,bike,fixed,decaps,8319546
5999,bike,fixed,decaps,7829479
6000,bike,fixed,decaps,10495366
6001,bike,fixed,decaps,8468635
6002,bike,fixed,decaps,8612384
6003,bike,fixed,decaps,9049762
6004,bike,fixed,decaps,8895233
6005,bike,fixed,decaps,8239425
6006,bike,fixed,decaps,8173483
6007,bike,fixed,decaps,7533615
6008,bike,fixed,decaps,7816524
6009,bike,fixed,decaps,8773445
6010,bike,fixed,decaps,8642941
6011,bike,fixed,decaps,8742136
6012,bike,fixed,decaps,8899220
6013,bike,fixed,decaps,8654231
6014,bike,fixed,decaps,8240708
6015,bike,fixed,decaps,7373676
6016,bike,fixed,decaps,8451633
6017,bike,fixed,decaps,7853314
6018,bike,fixed,decaps,8131143
6019,bike,fixed,decaps,8295952
6020,bike,fixed,decaps,7803921
6021,bike,fixed,decaps,8450961
6022,bike,fixed,decaps,8669881
6023,bike,fixed,decaps,9066974
6024,bike,fixed,decaps,8132025
6025,bike,fixed,decaps,8567329
6026,bike,fixed,decaps,9074167
6027,bike,fixed,decaps,8869675
6028,bike,fixed,decaps,9739272
6029,bike,fixed,decaps,9199912
6030,bike,fixed,decaps,9023763
6031,bike,fixed,decaps,7571656
6032,bike,fixed,decaps,8410195
6033,bike,fixed,decaps,7689407
6034,bike,fixed,decaps,7441383
6035,bike,fixed,decaps,8817417
6036,bike,fixed,decaps,8955115
6037,bike,fixed,decaps,9223237
6038,bike,fixed,decaps,9090348
6039,bike,fixed,decaps,7546569
6040,bike,fixed,decaps,7693855
6041,bike,fixed,decaps,7946889
6042,bike,fixed,decaps,8586716
6043,bike,fixed,decaps,9098503
6044,bike,fixed,decaps,8795516
6045,bike,fixed,decaps,8983749
6046,bike,fixed,decaps,9027520
6047,bike,fixed,decaps,8889172
6048,bike,fixed,decaps,9054391
6049,bike,fixed,decaps,9304889
6050,bike,fixed,decaps,9066734
6051,bike,fixed,decaps,9122919
6052,bike,fixed,decaps,9074217
6053,bike,fixed,decaps,9086391
6054,bike,fixed,decaps,8960274
6055,bike,fixed,decaps,8951558
6056,bike,fixed,decaps,9288459
6057,bike,fixed,decaps,8055942
6058,bike,fixed,decaps,8679188
6059,bike,fixed,decaps,8964933
6060,bike,fixed,decaps,9124181
6061,bike,fixed,decaps,7880003
6062,bike,fixed,decaps,7757123
6063,bike,fixed,decaps,8874735
6064,bike,fixed,decaps,8591484
6065,bike,fixed,decaps,7681261
6066,bike,fixed,decaps,8701891
6067,bike,fixed,decaps,8341537
6068,bike,fixed,decaps,7195232
6069,bike,fixed,decaps,8644784
6070,bike,fixed,decaps,8505043
6071,bike,fixed,decaps,8664321
6072,bike,fixed,decaps,8564143
6073,bike,fixed,decaps,8270975
6074,bike,fixed,decaps,8231070
6075,bike,fixed,decaps,8983057
6076,bike,fixed,decaps,7808690
6077,bike,fixed,decaps,8287606
6078,bike,fixed,decaps,8030404
6079,bike,fixed,decaps,8237653
6080,bike,fixed,decaps,8913437
6081,bike,fixed,decaps,8270704
6082,bike,fixed,decaps,8352998
6083,bike,fixed,decaps,8662808
6084,bike,fixed,decaps,8751033
6085,bike,fixed,decaps,9299398
6086,bike,fixed,decaps,8500905
6087,bike,fixed,decaps,8912124
6088,bike,fixed,decaps,8400908
6089,bike,fixed,decaps,8439079
6090,bike,fixed,decaps,8634936
6091,bike,fixed,decaps,7946608
6092,bike,fixed,decaps,9921502
6093,bike,fixed,decaps,9480628
6094,bike,fixed,decaps,9863654
6095,bike,fixed,decaps,9360534
6096,bike,fixed,decaps,9735144
6097,bike,fixed,decaps,9624748
6098,bike,fixed,decaps,9462695
6099,bike,fixed,decaps,9626481
6100,bike,fixed,decaps,9826916
6101,bike,fixed,decaps,9420496
6102,bike,fixed,decaps,9673940
6103,bike,fixed,decaps,9484716
6104,bike,fixed,decaps,9447386
6105,bike,fixed,decaps,9124021
6106,bike,fixed,decaps,9099826
6107,bike,fixed,decaps,9425465
6108,bike,fixed,decaps,9364501
6109,bike,fixed,decaps,9357137
6110,bike,fixed,decaps,9532956
6111,bike,fixed,decaps,9092402
6112,bike,fixed,decaps,10051396
6113,bike,fixed,decaps,10026249
6114,bike,fixed,decaps,9639636
6115,bike,fixed,decaps,9582288
6116,bike,fixed,decaps,9592057
6117,bike,fixed,decaps,9070520
6118,bike,fixed,decaps,9470990
6119,bike,fixed,decaps,9142375
6120,bike,fixed,decaps,10025277
6121,bike,fixed,decaps,9753378
6122,bike,fixed,decaps,9646779
6123,bike,fixed,decaps,8811797
6124,bike,fixed,decaps,9057667
6125,bike,fixed,decaps,9233876
6126,bike,fixed,decaps,9361495
6127,bike,fixed,decaps,9137276
6128,bike,fixed,decaps,9366565
6129,bike,fixed,decaps,9751485
6130,bike,fixed,decaps,9661907
6131,bike,fixed,decaps,9242803
6132,bike,fixed,decaps,9220351
6133,bike,fixed,decaps,9124542
6134,bike,fixed,decaps,9252712
6135,bike,fixed,decaps,8959383
6136,bike,fixed,decaps,8883200
6137,bike,fixed,decaps,9141804
6138,bike,fixed,decaps,9213588
6139,bike,fixed,decaps,9174075
6140,bike,fixed,decaps,8948623
6141,bike,fixed,decaps,9377435
6142,bike,fixed,decaps,9411329
6143,bike,fixed,decaps,9572350
6144,bike,fixed,decaps,8856601
6145,bike,fixed,decaps,8864936
6146,bike,fixed,decaps,9550528
6147,bike,fixed,decaps,8728020
6148,bike,fixed,decaps,9036086
6149,bike,fixed,decaps,9235609
6150,bike,fixed,decaps,9124562
6151,bike,fixed,decaps,8917103
6152,bike,fixed,decaps,8441374
6153,bike,fixed,decaps,9501797
6154,bike,fixed,decaps,9663981
6155,bike,fixed,decaps,8775528
6156,bike,fixed,decaps,9357177
6157,bike,fixed,decaps,9823369
6158,bike,fixed,decaps,10028253
6159,bike,fixed,decaps,8742046
6160,bike,fixed,decaps,9480808
6161,bike,fixed,decaps,9400448
6162,bike,fixed,decaps,9400618
6163,bike,fixed,decaps,4607270
6164,bike,fixed,decaps,2070885
6165,bike,fixed,decaps,1863907
6166,bike,fixed,decaps,1279194
6167,bike,fixed,decaps,1346028
6168,bike,fixed,decaps,1181240
6169,bike,fixed,decaps,1061907
6170,bike,fixed,decaps,879766
6171,bike,fixed,decaps,908499
6172,bike,fixed,decaps,736688
6173,bike,fixed,decaps,904402
6174,bike,fixed,decaps,705069
6175,bike,fixed,decaps,700240
6176,bike,fixed,decaps,721289
6177,bike,fixed,decaps,605724
6178,bike,fixed,decaps,640709
6179,bike,fixed,decaps,765132
6180,bike,fixed,decaps,646770
6181,bike,fixed,decaps,588311
6182,bike,fixed,decaps,568764
6183,bike,fixed,decaps,631502
6184,bike,fixed,decaps,649445
6185,bike,fixed,decaps,653684
6186,bike,fixed,decaps,634548
6187,bike,fixed,decaps,660535
6188,bike,fixed,decaps,623998
6189,bike,fixed,decaps,619620
6190,bike,fixed,decaps,664543
6191,bike,fixed,decaps,604280
6192,bike,fixed,decaps,578542
6193,bike,fixed,decaps,715398
6194,bike,fixed,decaps,654514
6195,bike,fixed,decaps,582259
6196,bike,fixed,decaps,676235
6197,bike,fixed,decaps,631491
6198,bike,fixed,decaps,646810
6199,bike,fixed,decaps,647301
6200,bike,fixed,decaps,614691
6201,bike,fixed,decaps,578031
6202,bike,fixed,decaps,642382
6203,bike,fixed,decaps,615863
6204,bike,fixed,decaps,590355
6205,bike,fixed,decaps,617284
6206,bike,fixed,decaps,631351
6207,bike,fixed,decaps,579865
6208,bike,fixed,decaps,601285
6209,bike,fixed,decaps,578302
6210,bike,fixed,decaps,843558
6211,bike,fixed,decaps,676496
6212,bike,fixed,decaps,606274
6213,bike,fixed,decaps,589624
6214,bike,fixed,decaps,677959
6215,bike,fixed,decaps,608298
6216,bike,fixed,decaps,585185
6217,bike,fixed,decaps,583752
6218,bike,fixed,decaps,630980
6219,bike,fixed,decaps,604281
6220,bike,fixed,decaps,616473
6221,bike,fixed,decaps,643193
6222,bike,fixed,decaps,603349
6223,bike,fixed,decaps,574716
6224,bike,fixed,decaps,568253
6225,bike,fixed,decaps,604320
6226,bike,fixed,decaps,623467
6227,bike,fixed,decaps,638375
6228,bike,fixed,decaps,572962
6229,bike,fixed,decaps,596055
6230,bike,fixed,decaps,628305
6231,bike,fixed,decaps,624298
6232,bike,fixed,decaps,668781
6233,bike,fixed,decaps,629387
6234,bike,fixed,decaps,616654
6235,bike,fixed,decaps,694289
6236,bike,fixed,decaps,591247
6237,bike,fixed,decaps,568814
6238,bike,fixed,decaps,639166
6239,bike,fixed,decaps,645067
6240,bike,fixed,decaps,644205
6241,bike,fixed,decaps,679582
6242,bike,fixed,decaps,628796
6243,bike,fixed,decaps,653993
6244,bike,fixed,decaps,621573
6245,bike,fixed,decaps,576739
6246,bike,fixed,decaps,632303
6247,bike,fixed,decaps,701453
6248,bike,fixed,decaps,635258
6249,bike,fixed,decaps,745886
6250,bike,fixed,decaps,687968
6251,bike,fixed,decaps,608438
6252,bike,fixed,decaps,678259
6253,bike,fixed,decaps,600313
6254,bike,fixed,decaps,581919
6255,bike,fixed,decaps,595694
6256,bike,fixed,decaps,618066
6257,bike,fixed,decaps,608959
6258,bike,fixed,decaps,786492
6259,bike,fixed,decaps,838989
6260,bike,fixed,decaps,660626
6261,bike,fixed,decaps,661107
6262,bike,fixed,decaps,641780
6263,bike,fixed,decaps,657009
6264,bike,fixed,decaps,696012
6265,bike,fixed,decaps,645427
6266,bike,fixed,decaps,761425
6267,bike,fixed,decaps,736428
6268,bike,fixed,decaps,623246
6269,bike,fixed,decaps,600163
6270,bike,fixed,decaps,686314
6271,bike,fixed,decaps,767195
6272,bike,fixed,decaps,941341
6273,bike,fixed,decaps,897209
6274,bike,fixed,decaps,987969
6275,bike,fixed,decaps,900676
6276,bike,fixed,decaps,779579
6277,bike,fixed,decaps,759972
6278,bike,fixed,decaps,661097
6279,bike,fixed,decaps,643243
6280,bike,fixed,decaps,676155
6281,bike,fixed,decaps,631621
6282,bike,fixed,decaps,581528
6283,bike,fixed,decaps,767276
6284,bike,fixed,decaps,879225
6285,bike,fixed,decaps,1010170
6286,bike,fixed,decaps,907628
6287,bike,fixed,decaps,861362
6288,bike,fixed,decaps,707935
6289,bike,fixed,decaps,675624
6290,bike,fixed,decaps,594041
6291,bike,fixed,decaps,810686
6292,bike,fixed,decaps,681926
6293,bike,fixed,decaps,667539
6294,bike,fixed,decaps,642693
6295,bike,fixed,decaps,678459
6296,bike,fixed,decaps,651839
6297,bike,fixed,decaps,665425
6298,bike,fixed,decaps,685602
6299,bike,fixed,decaps,703616
6300,bike,fixed,decaps,626362
6301,bike,fixed,decaps,655737
6302,bike,fixed,decaps,621502
6303,bike,fixed,decaps,587509
6304,bike,fixed,decaps,622254
6305,bike,fixed,decaps,617835
6306,bike,fixed,decaps,628857
6307,bike,fixed,decaps,892550
6308,bike,fixed,decaps,978110
6309,bike,fixed,decaps,914812
6310,bike,fixed,decaps,928697
6311,bike,fixed,decaps,636521
6312,bike,fixed,decaps,691474
6313,bike,fixed,decaps,728263
6314,bike,fixed,decaps,681685
6315,bike,fixed,decaps,832077
6316,bike,fixed,decaps,774760
6317,bike,fixed,decaps,882010
6318,bike,fixed,decaps,962861
6319,bike,fixed,decaps,933467
6320,bike,fixed,decaps,1011032
6321,bike,fixed,decaps,816938
6322,bike,fixed,decaps,649215
6323,bike,fixed,decaps,635650
6324,bike,fixed,decaps,662961
6325,bike,fixed,decaps,635358
6326,bike,fixed,decaps,707464
6327,bike,fixed,decaps,918940
6328,bike,fixed,decaps,701343
6329,bike,fixed,decaps,892500
6330,bike,fixed,decaps,957562
6331,bike,fixed,decaps,631161
6332,bike,fixed,decaps,623306
6333,bike,fixed,decaps,588582
6334,bike,fixed,decaps,573743
6335,bike,fixed,decaps,573743
6336,bike,fixed,decaps,567762
6337,bike,fixed,decaps,568704
6338,bike,fixed,decaps,568453
6339,bike,fixed,decaps,643694
6340,bike,fixed,decaps,802953
6341,bike,fixed,decaps,854078
6342,bike,fixed,decaps,918779
6343,bike,fixed,decaps,726509
6344,bike,fixed,decaps,601626
6345,bike,fixed,decaps,595915
6346,bike,fixed,decaps,574705
6347,bike,fixed,decaps,574394
6348,bike,fixed,decaps,574835
6349,bike,fixed,decaps,569986
6350,bike,fixed,decaps,567843
6351,bike,fixed,decaps,657410
6352,bike,fixed,decaps,855981
6353,bike,fixed,decaps,849630
6354,bike,fixed,decaps,816267
6355,bike,fixed,decaps,636911
6356,bike,fixed,decaps,588992
6357,bike,fixed,decaps,572211
6358,bike,fixed,decaps,587409
6359,bike,fixed,decaps,570547
6360,bike,fixed,decaps,576929
6361,bike,fixed,decaps,574194
6362,bike,fixed,decaps,601015
6363,bike,fixed,decaps,578512
6364,bike,fixed,decaps,582140
6365,bike,fixed,decaps,574385
6366,bike,fixed,decaps,572762
6367,bike,fixed,decaps,571850
6368,bike,fixed,decaps,570859
6369,bike,fixed,decaps,570267
6370,bike,fixed,decaps,574986
6371,bike,fixed,decaps,610672
6372,bike,fixed,decaps,580596
6373,bike,fixed,decaps,576148
6374,bike,fixed,decaps,574956
6375,bike,fixed,decaps,570648
6376,bike,fixed,decaps,577020
6377,bike,fixed,decaps,576178
6378,bike,fixed,decaps,573913
6379,bike,fixed,decaps,699368
6380,bike,fixed,decaps,852675
6381,bike,fixed,decaps,869958
6382,bike,fixed,decaps,662449
6383,bike,fixed,decaps,570577
6384,bike,fixed,decaps,572851
6385,bike,fixed,decaps,568313
6386,bike,fixed,decaps,667548
6387,bike,fixed,decaps,601987
6388,bike,fixed,decaps,576649
6389,bike,fixed,decaps,581207
6390,bike,fixed,decaps,575316
6391,bike,fixed,decaps,592289
6392,bike,fixed,decaps,767185
6393,bike,fixed,decaps,830324
6394,bike,fixed,decaps,848838
6395,bike,fixed,decaps,701323
6396,bike,fixed,decaps,601806
6397,bike,fixed,decaps,572181
6398,bike,fixed,decaps,578312
6399,bike,fixed,decaps,576799
6400,bike,fixed,decaps,583222
6401,bike,fixed,decaps,589112
6402,bike,fixed,decaps,586126
6403,bike,fixed,decaps,599361
6404,bike,fixed,decaps,606585
6405,bike,fixed,decaps,581248
6406,bike,fixed,decaps,575928
6407,bike,fixed,decaps,587540
6408,bike,fixed,decaps,578022
6409,bike,fixed,decaps,574094
6410,bike,fixed,decaps,581638
6411,bike,fixed,decaps,575767
6412,bike,fixed,decaps,633605
6413,bike,fixed,decaps,593190
6414,bike,fixed,decaps,579945
6415,bike,fixed,decaps,582930
6416,bike,fixed,decaps,579835
6417,bike,fixed,decaps,594512
6418,bike,fixed,decaps,608669
6419,bike,fixed,decaps,842006
6420,bike,fixed,decaps,862564
6421,bike,fixed,decaps,844651
6422,bike,fixed,decaps,763468
6423,bike,fixed,decaps,582971
6424,bike,fixed,decaps,575066
6425,bike,fixed,decaps,575577
6426,bike,fixed,decaps,684470
6427,bike,fixed,decaps,579895
6428,bike,fixed,decaps,590605
6429,bike,fixed,decaps,585445
6430,bike,fixed,decaps,588421
6431,bike,fixed,decaps,720328
6432,bike,fixed,decaps,865228
6433,bike,fixed,decaps,874406
6434,bike,fixed,decaps,619589
6435,bike,fixed,decaps,618908
6436,bike,fixed,decaps,587609
6437,bike,fixed,decaps,583011
6438,bike,fixed,decaps,596446
6439,bike,fixed,decaps,583752
6440,bike,fixed,decaps,581939
6441,bike,fixed,decaps,587930
6442,bike,fixed,decaps,579354
6443,bike,fixed,decaps,635619
6444,bike,fixed,decaps,622284
6445,bike,fixed,decaps,589152
6446,bike,fixed,decaps,586658
6447,bike,fixed,decaps,589543
6448,bike,fixed,decaps,585866
6449,bike,fixed,decaps,640819
6450,bike,fixed,decaps,585155
6451,bike,fixed,decaps,594943
6452,bike,fixed,decaps,639216
6453,bike,fixed,decaps,589844
6454,bike,fixed,decaps,583041
6455,bike,fixed,decaps,602687
6456,bike,fixed,decaps,585125
6457,bike,fixed,decaps,609460
6458,bike,fixed,decaps,831987
6459,bike,fixed,decaps,888533
6460,bike,fixed,decaps,831826
6461,bike,fixed,decaps,593500
6462,bike,fixed,decaps,586688
6463,bike,fixed,decaps,587609
6464,bike,fixed,decaps,582841
6465,bike,fixed,decaps,606024
6466,bike,fixed,decaps,583141
6467,bike,fixed,decaps,585646
6468,bike,fixed,decaps,582771
6469,bike,fixed,decaps,583061
6470,bike,fixed,decaps,592509
6471,bike,fixed,decaps,638635
6472,bike,fixed,decaps,822048
6473,bike,fixed,decaps,858226
6474,bike,fixed,decaps,835353
6475,bike,fixed,decaps,691514
6476,bike,fixed,decaps,584483
6477,bike,fixed,decaps,586958
6478,bike,fixed,decaps,583041
6479,bike,fixed,decaps,585345
6480,bike,fixed,decaps,634888
6481,bike,fixed,decaps,596256
6482,bike,fixed,decaps,586858
6483,bike,fixed,decaps,596877
6484,bike,fixed,decaps,598430
6485,bike,fixed,decaps,588361
6486,bike,fixed,decaps,596446
6487,bike,fixed,decaps,590685
6488,bike,fixed,decaps,586126
6489,bike,fixed,decaps,767065
6490,bike,fixed,decaps,828540
6491,bike,fixed,decaps,640699
6492,bike,fixed,decaps,594292
6493,bike,fixed,decaps,597838
6494,bike,fixed,decaps,592679
6495,bike,fixed,decaps,593621
6496,bike,fixed,decaps,610603
6497,bike,fixed,decaps,749172
6498,bike,fixed,decaps,919170
6499,bike,fixed,decaps,897569
6500,bike,fixed,decaps,869577
6501,bike,fixed,decaps,648012
6502,bike,fixed,decaps,593981
6503,bike,fixed,decaps,590585
6504,bike,fixed,decaps,589934
6505,bike,fixed,decaps,619519
6506,bike,fixed,decaps,600113
6507,bike,fixed,decaps,591036
6508,bike,fixed,decaps,598731
6509,bike,fixed,decaps,722201
6510,bike,fixed,decaps,892009
6511,bike,fixed,decaps,864798
6512,bike,fixed,decaps,675203
6513,bike,fixed,decaps,598560
6514,bike,fixed,decaps,602197
6515,bike,fixed,decaps,618718
6516,bike,fixed,decaps,594903
6517,bike,fixed,decaps,598530
6518,bike,fixed,decaps,595635
6519,bike,fixed,decaps,596085
6520,bike,fixed,decaps,597017
6521,bike,fixed,decaps,607407
6522,bike,fixed,decaps,612195
6523,bike,fixed,decaps,591096
6524,bike,fixed,decaps,592789
6525,bike,fixed,decaps,592959
6526,bike,fixed,decaps,636771
6527,bike,fixed,decaps,602287
6528,bike,fixed,decaps,589483
6529,bike,fixed,decaps,583212
6530,bike,fixed,decaps,587870
6531,bike,fixed,decaps,583031
6532,bike,fixed,decaps,606364
6533,bike,fixed,decaps,595874
6534,bike,fixed,decaps,591607
6535,bike,fixed,decaps,720719
6536,bike,fixed,decaps,870248
6537,bike,fixed,decaps,894904
6538,bike,fixed,decaps,756255
6539,bike,fixed,decaps,596436
6540,bike,fixed,decaps,587208
6541,bike,fixed,decaps,590494
6542,bike,fixed,decaps,610162
6543,bike,fixed,decaps,588942
6544,bike,fixed,decaps,586157
6545,bike,fixed,decaps,587249
6546,bike,fixed,decaps,586727
6547,bike,fixed,decaps,660816
6548,bike,fixed,decaps,616764
6549,bike,fixed,decaps,829963
6550,bike,fixed,decaps,855551
6551,bike,fixed,decaps,863245
6552,bike,fixed,decaps,753490
6553,bike,fixed,decaps,597748
6554,bike,fixed,decaps,594843
6555,bike,fixed,decaps,594482
6556,bike,fixed,decaps,586066
6557,bike,fixed,decaps,630109
6558,bike,fixed,decaps,590685
6559,bike,fixed,decaps,586597
6560,bike,fixed,decaps,586447
6561,bike,fixed,decaps,586788
6562,bike,fixed,decaps,601325
6563,bike,fixed,decaps,589483
6564,bike,fixed,decaps,634337
6565,bike,fixed,decaps,609841
6566,bike,fixed,decaps,618106
6567,bike,fixed,decaps,598209
6568,bike,fixed,decaps,619799
6569,bike,fixed,decaps,593481
6570,bike,fixed,decaps,588431
6571,bike,fixed,decaps,606164
6572,bike,fixed,decaps,616643
6573,bike,fixed,decaps,634116
6574,bike,fixed,decaps,812430
6575,bike,fixed,decaps,868264
6576,bike,fixed,decaps,847686
6577,bike,fixed,decaps,717873
6578,bike,fixed,decaps,613668
6579,bike,fixed,decaps,587059
6580,bike,fixed,decaps,581729
6581,bike,fixed,decaps,591737
6582,bike,fixed,decaps,589332
6583,bike,fixed,decaps,598449
6584,bike,fixed,decaps,591356
6585,bike,fixed,decaps,589362
6586,bike,fixed,decaps,610091
6587,bike,fixed,decaps,596647
6588,bike,fixed,decaps,587529
6589,bike,fixed,decaps,603870
6590,bike,fixed,decaps,589342
6591,bike,fixed,decaps,589613
6592,bike,fixed,decaps,591166
6593,bike,fixed,decaps,586838
6594,bike,fixed,decaps,596566
6595,bike,fixed,decaps,605022
6596,bike,fixed,decaps,612065
6597,bike,fixed,decaps,588732
6598,bike,fixed,decaps,586938
6599,bike,fixed,decaps,647291
6600,bike,fixed,decaps,612326
6601,bike,fixed,decaps,608168
6602,bike,fixed,decaps,603169
6603,bike,fixed,decaps,625541
6604,bike,fixed,decaps,591907
6605,bike,fixed,decaps,621232
6606,bike,fixed,decaps,590585
6607,bike,fixed,decaps,589784
6608,bike,fixed,decaps,582791
6609,bike,fixed,decaps,595454
6610,bike,fixed,decaps,591506
6611,bike,fixed,decaps,600373
6612,bike,fixed,decaps,589143
6613,bike,fixed,decaps,597328
6614,bike,fixed,decaps,597127
6615,bike,fixed,decaps,586317
6616,bike,fixed,decaps,600814
6617,bike,fixed,decaps,594873
6618,bike,fixed,decaps,586888
6619,bike,fixed,decaps,589052
6620,bike,fixed,decaps,582550
6621,bike,fixed,decaps,602447
6622,bike,fixed,decaps,592168
6623,bike,fixed,decaps,588762
6624,bike,fixed,decaps,591367
6625,bike,fixed,decaps,590916
6626,bike,fixed,decaps,645708
6627,bike,fixed,decaps,597929
6628,bike,fixed,decaps,618017
6629,bike,fixed,decaps,821267
6630,bike,fixed,decaps,868315
6631,bike,fixed,decaps,850782
6632,bike,fixed,decaps,708266
6633,bike,fixed,decaps,606155
6634,bike,fixed,decaps,590385
6635,bike,fixed,decaps,588191
6636,bike,fixed,decaps,603499
6637,bike,fixed,decaps,605884
6638,bike,fixed,decaps,588120
6639,bike,fixed,decaps,595795
6640,bike,fixed,decaps,612015
6641,bike,fixed,decaps,589443
6642,bike,fixed,decaps,583281
6643,bike,fixed,decaps,604691
6644,bike,fixed,decaps,603338
6645,bike,fixed,decaps,624348
6646,bike,fixed,decaps,586428
6647,bike,fixed,decaps,583402
6648,bike,fixed,decaps,612025
6649,bike,fixed,decaps,593099
6650,bike,fixed,decaps,587038
6651,bike,fixed,decaps,592518
6652,bike,fixed,decaps,597437
6653,bike,fixed,decaps,677778
6654,bike,fixed,decaps,683840
6655,bike,fixed,decaps,848288
6656,bike,fixed,decaps,889364
6657,bike,fixed,decaps,838188
6658,bike,fixed,decaps,625550
6659,bike,fixed,decaps,602608
6660,bike,fixed,decaps,626913
6661,bike,fixed,decaps,596626
6662,bike,fixed,decaps,592548
6663,bike,fixed,decaps,602237
6664,bike,fixed,decaps,599191
6665,bike,fixed,decaps,603970
6666,bike,fixed,decaps,600804
6667,bike,fixed,decaps,754873
6668,bike,fixed,decaps,885667
6669,bike,fixed,decaps,837217
6670,bike,fixed,decaps,659164
6671,bike,fixed,decaps,605744
6672,bike,fixed,decaps,587720
6673,bike,fixed,decaps,603408
6674,bike,fixed,decaps,588802
6675,bike,fixed,decaps,589623
6676,bike,fixed,decaps,599792
6677,bike,fixed,decaps,658012
6678,bike,fixed,decaps,594914
6679,bike,fixed,decaps,613338
6680,bike,fixed,decaps,603980
6681,bike,fixed,decaps,583101
6682,bike,fixed,decaps,586737
6683,bike,fixed,decaps,585806
6684,bike,fixed,decaps,612035
6685,bike,fixed,decaps,619920
6686,bike,fixed,decaps,583592
6687,bike,fixed,decaps,586527
6688,bike,fixed,decaps,583772
6689,bike,fixed,decaps,584052
6690,bike,fixed,decaps,595013
6691,bike,fixed,decaps,584384
6692,bike,fixed,decaps,587840
6693,bike,fixed,decaps,632393
6694,bike,fixed,decaps,590625
6695,bike,fixed,decaps,606615
6696,bike,fixed,decaps,591917
6697,bike,fixed,decaps,620851
6698,bike,fixed,decaps,725608
6699,bike,fixed,decaps,586828
6700,bike,fixed,decaps,596877
6701,bike,fixed,decaps,645057
6702,bike,fixed,decaps,590144
6703,bike,fixed,decaps,589383
6704,bike,fixed,decaps,585776
6705,bike,fixed,decaps,644245
6706,bike,fixed,decaps,611524
6707,bike,fixed,decaps,583722
6708,bike,fixed,decaps,590846
6709,bike,fixed,decaps,581528
6710,bike,fixed,decaps,600213
6711,bike,fixed,decaps,583211
6712,bike,fixed,decaps,615100
6713,bike,fixed,decaps,586658
6714,bike,fixed,decaps,580697
6715,bike,fixed,decaps,581238
6716,bike,fixed,decaps,579374
6717,bike,fixed,decaps,605673
6718,bike,fixed,decaps,584464
6719,bike,fixed,decaps,583733
6720,bike,fixed,decaps,579875
6721,bike,fixed,decaps,584053
6722,bike,fixed,decaps,579174
6723,bike,fixed,decaps,591287
6724,bike,fixed,decaps,582290
6725,bike,fixed,decaps,581779
6726,bike,fixed,decaps,579534
6727,bike,fixed,decaps,611985
6728,bike,fixed,decaps,587108
6729,bike,fixed,decaps,591075
6730,bike,fixed,decaps,603158
6731,bike,fixed,decaps,579815
6732,bike,fixed,decaps,642663
6733,bike,fixed,decaps,588621
6734,bike,fixed,decaps,707654
6735,bike,fixed,decaps,834932
6736,bike,fixed,decaps,852404
6737,bike,fixed,decaps,833089
6738,bike,fixed,decaps,625189
6739,bike,fixed,decaps,629188
6740,bike,fixed,decaps,584524
6741,bike,fixed,decaps,581187
6742,bike,fixed,decaps,582340
6743,bike,fixed,decaps,583522
6744,bike,fixed,decaps,590915
6745,bike,fixed,decaps,581357
6746,bike,fixed,decaps,600393
6747,bike,fixed,decaps,586547
6748,bike,fixed,decaps,776834
6749,bike,fixed,decaps,890857
6750,bike,fixed,decaps,835493
6751,bike,fixed,decaps,655246
6752,bike,fixed,decaps,585375
6753,bike,fixed,decaps,579444
6754,bike,fixed,decaps,603640
6755,bike,fixed,decaps,584674
6756,bike,fixed,decaps,727711
6757,bike,fixed,decaps,683990
6758,bike,fixed,decaps,683529
6759,bike,fixed,decaps,609450
6760,bike,fixed,decaps,585305
6761,bike,fixed,decaps,591416
6762,bike,fixed,decaps,585315
6763,bike,fixed,decaps,586037
6764,bike,fixed,decaps,586127
6765,bike,fixed,decaps,596576
6766,bike,fixed,decaps,592438
6767,bike,fixed,decaps,612085
6768,bike,fixed,decaps,608368
6769,bike,fixed,decaps,593109
6770,bike,fixed,decaps,593550
6771,bike,fixed,decaps,612816
6772,bike,fixed,decaps,583772
6773,bike,fixed,decaps,611775
6774,bike,fixed,decaps,712794
6775,bike,fixed,decaps,877001
6776,bike,fixed,decaps,853747
6777,bike,fixed,decaps,660987
6778,bike,fixed,decaps,587038
6779,bike,fixed,decaps,583091
6780,bike,fixed,decaps,604521
6781,bike,fixed,decaps,587248
6782,bike,fixed,decaps,582580
6783,bike,fixed,decaps,625701
6784,bike,fixed,decaps,584504
6785,bike,fixed,decaps,594672
6786,bike,fixed,decaps,709988
6787,bike,fixed,decaps,843278
6788,bike,fixed,decaps,829402
6789,bike,fixed,decaps,838098
6790,bike,fixed,decaps,652351
6791,bike,fixed,decaps,589984
6792,bike,fixed,decaps,579464
6793,bike,fixed,decaps,577420
6794,bike,fixed,decaps,577170
6795,bike,fixed,decaps,578963
6796,bike,fixed,decaps,604040
6797,bike,fixed,decaps,601606
6798,bike,fixed,decaps,602187
6799,bike,fixed,decaps,625270
6800,bike,fixed,decaps,585025
6801,bike,fixed,decaps,596246
6802,bike,fixed,decaps,589423
6803,bike,fixed,decaps,583010
6804,bike,fixed,decaps,583111
6805,bike,fixed,decaps,584474
6806,bike,fixed,decaps,585285
6807,bike,fixed,decaps,590394
6808,bike,fixed,decaps,611714
6809,bike,fixed,decaps,584844
6810,bike,fixed,decaps,586016
6811,bike,fixed,decaps,600483
6812,bike,fixed,decaps,594772
6813,bike,fixed,decaps,585686
6814,bike,fixed,decaps,762777
6815,bike,fixed,decaps,860750
6816,bike,fixed,decaps,878414
6817,bike,fixed,decaps,714827
6818,bike,fixed,decaps,583592
6819,bike,fixed,decaps,578763
6820,bike,fixed,decaps,581158
6821,bike,fixed,decaps,578683
6822,bike,fixed,decaps,596166
6823,bike,fixed,decaps,600874
6824,bike,fixed,decaps,580145
6825,bike,fixed,decaps,579344
6826,bike,fixed,decaps,708326
6827,bike,fixed,decaps,874185
6828,bike,fixed,decaps,841555
6829,bike,fixed,decaps,655727
6830,bike,fixed,decaps,644275
6831,bike,fixed,decaps,646690
6832,bike,fixed,decaps,601485
6833,bike,fixed,decaps,584884
6834,bike,fixed,decaps,583241
6835,bike,fixed,decaps,589373
6836,bike,fixed,decaps,585645
6837,bike,fixed,decaps,597938
6838,bike,fixed,decaps,592569
6839,bike,fixed,decaps,702194
6840,bike,fixed,decaps,589123
6841,bike,fixed,decaps,585786
6842,bike,fixed,decaps,579864
6843,bike,fixed,decaps,637563
6844,bike,fixed,decaps,604712
6845,bike,fixed,decaps,588852
6846,bike,fixed,decaps,588702
6847,bike,fixed,decaps,582580
6848,bike,fixed,decaps,608228
6849,bike,fixed,decaps,604852
6850,bike,fixed,decaps,601346
6851,bike,fixed,decaps,600183
6852,bike,fixed,decaps,722502
6853,bike,fixed,decaps,862032
6854,bike,fixed,decaps,867423
6855,bike,fixed,decaps,832157
6856,bike,fixed,decaps,718254
6857,bike,fixed,decaps,582279
6858,bike,fixed,decaps,599782
6859,bike,fixed,decaps,579484
6860,bike,fixed,decaps,582220
6861,bike,fixed,decaps,581177
6862,bike,fixed,decaps,602277
6863,bike,fixed,decaps,653333
6864,bike,fixed,decaps,793615
6865,bike,fixed,decaps,841875
6866,bike,fixed,decaps,839792
6867,bike,fixed,decaps,711721
6868,bike,fixed,decaps,611655
6869,bike,fixed,decaps,579965
6870,bike,fixed,decaps,591757
6871,bike,fixed,decaps,584033
6872,bike,fixed,decaps,579975
6873,bike,fixed,decaps,578893
6874,bike,fixed,decaps,589142
6875,bike,fixed,decaps,579444
6876,bike,fixed,decaps,581468
6877,bike,fixed,decaps,597388
6878,bike,fixed,decaps,593400
6879,bike,fixed,decaps,632634
6880,bike,fixed,decaps,587970
6881,bike,fixed,decaps,578472
6882,bike,fixed,decaps,586337
6883,bike,fixed,decaps,597238
6884,bike,fixed,decaps,579946
6885,bike,fixed,decaps,601936
6886,bike,fixed,decaps,581808
6887,bike,fixed,decaps,579244
6888,bike,fixed,decaps,646229
6889,bike,fixed,decaps,595564
6890,bike,fixed,decaps,618887
6891,bike,fixed,decaps,601335
6892,bike,fixed,decaps,804305
6893,bike,fixed,decaps,843398
6894,bike,fixed,decaps,817730
6895,bike,fixed,decaps,733592
6896,bike,fixed,decaps,576899
6897,bike,fixed,decaps,578903
6898,bike,fixed,decaps,576900
6899,bike,fixed,decaps,579204
6900,bike,fixed,decaps,595775
6901,bike,fixed,decaps,580967
6902,bike,fixed,decaps,591767
6903,bike,fixed,decaps,587098
6904,bike,fixed,decaps,622184
6905,bike,fixed,decaps,583862
6906,bike,fixed,decaps,639456
6907,bike,fixed,decaps,620071
6908,bike,fixed,decaps,720508
6909,bike,fixed,decaps,699619
6910,bike,fixed,decaps,584143
6911,bike,fixed,decaps,626052
6912,bike,fixed,decaps,609220
6913,bike,fixed,decaps,580275
6914,bike,fixed,decaps,577621
6915,bike,fixed,decaps,589423
6916,bike,fixed,decaps,575978
6917,bike,fixed,decaps,601756
6918,bike,fixed,decaps,585515
6919,bike,fixed,decaps,582900
6920,bike,fixed,decaps,585335
6921,bike,fixed,decaps,605664
6922,bike,fixed,decaps,596526
6923,bike,fixed,decaps,579565
6924,bike,fixed,decaps,619309
6925,bike,fixed,decaps,584623
6926,bike,fixed,decaps,582890
6927,bike,fixed,decaps,590956
6928,bike,fixed,decaps,698427
6929,bike,fixed,decaps,627234
6930,bike,fixed,decaps,586838
6931,bike,fixed,decaps,583031
6932,bike,fixed,decaps,583412
6933,bike,fixed,decaps,595505
6934,bike,fixed,decaps,588972
6935,bike,fixed,decaps,583783
6936,bike,fixed,decaps,581708
6937,bike,fixed,decaps,586637
6938,bike,fixed,decaps,619790
6939,bike,fixed,decaps,593982
6940,bike,fixed,decaps,586648
6941,bike,fixed,decaps,593611
6942,bike,fixed,decaps,596145
6943,bike,fixed,decaps,605733
6944,bike,fixed,decaps,635750
6945,bike,fixed,decaps,601666
6946,bike,fixed,decaps,583963
6947,bike,fixed,decaps,612727
6948,bike,fixed,decaps,593350
6949,bike,fixed,decaps,607657
6950,bike,fixed,decaps,598019
6951,bike,fixed,decaps,579885
6952,bike,fixed,decaps,596596
6953,bike,fixed,decaps,582750
6954,bike,fixed,decaps,586607
6955,bike,fixed,decaps,599742
6956,bike,fixed,decaps,590906
6957,bike,fixed,decaps,581138
6958,bike,fixed,decaps,577951
6959,bike,fixed,decaps,582941
6960,bike,fixed,decaps,616193
6961,bike,fixed,decaps,592068
6962,bike,fixed,decaps,588300
6963,bike,fixed,decaps,579424
6964,bike,fixed,decaps,602828
6965,bike,fixed,decaps,579364
6966,bike,fixed,decaps,582320
6967,bike,fixed,decaps,587369
6968,bike,fixed,decaps,578282
6969,bike,fixed,decaps,579805
6970,bike,fixed,decaps,578232
6971,bike,fixed,decaps,595534
6972,bike,fixed,decaps,593150
6973,bike,fixed,decaps,629467
6974,bike,fixed,decaps,585506
6975,bike,fixed,decaps,594623
6976,bike,fixed,decaps,593721
6977,bike,fixed,decaps,615001
6978,bike,fixed,decaps,651589
6979,bike,fixed,decaps,589753
6980,bike,fixed,decaps,585776
6981,bike,fixed,decaps,585095
6982,bike,fixed,decaps,582350
6983,bike,fixed,decaps,621363
6984,bike,fixed,decaps,603078
6985,bike,fixed,decaps,596676
6986,bike,fixed,decaps,599521
6987,bike,fixed,decaps,596536
6988,bike,fixed,decaps,595394
6989,bike,fixed,decaps,603048
6990,bike,fixed,decaps,641681
6991,bike,fixed,decaps,584704
6992,bike,fixed,decaps,585135
6993,bike,fixed,decaps,604201
6994,bike,fixed,decaps,582529
6995,bike,fixed,decaps,619659
6996,bike,fixed,decaps,581068
6997,bike,fixed,decaps,579975
6998,bike,fixed,decaps,584885
6999,bike,fixed,decaps,617465
7000,bike,fixed,decaps,598661
7001,bike,fixed,decaps,617305
7002,bike,fixed,decaps,585405
7003,bike,fixed,decaps,591256
7004,bike,fixed,decaps,581328
7005,bike,fixed,decaps,577370
7006,bike,fixed,decaps,584173
7007,bike,fixed,decaps,608559
7008,bike,fixed,decaps,582029
7009,bike,fixed,decaps,579154
7010,bike,fixed,decaps,579504
7011,bike,fixed,decaps,593711
7012,bike,fixed,decaps,597949
7013,bike,fixed,decaps,586608
7014,bike,fixed,decaps,620842
7015,bike,fixed,decaps,864487
7016,bike,fixed,decaps,887621
7017,bike,fixed,decaps,829341
7018,bike,fixed,decaps,591356
7019,bike,fixed,decaps,587619
7020,bike,fixed,decaps,582120
7021,bike,fixed,decaps,587289
7022,bike,fixed,decaps,602958
7023,bike,fixed,decaps,606034
7024,bike,fixed,decaps,586458
7025,bike,fixed,decaps,598590
7026,bike,fixed,decaps,581619
7027,bike,fixed,decaps,596156
7028,bike,fixed,decaps,623637
7029,bike,fixed,decaps,798383
7030,bike,fixed,decaps,859949
7031,bike,fixed,decaps,842066
7032,bike,fixed,decaps,667829
7033,bike,fixed,decaps,585255
7034,bike,fixed,decaps,583131
7035,bike,fixed,decaps,590013
7036,bike,fixed,decaps,583041
7037,bike,fixed,decaps,661638
7038,bike,fixed,decaps,646890
7039,bike,fixed,decaps,592208
7040,bike,fixed,decaps,596767
7041,bike,fixed,decaps,591717
7042,bike,fixed,decaps,593480
7043,bike,fixed,decaps,601866
7044,bike,fixed,decaps,585015
7045,bike,fixed,decaps,595334
7046,bike,fixed,decaps,595684
7047,bike,fixed,decaps,651980
7048,bike,fixed,decaps,847125
7049,bike,fixed,decaps,752558
7050,bike,fixed,decaps,593951
7051,bike,fixed,decaps,583081
7052,bike,fixed,decaps,597247
7053,bike,fixed,decaps,600794
7054,bike,fixed,decaps,742028
7055,bike,fixed,decaps,855521
7056,bike,fixed,decaps,843718
7057,bike,fixed,decaps,690612
7058,bike,fixed,decaps,632874
7059,bike,fixed,decaps,596927
7060,bike,fixed,decaps,591908
7061,bike,fixed,decaps,587369
7062,bike,fixed,decaps,592699
7063,bike,fixed,decaps,624639
7064,bike,fixed,decaps,594132
7065,bike,fixed,decaps,597639
7066,bike,fixed,decaps,818952
7067,bike,fixed,decaps,866781
7068,bike,fixed,decaps,803684
7069,bike,fixed,decaps,595024
7070,bike,fixed,decaps,618096
7071,bike,fixed,decaps,597428
7072,bike,fixed,decaps,586387
7073,bike,fixed,decaps,602768
7074,bike,fixed,decaps,587079
7075,bike,fixed,decaps,582660
7076,bike,fixed,decaps,585395
7077,bike,fixed,decaps,594993
7078,bike,fixed,decaps,616404
7079,bike,fixed,decaps,660516
7080,bike,fixed,decaps,627253
7081,bike,fixed,decaps,590715
7082,bike,fixed,decaps,588852
7083,bike,fixed,decaps,596346
7084,bike,fixed,decaps,599531
7085,bike,fixed,decaps,605733
7086,bike,fixed,decaps,586076
7087,bike,fixed,decaps,624138
7088,bike,fixed,decaps,589172
7089,bike,fixed,decaps,596907
7090,bike,fixed,decaps,585104
7091,bike,fixed,decaps,609831
7092,bike,fixed,decaps,582550
7093,bike,fixed,decaps,589814
7094,bike,fixed,decaps,836795
7095,bike,fixed,decaps,891979
7096,bike,fixed,decaps,838669
7097,bike,fixed,decaps,621753
7098,bike,fixed,decaps,579645
7099,bike,fixed,decaps,592519
7100,bike,fixed,decaps,579314
7101,bike,fixed,decaps,579454
7102,bike,fixed,decaps,581208
7103,bike,fixed,decaps,613919
7104,bike,fixed,decaps,586908
7105,bike,fixed,decaps,776342
7106,bike,fixed,decaps,850051
7107,bike,fixed,decaps,843007
7108,bike,fixed,decaps,714888
7109,bike,fixed,decaps,606064
7110,bike,fixed,decaps,631822
7111,bike,fixed,decaps,592960
7112,bike,fixed,decaps,581809
7113,bike,fixed,decaps,582681
7114,bike,fixed,decaps,587880
7115,bike,fixed,decaps,631622
7116,bike,fixed,decaps,583642
7117,bike,fixed,decaps,582820
7118,bike,fixed,decaps,630419
7119,bike,fixed,decaps,587048
7120,bike,fixed,decaps,598940
7121,bike,fixed,decaps,592398
7122,bike,fixed,decaps,614449
7123,bike,fixed,decaps,592258
7124,bike,fixed,decaps,614139
7125,bike,fixed,decaps,603138
7126,bike,fixed,decaps,626872
7127,bike,fixed,decaps,625771
7128,bike,fixed,decaps,605412
7129,bike,fixed,decaps,583041
7130,bike,fixed,decaps,583222
7131,bike,fixed,decaps,788034
7132,bike,fixed,decaps,860189
7133,bike,fixed,decaps,851483
7134,bike,fixed,decaps,704478
7135,bike,fixed,decaps,657731
7136,bike,fixed,decaps,595153
7137,bike,fixed,decaps,588832
7138,bike,fixed,decaps,583392
7139,bike,fixed,decaps,582971
7140,bike,fixed,decaps,593961
7141,bike,fixed,decaps,589223
7142,bike,fixed,decaps,581288
7143,bike,fixed,decaps,585135
7144,bike,fixed,decaps,581879
7145,bike,fixed,decaps,801930
7146,bike,fixed,decaps,888944
7147,bike,fixed,decaps,847175
7148,bike,fixed,decaps,613418
7149,bike,fixed,decaps,615622
7150,bike,fixed,decaps,628727
7151,bike,fixed,decaps,597629
7152,bike,fixed,decaps,581298
7153,bike,fixed,decaps,603419
7154,bike,fixed,decaps,581197
7155,bike,fixed,decaps,583311
7156,bike,fixed,decaps,581708
7157,bike,fixed,decaps,605694
7158,bike,fixed,decaps,586948
7159,bike,fixed,decaps,629708
7160,bike,fixed,decaps,586066
7161,bike,fixed,decaps,579835
7162,bike,fixed,decaps,590335
7163,bike,fixed,decaps,590565
7164,bike,fixed,decaps,654033
7165,bike,fixed,decaps,606525
7166,bike,fixed,decaps,581889
7167,bike,fixed,decaps,594903
7168,bike,fixed,decaps,618377
7169,bike,fixed,decaps,583061
7170,bike,fixed,decaps,585105
7171,bike,fixed,decaps,589593
7172,bike,fixed,decaps,821778
7173,bike,fixed,decaps,886158
7174,bike,fixed,decaps,824663
7175,bike,fixed,decaps,629528
7176,bike,fixed,decaps,591627
7177,bike,fixed,decaps,600664
7178,bike,fixed,decaps,591346
7179,bike,fixed,decaps,842205
7180,bike,fixed,decaps,886218
7181,bike,fixed,decaps,727231
7182,bike,fixed,decaps,642703
7183,bike,fixed,decaps,811298
7184,bike,fixed,decaps,867273
7185,bike,fixed,decaps,817980
7186,bike,fixed,decaps,612055
7187,bike,fixed,decaps,592840
7188,bike,fixed,decaps,587098
7189,bike,fixed,decaps,627334
7190,bike,fixed,decaps,602347
7191,bike,fixed,decaps,590424
7192,bike,fixed,decaps,601255
7193,bike,fixed,decaps,587149
7194,bike,fixed,decaps,588982
7195,bike,fixed,decaps,589763
7196,bike,fixed,decaps,588731
7197,bike,fixed,decaps,600454
7198,bike,fixed,decaps,588041
7199,bike,fixed,decaps,584033
7200,bike,fixed,decaps,586768
7201,bike,fixed,decaps,587009
7202,bike,fixed,decaps,586658
7203,bike,fixed,decaps,594883
7204,bike,fixed,decaps,585245
7205,bike,fixed,decaps,587820
7206,bike,fixed,decaps,589783
7207,bike,fixed,decaps,641421
7208,bike,fixed,decaps,589513
7209,bike,fixed,decaps,827689
7210,bike,fixed,decaps,854508
7211,bike,fixed,decaps,849208
7212,bike,fixed,decaps,703366
7213,bike,fixed,decaps,605423
7214,bike,fixed,decaps,616894
7215,bike,fixed,decaps,589113
7216,bike,fixed,decaps,588802
7217,bike,fixed,decaps,593030
7218,bike,fixed,decaps,600654
7219,bike,fixed,decaps,586879
7220,bike,fixed,decaps,584934
7221,bike,fixed,decaps,759861
7222,bike,fixed,decaps,880437
7223,bike,fixed,decaps,920923
7224,bike,fixed,decaps,643855
7225,bike,fixed,decaps,583682
7226,bike,fixed,decaps,595654
7227,bike,fixed,decaps,615692
7228,bike,fixed,decaps,631822
7229,bike,fixed,decaps,595935
7230,bike,fixed,decaps,611694
7231,bike,fixed,decaps,585515
7232,bike,fixed,decaps,583541
7233,bike,fixed,decaps,592518
7234,bike,fixed,decaps,593621
7235,bike,fixed,decaps,583041
7236,bike,fixed,decaps,585606
7237,bike,fixed,decaps,588321
7238,bike,fixed,decaps,612887
7239,bike,fixed,decaps,607126
7240,bike,fixed,decaps,599401
7241,bike,fixed,decaps,596746
7242,bike,fixed,decaps,595754
7243,bike,fixed,decaps,599992
7244,bike,fixed,decaps,598329
7245,bike,fixed,decaps,601926
7246,bike,fixed,decaps,597118
7247,bike,fixed,decaps,629458
7248,bike,fixed,decaps,752087
7249,bike,fixed,decaps,849359
7250,bike,fixed,decaps,869487
7251,bike,fixed,decaps,669843
7252,bike,fixed,decaps,605022
7253,bike,fixed,decaps,606595
7254,bike,fixed,decaps,645107
7255,bike,fixed,decaps,608608
7256,bike,fixed,decaps,591857
7257,bike,fixed,decaps,586908
7258,bike,fixed,decaps,600103
7259,bike,fixed,decaps,596176
7260,bike,fixed,decaps,598330
7261,bike,fixed,decaps,681776
7262,bike,fixed,decaps,839040
7263,bike,fixed,decaps,851873
7264,bike,fixed,decaps,868645
7265,bike,fixed,decaps,607086
7266,bike,fixed,decaps,585816
7267,bike,fixed,decaps,581198
7268,bike,fixed,decaps,579074
7269,bike,fixed,decaps,579294
7270,bike,fixed,decaps,595084
7271,bike,fixed,decaps,582099
7272,bike,fixed,decaps,578963
7273,bike,fixed,decaps,575918
7274,bike,fixed,decaps,580827
7275,bike,fixed,decaps,581208
7276,bike,fixed,decaps,585275
7277,bike,fixed,decaps,586948
7278,bike,fixed,decaps,645197
7279,bike,fixed,decaps,655066
7280,bike,fixed,decaps,601656
7281,bike,fixed,decaps,625280
7282,bike,fixed,decaps,589032
7283,bike,fixed,decaps,582470
7284,bike,fixed,decaps,586377
7285,bike,fixed,decaps,582700
7286,bike,fixed,decaps,585085
7287,bike,fixed,decaps,647742
7288,bike,fixed,decaps,823631
7289,bike,fixed,decaps,853577
7290,bike,fixed,decaps,858877
7291,bike,fixed,decaps,749913
7292,bike,fixed,decaps,626192
7293,bike,fixed,decaps,592809
7294,bike,fixed,decaps,585095
7295,bike,fixed,decaps,731298
7296,bike,fixed,decaps,596656
7297,bike,fixed,decaps,594573
7298,bike,fixed,decaps,591988
7299,bike,fixed,decaps,741317
7300,bike,fixed,decaps,877311
7301,bike,fixed,decaps,881720
7302,bike,fixed,decaps,596907
7303,bike,fixed,decaps,583332
7304,bike,fixed,decaps,602578
7305,bike,fixed,decaps,609911
7306,bike,fixed,decaps,623617
7307,bike,fixed,decaps,626582
7308,bike,fixed,decaps,588170
7309,bike,fixed,decaps,589132
7310,bike,fixed,decaps,621794
7311,bike,fixed,decaps,658422
7312,bike,fixed,decaps,584824
7313,bike,fixed,decaps,702545
7314,bike,fixed,decaps,788525
7315,bike,fixed,decaps,650617
7316,bike,fixed,decaps,608618
7317,bike,fixed,decaps,622685
7318,bike,fixed,decaps,598710
7319,bike,fixed,decaps,587900
7320,bike,fixed,decaps,597207
7321,bike,fixed,decaps,586597
7322,bike,fixed,decaps,603669
7323,bike,fixed,decaps,592198
7324,bike,fixed,decaps,586808
7325,bike,fixed,decaps,603680
7326,bike,fixed,decaps,831746
7327,bike,fixed,decaps,882010
7328,bike,fixed,decaps,851073
7329,bike,fixed,decaps,628496
7330,bike,fixed,decaps,586166
7331,bike,fixed,decaps,583632
7332,bike,fixed,decaps,604812
7333,bike,fixed,decaps,583031
7334,bike,fixed,decaps,591316
7335,bike,fixed,decaps,587218
7336,bike,fixed,decaps,652531
7337,bike,fixed,decaps,601696
7338,bike,fixed,decaps,646750
7339,bike,fixed,decaps,831236
7340,bike,fixed,decaps,877682
7341,bike,fixed,decaps,818812
7342,bike,fixed,decaps,626052
7343,bike,fixed,decaps,592950
7344,bike,fixed,decaps,586017
7345,bike,fixed,decaps,579294
7346,bike,fixed,decaps,590013
7347,bike,fixed,decaps,598309
7348,bike,fixed,decaps,582299
7349,bike,fixed,decaps,586607
7350,bike,fixed,decaps,588401
7351,bike,fixed,decaps,589002
7352,bike,fixed,decaps,583342
7353,bike,fixed,decaps,596266
7354,bike,fixed,decaps,582781
7355,bike,fixed,decaps,586708
7356,bike,fixed,decaps,587039
7357,bike,fixed,decaps,586928
7358,bike,fixed,decaps,589643
7359,bike,fixed,decaps,586638
7360,bike,fixed,decaps,584674
7361,bike,fixed,decaps,587659
7362,bike,fixed,decaps,581858
7363,bike,fixed,decaps,623506
7364,bike,fixed,decaps,593671
7365,bike,fixed,decaps,710179
7366,bike,fixed,decaps,846203
7367,bike,fixed,decaps,840693
7368,bike,fixed,decaps,848678
7369,bike,fixed,decaps,583983
7370,bike,fixed,decaps,579584
7371,bike,fixed,decaps,577711
7372,bike,fixed,decaps,588782
7373,bike,fixed,decaps,590455
7374,bike,fixed,decaps,627214
7375,bike,fixed,decaps,587700
7376,bike,fixed,decaps,585045
7377,bike,fixed,decaps,651139
7378,bike,fixed,decaps,856352
7379,bike,fixed,decaps,886919
7380,bike,fixed,decaps,681004
7381,bike,fixed,decaps,648193
7382,bike,fixed,decaps,588822
7383,bike,fixed,decaps,579894
7384,bike,fixed,decaps,605713
7385,bike,fixed,decaps,589863
7386,bike,fixed,decaps,586687
7387,bike,fixed,decaps,592629
7388,bike,fixed,decaps,658292
7389,bike,fixed,decaps,596416
7390,bike,fixed,decaps,601917
7391,bike,fixed,decaps,611383
7392,bike,fixed,decaps,585325
7393,bike,fixed,decaps,581367
7394,bike,fixed,decaps,581718
7395,bike,fixed,decaps,610011
7396,bike,fixed,decaps,579313
7397,bike,fixed,decaps,583231
7398,bike,fixed,decaps,596055
7399,bike,fixed,decaps,600013
7400,bike,fixed,decaps,598910
7401,bike,fixed,decaps,583832
7402,bike,fixed,decaps,585075
7403,bike,fixed,decaps,582199
7404,bike,fixed,decaps,688008
7405,bike,fixed,decaps,889624
7406,bike,fixed,decaps,870940
7407,bike,fixed,decaps,756195
7408,bike,fixed,decaps,595253
7409,bike,fixed,decaps,587609
7410,bike,fixed,decaps,603930
7411,bike,fixed,decaps,583051
7412,bike,fixed,decaps,584032
7413,bike,fixed,decaps,586527
7414,bike,fixed,decaps,605383
7415,bike,fixed,decaps,638024
7416,bike,fixed,decaps,619018
7417,bike,fixed,decaps,815536
7418,bike,fixed,decaps,852836
7419,bike,fixed,decaps,835784
7420,bike,fixed,decaps,692305
7421,bike,fixed,decaps,643484
7422,bike,fixed,decaps,584103
7423,bike,fixed,decaps,580726
7424,bike,fixed,decaps,582690
7425,bike,fixed,decaps,585836
7426,bike,fixed,decaps,601034
7427,bike,fixed,decaps,585645
7428,bike,fixed,decaps,586527
7429,bike,fixed,decaps,612876
7430,bike,fixed,decaps,594603
7431,bike,fixed,decaps,590886
7432,bike,fixed,decaps,583121
7433,bike,fixed,decaps,583211
7434,bike,fixed,decaps,579394
7435,bike,fixed,decaps,586948
7436,bike,fixed,decaps,589313
7437,bike,fixed,decaps,594362
7438,bike,fixed,decaps,618096
7439,bike,fixed,decaps,590255
7440,bike,fixed,decaps,587609
7441,bike,fixed,decaps,630780
7442,bike,fixed,decaps,597458
7443,bike,fixed,decaps,779378
7444,bike,fixed,decaps,834721
7445,bike,fixed,decaps,879084
7446,bike,fixed,decaps,731850
7447,bike,fixed,decaps,608618
7448,bike,fixed,decaps,580536
7449,bike,fixed,decaps,579063
7450,bike,fixed,decaps,834412
7451,bike,fixed,decaps,723905
7452,bike,fixed,decaps,598449
7453,bike,fixed,decaps,594863
7454,bike,fixed,decaps,643574
7455,bike,fixed,decaps,832848
7456,bike,fixed,decaps,903080
7457,bike,fixed,decaps,745665
7458,bike,fixed,decaps,615732
7459,bike,fixed,decaps,625470
7460,bike,fixed,decaps,621704
7461,bike,fixed,decaps,604060
7462,bike,fixed,decaps,586107
7463,bike,fixed,decaps,585967
7464,bike,fixed,decaps,585986
7465,bike,fixed,decaps,592839
7466,bike,fixed,decaps,653994
7467,bike,fixed,decaps,599562
7468,bike,fixed,decaps,597228
7469,bike,fixed,decaps,620281
7470,bike,fixed,decaps,591577
7471,bike,fixed,decaps,586958
7472,bike,fixed,decaps,698286
7473,bike,fixed,decaps,602978
7474,bike,fixed,decaps,587719
7475,bike,fixed,decaps,585906
7476,bike,fixed,decaps,582590
7477,bike,fixed,decaps,646860
7478,bike,fixed,decaps,608498
7479,bike,fixed,decaps,584884
7480,bike,fixed,decaps,593480
7481,bike,fixed,decaps,586337
7482,bike,fixed,decaps,702444
7483,bike,fixed,decaps,893833
7484,bike,fixed,decaps,840092
7485,bike,fixed,decaps,856282
7486,bike,fixed,decaps,842787
7487,bike,fixed,decaps,648473
7488,bike,fixed,decaps,585225
7489,bike,fixed,decaps,582490
7490,bike,fixed,decaps,587158
7491,bike,fixed,decaps,636040
7492,bike,fixed,decaps,611525
7493,bike,fixed,decaps,640879
7494,bike,fixed,decaps,770151
7495,bike,fixed,decaps,850992
7496,bike,fixed,decaps,855651
7497,bike,fixed,decaps,688929
7498,bike,fixed,decaps,591166
7499,bike,fixed,decaps,598329
7500,bike,fixed,decaps,579764
7501,bike,fixed,decaps,584253
7502,bike,fixed,decaps,596036
7503,bike,fixed,decaps,583251
7504,bike,fixed,decaps,587599
7505,bike,fixed,decaps,587248
7506,bike,fixed,decaps,583091
7507,bike,fixed,decaps,587129
7508,bike,fixed,decaps,597989
7509,bike,fixed,decaps,606054
7510,bike,fixed,decaps,618216
7511,bike,fixed,decaps,591025
7512,bike,fixed,decaps,590154
7513,bike,fixed,decaps,589042
7514,bike,fixed,decaps,600624
7515,bike,fixed,decaps,595865
7516,bike,fixed,decaps,597518
7517,bike,fixed,decaps,586627
7518,bike,fixed,decaps,639246
7519,bike,fixed,decaps,598119
7520,bike,fixed,decaps,626873
7521,bike,fixed,decaps,834160
7522,bike,fixed,decaps,870148
7523,bike,fixed,decaps,860901
7524,bike,fixed,decaps,682437
7525,bike,fixed,decaps,584894
7526,bike,fixed,decaps,582771
7527,bike,fixed,decaps,614129
7528,bike,fixed,decaps,584544
7529,bike,fixed,decaps,602006
7530,bike,fixed,decaps,581037
7531,bike,fixed,decaps,574145
7532,bike,fixed,decaps,625581
7533,bike,fixed,decaps,827749
7534,bike,fixed,decaps,876490
7535,bike,fixed,decaps,821377
7536,bike,fixed,decaps,592188
7537,bike,fixed,decaps,585104
7538,bike,fixed,decaps,585405
7539,bike,fixed,decaps,634026
7540,bike,fixed,decaps,581498
7541,bike,fixed,decaps,587138
7542,bike,fixed,decaps,585014
7543,bike,fixed,decaps,584904
7544,bike,fixed,decaps,666007
7545,bike,fixed,decaps,590084
7546,bike,fixed,decaps,585776
7547,bike,fixed,decaps,587479
7548,bike,fixed,decaps,582800
7549,bike,fixed,decaps,589653
7550,bike,fixed,decaps,612757
7551,bike,fixed,decaps,588872
7552,bike,fixed,decaps,590695
7553,bike,fixed,decaps,586548
7554,bike,fixed,decaps,587439
7555,bike,fixed,decaps,582660
7556,bike,fixed,decaps,590555
7557,bike,fixed,decaps,584854
7558,bike,fixed,decaps,586588
7559,bike,fixed,decaps,734735
7560,bike,fixed,decaps,858887
7561,bike,fixed,decaps,868234
7562,bike,fixed,decaps,776543
7563,bike,fixed,decaps,584553
7564,bike,fixed,decaps,594733
7565,bike,fixed,decaps,612876
7566,bike,fixed,decaps,583872
7567,bike,fixed,decaps,578803
7568,bike,fixed,decaps,581628
7569,bike,fixed,decaps,579444
7570,bike,fixed,decaps,587540
7571,bike,fixed,decaps,592268
7572,bike,fixed,decaps,773106
7573,bike,fixed,decaps,850120
7574,bike,fixed,decaps,861873
7575,bike,fixed,decaps,737370
7576,bike,fixed,decaps,586027
7577,bike,fixed,decaps,592328
7578,bike,fixed,decaps,593140
7579,bike,fixed,decaps,582891
7580,bike,fixed,decaps,583061
7581,bike,fixed,decaps,593461
7582,bike,fixed,decaps,588000
7583,bike,fixed,decaps,584493
7584,bike,fixed,decaps,585165
7585,bike,fixed,decaps,590956
7586,bike,fixed,decaps,650066
7587,bike,fixed,decaps,811508
7588,bike,fixed,decaps,727882
7589,bike,fixed,decaps,596256
7590,bike,fixed,decaps,596697
7591,bike,fixed,decaps,603219
7592,bike,fixed,decaps,588381
7593,bike,fixed,decaps,588851
7594,bike,fixed,decaps,585976
7595,bike,fixed,decaps,586176
7596,bike,fixed,decaps,591336
7597,bike,fixed,decaps,644966
7598,bike,fixed,decaps,724766
7599,bike,fixed,decaps,851062
7600,bike,fixed,decaps,866111
7601,bike,fixed,decaps,709186
7602,bike,fixed,decaps,599983
7603,bike,fixed,decaps,588170
7604,bike,fixed,decaps,585004
7605,bike,fixed,decaps,586718
7606,bike,fixed,decaps,582330
7607,bike,fixed,decaps,595494
7608,bike,fixed,decaps,586517
7609,bike,fixed,decaps,590275
7610,bike,fixed,decaps,591016
7611,bike,fixed,decaps,841524
7612,bike,fixed,decaps,882581
7613,bike,fixed,decaps,826427
7614,bike,fixed,decaps,621713
7615,bike,fixed,decaps,584584
7616,bike,fixed,decaps,594733
7617,bike,fixed,decaps,603179
7618,bike,fixed,decaps,584754
7619,bike,fixed,decaps,588681
7620,bike,fixed,decaps,585004
7621,bike,fixed,decaps,586818
7622,bike,fixed,decaps,612135
7623,bike,fixed,decaps,617345
7624,bike,fixed,decaps,590585
7625,bike,fixed,decaps,584845
7626,bike,fixed,decaps,584784
7627,bike,fixed,decaps,582711
7628,bike,fixed,decaps,594302
7629,bike,fixed,decaps,610903
7630,bike,fixed,decaps,587550
7631,bike,fixed,decaps,582600
7632,bike,fixed,decaps,586487
7633,bike,fixed,decaps,584714
7634,bike,fixed,decaps,591717
7635,bike,fixed,decaps,578813
7636,bike,fixed,decaps,582219
7637,bike,fixed,decaps,578773
7638,bike,fixed,decaps,798804
7639,bike,fixed,decaps,896007
7640,bike,fixed,decaps,855751
7641,bike,fixed,decaps,835634
7642,bike,fixed,decaps,606354
7643,bike,fixed,decaps,601555
7644,bike,fixed,decaps,586537
7645,bike,fixed,decaps,584593
7646,bike,fixed,decaps,584674
7647,bike,fixed,decaps,585365
7648,bike,fixed,decaps,586658
7649,bike,fixed,decaps,784177
7650,bike,fixed,decaps,617274
7651,bike,fixed,decaps,583802
7652,bike,fixed,decaps,672809
7653,bike,fixed,decaps,633024
7654,bike,fixed,decaps,616754
7655,bike,fixed,decaps,581588
7656,bike,fixed,decaps,582369
7657,bike,fixed,decaps,587148
7658,bike,fixed,decaps,582600
7659,bike,fixed,decaps,606294
7660,bike,fixed,decaps,654334
7661,bike,fixed,decaps,620260
7662,bike,fixed,decaps,596005
7663,bike,fixed,decaps,589093
7664,bike,fixed,decaps,613578
7665,bike,fixed,decaps,599601
7666,bike,fixed,decaps,585054
7667,bike,fixed,decaps,587088
7668,bike,fixed,decaps,586998
7669,bike,fixed,decaps,598970
7670,bike,fixed,decaps,606274
7671,bike,fixed,decaps,603068
7672,bike,fixed,decaps,589392
7673,bike,fixed,decaps,584183
7674,bike,fixed,decaps,593992
7675,bike,fixed,decaps,590144
7676,bike,fixed,decaps,598660
7677,bike,fixed,decaps,625340
7678,bike,fixed,decaps,605803
7679,bike,fixed,decaps,646589
7680,bike,fixed,decaps,584704
7681,bike,fixed,decaps,579243
7682,bike,fixed,decaps,606204
7683,bike,fixed,decaps,586608
7684,bike,fixed,decaps,621533
7685,bike,fixed,decaps,579634
7686,bike,fixed,decaps,578703
7687,bike,fixed,decaps,629348
7688,bike,fixed,decaps,599651
7689,bike,fixed,decaps,604301
7690,bike,fixed,decaps,620130
7691,bike,fixed,decaps,620481
7692,bike,fixed,decaps,583733
7693,bike,fixed,decaps,599111
7694,bike,fixed,decaps,606104
7695,bike,fixed,decaps,620912
7696,bike,fixed,decaps,621443
7697,bike,fixed,decaps,584213
7698,bike,fixed,decaps,595955
7699,bike,fixed,decaps,583652
7700,bike,fixed,decaps,579775
7701,bike,fixed,decaps,592539
7702,bike,fixed,decaps,590585
7703,bike,fixed,decaps,609780
7704,bike,fixed,decaps,625751
7705,bike,fixed,decaps,583121
7706,bike,fixed,decaps,594533
7707,bike,fixed,decaps,589463
7708,bike,fixed,decaps,594783
7709,bike,fixed,decaps,614960
7710,bike,fixed,decaps,615882
7711,bike,fixed,decaps,595554
7712,bike,fixed,decaps,589252
7713,bike,fixed,decaps,585104
7714,bike,fixed,decaps,587088
7715,bike,fixed,decaps,618958
7716,bike,fixed,decaps,587198
7717,bike,fixed,decaps,585996
7718,bike,fixed,decaps,588351
7719,bike,fixed,decaps,608288
7720,bike,fixed,decaps,586057
7721,bike,fixed,decaps,640799
7722,bike,fixed,decaps,615412
7723,bike,fixed,decaps,633896
7724,bike,fixed,decaps,585966
7725,bike,fixed,decaps,584042
7726,bike,fixed,decaps,601465
7727,bike,fixed,decaps,588841
7728,bike,fixed,decaps,583642
7729,bike,fixed,decaps,657450
7730,bike,fixed,decaps,840312
7731,bike,fixed,decaps,717272
7732,bike,fixed,decaps,601776
7733,bike,fixed,decaps,586026
7734,bike,fixed,decaps,589092
7735,bike,fixed,decaps,583371
7736,bike,fixed,decaps,586087
7737,bike,fixed,decaps,605323
7738,bike,fixed,decaps,594573
7739,bike,fixed,decaps,586077
7740,bike,fixed,decaps,591647
7741,bike,fixed,decaps,590464
7742,bike,fixed,decaps,595364
7743,bike,fixed,decaps,591276
7744,bike,fixed,decaps,588802
7745,bike,fixed,decaps,592519
7746,bike,fixed,decaps,608408
7747,bike,fixed,decaps,595905
7748,bike,fixed,decaps,617425
7749,bike,fixed,decaps,598299
7750,bike,fixed,decaps,599912
7751,bike,fixed,decaps,592087
7752,bike,fixed,decaps,591306
7753,bike,fixed,decaps,597077
7754,bike,fixed,decaps,594342
7755,bike,fixed,decaps,604070
7756,bike,fixed,decaps,589052
7757,bike,fixed,decaps,614279
7758,bike,fixed,decaps,788285
7759,bike,fixed,decaps,627884
7760,bike,fixed,decaps,583471
7761,bike,fixed,decaps,586677
7762,bike,fixed,decaps,583291
7763,bike,fixed,decaps,610632
7764,bike,fixed,decaps,604992
7765,bike,fixed,decaps,583782
7766,bike,fixed,decaps,583421
7767,bike,fixed,decaps,586838
7768,bike,fixed,decaps,586207
7769,bike,fixed,decaps,585435
7770,bike,fixed,decaps,609891
7771,bike,fixed,decaps,585996
7772,bike,fixed,decaps,589733
7773,bike,fixed,decaps,585085
7774,bike,fixed,decaps,579834
7775,bike,fixed,decaps,586647
7776,bike,fixed,decaps,590264
7777,bike,fixed,decaps,587639
7778,bike,fixed,decaps,586016
7779,bike,fixed,decaps,585225
7780,bike,fixed,decaps,615482
7781,bike,fixed,decaps,596416
7782,bike,fixed,decaps,590404
7783,bike,fixed,decaps,583021
7784,bike,fixed,decaps,586708
7785,bike,fixed,decaps,824643
7786,bike,fixed,decaps,604180
7787,bike,fixed,decaps,591136
7788,bike,fixed,decaps,592589
7789,bike,fixed,decaps,628946
7790,bike,fixed,decaps,591547
7791,bike,fixed,decaps,590245
7792,bike,fixed,decaps,600564
7793,bike,fixed,decaps,587389
7794,bike,fixed,decaps,584674
7795,bike,fixed,decaps,584944
7796,bike,fixed,decaps,585055
7797,bike,fixed,decaps,591036
7798,bike,fixed,decaps,602007
7799,bike,fixed,decaps,589793
7800,bike,fixed,decaps,589583
7801,bike,fixed,decaps,610291
7802,bike,fixed,decaps,586738
7803,bike,fixed,decaps,600163
7804,bike,fixed,decaps,592138
7805,bike,fixed,decaps,595164
7806,bike,fixed,decaps,611193
7807,bike,fixed,decaps,604280
7808,bike,fixed,decaps,605312
7809,bike,fixed,decaps,599021
7810,bike,fixed,decaps,583412
7811,bike,fixed,decaps,579785
7812,bike,fixed,decaps,583211
7813,bike,fixed,decaps,740676
7814,bike,fixed,decaps,692506
7815,bike,fixed,decaps,608649
7816,bike,fixed,decaps,591516
7817,bike,fixed,decaps,595233
7818,bike,fixed,decaps,592989
7819,bike,fixed,decaps,628687
7820,bike,fixed,decaps,599261
7821,bike,fixed,decaps,595414
7822,bike,fixed,decaps,639737
7823,bike,fixed,decaps,591937
7824,bike,fixed,decaps,585565
7825,bike,fixed,decaps,607797
7826,bike,fixed,decaps,899944
7827,bike,fixed,decaps,644606
7828,bike,fixed,decaps,586998
7829,bike,fixed,decaps,597187
7830,bike,fixed,decaps,616393
7831,bike,fixed,decaps,592969
7832,bike,fixed,decaps,592779
7833,bike,fixed,decaps,590144
7834,bike,fixed,decaps,593480
7835,bike,fixed,decaps,588351
7836,bike,fixed,decaps,626512
7837,bike,fixed,decaps,596125
7838,bike,fixed,decaps,588972
7839,bike,fixed,decaps,624408
7840,bike,fixed,decaps,594683
7841,bike,fixed,decaps,836576
7842,bike,fixed,decaps,602487
7843,bike,fixed,decaps,622585
7844,bike,fixed,decaps,587540
7845,bike,fixed,decaps,586888
7846,bike,fixed,decaps,612055
7847,bike,fixed,decaps,614790
7848,bike,fixed,decaps,599702
7849,bike,fixed,decaps,603199
7850,bike,fixed,decaps,603108
7851,bike,fixed,decaps,600644
7852,bike,fixed,decaps,600764
7853,bike,fixed,decaps,586818
7854,bike,fixed,decaps,588892
7855,bike,fixed,decaps,647902
7856,bike,fixed,decaps,587689
7857,bike,fixed,decaps,782073
7858,bike,fixed,decaps,611585
7859,bike,fixed,decaps,600243
7860,bike,fixed,decaps,591396
7861,bike,fixed,decaps,588351
7862,bike,fixed,decaps,585175
7863,bike,fixed,decaps,602347
7864,bike,fixed,decaps,594723
7865,bike,fixed,decaps,585535
7866,bike,fixed,decaps,601325
7867,bike,fixed,decaps,817830
7868,bike,fixed,decaps,623807
7869,bike,fixed,decaps,633004
7870,bike,fixed,decaps,586717
7871,bike,fixed,decaps,590344
7872,bike,fixed,decaps,771213
7873,bike,fixed,decaps,631081
7874,bike,fixed,decaps,587870
7875,bike,fixed,decaps,587579
7876,bike,fixed,decaps,589313
7877,bike,fixed,decaps,589153
7878,bike,fixed,decaps,591397
7879,bike,fixed,decaps,597708
7880,bike,fixed,decaps,586808
7881,bike,fixed,decaps,630410
7882,bike,fixed,decaps,800267
7883,bike,fixed,decaps,633034
7884,bike,fixed,decaps,647792
7885,bike,fixed,decaps,754111
7886,bike,fixed,decaps,628175
7887,bike,fixed,decaps,618988
7888,bike,fixed,decaps,591436
7889,bike,fixed,decaps,610131
7890,bike,fixed,decaps,615542
7891,bike,fixed,decaps,614410
7892,bike,fixed,decaps,618848
7893,bike,fixed,decaps,663822
7894,bike,fixed,decaps,894404
7895,bike,fixed,decaps,828740
7896,bike,fixed,decaps,625761
7897,bike,fixed,decaps,584033
7898,bike,fixed,decaps,582630
7899,bike,fixed,decaps,603409
7900,bike,fixed,decaps,583812
7901,bike,fixed,decaps,593411
7902,bike,fixed,decaps,586888
7903,bike,fixed,decaps,586868
7904,bike,fixed,decaps,642342
7905,bike,fixed,decaps,598079
7906,bike,fixed,decaps,624288
7907,bike,fixed,decaps,608809
7908,bike,fixed,decaps,587659
7909,bike,fixed,decaps,592448
7910,bike,fixed,decaps,598069
7911,bike,fixed,decaps,596606
7912,bike,fixed,decaps,643203
7913,bike,fixed,decaps,607046
7914,bike,fixed,decaps,590925
7915,bike,fixed,decaps,597688
7916,bike,fixed,decaps,586417
7917,bike,fixed,decaps,586147
7918,bike,fixed,decaps,613939
7919,bike,fixed,decaps,586617
7920,bike,fixed,decaps,755443
7921,bike,fixed,decaps,778637
7922,bike,fixed,decaps,823220
7923,bike,fixed,decaps,635148
7924,bike,fixed,decaps,593721
7925,bike,fixed,decaps,583061
7926,bike,fixed,decaps,606785
7927,bike,fixed,decaps,587158
7928,bike,fixed,decaps,583041
7929,bike,fixed,decaps,582861
7930,bike,fixed,decaps,584143
7931,bike,fixed,decaps,598200
7932,bike,fixed,decaps,585015
7933,bike,fixed,decaps,584564
7934,bike,fixed,decaps,684130
7935,bike,fixed,decaps,785850
7936,bike,fixed,decaps,651028
7937,bike,fixed,decaps,699909
7938,bike,fixed,decaps,716300
7939,bike,fixed,decaps,610382
7940,bike,fixed,decaps,591076
7941,bike,fixed,decaps,605623
7942,bike,fixed,decaps,590655
7943,bike,fixed,decaps,590595
7944,bike,fixed,decaps,598429
7945,bike,fixed,decaps,604271
7946,bike,fixed,decaps,761235
7947,bike,fixed,decaps,679391
7948,bike,fixed,decaps,641090
7949,bike,fixed,decaps,637072
7950,bike,fixed,decaps,589393
7951,bike,fixed,decaps,579464
7952,bike,fixed,decaps,607637
7953,bike,fixed,decaps,604732
7954,bike,fixed,decaps,583872
7955,bike,fixed,decaps,589363
7956,bike,fixed,decaps,585125
7957,bike,fixed,decaps,582459
7958,bike,fixed,decaps,592649
7959,bike,fixed,decaps,586648
7960,bike,fixed,decaps,622996
7961,bike,fixed,decaps,697264
7962,bike,fixed,decaps,685282
7963,bike,fixed,decaps,623466
7964,bike,fixed,decaps,738321
7965,bike,fixed,decaps,640418
7966,bike,fixed,decaps,608779
7967,bike,fixed,decaps,606735
7968,bike,fixed,decaps,637583
7969,bike,fixed,decaps,628075
7970,bike,fixed,decaps,612787
7971,bike,fixed,decaps,590505
7972,bike,fixed,decaps,820565
7973,bike,fixed,decaps,610052
7974,bike,fixed,decaps,681495
7975,bike,fixed,decaps,642552
7976,bike,fixed,decaps,716220
7977,bike,fixed,decaps,648974
7978,bike,fixed,decaps,639777
7979,bike,fixed,decaps,586167
7980,bike,fixed,decaps,580866
7981,bike,fixed,decaps,609761
7982,bike,fixed,decaps,581598
7983,bike,fixed,decaps,579434
7984,bike,fixed,decaps,597438
7985,bike,fixed,decaps,604932
7986,bike,fixed,decaps,610352
7987,bike,fixed,decaps,586667
7988,bike,fixed,decaps,632624
7989,bike,fixed,decaps,598610
7990,bike,fixed,decaps,635038
7991,bike,fixed,decaps,673710
7992,bike,fixed,decaps,617455
7993,bike,fixed,decaps,603349
7994,bike,fixed,decaps,607627
7995,bike,fixed,decaps,618357
7996,bike,fixed,decaps,584934
7997,bike,fixed,decaps,587589
7998,bike,fixed,decaps,582951
7999,bike,fixed,decaps,756525
8000,bike,fixed,decaps,642883
8001,bike,fixed,decaps,714447
8002,bike,fixed,decaps,799496
8003,bike,fixed,decaps,816067
8004,bike,fixed,decaps,698116
8005,bike,fixed,decaps,588872
8006,bike,fixed,decaps,591567
8007,bike,fixed,decaps,702734
8008,bike,fixed,decaps,587219
8009,bike,fixed,decaps,608469
8010,bike,fixed,decaps,614811
8011,bike,fixed,decaps,587690
8012,bike,fixed,decaps,587609
8013,bike,fixed,decaps,672177
8014,bike,fixed,decaps,738281
8015,bike,fixed,decaps,744223
8016,bike,fixed,decaps,588861
8017,bike,fixed,decaps,745966
8018,bike,fixed,decaps,621453
8019,bike,fixed,decaps,585084
8020,bike,fixed,decaps,605983
8021,bike,fixed,decaps,586577
8022,bike,fixed,decaps,594292
8023,bike,fixed,decaps,603650
8024,bike,fixed,decaps,584443
8025,bike,fixed,decaps,715849
8026,bike,fixed,decaps,707593
8027,bike,fixed,decaps,592940
8028,bike,fixed,decaps,585856
8029,bike,fixed,decaps,587459
8030,bike,fixed,decaps,588471
8031,bike,fixed,decaps,609841
8032,bike,fixed,decaps,586688
8033,bike,fixed,decaps,592789
8034,bike,fixed,decaps,677217
8035,bike,fixed,decaps,637924
8036,bike,fixed,decaps,609831
8037,bike,fixed,decaps,587059
8038,bike,fixed,decaps,589553
8039,bike,fixed,decaps,671466
8040,bike,fixed,decaps,672237
8041,bike,fixed,decaps,603559
8042,bike,fixed,decaps,607546
8043,bike,fixed,decaps,641209
8044,bike,fixed,decaps,690622
8045,bike,fixed,decaps,633745
8046,bike,fixed,decaps,594312
8047,bike,fixed,decaps,625921
8048,bike,fixed,decaps,613879
8049,bike,fixed,decaps,611765
8050,bike,fixed,decaps,620090
8051,bike,fixed,decaps,782564
8052,bike,fixed,decaps,754091
8053,bike,fixed,decaps,743682
8054,bike,fixed,decaps,811508
8055,bike,fixed,decaps,636861
8056,bike,fixed,decaps,585535
8057,bike,fixed,decaps,645438
8058,bike,fixed,decaps,587920
8059,bike,fixed,decaps,625500
8060,bike,fixed,decaps,588692
8061,bike,fixed,decaps,589553
8062,bike,fixed,decaps,610171
8063,bike,fixed,decaps,588160
8064,bike,fixed,decaps,591386
8065,bike,fixed,decaps,652220
8066,bike,fixed,decaps,599282
8067,bike,fixed,decaps,595284
8068,bike,fixed,decaps,602768
8069,bike,fixed,decaps,598549
8070,bike,fixed,decaps,593049
8071,bike,fixed,decaps,598620
8072,bike,fixed,decaps,646169
8073,bike,fixed,decaps,627895
8074,bike,fixed,decaps,649746
8075,bike,fixed,decaps,640548
8076,bike,fixed,decaps,590425
8077,bike,fixed,decaps,602538
8078,bike,fixed,decaps,859127
8079,bike,fixed,decaps,587820
8080,bike,fixed,decaps,665325
8081,bike,fixed,decaps,728573
8082,bike,fixed,decaps,614249
8083,bike,fixed,decaps,605994
8084,bike,fixed,decaps,583742
8085,bike,fixed,decaps,607347
8086,bike,fixed,decaps,592158
8087,bike,fixed,decaps,586607
8088,bike,fixed,decaps,588180
8089,bike,fixed,decaps,597057
8090,bike,fixed,decaps,585616
8091,bike,fixed,decaps,587830
8092,bike,fixed,decaps,609290
8093,bike,fixed,decaps,627214
8094,bike,fixed,decaps,606254
8095,bike,fixed,decaps,625410
8096,bike,fixed,decaps,583041
8097,bike,fixed,decaps,584584
8098,bike,fixed,decaps,613679
8099,bike,fixed,decaps,617495
8100,bike,fixed,decaps,603609
8101,bike,fixed,decaps,591426
8102,bike,fixed,decaps,586677
8103,bike,fixed,decaps,586377
8104,bike,fixed,decaps,855250
8105,bike,fixed,decaps,610282
8106,bike,fixed,decaps,585004
8107,bike,fixed,decaps,613317
8108,bike,fixed,decaps,610723
8109,bike,fixed,decaps,585215
8110,bike,fixed,decaps,586097
8111,bike,fixed,decaps,598811
8112,bike,fixed,decaps,585195
8113,bike,fixed,decaps,697315
8114,bike,fixed,decaps,602157
8115,bike,fixed,decaps,611714
8116,bike,fixed,decaps,612476
8117,bike,fixed,decaps,613588
8118,bike,fixed,decaps,612687
8119,bike,fixed,decaps,614059
8120,bike,fixed,decaps,633225
8121,bike,fixed,decaps,615161
8122,bike,fixed,decaps,641039
8123,bike,fixed,decaps,609380
8124,bike,fixed,decaps,720929
8125,bike,fixed,decaps,587489
8126,bike,fixed,decaps,587208
8127,bike,fixed,decaps,605483
8128,bike,fixed,decaps,579054
8129,bike,fixed,decaps,587419
8130,bike,fixed,decaps,605262
8131,bike,fixed,decaps,668110
8132,bike,fixed,decaps,818662
8133,bike,fixed,decaps,611334
8134,bike,fixed,decaps,590435
8135,bike,fixed,decaps,634346
8136,bike,fixed,decaps,590956
8137,bike,fixed,decaps,678269
8138,bike,fixed,decaps,616964
8139,bike,fixed,decaps,693287
8140,bike,fixed,decaps,611545
8141,bike,fixed,decaps,588461
8142,bike,fixed,decaps,585766
8143,bike,fixed,decaps,602878
8144,bike,fixed,decaps,583502
8145,bike,fixed,decaps,595685
8146,bike,fixed,decaps,586938
8147,bike,fixed,decaps,586787
8148,bike,fixed,decaps,596716
8149,bike,fixed,decaps,587108
8150,bike,fixed,decaps,592639
8151,bike,fixed,decaps,592238
8152,bike,fixed,decaps,588962
8153,bike,fixed,decaps,586417
8154,bike,fixed,decaps,592178
8155,bike,fixed,decaps,590164
8156,bike,fixed,decaps,586367
8157,bike,fixed,decaps,665545
8158,bike,fixed,decaps,816598
8159,bike,fixed,decaps,700430
8160,bike,fixed,decaps,628576
8161,bike,fixed,decaps,810937
8162,bike,fixed,decaps,781021
8163,bike,fixed,decaps,631702
8164,bike,fixed,decaps,694509
8165,bike,fixed,decaps,584293
8166,bike,fixed,decaps,584824
8167,bike,fixed,decaps,586868
8168,bike,fixed,decaps,585134
8169,bike,fixed,decaps,600293
8170,bike,fixed,decaps,592498
8171,bike,fixed,decaps,605302
8172,bike,fixed,decaps,614169
8173,bike,fixed,decaps,772034
8174,bike,fixed,decaps,684350
8175,bike,fixed,decaps,753469
8176,bike,fixed,decaps,592669
8177,bike,fixed,decaps,625560
8178,bike,fixed,decaps,587570
8179,bike,fixed,decaps,604181
8180,bike,fixed,decaps,610082
8181,bike,fixed,decaps,587970
8182,bike,fixed,decaps,588020
8183,bike,fixed,decaps,597878
8184,bike,fixed,decaps,813762
8185,bike,fixed,decaps,651930
8186,bike,fixed,decaps,624288
8187,bike,fixed,decaps,589934
8188,bike,fixed,decaps,591667
8189,bike,fixed,decaps,614259
8190,bike,fixed,decaps,615251
8191,bike,fixed,decaps,612556
8192,bike,fixed,decaps,644485
8193,bike,fixed,decaps,589463
8194,bike,fixed,decaps,609189
8195,bike,fixed,decaps,589503
8196,bike,fixed,decaps,615020
8197,bike,fixed,decaps,609049
8198,bike,fixed,decaps,590715
8199,bike,fixed,decaps,772495
8200,bike,fixed,decaps,603569
8201,bike,fixed,decaps,620050
8202,bike,fixed,decaps,586858
8203,bike,fixed,decaps,617456
8204,bike,fixed,decaps,587128
8205,bike,fixed,decaps,633315
8206,bike,fixed,decaps,621242
8207,bike,fixed,decaps,588120
8208,bike,fixed,decaps,594542
8209,bike,fixed,decaps,601355
8210,bike,fixed,decaps,625340
8211,bike,fixed,decaps,742950
8212,bike,fixed,decaps,698297
8213,bike,fixed,decaps,681234
8214,bike,fixed,decaps,588962
8215,bike,fixed,decaps,590605
8216,bike,fixed,decaps,587309
8217,bike,fixed,decaps,620701
8218,bike,fixed,decaps,617114
8219,bike,fixed,decaps,628957
8220,bike,fixed,decaps,584734
8221,bike,fixed,decaps,615411
8222,bike,fixed,decaps,625029
8223,bike,fixed,decaps,608168
8224,bike,fixed,decaps,603409
8225,bike,fixed,decaps,602848
8226,bike,fixed,decaps,606585
8227,bike,fixed,decaps,614690
8228,bike,fixed,decaps,597838
8229,bike,fixed,decaps,605343
8230,bike,fixed,decaps,598831
8231,bike,fixed,decaps,587930
8232,bike,fixed,decaps,582710
8233,bike,fixed,decaps,595705
8234,bike,fixed,decaps,589203
8235,bike,fixed,decaps,582781
8236,bike,fixed,decaps,611214
8237,bike,fixed,decaps,649546
8238,bike,fixed,decaps,746376
8239,bike,fixed,decaps,673721
8240,bike,fixed,decaps,790950
8241,bike,fixed,decaps,692245
8242,bike,fixed,decaps,588361
8243,bike,fixed,decaps,766444
8244,bike,fixed,decaps,606404
8245,bike,fixed,decaps,584914
8246,bike,fixed,decaps,584904
8247,bike,fixed,decaps,589934
8248,bike,fixed,decaps,612065
8249,bike,fixed,decaps,599050
8250,bike,fixed,decaps,586808
8251,bike,fixed,decaps,589744
8252,bike,fixed,decaps,813432
8253,bike,fixed,decaps,730817
8254,bike,fixed,decaps,656709
8255,bike,fixed,decaps,590895
8256,bike,fixed,decaps,591847
8257,bike,fixed,decaps,587029
8258,bike,fixed,decaps,586127
8259,bike,fixed,decaps,624258
8260,bike,fixed,decaps,622435
8261,bike,fixed,decaps,590715
8262,bike,fixed,decaps,595684
8263,bike,fixed,decaps,596716
8264,bike,fixed,decaps,733993
8265,bike,fixed,decaps,714056
8266,bike,fixed,decaps,608248
8267,bike,fixed,decaps,619188
8268,bike,fixed,decaps,583091
8269,bike,fixed,decaps,586497
8270,bike,fixed,decaps,627323
8271,bike,fixed,decaps,587609
8272,bike,fixed,decaps,589262
8273,bike,fixed,decaps,588150
8274,bike,fixed,decaps,595884
8275,bike,fixed,decaps,621162
8276,bike,fixed,decaps,709497
8277,bike,fixed,decaps,709368
8278,bike,fixed,decaps,606124
8279,bike,fixed,decaps,605313
8280,bike,fixed,decaps,756335
8281,bike,fixed,decaps,715168
8282,bike,fixed,decaps,596446
8283,bike,fixed,decaps,586888
8284,bike,fixed,decaps,589183
8285,bike,fixed,decaps,586267
8286,bike,fixed,decaps,635478
8287,bike,fixed,decaps,583712
8288,bike,fixed,decaps,585636
8289,bike,fixed,decaps,589092
8290,bike,fixed,decaps,810135
8291,bike,fixed,decaps,618146
8292,bike,fixed,decaps,592118
8293,bike,fixed,decaps,590705
8294,bike,fixed,decaps,631231
8295,bike,fixed,decaps,606706
8296,bike,fixed,decaps,609360
8297,bike,fixed,decaps,587439
8298,bike,fixed,decaps,586858
8299,bike,fixed,decaps,586257
8300,bike,fixed,decaps,613728
8301,bike,fixed,decaps,601235
8302,bike,fixed,decaps,595935
8303,bike,fixed,decaps,593781
8304,bike,fixed,decaps,589853
8305,bike,fixed,decaps,582610
8306,bike,fixed,decaps,586568
8307,bike,fixed,decaps,584193
8308,bike,fixed,decaps,619078
8309,bike,fixed,decaps,596356
8310,bike,fixed,decaps,582901
8311,bike,fixed,decaps,584935
8312,bike,fixed,decaps,593200
8313,bike,fixed,decaps,588280
8314,bike,fixed,decaps,575186
8315,bike,fixed,decaps,596355
8316,bike,fixed,decaps,583962
8317,bike,fixed,decaps,586096
8318,bike,fixed,decaps,721570
8319,bike,fixed,decaps,734003
8320,bike,fixed,decaps,585476
8321,bike,fixed,decaps,586788
8322,bike,fixed,decaps,584864
8323,bike,fixed,decaps,583101
8324,bike,fixed,decaps,604240
8325,bike,fixed,decaps,583231
8326,bike,fixed,decaps,586547
8327,bike,fixed,decaps,582520
8328,bike,fixed,decaps,586186
8329,bike,fixed,decaps,591446
8330,bike,fixed,decaps,599041
8331,bike,fixed,decaps,589092
8332,bike,fixed,decaps,587699
8333,bike,fixed,decaps,590244
8334,bike,fixed,decaps,617065
8335,bike,fixed,decaps,603199
8336,bike,fixed,decaps,594653
8337,bike,fixed,decaps,591517
8338,bike,fixed,decaps,597097
8339,bike,fixed,decaps,590074
8340,bike,fixed,decaps,590334
8341,bike,fixed,decaps,598549
8342,bike,fixed,decaps,588621
8343,bike,fixed,decaps,593690
8344,bike,fixed,decaps,586076
8345,bike,fixed,decaps,813041
8346,bike,fixed,decaps,608789
8347,bike,fixed,decaps,701212
8348,bike,fixed,decaps,630700
8349,bike,fixed,decaps,610281
8350,bike,fixed,decaps,610051
8351,bike,fixed,decaps,615000
8352,bike,fixed,decaps,604521
8353,bike,fixed,decaps,605894
8354,bike,fixed,decaps,613789
8355,bike,fixed,decaps,586898
8356,bike,fixed,decaps,584383
8357,bike,fixed,decaps,587980
8358,bike,fixed,decaps,579274
8359,bike,fixed,decaps,578763
8360,bike,fixed,decaps,579304
8361,bike,fixed,decaps,590124
8362,bike,fixed,decaps,585044
8363,bike,fixed,decaps,610893
8364,bike,fixed,decaps,586968
8365,bike,fixed,decaps,737530
8366,bike,fixed,decaps,589323
8367,bike,fixed,decaps,612246
8368,bike,fixed,decaps,595615
8369,bike,fixed,decaps,586107
8370,bike,fixed,decaps,595064
8371,bike,fixed,decaps,583011
8372,bike,fixed,decaps,608439
8373,bike,fixed,decaps,815826
8374,bike,fixed,decaps,778777
8375,bike,fixed,decaps,621172
8376,bike,fixed,decaps,595664
8377,bike,fixed,decaps,588541
8378,bike,fixed,decaps,711922
8379,bike,fixed,decaps,626302
8380,bike,fixed,decaps,588141
8381,bike,fixed,decaps,588952
8382,bike,fixed,decaps,616364
8383,bike,fixed,decaps,601726
8384,bike,fixed,decaps,605362
8385,bike,fixed,decaps,588441
8386,bike,fixed,decaps,588431
8387,bike,fixed,decaps,616564
8388,bike,fixed,decaps,585725
8389,bike,fixed,decaps,595654
8390,bike,fixed,decaps,587669
8391,bike,fixed,decaps,588801
8392,bike,fixed,decaps,588942
8393,bike,fixed,decaps,588712
8394,bike,fixed,decaps,591026
8395,bike,fixed,decaps,592128
8396,bike,fixed,decaps,583271
8397,bike,fixed,decaps,583412
8398,bike,fixed,decaps,583602
8399,bike,fixed,decaps,586587
8400,bike,fixed,decaps,708296
8401,bike,fixed,decaps,732350
8402,bike,fixed,decaps,788466
8403,bike,fixed,decaps,788315
8404,bike,fixed,decaps,606605
8405,bike,fixed,decaps,624218
8406,bike,fixed,decaps,615000
8407,bike,fixed,decaps,617515
8408,bike,fixed,decaps,620320
8409,bike,fixed,decaps,596596
8410,bike,fixed,decaps,594722
8411,bike,fixed,decaps,601175
8412,bike,fixed,decaps,595194
8413,bike,fixed,decaps,590074
8414,bike,fixed,decaps,664122
8415,bike,fixed,decaps,629718
8416,bike,fixed,decaps,616693
8417,bike,fixed,decaps,598199
8418,bike,fixed,decaps,596496
8419,bike,fixed,decaps,593240
8420,bike,fixed,decaps,665005
8421,bike,fixed,decaps,589924
8422,bike,fixed,decaps,602848
8423,bike,fixed,decaps,589282
8424,bike,fixed,decaps,596776
8425,bike,fixed,decaps,591857
8426,bike,fixed,decaps,798243
8427,bike,fixed,decaps,632383
8428,bike,fixed,decaps,678520
8429,bike,fixed,decaps,592859
8430,bike,fixed,decaps,589322
8431,bike,fixed,decaps,593390
8432,bike,fixed,decaps,624197
8433,bike,fixed,decaps,592799
8434,bike,fixed,decaps,590014
8435,bike,fixed,decaps,589824
8436,bike,fixed,decaps,612526
8437,bike,fixed,decaps,601976
8438,bike,fixed,decaps,617695
8439,bike,fixed,decaps,613808
8440,bike,fixed,decaps,610041
8441,bike,fixed,decaps,613487
8442,bike,fixed,decaps,608037
8443,bike,fixed,decaps,628696
8444,bike,fixed,decaps,616203
8445,bike,fixed,decaps,643584
8446,bike,fixed,decaps,588380
8447,bike,fixed,decaps,582700
8448,bike,fixed,decaps,585435
8449,bike,fixed,decaps,589964
8450,bike,fixed,decaps,724495
8451,bike,fixed,decaps,600754
8452,bike,fixed,decaps,593551
8453,bike,fixed,decaps,732581
8454,bike,fixed,decaps,704939
8455,bike,fixed,decaps,598750
8456,bike,fixed,decaps,596786
8457,bike,fixed,decaps,598790
8458,bike,fixed,decaps,595454
8459,bike,fixed,decaps,603930
8460,bike,fixed,decaps,591717
8461,bike,fixed,decaps,589944
8462,bike,fixed,decaps,586297
8463,bike,fixed,decaps,587039
8464,bike,fixed,decaps,586167
8465,bike,fixed,decaps,632092
8466,bike,fixed,decaps,585325
8467,bike,fixed,decaps,585275
8468,bike,fixed,decaps,732571
8469,bike,fixed,decaps,580726
8470,bike,fixed,decaps,619379
8471,bike,fixed,decaps,592619
8472,bike,fixed,decaps,591126
8473,bike,fixed,decaps,582530
8474,bike,fixed,decaps,584734
8475,bike,fixed,decaps,587319
8476,bike,fixed,decaps,595604
8477,bike,fixed,decaps,588070
8478,bike,fixed,decaps,620270
8479,bike,fixed,decaps,588060
8480,bike,fixed,decaps,804395
8481,bike,fixed,decaps,623106
8482,bike,fixed,decaps,585075
8483,bike,fixed,decaps,606805
8484,bike,fixed,decaps,588892
8485,bike,fixed,decaps,592579
8486,bike,fixed,decaps,581859
8487,bike,fixed,decaps,621152
8488,bike,fixed,decaps,581588
8489,bike,fixed,decaps,582861
8490,bike,fixed,decaps,582650
8491,bike,fixed,decaps,577019
8492,bike,fixed,decaps,586547
8493,bike,fixed,decaps,581208
8494,bike,fixed,decaps,594072
8495,bike,fixed,decaps,602287
8496,bike,fixed,decaps,592649
8497,bike,fixed,decaps,590405
8498,bike,fixed,decaps,604782
8499,bike,fixed,decaps,586588
8500,bike,fixed,decaps,584504
8501,bike,fixed,decaps,583181
8502,bike,fixed,decaps,584343
8503,bike,fixed,decaps,757778
8504,bike,fixed,decaps,612426
8505,bike,fixed,decaps,586247
8506,bike,fixed,decaps,584073
8507,bike,fixed,decaps,588291
8508,bike,fixed,decaps,772566
8509,bike,fixed,decaps,604902
8510,bike,fixed,decaps,588250
8511,bike,fixed,decaps,587539
8512,bike,fixed,decaps,632423
8513,bike,fixed,decaps,587699
8514,bike,fixed,decaps,595835
8515,bike,fixed,decaps,611344
8516,bike,fixed,decaps,594883
8517,bike,fixed,decaps,586488
8518,bike,fixed,decaps,586558
8519,bike,fixed,decaps,584854
8520,bike,fixed,decaps,608348
8521,bike,fixed,decaps,585806
8522,bike,fixed,decaps,582520
8523,bike,fixed,decaps,584724
8524,bike,fixed,decaps,586147
8525,bike,fixed,decaps,607487
8526,bike,fixed,decaps,583452
8527,bike,fixed,decaps,583442
8528,bike,fixed,decaps,579054
8529,bike,fixed,decaps,628055
8530,bike,fixed,decaps,582450
8531,bike,fixed,decaps,596336
8532,bike,fixed,decaps,583672
8533,bike,fixed,decaps,588281
8534,bike,fixed,decaps,580987
8535,bike,fixed,decaps,793354
8536,bike,fixed,decaps,605794
8537,bike,fixed,decaps,641781
8538,bike,fixed,decaps,709056
8539,bike,fixed,decaps,589723
8540,bike,fixed,decaps,585135
8541,bike,fixed,decaps,585015
8542,bike,fixed,decaps,606264
8543,bike,fixed,decaps,584744
8544,bike,fixed,decaps,586317
8545,bike,fixed,decaps,584052
8546,bike,fixed,decaps,584934
8547,bike,fixed,decaps,595865
8548,bike,fixed,decaps,588832
8549,bike,fixed,decaps,587870
8550,bike,fixed,decaps,589754
8551,bike,fixed,decaps,586287
8552,bike,fixed,decaps,591967
8553,bike,fixed,decaps,658882
8554,bike,fixed,decaps,673250
8555,bike,fixed,decaps,611303
8556,bike,fixed,decaps,591827
8557,bike,fixed,decaps,588822
8558,bike,fixed,decaps,603549
8559,bike,fixed,decaps,582870
8560,bike,fixed,decaps,582490
8561,bike,fixed,decaps,584143
8562,bike,fixed,decaps,583923
8563,bike,fixed,decaps,779248
8564,bike,fixed,decaps,626813
8565,bike,fixed,decaps,624899
8566,bike,fixed,decaps,589282
8567,bike,fixed,decaps,587058
8568,bike,fixed,decaps,586297
8569,bike,fixed,decaps,644486
8570,bike,fixed,decaps,609080
8571,bike,fixed,decaps,610192
8572,bike,fixed,decaps,603849
8573,bike,fixed,decaps,611063
8574,bike,fixed,decaps,604170
8575,bike,fixed,decaps,589884
8576,bike,fixed,decaps,586236
8577,bike,fixed,decaps,587078
8578,bike,fixed,decaps,591286
8579,bike,fixed,decaps,581709
8580,bike,fixed,decaps,604461
8581,bike,fixed,decaps,603980
8582,bike,fixed,decaps,643023
8583,bike,fixed,decaps,583412
8584,bike,fixed,decaps,584724
8585,bike,fixed,decaps,582469
8586,bike,fixed,decaps,591266
8587,bike,fixed,decaps,582299
8588,bike,fixed,decaps,582850
8589,bike,fixed,decaps,606935
8590,bike,fixed,decaps,591417
8591,bike,fixed,decaps,798314
8592,bike,fixed,decaps,602878
8593,bike,fixed,decaps,614700
8594,bike,fixed,decaps,580145
8595,bike,fixed,decaps,585776
8596,bike,fixed,decaps,587459
8597,bike,fixed,decaps,628647
8598,bike,fixed,decaps,614560
8599,bike,fixed,decaps,614229
8600,bike,fixed,decaps,603469
8601,bike,fixed,decaps,607567
8602,bike,fixed,decaps,611895
8603,bike,fixed,decaps,611224
8604,bike,fixed,decaps,614841
8605,bike,fixed,decaps,620261
8606,bike,fixed,decaps,582961
8607,bike,fixed,decaps,583010
8608,bike,fixed,decaps,611524
8609,bike,fixed,decaps,582740
8610,bike,fixed,decaps,589633
8611,bike,fixed,decaps,587951
8612,bike,fixed,decaps,589232
8613,bike,fixed,decaps,600293
8614,bike,fixed,decaps,640238
8615,bike,fixed,decaps,613638
8616,bike,fixed,decaps,613287
8617,bike,fixed,decaps,690241
8618,bike,fixed,decaps,698708
8619,bike,fixed,decaps,583352
8620,bike,fixed,decaps,615111
8621,bike,fixed,decaps,583391
8622,bike,fixed,decaps,609520
8623,bike,fixed,decaps,588701
8624,bike,fixed,decaps,606254
8625,bike,fixed,decaps,585125
8626,bike,fixed,decaps,598099
8627,bike,fixed,decaps,602417
8628,bike,fixed,decaps,588962
8629,bike,fixed,decaps,591798
8630,bike,fixed,decaps,596166
8631,bike,fixed,decaps,589683
8632,bike,fixed,decaps,584824
8633,bike,fixed,decaps,586327
8634,bike,fixed,decaps,585646
8635,bike,fixed,decaps,592829
8636,bike,fixed,decaps,594372
8637,bike,fixed,decaps,594833
8638,bike,fixed,decaps,617826
8639,bike,fixed,decaps,618757
8640,bike,fixed,decaps,589292
8641,bike,fixed,decaps,604601
8642,bike,fixed,decaps,596146
8643,bike,fixed,decaps,590145
8644,bike,fixed,decaps,599211
8645,bike,fixed,decaps,615191
8646,bike,fixed,decaps,795999
8647,bike,fixed,decaps,619570
8648,bike,fixed,decaps,611224
8649,bike,fixed,decaps,595675
8650,bike,fixed,decaps,592168
8651,bike,fixed,decaps,608188
8652,bike,fixed,decaps,599061
8653,bike,fixed,decaps,595565
8654,bike,fixed,decaps,623807
8655,bike,fixed,decaps,591427
8656,bike,fixed,decaps,588100
8657,bike,fixed,decaps,597708
8658,bike,fixed,decaps,586047
8659,bike,fixed,decaps,591888
8660,bike,fixed,decaps,588902
8661,bike,fixed,decaps,591848
8662,bike,fixed,decaps,587730
8663,bike,fixed,decaps,596106
8664,bike,fixed,decaps,625080
8665,bike,fixed,decaps,620240
8666,bike,fixed,decaps,586387
8667,bike,fixed,decaps,586518
8668,bike,fixed,decaps,592859
8669,bike,fixed,decaps,582870
8670,bike,fixed,decaps,582620
8671,bike,fixed,decaps,585275
8672,bike,fixed,decaps,712653
8673,bike,fixed,decaps,662179
8674,bike,fixed,decaps,630941
8675,bike,fixed,decaps,590656
8676,bike,fixed,decaps,593330
8677,bike,fixed,decaps,595695
8678,bike,fixed,decaps,588271
8679,bike,fixed,decaps,597608
8680,bike,fixed,decaps,595314
8681,bike,fixed,decaps,628657
8682,bike,fixed,decaps,609260
8683,bike,fixed,decaps,588281
8684,bike,fixed,decaps,588111
8685,bike,fixed,decaps,602537
8686,bike,fixed,decaps,595173
8687,bike,fixed,decaps,591166
8688,bike,fixed,decaps,588862
8689,bike,fixed,decaps,586217
8690,bike,fixed,decaps,618216
8691,bike,fixed,decaps,600293
8692,bike,fixed,decaps,597748
8693,bike,fixed,decaps,636662
8694,bike,fixed,decaps,588842
8695,bike,fixed,decaps,588652
8696,bike,fixed,decaps,598800
8697,bike,fixed,decaps,600724
8698,bike,fixed,decaps,593340
8699,bike,fixed,decaps,591327
8700,bike,fixed,decaps,632523
8701,bike,fixed,decaps,764010
8702,bike,fixed,decaps,640538
8703,bike,fixed,decaps,605042
8704,bike,fixed,decaps,583361
8705,bike,fixed,decaps,589292
8706,bike,fixed,decaps,582349
8707,bike,fixed,decaps,628996
8708,bike,fixed,decaps,586588
8709,bike,fixed,decaps,584383
8710,bike,fixed,decaps,588230
8711,bike,fixed,decaps,587479
8712,bike,fixed,decaps,596527
8713,bike,fixed,decaps,586417
8714,bike,fixed,decaps,586687
8715,bike,fixed,decaps,585976
8716,bike,fixed,decaps,582731
8717,bike,fixed,decaps,582570
8718,bike,fixed,decaps,590224
8719,bike,fixed,decaps,588832
8720,bike,fixed,decaps,586968
8721,bike,fixed,decaps,598680
8722,bike,fixed,decaps,591847
8723,bike,fixed,decaps,623536
8724,bike,fixed,decaps,591497
8725,bike,fixed,decaps,586528
8726,bike,fixed,decaps,586537
8727,bike,fixed,decaps,717753
8728,bike,fixed,decaps,652991
8729,bike,fixed,decaps,642302
8730,bike,fixed,decaps,589894
8731,bike,fixed,decaps,583181
8732,bike,fixed,decaps,622164
8733,bike,fixed,decaps,586177
8734,bike,fixed,decaps,606986
8735,bike,fixed,decaps,586948
8736,bike,fixed,decaps,606415
8737,bike,fixed,decaps,590835
8738,bike,fixed,decaps,585916
8739,bike,fixed,decaps,586337
8740,bike,fixed,decaps,595925
8741,bike,fixed,decaps,583221
8742,bike,fixed,decaps,582810
8743,bike,fixed,decaps,582960
8744,bike,fixed,decaps,585515
8745,bike,fixed,decaps,583481
8746,bike,fixed,decaps,601505
8747,bike,fixed,decaps,585385
8748,bike,fixed,decaps,587439
8749,bike,fixed,decaps,615382
8750,bike,fixed,decaps,597518
8751,bike,fixed,decaps,597287
8752,bike,fixed,decaps,582790
8753,bike,fixed,decaps,588471
8754,bike,fixed,decaps,589774
8755,bike,fixed,decaps,583211
8756,bike,fixed,decaps,768207
8757,bike,fixed,decaps,649325
8758,bike,fixed,decaps,590234
8759,bike,fixed,decaps,586698
8760,bike,fixed,decaps,590274
8761,bike,fixed,decaps,588672
8762,bike,fixed,decaps,612957
8763,bike,fixed,decaps,592949
8764,bike,fixed,decaps,609381
8765,bike,fixed,decaps,594653
8766,bike,fixed,decaps,610432
8767,bike,fixed,decaps,599882
8768,bike,fixed,decaps,593039
8769,bike,fixed,decaps,586357
8770,bike,fixed,decaps,590786
8771,bike,fixed,decaps,585115
8772,bike,fixed,decaps,592809
8773,bike,fixed,decaps,593681
8774,bike,fixed,decaps,664132
8775,bike,fixed,decaps,666898
8776,bike,fixed,decaps,607367
8777,bike,fixed,decaps,603970
8778,bike,fixed,decaps,626772
8779,bike,fixed,decaps,607857
8780,bike,fixed,decaps,614049
8781,bike,fixed,decaps,612065
8782,bike,fixed,decaps,799936
8783,bike,fixed,decaps,595204
8784,bike,fixed,decaps,657019
8785,bike,fixed,decaps,584102
8786,bike,fixed,decaps,585606
8787,bike,fixed,decaps,579384
8788,bike,fixed,decaps,590405
8789,bike,fixed,decaps,604521
8790,bike,fixed,decaps,582700
8791,bike,fixed,decaps,620150
8792,bike,fixed,decaps,599692
8793,bike,fixed,decaps,603189
8794,bike,fixed,decaps,600403
8795,bike,fixed,decaps,606204
8796,bike,fixed,decaps,601265
8797,bike,fixed,decaps,599932
8798,bike,fixed,decaps,584223
8799,bike,fixed,decaps,605042
8800,bike,fixed,decaps,592469
8801,bike,fixed,decaps,597658
8802,bike,fixed,decaps,590605
8803,bike,fixed,decaps,602047
8804,bike,fixed,decaps,583361
8805,bike,fixed,decaps,588791
8806,bike,fixed,decaps,607025
8807,bike,fixed,decaps,597087
8808,bike,fixed,decaps,624168
8809,bike,fixed,decaps,595324
8810,bike,fixed,decaps,765993
8811,bike,fixed,decaps,608789
8812,bike,fixed,decaps,610532
8813,bike,fixed,decaps,593000
8814,bike,fixed,decaps,590405
8815,bike,fixed,decaps,586818
8816,bike,fixed,decaps,586497
8817,bike,fixed,decaps,636812
8818,bike,fixed,decaps,596256
8819,bike,fixed,decaps,590666
8820,bike,fixed,decaps,582971
8821,bike,fixed,decaps,582751
8822,bike,fixed,decaps,599161
8823,bike,fixed,decaps,586648
8824,bike,fixed,decaps,584805
8825,bike,fixed,decaps,630951
8826,bike,fixed,decaps,589203
8827,bike,fixed,decaps,599722
8828,bike,fixed,decaps,616834
8829,bike,fixed,decaps,602286
8830,bike,fixed,decaps,647091
8831,bike,fixed,decaps,621373
8832,bike,fixed,decaps,585887
8833,bike,fixed,decaps,606154
8834,bike,fixed,decaps,684140
8835,bike,fixed,decaps,605573
8836,bike,fixed,decaps,596006
8837,bike,fixed,decaps,592990
8838,bike,fixed,decaps,773617
8839,bike,fixed,decaps,625590
8840,bike,fixed,decaps,605002
8841,bike,fixed,decaps,592578
8842,bike,fixed,decaps,623687
8843,bike,fixed,decaps,589544
8844,bike,fixed,decaps,603429
8845,bike,fixed,decaps,592349
8846,bike,fixed,decaps,591807
8847,bike,fixed,decaps,590435
8848,bike,fixed,decaps,586908
8849,bike,fixed,decaps,598950
8850,bike,fixed,decaps,589192
8851,bike,fixed,decaps,599932
8852,bike,fixed,decaps,592509
8853,bike,fixed,decaps,593601
8854,bike,fixed,decaps,597027
8855,bike,fixed,decaps,610212
8856,bike,fixed,decaps,605674
8857,bike,fixed,decaps,626472
8858,bike,fixed,decaps,596375
8859,bike,fixed,decaps,626652
8860,bike,fixed,decaps,603750
8861,bike,fixed,decaps,612827
8862,bike,fixed,decaps,586468
8863,bike,fixed,decaps,608539
8864,bike,fixed,decaps,628466
8865,bike,fixed,decaps,730286
8866,bike,fixed,decaps,678410
8867,bike,fixed,decaps,632724
8868,bike,fixed,decaps,779538
8869,bike,fixed,decaps,604060
8870,bike,fixed,decaps,593110
8871,bike,fixed,decaps,609760
8872,bike,fixed,decaps,586808
8873,bike,fixed,decaps,593130
8874,bike,fixed,decaps,586757
8875,bike,fixed,decaps,616473
8876,bike,fixed,decaps,595223
8877,bike,fixed,decaps,589172
8878,bike,fixed,decaps,589383
8879,bike,fixed,decaps,585195
8880,bike,fixed,decaps,590766
8881,bike,fixed,decaps,587600
8882,bike,fixed,decaps,593040
8883,bike,fixed,decaps,600133
8884,bike,fixed,decaps,652921
8885,bike,fixed,decaps,597428
8886,bike,fixed,decaps,639777
8887,bike,fixed,decaps,599802
8888,bike,fixed,decaps,590865
8889,bike,fixed,decaps,590235
8890,bike,fixed,decaps,584664
8891,bike,fixed,decaps,582690
8892,bike,fixed,decaps,646871
8893,bike,fixed,decaps,822780
8894,bike,fixed,decaps,705650
8895,bike,fixed,decaps,601626
8896,bike,fixed,decaps,590655
8897,bike,fixed,decaps,582710
8898,bike,fixed,decaps,629377
8899,bike,fixed,decaps,603559
8900,bike,fixed,decaps,631191
8901,bike,fixed,decaps,587430
8902,bike,fixed,decaps,583261
8903,bike,fixed,decaps,582690
8904,bike,fixed,decaps,595755
8905,bike,fixed,decaps,586226
8906,bike,fixed,decaps,594823
8907,bike,fixed,decaps,588872
8908,bike,fixed,decaps,589914
8909,bike,fixed,decaps,654805
8910,bike,fixed,decaps,613989
8911,bike,fixed,decaps,594792
8912,bike,fixed,decaps,590324
8913,bike,fixed,decaps,588180
8914,bike,fixed,decaps,589082
8915,bike,fixed,decaps,604061
8916,bike,fixed,decaps,589483
8917,bike,fixed,decaps,614190
8918,bike,fixed,decaps,589724
8919,bike,fixed,decaps,592298
8920,bike,fixed,decaps,599381
8921,bike,fixed,decaps,618166
8922,bike,fixed,decaps,594733
8923,bike,fixed,decaps,594633
8924,bike,fixed,decaps,591998
8925,bike,fixed,decaps,591968
8926,bike,fixed,decaps,614059
8927,bike,fixed,decaps,596776
8928,bike,fixed,decaps,605012
8929,bike,fixed,decaps,587049
8930,bike,fixed,decaps,586187
8931,bike,fixed,decaps,608339
8932,bike,fixed,decaps,587900
8933,bike,fixed,decaps,587349
8934,bike,fixed,decaps,626672
8935,bike,fixed,decaps,587169
8936,bike,fixed,decaps,592198
8937,bike,fixed,decaps,604691
8938,bike,fixed,decaps,586938
8939,bike,fixed,decaps,594322
8940,bike,fixed,decaps,584674
8941,bike,fixed,decaps,585856
8942,bike,fixed,decaps,583802
8943,bike,fixed,decaps,631642
8944,bike,fixed,decaps,588251
8945,bike,fixed,decaps,585766
8946,bike,fixed,decaps,592218
8947,bike,fixed,decaps,585916
8948,bike,fixed,decaps,607967
8949,bike,fixed,decaps,619358
8950,bike,fixed,decaps,801439
8951,bike,fixed,decaps,835583
8952,bike,fixed,decaps,832838
8953,bike,fixed,decaps,870960
8954,bike,fixed,decaps,589824
8955,bike,fixed,decaps,586738
8956,bike,fixed,decaps,583041
8957,bike,fixed,decaps,581217
8958,bike,fixed,decaps,606665
8959,bike,fixed,decaps,583472
8960,bike,fixed,decaps,601175
8961,bike,fixed,decaps,818681
8962,bike,fixed,decaps,712333
8963,bike,fixed,decaps,608949
8964,bike,fixed,decaps,589874
8965,bike,fixed,decaps,582720
8966,bike,fixed,decaps,587329
8967,bike,fixed,decaps,620311
8968,bike,fixed,decaps,604962
8969,bike,fixed,decaps,586568
8970,bike,fixed,decaps,591617
8971,bike,fixed,decaps,597538
8972,bike,fixed,decaps,593661
8973,bike,fixed,decaps,644356
8974,bike,fixed,decaps,832398
8975,bike,fixed,decaps,840252
8976,bike,fixed,decaps,841435
8977,bike,fixed,decaps,834431
8978,bike,fixed,decaps,733422
8979,bike,fixed,decaps,594022
8980,bike,fixed,decaps,587048
8981,bike,fixed,decaps,596566
8982,bike,fixed,decaps,626362
8983,bike,fixed,decaps,600754
8984,bike,fixed,decaps,587009
8985,bike,fixed,decaps,586758
8986,bike,fixed,decaps,607597
8987,bike,fixed,decaps,586507
8988,bike,fixed,decaps,586858
8989,bike,fixed,decaps,605232
8990,bike,fixed,decaps,627605
8991,bike,fixed,decaps,610342
8992,bike,fixed,decaps,664303
8993,bike,fixed,decaps,589133
8994,bike,fixed,decaps,602087
8995,bike,fixed,decaps,607587
8996,bike,fixed,decaps,657169
8997,bike,fixed,decaps,595204
8998,bike,fixed,decaps,591928
8999,bike,fixed,decaps,623637
9000,bike,fixed,decaps,603790
9001,bike,fixed,decaps,586677
9002,bike,fixed,decaps,603278
9003,bike,fixed,decaps,595945
9004,bike,fixed,decaps,597118
9005,bike,fixed,decaps,594152
9006,bike,fixed,decaps,588401
9007,bike,fixed,decaps,633926
9008,bike,fixed,decaps,584604
9009,bike,fixed,decaps,594562
9010,bike,fixed,decaps,586969
9011,bike,fixed,decaps,597258
9012,bike,fixed,decaps,589743
9013,bike,fixed,decaps,600012
9014,bike,fixed,decaps,830724
9015,bike,fixed,decaps,894854
9016,bike,fixed,decaps,825735
9017,bike,fixed,decaps,602377
9018,bike,fixed,decaps,596697
9019,bike,fixed,decaps,606355
9020,bike,fixed,decaps,588381
9021,bike,fixed,decaps,610092
9022,bike,fixed,decaps,587059
9023,bike,fixed,decaps,630380
9024,bike,fixed,decaps,663542
9025,bike,fixed,decaps,597528
9026,bike,fixed,decaps,612235
9027,bike,fixed,decaps,701432
9028,bike,fixed,decaps,820656
9029,bike,fixed,decaps,858216
9030,bike,fixed,decaps,875027
9031,bike,fixed,decaps,697014
9032,bike,fixed,decaps,587069
9033,bike,fixed,decaps,599742
9034,bike,fixed,decaps,583221
9035,bike,fixed,decaps,593460
9036,bike,fixed,decaps,590435
9037,bike,fixed,decaps,586898
9038,bike,fixed,decaps,613869
9039,bike,fixed,decaps,595084
9040,bike,fixed,decaps,587609
9041,bike,fixed,decaps,601205
9042,bike,fixed,decaps,588411
9043,bike,fixed,decaps,591416
9044,bike,fixed,decaps,600874
9045,bike,fixed,decaps,588842
9046,bike,fixed,decaps,593811
9047,bike,fixed,decaps,634978
9048,bike,fixed,decaps,589352
9049,bike,fixed,decaps,596937
9050,bike,fixed,decaps,595735
9051,bike,fixed,decaps,591758
9052,bike,fixed,decaps,702424
9053,bike,fixed,decaps,803734
9054,bike,fixed,decaps,847826
9055,bike,fixed,decaps,835794
9056,bike,fixed,decaps,727070
9057,bike,fixed,decaps,585976
9058,bike,fixed,decaps,582801
9059,bike,fixed,decaps,610633
9060,bike,fixed,decaps,588662
9061,bike,fixed,decaps,589793
9062,bike,fixed,decaps,590956
9063,bike,fixed,decaps,584854
9064,bike,fixed,decaps,583301
9065,bike,fixed,decaps,846002
9066,bike,fixed,decaps,866251
9067,bike,fixed,decaps,805297
9068,bike,fixed,decaps,587519
9069,bike,fixed,decaps,607947
9070,bike,fixed,decaps,606976
9071,bike,fixed,decaps,583722
9072,bike,fixed,decaps,607426
9073,bike,fixed,decaps,588651
9074,bike,fixed,decaps,584785
9075,bike,fixed,decaps,584674
9076,bike,fixed,decaps,584474
9077,bike,fixed,decaps,606134
9078,bike,fixed,decaps,582901
9079,bike,fixed,decaps,603880
9080,bike,fixed,decaps,585466
9081,bike,fixed,decaps,582750
9082,bike,fixed,decaps,586557
9083,bike,fixed,decaps,762096
9084,bike,fixed,decaps,594943
9085,bike,fixed,decaps,589523
9086,bike,fixed,decaps,586317
9087,bike,fixed,decaps,624188
9088,bike,fixed,decaps,600383
9089,bike,fixed,decaps,585185
9090,bike,fixed,decaps,583622
9091,bike,fixed,decaps,720529
9092,bike,fixed,decaps,868315
9093,bike,fixed,decaps,850291
9094,bike,fixed,decaps,868314
9095,bike,fixed,decaps,850912
9096,bike,fixed,decaps,832598
9097,bike,fixed,decaps,827879
9098,bike,fixed,decaps,598289
9099,bike,fixed,decaps,591426
9100,bike,fixed,decaps,605282
9101,bike,fixed,decaps,617445
9102,bike,fixed,decaps,640048
9103,bike,fixed,decaps,619149
9104,bike,fixed,decaps,820745
9105,bike,fixed,decaps,864488
9106,bike,fixed,decaps,836656
9107,bike,fixed,decaps,811509
9108,bike,fixed,decaps,612897
9109,bike,fixed,decaps,599171
9110,bike,fixed,decaps,590214
9111,bike,fixed,decaps,596967
9112,bike,fixed,decaps,610792
9113,bike,fixed,decaps,625460
9114,bike,fixed,decaps,591046
9115,bike,fixed,decaps,590525
9116,bike,fixed,decaps,616684
9117,bike,fixed,decaps,607146
9118,bike,fixed,decaps,593350
9119,bike,fixed,decaps,590816
9120,bike,fixed,decaps,589984
9121,bike,fixed,decaps,600364
9122,bike,fixed,decaps,596135
9123,bike,fixed,decaps,596275
9124,bike,fixed,decaps,589262
9125,bike,fixed,decaps,606264
9126,bike,fixed,decaps,653983
9127,bike,fixed,decaps,850211
9128,bike,fixed,decaps,817049
9129,bike,fixed,decaps,809655
9130,bike,fixed,decaps,847747
9131,bike,fixed,decaps,846835
9132,bike,fixed,decaps,690702
9133,bike,fixed,decaps,717593
9134,bike,fixed,decaps,644646
9135,bike,fixed,decaps,583191
9136,bike,fixed,decaps,578994
9137,bike,fixed,decaps,592479
9138,bike,fixed,decaps,585105
9139,bike,fixed,decaps,583081
9140,bike,fixed,decaps,817599
9141,bike,fixed,decaps,872012
9142,bike,fixed,decaps,852104
9143,bike,fixed,decaps,586577
9144,bike,fixed,decaps,582259
9145,bike,fixed,decaps,585165
9146,bike,fixed,decaps,593190
9147,bike,fixed,decaps,610051
9148,bike,fixed,decaps,593450
9149,bike,fixed,decaps,593710
9150,bike,fixed,decaps,590435
9151,bike,fixed,decaps,589673
9152,bike,fixed,decaps,591256
9153,bike,fixed,decaps,601977
9154,bike,fixed,decaps,586707
9155,bike,fixed,decaps,588811
9156,bike,fixed,decaps,590665
9157,bike,fixed,decaps,590545
9158,bike,fixed,decaps,587539
9159,bike,fixed,decaps,591636
9160,bike,fixed,decaps,586487
9161,bike,fixed,decaps,586377
9162,bike,fixed,decaps,602237
9163,bike,fixed,decaps,606505
9164,bike,fixed,decaps,614239
9165,bike,fixed,decaps,589262
9166,bike,fixed,decaps,613488
9167,bike,fixed,decaps,856102
9168,bike,fixed,decaps,863375
9169,bike,fixed,decaps,822038
9170,bike,fixed,decaps,589463
9171,bike,fixed,decaps,587229
9172,bike,fixed,decaps,610543
9173,bike,fixed,decaps,583181
9174,bike,fixed,decaps,601515
9175,bike,fixed,decaps,591837
9176,bike,fixed,decaps,592449
9177,bike,fixed,decaps,588501
9178,bike,fixed,decaps,585966
9179,bike,fixed,decaps,592419
9180,bike,fixed,decaps,648243
9181,bike,fixed,decaps,765242
9182,bike,fixed,decaps,634136
9183,bike,fixed,decaps,586838
9184,bike,fixed,decaps,584344
9185,bike,fixed,decaps,615011
9186,bike,fixed,decaps,585586
9187,bike,fixed,decaps,584844
9188,bike,fixed,decaps,592348
9189,bike,fixed,decaps,599511
9190,bike,fixed,decaps,601917
9191,bike,fixed,decaps,586888
9192,bike,fixed,decaps,587148
9193,bike,fixed,decaps,586988
9194,bike,fixed,decaps,586287
9195,bike,fixed,decaps,592107
9196,bike,fixed,decaps,597568
9197,bike,fixed,decaps,656508
9198,bike,fixed,decaps,622805
9199,bike,fixed,decaps,588421
9200,bike,fixed,decaps,584313
9201,bike,fixed,decaps,599933
9202,bike,fixed,decaps,583763
9203,bike,fixed,decaps,586788
9204,bike,fixed,decaps,588471
9205,bike,fixed,decaps,586427
9206,bike,fixed,decaps,638014
9207,bike,fixed,decaps,635019
9208,bike,fixed,decaps,767967
9209,bike,fixed,decaps,788706
9210,bike,fixed,decaps,729705
9211,bike,fixed,decaps,595344
9212,bike,fixed,decaps,633425
9213,bike,fixed,decaps,663621
9214,bike,fixed,decaps,586087
9215,bike,fixed,decaps,595665
9216,bike,fixed,decaps,582611
9217,bike,fixed,decaps,601475
9218,bike,fixed,decaps,589813
9219,bike,fixed,decaps,617355
9220,bike,fixed,decaps,690222
9221,bike,fixed,decaps,615060
9222,bike,fixed,decaps,612386
9223,bike,fixed,decaps,704358
9224,bike,fixed,decaps,691985
9225,bike,fixed,decaps,686324
9226,bike,fixed,decaps,589523
9227,bike,fixed,decaps,600694
9228,bike,fixed,decaps,586166
9229,bike,fixed,decaps,618958
9230,bike,fixed,decaps,593801
9231,bike,fixed,decaps,596857
9232,bike,fixed,decaps,606695
9233,bike,fixed,decaps,612857
9234,bike,fixed,decaps,593710
9235,bike,fixed,decaps,595494
9236,bike,fixed,decaps,589604
9237,bike,fixed,decaps,591467
9238,bike,fixed,decaps,612386
9239,bike,fixed,decaps,617575
9240,bike,fixed,decaps,593751
9241,bike,fixed,decaps,593000
9242,bike,fixed,decaps,590775
9243,bike,fixed,decaps,608689
9244,bike,fixed,decaps,608459
9245,bike,fixed,decaps,590144
9246,bike,fixed,decaps,593330
9247,bike,fixed,decaps,590034
9248,bike,fixed,decaps,655226
9249,bike,fixed,decaps,601004
9250,bike,fixed,decaps,622074
9251,bike,fixed,decaps,609871
9252,bike,fixed,decaps,596686
9253,bike,fixed,decaps,596686
9254,bike,fixed,decaps,592548
9255,bike,fixed,decaps,649365
9256,bike,fixed,decaps,623256
9257,bike,fixed,decaps,618127
9258,bike,fixed,decaps,617065
9259,bike,fixed,decaps,617866
9260,bike,fixed,decaps,626933
9261,bike,fixed,decaps,623877
9262,bike,fixed,decaps,591196
9263,bike,fixed,decaps,592859
9264,bike,fixed,decaps,633785
9265,bike,fixed,decaps,592749
9266,bike,fixed,decaps,611534
9267,bike,fixed,decaps,590836
9268,bike,fixed,decaps,585466
9269,bike,fixed,decaps,591196
9270,bike,fixed,decaps,652781
9271,bike,fixed,decaps,667900
9272,bike,fixed,decaps,607006
9273,bike,fixed,decaps,583863
9274,bike,fixed,decaps,584794
9275,bike,fixed,decaps,601195
9276,bike,fixed,decaps,609671
9277,bike,fixed,decaps,608418
9278,bike,fixed,decaps,614760
9279,bike,fixed,decaps,598219
9280,bike,fixed,decaps,626372
9281,bike,fixed,decaps,586217
9282,bike,fixed,decaps,593310
9283,bike,fixed,decaps,579604
9284,bike,fixed,decaps,598469
9285,bike,fixed,decaps,584053
9286,bike,fixed,decaps,612095
9287,bike,fixed,decaps,781262
9288,bike,fixed,decaps,618888
9289,bike,fixed,decaps,794056
9290,bike,fixed,decaps,613628
9291,bike,fixed,decaps,586056
9292,bike,fixed,decaps,592508
9293,bike,fixed,decaps,604681
9294,bike,fixed,decaps,589222
9295,bike,fixed,decaps,590695
9296,bike,fixed,decaps,587209
9297,bike,fixed,decaps,635680
9298,bike,fixed,decaps,607386
9299,bike,fixed,decaps,611904
9300,bike,fixed,decaps,595284
9301,bike,fixed,decaps,593721
9302,bike,fixed,decaps,678059
9303,bike,fixed,decaps,642652
9304,bike,fixed,decaps,622154
9305,bike,fixed,decaps,710790
9306,bike,fixed,decaps,598941
9307,bike,fixed,decaps,609270
9308,bike,fixed,decaps,589754
9309,bike,fixed,decaps,604281
9310,bike,fixed,decaps,586888
9311,bike,fixed,decaps,582910
9312,bike,fixed,decaps,600433
9313,bike,fixed,decaps,616724
9314,bike,fixed,decaps,829633
9315,bike,fixed,decaps,660766
9316,bike,fixed,decaps,603189
9317,bike,fixed,decaps,596166
9318,bike,fixed,decaps,592999
9319,bike,fixed,decaps,600634
9320,bike,fixed,decaps,600925
9321,bike,fixed,decaps,618658
9322,bike,fixed,decaps,594643
9323,bike,fixed,decaps,595965
9324,bike,fixed,decaps,590755
9325,bike,fixed,decaps,593420
9326,bike,fixed,decaps,593020
9327,bike,fixed,decaps,588572
9328,bike,fixed,decaps,584995
9329,bike,fixed,decaps,668320
9330,bike,fixed,decaps,741768
9331,bike,fixed,decaps,776593
9332,bike,fixed,decaps,608980
9333,bike,fixed,decaps,591607
9334,bike,fixed,decaps,616773
9335,bike,fixed,decaps,599342
9336,bike,fixed,decaps,606635
9337,bike,fixed,decaps,593570
9338,bike,fixed,decaps,605523
9339,bike,fixed,decaps,586367
9340,bike,fixed,decaps,782484
9341,bike,fixed,decaps,658121
9342,bike,fixed,decaps,661207
9343,bike,fixed,decaps,783717
9344,bike,fixed,decaps,743611
9345,bike,fixed,decaps,614239
9346,bike,fixed,decaps,617174
9347,bike,fixed,decaps,600564
9348,bike,fixed,decaps,589513
9349,bike,fixed,decaps,597548
9350,bike,fixed,decaps,593651
9351,bike,fixed,decaps,614310
9352,bike,fixed,decaps,591737
9353,bike,fixed,decaps,622935
9354,bike,fixed,decaps,603118
9355,bike,fixed,decaps,643214
9356,bike,fixed,decaps,587649
9357,bike,fixed,decaps,599441
9358,bike,fixed,decaps,589252
9359,bike,fixed,decaps,586487
9360,bike,fixed,decaps,586297
9361,bike,fixed,decaps,597999
9362,bike,fixed,decaps,644186
9363,bike,fixed,decaps,592047
9364,bike,fixed,decaps,593801
9365,bike,fixed,decaps,597077
9366,bike,fixed,decaps,588872
9367,bike,fixed,decaps,781953
9368,bike,fixed,decaps,632844
9369,bike,fixed,decaps,682567
9370,bike,fixed,decaps,739944
9371,bike,fixed,decaps,646479
9372,bike,fixed,decaps,583993
9373,bike,fixed,decaps,613067
9374,bike,fixed,decaps,743752
9375,bike,fixed,decaps,590125
9376,bike,fixed,decaps,588130
9377,bike,fixed,decaps,584984
9378,bike,fixed,decaps,601706
9379,bike,fixed,decaps,583231
9380,bike,fixed,decaps,584123
9381,bike,fixed,decaps,731469
9382,bike,fixed,decaps,628255
9383,bike,fixed,decaps,647211
9384,bike,fixed,decaps,651839
9385,bike,fixed,decaps,740887
9386,bike,fixed,decaps,598770
9387,bike,fixed,decaps,602527
9388,bike,fixed,decaps,605573
9389,bike,fixed,decaps,591567
9390,bike,fixed,decaps,587459
9391,bike,fixed,decaps,586988
9392,bike,fixed,decaps,747438
9393,bike,fixed,decaps,626592
9394,bike,fixed,decaps,637523
9395,bike,fixed,decaps,605392
9396,bike,fixed,decaps,603900
9397,bike,fixed,decaps,635960
9398,bike,fixed,decaps,589813
9399,bike,fixed,decaps,598480
9400,bike,fixed,decaps,588872
9401,bike,fixed,decaps,589263
9402,bike,fixed,decaps,590205
9403,bike,fixed,decaps,594923
9404,bike,fixed,decaps,599641
9405,bike,fixed,decaps,598941
9406,bike,fixed,decaps,587018
9407,bike,fixed,decaps,586176
9408,bike,fixed,decaps,591216
9409,bike,fixed,decaps,782615
9410,bike,fixed,decaps,676926
9411,bike,fixed,decaps,734474
9412,bike,fixed,decaps,610662
9413,bike,fixed,decaps,633024
9414,bike,fixed,decaps,596015
9415,bike,fixed,decaps,602848
9416,bike,fixed,decaps,590625
9417,bike,fixed,decaps,578853
9418,bike,fixed,decaps,586567
9419,bike,fixed,decaps,589693
9420,bike,fixed,decaps,771954
9421,bike,fixed,decaps,658242
9422,bike,fixed,decaps,704058
9423,bike,fixed,decaps,802161
9424,bike,fixed,decaps,589253
9425,bike,fixed,decaps,648754
9426,bike,fixed,decaps,582009
9427,bike,fixed,decaps,585255
9428,bike,fixed,decaps,584824
9429,bike,fixed,decaps,612105
9430,bike,fixed,decaps,583983
9431,bike,fixed,decaps,607747
9432,bike,fixed,decaps,588070
9433,bike,fixed,decaps,609550
9434,bike,fixed,decaps,630489
9435,bike,fixed,decaps,585175
9436,bike,fixed,decaps,595834
9437,bike,fixed,decaps,614259
9438,bike,fixed,decaps,584633
9439,bike,fixed,decaps,614670
9440,bike,fixed,decaps,614570
9441,bike,fixed,decaps,590785
9442,bike,fixed,decaps,599001
9443,bike,fixed,decaps,582600
9444,bike,fixed,decaps,582770
9445,bike,fixed,decaps,584614
9446,bike,fixed,decaps,593640
9447,bike,fixed,decaps,675494
9448,bike,fixed,decaps,791440
9449,bike,fixed,decaps,794726
9450,bike,fixed,decaps,619720
9451,bike,fixed,decaps,621452
9452,bike,fixed,decaps,609391
9453,bike,fixed,decaps,590976
9454,bike,fixed,decaps,583231
9455,bike,fixed,decaps,613177
9456,bike,fixed,decaps,589943
9457,bike,fixed,decaps,586778
9458,bike,fixed,decaps,597598
9459,bike,fixed,decaps,585936
9460,bike,fixed,decaps,611895
9461,bike,fixed,decaps,658211
9462,bike,fixed,decaps,763859
9463,bike,fixed,decaps,650366
9464,bike,fixed,decaps,595144
9465,bike,fixed,decaps,586418
9466,bike,fixed,decaps,619459
9467,bike,fixed,decaps,597077
9468,bike,fixed,decaps,624698
9469,bike,fixed,decaps,608128
9470,bike,fixed,decaps,582831
9471,bike,fixed,decaps,592158
9472,bike,fixed,decaps,606836
9473,bike,fixed,decaps,805717
9474,bike,fixed,decaps,624688
9475,bike,fixed,decaps,590625
9476,bike,fixed,decaps,590555
9477,bike,fixed,decaps,595915
9478,bike,fixed,decaps,591227
9479,bike,fixed,decaps,606064
9480,bike,fixed,decaps,596606
9481,bike,fixed,decaps,601957
9482,bike,fixed,decaps,601225
9483,bike,fixed,decaps,593701
9484,bike,fixed,decaps,603258
9485,bike,fixed,decaps,595594
9486,bike,fixed,decaps,592128
9487,bike,fixed,decaps,590084
9488,bike,fixed,decaps,643414
9489,bike,fixed,decaps,596446
9490,bike,fixed,decaps,607466
9491,bike,fixed,decaps,590274
9492,bike,fixed,decaps,642792
9493,bike,fixed,decaps,610542
9494,bike,fixed,decaps,632453
9495,bike,fixed,decaps,587720
9496,bike,fixed,decaps,604321
9497,bike,fixed,decaps,586457
9498,bike,fixed,decaps,586808
9499,bike,fixed,decaps,586548
9500,bike,fixed,decaps,586327
9501,bike,fixed,decaps,812790
9502,bike,fixed,decaps,724135
9503,bike,fixed,decaps,710589
9504,bike,fixed,decaps,596425
9505,bike,fixed,decaps,602217
9506,bike,fixed,decaps,639296
9507,bike,fixed,decaps,604592
9508,bike,fixed,decaps,631021
9509,bike,fixed,decaps,618908
9510,bike,fixed,decaps,587299
9511,bike,fixed,decaps,587820
9512,bike,fixed,decaps,626862
9513,bike,fixed,decaps,595254
9514,bike,fixed,decaps,636060
9515,bike,fixed,decaps,598300
9516,bike,fixed,decaps,594362
9517,bike,fixed,decaps,611604
9518,bike,fixed,decaps,596966
9519,bike,fixed,decaps,596165
9520,bike,fixed,decaps,647481
9521,bike,fixed,decaps,609341
9522,bike,fixed,decaps,590575
9523,bike,fixed,decaps,602246
9524,bike,fixed,decaps,586457
9525,bike,fixed,decaps,591376
9526,bike,fixed,decaps,703957
9527,bike,fixed,decaps,598660
9528,bike,fixed,decaps,635419
9529,bike,fixed,decaps,657310
9530,bike,fixed,decaps,592118
9531,bike,fixed,decaps,594683
9532,bike,fixed,decaps,636621
9533,bike,fixed,decaps,619369
9534,bike,fixed,decaps,607426
9535,bike,fixed,decaps,598830
9536,bike,fixed,decaps,588942
9537,bike,fixed,decaps,586087
9538,bike,fixed,decaps,582089
9539,bike,fixed,decaps,598740
9540,bike,fixed,decaps,585004
9541,bike,fixed,decaps,602848
9542,bike,fixed,decaps,586978
9543,bike,fixed,decaps,662970
9544,bike,fixed,decaps,595494
9545,bike,fixed,decaps,662801
9546,bike,fixed,decaps,587039
9547,bike,fixed,decaps,698116
9548,bike,fixed,decaps,601586
9549,bike,fixed,decaps,591376
9550,bike,fixed,decaps,628947
9551,bike,fixed,decaps,586948
9552,bike,fixed,decaps,592739
9553,bike,fixed,decaps,611314
9554,bike,fixed,decaps,664303
9555,bike,fixed,decaps,595774
9556,bike,fixed,decaps,599421
9557,bike,fixed,decaps,624739
9558,bike,fixed,decaps,587389
9559,bike,fixed,decaps,587008
9560,bike,fixed,decaps,582800
9561,bike,fixed,decaps,603288
9562,bike,fixed,decaps,594282
9563,bike,fixed,decaps,650808
9564,bike,fixed,decaps,589193
9565,bike,fixed,decaps,586377
9566,bike,fixed,decaps,610482
9567,bike,fixed,decaps,587109
9568,bike,fixed,decaps,591507
9569,bike,fixed,decaps,595815
9570,bike,fixed,decaps,611093
9571,bike,fixed,decaps,745745
9572,bike,fixed,decaps,905475
9573,bike,fixed,decaps,870528
9574,bike,fixed,decaps,855281
9575,bike,fixed,decaps,881459
9576,bike,fixed,decaps,594883
9577,bike,fixed,decaps,582921
9578,bike,fixed,decaps,583011
9579,bike,fixed,decaps,599973
9580,bike,fixed,decaps,663612
9581,bike,fixed,decaps,710740
9582,bike,fixed,decaps,764690
9583,bike,fixed,decaps,667178
9584,bike,fixed,decaps,590936
9585,bike,fixed,decaps,586297
9586,bike,fixed,decaps,619319
9587,bike,fixed,decaps,587799
9588,bike,fixed,decaps,592308
9589,bike,fixed,decaps,630850
9590,bike,fixed,decaps,600945
9591,bike,fixed,decaps,596927
9592,bike,fixed,decaps,621693
9593,bike,fixed,decaps,599722
9594,bike,fixed,decaps,586688
9595,bike,fixed,decaps,586417
9596,bike,fixed,decaps,582430
9597,bike,fixed,decaps,634397
9598,bike,fixed,decaps,598610
9599,bike,fixed,decaps,589553
9600,bike,fixed,decaps,582180
9601,bike,fixed,decaps,588692
9602,bike,fixed,decaps,597488
9603,bike,fixed,decaps,596727
9604,bike,fixed,decaps,590565
9605,bike,fixed,decaps,613467
9606,bike,fixed,decaps,616443
9607,bike,fixed,decaps,627794
9608,bike,fixed,decaps,632674
9609,bike,fixed,decaps,626442
9610,bike,fixed,decaps,754622
9611,bike,fixed,decaps,626191
9612,bike,fixed,decaps,591978
9613,bike,fixed,decaps,632814
9614,bike,fixed,decaps,719837
9615,bike,fixed,decaps,643404
9616,bike,fixed,decaps,586457
9617,bike,fixed,decaps,583492
9618,bike,fixed,decaps,606344
9619,bike,fixed,decaps,593690
9620,bike,fixed,decaps,588801
9621,bike,fixed,decaps,752628
9622,bike,fixed,decaps,608529
9623,bike,fixed,decaps,593590
9624,bike,fixed,decaps,753199
9625,bike,fixed,decaps,658943
9626,bike,fixed,decaps,617816
9627,bike,fixed,decaps,632674
9628,bike,fixed,decaps,596035
9629,bike,fixed,decaps,627745
9630,bike,fixed,decaps,590866
9631,bike,fixed,decaps,594262
9632,bike,fixed,decaps,603089
9633,bike,fixed,decaps,625401
9634,bike,fixed,decaps,613819
9635,bike,fixed,decaps,606334
9636,bike,fixed,decaps,587610
9637,bike,fixed,decaps,588481
9638,bike,fixed,decaps,586948
9639,bike,fixed,decaps,671316
9640,bike,fixed,decaps,740025
9641,bike,fixed,decaps,602667
9642,bike,fixed,decaps,587709
9643,bike,fixed,decaps,586447
9644,bike,fixed,decaps,605924
9645,bike,fixed,decaps,605533
9646,bike,fixed,decaps,590585
9647,bike,fixed,decaps,589403
9648,bike,fixed,decaps,673410
9649,bike,fixed,decaps,684340
9650,bike,fixed,decaps,631902
9651,bike,fixed,decaps,648133
9652,bike,fixed,decaps,656408
9653,bike,fixed,decaps,673691
9654,bike,fixed,decaps,591737
9655,bike,fixed,decaps,643975
9656,bike,fixed,decaps,606725
9657,bike,fixed,decaps,603649
9658,bike,fixed,decaps,587189
9659,bike,fixed,decaps,601175
9660,bike,fixed,decaps,604030
9661,bike,fixed,decaps,691324
9662,bike,fixed,decaps,822879
9663,bike,fixed,decaps,677628
9664,bike,fixed,decaps,607066
9665,bike,fixed,decaps,594964
9666,bike,fixed,decaps,614209
9667,bike,fixed,decaps,600373
9668,bike,fixed,decaps,586607
9669,bike,fixed,decaps,671175
9670,bike,fixed,decaps,629268
9671,bike,fixed,decaps,606525
9672,bike,fixed,decaps,596356
9673,bike,fixed,decaps,592799
9674,bike,fixed,decaps,581308
9675,bike,fixed,decaps,624258
9676,bike,fixed,decaps,594632
9677,bike,fixed,decaps,593751
9678,bike,fixed,decaps,588812
9679,bike,fixed,decaps,587700
9680,bike,fixed,decaps,591828
9681,bike,fixed,decaps,643193
9682,bike,fixed,decaps,594833
9683,bike,fixed,decaps,595564
9684,bike,fixed,decaps,588090
9685,bike,fixed,decaps,603490
9686,bike,fixed,decaps,593541
9687,bike,fixed,decaps,642222
9688,bike,fixed,decaps,791931
9689,bike,fixed,decaps,627213
9690,bike,fixed,decaps,629488
9691,bike,fixed,decaps,599171
9692,bike,fixed,decaps,594843
9693,bike,fixed,decaps,634858
9694,bike,fixed,decaps,593901
9695,bike,fixed,decaps,586127
9696,bike,fixed,decaps,634657
9697,bike,fixed,decaps,591387
9698,bike,fixed,decaps,600404
9699,bike,fixed,decaps,603820
9700,bike,fixed,decaps,590826
9701,bike,fixed,decaps,593791
9702,bike,fixed,decaps,594782
9703,bike,fixed,decaps,629558
9704,bike,fixed,decaps,668311
9705,bike,fixed,decaps,656358
9706,bike,fixed,decaps,605783
9707,bike,fixed,decaps,741497
9708,bike,fixed,decaps,603018
9709,bike,fixed,decaps,610803
9710,bike,fixed,decaps,611995
9711,bike,fixed,decaps,591086
9712,bike,fixed,decaps,595844
9713,bike,fixed,decaps,608198
9714,bike,fixed,decaps,596466
9715,bike,fixed,decaps,606885
9716,bike,fixed,decaps,619449
9717,bike,fixed,decaps,593641
9718,bike,fixed,decaps,591026
9719,bike,fixed,decaps,590445
9720,bike,fixed,decaps,595243
9721,bike,fixed,decaps,608538
9722,bike,fixed,decaps,591447
9723,bike,fixed,decaps,591527
9724,bike,fixed,decaps,590264
9725,bike,fixed,decaps,589533
9726,bike,fixed,decaps,605703
9727,bike,fixed,decaps,596866
9728,bike,fixed,decaps,596276
9729,bike,fixed,decaps,620601
9730,bike,fixed,decaps,610382
9731,bike,fixed,decaps,623116
9732,bike,fixed,decaps,611885
9733,bike,fixed,decaps,602918
9734,bike,fixed,decaps,712844
9735,bike,fixed,decaps,664102
9736,bike,fixed,decaps,615562
9737,bike,fixed,decaps,596856
9738,bike,fixed,decaps,591186
9739,bike,fixed,decaps,631081
9740,bike,fixed,decaps,615591
9741,bike,fixed,decaps,593010
9742,bike,fixed,decaps,612666
9743,bike,fixed,decaps,710058
9744,bike,fixed,decaps,655226
9745,bike,fixed,decaps,595714
9746,bike,fixed,decaps,590585
9747,bike,fixed,decaps,615562
9748,bike,fixed,decaps,598310
9749,bike,fixed,decaps,589844
9750,bike,fixed,decaps,592799
9751,bike,fixed,decaps,591917
9752,bike,fixed,decaps,597738
9753,bike,fixed,decaps,623046
9754,bike,fixed,decaps,602627
9755,bike,fixed,decaps,597658
9756,bike,fixed,decaps,591246
9757,bike,fixed,decaps,586217
9758,bike,fixed,decaps,617595
9759,bike,fixed,decaps,590825
9760,bike,fixed,decaps,592258
9761,bike,fixed,decaps,597198
9762,bike,fixed,decaps,590324
9763,bike,fixed,decaps,596776
9764,bike,fixed,decaps,606705
9765,bike,fixed,decaps,595965
9766,bike,fixed,decaps,596005
9767,bike,fixed,decaps,598169
9768,bike,fixed,decaps,602578
9769,bike,fixed,decaps,610913
9770,bike,fixed,decaps,636841
9771,bike,fixed,decaps,788335
9772,bike,fixed,decaps,669403
9773,bike,fixed,decaps,759281
9774,bike,fixed,decaps,824483
9775,bike,fixed,decaps,601315
9776,bike,fixed,decaps,658231
9777,bike,fixed,decaps,613327
9778,bike,fixed,decaps,692826
9779,bike,fixed,decaps,612315
9780,bike,fixed,decaps,582570
9781,bike,fixed,decaps,585245
9782,bike,fixed,decaps,590755
9783,bike,fixed,decaps,610602
9784,bike,fixed,decaps,587058
9785,bike,fixed,decaps,647973
9786,bike,fixed,decaps,607376
9787,bike,fixed,decaps,618767
9788,bike,fixed,decaps,591516
9789,bike,fixed,decaps,597728
9790,bike,fixed,decaps,611333
9791,bike,fixed,decaps,607557
9792,bike,fixed,decaps,590775
9793,bike,fixed,decaps,628536
9794,bike,fixed,decaps,589132
9795,bike,fixed,decaps,604050
9796,bike,fixed,decaps,641060
9797,bike,fixed,decaps,593160
9798,bike,fixed,decaps,592669
9799,bike,fixed,decaps,592689
9800,bike,fixed,decaps,594142
9801,bike,fixed,decaps,601005
9802,bike,fixed,decaps,590746
9803,bike,fixed,decaps,597498
9804,bike,fixed,decaps,593630
9805,bike,fixed,decaps,593721
9806,bike,fixed,decaps,586157
9807,bike,fixed,decaps,596236
9808,bike,fixed,decaps,592188
9809,bike,fixed,decaps,586206
9810,bike,fixed,decaps,590445
9811,bike,fixed,decaps,633686
9812,bike,fixed,decaps,606255
9813,bike,fixed,decaps,622104
9814,bike,fixed,decaps,668020
9815,bike,fixed,decaps,717633
9816,bike,fixed,decaps,588761
9817,bike,fixed,decaps,583812
9818,bike,fixed,decaps,622214
9819,bike,fixed,decaps,583702
9820,bike,fixed,decaps,583361
9821,bike,fixed,decaps,587990
9822,bike,fixed,decaps,608068
9823,bike,fixed,decaps,612245
9824,bike,fixed,decaps,625630
9825,bike,fixed,decaps,685853
9826,bike,fixed,decaps,800017
9827,bike,fixed,decaps,591637
9828,bike,fixed,decaps,619068
9829,bike,fixed,decaps,587629
9830,bike,fixed,decaps,590525
9831,bike,fixed,decaps,582089
9832,bike,fixed,decaps,575146
9833,bike,fixed,decaps,576178
9834,bike,fixed,decaps,591506
9835,bike,fixed,decaps,579143
9836,bike,fixed,decaps,595263
9837,bike,fixed,decaps,596145
9838,bike,fixed,decaps,592268
9839,bike,fixed,decaps,592228
9840,bike,fixed,decaps,587269
9841,bike,fixed,decaps,585145
9842,bike,fixed,decaps,584844
9843,bike,fixed,decaps,590355
9844,bike,fixed,decaps,610713
9845,bike,fixed,decaps,608829
9846,bike,fixed,decaps,579224
9847,bike,fixed,decaps,579414
9848,bike,fixed,decaps,592328
9849,bike,fixed,decaps,579384
9850,bike,fixed,decaps,580787
9851,bike,fixed,decaps,645147
9852,bike,fixed,decaps,658242
9853,bike,fixed,decaps,612386
9854,bike,fixed,decaps,585786
9855,bike,fixed,decaps,578352
9856,bike,fixed,decaps,621072
9857,bike,fixed,decaps,582590
9858,bike,fixed,decaps,582690
9859,bike,fixed,decaps,578362
9860,bike,fixed,decaps,579424
9861,bike,fixed,decaps,589613
9862,bike,fixed,decaps,586878
9863,bike,fixed,decaps,582730
9864,bike,fixed,decaps,580736
9865,bike,fixed,decaps,603469
9866,bike,fixed,decaps,600343
9867,bike,fixed,decaps,614871
9868,bike,fixed,decaps,606454
9869,bike,fixed,decaps,585195
9870,bike,fixed,decaps,666617
9871,bike,fixed,decaps,646690
9872,bike,fixed,decaps,586457
9873,bike,fixed,decaps,624769
9874,bike,fixed,decaps,620871
9875,bike,fixed,decaps,600914
9876,bike,fixed,decaps,606355
9877,bike,fixed,decaps,594683
9878,bike,fixed,decaps,673249
9879,bike,fixed,decaps,696042
9880,bike,fixed,decaps,898752
9881,bike,fixed,decaps,805317
9882,bike,fixed,decaps,893922
9883,bike,fixed,decaps,617445
9884,bike,fixed,decaps,773107
9885,bike,fixed,decaps,594573
9886,bike,fixed,decaps,763709
9887,bike,fixed,decaps,744333
9888,bike,fixed,decaps,746166
9889,bike,fixed,decaps,772495
9890,bike,fixed,decaps,662519
9891,bike,fixed,decaps,839982
9892,bike,fixed,decaps,644005
9893,bike,fixed,decaps,604091
9894,bike,fixed,decaps,721771
9895,bike,fixed,decaps,610893
9896,bike,fixed,decaps,591998
9897,bike,fixed,decaps,639747
9898,bike,fixed,decaps,604831
9899,bike,fixed,decaps,612135
9900,bike,fixed,decaps,608058
9901,bike,fixed,decaps,592970
9902,bike,fixed,decaps,638735
9903,bike,fixed,decaps,705770
9904,bike,fixed,decaps,635258
9905,bike,fixed,decaps,810406
9906,bike,fixed,decaps,608218
9907,bike,fixed,decaps,618908
9908,bike,fixed,decaps,639436
9909,bike,fixed,decaps,597208
9910,bike,fixed,decaps,606084
9911,bike,fixed,decaps,595714
9912,bike,fixed,decaps,605683
9913,bike,fixed,decaps,676936
9914,bike,fixed,decaps,691854
9915,bike,fixed,decaps,656769
9916,bike,fixed,decaps,610763
9917,bike,fixed,decaps,593029
9918,bike,fixed,decaps,629878
9919,bike,fixed,decaps,590484
9920,bike,fixed,decaps,713625
9921,bike,fixed,decaps,612226
9922,bike,fixed,decaps,603018
9923,bike,fixed,decaps,608328
9924,bike,fixed,decaps,602457
9925,bike,fixed,decaps,611093
9926,bike,fixed,decaps,599041
9927,bike,fixed,decaps,655316
9928,bike,fixed,decaps,624178
9929,bike,fixed,decaps,647681
9930,bike,fixed,decaps,601446
9931,bike,fixed,decaps,695361
9932,bike,fixed,decaps,617295
9933,bike,fixed,decaps,591527
9934,bike,fixed,decaps,614339
9935,bike,fixed,decaps,624949
9936,bike,fixed,decaps,607076
9937,bike,fixed,decaps,613027
9938,bike,fixed,decaps,595535
9939,bike,fixed,decaps,621253
9940,bike,fixed,decaps,615532
9941,bike,fixed,decaps,638505
9942,bike,fixed,decaps,602978
9943,bike,fixed,decaps,592889
9944,bike,fixed,decaps,639236
9945,bike,fixed,decaps,624850
9946,bike,fixed,decaps,755092
9947,bike,fixed,decaps,726079
9948,bike,fixed,decaps,621763
9949,bike,fixed,decaps,636902
9950,bike,fixed,decaps,615772
9951,bike,fixed,decaps,620962
9952,bike,fixed,decaps,616373
9953,bike,fixed,decaps,620030
9954,bike,fixed,decaps,615371
9955,bike,fixed,decaps,691834
9956,bike,fixed,decaps,665916
9957,bike,fixed,decaps,592469
9958,bike,fixed,decaps,590525
9959,bike,fixed,decaps,589684
9960,bike,fixed,decaps,604491
9961,bike,fixed,decaps,591306
9962,bike,fixed,decaps,594843
9963,bike,fixed,decaps,593911
9964,bike,fixed,decaps,598640
9965,bike,fixed,decaps,592148
9966,bike,fixed,decaps,609080
9967,bike,fixed,decaps,599852
9968,bike,fixed,decaps,600093
9969,bike,fixed,decaps,741958
9970,bike,fixed,decaps,658392
9971,bike,fixed,decaps,812039
9972,bike,fixed,decaps,706031
9973,bike,fixed,decaps,607527
9974,bike,fixed,decaps,655436
9975,bike,fixed,decaps,632633
9976,bike,fixed,decaps,646780
9977,bike,fixed,decaps,628465
9978,bike,fixed,decaps,631121
9979,bike,fixed,decaps,630440
9980,bike,fixed,decaps,673109
9981,bike,fixed,decaps,828440
9982,bike,fixed,decaps,774369
9983,bike,fixed,decaps,703686
9984,bike,fixed,decaps,829843
9985,bike,fixed,decaps,735847
9986,bike,fixed,decaps,600444
9987,bike,fixed,decaps,600744
9988,bike,fixed,decaps,596576
9989,bike,fixed,decaps,623487
9990,bike,fixed,decaps,613498
9991,bike,fixed,decaps,608107
9992,bike,fixed,decaps,604691
9993,bike,fixed,decaps,624448
9994,bike,fixed,decaps,678269
9995,bike,fixed,decaps,751917
9996,bike,fixed,decaps,811959
9997,bike,fixed,decaps,723514
9998,bike,fixed,decaps,601556
9999,bike,fixed,decaps,597879
10000,bike,fixed,decaps,634737
