iteration,mode,input,op,elapsed_ns
1,hybrid,fixed,decaps,625681
2,hybrid,fixed,decaps,672158
3,hybrid,fixed,decaps,606585
4,hybrid,fixed,decaps,608048
5,hybrid,fixed,decaps,606365
6,hybrid,fixed,decaps,608919
7,hybrid,fixed,decaps,613177
8,hybrid,fixed,decaps,602988
9,hybrid,fixed,decaps,648985
10,hybrid,fixed,decaps,657801
11,hybrid,fixed,decaps,617636
12,hybrid,fixed,decaps,620280
13,hybrid,fixed,decaps,603038
14,hybrid,fixed,decaps,606746
15,hybrid,fixed,decaps,605243
16,hybrid,fixed,decaps,618648
17,hybrid,fixed,decaps,609010
18,hybrid,fixed,decaps,619098
19,hybrid,fixed,decaps,658572
20,hybrid,fixed,decaps,608749
21,hybrid,fixed,decaps,602357
22,hybrid,fixed,decaps,609591
23,hybrid,fixed,decaps,622364
24,hybrid,fixed,decaps,608689
25,hybrid,fixed,decaps,608899
26,hybrid,fixed,decaps,606445
27,hybrid,fixed,decaps,664103
28,hybrid,fixed,decaps,617846
29,hybrid,fixed,decaps,614409
30,hybrid,fixed,decaps,608979
31,hybrid,fixed,decaps,604922
32,hybrid,fixed,decaps,606675
33,hybrid,fixed,decaps,605503
34,hybrid,fixed,decaps,619709
35,hybrid,fixed,decaps,662670
36,hybrid,fixed,decaps,630750
37,hybrid,fixed,decaps,609440
38,hybrid,fixed,decaps,606716
39,hybrid,fixed,decaps,627354
40,hybrid,fixed,decaps,658422
41,hybrid,fixed,decaps,635078
42,hybrid,fixed,decaps,615692
43,hybrid,fixed,decaps,768869
44,hybrid,fixed,decaps,640007
45,hybrid,fixed,decaps,607687
46,hybrid,fixed,decaps,607236
47,hybrid,fixed,decaps,602878
48,hybrid,fixed,decaps,602216
49,hybrid,fixed,decaps,602738
50,hybrid,fixed,decaps,606765
51,hybrid,fixed,decaps,602036
52,hybrid,fixed,decaps,661818
53,hybrid,fixed,decaps,607507
54,hybrid,fixed,decaps,599101
55,hybrid,fixed,decaps,619549
56,hybrid,fixed,decaps,607236
57,hybrid,fixed,decaps,602487
58,hybrid,fixed,decaps,610672
59,hybrid,fixed,decaps,608979
60,hybrid,fixed,decaps,674873
61,hybrid,fixed,decaps,650567
62,hybrid,fixed,decaps,699479
63,hybrid,fixed,decaps,623146
64,hybrid,fixed,decaps,610211
65,hybrid,fixed,decaps,606615
66,hybrid,fixed,decaps,642653
67,hybrid,fixed,decaps,610462
68,hybrid,fixed,decaps,664093
69,hybrid,fixed,decaps,626101
70,hybrid,fixed,decaps,645017
71,hybrid,fixed,decaps,649194
72,hybrid,fixed,decaps,622284
73,hybrid,fixed,decaps,630189
74,hybrid,fixed,decaps,622214
75,hybrid,fixed,decaps,612977
76,hybrid,fixed,decaps,679411
77,hybrid,fixed,decaps,621864
78,hybrid,fixed,decaps,611144
79,hybrid,fixed,decaps,615372
80,hybrid,fixed,decaps,608018
81,hybrid,fixed,decaps,636852
82,hybrid,fixed,decaps,640669
83,hybrid,fixed,decaps,606264
84,hybrid,fixed,decaps,631471
85,hybrid,fixed,decaps,610282
86,hybrid,fixed,decaps,606054
87,hybrid,fixed,decaps,612456
88,hybrid,fixed,decaps,611274
89,hybrid,fixed,decaps,630960
90,hybrid,fixed,decaps,613287
91,hybrid,fixed,decaps,616764
92,hybrid,fixed,decaps,676446
93,hybrid,fixed,decaps,615321
94,hybrid,fixed,decaps,610562
95,hybrid,fixed,decaps,604491
96,hybrid,fixed,decaps,700521
97,hybrid,fixed,decaps,609089
98,hybrid,fixed,decaps,636962
99,hybrid,fixed,decaps,606806
100,hybrid,fixed,decaps,610753
101,hybrid,fixed,decaps,663441
102,hybrid,fixed,decaps,614079
103,hybrid,fixed,decaps,614189
104,hybrid,fixed,decaps,626322
105,hybrid,fixed,decaps,611695
106,hybrid,fixed,decaps,608238
107,hybrid,fixed,decaps,607045
108,hybrid,fixed,decaps,612626
109,hybrid,fixed,decaps,654895
110,hybrid,fixed,decaps,609340
111,hybrid,fixed,decaps,603028
112,hybrid,fixed,decaps,605663
113,hybrid,fixed,decaps,621302
114,hybrid,fixed,decaps,626913
115,hybrid,fixed,decaps,634507
116,hybrid,fixed,decaps,610162
117,hybrid,fixed,decaps,754682
118,hybrid,fixed,decaps,673530
119,hybrid,fixed,decaps,628316
120,hybrid,fixed,decaps,606675
121,hybrid,fixed,decaps,609270
122,hybrid,fixed,decaps,620371
123,hybrid,fixed,decaps,699729
124,hybrid,fixed,decaps,629197
125,hybrid,fixed,decaps,630680
126,hybrid,fixed,decaps,615432
127,hybrid,fixed,decaps,609771
128,hybrid,fixed,decaps,610422
129,hybrid,fixed,decaps,606885
130,hybrid,fixed,decaps,627494
131,hybrid,fixed,decaps,608208
132,hybrid,fixed,decaps,606755
133,hybrid,fixed,decaps,644235
134,hybrid,fixed,decaps,604892
135,hybrid,fixed,decaps,612146
136,hybrid,fixed,decaps,622965
137,hybrid,fixed,decaps,613117
138,hybrid,fixed,decaps,617585
139,hybrid,fixed,decaps,608909
140,hybrid,fixed,decaps,746496
141,hybrid,fixed,decaps,700701
142,hybrid,fixed,decaps,831626
143,hybrid,fixed,decaps,632142
144,hybrid,fixed,decaps,604822
145,hybrid,fixed,decaps,622956
146,hybrid,fixed,decaps,699519
147,hybrid,fixed,decaps,657861
148,hybrid,fixed,decaps,605463
149,hybrid,fixed,decaps,702765
150,hybrid,fixed,decaps,702605
151,hybrid,fixed,decaps,606555
152,hybrid,fixed,decaps,610152
153,hybrid,fixed,decaps,612686
154,hybrid,fixed,decaps,611314
155,hybrid,fixed,decaps,612897
156,hybrid,fixed,decaps,605052
157,hybrid,fixed,decaps,654364
158,hybrid,fixed,decaps,604902
159,hybrid,fixed,decaps,602086
160,hybrid,fixed,decaps,602427
161,hybrid,fixed,decaps,621683
162,hybrid,fixed,decaps,618738
163,hybrid,fixed,decaps,607136
164,hybrid,fixed,decaps,606605
165,hybrid,fixed,decaps,683489
166,hybrid,fixed,decaps,664172
167,hybrid,fixed,decaps,901276
168,hybrid,fixed,decaps,655867
169,hybrid,fixed,decaps,613788
170,hybrid,fixed,decaps,603569
171,hybrid,fixed,decaps,773787
172,hybrid,fixed,decaps,603940
173,hybrid,fixed,decaps,661407
174,hybrid,fixed,decaps,616834
175,hybrid,fixed,decaps,617856
176,hybrid,fixed,decaps,699709
177,hybrid,fixed,decaps,611384
178,hybrid,fixed,decaps,601035
179,hybrid,fixed,decaps,606515
180,hybrid,fixed,decaps,603429
181,hybrid,fixed,decaps,637443
182,hybrid,fixed,decaps,611965
183,hybrid,fixed,decaps,620371
184,hybrid,fixed,decaps,606766
185,hybrid,fixed,decaps,612095
186,hybrid,fixed,decaps,611474
187,hybrid,fixed,decaps,647131
188,hybrid,fixed,decaps,622715
189,hybrid,fixed,decaps,643674
190,hybrid,fixed,decaps,610061
191,hybrid,fixed,decaps,604671
192,hybrid,fixed,decaps,645948
193,hybrid,fixed,decaps,745425
194,hybrid,fixed,decaps,710539
195,hybrid,fixed,decaps,613457
196,hybrid,fixed,decaps,599151
197,hybrid,fixed,decaps,636952
198,hybrid,fixed,decaps,759922
199,hybrid,fixed,decaps,609260
200,hybrid,fixed,decaps,710289
201,hybrid,fixed,decaps,648433
202,hybrid,fixed,decaps,620581
203,hybrid,fixed,decaps,603919
204,hybrid,fixed,decaps,606314
205,hybrid,fixed,decaps,636651
206,hybrid,fixed,decaps,613759
207,hybrid,fixed,decaps,615031
208,hybrid,fixed,decaps,618327
209,hybrid,fixed,decaps,639597
210,hybrid,fixed,decaps,611044
211,hybrid,fixed,decaps,616093
212,hybrid,fixed,decaps,612366
213,hybrid,fixed,decaps,661939
214,hybrid,fixed,decaps,627454
215,hybrid,fixed,decaps,620811
216,hybrid,fixed,decaps,607326
217,hybrid,fixed,decaps,609861
218,hybrid,fixed,decaps,626252
219,hybrid,fixed,decaps,627024
220,hybrid,fixed,decaps,613498
221,hybrid,fixed,decaps,620060
222,hybrid,fixed,decaps,609801
223,hybrid,fixed,decaps,606384
224,hybrid,fixed,decaps,631521
225,hybrid,fixed,decaps,610492
226,hybrid,fixed,decaps,614580
227,hybrid,fixed,decaps,625941
228,hybrid,fixed,decaps,678750
229,hybrid,fixed,decaps,643615
230,hybrid,fixed,decaps,670324
231,hybrid,fixed,decaps,609070
232,hybrid,fixed,decaps,605433
233,hybrid,fixed,decaps,606444
234,hybrid,fixed,decaps,617004
235,hybrid,fixed,decaps,602838
236,hybrid,fixed,decaps,606645
237,hybrid,fixed,decaps,621143
238,hybrid,fixed,decaps,677597
239,hybrid,fixed,decaps,604851
240,hybrid,fixed,decaps,619509
241,hybrid,fixed,decaps,610673
242,hybrid,fixed,decaps,625250
243,hybrid,fixed,decaps,757087
244,hybrid,fixed,decaps,663471
245,hybrid,fixed,decaps,626603
246,hybrid,fixed,decaps,657269
247,hybrid,fixed,decaps,615352
248,hybrid,fixed,decaps,608098
249,hybrid,fixed,decaps,609039
250,hybrid,fixed,decaps,620701
251,hybrid,fixed,decaps,611073
252,hybrid,fixed,decaps,609200
253,hybrid,fixed,decaps,606264
254,hybrid,fixed,decaps,703056
255,hybrid,fixed,decaps,628145
256,hybrid,fixed,decaps,606185
257,hybrid,fixed,decaps,623467
258,hybrid,fixed,decaps,606585
259,hybrid,fixed,decaps,608809
260,hybrid,fixed,decaps,617025
261,hybrid,fixed,decaps,612436
262,hybrid,fixed,decaps,633405
263,hybrid,fixed,decaps,611263
264,hybrid,fixed,decaps,606745
265,hybrid,fixed,decaps,606545
266,hybrid,fixed,decaps,617395
267,hybrid,fixed,decaps,613298
268,hybrid,fixed,decaps,609470
269,hybrid,fixed,decaps,605092
270,hybrid,fixed,decaps,621553
271,hybrid,fixed,decaps,637994
272,hybrid,fixed,decaps,610372
273,hybrid,fixed,decaps,613087
274,hybrid,fixed,decaps,599812
275,hybrid,fixed,decaps,598349
276,hybrid,fixed,decaps,599792
277,hybrid,fixed,decaps,665104
278,hybrid,fixed,decaps,618718
279,hybrid,fixed,decaps,614330
280,hybrid,fixed,decaps,627464
281,hybrid,fixed,decaps,666738
282,hybrid,fixed,decaps,638535
283,hybrid,fixed,decaps,613127
284,hybrid,fixed,decaps,613367
285,hybrid,fixed,decaps,603208
286,hybrid,fixed,decaps,610081
287,hybrid,fixed,decaps,662499
288,hybrid,fixed,decaps,611293
289,hybrid,fixed,decaps,606014
290,hybrid,fixed,decaps,623627
291,hybrid,fixed,decaps,603660
292,hybrid,fixed,decaps,604201
293,hybrid,fixed,decaps,622164
294,hybrid,fixed,decaps,607146
295,hybrid,fixed,decaps,652831
296,hybrid,fixed,decaps,619379
297,hybrid,fixed,decaps,607025
298,hybrid,fixed,decaps,623306
299,hybrid,fixed,decaps,649515
300,hybrid,fixed,decaps,666207
301,hybrid,fixed,decaps,612136
302,hybrid,fixed,decaps,610412
303,hybrid,fixed,decaps,634156
304,hybrid,fixed,decaps,619329
305,hybrid,fixed,decaps,633766
306,hybrid,fixed,decaps,608518
307,hybrid,fixed,decaps,606995
308,hybrid,fixed,decaps,662359
309,hybrid,fixed,decaps,625160
310,hybrid,fixed,decaps,605453
311,hybrid,fixed,decaps,656148
312,hybrid,fixed,decaps,611524
313,hybrid,fixed,decaps,606285
314,hybrid,fixed,decaps,610623
315,hybrid,fixed,decaps,608489
316,hybrid,fixed,decaps,602858
317,hybrid,fixed,decaps,625500
318,hybrid,fixed,decaps,611605
319,hybrid,fixed,decaps,608318
320,hybrid,fixed,decaps,693077
321,hybrid,fixed,decaps,632383
322,hybrid,fixed,decaps,611174
323,hybrid,fixed,decaps,612266
324,hybrid,fixed,decaps,608649
325,hybrid,fixed,decaps,623196
326,hybrid,fixed,decaps,697244
327,hybrid,fixed,decaps,760462
328,hybrid,fixed,decaps,908981
329,hybrid,fixed,decaps,725057
330,hybrid,fixed,decaps,655807
331,hybrid,fixed,decaps,618017
332,hybrid,fixed,decaps,606735
333,hybrid,fixed,decaps,607727
334,hybrid,fixed,decaps,602608
335,hybrid,fixed,decaps,698006
336,hybrid,fixed,decaps,631070
337,hybrid,fixed,decaps,607086
338,hybrid,fixed,decaps,606425
339,hybrid,fixed,decaps,603169
340,hybrid,fixed,decaps,649836
341,hybrid,fixed,decaps,609059
342,hybrid,fixed,decaps,607136
343,hybrid,fixed,decaps,606334
344,hybrid,fixed,decaps,655146
345,hybrid,fixed,decaps,655898
346,hybrid,fixed,decaps,623276
347,hybrid,fixed,decaps,673750
348,hybrid,fixed,decaps,609400
349,hybrid,fixed,decaps,606555
350,hybrid,fixed,decaps,608007
351,hybrid,fixed,decaps,707844
352,hybrid,fixed,decaps,881328
353,hybrid,fixed,decaps,772786
354,hybrid,fixed,decaps,627605
355,hybrid,fixed,decaps,641510
356,hybrid,fixed,decaps,610012
357,hybrid,fixed,decaps,605172
358,hybrid,fixed,decaps,609961
359,hybrid,fixed,decaps,670775
360,hybrid,fixed,decaps,640528
361,hybrid,fixed,decaps,733943
362,hybrid,fixed,decaps,643063
363,hybrid,fixed,decaps,630630
364,hybrid,fixed,decaps,611224
365,hybrid,fixed,decaps,607236
366,hybrid,fixed,decaps,620521
367,hybrid,fixed,decaps,675043
368,hybrid,fixed,decaps,609019
369,hybrid,fixed,decaps,606585
370,hybrid,fixed,decaps,641781
371,hybrid,fixed,decaps,645147
372,hybrid,fixed,decaps,628697
373,hybrid,fixed,decaps,623657
374,hybrid,fixed,decaps,623397
375,hybrid,fixed,decaps,699729
376,hybrid,fixed,decaps,661097
377,hybrid,fixed,decaps,640699
378,hybrid,fixed,decaps,803033
379,hybrid,fixed,decaps,745355
380,hybrid,fixed,decaps,612195
381,hybrid,fixed,decaps,623016
382,hybrid,fixed,decaps,623126
383,hybrid,fixed,decaps,655467
384,hybrid,fixed,decaps,610132
385,hybrid,fixed,decaps,619409
386,hybrid,fixed,decaps,652170
387,hybrid,fixed,decaps,612686
388,hybrid,fixed,decaps,612476
389,hybrid,fixed,decaps,612336
390,hybrid,fixed,decaps,613849
391,hybrid,fixed,decaps,658552
392,hybrid,fixed,decaps,618548
393,hybrid,fixed,decaps,612085
394,hybrid,fixed,decaps,621332
395,hybrid,fixed,decaps,610562
396,hybrid,fixed,decaps,608849
397,hybrid,fixed,decaps,619499
398,hybrid,fixed,decaps,624849
399,hybrid,fixed,decaps,675483
400,hybrid,fixed,decaps,623256
401,hybrid,fixed,decaps,607266
402,hybrid,fixed,decaps,619108
403,hybrid,fixed,decaps,604371
404,hybrid,fixed,decaps,606715
405,hybrid,fixed,decaps,637963
406,hybrid,fixed,decaps,614851
407,hybrid,fixed,decaps,651599
408,hybrid,fixed,decaps,627715
409,hybrid,fixed,decaps,612315
410,hybrid,fixed,decaps,616193
411,hybrid,fixed,decaps,653373
412,hybrid,fixed,decaps,616534
413,hybrid,fixed,decaps,628917
414,hybrid,fixed,decaps,607176
415,hybrid,fixed,decaps,669924
416,hybrid,fixed,decaps,615271
417,hybrid,fixed,decaps,606404
418,hybrid,fixed,decaps,623466
419,hybrid,fixed,decaps,608538
420,hybrid,fixed,decaps,615181
421,hybrid,fixed,decaps,619148
422,hybrid,fixed,decaps,615131
423,hybrid,fixed,decaps,627765
424,hybrid,fixed,decaps,701382
425,hybrid,fixed,decaps,613528
426,hybrid,fixed,decaps,611383
427,hybrid,fixed,decaps,607777
428,hybrid,fixed,decaps,611433
429,hybrid,fixed,decaps,623126
430,hybrid,fixed,decaps,607627
431,hybrid,fixed,decaps,612967
432,hybrid,fixed,decaps,666808
433,hybrid,fixed,decaps,612055
434,hybrid,fixed,decaps,623106
435,hybrid,fixed,decaps,609100
436,hybrid,fixed,decaps,606645
437,hybrid,fixed,decaps,606033
438,hybrid,fixed,decaps,687426
439,hybrid,fixed,decaps,633966
440,hybrid,fixed,decaps,681465
441,hybrid,fixed,decaps,609731
442,hybrid,fixed,decaps,612847
443,hybrid,fixed,decaps,615692
444,hybrid,fixed,decaps,604711
445,hybrid,fixed,decaps,758639
446,hybrid,fixed,decaps,621202
447,hybrid,fixed,decaps,605152
448,hybrid,fixed,decaps,670815
449,hybrid,fixed,decaps,613087
450,hybrid,fixed,decaps,609511
451,hybrid,fixed,decaps,646900
452,hybrid,fixed,decaps,605243
453,hybrid,fixed,decaps,604411
454,hybrid,fixed,decaps,618086
455,hybrid,fixed,decaps,652961
456,hybrid,fixed,decaps,646559
457,hybrid,fixed,decaps,686424
458,hybrid,fixed,decaps,775851
459,hybrid,fixed,decaps,615311
460,hybrid,fixed,decaps,625861
461,hybrid,fixed,decaps,644556
462,hybrid,fixed,decaps,627173
463,hybrid,fixed,decaps,606144
464,hybrid,fixed,decaps,666207
465,hybrid,fixed,decaps,734945
466,hybrid,fixed,decaps,604441
467,hybrid,fixed,decaps,612847
468,hybrid,fixed,decaps,603069
469,hybrid,fixed,decaps,602377
470,hybrid,fixed,decaps,604571
471,hybrid,fixed,decaps,626703
472,hybrid,fixed,decaps,698937
473,hybrid,fixed,decaps,609160
474,hybrid,fixed,decaps,607606
475,hybrid,fixed,decaps,610071
476,hybrid,fixed,decaps,620391
477,hybrid,fixed,decaps,605573
478,hybrid,fixed,decaps,610342
479,hybrid,fixed,decaps,647371
480,hybrid,fixed,decaps,631802
481,hybrid,fixed,decaps,669402
482,hybrid,fixed,decaps,639086
483,hybrid,fixed,decaps,626703
484,hybrid,fixed,decaps,611133
485,hybrid,fixed,decaps,610963
486,hybrid,fixed,decaps,606665
487,hybrid,fixed,decaps,624709
488,hybrid,fixed,decaps,629007
489,hybrid,fixed,decaps,657951
490,hybrid,fixed,decaps,611554
491,hybrid,fixed,decaps,607557
492,hybrid,fixed,decaps,616684
493,hybrid,fixed,decaps,690152
494,hybrid,fixed,decaps,616554
495,hybrid,fixed,decaps,619609
496,hybrid,fixed,decaps,608148
497,hybrid,fixed,decaps,658212
498,hybrid,fixed,decaps,608528
499,hybrid,fixed,decaps,608028
500,hybrid,fixed,decaps,605112
501,hybrid,fixed,decaps,602717
502,hybrid,fixed,decaps,603279
503,hybrid,fixed,decaps,612286
504,hybrid,fixed,decaps,616173
505,hybrid,fixed,decaps,636661
506,hybrid,fixed,decaps,620601
507,hybrid,fixed,decaps,611183
508,hybrid,fixed,decaps,621893
509,hybrid,fixed,decaps,612255
510,hybrid,fixed,decaps,612836
511,hybrid,fixed,decaps,646159
512,hybrid,fixed,decaps,614680
513,hybrid,fixed,decaps,620200
514,hybrid,fixed,decaps,609119
515,hybrid,fixed,decaps,608809
516,hybrid,fixed,decaps,608509
517,hybrid,fixed,decaps,607257
518,hybrid,fixed,decaps,608569
519,hybrid,fixed,decaps,607447
520,hybrid,fixed,decaps,611995
521,hybrid,fixed,decaps,608799
522,hybrid,fixed,decaps,642132
523,hybrid,fixed,decaps,615952
524,hybrid,fixed,decaps,614700
525,hybrid,fixed,decaps,609721
526,hybrid,fixed,decaps,615501
527,hybrid,fixed,decaps,614860
528,hybrid,fixed,decaps,613027
529,hybrid,fixed,decaps,602698
530,hybrid,fixed,decaps,657631
531,hybrid,fixed,decaps,688078
532,hybrid,fixed,decaps,613799
533,hybrid,fixed,decaps,608368
534,hybrid,fixed,decaps,607888
535,hybrid,fixed,decaps,615271
536,hybrid,fixed,decaps,650366
537,hybrid,fixed,decaps,735016
538,hybrid,fixed,decaps,787524
539,hybrid,fixed,decaps,632704
540,hybrid,fixed,decaps,633836
541,hybrid,fixed,decaps,611514
542,hybrid,fixed,decaps,622354
543,hybrid,fixed,decaps,631551
544,hybrid,fixed,decaps,633025
545,hybrid,fixed,decaps,687146
546,hybrid,fixed,decaps,643373
547,hybrid,fixed,decaps,656388
548,hybrid,fixed,decaps,633626
549,hybrid,fixed,decaps,610121
550,hybrid,fixed,decaps,623666
551,hybrid,fixed,decaps,651259
552,hybrid,fixed,decaps,610793
553,hybrid,fixed,decaps,609270
554,hybrid,fixed,decaps,646209
555,hybrid,fixed,decaps,620511
556,hybrid,fixed,decaps,616113
557,hybrid,fixed,decaps,644506
558,hybrid,fixed,decaps,608919
559,hybrid,fixed,decaps,618738
560,hybrid,fixed,decaps,607156
561,hybrid,fixed,decaps,641420
562,hybrid,fixed,decaps,758589
563,hybrid,fixed,decaps,855851
564,hybrid,fixed,decaps,788415
565,hybrid,fixed,decaps,636722
566,hybrid,fixed,decaps,621293
567,hybrid,fixed,decaps,657961
568,hybrid,fixed,decaps,609280
569,hybrid,fixed,decaps,637953
570,hybrid,fixed,decaps,635058
571,hybrid,fixed,decaps,623627
572,hybrid,fixed,decaps,611995
573,hybrid,fixed,decaps,614489
574,hybrid,fixed,decaps,609841
575,hybrid,fixed,decaps,622685
576,hybrid,fixed,decaps,617175
577,hybrid,fixed,decaps,603720
578,hybrid,fixed,decaps,653513
579,hybrid,fixed,decaps,607577
580,hybrid,fixed,decaps,603229
581,hybrid,fixed,decaps,606795
582,hybrid,fixed,decaps,618197
583,hybrid,fixed,decaps,608529
584,hybrid,fixed,decaps,605513
585,hybrid,fixed,decaps,605482
586,hybrid,fixed,decaps,656849
587,hybrid,fixed,decaps,636050
588,hybrid,fixed,decaps,827208
589,hybrid,fixed,decaps,834391
590,hybrid,fixed,decaps,768448
591,hybrid,fixed,decaps,633345
592,hybrid,fixed,decaps,719606
593,hybrid,fixed,decaps,642722
594,hybrid,fixed,decaps,600083
595,hybrid,fixed,decaps,643403
596,hybrid,fixed,decaps,667099
597,hybrid,fixed,decaps,604952
598,hybrid,fixed,decaps,705581
599,hybrid,fixed,decaps,613929
600,hybrid,fixed,decaps,614229
601,hybrid,fixed,decaps,646059
602,hybrid,fixed,decaps,629157
603,hybrid,fixed,decaps,608909
604,hybrid,fixed,decaps,615942
605,hybrid,fixed,decaps,607556
606,hybrid,fixed,decaps,630349
607,hybrid,fixed,decaps,616734
608,hybrid,fixed,decaps,648353
609,hybrid,fixed,decaps,651139
610,hybrid,fixed,decaps,617866
611,hybrid,fixed,decaps,610312
612,hybrid,fixed,decaps,643534
613,hybrid,fixed,decaps,709046
614,hybrid,fixed,decaps,841484
615,hybrid,fixed,decaps,787213
616,hybrid,fixed,decaps,640769
617,hybrid,fixed,decaps,647080
618,hybrid,fixed,decaps,615050
619,hybrid,fixed,decaps,614329
620,hybrid,fixed,decaps,611133
621,hybrid,fixed,decaps,606716
622,hybrid,fixed,decaps,616994
623,hybrid,fixed,decaps,617606
624,hybrid,fixed,decaps,612996
625,hybrid,fixed,decaps,613027
626,hybrid,fixed,decaps,614981
627,hybrid,fixed,decaps,612366
628,hybrid,fixed,decaps,614519
629,hybrid,fixed,decaps,617645
630,hybrid,fixed,decaps,654314
631,hybrid,fixed,decaps,607897
632,hybrid,fixed,decaps,608960
633,hybrid,fixed,decaps,617135
634,hybrid,fixed,decaps,608499
635,hybrid,fixed,decaps,609210
636,hybrid,fixed,decaps,609179
637,hybrid,fixed,decaps,612355
638,hybrid,fixed,decaps,626362
639,hybrid,fixed,decaps,658612
640,hybrid,fixed,decaps,840042
641,hybrid,fixed,decaps,820686
642,hybrid,fixed,decaps,620020
643,hybrid,fixed,decaps,626643
644,hybrid,fixed,decaps,609621
645,hybrid,fixed,decaps,617656
646,hybrid,fixed,decaps,610713
647,hybrid,fixed,decaps,655186
648,hybrid,fixed,decaps,620561
649,hybrid,fixed,decaps,630199
650,hybrid,fixed,decaps,640147
651,hybrid,fixed,decaps,628296
652,hybrid,fixed,decaps,607687
653,hybrid,fixed,decaps,605473
654,hybrid,fixed,decaps,612286
655,hybrid,fixed,decaps,605814
656,hybrid,fixed,decaps,603098
657,hybrid,fixed,decaps,646940
658,hybrid,fixed,decaps,615903
659,hybrid,fixed,decaps,620301
660,hybrid,fixed,decaps,613238
661,hybrid,fixed,decaps,612787
662,hybrid,fixed,decaps,633615
663,hybrid,fixed,decaps,622054
664,hybrid,fixed,decaps,618026
665,hybrid,fixed,decaps,665815
666,hybrid,fixed,decaps,701272
667,hybrid,fixed,decaps,629748
668,hybrid,fixed,decaps,611614
669,hybrid,fixed,decaps,621433
670,hybrid,fixed,decaps,626873
671,hybrid,fixed,decaps,605182
672,hybrid,fixed,decaps,605694
673,hybrid,fixed,decaps,642502
674,hybrid,fixed,decaps,644406
675,hybrid,fixed,decaps,642663
676,hybrid,fixed,decaps,607997
677,hybrid,fixed,decaps,603429
678,hybrid,fixed,decaps,606014
679,hybrid,fixed,decaps,606535
680,hybrid,fixed,decaps,628455
681,hybrid,fixed,decaps,610743
682,hybrid,fixed,decaps,684200
683,hybrid,fixed,decaps,607777
684,hybrid,fixed,decaps,609320
685,hybrid,fixed,decaps,605714
686,hybrid,fixed,decaps,619509
687,hybrid,fixed,decaps,618296
688,hybrid,fixed,decaps,610061
689,hybrid,fixed,decaps,628025
690,hybrid,fixed,decaps,680863
691,hybrid,fixed,decaps,629778
692,hybrid,fixed,decaps,686525
693,hybrid,fixed,decaps,623316
694,hybrid,fixed,decaps,634577
695,hybrid,fixed,decaps,604531
696,hybrid,fixed,decaps,631241
697,hybrid,fixed,decaps,603650
698,hybrid,fixed,decaps,644766
699,hybrid,fixed,decaps,613669
700,hybrid,fixed,decaps,639036
701,hybrid,fixed,decaps,683970
702,hybrid,fixed,decaps,614259
703,hybrid,fixed,decaps,609119
704,hybrid,fixed,decaps,609600
705,hybrid,fixed,decaps,609350
706,hybrid,fixed,decaps,639687
707,hybrid,fixed,decaps,617696
708,hybrid,fixed,decaps,605724
709,hybrid,fixed,decaps,616614
710,hybrid,fixed,decaps,610933
711,hybrid,fixed,decaps,605222
712,hybrid,fixed,decaps,621633
713,hybrid,fixed,decaps,615472
714,hybrid,fixed,decaps,681766
715,hybrid,fixed,decaps,609991
716,hybrid,fixed,decaps,606855
717,hybrid,fixed,decaps,621092
718,hybrid,fixed,decaps,655035
719,hybrid,fixed,decaps,721310
720,hybrid,fixed,decaps,791581
721,hybrid,fixed,decaps,615611
722,hybrid,fixed,decaps,658352
723,hybrid,fixed,decaps,614600
724,hybrid,fixed,decaps,609080
725,hybrid,fixed,decaps,608689
726,hybrid,fixed,decaps,808112
727,hybrid,fixed,decaps,637784
728,hybrid,fixed,decaps,612065
729,hybrid,fixed,decaps,614249
730,hybrid,fixed,decaps,767375
731,hybrid,fixed,decaps,657740
732,hybrid,fixed,decaps,670975
733,hybrid,fixed,decaps,650888
734,hybrid,fixed,decaps,656829
735,hybrid,fixed,decaps,661838
736,hybrid,fixed,decaps,639085
737,hybrid,fixed,decaps,650768
738,hybrid,fixed,decaps,661207
739,hybrid,fixed,decaps,673400
740,hybrid,fixed,decaps,626222
741,hybrid,fixed,decaps,681074
742,hybrid,fixed,decaps,822980
743,hybrid,fixed,decaps,650948
744,hybrid,fixed,decaps,695091
745,hybrid,fixed,decaps,651870
746,hybrid,fixed,decaps,626362
747,hybrid,fixed,decaps,678269
748,hybrid,fixed,decaps,636821
749,hybrid,fixed,decaps,652370
750,hybrid,fixed,decaps,636901
751,hybrid,fixed,decaps,639206
752,hybrid,fixed,decaps,653793
753,hybrid,fixed,decaps,702444
754,hybrid,fixed,decaps,650337
755,hybrid,fixed,decaps,616984
756,hybrid,fixed,decaps,662059
757,hybrid,fixed,decaps,629147
758,hybrid,fixed,decaps,636861
759,hybrid,fixed,decaps,643093
760,hybrid,fixed,decaps,649786
761,hybrid,fixed,decaps,672077
762,hybrid,fixed,decaps,677267
763,hybrid,fixed,decaps,656488
764,hybrid,fixed,decaps,629838
765,hybrid,fixed,decaps,685272
766,hybrid,fixed,decaps,636330
767,hybrid,fixed,decaps,618256
768,hybrid,fixed,decaps,877202
769,hybrid,fixed,decaps,754362
770,hybrid,fixed,decaps,654996
771,hybrid,fixed,decaps,631541
772,hybrid,fixed,decaps,636792
773,hybrid,fixed,decaps,648563
774,hybrid,fixed,decaps,621272
775,hybrid,fixed,decaps,624528
776,hybrid,fixed,decaps,625169
777,hybrid,fixed,decaps,770742
778,hybrid,fixed,decaps,663661
779,hybrid,fixed,decaps,686244
780,hybrid,fixed,decaps,669202
781,hybrid,fixed,decaps,621142
782,hybrid,fixed,decaps,619870
783,hybrid,fixed,decaps,718855
784,hybrid,fixed,decaps,690362
785,hybrid,fixed,decaps,747108
786,hybrid,fixed,decaps,743371
787,hybrid,fixed,decaps,687967
788,hybrid,fixed,decaps,632654
789,hybrid,fixed,decaps,771373
790,hybrid,fixed,decaps,726019
791,hybrid,fixed,decaps,886739
792,hybrid,fixed,decaps,718935
793,hybrid,fixed,decaps,661067
794,hybrid,fixed,decaps,636040
795,hybrid,fixed,decaps,716070
796,hybrid,fixed,decaps,659003
797,hybrid,fixed,decaps,664253
798,hybrid,fixed,decaps,650397
799,hybrid,fixed,decaps,646750
800,hybrid,fixed,decaps,670585
801,hybrid,fixed,decaps,719836
802,hybrid,fixed,decaps,696643
803,hybrid,fixed,decaps,665045
804,hybrid,fixed,decaps,702925
805,hybrid,fixed,decaps,616734
806,hybrid,fixed,decaps,641821
807,hybrid,fixed,decaps,721209
808,hybrid,fixed,decaps,675073
809,hybrid,fixed,decaps,651539
810,hybrid,fixed,decaps,729425
811,hybrid,fixed,decaps,707984
812,hybrid,fixed,decaps,682196
813,hybrid,fixed,decaps,659634
814,hybrid,fixed,decaps,627123
815,hybrid,fixed,decaps,686013
816,hybrid,fixed,decaps,647953
817,hybrid,fixed,decaps,724265
818,hybrid,fixed,decaps,681866
819,hybrid,fixed,decaps,781743
820,hybrid,fixed,decaps,647101
821,hybrid,fixed,decaps,754632
822,hybrid,fixed,decaps,679040
823,hybrid,fixed,decaps,706201
824,hybrid,fixed,decaps,657881
825,hybrid,fixed,decaps,816398
826,hybrid,fixed,decaps,700361
827,hybrid,fixed,decaps,719426
828,hybrid,fixed,decaps,680112
829,hybrid,fixed,decaps,693939
830,hybrid,fixed,decaps,740976
831,hybrid,fixed,decaps,639777
832,hybrid,fixed,decaps,780961
833,hybrid,fixed,decaps,667539
834,hybrid,fixed,decaps,623516
835,hybrid,fixed,decaps,770481
836,hybrid,fixed,decaps,814173
837,hybrid,fixed,decaps,742770
838,hybrid,fixed,decaps,652661
839,hybrid,fixed,decaps,632032
840,hybrid,fixed,decaps,635479
841,hybrid,fixed,decaps,815125
842,hybrid,fixed,decaps,748440
843,hybrid,fixed,decaps,771293
844,hybrid,fixed,decaps,746968
845,hybrid,fixed,decaps,750935
846,hybrid,fixed,decaps,802892
847,hybrid,fixed,decaps,698678
848,hybrid,fixed,decaps,753981
849,hybrid,fixed,decaps,827659
850,hybrid,fixed,decaps,739994
851,hybrid,fixed,decaps,768648
852,hybrid,fixed,decaps,708626
853,hybrid,fixed,decaps,872803
854,hybrid,fixed,decaps,844711
855,hybrid,fixed,decaps,683449
856,hybrid,fixed,decaps,627344
857,hybrid,fixed,decaps,630058
858,hybrid,fixed,decaps,633295
859,hybrid,fixed,decaps,743612
860,hybrid,fixed,decaps,860861
861,hybrid,fixed,decaps,678689
862,hybrid,fixed,decaps,931924
863,hybrid,fixed,decaps,813131
864,hybrid,fixed,decaps,821757
865,hybrid,fixed,decaps,654675
866,hybrid,fixed,decaps,654284
867,hybrid,fixed,decaps,667279
868,hybrid,fixed,decaps,703857
869,hybrid,fixed,decaps,710319
870,hybrid,fixed,decaps,796901
871,hybrid,fixed,decaps,677598
872,hybrid,fixed,decaps,826667
873,hybrid,fixed,decaps,649846
874,hybrid,fixed,decaps,621212
875,hybrid,fixed,decaps,626782
876,hybrid,fixed,decaps,716831
877,hybrid,fixed,decaps,681966
878,hybrid,fixed,decaps,636060
879,hybrid,fixed,decaps,697044
880,hybrid,fixed,decaps,666708
881,hybrid,fixed,decaps,757788
882,hybrid,fixed,decaps,640789
883,hybrid,fixed,decaps,664233
884,hybrid,fixed,decaps,689009
885,hybrid,fixed,decaps,639045
886,hybrid,fixed,decaps,768888
887,hybrid,fixed,decaps,753099
888,hybrid,fixed,decaps,821787
889,hybrid,fixed,decaps,678029
890,hybrid,fixed,decaps,732982
891,hybrid,fixed,decaps,686424
892,hybrid,fixed,decaps,663011
893,hybrid,fixed,decaps,709206
894,hybrid,fixed,decaps,639066
895,hybrid,fixed,decaps,683058
896,hybrid,fixed,decaps,641830
897,hybrid,fixed,decaps,664112
898,hybrid,fixed,decaps,642582
899,hybrid,fixed,decaps,759942
900,hybrid,fixed,decaps,681856
901,hybrid,fixed,decaps,731008
902,hybrid,fixed,decaps,695431
903,hybrid,fixed,decaps,705379
904,hybrid,fixed,decaps,681415
905,hybrid,fixed,decaps,682076
906,hybrid,fixed,decaps,711211
907,hybrid,fixed,decaps,629127
908,hybrid,fixed,decaps,699709
909,hybrid,fixed,decaps,711802
910,hybrid,fixed,decaps,718294
911,hybrid,fixed,decaps,921173
912,hybrid,fixed,decaps,728262
913,hybrid,fixed,decaps,675364
914,hybrid,fixed,decaps,735596
915,hybrid,fixed,decaps,631962
916,hybrid,fixed,decaps,661919
917,hybrid,fixed,decaps,672418
918,hybrid,fixed,decaps,814514
919,hybrid,fixed,decaps,721410
920,hybrid,fixed,decaps,626703
921,hybrid,fixed,decaps,630660
922,hybrid,fixed,decaps,731048
923,hybrid,fixed,decaps,744443
924,hybrid,fixed,decaps,627914
925,hybrid,fixed,decaps,622755
926,hybrid,fixed,decaps,769339
927,hybrid,fixed,decaps,636441
928,hybrid,fixed,decaps,722792
929,hybrid,fixed,decaps,812530
930,hybrid,fixed,decaps,981466
931,hybrid,fixed,decaps,640578
932,hybrid,fixed,decaps,716521
933,hybrid,fixed,decaps,694259
934,hybrid,fixed,decaps,760533
935,hybrid,fixed,decaps,716781
936,hybrid,fixed,decaps,754010
937,hybrid,fixed,decaps,671436
938,hybrid,fixed,decaps,749262
939,hybrid,fixed,decaps,667979
940,hybrid,fixed,decaps,698046
941,hybrid,fixed,decaps,686965
942,hybrid,fixed,decaps,685442
943,hybrid,fixed,decaps,647030
944,hybrid,fixed,decaps,651138
945,hybrid,fixed,decaps,645517
946,hybrid,fixed,decaps,653563
947,hybrid,fixed,decaps,661748
948,hybrid,fixed,decaps,622304
949,hybrid,fixed,decaps,647180
950,hybrid,fixed,decaps,702584
951,hybrid,fixed,decaps,625730
952,hybrid,fixed,decaps,695792
953,hybrid,fixed,decaps,640068
954,hybrid,fixed,decaps,657470
955,hybrid,fixed,decaps,619770
956,hybrid,fixed,decaps,641621
957,hybrid,fixed,decaps,697926
958,hybrid,fixed,decaps,673931
959,hybrid,fixed,decaps,653843
960,hybrid,fixed,decaps,686234
961,hybrid,fixed,decaps,677167
962,hybrid,fixed,decaps,679712
963,hybrid,fixed,decaps,724766
964,hybrid,fixed,decaps,686895
965,hybrid,fixed,decaps,653482
966,hybrid,fixed,decaps,726019
967,hybrid,fixed,decaps,662420
968,hybrid,fixed,decaps,680664
969,hybrid,fixed,decaps,647902
970,hybrid,fixed,decaps,630460
971,hybrid,fixed,decaps,628827
972,hybrid,fixed,decaps,676917
973,hybrid,fixed,decaps,722441
974,hybrid,fixed,decaps,721249
975,hybrid,fixed,decaps,718054
976,hybrid,fixed,decaps,697144
977,hybrid,fixed,decaps,728032
978,hybrid,fixed,decaps,636962
979,hybrid,fixed,decaps,748952
980,hybrid,fixed,decaps,733913
981,hybrid,fixed,decaps,660266
982,hybrid,fixed,decaps,644696
983,hybrid,fixed,decaps,776152
984,hybrid,fixed,decaps,726389
985,hybrid,fixed,decaps,638614
986,hybrid,fixed,decaps,646520
987,hybrid,fixed,decaps,694950
988,hybrid,fixed,decaps,746838
989,hybrid,fixed,decaps,666778
990,hybrid,fixed,decaps,628716
991,hybrid,fixed,decaps,647351
992,hybrid,fixed,decaps,679061
993,hybrid,fixed,decaps,626692
994,hybrid,fixed,decaps,644696
995,hybrid,fixed,decaps,672659
996,hybrid,fixed,decaps,659143
997,hybrid,fixed,decaps,641951
998,hybrid,fixed,decaps,643133
999,hybrid,fixed,decaps,638595
1000,hybrid,fixed,decaps,650016
1001,hybrid,fixed,decaps,648052
1002,hybrid,fixed,decaps,676736
1003,hybrid,fixed,decaps,650858
1004,hybrid,fixed,decaps,639516
1005,hybrid,fixed,decaps,658612
1006,hybrid,fixed,decaps,652912
1007,hybrid,fixed,decaps,698397
1008,hybrid,fixed,decaps,723002
1009,hybrid,fixed,decaps,627494
1010,hybrid,fixed,decaps,642603
1011,hybrid,fixed,decaps,733061
1012,hybrid,fixed,decaps,676756
1013,hybrid,fixed,decaps,753029
1014,hybrid,fixed,decaps,736127
1015,hybrid,fixed,decaps,682737
1016,hybrid,fixed,decaps,677417
1017,hybrid,fixed,decaps,659544
1018,hybrid,fixed,decaps,761785
1019,hybrid,fixed,decaps,641340
1020,hybrid,fixed,decaps,653663
1021,hybrid,fixed,decaps,652931
1022,hybrid,fixed,decaps,641110
1023,hybrid,fixed,decaps,639557
1024,hybrid,fixed,decaps,642202
1025,hybrid,fixed,decaps,624098
1026,hybrid,fixed,decaps,675724
1027,hybrid,fixed,decaps,636140
1028,hybrid,fixed,decaps,634387
1029,hybrid,fixed,decaps,632574
1030,hybrid,fixed,decaps,618588
1031,hybrid,fixed,decaps,628276
1032,hybrid,fixed,decaps,667419
1033,hybrid,fixed,decaps,695831
1034,hybrid,fixed,decaps,680484
1035,hybrid,fixed,decaps,646710
1036,hybrid,fixed,decaps,657110
1037,hybrid,fixed,decaps,735056
1038,hybrid,fixed,decaps,653162
1039,hybrid,fixed,decaps,643565
1040,hybrid,fixed,decaps,676285
1041,hybrid,fixed,decaps,715579
1042,hybrid,fixed,decaps,653333
1043,hybrid,fixed,decaps,668371
1044,hybrid,fixed,decaps,624929
1045,hybrid,fixed,decaps,665405
1046,hybrid,fixed,decaps,753359
1047,hybrid,fixed,decaps,662970
1048,hybrid,fixed,decaps,623266
1049,hybrid,fixed,decaps,678049
1050,hybrid,fixed,decaps,706131
1051,hybrid,fixed,decaps,746807
1052,hybrid,fixed,decaps,669643
1053,hybrid,fixed,decaps,713284
1054,hybrid,fixed,decaps,709297
1055,hybrid,fixed,decaps,774830
1056,hybrid,fixed,decaps,725597
1057,hybrid,fixed,decaps,766925
1058,hybrid,fixed,decaps,646830
1059,hybrid,fixed,decaps,646459
1060,hybrid,fixed,decaps,660857
1061,hybrid,fixed,decaps,698747
1062,hybrid,fixed,decaps,658953
1063,hybrid,fixed,decaps,643614
1064,hybrid,fixed,decaps,656148
1065,hybrid,fixed,decaps,679712
1066,hybrid,fixed,decaps,652881
1067,hybrid,fixed,decaps,630831
1068,hybrid,fixed,decaps,622064
1069,hybrid,fixed,decaps,614610
1070,hybrid,fixed,decaps,646169
1071,hybrid,fixed,decaps,656969
1072,hybrid,fixed,decaps,668922
1073,hybrid,fixed,decaps,617816
1074,hybrid,fixed,decaps,628485
1075,hybrid,fixed,decaps,681225
1076,hybrid,fixed,decaps,722131
1077,hybrid,fixed,decaps,679842
1078,hybrid,fixed,decaps,682006
1079,hybrid,fixed,decaps,693618
1080,hybrid,fixed,decaps,757728
1081,hybrid,fixed,decaps,683910
1082,hybrid,fixed,decaps,676526
1083,hybrid,fixed,decaps,806710
1084,hybrid,fixed,decaps,687306
1085,hybrid,fixed,decaps,653493
1086,hybrid,fixed,decaps,666236
1087,hybrid,fixed,decaps,649926
1088,hybrid,fixed,decaps,681505
1089,hybrid,fixed,decaps,657140
1090,hybrid,fixed,decaps,671527
1091,hybrid,fixed,decaps,630620
1092,hybrid,fixed,decaps,642773
1093,hybrid,fixed,decaps,646359
1094,hybrid,fixed,decaps,622685
1095,hybrid,fixed,decaps,731549
1096,hybrid,fixed,decaps,680613
1097,hybrid,fixed,decaps,726820
1098,hybrid,fixed,decaps,633174
1099,hybrid,fixed,decaps,691964
1100,hybrid,fixed,decaps,689319
1101,hybrid,fixed,decaps,657681
1102,hybrid,fixed,decaps,727832
1103,hybrid,fixed,decaps,696884
1104,hybrid,fixed,decaps,705490
1105,hybrid,fixed,decaps,667068
1106,hybrid,fixed,decaps,694319
1107,hybrid,fixed,decaps,775210
1108,hybrid,fixed,decaps,689160
1109,hybrid,fixed,decaps,623156
1110,hybrid,fixed,decaps,669592
1111,hybrid,fixed,decaps,815095
1112,hybrid,fixed,decaps,679732
1113,hybrid,fixed,decaps,715389
1114,hybrid,fixed,decaps,633375
1115,hybrid,fixed,decaps,696163
1116,hybrid,fixed,decaps,631512
1117,hybrid,fixed,decaps,622375
1118,hybrid,fixed,decaps,623106
1119,hybrid,fixed,decaps,657580
1120,hybrid,fixed,decaps,653382
1121,hybrid,fixed,decaps,649335
1122,hybrid,fixed,decaps,663281
1123,hybrid,fixed,decaps,634738
1124,hybrid,fixed,decaps,623076
1125,hybrid,fixed,decaps,634667
1126,hybrid,fixed,decaps,674612
1127,hybrid,fixed,decaps,666356
1128,hybrid,fixed,decaps,688939
1129,hybrid,fixed,decaps,689640
1130,hybrid,fixed,decaps,688478
1131,hybrid,fixed,decaps,669533
1132,hybrid,fixed,decaps,849099
1133,hybrid,fixed,decaps,918208
1134,hybrid,fixed,decaps,801760
1135,hybrid,fixed,decaps,661298
1136,hybrid,fixed,decaps,634958
1137,hybrid,fixed,decaps,641851
1138,hybrid,fixed,decaps,688078
1139,hybrid,fixed,decaps,685022
1140,hybrid,fixed,decaps,690822
1141,hybrid,fixed,decaps,646159
1142,hybrid,fixed,decaps,637342
1143,hybrid,fixed,decaps,630429
1144,hybrid,fixed,decaps,704798
1145,hybrid,fixed,decaps,701222
1146,hybrid,fixed,decaps,741427
1147,hybrid,fixed,decaps,629808
1148,hybrid,fixed,decaps,739614
1149,hybrid,fixed,decaps,708686
1150,hybrid,fixed,decaps,645067
1151,hybrid,fixed,decaps,636731
1152,hybrid,fixed,decaps,635910
1153,hybrid,fixed,decaps,686946
1154,hybrid,fixed,decaps,754451
1155,hybrid,fixed,decaps,854248
1156,hybrid,fixed,decaps,661838
1157,hybrid,fixed,decaps,667228
1158,hybrid,fixed,decaps,710249
1159,hybrid,fixed,decaps,665435
1160,hybrid,fixed,decaps,622013
1161,hybrid,fixed,decaps,635399
1162,hybrid,fixed,decaps,677888
1163,hybrid,fixed,decaps,766244
1164,hybrid,fixed,decaps,775952
1165,hybrid,fixed,decaps,702064
1166,hybrid,fixed,decaps,651659
1167,hybrid,fixed,decaps,654364
1168,hybrid,fixed,decaps,813582
1169,hybrid,fixed,decaps,683529
1170,hybrid,fixed,decaps,718003
1171,hybrid,fixed,decaps,658162
1172,hybrid,fixed,decaps,622485
1173,hybrid,fixed,decaps,657110
1174,hybrid,fixed,decaps,727120
1175,hybrid,fixed,decaps,633305
1176,hybrid,fixed,decaps,649325
1177,hybrid,fixed,decaps,681134
1178,hybrid,fixed,decaps,802592
1179,hybrid,fixed,decaps,697254
1180,hybrid,fixed,decaps,702715
1181,hybrid,fixed,decaps,720548
1182,hybrid,fixed,decaps,687196
1183,hybrid,fixed,decaps,687366
1184,hybrid,fixed,decaps,672128
1185,hybrid,fixed,decaps,677618
1186,hybrid,fixed,decaps,687997
1187,hybrid,fixed,decaps,663682
1188,hybrid,fixed,decaps,692426
1189,hybrid,fixed,decaps,736518
1190,hybrid,fixed,decaps,663131
1191,hybrid,fixed,decaps,676455
1192,hybrid,fixed,decaps,705800
1193,hybrid,fixed,decaps,635359
1194,hybrid,fixed,decaps,731118
1195,hybrid,fixed,decaps,680463
1196,hybrid,fixed,decaps,638094
1197,hybrid,fixed,decaps,715459
1198,hybrid,fixed,decaps,666246
1199,hybrid,fixed,decaps,648293
1200,hybrid,fixed,decaps,677327
1201,hybrid,fixed,decaps,659574
1202,hybrid,fixed,decaps,637312
1203,hybrid,fixed,decaps,681204
1204,hybrid,fixed,decaps,690432
1205,hybrid,fixed,decaps,724054
1206,hybrid,fixed,decaps,828951
1207,hybrid,fixed,decaps,686314
1208,hybrid,fixed,decaps,654645
1209,hybrid,fixed,decaps,661538
1210,hybrid,fixed,decaps,710539
1211,hybrid,fixed,decaps,711962
1212,hybrid,fixed,decaps,669032
1213,hybrid,fixed,decaps,675685
1214,hybrid,fixed,decaps,660646
1215,hybrid,fixed,decaps,652281
1216,hybrid,fixed,decaps,663281
1217,hybrid,fixed,decaps,774980
1218,hybrid,fixed,decaps,682697
1219,hybrid,fixed,decaps,723143
1220,hybrid,fixed,decaps,679942
1221,hybrid,fixed,decaps,764360
1222,hybrid,fixed,decaps,685493
1223,hybrid,fixed,decaps,675194
1224,hybrid,fixed,decaps,621864
1225,hybrid,fixed,decaps,772105
1226,hybrid,fixed,decaps,806439
1227,hybrid,fixed,decaps,768578
1228,hybrid,fixed,decaps,785179
1229,hybrid,fixed,decaps,736979
1230,hybrid,fixed,decaps,706842
1231,hybrid,fixed,decaps,625580
1232,hybrid,fixed,decaps,748300
1233,hybrid,fixed,decaps,711191
1234,hybrid,fixed,decaps,632032
1235,hybrid,fixed,decaps,716300
1236,hybrid,fixed,decaps,635810
1237,hybrid,fixed,decaps,642052
1238,hybrid,fixed,decaps,639526
1239,hybrid,fixed,decaps,631281
1240,hybrid,fixed,decaps,673230
1241,hybrid,fixed,decaps,721069
1242,hybrid,fixed,decaps,634998
1243,hybrid,fixed,decaps,768618
1244,hybrid,fixed,decaps,696313
1245,hybrid,fixed,decaps,642372
1246,hybrid,fixed,decaps,636962
1247,hybrid,fixed,decaps,628977
1248,hybrid,fixed,decaps,688709
1249,hybrid,fixed,decaps,701722
1250,hybrid,fixed,decaps,764441
1251,hybrid,fixed,decaps,889965
1252,hybrid,fixed,decaps,892450
1253,hybrid,fixed,decaps,690903
1254,hybrid,fixed,decaps,754151
1255,hybrid,fixed,decaps,732741
1256,hybrid,fixed,decaps,655376
1257,hybrid,fixed,decaps,655436
1258,hybrid,fixed,decaps,623637
1259,hybrid,fixed,decaps,637052
1260,hybrid,fixed,decaps,648133
1261,hybrid,fixed,decaps,812991
1262,hybrid,fixed,decaps,687847
1263,hybrid,fixed,decaps,835092
1264,hybrid,fixed,decaps,686314
1265,hybrid,fixed,decaps,646941
1266,hybrid,fixed,decaps,741327
1267,hybrid,fixed,decaps,671346
1268,hybrid,fixed,decaps,715979
1269,hybrid,fixed,decaps,623807
1270,hybrid,fixed,decaps,623757
1271,hybrid,fixed,decaps,727782
1272,hybrid,fixed,decaps,647752
1273,hybrid,fixed,decaps,679321
1274,hybrid,fixed,decaps,642021
1275,hybrid,fixed,decaps,889704
1276,hybrid,fixed,decaps,739454
1277,hybrid,fixed,decaps,809023
1278,hybrid,fixed,decaps,659123
1279,hybrid,fixed,decaps,772936
1280,hybrid,fixed,decaps,745825
1281,hybrid,fixed,decaps,693458
1282,hybrid,fixed,decaps,731639
1283,hybrid,fixed,decaps,658993
1284,hybrid,fixed,decaps,639988
1285,hybrid,fixed,decaps,736598
1286,hybrid,fixed,decaps,725297
1287,hybrid,fixed,decaps,656018
1288,hybrid,fixed,decaps,635569
1289,hybrid,fixed,decaps,671496
1290,hybrid,fixed,decaps,652090
1291,hybrid,fixed,decaps,711200
1292,hybrid,fixed,decaps,679822
1293,hybrid,fixed,decaps,660215
1294,hybrid,fixed,decaps,701874
1295,hybrid,fixed,decaps,712123
1296,hybrid,fixed,decaps,735617
1297,hybrid,fixed,decaps,914812
1298,hybrid,fixed,decaps,715850
1299,hybrid,fixed,decaps,698396
1300,hybrid,fixed,decaps,685672
1301,hybrid,fixed,decaps,746978
1302,hybrid,fixed,decaps,748831
1303,hybrid,fixed,decaps,668631
1304,hybrid,fixed,decaps,711201
1305,hybrid,fixed,decaps,868284
1306,hybrid,fixed,decaps,669052
1307,hybrid,fixed,decaps,664023
1308,hybrid,fixed,decaps,927646
1309,hybrid,fixed,decaps,657861
1310,hybrid,fixed,decaps,891558
1311,hybrid,fixed,decaps,775671
1312,hybrid,fixed,decaps,635780
1313,hybrid,fixed,decaps,750484
1314,hybrid,fixed,decaps,972129
1315,hybrid,fixed,decaps,676185
1316,hybrid,fixed,decaps,651499
1317,hybrid,fixed,decaps,943005
1318,hybrid,fixed,decaps,698156
1319,hybrid,fixed,decaps,863305
1320,hybrid,fixed,decaps,667729
1321,hybrid,fixed,decaps,659383
1322,hybrid,fixed,decaps,733843
1323,hybrid,fixed,decaps,672188
1324,hybrid,fixed,decaps,642822
1325,hybrid,fixed,decaps,660886
1326,hybrid,fixed,decaps,777244
1327,hybrid,fixed,decaps,660887
1328,hybrid,fixed,decaps,668180
1329,hybrid,fixed,decaps,709478
1330,hybrid,fixed,decaps,818892
1331,hybrid,fixed,decaps,704768
1332,hybrid,fixed,decaps,629659
1333,hybrid,fixed,decaps,644255
1334,hybrid,fixed,decaps,632123
1335,hybrid,fixed,decaps,685483
1336,hybrid,fixed,decaps,699619
1337,hybrid,fixed,decaps,822899
1338,hybrid,fixed,decaps,848587
1339,hybrid,fixed,decaps,691884
1340,hybrid,fixed,decaps,691103
1341,hybrid,fixed,decaps,639787
1342,hybrid,fixed,decaps,737430
1343,hybrid,fixed,decaps,761144
1344,hybrid,fixed,decaps,715990
1345,hybrid,fixed,decaps,716200
1346,hybrid,fixed,decaps,754342
1347,hybrid,fixed,decaps,706132
1348,hybrid,fixed,decaps,818842
1349,hybrid,fixed,decaps,674411
1350,hybrid,fixed,decaps,803434
1351,hybrid,fixed,decaps,658522
1352,hybrid,fixed,decaps,698998
1353,hybrid,fixed,decaps,662159
1354,hybrid,fixed,decaps,644916
1355,hybrid,fixed,decaps,652080
1356,hybrid,fixed,decaps,657460
1357,hybrid,fixed,decaps,636130
1358,hybrid,fixed,decaps,646550
1359,hybrid,fixed,decaps,668530
1360,hybrid,fixed,decaps,631371
1361,hybrid,fixed,decaps,675283
1362,hybrid,fixed,decaps,647912
1363,hybrid,fixed,decaps,627274
1364,hybrid,fixed,decaps,643233
1365,hybrid,fixed,decaps,735576
1366,hybrid,fixed,decaps,694990
1367,hybrid,fixed,decaps,745766
1368,hybrid,fixed,decaps,770922
1369,hybrid,fixed,decaps,674001
1370,hybrid,fixed,decaps,641000
1371,hybrid,fixed,decaps,689370
1372,hybrid,fixed,decaps,657981
1373,hybrid,fixed,decaps,633846
1374,hybrid,fixed,decaps,750805
1375,hybrid,fixed,decaps,672629
1376,hybrid,fixed,decaps,655877
1377,hybrid,fixed,decaps,622445
1378,hybrid,fixed,decaps,632053
1379,hybrid,fixed,decaps,758089
1380,hybrid,fixed,decaps,723534
1381,hybrid,fixed,decaps,693988
1382,hybrid,fixed,decaps,643484
1383,hybrid,fixed,decaps,685312
1384,hybrid,fixed,decaps,688678
1385,hybrid,fixed,decaps,669523
1386,hybrid,fixed,decaps,664142
1387,hybrid,fixed,decaps,687807
1388,hybrid,fixed,decaps,685763
1389,hybrid,fixed,decaps,648093
1390,hybrid,fixed,decaps,685252
1391,hybrid,fixed,decaps,757468
1392,hybrid,fixed,decaps,688879
1393,hybrid,fixed,decaps,693779
1394,hybrid,fixed,decaps,665175
1395,hybrid,fixed,decaps,687276
1396,hybrid,fixed,decaps,670605
1397,hybrid,fixed,decaps,673550
1398,hybrid,fixed,decaps,693688
1399,hybrid,fixed,decaps,735907
1400,hybrid,fixed,decaps,651879
1401,hybrid,fixed,decaps,665625
1402,hybrid,fixed,decaps,660395
1403,hybrid,fixed,decaps,705690
1404,hybrid,fixed,decaps,797202
1405,hybrid,fixed,decaps,722492
1406,hybrid,fixed,decaps,749112
1407,hybrid,fixed,decaps,688959
1408,hybrid,fixed,decaps,640979
1409,hybrid,fixed,decaps,722321
1410,hybrid,fixed,decaps,676386
1411,hybrid,fixed,decaps,639737
1412,hybrid,fixed,decaps,742369
1413,hybrid,fixed,decaps,766074
1414,hybrid,fixed,decaps,846093
1415,hybrid,fixed,decaps,664142
1416,hybrid,fixed,decaps,692696
1417,hybrid,fixed,decaps,687736
1418,hybrid,fixed,decaps,656729
1419,hybrid,fixed,decaps,647591
1420,hybrid,fixed,decaps,644706
1421,hybrid,fixed,decaps,639997
1422,hybrid,fixed,decaps,633756
1423,hybrid,fixed,decaps,644356
1424,hybrid,fixed,decaps,686815
1425,hybrid,fixed,decaps,642522
1426,hybrid,fixed,decaps,640799
1427,hybrid,fixed,decaps,628706
1428,hybrid,fixed,decaps,664083
1429,hybrid,fixed,decaps,979472
1430,hybrid,fixed,decaps,629588
1431,hybrid,fixed,decaps,639296
1432,hybrid,fixed,decaps,657270
1433,hybrid,fixed,decaps,660095
1434,hybrid,fixed,decaps,667960
1435,hybrid,fixed,decaps,639256
1436,hybrid,fixed,decaps,643694
1437,hybrid,fixed,decaps,626412
1438,hybrid,fixed,decaps,648363
1439,hybrid,fixed,decaps,661548
1440,hybrid,fixed,decaps,841223
1441,hybrid,fixed,decaps,767316
1442,hybrid,fixed,decaps,650567
1443,hybrid,fixed,decaps,787473
1444,hybrid,fixed,decaps,765222
1445,hybrid,fixed,decaps,628385
1446,hybrid,fixed,decaps,857614
1447,hybrid,fixed,decaps,700961
1448,hybrid,fixed,decaps,728142
1449,hybrid,fixed,decaps,668310
1450,hybrid,fixed,decaps,671156
1451,hybrid,fixed,decaps,741116
1452,hybrid,fixed,decaps,641591
1453,hybrid,fixed,decaps,709818
1454,hybrid,fixed,decaps,708686
1455,hybrid,fixed,decaps,696884
1456,hybrid,fixed,decaps,645568
1457,hybrid,fixed,decaps,670915
1458,hybrid,fixed,decaps,720718
1459,hybrid,fixed,decaps,675815
1460,hybrid,fixed,decaps,699710
1461,hybrid,fixed,decaps,793765
1462,hybrid,fixed,decaps,657049
1463,hybrid,fixed,decaps,730727
1464,hybrid,fixed,decaps,678730
1465,hybrid,fixed,decaps,805337
1466,hybrid,fixed,decaps,846814
1467,hybrid,fixed,decaps,669492
1468,hybrid,fixed,decaps,694349
1469,hybrid,fixed,decaps,679752
1470,hybrid,fixed,decaps,634657
1471,hybrid,fixed,decaps,637363
1472,hybrid,fixed,decaps,658773
1473,hybrid,fixed,decaps,631521
1474,hybrid,fixed,decaps,624919
1475,hybrid,fixed,decaps,659825
1476,hybrid,fixed,decaps,662379
1477,hybrid,fixed,decaps,650066
1478,hybrid,fixed,decaps,679101
1479,hybrid,fixed,decaps,644285
1480,hybrid,fixed,decaps,680192
1481,hybrid,fixed,decaps,710790
1482,hybrid,fixed,decaps,702825
1483,hybrid,fixed,decaps,672759
1484,hybrid,fixed,decaps,684611
1485,hybrid,fixed,decaps,721601
1486,hybrid,fixed,decaps,698998
1487,hybrid,fixed,decaps,691273
1488,hybrid,fixed,decaps,754121
1489,hybrid,fixed,decaps,731539
1490,hybrid,fixed,decaps,795618
1491,hybrid,fixed,decaps,722673
1492,hybrid,fixed,decaps,671977
1493,hybrid,fixed,decaps,677106
1494,hybrid,fixed,decaps,714006
1495,hybrid,fixed,decaps,667659
1496,hybrid,fixed,decaps,682767
1497,hybrid,fixed,decaps,700711
1498,hybrid,fixed,decaps,692766
1499,hybrid,fixed,decaps,633565
1500,hybrid,fixed,decaps,647351
1501,hybrid,fixed,decaps,636030
1502,hybrid,fixed,decaps,640198
1503,hybrid,fixed,decaps,702494
1504,hybrid,fixed,decaps,732119
1505,hybrid,fixed,decaps,734174
1506,hybrid,fixed,decaps,661198
1507,hybrid,fixed,decaps,623306
1508,hybrid,fixed,decaps,742920
1509,hybrid,fixed,decaps,674282
1510,hybrid,fixed,decaps,682647
1511,hybrid,fixed,decaps,732881
1512,hybrid,fixed,decaps,719186
1513,hybrid,fixed,decaps,718054
1514,hybrid,fixed,decaps,794717
1515,hybrid,fixed,decaps,764270
1516,hybrid,fixed,decaps,757747
1517,hybrid,fixed,decaps,651499
1518,hybrid,fixed,decaps,639938
1519,hybrid,fixed,decaps,727371
1520,hybrid,fixed,decaps,675073
1521,hybrid,fixed,decaps,630279
1522,hybrid,fixed,decaps,622184
1523,hybrid,fixed,decaps,705750
1524,hybrid,fixed,decaps,687527
1525,hybrid,fixed,decaps,672639
1526,hybrid,fixed,decaps,641891
1527,hybrid,fixed,decaps,719246
1528,hybrid,fixed,decaps,721911
1529,hybrid,fixed,decaps,674061
1530,hybrid,fixed,decaps,641711
1531,hybrid,fixed,decaps,677047
1532,hybrid,fixed,decaps,666166
1533,hybrid,fixed,decaps,698086
1534,hybrid,fixed,decaps,687937
1535,hybrid,fixed,decaps,725768
1536,hybrid,fixed,decaps,701964
1537,hybrid,fixed,decaps,681916
1538,hybrid,fixed,decaps,693889
1539,hybrid,fixed,decaps,712383
1540,hybrid,fixed,decaps,652841
1541,hybrid,fixed,decaps,705951
1542,hybrid,fixed,decaps,704629
1543,hybrid,fixed,decaps,687977
1544,hybrid,fixed,decaps,641210
1545,hybrid,fixed,decaps,651469
1546,hybrid,fixed,decaps,631883
1547,hybrid,fixed,decaps,622645
1548,hybrid,fixed,decaps,622585
1549,hybrid,fixed,decaps,639927
1550,hybrid,fixed,decaps,669352
1551,hybrid,fixed,decaps,661117
1552,hybrid,fixed,decaps,810045
1553,hybrid,fixed,decaps,730957
1554,hybrid,fixed,decaps,781512
1555,hybrid,fixed,decaps,714376
1556,hybrid,fixed,decaps,777555
1557,hybrid,fixed,decaps,664443
1558,hybrid,fixed,decaps,704819
1559,hybrid,fixed,decaps,799876
1560,hybrid,fixed,decaps,766434
1561,hybrid,fixed,decaps,656428
1562,hybrid,fixed,decaps,636761
1563,hybrid,fixed,decaps,713555
1564,hybrid,fixed,decaps,892791
1565,hybrid,fixed,decaps,815015
1566,hybrid,fixed,decaps,708285
1567,hybrid,fixed,decaps,766835
1568,hybrid,fixed,decaps,707193
1569,hybrid,fixed,decaps,787424
1570,hybrid,fixed,decaps,659635
1571,hybrid,fixed,decaps,732040
1572,hybrid,fixed,decaps,682887
1573,hybrid,fixed,decaps,672509
1574,hybrid,fixed,decaps,698607
1575,hybrid,fixed,decaps,636441
1576,hybrid,fixed,decaps,667709
1577,hybrid,fixed,decaps,709698
1578,hybrid,fixed,decaps,635198
1579,hybrid,fixed,decaps,626012
1580,hybrid,fixed,decaps,626973
1581,hybrid,fixed,decaps,638584
1582,hybrid,fixed,decaps,639707
1583,hybrid,fixed,decaps,752127
1584,hybrid,fixed,decaps,661237
1585,hybrid,fixed,decaps,656939
1586,hybrid,fixed,decaps,647802
1587,hybrid,fixed,decaps,754692
1588,hybrid,fixed,decaps,662890
1589,hybrid,fixed,decaps,626161
1590,hybrid,fixed,decaps,741959
1591,hybrid,fixed,decaps,690793
1592,hybrid,fixed,decaps,652751
1593,hybrid,fixed,decaps,650256
1594,hybrid,fixed,decaps,692095
1595,hybrid,fixed,decaps,728663
1596,hybrid,fixed,decaps,675434
1597,hybrid,fixed,decaps,737540
1598,hybrid,fixed,decaps,638255
1599,hybrid,fixed,decaps,691965
1600,hybrid,fixed,decaps,695031
1601,hybrid,fixed,decaps,672468
1602,hybrid,fixed,decaps,674512
1603,hybrid,fixed,decaps,637062
1604,hybrid,fixed,decaps,658813
1605,hybrid,fixed,decaps,626682
1606,hybrid,fixed,decaps,632252
1607,hybrid,fixed,decaps,775501
1608,hybrid,fixed,decaps,732700
1609,hybrid,fixed,decaps,634948
1610,hybrid,fixed,decaps,620632
1611,hybrid,fixed,decaps,630830
1612,hybrid,fixed,decaps,665074
1613,hybrid,fixed,decaps,648864
1614,hybrid,fixed,decaps,702384
1615,hybrid,fixed,decaps,624859
1616,hybrid,fixed,decaps,668420
1617,hybrid,fixed,decaps,639596
1618,hybrid,fixed,decaps,625590
1619,hybrid,fixed,decaps,626712
1620,hybrid,fixed,decaps,622725
1621,hybrid,fixed,decaps,625851
1622,hybrid,fixed,decaps,634096
1623,hybrid,fixed,decaps,664333
1624,hybrid,fixed,decaps,695200
1625,hybrid,fixed,decaps,644336
1626,hybrid,fixed,decaps,638214
1627,hybrid,fixed,decaps,688458
1628,hybrid,fixed,decaps,635559
1629,hybrid,fixed,decaps,621864
1630,hybrid,fixed,decaps,629458
1631,hybrid,fixed,decaps,626161
1632,hybrid,fixed,decaps,692605
1633,hybrid,fixed,decaps,635299
1634,hybrid,fixed,decaps,629087
1635,hybrid,fixed,decaps,633816
1636,hybrid,fixed,decaps,674742
1637,hybrid,fixed,decaps,692185
1638,hybrid,fixed,decaps,655647
1639,hybrid,fixed,decaps,641110
1640,hybrid,fixed,decaps,664122
1641,hybrid,fixed,decaps,682988
1642,hybrid,fixed,decaps,660666
1643,hybrid,fixed,decaps,637774
1644,hybrid,fixed,decaps,628766
1645,hybrid,fixed,decaps,627554
1646,hybrid,fixed,decaps,628766
1647,hybrid,fixed,decaps,620662
1648,hybrid,fixed,decaps,682607
1649,hybrid,fixed,decaps,624799
1650,hybrid,fixed,decaps,624839
1651,hybrid,fixed,decaps,634557
1652,hybrid,fixed,decaps,618266
1653,hybrid,fixed,decaps,630309
1654,hybrid,fixed,decaps,628586
1655,hybrid,fixed,decaps,623887
1656,hybrid,fixed,decaps,724535
1657,hybrid,fixed,decaps,672358
1658,hybrid,fixed,decaps,653954
1659,hybrid,fixed,decaps,635659
1660,hybrid,fixed,decaps,652130
1661,hybrid,fixed,decaps,621763
1662,hybrid,fixed,decaps,617025
1663,hybrid,fixed,decaps,652561
1664,hybrid,fixed,decaps,708615
1665,hybrid,fixed,decaps,621242
1666,hybrid,fixed,decaps,660175
1667,hybrid,fixed,decaps,614500
1668,hybrid,fixed,decaps,629228
1669,hybrid,fixed,decaps,636431
1670,hybrid,fixed,decaps,612195
1671,hybrid,fixed,decaps,625801
1672,hybrid,fixed,decaps,662039
1673,hybrid,fixed,decaps,636871
1674,hybrid,fixed,decaps,628265
1675,hybrid,fixed,decaps,632654
1676,hybrid,fixed,decaps,634658
1677,hybrid,fixed,decaps,631522
1678,hybrid,fixed,decaps,635580
1679,hybrid,fixed,decaps,642622
1680,hybrid,fixed,decaps,665515
1681,hybrid,fixed,decaps,620822
1682,hybrid,fixed,decaps,616383
1683,hybrid,fixed,decaps,614309
1684,hybrid,fixed,decaps,632443
1685,hybrid,fixed,decaps,615482
1686,hybrid,fixed,decaps,613989
1687,hybrid,fixed,decaps,625300
1688,hybrid,fixed,decaps,662249
1689,hybrid,fixed,decaps,630349
1690,hybrid,fixed,decaps,636912
1691,hybrid,fixed,decaps,666076
1692,hybrid,fixed,decaps,631662
1693,hybrid,fixed,decaps,655536
1694,hybrid,fixed,decaps,643745
1695,hybrid,fixed,decaps,663892
1696,hybrid,fixed,decaps,616373
1697,hybrid,fixed,decaps,614940
1698,hybrid,fixed,decaps,615952
1699,hybrid,fixed,decaps,642392
1700,hybrid,fixed,decaps,627915
1701,hybrid,fixed,decaps,621733
1702,hybrid,fixed,decaps,632192
1703,hybrid,fixed,decaps,616042
1704,hybrid,fixed,decaps,677437
1705,hybrid,fixed,decaps,672037
1706,hybrid,fixed,decaps,711962
1707,hybrid,fixed,decaps,620832
1708,hybrid,fixed,decaps,615021
1709,hybrid,fixed,decaps,614079
1710,hybrid,fixed,decaps,621703
1711,hybrid,fixed,decaps,678850
1712,hybrid,fixed,decaps,671326
1713,hybrid,fixed,decaps,619499
1714,hybrid,fixed,decaps,611785
1715,hybrid,fixed,decaps,612196
1716,hybrid,fixed,decaps,623096
1717,hybrid,fixed,decaps,673289
1718,hybrid,fixed,decaps,619008
1719,hybrid,fixed,decaps,614189
1720,hybrid,fixed,decaps,662119
1721,hybrid,fixed,decaps,631732
1722,hybrid,fixed,decaps,661528
1723,hybrid,fixed,decaps,648233
1724,hybrid,fixed,decaps,611474
1725,hybrid,fixed,decaps,621022
1726,hybrid,fixed,decaps,640738
1727,hybrid,fixed,decaps,615001
1728,hybrid,fixed,decaps,669242
1729,hybrid,fixed,decaps,616404
1730,hybrid,fixed,decaps,616003
1731,hybrid,fixed,decaps,650998
1732,hybrid,fixed,decaps,612376
1733,hybrid,fixed,decaps,611064
1734,hybrid,fixed,decaps,616433
1735,hybrid,fixed,decaps,618257
1736,hybrid,fixed,decaps,672108
1737,hybrid,fixed,decaps,622104
1738,hybrid,fixed,decaps,611053
1739,hybrid,fixed,decaps,641140
1740,hybrid,fixed,decaps,670525
1741,hybrid,fixed,decaps,646409
1742,hybrid,fixed,decaps,660315
1743,hybrid,fixed,decaps,671997
1744,hybrid,fixed,decaps,683679
1745,hybrid,fixed,decaps,614890
1746,hybrid,fixed,decaps,617445
1747,hybrid,fixed,decaps,627855
1748,hybrid,fixed,decaps,608810
1749,hybrid,fixed,decaps,615782
1750,hybrid,fixed,decaps,611303
1751,hybrid,fixed,decaps,610773
1752,hybrid,fixed,decaps,684951
1753,hybrid,fixed,decaps,625991
1754,hybrid,fixed,decaps,611053
1755,hybrid,fixed,decaps,612295
1756,hybrid,fixed,decaps,651669
1757,hybrid,fixed,decaps,681345
1758,hybrid,fixed,decaps,638334
1759,hybrid,fixed,decaps,611615
1760,hybrid,fixed,decaps,678329
1761,hybrid,fixed,decaps,614390
1762,hybrid,fixed,decaps,610352
1763,hybrid,fixed,decaps,648783
1764,hybrid,fixed,decaps,628796
1765,hybrid,fixed,decaps,607166
1766,hybrid,fixed,decaps,609290
1767,hybrid,fixed,decaps,629858
1768,hybrid,fixed,decaps,660956
1769,hybrid,fixed,decaps,628316
1770,hybrid,fixed,decaps,648754
1771,hybrid,fixed,decaps,664393
1772,hybrid,fixed,decaps,728883
1773,hybrid,fixed,decaps,648403
1774,hybrid,fixed,decaps,626823
1775,hybrid,fixed,decaps,611134
1776,hybrid,fixed,decaps,662660
1777,hybrid,fixed,decaps,631993
1778,hybrid,fixed,decaps,629288
1779,hybrid,fixed,decaps,617005
1780,hybrid,fixed,decaps,644716
1781,hybrid,fixed,decaps,622375
1782,hybrid,fixed,decaps,611384
1783,hybrid,fixed,decaps,609791
1784,hybrid,fixed,decaps,665435
1785,hybrid,fixed,decaps,627755
1786,hybrid,fixed,decaps,610993
1787,hybrid,fixed,decaps,606625
1788,hybrid,fixed,decaps,615782
1789,hybrid,fixed,decaps,808874
1790,hybrid,fixed,decaps,687507
1791,hybrid,fixed,decaps,638605
1792,hybrid,fixed,decaps,669803
1793,hybrid,fixed,decaps,623677
1794,hybrid,fixed,decaps,642793
1795,hybrid,fixed,decaps,639566
1796,hybrid,fixed,decaps,613618
1797,hybrid,fixed,decaps,664423
1798,hybrid,fixed,decaps,628456
1799,hybrid,fixed,decaps,628867
1800,hybrid,fixed,decaps,617816
1801,hybrid,fixed,decaps,613067
1802,hybrid,fixed,decaps,615863
1803,hybrid,fixed,decaps,614770
1804,hybrid,fixed,decaps,615481
1805,hybrid,fixed,decaps,611885
1806,hybrid,fixed,decaps,639587
1807,hybrid,fixed,decaps,666787
1808,hybrid,fixed,decaps,618377
1809,hybrid,fixed,decaps,624849
1810,hybrid,fixed,decaps,628606
1811,hybrid,fixed,decaps,622846
1812,hybrid,fixed,decaps,617896
1813,hybrid,fixed,decaps,611454
1814,hybrid,fixed,decaps,610412
1815,hybrid,fixed,decaps,804355
1816,hybrid,fixed,decaps,742159
1817,hybrid,fixed,decaps,651640
1818,hybrid,fixed,decaps,622715
1819,hybrid,fixed,decaps,612466
1820,hybrid,fixed,decaps,639025
1821,hybrid,fixed,decaps,669953
1822,hybrid,fixed,decaps,617846
1823,hybrid,fixed,decaps,649566
1824,hybrid,fixed,decaps,654925
1825,hybrid,fixed,decaps,628065
1826,hybrid,fixed,decaps,609180
1827,hybrid,fixed,decaps,626773
1828,hybrid,fixed,decaps,611605
1829,hybrid,fixed,decaps,616534
1830,hybrid,fixed,decaps,628266
1831,hybrid,fixed,decaps,611294
1832,hybrid,fixed,decaps,634657
1833,hybrid,fixed,decaps,617786
1834,hybrid,fixed,decaps,613078
1835,hybrid,fixed,decaps,616644
1836,hybrid,fixed,decaps,620441
1837,hybrid,fixed,decaps,620010
1838,hybrid,fixed,decaps,612536
1839,hybrid,fixed,decaps,606735
1840,hybrid,fixed,decaps,610472
1841,hybrid,fixed,decaps,788836
1842,hybrid,fixed,decaps,725157
1843,hybrid,fixed,decaps,628977
1844,hybrid,fixed,decaps,616383
1845,hybrid,fixed,decaps,609791
1846,hybrid,fixed,decaps,678089
1847,hybrid,fixed,decaps,614019
1848,hybrid,fixed,decaps,658813
1849,hybrid,fixed,decaps,630430
1850,hybrid,fixed,decaps,652911
1851,hybrid,fixed,decaps,638014
1852,hybrid,fixed,decaps,614660
1853,hybrid,fixed,decaps,629157
1854,hybrid,fixed,decaps,621482
1855,hybrid,fixed,decaps,634527
1856,hybrid,fixed,decaps,635218
1857,hybrid,fixed,decaps,687145
1858,hybrid,fixed,decaps,630720
1859,hybrid,fixed,decaps,616023
1860,hybrid,fixed,decaps,619339
1861,hybrid,fixed,decaps,611384
1862,hybrid,fixed,decaps,630259
1863,hybrid,fixed,decaps,618146
1864,hybrid,fixed,decaps,615001
1865,hybrid,fixed,decaps,642512
1866,hybrid,fixed,decaps,615302
1867,hybrid,fixed,decaps,633345
1868,hybrid,fixed,decaps,788626
1869,hybrid,fixed,decaps,669563
1870,hybrid,fixed,decaps,609520
1871,hybrid,fixed,decaps,609811
1872,hybrid,fixed,decaps,683198
1873,hybrid,fixed,decaps,651118
1874,hybrid,fixed,decaps,614740
1875,hybrid,fixed,decaps,607667
1876,hybrid,fixed,decaps,601164
1877,hybrid,fixed,decaps,607737
1878,hybrid,fixed,decaps,667870
1879,hybrid,fixed,decaps,612035
1880,hybrid,fixed,decaps,612175
1881,hybrid,fixed,decaps,665515
1882,hybrid,fixed,decaps,613037
1883,hybrid,fixed,decaps,634287
1884,hybrid,fixed,decaps,609170
1885,hybrid,fixed,decaps,609040
1886,hybrid,fixed,decaps,620491
1887,hybrid,fixed,decaps,607927
1888,hybrid,fixed,decaps,628366
1889,hybrid,fixed,decaps,636230
1890,hybrid,fixed,decaps,634227
1891,hybrid,fixed,decaps,607868
1892,hybrid,fixed,decaps,617476
1893,hybrid,fixed,decaps,613889
1894,hybrid,fixed,decaps,631662
1895,hybrid,fixed,decaps,639206
1896,hybrid,fixed,decaps,611615
1897,hybrid,fixed,decaps,664944
1898,hybrid,fixed,decaps,628576
1899,hybrid,fixed,decaps,648824
1900,hybrid,fixed,decaps,704187
1901,hybrid,fixed,decaps,662960
1902,hybrid,fixed,decaps,647712
1903,hybrid,fixed,decaps,620982
1904,hybrid,fixed,decaps,631161
1905,hybrid,fixed,decaps,635509
1906,hybrid,fixed,decaps,621062
1907,hybrid,fixed,decaps,661448
1908,hybrid,fixed,decaps,616343
1909,hybrid,fixed,decaps,627424
1910,hybrid,fixed,decaps,615161
1911,hybrid,fixed,decaps,622394
1912,hybrid,fixed,decaps,615071
1913,hybrid,fixed,decaps,685973
1914,hybrid,fixed,decaps,638385
1915,hybrid,fixed,decaps,634386
1916,hybrid,fixed,decaps,612286
1917,hybrid,fixed,decaps,611194
1918,hybrid,fixed,decaps,614059
1919,hybrid,fixed,decaps,611043
1920,hybrid,fixed,decaps,620401
1921,hybrid,fixed,decaps,656388
1922,hybrid,fixed,decaps,651278
1923,hybrid,fixed,decaps,614710
1924,hybrid,fixed,decaps,610042
1925,hybrid,fixed,decaps,620691
1926,hybrid,fixed,decaps,609109
1927,hybrid,fixed,decaps,652511
1928,hybrid,fixed,decaps,618236
1929,hybrid,fixed,decaps,675544
1930,hybrid,fixed,decaps,734915
1931,hybrid,fixed,decaps,628426
1932,hybrid,fixed,decaps,611675
1933,hybrid,fixed,decaps,623256
1934,hybrid,fixed,decaps,616042
1935,hybrid,fixed,decaps,610993
1936,hybrid,fixed,decaps,648804
1937,hybrid,fixed,decaps,659444
1938,hybrid,fixed,decaps,623236
1939,hybrid,fixed,decaps,616103
1940,hybrid,fixed,decaps,611093
1941,hybrid,fixed,decaps,623797
1942,hybrid,fixed,decaps,610612
1943,hybrid,fixed,decaps,610672
1944,hybrid,fixed,decaps,617836
1945,hybrid,fixed,decaps,628777
1946,hybrid,fixed,decaps,628095
1947,hybrid,fixed,decaps,632414
1948,hybrid,fixed,decaps,674502
1949,hybrid,fixed,decaps,615942
1950,hybrid,fixed,decaps,650627
1951,hybrid,fixed,decaps,627133
1952,hybrid,fixed,decaps,655717
1953,hybrid,fixed,decaps,630751
1954,hybrid,fixed,decaps,624198
1955,hybrid,fixed,decaps,648934
1956,hybrid,fixed,decaps,616824
1957,hybrid,fixed,decaps,660356
1958,hybrid,fixed,decaps,662048
1959,hybrid,fixed,decaps,620541
1960,hybrid,fixed,decaps,607085
1961,hybrid,fixed,decaps,606565
1962,hybrid,fixed,decaps,653353
1963,hybrid,fixed,decaps,613948
1964,hybrid,fixed,decaps,608799
1965,hybrid,fixed,decaps,599071
1966,hybrid,fixed,decaps,629808
1967,hybrid,fixed,decaps,616042
1968,hybrid,fixed,decaps,632203
1969,hybrid,fixed,decaps,611555
1970,hybrid,fixed,decaps,661919
1971,hybrid,fixed,decaps,630420
1972,hybrid,fixed,decaps,618727
1973,hybrid,fixed,decaps,633205
1974,hybrid,fixed,decaps,630359
1975,hybrid,fixed,decaps,624980
1976,hybrid,fixed,decaps,631070
1977,hybrid,fixed,decaps,618698
1978,hybrid,fixed,decaps,678660
1979,hybrid,fixed,decaps,668050
1980,hybrid,fixed,decaps,611844
1981,hybrid,fixed,decaps,612306
1982,hybrid,fixed,decaps,615121
1983,hybrid,fixed,decaps,627685
1984,hybrid,fixed,decaps,637934
1985,hybrid,fixed,decaps,633686
1986,hybrid,fixed,decaps,699729
1987,hybrid,fixed,decaps,625270
1988,hybrid,fixed,decaps,632133
1989,hybrid,fixed,decaps,613869
1990,hybrid,fixed,decaps,610953
1991,hybrid,fixed,decaps,613428
1992,hybrid,fixed,decaps,614380
1993,hybrid,fixed,decaps,614830
1994,hybrid,fixed,decaps,640127
1995,hybrid,fixed,decaps,628807
1996,hybrid,fixed,decaps,611104
1997,hybrid,fixed,decaps,610212
1998,hybrid,fixed,decaps,613678
1999,hybrid,fixed,decaps,623517
2000,hybrid,fixed,decaps,616754
2001,hybrid,fixed,decaps,613538
2002,hybrid,fixed,decaps,618617
2003,hybrid,fixed,decaps,631021
2004,hybrid,fixed,decaps,632233
2005,hybrid,fixed,decaps,639517
2006,hybrid,fixed,decaps,682718
2007,hybrid,fixed,decaps,902859
2008,hybrid,fixed,decaps,660736
2009,hybrid,fixed,decaps,646840
2010,hybrid,fixed,decaps,711501
2011,hybrid,fixed,decaps,615110
2012,hybrid,fixed,decaps,613848
2013,hybrid,fixed,decaps,615812
2014,hybrid,fixed,decaps,628546
2015,hybrid,fixed,decaps,615131
2016,hybrid,fixed,decaps,614339
2017,hybrid,fixed,decaps,615722
2018,hybrid,fixed,decaps,668531
2019,hybrid,fixed,decaps,630600
2020,hybrid,fixed,decaps,626583
2021,hybrid,fixed,decaps,607346
2022,hybrid,fixed,decaps,605813
2023,hybrid,fixed,decaps,610302
2024,hybrid,fixed,decaps,648694
2025,hybrid,fixed,decaps,637392
2026,hybrid,fixed,decaps,643203
2027,hybrid,fixed,decaps,666457
2028,hybrid,fixed,decaps,644516
2029,hybrid,fixed,decaps,618337
2030,hybrid,fixed,decaps,634277
2031,hybrid,fixed,decaps,644186
2032,hybrid,fixed,decaps,635098
2033,hybrid,fixed,decaps,614489
2034,hybrid,fixed,decaps,646900
2035,hybrid,fixed,decaps,628506
2036,hybrid,fixed,decaps,613538
2037,hybrid,fixed,decaps,612266
2038,hybrid,fixed,decaps,629889
2039,hybrid,fixed,decaps,617695
2040,hybrid,fixed,decaps,616062
2041,hybrid,fixed,decaps,642743
2042,hybrid,fixed,decaps,643283
2043,hybrid,fixed,decaps,615242
2044,hybrid,fixed,decaps,614149
2045,hybrid,fixed,decaps,615772
2046,hybrid,fixed,decaps,619920
2047,hybrid,fixed,decaps,618587
2048,hybrid,fixed,decaps,616935
2049,hybrid,fixed,decaps,608118
2050,hybrid,fixed,decaps,621072
2051,hybrid,fixed,decaps,637192
2052,hybrid,fixed,decaps,609099
2053,hybrid,fixed,decaps,609159
2054,hybrid,fixed,decaps,708536
2055,hybrid,fixed,decaps,630049
2056,hybrid,fixed,decaps,642482
2057,hybrid,fixed,decaps,636150
2058,hybrid,fixed,decaps,780680
2059,hybrid,fixed,decaps,663421
2060,hybrid,fixed,decaps,608088
2061,hybrid,fixed,decaps,609671
2062,hybrid,fixed,decaps,627484
2063,hybrid,fixed,decaps,618978
2064,hybrid,fixed,decaps,623125
2065,hybrid,fixed,decaps,607837
2066,hybrid,fixed,decaps,610212
2067,hybrid,fixed,decaps,701573
2068,hybrid,fixed,decaps,625550
2069,hybrid,fixed,decaps,612256
2070,hybrid,fixed,decaps,612316
2071,hybrid,fixed,decaps,609361
2072,hybrid,fixed,decaps,643915
2073,hybrid,fixed,decaps,631953
2074,hybrid,fixed,decaps,625480
2075,hybrid,fixed,decaps,660886
2076,hybrid,fixed,decaps,614850
2077,hybrid,fixed,decaps,613969
2078,hybrid,fixed,decaps,723774
2079,hybrid,fixed,decaps,951209
2080,hybrid,fixed,decaps,1065934
2081,hybrid,fixed,decaps,1046518
2082,hybrid,fixed,decaps,1030729
2083,hybrid,fixed,decaps,1015931
2084,hybrid,fixed,decaps,971578
2085,hybrid,fixed,decaps,940710
2086,hybrid,fixed,decaps,973832
2087,hybrid,fixed,decaps,1027653
2088,hybrid,fixed,decaps,1040968
2089,hybrid,fixed,decaps,1010861
2090,hybrid,fixed,decaps,1027913
2091,hybrid,fixed,decaps,998558
2092,hybrid,fixed,decaps,1000973
2093,hybrid,fixed,decaps,1035477
2094,hybrid,fixed,decaps,1033423
2095,hybrid,fixed,decaps,1020039
2096,hybrid,fixed,decaps,1044605
2097,hybrid,fixed,decaps,1080311
2098,hybrid,fixed,decaps,1080141
2099,hybrid,fixed,decaps,1063380
2100,hybrid,fixed,decaps,1009569
2101,hybrid,fixed,decaps,1016662
2102,hybrid,fixed,decaps,999681
2103,hybrid,fixed,decaps,1072516
2104,hybrid,fixed,decaps,992857
2105,hybrid,fixed,decaps,989782
2106,hybrid,fixed,decaps,1045586
2107,hybrid,fixed,decaps,1143579
2108,hybrid,fixed,decaps,1097663
2109,hybrid,fixed,decaps,1080933
2110,hybrid,fixed,decaps,1155051
2111,hybrid,fixed,decaps,1062398
2112,hybrid,fixed,decaps,874326
2113,hybrid,fixed,decaps,698026
2114,hybrid,fixed,decaps,708235
2115,hybrid,fixed,decaps,672258
2116,hybrid,fixed,decaps,698186
2117,hybrid,fixed,decaps,880037
2118,hybrid,fixed,decaps,952943
2119,hybrid,fixed,decaps,623236
2120,hybrid,fixed,decaps,718635
2121,hybrid,fixed,decaps,710970
2122,hybrid,fixed,decaps,622384
2123,hybrid,fixed,decaps,653773
2124,hybrid,fixed,decaps,644747
2125,hybrid,fixed,decaps,695642
2126,hybrid,fixed,decaps,630329
2127,hybrid,fixed,decaps,593670
2128,hybrid,fixed,decaps,611714
2129,hybrid,fixed,decaps,619810
2130,hybrid,fixed,decaps,606965
2131,hybrid,fixed,decaps,607777
2132,hybrid,fixed,decaps,648733
2133,hybrid,fixed,decaps,869497
2134,hybrid,fixed,decaps,797231
2135,hybrid,fixed,decaps,841204
2136,hybrid,fixed,decaps,870558
2137,hybrid,fixed,decaps,871731
2138,hybrid,fixed,decaps,827317
2139,hybrid,fixed,decaps,826306
2140,hybrid,fixed,decaps,736938
2141,hybrid,fixed,decaps,742298
2142,hybrid,fixed,decaps,798043
2143,hybrid,fixed,decaps,646900
2144,hybrid,fixed,decaps,607026
2145,hybrid,fixed,decaps,594251
2146,hybrid,fixed,decaps,689199
2147,hybrid,fixed,decaps,604030
2148,hybrid,fixed,decaps,612586
2149,hybrid,fixed,decaps,600413
2150,hybrid,fixed,decaps,743250
2151,hybrid,fixed,decaps,636772
2152,hybrid,fixed,decaps,617685
2153,hybrid,fixed,decaps,605944
2154,hybrid,fixed,decaps,647081
2155,hybrid,fixed,decaps,624839
2156,hybrid,fixed,decaps,610001
2157,hybrid,fixed,decaps,699448
2158,hybrid,fixed,decaps,650888
2159,hybrid,fixed,decaps,610312
2160,hybrid,fixed,decaps,621873
2161,hybrid,fixed,decaps,648874
2162,hybrid,fixed,decaps,655597
2163,hybrid,fixed,decaps,615732
2164,hybrid,fixed,decaps,615822
2165,hybrid,fixed,decaps,613158
2166,hybrid,fixed,decaps,615732
2167,hybrid,fixed,decaps,633485
2168,hybrid,fixed,decaps,626983
2169,hybrid,fixed,decaps,612626
2170,hybrid,fixed,decaps,722221
2171,hybrid,fixed,decaps,657550
2172,hybrid,fixed,decaps,634447
2173,hybrid,fixed,decaps,644005
2174,hybrid,fixed,decaps,647802
2175,hybrid,fixed,decaps,620171
2176,hybrid,fixed,decaps,618337
2177,hybrid,fixed,decaps,620951
2178,hybrid,fixed,decaps,677818
2179,hybrid,fixed,decaps,631301
2180,hybrid,fixed,decaps,614760
2181,hybrid,fixed,decaps,614089
2182,hybrid,fixed,decaps,624188
2183,hybrid,fixed,decaps,727582
2184,hybrid,fixed,decaps,754302
2185,hybrid,fixed,decaps,639757
2186,hybrid,fixed,decaps,678881
2187,hybrid,fixed,decaps,656307
2188,hybrid,fixed,decaps,653943
2189,hybrid,fixed,decaps,651600
2190,hybrid,fixed,decaps,632583
2191,hybrid,fixed,decaps,620791
2192,hybrid,fixed,decaps,615602
2193,hybrid,fixed,decaps,623286
2194,hybrid,fixed,decaps,632603
2195,hybrid,fixed,decaps,637102
2196,hybrid,fixed,decaps,635650
2197,hybrid,fixed,decaps,617395
2198,hybrid,fixed,decaps,629878
2199,hybrid,fixed,decaps,616513
2200,hybrid,fixed,decaps,651679
2201,hybrid,fixed,decaps,615773
2202,hybrid,fixed,decaps,656368
2203,hybrid,fixed,decaps,629027
2204,hybrid,fixed,decaps,624779
2205,hybrid,fixed,decaps,619329
2206,hybrid,fixed,decaps,617074
2207,hybrid,fixed,decaps,649335
2208,hybrid,fixed,decaps,632073
2209,hybrid,fixed,decaps,674171
2210,hybrid,fixed,decaps,674672
2211,hybrid,fixed,decaps,621843
2212,hybrid,fixed,decaps,621292
2213,hybrid,fixed,decaps,609791
2214,hybrid,fixed,decaps,628356
2215,hybrid,fixed,decaps,620652
2216,hybrid,fixed,decaps,615061
2217,hybrid,fixed,decaps,667650
2218,hybrid,fixed,decaps,685653
2219,hybrid,fixed,decaps,618257
2220,hybrid,fixed,decaps,609219
2221,hybrid,fixed,decaps,674091
2222,hybrid,fixed,decaps,610292
2223,hybrid,fixed,decaps,609000
2224,hybrid,fixed,decaps,614580
2225,hybrid,fixed,decaps,639346
2226,hybrid,fixed,decaps,677357
2227,hybrid,fixed,decaps,624999
2228,hybrid,fixed,decaps,612957
2229,hybrid,fixed,decaps,617445
2230,hybrid,fixed,decaps,634307
2231,hybrid,fixed,decaps,610833
2232,hybrid,fixed,decaps,614009
2233,hybrid,fixed,decaps,619830
2234,hybrid,fixed,decaps,754080
2235,hybrid,fixed,decaps,659524
2236,hybrid,fixed,decaps,643293
2237,hybrid,fixed,decaps,648704
2238,hybrid,fixed,decaps,611895
2239,hybrid,fixed,decaps,660546
2240,hybrid,fixed,decaps,652180
2241,hybrid,fixed,decaps,620872
2242,hybrid,fixed,decaps,634407
2243,hybrid,fixed,decaps,642402
2244,hybrid,fixed,decaps,634206
2245,hybrid,fixed,decaps,645929
2246,hybrid,fixed,decaps,617806
2247,hybrid,fixed,decaps,623226
2248,hybrid,fixed,decaps,656498
2249,hybrid,fixed,decaps,643834
2250,hybrid,fixed,decaps,665716
2251,hybrid,fixed,decaps,673981
2252,hybrid,fixed,decaps,624849
2253,hybrid,fixed,decaps,613027
2254,hybrid,fixed,decaps,614539
2255,hybrid,fixed,decaps,626081
2256,hybrid,fixed,decaps,636531
2257,hybrid,fixed,decaps,651879
2258,hybrid,fixed,decaps,742339
2259,hybrid,fixed,decaps,632834
2260,hybrid,fixed,decaps,615632
2261,hybrid,fixed,decaps,726379
2262,hybrid,fixed,decaps,644776
2263,hybrid,fixed,decaps,615521
2264,hybrid,fixed,decaps,617445
2265,hybrid,fixed,decaps,646409
2266,hybrid,fixed,decaps,755223
2267,hybrid,fixed,decaps,620972
2268,hybrid,fixed,decaps,609049
2269,hybrid,fixed,decaps,609801
2270,hybrid,fixed,decaps,606996
2271,hybrid,fixed,decaps,622866
2272,hybrid,fixed,decaps,631652
2273,hybrid,fixed,decaps,654054
2274,hybrid,fixed,decaps,730166
2275,hybrid,fixed,decaps,622785
2276,hybrid,fixed,decaps,636211
2277,hybrid,fixed,decaps,621874
2278,hybrid,fixed,decaps,632464
2279,hybrid,fixed,decaps,613879
2280,hybrid,fixed,decaps,612606
2281,hybrid,fixed,decaps,610773
2282,hybrid,fixed,decaps,636401
2283,hybrid,fixed,decaps,638966
2284,hybrid,fixed,decaps,668511
2285,hybrid,fixed,decaps,627013
2286,hybrid,fixed,decaps,710189
2287,hybrid,fixed,decaps,667559
2288,hybrid,fixed,decaps,639667
2289,hybrid,fixed,decaps,619700
2290,hybrid,fixed,decaps,738001
2291,hybrid,fixed,decaps,659955
2292,hybrid,fixed,decaps,630841
2293,hybrid,fixed,decaps,617045
2294,hybrid,fixed,decaps,706422
2295,hybrid,fixed,decaps,622856
2296,hybrid,fixed,decaps,632463
2297,hybrid,fixed,decaps,619920
2298,hybrid,fixed,decaps,611064
2299,hybrid,fixed,decaps,616995
2300,hybrid,fixed,decaps,648584
2301,hybrid,fixed,decaps,619760
2302,hybrid,fixed,decaps,623676
2303,hybrid,fixed,decaps,613568
2304,hybrid,fixed,decaps,740366
2305,hybrid,fixed,decaps,770973
2306,hybrid,fixed,decaps,656699
2307,hybrid,fixed,decaps,630620
2308,hybrid,fixed,decaps,618287
2309,hybrid,fixed,decaps,638234
2310,hybrid,fixed,decaps,627413
2311,hybrid,fixed,decaps,626692
2312,hybrid,fixed,decaps,634928
2313,hybrid,fixed,decaps,720909
2314,hybrid,fixed,decaps,778807
2315,hybrid,fixed,decaps,651349
2316,hybrid,fixed,decaps,618156
2317,hybrid,fixed,decaps,636300
2318,hybrid,fixed,decaps,616123
2319,hybrid,fixed,decaps,614430
2320,hybrid,fixed,decaps,606274
2321,hybrid,fixed,decaps,638935
2322,hybrid,fixed,decaps,637041
2323,hybrid,fixed,decaps,633415
2324,hybrid,fixed,decaps,633716
2325,hybrid,fixed,decaps,633465
2326,hybrid,fixed,decaps,659885
2327,hybrid,fixed,decaps,647412
2328,hybrid,fixed,decaps,642242
2329,hybrid,fixed,decaps,655336
2330,hybrid,fixed,decaps,617285
2331,hybrid,fixed,decaps,619789
2332,hybrid,fixed,decaps,614229
2333,hybrid,fixed,decaps,697626
2334,hybrid,fixed,decaps,662971
2335,hybrid,fixed,decaps,635819
2336,hybrid,fixed,decaps,620060
2337,hybrid,fixed,decaps,631842
2338,hybrid,fixed,decaps,639417
2339,hybrid,fixed,decaps,668261
2340,hybrid,fixed,decaps,852114
2341,hybrid,fixed,decaps,658612
2342,hybrid,fixed,decaps,682647
2343,hybrid,fixed,decaps,640107
2344,hybrid,fixed,decaps,623937
2345,hybrid,fixed,decaps,642462
2346,hybrid,fixed,decaps,657279
2347,hybrid,fixed,decaps,620340
2348,hybrid,fixed,decaps,628165
2349,hybrid,fixed,decaps,662419
2350,hybrid,fixed,decaps,618798
2351,hybrid,fixed,decaps,632143
2352,hybrid,fixed,decaps,614900
2353,hybrid,fixed,decaps,632955
2354,hybrid,fixed,decaps,641650
2355,hybrid,fixed,decaps,608648
2356,hybrid,fixed,decaps,610081
2357,hybrid,fixed,decaps,611634
2358,hybrid,fixed,decaps,636390
2359,hybrid,fixed,decaps,641020
2360,hybrid,fixed,decaps,616043
2361,hybrid,fixed,decaps,661819
2362,hybrid,fixed,decaps,612746
2363,hybrid,fixed,decaps,616112
2364,hybrid,fixed,decaps,630640
2365,hybrid,fixed,decaps,639546
2366,hybrid,fixed,decaps,808282
2367,hybrid,fixed,decaps,661087
2368,hybrid,fixed,decaps,713685
2369,hybrid,fixed,decaps,645487
2370,hybrid,fixed,decaps,613047
2371,hybrid,fixed,decaps,615411
2372,hybrid,fixed,decaps,610312
2373,hybrid,fixed,decaps,611655
2374,hybrid,fixed,decaps,620321
2375,hybrid,fixed,decaps,609521
2376,hybrid,fixed,decaps,662840
2377,hybrid,fixed,decaps,697896
2378,hybrid,fixed,decaps,657961
2379,hybrid,fixed,decaps,623096
2380,hybrid,fixed,decaps,636621
2381,hybrid,fixed,decaps,614209
2382,hybrid,fixed,decaps,689680
2383,hybrid,fixed,decaps,636440
2384,hybrid,fixed,decaps,619800
2385,hybrid,fixed,decaps,661237
2386,hybrid,fixed,decaps,618317
2387,hybrid,fixed,decaps,614911
2388,hybrid,fixed,decaps,626633
2389,hybrid,fixed,decaps,620190
2390,hybrid,fixed,decaps,673931
2391,hybrid,fixed,decaps,663311
2392,hybrid,fixed,decaps,773567
2393,hybrid,fixed,decaps,802271
2394,hybrid,fixed,decaps,714757
2395,hybrid,fixed,decaps,674091
2396,hybrid,fixed,decaps,654394
2397,hybrid,fixed,decaps,651840
2398,hybrid,fixed,decaps,621703
2399,hybrid,fixed,decaps,618187
2400,hybrid,fixed,decaps,630430
2401,hybrid,fixed,decaps,620110
2402,hybrid,fixed,decaps,677627
2403,hybrid,fixed,decaps,639807
2404,hybrid,fixed,decaps,634087
2405,hybrid,fixed,decaps,643705
2406,hybrid,fixed,decaps,758639
2407,hybrid,fixed,decaps,641400
2408,hybrid,fixed,decaps,631501
2409,hybrid,fixed,decaps,671176
2410,hybrid,fixed,decaps,644586
2411,hybrid,fixed,decaps,633255
2412,hybrid,fixed,decaps,622705
2413,hybrid,fixed,decaps,628326
2414,hybrid,fixed,decaps,641891
2415,hybrid,fixed,decaps,656618
2416,hybrid,fixed,decaps,799986
2417,hybrid,fixed,decaps,813131
2418,hybrid,fixed,decaps,702484
2419,hybrid,fixed,decaps,733322
2420,hybrid,fixed,decaps,689320
2421,hybrid,fixed,decaps,630290
2422,hybrid,fixed,decaps,632844
2423,hybrid,fixed,decaps,702544
2424,hybrid,fixed,decaps,649144
2425,hybrid,fixed,decaps,651729
2426,hybrid,fixed,decaps,655917
2427,hybrid,fixed,decaps,647301
2428,hybrid,fixed,decaps,631031
2429,hybrid,fixed,decaps,626833
2430,hybrid,fixed,decaps,657040
2431,hybrid,fixed,decaps,691354
2432,hybrid,fixed,decaps,650166
2433,hybrid,fixed,decaps,778717
2434,hybrid,fixed,decaps,650697
2435,hybrid,fixed,decaps,656518
2436,hybrid,fixed,decaps,638023
2437,hybrid,fixed,decaps,631151
2438,hybrid,fixed,decaps,687897
2439,hybrid,fixed,decaps,644526
2440,hybrid,fixed,decaps,695411
2441,hybrid,fixed,decaps,655736
2442,hybrid,fixed,decaps,637263
2443,hybrid,fixed,decaps,669703
2444,hybrid,fixed,decaps,633024
2445,hybrid,fixed,decaps,649976
2446,hybrid,fixed,decaps,667228
2447,hybrid,fixed,decaps,649445
2448,hybrid,fixed,decaps,632303
2449,hybrid,fixed,decaps,634227
2450,hybrid,fixed,decaps,678891
2451,hybrid,fixed,decaps,647151
2452,hybrid,fixed,decaps,640979
2453,hybrid,fixed,decaps,634186
2454,hybrid,fixed,decaps,673510
2455,hybrid,fixed,decaps,655236
2456,hybrid,fixed,decaps,625330
2457,hybrid,fixed,decaps,618167
2458,hybrid,fixed,decaps,631742
2459,hybrid,fixed,decaps,654936
2460,hybrid,fixed,decaps,644105
2461,hybrid,fixed,decaps,626191
2462,hybrid,fixed,decaps,663512
2463,hybrid,fixed,decaps,653593
2464,hybrid,fixed,decaps,636461
2465,hybrid,fixed,decaps,628667
2466,hybrid,fixed,decaps,633545
2467,hybrid,fixed,decaps,620961
2468,hybrid,fixed,decaps,614700
2469,hybrid,fixed,decaps,621382
2470,hybrid,fixed,decaps,723573
2471,hybrid,fixed,decaps,647231
2472,hybrid,fixed,decaps,621653
2473,hybrid,fixed,decaps,614169
2474,hybrid,fixed,decaps,623537
2475,hybrid,fixed,decaps,622725
2476,hybrid,fixed,decaps,627394
2477,hybrid,fixed,decaps,621522
2478,hybrid,fixed,decaps,657530
2479,hybrid,fixed,decaps,618888
2480,hybrid,fixed,decaps,618036
2481,hybrid,fixed,decaps,649265
2482,hybrid,fixed,decaps,626452
2483,hybrid,fixed,decaps,617725
2484,hybrid,fixed,decaps,617195
2485,hybrid,fixed,decaps,616103
2486,hybrid,fixed,decaps,668962
2487,hybrid,fixed,decaps,635099
2488,hybrid,fixed,decaps,735226
2489,hybrid,fixed,decaps,915443
2490,hybrid,fixed,decaps,910684
2491,hybrid,fixed,decaps,942623
2492,hybrid,fixed,decaps,916275
2493,hybrid,fixed,decaps,923779
2494,hybrid,fixed,decaps,837918
2495,hybrid,fixed,decaps,848437
2496,hybrid,fixed,decaps,964815
2497,hybrid,fixed,decaps,928267
2498,hybrid,fixed,decaps,918558
2499,hybrid,fixed,decaps,963863
2500,hybrid,fixed,decaps,968753
2501,hybrid,fixed,decaps,989211
2502,hybrid,fixed,decaps,941332
2503,hybrid,fixed,decaps,894072
2504,hybrid,fixed,decaps,762968
2505,hybrid,fixed,decaps,1004219
2506,hybrid,fixed,decaps,664884
2507,hybrid,fixed,decaps,677006
2508,hybrid,fixed,decaps,812460
2509,hybrid,fixed,decaps,906146
2510,hybrid,fixed,decaps,996424
2511,hybrid,fixed,decaps,979472
2512,hybrid,fixed,decaps,978671
2513,hybrid,fixed,decaps,1029977
2514,hybrid,fixed,decaps,1017624
2515,hybrid,fixed,decaps,769520
2516,hybrid,fixed,decaps,807892
2517,hybrid,fixed,decaps,938185
2518,hybrid,fixed,decaps,989481
2519,hybrid,fixed,decaps,964634
2520,hybrid,fixed,decaps,973341
2521,hybrid,fixed,decaps,927145
2522,hybrid,fixed,decaps,934298
2523,hybrid,fixed,decaps,701012
2524,hybrid,fixed,decaps,734965
2525,hybrid,fixed,decaps,697865
2526,hybrid,fixed,decaps,659114
2527,hybrid,fixed,decaps,705741
2528,hybrid,fixed,decaps,654955
2529,hybrid,fixed,decaps,684711
2530,hybrid,fixed,decaps,680674
2531,hybrid,fixed,decaps,650978
2532,hybrid,fixed,decaps,709507
2533,hybrid,fixed,decaps,697745
2534,hybrid,fixed,decaps,678389
2535,hybrid,fixed,decaps,694840
2536,hybrid,fixed,decaps,673821
2537,hybrid,fixed,decaps,643734
2538,hybrid,fixed,decaps,650006
2539,hybrid,fixed,decaps,631832
2540,hybrid,fixed,decaps,727752
2541,hybrid,fixed,decaps,652110
2542,hybrid,fixed,decaps,692335
2543,hybrid,fixed,decaps,673680
2544,hybrid,fixed,decaps,636981
2545,hybrid,fixed,decaps,630700
2546,hybrid,fixed,decaps,630800
2547,hybrid,fixed,decaps,645508
2548,hybrid,fixed,decaps,635980
2549,hybrid,fixed,decaps,653763
2550,hybrid,fixed,decaps,689170
2551,hybrid,fixed,decaps,641420
2552,hybrid,fixed,decaps,633736
2553,hybrid,fixed,decaps,644175
2554,hybrid,fixed,decaps,756195
2555,hybrid,fixed,decaps,961139
2556,hybrid,fixed,decaps,751096
2557,hybrid,fixed,decaps,759842
2558,hybrid,fixed,decaps,683248
2559,hybrid,fixed,decaps,791591
2560,hybrid,fixed,decaps,652501
2561,hybrid,fixed,decaps,666096
2562,hybrid,fixed,decaps,676145
2563,hybrid,fixed,decaps,708957
2564,hybrid,fixed,decaps,693077
2565,hybrid,fixed,decaps,782254
2566,hybrid,fixed,decaps,685212
2567,hybrid,fixed,decaps,681334
2568,hybrid,fixed,decaps,697004
2569,hybrid,fixed,decaps,951801
2570,hybrid,fixed,decaps,658292
2571,hybrid,fixed,decaps,759161
2572,hybrid,fixed,decaps,678500
2573,hybrid,fixed,decaps,652671
2574,hybrid,fixed,decaps,652350
2575,hybrid,fixed,decaps,655466
2576,hybrid,fixed,decaps,652310
2577,hybrid,fixed,decaps,660485
2578,hybrid,fixed,decaps,745294
2579,hybrid,fixed,decaps,846313
2580,hybrid,fixed,decaps,773057
2581,hybrid,fixed,decaps,676176
2582,hybrid,fixed,decaps,684742
2583,hybrid,fixed,decaps,646570
2584,hybrid,fixed,decaps,639647
2585,hybrid,fixed,decaps,658693
2586,hybrid,fixed,decaps,721119
2587,hybrid,fixed,decaps,705059
2588,hybrid,fixed,decaps,639216
2589,hybrid,fixed,decaps,645988
2590,hybrid,fixed,decaps,652481
2591,hybrid,fixed,decaps,654214
2592,hybrid,fixed,decaps,652501
2593,hybrid,fixed,decaps,624418
2594,hybrid,fixed,decaps,693047
2595,hybrid,fixed,decaps,626593
2596,hybrid,fixed,decaps,650527
2597,hybrid,fixed,decaps,624889
2598,hybrid,fixed,decaps,624318
2599,hybrid,fixed,decaps,622805
2600,hybrid,fixed,decaps,622885
2601,hybrid,fixed,decaps,622725
2602,hybrid,fixed,decaps,781923
2603,hybrid,fixed,decaps,633696
2604,hybrid,fixed,decaps,665766
2605,hybrid,fixed,decaps,723143
2606,hybrid,fixed,decaps,663362
2607,hybrid,fixed,decaps,623887
2608,hybrid,fixed,decaps,626913
2609,hybrid,fixed,decaps,666197
2610,hybrid,fixed,decaps,624979
2611,hybrid,fixed,decaps,627585
2612,hybrid,fixed,decaps,639397
2613,hybrid,fixed,decaps,633125
2614,hybrid,fixed,decaps,701061
2615,hybrid,fixed,decaps,637563
2616,hybrid,fixed,decaps,625430
2617,hybrid,fixed,decaps,704258
2618,hybrid,fixed,decaps,636852
2619,hybrid,fixed,decaps,630440
2620,hybrid,fixed,decaps,627464
2621,hybrid,fixed,decaps,623797
2622,hybrid,fixed,decaps,661928
2623,hybrid,fixed,decaps,620030
2624,hybrid,fixed,decaps,623427
2625,hybrid,fixed,decaps,664644
2626,hybrid,fixed,decaps,710028
2627,hybrid,fixed,decaps,668370
2628,hybrid,fixed,decaps,666627
2629,hybrid,fixed,decaps,640578
2630,hybrid,fixed,decaps,676135
2631,hybrid,fixed,decaps,804355
2632,hybrid,fixed,decaps,674813
2633,hybrid,fixed,decaps,667940
2634,hybrid,fixed,decaps,651919
2635,hybrid,fixed,decaps,636010
2636,hybrid,fixed,decaps,648463
2637,hybrid,fixed,decaps,653623
2638,hybrid,fixed,decaps,631451
2639,hybrid,fixed,decaps,636871
2640,hybrid,fixed,decaps,667489
2641,hybrid,fixed,decaps,733502
2642,hybrid,fixed,decaps,811148
2643,hybrid,fixed,decaps,644916
2644,hybrid,fixed,decaps,638735
2645,hybrid,fixed,decaps,648383
2646,hybrid,fixed,decaps,643293
2647,hybrid,fixed,decaps,642662
2648,hybrid,fixed,decaps,690602
2649,hybrid,fixed,decaps,640328
2650,hybrid,fixed,decaps,640308
2651,hybrid,fixed,decaps,635208
2652,hybrid,fixed,decaps,679090
2653,hybrid,fixed,decaps,661859
2654,hybrid,fixed,decaps,632363
2655,hybrid,fixed,decaps,631752
2656,hybrid,fixed,decaps,718865
2657,hybrid,fixed,decaps,714727
2658,hybrid,fixed,decaps,639466
2659,hybrid,fixed,decaps,628135
2660,hybrid,fixed,decaps,642492
2661,hybrid,fixed,decaps,629868
2662,hybrid,fixed,decaps,638154
2663,hybrid,fixed,decaps,630400
2664,hybrid,fixed,decaps,626733
2665,hybrid,fixed,decaps,631652
2666,hybrid,fixed,decaps,629057
2667,hybrid,fixed,decaps,635870
2668,hybrid,fixed,decaps,647923
2669,hybrid,fixed,decaps,637072
2670,hybrid,fixed,decaps,654755
2671,hybrid,fixed,decaps,629838
2672,hybrid,fixed,decaps,700621
2673,hybrid,fixed,decaps,629077
2674,hybrid,fixed,decaps,619840
2675,hybrid,fixed,decaps,618397
2676,hybrid,fixed,decaps,634167
2677,hybrid,fixed,decaps,626973
2678,hybrid,fixed,decaps,635138
2679,hybrid,fixed,decaps,624749
2680,hybrid,fixed,decaps,663131
2681,hybrid,fixed,decaps,624268
2682,hybrid,fixed,decaps,631922
2683,hybrid,fixed,decaps,637233
2684,hybrid,fixed,decaps,632514
2685,hybrid,fixed,decaps,631402
2686,hybrid,fixed,decaps,636070
2687,hybrid,fixed,decaps,628326
2688,hybrid,fixed,decaps,733282
2689,hybrid,fixed,decaps,630410
2690,hybrid,fixed,decaps,652992
2691,hybrid,fixed,decaps,615722
2692,hybrid,fixed,decaps,613107
2693,hybrid,fixed,decaps,637854
2694,hybrid,fixed,decaps,627785
2695,hybrid,fixed,decaps,615512
2696,hybrid,fixed,decaps,681936
2697,hybrid,fixed,decaps,652150
2698,hybrid,fixed,decaps,618286
2699,hybrid,fixed,decaps,633866
2700,hybrid,fixed,decaps,619990
2701,hybrid,fixed,decaps,618918
2702,hybrid,fixed,decaps,618267
2703,hybrid,fixed,decaps,619368
2704,hybrid,fixed,decaps,706622
2705,hybrid,fixed,decaps,661147
2706,hybrid,fixed,decaps,655055
2707,hybrid,fixed,decaps,620191
2708,hybrid,fixed,decaps,638705
2709,hybrid,fixed,decaps,643133
2710,hybrid,fixed,decaps,615031
2711,hybrid,fixed,decaps,611484
2712,hybrid,fixed,decaps,675524
2713,hybrid,fixed,decaps,613698
2714,hybrid,fixed,decaps,655336
2715,hybrid,fixed,decaps,651429
2716,hybrid,fixed,decaps,629989
2717,hybrid,fixed,decaps,614419
2718,hybrid,fixed,decaps,616854
2719,hybrid,fixed,decaps,623126
2720,hybrid,fixed,decaps,662048
2721,hybrid,fixed,decaps,628806
2722,hybrid,fixed,decaps,647000
2723,hybrid,fixed,decaps,663592
2724,hybrid,fixed,decaps,652240
2725,hybrid,fixed,decaps,660445
2726,hybrid,fixed,decaps,619539
2727,hybrid,fixed,decaps,618256
2728,hybrid,fixed,decaps,649204
2729,hybrid,fixed,decaps,619940
2730,hybrid,fixed,decaps,666126
2731,hybrid,fixed,decaps,623366
2732,hybrid,fixed,decaps,626502
2733,hybrid,fixed,decaps,619610
2734,hybrid,fixed,decaps,652942
2735,hybrid,fixed,decaps,647853
2736,hybrid,fixed,decaps,673470
2737,hybrid,fixed,decaps,619799
2738,hybrid,fixed,decaps,615000
2739,hybrid,fixed,decaps,645187
2740,hybrid,fixed,decaps,642833
2741,hybrid,fixed,decaps,617927
2742,hybrid,fixed,decaps,618888
2743,hybrid,fixed,decaps,623857
2744,hybrid,fixed,decaps,666367
2745,hybrid,fixed,decaps,614580
2746,hybrid,fixed,decaps,647251
2747,hybrid,fixed,decaps,615532
2748,hybrid,fixed,decaps,615963
2749,hybrid,fixed,decaps,610252
2750,hybrid,fixed,decaps,650137
2751,hybrid,fixed,decaps,638063
2752,hybrid,fixed,decaps,672068
2753,hybrid,fixed,decaps,616543
2754,hybrid,fixed,decaps,612746
2755,hybrid,fixed,decaps,611464
2756,hybrid,fixed,decaps,635560
2757,hybrid,fixed,decaps,625270
2758,hybrid,fixed,decaps,612706
2759,hybrid,fixed,decaps,619039
2760,hybrid,fixed,decaps,663081
2761,hybrid,fixed,decaps,631652
2762,hybrid,fixed,decaps,614149
2763,hybrid,fixed,decaps,608018
2764,hybrid,fixed,decaps,613568
2765,hybrid,fixed,decaps,632143
2766,hybrid,fixed,decaps,612516
2767,hybrid,fixed,decaps,621973
2768,hybrid,fixed,decaps,632714
2769,hybrid,fixed,decaps,653502
2770,hybrid,fixed,decaps,659333
2771,hybrid,fixed,decaps,639607
2772,hybrid,fixed,decaps,638595
2773,hybrid,fixed,decaps,660215
2774,hybrid,fixed,decaps,609470
2775,hybrid,fixed,decaps,607015
2776,hybrid,fixed,decaps,637823
2777,hybrid,fixed,decaps,656298
2778,hybrid,fixed,decaps,632132
2779,hybrid,fixed,decaps,612346
2780,hybrid,fixed,decaps,610342
2781,hybrid,fixed,decaps,615241
2782,hybrid,fixed,decaps,640138
2783,hybrid,fixed,decaps,628956
2784,hybrid,fixed,decaps,634237
2785,hybrid,fixed,decaps,660426
2786,hybrid,fixed,decaps,619749
2787,hybrid,fixed,decaps,625760
2788,hybrid,fixed,decaps,641420
2789,hybrid,fixed,decaps,687797
2790,hybrid,fixed,decaps,711491
2791,hybrid,fixed,decaps,634507
2792,hybrid,fixed,decaps,639166
2793,hybrid,fixed,decaps,643644
2794,hybrid,fixed,decaps,623376
2795,hybrid,fixed,decaps,660756
2796,hybrid,fixed,decaps,636882
2797,hybrid,fixed,decaps,631822
2798,hybrid,fixed,decaps,644886
2799,hybrid,fixed,decaps,617846
2800,hybrid,fixed,decaps,702124
2801,hybrid,fixed,decaps,634458
2802,hybrid,fixed,decaps,628516
2803,hybrid,fixed,decaps,662620
2804,hybrid,fixed,decaps,622004
2805,hybrid,fixed,decaps,614229
2806,hybrid,fixed,decaps,629147
2807,hybrid,fixed,decaps,622836
2808,hybrid,fixed,decaps,625000
2809,hybrid,fixed,decaps,656078
2810,hybrid,fixed,decaps,650787
2811,hybrid,fixed,decaps,619178
2812,hybrid,fixed,decaps,624408
2813,hybrid,fixed,decaps,703226
2814,hybrid,fixed,decaps,686184
2815,hybrid,fixed,decaps,646018
2816,hybrid,fixed,decaps,645598
2817,hybrid,fixed,decaps,635409
2818,hybrid,fixed,decaps,659885
2819,hybrid,fixed,decaps,650887
2820,hybrid,fixed,decaps,794617
2821,hybrid,fixed,decaps,672779
2822,hybrid,fixed,decaps,628526
2823,hybrid,fixed,decaps,622284
2824,hybrid,fixed,decaps,691544
2825,hybrid,fixed,decaps,655697
2826,hybrid,fixed,decaps,707875
2827,hybrid,fixed,decaps,656418
2828,hybrid,fixed,decaps,631181
2829,hybrid,fixed,decaps,652530
2830,hybrid,fixed,decaps,625199
2831,hybrid,fixed,decaps,624368
2832,hybrid,fixed,decaps,657420
2833,hybrid,fixed,decaps,643985
2834,hybrid,fixed,decaps,697975
2835,hybrid,fixed,decaps,674121
2836,hybrid,fixed,decaps,643404
2837,hybrid,fixed,decaps,619789
2838,hybrid,fixed,decaps,699749
2839,hybrid,fixed,decaps,762757
2840,hybrid,fixed,decaps,629928
2841,hybrid,fixed,decaps,616002
2842,hybrid,fixed,decaps,624618
2843,hybrid,fixed,decaps,620611
2844,hybrid,fixed,decaps,642001
2845,hybrid,fixed,decaps,615332
2846,hybrid,fixed,decaps,621132
2847,hybrid,fixed,decaps,638465
2848,hybrid,fixed,decaps,664995
2849,hybrid,fixed,decaps,653693
2850,hybrid,fixed,decaps,646269
2851,hybrid,fixed,decaps,619259
2852,hybrid,fixed,decaps,625330
2853,hybrid,fixed,decaps,627825
2854,hybrid,fixed,decaps,638885
2855,hybrid,fixed,decaps,650447
2856,hybrid,fixed,decaps,625561
2857,hybrid,fixed,decaps,649966
2858,hybrid,fixed,decaps,697205
2859,hybrid,fixed,decaps,625630
2860,hybrid,fixed,decaps,652100
2861,hybrid,fixed,decaps,648053
2862,hybrid,fixed,decaps,621423
2863,hybrid,fixed,decaps,678239
2864,hybrid,fixed,decaps,670955
2865,hybrid,fixed,decaps,679792
2866,hybrid,fixed,decaps,620882
2867,hybrid,fixed,decaps,615021
2868,hybrid,fixed,decaps,619429
2869,hybrid,fixed,decaps,620902
2870,hybrid,fixed,decaps,642282
2871,hybrid,fixed,decaps,725859
2872,hybrid,fixed,decaps,669202
2873,hybrid,fixed,decaps,683840
2874,hybrid,fixed,decaps,632514
2875,hybrid,fixed,decaps,640429
2876,hybrid,fixed,decaps,615923
2877,hybrid,fixed,decaps,624288
2878,hybrid,fixed,decaps,621272
2879,hybrid,fixed,decaps,681895
2880,hybrid,fixed,decaps,662580
2881,hybrid,fixed,decaps,633926
2882,hybrid,fixed,decaps,611875
2883,hybrid,fixed,decaps,610392
2884,hybrid,fixed,decaps,611564
2885,hybrid,fixed,decaps,641431
2886,hybrid,fixed,decaps,608208
2887,hybrid,fixed,decaps,650296
2888,hybrid,fixed,decaps,672668
2889,hybrid,fixed,decaps,619920
2890,hybrid,fixed,decaps,648874
2891,hybrid,fixed,decaps,650807
2892,hybrid,fixed,decaps,622525
2893,hybrid,fixed,decaps,676095
2894,hybrid,fixed,decaps,640499
2895,hybrid,fixed,decaps,641000
2896,hybrid,fixed,decaps,664162
2897,hybrid,fixed,decaps,665435
2898,hybrid,fixed,decaps,638555
2899,hybrid,fixed,decaps,631041
2900,hybrid,fixed,decaps,623237
2901,hybrid,fixed,decaps,631872
2902,hybrid,fixed,decaps,638815
2903,hybrid,fixed,decaps,685192
2904,hybrid,fixed,decaps,625130
2905,hybrid,fixed,decaps,622845
2906,hybrid,fixed,decaps,785850
2907,hybrid,fixed,decaps,645688
2908,hybrid,fixed,decaps,628627
2909,hybrid,fixed,decaps,618948
2910,hybrid,fixed,decaps,618026
2911,hybrid,fixed,decaps,675574
2912,hybrid,fixed,decaps,680342
2913,hybrid,fixed,decaps,622975
2914,hybrid,fixed,decaps,621282
2915,hybrid,fixed,decaps,621783
2916,hybrid,fixed,decaps,652941
2917,hybrid,fixed,decaps,638164
2918,hybrid,fixed,decaps,670174
2919,hybrid,fixed,decaps,694901
2920,hybrid,fixed,decaps,625480
2921,hybrid,fixed,decaps,641049
2922,hybrid,fixed,decaps,623025
2923,hybrid,fixed,decaps,647611
2924,hybrid,fixed,decaps,651158
2925,hybrid,fixed,decaps,646570
2926,hybrid,fixed,decaps,621613
2927,hybrid,fixed,decaps,704789
2928,hybrid,fixed,decaps,677968
2929,hybrid,fixed,decaps,635338
2930,hybrid,fixed,decaps,618818
2931,hybrid,fixed,decaps,618578
2932,hybrid,fixed,decaps,638575
2933,hybrid,fixed,decaps,626963
2934,hybrid,fixed,decaps,627524
2935,hybrid,fixed,decaps,682717
2936,hybrid,fixed,decaps,625661
2937,hybrid,fixed,decaps,636451
2938,hybrid,fixed,decaps,626622
2939,hybrid,fixed,decaps,621563
2940,hybrid,fixed,decaps,625110
2941,hybrid,fixed,decaps,650678
2942,hybrid,fixed,decaps,688508
2943,hybrid,fixed,decaps,698326
2944,hybrid,fixed,decaps,623396
2945,hybrid,fixed,decaps,623878
2946,hybrid,fixed,decaps,618287
2947,hybrid,fixed,decaps,641180
2948,hybrid,fixed,decaps,619068
2949,hybrid,fixed,decaps,620301
2950,hybrid,fixed,decaps,620391
2951,hybrid,fixed,decaps,661117
2952,hybrid,fixed,decaps,620240
2953,hybrid,fixed,decaps,636561
2954,hybrid,fixed,decaps,628636
2955,hybrid,fixed,decaps,625049
2956,hybrid,fixed,decaps,633956
2957,hybrid,fixed,decaps,643063
2958,hybrid,fixed,decaps,636461
2959,hybrid,fixed,decaps,665825
2960,hybrid,fixed,decaps,623988
2961,hybrid,fixed,decaps,633014
2962,hybrid,fixed,decaps,764370
2963,hybrid,fixed,decaps,666126
2964,hybrid,fixed,decaps,632343
2965,hybrid,fixed,decaps,670765
2966,hybrid,fixed,decaps,646370
2967,hybrid,fixed,decaps,683389
2968,hybrid,fixed,decaps,688027
2969,hybrid,fixed,decaps,643093
2970,hybrid,fixed,decaps,634978
2971,hybrid,fixed,decaps,635058
2972,hybrid,fixed,decaps,640478
2973,hybrid,fixed,decaps,651179
2974,hybrid,fixed,decaps,629969
2975,hybrid,fixed,decaps,694159
2976,hybrid,fixed,decaps,632182
2977,hybrid,fixed,decaps,650858
2978,hybrid,fixed,decaps,669152
2979,hybrid,fixed,decaps,633174
2980,hybrid,fixed,decaps,628065
2981,hybrid,fixed,decaps,643194
2982,hybrid,fixed,decaps,629387
2983,hybrid,fixed,decaps,684450
2984,hybrid,fixed,decaps,616033
2985,hybrid,fixed,decaps,609370
2986,hybrid,fixed,decaps,608950
2987,hybrid,fixed,decaps,613929
2988,hybrid,fixed,decaps,613809
2989,hybrid,fixed,decaps,626342
2990,hybrid,fixed,decaps,702174
2991,hybrid,fixed,decaps,685302
2992,hybrid,fixed,decaps,633505
2993,hybrid,fixed,decaps,614359
2994,hybrid,fixed,decaps,625861
2995,hybrid,fixed,decaps,644907
2996,hybrid,fixed,decaps,632714
2997,hybrid,fixed,decaps,609921
2998,hybrid,fixed,decaps,608118
2999,hybrid,fixed,decaps,647091
3000,hybrid,fixed,decaps,622214
3001,hybrid,fixed,decaps,612526
3002,hybrid,fixed,decaps,610322
3003,hybrid,fixed,decaps,618847
3004,hybrid,fixed,decaps,632603
3005,hybrid,fixed,decaps,618427
3006,hybrid,fixed,decaps,613588
3007,hybrid,fixed,decaps,707814
3008,hybrid,fixed,decaps,635619
3009,hybrid,fixed,decaps,618848
3010,hybrid,fixed,decaps,631051
3011,hybrid,fixed,decaps,617966
3012,hybrid,fixed,decaps,617986
3013,hybrid,fixed,decaps,613828
3014,hybrid,fixed,decaps,815756
3015,hybrid,fixed,decaps,756295
3016,hybrid,fixed,decaps,722401
3017,hybrid,fixed,decaps,631041
3018,hybrid,fixed,decaps,628656
3019,hybrid,fixed,decaps,616804
3020,hybrid,fixed,decaps,656478
3021,hybrid,fixed,decaps,620982
3022,hybrid,fixed,decaps,652792
3023,hybrid,fixed,decaps,652080
3024,hybrid,fixed,decaps,619559
3025,hybrid,fixed,decaps,626202
3026,hybrid,fixed,decaps,616233
3027,hybrid,fixed,decaps,613958
3028,hybrid,fixed,decaps,650287
3029,hybrid,fixed,decaps,628366
3030,hybrid,fixed,decaps,642903
3031,hybrid,fixed,decaps,649956
3032,hybrid,fixed,decaps,631501
3033,hybrid,fixed,decaps,636040
3034,hybrid,fixed,decaps,619348
3035,hybrid,fixed,decaps,632103
3036,hybrid,fixed,decaps,626432
3037,hybrid,fixed,decaps,636100
3038,hybrid,fixed,decaps,616954
3039,hybrid,fixed,decaps,680563
3040,hybrid,fixed,decaps,764250
3041,hybrid,fixed,decaps,667699
3042,hybrid,fixed,decaps,636130
3043,hybrid,fixed,decaps,618748
3044,hybrid,fixed,decaps,623938
3045,hybrid,fixed,decaps,673090
3046,hybrid,fixed,decaps,685413
3047,hybrid,fixed,decaps,716881
3048,hybrid,fixed,decaps,631701
3049,hybrid,fixed,decaps,627214
3050,hybrid,fixed,decaps,616704
3051,hybrid,fixed,decaps,632263
3052,hybrid,fixed,decaps,618687
3053,hybrid,fixed,decaps,614730
3054,hybrid,fixed,decaps,636280
3055,hybrid,fixed,decaps,658372
3056,hybrid,fixed,decaps,670655
3057,hybrid,fixed,decaps,648974
3058,hybrid,fixed,decaps,618858
3059,hybrid,fixed,decaps,858206
3060,hybrid,fixed,decaps,663862
3061,hybrid,fixed,decaps,655537
3062,hybrid,fixed,decaps,696173
3063,hybrid,fixed,decaps,616855
3064,hybrid,fixed,decaps,615051
3065,hybrid,fixed,decaps,685603
3066,hybrid,fixed,decaps,759962
3067,hybrid,fixed,decaps,713375
3068,hybrid,fixed,decaps,662911
3069,hybrid,fixed,decaps,648454
3070,hybrid,fixed,decaps,687647
3071,hybrid,fixed,decaps,644155
3072,hybrid,fixed,decaps,623366
3073,hybrid,fixed,decaps,670164
3074,hybrid,fixed,decaps,623707
3075,hybrid,fixed,decaps,617105
3076,hybrid,fixed,decaps,637292
3077,hybrid,fixed,decaps,647612
3078,hybrid,fixed,decaps,736427
3079,hybrid,fixed,decaps,635329
3080,hybrid,fixed,decaps,622315
3081,hybrid,fixed,decaps,649395
3082,hybrid,fixed,decaps,622715
3083,hybrid,fixed,decaps,624910
3084,hybrid,fixed,decaps,628947
3085,hybrid,fixed,decaps,642052
3086,hybrid,fixed,decaps,678219
3087,hybrid,fixed,decaps,648313
3088,hybrid,fixed,decaps,620401
3089,hybrid,fixed,decaps,623917
3090,hybrid,fixed,decaps,802571
3091,hybrid,fixed,decaps,637904
3092,hybrid,fixed,decaps,686565
3093,hybrid,fixed,decaps,858296
3094,hybrid,fixed,decaps,796320
3095,hybrid,fixed,decaps,632503
3096,hybrid,fixed,decaps,705249
3097,hybrid,fixed,decaps,638514
3098,hybrid,fixed,decaps,618026
3099,hybrid,fixed,decaps,655256
3100,hybrid,fixed,decaps,621503
3101,hybrid,fixed,decaps,623537
3102,hybrid,fixed,decaps,653223
3103,hybrid,fixed,decaps,626282
3104,hybrid,fixed,decaps,756185
3105,hybrid,fixed,decaps,620882
3106,hybrid,fixed,decaps,643934
3107,hybrid,fixed,decaps,615322
3108,hybrid,fixed,decaps,658652
3109,hybrid,fixed,decaps,629087
3110,hybrid,fixed,decaps,618808
3111,hybrid,fixed,decaps,626863
3112,hybrid,fixed,decaps,623186
3113,hybrid,fixed,decaps,626913
3114,hybrid,fixed,decaps,621793
3115,hybrid,fixed,decaps,624578
3116,hybrid,fixed,decaps,840713
3117,hybrid,fixed,decaps,722712
3118,hybrid,fixed,decaps,814974
3119,hybrid,fixed,decaps,687286
3120,hybrid,fixed,decaps,627985
3121,hybrid,fixed,decaps,704288
3122,hybrid,fixed,decaps,653633
3123,hybrid,fixed,decaps,613719
3124,hybrid,fixed,decaps,650196
3125,hybrid,fixed,decaps,613638
3126,hybrid,fixed,decaps,629428
3127,hybrid,fixed,decaps,645458
3128,hybrid,fixed,decaps,619218
3129,hybrid,fixed,decaps,632513
3130,hybrid,fixed,decaps,614450
3131,hybrid,fixed,decaps,625501
3132,hybrid,fixed,decaps,645798
3133,hybrid,fixed,decaps,651789
3134,hybrid,fixed,decaps,629989
3135,hybrid,fixed,decaps,620562
3136,hybrid,fixed,decaps,617626
3137,hybrid,fixed,decaps,632133
3138,hybrid,fixed,decaps,621823
3139,hybrid,fixed,decaps,623327
3140,hybrid,fixed,decaps,776814
3141,hybrid,fixed,decaps,655887
3142,hybrid,fixed,decaps,633195
3143,hybrid,fixed,decaps,755945
3144,hybrid,fixed,decaps,838008
3145,hybrid,fixed,decaps,714697
3146,hybrid,fixed,decaps,911405
3147,hybrid,fixed,decaps,926373
3148,hybrid,fixed,decaps,947703
3149,hybrid,fixed,decaps,986546
3150,hybrid,fixed,decaps,977419
3151,hybrid,fixed,decaps,952452
3152,hybrid,fixed,decaps,960517
3153,hybrid,fixed,decaps,967921
3154,hybrid,fixed,decaps,962411
3155,hybrid,fixed,decaps,1027693
3156,hybrid,fixed,decaps,1070062
3157,hybrid,fixed,decaps,1013136
3158,hybrid,fixed,decaps,1035368
3159,hybrid,fixed,decaps,1056196
3160,hybrid,fixed,decaps,1021231
3161,hybrid,fixed,decaps,1077946
3162,hybrid,fixed,decaps,1015720
3163,hybrid,fixed,decaps,1067888
3164,hybrid,fixed,decaps,1017874
3165,hybrid,fixed,decaps,1017794
3166,hybrid,fixed,decaps,1050555
3167,hybrid,fixed,decaps,1062037
3168,hybrid,fixed,decaps,1050145
3169,hybrid,fixed,decaps,1076074
3170,hybrid,fixed,decaps,988860
3171,hybrid,fixed,decaps,1012153
3172,hybrid,fixed,decaps,982348
3173,hybrid,fixed,decaps,989992
3174,hybrid,fixed,decaps,989301
3175,hybrid,fixed,decaps,987477
3176,hybrid,fixed,decaps,967460
3177,hybrid,fixed,decaps,929669
3178,hybrid,fixed,decaps,986586
3179,hybrid,fixed,decaps,1006573
3180,hybrid,fixed,decaps,1041549
3181,hybrid,fixed,decaps,975475
3182,hybrid,fixed,decaps,991315
3183,hybrid,fixed,decaps,970346
3184,hybrid,fixed,decaps,931763
3185,hybrid,fixed,decaps,970095
3186,hybrid,fixed,decaps,968993
3187,hybrid,fixed,decaps,875027
3188,hybrid,fixed,decaps,662199
3189,hybrid,fixed,decaps,891818
3190,hybrid,fixed,decaps,819563
3191,hybrid,fixed,decaps,641690
3192,hybrid,fixed,decaps,812670
3193,hybrid,fixed,decaps,952752
3194,hybrid,fixed,decaps,951310
3195,hybrid,fixed,decaps,823831
3196,hybrid,fixed,decaps,651409
3197,hybrid,fixed,decaps,634497
3198,hybrid,fixed,decaps,629137
3199,hybrid,fixed,decaps,646630
3200,hybrid,fixed,decaps,624368
3201,hybrid,fixed,decaps,623276
3202,hybrid,fixed,decaps,623948
3203,hybrid,fixed,decaps,621824
3204,hybrid,fixed,decaps,625691
3205,hybrid,fixed,decaps,619980
3206,hybrid,fixed,decaps,626933
3207,hybrid,fixed,decaps,625180
3208,hybrid,fixed,decaps,714487
3209,hybrid,fixed,decaps,657600
3210,hybrid,fixed,decaps,620802
3211,hybrid,fixed,decaps,624068
3212,hybrid,fixed,decaps,620892
3213,hybrid,fixed,decaps,613567
3214,hybrid,fixed,decaps,625320
3215,hybrid,fixed,decaps,610843
3216,hybrid,fixed,decaps,621232
3217,hybrid,fixed,decaps,629928
3218,hybrid,fixed,decaps,622906
3219,hybrid,fixed,decaps,616263
3220,hybrid,fixed,decaps,626862
3221,hybrid,fixed,decaps,618387
3222,hybrid,fixed,decaps,614470
3223,hybrid,fixed,decaps,617456
3224,hybrid,fixed,decaps,619419
3225,hybrid,fixed,decaps,643955
3226,hybrid,fixed,decaps,649726
3227,hybrid,fixed,decaps,620791
3228,hybrid,fixed,decaps,614299
3229,hybrid,fixed,decaps,615872
3230,hybrid,fixed,decaps,619809
3231,hybrid,fixed,decaps,617866
3232,hybrid,fixed,decaps,610923
3233,hybrid,fixed,decaps,610292
3234,hybrid,fixed,decaps,665445
3235,hybrid,fixed,decaps,631472
3236,hybrid,fixed,decaps,624288
3237,hybrid,fixed,decaps,614420
3238,hybrid,fixed,decaps,613849
3239,hybrid,fixed,decaps,614199
3240,hybrid,fixed,decaps,615261
3241,hybrid,fixed,decaps,620521
3242,hybrid,fixed,decaps,638645
3243,hybrid,fixed,decaps,629517
3244,hybrid,fixed,decaps,615882
3245,hybrid,fixed,decaps,615351
3246,hybrid,fixed,decaps,630589
3247,hybrid,fixed,decaps,614389
3248,hybrid,fixed,decaps,610632
3249,hybrid,fixed,decaps,610693
3250,hybrid,fixed,decaps,626041
3251,hybrid,fixed,decaps,668321
3252,hybrid,fixed,decaps,633615
3253,hybrid,fixed,decaps,612746
3254,hybrid,fixed,decaps,614720
3255,hybrid,fixed,decaps,611504
3256,hybrid,fixed,decaps,610973
3257,hybrid,fixed,decaps,618497
3258,hybrid,fixed,decaps,619069
3259,hybrid,fixed,decaps,670094
3260,hybrid,fixed,decaps,616804
3261,hybrid,fixed,decaps,621723
3262,hybrid,fixed,decaps,634777
3263,hybrid,fixed,decaps,609491
3264,hybrid,fixed,decaps,609801
3265,hybrid,fixed,decaps,623576
3266,hybrid,fixed,decaps,616624
3267,hybrid,fixed,decaps,651800
3268,hybrid,fixed,decaps,622675
3269,hybrid,fixed,decaps,616143
3270,hybrid,fixed,decaps,613959
3271,hybrid,fixed,decaps,610623
3272,hybrid,fixed,decaps,610733
3273,hybrid,fixed,decaps,615272
3274,hybrid,fixed,decaps,610412
3275,hybrid,fixed,decaps,664283
3276,hybrid,fixed,decaps,610182
3277,hybrid,fixed,decaps,610733
3278,hybrid,fixed,decaps,610071
3279,hybrid,fixed,decaps,615461
3280,hybrid,fixed,decaps,688267
3281,hybrid,fixed,decaps,612355
3282,hybrid,fixed,decaps,617075
3283,hybrid,fixed,decaps,643594
3284,hybrid,fixed,decaps,638144
3285,hybrid,fixed,decaps,616403
3286,hybrid,fixed,decaps,657080
3287,hybrid,fixed,decaps,611804
3288,hybrid,fixed,decaps,614049
3289,hybrid,fixed,decaps,622224
3290,hybrid,fixed,decaps,619048
3291,hybrid,fixed,decaps,630098
3292,hybrid,fixed,decaps,629728
3293,hybrid,fixed,decaps,654034
3294,hybrid,fixed,decaps,626943
3295,hybrid,fixed,decaps,621433
3296,hybrid,fixed,decaps,611554
3297,hybrid,fixed,decaps,609941
3298,hybrid,fixed,decaps,609922
3299,hybrid,fixed,decaps,618497
3300,hybrid,fixed,decaps,665746
3301,hybrid,fixed,decaps,616864
3302,hybrid,fixed,decaps,623346
3303,hybrid,fixed,decaps,616764
3304,hybrid,fixed,decaps,617706
3305,hybrid,fixed,decaps,625019
3306,hybrid,fixed,decaps,617265
3307,hybrid,fixed,decaps,614059
3308,hybrid,fixed,decaps,650407
3309,hybrid,fixed,decaps,613318
3310,hybrid,fixed,decaps,616624
3311,hybrid,fixed,decaps,609170
3312,hybrid,fixed,decaps,669101
3313,hybrid,fixed,decaps,611093
3314,hybrid,fixed,decaps,620441
3315,hybrid,fixed,decaps,615692
3316,hybrid,fixed,decaps,669192
3317,hybrid,fixed,decaps,633606
3318,hybrid,fixed,decaps,618237
3319,hybrid,fixed,decaps,610662
3320,hybrid,fixed,decaps,611804
3321,hybrid,fixed,decaps,648092
3322,hybrid,fixed,decaps,625100
3323,hybrid,fixed,decaps,611274
3324,hybrid,fixed,decaps,646891
3325,hybrid,fixed,decaps,633605
3326,hybrid,fixed,decaps,641931
3327,hybrid,fixed,decaps,632623
3328,hybrid,fixed,decaps,613468
3329,hybrid,fixed,decaps,610683
3330,hybrid,fixed,decaps,645869
3331,hybrid,fixed,decaps,643794
3332,hybrid,fixed,decaps,681104
3333,hybrid,fixed,decaps,661307
3334,hybrid,fixed,decaps,621292
3335,hybrid,fixed,decaps,609720
3336,hybrid,fixed,decaps,608488
3337,hybrid,fixed,decaps,624218
3338,hybrid,fixed,decaps,631151
3339,hybrid,fixed,decaps,621903
3340,hybrid,fixed,decaps,669002
3341,hybrid,fixed,decaps,716300
3342,hybrid,fixed,decaps,848397
3343,hybrid,fixed,decaps,675504
3344,hybrid,fixed,decaps,613077
3345,hybrid,fixed,decaps,611535
3346,hybrid,fixed,decaps,611384
3347,hybrid,fixed,decaps,633315
3348,hybrid,fixed,decaps,701102
3349,hybrid,fixed,decaps,635880
3350,hybrid,fixed,decaps,639487
3351,hybrid,fixed,decaps,648012
3352,hybrid,fixed,decaps,630760
3353,hybrid,fixed,decaps,637704
3354,hybrid,fixed,decaps,614159
3355,hybrid,fixed,decaps,606705
3356,hybrid,fixed,decaps,648202
3357,hybrid,fixed,decaps,632713
3358,hybrid,fixed,decaps,607597
3359,hybrid,fixed,decaps,616985
3360,hybrid,fixed,decaps,621143
3361,hybrid,fixed,decaps,610482
3362,hybrid,fixed,decaps,640338
3363,hybrid,fixed,decaps,622645
3364,hybrid,fixed,decaps,693678
3365,hybrid,fixed,decaps,675083
3366,hybrid,fixed,decaps,613217
3367,hybrid,fixed,decaps,619149
3368,hybrid,fixed,decaps,632854
3369,hybrid,fixed,decaps,644295
3370,hybrid,fixed,decaps,611765
3371,hybrid,fixed,decaps,610613
3372,hybrid,fixed,decaps,667810
3373,hybrid,fixed,decaps,643755
3374,hybrid,fixed,decaps,614479
3375,hybrid,fixed,decaps,618748
3376,hybrid,fixed,decaps,616273
3377,hybrid,fixed,decaps,615181
3378,hybrid,fixed,decaps,627083
3379,hybrid,fixed,decaps,616543
3380,hybrid,fixed,decaps,696473
3381,hybrid,fixed,decaps,657290
3382,hybrid,fixed,decaps,621102
3383,hybrid,fixed,decaps,614519
3384,hybrid,fixed,decaps,628586
3385,hybrid,fixed,decaps,637122
3386,hybrid,fixed,decaps,646149
3387,hybrid,fixed,decaps,623847
3388,hybrid,fixed,decaps,758499
3389,hybrid,fixed,decaps,690952
3390,hybrid,fixed,decaps,670264
3391,hybrid,fixed,decaps,632583
3392,hybrid,fixed,decaps,615451
3393,hybrid,fixed,decaps,620110
3394,hybrid,fixed,decaps,628065
3395,hybrid,fixed,decaps,631632
3396,hybrid,fixed,decaps,617114
3397,hybrid,fixed,decaps,621493
3398,hybrid,fixed,decaps,643444
3399,hybrid,fixed,decaps,629728
3400,hybrid,fixed,decaps,622955
3401,hybrid,fixed,decaps,614439
3402,hybrid,fixed,decaps,612726
3403,hybrid,fixed,decaps,611455
3404,hybrid,fixed,decaps,634938
3405,hybrid,fixed,decaps,680984
3406,hybrid,fixed,decaps,621583
3407,hybrid,fixed,decaps,617675
3408,hybrid,fixed,decaps,612766
3409,hybrid,fixed,decaps,622364
3410,hybrid,fixed,decaps,634357
3411,hybrid,fixed,decaps,617455
3412,hybrid,fixed,decaps,641199
3413,hybrid,fixed,decaps,654745
3414,hybrid,fixed,decaps,633034
3415,hybrid,fixed,decaps,690932
3416,hybrid,fixed,decaps,648643
3417,hybrid,fixed,decaps,621423
3418,hybrid,fixed,decaps,623206
3419,hybrid,fixed,decaps,610081
3420,hybrid,fixed,decaps,639557
3421,hybrid,fixed,decaps,615652
3422,hybrid,fixed,decaps,617936
3423,hybrid,fixed,decaps,606905
3424,hybrid,fixed,decaps,606675
3425,hybrid,fixed,decaps,635970
3426,hybrid,fixed,decaps,613848
3427,hybrid,fixed,decaps,610622
3428,hybrid,fixed,decaps,610602
3429,hybrid,fixed,decaps,646239
3430,hybrid,fixed,decaps,639457
3431,hybrid,fixed,decaps,670916
3432,hybrid,fixed,decaps,656188
3433,hybrid,fixed,decaps,619990
3434,hybrid,fixed,decaps,610302
3435,hybrid,fixed,decaps,616233
3436,hybrid,fixed,decaps,634958
3437,hybrid,fixed,decaps,687185
3438,hybrid,fixed,decaps,623407
3439,hybrid,fixed,decaps,637563
3440,hybrid,fixed,decaps,626382
3441,hybrid,fixed,decaps,640439
3442,hybrid,fixed,decaps,609851
3443,hybrid,fixed,decaps,612446
3444,hybrid,fixed,decaps,691574
3445,hybrid,fixed,decaps,632744
3446,hybrid,fixed,decaps,648133
3447,hybrid,fixed,decaps,651409
3448,hybrid,fixed,decaps,610803
3449,hybrid,fixed,decaps,608639
3450,hybrid,fixed,decaps,608339
3451,hybrid,fixed,decaps,627434
3452,hybrid,fixed,decaps,629838
3453,hybrid,fixed,decaps,674712
3454,hybrid,fixed,decaps,620411
3455,hybrid,fixed,decaps,614479
3456,hybrid,fixed,decaps,634817
3457,hybrid,fixed,decaps,632143
3458,hybrid,fixed,decaps,615040
3459,hybrid,fixed,decaps,614580
3460,hybrid,fixed,decaps,611294
3461,hybrid,fixed,decaps,668992
3462,hybrid,fixed,decaps,619168
3463,hybrid,fixed,decaps,684440
3464,hybrid,fixed,decaps,611524
3465,hybrid,fixed,decaps,614460
3466,hybrid,fixed,decaps,643164
3467,hybrid,fixed,decaps,609280
3468,hybrid,fixed,decaps,648824
3469,hybrid,fixed,decaps,778146
3470,hybrid,fixed,decaps,627805
3471,hybrid,fixed,decaps,620310
3472,hybrid,fixed,decaps,614830
3473,hybrid,fixed,decaps,632213
3474,hybrid,fixed,decaps,629388
3475,hybrid,fixed,decaps,608027
3476,hybrid,fixed,decaps,611364
3477,hybrid,fixed,decaps,646890
3478,hybrid,fixed,decaps,666558
3479,hybrid,fixed,decaps,621002
3480,hybrid,fixed,decaps,675805
3481,hybrid,fixed,decaps,630098
3482,hybrid,fixed,decaps,635679
3483,hybrid,fixed,decaps,739965
3484,hybrid,fixed,decaps,625670
3485,hybrid,fixed,decaps,664603
3486,hybrid,fixed,decaps,626452
3487,hybrid,fixed,decaps,624969
3488,hybrid,fixed,decaps,631521
3489,hybrid,fixed,decaps,617585
3490,hybrid,fixed,decaps,717443
3491,hybrid,fixed,decaps,646560
3492,hybrid,fixed,decaps,616193
3493,hybrid,fixed,decaps,620000
3494,hybrid,fixed,decaps,645978
3495,hybrid,fixed,decaps,666176
3496,hybrid,fixed,decaps,663672
3497,hybrid,fixed,decaps,612796
3498,hybrid,fixed,decaps,608098
3499,hybrid,fixed,decaps,652451
3500,hybrid,fixed,decaps,610873
3501,hybrid,fixed,decaps,670464
3502,hybrid,fixed,decaps,610833
3503,hybrid,fixed,decaps,604902
3504,hybrid,fixed,decaps,618878
3505,hybrid,fixed,decaps,606545
3506,hybrid,fixed,decaps,627735
3507,hybrid,fixed,decaps,615412
3508,hybrid,fixed,decaps,634257
3509,hybrid,fixed,decaps,702083
3510,hybrid,fixed,decaps,659294
3511,hybrid,fixed,decaps,635719
3512,hybrid,fixed,decaps,622415
3513,hybrid,fixed,decaps,619138
3514,hybrid,fixed,decaps,666307
3515,hybrid,fixed,decaps,668290
3516,hybrid,fixed,decaps,617084
3517,hybrid,fixed,decaps,634677
3518,hybrid,fixed,decaps,618548
3519,hybrid,fixed,decaps,612716
3520,hybrid,fixed,decaps,628626
3521,hybrid,fixed,decaps,626271
3522,hybrid,fixed,decaps,634948
3523,hybrid,fixed,decaps,634387
3524,hybrid,fixed,decaps,614329
3525,hybrid,fixed,decaps,698667
3526,hybrid,fixed,decaps,639397
3527,hybrid,fixed,decaps,616243
3528,hybrid,fixed,decaps,622585
3529,hybrid,fixed,decaps,613288
3530,hybrid,fixed,decaps,619980
3531,hybrid,fixed,decaps,638014
3532,hybrid,fixed,decaps,608108
3533,hybrid,fixed,decaps,640107
3534,hybrid,fixed,decaps,616424
3535,hybrid,fixed,decaps,607337
3536,hybrid,fixed,decaps,663091
3537,hybrid,fixed,decaps,617866
3538,hybrid,fixed,decaps,614480
3539,hybrid,fixed,decaps,610122
3540,hybrid,fixed,decaps,653473
3541,hybrid,fixed,decaps,668360
3542,hybrid,fixed,decaps,719025
3543,hybrid,fixed,decaps,611614
3544,hybrid,fixed,decaps,606074
3545,hybrid,fixed,decaps,610492
3546,hybrid,fixed,decaps,621002
3547,hybrid,fixed,decaps,675664
3548,hybrid,fixed,decaps,628456
3549,hybrid,fixed,decaps,653492
3550,hybrid,fixed,decaps,621513
3551,hybrid,fixed,decaps,628266
3552,hybrid,fixed,decaps,611184
3553,hybrid,fixed,decaps,615081
3554,hybrid,fixed,decaps,610983
3555,hybrid,fixed,decaps,609360
3556,hybrid,fixed,decaps,610562
3557,hybrid,fixed,decaps,633204
3558,hybrid,fixed,decaps,618427
3559,hybrid,fixed,decaps,613498
3560,hybrid,fixed,decaps,622825
3561,hybrid,fixed,decaps,659694
3562,hybrid,fixed,decaps,626362
3563,hybrid,fixed,decaps,648714
3564,hybrid,fixed,decaps,632003
3565,hybrid,fixed,decaps,610973
3566,hybrid,fixed,decaps,651108
3567,hybrid,fixed,decaps,649135
3568,hybrid,fixed,decaps,621643
3569,hybrid,fixed,decaps,729565
3570,hybrid,fixed,decaps,621143
3571,hybrid,fixed,decaps,627624
3572,hybrid,fixed,decaps,640218
3573,hybrid,fixed,decaps,645007
3574,hybrid,fixed,decaps,617125
3575,hybrid,fixed,decaps,618548
3576,hybrid,fixed,decaps,616223
3577,hybrid,fixed,decaps,611053
3578,hybrid,fixed,decaps,622484
3579,hybrid,fixed,decaps,639536
3580,hybrid,fixed,decaps,609310
3581,hybrid,fixed,decaps,610181
3582,hybrid,fixed,decaps,664673
3583,hybrid,fixed,decaps,628837
3584,hybrid,fixed,decaps,611354
3585,hybrid,fixed,decaps,613277
3586,hybrid,fixed,decaps,611734
3587,hybrid,fixed,decaps,606585
3588,hybrid,fixed,decaps,611324
3589,hybrid,fixed,decaps,640749
3590,hybrid,fixed,decaps,657269
3591,hybrid,fixed,decaps,632604
3592,hybrid,fixed,decaps,618867
3593,hybrid,fixed,decaps,615281
3594,hybrid,fixed,decaps,668350
3595,hybrid,fixed,decaps,661327
3596,hybrid,fixed,decaps,615652
3597,hybrid,fixed,decaps,617645
3598,hybrid,fixed,decaps,614570
3599,hybrid,fixed,decaps,624919
3600,hybrid,fixed,decaps,606926
3601,hybrid,fixed,decaps,623607
3602,hybrid,fixed,decaps,629518
3603,hybrid,fixed,decaps,615091
3604,hybrid,fixed,decaps,654604
3605,hybrid,fixed,decaps,623898
3606,hybrid,fixed,decaps,646119
3607,hybrid,fixed,decaps,627554
3608,hybrid,fixed,decaps,673700
3609,hybrid,fixed,decaps,612005
3610,hybrid,fixed,decaps,617846
3611,hybrid,fixed,decaps,610291
3612,hybrid,fixed,decaps,613879
3613,hybrid,fixed,decaps,613678
3614,hybrid,fixed,decaps,660456
3615,hybrid,fixed,decaps,663912
3616,hybrid,fixed,decaps,628095
3617,hybrid,fixed,decaps,617806
3618,hybrid,fixed,decaps,622134
3619,hybrid,fixed,decaps,617646
3620,hybrid,fixed,decaps,624048
3621,hybrid,fixed,decaps,616223
3622,hybrid,fixed,decaps,642883
3623,hybrid,fixed,decaps,650948
3624,hybrid,fixed,decaps,617315
3625,hybrid,fixed,decaps,641220
3626,hybrid,fixed,decaps,629528
3627,hybrid,fixed,decaps,622445
3628,hybrid,fixed,decaps,623908
3629,hybrid,fixed,decaps,752368
3630,hybrid,fixed,decaps,925872
3631,hybrid,fixed,decaps,900815
3632,hybrid,fixed,decaps,647281
3633,hybrid,fixed,decaps,609209
3634,hybrid,fixed,decaps,612536
3635,hybrid,fixed,decaps,648834
3636,hybrid,fixed,decaps,637613
3637,hybrid,fixed,decaps,607827
3638,hybrid,fixed,decaps,612666
3639,hybrid,fixed,decaps,617124
3640,hybrid,fixed,decaps,622605
3641,hybrid,fixed,decaps,622044
3642,hybrid,fixed,decaps,619058
3643,hybrid,fixed,decaps,623005
3644,hybrid,fixed,decaps,628486
3645,hybrid,fixed,decaps,610453
3646,hybrid,fixed,decaps,636210
3647,hybrid,fixed,decaps,612506
3648,hybrid,fixed,decaps,615242
3649,hybrid,fixed,decaps,619639
3650,hybrid,fixed,decaps,624148
3651,hybrid,fixed,decaps,627334
3652,hybrid,fixed,decaps,630069
3653,hybrid,fixed,decaps,614159
3654,hybrid,fixed,decaps,616212
3655,hybrid,fixed,decaps,609250
3656,hybrid,fixed,decaps,618507
3657,hybrid,fixed,decaps,609971
3658,hybrid,fixed,decaps,609270
3659,hybrid,fixed,decaps,614870
3660,hybrid,fixed,decaps,614630
3661,hybrid,fixed,decaps,613428
3662,hybrid,fixed,decaps,620161
3663,hybrid,fixed,decaps,611284
3664,hybrid,fixed,decaps,630370
3665,hybrid,fixed,decaps,612786
3666,hybrid,fixed,decaps,608418
3667,hybrid,fixed,decaps,655737
3668,hybrid,fixed,decaps,615592
3669,hybrid,fixed,decaps,612446
3670,hybrid,fixed,decaps,623677
3671,hybrid,fixed,decaps,613398
3672,hybrid,fixed,decaps,606906
3673,hybrid,fixed,decaps,619710
3674,hybrid,fixed,decaps,622625
3675,hybrid,fixed,decaps,619058
3676,hybrid,fixed,decaps,606494
3677,hybrid,fixed,decaps,606895
3678,hybrid,fixed,decaps,615842
3679,hybrid,fixed,decaps,669252
3680,hybrid,fixed,decaps,640458
3681,hybrid,fixed,decaps,612586
3682,hybrid,fixed,decaps,619699
3683,hybrid,fixed,decaps,683589
3684,hybrid,fixed,decaps,630890
3685,hybrid,fixed,decaps,624568
3686,hybrid,fixed,decaps,614840
3687,hybrid,fixed,decaps,637002
3688,hybrid,fixed,decaps,627324
3689,hybrid,fixed,decaps,615642
3690,hybrid,fixed,decaps,606605
3691,hybrid,fixed,decaps,614991
3692,hybrid,fixed,decaps,641550
3693,hybrid,fixed,decaps,631802
3694,hybrid,fixed,decaps,639998
3695,hybrid,fixed,decaps,620461
3696,hybrid,fixed,decaps,617445
3697,hybrid,fixed,decaps,611333
3698,hybrid,fixed,decaps,627263
3699,hybrid,fixed,decaps,630319
3700,hybrid,fixed,decaps,620731
3701,hybrid,fixed,decaps,665755
3702,hybrid,fixed,decaps,652210
3703,hybrid,fixed,decaps,624218
3704,hybrid,fixed,decaps,636511
3705,hybrid,fixed,decaps,629458
3706,hybrid,fixed,decaps,650937
3707,hybrid,fixed,decaps,653162
3708,hybrid,fixed,decaps,629668
3709,hybrid,fixed,decaps,626823
3710,hybrid,fixed,decaps,626262
3711,hybrid,fixed,decaps,647451
3712,hybrid,fixed,decaps,628185
3713,hybrid,fixed,decaps,617325
3714,hybrid,fixed,decaps,653112
3715,hybrid,fixed,decaps,630068
3716,hybrid,fixed,decaps,619319
3717,hybrid,fixed,decaps,617936
3718,hybrid,fixed,decaps,614309
3719,hybrid,fixed,decaps,623276
3720,hybrid,fixed,decaps,632063
3721,hybrid,fixed,decaps,630079
3722,hybrid,fixed,decaps,627794
3723,hybrid,fixed,decaps,622875
3724,hybrid,fixed,decaps,626753
3725,hybrid,fixed,decaps,615892
3726,hybrid,fixed,decaps,640248
3727,hybrid,fixed,decaps,624198
3728,hybrid,fixed,decaps,627043
3729,hybrid,fixed,decaps,621673
3730,hybrid,fixed,decaps,620091
3731,hybrid,fixed,decaps,624158
3732,hybrid,fixed,decaps,627965
3733,hybrid,fixed,decaps,731118
3734,hybrid,fixed,decaps,637703
3735,hybrid,fixed,decaps,617425
3736,hybrid,fixed,decaps,642743
3737,hybrid,fixed,decaps,621613
3738,hybrid,fixed,decaps,626382
3739,hybrid,fixed,decaps,619840
3740,hybrid,fixed,decaps,620791
3741,hybrid,fixed,decaps,624728
3742,hybrid,fixed,decaps,615682
3743,hybrid,fixed,decaps,617876
3744,hybrid,fixed,decaps,639176
3745,hybrid,fixed,decaps,622955
3746,hybrid,fixed,decaps,640368
3747,hybrid,fixed,decaps,635369
3748,hybrid,fixed,decaps,673891
3749,hybrid,fixed,decaps,617275
3750,hybrid,fixed,decaps,609170
3751,hybrid,fixed,decaps,637222
3752,hybrid,fixed,decaps,633576
3753,hybrid,fixed,decaps,615001
3754,hybrid,fixed,decaps,612286
3755,hybrid,fixed,decaps,612106
3756,hybrid,fixed,decaps,614620
3757,hybrid,fixed,decaps,637683
3758,hybrid,fixed,decaps,617856
3759,hybrid,fixed,decaps,659324
3760,hybrid,fixed,decaps,638495
3761,hybrid,fixed,decaps,634006
3762,hybrid,fixed,decaps,628596
3763,hybrid,fixed,decaps,611234
3764,hybrid,fixed,decaps,620551
3765,hybrid,fixed,decaps,610893
3766,hybrid,fixed,decaps,608128
3767,hybrid,fixed,decaps,613247
3768,hybrid,fixed,decaps,628676
3769,hybrid,fixed,decaps,653563
3770,hybrid,fixed,decaps,618998
3771,hybrid,fixed,decaps,613989
3772,hybrid,fixed,decaps,646981
3773,hybrid,fixed,decaps,630169
3774,hybrid,fixed,decaps,639877
3775,hybrid,fixed,decaps,615552
3776,hybrid,fixed,decaps,610973
3777,hybrid,fixed,decaps,673490
3778,hybrid,fixed,decaps,641651
3779,hybrid,fixed,decaps,615331
3780,hybrid,fixed,decaps,619750
3781,hybrid,fixed,decaps,632744
3782,hybrid,fixed,decaps,610382
3783,hybrid,fixed,decaps,630410
3784,hybrid,fixed,decaps,644906
3785,hybrid,fixed,decaps,673941
3786,hybrid,fixed,decaps,667268
3787,hybrid,fixed,decaps,614209
3788,hybrid,fixed,decaps,614419
3789,hybrid,fixed,decaps,631892
3790,hybrid,fixed,decaps,609130
3791,hybrid,fixed,decaps,616774
3792,hybrid,fixed,decaps,617145
3793,hybrid,fixed,decaps,652912
3794,hybrid,fixed,decaps,639186
3795,hybrid,fixed,decaps,608007
3796,hybrid,fixed,decaps,623106
3797,hybrid,fixed,decaps,614760
3798,hybrid,fixed,decaps,626652
3799,hybrid,fixed,decaps,617806
3800,hybrid,fixed,decaps,623858
3801,hybrid,fixed,decaps,672108
3802,hybrid,fixed,decaps,613678
3803,hybrid,fixed,decaps,611014
3804,hybrid,fixed,decaps,614209
3805,hybrid,fixed,decaps,628496
3806,hybrid,fixed,decaps,619769
3807,hybrid,fixed,decaps,610111
3808,hybrid,fixed,decaps,620621
3809,hybrid,fixed,decaps,654494
3810,hybrid,fixed,decaps,650297
3811,hybrid,fixed,decaps,626412
3812,hybrid,fixed,decaps,653553
3813,hybrid,fixed,decaps,614019
3814,hybrid,fixed,decaps,606645
3815,hybrid,fixed,decaps,608238
3816,hybrid,fixed,decaps,619740
3817,hybrid,fixed,decaps,656308
3818,hybrid,fixed,decaps,689580
3819,hybrid,fixed,decaps,663742
3820,hybrid,fixed,decaps,615431
3821,hybrid,fixed,decaps,629087
3822,hybrid,fixed,decaps,611034
3823,hybrid,fixed,decaps,616494
3824,hybrid,fixed,decaps,630019
3825,hybrid,fixed,decaps,631181
3826,hybrid,fixed,decaps,860469
3827,hybrid,fixed,decaps,692145
3828,hybrid,fixed,decaps,635359
3829,hybrid,fixed,decaps,619870
3830,hybrid,fixed,decaps,610472
3831,hybrid,fixed,decaps,630600
3832,hybrid,fixed,decaps,643674
3833,hybrid,fixed,decaps,709127
3834,hybrid,fixed,decaps,664573
3835,hybrid,fixed,decaps,608900
3836,hybrid,fixed,decaps,630510
3837,hybrid,fixed,decaps,609641
3838,hybrid,fixed,decaps,693207
3839,hybrid,fixed,decaps,624288
3840,hybrid,fixed,decaps,611605
3841,hybrid,fixed,decaps,625961
3842,hybrid,fixed,decaps,629477
3843,hybrid,fixed,decaps,619339
3844,hybrid,fixed,decaps,614770
3845,hybrid,fixed,decaps,631762
3846,hybrid,fixed,decaps,619008
3847,hybrid,fixed,decaps,637332
3848,hybrid,fixed,decaps,617465
3849,hybrid,fixed,decaps,649325
3850,hybrid,fixed,decaps,622975
3851,hybrid,fixed,decaps,810066
3852,hybrid,fixed,decaps,704939
3853,hybrid,fixed,decaps,626232
3854,hybrid,fixed,decaps,626102
3855,hybrid,fixed,decaps,613097
3856,hybrid,fixed,decaps,615402
3857,hybrid,fixed,decaps,718775
3858,hybrid,fixed,decaps,650247
3859,hybrid,fixed,decaps,626311
3860,hybrid,fixed,decaps,614530
3861,hybrid,fixed,decaps,644666
3862,hybrid,fixed,decaps,652762
3863,hybrid,fixed,decaps,702866
3864,hybrid,fixed,decaps,631802
3865,hybrid,fixed,decaps,650437
3866,hybrid,fixed,decaps,615832
3867,hybrid,fixed,decaps,622816
3868,hybrid,fixed,decaps,610893
3869,hybrid,fixed,decaps,611384
3870,hybrid,fixed,decaps,612386
3871,hybrid,fixed,decaps,640649
3872,hybrid,fixed,decaps,654374
3873,hybrid,fixed,decaps,637052
3874,hybrid,fixed,decaps,629678
3875,hybrid,fixed,decaps,612916
3876,hybrid,fixed,decaps,612255
3877,hybrid,fixed,decaps,625169
3878,hybrid,fixed,decaps,632283
3879,hybrid,fixed,decaps,622555
3880,hybrid,fixed,decaps,645268
3881,hybrid,fixed,decaps,612126
3882,hybrid,fixed,decaps,629047
3883,hybrid,fixed,decaps,634848
3884,hybrid,fixed,decaps,744192
3885,hybrid,fixed,decaps,724716
3886,hybrid,fixed,decaps,621242
3887,hybrid,fixed,decaps,606575
3888,hybrid,fixed,decaps,634547
3889,hybrid,fixed,decaps,683478
3890,hybrid,fixed,decaps,676937
3891,hybrid,fixed,decaps,614439
3892,hybrid,fixed,decaps,609841
3893,hybrid,fixed,decaps,652421
3894,hybrid,fixed,decaps,615422
3895,hybrid,fixed,decaps,659264
3896,hybrid,fixed,decaps,624728
3897,hybrid,fixed,decaps,637343
3898,hybrid,fixed,decaps,640128
3899,hybrid,fixed,decaps,607677
3900,hybrid,fixed,decaps,640258
3901,hybrid,fixed,decaps,614570
3902,hybrid,fixed,decaps,632043
3903,hybrid,fixed,decaps,623367
3904,hybrid,fixed,decaps,664433
3905,hybrid,fixed,decaps,658582
3906,hybrid,fixed,decaps,676445
3907,hybrid,fixed,decaps,629017
3908,hybrid,fixed,decaps,615923
3909,hybrid,fixed,decaps,622144
3910,hybrid,fixed,decaps,734544
3911,hybrid,fixed,decaps,721811
3912,hybrid,fixed,decaps,616313
3913,hybrid,fixed,decaps,656608
3914,hybrid,fixed,decaps,628947
3915,hybrid,fixed,decaps,613277
3916,hybrid,fixed,decaps,659313
3917,hybrid,fixed,decaps,683008
3918,hybrid,fixed,decaps,616374
3919,hybrid,fixed,decaps,619860
3920,hybrid,fixed,decaps,606205
3921,hybrid,fixed,decaps,656098
3922,hybrid,fixed,decaps,640458
3923,hybrid,fixed,decaps,614379
3924,hybrid,fixed,decaps,619829
3925,hybrid,fixed,decaps,609360
3926,hybrid,fixed,decaps,610331
3927,hybrid,fixed,decaps,609851
3928,hybrid,fixed,decaps,605393
3929,hybrid,fixed,decaps,625570
3930,hybrid,fixed,decaps,681946
3931,hybrid,fixed,decaps,618026
3932,hybrid,fixed,decaps,638505
3933,hybrid,fixed,decaps,659153
3934,hybrid,fixed,decaps,604892
3935,hybrid,fixed,decaps,624288
3936,hybrid,fixed,decaps,675163
3937,hybrid,fixed,decaps,705430
3938,hybrid,fixed,decaps,618437
3939,hybrid,fixed,decaps,607296
3940,hybrid,fixed,decaps,669873
3941,hybrid,fixed,decaps,628856
3942,hybrid,fixed,decaps,607747
3943,hybrid,fixed,decaps,630159
3944,hybrid,fixed,decaps,607677
3945,hybrid,fixed,decaps,647902
3946,hybrid,fixed,decaps,625881
3947,hybrid,fixed,decaps,609901
3948,hybrid,fixed,decaps,624558
3949,hybrid,fixed,decaps,628706
3950,hybrid,fixed,decaps,612115
3951,hybrid,fixed,decaps,638094
3952,hybrid,fixed,decaps,626873
3953,hybrid,fixed,decaps,613658
3954,hybrid,fixed,decaps,652871
3955,hybrid,fixed,decaps,651710
3956,hybrid,fixed,decaps,663361
3957,hybrid,fixed,decaps,652571
3958,hybrid,fixed,decaps,632223
3959,hybrid,fixed,decaps,637232
3960,hybrid,fixed,decaps,622615
3961,hybrid,fixed,decaps,645608
3962,hybrid,fixed,decaps,643253
3963,hybrid,fixed,decaps,697555
3964,hybrid,fixed,decaps,679351
3965,hybrid,fixed,decaps,617275
3966,hybrid,fixed,decaps,640429
3967,hybrid,fixed,decaps,613378
3968,hybrid,fixed,decaps,621233
3969,hybrid,fixed,decaps,660556
3970,hybrid,fixed,decaps,632383
3971,hybrid,fixed,decaps,614971
3972,hybrid,fixed,decaps,653433
3973,hybrid,fixed,decaps,613538
3974,hybrid,fixed,decaps,664082
3975,hybrid,fixed,decaps,618667
3976,hybrid,fixed,decaps,619148
3977,hybrid,fixed,decaps,628856
3978,hybrid,fixed,decaps,614981
3979,hybrid,fixed,decaps,617806
3980,hybrid,fixed,decaps,636501
3981,hybrid,fixed,decaps,617265
3982,hybrid,fixed,decaps,628075
3983,hybrid,fixed,decaps,672559
3984,hybrid,fixed,decaps,639166
3985,hybrid,fixed,decaps,644566
3986,hybrid,fixed,decaps,635239
3987,hybrid,fixed,decaps,629187
3988,hybrid,fixed,decaps,653934
3989,hybrid,fixed,decaps,614780
3990,hybrid,fixed,decaps,619419
3991,hybrid,fixed,decaps,612055
3992,hybrid,fixed,decaps,628336
3993,hybrid,fixed,decaps,645809
3994,hybrid,fixed,decaps,644255
3995,hybrid,fixed,decaps,664613
3996,hybrid,fixed,decaps,614420
3997,hybrid,fixed,decaps,614129
3998,hybrid,fixed,decaps,631010
3999,hybrid,fixed,decaps,614089
4000,hybrid,fixed,decaps,609821
4001,hybrid,fixed,decaps,620380
4002,hybrid,fixed,decaps,628045
4003,hybrid,fixed,decaps,611214
4004,hybrid,fixed,decaps,606104
4005,hybrid,fixed,decaps,607536
4006,hybrid,fixed,decaps,604421
4007,hybrid,fixed,decaps,604070
4008,hybrid,fixed,decaps,605733
4009,hybrid,fixed,decaps,650387
4010,hybrid,fixed,decaps,630229
4011,hybrid,fixed,decaps,620451
4012,hybrid,fixed,decaps,607947
4013,hybrid,fixed,decaps,610452
4014,hybrid,fixed,decaps,654275
4015,hybrid,fixed,decaps,670545
4016,hybrid,fixed,decaps,681696
4017,hybrid,fixed,decaps,616183
4018,hybrid,fixed,decaps,624819
4019,hybrid,fixed,decaps,631842
4020,hybrid,fixed,decaps,607647
4021,hybrid,fixed,decaps,613428
4022,hybrid,fixed,decaps,616163
4023,hybrid,fixed,decaps,687276
4024,hybrid,fixed,decaps,624839
4025,hybrid,fixed,decaps,615351
4026,hybrid,fixed,decaps,638424
4027,hybrid,fixed,decaps,628265
4028,hybrid,fixed,decaps,616283
4029,hybrid,fixed,decaps,610542
4030,hybrid,fixed,decaps,622665
4031,hybrid,fixed,decaps,615532
4032,hybrid,fixed,decaps,629869
4033,hybrid,fixed,decaps,620581
4034,hybrid,fixed,decaps,647662
4035,hybrid,fixed,decaps,678880
4036,hybrid,fixed,decaps,837367
4037,hybrid,fixed,decaps,700601
4038,hybrid,fixed,decaps,632483
4039,hybrid,fixed,decaps,611955
4040,hybrid,fixed,decaps,682798
4041,hybrid,fixed,decaps,621212
4042,hybrid,fixed,decaps,610542
4043,hybrid,fixed,decaps,706672
4044,hybrid,fixed,decaps,616794
4045,hybrid,fixed,decaps,635940
4046,hybrid,fixed,decaps,611063
4047,hybrid,fixed,decaps,656227
4048,hybrid,fixed,decaps,616784
4049,hybrid,fixed,decaps,627504
4050,hybrid,fixed,decaps,624459
4051,hybrid,fixed,decaps,668250
4052,hybrid,fixed,decaps,618117
4053,hybrid,fixed,decaps,606595
4054,hybrid,fixed,decaps,628876
4055,hybrid,fixed,decaps,641390
4056,hybrid,fixed,decaps,629127
4057,hybrid,fixed,decaps,611434
4058,hybrid,fixed,decaps,617866
4059,hybrid,fixed,decaps,662760
4060,hybrid,fixed,decaps,681465
4061,hybrid,fixed,decaps,676416
4062,hybrid,fixed,decaps,860751
4063,hybrid,fixed,decaps,658151
4064,hybrid,fixed,decaps,625731
4065,hybrid,fixed,decaps,618227
4066,hybrid,fixed,decaps,667789
4067,hybrid,fixed,decaps,663432
4068,hybrid,fixed,decaps,925131
4069,hybrid,fixed,decaps,657830
4070,hybrid,fixed,decaps,659944
4071,hybrid,fixed,decaps,621934
4072,hybrid,fixed,decaps,718935
4073,hybrid,fixed,decaps,678960
4074,hybrid,fixed,decaps,627754
4075,hybrid,fixed,decaps,632934
4076,hybrid,fixed,decaps,619308
4077,hybrid,fixed,decaps,619399
4078,hybrid,fixed,decaps,614680
4079,hybrid,fixed,decaps,631451
4080,hybrid,fixed,decaps,619609
4081,hybrid,fixed,decaps,623056
4082,hybrid,fixed,decaps,657931
4083,hybrid,fixed,decaps,618057
4084,hybrid,fixed,decaps,651589
4085,hybrid,fixed,decaps,636130
4086,hybrid,fixed,decaps,655777
4087,hybrid,fixed,decaps,829241
4088,hybrid,fixed,decaps,712043
4089,hybrid,fixed,decaps,653853
4090,hybrid,fixed,decaps,617275
4091,hybrid,fixed,decaps,636651
4092,hybrid,fixed,decaps,616013
4093,hybrid,fixed,decaps,614039
4094,hybrid,fixed,decaps,625320
4095,hybrid,fixed,decaps,628656
4096,hybrid,fixed,decaps,619970
4097,hybrid,fixed,decaps,722352
4098,hybrid,fixed,decaps,628716
4099,hybrid,fixed,decaps,610943
4100,hybrid,fixed,decaps,622034
4101,hybrid,fixed,decaps,643684
4102,hybrid,fixed,decaps,615742
4103,hybrid,fixed,decaps,613398
4104,hybrid,fixed,decaps,618307
4105,hybrid,fixed,decaps,614119
4106,hybrid,fixed,decaps,641741
4107,hybrid,fixed,decaps,629878
4108,hybrid,fixed,decaps,614570
4109,hybrid,fixed,decaps,618488
4110,hybrid,fixed,decaps,620411
4111,hybrid,fixed,decaps,633165
4112,hybrid,fixed,decaps,844149
4113,hybrid,fixed,decaps,821517
4114,hybrid,fixed,decaps,719225
4115,hybrid,fixed,decaps,677508
4116,hybrid,fixed,decaps,652571
4117,hybrid,fixed,decaps,685783
4118,hybrid,fixed,decaps,662400
4119,hybrid,fixed,decaps,615261
4120,hybrid,fixed,decaps,627975
4121,hybrid,fixed,decaps,622695
4122,hybrid,fixed,decaps,607476
4123,hybrid,fixed,decaps,648703
4124,hybrid,fixed,decaps,636811
4125,hybrid,fixed,decaps,613999
4126,hybrid,fixed,decaps,606916
4127,hybrid,fixed,decaps,617155
4128,hybrid,fixed,decaps,768268
4129,hybrid,fixed,decaps,691043
4130,hybrid,fixed,decaps,886949
4131,hybrid,fixed,decaps,813302
4132,hybrid,fixed,decaps,670815
4133,hybrid,fixed,decaps,714176
4134,hybrid,fixed,decaps,725548
4135,hybrid,fixed,decaps,798274
4136,hybrid,fixed,decaps,675644
4137,hybrid,fixed,decaps,713154
4138,hybrid,fixed,decaps,761364
4139,hybrid,fixed,decaps,656999
4140,hybrid,fixed,decaps,640499
4141,hybrid,fixed,decaps,647201
4142,hybrid,fixed,decaps,626121
4143,hybrid,fixed,decaps,644466
4144,hybrid,fixed,decaps,618487
4145,hybrid,fixed,decaps,620010
4146,hybrid,fixed,decaps,627675
4147,hybrid,fixed,decaps,619579
4148,hybrid,fixed,decaps,634598
4149,hybrid,fixed,decaps,619540
4150,hybrid,fixed,decaps,613919
4151,hybrid,fixed,decaps,748270
4152,hybrid,fixed,decaps,633525
4153,hybrid,fixed,decaps,619539
4154,hybrid,fixed,decaps,614880
4155,hybrid,fixed,decaps,627674
4156,hybrid,fixed,decaps,630109
4157,hybrid,fixed,decaps,617295
4158,hybrid,fixed,decaps,616033
4159,hybrid,fixed,decaps,667119
4160,hybrid,fixed,decaps,664403
4161,hybrid,fixed,decaps,636471
4162,hybrid,fixed,decaps,660636
4163,hybrid,fixed,decaps,838459
4164,hybrid,fixed,decaps,745415
4165,hybrid,fixed,decaps,620451
4166,hybrid,fixed,decaps,663722
4167,hybrid,fixed,decaps,700931
4168,hybrid,fixed,decaps,624599
4169,hybrid,fixed,decaps,609170
4170,hybrid,fixed,decaps,618217
4171,hybrid,fixed,decaps,627945
4172,hybrid,fixed,decaps,675704
4173,hybrid,fixed,decaps,627904
4174,hybrid,fixed,decaps,629779
4175,hybrid,fixed,decaps,646841
4176,hybrid,fixed,decaps,3813304
4177,hybrid,fixed,decaps,7592115
4178,hybrid,fixed,decaps,8424673
4179,hybrid,fixed,decaps,8946539
4180,hybrid,fixed,decaps,8671755
4181,hybrid,fixed,decaps,8694527
4182,hybrid,fixed,decaps,8739341
4183,hybrid,fixed,decaps,8756063
4184,hybrid,fixed,decaps,8291243
4185,hybrid,fixed,decaps,8481589
4186,hybrid,fixed,decaps,8620599
4187,hybrid,fixed,decaps,7618494
4188,hybrid,fixed,decaps,9211765
4189,hybrid,fixed,decaps,8956948
4190,hybrid,fixed,decaps,8499312
4191,hybrid,fixed,decaps,8518548
4192,hybrid,fixed,decaps,7793391
4193,hybrid,fixed,decaps,9028532
4194,hybrid,fixed,decaps,8625017
4195,hybrid,fixed,decaps,11111369
4196,hybrid,fixed,decaps,11252814
4197,hybrid,fixed,decaps,8535309
4198,hybrid,fixed,decaps,7627541
4199,hybrid,fixed,decaps,8867190
4200,hybrid,fixed,decaps,8093513
4201,hybrid,fixed,decaps,7319945
4202,hybrid,fixed,decaps,8714504
4203,hybrid,fixed,decaps,8473965
4204,hybrid,fixed,decaps,7434670
4205,hybrid,fixed,decaps,7988727
4206,hybrid,fixed,decaps,9114493
4207,hybrid,fixed,decaps,9115976
4208,hybrid,fixed,decaps,8992354
4209,hybrid,fixed,decaps,9137697
4210,hybrid,fixed,decaps,8776541
4211,hybrid,fixed,decaps,6882567
4212,hybrid,fixed,decaps,7619275
4213,hybrid,fixed,decaps,8558362
4214,hybrid,fixed,decaps,7901313
4215,hybrid,fixed,decaps,8992785
4216,hybrid,fixed,decaps,8668619
4217,hybrid,fixed,decaps,8553283
4218,hybrid,fixed,decaps,8912235
4219,hybrid,fixed,decaps,8342057
4220,hybrid,fixed,decaps,8110825
4221,hybrid,fixed,decaps,8543184
4222,hybrid,fixed,decaps,8735373
4223,hybrid,fixed,decaps,7890683
4224,hybrid,fixed,decaps,7806356
4225,hybrid,fixed,decaps,9836364
4226,hybrid,fixed,decaps,11322885
4227,hybrid,fixed,decaps,9740324
4228,hybrid,fixed,decaps,7915700
4229,hybrid,fixed,decaps,8338391
4230,hybrid,fixed,decaps,7848505
4231,hybrid,fixed,decaps,7592235
4232,hybrid,fixed,decaps,7363127
4233,hybrid,fixed,decaps,7976594
4234,hybrid,fixed,decaps,9488413
4235,hybrid,fixed,decaps,9193101
4236,hybrid,fixed,decaps,8602054
4237,hybrid,fixed,decaps,9668700
4238,hybrid,fixed,decaps,8559685
4239,hybrid,fixed,decaps,9315860
4240,hybrid,fixed,decaps,9568653
4241,hybrid,fixed,decaps,9439771
4242,hybrid,fixed,decaps,8984931
4243,hybrid,fixed,decaps,9028943
4244,hybrid,fixed,decaps,9363268
4245,hybrid,fixed,decaps,9269333
4246,hybrid,fixed,decaps,9408072
4247,hybrid,fixed,decaps,9348000
4248,hybrid,fixed,decaps,9230800
4249,hybrid,fixed,decaps,9610350
4250,hybrid,fixed,decaps,9485256
4251,hybrid,fixed,decaps,9405087
4252,hybrid,fixed,decaps,9424002
4253,hybrid,fixed,decaps,9403464
4254,hybrid,fixed,decaps,9173553
4255,hybrid,fixed,decaps,9416097
4256,hybrid,fixed,decaps,9281696
4257,hybrid,fixed,decaps,9577970
4258,hybrid,fixed,decaps,9300210
4259,hybrid,fixed,decaps,9287627
4260,hybrid,fixed,decaps,9341257
4261,hybrid,fixed,decaps,9323053
4262,hybrid,fixed,decaps,9409816
4263,hybrid,fixed,decaps,9296344
4264,hybrid,fixed,decaps,9293578
4265,hybrid,fixed,decaps,9442376
4266,hybrid,fixed,decaps,9447686
4267,hybrid,fixed,decaps,9426176
4268,hybrid,fixed,decaps,9149228
4269,hybrid,fixed,decaps,9960065
4270,hybrid,fixed,decaps,9061013
4271,hybrid,fixed,decaps,9748520
4272,hybrid,fixed,decaps,9276055
4273,hybrid,fixed,decaps,9445723
4274,hybrid,fixed,decaps,8574122
4275,hybrid,fixed,decaps,8470589
4276,hybrid,fixed,decaps,9052677
4277,hybrid,fixed,decaps,8853745
4278,hybrid,fixed,decaps,7644382
4279,hybrid,fixed,decaps,7571376
4280,hybrid,fixed,decaps,7949463
4281,hybrid,fixed,decaps,8738179
4282,hybrid,fixed,decaps,8124190
4283,hybrid,fixed,decaps,9063598
4284,hybrid,fixed,decaps,8525271
4285,hybrid,fixed,decaps,8545408
4286,hybrid,fixed,decaps,9036607
4287,hybrid,fixed,decaps,9157734
4288,hybrid,fixed,decaps,8950145
4289,hybrid,fixed,decaps,8692884
4290,hybrid,fixed,decaps,8541491
4291,hybrid,fixed,decaps,7249945
4292,hybrid,fixed,decaps,7782731
4293,hybrid,fixed,decaps,8380229
4294,hybrid,fixed,decaps,9335407
4295,hybrid,fixed,decaps,9101158
4296,hybrid,fixed,decaps,8237632
4297,hybrid,fixed,decaps,8399715
4298,hybrid,fixed,decaps,8953892
4299,hybrid,fixed,decaps,8891135
4300,hybrid,fixed,decaps,9386833
4301,hybrid,fixed,decaps,8554615
4302,hybrid,fixed,decaps,8711960
4303,hybrid,fixed,decaps,8854126
4304,hybrid,fixed,decaps,8268891
4305,hybrid,fixed,decaps,8673948
4306,hybrid,fixed,decaps,9356906
4307,hybrid,fixed,decaps,9790478
4308,hybrid,fixed,decaps,10388817
4309,hybrid,fixed,decaps,11534941
4310,hybrid,fixed,decaps,10496669
4311,hybrid,fixed,decaps,12021011
4312,hybrid,fixed,decaps,11366496
4313,hybrid,fixed,decaps,9969593
4314,hybrid,fixed,decaps,9266968
4315,hybrid,fixed,decaps,9579823
4316,hybrid,fixed,decaps,8998817
4317,hybrid,fixed,decaps,9330146
4318,hybrid,fixed,decaps,9609940
4319,hybrid,fixed,decaps,9515704
4320,hybrid,fixed,decaps,10485729
4321,hybrid,fixed,decaps,9611673
4322,hybrid,fixed,decaps,9472954
4323,hybrid,fixed,decaps,10035226
4324,hybrid,fixed,decaps,9153666
4325,hybrid,fixed,decaps,9013764
4326,hybrid,fixed,decaps,9690510
4327,hybrid,fixed,decaps,9471201
4328,hybrid,fixed,decaps,9026359
4329,hybrid,fixed,decaps,9078726
4330,hybrid,fixed,decaps,9369711
4331,hybrid,fixed,decaps,8295651
4332,hybrid,fixed,decaps,8246369
4333,hybrid,fixed,decaps,8970634
4334,hybrid,fixed,decaps,9270525
4335,hybrid,fixed,decaps,9680722
4336,hybrid,fixed,decaps,10297126
4337,hybrid,fixed,decaps,10028163
4338,hybrid,fixed,decaps,9980253
4339,hybrid,fixed,decaps,10026810
4340,hybrid,fixed,decaps,10399657
4341,hybrid,fixed,decaps,10077345
4342,hybrid,fixed,decaps,10011892
4343,hybrid,fixed,decaps,10242674
4344,hybrid,fixed,decaps,10093625
4345,hybrid,fixed,decaps,10314819
4346,hybrid,fixed,decaps,9804504
4347,hybrid,fixed,decaps,9516395
4348,hybrid,fixed,decaps,8940538
4349,hybrid,fixed,decaps,10113783
4350,hybrid,fixed,decaps,10219020
4351,hybrid,fixed,decaps,10065131
4352,hybrid,fixed,decaps,8135321
4353,hybrid,fixed,decaps,9162322
4354,hybrid,fixed,decaps,8693195
4355,hybrid,fixed,decaps,8815834
4356,hybrid,fixed,decaps,8401680
4357,hybrid,fixed,decaps,8218356
4358,hybrid,fixed,decaps,8937221
4359,hybrid,fixed,decaps,8426365
4360,hybrid,fixed,decaps,9004598
4361,hybrid,fixed,decaps,8168453
4362,hybrid,fixed,decaps,7687724
4363,hybrid,fixed,decaps,8873843
4364,hybrid,fixed,decaps,8236840
4365,hybrid,fixed,decaps,8184603
4366,hybrid,fixed,decaps,8759509
4367,hybrid,fixed,decaps,9261267
4368,hybrid,fixed,decaps,8797130
4369,hybrid,fixed,decaps,9176779
4370,hybrid,fixed,decaps,9092281
4371,hybrid,fixed,decaps,7528926
4372,hybrid,fixed,decaps,8109462
4373,hybrid,fixed,decaps,9754691
4374,hybrid,fixed,decaps,9582769
4375,hybrid,fixed,decaps,7898377
4376,hybrid,fixed,decaps,9426096
4377,hybrid,fixed,decaps,7729802
4378,hybrid,fixed,decaps,7844447
4379,hybrid,fixed,decaps,8213677
4380,hybrid,fixed,decaps,8031677
4381,hybrid,fixed,decaps,7781810
4382,hybrid,fixed,decaps,7613755
4383,hybrid,fixed,decaps,8307693
4384,hybrid,fixed,decaps,8670653
4385,hybrid,fixed,decaps,9267549
4386,hybrid,fixed,decaps,8836633
4387,hybrid,fixed,decaps,7728961
4388,hybrid,fixed,decaps,8592837
4389,hybrid,fixed,decaps,9206375
4390,hybrid,fixed,decaps,8644043
4391,hybrid,fixed,decaps,10715909
4392,hybrid,fixed,decaps,11097834
4393,hybrid,fixed,decaps,9921824
4394,hybrid,fixed,decaps,8657137
4395,hybrid,fixed,decaps,8883691
4396,hybrid,fixed,decaps,7673026
4397,hybrid,fixed,decaps,8507607
4398,hybrid,fixed,decaps,8143336
4399,hybrid,fixed,decaps,7936720
4400,hybrid,fixed,decaps,8627952
4401,hybrid,fixed,decaps,8288288
4402,hybrid,fixed,decaps,8288788
4403,hybrid,fixed,decaps,8309286
4404,hybrid,fixed,decaps,9501678
4405,hybrid,fixed,decaps,8887739
4406,hybrid,fixed,decaps,8799653
4407,hybrid,fixed,decaps,8649213
4408,hybrid,fixed,decaps,8314206
4409,hybrid,fixed,decaps,9507799
4410,hybrid,fixed,decaps,9127327
4411,hybrid,fixed,decaps,7815353
4412,hybrid,fixed,decaps,7705417
4413,hybrid,fixed,decaps,8614668
4414,hybrid,fixed,decaps,8237913
4415,hybrid,fixed,decaps,7363587
4416,hybrid,fixed,decaps,8407830
4417,hybrid,fixed,decaps,7611501
4418,hybrid,fixed,decaps,8562319
4419,hybrid,fixed,decaps,7856710
4420,hybrid,fixed,decaps,7959362
4421,hybrid,fixed,decaps,7923144
4422,hybrid,fixed,decaps,8376131
4423,hybrid,fixed,decaps,7343430
4424,hybrid,fixed,decaps,9017311
4425,hybrid,fixed,decaps,9389317
4426,hybrid,fixed,decaps,9422690
4427,hybrid,fixed,decaps,9241982
4428,hybrid,fixed,decaps,9459679
4429,hybrid,fixed,decaps,9538807
4430,hybrid,fixed,decaps,9410557
4431,hybrid,fixed,decaps,9513380
4432,hybrid,fixed,decaps,9281796
4433,hybrid,fixed,decaps,9369741
4434,hybrid,fixed,decaps,9401900
4435,hybrid,fixed,decaps,9391291
4436,hybrid,fixed,decaps,9433180
4437,hybrid,fixed,decaps,9206656
4438,hybrid,fixed,decaps,9740223
4439,hybrid,fixed,decaps,9469968
4440,hybrid,fixed,decaps,9315650
4441,hybrid,fixed,decaps,9459679
4442,hybrid,fixed,decaps,8624296
4443,hybrid,fixed,decaps,8517276
4444,hybrid,fixed,decaps,8614167
4445,hybrid,fixed,decaps,9914270
4446,hybrid,fixed,decaps,9497199
4447,hybrid,fixed,decaps,9848777
4448,hybrid,fixed,decaps,9866179
4449,hybrid,fixed,decaps,9691262
4450,hybrid,fixed,decaps,8756202
4451,hybrid,fixed,decaps,7895232
4452,hybrid,fixed,decaps,8644924
4453,hybrid,fixed,decaps,7661494
4454,hybrid,fixed,decaps,6756651
4455,hybrid,fixed,decaps,7692954
4456,hybrid,fixed,decaps,7120212
4457,hybrid,fixed,decaps,8367205
4458,hybrid,fixed,decaps,8991964
4459,hybrid,fixed,decaps,8541110
4460,hybrid,fixed,decaps,8487360
4461,hybrid,fixed,decaps,8619507
4462,hybrid,fixed,decaps,8388695
4463,hybrid,fixed,decaps,7741364
4464,hybrid,fixed,decaps,9374229
4465,hybrid,fixed,decaps,8966527
4466,hybrid,fixed,decaps,8034853
4467,hybrid,fixed,decaps,9066443
4468,hybrid,fixed,decaps,9232333
4469,hybrid,fixed,decaps,9139500
4470,hybrid,fixed,decaps,9365453
4471,hybrid,fixed,decaps,9746927
4472,hybrid,fixed,decaps,9834420
4473,hybrid,fixed,decaps,9778075
4474,hybrid,fixed,decaps,9809504
4475,hybrid,fixed,decaps,9912696
4476,hybrid,fixed,decaps,9725016
4477,hybrid,fixed,decaps,9140893
4478,hybrid,fixed,decaps,9214270
4479,hybrid,fixed,decaps,9341187
4480,hybrid,fixed,decaps,9709196
4481,hybrid,fixed,decaps,9203620
4482,hybrid,fixed,decaps,9268021
4483,hybrid,fixed,decaps,9736987
4484,hybrid,fixed,decaps,9986905
4485,hybrid,fixed,decaps,9710028
4486,hybrid,fixed,decaps,9397392
4487,hybrid,fixed,decaps,9813411
4488,hybrid,fixed,decaps,9660645
4489,hybrid,fixed,decaps,9357518
4490,hybrid,fixed,decaps,9716089
4491,hybrid,fixed,decaps,9693637
4492,hybrid,fixed,decaps,9895304
4493,hybrid,fixed,decaps,9402542
4494,hybrid,fixed,decaps,9365483
4495,hybrid,fixed,decaps,9272228
4496,hybrid,fixed,decaps,9969673
4497,hybrid,fixed,decaps,9819642
4498,hybrid,fixed,decaps,9348531
4499,hybrid,fixed,decaps,9683147
4500,hybrid,fixed,decaps,9502329
4501,hybrid,fixed,decaps,9227374
4502,hybrid,fixed,decaps,9533277
4503,hybrid,fixed,decaps,9148637
4504,hybrid,fixed,decaps,9303176
4505,hybrid,fixed,decaps,9734903
4506,hybrid,fixed,decaps,10043041
4507,hybrid,fixed,decaps,9819792
4508,hybrid,fixed,decaps,9440583
4509,hybrid,fixed,decaps,9953383
4510,hybrid,fixed,decaps,9053800
4511,hybrid,fixed,decaps,9760090
4512,hybrid,fixed,decaps,9211394
4513,hybrid,fixed,decaps,8898519
4514,hybrid,fixed,decaps,9642992
4515,hybrid,fixed,decaps,9756825
4516,hybrid,fixed,decaps,9608187
4517,hybrid,fixed,decaps,9324256
4518,hybrid,fixed,decaps,9543947
4519,hybrid,fixed,decaps,9378928
4520,hybrid,fixed,decaps,9541883
4521,hybrid,fixed,decaps,9313896
4522,hybrid,fixed,decaps,8654642
4523,hybrid,fixed,decaps,8538275
4524,hybrid,fixed,decaps,8151071
4525,hybrid,fixed,decaps,8426747
4526,hybrid,fixed,decaps,9247161
4527,hybrid,fixed,decaps,9226042
4528,hybrid,fixed,decaps,9107210
4529,hybrid,fixed,decaps,9125905
4530,hybrid,fixed,decaps,9302655
4531,hybrid,fixed,decaps,8847013
4532,hybrid,fixed,decaps,9214099
4533,hybrid,fixed,decaps,9129030
4534,hybrid,fixed,decaps,9326509
4535,hybrid,fixed,decaps,9298056
4536,hybrid,fixed,decaps,9124973
4537,hybrid,fixed,decaps,9270736
4538,hybrid,fixed,decaps,9197649
4539,hybrid,fixed,decaps,9293128
4540,hybrid,fixed,decaps,9196095
4541,hybrid,fixed,decaps,9186407
4542,hybrid,fixed,decaps,9471881
4543,hybrid,fixed,decaps,9157133
4544,hybrid,fixed,decaps,9393335
4545,hybrid,fixed,decaps,8749260
4546,hybrid,fixed,decaps,9273049
4547,hybrid,fixed,decaps,8688206
4548,hybrid,fixed,decaps,9362037
4549,hybrid,fixed,decaps,8917204
4550,hybrid,fixed,decaps,9432938
4551,hybrid,fixed,decaps,9739442
4552,hybrid,fixed,decaps,9266508
4553,hybrid,fixed,decaps,8965545
4554,hybrid,fixed,decaps,9667587
4555,hybrid,fixed,decaps,9554236
4556,hybrid,fixed,decaps,9433730
4557,hybrid,fixed,decaps,9137356
4558,hybrid,fixed,decaps,9052347
4559,hybrid,fixed,decaps,9638934
4560,hybrid,fixed,decaps,9015177
4561,hybrid,fixed,decaps,8494724
4562,hybrid,fixed,decaps,9395830
4563,hybrid,fixed,decaps,9437146
4564,hybrid,fixed,decaps,10021430
4565,hybrid,fixed,decaps,10013736
4566,hybrid,fixed,decaps,10005210
4567,hybrid,fixed,decaps,9685452
4568,hybrid,fixed,decaps,8077323
4569,hybrid,fixed,decaps,9418161
4570,hybrid,fixed,decaps,8414484
4571,hybrid,fixed,decaps,7956627
4572,hybrid,fixed,decaps,8938754
4573,hybrid,fixed,decaps,8053868
4574,hybrid,fixed,decaps,9075690
4575,hybrid,fixed,decaps,8934607
4576,hybrid,fixed,decaps,3784361
4577,hybrid,fixed,decaps,2413646
4578,hybrid,fixed,decaps,2065585
4579,hybrid,fixed,decaps,1745666
4580,hybrid,fixed,decaps,1485970
4581,hybrid,fixed,decaps,1356088
4582,hybrid,fixed,decaps,1319559
4583,hybrid,fixed,decaps,1084660
4584,hybrid,fixed,decaps,1038724
4585,hybrid,fixed,decaps,959475
4586,hybrid,fixed,decaps,908359
4587,hybrid,fixed,decaps,859498
4588,hybrid,fixed,decaps,887561
4589,hybrid,fixed,decaps,1037942
4590,hybrid,fixed,decaps,1030829
4591,hybrid,fixed,decaps,1041779
4592,hybrid,fixed,decaps,997386
4593,hybrid,fixed,decaps,1026460
4594,hybrid,fixed,decaps,1058831
4595,hybrid,fixed,decaps,1012745
4596,hybrid,fixed,decaps,1056647
4597,hybrid,fixed,decaps,1039405
4598,hybrid,fixed,decaps,1059202
4599,hybrid,fixed,decaps,1051908
4600,hybrid,fixed,decaps,1055234
4601,hybrid,fixed,decaps,1035568
4602,hybrid,fixed,decaps,1013636
4603,hybrid,fixed,decaps,1025098
4604,hybrid,fixed,decaps,1055164
4605,hybrid,fixed,decaps,1026481
4606,hybrid,fixed,decaps,1067087
4607,hybrid,fixed,decaps,1062708
4608,hybrid,fixed,decaps,1068839
4609,hybrid,fixed,decaps,1049213
4610,hybrid,fixed,decaps,1100459
4611,hybrid,fixed,decaps,1127800
4612,hybrid,fixed,decaps,1073568
4613,hybrid,fixed,decaps,1027453
4614,hybrid,fixed,decaps,1046288
4615,hybrid,fixed,decaps,1046818
4616,hybrid,fixed,decaps,1099226
4617,hybrid,fixed,decaps,1126908
4618,hybrid,fixed,decaps,1102553
4619,hybrid,fixed,decaps,1143430
4620,hybrid,fixed,decaps,1054022
4621,hybrid,fixed,decaps,1075933
4622,hybrid,fixed,decaps,1034165
4623,hybrid,fixed,decaps,1001925
4624,hybrid,fixed,decaps,1060123
4625,hybrid,fixed,decaps,1091633
4626,hybrid,fixed,decaps,1099417
4627,hybrid,fixed,decaps,1076955
4628,hybrid,fixed,decaps,1030258
4629,hybrid,fixed,decaps,1141696
4630,hybrid,fixed,decaps,1067698
4631,hybrid,fixed,decaps,1054694
4632,hybrid,fixed,decaps,1076364
4633,hybrid,fixed,decaps,984282
4634,hybrid,fixed,decaps,975605
4635,hybrid,fixed,decaps,1072276
4636,hybrid,fixed,decaps,1082525
4637,hybrid,fixed,decaps,1005101
4638,hybrid,fixed,decaps,989060
4639,hybrid,fixed,decaps,1030378
4640,hybrid,fixed,decaps,975535
4641,hybrid,fixed,decaps,745415
4642,hybrid,fixed,decaps,758990
4643,hybrid,fixed,decaps,677107
4644,hybrid,fixed,decaps,656879
4645,hybrid,fixed,decaps,703096
4646,hybrid,fixed,decaps,1010882
4647,hybrid,fixed,decaps,914100
4648,hybrid,fixed,decaps,739714
4649,hybrid,fixed,decaps,717532
4650,hybrid,fixed,decaps,756886
4651,hybrid,fixed,decaps,950910
4652,hybrid,fixed,decaps,1018375
4653,hybrid,fixed,decaps,986426
4654,hybrid,fixed,decaps,957622
4655,hybrid,fixed,decaps,982979
4656,hybrid,fixed,decaps,1006182
4657,hybrid,fixed,decaps,1060234
4658,hybrid,fixed,decaps,977209
4659,hybrid,fixed,decaps,917807
4660,hybrid,fixed,decaps,993759
4661,hybrid,fixed,decaps,732771
4662,hybrid,fixed,decaps,721420
4663,hybrid,fixed,decaps,744864
4664,hybrid,fixed,decaps,696433
4665,hybrid,fixed,decaps,730857
4666,hybrid,fixed,decaps,723403
4667,hybrid,fixed,decaps,694690
4668,hybrid,fixed,decaps,745224
4669,hybrid,fixed,decaps,740937
4670,hybrid,fixed,decaps,857475
4671,hybrid,fixed,decaps,720968
4672,hybrid,fixed,decaps,702284
4673,hybrid,fixed,decaps,660415
4674,hybrid,fixed,decaps,657640
4675,hybrid,fixed,decaps,722371
4676,hybrid,fixed,decaps,678589
4677,hybrid,fixed,decaps,699279
4678,hybrid,fixed,decaps,677618
4679,hybrid,fixed,decaps,743791
4680,hybrid,fixed,decaps,704589
4681,hybrid,fixed,decaps,708816
4682,hybrid,fixed,decaps,763919
4683,hybrid,fixed,decaps,725217
4684,hybrid,fixed,decaps,713776
4685,hybrid,fixed,decaps,815145
4686,hybrid,fixed,decaps,687557
4687,hybrid,fixed,decaps,829633
4688,hybrid,fixed,decaps,901496
4689,hybrid,fixed,decaps,897950
4690,hybrid,fixed,decaps,806819
4691,hybrid,fixed,decaps,729796
4692,hybrid,fixed,decaps,704808
4693,hybrid,fixed,decaps,691684
4694,hybrid,fixed,decaps,702885
4695,hybrid,fixed,decaps,693678
4696,hybrid,fixed,decaps,781142
4697,hybrid,fixed,decaps,775080
4698,hybrid,fixed,decaps,739183
4699,hybrid,fixed,decaps,748981
4700,hybrid,fixed,decaps,702455
4701,hybrid,fixed,decaps,720128
4702,hybrid,fixed,decaps,704138
4703,hybrid,fixed,decaps,689561
4704,hybrid,fixed,decaps,1017143
4705,hybrid,fixed,decaps,728763
4706,hybrid,fixed,decaps,731559
4707,hybrid,fixed,decaps,733442
4708,hybrid,fixed,decaps,681425
4709,hybrid,fixed,decaps,869787
4710,hybrid,fixed,decaps,1088476
4711,hybrid,fixed,decaps,929539
4712,hybrid,fixed,decaps,935370
4713,hybrid,fixed,decaps,1054183
4714,hybrid,fixed,decaps,877051
4715,hybrid,fixed,decaps,984341
4716,hybrid,fixed,decaps,1113523
4717,hybrid,fixed,decaps,750204
4718,hybrid,fixed,decaps,738793
4719,hybrid,fixed,decaps,773226
4720,hybrid,fixed,decaps,877292
4721,hybrid,fixed,decaps,818752
4722,hybrid,fixed,decaps,895486
4723,hybrid,fixed,decaps,732941
4724,hybrid,fixed,decaps,708386
4725,hybrid,fixed,decaps,721360
4726,hybrid,fixed,decaps,698336
4727,hybrid,fixed,decaps,725507
4728,hybrid,fixed,decaps,725197
4729,hybrid,fixed,decaps,955728
4730,hybrid,fixed,decaps,733723
4731,hybrid,fixed,decaps,723403
4732,hybrid,fixed,decaps,694510
4733,hybrid,fixed,decaps,894082
4734,hybrid,fixed,decaps,867654
4735,hybrid,fixed,decaps,751355
4736,hybrid,fixed,decaps,741908
4737,hybrid,fixed,decaps,725467
4738,hybrid,fixed,decaps,755013
4739,hybrid,fixed,decaps,707353
4740,hybrid,fixed,decaps,813833
4741,hybrid,fixed,decaps,681045
4742,hybrid,fixed,decaps,739133
4743,hybrid,fixed,decaps,960277
4744,hybrid,fixed,decaps,772956
4745,hybrid,fixed,decaps,894734
4746,hybrid,fixed,decaps,728473
4747,hybrid,fixed,decaps,726650
4748,hybrid,fixed,decaps,745185
4749,hybrid,fixed,decaps,705711
4750,hybrid,fixed,decaps,908009
4751,hybrid,fixed,decaps,930160
4752,hybrid,fixed,decaps,1006122
4753,hybrid,fixed,decaps,912578
4754,hybrid,fixed,decaps,744583
4755,hybrid,fixed,decaps,675835
4756,hybrid,fixed,decaps,877923
4757,hybrid,fixed,decaps,681776
4758,hybrid,fixed,decaps,661177
4759,hybrid,fixed,decaps,634277
4760,hybrid,fixed,decaps,671706
4761,hybrid,fixed,decaps,675574
4762,hybrid,fixed,decaps,866531
4763,hybrid,fixed,decaps,920252
4764,hybrid,fixed,decaps,636390
4765,hybrid,fixed,decaps,592278
4766,hybrid,fixed,decaps,620220
4767,hybrid,fixed,decaps,857835
4768,hybrid,fixed,decaps,818642
4769,hybrid,fixed,decaps,619799
4770,hybrid,fixed,decaps,615111
4771,hybrid,fixed,decaps,848187
4772,hybrid,fixed,decaps,875679
4773,hybrid,fixed,decaps,870770
4774,hybrid,fixed,decaps,922075
4775,hybrid,fixed,decaps,911565
4776,hybrid,fixed,decaps,1030598
4777,hybrid,fixed,decaps,783486
4778,hybrid,fixed,decaps,679501
4779,hybrid,fixed,decaps,646971
4780,hybrid,fixed,decaps,624960
4781,hybrid,fixed,decaps,639016
4782,hybrid,fixed,decaps,596085
4783,hybrid,fixed,decaps,628075
4784,hybrid,fixed,decaps,871190
4785,hybrid,fixed,decaps,612526
4786,hybrid,fixed,decaps,617635
4787,hybrid,fixed,decaps,592689
4788,hybrid,fixed,decaps,654845
4789,hybrid,fixed,decaps,613468
4790,hybrid,fixed,decaps,609109
4791,hybrid,fixed,decaps,631491
4792,hybrid,fixed,decaps,600904
4793,hybrid,fixed,decaps,603760
4794,hybrid,fixed,decaps,606855
4795,hybrid,fixed,decaps,645658
4796,hybrid,fixed,decaps,671175
4797,hybrid,fixed,decaps,749823
4798,hybrid,fixed,decaps,759461
4799,hybrid,fixed,decaps,734525
4800,hybrid,fixed,decaps,668651
4801,hybrid,fixed,decaps,811077
4802,hybrid,fixed,decaps,628536
4803,hybrid,fixed,decaps,777084
4804,hybrid,fixed,decaps,658833
4805,hybrid,fixed,decaps,633245
4806,hybrid,fixed,decaps,609942
4807,hybrid,fixed,decaps,745415
4808,hybrid,fixed,decaps,729014
4809,hybrid,fixed,decaps,596757
4810,hybrid,fixed,decaps,594372
4811,hybrid,fixed,decaps,666757
4812,hybrid,fixed,decaps,610172
4813,hybrid,fixed,decaps,598961
4814,hybrid,fixed,decaps,595624
4815,hybrid,fixed,decaps,598350
4816,hybrid,fixed,decaps,602688
4817,hybrid,fixed,decaps,594822
4818,hybrid,fixed,decaps,637463
4819,hybrid,fixed,decaps,659634
4820,hybrid,fixed,decaps,622855
4821,hybrid,fixed,decaps,606605
4822,hybrid,fixed,decaps,636330
4823,hybrid,fixed,decaps,606445
4824,hybrid,fixed,decaps,651008
4825,hybrid,fixed,decaps,789387
4826,hybrid,fixed,decaps,873234
4827,hybrid,fixed,decaps,684441
4828,hybrid,fixed,decaps,673179
4829,hybrid,fixed,decaps,634777
4830,hybrid,fixed,decaps,611935
4831,hybrid,fixed,decaps,619649
4832,hybrid,fixed,decaps,744884
4833,hybrid,fixed,decaps,879896
4834,hybrid,fixed,decaps,735065
4835,hybrid,fixed,decaps,662530
4836,hybrid,fixed,decaps,612937
4837,hybrid,fixed,decaps,601786
4838,hybrid,fixed,decaps,602958
4839,hybrid,fixed,decaps,605954
4840,hybrid,fixed,decaps,605302
4841,hybrid,fixed,decaps,629758
4842,hybrid,fixed,decaps,611183
4843,hybrid,fixed,decaps,600383
4844,hybrid,fixed,decaps,600093
4845,hybrid,fixed,decaps,605563
4846,hybrid,fixed,decaps,651570
4847,hybrid,fixed,decaps,760022
4848,hybrid,fixed,decaps,637463
4849,hybrid,fixed,decaps,678089
4850,hybrid,fixed,decaps,750044
4851,hybrid,fixed,decaps,738642
4852,hybrid,fixed,decaps,669322
4853,hybrid,fixed,decaps,643124
4854,hybrid,fixed,decaps,631822
4855,hybrid,fixed,decaps,609310
4856,hybrid,fixed,decaps,646981
4857,hybrid,fixed,decaps,677688
4858,hybrid,fixed,decaps,656839
4859,hybrid,fixed,decaps,623416
4860,hybrid,fixed,decaps,626222
4861,hybrid,fixed,decaps,631862
4862,hybrid,fixed,decaps,743511
4863,hybrid,fixed,decaps,722342
4864,hybrid,fixed,decaps,664233
4865,hybrid,fixed,decaps,665826
4866,hybrid,fixed,decaps,608218
4867,hybrid,fixed,decaps,676606
4868,hybrid,fixed,decaps,652140
4869,hybrid,fixed,decaps,695221
4870,hybrid,fixed,decaps,675834
4871,hybrid,fixed,decaps,782785
4872,hybrid,fixed,decaps,888593
4873,hybrid,fixed,decaps,1012134
4874,hybrid,fixed,decaps,813682
4875,hybrid,fixed,decaps,732731
4876,hybrid,fixed,decaps,648222
4877,hybrid,fixed,decaps,640198
4878,hybrid,fixed,decaps,634227
4879,hybrid,fixed,decaps,652141
4880,hybrid,fixed,decaps,661487
4881,hybrid,fixed,decaps,671757
4882,hybrid,fixed,decaps,681034
4883,hybrid,fixed,decaps,634688
4884,hybrid,fixed,decaps,593661
4885,hybrid,fixed,decaps,660366
4886,hybrid,fixed,decaps,637863
4887,hybrid,fixed,decaps,616774
4888,hybrid,fixed,decaps,609100
4889,hybrid,fixed,decaps,605132
4890,hybrid,fixed,decaps,629898
4891,hybrid,fixed,decaps,641750
4892,hybrid,fixed,decaps,657510
4893,hybrid,fixed,decaps,653914
4894,hybrid,fixed,decaps,624268
4895,hybrid,fixed,decaps,638344
4896,hybrid,fixed,decaps,904112
4897,hybrid,fixed,decaps,1004199
4898,hybrid,fixed,decaps,699729
4899,hybrid,fixed,decaps,669293
4900,hybrid,fixed,decaps,697655
4901,hybrid,fixed,decaps,954135
4902,hybrid,fixed,decaps,684010
4903,hybrid,fixed,decaps,618477
4904,hybrid,fixed,decaps,593570
4905,hybrid,fixed,decaps,621362
4906,hybrid,fixed,decaps,594562
4907,hybrid,fixed,decaps,593481
4908,hybrid,fixed,decaps,599261
4909,hybrid,fixed,decaps,595033
4910,hybrid,fixed,decaps,646309
4911,hybrid,fixed,decaps,606354
4912,hybrid,fixed,decaps,676686
4913,hybrid,fixed,decaps,606564
4914,hybrid,fixed,decaps,598330
4915,hybrid,fixed,decaps,641390
4916,hybrid,fixed,decaps,602427
4917,hybrid,fixed,decaps,627674
4918,hybrid,fixed,decaps,669482
4919,hybrid,fixed,decaps,606395
4920,hybrid,fixed,decaps,617325
4921,hybrid,fixed,decaps,633605
4922,hybrid,fixed,decaps,616874
4923,hybrid,fixed,decaps,623066
4924,hybrid,fixed,decaps,650767
4925,hybrid,fixed,decaps,605533
4926,hybrid,fixed,decaps,732130
4927,hybrid,fixed,decaps,643013
4928,hybrid,fixed,decaps,610021
4929,hybrid,fixed,decaps,878233
4930,hybrid,fixed,decaps,646059
4931,hybrid,fixed,decaps,710559
4932,hybrid,fixed,decaps,747699
4933,hybrid,fixed,decaps,1049053
4934,hybrid,fixed,decaps,858637
4935,hybrid,fixed,decaps,697495
4936,hybrid,fixed,decaps,701963
4937,hybrid,fixed,decaps,671136
4938,hybrid,fixed,decaps,642993
4939,hybrid,fixed,decaps,655065
4940,hybrid,fixed,decaps,751576
4941,hybrid,fixed,decaps,682757
4942,hybrid,fixed,decaps,733332
4943,hybrid,fixed,decaps,872482
4944,hybrid,fixed,decaps,806969
4945,hybrid,fixed,decaps,706232
4946,hybrid,fixed,decaps,838890
4947,hybrid,fixed,decaps,952162
4948,hybrid,fixed,decaps,1020710
4949,hybrid,fixed,decaps,917266
4950,hybrid,fixed,decaps,723073
4951,hybrid,fixed,decaps,777906
4952,hybrid,fixed,decaps,773427
4953,hybrid,fixed,decaps,708796
4954,hybrid,fixed,decaps,726108
4955,hybrid,fixed,decaps,625099
4956,hybrid,fixed,decaps,615321
4957,hybrid,fixed,decaps,632774
4958,hybrid,fixed,decaps,602958
4959,hybrid,fixed,decaps,601465
4960,hybrid,fixed,decaps,607506
4961,hybrid,fixed,decaps,625650
4962,hybrid,fixed,decaps,649495
4963,hybrid,fixed,decaps,662820
4964,hybrid,fixed,decaps,623677
4965,hybrid,fixed,decaps,662560
4966,hybrid,fixed,decaps,627554
4967,hybrid,fixed,decaps,632103
4968,hybrid,fixed,decaps,706031
4969,hybrid,fixed,decaps,714778
4970,hybrid,fixed,decaps,887991
4971,hybrid,fixed,decaps,711752
4972,hybrid,fixed,decaps,765763
4973,hybrid,fixed,decaps,711652
4974,hybrid,fixed,decaps,667378
4975,hybrid,fixed,decaps,650437
4976,hybrid,fixed,decaps,641551
4977,hybrid,fixed,decaps,692065
4978,hybrid,fixed,decaps,627464
4979,hybrid,fixed,decaps,609580
4980,hybrid,fixed,decaps,626392
4981,hybrid,fixed,decaps,596265
4982,hybrid,fixed,decaps,638063
4983,hybrid,fixed,decaps,604561
4984,hybrid,fixed,decaps,626091
4985,hybrid,fixed,decaps,612826
4986,hybrid,fixed,decaps,594722
4987,hybrid,fixed,decaps,611995
4988,hybrid,fixed,decaps,611124
4989,hybrid,fixed,decaps,617776
4990,hybrid,fixed,decaps,662950
4991,hybrid,fixed,decaps,676916
4992,hybrid,fixed,decaps,675073
4993,hybrid,fixed,decaps,740386
4994,hybrid,fixed,decaps,733142
4995,hybrid,fixed,decaps,897900
4996,hybrid,fixed,decaps,843799
4997,hybrid,fixed,decaps,700000
4998,hybrid,fixed,decaps,647812
4999,hybrid,fixed,decaps,648854
5000,hybrid,fixed,decaps,653973
5001,hybrid,fixed,decaps,642351
5002,hybrid,fixed,decaps,724315
5003,hybrid,fixed,decaps,713706
5004,hybrid,fixed,decaps,646910
5005,hybrid,fixed,decaps,591687
5006,hybrid,fixed,decaps,652531
5007,hybrid,fixed,decaps,665755
5008,hybrid,fixed,decaps,642151
5009,hybrid,fixed,decaps,621233
5010,hybrid,fixed,decaps,621824
5011,hybrid,fixed,decaps,658903
5012,hybrid,fixed,decaps,667038
5013,hybrid,fixed,decaps,599842
5014,hybrid,fixed,decaps,714096
5015,hybrid,fixed,decaps,654895
5016,hybrid,fixed,decaps,615121
5017,hybrid,fixed,decaps,702805
5018,hybrid,fixed,decaps,735746
5019,hybrid,fixed,decaps,801750
5020,hybrid,fixed,decaps,864287
5021,hybrid,fixed,decaps,788816
5022,hybrid,fixed,decaps,698998
5023,hybrid,fixed,decaps,679261
5024,hybrid,fixed,decaps,653512
5025,hybrid,fixed,decaps,649164
5026,hybrid,fixed,decaps,665024
5027,hybrid,fixed,decaps,651258
5028,hybrid,fixed,decaps,715569
5029,hybrid,fixed,decaps,638665
5030,hybrid,fixed,decaps,599462
5031,hybrid,fixed,decaps,627164
5032,hybrid,fixed,decaps,610482
5033,hybrid,fixed,decaps,643123
5034,hybrid,fixed,decaps,600153
5035,hybrid,fixed,decaps,594903
5036,hybrid,fixed,decaps,595684
5037,hybrid,fixed,decaps,621202
5038,hybrid,fixed,decaps,667028
5039,hybrid,fixed,decaps,687446
5040,hybrid,fixed,decaps,660165
5041,hybrid,fixed,decaps,670675
5042,hybrid,fixed,decaps,643855
5043,hybrid,fixed,decaps,644275
5044,hybrid,fixed,decaps,782064
5045,hybrid,fixed,decaps,805416
5046,hybrid,fixed,decaps,715058
5047,hybrid,fixed,decaps,640478
5048,hybrid,fixed,decaps,630960
5049,hybrid,fixed,decaps,625430
5050,hybrid,fixed,decaps,614230
5051,hybrid,fixed,decaps,604481
5052,hybrid,fixed,decaps,651989
5053,hybrid,fixed,decaps,640298
5054,hybrid,fixed,decaps,613468
5055,hybrid,fixed,decaps,678870
5056,hybrid,fixed,decaps,597037
5057,hybrid,fixed,decaps,609300
5058,hybrid,fixed,decaps,595995
5059,hybrid,fixed,decaps,594703
5060,hybrid,fixed,decaps,621864
5061,hybrid,fixed,decaps,607997
5062,hybrid,fixed,decaps,610282
5063,hybrid,fixed,decaps,598991
5064,hybrid,fixed,decaps,654816
5065,hybrid,fixed,decaps,602457
5066,hybrid,fixed,decaps,614811
5067,hybrid,fixed,decaps,610372
5068,hybrid,fixed,decaps,665775
5069,hybrid,fixed,decaps,695772
5070,hybrid,fixed,decaps,771273
5071,hybrid,fixed,decaps,805908
5072,hybrid,fixed,decaps,787934
5073,hybrid,fixed,decaps,731709
5074,hybrid,fixed,decaps,694539
5075,hybrid,fixed,decaps,948655
5076,hybrid,fixed,decaps,782384
5077,hybrid,fixed,decaps,679100
5078,hybrid,fixed,decaps,632173
5079,hybrid,fixed,decaps,649826
5080,hybrid,fixed,decaps,628366
5081,hybrid,fixed,decaps,603920
5082,hybrid,fixed,decaps,630950
5083,hybrid,fixed,decaps,682487
5084,hybrid,fixed,decaps,626964
5085,hybrid,fixed,decaps,609801
5086,hybrid,fixed,decaps,699479
5087,hybrid,fixed,decaps,703706
5088,hybrid,fixed,decaps,630390
5089,hybrid,fixed,decaps,631041
5090,hybrid,fixed,decaps,618748
5091,hybrid,fixed,decaps,670495
5092,hybrid,fixed,decaps,705369
5093,hybrid,fixed,decaps,648142
5094,hybrid,fixed,decaps,688979
5095,hybrid,fixed,decaps,720418
5096,hybrid,fixed,decaps,667008
5097,hybrid,fixed,decaps,718304
5098,hybrid,fixed,decaps,727130
5099,hybrid,fixed,decaps,659093
5100,hybrid,fixed,decaps,608668
5101,hybrid,fixed,decaps,591356
5102,hybrid,fixed,decaps,614389
5103,hybrid,fixed,decaps,595975
5104,hybrid,fixed,decaps,607106
5105,hybrid,fixed,decaps,603990
5106,hybrid,fixed,decaps,619359
5107,hybrid,fixed,decaps,656609
5108,hybrid,fixed,decaps,610853
5109,hybrid,fixed,decaps,605042
5110,hybrid,fixed,decaps,607046
5111,hybrid,fixed,decaps,604541
5112,hybrid,fixed,decaps,605933
5113,hybrid,fixed,decaps,620130
5114,hybrid,fixed,decaps,672247
5115,hybrid,fixed,decaps,662830
5116,hybrid,fixed,decaps,614710
5117,hybrid,fixed,decaps,604741
5118,hybrid,fixed,decaps,639056
5119,hybrid,fixed,decaps,773898
5120,hybrid,fixed,decaps,629658
5121,hybrid,fixed,decaps,617365
5122,hybrid,fixed,decaps,711021
5123,hybrid,fixed,decaps,688438
5124,hybrid,fixed,decaps,629478
5125,hybrid,fixed,decaps,646048
5126,hybrid,fixed,decaps,622114
5127,hybrid,fixed,decaps,617114
5128,hybrid,fixed,decaps,618477
5129,hybrid,fixed,decaps,643213
5130,hybrid,fixed,decaps,666117
5131,hybrid,fixed,decaps,698036
5132,hybrid,fixed,decaps,627675
5133,hybrid,fixed,decaps,620140
5134,hybrid,fixed,decaps,605954
5135,hybrid,fixed,decaps,608478
5136,hybrid,fixed,decaps,657861
5137,hybrid,fixed,decaps,637212
5138,hybrid,fixed,decaps,646970
5139,hybrid,fixed,decaps,624348
5140,hybrid,fixed,decaps,670004
5141,hybrid,fixed,decaps,606505
5142,hybrid,fixed,decaps,605123
5143,hybrid,fixed,decaps,626302
5144,hybrid,fixed,decaps,673380
5145,hybrid,fixed,decaps,642202
5146,hybrid,fixed,decaps,675333
5147,hybrid,fixed,decaps,860490
5148,hybrid,fixed,decaps,763418
5149,hybrid,fixed,decaps,646299
5150,hybrid,fixed,decaps,625570
5151,hybrid,fixed,decaps,610131
5152,hybrid,fixed,decaps,619068
5153,hybrid,fixed,decaps,616103
5154,hybrid,fixed,decaps,609831
5155,hybrid,fixed,decaps,615321
5156,hybrid,fixed,decaps,652050
5157,hybrid,fixed,decaps,610532
5158,hybrid,fixed,decaps,612356
5159,hybrid,fixed,decaps,621102
5160,hybrid,fixed,decaps,613167
5161,hybrid,fixed,decaps,608459
5162,hybrid,fixed,decaps,627073
5163,hybrid,fixed,decaps,620371
5164,hybrid,fixed,decaps,617866
5165,hybrid,fixed,decaps,666066
5166,hybrid,fixed,decaps,619138
5167,hybrid,fixed,decaps,611955
5168,hybrid,fixed,decaps,630700
5169,hybrid,fixed,decaps,614479
5170,hybrid,fixed,decaps,639747
5171,hybrid,fixed,decaps,635619
5172,hybrid,fixed,decaps,613538
5173,hybrid,fixed,decaps,667289
5174,hybrid,fixed,decaps,663852
5175,hybrid,fixed,decaps,632864
5176,hybrid,fixed,decaps,623036
5177,hybrid,fixed,decaps,618598
5178,hybrid,fixed,decaps,609060
5179,hybrid,fixed,decaps,611314
5180,hybrid,fixed,decaps,624228
5181,hybrid,fixed,decaps,622956
5182,hybrid,fixed,decaps,686635
5183,hybrid,fixed,decaps,667228
5184,hybrid,fixed,decaps,635789
5185,hybrid,fixed,decaps,661878
5186,hybrid,fixed,decaps,638345
5187,hybrid,fixed,decaps,625740
5188,hybrid,fixed,decaps,631962
5189,hybrid,fixed,decaps,612817
5190,hybrid,fixed,decaps,610272
5191,hybrid,fixed,decaps,621714
5192,hybrid,fixed,decaps,646440
5193,hybrid,fixed,decaps,615402
5194,hybrid,fixed,decaps,614690
5195,hybrid,fixed,decaps,664022
5196,hybrid,fixed,decaps,636000
5197,hybrid,fixed,decaps,612556
5198,hybrid,fixed,decaps,653783
5199,hybrid,fixed,decaps,685582
5200,hybrid,fixed,decaps,688869
5201,hybrid,fixed,decaps,678099
5202,hybrid,fixed,decaps,634727
5203,hybrid,fixed,decaps,626722
5204,hybrid,fixed,decaps,755654
5205,hybrid,fixed,decaps,653663
5206,hybrid,fixed,decaps,710710
5207,hybrid,fixed,decaps,614460
5208,hybrid,fixed,decaps,604501
5209,hybrid,fixed,decaps,611815
5210,hybrid,fixed,decaps,617525
5211,hybrid,fixed,decaps,625279
5212,hybrid,fixed,decaps,613838
5213,hybrid,fixed,decaps,609781
5214,hybrid,fixed,decaps,604341
5215,hybrid,fixed,decaps,602307
5216,hybrid,fixed,decaps,602487
5217,hybrid,fixed,decaps,621153
5218,hybrid,fixed,decaps,616874
5219,hybrid,fixed,decaps,657801
5220,hybrid,fixed,decaps,662920
5221,hybrid,fixed,decaps,641560
5222,hybrid,fixed,decaps,642602
5223,hybrid,fixed,decaps,626963
5224,hybrid,fixed,decaps,659824
5225,hybrid,fixed,decaps,608528
5226,hybrid,fixed,decaps,667699
5227,hybrid,fixed,decaps,790930
5228,hybrid,fixed,decaps,625651
5229,hybrid,fixed,decaps,610242
5230,hybrid,fixed,decaps,606385
5231,hybrid,fixed,decaps,612526
5232,hybrid,fixed,decaps,683288
5233,hybrid,fixed,decaps,615121
5234,hybrid,fixed,decaps,706692
5235,hybrid,fixed,decaps,639626
5236,hybrid,fixed,decaps,611284
5237,hybrid,fixed,decaps,637562
5238,hybrid,fixed,decaps,619519
5239,hybrid,fixed,decaps,614510
5240,hybrid,fixed,decaps,614430
5241,hybrid,fixed,decaps,614580
5242,hybrid,fixed,decaps,622024
5243,hybrid,fixed,decaps,682207
5244,hybrid,fixed,decaps,650577
5245,hybrid,fixed,decaps,615181
5246,hybrid,fixed,decaps,633685
5247,hybrid,fixed,decaps,868605
5248,hybrid,fixed,decaps,730136
5249,hybrid,fixed,decaps,635309
5250,hybrid,fixed,decaps,746797
5251,hybrid,fixed,decaps,657971
5252,hybrid,fixed,decaps,641600
5253,hybrid,fixed,decaps,615812
5254,hybrid,fixed,decaps,606615
5255,hybrid,fixed,decaps,641209
5256,hybrid,fixed,decaps,614399
5257,hybrid,fixed,decaps,610812
5258,hybrid,fixed,decaps,655947
5259,hybrid,fixed,decaps,625941
5260,hybrid,fixed,decaps,617014
5261,hybrid,fixed,decaps,614479
5262,hybrid,fixed,decaps,613768
5263,hybrid,fixed,decaps,626682
5264,hybrid,fixed,decaps,613147
5265,hybrid,fixed,decaps,610513
5266,hybrid,fixed,decaps,644997
5267,hybrid,fixed,decaps,616544
5268,hybrid,fixed,decaps,622555
5269,hybrid,fixed,decaps,617755
5270,hybrid,fixed,decaps,668671
5271,hybrid,fixed,decaps,615612
5272,hybrid,fixed,decaps,606645
5273,hybrid,fixed,decaps,627874
5274,hybrid,fixed,decaps,685192
5275,hybrid,fixed,decaps,620661
5276,hybrid,fixed,decaps,611283
5277,hybrid,fixed,decaps,646840
5278,hybrid,fixed,decaps,735807
5279,hybrid,fixed,decaps,673220
5280,hybrid,fixed,decaps,616935
5281,hybrid,fixed,decaps,607687
5282,hybrid,fixed,decaps,681035
5283,hybrid,fixed,decaps,626132
5284,hybrid,fixed,decaps,637583
5285,hybrid,fixed,decaps,610802
5286,hybrid,fixed,decaps,621873
5287,hybrid,fixed,decaps,633355
5288,hybrid,fixed,decaps,614850
5289,hybrid,fixed,decaps,619729
5290,hybrid,fixed,decaps,631732
5291,hybrid,fixed,decaps,621803
5292,hybrid,fixed,decaps,616453
5293,hybrid,fixed,decaps,616313
5294,hybrid,fixed,decaps,610011
5295,hybrid,fixed,decaps,622935
5296,hybrid,fixed,decaps,621633
5297,hybrid,fixed,decaps,653492
5298,hybrid,fixed,decaps,685723
5299,hybrid,fixed,decaps,651018
5300,hybrid,fixed,decaps,637262
5301,hybrid,fixed,decaps,726098
5302,hybrid,fixed,decaps,756816
5303,hybrid,fixed,decaps,766424
5304,hybrid,fixed,decaps,681675
5305,hybrid,fixed,decaps,636932
5306,hybrid,fixed,decaps,684130
5307,hybrid,fixed,decaps,639938
5308,hybrid,fixed,decaps,631512
5309,hybrid,fixed,decaps,609972
5310,hybrid,fixed,decaps,681695
5311,hybrid,fixed,decaps,611524
5312,hybrid,fixed,decaps,606955
5313,hybrid,fixed,decaps,613407
5314,hybrid,fixed,decaps,692445
5315,hybrid,fixed,decaps,635890
5316,hybrid,fixed,decaps,623407
5317,hybrid,fixed,decaps,611444
5318,hybrid,fixed,decaps,636651
5319,hybrid,fixed,decaps,608448
5320,hybrid,fixed,decaps,614139
5321,hybrid,fixed,decaps,642572
5322,hybrid,fixed,decaps,677067
5323,hybrid,fixed,decaps,611905
5324,hybrid,fixed,decaps,620972
5325,hybrid,fixed,decaps,637342
5326,hybrid,fixed,decaps,624007
5327,hybrid,fixed,decaps,764942
5328,hybrid,fixed,decaps,860179
5329,hybrid,fixed,decaps,758108
5330,hybrid,fixed,decaps,804736
5331,hybrid,fixed,decaps,786391
5332,hybrid,fixed,decaps,646049
5333,hybrid,fixed,decaps,615001
5334,hybrid,fixed,decaps,671907
5335,hybrid,fixed,decaps,649745
5336,hybrid,fixed,decaps,624267
5337,hybrid,fixed,decaps,697495
5338,hybrid,fixed,decaps,627845
5339,hybrid,fixed,decaps,612175
5340,hybrid,fixed,decaps,645357
5341,hybrid,fixed,decaps,613297
5342,hybrid,fixed,decaps,627934
5343,hybrid,fixed,decaps,640298
5344,hybrid,fixed,decaps,617866
5345,hybrid,fixed,decaps,699338
5346,hybrid,fixed,decaps,650387
5347,hybrid,fixed,decaps,643324
5348,hybrid,fixed,decaps,645899
5349,hybrid,fixed,decaps,622214
5350,hybrid,fixed,decaps,665525
5351,hybrid,fixed,decaps,747279
5352,hybrid,fixed,decaps,825635
5353,hybrid,fixed,decaps,716240
5354,hybrid,fixed,decaps,633445
5355,hybrid,fixed,decaps,731940
5356,hybrid,fixed,decaps,694159
5357,hybrid,fixed,decaps,618087
5358,hybrid,fixed,decaps,610272
5359,hybrid,fixed,decaps,616012
5360,hybrid,fixed,decaps,686033
5361,hybrid,fixed,decaps,619259
5362,hybrid,fixed,decaps,613077
5363,hybrid,fixed,decaps,610382
5364,hybrid,fixed,decaps,728994
5365,hybrid,fixed,decaps,682607
5366,hybrid,fixed,decaps,625340
5367,hybrid,fixed,decaps,614691
5368,hybrid,fixed,decaps,708977
5369,hybrid,fixed,decaps,705420
5370,hybrid,fixed,decaps,651689
5371,hybrid,fixed,decaps,651569
5372,hybrid,fixed,decaps,852786
5373,hybrid,fixed,decaps,918699
5374,hybrid,fixed,decaps,688208
5375,hybrid,fixed,decaps,716570
5376,hybrid,fixed,decaps,830363
5377,hybrid,fixed,decaps,931904
5378,hybrid,fixed,decaps,741177
5379,hybrid,fixed,decaps,707354
5380,hybrid,fixed,decaps,801399
5381,hybrid,fixed,decaps,690071
5382,hybrid,fixed,decaps,815927
5383,hybrid,fixed,decaps,668581
5384,hybrid,fixed,decaps,664253
5385,hybrid,fixed,decaps,641400
5386,hybrid,fixed,decaps,628005
5387,hybrid,fixed,decaps,618818
5388,hybrid,fixed,decaps,646550
5389,hybrid,fixed,decaps,618898
5390,hybrid,fixed,decaps,626412
5391,hybrid,fixed,decaps,631622
5392,hybrid,fixed,decaps,624719
5393,hybrid,fixed,decaps,652931
5394,hybrid,fixed,decaps,690122
5395,hybrid,fixed,decaps,638234
5396,hybrid,fixed,decaps,639666
5397,hybrid,fixed,decaps,674723
5398,hybrid,fixed,decaps,885917
5399,hybrid,fixed,decaps,801269
5400,hybrid,fixed,decaps,789467
5401,hybrid,fixed,decaps,779779
5402,hybrid,fixed,decaps,700661
5403,hybrid,fixed,decaps,679832
5404,hybrid,fixed,decaps,861302
5405,hybrid,fixed,decaps,710299
5406,hybrid,fixed,decaps,700631
5407,hybrid,fixed,decaps,650417
5408,hybrid,fixed,decaps,623417
5409,hybrid,fixed,decaps,640258
5410,hybrid,fixed,decaps,763007
5411,hybrid,fixed,decaps,686014
5412,hybrid,fixed,decaps,659374
5413,hybrid,fixed,decaps,632444
5414,hybrid,fixed,decaps,629909
5415,hybrid,fixed,decaps,629989
5416,hybrid,fixed,decaps,627264
5417,hybrid,fixed,decaps,647271
5418,hybrid,fixed,decaps,632003
5419,hybrid,fixed,decaps,697615
5420,hybrid,fixed,decaps,625941
5421,hybrid,fixed,decaps,683339
5422,hybrid,fixed,decaps,671106
5423,hybrid,fixed,decaps,773257
5424,hybrid,fixed,decaps,693948
5425,hybrid,fixed,decaps,642512
5426,hybrid,fixed,decaps,700791
5427,hybrid,fixed,decaps,765672
5428,hybrid,fixed,decaps,658903
5429,hybrid,fixed,decaps,804946
5430,hybrid,fixed,decaps,643554
5431,hybrid,fixed,decaps,623777
5432,hybrid,fixed,decaps,661007
5433,hybrid,fixed,decaps,641219
5434,hybrid,fixed,decaps,717161
5435,hybrid,fixed,decaps,635669
5436,hybrid,fixed,decaps,628356
5437,hybrid,fixed,decaps,647281
5438,hybrid,fixed,decaps,623737
5439,hybrid,fixed,decaps,637903
5440,hybrid,fixed,decaps,643113
5441,hybrid,fixed,decaps,640238
5442,hybrid,fixed,decaps,646840
5443,hybrid,fixed,decaps,628596
5444,hybrid,fixed,decaps,703186
5445,hybrid,fixed,decaps,656077
5446,hybrid,fixed,decaps,676776
5447,hybrid,fixed,decaps,721439
5448,hybrid,fixed,decaps,637693
5449,hybrid,fixed,decaps,797733
5450,hybrid,fixed,decaps,871901
5451,hybrid,fixed,decaps,938075
5452,hybrid,fixed,decaps,877332
5453,hybrid,fixed,decaps,881258
5454,hybrid,fixed,decaps,896006
5455,hybrid,fixed,decaps,909582
5456,hybrid,fixed,decaps,675834
5457,hybrid,fixed,decaps,637042
5458,hybrid,fixed,decaps,843719
5459,hybrid,fixed,decaps,732440
5460,hybrid,fixed,decaps,650578
5461,hybrid,fixed,decaps,631071
5462,hybrid,fixed,decaps,651970
5463,hybrid,fixed,decaps,629939
5464,hybrid,fixed,decaps,644887
5465,hybrid,fixed,decaps,644917
5466,hybrid,fixed,decaps,631371
5467,hybrid,fixed,decaps,629057
5468,hybrid,fixed,decaps,648333
5469,hybrid,fixed,decaps,639436
5470,hybrid,fixed,decaps,680052
5471,hybrid,fixed,decaps,646699
5472,hybrid,fixed,decaps,660796
5473,hybrid,fixed,decaps,674081
5474,hybrid,fixed,decaps,628516
5475,hybrid,fixed,decaps,665074
5476,hybrid,fixed,decaps,640699
5477,hybrid,fixed,decaps,629868
5478,hybrid,fixed,decaps,655647
5479,hybrid,fixed,decaps,632714
5480,hybrid,fixed,decaps,661608
5481,hybrid,fixed,decaps,630430
5482,hybrid,fixed,decaps,634537
5483,hybrid,fixed,decaps,628596
5484,hybrid,fixed,decaps,626282
5485,hybrid,fixed,decaps,639967
5486,hybrid,fixed,decaps,626261
5487,hybrid,fixed,decaps,625801
5488,hybrid,fixed,decaps,626272
5489,hybrid,fixed,decaps,629979
5490,hybrid,fixed,decaps,635710
5491,hybrid,fixed,decaps,633937
5492,hybrid,fixed,decaps,630119
5493,hybrid,fixed,decaps,729905
5494,hybrid,fixed,decaps,666076
5495,hybrid,fixed,decaps,661668
5496,hybrid,fixed,decaps,657650
5497,hybrid,fixed,decaps,807981
5498,hybrid,fixed,decaps,902168
5499,hybrid,fixed,decaps,901516
5500,hybrid,fixed,decaps,884906
5501,hybrid,fixed,decaps,687927
5502,hybrid,fixed,decaps,623807
5503,hybrid,fixed,decaps,651729
5504,hybrid,fixed,decaps,657541
5505,hybrid,fixed,decaps,625630
5506,hybrid,fixed,decaps,630349
5507,hybrid,fixed,decaps,627254
5508,hybrid,fixed,decaps,622926
5509,hybrid,fixed,decaps,638054
5510,hybrid,fixed,decaps,626792
5511,hybrid,fixed,decaps,620000
5512,hybrid,fixed,decaps,622154
5513,hybrid,fixed,decaps,618096
5514,hybrid,fixed,decaps,623967
5515,hybrid,fixed,decaps,643864
5516,hybrid,fixed,decaps,632584
5517,hybrid,fixed,decaps,683849
5518,hybrid,fixed,decaps,634296
5519,hybrid,fixed,decaps,688789
5520,hybrid,fixed,decaps,729635
5521,hybrid,fixed,decaps,676035
5522,hybrid,fixed,decaps,845131
5523,hybrid,fixed,decaps,876761
5524,hybrid,fixed,decaps,906036
5525,hybrid,fixed,decaps,871451
5526,hybrid,fixed,decaps,696262
5527,hybrid,fixed,decaps,625420
5528,hybrid,fixed,decaps,644125
5529,hybrid,fixed,decaps,627935
5530,hybrid,fixed,decaps,643093
5531,hybrid,fixed,decaps,657460
5532,hybrid,fixed,decaps,630520
5533,hybrid,fixed,decaps,636421
5534,hybrid,fixed,decaps,643403
5535,hybrid,fixed,decaps,628386
5536,hybrid,fixed,decaps,619770
5537,hybrid,fixed,decaps,619539
5538,hybrid,fixed,decaps,622855
5539,hybrid,fixed,decaps,629888
5540,hybrid,fixed,decaps,681845
5541,hybrid,fixed,decaps,627264
5542,hybrid,fixed,decaps,622225
5543,hybrid,fixed,decaps,757557
5544,hybrid,fixed,decaps,864087
5545,hybrid,fixed,decaps,681044
5546,hybrid,fixed,decaps,855220
5547,hybrid,fixed,decaps,881669
5548,hybrid,fixed,decaps,916044
5549,hybrid,fixed,decaps,902729
5550,hybrid,fixed,decaps,835523
5551,hybrid,fixed,decaps,623717
5552,hybrid,fixed,decaps,676286
5553,hybrid,fixed,decaps,626372
5554,hybrid,fixed,decaps,618748
5555,hybrid,fixed,decaps,618337
5556,hybrid,fixed,decaps,621352
5557,hybrid,fixed,decaps,649956
5558,hybrid,fixed,decaps,625941
5559,hybrid,fixed,decaps,621402
5560,hybrid,fixed,decaps,663742
5561,hybrid,fixed,decaps,626002
5562,hybrid,fixed,decaps,637783
5563,hybrid,fixed,decaps,633145
5564,hybrid,fixed,decaps,624979
5565,hybrid,fixed,decaps,653403
5566,hybrid,fixed,decaps,846213
5567,hybrid,fixed,decaps,837427
5568,hybrid,fixed,decaps,841996
5569,hybrid,fixed,decaps,743611
5570,hybrid,fixed,decaps,661247
5571,hybrid,fixed,decaps,632564
5572,hybrid,fixed,decaps,756505
5573,hybrid,fixed,decaps,656228
5574,hybrid,fixed,decaps,784247
5575,hybrid,fixed,decaps,940339
5576,hybrid,fixed,decaps,946651
5577,hybrid,fixed,decaps,921855
5578,hybrid,fixed,decaps,977188
5579,hybrid,fixed,decaps,993839
5580,hybrid,fixed,decaps,657520
5581,hybrid,fixed,decaps,640468
5582,hybrid,fixed,decaps,632503
5583,hybrid,fixed,decaps,629958
5584,hybrid,fixed,decaps,646429
5585,hybrid,fixed,decaps,676977
5586,hybrid,fixed,decaps,637583
5587,hybrid,fixed,decaps,636060
5588,hybrid,fixed,decaps,704358
5589,hybrid,fixed,decaps,661498
5590,hybrid,fixed,decaps,797422
5591,hybrid,fixed,decaps,891798
5592,hybrid,fixed,decaps,878534
5593,hybrid,fixed,decaps,655296
5594,hybrid,fixed,decaps,671456
5595,hybrid,fixed,decaps,704518
5596,hybrid,fixed,decaps,632053
5597,hybrid,fixed,decaps,629057
5598,hybrid,fixed,decaps,622905
5599,hybrid,fixed,decaps,637713
5600,hybrid,fixed,decaps,618657
5601,hybrid,fixed,decaps,636951
5602,hybrid,fixed,decaps,662138
5603,hybrid,fixed,decaps,691243
5604,hybrid,fixed,decaps,647992
5605,hybrid,fixed,decaps,622594
5606,hybrid,fixed,decaps,625590
5607,hybrid,fixed,decaps,627203
5608,hybrid,fixed,decaps,622545
5609,hybrid,fixed,decaps,636120
5610,hybrid,fixed,decaps,636200
5611,hybrid,fixed,decaps,667930
5612,hybrid,fixed,decaps,622425
5613,hybrid,fixed,decaps,639556
5614,hybrid,fixed,decaps,760954
5615,hybrid,fixed,decaps,693177
5616,hybrid,fixed,decaps,819914
5617,hybrid,fixed,decaps,910373
5618,hybrid,fixed,decaps,800458
5619,hybrid,fixed,decaps,641901
5620,hybrid,fixed,decaps,616263
5621,hybrid,fixed,decaps,618628
5622,hybrid,fixed,decaps,614811
5623,hybrid,fixed,decaps,647892
5624,hybrid,fixed,decaps,651880
5625,hybrid,fixed,decaps,624158
5626,hybrid,fixed,decaps,660365
5627,hybrid,fixed,decaps,673300
5628,hybrid,fixed,decaps,633906
5629,hybrid,fixed,decaps,624568
5630,hybrid,fixed,decaps,622935
5631,hybrid,fixed,decaps,634417
5632,hybrid,fixed,decaps,620431
5633,hybrid,fixed,decaps,619560
5634,hybrid,fixed,decaps,658693
5635,hybrid,fixed,decaps,676526
5636,hybrid,fixed,decaps,629578
5637,hybrid,fixed,decaps,623346
5638,hybrid,fixed,decaps,680233
5639,hybrid,fixed,decaps,646299
5640,hybrid,fixed,decaps,646710
5641,hybrid,fixed,decaps,652772
5642,hybrid,fixed,decaps,799867
5643,hybrid,fixed,decaps,813552
5644,hybrid,fixed,decaps,761425
5645,hybrid,fixed,decaps,830423
5646,hybrid,fixed,decaps,683579
5647,hybrid,fixed,decaps,620461
5648,hybrid,fixed,decaps,691834
5649,hybrid,fixed,decaps,637734
5650,hybrid,fixed,decaps,628786
5651,hybrid,fixed,decaps,619500
5652,hybrid,fixed,decaps,624909
5653,hybrid,fixed,decaps,620941
5654,hybrid,fixed,decaps,627394
5655,hybrid,fixed,decaps,620812
5656,hybrid,fixed,decaps,642633
5657,hybrid,fixed,decaps,770782
5658,hybrid,fixed,decaps,684922
5659,hybrid,fixed,decaps,639497
5660,hybrid,fixed,decaps,624418
5661,hybrid,fixed,decaps,629127
5662,hybrid,fixed,decaps,623606
5663,hybrid,fixed,decaps,650036
5664,hybrid,fixed,decaps,721149
5665,hybrid,fixed,decaps,630179
5666,hybrid,fixed,decaps,684851
5667,hybrid,fixed,decaps,626463
5668,hybrid,fixed,decaps,617005
5669,hybrid,fixed,decaps,684781
5670,hybrid,fixed,decaps,653122
5671,hybrid,fixed,decaps,645157
5672,hybrid,fixed,decaps,668701
5673,hybrid,fixed,decaps,622685
5674,hybrid,fixed,decaps,627394
5675,hybrid,fixed,decaps,624309
5676,hybrid,fixed,decaps,612927
5677,hybrid,fixed,decaps,658291
5678,hybrid,fixed,decaps,623547
5679,hybrid,fixed,decaps,639196
5680,hybrid,fixed,decaps,639486
5681,hybrid,fixed,decaps,618407
5682,hybrid,fixed,decaps,610111
5683,hybrid,fixed,decaps,610341
5684,hybrid,fixed,decaps,614259
5685,hybrid,fixed,decaps,628967
5686,hybrid,fixed,decaps,626042
5687,hybrid,fixed,decaps,615301
5688,hybrid,fixed,decaps,653382
5689,hybrid,fixed,decaps,667519
5690,hybrid,fixed,decaps,638094
5691,hybrid,fixed,decaps,642251
5692,hybrid,fixed,decaps,654515
5693,hybrid,fixed,decaps,810135
5694,hybrid,fixed,decaps,678910
5695,hybrid,fixed,decaps,699259
5696,hybrid,fixed,decaps,673179
5697,hybrid,fixed,decaps,622996
5698,hybrid,fixed,decaps,617465
5699,hybrid,fixed,decaps,613167
5700,hybrid,fixed,decaps,634026
5701,hybrid,fixed,decaps,614419
5702,hybrid,fixed,decaps,622004
5703,hybrid,fixed,decaps,617485
5704,hybrid,fixed,decaps,636370
5705,hybrid,fixed,decaps,628997
5706,hybrid,fixed,decaps,651118
5707,hybrid,fixed,decaps,726940
5708,hybrid,fixed,decaps,694729
5709,hybrid,fixed,decaps,621102
5710,hybrid,fixed,decaps,646410
5711,hybrid,fixed,decaps,620271
5712,hybrid,fixed,decaps,666287
5713,hybrid,fixed,decaps,619800
5714,hybrid,fixed,decaps,615181
5715,hybrid,fixed,decaps,835112
5716,hybrid,fixed,decaps,873684
5717,hybrid,fixed,decaps,867303
5718,hybrid,fixed,decaps,900164
5719,hybrid,fixed,decaps,755534
5720,hybrid,fixed,decaps,618407
5721,hybrid,fixed,decaps,608609
5722,hybrid,fixed,decaps,655897
5723,hybrid,fixed,decaps,627204
5724,hybrid,fixed,decaps,616363
5725,hybrid,fixed,decaps,635308
5726,hybrid,fixed,decaps,658602
5727,hybrid,fixed,decaps,680463
5728,hybrid,fixed,decaps,623085
5729,hybrid,fixed,decaps,619409
5730,hybrid,fixed,decaps,629508
5731,hybrid,fixed,decaps,621853
5732,hybrid,fixed,decaps,618537
5733,hybrid,fixed,decaps,620531
5734,hybrid,fixed,decaps,642332
5735,hybrid,fixed,decaps,643314
5736,hybrid,fixed,decaps,632644
5737,hybrid,fixed,decaps,611635
5738,hybrid,fixed,decaps,646870
5739,hybrid,fixed,decaps,643655
5740,hybrid,fixed,decaps,717913
5741,hybrid,fixed,decaps,628295
5742,hybrid,fixed,decaps,756836
5743,hybrid,fixed,decaps,745194
5744,hybrid,fixed,decaps,675794
5745,hybrid,fixed,decaps,638685
5746,hybrid,fixed,decaps,612255
5747,hybrid,fixed,decaps,613978
5748,hybrid,fixed,decaps,611304
5749,hybrid,fixed,decaps,606565
5750,hybrid,fixed,decaps,673190
5751,hybrid,fixed,decaps,621864
5752,hybrid,fixed,decaps,611234
5753,hybrid,fixed,decaps,620491
5754,hybrid,fixed,decaps,614509
5755,hybrid,fixed,decaps,614420
5756,hybrid,fixed,decaps,620611
5757,hybrid,fixed,decaps,615812
5758,hybrid,fixed,decaps,646620
5759,hybrid,fixed,decaps,618587
5760,hybrid,fixed,decaps,613037
5761,hybrid,fixed,decaps,622585
5762,hybrid,fixed,decaps,625600
5763,hybrid,fixed,decaps,614670
5764,hybrid,fixed,decaps,621814
5765,hybrid,fixed,decaps,740426
5766,hybrid,fixed,decaps,725598
5767,hybrid,fixed,decaps,652721
5768,hybrid,fixed,decaps,653783
5769,hybrid,fixed,decaps,615341
5770,hybrid,fixed,decaps,612285
5771,hybrid,fixed,decaps,669903
5772,hybrid,fixed,decaps,633946
5773,hybrid,fixed,decaps,613408
5774,hybrid,fixed,decaps,644326
5775,hybrid,fixed,decaps,625170
5776,hybrid,fixed,decaps,631000
5777,hybrid,fixed,decaps,612826
5778,hybrid,fixed,decaps,668220
5779,hybrid,fixed,decaps,659363
5780,hybrid,fixed,decaps,616834
5781,hybrid,fixed,decaps,610693
5782,hybrid,fixed,decaps,665896
5783,hybrid,fixed,decaps,619098
5784,hybrid,fixed,decaps,648373
5785,hybrid,fixed,decaps,612055
5786,hybrid,fixed,decaps,613488
5787,hybrid,fixed,decaps,629527
5788,hybrid,fixed,decaps,619850
5789,hybrid,fixed,decaps,613458
5790,hybrid,fixed,decaps,694910
5791,hybrid,fixed,decaps,705730
5792,hybrid,fixed,decaps,657701
5793,hybrid,fixed,decaps,737680
5794,hybrid,fixed,decaps,639307
5795,hybrid,fixed,decaps,613267
5796,hybrid,fixed,decaps,611665
5797,hybrid,fixed,decaps,624959
5798,hybrid,fixed,decaps,688608
5799,hybrid,fixed,decaps,609811
5800,hybrid,fixed,decaps,616223
5801,hybrid,fixed,decaps,617856
5802,hybrid,fixed,decaps,622996
5803,hybrid,fixed,decaps,632804
5804,hybrid,fixed,decaps,611835
5805,hybrid,fixed,decaps,611083
5806,hybrid,fixed,decaps,665836
5807,hybrid,fixed,decaps,619489
5808,hybrid,fixed,decaps,639346
5809,hybrid,fixed,decaps,621082
5810,hybrid,fixed,decaps,612977
5811,hybrid,fixed,decaps,612096
5812,hybrid,fixed,decaps,610442
5813,hybrid,fixed,decaps,621583
5814,hybrid,fixed,decaps,719255
5815,hybrid,fixed,decaps,618347
5816,hybrid,fixed,decaps,614379
5817,hybrid,fixed,decaps,770882
5818,hybrid,fixed,decaps,733552
5819,hybrid,fixed,decaps,628095
5820,hybrid,fixed,decaps,616062
5821,hybrid,fixed,decaps,613357
5822,hybrid,fixed,decaps,688618
5823,hybrid,fixed,decaps,643945
5824,hybrid,fixed,decaps,621753
5825,hybrid,fixed,decaps,624027
5826,hybrid,fixed,decaps,624228
5827,hybrid,fixed,decaps,617115
5828,hybrid,fixed,decaps,617055
5829,hybrid,fixed,decaps,615853
5830,hybrid,fixed,decaps,656408
5831,hybrid,fixed,decaps,656038
5832,hybrid,fixed,decaps,621413
5833,hybrid,fixed,decaps,615993
5834,hybrid,fixed,decaps,644125
5835,hybrid,fixed,decaps,631872
5836,hybrid,fixed,decaps,618617
5837,hybrid,fixed,decaps,613177
5838,hybrid,fixed,decaps,612355
5839,hybrid,fixed,decaps,630399
5840,hybrid,fixed,decaps,628536
5841,hybrid,fixed,decaps,625810
5842,hybrid,fixed,decaps,616975
5843,hybrid,fixed,decaps,611955
5844,hybrid,fixed,decaps,685212
5845,hybrid,fixed,decaps,633946
5846,hybrid,fixed,decaps,779638
5847,hybrid,fixed,decaps,849910
5848,hybrid,fixed,decaps,652591
5849,hybrid,fixed,decaps,630870
5850,hybrid,fixed,decaps,607106
5851,hybrid,fixed,decaps,609831
5852,hybrid,fixed,decaps,607276
5853,hybrid,fixed,decaps,614520
5854,hybrid,fixed,decaps,623146
5855,hybrid,fixed,decaps,613568
5856,hybrid,fixed,decaps,609020
5857,hybrid,fixed,decaps,606555
5858,hybrid,fixed,decaps,610612
5859,hybrid,fixed,decaps,632784
5860,hybrid,fixed,decaps,635088
5861,hybrid,fixed,decaps,620561
5862,hybrid,fixed,decaps,643103
5863,hybrid,fixed,decaps,618387
5864,hybrid,fixed,decaps,628125
5865,hybrid,fixed,decaps,631762
5866,hybrid,fixed,decaps,629287
5867,hybrid,fixed,decaps,640729
5868,hybrid,fixed,decaps,623456
5869,hybrid,fixed,decaps,671807
5870,hybrid,fixed,decaps,761605
5871,hybrid,fixed,decaps,769169
5872,hybrid,fixed,decaps,766284
5873,hybrid,fixed,decaps,863195
5874,hybrid,fixed,decaps,745385
5875,hybrid,fixed,decaps,623055
5876,hybrid,fixed,decaps,605914
5877,hybrid,fixed,decaps,683489
5878,hybrid,fixed,decaps,670234
5879,hybrid,fixed,decaps,692025
5880,hybrid,fixed,decaps,669333
5881,hybrid,fixed,decaps,620381
5882,hybrid,fixed,decaps,668360
5883,hybrid,fixed,decaps,609410
5884,hybrid,fixed,decaps,606835
5885,hybrid,fixed,decaps,661157
5886,hybrid,fixed,decaps,615872
5887,hybrid,fixed,decaps,655416
5888,hybrid,fixed,decaps,627835
5889,hybrid,fixed,decaps,614219
5890,hybrid,fixed,decaps,662560
5891,hybrid,fixed,decaps,621493
5892,hybrid,fixed,decaps,635289
5893,hybrid,fixed,decaps,701683
5894,hybrid,fixed,decaps,665946
5895,hybrid,fixed,decaps,654514
5896,hybrid,fixed,decaps,701843
5897,hybrid,fixed,decaps,623646
5898,hybrid,fixed,decaps,685032
5899,hybrid,fixed,decaps,615572
5900,hybrid,fixed,decaps,634027
5901,hybrid,fixed,decaps,695521
5902,hybrid,fixed,decaps,618757
5903,hybrid,fixed,decaps,616523
5904,hybrid,fixed,decaps,616744
5905,hybrid,fixed,decaps,628747
5906,hybrid,fixed,decaps,645769
5907,hybrid,fixed,decaps,626853
5908,hybrid,fixed,decaps,619348
5909,hybrid,fixed,decaps,663060
5910,hybrid,fixed,decaps,672217
5911,hybrid,fixed,decaps,622315
5912,hybrid,fixed,decaps,614570
5913,hybrid,fixed,decaps,628186
5914,hybrid,fixed,decaps,620862
5915,hybrid,fixed,decaps,626422
5916,hybrid,fixed,decaps,626632
5917,hybrid,fixed,decaps,696793
5918,hybrid,fixed,decaps,623376
5919,hybrid,fixed,decaps,647813
5920,hybrid,fixed,decaps,666728
5921,hybrid,fixed,decaps,653062
5922,hybrid,fixed,decaps,659444
5923,hybrid,fixed,decaps,618748
5924,hybrid,fixed,decaps,614860
5925,hybrid,fixed,decaps,725538
5926,hybrid,fixed,decaps,653402
5927,hybrid,fixed,decaps,623737
5928,hybrid,fixed,decaps,614810
5929,hybrid,fixed,decaps,611645
5930,hybrid,fixed,decaps,613137
5931,hybrid,fixed,decaps,624799
5932,hybrid,fixed,decaps,611084
5933,hybrid,fixed,decaps,656619
5934,hybrid,fixed,decaps,648874
5935,hybrid,fixed,decaps,614920
5936,hybrid,fixed,decaps,608448
5937,hybrid,fixed,decaps,622103
5938,hybrid,fixed,decaps,616964
5939,hybrid,fixed,decaps,611604
5940,hybrid,fixed,decaps,612566
5941,hybrid,fixed,decaps,691554
5942,hybrid,fixed,decaps,662009
5943,hybrid,fixed,decaps,621723
5944,hybrid,fixed,decaps,626462
5945,hybrid,fixed,decaps,618547
5946,hybrid,fixed,decaps,624038
5947,hybrid,fixed,decaps,658673
5948,hybrid,fixed,decaps,652100
5949,hybrid,fixed,decaps,697185
5950,hybrid,fixed,decaps,633365
5951,hybrid,fixed,decaps,611825
5952,hybrid,fixed,decaps,640418
5953,hybrid,fixed,decaps,611224
5954,hybrid,fixed,decaps,616573
5955,hybrid,fixed,decaps,610251
5956,hybrid,fixed,decaps,615662
5957,hybrid,fixed,decaps,653423
5958,hybrid,fixed,decaps,638875
5959,hybrid,fixed,decaps,612085
5960,hybrid,fixed,decaps,609660
5961,hybrid,fixed,decaps,606805
5962,hybrid,fixed,decaps,617114
5963,hybrid,fixed,decaps,624258
5964,hybrid,fixed,decaps,632684
5965,hybrid,fixed,decaps,650918
5966,hybrid,fixed,decaps,655175
5967,hybrid,fixed,decaps,625781
5968,hybrid,fixed,decaps,707283
5969,hybrid,fixed,decaps,633866
5970,hybrid,fixed,decaps,617596
5971,hybrid,fixed,decaps,614811
5972,hybrid,fixed,decaps,632964
5973,hybrid,fixed,decaps,713555
5974,hybrid,fixed,decaps,712132
5975,hybrid,fixed,decaps,700009
5976,hybrid,fixed,decaps,756325
5977,hybrid,fixed,decaps,643413
5978,hybrid,fixed,decaps,688639
5979,hybrid,fixed,decaps,636541
5980,hybrid,fixed,decaps,617987
5981,hybrid,fixed,decaps,670324
5982,hybrid,fixed,decaps,618377
5983,hybrid,fixed,decaps,637252
5984,hybrid,fixed,decaps,625731
5985,hybrid,fixed,decaps,622645
5986,hybrid,fixed,decaps,633195
5987,hybrid,fixed,decaps,609400
5988,hybrid,fixed,decaps,621503
5989,hybrid,fixed,decaps,633325
5990,hybrid,fixed,decaps,620611
5991,hybrid,fixed,decaps,641119
5992,hybrid,fixed,decaps,635700
5993,hybrid,fixed,decaps,653573
5994,hybrid,fixed,decaps,628005
5995,hybrid,fixed,decaps,615171
5996,hybrid,fixed,decaps,613578
5997,hybrid,fixed,decaps,662148
5998,hybrid,fixed,decaps,649074
5999,hybrid,fixed,decaps,662179
6000,hybrid,fixed,decaps,618177
6001,hybrid,fixed,decaps,722021
6002,hybrid,fixed,decaps,630970
6003,hybrid,fixed,decaps,670465
6004,hybrid,fixed,decaps,643784
6005,hybrid,fixed,decaps,696302
6006,hybrid,fixed,decaps,622966
6007,hybrid,fixed,decaps,615061
6008,hybrid,fixed,decaps,619540
6009,hybrid,fixed,decaps,625250
6010,hybrid,fixed,decaps,637814
6011,hybrid,fixed,decaps,661037
6012,hybrid,fixed,decaps,633496
6013,hybrid,fixed,decaps,615893
6014,hybrid,fixed,decaps,614349
6015,hybrid,fixed,decaps,623226
6016,hybrid,fixed,decaps,627944
6017,hybrid,fixed,decaps,643424
6018,hybrid,fixed,decaps,613298
6019,hybrid,fixed,decaps,640168
6020,hybrid,fixed,decaps,649185
6021,hybrid,fixed,decaps,660305
6022,hybrid,fixed,decaps,617635
6023,hybrid,fixed,decaps,636951
6024,hybrid,fixed,decaps,739364
6025,hybrid,fixed,decaps,657521
6026,hybrid,fixed,decaps,665776
6027,hybrid,fixed,decaps,784628
6028,hybrid,fixed,decaps,772786
6029,hybrid,fixed,decaps,727662
6030,hybrid,fixed,decaps,654875
6031,hybrid,fixed,decaps,610753
6032,hybrid,fixed,decaps,606876
6033,hybrid,fixed,decaps,610072
6034,hybrid,fixed,decaps,636741
6035,hybrid,fixed,decaps,615712
6036,hybrid,fixed,decaps,640509
6037,hybrid,fixed,decaps,671206
6038,hybrid,fixed,decaps,616363
6039,hybrid,fixed,decaps,620892
6040,hybrid,fixed,decaps,626973
6041,hybrid,fixed,decaps,642673
6042,hybrid,fixed,decaps,619429
6043,hybrid,fixed,decaps,610272
6044,hybrid,fixed,decaps,611093
6045,hybrid,fixed,decaps,646850
6046,hybrid,fixed,decaps,633255
6047,hybrid,fixed,decaps,615472
6048,hybrid,fixed,decaps,611284
6049,hybrid,fixed,decaps,751346
6050,hybrid,fixed,decaps,710550
6051,hybrid,fixed,decaps,644917
6052,hybrid,fixed,decaps,709458
6053,hybrid,fixed,decaps,627024
6054,hybrid,fixed,decaps,615662
6055,hybrid,fixed,decaps,612746
6056,hybrid,fixed,decaps,630179
6057,hybrid,fixed,decaps,608298
6058,hybrid,fixed,decaps,611013
6059,hybrid,fixed,decaps,607697
6060,hybrid,fixed,decaps,606445
6061,hybrid,fixed,decaps,693548
6062,hybrid,fixed,decaps,622073
6063,hybrid,fixed,decaps,607306
6064,hybrid,fixed,decaps,614680
6065,hybrid,fixed,decaps,610753
6066,hybrid,fixed,decaps,616965
6067,hybrid,fixed,decaps,609220
6068,hybrid,fixed,decaps,658201
6069,hybrid,fixed,decaps,670334
6070,hybrid,fixed,decaps,614489
6071,hybrid,fixed,decaps,666938
6072,hybrid,fixed,decaps,674673
6073,hybrid,fixed,decaps,638595
6074,hybrid,fixed,decaps,613898
6075,hybrid,fixed,decaps,610021
6076,hybrid,fixed,decaps,619148
6077,hybrid,fixed,decaps,650357
6078,hybrid,fixed,decaps,675063
6079,hybrid,fixed,decaps,618437
6080,hybrid,fixed,decaps,608037
6081,hybrid,fixed,decaps,721620
6082,hybrid,fixed,decaps,649746
6083,hybrid,fixed,decaps,608018
6084,hybrid,fixed,decaps,641340
6085,hybrid,fixed,decaps,622825
6086,hybrid,fixed,decaps,609370
6087,hybrid,fixed,decaps,619178
6088,hybrid,fixed,decaps,612325
6089,hybrid,fixed,decaps,628576
6090,hybrid,fixed,decaps,672429
6091,hybrid,fixed,decaps,620511
6092,hybrid,fixed,decaps,618908
6093,hybrid,fixed,decaps,611063
6094,hybrid,fixed,decaps,608779
6095,hybrid,fixed,decaps,611785
6096,hybrid,fixed,decaps,625741
6097,hybrid,fixed,decaps,610252
6098,hybrid,fixed,decaps,616534
6099,hybrid,fixed,decaps,612797
6100,hybrid,fixed,decaps,637242
6101,hybrid,fixed,decaps,669392
6102,hybrid,fixed,decaps,625320
6103,hybrid,fixed,decaps,728042
6104,hybrid,fixed,decaps,759631
6105,hybrid,fixed,decaps,714086
6106,hybrid,fixed,decaps,635348
6107,hybrid,fixed,decaps,730036
6108,hybrid,fixed,decaps,674983
6109,hybrid,fixed,decaps,654244
6110,hybrid,fixed,decaps,625441
6111,hybrid,fixed,decaps,612276
6112,hybrid,fixed,decaps,616594
6113,hybrid,fixed,decaps,625280
6114,hybrid,fixed,decaps,609791
6115,hybrid,fixed,decaps,631352
6116,hybrid,fixed,decaps,699689
6117,hybrid,fixed,decaps,635940
6118,hybrid,fixed,decaps,620641
6119,hybrid,fixed,decaps,617435
6120,hybrid,fixed,decaps,629528
6121,hybrid,fixed,decaps,613728
6122,hybrid,fixed,decaps,619540
6123,hybrid,fixed,decaps,646720
6124,hybrid,fixed,decaps,655636
6125,hybrid,fixed,decaps,680293
6126,hybrid,fixed,decaps,612936
6127,hybrid,fixed,decaps,613788
6128,hybrid,fixed,decaps,613217
6129,hybrid,fixed,decaps,633365
6130,hybrid,fixed,decaps,685473
6131,hybrid,fixed,decaps,844721
6132,hybrid,fixed,decaps,850210
6133,hybrid,fixed,decaps,658002
6134,hybrid,fixed,decaps,701082
6135,hybrid,fixed,decaps,709126
6136,hybrid,fixed,decaps,611194
6137,hybrid,fixed,decaps,609150
6138,hybrid,fixed,decaps,629408
6139,hybrid,fixed,decaps,616323
6140,hybrid,fixed,decaps,656468
6141,hybrid,fixed,decaps,624068
6142,hybrid,fixed,decaps,610151
6143,hybrid,fixed,decaps,650988
6144,hybrid,fixed,decaps,636480
6145,hybrid,fixed,decaps,617355
6146,hybrid,fixed,decaps,615822
6147,hybrid,fixed,decaps,618668
6148,hybrid,fixed,decaps,667499
6149,hybrid,fixed,decaps,646890
6150,hybrid,fixed,decaps,610652
6151,hybrid,fixed,decaps,611363
6152,hybrid,fixed,decaps,610131
6153,hybrid,fixed,decaps,612175
6154,hybrid,fixed,decaps,631601
6155,hybrid,fixed,decaps,612556
6156,hybrid,fixed,decaps,685913
6157,hybrid,fixed,decaps,809254
6158,hybrid,fixed,decaps,650888
6159,hybrid,fixed,decaps,652611
6160,hybrid,fixed,decaps,662639
6161,hybrid,fixed,decaps,624058
6162,hybrid,fixed,decaps,633796
6163,hybrid,fixed,decaps,612986
6164,hybrid,fixed,decaps,684210
6165,hybrid,fixed,decaps,613809
6166,hybrid,fixed,decaps,610593
6167,hybrid,fixed,decaps,626082
6168,hybrid,fixed,decaps,611194
6169,hybrid,fixed,decaps,606716
6170,hybrid,fixed,decaps,617215
6171,hybrid,fixed,decaps,606986
6172,hybrid,fixed,decaps,673200
6173,hybrid,fixed,decaps,615612
6174,hybrid,fixed,decaps,608749
6175,hybrid,fixed,decaps,615412
6176,hybrid,fixed,decaps,613047
6177,hybrid,fixed,decaps,614870
6178,hybrid,fixed,decaps,651388
6179,hybrid,fixed,decaps,619429
6180,hybrid,fixed,decaps,665054
6181,hybrid,fixed,decaps,623146
6182,hybrid,fixed,decaps,695080
6183,hybrid,fixed,decaps,787724
6184,hybrid,fixed,decaps,860139
6185,hybrid,fixed,decaps,898681
6186,hybrid,fixed,decaps,732882
6187,hybrid,fixed,decaps,671476
6188,hybrid,fixed,decaps,611434
6189,hybrid,fixed,decaps,603179
6190,hybrid,fixed,decaps,627044
6191,hybrid,fixed,decaps,629818
6192,hybrid,fixed,decaps,636872
6193,hybrid,fixed,decaps,616193
6194,hybrid,fixed,decaps,608038
6195,hybrid,fixed,decaps,622846
6196,hybrid,fixed,decaps,613879
6197,hybrid,fixed,decaps,612927
6198,hybrid,fixed,decaps,632343
6199,hybrid,fixed,decaps,611554
6200,hybrid,fixed,decaps,659253
6201,hybrid,fixed,decaps,613037
6202,hybrid,fixed,decaps,711421
6203,hybrid,fixed,decaps,629669
6204,hybrid,fixed,decaps,611815
6205,hybrid,fixed,decaps,629729
6206,hybrid,fixed,decaps,614430
6207,hybrid,fixed,decaps,703827
6208,hybrid,fixed,decaps,790259
6209,hybrid,fixed,decaps,749593
6210,hybrid,fixed,decaps,653903
6211,hybrid,fixed,decaps,651509
6212,hybrid,fixed,decaps,630219
6213,hybrid,fixed,decaps,616854
6214,hybrid,fixed,decaps,606976
6215,hybrid,fixed,decaps,617426
6216,hybrid,fixed,decaps,626212
6217,hybrid,fixed,decaps,616794
6218,hybrid,fixed,decaps,609440
6219,hybrid,fixed,decaps,659294
6220,hybrid,fixed,decaps,654775
6221,hybrid,fixed,decaps,694991
6222,hybrid,fixed,decaps,638164
6223,hybrid,fixed,decaps,609991
6224,hybrid,fixed,decaps,611304
6225,hybrid,fixed,decaps,648153
6226,hybrid,fixed,decaps,718645
6227,hybrid,fixed,decaps,654114
6228,hybrid,fixed,decaps,612576
6229,hybrid,fixed,decaps,626602
6230,hybrid,fixed,decaps,705670
6231,hybrid,fixed,decaps,685854
6232,hybrid,fixed,decaps,641590
6233,hybrid,fixed,decaps,809985
6234,hybrid,fixed,decaps,805557
6235,hybrid,fixed,decaps,681845
6236,hybrid,fixed,decaps,643484
6237,hybrid,fixed,decaps,618077
6238,hybrid,fixed,decaps,610593
6239,hybrid,fixed,decaps,606675
6240,hybrid,fixed,decaps,613167
6241,hybrid,fixed,decaps,629518
6242,hybrid,fixed,decaps,618016
6243,hybrid,fixed,decaps,622746
6244,hybrid,fixed,decaps,615442
6245,hybrid,fixed,decaps,628997
6246,hybrid,fixed,decaps,617686
6247,hybrid,fixed,decaps,623948
6248,hybrid,fixed,decaps,608078
6249,hybrid,fixed,decaps,624479
6250,hybrid,fixed,decaps,611214
6251,hybrid,fixed,decaps,656979
6252,hybrid,fixed,decaps,618928
6253,hybrid,fixed,decaps,626101
6254,hybrid,fixed,decaps,609590
6255,hybrid,fixed,decaps,627314
6256,hybrid,fixed,decaps,610612
6257,hybrid,fixed,decaps,635920
6258,hybrid,fixed,decaps,739304
6259,hybrid,fixed,decaps,706723
6260,hybrid,fixed,decaps,685583
6261,hybrid,fixed,decaps,615652
6262,hybrid,fixed,decaps,628226
6263,hybrid,fixed,decaps,614409
6264,hybrid,fixed,decaps,608448
6265,hybrid,fixed,decaps,609962
6266,hybrid,fixed,decaps,622004
6267,hybrid,fixed,decaps,659483
6268,hybrid,fixed,decaps,607928
6269,hybrid,fixed,decaps,615642
6270,hybrid,fixed,decaps,628906
6271,hybrid,fixed,decaps,611554
6272,hybrid,fixed,decaps,610863
6273,hybrid,fixed,decaps,621824
6274,hybrid,fixed,decaps,615472
6275,hybrid,fixed,decaps,658372
6276,hybrid,fixed,decaps,610753
6277,hybrid,fixed,decaps,611164
6278,hybrid,fixed,decaps,666216
6279,hybrid,fixed,decaps,612416
6280,hybrid,fixed,decaps,612025
6281,hybrid,fixed,decaps,652410
6282,hybrid,fixed,decaps,632754
6283,hybrid,fixed,decaps,676916
6284,hybrid,fixed,decaps,618508
6285,hybrid,fixed,decaps,809906
6286,hybrid,fixed,decaps,802512
6287,hybrid,fixed,decaps,642763
6288,hybrid,fixed,decaps,627004
6289,hybrid,fixed,decaps,607707
6290,hybrid,fixed,decaps,663761
6291,hybrid,fixed,decaps,605212
6292,hybrid,fixed,decaps,637353
6293,hybrid,fixed,decaps,624258
6294,hybrid,fixed,decaps,609430
6295,hybrid,fixed,decaps,649435
6296,hybrid,fixed,decaps,621763
6297,hybrid,fixed,decaps,607106
6298,hybrid,fixed,decaps,616574
6299,hybrid,fixed,decaps,611394
6300,hybrid,fixed,decaps,610682
6301,hybrid,fixed,decaps,606765
6302,hybrid,fixed,decaps,606945
6303,hybrid,fixed,decaps,680292
6304,hybrid,fixed,decaps,621492
6305,hybrid,fixed,decaps,615271
6306,hybrid,fixed,decaps,610271
6307,hybrid,fixed,decaps,631742
6308,hybrid,fixed,decaps,611734
6309,hybrid,fixed,decaps,622234
6310,hybrid,fixed,decaps,650206
6311,hybrid,fixed,decaps,792453
6312,hybrid,fixed,decaps,636601
6313,hybrid,fixed,decaps,612796
6314,hybrid,fixed,decaps,653583
6315,hybrid,fixed,decaps,626432
6316,hybrid,fixed,decaps,627614
6317,hybrid,fixed,decaps,611894
6318,hybrid,fixed,decaps,606425
6319,hybrid,fixed,decaps,626542
6320,hybrid,fixed,decaps,611654
6321,hybrid,fixed,decaps,617194
6322,hybrid,fixed,decaps,623867
6323,hybrid,fixed,decaps,617856
6324,hybrid,fixed,decaps,642522
6325,hybrid,fixed,decaps,630259
6326,hybrid,fixed,decaps,606164
6327,hybrid,fixed,decaps,606324
6328,hybrid,fixed,decaps,610161
6329,hybrid,fixed,decaps,629878
6330,hybrid,fixed,decaps,669022
6331,hybrid,fixed,decaps,639427
6332,hybrid,fixed,decaps,609811
6333,hybrid,fixed,decaps,608719
6334,hybrid,fixed,decaps,608629
6335,hybrid,fixed,decaps,606935
6336,hybrid,fixed,decaps,612325
6337,hybrid,fixed,decaps,746767
6338,hybrid,fixed,decaps,777585
6339,hybrid,fixed,decaps,745725
6340,hybrid,fixed,decaps,738191
6341,hybrid,fixed,decaps,620351
6342,hybrid,fixed,decaps,610752
6343,hybrid,fixed,decaps,602868
6344,hybrid,fixed,decaps,616975
6345,hybrid,fixed,decaps,621573
6346,hybrid,fixed,decaps,606746
6347,hybrid,fixed,decaps,695812
6348,hybrid,fixed,decaps,632544
6349,hybrid,fixed,decaps,607476
6350,hybrid,fixed,decaps,611494
6351,hybrid,fixed,decaps,621914
6352,hybrid,fixed,decaps,629007
6353,hybrid,fixed,decaps,606715
6354,hybrid,fixed,decaps,610262
6355,hybrid,fixed,decaps,671797
6356,hybrid,fixed,decaps,662940
6357,hybrid,fixed,decaps,608108
6358,hybrid,fixed,decaps,698497
6359,hybrid,fixed,decaps,724054
6360,hybrid,fixed,decaps,615782
6361,hybrid,fixed,decaps,658251
6362,hybrid,fixed,decaps,718243
6363,hybrid,fixed,decaps,738773
6364,hybrid,fixed,decaps,685412
6365,hybrid,fixed,decaps,630370
6366,hybrid,fixed,decaps,651940
6367,hybrid,fixed,decaps,613098
6368,hybrid,fixed,decaps,606465
6369,hybrid,fixed,decaps,610382
6370,hybrid,fixed,decaps,611063
6371,hybrid,fixed,decaps,618117
6372,hybrid,fixed,decaps,608519
6373,hybrid,fixed,decaps,607317
6374,hybrid,fixed,decaps,611204
6375,hybrid,fixed,decaps,610112
6376,hybrid,fixed,decaps,607126
6377,hybrid,fixed,decaps,615742
6378,hybrid,fixed,decaps,607256
6379,hybrid,fixed,decaps,605833
6380,hybrid,fixed,decaps,605943
6381,hybrid,fixed,decaps,603459
6382,hybrid,fixed,decaps,648173
6383,hybrid,fixed,decaps,634858
6384,hybrid,fixed,decaps,604231
6385,hybrid,fixed,decaps,603429
6386,hybrid,fixed,decaps,602448
6387,hybrid,fixed,decaps,612977
6388,hybrid,fixed,decaps,623978
6389,hybrid,fixed,decaps,665896
6390,hybrid,fixed,decaps,850731
6391,hybrid,fixed,decaps,920191
6392,hybrid,fixed,decaps,907619
6393,hybrid,fixed,decaps,648123
6394,hybrid,fixed,decaps,609169
6395,hybrid,fixed,decaps,612927
6396,hybrid,fixed,decaps,602728
6397,hybrid,fixed,decaps,631131
6398,hybrid,fixed,decaps,618016
6399,hybrid,fixed,decaps,608799
6400,hybrid,fixed,decaps,616934
6401,hybrid,fixed,decaps,608668
6402,hybrid,fixed,decaps,628185
6403,hybrid,fixed,decaps,626111
6404,hybrid,fixed,decaps,761555
6405,hybrid,fixed,decaps,622444
6406,hybrid,fixed,decaps,615902
6407,hybrid,fixed,decaps,671205
6408,hybrid,fixed,decaps,784788
6409,hybrid,fixed,decaps,826767
6410,hybrid,fixed,decaps,814223
6411,hybrid,fixed,decaps,870108
6412,hybrid,fixed,decaps,809705
6413,hybrid,fixed,decaps,848097
6414,hybrid,fixed,decaps,903471
6415,hybrid,fixed,decaps,883833
6416,hybrid,fixed,decaps,872152
6417,hybrid,fixed,decaps,922245
6418,hybrid,fixed,decaps,685482
6419,hybrid,fixed,decaps,612926
6420,hybrid,fixed,decaps,616243
6421,hybrid,fixed,decaps,605133
6422,hybrid,fixed,decaps,627374
6423,hybrid,fixed,decaps,678008
6424,hybrid,fixed,decaps,739504
6425,hybrid,fixed,decaps,747469
6426,hybrid,fixed,decaps,622876
6427,hybrid,fixed,decaps,608338
6428,hybrid,fixed,decaps,607066
6429,hybrid,fixed,decaps,609501
6430,hybrid,fixed,decaps,654745
6431,hybrid,fixed,decaps,642492
6432,hybrid,fixed,decaps,604360
6433,hybrid,fixed,decaps,603389
6434,hybrid,fixed,decaps,615492
6435,hybrid,fixed,decaps,630109
6436,hybrid,fixed,decaps,705279
6437,hybrid,fixed,decaps,856132
6438,hybrid,fixed,decaps,883303
6439,hybrid,fixed,decaps,892540
6440,hybrid,fixed,decaps,628346
6441,hybrid,fixed,decaps,607026
6442,hybrid,fixed,decaps,606806
6443,hybrid,fixed,decaps,607206
6444,hybrid,fixed,decaps,616854
6445,hybrid,fixed,decaps,620541
6446,hybrid,fixed,decaps,653673
6447,hybrid,fixed,decaps,624479
6448,hybrid,fixed,decaps,612676
6449,hybrid,fixed,decaps,614139
6450,hybrid,fixed,decaps,623757
6451,hybrid,fixed,decaps,607557
6452,hybrid,fixed,decaps,616012
6453,hybrid,fixed,decaps,611694
6454,hybrid,fixed,decaps,628686
6455,hybrid,fixed,decaps,626042
6456,hybrid,fixed,decaps,617265
6457,hybrid,fixed,decaps,614529
6458,hybrid,fixed,decaps,614810
6459,hybrid,fixed,decaps,609440
6460,hybrid,fixed,decaps,623467
6461,hybrid,fixed,decaps,613247
6462,hybrid,fixed,decaps,620431
6463,hybrid,fixed,decaps,606375
6464,hybrid,fixed,decaps,604641
6465,hybrid,fixed,decaps,608528
6466,hybrid,fixed,decaps,625861
6467,hybrid,fixed,decaps,603640
6468,hybrid,fixed,decaps,604992
6469,hybrid,fixed,decaps,602878
6470,hybrid,fixed,decaps,609280
6471,hybrid,fixed,decaps,655908
6472,hybrid,fixed,decaps,621402
6473,hybrid,fixed,decaps,607466
6474,hybrid,fixed,decaps,607146
6475,hybrid,fixed,decaps,608649
6476,hybrid,fixed,decaps,611183
6477,hybrid,fixed,decaps,665906
6478,hybrid,fixed,decaps,617956
6479,hybrid,fixed,decaps,665485
6480,hybrid,fixed,decaps,609691
6481,hybrid,fixed,decaps,609110
6482,hybrid,fixed,decaps,652281
6483,hybrid,fixed,decaps,745855
6484,hybrid,fixed,decaps,712583
6485,hybrid,fixed,decaps,614089
6486,hybrid,fixed,decaps,608498
6487,hybrid,fixed,decaps,673009
6488,hybrid,fixed,decaps,612766
6489,hybrid,fixed,decaps,638655
6490,hybrid,fixed,decaps,614469
6491,hybrid,fixed,decaps,617425
6492,hybrid,fixed,decaps,678209
6493,hybrid,fixed,decaps,614720
6494,hybrid,fixed,decaps,603940
6495,hybrid,fixed,decaps,660335
6496,hybrid,fixed,decaps,614470
6497,hybrid,fixed,decaps,613107
6498,hybrid,fixed,decaps,634147
6499,hybrid,fixed,decaps,605363
6500,hybrid,fixed,decaps,613488
6501,hybrid,fixed,decaps,609390
6502,hybrid,fixed,decaps,608599
6503,hybrid,fixed,decaps,652852
6504,hybrid,fixed,decaps,633966
6505,hybrid,fixed,decaps,624548
6506,hybrid,fixed,decaps,624288
6507,hybrid,fixed,decaps,623096
6508,hybrid,fixed,decaps,630029
6509,hybrid,fixed,decaps,676936
6510,hybrid,fixed,decaps,614560
6511,hybrid,fixed,decaps,616674
6512,hybrid,fixed,decaps,607747
6513,hybrid,fixed,decaps,610542
6514,hybrid,fixed,decaps,619890
6515,hybrid,fixed,decaps,628336
6516,hybrid,fixed,decaps,615191
6517,hybrid,fixed,decaps,625450
6518,hybrid,fixed,decaps,610793
6519,hybrid,fixed,decaps,660716
6520,hybrid,fixed,decaps,632724
6521,hybrid,fixed,decaps,618638
6522,hybrid,fixed,decaps,623867
6523,hybrid,fixed,decaps,626902
6524,hybrid,fixed,decaps,733212
6525,hybrid,fixed,decaps,682457
6526,hybrid,fixed,decaps,708786
6527,hybrid,fixed,decaps,660386
6528,hybrid,fixed,decaps,623336
6529,hybrid,fixed,decaps,638184
6530,hybrid,fixed,decaps,620361
6531,hybrid,fixed,decaps,613999
6532,hybrid,fixed,decaps,619178
6533,hybrid,fixed,decaps,614960
6534,hybrid,fixed,decaps,625260
6535,hybrid,fixed,decaps,708215
6536,hybrid,fixed,decaps,625991
6537,hybrid,fixed,decaps,611063
6538,hybrid,fixed,decaps,617416
6539,hybrid,fixed,decaps,612386
6540,hybrid,fixed,decaps,656990
6541,hybrid,fixed,decaps,672828
6542,hybrid,fixed,decaps,664814
6543,hybrid,fixed,decaps,691795
6544,hybrid,fixed,decaps,751386
6545,hybrid,fixed,decaps,699649
6546,hybrid,fixed,decaps,702324
6547,hybrid,fixed,decaps,622885
6548,hybrid,fixed,decaps,618978
6549,hybrid,fixed,decaps,606985
6550,hybrid,fixed,decaps,640909
6551,hybrid,fixed,decaps,708485
6552,hybrid,fixed,decaps,617756
6553,hybrid,fixed,decaps,613608
6554,hybrid,fixed,decaps,618718
6555,hybrid,fixed,decaps,627705
6556,hybrid,fixed,decaps,617796
6557,hybrid,fixed,decaps,609030
6558,hybrid,fixed,decaps,646350
6559,hybrid,fixed,decaps,665134
6560,hybrid,fixed,decaps,677297
6561,hybrid,fixed,decaps,623626
6562,hybrid,fixed,decaps,630610
6563,hybrid,fixed,decaps,617876
6564,hybrid,fixed,decaps,643444
6565,hybrid,fixed,decaps,654795
6566,hybrid,fixed,decaps,620631
6567,hybrid,fixed,decaps,637813
6568,hybrid,fixed,decaps,617125
6569,hybrid,fixed,decaps,626371
6570,hybrid,fixed,decaps,614209
6571,hybrid,fixed,decaps,675805
6572,hybrid,fixed,decaps,647071
6573,hybrid,fixed,decaps,616554
6574,hybrid,fixed,decaps,610493
6575,hybrid,fixed,decaps,652060
6576,hybrid,fixed,decaps,631893
6577,hybrid,fixed,decaps,619409
6578,hybrid,fixed,decaps,617686
6579,hybrid,fixed,decaps,620430
6580,hybrid,fixed,decaps,619860
6581,hybrid,fixed,decaps,646520
6582,hybrid,fixed,decaps,641070
6583,hybrid,fixed,decaps,692646
6584,hybrid,fixed,decaps,628005
6585,hybrid,fixed,decaps,615903
6586,hybrid,fixed,decaps,620171
6587,hybrid,fixed,decaps,685763
6588,hybrid,fixed,decaps,633635
6589,hybrid,fixed,decaps,613728
6590,hybrid,fixed,decaps,759000
6591,hybrid,fixed,decaps,792573
6592,hybrid,fixed,decaps,633275
6593,hybrid,fixed,decaps,631040
6594,hybrid,fixed,decaps,653833
6595,hybrid,fixed,decaps,618547
6596,hybrid,fixed,decaps,800668
6597,hybrid,fixed,decaps,649755
6598,hybrid,fixed,decaps,635790
6599,hybrid,fixed,decaps,636250
6600,hybrid,fixed,decaps,611184
6601,hybrid,fixed,decaps,607307
6602,hybrid,fixed,decaps,628656
6603,hybrid,fixed,decaps,641972
6604,hybrid,fixed,decaps,622325
6605,hybrid,fixed,decaps,651670
6606,hybrid,fixed,decaps,610662
6607,hybrid,fixed,decaps,633515
6608,hybrid,fixed,decaps,618417
6609,hybrid,fixed,decaps,673651
6610,hybrid,fixed,decaps,776974
6611,hybrid,fixed,decaps,615442
6612,hybrid,fixed,decaps,629789
6613,hybrid,fixed,decaps,655907
6614,hybrid,fixed,decaps,617956
6615,hybrid,fixed,decaps,746197
6616,hybrid,fixed,decaps,742228
6617,hybrid,fixed,decaps,709357
6618,hybrid,fixed,decaps,660235
6619,hybrid,fixed,decaps,632423
6620,hybrid,fixed,decaps,687557
6621,hybrid,fixed,decaps,715058
6622,hybrid,fixed,decaps,747027
6623,hybrid,fixed,decaps,647351
6624,hybrid,fixed,decaps,624668
6625,hybrid,fixed,decaps,619489
6626,hybrid,fixed,decaps,603039
6627,hybrid,fixed,decaps,628827
6628,hybrid,fixed,decaps,604671
6629,hybrid,fixed,decaps,612646
6630,hybrid,fixed,decaps,686875
6631,hybrid,fixed,decaps,620601
6632,hybrid,fixed,decaps,624238
6633,hybrid,fixed,decaps,618808
6634,hybrid,fixed,decaps,618778
6635,hybrid,fixed,decaps,619229
6636,hybrid,fixed,decaps,617977
6637,hybrid,fixed,decaps,683960
6638,hybrid,fixed,decaps,676977
6639,hybrid,fixed,decaps,615511
6640,hybrid,fixed,decaps,610743
6641,hybrid,fixed,decaps,625791
6642,hybrid,fixed,decaps,660465
6643,hybrid,fixed,decaps,650067
6644,hybrid,fixed,decaps,616203
6645,hybrid,fixed,decaps,639707
6646,hybrid,fixed,decaps,776733
6647,hybrid,fixed,decaps,653433
6648,hybrid,fixed,decaps,642111
6649,hybrid,fixed,decaps,625240
6650,hybrid,fixed,decaps,630840
6651,hybrid,fixed,decaps,621112
6652,hybrid,fixed,decaps,617575
6653,hybrid,fixed,decaps,635469
6654,hybrid,fixed,decaps,645859
6655,hybrid,fixed,decaps,628095
6656,hybrid,fixed,decaps,618928
6657,hybrid,fixed,decaps,619168
6658,hybrid,fixed,decaps,625640
6659,hybrid,fixed,decaps,623647
6660,hybrid,fixed,decaps,621293
6661,hybrid,fixed,decaps,615221
6662,hybrid,fixed,decaps,652390
6663,hybrid,fixed,decaps,632464
6664,hybrid,fixed,decaps,673290
6665,hybrid,fixed,decaps,623957
6666,hybrid,fixed,decaps,627995
6667,hybrid,fixed,decaps,636050
6668,hybrid,fixed,decaps,813072
6669,hybrid,fixed,decaps,849730
6670,hybrid,fixed,decaps,875097
6671,hybrid,fixed,decaps,893101
6672,hybrid,fixed,decaps,891458
6673,hybrid,fixed,decaps,924710
6674,hybrid,fixed,decaps,945850
6675,hybrid,fixed,decaps,862444
6676,hybrid,fixed,decaps,925462
6677,hybrid,fixed,decaps,662459
6678,hybrid,fixed,decaps,621002
6679,hybrid,fixed,decaps,614991
6680,hybrid,fixed,decaps,618748
6681,hybrid,fixed,decaps,646580
6682,hybrid,fixed,decaps,619559
6683,hybrid,fixed,decaps,618347
6684,hybrid,fixed,decaps,610583
6685,hybrid,fixed,decaps,626212
6686,hybrid,fixed,decaps,624509
6687,hybrid,fixed,decaps,616734
6688,hybrid,fixed,decaps,661457
6689,hybrid,fixed,decaps,629498
6690,hybrid,fixed,decaps,803914
6691,hybrid,fixed,decaps,920051
6692,hybrid,fixed,decaps,906757
6693,hybrid,fixed,decaps,878053
6694,hybrid,fixed,decaps,892210
6695,hybrid,fixed,decaps,960407
6696,hybrid,fixed,decaps,939127
6697,hybrid,fixed,decaps,855440
6698,hybrid,fixed,decaps,638504
6699,hybrid,fixed,decaps,648914
6700,hybrid,fixed,decaps,626743
6701,hybrid,fixed,decaps,623797
6702,hybrid,fixed,decaps,624118
6703,hybrid,fixed,decaps,625941
6704,hybrid,fixed,decaps,631121
6705,hybrid,fixed,decaps,622826
6706,hybrid,fixed,decaps,625100
6707,hybrid,fixed,decaps,647602
6708,hybrid,fixed,decaps,657230
6709,hybrid,fixed,decaps,680574
6710,hybrid,fixed,decaps,626743
6711,hybrid,fixed,decaps,623527
6712,hybrid,fixed,decaps,619038
6713,hybrid,fixed,decaps,646179
6714,hybrid,fixed,decaps,865610
6715,hybrid,fixed,decaps,887650
6716,hybrid,fixed,decaps,880447
6717,hybrid,fixed,decaps,902348
6718,hybrid,fixed,decaps,974473
6719,hybrid,fixed,decaps,935600
6720,hybrid,fixed,decaps,794948
6721,hybrid,fixed,decaps,655076
6722,hybrid,fixed,decaps,645578
6723,hybrid,fixed,decaps,628045
6724,hybrid,fixed,decaps,621463
6725,hybrid,fixed,decaps,623237
6726,hybrid,fixed,decaps,627905
6727,hybrid,fixed,decaps,625150
6728,hybrid,fixed,decaps,618688
6729,hybrid,fixed,decaps,624850
6730,hybrid,fixed,decaps,622915
6731,hybrid,fixed,decaps,626983
6732,hybrid,fixed,decaps,625571
6733,hybrid,fixed,decaps,717633
6734,hybrid,fixed,decaps,625560
6735,hybrid,fixed,decaps,625580
6736,hybrid,fixed,decaps,643784
6737,hybrid,fixed,decaps,682607
6738,hybrid,fixed,decaps,711481
6739,hybrid,fixed,decaps,649355
6740,hybrid,fixed,decaps,763629
6741,hybrid,fixed,decaps,716761
6742,hybrid,fixed,decaps,644486
6743,hybrid,fixed,decaps,620361
6744,hybrid,fixed,decaps,616063
6745,hybrid,fixed,decaps,665235
6746,hybrid,fixed,decaps,638184
6747,hybrid,fixed,decaps,613718
6748,hybrid,fixed,decaps,637543
6749,hybrid,fixed,decaps,669232
6750,hybrid,fixed,decaps,617997
6751,hybrid,fixed,decaps,614941
6752,hybrid,fixed,decaps,614681
6753,hybrid,fixed,decaps,622605
6754,hybrid,fixed,decaps,632364
6755,hybrid,fixed,decaps,613338
6756,hybrid,fixed,decaps,612937
6757,hybrid,fixed,decaps,638495
6758,hybrid,fixed,decaps,666477
6759,hybrid,fixed,decaps,620601
6760,hybrid,fixed,decaps,645107
6761,hybrid,fixed,decaps,623737
6762,hybrid,fixed,decaps,675935
6763,hybrid,fixed,decaps,661678
6764,hybrid,fixed,decaps,627835
6765,hybrid,fixed,decaps,659705
6766,hybrid,fixed,decaps,683619
6767,hybrid,fixed,decaps,640849
6768,hybrid,fixed,decaps,648383
6769,hybrid,fixed,decaps,616464
6770,hybrid,fixed,decaps,610743
6771,hybrid,fixed,decaps,631502
6772,hybrid,fixed,decaps,614199
6773,hybrid,fixed,decaps,656108
6774,hybrid,fixed,decaps,648263
6775,hybrid,fixed,decaps,617064
6776,hybrid,fixed,decaps,618717
6777,hybrid,fixed,decaps,616493
6778,hybrid,fixed,decaps,617786
6779,hybrid,fixed,decaps,629067
6780,hybrid,fixed,decaps,613658
6781,hybrid,fixed,decaps,752047
6782,hybrid,fixed,decaps,615892
6783,hybrid,fixed,decaps,614540
6784,hybrid,fixed,decaps,627134
6785,hybrid,fixed,decaps,620882
6786,hybrid,fixed,decaps,639627
6787,hybrid,fixed,decaps,676757
6788,hybrid,fixed,decaps,718885
6789,hybrid,fixed,decaps,739493
6790,hybrid,fixed,decaps,721290
6791,hybrid,fixed,decaps,647842
6792,hybrid,fixed,decaps,624338
6793,hybrid,fixed,decaps,618637
6794,hybrid,fixed,decaps,636040
6795,hybrid,fixed,decaps,631362
6796,hybrid,fixed,decaps,627965
6797,hybrid,fixed,decaps,646099
6798,hybrid,fixed,decaps,664884
6799,hybrid,fixed,decaps,680914
6800,hybrid,fixed,decaps,632624
6801,hybrid,fixed,decaps,615141
6802,hybrid,fixed,decaps,654114
6803,hybrid,fixed,decaps,614910
6804,hybrid,fixed,decaps,660025
6805,hybrid,fixed,decaps,640819
6806,hybrid,fixed,decaps,615201
6807,hybrid,fixed,decaps,610402
6808,hybrid,fixed,decaps,620831
6809,hybrid,fixed,decaps,616383
6810,hybrid,fixed,decaps,703096
6811,hybrid,fixed,decaps,628426
6812,hybrid,fixed,decaps,660256
6813,hybrid,fixed,decaps,705099
6814,hybrid,fixed,decaps,640929
6815,hybrid,fixed,decaps,672077
6816,hybrid,fixed,decaps,620521
6817,hybrid,fixed,decaps,669011
6818,hybrid,fixed,decaps,683299
6819,hybrid,fixed,decaps,674182
6820,hybrid,fixed,decaps,789346
6821,hybrid,fixed,decaps,641931
6822,hybrid,fixed,decaps,612416
6823,hybrid,fixed,decaps,670835
6824,hybrid,fixed,decaps,626142
6825,hybrid,fixed,decaps,672388
6826,hybrid,fixed,decaps,619730
6827,hybrid,fixed,decaps,650748
6828,hybrid,fixed,decaps,747769
6829,hybrid,fixed,decaps,624077
6830,hybrid,fixed,decaps,624349
6831,hybrid,fixed,decaps,611934
6832,hybrid,fixed,decaps,612666
6833,hybrid,fixed,decaps,626612
6834,hybrid,fixed,decaps,650857
6835,hybrid,fixed,decaps,722482
6836,hybrid,fixed,decaps,663551
6837,hybrid,fixed,decaps,628065
6838,hybrid,fixed,decaps,662870
6839,hybrid,fixed,decaps,746316
6840,hybrid,fixed,decaps,681815
6841,hybrid,fixed,decaps,629608
6842,hybrid,fixed,decaps,687576
6843,hybrid,fixed,decaps,771894
6844,hybrid,fixed,decaps,650818
6845,hybrid,fixed,decaps,679291
6846,hybrid,fixed,decaps,621704
6847,hybrid,fixed,decaps,616233
6848,hybrid,fixed,decaps,615371
6849,hybrid,fixed,decaps,633656
6850,hybrid,fixed,decaps,659644
6851,hybrid,fixed,decaps,704478
6852,hybrid,fixed,decaps,649245
6853,hybrid,fixed,decaps,621302
6854,hybrid,fixed,decaps,616353
6855,hybrid,fixed,decaps,623396
6856,hybrid,fixed,decaps,619399
6857,hybrid,fixed,decaps,645858
6858,hybrid,fixed,decaps,620311
6859,hybrid,fixed,decaps,625501
6860,hybrid,fixed,decaps,661849
6861,hybrid,fixed,decaps,672188
6862,hybrid,fixed,decaps,636541
6863,hybrid,fixed,decaps,622755
6864,hybrid,fixed,decaps,751787
6865,hybrid,fixed,decaps,642242
6866,hybrid,fixed,decaps,721410
6867,hybrid,fixed,decaps,761114
6868,hybrid,fixed,decaps,628336
6869,hybrid,fixed,decaps,646630
6870,hybrid,fixed,decaps,623206
6871,hybrid,fixed,decaps,642312
6872,hybrid,fixed,decaps,614660
6873,hybrid,fixed,decaps,614460
6874,hybrid,fixed,decaps,712382
6875,hybrid,fixed,decaps,674753
6876,hybrid,fixed,decaps,649946
6877,hybrid,fixed,decaps,679471
6878,hybrid,fixed,decaps,649916
6879,hybrid,fixed,decaps,655166
6880,hybrid,fixed,decaps,650728
6881,hybrid,fixed,decaps,651058
6882,hybrid,fixed,decaps,681224
6883,hybrid,fixed,decaps,636951
6884,hybrid,fixed,decaps,627354
6885,hybrid,fixed,decaps,622345
6886,hybrid,fixed,decaps,636732
6887,hybrid,fixed,decaps,618227
6888,hybrid,fixed,decaps,618498
6889,hybrid,fixed,decaps,631892
6890,hybrid,fixed,decaps,809505
6891,hybrid,fixed,decaps,908860
6892,hybrid,fixed,decaps,892941
6893,hybrid,fixed,decaps,908089
6894,hybrid,fixed,decaps,988780
6895,hybrid,fixed,decaps,930170
6896,hybrid,fixed,decaps,871650
6897,hybrid,fixed,decaps,669142
6898,hybrid,fixed,decaps,864818
6899,hybrid,fixed,decaps,926845
6900,hybrid,fixed,decaps,931433
6901,hybrid,fixed,decaps,703166
6902,hybrid,fixed,decaps,708585
6903,hybrid,fixed,decaps,642282
6904,hybrid,fixed,decaps,628916
6905,hybrid,fixed,decaps,614429
6906,hybrid,fixed,decaps,660325
6907,hybrid,fixed,decaps,669623
6908,hybrid,fixed,decaps,636280
6909,hybrid,fixed,decaps,636040
6910,hybrid,fixed,decaps,629899
6911,hybrid,fixed,decaps,756847
6912,hybrid,fixed,decaps,898150
6913,hybrid,fixed,decaps,897991
6914,hybrid,fixed,decaps,908901
6915,hybrid,fixed,decaps,952031
6916,hybrid,fixed,decaps,968302
6917,hybrid,fixed,decaps,883192
6918,hybrid,fixed,decaps,646069
6919,hybrid,fixed,decaps,625931
6920,hybrid,fixed,decaps,643594
6921,hybrid,fixed,decaps,630299
6922,hybrid,fixed,decaps,628546
6923,hybrid,fixed,decaps,668591
6924,hybrid,fixed,decaps,632754
6925,hybrid,fixed,decaps,693086
6926,hybrid,fixed,decaps,642021
6927,hybrid,fixed,decaps,628746
6928,hybrid,fixed,decaps,659715
6929,hybrid,fixed,decaps,623386
6930,hybrid,fixed,decaps,638445
6931,hybrid,fixed,decaps,708376
6932,hybrid,fixed,decaps,628166
6933,hybrid,fixed,decaps,627033
6934,hybrid,fixed,decaps,623086
6935,hybrid,fixed,decaps,692436
6936,hybrid,fixed,decaps,656950
6937,hybrid,fixed,decaps,625951
6938,hybrid,fixed,decaps,640489
6939,hybrid,fixed,decaps,649455
6940,hybrid,fixed,decaps,699368
6941,hybrid,fixed,decaps,657260
6942,hybrid,fixed,decaps,629719
6943,hybrid,fixed,decaps,628366
6944,hybrid,fixed,decaps,633776
6945,hybrid,fixed,decaps,615982
6946,hybrid,fixed,decaps,632723
6947,hybrid,fixed,decaps,629187
6948,hybrid,fixed,decaps,624047
6949,hybrid,fixed,decaps,631381
6950,hybrid,fixed,decaps,621152
6951,hybrid,fixed,decaps,627484
6952,hybrid,fixed,decaps,617235
6953,hybrid,fixed,decaps,619700
6954,hybrid,fixed,decaps,627444
6955,hybrid,fixed,decaps,672127
6956,hybrid,fixed,decaps,638094
6957,hybrid,fixed,decaps,678399
6958,hybrid,fixed,decaps,623928
6959,hybrid,fixed,decaps,611605
6960,hybrid,fixed,decaps,756956
6961,hybrid,fixed,decaps,672990
6962,hybrid,fixed,decaps,716581
6963,hybrid,fixed,decaps,671427
6964,hybrid,fixed,decaps,616564
6965,hybrid,fixed,decaps,611404
6966,hybrid,fixed,decaps,641160
6967,hybrid,fixed,decaps,637423
6968,hybrid,fixed,decaps,610172
6969,hybrid,fixed,decaps,610672
6970,hybrid,fixed,decaps,606374
6971,hybrid,fixed,decaps,614319
6972,hybrid,fixed,decaps,622074
6973,hybrid,fixed,decaps,629938
6974,hybrid,fixed,decaps,612366
6975,hybrid,fixed,decaps,615591
6976,hybrid,fixed,decaps,623827
6977,hybrid,fixed,decaps,621523
6978,hybrid,fixed,decaps,635199
6979,hybrid,fixed,decaps,668341
6980,hybrid,fixed,decaps,635979
6981,hybrid,fixed,decaps,618948
6982,hybrid,fixed,decaps,655486
6983,hybrid,fixed,decaps,637202
6984,hybrid,fixed,decaps,617255
6985,hybrid,fixed,decaps,618156
6986,hybrid,fixed,decaps,724716
6987,hybrid,fixed,decaps,681375
6988,hybrid,fixed,decaps,660536
6989,hybrid,fixed,decaps,631451
6990,hybrid,fixed,decaps,658982
6991,hybrid,fixed,decaps,630019
6992,hybrid,fixed,decaps,714246
6993,hybrid,fixed,decaps,653242
6994,hybrid,fixed,decaps,669122
6995,hybrid,fixed,decaps,630791
6996,hybrid,fixed,decaps,634888
6997,hybrid,fixed,decaps,667159
6998,hybrid,fixed,decaps,812971
6999,hybrid,fixed,decaps,900114
7000,hybrid,fixed,decaps,655396
7001,hybrid,fixed,decaps,628125
7002,hybrid,fixed,decaps,647391
7003,hybrid,fixed,decaps,625611
7004,hybrid,fixed,decaps,683309
7005,hybrid,fixed,decaps,808844
7006,hybrid,fixed,decaps,764771
7007,hybrid,fixed,decaps,823250
7008,hybrid,fixed,decaps,651138
7009,hybrid,fixed,decaps,693197
7010,hybrid,fixed,decaps,744533
7011,hybrid,fixed,decaps,882231
7012,hybrid,fixed,decaps,726980
7013,hybrid,fixed,decaps,657049
7014,hybrid,fixed,decaps,707313
7015,hybrid,fixed,decaps,670624
7016,hybrid,fixed,decaps,696573
7017,hybrid,fixed,decaps,622385
7018,hybrid,fixed,decaps,623247
7019,hybrid,fixed,decaps,666677
7020,hybrid,fixed,decaps,652511
7021,hybrid,fixed,decaps,642632
7022,hybrid,fixed,decaps,621292
7023,hybrid,fixed,decaps,625481
7024,hybrid,fixed,decaps,662730
7025,hybrid,fixed,decaps,789578
7026,hybrid,fixed,decaps,709147
7027,hybrid,fixed,decaps,627274
7028,hybrid,fixed,decaps,620722
7029,hybrid,fixed,decaps,626923
7030,hybrid,fixed,decaps,626122
7031,hybrid,fixed,decaps,647532
7032,hybrid,fixed,decaps,668911
7033,hybrid,fixed,decaps,622795
7034,hybrid,fixed,decaps,621282
7035,hybrid,fixed,decaps,736989
7036,hybrid,fixed,decaps,886949
7037,hybrid,fixed,decaps,626993
7038,hybrid,fixed,decaps,623797
7039,hybrid,fixed,decaps,762798
7040,hybrid,fixed,decaps,709097
7041,hybrid,fixed,decaps,671947
7042,hybrid,fixed,decaps,620311
7043,hybrid,fixed,decaps,614821
7044,hybrid,fixed,decaps,639927
7045,hybrid,fixed,decaps,666648
7046,hybrid,fixed,decaps,647081
7047,hybrid,fixed,decaps,618056
7048,hybrid,fixed,decaps,614420
7049,hybrid,fixed,decaps,656659
7050,hybrid,fixed,decaps,624118
7051,hybrid,fixed,decaps,614831
7052,hybrid,fixed,decaps,629097
7053,hybrid,fixed,decaps,630600
7054,hybrid,fixed,decaps,616523
7055,hybrid,fixed,decaps,614339
7056,hybrid,fixed,decaps,614309
7057,hybrid,fixed,decaps,697005
7058,hybrid,fixed,decaps,643393
7059,hybrid,fixed,decaps,622104
7060,hybrid,fixed,decaps,614589
7061,hybrid,fixed,decaps,635619
7062,hybrid,fixed,decaps,653202
7063,hybrid,fixed,decaps,757196
7064,hybrid,fixed,decaps,685252
7065,hybrid,fixed,decaps,698888
7066,hybrid,fixed,decaps,670986
7067,hybrid,fixed,decaps,798474
7068,hybrid,fixed,decaps,629989
7069,hybrid,fixed,decaps,683188
7070,hybrid,fixed,decaps,656088
7071,hybrid,fixed,decaps,614059
7072,hybrid,fixed,decaps,651760
7073,hybrid,fixed,decaps,619620
7074,hybrid,fixed,decaps,706201
7075,hybrid,fixed,decaps,616092
7076,hybrid,fixed,decaps,610753
7077,hybrid,fixed,decaps,629267
7078,hybrid,fixed,decaps,655947
7079,hybrid,fixed,decaps,626482
7080,hybrid,fixed,decaps,632964
7081,hybrid,fixed,decaps,642652
7082,hybrid,fixed,decaps,637934
7083,hybrid,fixed,decaps,621122
7084,hybrid,fixed,decaps,635449
7085,hybrid,fixed,decaps,637603
7086,hybrid,fixed,decaps,692446
7087,hybrid,fixed,decaps,679371
7088,hybrid,fixed,decaps,665415
7089,hybrid,fixed,decaps,740064
7090,hybrid,fixed,decaps,841895
7091,hybrid,fixed,decaps,652701
7092,hybrid,fixed,decaps,659094
7093,hybrid,fixed,decaps,643855
7094,hybrid,fixed,decaps,654925
7095,hybrid,fixed,decaps,619890
7096,hybrid,fixed,decaps,627985
7097,hybrid,fixed,decaps,640989
7098,hybrid,fixed,decaps,621563
7099,hybrid,fixed,decaps,622344
7100,hybrid,fixed,decaps,641190
7101,hybrid,fixed,decaps,629809
7102,hybrid,fixed,decaps,694750
7103,hybrid,fixed,decaps,623616
7104,hybrid,fixed,decaps,638214
7105,hybrid,fixed,decaps,621864
7106,hybrid,fixed,decaps,625060
7107,hybrid,fixed,decaps,653663
7108,hybrid,fixed,decaps,652701
7109,hybrid,fixed,decaps,634978
7110,hybrid,fixed,decaps,640448
7111,hybrid,fixed,decaps,783566
7112,hybrid,fixed,decaps,631953
7113,hybrid,fixed,decaps,649766
7114,hybrid,fixed,decaps,682006
7115,hybrid,fixed,decaps,780410
7116,hybrid,fixed,decaps,670083
7117,hybrid,fixed,decaps,697075
7118,hybrid,fixed,decaps,636080
7119,hybrid,fixed,decaps,612075
7120,hybrid,fixed,decaps,663101
7121,hybrid,fixed,decaps,624799
7122,hybrid,fixed,decaps,778135
7123,hybrid,fixed,decaps,675304
7124,hybrid,fixed,decaps,647111
7125,hybrid,fixed,decaps,654244
7126,hybrid,fixed,decaps,621112
7127,hybrid,fixed,decaps,616574
7128,hybrid,fixed,decaps,633035
7129,hybrid,fixed,decaps,621613
7130,hybrid,fixed,decaps,677888
7131,hybrid,fixed,decaps,635178
7132,hybrid,fixed,decaps,628556
7133,hybrid,fixed,decaps,689651
7134,hybrid,fixed,decaps,633816
7135,hybrid,fixed,decaps,622595
7136,hybrid,fixed,decaps,732360
7137,hybrid,fixed,decaps,646870
7138,hybrid,fixed,decaps,747238
7139,hybrid,fixed,decaps,701663
7140,hybrid,fixed,decaps,816648
7141,hybrid,fixed,decaps,754201
7142,hybrid,fixed,decaps,657330
7143,hybrid,fixed,decaps,617606
7144,hybrid,fixed,decaps,614160
7145,hybrid,fixed,decaps,637944
7146,hybrid,fixed,decaps,615692
7147,hybrid,fixed,decaps,616824
7148,hybrid,fixed,decaps,674612
7149,hybrid,fixed,decaps,637764
7150,hybrid,fixed,decaps,637563
7151,hybrid,fixed,decaps,615301
7152,hybrid,fixed,decaps,617906
7153,hybrid,fixed,decaps,623998
7154,hybrid,fixed,decaps,642973
7155,hybrid,fixed,decaps,622144
7156,hybrid,fixed,decaps,659744
7157,hybrid,fixed,decaps,618978
7158,hybrid,fixed,decaps,634086
7159,hybrid,fixed,decaps,614600
7160,hybrid,fixed,decaps,656739
7161,hybrid,fixed,decaps,639706
7162,hybrid,fixed,decaps,655958
7163,hybrid,fixed,decaps,653673
7164,hybrid,fixed,decaps,711993
7165,hybrid,fixed,decaps,628486
7166,hybrid,fixed,decaps,612807
7167,hybrid,fixed,decaps,612125
7168,hybrid,fixed,decaps,628015
7169,hybrid,fixed,decaps,613017
7170,hybrid,fixed,decaps,641891
7171,hybrid,fixed,decaps,621503
7172,hybrid,fixed,decaps,714407
7173,hybrid,fixed,decaps,640809
7174,hybrid,fixed,decaps,626853
7175,hybrid,fixed,decaps,613207
7176,hybrid,fixed,decaps,617726
7177,hybrid,fixed,decaps,620421
7178,hybrid,fixed,decaps,617204
7179,hybrid,fixed,decaps,620371
7180,hybrid,fixed,decaps,659013
7181,hybrid,fixed,decaps,628416
7182,hybrid,fixed,decaps,616683
7183,hybrid,fixed,decaps,613518
7184,hybrid,fixed,decaps,624889
7185,hybrid,fixed,decaps,611324
7186,hybrid,fixed,decaps,629358
7187,hybrid,fixed,decaps,625170
7188,hybrid,fixed,decaps,628475
7189,hybrid,fixed,decaps,649305
7190,hybrid,fixed,decaps,649736
7191,hybrid,fixed,decaps,617225
7192,hybrid,fixed,decaps,614129
7193,hybrid,fixed,decaps,621964
7194,hybrid,fixed,decaps,632323
7195,hybrid,fixed,decaps,625350
7196,hybrid,fixed,decaps,619740
7197,hybrid,fixed,decaps,649786
7198,hybrid,fixed,decaps,621433
7199,hybrid,fixed,decaps,613889
7200,hybrid,fixed,decaps,622665
7201,hybrid,fixed,decaps,626342
7202,hybrid,fixed,decaps,645879
7203,hybrid,fixed,decaps,618557
7204,hybrid,fixed,decaps,615131
7205,hybrid,fixed,decaps,680713
7206,hybrid,fixed,decaps,616623
7207,hybrid,fixed,decaps,614820
7208,hybrid,fixed,decaps,617114
7209,hybrid,fixed,decaps,615451
7210,hybrid,fixed,decaps,613317
7211,hybrid,fixed,decaps,622484
7212,hybrid,fixed,decaps,626422
7213,hybrid,fixed,decaps,611273
7214,hybrid,fixed,decaps,634016
7215,hybrid,fixed,decaps,709327
7216,hybrid,fixed,decaps,651990
7217,hybrid,fixed,decaps,642161
7218,hybrid,fixed,decaps,623166
7219,hybrid,fixed,decaps,612236
7220,hybrid,fixed,decaps,612957
7221,hybrid,fixed,decaps,656067
7222,hybrid,fixed,decaps,630459
7223,hybrid,fixed,decaps,698467
7224,hybrid,fixed,decaps,626683
7225,hybrid,fixed,decaps,610873
7226,hybrid,fixed,decaps,610102
7227,hybrid,fixed,decaps,624078
7228,hybrid,fixed,decaps,617495
7229,hybrid,fixed,decaps,628556
7230,hybrid,fixed,decaps,618638
7231,hybrid,fixed,decaps,614520
7232,hybrid,fixed,decaps,619960
7233,hybrid,fixed,decaps,626802
7234,hybrid,fixed,decaps,641360
7235,hybrid,fixed,decaps,623747
7236,hybrid,fixed,decaps,614660
7237,hybrid,fixed,decaps,660726
7238,hybrid,fixed,decaps,621232
7239,hybrid,fixed,decaps,615491
7240,hybrid,fixed,decaps,651749
7241,hybrid,fixed,decaps,739884
7242,hybrid,fixed,decaps,668911
7243,hybrid,fixed,decaps,642862
7244,hybrid,fixed,decaps,647852
7245,hybrid,fixed,decaps,741017
7246,hybrid,fixed,decaps,705641
7247,hybrid,fixed,decaps,651699
7248,hybrid,fixed,decaps,615592
7249,hybrid,fixed,decaps,614580
7250,hybrid,fixed,decaps,617095
7251,hybrid,fixed,decaps,615041
7252,hybrid,fixed,decaps,615852
7253,hybrid,fixed,decaps,740115
7254,hybrid,fixed,decaps,625290
7255,hybrid,fixed,decaps,619078
7256,hybrid,fixed,decaps,616875
7257,hybrid,fixed,decaps,616353
7258,hybrid,fixed,decaps,639747
7259,hybrid,fixed,decaps,616814
7260,hybrid,fixed,decaps,616854
7261,hybrid,fixed,decaps,620220
7262,hybrid,fixed,decaps,614209
7263,hybrid,fixed,decaps,656558
7264,hybrid,fixed,decaps,678089
7265,hybrid,fixed,decaps,651419
7266,hybrid,fixed,decaps,711831
7267,hybrid,fixed,decaps,773367
7268,hybrid,fixed,decaps,723474
7269,hybrid,fixed,decaps,628746
7270,hybrid,fixed,decaps,640488
7271,hybrid,fixed,decaps,748170
7272,hybrid,fixed,decaps,777144
7273,hybrid,fixed,decaps,683720
7274,hybrid,fixed,decaps,632875
7275,hybrid,fixed,decaps,653683
7276,hybrid,fixed,decaps,634877
7277,hybrid,fixed,decaps,612326
7278,hybrid,fixed,decaps,635189
7279,hybrid,fixed,decaps,626973
7280,hybrid,fixed,decaps,620200
7281,hybrid,fixed,decaps,614880
7282,hybrid,fixed,decaps,614530
7283,hybrid,fixed,decaps,629939
7284,hybrid,fixed,decaps,627454
7285,hybrid,fixed,decaps,679060
7286,hybrid,fixed,decaps,616173
7287,hybrid,fixed,decaps,631491
7288,hybrid,fixed,decaps,675203
7289,hybrid,fixed,decaps,629989
7290,hybrid,fixed,decaps,623156
7291,hybrid,fixed,decaps,643814
7292,hybrid,fixed,decaps,739103
7293,hybrid,fixed,decaps,724115
7294,hybrid,fixed,decaps,868154
7295,hybrid,fixed,decaps,919420
7296,hybrid,fixed,decaps,748561
7297,hybrid,fixed,decaps,661878
7298,hybrid,fixed,decaps,644646
7299,hybrid,fixed,decaps,696312
7300,hybrid,fixed,decaps,621092
7301,hybrid,fixed,decaps,653051
7302,hybrid,fixed,decaps,635289
7303,hybrid,fixed,decaps,761144
7304,hybrid,fixed,decaps,632523
7305,hybrid,fixed,decaps,615902
7306,hybrid,fixed,decaps,622735
7307,hybrid,fixed,decaps,647332
7308,hybrid,fixed,decaps,632203
7309,hybrid,fixed,decaps,640618
7310,hybrid,fixed,decaps,627464
7311,hybrid,fixed,decaps,623376
7312,hybrid,fixed,decaps,646850
7313,hybrid,fixed,decaps,655907
7314,hybrid,fixed,decaps,639256
7315,hybrid,fixed,decaps,619409
7316,hybrid,fixed,decaps,642252
7317,hybrid,fixed,decaps,615691
7318,hybrid,fixed,decaps,662530
7319,hybrid,fixed,decaps,764571
7320,hybrid,fixed,decaps,695672
7321,hybrid,fixed,decaps,695872
7322,hybrid,fixed,decaps,619910
7323,hybrid,fixed,decaps,639527
7324,hybrid,fixed,decaps,619249
7325,hybrid,fixed,decaps,614460
7326,hybrid,fixed,decaps,618757
7327,hybrid,fixed,decaps,614319
7328,hybrid,fixed,decaps,624027
7329,hybrid,fixed,decaps,645928
7330,hybrid,fixed,decaps,615602
7331,hybrid,fixed,decaps,624999
7332,hybrid,fixed,decaps,641039
7333,hybrid,fixed,decaps,627744
7334,hybrid,fixed,decaps,617014
7335,hybrid,fixed,decaps,620390
7336,hybrid,fixed,decaps,768438
7337,hybrid,fixed,decaps,664042
7338,hybrid,fixed,decaps,614991
7339,hybrid,fixed,decaps,692025
7340,hybrid,fixed,decaps,616022
7341,hybrid,fixed,decaps,618317
7342,hybrid,fixed,decaps,640529
7343,hybrid,fixed,decaps,617275
7344,hybrid,fixed,decaps,743481
7345,hybrid,fixed,decaps,850772
7346,hybrid,fixed,decaps,887781
7347,hybrid,fixed,decaps,737340
7348,hybrid,fixed,decaps,701302
7349,hybrid,fixed,decaps,616724
7350,hybrid,fixed,decaps,611364
7351,hybrid,fixed,decaps,631451
7352,hybrid,fixed,decaps,606936
7353,hybrid,fixed,decaps,618487
7354,hybrid,fixed,decaps,610462
7355,hybrid,fixed,decaps,606555
7356,hybrid,fixed,decaps,612967
7357,hybrid,fixed,decaps,609801
7358,hybrid,fixed,decaps,637664
7359,hybrid,fixed,decaps,620161
7360,hybrid,fixed,decaps,641220
7361,hybrid,fixed,decaps,650016
7362,hybrid,fixed,decaps,622014
7363,hybrid,fixed,decaps,694169
7364,hybrid,fixed,decaps,636411
7365,hybrid,fixed,decaps,651049
7366,hybrid,fixed,decaps,625350
7367,hybrid,fixed,decaps,630249
7368,hybrid,fixed,decaps,662500
7369,hybrid,fixed,decaps,914731
7370,hybrid,fixed,decaps,914992
7371,hybrid,fixed,decaps,876861
7372,hybrid,fixed,decaps,868034
7373,hybrid,fixed,decaps,933517
7374,hybrid,fixed,decaps,951160
7375,hybrid,fixed,decaps,913148
7376,hybrid,fixed,decaps,955808
7377,hybrid,fixed,decaps,640979
7378,hybrid,fixed,decaps,735406
7379,hybrid,fixed,decaps,632774
7380,hybrid,fixed,decaps,622695
7381,hybrid,fixed,decaps,672118
7382,hybrid,fixed,decaps,662138
7383,hybrid,fixed,decaps,637873
7384,hybrid,fixed,decaps,621483
7385,hybrid,fixed,decaps,628196
7386,hybrid,fixed,decaps,687697
7387,hybrid,fixed,decaps,629568
7388,hybrid,fixed,decaps,627645
7389,hybrid,fixed,decaps,657571
7390,hybrid,fixed,decaps,674993
7391,hybrid,fixed,decaps,672118
7392,hybrid,fixed,decaps,625250
7393,hybrid,fixed,decaps,729645
7394,hybrid,fixed,decaps,700921
7395,hybrid,fixed,decaps,716009
7396,hybrid,fixed,decaps,663191
7397,hybrid,fixed,decaps,662941
7398,hybrid,fixed,decaps,673560
7399,hybrid,fixed,decaps,636331
7400,hybrid,fixed,decaps,626552
7401,hybrid,fixed,decaps,647582
7402,hybrid,fixed,decaps,628596
7403,hybrid,fixed,decaps,625220
7404,hybrid,fixed,decaps,665285
7405,hybrid,fixed,decaps,628746
7406,hybrid,fixed,decaps,629177
7407,hybrid,fixed,decaps,658472
7408,hybrid,fixed,decaps,624318
7409,hybrid,fixed,decaps,622625
7410,hybrid,fixed,decaps,641180
7411,hybrid,fixed,decaps,629498
7412,hybrid,fixed,decaps,645978
7413,hybrid,fixed,decaps,626372
7414,hybrid,fixed,decaps,712584
7415,hybrid,fixed,decaps,674001
7416,hybrid,fixed,decaps,786822
7417,hybrid,fixed,decaps,876059
7418,hybrid,fixed,decaps,901016
7419,hybrid,fixed,decaps,895886
7420,hybrid,fixed,decaps,934208
7421,hybrid,fixed,decaps,967180
7422,hybrid,fixed,decaps,932915
7423,hybrid,fixed,decaps,678299
7424,hybrid,fixed,decaps,647311
7425,hybrid,fixed,decaps,622464
7426,hybrid,fixed,decaps,619108
7427,hybrid,fixed,decaps,660566
7428,hybrid,fixed,decaps,666667
7429,hybrid,fixed,decaps,641190
7430,hybrid,fixed,decaps,629047
7431,hybrid,fixed,decaps,625630
7432,hybrid,fixed,decaps,627374
7433,hybrid,fixed,decaps,847826
7434,hybrid,fixed,decaps,891749
7435,hybrid,fixed,decaps,912637
7436,hybrid,fixed,decaps,955047
7437,hybrid,fixed,decaps,711801
7438,hybrid,fixed,decaps,721290
7439,hybrid,fixed,decaps,646920
7440,hybrid,fixed,decaps,858146
7441,hybrid,fixed,decaps,934619
7442,hybrid,fixed,decaps,933977
7443,hybrid,fixed,decaps,821617
7444,hybrid,fixed,decaps,862954
7445,hybrid,fixed,decaps,714357
7446,hybrid,fixed,decaps,645958
7447,hybrid,fixed,decaps,618247
7448,hybrid,fixed,decaps,610673
7449,hybrid,fixed,decaps,609861
7450,hybrid,fixed,decaps,619799
7451,hybrid,fixed,decaps,623626
7452,hybrid,fixed,decaps,627514
7453,hybrid,fixed,decaps,626392
7454,hybrid,fixed,decaps,618337
7455,hybrid,fixed,decaps,623237
7456,hybrid,fixed,decaps,667469
7457,hybrid,fixed,decaps,671426
7458,hybrid,fixed,decaps,624668
7459,hybrid,fixed,decaps,619279
7460,hybrid,fixed,decaps,616864
7461,hybrid,fixed,decaps,719977
7462,hybrid,fixed,decaps,890776
7463,hybrid,fixed,decaps,867373
7464,hybrid,fixed,decaps,893281
7465,hybrid,fixed,decaps,881359
7466,hybrid,fixed,decaps,980194
7467,hybrid,fixed,decaps,957722
7468,hybrid,fixed,decaps,901476
7469,hybrid,fixed,decaps,672428
7470,hybrid,fixed,decaps,644727
7471,hybrid,fixed,decaps,631481
7472,hybrid,fixed,decaps,625691
7473,hybrid,fixed,decaps,611434
7474,hybrid,fixed,decaps,610131
7475,hybrid,fixed,decaps,627293
7476,hybrid,fixed,decaps,615321
7477,hybrid,fixed,decaps,626692
7478,hybrid,fixed,decaps,627664
7479,hybrid,fixed,decaps,622876
7480,hybrid,fixed,decaps,634858
7481,hybrid,fixed,decaps,623997
7482,hybrid,fixed,decaps,620300
7483,hybrid,fixed,decaps,624558
7484,hybrid,fixed,decaps,725126
7485,hybrid,fixed,decaps,683418
7486,hybrid,fixed,decaps,624669
7487,hybrid,fixed,decaps,641521
7488,hybrid,fixed,decaps,701422
7489,hybrid,fixed,decaps,648273
7490,hybrid,fixed,decaps,640278
7491,hybrid,fixed,decaps,617194
7492,hybrid,fixed,decaps,620240
7493,hybrid,fixed,decaps,616233
7494,hybrid,fixed,decaps,614119
7495,hybrid,fixed,decaps,648964
7496,hybrid,fixed,decaps,776573
7497,hybrid,fixed,decaps,634107
7498,hybrid,fixed,decaps,617465
7499,hybrid,fixed,decaps,614149
7500,hybrid,fixed,decaps,617195
7501,hybrid,fixed,decaps,635058
7502,hybrid,fixed,decaps,620191
7503,hybrid,fixed,decaps,632474
7504,hybrid,fixed,decaps,630840
7505,hybrid,fixed,decaps,621203
7506,hybrid,fixed,decaps,627264
7507,hybrid,fixed,decaps,617015
7508,hybrid,fixed,decaps,617455
7509,hybrid,fixed,decaps,719205
7510,hybrid,fixed,decaps,695301
7511,hybrid,fixed,decaps,656759
7512,hybrid,fixed,decaps,625070
7513,hybrid,fixed,decaps,621974
7514,hybrid,fixed,decaps,618087
7515,hybrid,fixed,decaps,665425
7516,hybrid,fixed,decaps,668611
7517,hybrid,fixed,decaps,878554
7518,hybrid,fixed,decaps,930791
7519,hybrid,fixed,decaps,938266
7520,hybrid,fixed,decaps,981707
7521,hybrid,fixed,decaps,866131
7522,hybrid,fixed,decaps,637273
7523,hybrid,fixed,decaps,635980
7524,hybrid,fixed,decaps,653502
7525,hybrid,fixed,decaps,620871
7526,hybrid,fixed,decaps,652431
7527,hybrid,fixed,decaps,626923
7528,hybrid,fixed,decaps,623226
7529,hybrid,fixed,decaps,618557
7530,hybrid,fixed,decaps,634447
7531,hybrid,fixed,decaps,621203
7532,hybrid,fixed,decaps,635679
7533,hybrid,fixed,decaps,761054
7534,hybrid,fixed,decaps,660907
7535,hybrid,fixed,decaps,692094
7536,hybrid,fixed,decaps,763308
7537,hybrid,fixed,decaps,900795
7538,hybrid,fixed,decaps,908269
7539,hybrid,fixed,decaps,792944
7540,hybrid,fixed,decaps,625550
7541,hybrid,fixed,decaps,621803
7542,hybrid,fixed,decaps,624378
7543,hybrid,fixed,decaps,777445
7544,hybrid,fixed,decaps,641040
7545,hybrid,fixed,decaps,617285
7546,hybrid,fixed,decaps,617705
7547,hybrid,fixed,decaps,620741
7548,hybrid,fixed,decaps,615962
7549,hybrid,fixed,decaps,617956
7550,hybrid,fixed,decaps,610733
7551,hybrid,fixed,decaps,616895
7552,hybrid,fixed,decaps,634187
7553,hybrid,fixed,decaps,626613
7554,hybrid,fixed,decaps,640709
7555,hybrid,fixed,decaps,648543
7556,hybrid,fixed,decaps,690692
7557,hybrid,fixed,decaps,639046
7558,hybrid,fixed,decaps,696994
7559,hybrid,fixed,decaps,665725
7560,hybrid,fixed,decaps,616263
7561,hybrid,fixed,decaps,655486
7562,hybrid,fixed,decaps,856923
7563,hybrid,fixed,decaps,920332
7564,hybrid,fixed,decaps,895756
7565,hybrid,fixed,decaps,717422
7566,hybrid,fixed,decaps,635689
7567,hybrid,fixed,decaps,625650
7568,hybrid,fixed,decaps,631802
7569,hybrid,fixed,decaps,647982
7570,hybrid,fixed,decaps,616895
7571,hybrid,fixed,decaps,616433
7572,hybrid,fixed,decaps,626963
7573,hybrid,fixed,decaps,618948
7574,hybrid,fixed,decaps,624969
7575,hybrid,fixed,decaps,617004
7576,hybrid,fixed,decaps,614399
7577,hybrid,fixed,decaps,614269
7578,hybrid,fixed,decaps,617936
7579,hybrid,fixed,decaps,652321
7580,hybrid,fixed,decaps,619609
7581,hybrid,fixed,decaps,614250
7582,hybrid,fixed,decaps,680403
7583,hybrid,fixed,decaps,713475
7584,hybrid,fixed,decaps,644826
7585,hybrid,fixed,decaps,667459
7586,hybrid,fixed,decaps,876540
7587,hybrid,fixed,decaps,908730
7588,hybrid,fixed,decaps,864838
7589,hybrid,fixed,decaps,618207
7590,hybrid,fixed,decaps,610572
7591,hybrid,fixed,decaps,612617
7592,hybrid,fixed,decaps,610603
7593,hybrid,fixed,decaps,619048
7594,hybrid,fixed,decaps,903550
7595,hybrid,fixed,decaps,780580
7596,hybrid,fixed,decaps,607136
7597,hybrid,fixed,decaps,610673
7598,hybrid,fixed,decaps,647241
7599,hybrid,fixed,decaps,709588
7600,hybrid,fixed,decaps,631602
7601,hybrid,fixed,decaps,621904
7602,hybrid,fixed,decaps,610793
7603,hybrid,fixed,decaps,624428
7604,hybrid,fixed,decaps,640227
7605,hybrid,fixed,decaps,612316
7606,hybrid,fixed,decaps,640237
7607,hybrid,fixed,decaps,614951
7608,hybrid,fixed,decaps,610082
7609,hybrid,fixed,decaps,637292
7610,hybrid,fixed,decaps,611464
7611,hybrid,fixed,decaps,855661
7612,hybrid,fixed,decaps,931664
7613,hybrid,fixed,decaps,912166
7614,hybrid,fixed,decaps,666336
7615,hybrid,fixed,decaps,608218
7616,hybrid,fixed,decaps,606785
7617,hybrid,fixed,decaps,607046
7618,hybrid,fixed,decaps,627544
7619,hybrid,fixed,decaps,613799
7620,hybrid,fixed,decaps,612907
7621,hybrid,fixed,decaps,610331
7622,hybrid,fixed,decaps,612275
7623,hybrid,fixed,decaps,618738
7624,hybrid,fixed,decaps,616614
7625,hybrid,fixed,decaps,612807
7626,hybrid,fixed,decaps,630690
7627,hybrid,fixed,decaps,843518
7628,hybrid,fixed,decaps,785499
7629,hybrid,fixed,decaps,668040
7630,hybrid,fixed,decaps,803924
7631,hybrid,fixed,decaps,682678
7632,hybrid,fixed,decaps,612906
7633,hybrid,fixed,decaps,634818
7634,hybrid,fixed,decaps,610002
7635,hybrid,fixed,decaps,649014
7636,hybrid,fixed,decaps,629628
7637,hybrid,fixed,decaps,786071
7638,hybrid,fixed,decaps,781442
7639,hybrid,fixed,decaps,645317
7640,hybrid,fixed,decaps,612817
7641,hybrid,fixed,decaps,604311
7642,hybrid,fixed,decaps,613177
7643,hybrid,fixed,decaps,622605
7644,hybrid,fixed,decaps,607487
7645,hybrid,fixed,decaps,629268
7646,hybrid,fixed,decaps,613628
7647,hybrid,fixed,decaps,611905
7648,hybrid,fixed,decaps,612807
7649,hybrid,fixed,decaps,644175
7650,hybrid,fixed,decaps,616663
7651,hybrid,fixed,decaps,606555
7652,hybrid,fixed,decaps,623567
7653,hybrid,fixed,decaps,613558
7654,hybrid,fixed,decaps,629839
7655,hybrid,fixed,decaps,617505
7656,hybrid,fixed,decaps,614570
7657,hybrid,fixed,decaps,615582
7658,hybrid,fixed,decaps,616324
7659,hybrid,fixed,decaps,621854
7660,hybrid,fixed,decaps,645899
7661,hybrid,fixed,decaps,665906
7662,hybrid,fixed,decaps,669353
7663,hybrid,fixed,decaps,695391
7664,hybrid,fixed,decaps,735667
7665,hybrid,fixed,decaps,635028
7666,hybrid,fixed,decaps,610532
7667,hybrid,fixed,decaps,607166
7668,hybrid,fixed,decaps,608899
7669,hybrid,fixed,decaps,616603
7670,hybrid,fixed,decaps,627644
7671,hybrid,fixed,decaps,611024
7672,hybrid,fixed,decaps,836866
7673,hybrid,fixed,decaps,888864
7674,hybrid,fixed,decaps,933817
7675,hybrid,fixed,decaps,978060
7676,hybrid,fixed,decaps,947462
7677,hybrid,fixed,decaps,661458
7678,hybrid,fixed,decaps,650858
7679,hybrid,fixed,decaps,649455
7680,hybrid,fixed,decaps,626162
7681,hybrid,fixed,decaps,652531
7682,hybrid,fixed,decaps,637292
7683,hybrid,fixed,decaps,882060
7684,hybrid,fixed,decaps,880948
7685,hybrid,fixed,decaps,897589
7686,hybrid,fixed,decaps,874476
7687,hybrid,fixed,decaps,952642
7688,hybrid,fixed,decaps,930151
7689,hybrid,fixed,decaps,779749
7690,hybrid,fixed,decaps,630760
7691,hybrid,fixed,decaps,678279
7692,hybrid,fixed,decaps,621663
7693,hybrid,fixed,decaps,624869
7694,hybrid,fixed,decaps,620000
7695,hybrid,fixed,decaps,623907
7696,hybrid,fixed,decaps,628957
7697,hybrid,fixed,decaps,630109
7698,hybrid,fixed,decaps,625541
7699,hybrid,fixed,decaps,620671
7700,hybrid,fixed,decaps,625390
7701,hybrid,fixed,decaps,625841
7702,hybrid,fixed,decaps,615211
7703,hybrid,fixed,decaps,654434
7704,hybrid,fixed,decaps,615953
7705,hybrid,fixed,decaps,707494
7706,hybrid,fixed,decaps,888242
7707,hybrid,fixed,decaps,894394
7708,hybrid,fixed,decaps,861863
7709,hybrid,fixed,decaps,899092
7710,hybrid,fixed,decaps,974544
7711,hybrid,fixed,decaps,932154
7712,hybrid,fixed,decaps,694680
7713,hybrid,fixed,decaps,637052
7714,hybrid,fixed,decaps,647842
7715,hybrid,fixed,decaps,629147
7716,hybrid,fixed,decaps,627955
7717,hybrid,fixed,decaps,626673
7718,hybrid,fixed,decaps,623497
7719,hybrid,fixed,decaps,617165
7720,hybrid,fixed,decaps,637232
7721,hybrid,fixed,decaps,638685
7722,hybrid,fixed,decaps,657660
7723,hybrid,fixed,decaps,952202
7724,hybrid,fixed,decaps,655476
7725,hybrid,fixed,decaps,617706
7726,hybrid,fixed,decaps,619809
7727,hybrid,fixed,decaps,622845
7728,hybrid,fixed,decaps,620972
7729,hybrid,fixed,decaps,620290
7730,hybrid,fixed,decaps,628987
7731,hybrid,fixed,decaps,653904
7732,hybrid,fixed,decaps,622034
7733,hybrid,fixed,decaps,669904
7734,hybrid,fixed,decaps,630048
7735,hybrid,fixed,decaps,669493
7736,hybrid,fixed,decaps,662158
7737,hybrid,fixed,decaps,614600
7738,hybrid,fixed,decaps,612486
7739,hybrid,fixed,decaps,687707
7740,hybrid,fixed,decaps,648744
7741,hybrid,fixed,decaps,629618
7742,hybrid,fixed,decaps,616914
7743,hybrid,fixed,decaps,618488
7744,hybrid,fixed,decaps,614520
7745,hybrid,fixed,decaps,642462
7746,hybrid,fixed,decaps,626201
7747,hybrid,fixed,decaps,731228
7748,hybrid,fixed,decaps,899653
7749,hybrid,fixed,decaps,640278
7750,hybrid,fixed,decaps,706692
7751,hybrid,fixed,decaps,613929
7752,hybrid,fixed,decaps,613217
7753,hybrid,fixed,decaps,657871
7754,hybrid,fixed,decaps,675604
7755,hybrid,fixed,decaps,694349
7756,hybrid,fixed,decaps,769821
7757,hybrid,fixed,decaps,875248
7758,hybrid,fixed,decaps,807711
7759,hybrid,fixed,decaps,671035
7760,hybrid,fixed,decaps,626172
7761,hybrid,fixed,decaps,652631
7762,hybrid,fixed,decaps,631622
7763,hybrid,fixed,decaps,617486
7764,hybrid,fixed,decaps,619820
7765,hybrid,fixed,decaps,661017
7766,hybrid,fixed,decaps,633295
7767,hybrid,fixed,decaps,622775
7768,hybrid,fixed,decaps,614329
7769,hybrid,fixed,decaps,621032
7770,hybrid,fixed,decaps,642682
7771,hybrid,fixed,decaps,623567
7772,hybrid,fixed,decaps,621142
7773,hybrid,fixed,decaps,622454
7774,hybrid,fixed,decaps,637713
7775,hybrid,fixed,decaps,631832
7776,hybrid,fixed,decaps,676055
7777,hybrid,fixed,decaps,622795
7778,hybrid,fixed,decaps,690381
7779,hybrid,fixed,decaps,749011
7780,hybrid,fixed,decaps,661237
7781,hybrid,fixed,decaps,675133
7782,hybrid,fixed,decaps,856753
7783,hybrid,fixed,decaps,639026
7784,hybrid,fixed,decaps,721179
7785,hybrid,fixed,decaps,795167
7786,hybrid,fixed,decaps,710329
7787,hybrid,fixed,decaps,644546
7788,hybrid,fixed,decaps,617656
7789,hybrid,fixed,decaps,614780
7790,hybrid,fixed,decaps,641089
7791,hybrid,fixed,decaps,614089
7792,hybrid,fixed,decaps,620000
7793,hybrid,fixed,decaps,624939
7794,hybrid,fixed,decaps,614139
7795,hybrid,fixed,decaps,626472
7796,hybrid,fixed,decaps,644686
7797,hybrid,fixed,decaps,634266
7798,hybrid,fixed,decaps,620421
7799,hybrid,fixed,decaps,614229
7800,hybrid,fixed,decaps,677347
7801,hybrid,fixed,decaps,636651
7802,hybrid,fixed,decaps,615993
7803,hybrid,fixed,decaps,694530
7804,hybrid,fixed,decaps,750323
7805,hybrid,fixed,decaps,683779
7806,hybrid,fixed,decaps,668641
7807,hybrid,fixed,decaps,656759
7808,hybrid,fixed,decaps,815355
7809,hybrid,fixed,decaps,713726
7810,hybrid,fixed,decaps,657901
7811,hybrid,fixed,decaps,623997
7812,hybrid,fixed,decaps,620501
7813,hybrid,fixed,decaps,617184
7814,hybrid,fixed,decaps,617625
7815,hybrid,fixed,decaps,626272
7816,hybrid,fixed,decaps,665585
7817,hybrid,fixed,decaps,669914
7818,hybrid,fixed,decaps,699298
7819,hybrid,fixed,decaps,648753
7820,hybrid,fixed,decaps,630500
7821,hybrid,fixed,decaps,619278
7822,hybrid,fixed,decaps,659714
7823,hybrid,fixed,decaps,615712
7824,hybrid,fixed,decaps,625770
7825,hybrid,fixed,decaps,616794
7826,hybrid,fixed,decaps,631942
7827,hybrid,fixed,decaps,645929
7828,hybrid,fixed,decaps,653813
7829,hybrid,fixed,decaps,615531
7830,hybrid,fixed,decaps,618998
7831,hybrid,fixed,decaps,642331
7832,hybrid,fixed,decaps,785410
7833,hybrid,fixed,decaps,657470
7834,hybrid,fixed,decaps,700591
7835,hybrid,fixed,decaps,777826
7836,hybrid,fixed,decaps,701092
7837,hybrid,fixed,decaps,609671
7838,hybrid,fixed,decaps,608749
7839,hybrid,fixed,decaps,618687
7840,hybrid,fixed,decaps,615060
7841,hybrid,fixed,decaps,661247
7842,hybrid,fixed,decaps,620190
7843,hybrid,fixed,decaps,633244
7844,hybrid,fixed,decaps,611805
7845,hybrid,fixed,decaps,610422
7846,hybrid,fixed,decaps,626642
7847,hybrid,fixed,decaps,615341
7848,hybrid,fixed,decaps,610402
7849,hybrid,fixed,decaps,620341
7850,hybrid,fixed,decaps,640929
7851,hybrid,fixed,decaps,625951
7852,hybrid,fixed,decaps,645558
7853,hybrid,fixed,decaps,610382
7854,hybrid,fixed,decaps,613798
7855,hybrid,fixed,decaps,613237
7856,hybrid,fixed,decaps,606645
7857,hybrid,fixed,decaps,670064
7858,hybrid,fixed,decaps,661748
7859,hybrid,fixed,decaps,729374
7860,hybrid,fixed,decaps,660967
7861,hybrid,fixed,decaps,794887
7862,hybrid,fixed,decaps,752698
7863,hybrid,fixed,decaps,648333
7864,hybrid,fixed,decaps,612947
7865,hybrid,fixed,decaps,610753
7866,hybrid,fixed,decaps,625831
7867,hybrid,fixed,decaps,611744
7868,hybrid,fixed,decaps,607226
7869,hybrid,fixed,decaps,614931
7870,hybrid,fixed,decaps,615562
7871,hybrid,fixed,decaps,610543
7872,hybrid,fixed,decaps,621263
7873,hybrid,fixed,decaps,627153
7874,hybrid,fixed,decaps,618117
7875,hybrid,fixed,decaps,610242
7876,hybrid,fixed,decaps,610332
7877,hybrid,fixed,decaps,618527
7878,hybrid,fixed,decaps,618007
7879,hybrid,fixed,decaps,618968
7880,hybrid,fixed,decaps,624348
7881,hybrid,fixed,decaps,612766
7882,hybrid,fixed,decaps,614460
7883,hybrid,fixed,decaps,648773
7884,hybrid,fixed,decaps,684972
7885,hybrid,fixed,decaps,715128
7886,hybrid,fixed,decaps,623276
7887,hybrid,fixed,decaps,622585
7888,hybrid,fixed,decaps,635239
7889,hybrid,fixed,decaps,658212
7890,hybrid,fixed,decaps,656137
7891,hybrid,fixed,decaps,615451
7892,hybrid,fixed,decaps,603058
7893,hybrid,fixed,decaps,618908
7894,hybrid,fixed,decaps,605713
7895,hybrid,fixed,decaps,605823
7896,hybrid,fixed,decaps,602597
7897,hybrid,fixed,decaps,610041
7898,hybrid,fixed,decaps,628786
7899,hybrid,fixed,decaps,607677
7900,hybrid,fixed,decaps,611655
7901,hybrid,fixed,decaps,643264
7902,hybrid,fixed,decaps,630119
7903,hybrid,fixed,decaps,622364
7904,hybrid,fixed,decaps,643644
7905,hybrid,fixed,decaps,618768
7906,hybrid,fixed,decaps,620481
7907,hybrid,fixed,decaps,652191
7908,hybrid,fixed,decaps,612496
7909,hybrid,fixed,decaps,625450
7910,hybrid,fixed,decaps,607416
7911,hybrid,fixed,decaps,608919
7912,hybrid,fixed,decaps,775782
7913,hybrid,fixed,decaps,693247
7914,hybrid,fixed,decaps,749683
7915,hybrid,fixed,decaps,670505
7916,hybrid,fixed,decaps,620501
7917,hybrid,fixed,decaps,610853
7918,hybrid,fixed,decaps,614280
7919,hybrid,fixed,decaps,636501
7920,hybrid,fixed,decaps,613788
7921,hybrid,fixed,decaps,616875
7922,hybrid,fixed,decaps,639386
7923,hybrid,fixed,decaps,616193
7924,hybrid,fixed,decaps,613878
7925,hybrid,fixed,decaps,622995
7926,hybrid,fixed,decaps,611474
7927,hybrid,fixed,decaps,612656
7928,hybrid,fixed,decaps,613317
7929,hybrid,fixed,decaps,611004
7930,hybrid,fixed,decaps,651649
7931,hybrid,fixed,decaps,612345
7932,hybrid,fixed,decaps,606795
7933,hybrid,fixed,decaps,624488
7934,hybrid,fixed,decaps,608178
7935,hybrid,fixed,decaps,619279
7936,hybrid,fixed,decaps,708706
7937,hybrid,fixed,decaps,631732
7938,hybrid,fixed,decaps,768297
7939,hybrid,fixed,decaps,677577
7940,hybrid,fixed,decaps,662830
7941,hybrid,fixed,decaps,622815
7942,hybrid,fixed,decaps,607186
7943,hybrid,fixed,decaps,612476
7944,hybrid,fixed,decaps,610602
7945,hybrid,fixed,decaps,608528
7946,hybrid,fixed,decaps,654484
7947,hybrid,fixed,decaps,610142
7948,hybrid,fixed,decaps,612867
7949,hybrid,fixed,decaps,641791
7950,hybrid,fixed,decaps,610823
7951,hybrid,fixed,decaps,634877
7952,hybrid,fixed,decaps,682086
7953,hybrid,fixed,decaps,724015
7954,hybrid,fixed,decaps,687476
7955,hybrid,fixed,decaps,638885
7956,hybrid,fixed,decaps,729836
7957,hybrid,fixed,decaps,937113
7958,hybrid,fixed,decaps,660846
7959,hybrid,fixed,decaps,621994
7960,hybrid,fixed,decaps,629818
7961,hybrid,fixed,decaps,645688
7962,hybrid,fixed,decaps,719706
7963,hybrid,fixed,decaps,662289
7964,hybrid,fixed,decaps,783756
7965,hybrid,fixed,decaps,747148
7966,hybrid,fixed,decaps,683839
7967,hybrid,fixed,decaps,728753
7968,hybrid,fixed,decaps,696493
7969,hybrid,fixed,decaps,621924
7970,hybrid,fixed,decaps,621944
7971,hybrid,fixed,decaps,610242
7972,hybrid,fixed,decaps,608048
7973,hybrid,fixed,decaps,609180
7974,hybrid,fixed,decaps,631611
7975,hybrid,fixed,decaps,632544
7976,hybrid,fixed,decaps,652762
7977,hybrid,fixed,decaps,644656
7978,hybrid,fixed,decaps,613097
7979,hybrid,fixed,decaps,610372
7980,hybrid,fixed,decaps,610472
7981,hybrid,fixed,decaps,619649
7982,hybrid,fixed,decaps,617626
7983,hybrid,fixed,decaps,624638
7984,hybrid,fixed,decaps,686695
7985,hybrid,fixed,decaps,627654
7986,hybrid,fixed,decaps,635038
7987,hybrid,fixed,decaps,760353
7988,hybrid,fixed,decaps,711942
7989,hybrid,fixed,decaps,639076
7990,hybrid,fixed,decaps,648243
7991,hybrid,fixed,decaps,779980
7992,hybrid,fixed,decaps,637994
7993,hybrid,fixed,decaps,612005
7994,hybrid,fixed,decaps,639176
7995,hybrid,fixed,decaps,634307
7996,hybrid,fixed,decaps,627845
7997,hybrid,fixed,decaps,608549
7998,hybrid,fixed,decaps,612045
7999,hybrid,fixed,decaps,612916
8000,hybrid,fixed,decaps,623056
8001,hybrid,fixed,decaps,658733
8002,hybrid,fixed,decaps,632393
8003,hybrid,fixed,decaps,616874
8004,hybrid,fixed,decaps,615973
8005,hybrid,fixed,decaps,612486
8006,hybrid,fixed,decaps,610472
8007,hybrid,fixed,decaps,624619
8008,hybrid,fixed,decaps,620500
8009,hybrid,fixed,decaps,611895
8010,hybrid,fixed,decaps,607096
8011,hybrid,fixed,decaps,606865
8012,hybrid,fixed,decaps,617064
8013,hybrid,fixed,decaps,636190
8014,hybrid,fixed,decaps,757217
8015,hybrid,fixed,decaps,893922
8016,hybrid,fixed,decaps,906156
8017,hybrid,fixed,decaps,741878
8018,hybrid,fixed,decaps,618727
8019,hybrid,fixed,decaps,606385
8020,hybrid,fixed,decaps,637804
8021,hybrid,fixed,decaps,759642
8022,hybrid,fixed,decaps,617906
8023,hybrid,fixed,decaps,614129
8024,hybrid,fixed,decaps,603289
8025,hybrid,fixed,decaps,632323
8026,hybrid,fixed,decaps,609019
8027,hybrid,fixed,decaps,622716
8028,hybrid,fixed,decaps,606865
8029,hybrid,fixed,decaps,608448
8030,hybrid,fixed,decaps,625380
8031,hybrid,fixed,decaps,608869
8032,hybrid,fixed,decaps,641771
8033,hybrid,fixed,decaps,644005
8034,hybrid,fixed,decaps,609480
8035,hybrid,fixed,decaps,609169
8036,hybrid,fixed,decaps,608959
8037,hybrid,fixed,decaps,681445
8038,hybrid,fixed,decaps,681415
8039,hybrid,fixed,decaps,730176
8040,hybrid,fixed,decaps,726480
8041,hybrid,fixed,decaps,780401
8042,hybrid,fixed,decaps,640168
8043,hybrid,fixed,decaps,612406
8044,hybrid,fixed,decaps,608478
8045,hybrid,fixed,decaps,617705
8046,hybrid,fixed,decaps,610061
8047,hybrid,fixed,decaps,621623
8048,hybrid,fixed,decaps,607227
8049,hybrid,fixed,decaps,653362
8050,hybrid,fixed,decaps,647000
8051,hybrid,fixed,decaps,608138
8052,hybrid,fixed,decaps,617035
8053,hybrid,fixed,decaps,627264
8054,hybrid,fixed,decaps,610813
8055,hybrid,fixed,decaps,612947
8056,hybrid,fixed,decaps,613538
8057,hybrid,fixed,decaps,633936
8058,hybrid,fixed,decaps,624689
8059,hybrid,fixed,decaps,609761
8060,hybrid,fixed,decaps,608258
8061,hybrid,fixed,decaps,613768
8062,hybrid,fixed,decaps,612657
8063,hybrid,fixed,decaps,616934
8064,hybrid,fixed,decaps,691944
8065,hybrid,fixed,decaps,733261
8066,hybrid,fixed,decaps,834111
8067,hybrid,fixed,decaps,760293
8068,hybrid,fixed,decaps,638454
8069,hybrid,fixed,decaps,611824
8070,hybrid,fixed,decaps,606945
8071,hybrid,fixed,decaps,613377
8072,hybrid,fixed,decaps,609049
8073,hybrid,fixed,decaps,613007
8074,hybrid,fixed,decaps,609310
8075,hybrid,fixed,decaps,633255
8076,hybrid,fixed,decaps,672098
8077,hybrid,fixed,decaps,618307
8078,hybrid,fixed,decaps,628405
8079,hybrid,fixed,decaps,620591
8080,hybrid,fixed,decaps,609921
8081,hybrid,fixed,decaps,643474
8082,hybrid,fixed,decaps,626883
8083,hybrid,fixed,decaps,614300
8084,hybrid,fixed,decaps,629438
8085,hybrid,fixed,decaps,607055
8086,hybrid,fixed,decaps,610572
8087,hybrid,fixed,decaps,609290
8088,hybrid,fixed,decaps,612787
8089,hybrid,fixed,decaps,643504
8090,hybrid,fixed,decaps,685292
8091,hybrid,fixed,decaps,780450
8092,hybrid,fixed,decaps,831746
8093,hybrid,fixed,decaps,729104
8094,hybrid,fixed,decaps,801861
8095,hybrid,fixed,decaps,634367
8096,hybrid,fixed,decaps,602617
8097,hybrid,fixed,decaps,621142
8098,hybrid,fixed,decaps,609962
8099,hybrid,fixed,decaps,613458
8100,hybrid,fixed,decaps,608278
8101,hybrid,fixed,decaps,607607
8102,hybrid,fixed,decaps,618317
8103,hybrid,fixed,decaps,635349
8104,hybrid,fixed,decaps,651399
8105,hybrid,fixed,decaps,628807
8106,hybrid,fixed,decaps,616494
8107,hybrid,fixed,decaps,640158
8108,hybrid,fixed,decaps,628666
8109,hybrid,fixed,decaps,640879
8110,hybrid,fixed,decaps,646239
8111,hybrid,fixed,decaps,815766
8112,hybrid,fixed,decaps,645478
8113,hybrid,fixed,decaps,613899
8114,hybrid,fixed,decaps,641119
8115,hybrid,fixed,decaps,690211
8116,hybrid,fixed,decaps,802462
8117,hybrid,fixed,decaps,773768
8118,hybrid,fixed,decaps,870328
8119,hybrid,fixed,decaps,882471
8120,hybrid,fixed,decaps,666978
8121,hybrid,fixed,decaps,607617
8122,hybrid,fixed,decaps,611034
8123,hybrid,fixed,decaps,609460
8124,hybrid,fixed,decaps,631041
8125,hybrid,fixed,decaps,610212
8126,hybrid,fixed,decaps,628385
8127,hybrid,fixed,decaps,615281
8128,hybrid,fixed,decaps,614720
8129,hybrid,fixed,decaps,624989
8130,hybrid,fixed,decaps,620361
8131,hybrid,fixed,decaps,655146
8132,hybrid,fixed,decaps,630039
8133,hybrid,fixed,decaps,620050
8134,hybrid,fixed,decaps,685172
8135,hybrid,fixed,decaps,626943
8136,hybrid,fixed,decaps,622986
8137,hybrid,fixed,decaps,625751
8138,hybrid,fixed,decaps,645779
8139,hybrid,fixed,decaps,629367
8140,hybrid,fixed,decaps,711882
8141,hybrid,fixed,decaps,820075
8142,hybrid,fixed,decaps,853917
8143,hybrid,fixed,decaps,642242
8144,hybrid,fixed,decaps,807261
8145,hybrid,fixed,decaps,651859
8146,hybrid,fixed,decaps,721790
8147,hybrid,fixed,decaps,665425
8148,hybrid,fixed,decaps,630610
8149,hybrid,fixed,decaps,744153
8150,hybrid,fixed,decaps,639868
8151,hybrid,fixed,decaps,625410
8152,hybrid,fixed,decaps,644967
8153,hybrid,fixed,decaps,698216
8154,hybrid,fixed,decaps,647792
8155,hybrid,fixed,decaps,622806
8156,hybrid,fixed,decaps,612747
8157,hybrid,fixed,decaps,694710
8158,hybrid,fixed,decaps,627384
8159,hybrid,fixed,decaps,636451
8160,hybrid,fixed,decaps,618407
8161,hybrid,fixed,decaps,614941
8162,hybrid,fixed,decaps,643214
8163,hybrid,fixed,decaps,621483
8164,hybrid,fixed,decaps,637994
8165,hybrid,fixed,decaps,641700
8166,hybrid,fixed,decaps,676065
8167,hybrid,fixed,decaps,686274
8168,hybrid,fixed,decaps,717543
8169,hybrid,fixed,decaps,745605
8170,hybrid,fixed,decaps,632814
8171,hybrid,fixed,decaps,616023
8172,hybrid,fixed,decaps,610192
8173,hybrid,fixed,decaps,637563
8174,hybrid,fixed,decaps,637533
8175,hybrid,fixed,decaps,621853
8176,hybrid,fixed,decaps,614259
8177,hybrid,fixed,decaps,614320
8178,hybrid,fixed,decaps,614710
8179,hybrid,fixed,decaps,618036
8180,hybrid,fixed,decaps,631421
8181,hybrid,fixed,decaps,666076
8182,hybrid,fixed,decaps,625560
8183,hybrid,fixed,decaps,644435
8184,hybrid,fixed,decaps,664533
8185,hybrid,fixed,decaps,643003
8186,hybrid,fixed,decaps,617094
8187,hybrid,fixed,decaps,652711
8188,hybrid,fixed,decaps,775481
8189,hybrid,fixed,decaps,695431
8190,hybrid,fixed,decaps,658762
8191,hybrid,fixed,decaps,675794
8192,hybrid,fixed,decaps,638435
8193,hybrid,fixed,decaps,665255
8194,hybrid,fixed,decaps,694499
8195,hybrid,fixed,decaps,677968
8196,hybrid,fixed,decaps,676435
8197,hybrid,fixed,decaps,629718
8198,hybrid,fixed,decaps,677597
8199,hybrid,fixed,decaps,640318
8200,hybrid,fixed,decaps,651980
8201,hybrid,fixed,decaps,632383
8202,hybrid,fixed,decaps,645408
8203,hybrid,fixed,decaps,638976
8204,hybrid,fixed,decaps,680193
8205,hybrid,fixed,decaps,830464
8206,hybrid,fixed,decaps,926974
8207,hybrid,fixed,decaps,635759
8208,hybrid,fixed,decaps,619880
8209,hybrid,fixed,decaps,630971
8210,hybrid,fixed,decaps,634807
8211,hybrid,fixed,decaps,649034
8212,hybrid,fixed,decaps,629157
8213,hybrid,fixed,decaps,624137
8214,hybrid,fixed,decaps,627404
8215,hybrid,fixed,decaps,757808
8216,hybrid,fixed,decaps,657640
8217,hybrid,fixed,decaps,636862
8218,hybrid,fixed,decaps,689079
8219,hybrid,fixed,decaps,697845
8220,hybrid,fixed,decaps,687316
8221,hybrid,fixed,decaps,624177
8222,hybrid,fixed,decaps,669833
8223,hybrid,fixed,decaps,673670
8224,hybrid,fixed,decaps,647481
8225,hybrid,fixed,decaps,635168
8226,hybrid,fixed,decaps,668000
8227,hybrid,fixed,decaps,692015
8228,hybrid,fixed,decaps,634857
8229,hybrid,fixed,decaps,644886
8230,hybrid,fixed,decaps,642131
8231,hybrid,fixed,decaps,645908
8232,hybrid,fixed,decaps,634597
8233,hybrid,fixed,decaps,633966
8234,hybrid,fixed,decaps,685813
8235,hybrid,fixed,decaps,650437
8236,hybrid,fixed,decaps,657531
8237,hybrid,fixed,decaps,630730
8238,hybrid,fixed,decaps,625450
8239,hybrid,fixed,decaps,622826
8240,hybrid,fixed,decaps,647962
8241,hybrid,fixed,decaps,627745
8242,hybrid,fixed,decaps,622565
8243,hybrid,fixed,decaps,704599
8244,hybrid,fixed,decaps,843849
8245,hybrid,fixed,decaps,663201
8246,hybrid,fixed,decaps,621914
8247,hybrid,fixed,decaps,630961
8248,hybrid,fixed,decaps,618817
8249,hybrid,fixed,decaps,616924
8250,hybrid,fixed,decaps,645467
8251,hybrid,fixed,decaps,624869
8252,hybrid,fixed,decaps,631551
8253,hybrid,fixed,decaps,636942
8254,hybrid,fixed,decaps,621633
8255,hybrid,fixed,decaps,628756
8256,hybrid,fixed,decaps,624819
8257,hybrid,fixed,decaps,618517
8258,hybrid,fixed,decaps,652090
8259,hybrid,fixed,decaps,627133
8260,hybrid,fixed,decaps,635550
8261,hybrid,fixed,decaps,623196
8262,hybrid,fixed,decaps,670554
8263,hybrid,fixed,decaps,636942
8264,hybrid,fixed,decaps,704959
8265,hybrid,fixed,decaps,670745
8266,hybrid,fixed,decaps,657069
8267,hybrid,fixed,decaps,628456
8268,hybrid,fixed,decaps,626522
8269,hybrid,fixed,decaps,652751
8270,hybrid,fixed,decaps,627734
8271,hybrid,fixed,decaps,631682
8272,hybrid,fixed,decaps,695622
8273,hybrid,fixed,decaps,658772
8274,hybrid,fixed,decaps,668170
8275,hybrid,fixed,decaps,620551
8276,hybrid,fixed,decaps,645688
8277,hybrid,fixed,decaps,621563
8278,hybrid,fixed,decaps,624959
8279,hybrid,fixed,decaps,629197
8280,hybrid,fixed,decaps,620811
8281,hybrid,fixed,decaps,626191
8282,hybrid,fixed,decaps,646139
8283,hybrid,fixed,decaps,652642
8284,hybrid,fixed,decaps,621873
8285,hybrid,fixed,decaps,619388
8286,hybrid,fixed,decaps,625170
8287,hybrid,fixed,decaps,640018
8288,hybrid,fixed,decaps,615291
8289,hybrid,fixed,decaps,629017
8290,hybrid,fixed,decaps,688228
8291,hybrid,fixed,decaps,618447
8292,hybrid,fixed,decaps,635158
8293,hybrid,fixed,decaps,616483
8294,hybrid,fixed,decaps,641069
8295,hybrid,fixed,decaps,622385
8296,hybrid,fixed,decaps,633065
8297,hybrid,fixed,decaps,683419
8298,hybrid,fixed,decaps,653923
8299,hybrid,fixed,decaps,620441
8300,hybrid,fixed,decaps,614410
8301,hybrid,fixed,decaps,616334
8302,hybrid,fixed,decaps,621403
8303,hybrid,fixed,decaps,610412
8304,hybrid,fixed,decaps,612706
8305,hybrid,fixed,decaps,616563
8306,hybrid,fixed,decaps,640408
8307,hybrid,fixed,decaps,621903
8308,hybrid,fixed,decaps,619539
8309,hybrid,fixed,decaps,611925
8310,hybrid,fixed,decaps,618206
8311,hybrid,fixed,decaps,614730
8312,hybrid,fixed,decaps,610493
8313,hybrid,fixed,decaps,619098
8314,hybrid,fixed,decaps,624348
8315,hybrid,fixed,decaps,663371
8316,hybrid,fixed,decaps,615011
8317,hybrid,fixed,decaps,611174
8318,hybrid,fixed,decaps,624859
8319,hybrid,fixed,decaps,618958
8320,hybrid,fixed,decaps,610723
8321,hybrid,fixed,decaps,803083
8322,hybrid,fixed,decaps,755674
8323,hybrid,fixed,decaps,711942
8324,hybrid,fixed,decaps,624719
8325,hybrid,fixed,decaps,615101
8326,hybrid,fixed,decaps,628817
8327,hybrid,fixed,decaps,634227
8328,hybrid,fixed,decaps,700761
8329,hybrid,fixed,decaps,617455
8330,hybrid,fixed,decaps,610543
8331,hybrid,fixed,decaps,636691
8332,hybrid,fixed,decaps,614540
8333,hybrid,fixed,decaps,622214
8334,hybrid,fixed,decaps,618477
8335,hybrid,fixed,decaps,615581
8336,hybrid,fixed,decaps,612726
8337,hybrid,fixed,decaps,612696
8338,hybrid,fixed,decaps,620050
8339,hybrid,fixed,decaps,640138
8340,hybrid,fixed,decaps,625480
8341,hybrid,fixed,decaps,617034
8342,hybrid,fixed,decaps,626893
8343,hybrid,fixed,decaps,611525
8344,hybrid,fixed,decaps,640919
8345,hybrid,fixed,decaps,642262
8346,hybrid,fixed,decaps,681996
8347,hybrid,fixed,decaps,755584
8348,hybrid,fixed,decaps,687296
8349,hybrid,fixed,decaps,652801
8350,hybrid,fixed,decaps,615391
8351,hybrid,fixed,decaps,635840
8352,hybrid,fixed,decaps,613327
8353,hybrid,fixed,decaps,615992
8354,hybrid,fixed,decaps,620180
8355,hybrid,fixed,decaps,610782
8356,hybrid,fixed,decaps,621312
8357,hybrid,fixed,decaps,634427
8358,hybrid,fixed,decaps,614891
8359,hybrid,fixed,decaps,639337
8360,hybrid,fixed,decaps,627534
8361,hybrid,fixed,decaps,617045
8362,hybrid,fixed,decaps,624298
8363,hybrid,fixed,decaps,614790
8364,hybrid,fixed,decaps,631721
8365,hybrid,fixed,decaps,670004
8366,hybrid,fixed,decaps,616624
8367,hybrid,fixed,decaps,612826
8368,hybrid,fixed,decaps,614449
8369,hybrid,fixed,decaps,635869
8370,hybrid,fixed,decaps,631812
8371,hybrid,fixed,decaps,664904
8372,hybrid,fixed,decaps,644275
8373,hybrid,fixed,decaps,848177
8374,hybrid,fixed,decaps,727140
8375,hybrid,fixed,decaps,677798
8376,hybrid,fixed,decaps,736207
8377,hybrid,fixed,decaps,617325
8378,hybrid,fixed,decaps,606985
8379,hybrid,fixed,decaps,606224
8380,hybrid,fixed,decaps,631181
8381,hybrid,fixed,decaps,617435
8382,hybrid,fixed,decaps,621322
8383,hybrid,fixed,decaps,613027
8384,hybrid,fixed,decaps,616534
8385,hybrid,fixed,decaps,616273
8386,hybrid,fixed,decaps,617866
8387,hybrid,fixed,decaps,612556
8388,hybrid,fixed,decaps,610121
8389,hybrid,fixed,decaps,613728
8390,hybrid,fixed,decaps,612376
8391,hybrid,fixed,decaps,644647
8392,hybrid,fixed,decaps,613498
8393,hybrid,fixed,decaps,610692
8394,hybrid,fixed,decaps,612876
8395,hybrid,fixed,decaps,611093
8396,hybrid,fixed,decaps,636991
8397,hybrid,fixed,decaps,745215
8398,hybrid,fixed,decaps,662629
8399,hybrid,fixed,decaps,796029
8400,hybrid,fixed,decaps,752408
8401,hybrid,fixed,decaps,762296
8402,hybrid,fixed,decaps,614920
8403,hybrid,fixed,decaps,609019
8404,hybrid,fixed,decaps,615301
8405,hybrid,fixed,decaps,625871
8406,hybrid,fixed,decaps,679882
8407,hybrid,fixed,decaps,635038
8408,hybrid,fixed,decaps,609530
8409,hybrid,fixed,decaps,606204
8410,hybrid,fixed,decaps,610963
8411,hybrid,fixed,decaps,671125
8412,hybrid,fixed,decaps,624118
8413,hybrid,fixed,decaps,629257
8414,hybrid,fixed,decaps,619018
8415,hybrid,fixed,decaps,616574
8416,hybrid,fixed,decaps,635178
8417,hybrid,fixed,decaps,638073
8418,hybrid,fixed,decaps,616644
8419,hybrid,fixed,decaps,614480
8420,hybrid,fixed,decaps,660877
8421,hybrid,fixed,decaps,688638
8422,hybrid,fixed,decaps,830053
8423,hybrid,fixed,decaps,740506
8424,hybrid,fixed,decaps,748781
8425,hybrid,fixed,decaps,807371
8426,hybrid,fixed,decaps,849880
8427,hybrid,fixed,decaps,642552
8428,hybrid,fixed,decaps,617235
8429,hybrid,fixed,decaps,614069
8430,hybrid,fixed,decaps,618156
8431,hybrid,fixed,decaps,634978
8432,hybrid,fixed,decaps,623647
8433,hybrid,fixed,decaps,623196
8434,hybrid,fixed,decaps,614961
8435,hybrid,fixed,decaps,619569
8436,hybrid,fixed,decaps,685232
8437,hybrid,fixed,decaps,638004
8438,hybrid,fixed,decaps,627304
8439,hybrid,fixed,decaps,632153
8440,hybrid,fixed,decaps,618928
8441,hybrid,fixed,decaps,645638
8442,hybrid,fixed,decaps,637814
8443,hybrid,fixed,decaps,620010
8444,hybrid,fixed,decaps,619248
8445,hybrid,fixed,decaps,616634
8446,hybrid,fixed,decaps,637002
8447,hybrid,fixed,decaps,628175
8448,hybrid,fixed,decaps,646961
8449,hybrid,fixed,decaps,762166
8450,hybrid,fixed,decaps,826506
8451,hybrid,fixed,decaps,775120
8452,hybrid,fixed,decaps,875678
8453,hybrid,fixed,decaps,625450
8454,hybrid,fixed,decaps,611585
8455,hybrid,fixed,decaps,649716
8456,hybrid,fixed,decaps,633375
8457,hybrid,fixed,decaps,616393
8458,hybrid,fixed,decaps,614610
8459,hybrid,fixed,decaps,634747
8460,hybrid,fixed,decaps,613087
8461,hybrid,fixed,decaps,621333
8462,hybrid,fixed,decaps,642733
8463,hybrid,fixed,decaps,622806
8464,hybrid,fixed,decaps,616874
8465,hybrid,fixed,decaps,618717
8466,hybrid,fixed,decaps,616033
8467,hybrid,fixed,decaps,629478
8468,hybrid,fixed,decaps,615532
8469,hybrid,fixed,decaps,618498
8470,hybrid,fixed,decaps,619259
8471,hybrid,fixed,decaps,659123
8472,hybrid,fixed,decaps,930952
8473,hybrid,fixed,decaps,818912
8474,hybrid,fixed,decaps,837126
8475,hybrid,fixed,decaps,817149
8476,hybrid,fixed,decaps,980415
8477,hybrid,fixed,decaps,751075
8478,hybrid,fixed,decaps,643895
8479,hybrid,fixed,decaps,621132
8480,hybrid,fixed,decaps,629778
8481,hybrid,fixed,decaps,772275
8482,hybrid,fixed,decaps,658693
8483,hybrid,fixed,decaps,668560
8484,hybrid,fixed,decaps,657229
8485,hybrid,fixed,decaps,670084
8486,hybrid,fixed,decaps,628005
8487,hybrid,fixed,decaps,629147
8488,hybrid,fixed,decaps,618518
8489,hybrid,fixed,decaps,622605
8490,hybrid,fixed,decaps,650737
8491,hybrid,fixed,decaps,649064
8492,hybrid,fixed,decaps,648513
8493,hybrid,fixed,decaps,631601
8494,hybrid,fixed,decaps,632443
8495,hybrid,fixed,decaps,647922
8496,hybrid,fixed,decaps,822599
8497,hybrid,fixed,decaps,817709
8498,hybrid,fixed,decaps,885157
8499,hybrid,fixed,decaps,925642
8500,hybrid,fixed,decaps,924109
8501,hybrid,fixed,decaps,728863
8502,hybrid,fixed,decaps,638354
8503,hybrid,fixed,decaps,630930
8504,hybrid,fixed,decaps,684661
8505,hybrid,fixed,decaps,635239
8506,hybrid,fixed,decaps,622655
8507,hybrid,fixed,decaps,633535
8508,hybrid,fixed,decaps,628706
8509,hybrid,fixed,decaps,625320
8510,hybrid,fixed,decaps,638635
8511,hybrid,fixed,decaps,718204
8512,hybrid,fixed,decaps,783606
8513,hybrid,fixed,decaps,663341
8514,hybrid,fixed,decaps,767907
8515,hybrid,fixed,decaps,639266
8516,hybrid,fixed,decaps,628786
8517,hybrid,fixed,decaps,633826
8518,hybrid,fixed,decaps,692226
8519,hybrid,fixed,decaps,905013
8520,hybrid,fixed,decaps,778086
8521,hybrid,fixed,decaps,700751
8522,hybrid,fixed,decaps,686444
8523,hybrid,fixed,decaps,643614
8524,hybrid,fixed,decaps,715979
8525,hybrid,fixed,decaps,646580
8526,hybrid,fixed,decaps,676716
8527,hybrid,fixed,decaps,680574
8528,hybrid,fixed,decaps,658833
8529,hybrid,fixed,decaps,642913
8530,hybrid,fixed,decaps,621913
8531,hybrid,fixed,decaps,620591
8532,hybrid,fixed,decaps,618447
8533,hybrid,fixed,decaps,618196
8534,hybrid,fixed,decaps,650637
8535,hybrid,fixed,decaps,624779
8536,hybrid,fixed,decaps,624478
8537,hybrid,fixed,decaps,622585
8538,hybrid,fixed,decaps,629508
8539,hybrid,fixed,decaps,635459
8540,hybrid,fixed,decaps,618958
8541,hybrid,fixed,decaps,636641
8542,hybrid,fixed,decaps,625310
8543,hybrid,fixed,decaps,644846
8544,hybrid,fixed,decaps,702705
8545,hybrid,fixed,decaps,677958
8546,hybrid,fixed,decaps,868375
8547,hybrid,fixed,decaps,926564
8548,hybrid,fixed,decaps,927075
8549,hybrid,fixed,decaps,729916
8550,hybrid,fixed,decaps,633395
8551,hybrid,fixed,decaps,618357
8552,hybrid,fixed,decaps,653903
8553,hybrid,fixed,decaps,645959
8554,hybrid,fixed,decaps,621533
8555,hybrid,fixed,decaps,616914
8556,hybrid,fixed,decaps,614510
8557,hybrid,fixed,decaps,617085
8558,hybrid,fixed,decaps,616153
8559,hybrid,fixed,decaps,631422
8560,hybrid,fixed,decaps,622605
8561,hybrid,fixed,decaps,653923
8562,hybrid,fixed,decaps,624538
8563,hybrid,fixed,decaps,619639
8564,hybrid,fixed,decaps,649114
8565,hybrid,fixed,decaps,619599
8566,hybrid,fixed,decaps,618276
8567,hybrid,fixed,decaps,656308
8568,hybrid,fixed,decaps,838769
8569,hybrid,fixed,decaps,680894
8570,hybrid,fixed,decaps,811118
8571,hybrid,fixed,decaps,917937
8572,hybrid,fixed,decaps,912647
8573,hybrid,fixed,decaps,914491
8574,hybrid,fixed,decaps,643995
8575,hybrid,fixed,decaps,626753
8576,hybrid,fixed,decaps,648003
8577,hybrid,fixed,decaps,642933
8578,hybrid,fixed,decaps,636491
8579,hybrid,fixed,decaps,620901
8580,hybrid,fixed,decaps,623737
8581,hybrid,fixed,decaps,618677
8582,hybrid,fixed,decaps,617976
8583,hybrid,fixed,decaps,657390
8584,hybrid,fixed,decaps,645017
8585,hybrid,fixed,decaps,642181
8586,hybrid,fixed,decaps,621252
8587,hybrid,fixed,decaps,627414
8588,hybrid,fixed,decaps,635179
8589,hybrid,fixed,decaps,623527
8590,hybrid,fixed,decaps,626152
8591,hybrid,fixed,decaps,674362
8592,hybrid,fixed,decaps,696493
8593,hybrid,fixed,decaps,934148
8594,hybrid,fixed,decaps,870438
8595,hybrid,fixed,decaps,915643
8596,hybrid,fixed,decaps,896357
8597,hybrid,fixed,decaps,936261
8598,hybrid,fixed,decaps,935300
8599,hybrid,fixed,decaps,653683
8600,hybrid,fixed,decaps,626352
8601,hybrid,fixed,decaps,645718
8602,hybrid,fixed,decaps,628767
8603,hybrid,fixed,decaps,620140
8604,hybrid,fixed,decaps,619549
8605,hybrid,fixed,decaps,618036
8606,hybrid,fixed,decaps,621844
8607,hybrid,fixed,decaps,617916
8608,hybrid,fixed,decaps,614139
8609,hybrid,fixed,decaps,619840
8610,hybrid,fixed,decaps,614569
8611,hybrid,fixed,decaps,614490
8612,hybrid,fixed,decaps,628496
8613,hybrid,fixed,decaps,613889
8614,hybrid,fixed,decaps,620541
8615,hybrid,fixed,decaps,616403
8616,hybrid,fixed,decaps,658262
8617,hybrid,fixed,decaps,653813
8618,hybrid,fixed,decaps,682337
8619,hybrid,fixed,decaps,858016
8620,hybrid,fixed,decaps,922536
8621,hybrid,fixed,decaps,935840
8622,hybrid,fixed,decaps,696623
8623,hybrid,fixed,decaps,636791
8624,hybrid,fixed,decaps,621262
8625,hybrid,fixed,decaps,630620
8626,hybrid,fixed,decaps,643815
8627,hybrid,fixed,decaps,623507
8628,hybrid,fixed,decaps,669373
8629,hybrid,fixed,decaps,637173
8630,hybrid,fixed,decaps,620822
8631,hybrid,fixed,decaps,658222
8632,hybrid,fixed,decaps,620020
8633,hybrid,fixed,decaps,623066
8634,hybrid,fixed,decaps,642813
8635,hybrid,fixed,decaps,623506
8636,hybrid,fixed,decaps,621613
8637,hybrid,fixed,decaps,669592
8638,hybrid,fixed,decaps,628255
8639,hybrid,fixed,decaps,614851
8640,hybrid,fixed,decaps,632413
8641,hybrid,fixed,decaps,616113
8642,hybrid,fixed,decaps,628406
8643,hybrid,fixed,decaps,660105
8644,hybrid,fixed,decaps,651368
8645,hybrid,fixed,decaps,648063
8646,hybrid,fixed,decaps,647051
8647,hybrid,fixed,decaps,668981
8648,hybrid,fixed,decaps,676375
8649,hybrid,fixed,decaps,621793
8650,hybrid,fixed,decaps,807430
8651,hybrid,fixed,decaps,830153
8652,hybrid,fixed,decaps,652140
8653,hybrid,fixed,decaps,623606
8654,hybrid,fixed,decaps,616874
8655,hybrid,fixed,decaps,610723
8656,hybrid,fixed,decaps,615161
8657,hybrid,fixed,decaps,626202
8658,hybrid,fixed,decaps,616694
8659,hybrid,fixed,decaps,639116
8660,hybrid,fixed,decaps,628446
8661,hybrid,fixed,decaps,623336
8662,hybrid,fixed,decaps,636231
8663,hybrid,fixed,decaps,694530
8664,hybrid,fixed,decaps,653333
8665,hybrid,fixed,decaps,631322
8666,hybrid,fixed,decaps,662740
8667,hybrid,fixed,decaps,738752
8668,hybrid,fixed,decaps,658963
8669,hybrid,fixed,decaps,765432
8670,hybrid,fixed,decaps,890466
8671,hybrid,fixed,decaps,953534
8672,hybrid,fixed,decaps,892460
8673,hybrid,fixed,decaps,681054
8674,hybrid,fixed,decaps,636030
8675,hybrid,fixed,decaps,616644
8676,hybrid,fixed,decaps,640168
8677,hybrid,fixed,decaps,710650
8678,hybrid,fixed,decaps,618276
8679,hybrid,fixed,decaps,614770
8680,hybrid,fixed,decaps,614559
8681,hybrid,fixed,decaps,708085
8682,hybrid,fixed,decaps,666236
8683,hybrid,fixed,decaps,622885
8684,hybrid,fixed,decaps,635429
8685,hybrid,fixed,decaps,626291
8686,hybrid,fixed,decaps,627454
8687,hybrid,fixed,decaps,625430
8688,hybrid,fixed,decaps,618417
8689,hybrid,fixed,decaps,662199
8690,hybrid,fixed,decaps,621152
8691,hybrid,fixed,decaps,618247
8692,hybrid,fixed,decaps,651839
8693,hybrid,fixed,decaps,835543
8694,hybrid,fixed,decaps,907407
8695,hybrid,fixed,decaps,911997
8696,hybrid,fixed,decaps,897138
8697,hybrid,fixed,decaps,692546
8698,hybrid,fixed,decaps,625701
8699,hybrid,fixed,decaps,629889
8700,hybrid,fixed,decaps,652642
8701,hybrid,fixed,decaps,625770
8702,hybrid,fixed,decaps,627093
8703,hybrid,fixed,decaps,630159
8704,hybrid,fixed,decaps,656539
8705,hybrid,fixed,decaps,651900
8706,hybrid,fixed,decaps,632934
8707,hybrid,fixed,decaps,622094
8708,hybrid,fixed,decaps,614580
8709,hybrid,fixed,decaps,634086
8710,hybrid,fixed,decaps,640178
8711,hybrid,fixed,decaps,643094
8712,hybrid,fixed,decaps,655988
8713,hybrid,fixed,decaps,627724
8714,hybrid,fixed,decaps,622525
8715,hybrid,fixed,decaps,666147
8716,hybrid,fixed,decaps,642652
8717,hybrid,fixed,decaps,628857
8718,hybrid,fixed,decaps,716651
8719,hybrid,fixed,decaps,894103
8720,hybrid,fixed,decaps,950318
8721,hybrid,fixed,decaps,909783
8722,hybrid,fixed,decaps,913610
8723,hybrid,fixed,decaps,857755
8724,hybrid,fixed,decaps,656749
8725,hybrid,fixed,decaps,626241
8726,hybrid,fixed,decaps,615932
8727,hybrid,fixed,decaps,616153
8728,hybrid,fixed,decaps,614560
8729,hybrid,fixed,decaps,630400
8730,hybrid,fixed,decaps,634447
8731,hybrid,fixed,decaps,638865
8732,hybrid,fixed,decaps,647993
8733,hybrid,fixed,decaps,626892
8734,hybrid,fixed,decaps,648053
8735,hybrid,fixed,decaps,638886
8736,hybrid,fixed,decaps,623437
8737,hybrid,fixed,decaps,674332
8738,hybrid,fixed,decaps,652571
8739,hybrid,fixed,decaps,622805
8740,hybrid,fixed,decaps,648143
8741,hybrid,fixed,decaps,690031
8742,hybrid,fixed,decaps,864087
8743,hybrid,fixed,decaps,959926
8744,hybrid,fixed,decaps,927425
8745,hybrid,fixed,decaps,688478
8746,hybrid,fixed,decaps,621002
8747,hybrid,fixed,decaps,615031
8748,hybrid,fixed,decaps,614800
8749,hybrid,fixed,decaps,644977
8750,hybrid,fixed,decaps,623867
8751,hybrid,fixed,decaps,621984
8752,hybrid,fixed,decaps,617816
8753,hybrid,fixed,decaps,623496
8754,hybrid,fixed,decaps,630840
8755,hybrid,fixed,decaps,623066
8756,hybrid,fixed,decaps,718494
8757,hybrid,fixed,decaps,689971
8758,hybrid,fixed,decaps,648854
8759,hybrid,fixed,decaps,667539
8760,hybrid,fixed,decaps,644115
8761,hybrid,fixed,decaps,638925
8762,hybrid,fixed,decaps,624558
8763,hybrid,fixed,decaps,680523
8764,hybrid,fixed,decaps,694269
8765,hybrid,fixed,decaps,625370
8766,hybrid,fixed,decaps,753911
8767,hybrid,fixed,decaps,874726
8768,hybrid,fixed,decaps,904843
8769,hybrid,fixed,decaps,932785
8770,hybrid,fixed,decaps,759812
8771,hybrid,fixed,decaps,707514
8772,hybrid,fixed,decaps,619850
8773,hybrid,fixed,decaps,659304
8774,hybrid,fixed,decaps,621813
8775,hybrid,fixed,decaps,614940
8776,hybrid,fixed,decaps,616163
8777,hybrid,fixed,decaps,633596
8778,hybrid,fixed,decaps,725808
8779,hybrid,fixed,decaps,883353
8780,hybrid,fixed,decaps,789678
8781,hybrid,fixed,decaps,641420
8782,hybrid,fixed,decaps,630560
8783,hybrid,fixed,decaps,649515
8784,hybrid,fixed,decaps,625280
8785,hybrid,fixed,decaps,661608
8786,hybrid,fixed,decaps,647752
8787,hybrid,fixed,decaps,618958
8788,hybrid,fixed,decaps,641781
8789,hybrid,fixed,decaps,619228
8790,hybrid,fixed,decaps,619359
8791,hybrid,fixed,decaps,735366
8792,hybrid,fixed,decaps,884856
8793,hybrid,fixed,decaps,932415
8794,hybrid,fixed,decaps,890035
8795,hybrid,fixed,decaps,651879
8796,hybrid,fixed,decaps,617566
8797,hybrid,fixed,decaps,713776
8798,hybrid,fixed,decaps,892390
8799,hybrid,fixed,decaps,706972
8800,hybrid,fixed,decaps,650858
8801,hybrid,fixed,decaps,625891
8802,hybrid,fixed,decaps,639016
8803,hybrid,fixed,decaps,620872
8804,hybrid,fixed,decaps,650217
8805,hybrid,fixed,decaps,642673
8806,hybrid,fixed,decaps,638535
8807,hybrid,fixed,decaps,676786
8808,hybrid,fixed,decaps,628136
8809,hybrid,fixed,decaps,619028
8810,hybrid,fixed,decaps,627434
8811,hybrid,fixed,decaps,637032
8812,hybrid,fixed,decaps,650738
8813,hybrid,fixed,decaps,698878
8814,hybrid,fixed,decaps,874306
8815,hybrid,fixed,decaps,933186
8816,hybrid,fixed,decaps,918188
8817,hybrid,fixed,decaps,659013
8818,hybrid,fixed,decaps,617506
8819,hybrid,fixed,decaps,617245
8820,hybrid,fixed,decaps,618878
8821,hybrid,fixed,decaps,629838
8822,hybrid,fixed,decaps,657330
8823,hybrid,fixed,decaps,634758
8824,hybrid,fixed,decaps,632112
8825,hybrid,fixed,decaps,621924
8826,hybrid,fixed,decaps,624058
8827,hybrid,fixed,decaps,659194
8828,hybrid,fixed,decaps,643073
8829,hybrid,fixed,decaps,640017
8830,hybrid,fixed,decaps,670114
8831,hybrid,fixed,decaps,625661
8832,hybrid,fixed,decaps,629628
8833,hybrid,fixed,decaps,625310
8834,hybrid,fixed,decaps,615562
8835,hybrid,fixed,decaps,619369
8836,hybrid,fixed,decaps,635198
8837,hybrid,fixed,decaps,630009
8838,hybrid,fixed,decaps,657210
8839,hybrid,fixed,decaps,788885
8840,hybrid,fixed,decaps,907488
8841,hybrid,fixed,decaps,933707
8842,hybrid,fixed,decaps,849048
8843,hybrid,fixed,decaps,639526
8844,hybrid,fixed,decaps,614329
8845,hybrid,fixed,decaps,674041
8846,hybrid,fixed,decaps,647261
8847,hybrid,fixed,decaps,616113
8848,hybrid,fixed,decaps,616914
8849,hybrid,fixed,decaps,614519
8850,hybrid,fixed,decaps,615902
8851,hybrid,fixed,decaps,618757
8852,hybrid,fixed,decaps,621683
8853,hybrid,fixed,decaps,651690
8854,hybrid,fixed,decaps,631902
8855,hybrid,fixed,decaps,791661
8856,hybrid,fixed,decaps,762146
8857,hybrid,fixed,decaps,627564
8858,hybrid,fixed,decaps,610472
8859,hybrid,fixed,decaps,626993
8860,hybrid,fixed,decaps,653783
8861,hybrid,fixed,decaps,634197
8862,hybrid,fixed,decaps,653954
8863,hybrid,fixed,decaps,875127
8864,hybrid,fixed,decaps,903180
8865,hybrid,fixed,decaps,911796
8866,hybrid,fixed,decaps,703907
8867,hybrid,fixed,decaps,682848
8868,hybrid,fixed,decaps,627013
8869,hybrid,fixed,decaps,619099
8870,hybrid,fixed,decaps,662350
8871,hybrid,fixed,decaps,623016
8872,hybrid,fixed,decaps,619630
8873,hybrid,fixed,decaps,616974
8874,hybrid,fixed,decaps,623607
8875,hybrid,fixed,decaps,640018
8876,hybrid,fixed,decaps,667900
8877,hybrid,fixed,decaps,621864
8878,hybrid,fixed,decaps,622245
8879,hybrid,fixed,decaps,664093
8880,hybrid,fixed,decaps,616423
8881,hybrid,fixed,decaps,630640
8882,hybrid,fixed,decaps,649625
8883,hybrid,fixed,decaps,643754
8884,hybrid,fixed,decaps,625270
8885,hybrid,fixed,decaps,687486
8886,hybrid,fixed,decaps,900405
8887,hybrid,fixed,decaps,883443
8888,hybrid,fixed,decaps,896878
8889,hybrid,fixed,decaps,919841
8890,hybrid,fixed,decaps,958033
8891,hybrid,fixed,decaps,881930
8892,hybrid,fixed,decaps,736558
8893,hybrid,fixed,decaps,643354
8894,hybrid,fixed,decaps,658552
8895,hybrid,fixed,decaps,627734
8896,hybrid,fixed,decaps,635369
8897,hybrid,fixed,decaps,620051
8898,hybrid,fixed,decaps,621252
8899,hybrid,fixed,decaps,637813
8900,hybrid,fixed,decaps,620180
8901,hybrid,fixed,decaps,624618
8902,hybrid,fixed,decaps,625760
8903,hybrid,fixed,decaps,620491
8904,hybrid,fixed,decaps,657180
8905,hybrid,fixed,decaps,681655
8906,hybrid,fixed,decaps,624869
8907,hybrid,fixed,decaps,793645
8908,hybrid,fixed,decaps,675323
8909,hybrid,fixed,decaps,666477
8910,hybrid,fixed,decaps,618337
8911,hybrid,fixed,decaps,647582
8912,hybrid,fixed,decaps,709838
8913,hybrid,fixed,decaps,633566
8914,hybrid,fixed,decaps,648283
8915,hybrid,fixed,decaps,619159
8916,hybrid,fixed,decaps,622124
8917,hybrid,fixed,decaps,622995
8918,hybrid,fixed,decaps,831446
8919,hybrid,fixed,decaps,655326
8920,hybrid,fixed,decaps,673971
8921,hybrid,fixed,decaps,633344
8922,hybrid,fixed,decaps,627614
8923,hybrid,fixed,decaps,627915
8924,hybrid,fixed,decaps,629328
8925,hybrid,fixed,decaps,633675
8926,hybrid,fixed,decaps,627153
8927,hybrid,fixed,decaps,636691
8928,hybrid,fixed,decaps,659855
8929,hybrid,fixed,decaps,624479
8930,hybrid,fixed,decaps,809415
8931,hybrid,fixed,decaps,641630
8932,hybrid,fixed,decaps,720568
8933,hybrid,fixed,decaps,669402
8934,hybrid,fixed,decaps,662489
8935,hybrid,fixed,decaps,621703
8936,hybrid,fixed,decaps,682366
8937,hybrid,fixed,decaps,657620
8938,hybrid,fixed,decaps,619729
8939,hybrid,fixed,decaps,624478
8940,hybrid,fixed,decaps,855140
8941,hybrid,fixed,decaps,747459
8942,hybrid,fixed,decaps,620210
8943,hybrid,fixed,decaps,686444
8944,hybrid,fixed,decaps,651720
8945,hybrid,fixed,decaps,624749
8946,hybrid,fixed,decaps,624738
8947,hybrid,fixed,decaps,620461
8948,hybrid,fixed,decaps,622926
8949,hybrid,fixed,decaps,621403
8950,hybrid,fixed,decaps,639657
8951,hybrid,fixed,decaps,655987
8952,hybrid,fixed,decaps,659404
8953,hybrid,fixed,decaps,620121
8954,hybrid,fixed,decaps,624018
8955,hybrid,fixed,decaps,676235
8956,hybrid,fixed,decaps,623045
8957,hybrid,fixed,decaps,687947
8958,hybrid,fixed,decaps,827327
8959,hybrid,fixed,decaps,737670
8960,hybrid,fixed,decaps,874155
8961,hybrid,fixed,decaps,895676
8962,hybrid,fixed,decaps,783346
8963,hybrid,fixed,decaps,697285
8964,hybrid,fixed,decaps,654735
8965,hybrid,fixed,decaps,783867
8966,hybrid,fixed,decaps,710119
8967,hybrid,fixed,decaps,622305
8968,hybrid,fixed,decaps,634027
8969,hybrid,fixed,decaps,611474
8970,hybrid,fixed,decaps,614029
8971,hybrid,fixed,decaps,619579
8972,hybrid,fixed,decaps,616353
8973,hybrid,fixed,decaps,672268
8974,hybrid,fixed,decaps,669282
8975,hybrid,fixed,decaps,631121
8976,hybrid,fixed,decaps,615582
8977,hybrid,fixed,decaps,639436
8978,hybrid,fixed,decaps,624058
8979,hybrid,fixed,decaps,632954
8980,hybrid,fixed,decaps,622284
8981,hybrid,fixed,decaps,720498
8982,hybrid,fixed,decaps,704077
8983,hybrid,fixed,decaps,624047
8984,hybrid,fixed,decaps,724996
8985,hybrid,fixed,decaps,796982
8986,hybrid,fixed,decaps,722942
8987,hybrid,fixed,decaps,641680
8988,hybrid,fixed,decaps,709167
8989,hybrid,fixed,decaps,796310
8990,hybrid,fixed,decaps,918017
8991,hybrid,fixed,decaps,661998
8992,hybrid,fixed,decaps,634046
8993,hybrid,fixed,decaps,639937
8994,hybrid,fixed,decaps,619018
8995,hybrid,fixed,decaps,621192
8996,hybrid,fixed,decaps,683859
8997,hybrid,fixed,decaps,644606
8998,hybrid,fixed,decaps,628897
8999,hybrid,fixed,decaps,620030
9000,hybrid,fixed,decaps,621042
9001,hybrid,fixed,decaps,618577
9002,hybrid,fixed,decaps,618848
9003,hybrid,fixed,decaps,621523
9004,hybrid,fixed,decaps,711321
9005,hybrid,fixed,decaps,629328
9006,hybrid,fixed,decaps,625771
9007,hybrid,fixed,decaps,637432
9008,hybrid,fixed,decaps,743741
9009,hybrid,fixed,decaps,891298
9010,hybrid,fixed,decaps,907738
9011,hybrid,fixed,decaps,915072
9012,hybrid,fixed,decaps,978511
9013,hybrid,fixed,decaps,901797
9014,hybrid,fixed,decaps,794506
9015,hybrid,fixed,decaps,647742
9016,hybrid,fixed,decaps,679962
9017,hybrid,fixed,decaps,627945
9018,hybrid,fixed,decaps,635409
9019,hybrid,fixed,decaps,622966
9020,hybrid,fixed,decaps,621553
9021,hybrid,fixed,decaps,619389
9022,hybrid,fixed,decaps,663552
9023,hybrid,fixed,decaps,628546
9024,hybrid,fixed,decaps,620210
9025,hybrid,fixed,decaps,632042
9026,hybrid,fixed,decaps,626973
9027,hybrid,fixed,decaps,651479
9028,hybrid,fixed,decaps,625591
9029,hybrid,fixed,decaps,628005
9030,hybrid,fixed,decaps,636481
9031,hybrid,fixed,decaps,704248
9032,hybrid,fixed,decaps,733973
9033,hybrid,fixed,decaps,673971
9034,hybrid,fixed,decaps,723724
9035,hybrid,fixed,decaps,798974
9036,hybrid,fixed,decaps,909201
9037,hybrid,fixed,decaps,780631
9038,hybrid,fixed,decaps,651890
9039,hybrid,fixed,decaps,655756
9040,hybrid,fixed,decaps,695001
9041,hybrid,fixed,decaps,646310
9042,hybrid,fixed,decaps,655717
9043,hybrid,fixed,decaps,627794
9044,hybrid,fixed,decaps,653753
9045,hybrid,fixed,decaps,649856
9046,hybrid,fixed,decaps,650457
9047,hybrid,fixed,decaps,677417
9048,hybrid,fixed,decaps,698958
9049,hybrid,fixed,decaps,669954
9050,hybrid,fixed,decaps,850130
9051,hybrid,fixed,decaps,687877
9052,hybrid,fixed,decaps,977619
9053,hybrid,fixed,decaps,704368
9054,hybrid,fixed,decaps,665756
9055,hybrid,fixed,decaps,712122
9056,hybrid,fixed,decaps,750034
9057,hybrid,fixed,decaps,839250
9058,hybrid,fixed,decaps,906155
9059,hybrid,fixed,decaps,671977
9060,hybrid,fixed,decaps,725697
9061,hybrid,fixed,decaps,749252
9062,hybrid,fixed,decaps,712012
9063,hybrid,fixed,decaps,668310
9064,hybrid,fixed,decaps,699098
9065,hybrid,fixed,decaps,698056
9066,hybrid,fixed,decaps,679351
9067,hybrid,fixed,decaps,647121
9068,hybrid,fixed,decaps,639626
9069,hybrid,fixed,decaps,739894
9070,hybrid,fixed,decaps,645197
9071,hybrid,fixed,decaps,634958
9072,hybrid,fixed,decaps,687517
9073,hybrid,fixed,decaps,656238
9074,hybrid,fixed,decaps,655447
9075,hybrid,fixed,decaps,649205
9076,hybrid,fixed,decaps,654164
9077,hybrid,fixed,decaps,681034
9078,hybrid,fixed,decaps,748350
9079,hybrid,fixed,decaps,691504
9080,hybrid,fixed,decaps,722732
9081,hybrid,fixed,decaps,843518
9082,hybrid,fixed,decaps,648814
9083,hybrid,fixed,decaps,665816
9084,hybrid,fixed,decaps,756836
9085,hybrid,fixed,decaps,714888
9086,hybrid,fixed,decaps,662780
9087,hybrid,fixed,decaps,652371
9088,hybrid,fixed,decaps,625751
9089,hybrid,fixed,decaps,685382
9090,hybrid,fixed,decaps,633625
9091,hybrid,fixed,decaps,724135
9092,hybrid,fixed,decaps,669602
9093,hybrid,fixed,decaps,633736
9094,hybrid,fixed,decaps,720969
9095,hybrid,fixed,decaps,645157
9096,hybrid,fixed,decaps,659293
9097,hybrid,fixed,decaps,641861
9098,hybrid,fixed,decaps,632563
9099,hybrid,fixed,decaps,784888
9100,hybrid,fixed,decaps,764149
9101,hybrid,fixed,decaps,720198
9102,hybrid,fixed,decaps,870619
9103,hybrid,fixed,decaps,851383
9104,hybrid,fixed,decaps,835704
9105,hybrid,fixed,decaps,751946
9106,hybrid,fixed,decaps,785389
9107,hybrid,fixed,decaps,712623
9108,hybrid,fixed,decaps,716601
9109,hybrid,fixed,decaps,923979
9110,hybrid,fixed,decaps,657279
9111,hybrid,fixed,decaps,650587
9112,hybrid,fixed,decaps,672618
9113,hybrid,fixed,decaps,617496
9114,hybrid,fixed,decaps,623697
9115,hybrid,fixed,decaps,633645
9116,hybrid,fixed,decaps,624148
9117,hybrid,fixed,decaps,734735
9118,hybrid,fixed,decaps,648393
9119,hybrid,fixed,decaps,659744
9120,hybrid,fixed,decaps,695040
9121,hybrid,fixed,decaps,676335
9122,hybrid,fixed,decaps,648914
9123,hybrid,fixed,decaps,650487
9124,hybrid,fixed,decaps,626522
9125,hybrid,fixed,decaps,868815
9126,hybrid,fixed,decaps,738842
9127,hybrid,fixed,decaps,710759
9128,hybrid,fixed,decaps,636601
9129,hybrid,fixed,decaps,629377
9130,hybrid,fixed,decaps,627684
9131,hybrid,fixed,decaps,675994
9132,hybrid,fixed,decaps,710579
9133,hybrid,fixed,decaps,674752
9134,hybrid,fixed,decaps,633094
9135,hybrid,fixed,decaps,678840
9136,hybrid,fixed,decaps,663702
9137,hybrid,fixed,decaps,641160
9138,hybrid,fixed,decaps,650287
9139,hybrid,fixed,decaps,658482
9140,hybrid,fixed,decaps,627394
9141,hybrid,fixed,decaps,647662
9142,hybrid,fixed,decaps,628536
9143,hybrid,fixed,decaps,674863
9144,hybrid,fixed,decaps,650457
9145,hybrid,fixed,decaps,633946
9146,hybrid,fixed,decaps,630720
9147,hybrid,fixed,decaps,653472
9148,hybrid,fixed,decaps,634277
9149,hybrid,fixed,decaps,670865
9150,hybrid,fixed,decaps,707945
9151,hybrid,fixed,decaps,669924
9152,hybrid,fixed,decaps,670164
9153,hybrid,fixed,decaps,791521
9154,hybrid,fixed,decaps,745585
9155,hybrid,fixed,decaps,642202
9156,hybrid,fixed,decaps,674923
9157,hybrid,fixed,decaps,699559
9158,hybrid,fixed,decaps,639266
9159,hybrid,fixed,decaps,647411
9160,hybrid,fixed,decaps,698677
9161,hybrid,fixed,decaps,656859
9162,hybrid,fixed,decaps,640789
9163,hybrid,fixed,decaps,633245
9164,hybrid,fixed,decaps,633065
9165,hybrid,fixed,decaps,639487
9166,hybrid,fixed,decaps,670415
9167,hybrid,fixed,decaps,629638
9168,hybrid,fixed,decaps,646209
9169,hybrid,fixed,decaps,627464
9170,hybrid,fixed,decaps,630440
9171,hybrid,fixed,decaps,633265
9172,hybrid,fixed,decaps,634317
9173,hybrid,fixed,decaps,632603
9174,hybrid,fixed,decaps,688809
9175,hybrid,fixed,decaps,688408
9176,hybrid,fixed,decaps,760263
9177,hybrid,fixed,decaps,745896
9178,hybrid,fixed,decaps,656388
9179,hybrid,fixed,decaps,629939
9180,hybrid,fixed,decaps,622776
9181,hybrid,fixed,decaps,728633
9182,hybrid,fixed,decaps,948735
9183,hybrid,fixed,decaps,683909
9184,hybrid,fixed,decaps,624789
9185,hybrid,fixed,decaps,624428
9186,hybrid,fixed,decaps,663181
9187,hybrid,fixed,decaps,631562
9188,hybrid,fixed,decaps,627504
9189,hybrid,fixed,decaps,673480
9190,hybrid,fixed,decaps,628706
9191,hybrid,fixed,decaps,637132
9192,hybrid,fixed,decaps,646600
9193,hybrid,fixed,decaps,627724
9194,hybrid,fixed,decaps,632493
9195,hybrid,fixed,decaps,627173
9196,hybrid,fixed,decaps,643083
9197,hybrid,fixed,decaps,638505
9198,hybrid,fixed,decaps,629668
9199,hybrid,fixed,decaps,630700
9200,hybrid,fixed,decaps,671596
9201,hybrid,fixed,decaps,894463
9202,hybrid,fixed,decaps,889404
9203,hybrid,fixed,decaps,907147
9204,hybrid,fixed,decaps,923378
9205,hybrid,fixed,decaps,950739
9206,hybrid,fixed,decaps,801129
9207,hybrid,fixed,decaps,646480
9208,hybrid,fixed,decaps,640077
9209,hybrid,fixed,decaps,640097
9210,hybrid,fixed,decaps,656488
9211,hybrid,fixed,decaps,637152
9212,hybrid,fixed,decaps,666808
9213,hybrid,fixed,decaps,633525
9214,hybrid,fixed,decaps,633385
9215,hybrid,fixed,decaps,660425
9216,hybrid,fixed,decaps,621533
9217,hybrid,fixed,decaps,623606
9218,hybrid,fixed,decaps,626442
9219,hybrid,fixed,decaps,622565
9220,hybrid,fixed,decaps,632774
9221,hybrid,fixed,decaps,652541
9222,hybrid,fixed,decaps,633735
9223,hybrid,fixed,decaps,621953
9224,hybrid,fixed,decaps,635309
9225,hybrid,fixed,decaps,659815
9226,hybrid,fixed,decaps,683489
9227,hybrid,fixed,decaps,711552
9228,hybrid,fixed,decaps,631441
9229,hybrid,fixed,decaps,620912
9230,hybrid,fixed,decaps,688128
9231,hybrid,fixed,decaps,645728
9232,hybrid,fixed,decaps,629498
9233,hybrid,fixed,decaps,619148
9234,hybrid,fixed,decaps,694229
9235,hybrid,fixed,decaps,650297
9236,hybrid,fixed,decaps,620470
9237,hybrid,fixed,decaps,619158
9238,hybrid,fixed,decaps,614199
9239,hybrid,fixed,decaps,664784
9240,hybrid,fixed,decaps,620982
9241,hybrid,fixed,decaps,637813
9242,hybrid,fixed,decaps,649505
9243,hybrid,fixed,decaps,726729
9244,hybrid,fixed,decaps,915673
9245,hybrid,fixed,decaps,662420
9246,hybrid,fixed,decaps,664713
9247,hybrid,fixed,decaps,623587
9248,hybrid,fixed,decaps,623988
9249,hybrid,fixed,decaps,779839
9250,hybrid,fixed,decaps,716640
9251,hybrid,fixed,decaps,689901
9252,hybrid,fixed,decaps,641129
9253,hybrid,fixed,decaps,681345
9254,hybrid,fixed,decaps,628686
9255,hybrid,fixed,decaps,646980
9256,hybrid,fixed,decaps,821998
9257,hybrid,fixed,decaps,738000
9258,hybrid,fixed,decaps,620010
9259,hybrid,fixed,decaps,616644
9260,hybrid,fixed,decaps,643895
9261,hybrid,fixed,decaps,620000
9262,hybrid,fixed,decaps,618487
9263,hybrid,fixed,decaps,639396
9264,hybrid,fixed,decaps,624378
9265,hybrid,fixed,decaps,629267
9266,hybrid,fixed,decaps,626101
9267,hybrid,fixed,decaps,633004
9268,hybrid,fixed,decaps,621653
9269,hybrid,fixed,decaps,664313
9270,hybrid,fixed,decaps,621433
9271,hybrid,fixed,decaps,647712
9272,hybrid,fixed,decaps,621704
9273,hybrid,fixed,decaps,684721
9274,hybrid,fixed,decaps,679621
9275,hybrid,fixed,decaps,656157
9276,hybrid,fixed,decaps,652712
9277,hybrid,fixed,decaps,700420
9278,hybrid,fixed,decaps,632584
9279,hybrid,fixed,decaps,621403
9280,hybrid,fixed,decaps,629177
9281,hybrid,fixed,decaps,922346
9282,hybrid,fixed,decaps,686284
9283,hybrid,fixed,decaps,627063
9284,hybrid,fixed,decaps,623357
9285,hybrid,fixed,decaps,621283
9286,hybrid,fixed,decaps,653122
9287,hybrid,fixed,decaps,623427
9288,hybrid,fixed,decaps,628446
9289,hybrid,fixed,decaps,630149
9290,hybrid,fixed,decaps,625200
9291,hybrid,fixed,decaps,639908
9292,hybrid,fixed,decaps,624078
9293,hybrid,fixed,decaps,649856
9294,hybrid,fixed,decaps,625570
9295,hybrid,fixed,decaps,692655
9296,hybrid,fixed,decaps,667980
9297,hybrid,fixed,decaps,630359
9298,hybrid,fixed,decaps,629758
9299,hybrid,fixed,decaps,667468
9300,hybrid,fixed,decaps,705690
9301,hybrid,fixed,decaps,675153
9302,hybrid,fixed,decaps,622475
9303,hybrid,fixed,decaps,622735
9304,hybrid,fixed,decaps,642011
9305,hybrid,fixed,decaps,624598
9306,hybrid,fixed,decaps,635519
9307,hybrid,fixed,decaps,615622
9308,hybrid,fixed,decaps,639817
9309,hybrid,fixed,decaps,620772
9310,hybrid,fixed,decaps,619139
9311,hybrid,fixed,decaps,629999
9312,hybrid,fixed,decaps,645588
9313,hybrid,fixed,decaps,632222
9314,hybrid,fixed,decaps,620651
9315,hybrid,fixed,decaps,615732
9316,hybrid,fixed,decaps,617015
9317,hybrid,fixed,decaps,621423
9318,hybrid,fixed,decaps,630359
9319,hybrid,fixed,decaps,618176
9320,hybrid,fixed,decaps,633244
9321,hybrid,fixed,decaps,624609
9322,hybrid,fixed,decaps,626653
9323,hybrid,fixed,decaps,611645
9324,hybrid,fixed,decaps,615682
9325,hybrid,fixed,decaps,616463
9326,hybrid,fixed,decaps,656187
9327,hybrid,fixed,decaps,623677
9328,hybrid,fixed,decaps,648032
9329,hybrid,fixed,decaps,628386
9330,hybrid,fixed,decaps,618998
9331,hybrid,fixed,decaps,810817
9332,hybrid,fixed,decaps,619178
9333,hybrid,fixed,decaps,637392
9334,hybrid,fixed,decaps,614610
9335,hybrid,fixed,decaps,617846
9336,hybrid,fixed,decaps,631171
9337,hybrid,fixed,decaps,612627
9338,hybrid,fixed,decaps,628466
9339,hybrid,fixed,decaps,619339
9340,hybrid,fixed,decaps,632533
9341,hybrid,fixed,decaps,628756
9342,hybrid,fixed,decaps,621643
9343,hybrid,fixed,decaps,626683
9344,hybrid,fixed,decaps,629208
9345,hybrid,fixed,decaps,660306
9346,hybrid,fixed,decaps,621843
9347,hybrid,fixed,decaps,616002
9348,hybrid,fixed,decaps,612476
9349,hybrid,fixed,decaps,665666
9350,hybrid,fixed,decaps,632233
9351,hybrid,fixed,decaps,614590
9352,hybrid,fixed,decaps,612666
9353,hybrid,fixed,decaps,639376
9354,hybrid,fixed,decaps,639867
9355,hybrid,fixed,decaps,615591
9356,hybrid,fixed,decaps,608158
9357,hybrid,fixed,decaps,693828
9358,hybrid,fixed,decaps,667309
9359,hybrid,fixed,decaps,649615
9360,hybrid,fixed,decaps,617596
9361,hybrid,fixed,decaps,628996
9362,hybrid,fixed,decaps,633676
9363,hybrid,fixed,decaps,617856
9364,hybrid,fixed,decaps,624137
9365,hybrid,fixed,decaps,613357
9366,hybrid,fixed,decaps,632623
9367,hybrid,fixed,decaps,639046
9368,hybrid,fixed,decaps,619279
9369,hybrid,fixed,decaps,610652
9370,hybrid,fixed,decaps,619078
9371,hybrid,fixed,decaps,608960
9372,hybrid,fixed,decaps,622906
9373,hybrid,fixed,decaps,613258
9374,hybrid,fixed,decaps,611795
9375,hybrid,fixed,decaps,619339
9376,hybrid,fixed,decaps,611704
9377,hybrid,fixed,decaps,649054
9378,hybrid,fixed,decaps,607988
9379,hybrid,fixed,decaps,614820
9380,hybrid,fixed,decaps,626081
9381,hybrid,fixed,decaps,619850
9382,hybrid,fixed,decaps,623035
9383,hybrid,fixed,decaps,618257
9384,hybrid,fixed,decaps,614310
9385,hybrid,fixed,decaps,630129
9386,hybrid,fixed,decaps,633085
9387,hybrid,fixed,decaps,645037
9388,hybrid,fixed,decaps,642923
9389,hybrid,fixed,decaps,618928
9390,hybrid,fixed,decaps,607196
9391,hybrid,fixed,decaps,718695
9392,hybrid,fixed,decaps,898391
9393,hybrid,fixed,decaps,662059
9394,hybrid,fixed,decaps,613377
9395,hybrid,fixed,decaps,612736
9396,hybrid,fixed,decaps,645678
9397,hybrid,fixed,decaps,618127
9398,hybrid,fixed,decaps,619500
9399,hybrid,fixed,decaps,618066
9400,hybrid,fixed,decaps,616393
9401,hybrid,fixed,decaps,639977
9402,hybrid,fixed,decaps,614920
9403,hybrid,fixed,decaps,639486
9404,hybrid,fixed,decaps,627514
9405,hybrid,fixed,decaps,620722
9406,hybrid,fixed,decaps,694830
9407,hybrid,fixed,decaps,640739
9408,hybrid,fixed,decaps,615993
9409,hybrid,fixed,decaps,643233
9410,hybrid,fixed,decaps,632313
9411,hybrid,fixed,decaps,632213
9412,hybrid,fixed,decaps,675604
9413,hybrid,fixed,decaps,641670
9414,hybrid,fixed,decaps,617255
9415,hybrid,fixed,decaps,610302
9416,hybrid,fixed,decaps,610712
9417,hybrid,fixed,decaps,627895
9418,hybrid,fixed,decaps,631001
9419,hybrid,fixed,decaps,614980
9420,hybrid,fixed,decaps,610412
9421,hybrid,fixed,decaps,610943
9422,hybrid,fixed,decaps,632203
9423,hybrid,fixed,decaps,642822
9424,hybrid,fixed,decaps,622034
9425,hybrid,fixed,decaps,622063
9426,hybrid,fixed,decaps,612676
9427,hybrid,fixed,decaps,611083
9428,hybrid,fixed,decaps,625841
9429,hybrid,fixed,decaps,611695
9430,hybrid,fixed,decaps,622715
9431,hybrid,fixed,decaps,639126
9432,hybrid,fixed,decaps,654655
9433,hybrid,fixed,decaps,688028
9434,hybrid,fixed,decaps,645257
9435,hybrid,fixed,decaps,647491
9436,hybrid,fixed,decaps,628255
9437,hybrid,fixed,decaps,611614
9438,hybrid,fixed,decaps,636931
9439,hybrid,fixed,decaps,642683
9440,hybrid,fixed,decaps,610192
9441,hybrid,fixed,decaps,643023
9442,hybrid,fixed,decaps,623417
9443,hybrid,fixed,decaps,630650
9444,hybrid,fixed,decaps,619549
9445,hybrid,fixed,decaps,632162
9446,hybrid,fixed,decaps,616373
9447,hybrid,fixed,decaps,620150
9448,hybrid,fixed,decaps,611024
9449,hybrid,fixed,decaps,681154
9450,hybrid,fixed,decaps,643955
9451,hybrid,fixed,decaps,613237
9452,hybrid,fixed,decaps,610292
9453,hybrid,fixed,decaps,611153
9454,hybrid,fixed,decaps,635438
9455,hybrid,fixed,decaps,612126
9456,hybrid,fixed,decaps,608629
9457,hybrid,fixed,decaps,626883
9458,hybrid,fixed,decaps,655466
9459,hybrid,fixed,decaps,632183
9460,hybrid,fixed,decaps,617526
9461,hybrid,fixed,decaps,610723
9462,hybrid,fixed,decaps,612667
9463,hybrid,fixed,decaps,610923
9464,hybrid,fixed,decaps,635519
9465,hybrid,fixed,decaps,626723
9466,hybrid,fixed,decaps,670564
9467,hybrid,fixed,decaps,632985
9468,hybrid,fixed,decaps,631371
9469,hybrid,fixed,decaps,613849
9470,hybrid,fixed,decaps,632313
9471,hybrid,fixed,decaps,622665
9472,hybrid,fixed,decaps,619088
9473,hybrid,fixed,decaps,615071
9474,hybrid,fixed,decaps,638214
9475,hybrid,fixed,decaps,629398
9476,hybrid,fixed,decaps,617335
9477,hybrid,fixed,decaps,623516
9478,hybrid,fixed,decaps,624548
9479,hybrid,fixed,decaps,616343
9480,hybrid,fixed,decaps,611674
9481,hybrid,fixed,decaps,624147
9482,hybrid,fixed,decaps,649395
9483,hybrid,fixed,decaps,620481
9484,hybrid,fixed,decaps,773417
9485,hybrid,fixed,decaps,900876
9486,hybrid,fixed,decaps,879125
9487,hybrid,fixed,decaps,882782
9488,hybrid,fixed,decaps,933536
9489,hybrid,fixed,decaps,928578
9490,hybrid,fixed,decaps,707414
9491,hybrid,fixed,decaps,619088
9492,hybrid,fixed,decaps,646790
9493,hybrid,fixed,decaps,671647
9494,hybrid,fixed,decaps,709768
9495,hybrid,fixed,decaps,626322
9496,hybrid,fixed,decaps,615131
9497,hybrid,fixed,decaps,616323
9498,hybrid,fixed,decaps,614189
9499,hybrid,fixed,decaps,638314
9500,hybrid,fixed,decaps,635408
9501,hybrid,fixed,decaps,668100
9502,hybrid,fixed,decaps,794056
9503,hybrid,fixed,decaps,621873
9504,hybrid,fixed,decaps,643804
9505,hybrid,fixed,decaps,618517
9506,hybrid,fixed,decaps,649185
9507,hybrid,fixed,decaps,618747
9508,hybrid,fixed,decaps,765833
9509,hybrid,fixed,decaps,898932
9510,hybrid,fixed,decaps,875829
9511,hybrid,fixed,decaps,917787
9512,hybrid,fixed,decaps,953695
9513,hybrid,fixed,decaps,835604
9514,hybrid,fixed,decaps,631522
9515,hybrid,fixed,decaps,646931
9516,hybrid,fixed,decaps,622735
9517,hybrid,fixed,decaps,657830
9518,hybrid,fixed,decaps,743010
9519,hybrid,fixed,decaps,933126
9520,hybrid,fixed,decaps,939077
9521,hybrid,fixed,decaps,966789
9522,hybrid,fixed,decaps,962391
9523,hybrid,fixed,decaps,785921
9524,hybrid,fixed,decaps,638365
9525,hybrid,fixed,decaps,638705
9526,hybrid,fixed,decaps,635028
9527,hybrid,fixed,decaps,631071
9528,hybrid,fixed,decaps,648663
9529,hybrid,fixed,decaps,623707
9530,hybrid,fixed,decaps,723303
9531,hybrid,fixed,decaps,896197
9532,hybrid,fixed,decaps,906186
9533,hybrid,fixed,decaps,924048
9534,hybrid,fixed,decaps,1007876
9535,hybrid,fixed,decaps,849880
9536,hybrid,fixed,decaps,651799
9537,hybrid,fixed,decaps,645257
9538,hybrid,fixed,decaps,638986
9539,hybrid,fixed,decaps,659675
9540,hybrid,fixed,decaps,633856
9541,hybrid,fixed,decaps,631732
9542,hybrid,fixed,decaps,625651
9543,hybrid,fixed,decaps,630019
9544,hybrid,fixed,decaps,636832
9545,hybrid,fixed,decaps,623547
9546,hybrid,fixed,decaps,627373
9547,hybrid,fixed,decaps,618347
9548,hybrid,fixed,decaps,699469
9549,hybrid,fixed,decaps,846153
9550,hybrid,fixed,decaps,646429
9551,hybrid,fixed,decaps,624708
9552,hybrid,fixed,decaps,688829
9553,hybrid,fixed,decaps,868045
9554,hybrid,fixed,decaps,910965
9555,hybrid,fixed,decaps,877993
9556,hybrid,fixed,decaps,895396
9557,hybrid,fixed,decaps,950038
9558,hybrid,fixed,decaps,901266
9559,hybrid,fixed,decaps,795369
9560,hybrid,fixed,decaps,641350
9561,hybrid,fixed,decaps,616554
9562,hybrid,fixed,decaps,642922
9563,hybrid,fixed,decaps,618006
9564,hybrid,fixed,decaps,620100
9565,hybrid,fixed,decaps,622235
9566,hybrid,fixed,decaps,621182
9567,hybrid,fixed,decaps,631251
9568,hybrid,fixed,decaps,623597
9569,hybrid,fixed,decaps,628405
9570,hybrid,fixed,decaps,646019
9571,hybrid,fixed,decaps,820405
9572,hybrid,fixed,decaps,651038
9573,hybrid,fixed,decaps,625120
9574,hybrid,fixed,decaps,620672
9575,hybrid,fixed,decaps,617976
9576,hybrid,fixed,decaps,626041
9577,hybrid,fixed,decaps,889774
9578,hybrid,fixed,decaps,889113
9579,hybrid,fixed,decaps,906316
9580,hybrid,fixed,decaps,937143
9581,hybrid,fixed,decaps,919440
9582,hybrid,fixed,decaps,892489
9583,hybrid,fixed,decaps,636952
9584,hybrid,fixed,decaps,623867
9585,hybrid,fixed,decaps,713896
9586,hybrid,fixed,decaps,769780
9587,hybrid,fixed,decaps,754501
9588,hybrid,fixed,decaps,653423
9589,hybrid,fixed,decaps,617595
9590,hybrid,fixed,decaps,635168
9591,hybrid,fixed,decaps,615432
9592,hybrid,fixed,decaps,654775
9593,hybrid,fixed,decaps,781723
9594,hybrid,fixed,decaps,659444
9595,hybrid,fixed,decaps,642132
9596,hybrid,fixed,decaps,619810
9597,hybrid,fixed,decaps,617756
9598,hybrid,fixed,decaps,624137
9599,hybrid,fixed,decaps,621323
9600,hybrid,fixed,decaps,678389
9601,hybrid,fixed,decaps,649405
9602,hybrid,fixed,decaps,732551
9603,hybrid,fixed,decaps,678029
9604,hybrid,fixed,decaps,631532
9605,hybrid,fixed,decaps,738421
9606,hybrid,fixed,decaps,707463
9607,hybrid,fixed,decaps,627965
9608,hybrid,fixed,decaps,613849
9609,hybrid,fixed,decaps,617465
9610,hybrid,fixed,decaps,634797
9611,hybrid,fixed,decaps,617105
9612,hybrid,fixed,decaps,619749
9613,hybrid,fixed,decaps,622194
9614,hybrid,fixed,decaps,618087
9615,hybrid,fixed,decaps,618177
9616,hybrid,fixed,decaps,626552
9617,hybrid,fixed,decaps,619079
9618,hybrid,fixed,decaps,616002
9619,hybrid,fixed,decaps,638124
9620,hybrid,fixed,decaps,626102
9621,hybrid,fixed,decaps,629688
9622,hybrid,fixed,decaps,617295
9623,hybrid,fixed,decaps,627895
9624,hybrid,fixed,decaps,620741
9625,hybrid,fixed,decaps,643064
9626,hybrid,fixed,decaps,661177
9627,hybrid,fixed,decaps,785229
9628,hybrid,fixed,decaps,746507
9629,hybrid,fixed,decaps,832658
9630,hybrid,fixed,decaps,656007
9631,hybrid,fixed,decaps,660175
9632,hybrid,fixed,decaps,618998
9633,hybrid,fixed,decaps,637613
9634,hybrid,fixed,decaps,614941
9635,hybrid,fixed,decaps,616734
9636,hybrid,fixed,decaps,639116
9637,hybrid,fixed,decaps,628716
9638,hybrid,fixed,decaps,626151
9639,hybrid,fixed,decaps,620240
9640,hybrid,fixed,decaps,617566
9641,hybrid,fixed,decaps,631682
9642,hybrid,fixed,decaps,644716
9643,hybrid,fixed,decaps,619019
9644,hybrid,fixed,decaps,621082
9645,hybrid,fixed,decaps,615732
9646,hybrid,fixed,decaps,614780
9647,hybrid,fixed,decaps,640348
9648,hybrid,fixed,decaps,622093
9649,hybrid,fixed,decaps,625220
9650,hybrid,fixed,decaps,740706
9651,hybrid,fixed,decaps,681505
9652,hybrid,fixed,decaps,641280
9653,hybrid,fixed,decaps,670765
9654,hybrid,fixed,decaps,623005
9655,hybrid,fixed,decaps,774990
9656,hybrid,fixed,decaps,765031
9657,hybrid,fixed,decaps,660846
9658,hybrid,fixed,decaps,810777
9659,hybrid,fixed,decaps,645568
9660,hybrid,fixed,decaps,615261
9661,hybrid,fixed,decaps,636772
9662,hybrid,fixed,decaps,619219
9663,hybrid,fixed,decaps,614560
9664,hybrid,fixed,decaps,628687
9665,hybrid,fixed,decaps,618367
9666,hybrid,fixed,decaps,617896
9667,hybrid,fixed,decaps,623938
9668,hybrid,fixed,decaps,613979
9669,hybrid,fixed,decaps,614841
9670,hybrid,fixed,decaps,616173
9671,hybrid,fixed,decaps,619118
9672,hybrid,fixed,decaps,629468
9673,hybrid,fixed,decaps,628776
9674,hybrid,fixed,decaps,622545
9675,hybrid,fixed,decaps,651399
9676,hybrid,fixed,decaps,638935
9677,hybrid,fixed,decaps,656698
9678,hybrid,fixed,decaps,685903
9679,hybrid,fixed,decaps,883022
9680,hybrid,fixed,decaps,661709
9681,hybrid,fixed,decaps,674352
9682,hybrid,fixed,decaps,643053
9683,hybrid,fixed,decaps,615051
9684,hybrid,fixed,decaps,615312
9685,hybrid,fixed,decaps,610452
9686,hybrid,fixed,decaps,638424
9687,hybrid,fixed,decaps,625340
9688,hybrid,fixed,decaps,615261
9689,hybrid,fixed,decaps,627264
9690,hybrid,fixed,decaps,650707
9691,hybrid,fixed,decaps,622455
9692,hybrid,fixed,decaps,621774
9693,hybrid,fixed,decaps,630840
9694,hybrid,fixed,decaps,619188
9695,hybrid,fixed,decaps,628836
9696,hybrid,fixed,decaps,631531
9697,hybrid,fixed,decaps,618888
9698,hybrid,fixed,decaps,638505
9699,hybrid,fixed,decaps,614599
9700,hybrid,fixed,decaps,630249
9701,hybrid,fixed,decaps,659213
9702,hybrid,fixed,decaps,633215
9703,hybrid,fixed,decaps,705991
9704,hybrid,fixed,decaps,689971
9705,hybrid,fixed,decaps,768688
9706,hybrid,fixed,decaps,681896
9707,hybrid,fixed,decaps,706723
9708,hybrid,fixed,decaps,699619
9709,hybrid,fixed,decaps,631411
9710,hybrid,fixed,decaps,620772
9711,hybrid,fixed,decaps,638405
9712,hybrid,fixed,decaps,625260
9713,hybrid,fixed,decaps,661458
9714,hybrid,fixed,decaps,620651
9715,hybrid,fixed,decaps,686033
9716,hybrid,fixed,decaps,623417
9717,hybrid,fixed,decaps,623557
9718,hybrid,fixed,decaps,633996
9719,hybrid,fixed,decaps,618898
9720,hybrid,fixed,decaps,629377
9721,hybrid,fixed,decaps,661207
9722,hybrid,fixed,decaps,623577
9723,hybrid,fixed,decaps,631442
9724,hybrid,fixed,decaps,621132
9725,hybrid,fixed,decaps,622104
9726,hybrid,fixed,decaps,649886
9727,hybrid,fixed,decaps,695301
9728,hybrid,fixed,decaps,661097
9729,hybrid,fixed,decaps,756756
9730,hybrid,fixed,decaps,864016
9731,hybrid,fixed,decaps,887089
9732,hybrid,fixed,decaps,880267
9733,hybrid,fixed,decaps,725458
9734,hybrid,fixed,decaps,677688
9735,hybrid,fixed,decaps,635008
9736,hybrid,fixed,decaps,607848
9737,hybrid,fixed,decaps,664063
9738,hybrid,fixed,decaps,637803
9739,hybrid,fixed,decaps,617184
9740,hybrid,fixed,decaps,614399
9741,hybrid,fixed,decaps,628796
9742,hybrid,fixed,decaps,621102
9743,hybrid,fixed,decaps,628255
9744,hybrid,fixed,decaps,611223
9745,hybrid,fixed,decaps,612365
9746,hybrid,fixed,decaps,610002
9747,hybrid,fixed,decaps,610943
9748,hybrid,fixed,decaps,622675
9749,hybrid,fixed,decaps,610683
9750,hybrid,fixed,decaps,618848
9751,hybrid,fixed,decaps,660866
9752,hybrid,fixed,decaps,656969
9753,hybrid,fixed,decaps,872202
9754,hybrid,fixed,decaps,865559
9755,hybrid,fixed,decaps,875138
9756,hybrid,fixed,decaps,921624
9757,hybrid,fixed,decaps,973922
9758,hybrid,fixed,decaps,902509
9759,hybrid,fixed,decaps,684571
9760,hybrid,fixed,decaps,637934
9761,hybrid,fixed,decaps,669744
9762,hybrid,fixed,decaps,617556
9763,hybrid,fixed,decaps,635298
9764,hybrid,fixed,decaps,616213
9765,hybrid,fixed,decaps,615372
9766,hybrid,fixed,decaps,668992
9767,hybrid,fixed,decaps,621492
9768,hybrid,fixed,decaps,624458
9769,hybrid,fixed,decaps,620260
9770,hybrid,fixed,decaps,631361
9771,hybrid,fixed,decaps,628245
9772,hybrid,fixed,decaps,630329
9773,hybrid,fixed,decaps,618548
9774,hybrid,fixed,decaps,621072
9775,hybrid,fixed,decaps,661457
9776,hybrid,fixed,decaps,854108
9777,hybrid,fixed,decaps,902358
9778,hybrid,fixed,decaps,894684
9779,hybrid,fixed,decaps,921103
9780,hybrid,fixed,decaps,935209
9781,hybrid,fixed,decaps,894684
9782,hybrid,fixed,decaps,706151
9783,hybrid,fixed,decaps,623286
9784,hybrid,fixed,decaps,620451
9785,hybrid,fixed,decaps,643404
9786,hybrid,fixed,decaps,633916
9787,hybrid,fixed,decaps,621714
9788,hybrid,fixed,decaps,614530
9789,hybrid,fixed,decaps,616574
9790,hybrid,fixed,decaps,623837
9791,hybrid,fixed,decaps,620130
9792,hybrid,fixed,decaps,617184
9793,hybrid,fixed,decaps,612205
9794,hybrid,fixed,decaps,614019
9795,hybrid,fixed,decaps,618237
9796,hybrid,fixed,decaps,651549
9797,hybrid,fixed,decaps,637763
9798,hybrid,fixed,decaps,619600
9799,hybrid,fixed,decaps,648914
9800,hybrid,fixed,decaps,753790
9801,hybrid,fixed,decaps,879445
9802,hybrid,fixed,decaps,895405
9803,hybrid,fixed,decaps,874947
9804,hybrid,fixed,decaps,980635
9805,hybrid,fixed,decaps,910714
9806,hybrid,fixed,decaps,759882
9807,hybrid,fixed,decaps,625009
9808,hybrid,fixed,decaps,610572
9809,hybrid,fixed,decaps,638024
9810,hybrid,fixed,decaps,615221
9811,hybrid,fixed,decaps,610593
9812,hybrid,fixed,decaps,610512
9813,hybrid,fixed,decaps,616373
9814,hybrid,fixed,decaps,620541
9815,hybrid,fixed,decaps,610743
9816,hybrid,fixed,decaps,614870
9817,hybrid,fixed,decaps,622024
9818,hybrid,fixed,decaps,622455
9819,hybrid,fixed,decaps,620241
9820,hybrid,fixed,decaps,654054
9821,hybrid,fixed,decaps,645868
9822,hybrid,fixed,decaps,615772
9823,hybrid,fixed,decaps,657961
9824,hybrid,fixed,decaps,619138
9825,hybrid,fixed,decaps,658422
9826,hybrid,fixed,decaps,703005
9827,hybrid,fixed,decaps,620782
9828,hybrid,fixed,decaps,812621
9829,hybrid,fixed,decaps,758188
9830,hybrid,fixed,decaps,646219
9831,hybrid,fixed,decaps,702625
9832,hybrid,fixed,decaps,632363
9833,hybrid,fixed,decaps,683810
9834,hybrid,fixed,decaps,634808
9835,hybrid,fixed,decaps,624017
9836,hybrid,fixed,decaps,618908
9837,hybrid,fixed,decaps,618247
9838,hybrid,fixed,decaps,627144
9839,hybrid,fixed,decaps,620601
9840,hybrid,fixed,decaps,635278
9841,hybrid,fixed,decaps,624318
9842,hybrid,fixed,decaps,617705
9843,hybrid,fixed,decaps,621262
9844,hybrid,fixed,decaps,644235
9845,hybrid,fixed,decaps,646109
9846,hybrid,fixed,decaps,620781
9847,hybrid,fixed,decaps,669883
9848,hybrid,fixed,decaps,659223
9849,hybrid,fixed,decaps,692686
9850,hybrid,fixed,decaps,818060
9851,hybrid,fixed,decaps,710549
9852,hybrid,fixed,decaps,670064
9853,hybrid,fixed,decaps,806950
9854,hybrid,fixed,decaps,637122
9855,hybrid,fixed,decaps,651078
9856,hybrid,fixed,decaps,681045
9857,hybrid,fixed,decaps,622244
9858,hybrid,fixed,decaps,622094
9859,hybrid,fixed,decaps,618417
9860,hybrid,fixed,decaps,627935
9861,hybrid,fixed,decaps,608258
9862,hybrid,fixed,decaps,610271
9863,hybrid,fixed,decaps,610392
9864,hybrid,fixed,decaps,615231
9865,hybrid,fixed,decaps,618938
9866,hybrid,fixed,decaps,653753
9867,hybrid,fixed,decaps,639547
9868,hybrid,fixed,decaps,617796
9869,hybrid,fixed,decaps,622865
9870,hybrid,fixed,decaps,618848
9871,hybrid,fixed,decaps,629809
9872,hybrid,fixed,decaps,623947
9873,hybrid,fixed,decaps,620581
9874,hybrid,fixed,decaps,654114
9875,hybrid,fixed,decaps,637152
9876,hybrid,fixed,decaps,643935
9877,hybrid,fixed,decaps,683418
9878,hybrid,fixed,decaps,650657
9879,hybrid,fixed,decaps,635529
9880,hybrid,fixed,decaps,809494
9881,hybrid,fixed,decaps,748941
9882,hybrid,fixed,decaps,657170
9883,hybrid,fixed,decaps,611253
9884,hybrid,fixed,decaps,610442
9885,hybrid,fixed,decaps,610132
9886,hybrid,fixed,decaps,625190
9887,hybrid,fixed,decaps,661598
9888,hybrid,fixed,decaps,622454
9889,hybrid,fixed,decaps,615181
9890,hybrid,fixed,decaps,661407
9891,hybrid,fixed,decaps,2058421
9892,hybrid,fixed,decaps,9458647
9893,hybrid,fixed,decaps,9911584
9894,hybrid,fixed,decaps,9073657
9895,hybrid,fixed,decaps,8510342
9896,hybrid,fixed,decaps,9840321
9897,hybrid,fixed,decaps,9521474
9898,hybrid,fixed,decaps,9184344
9899,hybrid,fixed,decaps,9131435
9900,hybrid,fixed,decaps,9408383
9901,hybrid,fixed,decaps,9344603
9902,hybrid,fixed,decaps,9167242
9903,hybrid,fixed,decaps,9425866
9904,hybrid,fixed,decaps,8908908
9905,hybrid,fixed,decaps,9297355
9906,hybrid,fixed,decaps,9635167
9907,hybrid,fixed,decaps,9247051
9908,hybrid,fixed,decaps,9436606
9909,hybrid,fixed,decaps,9585054
9910,hybrid,fixed,decaps,9525111
9911,hybrid,fixed,decaps,9885665
9912,hybrid,fixed,decaps,9688928
9913,hybrid,fixed,decaps,9827798
9914,hybrid,fixed,decaps,9484786
9915,hybrid,fixed,decaps,9547062
9916,hybrid,fixed,decaps,10139912
9917,hybrid,fixed,decaps,9565206
9918,hybrid,fixed,decaps,10334746
9919,hybrid,fixed,decaps,10266498
9920,hybrid,fixed,decaps,10930080
9921,hybrid,fixed,decaps,9270164
9922,hybrid,fixed,decaps,9719014
9923,hybrid,fixed,decaps,9438970
9924,hybrid,fixed,decaps,9778705
9925,hybrid,fixed,decaps,9673368
9926,hybrid,fixed,decaps,9257150
9927,hybrid,fixed,decaps,9506306
9928,hybrid,fixed,decaps,9404535
9929,hybrid,fixed,decaps,8952330
9930,hybrid,fixed,decaps,9207367
9931,hybrid,fixed,decaps,9786510
9932,hybrid,fixed,decaps,10135313
9933,hybrid,fixed,decaps,10154238
9934,hybrid,fixed,decaps,9430955
9935,hybrid,fixed,decaps,10003126
9936,hybrid,fixed,decaps,9605732
9937,hybrid,fixed,decaps,9407872
9938,hybrid,fixed,decaps,9174515
9939,hybrid,fixed,decaps,10327904
9940,hybrid,fixed,decaps,9183021
9941,hybrid,fixed,decaps,9020057
9942,hybrid,fixed,decaps,9374540
9943,hybrid,fixed,decaps,9306161
9944,hybrid,fixed,decaps,9896716
9945,hybrid,fixed,decaps,9435183
9946,hybrid,fixed,decaps,9822378
9947,hybrid,fixed,decaps,9726398
9948,hybrid,fixed,decaps,8457473
9949,hybrid,fixed,decaps,9094736
9950,hybrid,fixed,decaps,9034173
9951,hybrid,fixed,decaps,9842535
9952,hybrid,fixed,decaps,9463066
9953,hybrid,fixed,decaps,9113581
9954,hybrid,fixed,decaps,9265075
9955,hybrid,fixed,decaps,9859967
9956,hybrid,fixed,decaps,9756394
9957,hybrid,fixed,decaps,8953512
9958,hybrid,fixed,decaps,9734543
9959,hybrid,fixed,decaps,9732990
9960,hybrid,fixed,decaps,8720255
9961,hybrid,fixed,decaps,8821966
9962,hybrid,fixed,decaps,9426366
9963,hybrid,fixed,decaps,9588991
9964,hybrid,fixed,decaps,9758869
9965,hybrid,fixed,decaps,8341536
9966,hybrid,fixed,decaps,9540851
9967,hybrid,fixed,decaps,9676014
9968,hybrid,fixed,decaps,10054342
9969,hybrid,fixed,decaps,9419143
9970,hybrid,fixed,decaps,9496668
9971,hybrid,fixed,decaps,10533858
9972,hybrid,fixed,decaps,9390740
9973,hybrid,fixed,decaps,9544778
9974,hybrid,fixed,decaps,9210763
9975,hybrid,fixed,decaps,9253673
9976,hybrid,fixed,decaps,10055544
9977,hybrid,fixed,decaps,10099937
9978,hybrid,fixed,decaps,10145842
9979,hybrid,fixed,decaps,9885525
9980,hybrid,fixed,decaps,10113562
9981,hybrid,fixed,decaps,9898890
9982,hybrid,fixed,decaps,9830533
9983,hybrid,fixed,decaps,10125304
9984,hybrid,fixed,decaps,9573662
9985,hybrid,fixed,decaps,8528316
9986,hybrid,fixed,decaps,7723461
9987,hybrid,fixed,decaps,9387243
9988,hybrid,fixed,decaps,9055002
9989,hybrid,fixed,decaps,9705890
9990,hybrid,fixed,decaps,9111848
9991,hybrid,fixed,decaps,10029284
9992,hybrid,fixed,decaps,9492550
9993,hybrid,fixed,decaps,10115606
9994,hybrid,fixed,decaps,9396430
9995,hybrid,fixed,decaps,9181098
9996,hybrid,fixed,decaps,9515002
9997,hybrid,fixed,decaps,9816657
9998,hybrid,fixed,decaps,9023543
9999,hybrid,fixed,decaps,9994560
10000,hybrid,fixed,decaps,9219840
