iteration,mode,input,op,elapsed_ns
1,mlkem,varying-key,decaps,27642
2,mlkem,varying-key,decaps,27411
3,mlkem,varying-key,decaps,27461
4,mlkem,varying-key,decaps,27401
5,mlkem,varying-key,decaps,27372
6,mlkem,varying-key,decaps,27372
7,mlkem,varying-key,decaps,27411
8,mlkem,varying-key,decaps,27321
9,mlkem,varying-key,decaps,27411
10,mlkem,varying-key,decaps,27472
11,mlkem,varying-key,decaps,27371
12,mlkem,varying-key,decaps,27411
13,mlkem,varying-key,decaps,27432
14,mlkem,varying-key,decaps,27461
15,mlkem,varying-key,decaps,27702
16,mlkem,varying-key,decaps,25718
17,mlkem,varying-key,decaps,25729
18,mlkem,varying-key,decaps,25607
19,mlkem,varying-key,decaps,25648
20,mlkem,varying-key,decaps,25608
21,mlkem,varying-key,decaps,25658
22,mlkem,varying-key,decaps,28764
23,mlkem,varying-key,decaps,25668
24,mlkem,varying-key,decaps,25658
25,mlkem,varying-key,decaps,25598
26,mlkem,varying-key,decaps,25648
27,mlkem,varying-key,decaps,25708
28,mlkem,varying-key,decaps,25718
29,mlkem,varying-key,decaps,25718
30,mlkem,varying-key,decaps,25708
31,mlkem,varying-key,decaps,25688
32,mlkem,varying-key,decaps,25658
33,mlkem,varying-key,decaps,26309
34,mlkem,varying-key,decaps,25618
35,mlkem,varying-key,decaps,25668
36,mlkem,varying-key,decaps,25678
37,mlkem,varying-key,decaps,25658
38,mlkem,varying-key,decaps,25678
39,mlkem,varying-key,decaps,29265
40,mlkem,varying-key,decaps,27401
41,mlkem,varying-key,decaps,27291
42,mlkem,varying-key,decaps,27241
43,mlkem,varying-key,decaps,27220
44,mlkem,varying-key,decaps,27952
45,mlkem,varying-key,decaps,27321
46,mlkem,varying-key,decaps,27181
47,mlkem,varying-key,decaps,27251
48,mlkem,varying-key,decaps,27271
49,mlkem,varying-key,decaps,27221
50,mlkem,varying-key,decaps,27171
51,mlkem,varying-key,decaps,27311
52,mlkem,varying-key,decaps,27221
53,mlkem,varying-key,decaps,27311
54,mlkem,varying-key,decaps,27221
55,mlkem,varying-key,decaps,27191
56,mlkem,varying-key,decaps,27882
57,mlkem,varying-key,decaps,27211
58,mlkem,varying-key,decaps,27220
59,mlkem,varying-key,decaps,27201
60,mlkem,varying-key,decaps,27191
61,mlkem,varying-key,decaps,27170
62,mlkem,varying-key,decaps,27211
63,mlkem,varying-key,decaps,30938
64,mlkem,varying-key,decaps,27411
65,mlkem,varying-key,decaps,27451
66,mlkem,varying-key,decaps,27431
67,mlkem,varying-key,decaps,27452
68,mlkem,varying-key,decaps,27421
69,mlkem,varying-key,decaps,28123
70,mlkem,varying-key,decaps,27411
71,mlkem,varying-key,decaps,27501
72,mlkem,varying-key,decaps,47850
73,mlkem,varying-key,decaps,27472
74,mlkem,varying-key,decaps,27411
75,mlkem,varying-key,decaps,27451
76,mlkem,varying-key,decaps,27382
77,mlkem,varying-key,decaps,27451
78,mlkem,varying-key,decaps,27562
79,mlkem,varying-key,decaps,27431
80,mlkem,varying-key,decaps,27482
81,mlkem,varying-key,decaps,28353
82,mlkem,varying-key,decaps,27551
83,mlkem,varying-key,decaps,27401
84,mlkem,varying-key,decaps,27452
85,mlkem,varying-key,decaps,27922
86,mlkem,varying-key,decaps,25968
87,mlkem,varying-key,decaps,25989
88,mlkem,varying-key,decaps,26069
89,mlkem,varying-key,decaps,25959
90,mlkem,varying-key,decaps,25989
91,mlkem,varying-key,decaps,25939
92,mlkem,varying-key,decaps,26079
93,mlkem,varying-key,decaps,25909
94,mlkem,varying-key,decaps,26039
95,mlkem,varying-key,decaps,27261
96,mlkem,varying-key,decaps,26710
97,mlkem,varying-key,decaps,26019
98,mlkem,varying-key,decaps,25969
99,mlkem,varying-key,decaps,25979
100,mlkem,varying-key,decaps,26009
101,mlkem,varying-key,decaps,26028
102,mlkem,varying-key,decaps,26028
103,mlkem,varying-key,decaps,25938
104,mlkem,varying-key,decaps,26009
105,mlkem,varying-key,decaps,25888
106,mlkem,varying-key,decaps,26079
107,mlkem,varying-key,decaps,26019
108,mlkem,varying-key,decaps,25909
109,mlkem,varying-key,decaps,30047
110,mlkem,varying-key,decaps,26299
111,mlkem,varying-key,decaps,27010
112,mlkem,varying-key,decaps,26359
113,mlkem,varying-key,decaps,26269
114,mlkem,varying-key,decaps,26299
115,mlkem,varying-key,decaps,26349
116,mlkem,varying-key,decaps,26219
117,mlkem,varying-key,decaps,26309
118,mlkem,varying-key,decaps,26299
119,mlkem,varying-key,decaps,26309
120,mlkem,varying-key,decaps,26329
121,mlkem,varying-key,decaps,27171
122,mlkem,varying-key,decaps,26369
123,mlkem,varying-key,decaps,26329
124,mlkem,varying-key,decaps,26339
125,mlkem,varying-key,decaps,26370
126,mlkem,varying-key,decaps,26310
127,mlkem,varying-key,decaps,26299
128,mlkem,varying-key,decaps,26389
129,mlkem,varying-key,decaps,26359
130,mlkem,varying-key,decaps,26309
131,mlkem,varying-key,decaps,26329
132,mlkem,varying-key,decaps,26340
133,mlkem,varying-key,decaps,27010
134,mlkem,varying-key,decaps,26379
135,mlkem,varying-key,decaps,26340
136,mlkem,varying-key,decaps,26379
137,mlkem,varying-key,decaps,27021
138,mlkem,varying-key,decaps,26319
139,mlkem,varying-key,decaps,26299
140,mlkem,varying-key,decaps,26349
141,mlkem,varying-key,decaps,26329
142,mlkem,varying-key,decaps,26370
143,mlkem,varying-key,decaps,26229
144,mlkem,varying-key,decaps,26340
145,mlkem,varying-key,decaps,26379
146,mlkem,varying-key,decaps,26299
147,mlkem,varying-key,decaps,26349
148,mlkem,varying-key,decaps,26299
149,mlkem,varying-key,decaps,26450
150,mlkem,varying-key,decaps,35165
151,mlkem,varying-key,decaps,26419
152,mlkem,varying-key,decaps,26429
153,mlkem,varying-key,decaps,27060
154,mlkem,varying-key,decaps,26380
155,mlkem,varying-key,decaps,26310
156,mlkem,varying-key,decaps,27792
157,mlkem,varying-key,decaps,25698
158,mlkem,varying-key,decaps,25668
159,mlkem,varying-key,decaps,25698
160,mlkem,varying-key,decaps,25688
161,mlkem,varying-key,decaps,25678
162,mlkem,varying-key,decaps,25718
163,mlkem,varying-key,decaps,25779
164,mlkem,varying-key,decaps,25638
165,mlkem,varying-key,decaps,26339
166,mlkem,varying-key,decaps,25648
167,mlkem,varying-key,decaps,25688
168,mlkem,varying-key,decaps,25698
169,mlkem,varying-key,decaps,26339
170,mlkem,varying-key,decaps,25628
171,mlkem,varying-key,decaps,25628
172,mlkem,varying-key,decaps,25628
173,mlkem,varying-key,decaps,25588
174,mlkem,varying-key,decaps,25688
175,mlkem,varying-key,decaps,25658
176,mlkem,varying-key,decaps,25638
177,mlkem,varying-key,decaps,25728
178,mlkem,varying-key,decaps,25658
179,mlkem,varying-key,decaps,25618
180,mlkem,varying-key,decaps,28553
181,mlkem,varying-key,decaps,26830
182,mlkem,varying-key,decaps,27001
183,mlkem,varying-key,decaps,26380
184,mlkem,varying-key,decaps,26329
185,mlkem,varying-key,decaps,26369
186,mlkem,varying-key,decaps,26299
187,mlkem,varying-key,decaps,26309
188,mlkem,varying-key,decaps,26349
189,mlkem,varying-key,decaps,26299
190,mlkem,varying-key,decaps,26350
191,mlkem,varying-key,decaps,26330
192,mlkem,varying-key,decaps,26249
193,mlkem,varying-key,decaps,26991
194,mlkem,varying-key,decaps,26299
195,mlkem,varying-key,decaps,26339
196,mlkem,varying-key,decaps,26349
197,mlkem,varying-key,decaps,26289
198,mlkem,varying-key,decaps,26409
199,mlkem,varying-key,decaps,26269
200,mlkem,varying-key,decaps,26329
201,mlkem,varying-key,decaps,26339
202,mlkem,varying-key,decaps,26329
203,mlkem,varying-key,decaps,26339
204,mlkem,varying-key,decaps,30828
205,mlkem,varying-key,decaps,27401
206,mlkem,varying-key,decaps,27351
207,mlkem,varying-key,decaps,27522
208,mlkem,varying-key,decaps,27441
209,mlkem,varying-key,decaps,27431
210,mlkem,varying-key,decaps,27491
211,mlkem,varying-key,decaps,27512
212,mlkem,varying-key,decaps,27541
213,mlkem,varying-key,decaps,27442
214,mlkem,varying-key,decaps,27471
215,mlkem,varying-key,decaps,27472
216,mlkem,varying-key,decaps,27421
217,mlkem,varying-key,decaps,27431
218,mlkem,varying-key,decaps,27442
219,mlkem,varying-key,decaps,27561
220,mlkem,varying-key,decaps,27411
221,mlkem,varying-key,decaps,30467
222,mlkem,varying-key,decaps,31329
223,mlkem,varying-key,decaps,28243
224,mlkem,varying-key,decaps,27421
225,mlkem,varying-key,decaps,27402
226,mlkem,varying-key,decaps,28473
227,mlkem,varying-key,decaps,27021
228,mlkem,varying-key,decaps,55284
229,mlkem,varying-key,decaps,27141
230,mlkem,varying-key,decaps,27001
231,mlkem,varying-key,decaps,26990
232,mlkem,varying-key,decaps,26980
233,mlkem,varying-key,decaps,27742
234,mlkem,varying-key,decaps,26980
235,mlkem,varying-key,decaps,26960
236,mlkem,varying-key,decaps,27060
237,mlkem,varying-key,decaps,27000
238,mlkem,varying-key,decaps,27041
239,mlkem,varying-key,decaps,26980
240,mlkem,varying-key,decaps,27071
241,mlkem,varying-key,decaps,27071
242,mlkem,varying-key,decaps,27091
243,mlkem,varying-key,decaps,27141
244,mlkem,varying-key,decaps,27041
245,mlkem,varying-key,decaps,26991
246,mlkem,varying-key,decaps,27011
247,mlkem,varying-key,decaps,27071
248,mlkem,varying-key,decaps,27000
249,mlkem,varying-key,decaps,28423
250,mlkem,varying-key,decaps,25397
251,mlkem,varying-key,decaps,26219
252,mlkem,varying-key,decaps,26108
253,mlkem,varying-key,decaps,25488
254,mlkem,varying-key,decaps,25498
255,mlkem,varying-key,decaps,25497
256,mlkem,varying-key,decaps,25478
257,mlkem,varying-key,decaps,25417
258,mlkem,varying-key,decaps,25548
259,mlkem,varying-key,decaps,25438
260,mlkem,varying-key,decaps,25518
261,mlkem,varying-key,decaps,25548
262,mlkem,varying-key,decaps,25477
263,mlkem,varying-key,decaps,25528
264,mlkem,varying-key,decaps,25437
265,mlkem,varying-key,decaps,25578
266,mlkem,varying-key,decaps,26339
267,mlkem,varying-key,decaps,27422
268,mlkem,varying-key,decaps,25507
269,mlkem,varying-key,decaps,25428
270,mlkem,varying-key,decaps,27281
271,mlkem,varying-key,decaps,25527
272,mlkem,varying-key,decaps,25408
273,mlkem,varying-key,decaps,27181
274,mlkem,varying-key,decaps,24706
275,mlkem,varying-key,decaps,24706
276,mlkem,varying-key,decaps,24686
277,mlkem,varying-key,decaps,24746
278,mlkem,varying-key,decaps,24686
279,mlkem,varying-key,decaps,24807
280,mlkem,varying-key,decaps,24706
281,mlkem,varying-key,decaps,25288
282,mlkem,varying-key,decaps,24706
283,mlkem,varying-key,decaps,24776
284,mlkem,varying-key,decaps,24687
285,mlkem,varying-key,decaps,24676
286,mlkem,varying-key,decaps,25327
287,mlkem,varying-key,decaps,24636
288,mlkem,varying-key,decaps,24646
289,mlkem,varying-key,decaps,24786
290,mlkem,varying-key,decaps,24736
291,mlkem,varying-key,decaps,25288
292,mlkem,varying-key,decaps,24646
293,mlkem,varying-key,decaps,24706
294,mlkem,varying-key,decaps,24636
295,mlkem,varying-key,decaps,24747
296,mlkem,varying-key,decaps,24726
297,mlkem,varying-key,decaps,25408
298,mlkem,varying-key,decaps,25027
299,mlkem,varying-key,decaps,26860
300,mlkem,varying-key,decaps,24696
301,mlkem,varying-key,decaps,24727
302,mlkem,varying-key,decaps,24746
303,mlkem,varying-key,decaps,24716
304,mlkem,varying-key,decaps,24766
305,mlkem,varying-key,decaps,24736
306,mlkem,varying-key,decaps,24786
307,mlkem,varying-key,decaps,24666
308,mlkem,varying-key,decaps,24767
309,mlkem,varying-key,decaps,24707
310,mlkem,varying-key,decaps,24766
311,mlkem,varying-key,decaps,24736
312,mlkem,varying-key,decaps,24706
313,mlkem,varying-key,decaps,24746
314,mlkem,varying-key,decaps,24656
315,mlkem,varying-key,decaps,25087
316,mlkem,varying-key,decaps,24767
317,mlkem,varying-key,decaps,25347
318,mlkem,varying-key,decaps,24756
319,mlkem,varying-key,decaps,24786
320,mlkem,varying-key,decaps,24756
321,mlkem,varying-key,decaps,24696
322,mlkem,varying-key,decaps,24686
323,mlkem,varying-key,decaps,24657
324,mlkem,varying-key,decaps,24676
325,mlkem,varying-key,decaps,24726
326,mlkem,varying-key,decaps,24767
327,mlkem,varying-key,decaps,24716
328,mlkem,varying-key,decaps,24676
329,mlkem,varying-key,decaps,24736
330,mlkem,varying-key,decaps,24696
331,mlkem,varying-key,decaps,24796
332,mlkem,varying-key,decaps,24706
333,mlkem,varying-key,decaps,24727
334,mlkem,varying-key,decaps,24716
335,mlkem,varying-key,decaps,24796
336,mlkem,varying-key,decaps,24696
337,mlkem,varying-key,decaps,25107
338,mlkem,varying-key,decaps,24656
339,mlkem,varying-key,decaps,24656
340,mlkem,varying-key,decaps,24797
341,mlkem,varying-key,decaps,24826
342,mlkem,varying-key,decaps,24756
343,mlkem,varying-key,decaps,24676
344,mlkem,varying-key,decaps,24676
345,mlkem,varying-key,decaps,24756
346,mlkem,varying-key,decaps,24796
347,mlkem,varying-key,decaps,24716
348,mlkem,varying-key,decaps,24697
349,mlkem,varying-key,decaps,25037
350,mlkem,varying-key,decaps,27642
351,mlkem,varying-key,decaps,24736
352,mlkem,varying-key,decaps,25367
353,mlkem,varying-key,decaps,24727
354,mlkem,varying-key,decaps,24736
355,mlkem,varying-key,decaps,24787
356,mlkem,varying-key,decaps,24786
357,mlkem,varying-key,decaps,24726
358,mlkem,varying-key,decaps,24777
359,mlkem,varying-key,decaps,24696
360,mlkem,varying-key,decaps,24746
361,mlkem,varying-key,decaps,24796
362,mlkem,varying-key,decaps,24677
363,mlkem,varying-key,decaps,24746
364,mlkem,varying-key,decaps,24796
365,mlkem,varying-key,decaps,24707
366,mlkem,varying-key,decaps,24766
367,mlkem,varying-key,decaps,24696
368,mlkem,varying-key,decaps,27362
369,mlkem,varying-key,decaps,28804
370,mlkem,varying-key,decaps,26179
371,mlkem,varying-key,decaps,24666
372,mlkem,varying-key,decaps,24646
373,mlkem,varying-key,decaps,24717
374,mlkem,varying-key,decaps,26129
375,mlkem,varying-key,decaps,28162
376,mlkem,varying-key,decaps,31619
377,mlkem,varying-key,decaps,27511
378,mlkem,varying-key,decaps,24777
379,mlkem,varying-key,decaps,24746
380,mlkem,varying-key,decaps,24666
381,mlkem,varying-key,decaps,27652
382,mlkem,varying-key,decaps,29144
383,mlkem,varying-key,decaps,26600
384,mlkem,varying-key,decaps,25298
385,mlkem,varying-key,decaps,31619
386,mlkem,varying-key,decaps,31259
387,mlkem,varying-key,decaps,28363
388,mlkem,varying-key,decaps,24726
389,mlkem,varying-key,decaps,26490
390,mlkem,varying-key,decaps,24726
391,mlkem,varying-key,decaps,24856
392,mlkem,varying-key,decaps,24727
393,mlkem,varying-key,decaps,24626
394,mlkem,varying-key,decaps,24716
395,mlkem,varying-key,decaps,24726
396,mlkem,varying-key,decaps,25077
397,mlkem,varying-key,decaps,26300
398,mlkem,varying-key,decaps,24706
399,mlkem,varying-key,decaps,24616
400,mlkem,varying-key,decaps,24656
401,mlkem,varying-key,decaps,24676
402,mlkem,varying-key,decaps,24726
403,mlkem,varying-key,decaps,24757
404,mlkem,varying-key,decaps,25338
405,mlkem,varying-key,decaps,24727
406,mlkem,varying-key,decaps,24696
407,mlkem,varying-key,decaps,24746
408,mlkem,varying-key,decaps,24747
409,mlkem,varying-key,decaps,24736
410,mlkem,varying-key,decaps,24736
411,mlkem,varying-key,decaps,24726
412,mlkem,varying-key,decaps,24757
413,mlkem,varying-key,decaps,27722
414,mlkem,varying-key,decaps,27030
415,mlkem,varying-key,decaps,27702
416,mlkem,varying-key,decaps,26720
417,mlkem,varying-key,decaps,27021
418,mlkem,varying-key,decaps,27241
419,mlkem,varying-key,decaps,26660
420,mlkem,varying-key,decaps,28323
421,mlkem,varying-key,decaps,32561
422,mlkem,varying-key,decaps,29225
423,mlkem,varying-key,decaps,28383
424,mlkem,varying-key,decaps,29555
425,mlkem,varying-key,decaps,28233
426,mlkem,varying-key,decaps,29345
427,mlkem,varying-key,decaps,30687
428,mlkem,varying-key,decaps,30748
429,mlkem,varying-key,decaps,31499
430,mlkem,varying-key,decaps,31849
431,mlkem,varying-key,decaps,30086
432,mlkem,varying-key,decaps,29846
433,mlkem,varying-key,decaps,29094
434,mlkem,varying-key,decaps,30467
435,mlkem,varying-key,decaps,29374
436,mlkem,varying-key,decaps,29325
437,mlkem,varying-key,decaps,29916
438,mlkem,varying-key,decaps,30077
439,mlkem,varying-key,decaps,29676
440,mlkem,varying-key,decaps,29485
441,mlkem,varying-key,decaps,29736
442,mlkem,varying-key,decaps,28643
443,mlkem,varying-key,decaps,27051
444,mlkem,varying-key,decaps,28444
445,mlkem,varying-key,decaps,28383
446,mlkem,varying-key,decaps,29014
447,mlkem,varying-key,decaps,27571
448,mlkem,varying-key,decaps,28002
449,mlkem,varying-key,decaps,28793
450,mlkem,varying-key,decaps,27982
451,mlkem,varying-key,decaps,28013
452,mlkem,varying-key,decaps,29435
453,mlkem,varying-key,decaps,28133
454,mlkem,varying-key,decaps,27361
455,mlkem,varying-key,decaps,30156
456,mlkem,varying-key,decaps,31869
457,mlkem,varying-key,decaps,29685
458,mlkem,varying-key,decaps,27832
459,mlkem,varying-key,decaps,29936
460,mlkem,varying-key,decaps,29665
461,mlkem,varying-key,decaps,29004
462,mlkem,varying-key,decaps,28644
463,mlkem,varying-key,decaps,31549
464,mlkem,varying-key,decaps,30717
465,mlkem,varying-key,decaps,30197
466,mlkem,varying-key,decaps,28474
467,mlkem,varying-key,decaps,28173
468,mlkem,varying-key,decaps,28864
469,mlkem,varying-key,decaps,28684
470,mlkem,varying-key,decaps,28593
471,mlkem,varying-key,decaps,28383
472,mlkem,varying-key,decaps,28634
473,mlkem,varying-key,decaps,28373
474,mlkem,varying-key,decaps,28654
475,mlkem,varying-key,decaps,28693
476,mlkem,varying-key,decaps,28584
477,mlkem,varying-key,decaps,28323
478,mlkem,varying-key,decaps,28453
479,mlkem,varying-key,decaps,29225
480,mlkem,varying-key,decaps,28533
481,mlkem,varying-key,decaps,28724
482,mlkem,varying-key,decaps,29896
483,mlkem,varying-key,decaps,30497
484,mlkem,varying-key,decaps,32050
485,mlkem,varying-key,decaps,31439
486,mlkem,varying-key,decaps,32330
487,mlkem,varying-key,decaps,32300
488,mlkem,varying-key,decaps,32150
489,mlkem,varying-key,decaps,32180
490,mlkem,varying-key,decaps,32551
491,mlkem,varying-key,decaps,29846
492,mlkem,varying-key,decaps,31870
493,mlkem,varying-key,decaps,31359
494,mlkem,varying-key,decaps,33973
495,mlkem,varying-key,decaps,33513
496,mlkem,varying-key,decaps,34585
497,mlkem,varying-key,decaps,32681
498,mlkem,varying-key,decaps,34364
499,mlkem,varying-key,decaps,33182
500,mlkem,varying-key,decaps,32221
501,mlkem,varying-key,decaps,32160
502,mlkem,varying-key,decaps,31259
503,mlkem,varying-key,decaps,37631
504,mlkem,varying-key,decaps,31970
505,mlkem,varying-key,decaps,35055
506,mlkem,varying-key,decaps,34454
507,mlkem,varying-key,decaps,32912
508,mlkem,varying-key,decaps,33423
509,mlkem,varying-key,decaps,32861
510,mlkem,varying-key,decaps,32430
511,mlkem,varying-key,decaps,32701
512,mlkem,varying-key,decaps,31369
513,mlkem,varying-key,decaps,31429
514,mlkem,varying-key,decaps,32681
515,mlkem,varying-key,decaps,30828
516,mlkem,varying-key,decaps,32511
517,mlkem,varying-key,decaps,31368
518,mlkem,varying-key,decaps,32631
519,mlkem,varying-key,decaps,32831
520,mlkem,varying-key,decaps,33422
521,mlkem,varying-key,decaps,32881
522,mlkem,varying-key,decaps,33002
523,mlkem,varying-key,decaps,29315
524,mlkem,varying-key,decaps,30407
525,mlkem,varying-key,decaps,30026
526,mlkem,varying-key,decaps,29896
527,mlkem,varying-key,decaps,29566
528,mlkem,varying-key,decaps,29425
529,mlkem,varying-key,decaps,29064
530,mlkem,varying-key,decaps,50274
531,mlkem,varying-key,decaps,26960
532,mlkem,varying-key,decaps,28844
533,mlkem,varying-key,decaps,29105
534,mlkem,varying-key,decaps,29555
535,mlkem,varying-key,decaps,30107
536,mlkem,varying-key,decaps,30006
537,mlkem,varying-key,decaps,29655
538,mlkem,varying-key,decaps,29165
539,mlkem,varying-key,decaps,29986
540,mlkem,varying-key,decaps,29365
541,mlkem,varying-key,decaps,28764
542,mlkem,varying-key,decaps,29766
543,mlkem,varying-key,decaps,36418
544,mlkem,varying-key,decaps,31649
545,mlkem,varying-key,decaps,31670
546,mlkem,varying-key,decaps,31909
547,mlkem,varying-key,decaps,32641
548,mlkem,varying-key,decaps,31839
549,mlkem,varying-key,decaps,31730
550,mlkem,varying-key,decaps,32100
551,mlkem,varying-key,decaps,31448
552,mlkem,varying-key,decaps,31679
553,mlkem,varying-key,decaps,32180
554,mlkem,varying-key,decaps,31980
555,mlkem,varying-key,decaps,31829
556,mlkem,varying-key,decaps,31670
557,mlkem,varying-key,decaps,32260
558,mlkem,varying-key,decaps,32320
559,mlkem,varying-key,decaps,32500
560,mlkem,varying-key,decaps,33483
561,mlkem,varying-key,decaps,33011
562,mlkem,varying-key,decaps,29105
563,mlkem,varying-key,decaps,32791
564,mlkem,varying-key,decaps,32030
565,mlkem,varying-key,decaps,31298
566,mlkem,varying-key,decaps,30858
567,mlkem,varying-key,decaps,30547
568,mlkem,varying-key,decaps,30867
569,mlkem,varying-key,decaps,31068
570,mlkem,varying-key,decaps,30948
571,mlkem,varying-key,decaps,31228
572,mlkem,varying-key,decaps,29184
573,mlkem,varying-key,decaps,29625
574,mlkem,varying-key,decaps,30397
575,mlkem,varying-key,decaps,31118
576,mlkem,varying-key,decaps,31820
577,mlkem,varying-key,decaps,29355
578,mlkem,varying-key,decaps,28162
579,mlkem,varying-key,decaps,29025
580,mlkem,varying-key,decaps,31458
581,mlkem,varying-key,decaps,31539
582,mlkem,varying-key,decaps,32310
583,mlkem,varying-key,decaps,34134
584,mlkem,varying-key,decaps,29545
585,mlkem,varying-key,decaps,27963
586,mlkem,varying-key,decaps,27912
587,mlkem,varying-key,decaps,28654
588,mlkem,varying-key,decaps,28874
589,mlkem,varying-key,decaps,29195
590,mlkem,varying-key,decaps,28423
591,mlkem,varying-key,decaps,29826
592,mlkem,varying-key,decaps,29866
593,mlkem,varying-key,decaps,28954
594,mlkem,varying-key,decaps,30727
595,mlkem,varying-key,decaps,30828
596,mlkem,varying-key,decaps,30076
597,mlkem,varying-key,decaps,52539
598,mlkem,varying-key,decaps,29946
599,mlkem,varying-key,decaps,30146
600,mlkem,varying-key,decaps,29976
601,mlkem,varying-key,decaps,30607
602,mlkem,varying-key,decaps,30518
603,mlkem,varying-key,decaps,31839
604,mlkem,varying-key,decaps,30918
605,mlkem,varying-key,decaps,30668
606,mlkem,varying-key,decaps,30317
607,mlkem,varying-key,decaps,31038
608,mlkem,varying-key,decaps,28984
609,mlkem,varying-key,decaps,30106
610,mlkem,varying-key,decaps,30937
611,mlkem,varying-key,decaps,31058
612,mlkem,varying-key,decaps,30657
613,mlkem,varying-key,decaps,32030
614,mlkem,varying-key,decaps,31378
615,mlkem,varying-key,decaps,32130
616,mlkem,varying-key,decaps,32251
617,mlkem,varying-key,decaps,31299
618,mlkem,varying-key,decaps,31419
619,mlkem,varying-key,decaps,32260
620,mlkem,varying-key,decaps,31889
621,mlkem,varying-key,decaps,31810
622,mlkem,varying-key,decaps,32150
623,mlkem,varying-key,decaps,32801
624,mlkem,varying-key,decaps,30658
625,mlkem,varying-key,decaps,29705
626,mlkem,varying-key,decaps,28724
627,mlkem,varying-key,decaps,30587
628,mlkem,varying-key,decaps,29826
629,mlkem,varying-key,decaps,28633
630,mlkem,varying-key,decaps,29525
631,mlkem,varying-key,decaps,31429
632,mlkem,varying-key,decaps,28393
633,mlkem,varying-key,decaps,27792
634,mlkem,varying-key,decaps,28212
635,mlkem,varying-key,decaps,28453
636,mlkem,varying-key,decaps,27812
637,mlkem,varying-key,decaps,26720
638,mlkem,varying-key,decaps,27661
639,mlkem,varying-key,decaps,27481
640,mlkem,varying-key,decaps,25187
641,mlkem,varying-key,decaps,24616
642,mlkem,varying-key,decaps,25388
643,mlkem,varying-key,decaps,24676
644,mlkem,varying-key,decaps,24716
645,mlkem,varying-key,decaps,24596
646,mlkem,varying-key,decaps,28092
647,mlkem,varying-key,decaps,25277
648,mlkem,varying-key,decaps,24606
649,mlkem,varying-key,decaps,24676
650,mlkem,varying-key,decaps,24616
651,mlkem,varying-key,decaps,24626
652,mlkem,varying-key,decaps,24646
653,mlkem,varying-key,decaps,24626
654,mlkem,varying-key,decaps,24586
655,mlkem,varying-key,decaps,24676
656,mlkem,varying-key,decaps,24657
657,mlkem,varying-key,decaps,24596
658,mlkem,varying-key,decaps,24596
659,mlkem,varying-key,decaps,24646
660,mlkem,varying-key,decaps,24656
661,mlkem,varying-key,decaps,24596
662,mlkem,varying-key,decaps,24606
663,mlkem,varying-key,decaps,24586
664,mlkem,varying-key,decaps,24646
665,mlkem,varying-key,decaps,24616
666,mlkem,varying-key,decaps,24616
667,mlkem,varying-key,decaps,25287
668,mlkem,varying-key,decaps,27391
669,mlkem,varying-key,decaps,25518
670,mlkem,varying-key,decaps,24647
671,mlkem,varying-key,decaps,42018
672,mlkem,varying-key,decaps,24686
673,mlkem,varying-key,decaps,24636
674,mlkem,varying-key,decaps,24626
675,mlkem,varying-key,decaps,24576
676,mlkem,varying-key,decaps,24686
677,mlkem,varying-key,decaps,24536
678,mlkem,varying-key,decaps,24777
679,mlkem,varying-key,decaps,24626
680,mlkem,varying-key,decaps,24696
681,mlkem,varying-key,decaps,24626
682,mlkem,varying-key,decaps,24596
683,mlkem,varying-key,decaps,25357
684,mlkem,varying-key,decaps,24556
685,mlkem,varying-key,decaps,24586
686,mlkem,varying-key,decaps,24646
687,mlkem,varying-key,decaps,24586
688,mlkem,varying-key,decaps,24596
689,mlkem,varying-key,decaps,24566
690,mlkem,varying-key,decaps,24556
691,mlkem,varying-key,decaps,24666
692,mlkem,varying-key,decaps,24656
693,mlkem,varying-key,decaps,24556
694,mlkem,varying-key,decaps,24606
695,mlkem,varying-key,decaps,24676
696,mlkem,varying-key,decaps,27150
697,mlkem,varying-key,decaps,24857
698,mlkem,varying-key,decaps,24786
699,mlkem,varying-key,decaps,24676
700,mlkem,varying-key,decaps,24736
701,mlkem,varying-key,decaps,24827
702,mlkem,varying-key,decaps,24786
703,mlkem,varying-key,decaps,24737
704,mlkem,varying-key,decaps,24766
705,mlkem,varying-key,decaps,24737
706,mlkem,varying-key,decaps,24937
707,mlkem,varying-key,decaps,24826
708,mlkem,varying-key,decaps,24877
709,mlkem,varying-key,decaps,24736
710,mlkem,varying-key,decaps,24787
711,mlkem,varying-key,decaps,24867
712,mlkem,varying-key,decaps,24786
713,mlkem,varying-key,decaps,24826
714,mlkem,varying-key,decaps,24796
715,mlkem,varying-key,decaps,24836
716,mlkem,varying-key,decaps,24837
717,mlkem,varying-key,decaps,24806
718,mlkem,varying-key,decaps,24896
719,mlkem,varying-key,decaps,24807
720,mlkem,varying-key,decaps,25929
721,mlkem,varying-key,decaps,24596
722,mlkem,varying-key,decaps,25378
723,mlkem,varying-key,decaps,24616
724,mlkem,varying-key,decaps,24696
725,mlkem,varying-key,decaps,25297
726,mlkem,varying-key,decaps,24696
727,mlkem,varying-key,decaps,26620
728,mlkem,varying-key,decaps,25267
729,mlkem,varying-key,decaps,24626
730,mlkem,varying-key,decaps,24637
731,mlkem,varying-key,decaps,27591
732,mlkem,varying-key,decaps,27962
733,mlkem,varying-key,decaps,26950
734,mlkem,varying-key,decaps,27181
735,mlkem,varying-key,decaps,27482
736,mlkem,varying-key,decaps,28253
737,mlkem,varying-key,decaps,29225
738,mlkem,varying-key,decaps,27582
739,mlkem,varying-key,decaps,27972
740,mlkem,varying-key,decaps,27100
741,mlkem,varying-key,decaps,27832
742,mlkem,varying-key,decaps,27772
743,mlkem,varying-key,decaps,27742
744,mlkem,varying-key,decaps,32150
745,mlkem,varying-key,decaps,29455
746,mlkem,varying-key,decaps,29766
747,mlkem,varying-key,decaps,30286
748,mlkem,varying-key,decaps,29475
749,mlkem,varying-key,decaps,31960
750,mlkem,varying-key,decaps,28954
751,mlkem,varying-key,decaps,51867
752,mlkem,varying-key,decaps,30647
753,mlkem,varying-key,decaps,30337
754,mlkem,varying-key,decaps,28824
755,mlkem,varying-key,decaps,29645
756,mlkem,varying-key,decaps,28734
757,mlkem,varying-key,decaps,29706
758,mlkem,varying-key,decaps,28995
759,mlkem,varying-key,decaps,29315
760,mlkem,varying-key,decaps,29976
761,mlkem,varying-key,decaps,29014
762,mlkem,varying-key,decaps,28323
763,mlkem,varying-key,decaps,28503
764,mlkem,varying-key,decaps,28494
765,mlkem,varying-key,decaps,31129
766,mlkem,varying-key,decaps,32140
767,mlkem,varying-key,decaps,28884
768,mlkem,varying-key,decaps,31940
769,mlkem,varying-key,decaps,30477
770,mlkem,varying-key,decaps,30417
771,mlkem,varying-key,decaps,29726
772,mlkem,varying-key,decaps,29235
773,mlkem,varying-key,decaps,27822
774,mlkem,varying-key,decaps,29615
775,mlkem,varying-key,decaps,28293
776,mlkem,varying-key,decaps,28754
777,mlkem,varying-key,decaps,28343
778,mlkem,varying-key,decaps,28293
779,mlkem,varying-key,decaps,28343
780,mlkem,varying-key,decaps,27932
781,mlkem,varying-key,decaps,28002
782,mlkem,varying-key,decaps,27992
783,mlkem,varying-key,decaps,28283
784,mlkem,varying-key,decaps,28263
785,mlkem,varying-key,decaps,28162
786,mlkem,varying-key,decaps,28783
787,mlkem,varying-key,decaps,27041
788,mlkem,varying-key,decaps,29004
789,mlkem,varying-key,decaps,28914
790,mlkem,varying-key,decaps,30497
791,mlkem,varying-key,decaps,31159
792,mlkem,varying-key,decaps,31208
793,mlkem,varying-key,decaps,30257
794,mlkem,varying-key,decaps,30337
795,mlkem,varying-key,decaps,30918
796,mlkem,varying-key,decaps,28293
797,mlkem,varying-key,decaps,30147
798,mlkem,varying-key,decaps,30487
799,mlkem,varying-key,decaps,32140
800,mlkem,varying-key,decaps,31249
801,mlkem,varying-key,decaps,32301
802,mlkem,varying-key,decaps,30617
803,mlkem,varying-key,decaps,32280
804,mlkem,varying-key,decaps,30888
805,mlkem,varying-key,decaps,30407
806,mlkem,varying-key,decaps,30066
807,mlkem,varying-key,decaps,33282
808,mlkem,varying-key,decaps,34815
809,mlkem,varying-key,decaps,31529
810,mlkem,varying-key,decaps,33202
811,mlkem,varying-key,decaps,31539
812,mlkem,varying-key,decaps,32100
813,mlkem,varying-key,decaps,33392
814,mlkem,varying-key,decaps,31940
815,mlkem,varying-key,decaps,32020
816,mlkem,varying-key,decaps,31750
817,mlkem,varying-key,decaps,32771
818,mlkem,varying-key,decaps,32832
819,mlkem,varying-key,decaps,32110
820,mlkem,varying-key,decaps,53200
821,mlkem,varying-key,decaps,32541
822,mlkem,varying-key,decaps,32380
823,mlkem,varying-key,decaps,32531
824,mlkem,varying-key,decaps,31589
825,mlkem,varying-key,decaps,33323
826,mlkem,varying-key,decaps,33773
827,mlkem,varying-key,decaps,32311
828,mlkem,varying-key,decaps,32270
829,mlkem,varying-key,decaps,31649
830,mlkem,varying-key,decaps,32280
831,mlkem,varying-key,decaps,32641
832,mlkem,varying-key,decaps,28894
833,mlkem,varying-key,decaps,32601
834,mlkem,varying-key,decaps,32821
835,mlkem,varying-key,decaps,32561
836,mlkem,varying-key,decaps,31689
837,mlkem,varying-key,decaps,31709
838,mlkem,varying-key,decaps,32000
839,mlkem,varying-key,decaps,32160
840,mlkem,varying-key,decaps,32050
841,mlkem,varying-key,decaps,32761
842,mlkem,varying-key,decaps,31649
843,mlkem,varying-key,decaps,31800
844,mlkem,varying-key,decaps,32671
845,mlkem,varying-key,decaps,34344
846,mlkem,varying-key,decaps,30978
847,mlkem,varying-key,decaps,31740
848,mlkem,varying-key,decaps,32541
849,mlkem,varying-key,decaps,29706
850,mlkem,varying-key,decaps,30376
851,mlkem,varying-key,decaps,32020
852,mlkem,varying-key,decaps,31629
853,mlkem,varying-key,decaps,30938
854,mlkem,varying-key,decaps,30988
855,mlkem,varying-key,decaps,30878
856,mlkem,varying-key,decaps,30357
857,mlkem,varying-key,decaps,30798
858,mlkem,varying-key,decaps,31840
859,mlkem,varying-key,decaps,31529
860,mlkem,varying-key,decaps,31619
861,mlkem,varying-key,decaps,31258
862,mlkem,varying-key,decaps,29065
863,mlkem,varying-key,decaps,28664
864,mlkem,varying-key,decaps,30698
865,mlkem,varying-key,decaps,30507
866,mlkem,varying-key,decaps,26239
867,mlkem,varying-key,decaps,28082
868,mlkem,varying-key,decaps,27452
869,mlkem,varying-key,decaps,28623
870,mlkem,varying-key,decaps,28414
871,mlkem,varying-key,decaps,29105
872,mlkem,varying-key,decaps,29545
873,mlkem,varying-key,decaps,30928
874,mlkem,varying-key,decaps,30858
875,mlkem,varying-key,decaps,29585
876,mlkem,varying-key,decaps,29244
877,mlkem,varying-key,decaps,30076
878,mlkem,varying-key,decaps,30367
879,mlkem,varying-key,decaps,30136
880,mlkem,varying-key,decaps,31048
881,mlkem,varying-key,decaps,29987
882,mlkem,varying-key,decaps,30097
883,mlkem,varying-key,decaps,30557
884,mlkem,varying-key,decaps,30758
885,mlkem,varying-key,decaps,30598
886,mlkem,varying-key,decaps,33643
887,mlkem,varying-key,decaps,32731
888,mlkem,varying-key,decaps,30487
889,mlkem,varying-key,decaps,31199
890,mlkem,varying-key,decaps,30697
891,mlkem,varying-key,decaps,27952
892,mlkem,varying-key,decaps,30067
893,mlkem,varying-key,decaps,31830
894,mlkem,varying-key,decaps,30728
895,mlkem,varying-key,decaps,30938
896,mlkem,varying-key,decaps,30837
897,mlkem,varying-key,decaps,30647
898,mlkem,varying-key,decaps,30647
899,mlkem,varying-key,decaps,30618
900,mlkem,varying-key,decaps,30737
901,mlkem,varying-key,decaps,31028
902,mlkem,varying-key,decaps,30777
903,mlkem,varying-key,decaps,29545
904,mlkem,varying-key,decaps,30127
905,mlkem,varying-key,decaps,32621
906,mlkem,varying-key,decaps,27922
907,mlkem,varying-key,decaps,31408
908,mlkem,varying-key,decaps,28503
909,mlkem,varying-key,decaps,27662
910,mlkem,varying-key,decaps,28513
911,mlkem,varying-key,decaps,27461
912,mlkem,varying-key,decaps,27261
913,mlkem,varying-key,decaps,27351
914,mlkem,varying-key,decaps,27402
915,mlkem,varying-key,decaps,26831
916,mlkem,varying-key,decaps,28213
917,mlkem,varying-key,decaps,30407
918,mlkem,varying-key,decaps,25147
919,mlkem,varying-key,decaps,25087
920,mlkem,varying-key,decaps,25849
921,mlkem,varying-key,decaps,25187
922,mlkem,varying-key,decaps,25157
923,mlkem,varying-key,decaps,25187
924,mlkem,varying-key,decaps,25127
925,mlkem,varying-key,decaps,25117
926,mlkem,varying-key,decaps,25097
927,mlkem,varying-key,decaps,25127
928,mlkem,varying-key,decaps,25107
929,mlkem,varying-key,decaps,25197
930,mlkem,varying-key,decaps,25157
931,mlkem,varying-key,decaps,25228
932,mlkem,varying-key,decaps,25087
933,mlkem,varying-key,decaps,25107
934,mlkem,varying-key,decaps,25147
935,mlkem,varying-key,decaps,25087
936,mlkem,varying-key,decaps,25728
937,mlkem,varying-key,decaps,25147
938,mlkem,varying-key,decaps,25188
939,mlkem,varying-key,decaps,25167
940,mlkem,varying-key,decaps,25227
941,mlkem,varying-key,decaps,25217
942,mlkem,varying-key,decaps,25137
943,mlkem,varying-key,decaps,25137
944,mlkem,varying-key,decaps,25187
945,mlkem,varying-key,decaps,25087
946,mlkem,varying-key,decaps,25197
947,mlkem,varying-key,decaps,25107
948,mlkem,varying-key,decaps,25197
949,mlkem,varying-key,decaps,25137
950,mlkem,varying-key,decaps,25037
951,mlkem,varying-key,decaps,25147
952,mlkem,varying-key,decaps,25127
953,mlkem,varying-key,decaps,25218
954,mlkem,varying-key,decaps,31860
955,mlkem,varying-key,decaps,27151
956,mlkem,varying-key,decaps,26469
957,mlkem,varying-key,decaps,26599
958,mlkem,varying-key,decaps,26489
959,mlkem,varying-key,decaps,26600
960,mlkem,varying-key,decaps,26530
961,mlkem,varying-key,decaps,26479
962,mlkem,varying-key,decaps,51948
963,mlkem,varying-key,decaps,26550
964,mlkem,varying-key,decaps,26589
965,mlkem,varying-key,decaps,26550
966,mlkem,varying-key,decaps,27151
967,mlkem,varying-key,decaps,26470
968,mlkem,varying-key,decaps,26459
969,mlkem,varying-key,decaps,26540
970,mlkem,varying-key,decaps,26499
971,mlkem,varying-key,decaps,26599
972,mlkem,varying-key,decaps,26470
973,mlkem,varying-key,decaps,26610
974,mlkem,varying-key,decaps,27181
975,mlkem,varying-key,decaps,26570
976,mlkem,varying-key,decaps,26539
977,mlkem,varying-key,decaps,27942
978,mlkem,varying-key,decaps,26409
979,mlkem,varying-key,decaps,26299
980,mlkem,varying-key,decaps,26309
981,mlkem,varying-key,decaps,26279
982,mlkem,varying-key,decaps,26239
983,mlkem,varying-key,decaps,26339
984,mlkem,varying-key,decaps,27001
985,mlkem,varying-key,decaps,26379
986,mlkem,varying-key,decaps,26410
987,mlkem,varying-key,decaps,26350
988,mlkem,varying-key,decaps,26320
989,mlkem,varying-key,decaps,26280
990,mlkem,varying-key,decaps,26310
991,mlkem,varying-key,decaps,26269
992,mlkem,varying-key,decaps,26319
993,mlkem,varying-key,decaps,26229
994,mlkem,varying-key,decaps,26410
995,mlkem,varying-key,decaps,26370
996,mlkem,varying-key,decaps,27061
997,mlkem,varying-key,decaps,27030
998,mlkem,varying-key,decaps,26380
999,mlkem,varying-key,decaps,26320
1000,mlkem,varying-key,decaps,26330
1001,mlkem,varying-key,decaps,26620
1002,mlkem,varying-key,decaps,25718
1003,mlkem,varying-key,decaps,25698
1004,mlkem,varying-key,decaps,26109
1005,mlkem,varying-key,decaps,25648
1006,mlkem,varying-key,decaps,25648
1007,mlkem,varying-key,decaps,25668
1008,mlkem,varying-key,decaps,25638
1009,mlkem,varying-key,decaps,25628
1010,mlkem,varying-key,decaps,25608
1011,mlkem,varying-key,decaps,25698
1012,mlkem,varying-key,decaps,25648
1013,mlkem,varying-key,decaps,25658
1014,mlkem,varying-key,decaps,25638
1015,mlkem,varying-key,decaps,25528
1016,mlkem,varying-key,decaps,25658
1017,mlkem,varying-key,decaps,25698
1018,mlkem,varying-key,decaps,25648
1019,mlkem,varying-key,decaps,28403
1020,mlkem,varying-key,decaps,28634
1021,mlkem,varying-key,decaps,25668
1022,mlkem,varying-key,decaps,25719
1023,mlkem,varying-key,decaps,25618
1024,mlkem,varying-key,decaps,25668
1025,mlkem,varying-key,decaps,26490
1026,mlkem,varying-key,decaps,24726
1027,mlkem,varying-key,decaps,24656
1028,mlkem,varying-key,decaps,24726
1029,mlkem,varying-key,decaps,25417
1030,mlkem,varying-key,decaps,24697
1031,mlkem,varying-key,decaps,24766
1032,mlkem,varying-key,decaps,24676
1033,mlkem,varying-key,decaps,24686
1034,mlkem,varying-key,decaps,24786
1035,mlkem,varying-key,decaps,25378
1036,mlkem,varying-key,decaps,24636
1037,mlkem,varying-key,decaps,24696
1038,mlkem,varying-key,decaps,25397
1039,mlkem,varying-key,decaps,24667
1040,mlkem,varying-key,decaps,24746
1041,mlkem,varying-key,decaps,24726
1042,mlkem,varying-key,decaps,32661
1043,mlkem,varying-key,decaps,24776
1044,mlkem,varying-key,decaps,24747
1045,mlkem,varying-key,decaps,24726
1046,mlkem,varying-key,decaps,24746
1047,mlkem,varying-key,decaps,24777
1048,mlkem,varying-key,decaps,24736
1049,mlkem,varying-key,decaps,24747
1050,mlkem,varying-key,decaps,24766
1051,mlkem,varying-key,decaps,26760
1052,mlkem,varying-key,decaps,26229
1053,mlkem,varying-key,decaps,26489
1054,mlkem,varying-key,decaps,24636
1055,mlkem,varying-key,decaps,24667
1056,mlkem,varying-key,decaps,24756
1057,mlkem,varying-key,decaps,24676
1058,mlkem,varying-key,decaps,24686
1059,mlkem,varying-key,decaps,24687
1060,mlkem,varying-key,decaps,24697
1061,mlkem,varying-key,decaps,24646
1062,mlkem,varying-key,decaps,24676
1063,mlkem,varying-key,decaps,24716
1064,mlkem,varying-key,decaps,24676
1065,mlkem,varying-key,decaps,24666
1066,mlkem,varying-key,decaps,24616
1067,mlkem,varying-key,decaps,24696
1068,mlkem,varying-key,decaps,24696
1069,mlkem,varying-key,decaps,24737
1070,mlkem,varying-key,decaps,24696
1071,mlkem,varying-key,decaps,24706
1072,mlkem,varying-key,decaps,24707
1073,mlkem,varying-key,decaps,24606
1074,mlkem,varying-key,decaps,24756
1075,mlkem,varying-key,decaps,24696
1076,mlkem,varying-key,decaps,27001
1077,mlkem,varying-key,decaps,27532
1078,mlkem,varying-key,decaps,24646
1079,mlkem,varying-key,decaps,24626
1080,mlkem,varying-key,decaps,24646
1081,mlkem,varying-key,decaps,24716
1082,mlkem,varying-key,decaps,24616
1083,mlkem,varying-key,decaps,24636
1084,mlkem,varying-key,decaps,24656
1085,mlkem,varying-key,decaps,24586
1086,mlkem,varying-key,decaps,24676
1087,mlkem,varying-key,decaps,27161
1088,mlkem,varying-key,decaps,28413
1089,mlkem,varying-key,decaps,27972
1090,mlkem,varying-key,decaps,31058
1091,mlkem,varying-key,decaps,29765
1092,mlkem,varying-key,decaps,29175
1093,mlkem,varying-key,decaps,26610
1094,mlkem,varying-key,decaps,26940
1095,mlkem,varying-key,decaps,27661
1096,mlkem,varying-key,decaps,29576
1097,mlkem,varying-key,decaps,31268
1098,mlkem,varying-key,decaps,36148
1099,mlkem,varying-key,decaps,33452
1100,mlkem,varying-key,decaps,32581
1101,mlkem,varying-key,decaps,32451
1102,mlkem,varying-key,decaps,31209
1103,mlkem,varying-key,decaps,33944
1104,mlkem,varying-key,decaps,28493
1105,mlkem,varying-key,decaps,28042
1106,mlkem,varying-key,decaps,34384
1107,mlkem,varying-key,decaps,33533
1108,mlkem,varying-key,decaps,34525
1109,mlkem,varying-key,decaps,30728
1110,mlkem,varying-key,decaps,32832
1111,mlkem,varying-key,decaps,28774
1112,mlkem,varying-key,decaps,28023
1113,mlkem,varying-key,decaps,26950
1114,mlkem,varying-key,decaps,27271
1115,mlkem,varying-key,decaps,27902
1116,mlkem,varying-key,decaps,26910
1117,mlkem,varying-key,decaps,29305
1118,mlkem,varying-key,decaps,28764
1119,mlkem,varying-key,decaps,34164
1120,mlkem,varying-key,decaps,33021
1121,mlkem,varying-key,decaps,31319
1122,mlkem,varying-key,decaps,31129
1123,mlkem,varying-key,decaps,32941
1124,mlkem,varying-key,decaps,31639
1125,mlkem,varying-key,decaps,30146
1126,mlkem,varying-key,decaps,31930
1127,mlkem,varying-key,decaps,31669
1128,mlkem,varying-key,decaps,32290
1129,mlkem,varying-key,decaps,31218
1130,mlkem,varying-key,decaps,31469
1131,mlkem,varying-key,decaps,31358
1132,mlkem,varying-key,decaps,30637
1133,mlkem,varying-key,decaps,30797
1134,mlkem,varying-key,decaps,32371
1135,mlkem,varying-key,decaps,31479
1136,mlkem,varying-key,decaps,32921
1137,mlkem,varying-key,decaps,31519
1138,mlkem,varying-key,decaps,34635
1139,mlkem,varying-key,decaps,28263
1140,mlkem,varying-key,decaps,30327
1141,mlkem,varying-key,decaps,30036
1142,mlkem,varying-key,decaps,29054
1143,mlkem,varying-key,decaps,30888
1144,mlkem,varying-key,decaps,28433
1145,mlkem,varying-key,decaps,28744
1146,mlkem,varying-key,decaps,29024
1147,mlkem,varying-key,decaps,29585
1148,mlkem,varying-key,decaps,30467
1149,mlkem,varying-key,decaps,30467
1150,mlkem,varying-key,decaps,29565
1151,mlkem,varying-key,decaps,29465
1152,mlkem,varying-key,decaps,29956
1153,mlkem,varying-key,decaps,29825
1154,mlkem,varying-key,decaps,29425
1155,mlkem,varying-key,decaps,28583
1156,mlkem,varying-key,decaps,28733
1157,mlkem,varying-key,decaps,31008
1158,mlkem,varying-key,decaps,32441
1159,mlkem,varying-key,decaps,31879
1160,mlkem,varying-key,decaps,34084
1161,mlkem,varying-key,decaps,32450
1162,mlkem,varying-key,decaps,31960
1163,mlkem,varying-key,decaps,31579
1164,mlkem,varying-key,decaps,32070
1165,mlkem,varying-key,decaps,30647
1166,mlkem,varying-key,decaps,29706
1167,mlkem,varying-key,decaps,30447
1168,mlkem,varying-key,decaps,29746
1169,mlkem,varying-key,decaps,29876
1170,mlkem,varying-key,decaps,29866
1171,mlkem,varying-key,decaps,29716
1172,mlkem,varying-key,decaps,29736
1173,mlkem,varying-key,decaps,29736
1174,mlkem,varying-key,decaps,30307
1175,mlkem,varying-key,decaps,30006
1176,mlkem,varying-key,decaps,29516
1177,mlkem,varying-key,decaps,29815
1178,mlkem,varying-key,decaps,29695
1179,mlkem,varying-key,decaps,34033
1180,mlkem,varying-key,decaps,29946
1181,mlkem,varying-key,decaps,30157
1182,mlkem,varying-key,decaps,29825
1183,mlkem,varying-key,decaps,32000
1184,mlkem,varying-key,decaps,31529
1185,mlkem,varying-key,decaps,56246
1186,mlkem,varying-key,decaps,33703
1187,mlkem,varying-key,decaps,33713
1188,mlkem,varying-key,decaps,33723
1189,mlkem,varying-key,decaps,34585
1190,mlkem,varying-key,decaps,32801
1191,mlkem,varying-key,decaps,33262
1192,mlkem,varying-key,decaps,31228
1193,mlkem,varying-key,decaps,34054
1194,mlkem,varying-key,decaps,34515
1195,mlkem,varying-key,decaps,35376
1196,mlkem,varying-key,decaps,34514
1197,mlkem,varying-key,decaps,35065
1198,mlkem,varying-key,decaps,32541
1199,mlkem,varying-key,decaps,31849
1200,mlkem,varying-key,decaps,30026
1201,mlkem,varying-key,decaps,30467
1202,mlkem,varying-key,decaps,30838
1203,mlkem,varying-key,decaps,30247
1204,mlkem,varying-key,decaps,31890
1205,mlkem,varying-key,decaps,29756
1206,mlkem,varying-key,decaps,32140
1207,mlkem,varying-key,decaps,30517
1208,mlkem,varying-key,decaps,31349
1209,mlkem,varying-key,decaps,31008
1210,mlkem,varying-key,decaps,29866
1211,mlkem,varying-key,decaps,30297
1212,mlkem,varying-key,decaps,29555
1213,mlkem,varying-key,decaps,31008
1214,mlkem,varying-key,decaps,30868
1215,mlkem,varying-key,decaps,31589
1216,mlkem,varying-key,decaps,30016
1217,mlkem,varying-key,decaps,29916
1218,mlkem,varying-key,decaps,35557
1219,mlkem,varying-key,decaps,31940
1220,mlkem,varying-key,decaps,31128
1221,mlkem,varying-key,decaps,31659
1222,mlkem,varying-key,decaps,31609
1223,mlkem,varying-key,decaps,31749
1224,mlkem,varying-key,decaps,31910
1225,mlkem,varying-key,decaps,32200
1226,mlkem,varying-key,decaps,32851
1227,mlkem,varying-key,decaps,28784
1228,mlkem,varying-key,decaps,30687
1229,mlkem,varying-key,decaps,31098
1230,mlkem,varying-key,decaps,32000
1231,mlkem,varying-key,decaps,32291
1232,mlkem,varying-key,decaps,31339
1233,mlkem,varying-key,decaps,31178
1234,mlkem,varying-key,decaps,32050
1235,mlkem,varying-key,decaps,31990
1236,mlkem,varying-key,decaps,31880
1237,mlkem,varying-key,decaps,33754
1238,mlkem,varying-key,decaps,33092
1239,mlkem,varying-key,decaps,32240
1240,mlkem,varying-key,decaps,32150
1241,mlkem,varying-key,decaps,31949
1242,mlkem,varying-key,decaps,31098
1243,mlkem,varying-key,decaps,31850
1244,mlkem,varying-key,decaps,32090
1245,mlkem,varying-key,decaps,31248
1246,mlkem,varying-key,decaps,32491
1247,mlkem,varying-key,decaps,33002
1248,mlkem,varying-key,decaps,33162
1249,mlkem,varying-key,decaps,32200
1250,mlkem,varying-key,decaps,47559
1251,mlkem,varying-key,decaps,29936
1252,mlkem,varying-key,decaps,31950
1253,mlkem,varying-key,decaps,30637
1254,mlkem,varying-key,decaps,31298
1255,mlkem,varying-key,decaps,32451
1256,mlkem,varying-key,decaps,32130
1257,mlkem,varying-key,decaps,34886
1258,mlkem,varying-key,decaps,32481
1259,mlkem,varying-key,decaps,32721
1260,mlkem,varying-key,decaps,33202
1261,mlkem,varying-key,decaps,29244
1262,mlkem,varying-key,decaps,31268
1263,mlkem,varying-key,decaps,32982
1264,mlkem,varying-key,decaps,33182
1265,mlkem,varying-key,decaps,30287
1266,mlkem,varying-key,decaps,28463
1267,mlkem,varying-key,decaps,30507
1268,mlkem,varying-key,decaps,29685
1269,mlkem,varying-key,decaps,30497
1270,mlkem,varying-key,decaps,30197
1271,mlkem,varying-key,decaps,31980
1272,mlkem,varying-key,decaps,31289
1273,mlkem,varying-key,decaps,29525
1274,mlkem,varying-key,decaps,30407
1275,mlkem,varying-key,decaps,31309
1276,mlkem,varying-key,decaps,31539
1277,mlkem,varying-key,decaps,31329
1278,mlkem,varying-key,decaps,27762
1279,mlkem,varying-key,decaps,27702
1280,mlkem,varying-key,decaps,28303
1281,mlkem,varying-key,decaps,29145
1282,mlkem,varying-key,decaps,28564
1283,mlkem,varying-key,decaps,27822
1284,mlkem,varying-key,decaps,28163
1285,mlkem,varying-key,decaps,28623
1286,mlkem,varying-key,decaps,28273
1287,mlkem,varying-key,decaps,28173
1288,mlkem,varying-key,decaps,28523
1289,mlkem,varying-key,decaps,28263
1290,mlkem,varying-key,decaps,29245
1291,mlkem,varying-key,decaps,27442
1292,mlkem,varying-key,decaps,27932
1293,mlkem,varying-key,decaps,28343
1294,mlkem,varying-key,decaps,29275
1295,mlkem,varying-key,decaps,28243
1296,mlkem,varying-key,decaps,28493
1297,mlkem,varying-key,decaps,28563
1298,mlkem,varying-key,decaps,33442
1299,mlkem,varying-key,decaps,30747
1300,mlkem,varying-key,decaps,30788
1301,mlkem,varying-key,decaps,30868
1302,mlkem,varying-key,decaps,30337
1303,mlkem,varying-key,decaps,29465
1304,mlkem,varying-key,decaps,30667
1305,mlkem,varying-key,decaps,30487
1306,mlkem,varying-key,decaps,30497
1307,mlkem,varying-key,decaps,30568
1308,mlkem,varying-key,decaps,29896
1309,mlkem,varying-key,decaps,30096
1310,mlkem,varying-key,decaps,31109
1311,mlkem,varying-key,decaps,30367
1312,mlkem,varying-key,decaps,31489
1313,mlkem,varying-key,decaps,29997
1314,mlkem,varying-key,decaps,30277
1315,mlkem,varying-key,decaps,30717
1316,mlkem,varying-key,decaps,30517
1317,mlkem,varying-key,decaps,30678
1318,mlkem,varying-key,decaps,31349
1319,mlkem,varying-key,decaps,29204
1320,mlkem,varying-key,decaps,29465
1321,mlkem,varying-key,decaps,29014
1322,mlkem,varying-key,decaps,28854
1323,mlkem,varying-key,decaps,28984
1324,mlkem,varying-key,decaps,28914
1325,mlkem,varying-key,decaps,29415
1326,mlkem,varying-key,decaps,28804
1327,mlkem,varying-key,decaps,28283
1328,mlkem,varying-key,decaps,28433
1329,mlkem,varying-key,decaps,29475
1330,mlkem,varying-key,decaps,30557
1331,mlkem,varying-key,decaps,28072
1332,mlkem,varying-key,decaps,29195
1333,mlkem,varying-key,decaps,28684
1334,mlkem,varying-key,decaps,28533
1335,mlkem,varying-key,decaps,28694
1336,mlkem,varying-key,decaps,28333
1337,mlkem,varying-key,decaps,27832
1338,mlkem,varying-key,decaps,27581
1339,mlkem,varying-key,decaps,28052
1340,mlkem,varying-key,decaps,28523
1341,mlkem,varying-key,decaps,27231
1342,mlkem,varying-key,decaps,27141
1343,mlkem,varying-key,decaps,27822
1344,mlkem,varying-key,decaps,28103
1345,mlkem,varying-key,decaps,27992
1346,mlkem,varying-key,decaps,27782
1347,mlkem,varying-key,decaps,27702
1348,mlkem,varying-key,decaps,29726
1349,mlkem,varying-key,decaps,29836
1350,mlkem,varying-key,decaps,28624
1351,mlkem,varying-key,decaps,28393
1352,mlkem,varying-key,decaps,28914
1353,mlkem,varying-key,decaps,28363
1354,mlkem,varying-key,decaps,29675
1355,mlkem,varying-key,decaps,29295
1356,mlkem,varying-key,decaps,25177
1357,mlkem,varying-key,decaps,25177
1358,mlkem,varying-key,decaps,25037
1359,mlkem,varying-key,decaps,25157
1360,mlkem,varying-key,decaps,25217
1361,mlkem,varying-key,decaps,25117
1362,mlkem,varying-key,decaps,26219
1363,mlkem,varying-key,decaps,27221
1364,mlkem,varying-key,decaps,24686
1365,mlkem,varying-key,decaps,24586
1366,mlkem,varying-key,decaps,24586
1367,mlkem,varying-key,decaps,24636
1368,mlkem,varying-key,decaps,27872
1369,mlkem,varying-key,decaps,28613
1370,mlkem,varying-key,decaps,25397
1371,mlkem,varying-key,decaps,24767
1372,mlkem,varying-key,decaps,24636
1373,mlkem,varying-key,decaps,24696
1374,mlkem,varying-key,decaps,24656
1375,mlkem,varying-key,decaps,24766
1376,mlkem,varying-key,decaps,24696
1377,mlkem,varying-key,decaps,24696
1378,mlkem,varying-key,decaps,24726
1379,mlkem,varying-key,decaps,24747
1380,mlkem,varying-key,decaps,24656
1381,mlkem,varying-key,decaps,24706
1382,mlkem,varying-key,decaps,26930
1383,mlkem,varying-key,decaps,27752
1384,mlkem,varying-key,decaps,27561
1385,mlkem,varying-key,decaps,28694
1386,mlkem,varying-key,decaps,32400
1387,mlkem,varying-key,decaps,36017
1388,mlkem,varying-key,decaps,32360
1389,mlkem,varying-key,decaps,30667
1390,mlkem,varying-key,decaps,35416
1391,mlkem,varying-key,decaps,30306
1392,mlkem,varying-key,decaps,28123
1393,mlkem,varying-key,decaps,28072
1394,mlkem,varying-key,decaps,27982
1395,mlkem,varying-key,decaps,28033
1396,mlkem,varying-key,decaps,27993
1397,mlkem,varying-key,decaps,28063
1398,mlkem,varying-key,decaps,28082
1399,mlkem,varying-key,decaps,28032
1400,mlkem,varying-key,decaps,27972
1401,mlkem,varying-key,decaps,28052
1402,mlkem,varying-key,decaps,27892
1403,mlkem,varying-key,decaps,27972
1404,mlkem,varying-key,decaps,28002
1405,mlkem,varying-key,decaps,27932
1406,mlkem,varying-key,decaps,28223
1407,mlkem,varying-key,decaps,28343
1408,mlkem,varying-key,decaps,26189
1409,mlkem,varying-key,decaps,25057
1410,mlkem,varying-key,decaps,24997
1411,mlkem,varying-key,decaps,25007
1412,mlkem,varying-key,decaps,25087
1413,mlkem,varying-key,decaps,25107
1414,mlkem,varying-key,decaps,24977
1415,mlkem,varying-key,decaps,25057
1416,mlkem,varying-key,decaps,24977
1417,mlkem,varying-key,decaps,25077
1418,mlkem,varying-key,decaps,25016
1419,mlkem,varying-key,decaps,25107
1420,mlkem,varying-key,decaps,25097
1421,mlkem,varying-key,decaps,25056
1422,mlkem,varying-key,decaps,25107
1423,mlkem,varying-key,decaps,25117
1424,mlkem,varying-key,decaps,25107
1425,mlkem,varying-key,decaps,25037
1426,mlkem,varying-key,decaps,25067
1427,mlkem,varying-key,decaps,25066
1428,mlkem,varying-key,decaps,25027
1429,mlkem,varying-key,decaps,25818
1430,mlkem,varying-key,decaps,25017
1431,mlkem,varying-key,decaps,24987
1432,mlkem,varying-key,decaps,25368
1433,mlkem,varying-key,decaps,24696
1434,mlkem,varying-key,decaps,25308
1435,mlkem,varying-key,decaps,24756
1436,mlkem,varying-key,decaps,24746
1437,mlkem,varying-key,decaps,24717
1438,mlkem,varying-key,decaps,24756
1439,mlkem,varying-key,decaps,27101
1440,mlkem,varying-key,decaps,28313
1441,mlkem,varying-key,decaps,24786
1442,mlkem,varying-key,decaps,24686
1443,mlkem,varying-key,decaps,24736
1444,mlkem,varying-key,decaps,24766
1445,mlkem,varying-key,decaps,24706
1446,mlkem,varying-key,decaps,24706
1447,mlkem,varying-key,decaps,24696
1448,mlkem,varying-key,decaps,24706
1449,mlkem,varying-key,decaps,24676
1450,mlkem,varying-key,decaps,24736
1451,mlkem,varying-key,decaps,24667
1452,mlkem,varying-key,decaps,24686
1453,mlkem,varying-key,decaps,24746
1454,mlkem,varying-key,decaps,24716
1455,mlkem,varying-key,decaps,24786
1456,mlkem,varying-key,decaps,24787
1457,mlkem,varying-key,decaps,28082
1458,mlkem,varying-key,decaps,29485
1459,mlkem,varying-key,decaps,28023
1460,mlkem,varying-key,decaps,28072
1461,mlkem,varying-key,decaps,28002
1462,mlkem,varying-key,decaps,27952
1463,mlkem,varying-key,decaps,32791
1464,mlkem,varying-key,decaps,32942
1465,mlkem,varying-key,decaps,34835
1466,mlkem,varying-key,decaps,37280
1467,mlkem,varying-key,decaps,34916
1468,mlkem,varying-key,decaps,33232
1469,mlkem,varying-key,decaps,33472
1470,mlkem,varying-key,decaps,45946
1471,mlkem,varying-key,decaps,28032
1472,mlkem,varying-key,decaps,27922
1473,mlkem,varying-key,decaps,27952
1474,mlkem,varying-key,decaps,27952
1475,mlkem,varying-key,decaps,28062
1476,mlkem,varying-key,decaps,28013
1477,mlkem,varying-key,decaps,27993
1478,mlkem,varying-key,decaps,29114
1479,mlkem,varying-key,decaps,27181
1480,mlkem,varying-key,decaps,27161
1481,mlkem,varying-key,decaps,27311
1482,mlkem,varying-key,decaps,27291
1483,mlkem,varying-key,decaps,27221
1484,mlkem,varying-key,decaps,27211
1485,mlkem,varying-key,decaps,27281
1486,mlkem,varying-key,decaps,27311
1487,mlkem,varying-key,decaps,27221
1488,mlkem,varying-key,decaps,27231
1489,mlkem,varying-key,decaps,27171
1490,mlkem,varying-key,decaps,27261
1491,mlkem,varying-key,decaps,27292
1492,mlkem,varying-key,decaps,27291
1493,mlkem,varying-key,decaps,27231
1494,mlkem,varying-key,decaps,27341
1495,mlkem,varying-key,decaps,27271
1496,mlkem,varying-key,decaps,27241
1497,mlkem,varying-key,decaps,27321
1498,mlkem,varying-key,decaps,27261
1499,mlkem,varying-key,decaps,27321
1500,mlkem,varying-key,decaps,27261
1501,mlkem,varying-key,decaps,27772
1502,mlkem,varying-key,decaps,26008
1503,mlkem,varying-key,decaps,26028
1504,mlkem,varying-key,decaps,25988
1505,mlkem,varying-key,decaps,25999
1506,mlkem,varying-key,decaps,26009
1507,mlkem,varying-key,decaps,25959
1508,mlkem,varying-key,decaps,26029
1509,mlkem,varying-key,decaps,26108
1510,mlkem,varying-key,decaps,26089
1511,mlkem,varying-key,decaps,26079
1512,mlkem,varying-key,decaps,26058
1513,mlkem,varying-key,decaps,26039
1514,mlkem,varying-key,decaps,26049
1515,mlkem,varying-key,decaps,26009
1516,mlkem,varying-key,decaps,25979
1517,mlkem,varying-key,decaps,26058
1518,mlkem,varying-key,decaps,26129
1519,mlkem,varying-key,decaps,26088
1520,mlkem,varying-key,decaps,26099
1521,mlkem,varying-key,decaps,25979
1522,mlkem,varying-key,decaps,26068
1523,mlkem,varying-key,decaps,26018
1524,mlkem,varying-key,decaps,29716
1525,mlkem,varying-key,decaps,26339
1526,mlkem,varying-key,decaps,26349
1527,mlkem,varying-key,decaps,26420
1528,mlkem,varying-key,decaps,26370
1529,mlkem,varying-key,decaps,26439
1530,mlkem,varying-key,decaps,26410
1531,mlkem,varying-key,decaps,26439
1532,mlkem,varying-key,decaps,26409
1533,mlkem,varying-key,decaps,26370
1534,mlkem,varying-key,decaps,27551
1535,mlkem,varying-key,decaps,28243
1536,mlkem,varying-key,decaps,30648
1537,mlkem,varying-key,decaps,26479
1538,mlkem,varying-key,decaps,26279
1539,mlkem,varying-key,decaps,26330
1540,mlkem,varying-key,decaps,26289
1541,mlkem,varying-key,decaps,26340
1542,mlkem,varying-key,decaps,26360
1543,mlkem,varying-key,decaps,26319
1544,mlkem,varying-key,decaps,26289
1545,mlkem,varying-key,decaps,26399
1546,mlkem,varying-key,decaps,26339
1547,mlkem,varying-key,decaps,26470
1548,mlkem,varying-key,decaps,27742
1549,mlkem,varying-key,decaps,25999
1550,mlkem,varying-key,decaps,26028
1551,mlkem,varying-key,decaps,26008
1552,mlkem,varying-key,decaps,26009
1553,mlkem,varying-key,decaps,25948
1554,mlkem,varying-key,decaps,26830
1555,mlkem,varying-key,decaps,26118
1556,mlkem,varying-key,decaps,26129
1557,mlkem,varying-key,decaps,26008
1558,mlkem,varying-key,decaps,25998
1559,mlkem,varying-key,decaps,25978
1560,mlkem,varying-key,decaps,26048
1561,mlkem,varying-key,decaps,25888
1562,mlkem,varying-key,decaps,26048
1563,mlkem,varying-key,decaps,26109
1564,mlkem,varying-key,decaps,26109
1565,mlkem,varying-key,decaps,25998
1566,mlkem,varying-key,decaps,26049
1567,mlkem,varying-key,decaps,26019
1568,mlkem,varying-key,decaps,26069
1569,mlkem,varying-key,decaps,26569
1570,mlkem,varying-key,decaps,26079
1571,mlkem,varying-key,decaps,25969
1572,mlkem,varying-key,decaps,27752
1573,mlkem,varying-key,decaps,24966
1574,mlkem,varying-key,decaps,24926
1575,mlkem,varying-key,decaps,26880
1576,mlkem,varying-key,decaps,27040
1577,mlkem,varying-key,decaps,26800
1578,mlkem,varying-key,decaps,24997
1579,mlkem,varying-key,decaps,25467
1580,mlkem,varying-key,decaps,24886
1581,mlkem,varying-key,decaps,24846
1582,mlkem,varying-key,decaps,24777
1583,mlkem,varying-key,decaps,24766
1584,mlkem,varying-key,decaps,24886
1585,mlkem,varying-key,decaps,24747
1586,mlkem,varying-key,decaps,24826
1587,mlkem,varying-key,decaps,24936
1588,mlkem,varying-key,decaps,24776
1589,mlkem,varying-key,decaps,24786
1590,mlkem,varying-key,decaps,24836
1591,mlkem,varying-key,decaps,24807
1592,mlkem,varying-key,decaps,24867
1593,mlkem,varying-key,decaps,24917
1594,mlkem,varying-key,decaps,24826
1595,mlkem,varying-key,decaps,24836
1596,mlkem,varying-key,decaps,27151
1597,mlkem,varying-key,decaps,29115
1598,mlkem,varying-key,decaps,26640
1599,mlkem,varying-key,decaps,26710
1600,mlkem,varying-key,decaps,26660
1601,mlkem,varying-key,decaps,26670
1602,mlkem,varying-key,decaps,26760
1603,mlkem,varying-key,decaps,26660
1604,mlkem,varying-key,decaps,26599
1605,mlkem,varying-key,decaps,26589
1606,mlkem,varying-key,decaps,26680
1607,mlkem,varying-key,decaps,26690
1608,mlkem,varying-key,decaps,26580
1609,mlkem,varying-key,decaps,26770
1610,mlkem,varying-key,decaps,27111
1611,mlkem,varying-key,decaps,26630
1612,mlkem,varying-key,decaps,26640
1613,mlkem,varying-key,decaps,26670
1614,mlkem,varying-key,decaps,26610
1615,mlkem,varying-key,decaps,26710
1616,mlkem,varying-key,decaps,26530
1617,mlkem,varying-key,decaps,26620
1618,mlkem,varying-key,decaps,26599
1619,mlkem,varying-key,decaps,26680
1620,mlkem,varying-key,decaps,27030
1621,mlkem,varying-key,decaps,25979
1622,mlkem,varying-key,decaps,25287
1623,mlkem,varying-key,decaps,25347
1624,mlkem,varying-key,decaps,26109
1625,mlkem,varying-key,decaps,25388
1626,mlkem,varying-key,decaps,25318
1627,mlkem,varying-key,decaps,25388
1628,mlkem,varying-key,decaps,25428
1629,mlkem,varying-key,decaps,25397
1630,mlkem,varying-key,decaps,25358
1631,mlkem,varying-key,decaps,25367
1632,mlkem,varying-key,decaps,25267
1633,mlkem,varying-key,decaps,25287
1634,mlkem,varying-key,decaps,25417
1635,mlkem,varying-key,decaps,25237
1636,mlkem,varying-key,decaps,25337
1637,mlkem,varying-key,decaps,25388
1638,mlkem,varying-key,decaps,25268
1639,mlkem,varying-key,decaps,25358
1640,mlkem,varying-key,decaps,25898
1641,mlkem,varying-key,decaps,25267
1642,mlkem,varying-key,decaps,25297
1643,mlkem,varying-key,decaps,25407
1644,mlkem,varying-key,decaps,26960
1645,mlkem,varying-key,decaps,27802
1646,mlkem,varying-key,decaps,25458
1647,mlkem,varying-key,decaps,25567
1648,mlkem,varying-key,decaps,25548
1649,mlkem,varying-key,decaps,25528
1650,mlkem,varying-key,decaps,25427
1651,mlkem,varying-key,decaps,25397
1652,mlkem,varying-key,decaps,26189
1653,mlkem,varying-key,decaps,25388
1654,mlkem,varying-key,decaps,25578
1655,mlkem,varying-key,decaps,25548
1656,mlkem,varying-key,decaps,25568
1657,mlkem,varying-key,decaps,25478
1658,mlkem,varying-key,decaps,25467
1659,mlkem,varying-key,decaps,25618
1660,mlkem,varying-key,decaps,25568
1661,mlkem,varying-key,decaps,25488
1662,mlkem,varying-key,decaps,25598
1663,mlkem,varying-key,decaps,25438
1664,mlkem,varying-key,decaps,25528
1665,mlkem,varying-key,decaps,25567
1666,mlkem,varying-key,decaps,25518
1667,mlkem,varying-key,decaps,25468
1668,mlkem,varying-key,decaps,25508
1669,mlkem,varying-key,decaps,25498
1670,mlkem,varying-key,decaps,25507
1671,mlkem,varying-key,decaps,25448
1672,mlkem,varying-key,decaps,25517
1673,mlkem,varying-key,decaps,25538
1674,mlkem,varying-key,decaps,25427
1675,mlkem,varying-key,decaps,25438
1676,mlkem,varying-key,decaps,25487
1677,mlkem,varying-key,decaps,25448
1678,mlkem,varying-key,decaps,25437
1679,mlkem,varying-key,decaps,25448
1680,mlkem,varying-key,decaps,25427
1681,mlkem,varying-key,decaps,25337
1682,mlkem,varying-key,decaps,25388
1683,mlkem,varying-key,decaps,25468
1684,mlkem,varying-key,decaps,25387
1685,mlkem,varying-key,decaps,25448
1686,mlkem,varying-key,decaps,25458
1687,mlkem,varying-key,decaps,25438
1688,mlkem,varying-key,decaps,25548
1689,mlkem,varying-key,decaps,25468
1690,mlkem,varying-key,decaps,25498
1691,mlkem,varying-key,decaps,25358
1692,mlkem,varying-key,decaps,25487
1693,mlkem,varying-key,decaps,29204
1694,mlkem,varying-key,decaps,25918
1695,mlkem,varying-key,decaps,25929
1696,mlkem,varying-key,decaps,25989
1697,mlkem,varying-key,decaps,25979
1698,mlkem,varying-key,decaps,25969
1699,mlkem,varying-key,decaps,26029
1700,mlkem,varying-key,decaps,26029
1701,mlkem,varying-key,decaps,26048
1702,mlkem,varying-key,decaps,26049
1703,mlkem,varying-key,decaps,25938
1704,mlkem,varying-key,decaps,25988
1705,mlkem,varying-key,decaps,25928
1706,mlkem,varying-key,decaps,26018
1707,mlkem,varying-key,decaps,25978
1708,mlkem,varying-key,decaps,36478
1709,mlkem,varying-key,decaps,25968
1710,mlkem,varying-key,decaps,29245
1711,mlkem,varying-key,decaps,29916
1712,mlkem,varying-key,decaps,31098
1713,mlkem,varying-key,decaps,28874
1714,mlkem,varying-key,decaps,28924
1715,mlkem,varying-key,decaps,29134
1716,mlkem,varying-key,decaps,29255
1717,mlkem,varying-key,decaps,33122
1718,mlkem,varying-key,decaps,33603
1719,mlkem,varying-key,decaps,34314
1720,mlkem,varying-key,decaps,32611
1721,mlkem,varying-key,decaps,31979
1722,mlkem,varying-key,decaps,33683
1723,mlkem,varying-key,decaps,31529
1724,mlkem,varying-key,decaps,33111
1725,mlkem,varying-key,decaps,33683
1726,mlkem,varying-key,decaps,35496
1727,mlkem,varying-key,decaps,33513
1728,mlkem,varying-key,decaps,33262
1729,mlkem,varying-key,decaps,34093
1730,mlkem,varying-key,decaps,35106
1731,mlkem,varying-key,decaps,34294
1732,mlkem,varying-key,decaps,34324
1733,mlkem,varying-key,decaps,34053
1734,mlkem,varying-key,decaps,34164
1735,mlkem,varying-key,decaps,34394
1736,mlkem,varying-key,decaps,34775
1737,mlkem,varying-key,decaps,34004
1738,mlkem,varying-key,decaps,34364
1739,mlkem,varying-key,decaps,32511
1740,mlkem,varying-key,decaps,30117
1741,mlkem,varying-key,decaps,29545
1742,mlkem,varying-key,decaps,26029
1743,mlkem,varying-key,decaps,25938
1744,mlkem,varying-key,decaps,30036
1745,mlkem,varying-key,decaps,29696
1746,mlkem,varying-key,decaps,29275
1747,mlkem,varying-key,decaps,25968
1748,mlkem,varying-key,decaps,25969
1749,mlkem,varying-key,decaps,26009
1750,mlkem,varying-key,decaps,26009
1751,mlkem,varying-key,decaps,25999
1752,mlkem,varying-key,decaps,25919
1753,mlkem,varying-key,decaps,25969
1754,mlkem,varying-key,decaps,26520
1755,mlkem,varying-key,decaps,25998
1756,mlkem,varying-key,decaps,26008
1757,mlkem,varying-key,decaps,26359
1758,mlkem,varying-key,decaps,25828
1759,mlkem,varying-key,decaps,24837
1760,mlkem,varying-key,decaps,24766
1761,mlkem,varying-key,decaps,24847
1762,mlkem,varying-key,decaps,24877
1763,mlkem,varying-key,decaps,24826
1764,mlkem,varying-key,decaps,24876
1765,mlkem,varying-key,decaps,24917
1766,mlkem,varying-key,decaps,24817
1767,mlkem,varying-key,decaps,24836
1768,mlkem,varying-key,decaps,24866
1769,mlkem,varying-key,decaps,24857
1770,mlkem,varying-key,decaps,24847
1771,mlkem,varying-key,decaps,24927
1772,mlkem,varying-key,decaps,24877
1773,mlkem,varying-key,decaps,25528
1774,mlkem,varying-key,decaps,24847
1775,mlkem,varying-key,decaps,24887
1776,mlkem,varying-key,decaps,24877
1777,mlkem,varying-key,decaps,24856
1778,mlkem,varying-key,decaps,24836
1779,mlkem,varying-key,decaps,24917
1780,mlkem,varying-key,decaps,41778
1781,mlkem,varying-key,decaps,26520
1782,mlkem,varying-key,decaps,26339
1783,mlkem,varying-key,decaps,24786
1784,mlkem,varying-key,decaps,24737
1785,mlkem,varying-key,decaps,24716
1786,mlkem,varying-key,decaps,24736
1787,mlkem,varying-key,decaps,24727
1788,mlkem,varying-key,decaps,24846
1789,mlkem,varying-key,decaps,24706
1790,mlkem,varying-key,decaps,24667
1791,mlkem,varying-key,decaps,24766
1792,mlkem,varying-key,decaps,24686
1793,mlkem,varying-key,decaps,24757
1794,mlkem,varying-key,decaps,24746
1795,mlkem,varying-key,decaps,24777
1796,mlkem,varying-key,decaps,24716
1797,mlkem,varying-key,decaps,24746
1798,mlkem,varying-key,decaps,24626
1799,mlkem,varying-key,decaps,24656
1800,mlkem,varying-key,decaps,24807
1801,mlkem,varying-key,decaps,24756
1802,mlkem,varying-key,decaps,24746
1803,mlkem,varying-key,decaps,24757
1804,mlkem,varying-key,decaps,24716
1805,mlkem,varying-key,decaps,24656
1806,mlkem,varying-key,decaps,24756
1807,mlkem,varying-key,decaps,25999
1808,mlkem,varying-key,decaps,26279
1809,mlkem,varying-key,decaps,24736
1810,mlkem,varying-key,decaps,24666
1811,mlkem,varying-key,decaps,24646
1812,mlkem,varying-key,decaps,24667
1813,mlkem,varying-key,decaps,25357
1814,mlkem,varying-key,decaps,24707
1815,mlkem,varying-key,decaps,24756
1816,mlkem,varying-key,decaps,24736
1817,mlkem,varying-key,decaps,24807
1818,mlkem,varying-key,decaps,24696
1819,mlkem,varying-key,decaps,24646
1820,mlkem,varying-key,decaps,24707
1821,mlkem,varying-key,decaps,24666
1822,mlkem,varying-key,decaps,24776
1823,mlkem,varying-key,decaps,24757
1824,mlkem,varying-key,decaps,24706
1825,mlkem,varying-key,decaps,25378
1826,mlkem,varying-key,decaps,24776
1827,mlkem,varying-key,decaps,24786
1828,mlkem,varying-key,decaps,24676
1829,mlkem,varying-key,decaps,24757
1830,mlkem,varying-key,decaps,24726
1831,mlkem,varying-key,decaps,25428
1832,mlkem,varying-key,decaps,24696
1833,mlkem,varying-key,decaps,27090
1834,mlkem,varying-key,decaps,24727
1835,mlkem,varying-key,decaps,24746
1836,mlkem,varying-key,decaps,24666
1837,mlkem,varying-key,decaps,24696
1838,mlkem,varying-key,decaps,24697
1839,mlkem,varying-key,decaps,24657
1840,mlkem,varying-key,decaps,24706
1841,mlkem,varying-key,decaps,24716
1842,mlkem,varying-key,decaps,24716
1843,mlkem,varying-key,decaps,24646
1844,mlkem,varying-key,decaps,24766
1845,mlkem,varying-key,decaps,24726
1846,mlkem,varying-key,decaps,24696
1847,mlkem,varying-key,decaps,24707
1848,mlkem,varying-key,decaps,27842
1849,mlkem,varying-key,decaps,24756
1850,mlkem,varying-key,decaps,24777
1851,mlkem,varying-key,decaps,24736
1852,mlkem,varying-key,decaps,24837
1853,mlkem,varying-key,decaps,24766
1854,mlkem,varying-key,decaps,24746
1855,mlkem,varying-key,decaps,24727
1856,mlkem,varying-key,decaps,24756
1857,mlkem,varying-key,decaps,24656
1858,mlkem,varying-key,decaps,24746
1859,mlkem,varying-key,decaps,24826
1860,mlkem,varying-key,decaps,24746
1861,mlkem,varying-key,decaps,24737
1862,mlkem,varying-key,decaps,24756
1863,mlkem,varying-key,decaps,24736
1864,mlkem,varying-key,decaps,27932
1865,mlkem,varying-key,decaps,24767
1866,mlkem,varying-key,decaps,24746
1867,mlkem,varying-key,decaps,24727
1868,mlkem,varying-key,decaps,24766
1869,mlkem,varying-key,decaps,24777
1870,mlkem,varying-key,decaps,24746
1871,mlkem,varying-key,decaps,24726
1872,mlkem,varying-key,decaps,24767
1873,mlkem,varying-key,decaps,24746
1874,mlkem,varying-key,decaps,24716
1875,mlkem,varying-key,decaps,24747
1876,mlkem,varying-key,decaps,24696
1877,mlkem,varying-key,decaps,24676
1878,mlkem,varying-key,decaps,24776
1879,mlkem,varying-key,decaps,24687
1880,mlkem,varying-key,decaps,24756
1881,mlkem,varying-key,decaps,25358
1882,mlkem,varying-key,decaps,24696
1883,mlkem,varying-key,decaps,24746
1884,mlkem,varying-key,decaps,24747
1885,mlkem,varying-key,decaps,24776
1886,mlkem,varying-key,decaps,24746
1887,mlkem,varying-key,decaps,24777
1888,mlkem,varying-key,decaps,24746
1889,mlkem,varying-key,decaps,24746
1890,mlkem,varying-key,decaps,25367
1891,mlkem,varying-key,decaps,24706
1892,mlkem,varying-key,decaps,24786
1893,mlkem,varying-key,decaps,24696
1894,mlkem,varying-key,decaps,24747
1895,mlkem,varying-key,decaps,24687
1896,mlkem,varying-key,decaps,24726
1897,mlkem,varying-key,decaps,24776
1898,mlkem,varying-key,decaps,25437
1899,mlkem,varying-key,decaps,24756
1900,mlkem,varying-key,decaps,25337
1901,mlkem,varying-key,decaps,24637
1902,mlkem,varying-key,decaps,24657
1903,mlkem,varying-key,decaps,24726
1904,mlkem,varying-key,decaps,24736
1905,mlkem,varying-key,decaps,24717
1906,mlkem,varying-key,decaps,24666
1907,mlkem,varying-key,decaps,24656
1908,mlkem,varying-key,decaps,24666
1909,mlkem,varying-key,decaps,24596
1910,mlkem,varying-key,decaps,24716
1911,mlkem,varying-key,decaps,24756
1912,mlkem,varying-key,decaps,24737
1913,mlkem,varying-key,decaps,24786
1914,mlkem,varying-key,decaps,24696
1915,mlkem,varying-key,decaps,24637
1916,mlkem,varying-key,decaps,24776
1917,mlkem,varying-key,decaps,24777
1918,mlkem,varying-key,decaps,24706
1919,mlkem,varying-key,decaps,24706
1920,mlkem,varying-key,decaps,24686
1921,mlkem,varying-key,decaps,25327
1922,mlkem,varying-key,decaps,24787
1923,mlkem,varying-key,decaps,24786
1924,mlkem,varying-key,decaps,24686
1925,mlkem,varying-key,decaps,25387
1926,mlkem,varying-key,decaps,24757
1927,mlkem,varying-key,decaps,24686
1928,mlkem,varying-key,decaps,25368
1929,mlkem,varying-key,decaps,24726
1930,mlkem,varying-key,decaps,24696
1931,mlkem,varying-key,decaps,24717
1932,mlkem,varying-key,decaps,24736
1933,mlkem,varying-key,decaps,30647
1934,mlkem,varying-key,decaps,27070
1935,mlkem,varying-key,decaps,27081
1936,mlkem,varying-key,decaps,27071
1937,mlkem,varying-key,decaps,27191
1938,mlkem,varying-key,decaps,27051
1939,mlkem,varying-key,decaps,27691
1940,mlkem,varying-key,decaps,27021
1941,mlkem,varying-key,decaps,27041
1942,mlkem,varying-key,decaps,27070
1943,mlkem,varying-key,decaps,27030
1944,mlkem,varying-key,decaps,27081
1945,mlkem,varying-key,decaps,27061
1946,mlkem,varying-key,decaps,26991
1947,mlkem,varying-key,decaps,29044
1948,mlkem,varying-key,decaps,27691
1949,mlkem,varying-key,decaps,26970
1950,mlkem,varying-key,decaps,27081
1951,mlkem,varying-key,decaps,27111
1952,mlkem,varying-key,decaps,27131
1953,mlkem,varying-key,decaps,27121
1954,mlkem,varying-key,decaps,60623
1955,mlkem,varying-key,decaps,30286
1956,mlkem,varying-key,decaps,27512
1957,mlkem,varying-key,decaps,30998
1958,mlkem,varying-key,decaps,26299
1959,mlkem,varying-key,decaps,25267
1960,mlkem,varying-key,decaps,25397
1961,mlkem,varying-key,decaps,25327
1962,mlkem,varying-key,decaps,25297
1963,mlkem,varying-key,decaps,25358
1964,mlkem,varying-key,decaps,30958
1965,mlkem,varying-key,decaps,25388
1966,mlkem,varying-key,decaps,25287
1967,mlkem,varying-key,decaps,25287
1968,mlkem,varying-key,decaps,25337
1969,mlkem,varying-key,decaps,25317
1970,mlkem,varying-key,decaps,25257
1971,mlkem,varying-key,decaps,25327
1972,mlkem,varying-key,decaps,25237
1973,mlkem,varying-key,decaps,25348
1974,mlkem,varying-key,decaps,25367
1975,mlkem,varying-key,decaps,25297
1976,mlkem,varying-key,decaps,25347
1977,mlkem,varying-key,decaps,25267
1978,mlkem,varying-key,decaps,25307
1979,mlkem,varying-key,decaps,30186
1980,mlkem,varying-key,decaps,26399
1981,mlkem,varying-key,decaps,26480
1982,mlkem,varying-key,decaps,26530
1983,mlkem,varying-key,decaps,26519
1984,mlkem,varying-key,decaps,26450
1985,mlkem,varying-key,decaps,26469
1986,mlkem,varying-key,decaps,26530
1987,mlkem,varying-key,decaps,26540
1988,mlkem,varying-key,decaps,26500
1989,mlkem,varying-key,decaps,26550
1990,mlkem,varying-key,decaps,26469
1991,mlkem,varying-key,decaps,26460
1992,mlkem,varying-key,decaps,26440
1993,mlkem,varying-key,decaps,26510
1994,mlkem,varying-key,decaps,26430
1995,mlkem,varying-key,decaps,26540
1996,mlkem,varying-key,decaps,26469
1997,mlkem,varying-key,decaps,26460
1998,mlkem,varying-key,decaps,26539
1999,mlkem,varying-key,decaps,26520
2000,mlkem,varying-key,decaps,27171
2001,mlkem,varying-key,decaps,26480
2002,mlkem,varying-key,decaps,26720
2003,mlkem,varying-key,decaps,27351
2004,mlkem,varying-key,decaps,25638
2005,mlkem,varying-key,decaps,25608
2006,mlkem,varying-key,decaps,25597
2007,mlkem,varying-key,decaps,25658
2008,mlkem,varying-key,decaps,26299
2009,mlkem,varying-key,decaps,25708
2010,mlkem,varying-key,decaps,25678
2011,mlkem,varying-key,decaps,25618
2012,mlkem,varying-key,decaps,26069
2013,mlkem,varying-key,decaps,25808
2014,mlkem,varying-key,decaps,25678
2015,mlkem,varying-key,decaps,25558
2016,mlkem,varying-key,decaps,26309
2017,mlkem,varying-key,decaps,29024
2018,mlkem,varying-key,decaps,29786
2019,mlkem,varying-key,decaps,25788
2020,mlkem,varying-key,decaps,25668
2021,mlkem,varying-key,decaps,25709
2022,mlkem,varying-key,decaps,25688
2023,mlkem,varying-key,decaps,25668
2024,mlkem,varying-key,decaps,25548
2025,mlkem,varying-key,decaps,28653
2026,mlkem,varying-key,decaps,25968
2027,mlkem,varying-key,decaps,25488
2028,mlkem,varying-key,decaps,25487
2029,mlkem,varying-key,decaps,25538
2030,mlkem,varying-key,decaps,25447
2031,mlkem,varying-key,decaps,25588
2032,mlkem,varying-key,decaps,25548
2033,mlkem,varying-key,decaps,25578
2034,mlkem,varying-key,decaps,25568
2035,mlkem,varying-key,decaps,25547
2036,mlkem,varying-key,decaps,25488
2037,mlkem,varying-key,decaps,25487
2038,mlkem,varying-key,decaps,25488
2039,mlkem,varying-key,decaps,25528
2040,mlkem,varying-key,decaps,25487
2041,mlkem,varying-key,decaps,25508
2042,mlkem,varying-key,decaps,25538
2043,mlkem,varying-key,decaps,25537
2044,mlkem,varying-key,decaps,25458
2045,mlkem,varying-key,decaps,26119
2046,mlkem,varying-key,decaps,25528
2047,mlkem,varying-key,decaps,26259
2048,mlkem,varying-key,decaps,25488
2049,mlkem,varying-key,decaps,25508
2050,mlkem,varying-key,decaps,25518
2051,mlkem,varying-key,decaps,30848
2052,mlkem,varying-key,decaps,27582
2053,mlkem,varying-key,decaps,27522
2054,mlkem,varying-key,decaps,27591
2055,mlkem,varying-key,decaps,27591
2056,mlkem,varying-key,decaps,27632
2057,mlkem,varying-key,decaps,27562
2058,mlkem,varying-key,decaps,27642
2059,mlkem,varying-key,decaps,27642
2060,mlkem,varying-key,decaps,28343
2061,mlkem,varying-key,decaps,27581
2062,mlkem,varying-key,decaps,27672
2063,mlkem,varying-key,decaps,27592
2064,mlkem,varying-key,decaps,28073
2065,mlkem,varying-key,decaps,27592
2066,mlkem,varying-key,decaps,27652
2067,mlkem,varying-key,decaps,27652
2068,mlkem,varying-key,decaps,27591
2069,mlkem,varying-key,decaps,27571
2070,mlkem,varying-key,decaps,27531
2071,mlkem,varying-key,decaps,27632
2072,mlkem,varying-key,decaps,27632
2073,mlkem,varying-key,decaps,27652
2074,mlkem,varying-key,decaps,28273
2075,mlkem,varying-key,decaps,26590
2076,mlkem,varying-key,decaps,26490
2077,mlkem,varying-key,decaps,26539
2078,mlkem,varying-key,decaps,26450
2079,mlkem,varying-key,decaps,26469
2080,mlkem,varying-key,decaps,26610
2081,mlkem,varying-key,decaps,26480
2082,mlkem,varying-key,decaps,26519
2083,mlkem,varying-key,decaps,26460
2084,mlkem,varying-key,decaps,26499
2085,mlkem,varying-key,decaps,27190
2086,mlkem,varying-key,decaps,26540
2087,mlkem,varying-key,decaps,26470
2088,mlkem,varying-key,decaps,26579
2089,mlkem,varying-key,decaps,26540
2090,mlkem,varying-key,decaps,26610
2091,mlkem,varying-key,decaps,26550
2092,mlkem,varying-key,decaps,26499
2093,mlkem,varying-key,decaps,26580
2094,mlkem,varying-key,decaps,26670
2095,mlkem,varying-key,decaps,26570
2096,mlkem,varying-key,decaps,28273
2097,mlkem,varying-key,decaps,25838
2098,mlkem,varying-key,decaps,25839
2099,mlkem,varying-key,decaps,25788
2100,mlkem,varying-key,decaps,25849
2101,mlkem,varying-key,decaps,25949
2102,mlkem,varying-key,decaps,47309
2103,mlkem,varying-key,decaps,26028
2104,mlkem,varying-key,decaps,25818
2105,mlkem,varying-key,decaps,27031
2106,mlkem,varying-key,decaps,28112
2107,mlkem,varying-key,decaps,28914
2108,mlkem,varying-key,decaps,27091
2109,mlkem,varying-key,decaps,27261
2110,mlkem,varying-key,decaps,28834
2111,mlkem,varying-key,decaps,28283
2112,mlkem,varying-key,decaps,30768
2113,mlkem,varying-key,decaps,25999
2114,mlkem,varying-key,decaps,25878
2115,mlkem,varying-key,decaps,25888
2116,mlkem,varying-key,decaps,25809
2117,mlkem,varying-key,decaps,25838
2118,mlkem,varying-key,decaps,25788
2119,mlkem,varying-key,decaps,25828
2120,mlkem,varying-key,decaps,25848
2121,mlkem,varying-key,decaps,25798
2122,mlkem,varying-key,decaps,27742
2123,mlkem,varying-key,decaps,30386
2124,mlkem,varying-key,decaps,27942
2125,mlkem,varying-key,decaps,28052
2126,mlkem,varying-key,decaps,27962
2127,mlkem,varying-key,decaps,28023
2128,mlkem,varying-key,decaps,27992
2129,mlkem,varying-key,decaps,27932
2130,mlkem,varying-key,decaps,27902
2131,mlkem,varying-key,decaps,27913
2132,mlkem,varying-key,decaps,28003
2133,mlkem,varying-key,decaps,28023
2134,mlkem,varying-key,decaps,27933
2135,mlkem,varying-key,decaps,27932
2136,mlkem,varying-key,decaps,28123
2137,mlkem,varying-key,decaps,27993
2138,mlkem,varying-key,decaps,28003
2139,mlkem,varying-key,decaps,28754
2140,mlkem,varying-key,decaps,27892
2141,mlkem,varying-key,decaps,27922
2142,mlkem,varying-key,decaps,27942
2143,mlkem,varying-key,decaps,26991
2144,mlkem,varying-key,decaps,25077
2145,mlkem,varying-key,decaps,25046
2146,mlkem,varying-key,decaps,24997
2147,mlkem,varying-key,decaps,25107
2148,mlkem,varying-key,decaps,25608
2149,mlkem,varying-key,decaps,24977
2150,mlkem,varying-key,decaps,25047
2151,mlkem,varying-key,decaps,25076
2152,mlkem,varying-key,decaps,24966
2153,mlkem,varying-key,decaps,25047
2154,mlkem,varying-key,decaps,25107
2155,mlkem,varying-key,decaps,24937
2156,mlkem,varying-key,decaps,24957
2157,mlkem,varying-key,decaps,24957
2158,mlkem,varying-key,decaps,25658
2159,mlkem,varying-key,decaps,25047
2160,mlkem,varying-key,decaps,25016
2161,mlkem,varying-key,decaps,25007
2162,mlkem,varying-key,decaps,24987
2163,mlkem,varying-key,decaps,25568
2164,mlkem,varying-key,decaps,25047
2165,mlkem,varying-key,decaps,25007
2166,mlkem,varying-key,decaps,25007
2167,mlkem,varying-key,decaps,24967
2168,mlkem,varying-key,decaps,26079
2169,mlkem,varying-key,decaps,24666
2170,mlkem,varying-key,decaps,24766
2171,mlkem,varying-key,decaps,24677
2172,mlkem,varying-key,decaps,24696
2173,mlkem,varying-key,decaps,24606
2174,mlkem,varying-key,decaps,24696
2175,mlkem,varying-key,decaps,24726
2176,mlkem,varying-key,decaps,24776
2177,mlkem,varying-key,decaps,24706
2178,mlkem,varying-key,decaps,24826
2179,mlkem,varying-key,decaps,24726
2180,mlkem,varying-key,decaps,24756
2181,mlkem,varying-key,decaps,41989
2182,mlkem,varying-key,decaps,25297
2183,mlkem,varying-key,decaps,24757
2184,mlkem,varying-key,decaps,25317
2185,mlkem,varying-key,decaps,24616
2186,mlkem,varying-key,decaps,24757
2187,mlkem,varying-key,decaps,24816
2188,mlkem,varying-key,decaps,24776
2189,mlkem,varying-key,decaps,24706
2190,mlkem,varying-key,decaps,24686
2191,mlkem,varying-key,decaps,25377
2192,mlkem,varying-key,decaps,26640
2193,mlkem,varying-key,decaps,24787
2194,mlkem,varying-key,decaps,24786
2195,mlkem,varying-key,decaps,24636
2196,mlkem,varying-key,decaps,24736
2197,mlkem,varying-key,decaps,24706
2198,mlkem,varying-key,decaps,24736
2199,mlkem,varying-key,decaps,24736
2200,mlkem,varying-key,decaps,24707
2201,mlkem,varying-key,decaps,24697
2202,mlkem,varying-key,decaps,24686
2203,mlkem,varying-key,decaps,24706
2204,mlkem,varying-key,decaps,24676
2205,mlkem,varying-key,decaps,24767
2206,mlkem,varying-key,decaps,24686
2207,mlkem,varying-key,decaps,24686
2208,mlkem,varying-key,decaps,24686
2209,mlkem,varying-key,decaps,24697
2210,mlkem,varying-key,decaps,25127
2211,mlkem,varying-key,decaps,24616
2212,mlkem,varying-key,decaps,24736
2213,mlkem,varying-key,decaps,24746
2214,mlkem,varying-key,decaps,24747
2215,mlkem,varying-key,decaps,25056
2216,mlkem,varying-key,decaps,27141
2217,mlkem,varying-key,decaps,24706
2218,mlkem,varying-key,decaps,24766
2219,mlkem,varying-key,decaps,24727
2220,mlkem,varying-key,decaps,24736
2221,mlkem,varying-key,decaps,24686
2222,mlkem,varying-key,decaps,24676
2223,mlkem,varying-key,decaps,24786
2224,mlkem,varying-key,decaps,24766
2225,mlkem,varying-key,decaps,24636
2226,mlkem,varying-key,decaps,24727
2227,mlkem,varying-key,decaps,24586
2228,mlkem,varying-key,decaps,24716
2229,mlkem,varying-key,decaps,24696
2230,mlkem,varying-key,decaps,24696
2231,mlkem,varying-key,decaps,24767
2232,mlkem,varying-key,decaps,24716
2233,mlkem,varying-key,decaps,28653
2234,mlkem,varying-key,decaps,24726
2235,mlkem,varying-key,decaps,24746
2236,mlkem,varying-key,decaps,24706
2237,mlkem,varying-key,decaps,24727
2238,mlkem,varying-key,decaps,24696
2239,mlkem,varying-key,decaps,24766
2240,mlkem,varying-key,decaps,24827
2241,mlkem,varying-key,decaps,24726
2242,mlkem,varying-key,decaps,24696
2243,mlkem,varying-key,decaps,24707
2244,mlkem,varying-key,decaps,24756
2245,mlkem,varying-key,decaps,25397
2246,mlkem,varying-key,decaps,24676
2247,mlkem,varying-key,decaps,24807
2248,mlkem,varying-key,decaps,24786
2249,mlkem,varying-key,decaps,24676
2250,mlkem,varying-key,decaps,25357
2251,mlkem,varying-key,decaps,24717
2252,mlkem,varying-key,decaps,24706
2253,mlkem,varying-key,decaps,24696
2254,mlkem,varying-key,decaps,24726
2255,mlkem,varying-key,decaps,25327
2256,mlkem,varying-key,decaps,24686
2257,mlkem,varying-key,decaps,24687
2258,mlkem,varying-key,decaps,24746
2259,mlkem,varying-key,decaps,25368
2260,mlkem,varying-key,decaps,24696
2261,mlkem,varying-key,decaps,24656
2262,mlkem,varying-key,decaps,25327
2263,mlkem,varying-key,decaps,25408
2264,mlkem,varying-key,decaps,39664
2265,mlkem,varying-key,decaps,25338
2266,mlkem,varying-key,decaps,26419
2267,mlkem,varying-key,decaps,24887
2268,mlkem,varying-key,decaps,24756
2269,mlkem,varying-key,decaps,24756
2270,mlkem,varying-key,decaps,24737
2271,mlkem,varying-key,decaps,24706
2272,mlkem,varying-key,decaps,24797
2273,mlkem,varying-key,decaps,24786
2274,mlkem,varying-key,decaps,24757
2275,mlkem,varying-key,decaps,24816
2276,mlkem,varying-key,decaps,24736
2277,mlkem,varying-key,decaps,25178
2278,mlkem,varying-key,decaps,24786
2279,mlkem,varying-key,decaps,24777
2280,mlkem,varying-key,decaps,24746
2281,mlkem,varying-key,decaps,24757
2282,mlkem,varying-key,decaps,24736
2283,mlkem,varying-key,decaps,24746
2284,mlkem,varying-key,decaps,24787
2285,mlkem,varying-key,decaps,24666
2286,mlkem,varying-key,decaps,24676
2287,mlkem,varying-key,decaps,24796
2288,mlkem,varying-key,decaps,24686
2289,mlkem,varying-key,decaps,24786
2290,mlkem,varying-key,decaps,24807
2291,mlkem,varying-key,decaps,24687
2292,mlkem,varying-key,decaps,24736
2293,mlkem,varying-key,decaps,27702
2294,mlkem,varying-key,decaps,27081
2295,mlkem,varying-key,decaps,26790
2296,mlkem,varying-key,decaps,28232
2297,mlkem,varying-key,decaps,26299
2298,mlkem,varying-key,decaps,24666
2299,mlkem,varying-key,decaps,24756
2300,mlkem,varying-key,decaps,24746
2301,mlkem,varying-key,decaps,24666
2302,mlkem,varying-key,decaps,24727
2303,mlkem,varying-key,decaps,24746
2304,mlkem,varying-key,decaps,24807
2305,mlkem,varying-key,decaps,24686
2306,mlkem,varying-key,decaps,24706
2307,mlkem,varying-key,decaps,25858
2308,mlkem,varying-key,decaps,27751
2309,mlkem,varying-key,decaps,24696
2310,mlkem,varying-key,decaps,24707
2311,mlkem,varying-key,decaps,24736
2312,mlkem,varying-key,decaps,24736
2313,mlkem,varying-key,decaps,24677
2314,mlkem,varying-key,decaps,24706
2315,mlkem,varying-key,decaps,27091
2316,mlkem,varying-key,decaps,24756
2317,mlkem,varying-key,decaps,24757
2318,mlkem,varying-key,decaps,24706
2319,mlkem,varying-key,decaps,25408
2320,mlkem,varying-key,decaps,24766
2321,mlkem,varying-key,decaps,24656
2322,mlkem,varying-key,decaps,24616
2323,mlkem,varying-key,decaps,24716
2324,mlkem,varying-key,decaps,24717
2325,mlkem,varying-key,decaps,24726
2326,mlkem,varying-key,decaps,24706
2327,mlkem,varying-key,decaps,24696
2328,mlkem,varying-key,decaps,24656
2329,mlkem,varying-key,decaps,24667
2330,mlkem,varying-key,decaps,24716
2331,mlkem,varying-key,decaps,24696
2332,mlkem,varying-key,decaps,24757
2333,mlkem,varying-key,decaps,24706
2334,mlkem,varying-key,decaps,24716
2335,mlkem,varying-key,decaps,24746
2336,mlkem,varying-key,decaps,24707
2337,mlkem,varying-key,decaps,24676
2338,mlkem,varying-key,decaps,25378
2339,mlkem,varying-key,decaps,24736
2340,mlkem,varying-key,decaps,27822
2341,mlkem,varying-key,decaps,29535
2342,mlkem,varying-key,decaps,27772
2343,mlkem,varying-key,decaps,28643
2344,mlkem,varying-key,decaps,27812
2345,mlkem,varying-key,decaps,27762
2346,mlkem,varying-key,decaps,28573
2347,mlkem,varying-key,decaps,27872
2348,mlkem,varying-key,decaps,27812
2349,mlkem,varying-key,decaps,28563
2350,mlkem,varying-key,decaps,29635
2351,mlkem,varying-key,decaps,27913
2352,mlkem,varying-key,decaps,27812
2353,mlkem,varying-key,decaps,27922
2354,mlkem,varying-key,decaps,27812
2355,mlkem,varying-key,decaps,27872
2356,mlkem,varying-key,decaps,27812
2357,mlkem,varying-key,decaps,27862
2358,mlkem,varying-key,decaps,27832
2359,mlkem,varying-key,decaps,27973
2360,mlkem,varying-key,decaps,27882
2361,mlkem,varying-key,decaps,27732
2362,mlkem,varying-key,decaps,27822
2363,mlkem,varying-key,decaps,32090
2364,mlkem,varying-key,decaps,28764
2365,mlkem,varying-key,decaps,28814
2366,mlkem,varying-key,decaps,28824
2367,mlkem,varying-key,decaps,28844
2368,mlkem,varying-key,decaps,28724
2369,mlkem,varying-key,decaps,28794
2370,mlkem,varying-key,decaps,28844
2371,mlkem,varying-key,decaps,28834
2372,mlkem,varying-key,decaps,28794
2373,mlkem,varying-key,decaps,28754
2374,mlkem,varying-key,decaps,28824
2375,mlkem,varying-key,decaps,28763
2376,mlkem,varying-key,decaps,28894
2377,mlkem,varying-key,decaps,28774
2378,mlkem,varying-key,decaps,29676
2379,mlkem,varying-key,decaps,28784
2380,mlkem,varying-key,decaps,29525
2381,mlkem,varying-key,decaps,28834
2382,mlkem,varying-key,decaps,28773
2383,mlkem,varying-key,decaps,28784
2384,mlkem,varying-key,decaps,28794
2385,mlkem,varying-key,decaps,29234
2386,mlkem,varying-key,decaps,25668
2387,mlkem,varying-key,decaps,25607
2388,mlkem,varying-key,decaps,25617
2389,mlkem,varying-key,decaps,25658
2390,mlkem,varying-key,decaps,25668
2391,mlkem,varying-key,decaps,25678
2392,mlkem,varying-key,decaps,25688
2393,mlkem,varying-key,decaps,25638
2394,mlkem,varying-key,decaps,25658
2395,mlkem,varying-key,decaps,25678
2396,mlkem,varying-key,decaps,25617
2397,mlkem,varying-key,decaps,26339
2398,mlkem,varying-key,decaps,25738
2399,mlkem,varying-key,decaps,25678
2400,mlkem,varying-key,decaps,25678
2401,mlkem,varying-key,decaps,25748
2402,mlkem,varying-key,decaps,25708
2403,mlkem,varying-key,decaps,25689
2404,mlkem,varying-key,decaps,25567
2405,mlkem,varying-key,decaps,25618
2406,mlkem,varying-key,decaps,26449
2407,mlkem,varying-key,decaps,25628
2408,mlkem,varying-key,decaps,25638
2409,mlkem,varying-key,decaps,29034
2410,mlkem,varying-key,decaps,25658
2411,mlkem,varying-key,decaps,25688
2412,mlkem,varying-key,decaps,25658
2413,mlkem,varying-key,decaps,26350
2414,mlkem,varying-key,decaps,25658
2415,mlkem,varying-key,decaps,25618
2416,mlkem,varying-key,decaps,25628
2417,mlkem,varying-key,decaps,25598
2418,mlkem,varying-key,decaps,25698
2419,mlkem,varying-key,decaps,25668
2420,mlkem,varying-key,decaps,25699
2421,mlkem,varying-key,decaps,39334
2422,mlkem,varying-key,decaps,25668
2423,mlkem,varying-key,decaps,25738
2424,mlkem,varying-key,decaps,25628
2425,mlkem,varying-key,decaps,25668
2426,mlkem,varying-key,decaps,25608
2427,mlkem,varying-key,decaps,26249
2428,mlkem,varying-key,decaps,25678
2429,mlkem,varying-key,decaps,25708
2430,mlkem,varying-key,decaps,25688
2431,mlkem,varying-key,decaps,25668
2432,mlkem,varying-key,decaps,29465
2433,mlkem,varying-key,decaps,26219
2434,mlkem,varying-key,decaps,26078
2435,mlkem,varying-key,decaps,26189
2436,mlkem,varying-key,decaps,28062
2437,mlkem,varying-key,decaps,28844
2438,mlkem,varying-key,decaps,26730
2439,mlkem,varying-key,decaps,26129
2440,mlkem,varying-key,decaps,26139
2441,mlkem,varying-key,decaps,26780
2442,mlkem,varying-key,decaps,26129
2443,mlkem,varying-key,decaps,26139
2444,mlkem,varying-key,decaps,27321
2445,mlkem,varying-key,decaps,28965
2446,mlkem,varying-key,decaps,28464
2447,mlkem,varying-key,decaps,29335
2448,mlkem,varying-key,decaps,26309
2449,mlkem,varying-key,decaps,28794
2450,mlkem,varying-key,decaps,31068
2451,mlkem,varying-key,decaps,27371
2452,mlkem,varying-key,decaps,28975
2453,mlkem,varying-key,decaps,28904
2454,mlkem,varying-key,decaps,29325
2455,mlkem,varying-key,decaps,30136
2456,mlkem,varying-key,decaps,28925
2457,mlkem,varying-key,decaps,31459
2458,mlkem,varying-key,decaps,31519
2459,mlkem,varying-key,decaps,33333
2460,mlkem,varying-key,decaps,35356
2461,mlkem,varying-key,decaps,31188
2462,mlkem,varying-key,decaps,31770
2463,mlkem,varying-key,decaps,32341
2464,mlkem,varying-key,decaps,31189
2465,mlkem,varying-key,decaps,31579
2466,mlkem,varying-key,decaps,33192
2467,mlkem,varying-key,decaps,33863
2468,mlkem,varying-key,decaps,33703
2469,mlkem,varying-key,decaps,34705
2470,mlkem,varying-key,decaps,34074
2471,mlkem,varying-key,decaps,34224
2472,mlkem,varying-key,decaps,34505
2473,mlkem,varying-key,decaps,34124
2474,mlkem,varying-key,decaps,33853
2475,mlkem,varying-key,decaps,33373
2476,mlkem,varying-key,decaps,33893
2477,mlkem,varying-key,decaps,33352
2478,mlkem,varying-key,decaps,32972
2479,mlkem,varying-key,decaps,32521
2480,mlkem,varying-key,decaps,33412
2481,mlkem,varying-key,decaps,32480
2482,mlkem,varying-key,decaps,31859
2483,mlkem,varying-key,decaps,29415
2484,mlkem,varying-key,decaps,27441
2485,mlkem,varying-key,decaps,27912
2486,mlkem,varying-key,decaps,25307
2487,mlkem,varying-key,decaps,26239
2488,mlkem,varying-key,decaps,29536
2489,mlkem,varying-key,decaps,28764
2490,mlkem,varying-key,decaps,28293
2491,mlkem,varying-key,decaps,25367
2492,mlkem,varying-key,decaps,29164
2493,mlkem,varying-key,decaps,25468
2494,mlkem,varying-key,decaps,25458
2495,mlkem,varying-key,decaps,30487
2496,mlkem,varying-key,decaps,28924
2497,mlkem,varying-key,decaps,30066
2498,mlkem,varying-key,decaps,28663
2499,mlkem,varying-key,decaps,28844
2500,mlkem,varying-key,decaps,25909
2501,mlkem,varying-key,decaps,25869
2502,mlkem,varying-key,decaps,25808
2503,mlkem,varying-key,decaps,25928
2504,mlkem,varying-key,decaps,25828
2505,mlkem,varying-key,decaps,25809
2506,mlkem,varying-key,decaps,25918
2507,mlkem,varying-key,decaps,25788
2508,mlkem,varying-key,decaps,25848
2509,mlkem,varying-key,decaps,25878
2510,mlkem,varying-key,decaps,25789
2511,mlkem,varying-key,decaps,25919
2512,mlkem,varying-key,decaps,25868
2513,mlkem,varying-key,decaps,25848
2514,mlkem,varying-key,decaps,25909
2515,mlkem,varying-key,decaps,25869
2516,mlkem,varying-key,decaps,25979
2517,mlkem,varying-key,decaps,25879
2518,mlkem,varying-key,decaps,26520
2519,mlkem,varying-key,decaps,27301
2520,mlkem,varying-key,decaps,24756
2521,mlkem,varying-key,decaps,24676
2522,mlkem,varying-key,decaps,24666
2523,mlkem,varying-key,decaps,25377
2524,mlkem,varying-key,decaps,24606
2525,mlkem,varying-key,decaps,24686
2526,mlkem,varying-key,decaps,24816
2527,mlkem,varying-key,decaps,24666
2528,mlkem,varying-key,decaps,24676
2529,mlkem,varying-key,decaps,24726
2530,mlkem,varying-key,decaps,24727
2531,mlkem,varying-key,decaps,24796
2532,mlkem,varying-key,decaps,24727
2533,mlkem,varying-key,decaps,24776
2534,mlkem,varying-key,decaps,24696
2535,mlkem,varying-key,decaps,24676
2536,mlkem,varying-key,decaps,24677
2537,mlkem,varying-key,decaps,24657
2538,mlkem,varying-key,decaps,24676
2539,mlkem,varying-key,decaps,24676
2540,mlkem,varying-key,decaps,24877
2541,mlkem,varying-key,decaps,24676
2542,mlkem,varying-key,decaps,24626
2543,mlkem,varying-key,decaps,24716
2544,mlkem,varying-key,decaps,25278
2545,mlkem,varying-key,decaps,24716
2546,mlkem,varying-key,decaps,24736
2547,mlkem,varying-key,decaps,24717
2548,mlkem,varying-key,decaps,24746
2549,mlkem,varying-key,decaps,24716
2550,mlkem,varying-key,decaps,24666
2551,mlkem,varying-key,decaps,24636
2552,mlkem,varying-key,decaps,24717
2553,mlkem,varying-key,decaps,24736
2554,mlkem,varying-key,decaps,24756
2555,mlkem,varying-key,decaps,24687
2556,mlkem,varying-key,decaps,24706
2557,mlkem,varying-key,decaps,24706
2558,mlkem,varying-key,decaps,24666
2559,mlkem,varying-key,decaps,24726
2560,mlkem,varying-key,decaps,24686
2561,mlkem,varying-key,decaps,24677
2562,mlkem,varying-key,decaps,24677
2563,mlkem,varying-key,decaps,24776
2564,mlkem,varying-key,decaps,24756
2565,mlkem,varying-key,decaps,24736
2566,mlkem,varying-key,decaps,24686
2567,mlkem,varying-key,decaps,24636
2568,mlkem,varying-key,decaps,24696
2569,mlkem,varying-key,decaps,27441
2570,mlkem,varying-key,decaps,25809
2571,mlkem,varying-key,decaps,24696
2572,mlkem,varying-key,decaps,25367
2573,mlkem,varying-key,decaps,24697
2574,mlkem,varying-key,decaps,45986
2575,mlkem,varying-key,decaps,24736
2576,mlkem,varying-key,decaps,24747
2577,mlkem,varying-key,decaps,24716
2578,mlkem,varying-key,decaps,24686
2579,mlkem,varying-key,decaps,24696
2580,mlkem,varying-key,decaps,24727
2581,mlkem,varying-key,decaps,24716
2582,mlkem,varying-key,decaps,24706
2583,mlkem,varying-key,decaps,24716
2584,mlkem,varying-key,decaps,24626
2585,mlkem,varying-key,decaps,24697
2586,mlkem,varying-key,decaps,24796
2587,mlkem,varying-key,decaps,24727
2588,mlkem,varying-key,decaps,24706
2589,mlkem,varying-key,decaps,24716
2590,mlkem,varying-key,decaps,24656
2591,mlkem,varying-key,decaps,24717
2592,mlkem,varying-key,decaps,24776
2593,mlkem,varying-key,decaps,24716
2594,mlkem,varying-key,decaps,24716
2595,mlkem,varying-key,decaps,24687
2596,mlkem,varying-key,decaps,24746
2597,mlkem,varying-key,decaps,24757
2598,mlkem,varying-key,decaps,24746
2599,mlkem,varying-key,decaps,24726
2600,mlkem,varying-key,decaps,24747
2601,mlkem,varying-key,decaps,24756
2602,mlkem,varying-key,decaps,24726
2603,mlkem,varying-key,decaps,24687
2604,mlkem,varying-key,decaps,24716
2605,mlkem,varying-key,decaps,24716
2606,mlkem,varying-key,decaps,24737
2607,mlkem,varying-key,decaps,24697
2608,mlkem,varying-key,decaps,24716
2609,mlkem,varying-key,decaps,24676
2610,mlkem,varying-key,decaps,24726
2611,mlkem,varying-key,decaps,24626
2612,mlkem,varying-key,decaps,24767
2613,mlkem,varying-key,decaps,24716
2614,mlkem,varying-key,decaps,24746
2615,mlkem,varying-key,decaps,24766
2616,mlkem,varying-key,decaps,24736
2617,mlkem,varying-key,decaps,24686
2618,mlkem,varying-key,decaps,24697
2619,mlkem,varying-key,decaps,27060
2620,mlkem,varying-key,decaps,27141
2621,mlkem,varying-key,decaps,25137
2622,mlkem,varying-key,decaps,25187
2623,mlkem,varying-key,decaps,25127
2624,mlkem,varying-key,decaps,25137
2625,mlkem,varying-key,decaps,25087
2626,mlkem,varying-key,decaps,25147
2627,mlkem,varying-key,decaps,25197
2628,mlkem,varying-key,decaps,25147
2629,mlkem,varying-key,decaps,25117
2630,mlkem,varying-key,decaps,25137
2631,mlkem,varying-key,decaps,25107
2632,mlkem,varying-key,decaps,25207
2633,mlkem,varying-key,decaps,25117
2634,mlkem,varying-key,decaps,25168
2635,mlkem,varying-key,decaps,25217
2636,mlkem,varying-key,decaps,25237
2637,mlkem,varying-key,decaps,25137
2638,mlkem,varying-key,decaps,26730
2639,mlkem,varying-key,decaps,27421
2640,mlkem,varying-key,decaps,28163
2641,mlkem,varying-key,decaps,25257
2642,mlkem,varying-key,decaps,25177
2643,mlkem,varying-key,decaps,25197
2644,mlkem,varying-key,decaps,26670
2645,mlkem,varying-key,decaps,24736
2646,mlkem,varying-key,decaps,24656
2647,mlkem,varying-key,decaps,24697
2648,mlkem,varying-key,decaps,24676
2649,mlkem,varying-key,decaps,24706
2650,mlkem,varying-key,decaps,24787
2651,mlkem,varying-key,decaps,24756
2652,mlkem,varying-key,decaps,24686
2653,mlkem,varying-key,decaps,25468
2654,mlkem,varying-key,decaps,24636
2655,mlkem,varying-key,decaps,24747
2656,mlkem,varying-key,decaps,24656
2657,mlkem,varying-key,decaps,42840
2658,mlkem,varying-key,decaps,24646
2659,mlkem,varying-key,decaps,24747
2660,mlkem,varying-key,decaps,25327
2661,mlkem,varying-key,decaps,24756
2662,mlkem,varying-key,decaps,24726
2663,mlkem,varying-key,decaps,24616
2664,mlkem,varying-key,decaps,24776
2665,mlkem,varying-key,decaps,24696
2666,mlkem,varying-key,decaps,24656
2667,mlkem,varying-key,decaps,24646
2668,mlkem,varying-key,decaps,27391
2669,mlkem,varying-key,decaps,29435
2670,mlkem,varying-key,decaps,27782
2671,mlkem,varying-key,decaps,27712
2672,mlkem,varying-key,decaps,27772
2673,mlkem,varying-key,decaps,27872
2674,mlkem,varying-key,decaps,27823
2675,mlkem,varying-key,decaps,27802
2676,mlkem,varying-key,decaps,27792
2677,mlkem,varying-key,decaps,27752
2678,mlkem,varying-key,decaps,27692
2679,mlkem,varying-key,decaps,27802
2680,mlkem,varying-key,decaps,27762
2681,mlkem,varying-key,decaps,27822
2682,mlkem,varying-key,decaps,27792
2683,mlkem,varying-key,decaps,27892
2684,mlkem,varying-key,decaps,27912
2685,mlkem,varying-key,decaps,27802
2686,mlkem,varying-key,decaps,27782
2687,mlkem,varying-key,decaps,27832
2688,mlkem,varying-key,decaps,27752
2689,mlkem,varying-key,decaps,27752
2690,mlkem,varying-key,decaps,31679
2691,mlkem,varying-key,decaps,31920
2692,mlkem,varying-key,decaps,28794
2693,mlkem,varying-key,decaps,30627
2694,mlkem,varying-key,decaps,25959
2695,mlkem,varying-key,decaps,27572
2696,mlkem,varying-key,decaps,28984
2697,mlkem,varying-key,decaps,29836
2698,mlkem,varying-key,decaps,26059
2699,mlkem,varying-key,decaps,25938
2700,mlkem,varying-key,decaps,25938
2701,mlkem,varying-key,decaps,26690
2702,mlkem,varying-key,decaps,26038
2703,mlkem,varying-key,decaps,26018
2704,mlkem,varying-key,decaps,28684
2705,mlkem,varying-key,decaps,26129
2706,mlkem,varying-key,decaps,26029
2707,mlkem,varying-key,decaps,27833
2708,mlkem,varying-key,decaps,26019
2709,mlkem,varying-key,decaps,26069
2710,mlkem,varying-key,decaps,25948
2711,mlkem,varying-key,decaps,26089
2712,mlkem,varying-key,decaps,26690
2713,mlkem,varying-key,decaps,26049
2714,mlkem,varying-key,decaps,30197
2715,mlkem,varying-key,decaps,26710
2716,mlkem,varying-key,decaps,26690
2717,mlkem,varying-key,decaps,26740
2718,mlkem,varying-key,decaps,26570
2719,mlkem,varying-key,decaps,26670
2720,mlkem,varying-key,decaps,26620
2721,mlkem,varying-key,decaps,26660
2722,mlkem,varying-key,decaps,26770
2723,mlkem,varying-key,decaps,27441
2724,mlkem,varying-key,decaps,26710
2725,mlkem,varying-key,decaps,26690
2726,mlkem,varying-key,decaps,26650
2727,mlkem,varying-key,decaps,26599
2728,mlkem,varying-key,decaps,27361
2729,mlkem,varying-key,decaps,26669
2730,mlkem,varying-key,decaps,26720
2731,mlkem,varying-key,decaps,26589
2732,mlkem,varying-key,decaps,26669
2733,mlkem,varying-key,decaps,26659
2734,mlkem,varying-key,decaps,47209
2735,mlkem,varying-key,decaps,26790
2736,mlkem,varying-key,decaps,26660
2737,mlkem,varying-key,decaps,30557
2738,mlkem,varying-key,decaps,26921
2739,mlkem,varying-key,decaps,26881
2740,mlkem,varying-key,decaps,26941
2741,mlkem,varying-key,decaps,26910
2742,mlkem,varying-key,decaps,26980
2743,mlkem,varying-key,decaps,26880
2744,mlkem,varying-key,decaps,26981
2745,mlkem,varying-key,decaps,26840
2746,mlkem,varying-key,decaps,26960
2747,mlkem,varying-key,decaps,27542
2748,mlkem,varying-key,decaps,26870
2749,mlkem,varying-key,decaps,26830
2750,mlkem,varying-key,decaps,26931
2751,mlkem,varying-key,decaps,26830
2752,mlkem,varying-key,decaps,26890
2753,mlkem,varying-key,decaps,26871
2754,mlkem,varying-key,decaps,26900
2755,mlkem,varying-key,decaps,26740
2756,mlkem,varying-key,decaps,26810
2757,mlkem,varying-key,decaps,26880
2758,mlkem,varying-key,decaps,26880
2759,mlkem,varying-key,decaps,26901
2760,mlkem,varying-key,decaps,27201
2761,mlkem,varying-key,decaps,28042
2762,mlkem,varying-key,decaps,26740
2763,mlkem,varying-key,decaps,26560
2764,mlkem,varying-key,decaps,26480
2765,mlkem,varying-key,decaps,27261
2766,mlkem,varying-key,decaps,26440
2767,mlkem,varying-key,decaps,27121
2768,mlkem,varying-key,decaps,29726
2769,mlkem,varying-key,decaps,30166
2770,mlkem,varying-key,decaps,29555
2771,mlkem,varying-key,decaps,27020
2772,mlkem,varying-key,decaps,26480
2773,mlkem,varying-key,decaps,26500
2774,mlkem,varying-key,decaps,26470
2775,mlkem,varying-key,decaps,26459
2776,mlkem,varying-key,decaps,26500
2777,mlkem,varying-key,decaps,27151
2778,mlkem,varying-key,decaps,26560
2779,mlkem,varying-key,decaps,26489
2780,mlkem,varying-key,decaps,26480
2781,mlkem,varying-key,decaps,26490
2782,mlkem,varying-key,decaps,26419
2783,mlkem,varying-key,decaps,26419
2784,mlkem,varying-key,decaps,26440
2785,mlkem,varying-key,decaps,26489
2786,mlkem,varying-key,decaps,26460
2787,mlkem,varying-key,decaps,26589
2788,mlkem,varying-key,decaps,26359
2789,mlkem,varying-key,decaps,26500
2790,mlkem,varying-key,decaps,26449
2791,mlkem,varying-key,decaps,26479
2792,mlkem,varying-key,decaps,31328
2793,mlkem,varying-key,decaps,28974
2794,mlkem,varying-key,decaps,30337
2795,mlkem,varying-key,decaps,29696
2796,mlkem,varying-key,decaps,29666
2797,mlkem,varying-key,decaps,33162
2798,mlkem,varying-key,decaps,29645
2799,mlkem,varying-key,decaps,32140
2800,mlkem,varying-key,decaps,30137
2801,mlkem,varying-key,decaps,26470
2802,mlkem,varying-key,decaps,30016
2803,mlkem,varying-key,decaps,26529
2804,mlkem,varying-key,decaps,31228
2805,mlkem,varying-key,decaps,29785
2806,mlkem,varying-key,decaps,30707
2807,mlkem,varying-key,decaps,31449
2808,mlkem,varying-key,decaps,30958
2809,mlkem,varying-key,decaps,31128
2810,mlkem,varying-key,decaps,30156
2811,mlkem,varying-key,decaps,30738
2812,mlkem,varying-key,decaps,30818
2813,mlkem,varying-key,decaps,29756
2814,mlkem,varying-key,decaps,30417
2815,mlkem,varying-key,decaps,30688
2816,mlkem,varying-key,decaps,32330
2817,mlkem,varying-key,decaps,28203
2818,mlkem,varying-key,decaps,30848
2819,mlkem,varying-key,decaps,31990
2820,mlkem,varying-key,decaps,27912
2821,mlkem,varying-key,decaps,27882
2822,mlkem,varying-key,decaps,27842
2823,mlkem,varying-key,decaps,27822
2824,mlkem,varying-key,decaps,27802
2825,mlkem,varying-key,decaps,30046
2826,mlkem,varying-key,decaps,29706
2827,mlkem,varying-key,decaps,27972
2828,mlkem,varying-key,decaps,28052
2829,mlkem,varying-key,decaps,28013
2830,mlkem,varying-key,decaps,27993
2831,mlkem,varying-key,decaps,28083
2832,mlkem,varying-key,decaps,28102
2833,mlkem,varying-key,decaps,28043
2834,mlkem,varying-key,decaps,28063
2835,mlkem,varying-key,decaps,27963
2836,mlkem,varying-key,decaps,28072
2837,mlkem,varying-key,decaps,27972
2838,mlkem,varying-key,decaps,28072
2839,mlkem,varying-key,decaps,28022
2840,mlkem,varying-key,decaps,28073
2841,mlkem,varying-key,decaps,29835
2842,mlkem,varying-key,decaps,30957
2843,mlkem,varying-key,decaps,31178
2844,mlkem,varying-key,decaps,28994
2845,mlkem,varying-key,decaps,27983
2846,mlkem,varying-key,decaps,28143
2847,mlkem,varying-key,decaps,29956
2848,mlkem,varying-key,decaps,30467
2849,mlkem,varying-key,decaps,26339
2850,mlkem,varying-key,decaps,26961
2851,mlkem,varying-key,decaps,26409
2852,mlkem,varying-key,decaps,26399
2853,mlkem,varying-key,decaps,26400
2854,mlkem,varying-key,decaps,26389
2855,mlkem,varying-key,decaps,26339
2856,mlkem,varying-key,decaps,26369
2857,mlkem,varying-key,decaps,26309
2858,mlkem,varying-key,decaps,26380
2859,mlkem,varying-key,decaps,26439
2860,mlkem,varying-key,decaps,26349
2861,mlkem,varying-key,decaps,26410
2862,mlkem,varying-key,decaps,28994
2863,mlkem,varying-key,decaps,28854
2864,mlkem,varying-key,decaps,26760
2865,mlkem,varying-key,decaps,26269
2866,mlkem,varying-key,decaps,26319
2867,mlkem,varying-key,decaps,27892
2868,mlkem,varying-key,decaps,30167
2869,mlkem,varying-key,decaps,30507
2870,mlkem,varying-key,decaps,30938
2871,mlkem,varying-key,decaps,32450
2872,mlkem,varying-key,decaps,27952
2873,mlkem,varying-key,decaps,27852
2874,mlkem,varying-key,decaps,28182
2875,mlkem,varying-key,decaps,28613
2876,mlkem,varying-key,decaps,31018
2877,mlkem,varying-key,decaps,32271
2878,mlkem,varying-key,decaps,33102
2879,mlkem,varying-key,decaps,34565
2880,mlkem,varying-key,decaps,49542
2881,mlkem,varying-key,decaps,30507
2882,mlkem,varying-key,decaps,30858
2883,mlkem,varying-key,decaps,31209
2884,mlkem,varying-key,decaps,30347
2885,mlkem,varying-key,decaps,31740
2886,mlkem,varying-key,decaps,32301
2887,mlkem,varying-key,decaps,32731
2888,mlkem,varying-key,decaps,31819
2889,mlkem,varying-key,decaps,37299
2890,mlkem,varying-key,decaps,34104
2891,mlkem,varying-key,decaps,34264
2892,mlkem,varying-key,decaps,34925
2893,mlkem,varying-key,decaps,36809
2894,mlkem,varying-key,decaps,34915
2895,mlkem,varying-key,decaps,35056
2896,mlkem,varying-key,decaps,35086
2897,mlkem,varying-key,decaps,35316
2898,mlkem,varying-key,decaps,35687
2899,mlkem,varying-key,decaps,35617
2900,mlkem,varying-key,decaps,35827
2901,mlkem,varying-key,decaps,36037
2902,mlkem,varying-key,decaps,34805
2903,mlkem,varying-key,decaps,32190
2904,mlkem,varying-key,decaps,30948
2905,mlkem,varying-key,decaps,31118
2906,mlkem,varying-key,decaps,27251
2907,mlkem,varying-key,decaps,28834
2908,mlkem,varying-key,decaps,32661
2909,mlkem,varying-key,decaps,30277
2910,mlkem,varying-key,decaps,27502
2911,mlkem,varying-key,decaps,26139
2912,mlkem,varying-key,decaps,26159
2913,mlkem,varying-key,decaps,26049
2914,mlkem,varying-key,decaps,26078
2915,mlkem,varying-key,decaps,26049
2916,mlkem,varying-key,decaps,26119
2917,mlkem,varying-key,decaps,26139
2918,mlkem,varying-key,decaps,26179
2919,mlkem,varying-key,decaps,26179
2920,mlkem,varying-key,decaps,26148
2921,mlkem,varying-key,decaps,26089
2922,mlkem,varying-key,decaps,26240
2923,mlkem,varying-key,decaps,26169
2924,mlkem,varying-key,decaps,26189
2925,mlkem,varying-key,decaps,26179
2926,mlkem,varying-key,decaps,26189
2927,mlkem,varying-key,decaps,26139
2928,mlkem,varying-key,decaps,26058
2929,mlkem,varying-key,decaps,26119
2930,mlkem,varying-key,decaps,26259
2931,mlkem,varying-key,decaps,26620
2932,mlkem,varying-key,decaps,27592
2933,mlkem,varying-key,decaps,24696
2934,mlkem,varying-key,decaps,24656
2935,mlkem,varying-key,decaps,24767
2936,mlkem,varying-key,decaps,25347
2937,mlkem,varying-key,decaps,24687
2938,mlkem,varying-key,decaps,24716
2939,mlkem,varying-key,decaps,24726
2940,mlkem,varying-key,decaps,24807
2941,mlkem,varying-key,decaps,24697
2942,mlkem,varying-key,decaps,24786
2943,mlkem,varying-key,decaps,24726
2944,mlkem,varying-key,decaps,24687
2945,mlkem,varying-key,decaps,24706
2946,mlkem,varying-key,decaps,24666
2947,mlkem,varying-key,decaps,24696
2948,mlkem,varying-key,decaps,24636
2949,mlkem,varying-key,decaps,24706
2950,mlkem,varying-key,decaps,24697
2951,mlkem,varying-key,decaps,24726
2952,mlkem,varying-key,decaps,24666
2953,mlkem,varying-key,decaps,44513
2954,mlkem,varying-key,decaps,26770
2955,mlkem,varying-key,decaps,24706
2956,mlkem,varying-key,decaps,27381
2957,mlkem,varying-key,decaps,24746
2958,mlkem,varying-key,decaps,24656
2959,mlkem,varying-key,decaps,24706
2960,mlkem,varying-key,decaps,27843
2961,mlkem,varying-key,decaps,29094
2962,mlkem,varying-key,decaps,24827
2963,mlkem,varying-key,decaps,24636
2964,mlkem,varying-key,decaps,24606
2965,mlkem,varying-key,decaps,24656
2966,mlkem,varying-key,decaps,24696
2967,mlkem,varying-key,decaps,24657
2968,mlkem,varying-key,decaps,24647
2969,mlkem,varying-key,decaps,24656
2970,mlkem,varying-key,decaps,24686
2971,mlkem,varying-key,decaps,24696
2972,mlkem,varying-key,decaps,24637
2973,mlkem,varying-key,decaps,24606
2974,mlkem,varying-key,decaps,24657
2975,mlkem,varying-key,decaps,24676
2976,mlkem,varying-key,decaps,24656
2977,mlkem,varying-key,decaps,24616
2978,mlkem,varying-key,decaps,24636
2979,mlkem,varying-key,decaps,24736
2980,mlkem,varying-key,decaps,24757
2981,mlkem,varying-key,decaps,25288
2982,mlkem,varying-key,decaps,26589
2983,mlkem,varying-key,decaps,24937
2984,mlkem,varying-key,decaps,24716
2985,mlkem,varying-key,decaps,24757
2986,mlkem,varying-key,decaps,24706
2987,mlkem,varying-key,decaps,24696
2988,mlkem,varying-key,decaps,24807
2989,mlkem,varying-key,decaps,24716
2990,mlkem,varying-key,decaps,24636
2991,mlkem,varying-key,decaps,24666
2992,mlkem,varying-key,decaps,24736
2993,mlkem,varying-key,decaps,24637
2994,mlkem,varying-key,decaps,24776
2995,mlkem,varying-key,decaps,24686
2996,mlkem,varying-key,decaps,24697
2997,mlkem,varying-key,decaps,24676
2998,mlkem,varying-key,decaps,24706
2999,mlkem,varying-key,decaps,24656
3000,mlkem,varying-key,decaps,24726
