iteration,mode,input,op,elapsed_ns
1,bike,fixed,decaps,759236
2,bike,fixed,decaps,766830
3,bike,fixed,decaps,765391
4,bike,fixed,decaps,734671
5,bike,fixed,decaps,734590
6,bike,fixed,decaps,761860
7,bike,fixed,decaps,735077
8,bike,fixed,decaps,734317
9,bike,fixed,decaps,740726
10,bike,fixed,decaps,734803
11,bike,fixed,decaps,734769
12,bike,fixed,decaps,734793
13,bike,fixed,decaps,784367
14,bike,fixed,decaps,784765
15,bike,fixed,decaps,757019
16,bike,fixed,decaps,757069
17,bike,fixed,decaps,756962
18,bike,fixed,decaps,757149
19,bike,fixed,decaps,763402
20,bike,fixed,decaps,789448
21,bike,fixed,decaps,752119
22,bike,fixed,decaps,740650
23,bike,fixed,decaps,763419
24,bike,fixed,decaps,792248
25,bike,fixed,decaps,764295
26,bike,fixed,decaps,786775
27,bike,fixed,decaps,740867
28,bike,fixed,decaps,734736
29,bike,fixed,decaps,734378
30,bike,fixed,decaps,787180
31,bike,fixed,decaps,783371
32,bike,fixed,decaps,756649
33,bike,fixed,decaps,783631
34,bike,fixed,decaps,757355
35,bike,fixed,decaps,849331
36,bike,fixed,decaps,903568
37,bike,fixed,decaps,757785
38,bike,fixed,decaps,757043
39,bike,fixed,decaps,757201
40,bike,fixed,decaps,766272
41,bike,fixed,decaps,764314
42,bike,fixed,decaps,762497
43,bike,fixed,decaps,749771
44,bike,fixed,decaps,739943
45,bike,fixed,decaps,738847
46,bike,fixed,decaps,734069
47,bike,fixed,decaps,734230
48,bike,fixed,decaps,734075
49,bike,fixed,decaps,757779
50,bike,fixed,decaps,779887
51,bike,fixed,decaps,820080
52,bike,fixed,decaps,757306
53,bike,fixed,decaps,785658
54,bike,fixed,decaps,757330
55,bike,fixed,decaps,756763
56,bike,fixed,decaps,779674
57,bike,fixed,decaps,757129
58,bike,fixed,decaps,771674
59,bike,fixed,decaps,760036
60,bike,fixed,decaps,738001
61,bike,fixed,decaps,789318
62,bike,fixed,decaps,747023
63,bike,fixed,decaps,785464
64,bike,fixed,decaps,781181
65,bike,fixed,decaps,780628
66,bike,fixed,decaps,789123
67,bike,fixed,decaps,756598
68,bike,fixed,decaps,755909
69,bike,fixed,decaps,756290
70,bike,fixed,decaps,756447
71,bike,fixed,decaps,771798
72,bike,fixed,decaps,762001
73,bike,fixed,decaps,764964
74,bike,fixed,decaps,756565
75,bike,fixed,decaps,757234
76,bike,fixed,decaps,756538
77,bike,fixed,decaps,786870
78,bike,fixed,decaps,810831
79,bike,fixed,decaps,823124
80,bike,fixed,decaps,742363
81,bike,fixed,decaps,734062
82,bike,fixed,decaps,1128664
83,bike,fixed,decaps,762939
84,bike,fixed,decaps,741768
85,bike,fixed,decaps,764714
86,bike,fixed,decaps,734553
87,bike,fixed,decaps,802261
88,bike,fixed,decaps,776995
89,bike,fixed,decaps,779545
90,bike,fixed,decaps,740204
91,bike,fixed,decaps,734374
92,bike,fixed,decaps,738448
93,bike,fixed,decaps,748679
94,bike,fixed,decaps,761487
95,bike,fixed,decaps,734629
96,bike,fixed,decaps,781690
97,bike,fixed,decaps,786496
98,bike,fixed,decaps,756667
99,bike,fixed,decaps,756343
100,bike,fixed,decaps,756477
101,bike,fixed,decaps,756643
102,bike,fixed,decaps,768463
103,bike,fixed,decaps,767440
104,bike,fixed,decaps,780924
105,bike,fixed,decaps,757237
106,bike,fixed,decaps,756732
107,bike,fixed,decaps,756684
108,bike,fixed,decaps,764584
109,bike,fixed,decaps,762222
110,bike,fixed,decaps,740153
111,bike,fixed,decaps,734252
112,bike,fixed,decaps,770724
113,bike,fixed,decaps,741391
114,bike,fixed,decaps,734212
115,bike,fixed,decaps,733997
116,bike,fixed,decaps,791647
117,bike,fixed,decaps,777236
118,bike,fixed,decaps,770542
119,bike,fixed,decaps,756814
120,bike,fixed,decaps,756288
121,bike,fixed,decaps,756505
122,bike,fixed,decaps,791946
123,bike,fixed,decaps,740118
124,bike,fixed,decaps,737465
125,bike,fixed,decaps,733314
126,bike,fixed,decaps,733112
127,bike,fixed,decaps,733623
128,bike,fixed,decaps,733435
129,bike,fixed,decaps,783540
130,bike,fixed,decaps,784534
131,bike,fixed,decaps,784007
132,bike,fixed,decaps,756696
133,bike,fixed,decaps,756833
134,bike,fixed,decaps,764756
135,bike,fixed,decaps,755997
136,bike,fixed,decaps,756316
137,bike,fixed,decaps,756694
138,bike,fixed,decaps,759313
139,bike,fixed,decaps,742089
140,bike,fixed,decaps,733977
141,bike,fixed,decaps,733728
142,bike,fixed,decaps,734151
143,bike,fixed,decaps,733590
144,bike,fixed,decaps,733794
145,bike,fixed,decaps,749021
146,bike,fixed,decaps,733991
147,bike,fixed,decaps,733978
148,bike,fixed,decaps,733742
149,bike,fixed,decaps,782372
150,bike,fixed,decaps,786994
151,bike,fixed,decaps,788612
152,bike,fixed,decaps,756261
153,bike,fixed,decaps,756302
154,bike,fixed,decaps,760954
155,bike,fixed,decaps,788135
156,bike,fixed,decaps,756071
157,bike,fixed,decaps,756027
158,bike,fixed,decaps,784682
159,bike,fixed,decaps,756586
160,bike,fixed,decaps,756469
161,bike,fixed,decaps,763021
162,bike,fixed,decaps,793239
163,bike,fixed,decaps,765051
164,bike,fixed,decaps,734191
165,bike,fixed,decaps,758531
166,bike,fixed,decaps,739207
167,bike,fixed,decaps,734817
168,bike,fixed,decaps,733930
169,bike,fixed,decaps,733547
170,bike,fixed,decaps,734299
171,bike,fixed,decaps,773819
172,bike,fixed,decaps,790566
173,bike,fixed,decaps,756268
174,bike,fixed,decaps,755946
175,bike,fixed,decaps,764431
176,bike,fixed,decaps,743013
177,bike,fixed,decaps,734569
178,bike,fixed,decaps,734098
179,bike,fixed,decaps,771164
180,bike,fixed,decaps,797798
181,bike,fixed,decaps,756247
182,bike,fixed,decaps,759046
183,bike,fixed,decaps,756286
184,bike,fixed,decaps,778959
185,bike,fixed,decaps,769114
186,bike,fixed,decaps,756811
187,bike,fixed,decaps,791182
188,bike,fixed,decaps,734457
189,bike,fixed,decaps,740295
190,bike,fixed,decaps,734087
191,bike,fixed,decaps,734122
192,bike,fixed,decaps,762849
193,bike,fixed,decaps,747457
194,bike,fixed,decaps,779860
195,bike,fixed,decaps,802048
196,bike,fixed,decaps,756764
197,bike,fixed,decaps,756567
198,bike,fixed,decaps,760771
199,bike,fixed,decaps,756350
200,bike,fixed,decaps,756597
201,bike,fixed,decaps,756223
202,bike,fixed,decaps,756095
203,bike,fixed,decaps,758778
204,bike,fixed,decaps,756377
205,bike,fixed,decaps,780935
206,bike,fixed,decaps,713104
207,bike,fixed,decaps,758246
208,bike,fixed,decaps,736969
209,bike,fixed,decaps,734179
210,bike,fixed,decaps,733986
211,bike,fixed,decaps,814373
212,bike,fixed,decaps,778876
213,bike,fixed,decaps,802602
214,bike,fixed,decaps,741958
215,bike,fixed,decaps,733906
216,bike,fixed,decaps,733446
217,bike,fixed,decaps,760466
218,bike,fixed,decaps,806495
219,bike,fixed,decaps,789481
220,bike,fixed,decaps,756088
221,bike,fixed,decaps,755479
222,bike,fixed,decaps,755813
223,bike,fixed,decaps,755869
224,bike,fixed,decaps,775420
225,bike,fixed,decaps,754331
226,bike,fixed,decaps,735230
227,bike,fixed,decaps,734362
228,bike,fixed,decaps,734115
229,bike,fixed,decaps,738279
230,bike,fixed,decaps,734104
231,bike,fixed,decaps,734221
232,bike,fixed,decaps,783462
233,bike,fixed,decaps,782223
234,bike,fixed,decaps,758487
235,bike,fixed,decaps,756237
236,bike,fixed,decaps,751834
237,bike,fixed,decaps,746747
238,bike,fixed,decaps,758681
239,bike,fixed,decaps,734366
240,bike,fixed,decaps,743629
241,bike,fixed,decaps,770797
242,bike,fixed,decaps,787263
243,bike,fixed,decaps,755816
244,bike,fixed,decaps,755906
245,bike,fixed,decaps,783546
246,bike,fixed,decaps,757350
247,bike,fixed,decaps,795640
248,bike,fixed,decaps,923951
249,bike,fixed,decaps,737764
250,bike,fixed,decaps,777064
251,bike,fixed,decaps,783389
252,bike,fixed,decaps,786240
253,bike,fixed,decaps,728612
254,bike,fixed,decaps,751706
255,bike,fixed,decaps,744432
256,bike,fixed,decaps,747733
257,bike,fixed,decaps,779727
258,bike,fixed,decaps,776103
259,bike,fixed,decaps,756101
260,bike,fixed,decaps,756238
261,bike,fixed,decaps,763653
262,bike,fixed,decaps,756408
263,bike,fixed,decaps,756251
264,bike,fixed,decaps,777967
265,bike,fixed,decaps,735397
266,bike,fixed,decaps,793947
267,bike,fixed,decaps,780052
268,bike,fixed,decaps,794979
269,bike,fixed,decaps,757108
270,bike,fixed,decaps,756114
271,bike,fixed,decaps,761512
272,bike,fixed,decaps,790243
273,bike,fixed,decaps,775740
274,bike,fixed,decaps,713653
275,bike,fixed,decaps,756239
276,bike,fixed,decaps,748555
277,bike,fixed,decaps,734918
278,bike,fixed,decaps,734934
279,bike,fixed,decaps,733840
280,bike,fixed,decaps,734533
281,bike,fixed,decaps,734457
282,bike,fixed,decaps,794789
283,bike,fixed,decaps,778268
284,bike,fixed,decaps,762768
285,bike,fixed,decaps,744368
286,bike,fixed,decaps,737071
287,bike,fixed,decaps,803862
288,bike,fixed,decaps,787887
289,bike,fixed,decaps,764578
290,bike,fixed,decaps,780357
291,bike,fixed,decaps,761836
292,bike,fixed,decaps,784751
293,bike,fixed,decaps,737978
294,bike,fixed,decaps,740141
295,bike,fixed,decaps,745054
296,bike,fixed,decaps,772702
297,bike,fixed,decaps,819905
298,bike,fixed,decaps,862665
299,bike,fixed,decaps,766035
300,bike,fixed,decaps,776854
301,bike,fixed,decaps,829233
302,bike,fixed,decaps,768108
303,bike,fixed,decaps,773383
304,bike,fixed,decaps,780309
305,bike,fixed,decaps,773128
306,bike,fixed,decaps,756020
307,bike,fixed,decaps,766686
308,bike,fixed,decaps,756958
309,bike,fixed,decaps,756688
310,bike,fixed,decaps,756660
311,bike,fixed,decaps,756727
312,bike,fixed,decaps,760905
313,bike,fixed,decaps,793906
314,bike,fixed,decaps,757663
315,bike,fixed,decaps,756705
316,bike,fixed,decaps,756453
317,bike,fixed,decaps,781695
318,bike,fixed,decaps,1096867
319,bike,fixed,decaps,760877
320,bike,fixed,decaps,736650
321,bike,fixed,decaps,740390
322,bike,fixed,decaps,734422
323,bike,fixed,decaps,737729
324,bike,fixed,decaps,761316
325,bike,fixed,decaps,734641
326,bike,fixed,decaps,734167
327,bike,fixed,decaps,734800
328,bike,fixed,decaps,778303
329,bike,fixed,decaps,788856
330,bike,fixed,decaps,756622
331,bike,fixed,decaps,756617
332,bike,fixed,decaps,756740
333,bike,fixed,decaps,777245
334,bike,fixed,decaps,761488
335,bike,fixed,decaps,756217
336,bike,fixed,decaps,756108
337,bike,fixed,decaps,756685
338,bike,fixed,decaps,755890
339,bike,fixed,decaps,762215
340,bike,fixed,decaps,756846
341,bike,fixed,decaps,756744
342,bike,fixed,decaps,756738
343,bike,fixed,decaps,777335
344,bike,fixed,decaps,762736
345,bike,fixed,decaps,785368
346,bike,fixed,decaps,734701
347,bike,fixed,decaps,734061
348,bike,fixed,decaps,734008
349,bike,fixed,decaps,798041
350,bike,fixed,decaps,802229
351,bike,fixed,decaps,757344
352,bike,fixed,decaps,757313
353,bike,fixed,decaps,757091
354,bike,fixed,decaps,920550
355,bike,fixed,decaps,765375
356,bike,fixed,decaps,780847
357,bike,fixed,decaps,771641
358,bike,fixed,decaps,756223
359,bike,fixed,decaps,777070
360,bike,fixed,decaps,756642
361,bike,fixed,decaps,756482
362,bike,fixed,decaps,764518
363,bike,fixed,decaps,755936
364,bike,fixed,decaps,756159
365,bike,fixed,decaps,762789
366,bike,fixed,decaps,745654
367,bike,fixed,decaps,746608
368,bike,fixed,decaps,733930
369,bike,fixed,decaps,762412
370,bike,fixed,decaps,743719
371,bike,fixed,decaps,734530
372,bike,fixed,decaps,734278
373,bike,fixed,decaps,799571
374,bike,fixed,decaps,780016
375,bike,fixed,decaps,788956
376,bike,fixed,decaps,781097
377,bike,fixed,decaps,759555
378,bike,fixed,decaps,756937
379,bike,fixed,decaps,791284
380,bike,fixed,decaps,770177
381,bike,fixed,decaps,739866
382,bike,fixed,decaps,734240
383,bike,fixed,decaps,743596
384,bike,fixed,decaps,744537
385,bike,fixed,decaps,734067
386,bike,fixed,decaps,739385
387,bike,fixed,decaps,734197
388,bike,fixed,decaps,734269
389,bike,fixed,decaps,734174
390,bike,fixed,decaps,766936
391,bike,fixed,decaps,775245
392,bike,fixed,decaps,765387
393,bike,fixed,decaps,755920
394,bike,fixed,decaps,755696
395,bike,fixed,decaps,755656
396,bike,fixed,decaps,783070
397,bike,fixed,decaps,757480
398,bike,fixed,decaps,771888
399,bike,fixed,decaps,756385
400,bike,fixed,decaps,756419
401,bike,fixed,decaps,790970
402,bike,fixed,decaps,754287
403,bike,fixed,decaps,756676
404,bike,fixed,decaps,768033
405,bike,fixed,decaps,789428
406,bike,fixed,decaps,755983
407,bike,fixed,decaps,762439
408,bike,fixed,decaps,748454
409,bike,fixed,decaps,734271
410,bike,fixed,decaps,734335
411,bike,fixed,decaps,734106
412,bike,fixed,decaps,741517
413,bike,fixed,decaps,734684
414,bike,fixed,decaps,734327
415,bike,fixed,decaps,734421
416,bike,fixed,decaps,766088
417,bike,fixed,decaps,790608
418,bike,fixed,decaps,759990
419,bike,fixed,decaps,756482
420,bike,fixed,decaps,756400
421,bike,fixed,decaps,756511
422,bike,fixed,decaps,756339
423,bike,fixed,decaps,778591
424,bike,fixed,decaps,768929
425,bike,fixed,decaps,810531
426,bike,fixed,decaps,733754
427,bike,fixed,decaps,750495
428,bike,fixed,decaps,752202
429,bike,fixed,decaps,776781
430,bike,fixed,decaps,791520
431,bike,fixed,decaps,756913
432,bike,fixed,decaps,742485
433,bike,fixed,decaps,780065
434,bike,fixed,decaps,734183
435,bike,fixed,decaps,733966
436,bike,fixed,decaps,733813
437,bike,fixed,decaps,733724
438,bike,fixed,decaps,733837
439,bike,fixed,decaps,738857
440,bike,fixed,decaps,777992
441,bike,fixed,decaps,784775
442,bike,fixed,decaps,756739
443,bike,fixed,decaps,756547
444,bike,fixed,decaps,761020
445,bike,fixed,decaps,755481
446,bike,fixed,decaps,738270
447,bike,fixed,decaps,734593
448,bike,fixed,decaps,734371
449,bike,fixed,decaps,773276
450,bike,fixed,decaps,767026
451,bike,fixed,decaps,734787
452,bike,fixed,decaps,786204
453,bike,fixed,decaps,779992
454,bike,fixed,decaps,792299
455,bike,fixed,decaps,815057
456,bike,fixed,decaps,750369
457,bike,fixed,decaps,740397
458,bike,fixed,decaps,734681
459,bike,fixed,decaps,735036
460,bike,fixed,decaps,739735
461,bike,fixed,decaps,778163
462,bike,fixed,decaps,783698
463,bike,fixed,decaps,777326
464,bike,fixed,decaps,734397
465,bike,fixed,decaps,737643
466,bike,fixed,decaps,740289
467,bike,fixed,decaps,718809
468,bike,fixed,decaps,746522
469,bike,fixed,decaps,736145
470,bike,fixed,decaps,737503
471,bike,fixed,decaps,734228
472,bike,fixed,decaps,769585
473,bike,fixed,decaps,756551
474,bike,fixed,decaps,757161
475,bike,fixed,decaps,756672
476,bike,fixed,decaps,798942
477,bike,fixed,decaps,756606
478,bike,fixed,decaps,756197
479,bike,fixed,decaps,756630
480,bike,fixed,decaps,756576
481,bike,fixed,decaps,769015
482,bike,fixed,decaps,766995
483,bike,fixed,decaps,734905
484,bike,fixed,decaps,734158
485,bike,fixed,decaps,733717
486,bike,fixed,decaps,740310
487,bike,fixed,decaps,748613
488,bike,fixed,decaps,756989
489,bike,fixed,decaps,756615
490,bike,fixed,decaps,756700
491,bike,fixed,decaps,756769
492,bike,fixed,decaps,761474
493,bike,fixed,decaps,756233
494,bike,fixed,decaps,756415
495,bike,fixed,decaps,743374
496,bike,fixed,decaps,736231
497,bike,fixed,decaps,772032
498,bike,fixed,decaps,756298
499,bike,fixed,decaps,756362
500,bike,fixed,decaps,756738
501,bike,fixed,decaps,741286
502,bike,fixed,decaps,773961
503,bike,fixed,decaps,756933
504,bike,fixed,decaps,747249
505,bike,fixed,decaps,733976
506,bike,fixed,decaps,733776
507,bike,fixed,decaps,737365
508,bike,fixed,decaps,734212
509,bike,fixed,decaps,797518
510,bike,fixed,decaps,756586
511,bike,fixed,decaps,772023
512,bike,fixed,decaps,756868
513,bike,fixed,decaps,762025
514,bike,fixed,decaps,751931
515,bike,fixed,decaps,736215
516,bike,fixed,decaps,733973
517,bike,fixed,decaps,733651
518,bike,fixed,decaps,740479
519,bike,fixed,decaps,752385
520,bike,fixed,decaps,755893
521,bike,fixed,decaps,756741
522,bike,fixed,decaps,756524
523,bike,fixed,decaps,815459
524,bike,fixed,decaps,718720
525,bike,fixed,decaps,754596
526,bike,fixed,decaps,734122
527,bike,fixed,decaps,734188
528,bike,fixed,decaps,734481
529,bike,fixed,decaps,799410
530,bike,fixed,decaps,800206
531,bike,fixed,decaps,761963
532,bike,fixed,decaps,719212
533,bike,fixed,decaps,750616
534,bike,fixed,decaps,738244
535,bike,fixed,decaps,761455
536,bike,fixed,decaps,815597
537,bike,fixed,decaps,757325
538,bike,fixed,decaps,756922
539,bike,fixed,decaps,763867
540,bike,fixed,decaps,771446
541,bike,fixed,decaps,713357
542,bike,fixed,decaps,755391
543,bike,fixed,decaps,734695
544,bike,fixed,decaps,752142
545,bike,fixed,decaps,785241
546,bike,fixed,decaps,774871
547,bike,fixed,decaps,755065
548,bike,fixed,decaps,744116
549,bike,fixed,decaps,734366
550,bike,fixed,decaps,790493
551,bike,fixed,decaps,767437
552,bike,fixed,decaps,741050
553,bike,fixed,decaps,734674
554,bike,fixed,decaps,734807
555,bike,fixed,decaps,740556
556,bike,fixed,decaps,745686
557,bike,fixed,decaps,741261
558,bike,fixed,decaps,741394
559,bike,fixed,decaps,769485
560,bike,fixed,decaps,793818
561,bike,fixed,decaps,756580
562,bike,fixed,decaps,756652
563,bike,fixed,decaps,777239
564,bike,fixed,decaps,738280
565,bike,fixed,decaps,734812
566,bike,fixed,decaps,796676
567,bike,fixed,decaps,779153
568,bike,fixed,decaps,756241
569,bike,fixed,decaps,774777
570,bike,fixed,decaps,727589
571,bike,fixed,decaps,774205
572,bike,fixed,decaps,735055
573,bike,fixed,decaps,734457
574,bike,fixed,decaps,734582
575,bike,fixed,decaps,734838
576,bike,fixed,decaps,739938
577,bike,fixed,decaps,734797
578,bike,fixed,decaps,734693
579,bike,fixed,decaps,776094
580,bike,fixed,decaps,785228
581,bike,fixed,decaps,756537
582,bike,fixed,decaps,796255
583,bike,fixed,decaps,757081
584,bike,fixed,decaps,756373
585,bike,fixed,decaps,771481
586,bike,fixed,decaps,713816
587,bike,fixed,decaps,776704
588,bike,fixed,decaps,765038
589,bike,fixed,decaps,735373
590,bike,fixed,decaps,764330
591,bike,fixed,decaps,788299
592,bike,fixed,decaps,789465
593,bike,fixed,decaps,786514
594,bike,fixed,decaps,756389
595,bike,fixed,decaps,756352
596,bike,fixed,decaps,756328
597,bike,fixed,decaps,761999
598,bike,fixed,decaps,756785
599,bike,fixed,decaps,756461
600,bike,fixed,decaps,756511
601,bike,fixed,decaps,756280
602,bike,fixed,decaps,756504
603,bike,fixed,decaps,762530
604,bike,fixed,decaps,756996
605,bike,fixed,decaps,756609
606,bike,fixed,decaps,756522
607,bike,fixed,decaps,756860
608,bike,fixed,decaps,841599
609,bike,fixed,decaps,764166
610,bike,fixed,decaps,740495
611,bike,fixed,decaps,734940
612,bike,fixed,decaps,734137
613,bike,fixed,decaps,759556
614,bike,fixed,decaps,772232
615,bike,fixed,decaps,735965
616,bike,fixed,decaps,768334
617,bike,fixed,decaps,745291
618,bike,fixed,decaps,769139
619,bike,fixed,decaps,780612
620,bike,fixed,decaps,770150
621,bike,fixed,decaps,756428
622,bike,fixed,decaps,756252
623,bike,fixed,decaps,756619
624,bike,fixed,decaps,763430
625,bike,fixed,decaps,755792
626,bike,fixed,decaps,756059
627,bike,fixed,decaps,756158
628,bike,fixed,decaps,755911
629,bike,fixed,decaps,759085
630,bike,fixed,decaps,765694
631,bike,fixed,decaps,739896
632,bike,fixed,decaps,733572
633,bike,fixed,decaps,733390
634,bike,fixed,decaps,737528
635,bike,fixed,decaps,792122
636,bike,fixed,decaps,780312
637,bike,fixed,decaps,783190
638,bike,fixed,decaps,764158
639,bike,fixed,decaps,744230
640,bike,fixed,decaps,733619
641,bike,fixed,decaps,733731
642,bike,fixed,decaps,733775
643,bike,fixed,decaps,760626
644,bike,fixed,decaps,734454
645,bike,fixed,decaps,740725
646,bike,fixed,decaps,733480
647,bike,fixed,decaps,733808
648,bike,fixed,decaps,733711
649,bike,fixed,decaps,733845
650,bike,fixed,decaps,770951
651,bike,fixed,decaps,791284
652,bike,fixed,decaps,755877
653,bike,fixed,decaps,756642
654,bike,fixed,decaps,755935
655,bike,fixed,decaps,774847
656,bike,fixed,decaps,734014
657,bike,fixed,decaps,739423
658,bike,fixed,decaps,734424
659,bike,fixed,decaps,734318
660,bike,fixed,decaps,734273
661,bike,fixed,decaps,736782
662,bike,fixed,decaps,755695
663,bike,fixed,decaps,734786
664,bike,fixed,decaps,734309
665,bike,fixed,decaps,780331
666,bike,fixed,decaps,786595
667,bike,fixed,decaps,756831
668,bike,fixed,decaps,756292
669,bike,fixed,decaps,755687
670,bike,fixed,decaps,762498
671,bike,fixed,decaps,749058
672,bike,fixed,decaps,734013
673,bike,fixed,decaps,734171
674,bike,fixed,decaps,733924
675,bike,fixed,decaps,733976
676,bike,fixed,decaps,734037
677,bike,fixed,decaps,739695
678,bike,fixed,decaps,734214
679,bike,fixed,decaps,749895
680,bike,fixed,decaps,780222
681,bike,fixed,decaps,775420
682,bike,fixed,decaps,760059
683,bike,fixed,decaps,756564
684,bike,fixed,decaps,756943
685,bike,fixed,decaps,772820
686,bike,fixed,decaps,756915
687,bike,fixed,decaps,761804
688,bike,fixed,decaps,773476
689,bike,fixed,decaps,757834
690,bike,fixed,decaps,734565
691,bike,fixed,decaps,763347
692,bike,fixed,decaps,734427
693,bike,fixed,decaps,742068
694,bike,fixed,decaps,734674
695,bike,fixed,decaps,734785
696,bike,fixed,decaps,734451
697,bike,fixed,decaps,817292
698,bike,fixed,decaps,786424
699,bike,fixed,decaps,762026
700,bike,fixed,decaps,717535
701,bike,fixed,decaps,750733
702,bike,fixed,decaps,773056
703,bike,fixed,decaps,790392
704,bike,fixed,decaps,756721
705,bike,fixed,decaps,756654
706,bike,fixed,decaps,747534
707,bike,fixed,decaps,743887
708,bike,fixed,decaps,733649
709,bike,fixed,decaps,739294
710,bike,fixed,decaps,759702
711,bike,fixed,decaps,755638
712,bike,fixed,decaps,734674
713,bike,fixed,decaps,733819
714,bike,fixed,decaps,790717
715,bike,fixed,decaps,734012
716,bike,fixed,decaps,734189
717,bike,fixed,decaps,734446
718,bike,fixed,decaps,775684
719,bike,fixed,decaps,789574
720,bike,fixed,decaps,756684
721,bike,fixed,decaps,756534
722,bike,fixed,decaps,756373
723,bike,fixed,decaps,756588
724,bike,fixed,decaps,818687
725,bike,fixed,decaps,713957
726,bike,fixed,decaps,757304
727,bike,fixed,decaps,734128
728,bike,fixed,decaps,733349
729,bike,fixed,decaps,733952
730,bike,fixed,decaps,738739
731,bike,fixed,decaps,734248
732,bike,fixed,decaps,749622
733,bike,fixed,decaps,789943
734,bike,fixed,decaps,782307
735,bike,fixed,decaps,777762
736,bike,fixed,decaps,740255
737,bike,fixed,decaps,734699
738,bike,fixed,decaps,788425
739,bike,fixed,decaps,779475
740,bike,fixed,decaps,828786
741,bike,fixed,decaps,792258
742,bike,fixed,decaps,734966
743,bike,fixed,decaps,734423
744,bike,fixed,decaps,734587
745,bike,fixed,decaps,734430
746,bike,fixed,decaps,738206
747,bike,fixed,decaps,777980
748,bike,fixed,decaps,784493
749,bike,fixed,decaps,756898
750,bike,fixed,decaps,781636
751,bike,fixed,decaps,762591
752,bike,fixed,decaps,756670
753,bike,fixed,decaps,768403
754,bike,fixed,decaps,713569
755,bike,fixed,decaps,754918
756,bike,fixed,decaps,737382
757,bike,fixed,decaps,734195
758,bike,fixed,decaps,734501
759,bike,fixed,decaps,780128
760,bike,fixed,decaps,784528
761,bike,fixed,decaps,759345
762,bike,fixed,decaps,770449
763,bike,fixed,decaps,756837
764,bike,fixed,decaps,756496
765,bike,fixed,decaps,777418
766,bike,fixed,decaps,713291
767,bike,fixed,decaps,779405
768,bike,fixed,decaps,736060
769,bike,fixed,decaps,734551
770,bike,fixed,decaps,734612
771,bike,fixed,decaps,734731
772,bike,fixed,decaps,777351
773,bike,fixed,decaps,787913
774,bike,fixed,decaps,761571
775,bike,fixed,decaps,729849
776,bike,fixed,decaps,747844
777,bike,fixed,decaps,776280
778,bike,fixed,decaps,733933
779,bike,fixed,decaps,734138
780,bike,fixed,decaps,734151
781,bike,fixed,decaps,755340
782,bike,fixed,decaps,780082
783,bike,fixed,decaps,776035
784,bike,fixed,decaps,756503
785,bike,fixed,decaps,756501
786,bike,fixed,decaps,756630
787,bike,fixed,decaps,756773
788,bike,fixed,decaps,761925
789,bike,fixed,decaps,756932
790,bike,fixed,decaps,756843
791,bike,fixed,decaps,756799
792,bike,fixed,decaps,756461
793,bike,fixed,decaps,761441
794,bike,fixed,decaps,778972
795,bike,fixed,decaps,756587
796,bike,fixed,decaps,741884
797,bike,fixed,decaps,748858
798,bike,fixed,decaps,734690
799,bike,fixed,decaps,737499
800,bike,fixed,decaps,734475
801,bike,fixed,decaps,734185
802,bike,fixed,decaps,734593
803,bike,fixed,decaps,734455
804,bike,fixed,decaps,764812
805,bike,fixed,decaps,765549
806,bike,fixed,decaps,790866
807,bike,fixed,decaps,756768
808,bike,fixed,decaps,741445
809,bike,fixed,decaps,715969
810,bike,fixed,decaps,718007
811,bike,fixed,decaps,777210
812,bike,fixed,decaps,756674
813,bike,fixed,decaps,756452
814,bike,fixed,decaps,757119
815,bike,fixed,decaps,759374
816,bike,fixed,decaps,744506
817,bike,fixed,decaps,744267
818,bike,fixed,decaps,734528
819,bike,fixed,decaps,734269
820,bike,fixed,decaps,736839
821,bike,fixed,decaps,777205
822,bike,fixed,decaps,756981
823,bike,fixed,decaps,756577
824,bike,fixed,decaps,756466
825,bike,fixed,decaps,777915
826,bike,fixed,decaps,756549
827,bike,fixed,decaps,767468
828,bike,fixed,decaps,756971
829,bike,fixed,decaps,753664
830,bike,fixed,decaps,748994
831,bike,fixed,decaps,758178
832,bike,fixed,decaps,734462
833,bike,fixed,decaps,734409
834,bike,fixed,decaps,734145
835,bike,fixed,decaps,733983
836,bike,fixed,decaps,742570
837,bike,fixed,decaps,734139
838,bike,fixed,decaps,748934
839,bike,fixed,decaps,756048
840,bike,fixed,decaps,756239
841,bike,fixed,decaps,760069
842,bike,fixed,decaps,756476
843,bike,fixed,decaps,756217
844,bike,fixed,decaps,756183
845,bike,fixed,decaps,757436
846,bike,fixed,decaps,712978
847,bike,fixed,decaps,717685
848,bike,fixed,decaps,803427
849,bike,fixed,decaps,760488
850,bike,fixed,decaps,734187
851,bike,fixed,decaps,735225
852,bike,fixed,decaps,740137
853,bike,fixed,decaps,757829
854,bike,fixed,decaps,782848
855,bike,fixed,decaps,756870
856,bike,fixed,decaps,756688
857,bike,fixed,decaps,778146
858,bike,fixed,decaps,763581
859,bike,fixed,decaps,735111
860,bike,fixed,decaps,734855
861,bike,fixed,decaps,760039
862,bike,fixed,decaps,763752
863,bike,fixed,decaps,757576
864,bike,fixed,decaps,757063
865,bike,fixed,decaps,756939
866,bike,fixed,decaps,764755
867,bike,fixed,decaps,713785
868,bike,fixed,decaps,759925
869,bike,fixed,decaps,734908
870,bike,fixed,decaps,734730
871,bike,fixed,decaps,735364
872,bike,fixed,decaps,734583
873,bike,fixed,decaps,756855
874,bike,fixed,decaps,734792
875,bike,fixed,decaps,734981
876,bike,fixed,decaps,764893
877,bike,fixed,decaps,756083
878,bike,fixed,decaps,760060
879,bike,fixed,decaps,772252
880,bike,fixed,decaps,756781
881,bike,fixed,decaps,767064
882,bike,fixed,decaps,745947
883,bike,fixed,decaps,735072
884,bike,fixed,decaps,784912
885,bike,fixed,decaps,764160
886,bike,fixed,decaps,734754
887,bike,fixed,decaps,734004
888,bike,fixed,decaps,768208
889,bike,fixed,decaps,764114
890,bike,fixed,decaps,756613
891,bike,fixed,decaps,755910
892,bike,fixed,decaps,755960
893,bike,fixed,decaps,756313
894,bike,fixed,decaps,763175
895,bike,fixed,decaps,762348
896,bike,fixed,decaps,728083
897,bike,fixed,decaps,782217
898,bike,fixed,decaps,745133
899,bike,fixed,decaps,751479
900,bike,fixed,decaps,820283
901,bike,fixed,decaps,751255
902,bike,fixed,decaps,734093
903,bike,fixed,decaps,734341
904,bike,fixed,decaps,734298
905,bike,fixed,decaps,741518
906,bike,fixed,decaps,734023
907,bike,fixed,decaps,734231
908,bike,fixed,decaps,734305
909,bike,fixed,decaps,734487
910,bike,fixed,decaps,764456
911,bike,fixed,decaps,774922
912,bike,fixed,decaps,756829
913,bike,fixed,decaps,756273
914,bike,fixed,decaps,756250
915,bike,fixed,decaps,756159
916,bike,fixed,decaps,762299
917,bike,fixed,decaps,756553
918,bike,fixed,decaps,756044
919,bike,fixed,decaps,756363
920,bike,fixed,decaps,756465
921,bike,fixed,decaps,760487
922,bike,fixed,decaps,745538
923,bike,fixed,decaps,734371
924,bike,fixed,decaps,734469
925,bike,fixed,decaps,734184
926,bike,fixed,decaps,740963
927,bike,fixed,decaps,754707
928,bike,fixed,decaps,734640
929,bike,fixed,decaps,734370
930,bike,fixed,decaps,734473
931,bike,fixed,decaps,747303
932,bike,fixed,decaps,760224
933,bike,fixed,decaps,756589
934,bike,fixed,decaps,756745
935,bike,fixed,decaps,756986
936,bike,fixed,decaps,756492
937,bike,fixed,decaps,779856
938,bike,fixed,decaps,757791
939,bike,fixed,decaps,787589
940,bike,fixed,decaps,714128
941,bike,fixed,decaps,757789
942,bike,fixed,decaps,772108
943,bike,fixed,decaps,739564
944,bike,fixed,decaps,734110
945,bike,fixed,decaps,734325
946,bike,fixed,decaps,734543
947,bike,fixed,decaps,748283
948,bike,fixed,decaps,762897
949,bike,fixed,decaps,753309
950,bike,fixed,decaps,735060
951,bike,fixed,decaps,734576
952,bike,fixed,decaps,734643
953,bike,fixed,decaps,767912
954,bike,fixed,decaps,774590
955,bike,fixed,decaps,756515
956,bike,fixed,decaps,756436
957,bike,fixed,decaps,776969
958,bike,fixed,decaps,761922
959,bike,fixed,decaps,769923
960,bike,fixed,decaps,713249
961,bike,fixed,decaps,757722
962,bike,fixed,decaps,734465
963,bike,fixed,decaps,734731
964,bike,fixed,decaps,762734
965,bike,fixed,decaps,735032
966,bike,fixed,decaps,756777
967,bike,fixed,decaps,756536
968,bike,fixed,decaps,756460
969,bike,fixed,decaps,763613
970,bike,fixed,decaps,759449
971,bike,fixed,decaps,770773
972,bike,fixed,decaps,713672
973,bike,fixed,decaps,776709
974,bike,fixed,decaps,756267
975,bike,fixed,decaps,734086
976,bike,fixed,decaps,734312
977,bike,fixed,decaps,734070
978,bike,fixed,decaps,757155
979,bike,fixed,decaps,762637
980,bike,fixed,decaps,776125
981,bike,fixed,decaps,757194
982,bike,fixed,decaps,756650
983,bike,fixed,decaps,756727
984,bike,fixed,decaps,756457
985,bike,fixed,decaps,759682
986,bike,fixed,decaps,751933
987,bike,fixed,decaps,743856
988,bike,fixed,decaps,734615
989,bike,fixed,decaps,734275
990,bike,fixed,decaps,737159
991,bike,fixed,decaps,779005
992,bike,fixed,decaps,756592
993,bike,fixed,decaps,757736
994,bike,fixed,decaps,752418
995,bike,fixed,decaps,761194
996,bike,fixed,decaps,734728
997,bike,fixed,decaps,734707
998,bike,fixed,decaps,734517
999,bike,fixed,decaps,752604
1000,bike,fixed,decaps,756370
1001,bike,fixed,decaps,759140
1002,bike,fixed,decaps,756725
1003,bike,fixed,decaps,756661
1004,bike,fixed,decaps,761280
1005,bike,fixed,decaps,729332
1006,bike,fixed,decaps,764129
1007,bike,fixed,decaps,753360
1008,bike,fixed,decaps,734713
1009,bike,fixed,decaps,768145
1010,bike,fixed,decaps,756312
1011,bike,fixed,decaps,764813
1012,bike,fixed,decaps,756484
1013,bike,fixed,decaps,756264
1014,bike,fixed,decaps,756227
1015,bike,fixed,decaps,762205
1016,bike,fixed,decaps,718005
1017,bike,fixed,decaps,757142
1018,bike,fixed,decaps,786245
1019,bike,fixed,decaps,756954
1020,bike,fixed,decaps,756557
1021,bike,fixed,decaps,756540
1022,bike,fixed,decaps,763132
1023,bike,fixed,decaps,746973
1024,bike,fixed,decaps,734609
1025,bike,fixed,decaps,734263
1026,bike,fixed,decaps,734323
1027,bike,fixed,decaps,759998
1028,bike,fixed,decaps,756708
1029,bike,fixed,decaps,756997
1030,bike,fixed,decaps,757237
1031,bike,fixed,decaps,772191
1032,bike,fixed,decaps,793191
1033,bike,fixed,decaps,714331
1034,bike,fixed,decaps,787582
1035,bike,fixed,decaps,734921
1036,bike,fixed,decaps,760301
1037,bike,fixed,decaps,756658
1038,bike,fixed,decaps,762341
1039,bike,fixed,decaps,756475
1040,bike,fixed,decaps,835580
1041,bike,fixed,decaps,933969
1042,bike,fixed,decaps,714728
1043,bike,fixed,decaps,848517
1044,bike,fixed,decaps,788459
1045,bike,fixed,decaps,735610
1046,bike,fixed,decaps,734603
1047,bike,fixed,decaps,734240
1048,bike,fixed,decaps,741373
1049,bike,fixed,decaps,734053
1050,bike,fixed,decaps,733945
1051,bike,fixed,decaps,733762
1052,bike,fixed,decaps,734125
1053,bike,fixed,decaps,740152
1054,bike,fixed,decaps,734652
1055,bike,fixed,decaps,766229
1056,bike,fixed,decaps,756421
1057,bike,fixed,decaps,756475
1058,bike,fixed,decaps,756927
1059,bike,fixed,decaps,761341
1060,bike,fixed,decaps,749120
1061,bike,fixed,decaps,802044
1062,bike,fixed,decaps,735625
1063,bike,fixed,decaps,734327
1064,bike,fixed,decaps,741525
1065,bike,fixed,decaps,733966
1066,bike,fixed,decaps,733807
1067,bike,fixed,decaps,733892
1068,bike,fixed,decaps,736233
1069,bike,fixed,decaps,737033
1070,bike,fixed,decaps,735543
1071,bike,fixed,decaps,765534
1072,bike,fixed,decaps,787347
1073,bike,fixed,decaps,757050
1074,bike,fixed,decaps,756395
1075,bike,fixed,decaps,764490
1076,bike,fixed,decaps,756321
1077,bike,fixed,decaps,756052
1078,bike,fixed,decaps,756202
1079,bike,fixed,decaps,756171
1080,bike,fixed,decaps,762781
1081,bike,fixed,decaps,775549
1082,bike,fixed,decaps,718782
1083,bike,fixed,decaps,755194
1084,bike,fixed,decaps,733722
1085,bike,fixed,decaps,759838
1086,bike,fixed,decaps,756247
1087,bike,fixed,decaps,763307
1088,bike,fixed,decaps,770088
1089,bike,fixed,decaps,756413
1090,bike,fixed,decaps,762023
1091,bike,fixed,decaps,730164
1092,bike,fixed,decaps,749320
1093,bike,fixed,decaps,734026
1094,bike,fixed,decaps,746919
1095,bike,fixed,decaps,756060
1096,bike,fixed,decaps,759474
1097,bike,fixed,decaps,756380
1098,bike,fixed,decaps,780139
1099,bike,fixed,decaps,755790
1100,bike,fixed,decaps,763560
1101,bike,fixed,decaps,791130
1102,bike,fixed,decaps,741957
1103,bike,fixed,decaps,734334
1104,bike,fixed,decaps,734462
1105,bike,fixed,decaps,734069
1106,bike,fixed,decaps,734205
1107,bike,fixed,decaps,737368
1108,bike,fixed,decaps,734025
1109,bike,fixed,decaps,734300
1110,bike,fixed,decaps,734269
1111,bike,fixed,decaps,734288
1112,bike,fixed,decaps,763651
1113,bike,fixed,decaps,756386
1114,bike,fixed,decaps,779836
1115,bike,fixed,decaps,756671
1116,bike,fixed,decaps,756352
1117,bike,fixed,decaps,762806
1118,bike,fixed,decaps,773906
1119,bike,fixed,decaps,713223
1120,bike,fixed,decaps,754139
1121,bike,fixed,decaps,733738
1122,bike,fixed,decaps,733794
1123,bike,fixed,decaps,740125
1124,bike,fixed,decaps,733802
1125,bike,fixed,decaps,779946
1126,bike,fixed,decaps,757221
1127,bike,fixed,decaps,756404
1128,bike,fixed,decaps,763534
1129,bike,fixed,decaps,760607
1130,bike,fixed,decaps,740861
1131,bike,fixed,decaps,734378
1132,bike,fixed,decaps,734390
1133,bike,fixed,decaps,737489
1134,bike,fixed,decaps,734049
1135,bike,fixed,decaps,733978
1136,bike,fixed,decaps,734326
1137,bike,fixed,decaps,734209
1138,bike,fixed,decaps,733948
1139,bike,fixed,decaps,737181
1140,bike,fixed,decaps,734012
1141,bike,fixed,decaps,756741
1142,bike,fixed,decaps,734699
1143,bike,fixed,decaps,734575
1144,bike,fixed,decaps,737856
1145,bike,fixed,decaps,751909
1146,bike,fixed,decaps,756551
1147,bike,fixed,decaps,756775
1148,bike,fixed,decaps,781223
1149,bike,fixed,decaps,789073
1150,bike,fixed,decaps,756421
1151,bike,fixed,decaps,756272
1152,bike,fixed,decaps,788167
1153,bike,fixed,decaps,739786
1154,bike,fixed,decaps,772065
1155,bike,fixed,decaps,742920
1156,bike,fixed,decaps,733454
1157,bike,fixed,decaps,762526
1158,bike,fixed,decaps,790773
1159,bike,fixed,decaps,755678
1160,bike,fixed,decaps,780593
1161,bike,fixed,decaps,739480
1162,bike,fixed,decaps,733521
1163,bike,fixed,decaps,733637
1164,bike,fixed,decaps,733430
1165,bike,fixed,decaps,740195
1166,bike,fixed,decaps,734176
1167,bike,fixed,decaps,733730
1168,bike,fixed,decaps,763826
1169,bike,fixed,decaps,734404
1170,bike,fixed,decaps,734049
1171,bike,fixed,decaps,740338
1172,bike,fixed,decaps,733802
1173,bike,fixed,decaps,759092
1174,bike,fixed,decaps,779490
1175,bike,fixed,decaps,769328
1176,bike,fixed,decaps,759657
1177,bike,fixed,decaps,771233
1178,bike,fixed,decaps,776031
1179,bike,fixed,decaps,759050
1180,bike,fixed,decaps,734258
1181,bike,fixed,decaps,778362
1182,bike,fixed,decaps,733574
1183,bike,fixed,decaps,733555
1184,bike,fixed,decaps,733511
1185,bike,fixed,decaps,766447
1186,bike,fixed,decaps,822397
1187,bike,fixed,decaps,773195
1188,bike,fixed,decaps,737621
1189,bike,fixed,decaps,750512
1190,bike,fixed,decaps,734300
1191,bike,fixed,decaps,734319
1192,bike,fixed,decaps,739462
1193,bike,fixed,decaps,734359
1194,bike,fixed,decaps,734731
1195,bike,fixed,decaps,752510
1196,bike,fixed,decaps,733986
1197,bike,fixed,decaps,739139
1198,bike,fixed,decaps,751475
1199,bike,fixed,decaps,779999
1200,bike,fixed,decaps,753780
1201,bike,fixed,decaps,747206
1202,bike,fixed,decaps,733784
1203,bike,fixed,decaps,741251
1204,bike,fixed,decaps,733675
1205,bike,fixed,decaps,733773
1206,bike,fixed,decaps,742821
1207,bike,fixed,decaps,746294
1208,bike,fixed,decaps,750619
1209,bike,fixed,decaps,734371
1210,bike,fixed,decaps,733919
1211,bike,fixed,decaps,755057
1212,bike,fixed,decaps,777422
1213,bike,fixed,decaps,791661
1214,bike,fixed,decaps,756432
1215,bike,fixed,decaps,756732
1216,bike,fixed,decaps,756626
1217,bike,fixed,decaps,757595
1218,bike,fixed,decaps,804242
1219,bike,fixed,decaps,713398
1220,bike,fixed,decaps,755265
1221,bike,fixed,decaps,735269
1222,bike,fixed,decaps,778098
1223,bike,fixed,decaps,733551
1224,bike,fixed,decaps,741049
1225,bike,fixed,decaps,733461
1226,bike,fixed,decaps,733493
1227,bike,fixed,decaps,733209
1228,bike,fixed,decaps,733888
1229,bike,fixed,decaps,740865
1230,bike,fixed,decaps,748333
1231,bike,fixed,decaps,779690
1232,bike,fixed,decaps,775233
1233,bike,fixed,decaps,798099
1234,bike,fixed,decaps,793345
1235,bike,fixed,decaps,713011
1236,bike,fixed,decaps,756906
1237,bike,fixed,decaps,772851
1238,bike,fixed,decaps,785837
1239,bike,fixed,decaps,755880
1240,bike,fixed,decaps,769538
1241,bike,fixed,decaps,758755
1242,bike,fixed,decaps,759068
1243,bike,fixed,decaps,734301
1244,bike,fixed,decaps,734284
1245,bike,fixed,decaps,738698
1246,bike,fixed,decaps,734208
1247,bike,fixed,decaps,734466
1248,bike,fixed,decaps,739366
1249,bike,fixed,decaps,746422
1250,bike,fixed,decaps,745419
1251,bike,fixed,decaps,734758
1252,bike,fixed,decaps,734227
1253,bike,fixed,decaps,734461
1254,bike,fixed,decaps,754272
1255,bike,fixed,decaps,780216
1256,bike,fixed,decaps,776479
1257,bike,fixed,decaps,755935
1258,bike,fixed,decaps,756302
1259,bike,fixed,decaps,760624
1260,bike,fixed,decaps,753746
1261,bike,fixed,decaps,776698
1262,bike,fixed,decaps,734140
1263,bike,fixed,decaps,736176
1264,bike,fixed,decaps,733693
1265,bike,fixed,decaps,772419
1266,bike,fixed,decaps,792044
1267,bike,fixed,decaps,757228
1268,bike,fixed,decaps,756653
1269,bike,fixed,decaps,756864
1270,bike,fixed,decaps,756620
1271,bike,fixed,decaps,787708
1272,bike,fixed,decaps,720337
1273,bike,fixed,decaps,753200
1274,bike,fixed,decaps,734586
1275,bike,fixed,decaps,770796
1276,bike,fixed,decaps,780338
1277,bike,fixed,decaps,778854
1278,bike,fixed,decaps,769435
1279,bike,fixed,decaps,734909
1280,bike,fixed,decaps,734585
1281,bike,fixed,decaps,734248
1282,bike,fixed,decaps,736910
1283,bike,fixed,decaps,734067
1284,bike,fixed,decaps,734396
1285,bike,fixed,decaps,784399
1286,bike,fixed,decaps,780668
1287,bike,fixed,decaps,817132
1288,bike,fixed,decaps,713721
1289,bike,fixed,decaps,751212
1290,bike,fixed,decaps,773749
1291,bike,fixed,decaps,786016
1292,bike,fixed,decaps,756546
1293,bike,fixed,decaps,759281
1294,bike,fixed,decaps,746913
1295,bike,fixed,decaps,745448
1296,bike,fixed,decaps,734112
1297,bike,fixed,decaps,733951
1298,bike,fixed,decaps,736566
1299,bike,fixed,decaps,734247
1300,bike,fixed,decaps,734397
1301,bike,fixed,decaps,734070
1302,bike,fixed,decaps,755443
1303,bike,fixed,decaps,738015
1304,bike,fixed,decaps,734524
1305,bike,fixed,decaps,785889
1306,bike,fixed,decaps,778821
1307,bike,fixed,decaps,764233
1308,bike,fixed,decaps,713066
1309,bike,fixed,decaps,761791
1310,bike,fixed,decaps,772860
1311,bike,fixed,decaps,786121
1312,bike,fixed,decaps,760229
1313,bike,fixed,decaps,728181
1314,bike,fixed,decaps,797329
1315,bike,fixed,decaps,734661
1316,bike,fixed,decaps,734081
1317,bike,fixed,decaps,734073
1318,bike,fixed,decaps,734388
1319,bike,fixed,decaps,739919
1320,bike,fixed,decaps,734371
1321,bike,fixed,decaps,734512
1322,bike,fixed,decaps,734149
1323,bike,fixed,decaps,734145
1324,bike,fixed,decaps,734285
1325,bike,fixed,decaps,741167
1326,bike,fixed,decaps,734547
1327,bike,fixed,decaps,752576
1328,bike,fixed,decaps,780227
1329,bike,fixed,decaps,802433
1330,bike,fixed,decaps,759558
1331,bike,fixed,decaps,755948
1332,bike,fixed,decaps,755841
1333,bike,fixed,decaps,755889
1334,bike,fixed,decaps,755915
1335,bike,fixed,decaps,764866
1336,bike,fixed,decaps,718392
1337,bike,fixed,decaps,753466
1338,bike,fixed,decaps,733990
1339,bike,fixed,decaps,733770
1340,bike,fixed,decaps,733552
1341,bike,fixed,decaps,764305
1342,bike,fixed,decaps,734803
1343,bike,fixed,decaps,759017
1344,bike,fixed,decaps,790432
1345,bike,fixed,decaps,771741
1346,bike,fixed,decaps,762591
1347,bike,fixed,decaps,762065
1348,bike,fixed,decaps,718234
1349,bike,fixed,decaps,750723
1350,bike,fixed,decaps,734311
1351,bike,fixed,decaps,739866
1352,bike,fixed,decaps,734140
1353,bike,fixed,decaps,734065
1354,bike,fixed,decaps,734064
1355,bike,fixed,decaps,734012
1356,bike,fixed,decaps,756038
1357,bike,fixed,decaps,740804
1358,bike,fixed,decaps,734297
1359,bike,fixed,decaps,753749
1360,bike,fixed,decaps,779857
1361,bike,fixed,decaps,780080
1362,bike,fixed,decaps,784168
1363,bike,fixed,decaps,757010
1364,bike,fixed,decaps,756491
1365,bike,fixed,decaps,756290
1366,bike,fixed,decaps,756712
1367,bike,fixed,decaps,759796
1368,bike,fixed,decaps,780626
1369,bike,fixed,decaps,756818
1370,bike,fixed,decaps,756587
1371,bike,fixed,decaps,757148
1372,bike,fixed,decaps,794335
1373,bike,fixed,decaps,790366
1374,bike,fixed,decaps,739594
1375,bike,fixed,decaps,735084
1376,bike,fixed,decaps,752767
1377,bike,fixed,decaps,734138
1378,bike,fixed,decaps,749264
1379,bike,fixed,decaps,733497
1380,bike,fixed,decaps,753634
1381,bike,fixed,decaps,780300
1382,bike,fixed,decaps,775263
1383,bike,fixed,decaps,817557
1384,bike,fixed,decaps,756028
1385,bike,fixed,decaps,762633
1386,bike,fixed,decaps,734492
1387,bike,fixed,decaps,734351
1388,bike,fixed,decaps,741874
1389,bike,fixed,decaps,734628
1390,bike,fixed,decaps,790344
1391,bike,fixed,decaps,778701
1392,bike,fixed,decaps,756566
1393,bike,fixed,decaps,756250
1394,bike,fixed,decaps,799228
1395,bike,fixed,decaps,765142
1396,bike,fixed,decaps,733811
1397,bike,fixed,decaps,741038
1398,bike,fixed,decaps,733858
1399,bike,fixed,decaps,763430
1400,bike,fixed,decaps,734760
1401,bike,fixed,decaps,750402
1402,bike,fixed,decaps,780013
1403,bike,fixed,decaps,776489
1404,bike,fixed,decaps,1102322
1405,bike,fixed,decaps,760435
1406,bike,fixed,decaps,736726
1407,bike,fixed,decaps,734638
1408,bike,fixed,decaps,734544
1409,bike,fixed,decaps,781684
1410,bike,fixed,decaps,734788
1411,bike,fixed,decaps,734878
1412,bike,fixed,decaps,734852
1413,bike,fixed,decaps,774274
1414,bike,fixed,decaps,792224
1415,bike,fixed,decaps,757633
1416,bike,fixed,decaps,762241
1417,bike,fixed,decaps,777421
1418,bike,fixed,decaps,757220
1419,bike,fixed,decaps,756665
1420,bike,fixed,decaps,774718
1421,bike,fixed,decaps,735999
1422,bike,fixed,decaps,769367
1423,bike,fixed,decaps,791010
1424,bike,fixed,decaps,816392
1425,bike,fixed,decaps,766711
1426,bike,fixed,decaps,756854
1427,bike,fixed,decaps,775655
1428,bike,fixed,decaps,718864
1429,bike,fixed,decaps,752134
1430,bike,fixed,decaps,739704
1431,bike,fixed,decaps,733622
1432,bike,fixed,decaps,733955
1433,bike,fixed,decaps,814678
1434,bike,fixed,decaps,805278
1435,bike,fixed,decaps,764361
1436,bike,fixed,decaps,756169
1437,bike,fixed,decaps,756442
1438,bike,fixed,decaps,756321
1439,bike,fixed,decaps,754829
1440,bike,fixed,decaps,763610
1441,bike,fixed,decaps,734685
1442,bike,fixed,decaps,734474
1443,bike,fixed,decaps,734368
1444,bike,fixed,decaps,734711
1445,bike,fixed,decaps,734361
1446,bike,fixed,decaps,741060
1447,bike,fixed,decaps,762125
1448,bike,fixed,decaps,750077
1449,bike,fixed,decaps,791352
1450,bike,fixed,decaps,774660
1451,bike,fixed,decaps,771364
1452,bike,fixed,decaps,756779
1453,bike,fixed,decaps,757166
1454,bike,fixed,decaps,736363
1455,bike,fixed,decaps,746303
1456,bike,fixed,decaps,739211
1457,bike,fixed,decaps,734561
1458,bike,fixed,decaps,734300
1459,bike,fixed,decaps,734790
1460,bike,fixed,decaps,734510
1461,bike,fixed,decaps,754518
1462,bike,fixed,decaps,754935
1463,bike,fixed,decaps,734668
1464,bike,fixed,decaps,752372
1465,bike,fixed,decaps,780284
1466,bike,fixed,decaps,780006
1467,bike,fixed,decaps,787080
1468,bike,fixed,decaps,770149
1469,bike,fixed,decaps,734429
1470,bike,fixed,decaps,738980
1471,bike,fixed,decaps,734002
1472,bike,fixed,decaps,738865
1473,bike,fixed,decaps,776170
1474,bike,fixed,decaps,734795
1475,bike,fixed,decaps,734183
1476,bike,fixed,decaps,757051
1477,bike,fixed,decaps,803724
1478,bike,fixed,decaps,778415
1479,bike,fixed,decaps,760638
1480,bike,fixed,decaps,740082
1481,bike,fixed,decaps,734570
1482,bike,fixed,decaps,734474
1483,bike,fixed,decaps,741690
1484,bike,fixed,decaps,761447
1485,bike,fixed,decaps,786468
1486,bike,fixed,decaps,748923
1487,bike,fixed,decaps,827528
1488,bike,fixed,decaps,788648
1489,bike,fixed,decaps,740612
1490,bike,fixed,decaps,734061
1491,bike,fixed,decaps,733787
1492,bike,fixed,decaps,733413
1493,bike,fixed,decaps,733985
1494,bike,fixed,decaps,739757
1495,bike,fixed,decaps,778454
1496,bike,fixed,decaps,784052
1497,bike,fixed,decaps,756410
1498,bike,fixed,decaps,756380
1499,bike,fixed,decaps,788197
1500,bike,fixed,decaps,754638
1501,bike,fixed,decaps,737947
1502,bike,fixed,decaps,733692
1503,bike,fixed,decaps,756837
1504,bike,fixed,decaps,741668
1505,bike,fixed,decaps,754326
1506,bike,fixed,decaps,779932
1507,bike,fixed,decaps,779794
1508,bike,fixed,decaps,756104
1509,bike,fixed,decaps,763292
1510,bike,fixed,decaps,756296
1511,bike,fixed,decaps,756288
1512,bike,fixed,decaps,766597
1513,bike,fixed,decaps,742045
1514,bike,fixed,decaps,756658
1515,bike,fixed,decaps,742401
1516,bike,fixed,decaps,734027
1517,bike,fixed,decaps,761859
1518,bike,fixed,decaps,734437
1519,bike,fixed,decaps,734521
1520,bike,fixed,decaps,782912
1521,bike,fixed,decaps,809728
1522,bike,fixed,decaps,775727
1523,bike,fixed,decaps,713183
1524,bike,fixed,decaps,747031
1525,bike,fixed,decaps,741128
1526,bike,fixed,decaps,763181
1527,bike,fixed,decaps,735782
1528,bike,fixed,decaps,735126
1529,bike,fixed,decaps,734870
1530,bike,fixed,decaps,735035
1531,bike,fixed,decaps,742868
1532,bike,fixed,decaps,735009
1533,bike,fixed,decaps,735018
1534,bike,fixed,decaps,734837
1535,bike,fixed,decaps,812536
1536,bike,fixed,decaps,784727
1537,bike,fixed,decaps,784182
1538,bike,fixed,decaps,801981
1539,bike,fixed,decaps,715156
1540,bike,fixed,decaps,754806
1541,bike,fixed,decaps,788578
1542,bike,fixed,decaps,735042
1543,bike,fixed,decaps,734339
1544,bike,fixed,decaps,734237
1545,bike,fixed,decaps,734378
1546,bike,fixed,decaps,734134
1547,bike,fixed,decaps,737492
1548,bike,fixed,decaps,782022
1549,bike,fixed,decaps,781492
1550,bike,fixed,decaps,756292
1551,bike,fixed,decaps,756681
1552,bike,fixed,decaps,758828
1553,bike,fixed,decaps,782974
1554,bike,fixed,decaps,768742
1555,bike,fixed,decaps,714137
1556,bike,fixed,decaps,721557
1557,bike,fixed,decaps,773864
1558,bike,fixed,decaps,746458
1559,bike,fixed,decaps,735041
1560,bike,fixed,decaps,734946
1561,bike,fixed,decaps,734884
1562,bike,fixed,decaps,737039
1563,bike,fixed,decaps,742606
1564,bike,fixed,decaps,734873
1565,bike,fixed,decaps,757928
1566,bike,fixed,decaps,756688
1567,bike,fixed,decaps,757186
1568,bike,fixed,decaps,790353
1569,bike,fixed,decaps,757127
1570,bike,fixed,decaps,784299
1571,bike,fixed,decaps,713855
1572,bike,fixed,decaps,755859
1573,bike,fixed,decaps,743375
1574,bike,fixed,decaps,757629
1575,bike,fixed,decaps,780547
1576,bike,fixed,decaps,771486
1577,bike,fixed,decaps,757072
1578,bike,fixed,decaps,938629
1579,bike,fixed,decaps,748630
1580,bike,fixed,decaps,758281
1581,bike,fixed,decaps,734234
1582,bike,fixed,decaps,733625
1583,bike,fixed,decaps,733869
1584,bike,fixed,decaps,741563
1585,bike,fixed,decaps,784877
1586,bike,fixed,decaps,779727
1587,bike,fixed,decaps,755751
1588,bike,fixed,decaps,757052
1589,bike,fixed,decaps,802555
1590,bike,fixed,decaps,748837
1591,bike,fixed,decaps,737796
1592,bike,fixed,decaps,734007
1593,bike,fixed,decaps,733665
1594,bike,fixed,decaps,800489
1595,bike,fixed,decaps,785435
1596,bike,fixed,decaps,773106
1597,bike,fixed,decaps,713509
1598,bike,fixed,decaps,713410
1599,bike,fixed,decaps,778736
1600,bike,fixed,decaps,734534
1601,bike,fixed,decaps,734218
1602,bike,fixed,decaps,761916
1603,bike,fixed,decaps,756377
1604,bike,fixed,decaps,757087
1605,bike,fixed,decaps,761520
1606,bike,fixed,decaps,757481
1607,bike,fixed,decaps,786578
1608,bike,fixed,decaps,746208
1609,bike,fixed,decaps,748781
1610,bike,fixed,decaps,765804
1611,bike,fixed,decaps,740018
1612,bike,fixed,decaps,740701
1613,bike,fixed,decaps,745249
1614,bike,fixed,decaps,745104
1615,bike,fixed,decaps,750839
1616,bike,fixed,decaps,743224
1617,bike,fixed,decaps,748256
1618,bike,fixed,decaps,793695
1619,bike,fixed,decaps,786679
1620,bike,fixed,decaps,801358
1621,bike,fixed,decaps,812592
1622,bike,fixed,decaps,777935
1623,bike,fixed,decaps,821136
1624,bike,fixed,decaps,773764
1625,bike,fixed,decaps,770691
1626,bike,fixed,decaps,757816
1627,bike,fixed,decaps,756589
1628,bike,fixed,decaps,756312
1629,bike,fixed,decaps,756065
1630,bike,fixed,decaps,756547
1631,bike,fixed,decaps,779174
1632,bike,fixed,decaps,754404
1633,bike,fixed,decaps,764555
1634,bike,fixed,decaps,734429
1635,bike,fixed,decaps,734465
1636,bike,fixed,decaps,785650
1637,bike,fixed,decaps,771915
1638,bike,fixed,decaps,756467
1639,bike,fixed,decaps,756338
1640,bike,fixed,decaps,756105
1641,bike,fixed,decaps,1206012
1642,bike,fixed,decaps,732966
1643,bike,fixed,decaps,751683
1644,bike,fixed,decaps,733673
1645,bike,fixed,decaps,734244
1646,bike,fixed,decaps,767520
1647,bike,fixed,decaps,787697
1648,bike,fixed,decaps,733965
1649,bike,fixed,decaps,733411
1650,bike,fixed,decaps,737423
1651,bike,fixed,decaps,744869
1652,bike,fixed,decaps,734429
1653,bike,fixed,decaps,766638
1654,bike,fixed,decaps,755773
1655,bike,fixed,decaps,771506
1656,bike,fixed,decaps,755658
1657,bike,fixed,decaps,763953
1658,bike,fixed,decaps,761377
1659,bike,fixed,decaps,786381
1660,bike,fixed,decaps,756916
1661,bike,fixed,decaps,756508
1662,bike,fixed,decaps,768804
1663,bike,fixed,decaps,756634
1664,bike,fixed,decaps,771156
1665,bike,fixed,decaps,713003
1666,bike,fixed,decaps,751284
1667,bike,fixed,decaps,740567
1668,bike,fixed,decaps,750273
1669,bike,fixed,decaps,779469
1670,bike,fixed,decaps,774827
1671,bike,fixed,decaps,756063
1672,bike,fixed,decaps,756863
1673,bike,fixed,decaps,757885
1674,bike,fixed,decaps,746994
1675,bike,fixed,decaps,733242
1676,bike,fixed,decaps,737689
1677,bike,fixed,decaps,734024
1678,bike,fixed,decaps,741929
1679,bike,fixed,decaps,734300
1680,bike,fixed,decaps,750104
1681,bike,fixed,decaps,779731
1682,bike,fixed,decaps,784024
1683,bike,fixed,decaps,818361
1684,bike,fixed,decaps,785240
1685,bike,fixed,decaps,771979
1686,bike,fixed,decaps,919581
1687,bike,fixed,decaps,735854
1688,bike,fixed,decaps,743199
1689,bike,fixed,decaps,734521
1690,bike,fixed,decaps,734585
1691,bike,fixed,decaps,787378
1692,bike,fixed,decaps,822821
1693,bike,fixed,decaps,778002
1694,bike,fixed,decaps,757071
1695,bike,fixed,decaps,756494
1696,bike,fixed,decaps,756342
1697,bike,fixed,decaps,756687
1698,bike,fixed,decaps,756458
1699,bike,fixed,decaps,774001
1700,bike,fixed,decaps,775745
1701,bike,fixed,decaps,740076
1702,bike,fixed,decaps,753030
1703,bike,fixed,decaps,734451
1704,bike,fixed,decaps,742746
1705,bike,fixed,decaps,751533
1706,bike,fixed,decaps,734500
1707,bike,fixed,decaps,733815
1708,bike,fixed,decaps,781035
1709,bike,fixed,decaps,788849
1710,bike,fixed,decaps,756004
1711,bike,fixed,decaps,782911
1712,bike,fixed,decaps,756218
1713,bike,fixed,decaps,756050
1714,bike,fixed,decaps,776491
1715,bike,fixed,decaps,756617
1716,bike,fixed,decaps,755105
1717,bike,fixed,decaps,740042
1718,bike,fixed,decaps,739594
1719,bike,fixed,decaps,733875
1720,bike,fixed,decaps,761058
1721,bike,fixed,decaps,734276
1722,bike,fixed,decaps,734098
1723,bike,fixed,decaps,734339
1724,bike,fixed,decaps,733877
1725,bike,fixed,decaps,791621
1726,bike,fixed,decaps,760479
1727,bike,fixed,decaps,780454
1728,bike,fixed,decaps,771236
1729,bike,fixed,decaps,755913
1730,bike,fixed,decaps,767296
1731,bike,fixed,decaps,719006
1732,bike,fixed,decaps,753030
1733,bike,fixed,decaps,734373
1734,bike,fixed,decaps,734754
1735,bike,fixed,decaps,734104
1736,bike,fixed,decaps,738432
1737,bike,fixed,decaps,734414
1738,bike,fixed,decaps,784967
1739,bike,fixed,decaps,780756
1740,bike,fixed,decaps,769959
1741,bike,fixed,decaps,764085
1742,bike,fixed,decaps,755979
1743,bike,fixed,decaps,774405
1744,bike,fixed,decaps,713375
1745,bike,fixed,decaps,751311
1746,bike,fixed,decaps,740069
1747,bike,fixed,decaps,734412
1748,bike,fixed,decaps,734249
1749,bike,fixed,decaps,788506
1750,bike,fixed,decaps,790633
1751,bike,fixed,decaps,756478
1752,bike,fixed,decaps,784667
1753,bike,fixed,decaps,757198
1754,bike,fixed,decaps,756671
1755,bike,fixed,decaps,756624
1756,bike,fixed,decaps,757248
1757,bike,fixed,decaps,782503
1758,bike,fixed,decaps,756171
1759,bike,fixed,decaps,744442
1760,bike,fixed,decaps,734483
1761,bike,fixed,decaps,734129
1762,bike,fixed,decaps,741061
1763,bike,fixed,decaps,734625
1764,bike,fixed,decaps,734742
1765,bike,fixed,decaps,758058
1766,bike,fixed,decaps,734670
1767,bike,fixed,decaps,751210
1768,bike,fixed,decaps,786411
1769,bike,fixed,decaps,782697
1770,bike,fixed,decaps,756771
1771,bike,fixed,decaps,756967
1772,bike,fixed,decaps,770650
1773,bike,fixed,decaps,761437
1774,bike,fixed,decaps,763988
1775,bike,fixed,decaps,713537
1776,bike,fixed,decaps,713632
1777,bike,fixed,decaps,757163
1778,bike,fixed,decaps,764453
1779,bike,fixed,decaps,777795
1780,bike,fixed,decaps,757740
1781,bike,fixed,decaps,756919
1782,bike,fixed,decaps,756496
1783,bike,fixed,decaps,761085
1784,bike,fixed,decaps,762509
1785,bike,fixed,decaps,729667
1786,bike,fixed,decaps,750138
1787,bike,fixed,decaps,734529
1788,bike,fixed,decaps,734204
1789,bike,fixed,decaps,771900
1790,bike,fixed,decaps,790918
1791,bike,fixed,decaps,757002
1792,bike,fixed,decaps,756801
1793,bike,fixed,decaps,756911
1794,bike,fixed,decaps,763605
1795,bike,fixed,decaps,756923
1796,bike,fixed,decaps,762612
1797,bike,fixed,decaps,726455
1798,bike,fixed,decaps,746970
1799,bike,fixed,decaps,740433
1800,bike,fixed,decaps,734553
1801,bike,fixed,decaps,734800
1802,bike,fixed,decaps,762667
1803,bike,fixed,decaps,756959
1804,bike,fixed,decaps,756688
1805,bike,fixed,decaps,807883
1806,bike,fixed,decaps,765350
1807,bike,fixed,decaps,758350
1808,bike,fixed,decaps,741253
1809,bike,fixed,decaps,734463
1810,bike,fixed,decaps,781647
1811,bike,fixed,decaps,756686
1812,bike,fixed,decaps,741411
1813,bike,fixed,decaps,734396
1814,bike,fixed,decaps,734313
1815,bike,fixed,decaps,739670
1816,bike,fixed,decaps,750957
1817,bike,fixed,decaps,780258
1818,bike,fixed,decaps,756307
1819,bike,fixed,decaps,755842
1820,bike,fixed,decaps,761961
1821,bike,fixed,decaps,756808
1822,bike,fixed,decaps,756614
1823,bike,fixed,decaps,761648
1824,bike,fixed,decaps,744522
1825,bike,fixed,decaps,734126
1826,bike,fixed,decaps,741220
1827,bike,fixed,decaps,734399
1828,bike,fixed,decaps,734158
1829,bike,fixed,decaps,734036
1830,bike,fixed,decaps,764781
1831,bike,fixed,decaps,781389
1832,bike,fixed,decaps,778978
1833,bike,fixed,decaps,766979
1834,bike,fixed,decaps,951177
1835,bike,fixed,decaps,758464
1836,bike,fixed,decaps,771555
1837,bike,fixed,decaps,780304
1838,bike,fixed,decaps,757565
1839,bike,fixed,decaps,756829
1840,bike,fixed,decaps,756811
1841,bike,fixed,decaps,800258
1842,bike,fixed,decaps,719558
1843,bike,fixed,decaps,764513
1844,bike,fixed,decaps,754669
1845,bike,fixed,decaps,734253
1846,bike,fixed,decaps,757862
1847,bike,fixed,decaps,760575
1848,bike,fixed,decaps,734293
1849,bike,fixed,decaps,733705
1850,bike,fixed,decaps,734169
1851,bike,fixed,decaps,737942
1852,bike,fixed,decaps,739438
1853,bike,fixed,decaps,733515
1854,bike,fixed,decaps,733604
1855,bike,fixed,decaps,805572
1856,bike,fixed,decaps,757713
1857,bike,fixed,decaps,764822
1858,bike,fixed,decaps,756688
1859,bike,fixed,decaps,781812
1860,bike,fixed,decaps,756254
1861,bike,fixed,decaps,755528
1862,bike,fixed,decaps,788088
1863,bike,fixed,decaps,726016
1864,bike,fixed,decaps,753192
1865,bike,fixed,decaps,734232
1866,bike,fixed,decaps,734147
1867,bike,fixed,decaps,734092
1868,bike,fixed,decaps,741077
1869,bike,fixed,decaps,734187
1870,bike,fixed,decaps,733978
1871,bike,fixed,decaps,759822
1872,bike,fixed,decaps,761909
1873,bike,fixed,decaps,763343
1874,bike,fixed,decaps,756385
1875,bike,fixed,decaps,756027
1876,bike,fixed,decaps,756444
1877,bike,fixed,decaps,756264
1878,bike,fixed,decaps,787654
1879,bike,fixed,decaps,729528
1880,bike,fixed,decaps,752170
1881,bike,fixed,decaps,734811
1882,bike,fixed,decaps,747226
1883,bike,fixed,decaps,755769
1884,bike,fixed,decaps,766581
1885,bike,fixed,decaps,773689
1886,bike,fixed,decaps,757011
1887,bike,fixed,decaps,756070
1888,bike,fixed,decaps,739365
1889,bike,fixed,decaps,749866
1890,bike,fixed,decaps,733861
1891,bike,fixed,decaps,734181
1892,bike,fixed,decaps,734260
1893,bike,fixed,decaps,734207
1894,bike,fixed,decaps,733777
1895,bike,fixed,decaps,737904
1896,bike,fixed,decaps,733938
1897,bike,fixed,decaps,733772
1898,bike,fixed,decaps,786378
1899,bike,fixed,decaps,756595
1900,bike,fixed,decaps,763332
1901,bike,fixed,decaps,756045
1902,bike,fixed,decaps,755807
1903,bike,fixed,decaps,755681
1904,bike,fixed,decaps,755922
1905,bike,fixed,decaps,762857
1906,bike,fixed,decaps,741872
1907,bike,fixed,decaps,733988
1908,bike,fixed,decaps,734148
1909,bike,fixed,decaps,733800
1910,bike,fixed,decaps,733838
1911,bike,fixed,decaps,809070
1912,bike,fixed,decaps,1168764
1913,bike,fixed,decaps,769535
1914,bike,fixed,decaps,757056
1915,bike,fixed,decaps,761428
1916,bike,fixed,decaps,769702
1917,bike,fixed,decaps,757310
1918,bike,fixed,decaps,759146
1919,bike,fixed,decaps,756790
1920,bike,fixed,decaps,757368
1921,bike,fixed,decaps,760228
1922,bike,fixed,decaps,756725
1923,bike,fixed,decaps,756943
1924,bike,fixed,decaps,796419
1925,bike,fixed,decaps,714154
1926,bike,fixed,decaps,762057
1927,bike,fixed,decaps,735323
1928,bike,fixed,decaps,735065
1929,bike,fixed,decaps,735271
1930,bike,fixed,decaps,735093
1931,bike,fixed,decaps,738298
1932,bike,fixed,decaps,735152
1933,bike,fixed,decaps,735253
1934,bike,fixed,decaps,779450
1935,bike,fixed,decaps,784766
1936,bike,fixed,decaps,770578
1937,bike,fixed,decaps,757886
1938,bike,fixed,decaps,757406
1939,bike,fixed,decaps,757480
1940,bike,fixed,decaps,757474
1941,bike,fixed,decaps,771330
1942,bike,fixed,decaps,741186
1943,bike,fixed,decaps,746717
1944,bike,fixed,decaps,735409
1945,bike,fixed,decaps,735102
1946,bike,fixed,decaps,734785
1947,bike,fixed,decaps,738172
1948,bike,fixed,decaps,755697
1949,bike,fixed,decaps,782250
1950,bike,fixed,decaps,773293
1951,bike,fixed,decaps,777329
1952,bike,fixed,decaps,744004
1953,bike,fixed,decaps,734709
1954,bike,fixed,decaps,789360
1955,bike,fixed,decaps,779048
1956,bike,fixed,decaps,763741
1957,bike,fixed,decaps,737902
1958,bike,fixed,decaps,739229
1959,bike,fixed,decaps,734667
1960,bike,fixed,decaps,734710
1961,bike,fixed,decaps,774590
1962,bike,fixed,decaps,735519
1963,bike,fixed,decaps,803052
1964,bike,fixed,decaps,784401
1965,bike,fixed,decaps,756504
1966,bike,fixed,decaps,756336
1967,bike,fixed,decaps,756716
1968,bike,fixed,decaps,780240
1969,bike,fixed,decaps,744027
1970,bike,fixed,decaps,733870
1971,bike,fixed,decaps,733751
1972,bike,fixed,decaps,769132
1973,bike,fixed,decaps,793891
1974,bike,fixed,decaps,757051
1975,bike,fixed,decaps,756663
1976,bike,fixed,decaps,751437
1977,bike,fixed,decaps,743957
1978,bike,fixed,decaps,764743
1979,bike,fixed,decaps,741132
1980,bike,fixed,decaps,733509
1981,bike,fixed,decaps,733512
1982,bike,fixed,decaps,733315
1983,bike,fixed,decaps,733414
1984,bike,fixed,decaps,770295
1985,bike,fixed,decaps,787918
1986,bike,fixed,decaps,756198
1987,bike,fixed,decaps,756457
1988,bike,fixed,decaps,757340
1989,bike,fixed,decaps,770211
1990,bike,fixed,decaps,713284
1991,bike,fixed,decaps,797253
1992,bike,fixed,decaps,777818
1993,bike,fixed,decaps,767686
1994,bike,fixed,decaps,718606
1995,bike,fixed,decaps,753184
1996,bike,fixed,decaps,733968
1997,bike,fixed,decaps,734103
1998,bike,fixed,decaps,734051
1999,bike,fixed,decaps,734038
2000,bike,fixed,decaps,737298
2001,bike,fixed,decaps,734282
2002,bike,fixed,decaps,734120
2003,bike,fixed,decaps,734968
2004,bike,fixed,decaps,769161
2005,bike,fixed,decaps,819988
2006,bike,fixed,decaps,757079
2007,bike,fixed,decaps,756449
2008,bike,fixed,decaps,756554
2009,bike,fixed,decaps,756501
2010,bike,fixed,decaps,756374
2011,bike,fixed,decaps,770472
2012,bike,fixed,decaps,746206
2013,bike,fixed,decaps,738746
2014,bike,fixed,decaps,757288
2015,bike,fixed,decaps,734483
2016,bike,fixed,decaps,785193
2017,bike,fixed,decaps,785148
2018,bike,fixed,decaps,774785
2019,bike,fixed,decaps,713142
2020,bike,fixed,decaps,746952
2021,bike,fixed,decaps,738088
2022,bike,fixed,decaps,734377
2023,bike,fixed,decaps,734449
2024,bike,fixed,decaps,734299
2025,bike,fixed,decaps,734374
2026,bike,fixed,decaps,734338
2027,bike,fixed,decaps,736871
2028,bike,fixed,decaps,734443
2029,bike,fixed,decaps,734466
2030,bike,fixed,decaps,734546
2031,bike,fixed,decaps,787022
2032,bike,fixed,decaps,833782
2033,bike,fixed,decaps,756726
2034,bike,fixed,decaps,756258
2035,bike,fixed,decaps,769524
2036,bike,fixed,decaps,743826
2037,bike,fixed,decaps,749992
2038,bike,fixed,decaps,734383
2039,bike,fixed,decaps,734548
2040,bike,fixed,decaps,734300
2041,bike,fixed,decaps,763893
2042,bike,fixed,decaps,801860
2043,bike,fixed,decaps,759297
2044,bike,fixed,decaps,756661
2045,bike,fixed,decaps,756583
2046,bike,fixed,decaps,772460
2047,bike,fixed,decaps,713473
2048,bike,fixed,decaps,753746
2049,bike,fixed,decaps,734519
2050,bike,fixed,decaps,734509
2051,bike,fixed,decaps,734788
2052,bike,fixed,decaps,734425
2053,bike,fixed,decaps,768136
2054,bike,fixed,decaps,791897
2055,bike,fixed,decaps,756695
2056,bike,fixed,decaps,756835
2057,bike,fixed,decaps,756886
2058,bike,fixed,decaps,781512
2059,bike,fixed,decaps,758404
2060,bike,fixed,decaps,740819
2061,bike,fixed,decaps,750418
2062,bike,fixed,decaps,756333
2063,bike,fixed,decaps,780484
2064,bike,fixed,decaps,747032
2065,bike,fixed,decaps,752095
2066,bike,fixed,decaps,734499
2067,bike,fixed,decaps,735268
2068,bike,fixed,decaps,734315
2069,bike,fixed,decaps,737085
2070,bike,fixed,decaps,734333
2071,bike,fixed,decaps,734114
2072,bike,fixed,decaps,734558
2073,bike,fixed,decaps,734183
2074,bike,fixed,decaps,749317
2075,bike,fixed,decaps,793651
2076,bike,fixed,decaps,776092
2077,bike,fixed,decaps,770931
2078,bike,fixed,decaps,743567
2079,bike,fixed,decaps,734224
2080,bike,fixed,decaps,737897
2081,bike,fixed,decaps,734330
2082,bike,fixed,decaps,753441
2083,bike,fixed,decaps,798686
2084,bike,fixed,decaps,773894
2085,bike,fixed,decaps,778813
2086,bike,fixed,decaps,742440
2087,bike,fixed,decaps,735234
2088,bike,fixed,decaps,734623
2089,bike,fixed,decaps,734782
2090,bike,fixed,decaps,763295
2091,bike,fixed,decaps,780879
2092,bike,fixed,decaps,772016
2093,bike,fixed,decaps,749990
2094,bike,fixed,decaps,760165
2095,bike,fixed,decaps,734166
2096,bike,fixed,decaps,748835
2097,bike,fixed,decaps,734134
2098,bike,fixed,decaps,758036
2099,bike,fixed,decaps,792982
2100,bike,fixed,decaps,756989
2101,bike,fixed,decaps,751845
2102,bike,fixed,decaps,748043
2103,bike,fixed,decaps,734193
2104,bike,fixed,decaps,734038
2105,bike,fixed,decaps,777446
2106,bike,fixed,decaps,782914
2107,bike,fixed,decaps,740729
2108,bike,fixed,decaps,734367
2109,bike,fixed,decaps,778241
2110,bike,fixed,decaps,782049
2111,bike,fixed,decaps,756768
2112,bike,fixed,decaps,783885
2113,bike,fixed,decaps,741758
2114,bike,fixed,decaps,748077
2115,bike,fixed,decaps,734431
2116,bike,fixed,decaps,734464
2117,bike,fixed,decaps,742311
2118,bike,fixed,decaps,769109
2119,bike,fixed,decaps,789667
2120,bike,fixed,decaps,756691
2121,bike,fixed,decaps,756690
2122,bike,fixed,decaps,754507
2123,bike,fixed,decaps,743649
2124,bike,fixed,decaps,734865
2125,bike,fixed,decaps,734974
2126,bike,fixed,decaps,734245
2127,bike,fixed,decaps,734359
2128,bike,fixed,decaps,737441
2129,bike,fixed,decaps,784951
2130,bike,fixed,decaps,791639
2131,bike,fixed,decaps,756900
2132,bike,fixed,decaps,760572
2133,bike,fixed,decaps,735741
2134,bike,fixed,decaps,751427
2135,bike,fixed,decaps,734875
2136,bike,fixed,decaps,734306
2137,bike,fixed,decaps,734638
2138,bike,fixed,decaps,737651
2139,bike,fixed,decaps,761223
2140,bike,fixed,decaps,734558
2141,bike,fixed,decaps,784434
2142,bike,fixed,decaps,780972
2143,bike,fixed,decaps,791125
2144,bike,fixed,decaps,718471
2145,bike,fixed,decaps,750126
2146,bike,fixed,decaps,734542
2147,bike,fixed,decaps,734344
2148,bike,fixed,decaps,734553
2149,bike,fixed,decaps,800967
2150,bike,fixed,decaps,778962
2151,bike,fixed,decaps,756275
2152,bike,fixed,decaps,761685
2153,bike,fixed,decaps,727317
2154,bike,fixed,decaps,756449
2155,bike,fixed,decaps,734516
2156,bike,fixed,decaps,734694
2157,bike,fixed,decaps,734835
2158,bike,fixed,decaps,773852
2159,bike,fixed,decaps,801577
2160,bike,fixed,decaps,762097
2161,bike,fixed,decaps,727744
2162,bike,fixed,decaps,752914
2163,bike,fixed,decaps,734125
2164,bike,fixed,decaps,734238
2165,bike,fixed,decaps,736837
2166,bike,fixed,decaps,800829
2167,bike,fixed,decaps,785318
2168,bike,fixed,decaps,756859
2169,bike,fixed,decaps,771472
2170,bike,fixed,decaps,775151
2171,bike,fixed,decaps,758425
2172,bike,fixed,decaps,742069
2173,bike,fixed,decaps,734372
2174,bike,fixed,decaps,734476
2175,bike,fixed,decaps,737012
2176,bike,fixed,decaps,734161
2177,bike,fixed,decaps,734341
2178,bike,fixed,decaps,808583
2179,bike,fixed,decaps,782693
2180,bike,fixed,decaps,760874
2181,bike,fixed,decaps,757635
2182,bike,fixed,decaps,757093
2183,bike,fixed,decaps,755555
2184,bike,fixed,decaps,713395
2185,bike,fixed,decaps,713592
2186,bike,fixed,decaps,758225
2187,bike,fixed,decaps,734428
2188,bike,fixed,decaps,734582
2189,bike,fixed,decaps,734570
2190,bike,fixed,decaps,734638
2191,bike,fixed,decaps,758527
2192,bike,fixed,decaps,781974
2193,bike,fixed,decaps,757060
2194,bike,fixed,decaps,756806
2195,bike,fixed,decaps,756819
2196,bike,fixed,decaps,756848
2197,bike,fixed,decaps,772567
2198,bike,fixed,decaps,756694
2199,bike,fixed,decaps,756555
2200,bike,fixed,decaps,769639
2201,bike,fixed,decaps,713541
2202,bike,fixed,decaps,774789
2203,bike,fixed,decaps,743296
2204,bike,fixed,decaps,736886
2205,bike,fixed,decaps,734341
2206,bike,fixed,decaps,734288
2207,bike,fixed,decaps,737359
2208,bike,fixed,decaps,749632
2209,bike,fixed,decaps,756666
2210,bike,fixed,decaps,753471
2211,bike,fixed,decaps,734372
2212,bike,fixed,decaps,749549
2213,bike,fixed,decaps,759596
2214,bike,fixed,decaps,756876
2215,bike,fixed,decaps,756450
2216,bike,fixed,decaps,756828
2217,bike,fixed,decaps,756578
2218,bike,fixed,decaps,797037
2219,bike,fixed,decaps,755792
2220,bike,fixed,decaps,770746
2221,bike,fixed,decaps,735194
2222,bike,fixed,decaps,736211
2223,bike,fixed,decaps,742161
2224,bike,fixed,decaps,734935
2225,bike,fixed,decaps,734940
2226,bike,fixed,decaps,734560
2227,bike,fixed,decaps,758449
2228,bike,fixed,decaps,761421
2229,bike,fixed,decaps,757259
2230,bike,fixed,decaps,757082
2231,bike,fixed,decaps,796673
2232,bike,fixed,decaps,767000
2233,bike,fixed,decaps,719087
2234,bike,fixed,decaps,758602
2235,bike,fixed,decaps,770959
2236,bike,fixed,decaps,756680
2237,bike,fixed,decaps,757017
2238,bike,fixed,decaps,757188
2239,bike,fixed,decaps,760457
2240,bike,fixed,decaps,761611
2241,bike,fixed,decaps,718870
2242,bike,fixed,decaps,754613
2243,bike,fixed,decaps,734767
2244,bike,fixed,decaps,737665
2245,bike,fixed,decaps,734465
2246,bike,fixed,decaps,766071
2247,bike,fixed,decaps,735106
2248,bike,fixed,decaps,734525
2249,bike,fixed,decaps,734585
2250,bike,fixed,decaps,740153
2251,bike,fixed,decaps,760176
2252,bike,fixed,decaps,756845
2253,bike,fixed,decaps,756976
2254,bike,fixed,decaps,756740
2255,bike,fixed,decaps,772693
2256,bike,fixed,decaps,743090
2257,bike,fixed,decaps,734827
2258,bike,fixed,decaps,734888
2259,bike,fixed,decaps,734389
2260,bike,fixed,decaps,737629
2261,bike,fixed,decaps,734721
2262,bike,fixed,decaps,734819
2263,bike,fixed,decaps,734712
2264,bike,fixed,decaps,749805
2265,bike,fixed,decaps,757326
2266,bike,fixed,decaps,759831
2267,bike,fixed,decaps,757039
2268,bike,fixed,decaps,774107
2269,bike,fixed,decaps,780601
2270,bike,fixed,decaps,771736
2271,bike,fixed,decaps,782940
2272,bike,fixed,decaps,757344
2273,bike,fixed,decaps,761793
2274,bike,fixed,decaps,763565
2275,bike,fixed,decaps,734805
2276,bike,fixed,decaps,778739
2277,bike,fixed,decaps,734418
2278,bike,fixed,decaps,734320
2279,bike,fixed,decaps,734659
2280,bike,fixed,decaps,753544
2281,bike,fixed,decaps,735113
2282,bike,fixed,decaps,738265
2283,bike,fixed,decaps,734569
2284,bike,fixed,decaps,734631
2285,bike,fixed,decaps,734762
2286,bike,fixed,decaps,734766
2287,bike,fixed,decaps,737497
2288,bike,fixed,decaps,734555
2289,bike,fixed,decaps,734798
2290,bike,fixed,decaps,786822
2291,bike,fixed,decaps,780150
2292,bike,fixed,decaps,761111
2293,bike,fixed,decaps,757493
2294,bike,fixed,decaps,756934
2295,bike,fixed,decaps,750832
2296,bike,fixed,decaps,746019
2297,bike,fixed,decaps,734662
2298,bike,fixed,decaps,762541
2299,bike,fixed,decaps,734091
2300,bike,fixed,decaps,733875
2301,bike,fixed,decaps,734043
2302,bike,fixed,decaps,734394
2303,bike,fixed,decaps,774555
2304,bike,fixed,decaps,788017
2305,bike,fixed,decaps,756167
2306,bike,fixed,decaps,756073
2307,bike,fixed,decaps,750813
2308,bike,fixed,decaps,758349
2309,bike,fixed,decaps,733845
2310,bike,fixed,decaps,734315
2311,bike,fixed,decaps,734167
2312,bike,fixed,decaps,733869
2313,bike,fixed,decaps,734277
2314,bike,fixed,decaps,737089
2315,bike,fixed,decaps,734375
2316,bike,fixed,decaps,734581
2317,bike,fixed,decaps,734730
2318,bike,fixed,decaps,734379
2319,bike,fixed,decaps,770498
2320,bike,fixed,decaps,789508
2321,bike,fixed,decaps,756516
2322,bike,fixed,decaps,765286
2323,bike,fixed,decaps,769757
2324,bike,fixed,decaps,744088
2325,bike,fixed,decaps,757964
2326,bike,fixed,decaps,734728
2327,bike,fixed,decaps,734767
2328,bike,fixed,decaps,756986
2329,bike,fixed,decaps,780838
2330,bike,fixed,decaps,778930
2331,bike,fixed,decaps,756940
2332,bike,fixed,decaps,756997
2333,bike,fixed,decaps,761608
2334,bike,fixed,decaps,729057
2335,bike,fixed,decaps,751238
2336,bike,fixed,decaps,734445
2337,bike,fixed,decaps,734624
2338,bike,fixed,decaps,734679
2339,bike,fixed,decaps,920681
2340,bike,fixed,decaps,990854
2341,bike,fixed,decaps,898654
2342,bike,fixed,decaps,909470
2343,bike,fixed,decaps,881242
2344,bike,fixed,decaps,902505
2345,bike,fixed,decaps,898462
2346,bike,fixed,decaps,839115
2347,bike,fixed,decaps,831214
2348,bike,fixed,decaps,833737
2349,bike,fixed,decaps,790215
2350,bike,fixed,decaps,769398
2351,bike,fixed,decaps,767066
2352,bike,fixed,decaps,761779
2353,bike,fixed,decaps,744831
2354,bike,fixed,decaps,765276
2355,bike,fixed,decaps,759479
2356,bike,fixed,decaps,756698
2357,bike,fixed,decaps,757694
2358,bike,fixed,decaps,758475
2359,bike,fixed,decaps,756840
2360,bike,fixed,decaps,760256
2361,bike,fixed,decaps,756916
2362,bike,fixed,decaps,756819
2363,bike,fixed,decaps,778291
2364,bike,fixed,decaps,713059
2365,bike,fixed,decaps,749265
2366,bike,fixed,decaps,734553
2367,bike,fixed,decaps,734860
2368,bike,fixed,decaps,768961
2369,bike,fixed,decaps,756713
2370,bike,fixed,decaps,759702
2371,bike,fixed,decaps,757009
2372,bike,fixed,decaps,757006
2373,bike,fixed,decaps,756768
2374,bike,fixed,decaps,758486
2375,bike,fixed,decaps,735458
2376,bike,fixed,decaps,737947
2377,bike,fixed,decaps,797165
2378,bike,fixed,decaps,757244
2379,bike,fixed,decaps,756505
2380,bike,fixed,decaps,756676
2381,bike,fixed,decaps,763267
2382,bike,fixed,decaps,756712
2383,bike,fixed,decaps,767757
2384,bike,fixed,decaps,714210
2385,bike,fixed,decaps,757209
2386,bike,fixed,decaps,761184
2387,bike,fixed,decaps,756489
2388,bike,fixed,decaps,756451
2389,bike,fixed,decaps,756863
2390,bike,fixed,decaps,756451
2391,bike,fixed,decaps,759627
2392,bike,fixed,decaps,758690
2393,bike,fixed,decaps,756822
2394,bike,fixed,decaps,749857
2395,bike,fixed,decaps,746651
2396,bike,fixed,decaps,734393
2397,bike,fixed,decaps,737788
2398,bike,fixed,decaps,734448
2399,bike,fixed,decaps,734414
2400,bike,fixed,decaps,734516
2401,bike,fixed,decaps,765575
2402,bike,fixed,decaps,759555
2403,bike,fixed,decaps,756720
2404,bike,fixed,decaps,783326
2405,bike,fixed,decaps,738068
2406,bike,fixed,decaps,774540
2407,bike,fixed,decaps,794612
2408,bike,fixed,decaps,756873
2409,bike,fixed,decaps,756706
2410,bike,fixed,decaps,746337
2411,bike,fixed,decaps,744178
2412,bike,fixed,decaps,734676
2413,bike,fixed,decaps,737848
2414,bike,fixed,decaps,734578
2415,bike,fixed,decaps,734502
2416,bike,fixed,decaps,734668
2417,bike,fixed,decaps,789268
2418,bike,fixed,decaps,782295
2419,bike,fixed,decaps,762837
2420,bike,fixed,decaps,717900
2421,bike,fixed,decaps,750949
2422,bike,fixed,decaps,777866
2423,bike,fixed,decaps,788603
2424,bike,fixed,decaps,757139
2425,bike,fixed,decaps,757047
2426,bike,fixed,decaps,769167
2427,bike,fixed,decaps,756213
2428,bike,fixed,decaps,736913
2429,bike,fixed,decaps,737800
2430,bike,fixed,decaps,734809
2431,bike,fixed,decaps,760245
2432,bike,fixed,decaps,735050
2433,bike,fixed,decaps,734920
2434,bike,fixed,decaps,741756
2435,bike,fixed,decaps,763336
2436,bike,fixed,decaps,800910
2437,bike,fixed,decaps,769267
2438,bike,fixed,decaps,757045
2439,bike,fixed,decaps,767071
2440,bike,fixed,decaps,740764
2441,bike,fixed,decaps,734250
2442,bike,fixed,decaps,735132
2443,bike,fixed,decaps,734523
2444,bike,fixed,decaps,734408
2445,bike,fixed,decaps,737517
2446,bike,fixed,decaps,734773
2447,bike,fixed,decaps,734752
2448,bike,fixed,decaps,747841
2449,bike,fixed,decaps,780452
2450,bike,fixed,decaps,778464
2451,bike,fixed,decaps,756637
2452,bike,fixed,decaps,756760
2453,bike,fixed,decaps,756857
2454,bike,fixed,decaps,768210
2455,bike,fixed,decaps,752981
2456,bike,fixed,decaps,734707
2457,bike,fixed,decaps,734644
2458,bike,fixed,decaps,769973
2459,bike,fixed,decaps,734935
2460,bike,fixed,decaps,752840
2461,bike,fixed,decaps,784522
2462,bike,fixed,decaps,774236
2463,bike,fixed,decaps,753989
2464,bike,fixed,decaps,739537
2465,bike,fixed,decaps,734494
2466,bike,fixed,decaps,737536
2467,bike,fixed,decaps,771516
2468,bike,fixed,decaps,787710
2469,bike,fixed,decaps,756672
2470,bike,fixed,decaps,756874
2471,bike,fixed,decaps,759473
2472,bike,fixed,decaps,757063
2473,bike,fixed,decaps,760290
2474,bike,fixed,decaps,730755
2475,bike,fixed,decaps,752098
2476,bike,fixed,decaps,737815
2477,bike,fixed,decaps,734387
2478,bike,fixed,decaps,734421
2479,bike,fixed,decaps,734608
2480,bike,fixed,decaps,756141
2481,bike,fixed,decaps,780453
2482,bike,fixed,decaps,775397
2483,bike,fixed,decaps,756854
2484,bike,fixed,decaps,777434
2485,bike,fixed,decaps,777064
2486,bike,fixed,decaps,713704
2487,bike,fixed,decaps,779265
2488,bike,fixed,decaps,734713
2489,bike,fixed,decaps,734663
2490,bike,fixed,decaps,733975
2491,bike,fixed,decaps,734775
2492,bike,fixed,decaps,765355
2493,bike,fixed,decaps,780686
2494,bike,fixed,decaps,770334
2495,bike,fixed,decaps,757385
2496,bike,fixed,decaps,756756
2497,bike,fixed,decaps,775132
2498,bike,fixed,decaps,716815
2499,bike,fixed,decaps,777060
2500,bike,fixed,decaps,753569
2501,bike,fixed,decaps,749904
2502,bike,fixed,decaps,780732
2503,bike,fixed,decaps,783064
2504,bike,fixed,decaps,756517
2505,bike,fixed,decaps,756799
2506,bike,fixed,decaps,756414
2507,bike,fixed,decaps,756368
2508,bike,fixed,decaps,782657
2509,bike,fixed,decaps,750042
2510,bike,fixed,decaps,735060
2511,bike,fixed,decaps,756966
2512,bike,fixed,decaps,735800
2513,bike,fixed,decaps,743716
2514,bike,fixed,decaps,735024
2515,bike,fixed,decaps,734615
2516,bike,fixed,decaps,734476
2517,bike,fixed,decaps,734411
2518,bike,fixed,decaps,734404
2519,bike,fixed,decaps,737504
2520,bike,fixed,decaps,734139
2521,bike,fixed,decaps,733934
2522,bike,fixed,decaps,734227
2523,bike,fixed,decaps,734396
2524,bike,fixed,decaps,764646
2525,bike,fixed,decaps,791147
2526,bike,fixed,decaps,756233
2527,bike,fixed,decaps,756176
2528,bike,fixed,decaps,755992
2529,bike,fixed,decaps,755886
2530,bike,fixed,decaps,779501
2531,bike,fixed,decaps,738861
2532,bike,fixed,decaps,745162
2533,bike,fixed,decaps,733834
2534,bike,fixed,decaps,733993
2535,bike,fixed,decaps,737213
2536,bike,fixed,decaps,734098
2537,bike,fixed,decaps,734186
2538,bike,fixed,decaps,733970
2539,bike,fixed,decaps,760730
2540,bike,fixed,decaps,773889
2541,bike,fixed,decaps,790249
2542,bike,fixed,decaps,756723
2543,bike,fixed,decaps,756363
2544,bike,fixed,decaps,771050
2545,bike,fixed,decaps,792313
2546,bike,fixed,decaps,713700
2547,bike,fixed,decaps,757589
2548,bike,fixed,decaps,734207
2549,bike,fixed,decaps,734133
2550,bike,fixed,decaps,734228
2551,bike,fixed,decaps,737211
2552,bike,fixed,decaps,768008
2553,bike,fixed,decaps,789472
2554,bike,fixed,decaps,756530
2555,bike,fixed,decaps,756500
2556,bike,fixed,decaps,761675
2557,bike,fixed,decaps,756351
2558,bike,fixed,decaps,756191
2559,bike,fixed,decaps,756233
2560,bike,fixed,decaps,756267
2561,bike,fixed,decaps,784964
2562,bike,fixed,decaps,713328
2563,bike,fixed,decaps,758157
2564,bike,fixed,decaps,733998
2565,bike,fixed,decaps,756215
2566,bike,fixed,decaps,735253
2567,bike,fixed,decaps,796836
2568,bike,fixed,decaps,777262
2569,bike,fixed,decaps,780627
2570,bike,fixed,decaps,740284
2571,bike,fixed,decaps,734169
2572,bike,fixed,decaps,737384
2573,bike,fixed,decaps,734223
2574,bike,fixed,decaps,733764
2575,bike,fixed,decaps,791973
2576,bike,fixed,decaps,779997
2577,bike,fixed,decaps,783724
2578,bike,fixed,decaps,734254
2579,bike,fixed,decaps,733963
2580,bike,fixed,decaps,740346
2581,bike,fixed,decaps,734048
2582,bike,fixed,decaps,734220
2583,bike,fixed,decaps,738115
2584,bike,fixed,decaps,734423
2585,bike,fixed,decaps,734282
2586,bike,fixed,decaps,734248
2587,bike,fixed,decaps,734119
2588,bike,fixed,decaps,736595
2589,bike,fixed,decaps,759440
2590,bike,fixed,decaps,780120
2591,bike,fixed,decaps,797166
2592,bike,fixed,decaps,756981
2593,bike,fixed,decaps,787136
2594,bike,fixed,decaps,742009
2595,bike,fixed,decaps,734348
2596,bike,fixed,decaps,734360
2597,bike,fixed,decaps,735374
2598,bike,fixed,decaps,734353
2599,bike,fixed,decaps,737974
2600,bike,fixed,decaps,775086
2601,bike,fixed,decaps,785629
2602,bike,fixed,decaps,786114
2603,bike,fixed,decaps,713575
2604,bike,fixed,decaps,759073
2605,bike,fixed,decaps,734429
2606,bike,fixed,decaps,734423
2607,bike,fixed,decaps,734093
2608,bike,fixed,decaps,778935
2609,bike,fixed,decaps,786543
2610,bike,fixed,decaps,772336
2611,bike,fixed,decaps,713588
2612,bike,fixed,decaps,754791
2613,bike,fixed,decaps,734286
2614,bike,fixed,decaps,734367
2615,bike,fixed,decaps,736956
2616,bike,fixed,decaps,734213
2617,bike,fixed,decaps,734307
2618,bike,fixed,decaps,758559
2619,bike,fixed,decaps,734598
2620,bike,fixed,decaps,796127
2621,bike,fixed,decaps,783989
2622,bike,fixed,decaps,756040
2623,bike,fixed,decaps,756144
2624,bike,fixed,decaps,756098
2625,bike,fixed,decaps,762436
2626,bike,fixed,decaps,734272
2627,bike,fixed,decaps,734219
2628,bike,fixed,decaps,975578
2629,bike,fixed,decaps,804496
2630,bike,fixed,decaps,763848
2631,bike,fixed,decaps,770431
2632,bike,fixed,decaps,745551
2633,bike,fixed,decaps,759126
2634,bike,fixed,decaps,734575
2635,bike,fixed,decaps,763384
2636,bike,fixed,decaps,781100
2637,bike,fixed,decaps,770685
2638,bike,fixed,decaps,750213
2639,bike,fixed,decaps,746527
2640,bike,fixed,decaps,733989
2641,bike,fixed,decaps,739610
2642,bike,fixed,decaps,734124
2643,bike,fixed,decaps,733959
2644,bike,fixed,decaps,769894
2645,bike,fixed,decaps,734595
2646,bike,fixed,decaps,777725
2647,bike,fixed,decaps,786433
2648,bike,fixed,decaps,756810
2649,bike,fixed,decaps,794614
2650,bike,fixed,decaps,749001
2651,bike,fixed,decaps,750738
2652,bike,fixed,decaps,748488
2653,bike,fixed,decaps,779902
2654,bike,fixed,decaps,775317
2655,bike,fixed,decaps,756940
2656,bike,fixed,decaps,741460
2657,bike,fixed,decaps,737440
2658,bike,fixed,decaps,733832
2659,bike,fixed,decaps,734036
2660,bike,fixed,decaps,733880
2661,bike,fixed,decaps,734207
2662,bike,fixed,decaps,737047
2663,bike,fixed,decaps,734070
2664,bike,fixed,decaps,734030
2665,bike,fixed,decaps,734431
2666,bike,fixed,decaps,775893
2667,bike,fixed,decaps,788194
2668,bike,fixed,decaps,761788
2669,bike,fixed,decaps,726708
2670,bike,fixed,decaps,749530
2671,bike,fixed,decaps,762463
2672,bike,fixed,decaps,748899
2673,bike,fixed,decaps,791040
2674,bike,fixed,decaps,776469
2675,bike,fixed,decaps,756294
2676,bike,fixed,decaps,756847
2677,bike,fixed,decaps,756629
2678,bike,fixed,decaps,745943
2679,bike,fixed,decaps,745016
2680,bike,fixed,decaps,734051
2681,bike,fixed,decaps,733824
2682,bike,fixed,decaps,734722
2683,bike,fixed,decaps,736860
2684,bike,fixed,decaps,733944
2685,bike,fixed,decaps,734128
2686,bike,fixed,decaps,734062
2687,bike,fixed,decaps,759426
2688,bike,fixed,decaps,779885
2689,bike,fixed,decaps,787434
2690,bike,fixed,decaps,755628
2691,bike,fixed,decaps,759741
2692,bike,fixed,decaps,741008
2693,bike,fixed,decaps,733917
2694,bike,fixed,decaps,737271
2695,bike,fixed,decaps,733917
2696,bike,fixed,decaps,733678
2697,bike,fixed,decaps,733670
2698,bike,fixed,decaps,760596
2699,bike,fixed,decaps,742726
2700,bike,fixed,decaps,733982
2701,bike,fixed,decaps,733782
2702,bike,fixed,decaps,734056
2703,bike,fixed,decaps,733867
2704,bike,fixed,decaps,736670
2705,bike,fixed,decaps,741477
2706,bike,fixed,decaps,827443
2707,bike,fixed,decaps,798490
2708,bike,fixed,decaps,756245
2709,bike,fixed,decaps,756278
2710,bike,fixed,decaps,761311
2711,bike,fixed,decaps,756075
2712,bike,fixed,decaps,756138
2713,bike,fixed,decaps,756012
2714,bike,fixed,decaps,756868
2715,bike,fixed,decaps,765651
2716,bike,fixed,decaps,776982
2717,bike,fixed,decaps,713449
2718,bike,fixed,decaps,757340
2719,bike,fixed,decaps,734129
2720,bike,fixed,decaps,734332
2721,bike,fixed,decaps,761055
2722,bike,fixed,decaps,781067
2723,bike,fixed,decaps,780605
2724,bike,fixed,decaps,757078
2725,bike,fixed,decaps,792574
2726,bike,fixed,decaps,1103684
2727,bike,fixed,decaps,713542
2728,bike,fixed,decaps,761348
2729,bike,fixed,decaps,755429
2730,bike,fixed,decaps,756307
2731,bike,fixed,decaps,761857
2732,bike,fixed,decaps,755963
2733,bike,fixed,decaps,759506
2734,bike,fixed,decaps,750588
2735,bike,fixed,decaps,765873
2736,bike,fixed,decaps,738559
2737,bike,fixed,decaps,734055
2738,bike,fixed,decaps,752856
2739,bike,fixed,decaps,773455
2740,bike,fixed,decaps,756324
2741,bike,fixed,decaps,759858
2742,bike,fixed,decaps,756564
2743,bike,fixed,decaps,756220
2744,bike,fixed,decaps,756273
2745,bike,fixed,decaps,756410
2746,bike,fixed,decaps,759465
2747,bike,fixed,decaps,756672
2748,bike,fixed,decaps,756283
2749,bike,fixed,decaps,753084
2750,bike,fixed,decaps,737270
2751,bike,fixed,decaps,763220
2752,bike,fixed,decaps,742584
2753,bike,fixed,decaps,734697
2754,bike,fixed,decaps,756104
2755,bike,fixed,decaps,780444
2756,bike,fixed,decaps,772503
2757,bike,fixed,decaps,773788
2758,bike,fixed,decaps,746644
2759,bike,fixed,decaps,734767
2760,bike,fixed,decaps,735241
2761,bike,fixed,decaps,734309
2762,bike,fixed,decaps,737344
2763,bike,fixed,decaps,734564
2764,bike,fixed,decaps,734174
2765,bike,fixed,decaps,770468
2766,bike,fixed,decaps,788307
2767,bike,fixed,decaps,756790
2768,bike,fixed,decaps,744375
2769,bike,fixed,decaps,787451
2770,bike,fixed,decaps,758253
2771,bike,fixed,decaps,778624
2772,bike,fixed,decaps,780326
2773,bike,fixed,decaps,780801
2774,bike,fixed,decaps,755901
2775,bike,fixed,decaps,755763
2776,bike,fixed,decaps,756850
2777,bike,fixed,decaps,755801
2778,bike,fixed,decaps,786544
2779,bike,fixed,decaps,745991
2780,bike,fixed,decaps,734513
2781,bike,fixed,decaps,734365
2782,bike,fixed,decaps,734277
2783,bike,fixed,decaps,758792
2784,bike,fixed,decaps,779942
2785,bike,fixed,decaps,772182
2786,bike,fixed,decaps,751152
2787,bike,fixed,decaps,744705
2788,bike,fixed,decaps,734315
2789,bike,fixed,decaps,737833
2790,bike,fixed,decaps,734149
2791,bike,fixed,decaps,754550
2792,bike,fixed,decaps,780160
2793,bike,fixed,decaps,774480
2794,bike,fixed,decaps,761693
2795,bike,fixed,decaps,757031
2796,bike,fixed,decaps,761309
2797,bike,fixed,decaps,728934
2798,bike,fixed,decaps,779799
2799,bike,fixed,decaps,788986
2800,bike,fixed,decaps,773890
2801,bike,fixed,decaps,713622
2802,bike,fixed,decaps,753401
2803,bike,fixed,decaps,734581
2804,bike,fixed,decaps,734457
2805,bike,fixed,decaps,820251
2806,bike,fixed,decaps,784105
2807,bike,fixed,decaps,758708
2808,bike,fixed,decaps,742994
2809,bike,fixed,decaps,740305
2810,bike,fixed,decaps,752856
2811,bike,fixed,decaps,734704
2812,bike,fixed,decaps,734289
2813,bike,fixed,decaps,734142
2814,bike,fixed,decaps,792290
2815,bike,fixed,decaps,786267
2816,bike,fixed,decaps,756739
2817,bike,fixed,decaps,757349
2818,bike,fixed,decaps,756590
2819,bike,fixed,decaps,755052
2820,bike,fixed,decaps,744980
2821,bike,fixed,decaps,734788
2822,bike,fixed,decaps,734686
2823,bike,fixed,decaps,734647
2824,bike,fixed,decaps,759960
2825,bike,fixed,decaps,780387
2826,bike,fixed,decaps,776937
2827,bike,fixed,decaps,754731
2828,bike,fixed,decaps,738319
2829,bike,fixed,decaps,734707
2830,bike,fixed,decaps,734468
2831,bike,fixed,decaps,762070
2832,bike,fixed,decaps,737758
2833,bike,fixed,decaps,734764
2834,bike,fixed,decaps,786325
2835,bike,fixed,decaps,780341
2836,bike,fixed,decaps,761760
2837,bike,fixed,decaps,756867
2838,bike,fixed,decaps,756704
2839,bike,fixed,decaps,756638
2840,bike,fixed,decaps,782802
2841,bike,fixed,decaps,775697
2842,bike,fixed,decaps,745710
2843,bike,fixed,decaps,753616
2844,bike,fixed,decaps,734365
2845,bike,fixed,decaps,734198
2846,bike,fixed,decaps,734518
2847,bike,fixed,decaps,737641
2848,bike,fixed,decaps,760441
2849,bike,fixed,decaps,793153
2850,bike,fixed,decaps,756746
2851,bike,fixed,decaps,756961
2852,bike,fixed,decaps,762147
2853,bike,fixed,decaps,718567
2854,bike,fixed,decaps,755436
2855,bike,fixed,decaps,734574
2856,bike,fixed,decaps,734486
2857,bike,fixed,decaps,734601
2858,bike,fixed,decaps,823113
2859,bike,fixed,decaps,752111
2860,bike,fixed,decaps,747889
2861,bike,fixed,decaps,734754
2862,bike,fixed,decaps,734658
2863,bike,fixed,decaps,739671
2864,bike,fixed,decaps,763959
2865,bike,fixed,decaps,791166
2866,bike,fixed,decaps,756884
2867,bike,fixed,decaps,756999
2868,bike,fixed,decaps,759625
2869,bike,fixed,decaps,741569
2870,bike,fixed,decaps,734134
2871,bike,fixed,decaps,733955
2872,bike,fixed,decaps,733542
2873,bike,fixed,decaps,733783
2874,bike,fixed,decaps,736808
2875,bike,fixed,decaps,734095
2876,bike,fixed,decaps,733961
2877,bike,fixed,decaps,733929
2878,bike,fixed,decaps,733976
2879,bike,fixed,decaps,779710
2880,bike,fixed,decaps,785294
2881,bike,fixed,decaps,756533
2882,bike,fixed,decaps,756743
2883,bike,fixed,decaps,756606
2884,bike,fixed,decaps,764090
2885,bike,fixed,decaps,766439
2886,bike,fixed,decaps,734874
2887,bike,fixed,decaps,782960
2888,bike,fixed,decaps,781820
2889,bike,fixed,decaps,766007
2890,bike,fixed,decaps,757849
2891,bike,fixed,decaps,738161
2892,bike,fixed,decaps,750892
2893,bike,fixed,decaps,734533
2894,bike,fixed,decaps,734619
2895,bike,fixed,decaps,739196
2896,bike,fixed,decaps,734681
2897,bike,fixed,decaps,734214
2898,bike,fixed,decaps,734338
2899,bike,fixed,decaps,781233
2900,bike,fixed,decaps,793282
2901,bike,fixed,decaps,769532
2902,bike,fixed,decaps,713138
2903,bike,fixed,decaps,752417
2904,bike,fixed,decaps,736195
2905,bike,fixed,decaps,734929
2906,bike,fixed,decaps,739145
2907,bike,fixed,decaps,734928
2908,bike,fixed,decaps,735008
2909,bike,fixed,decaps,735242
2910,bike,fixed,decaps,734769
2911,bike,fixed,decaps,786040
2912,bike,fixed,decaps,811268
2913,bike,fixed,decaps,768574
2914,bike,fixed,decaps,714069
2915,bike,fixed,decaps,755566
2916,bike,fixed,decaps,741860
2917,bike,fixed,decaps,734557
2918,bike,fixed,decaps,734402
2919,bike,fixed,decaps,734497
2920,bike,fixed,decaps,734203
2921,bike,fixed,decaps,748421
2922,bike,fixed,decaps,804394
2923,bike,fixed,decaps,774948
2924,bike,fixed,decaps,757149
2925,bike,fixed,decaps,757319
2926,bike,fixed,decaps,757097
2927,bike,fixed,decaps,755959
2928,bike,fixed,decaps,745283
2929,bike,fixed,decaps,740719
2930,bike,fixed,decaps,738574
2931,bike,fixed,decaps,796787
2932,bike,fixed,decaps,826819
2933,bike,fixed,decaps,767443
2934,bike,fixed,decaps,738484
2935,bike,fixed,decaps,742500
2936,bike,fixed,decaps,773579
2937,bike,fixed,decaps,749379
2938,bike,fixed,decaps,737203
2939,bike,fixed,decaps,767526
2940,bike,fixed,decaps,788135
2941,bike,fixed,decaps,813036
2942,bike,fixed,decaps,827123
2943,bike,fixed,decaps,814498
2944,bike,fixed,decaps,781213
2945,bike,fixed,decaps,860293
2946,bike,fixed,decaps,799087
2947,bike,fixed,decaps,773519
2948,bike,fixed,decaps,756798
2949,bike,fixed,decaps,756564
2950,bike,fixed,decaps,756182
2951,bike,fixed,decaps,757043
2952,bike,fixed,decaps,756506
2953,bike,fixed,decaps,762980
2954,bike,fixed,decaps,772059
2955,bike,fixed,decaps,756698
2956,bike,fixed,decaps,756654
2957,bike,fixed,decaps,760825
2958,bike,fixed,decaps,803169
2959,bike,fixed,decaps,757583
2960,bike,fixed,decaps,758898
2961,bike,fixed,decaps,756883
2962,bike,fixed,decaps,756697
2963,bike,fixed,decaps,1097270
2964,bike,fixed,decaps,767396
2965,bike,fixed,decaps,784464
2966,bike,fixed,decaps,735439
2967,bike,fixed,decaps,734893
2968,bike,fixed,decaps,742960
2969,bike,fixed,decaps,735218
2970,bike,fixed,decaps,734958
2971,bike,fixed,decaps,762078
2972,bike,fixed,decaps,779552
2973,bike,fixed,decaps,789908
2974,bike,fixed,decaps,757539
2975,bike,fixed,decaps,757288
2976,bike,fixed,decaps,757034
2977,bike,fixed,decaps,757287
2978,bike,fixed,decaps,759970
2979,bike,fixed,decaps,757359
2980,bike,fixed,decaps,745192
2981,bike,fixed,decaps,749893
2982,bike,fixed,decaps,734428
2983,bike,fixed,decaps,734127
2984,bike,fixed,decaps,737500
2985,bike,fixed,decaps,733961
2986,bike,fixed,decaps,750855
2987,bike,fixed,decaps,780724
2988,bike,fixed,decaps,774668
2989,bike,fixed,decaps,763894
2990,bike,fixed,decaps,756693
2991,bike,fixed,decaps,757261
2992,bike,fixed,decaps,761372
2993,bike,fixed,decaps,714226
2994,bike,fixed,decaps,771218
2995,bike,fixed,decaps,734862
2996,bike,fixed,decaps,766838
2997,bike,fixed,decaps,756861
2998,bike,fixed,decaps,783063
2999,bike,fixed,decaps,758046
3000,bike,fixed,decaps,764967
3001,bike,fixed,decaps,757050
3002,bike,fixed,decaps,762477
3003,bike,fixed,decaps,717874
3004,bike,fixed,decaps,751776
3005,bike,fixed,decaps,774931
3006,bike,fixed,decaps,735618
3007,bike,fixed,decaps,734824
3008,bike,fixed,decaps,734589
3009,bike,fixed,decaps,734544
3010,bike,fixed,decaps,739654
3011,bike,fixed,decaps,734380
3012,bike,fixed,decaps,734280
3013,bike,fixed,decaps,790066
3014,bike,fixed,decaps,760244
3015,bike,fixed,decaps,759918
3016,bike,fixed,decaps,771581
3017,bike,fixed,decaps,771781
3018,bike,fixed,decaps,768897
3019,bike,fixed,decaps,771435
3020,bike,fixed,decaps,756502
3021,bike,fixed,decaps,761519
3022,bike,fixed,decaps,756256
3023,bike,fixed,decaps,756294
3024,bike,fixed,decaps,758788
3025,bike,fixed,decaps,782972
3026,bike,fixed,decaps,782438
3027,bike,fixed,decaps,736093
3028,bike,fixed,decaps,734907
3029,bike,fixed,decaps,734595
3030,bike,fixed,decaps,734698
3031,bike,fixed,decaps,752891
3032,bike,fixed,decaps,786352
3033,bike,fixed,decaps,773144
3034,bike,fixed,decaps,757191
3035,bike,fixed,decaps,756921
3036,bike,fixed,decaps,756919
3037,bike,fixed,decaps,776784
3038,bike,fixed,decaps,801336
3039,bike,fixed,decaps,745874
3040,bike,fixed,decaps,734352
3041,bike,fixed,decaps,782962
3042,bike,fixed,decaps,775686
3043,bike,fixed,decaps,749956
3044,bike,fixed,decaps,733666
3045,bike,fixed,decaps,768595
3046,bike,fixed,decaps,735644
3047,bike,fixed,decaps,775170
3048,bike,fixed,decaps,790894
3049,bike,fixed,decaps,756122
3050,bike,fixed,decaps,756706
3051,bike,fixed,decaps,778456
3052,bike,fixed,decaps,764934
3053,bike,fixed,decaps,734363
3054,bike,fixed,decaps,801739
3055,bike,fixed,decaps,777896
3056,bike,fixed,decaps,756066
3057,bike,fixed,decaps,756269
3058,bike,fixed,decaps,762174
3059,bike,fixed,decaps,757034
3060,bike,fixed,decaps,758234
3061,bike,fixed,decaps,741527
3062,bike,fixed,decaps,734425
3063,bike,fixed,decaps,741694
3064,bike,fixed,decaps,734864
3065,bike,fixed,decaps,734703
3066,bike,fixed,decaps,734734
3067,bike,fixed,decaps,734673
3068,bike,fixed,decaps,751972
3069,bike,fixed,decaps,735360
3070,bike,fixed,decaps,735072
3071,bike,fixed,decaps,773184
3072,bike,fixed,decaps,812520
3073,bike,fixed,decaps,757187
3074,bike,fixed,decaps,783755
3075,bike,fixed,decaps,756865
3076,bike,fixed,decaps,756649
3077,bike,fixed,decaps,756343
3078,bike,fixed,decaps,784953
3079,bike,fixed,decaps,764363
3080,bike,fixed,decaps,749224
3081,bike,fixed,decaps,734891
3082,bike,fixed,decaps,734773
3083,bike,fixed,decaps,786059
3084,bike,fixed,decaps,784179
3085,bike,fixed,decaps,765865
3086,bike,fixed,decaps,713457
3087,bike,fixed,decaps,714119
3088,bike,fixed,decaps,755301
3089,bike,fixed,decaps,759904
3090,bike,fixed,decaps,757317
3091,bike,fixed,decaps,756569
3092,bike,fixed,decaps,756870
3093,bike,fixed,decaps,756508
3094,bike,fixed,decaps,756720
3095,bike,fixed,decaps,759081
3096,bike,fixed,decaps,750870
3097,bike,fixed,decaps,739611
3098,bike,fixed,decaps,734557
3099,bike,fixed,decaps,771606
3100,bike,fixed,decaps,741151
3101,bike,fixed,decaps,752549
3102,bike,fixed,decaps,757094
3103,bike,fixed,decaps,765032
3104,bike,fixed,decaps,757211
3105,bike,fixed,decaps,787368
3106,bike,fixed,decaps,756873
3107,bike,fixed,decaps,756803
3108,bike,fixed,decaps,748690
3109,bike,fixed,decaps,742420
3110,bike,fixed,decaps,734793
3111,bike,fixed,decaps,748444
3112,bike,fixed,decaps,741907
3113,bike,fixed,decaps,741283
3114,bike,fixed,decaps,735040
3115,bike,fixed,decaps,734530
3116,bike,fixed,decaps,763472
3117,bike,fixed,decaps,756311
3118,bike,fixed,decaps,757329
3119,bike,fixed,decaps,756915
3120,bike,fixed,decaps,772612
3121,bike,fixed,decaps,759748
3122,bike,fixed,decaps,757082
3123,bike,fixed,decaps,757054
3124,bike,fixed,decaps,747469
3125,bike,fixed,decaps,765644
3126,bike,fixed,decaps,735463
3127,bike,fixed,decaps,738898
3128,bike,fixed,decaps,781572
3129,bike,fixed,decaps,783214
3130,bike,fixed,decaps,756939
3131,bike,fixed,decaps,766665
3132,bike,fixed,decaps,774050
3133,bike,fixed,decaps,768272
3134,bike,fixed,decaps,737969
3135,bike,fixed,decaps,734544
3136,bike,fixed,decaps,786927
3137,bike,fixed,decaps,783356
3138,bike,fixed,decaps,766748
3139,bike,fixed,decaps,713589
3140,bike,fixed,decaps,748313
3141,bike,fixed,decaps,734745
3142,bike,fixed,decaps,761317
3143,bike,fixed,decaps,780431
3144,bike,fixed,decaps,771548
3145,bike,fixed,decaps,757213
3146,bike,fixed,decaps,762413
3147,bike,fixed,decaps,718891
3148,bike,fixed,decaps,758351
3149,bike,fixed,decaps,734700
3150,bike,fixed,decaps,757254
3151,bike,fixed,decaps,793758
3152,bike,fixed,decaps,783430
3153,bike,fixed,decaps,767874
3154,bike,fixed,decaps,747022
3155,bike,fixed,decaps,734081
3156,bike,fixed,decaps,734364
3157,bike,fixed,decaps,790391
3158,bike,fixed,decaps,798253
3159,bike,fixed,decaps,742326
3160,bike,fixed,decaps,734644
3161,bike,fixed,decaps,734571
3162,bike,fixed,decaps,734332
3163,bike,fixed,decaps,734534
3164,bike,fixed,decaps,737332
3165,bike,fixed,decaps,734384
3166,bike,fixed,decaps,734427
3167,bike,fixed,decaps,748293
3168,bike,fixed,decaps,780997
3169,bike,fixed,decaps,779001
3170,bike,fixed,decaps,786454
3171,bike,fixed,decaps,757538
3172,bike,fixed,decaps,756998
3173,bike,fixed,decaps,757177
3174,bike,fixed,decaps,779605
3175,bike,fixed,decaps,738976
3176,bike,fixed,decaps,734438
3177,bike,fixed,decaps,743854
3178,bike,fixed,decaps,735047
3179,bike,fixed,decaps,795315
3180,bike,fixed,decaps,781240
3181,bike,fixed,decaps,771459
3182,bike,fixed,decaps,756343
3183,bike,fixed,decaps,762836
3184,bike,fixed,decaps,718991
3185,bike,fixed,decaps,781920
3186,bike,fixed,decaps,734777
3187,bike,fixed,decaps,734623
3188,bike,fixed,decaps,734390
3189,bike,fixed,decaps,734301
3190,bike,fixed,decaps,781509
3191,bike,fixed,decaps,786364
3192,bike,fixed,decaps,761984
3193,bike,fixed,decaps,728733
3194,bike,fixed,decaps,750713
3195,bike,fixed,decaps,737725
3196,bike,fixed,decaps,734373
3197,bike,fixed,decaps,734580
3198,bike,fixed,decaps,734551
3199,bike,fixed,decaps,759554
3200,bike,fixed,decaps,780466
3201,bike,fixed,decaps,772152
3202,bike,fixed,decaps,745845
3203,bike,fixed,decaps,761139
3204,bike,fixed,decaps,734821
3205,bike,fixed,decaps,734949
3206,bike,fixed,decaps,760195
3207,bike,fixed,decaps,734425
3208,bike,fixed,decaps,733959
3209,bike,fixed,decaps,733797
3210,bike,fixed,decaps,772785
3211,bike,fixed,decaps,792610
3212,bike,fixed,decaps,779747
3213,bike,fixed,decaps,774981
3214,bike,fixed,decaps,757031
3215,bike,fixed,decaps,758278
3216,bike,fixed,decaps,753348
3217,bike,fixed,decaps,751727
3218,bike,fixed,decaps,734734
3219,bike,fixed,decaps,734564
3220,bike,fixed,decaps,734880
3221,bike,fixed,decaps,734784
3222,bike,fixed,decaps,739753
3223,bike,fixed,decaps,761705
3224,bike,fixed,decaps,791543
3225,bike,fixed,decaps,757251
3226,bike,fixed,decaps,742154
3227,bike,fixed,decaps,753359
3228,bike,fixed,decaps,734469
3229,bike,fixed,decaps,734161
3230,bike,fixed,decaps,734207
3231,bike,fixed,decaps,743466
3232,bike,fixed,decaps,761792
3233,bike,fixed,decaps,786607
3234,bike,fixed,decaps,775941
3235,bike,fixed,decaps,757049
3236,bike,fixed,decaps,786525
3237,bike,fixed,decaps,725405
3238,bike,fixed,decaps,814684
3239,bike,fixed,decaps,735277
3240,bike,fixed,decaps,759188
3241,bike,fixed,decaps,780316
3242,bike,fixed,decaps,777375
3243,bike,fixed,decaps,761488
3244,bike,fixed,decaps,762996
3245,bike,fixed,decaps,719833
3246,bike,fixed,decaps,755229
3247,bike,fixed,decaps,734979
3248,bike,fixed,decaps,738475
3249,bike,fixed,decaps,734908
3250,bike,fixed,decaps,734797
3251,bike,fixed,decaps,734825
3252,bike,fixed,decaps,734993
3253,bike,fixed,decaps,734690
3254,bike,fixed,decaps,791960
3255,bike,fixed,decaps,779664
3256,bike,fixed,decaps,757603
3257,bike,fixed,decaps,756889
3258,bike,fixed,decaps,783163
3259,bike,fixed,decaps,780696
3260,bike,fixed,decaps,741386
3261,bike,fixed,decaps,734931
3262,bike,fixed,decaps,734750
3263,bike,fixed,decaps,734490
3264,bike,fixed,decaps,740275
3265,bike,fixed,decaps,762071
3266,bike,fixed,decaps,790998
3267,bike,fixed,decaps,776001
3268,bike,fixed,decaps,756632
3269,bike,fixed,decaps,756773
3270,bike,fixed,decaps,763329
3271,bike,fixed,decaps,756470
3272,bike,fixed,decaps,768393
3273,bike,fixed,decaps,771658
3274,bike,fixed,decaps,713360
3275,bike,fixed,decaps,780999
3276,bike,fixed,decaps,734003
3277,bike,fixed,decaps,756104
3278,bike,fixed,decaps,734938
3279,bike,fixed,decaps,794776
3280,bike,fixed,decaps,785884
3281,bike,fixed,decaps,766136
3282,bike,fixed,decaps,713304
3283,bike,fixed,decaps,754707
3284,bike,fixed,decaps,734297
3285,bike,fixed,decaps,765450
3286,bike,fixed,decaps,734548
3287,bike,fixed,decaps,733696
3288,bike,fixed,decaps,734404
3289,bike,fixed,decaps,734286
3290,bike,fixed,decaps,734492
3291,bike,fixed,decaps,736854
3292,bike,fixed,decaps,801710
3293,bike,fixed,decaps,797904
3294,bike,fixed,decaps,756442
3295,bike,fixed,decaps,756149
3296,bike,fixed,decaps,776878
3297,bike,fixed,decaps,761928
3298,bike,fixed,decaps,714424
3299,bike,fixed,decaps,760143
3300,bike,fixed,decaps,774865
3301,bike,fixed,decaps,789979
3302,bike,fixed,decaps,774208
3303,bike,fixed,decaps,714141
3304,bike,fixed,decaps,750708
3305,bike,fixed,decaps,735269
3306,bike,fixed,decaps,734592
3307,bike,fixed,decaps,773368
3308,bike,fixed,decaps,734935
3309,bike,fixed,decaps,734492
3310,bike,fixed,decaps,733925
3311,bike,fixed,decaps,733887
3312,bike,fixed,decaps,784083
3313,bike,fixed,decaps,734713
3314,bike,fixed,decaps,735668
3315,bike,fixed,decaps,734899
3316,bike,fixed,decaps,734326
3317,bike,fixed,decaps,772140
3318,bike,fixed,decaps,812072
3319,bike,fixed,decaps,756676
3320,bike,fixed,decaps,756419
3321,bike,fixed,decaps,756253
3322,bike,fixed,decaps,756230
3323,bike,fixed,decaps,781213
3324,bike,fixed,decaps,757246
3325,bike,fixed,decaps,756544
3326,bike,fixed,decaps,771172
3327,bike,fixed,decaps,713191
3328,bike,fixed,decaps,784377
3329,bike,fixed,decaps,734666
3330,bike,fixed,decaps,733628
3331,bike,fixed,decaps,734154
3332,bike,fixed,decaps,734026
3333,bike,fixed,decaps,739255
3334,bike,fixed,decaps,734619
3335,bike,fixed,decaps,735254
3336,bike,fixed,decaps,778285
3337,bike,fixed,decaps,782517
3338,bike,fixed,decaps,756341
3339,bike,fixed,decaps,995236
3340,bike,fixed,decaps,757469
3341,bike,fixed,decaps,756351
3342,bike,fixed,decaps,757582
3343,bike,fixed,decaps,739562
3344,bike,fixed,decaps,767061
3345,bike,fixed,decaps,735131
3346,bike,fixed,decaps,734888
3347,bike,fixed,decaps,734948
3348,bike,fixed,decaps,734705
3349,bike,fixed,decaps,739391
3350,bike,fixed,decaps,764113
3351,bike,fixed,decaps,791620
3352,bike,fixed,decaps,756930
3353,bike,fixed,decaps,744206
3354,bike,fixed,decaps,749657
3355,bike,fixed,decaps,752313
3356,bike,fixed,decaps,780998
3357,bike,fixed,decaps,774835
3358,bike,fixed,decaps,757191
3359,bike,fixed,decaps,760834
3360,bike,fixed,decaps,757287
3361,bike,fixed,decaps,739612
3362,bike,fixed,decaps,748581
3363,bike,fixed,decaps,735145
3364,bike,fixed,decaps,734962
3365,bike,fixed,decaps,776217
3366,bike,fixed,decaps,735170
3367,bike,fixed,decaps,734859
3368,bike,fixed,decaps,734863
3369,bike,fixed,decaps,734356
3370,bike,fixed,decaps,739170
3371,bike,fixed,decaps,762226
3372,bike,fixed,decaps,735261
3373,bike,fixed,decaps,786539
3374,bike,fixed,decaps,782316
3375,bike,fixed,decaps,761380
3376,bike,fixed,decaps,771114
3377,bike,fixed,decaps,757014
3378,bike,fixed,decaps,757016
3379,bike,fixed,decaps,757302
3380,bike,fixed,decaps,762189
3381,bike,fixed,decaps,732914
3382,bike,fixed,decaps,749332
3383,bike,fixed,decaps,734797
3384,bike,fixed,decaps,734884
3385,bike,fixed,decaps,791381
3386,bike,fixed,decaps,784306
3387,bike,fixed,decaps,774774
3388,bike,fixed,decaps,734104
3389,bike,fixed,decaps,734688
3390,bike,fixed,decaps,735014
3391,bike,fixed,decaps,738092
3392,bike,fixed,decaps,758902
3393,bike,fixed,decaps,791386
3394,bike,fixed,decaps,776008
3395,bike,fixed,decaps,756979
3396,bike,fixed,decaps,757250
3397,bike,fixed,decaps,770509
3398,bike,fixed,decaps,769113
3399,bike,fixed,decaps,756885
3400,bike,fixed,decaps,769651
3401,bike,fixed,decaps,713754
3402,bike,fixed,decaps,757730
3403,bike,fixed,decaps,735556
3404,bike,fixed,decaps,734675
3405,bike,fixed,decaps,734579
3406,bike,fixed,decaps,734728
3407,bike,fixed,decaps,768371
3408,bike,fixed,decaps,790242
3409,bike,fixed,decaps,756856
3410,bike,fixed,decaps,756474
3411,bike,fixed,decaps,756762
3412,bike,fixed,decaps,772803
3413,bike,fixed,decaps,713871
3414,bike,fixed,decaps,754367
3415,bike,fixed,decaps,734107
3416,bike,fixed,decaps,734450
3417,bike,fixed,decaps,734144
3418,bike,fixed,decaps,737203
3419,bike,fixed,decaps,757976
3420,bike,fixed,decaps,772207
3421,bike,fixed,decaps,890755
3422,bike,fixed,decaps,740651
3423,bike,fixed,decaps,785143
3424,bike,fixed,decaps,819154
3425,bike,fixed,decaps,784471
3426,bike,fixed,decaps,756917
3427,bike,fixed,decaps,756445
3428,bike,fixed,decaps,780188
3429,bike,fixed,decaps,758320
3430,bike,fixed,decaps,734501
3431,bike,fixed,decaps,786283
3432,bike,fixed,decaps,779542
3433,bike,fixed,decaps,763867
3434,bike,fixed,decaps,761354
3435,bike,fixed,decaps,728724
3436,bike,fixed,decaps,754286
3437,bike,fixed,decaps,733429
3438,bike,fixed,decaps,733628
3439,bike,fixed,decaps,797395
3440,bike,fixed,decaps,778300
3441,bike,fixed,decaps,756272
3442,bike,fixed,decaps,817331
3443,bike,fixed,decaps,713691
3444,bike,fixed,decaps,761110
3445,bike,fixed,decaps,765872
3446,bike,fixed,decaps,735176
3447,bike,fixed,decaps,734346
3448,bike,fixed,decaps,734024
3449,bike,fixed,decaps,776733
3450,bike,fixed,decaps,737442
3451,bike,fixed,decaps,734999
3452,bike,fixed,decaps,793979
3453,bike,fixed,decaps,782533
3454,bike,fixed,decaps,763209
3455,bike,fixed,decaps,756775
3456,bike,fixed,decaps,756927
3457,bike,fixed,decaps,756868
3458,bike,fixed,decaps,756600
3459,bike,fixed,decaps,756792
3460,bike,fixed,decaps,759956
3461,bike,fixed,decaps,756904
3462,bike,fixed,decaps,756739
3463,bike,fixed,decaps,762053
3464,bike,fixed,decaps,730095
3465,bike,fixed,decaps,758397
3466,bike,fixed,decaps,735115
3467,bike,fixed,decaps,734396
3468,bike,fixed,decaps,734533
3469,bike,fixed,decaps,734521
3470,bike,fixed,decaps,737193
3471,bike,fixed,decaps,763516
3472,bike,fixed,decaps,734345
3473,bike,fixed,decaps,734170
3474,bike,fixed,decaps,734360
3475,bike,fixed,decaps,734318
3476,bike,fixed,decaps,766389
3477,bike,fixed,decaps,734258
3478,bike,fixed,decaps,733833
3479,bike,fixed,decaps,733602
3480,bike,fixed,decaps,781409
3481,bike,fixed,decaps,786181
3482,bike,fixed,decaps,756421
3483,bike,fixed,decaps,756222
3484,bike,fixed,decaps,755950
3485,bike,fixed,decaps,756179
3486,bike,fixed,decaps,759271
3487,bike,fixed,decaps,771658
3488,bike,fixed,decaps,756275
3489,bike,fixed,decaps,756153
3490,bike,fixed,decaps,755822
3491,bike,fixed,decaps,756203
3492,bike,fixed,decaps,767040
3493,bike,fixed,decaps,748389
3494,bike,fixed,decaps,742479
3495,bike,fixed,decaps,734211
3496,bike,fixed,decaps,734410
3497,bike,fixed,decaps,737464
3498,bike,fixed,decaps,762850
3499,bike,fixed,decaps,734982
3500,bike,fixed,decaps,795188
3501,bike,fixed,decaps,795865
3502,bike,fixed,decaps,764460
3503,bike,fixed,decaps,798778
3504,bike,fixed,decaps,713449
3505,bike,fixed,decaps,756900
3506,bike,fixed,decaps,734476
3507,bike,fixed,decaps,734219
3508,bike,fixed,decaps,738741
3509,bike,fixed,decaps,734475
3510,bike,fixed,decaps,734365
3511,bike,fixed,decaps,734278
3512,bike,fixed,decaps,734452
3513,bike,fixed,decaps,778943
3514,bike,fixed,decaps,785240
3515,bike,fixed,decaps,756163
3516,bike,fixed,decaps,756369
3517,bike,fixed,decaps,744350
3518,bike,fixed,decaps,751852
3519,bike,fixed,decaps,734449
3520,bike,fixed,decaps,734270
3521,bike,fixed,decaps,734317
3522,bike,fixed,decaps,761392
3523,bike,fixed,decaps,780119
3524,bike,fixed,decaps,772766
3525,bike,fixed,decaps,781516
3526,bike,fixed,decaps,758472
3527,bike,fixed,decaps,741636
3528,bike,fixed,decaps,734160
3529,bike,fixed,decaps,741463
3530,bike,fixed,decaps,757880
3531,bike,fixed,decaps,753732
3532,bike,fixed,decaps,794492
3533,bike,fixed,decaps,772643
3534,bike,fixed,decaps,777025
3535,bike,fixed,decaps,756352
3536,bike,fixed,decaps,756370
3537,bike,fixed,decaps,756683
3538,bike,fixed,decaps,756479
3539,bike,fixed,decaps,766058
3540,bike,fixed,decaps,713284
3541,bike,fixed,decaps,759255
3542,bike,fixed,decaps,778903
3543,bike,fixed,decaps,735013
3544,bike,fixed,decaps,734479
3545,bike,fixed,decaps,742505
3546,bike,fixed,decaps,776549
3547,bike,fixed,decaps,786913
3548,bike,fixed,decaps,756723
3549,bike,fixed,decaps,756873
3550,bike,fixed,decaps,782408
3551,bike,fixed,decaps,757211
3552,bike,fixed,decaps,756665
3553,bike,fixed,decaps,770920
3554,bike,fixed,decaps,744332
3555,bike,fixed,decaps,750639
3556,bike,fixed,decaps,733995
3557,bike,fixed,decaps,760842
3558,bike,fixed,decaps,734690
3559,bike,fixed,decaps,734601
3560,bike,fixed,decaps,752426
3561,bike,fixed,decaps,785394
3562,bike,fixed,decaps,774780
3563,bike,fixed,decaps,756616
3564,bike,fixed,decaps,767877
3565,bike,fixed,decaps,713401
3566,bike,fixed,decaps,753196
3567,bike,fixed,decaps,735367
3568,bike,fixed,decaps,734440
3569,bike,fixed,decaps,734581
3570,bike,fixed,decaps,734590
3571,bike,fixed,decaps,737626
3572,bike,fixed,decaps,734592
3573,bike,fixed,decaps,734833
3574,bike,fixed,decaps,734684
3575,bike,fixed,decaps,762331
3576,bike,fixed,decaps,830597
3577,bike,fixed,decaps,823315
3578,bike,fixed,decaps,757528
3579,bike,fixed,decaps,752568
3580,bike,fixed,decaps,742383
3581,bike,fixed,decaps,733983
3582,bike,fixed,decaps,738732
3583,bike,fixed,decaps,733822
3584,bike,fixed,decaps,774226
3585,bike,fixed,decaps,734472
3586,bike,fixed,decaps,785561
3587,bike,fixed,decaps,787144
3588,bike,fixed,decaps,756884
3589,bike,fixed,decaps,771663
3590,bike,fixed,decaps,757165
3591,bike,fixed,decaps,757133
3592,bike,fixed,decaps,764950
3593,bike,fixed,decaps,776796
3594,bike,fixed,decaps,735075
3595,bike,fixed,decaps,734203
3596,bike,fixed,decaps,760242
3597,bike,fixed,decaps,735407
3598,bike,fixed,decaps,741794
3599,bike,fixed,decaps,734980
3600,bike,fixed,decaps,734764
3601,bike,fixed,decaps,734790
3602,bike,fixed,decaps,789597
3603,bike,fixed,decaps,780219
3604,bike,fixed,decaps,780765
3605,bike,fixed,decaps,771616
3606,bike,fixed,decaps,713906
3607,bike,fixed,decaps,755335
3608,bike,fixed,decaps,738666
3609,bike,fixed,decaps,735103
3610,bike,fixed,decaps,734940
3611,bike,fixed,decaps,809091
3612,bike,fixed,decaps,783387
3613,bike,fixed,decaps,774039
3614,bike,fixed,decaps,713612
3615,bike,fixed,decaps,757490
3616,bike,fixed,decaps,734775
3617,bike,fixed,decaps,734388
3618,bike,fixed,decaps,734724
3619,bike,fixed,decaps,737021
3620,bike,fixed,decaps,765346
3621,bike,fixed,decaps,794635
3622,bike,fixed,decaps,756690
3623,bike,fixed,decaps,756606
3624,bike,fixed,decaps,772558
3625,bike,fixed,decaps,745170
3626,bike,fixed,decaps,734850
3627,bike,fixed,decaps,734920
3628,bike,fixed,decaps,734761
3629,bike,fixed,decaps,734759
3630,bike,fixed,decaps,742630
3631,bike,fixed,decaps,802519
3632,bike,fixed,decaps,781487
3633,bike,fixed,decaps,756834
3634,bike,fixed,decaps,757084
3635,bike,fixed,decaps,772203
3636,bike,fixed,decaps,748114
3637,bike,fixed,decaps,745129
3638,bike,fixed,decaps,758698
3639,bike,fixed,decaps,735011
3640,bike,fixed,decaps,738358
3641,bike,fixed,decaps,734515
3642,bike,fixed,decaps,734380
3643,bike,fixed,decaps,789946
3644,bike,fixed,decaps,778801
3645,bike,fixed,decaps,760243
3646,bike,fixed,decaps,779861
3647,bike,fixed,decaps,759174
3648,bike,fixed,decaps,745164
3649,bike,fixed,decaps,745507
3650,bike,fixed,decaps,734578
3651,bike,fixed,decaps,741791
3652,bike,fixed,decaps,734642
3653,bike,fixed,decaps,734626
3654,bike,fixed,decaps,734508
3655,bike,fixed,decaps,734218
3656,bike,fixed,decaps,779330
3657,bike,fixed,decaps,812446
3658,bike,fixed,decaps,756866
3659,bike,fixed,decaps,757132
3660,bike,fixed,decaps,756556
3661,bike,fixed,decaps,804819
3662,bike,fixed,decaps,742288
3663,bike,fixed,decaps,734698
3664,bike,fixed,decaps,734445
3665,bike,fixed,decaps,762592
3666,bike,fixed,decaps,735090
3667,bike,fixed,decaps,741898
3668,bike,fixed,decaps,734190
3669,bike,fixed,decaps,734236
3670,bike,fixed,decaps,748630
3671,bike,fixed,decaps,779973
3672,bike,fixed,decaps,783001
3673,bike,fixed,decaps,768877
3674,bike,fixed,decaps,756879
3675,bike,fixed,decaps,756836
3676,bike,fixed,decaps,742826
3677,bike,fixed,decaps,774527
3678,bike,fixed,decaps,734321
3679,bike,fixed,decaps,734746
3680,bike,fixed,decaps,734629
3681,bike,fixed,decaps,734800
3682,bike,fixed,decaps,734665
3683,bike,fixed,decaps,764394
3684,bike,fixed,decaps,734925
3685,bike,fixed,decaps,734380
3686,bike,fixed,decaps,751342
3687,bike,fixed,decaps,780741
3688,bike,fixed,decaps,779685
3689,bike,fixed,decaps,756871
3690,bike,fixed,decaps,756908
3691,bike,fixed,decaps,772090
3692,bike,fixed,decaps,768532
3693,bike,fixed,decaps,766819
3694,bike,fixed,decaps,737134
3695,bike,fixed,decaps,734918
3696,bike,fixed,decaps,799711
3697,bike,fixed,decaps,1127479
3698,bike,fixed,decaps,931558
3699,bike,fixed,decaps,757506
3700,bike,fixed,decaps,756845
3701,bike,fixed,decaps,756975
3702,bike,fixed,decaps,757019
3703,bike,fixed,decaps,765610
3704,bike,fixed,decaps,756410
3705,bike,fixed,decaps,771035
3706,bike,fixed,decaps,713653
3707,bike,fixed,decaps,755308
3708,bike,fixed,decaps,738049
3709,bike,fixed,decaps,777406
3710,bike,fixed,decaps,781169
3711,bike,fixed,decaps,773640
3712,bike,fixed,decaps,757061
3713,bike,fixed,decaps,774155
3714,bike,fixed,decaps,726259
3715,bike,fixed,decaps,759005
3716,bike,fixed,decaps,741845
3717,bike,fixed,decaps,751649
3718,bike,fixed,decaps,735018
3719,bike,fixed,decaps,740276
3720,bike,fixed,decaps,733890
3721,bike,fixed,decaps,733645
3722,bike,fixed,decaps,734078
3723,bike,fixed,decaps,735721
3724,bike,fixed,decaps,769485
3725,bike,fixed,decaps,789355
3726,bike,fixed,decaps,756200
3727,bike,fixed,decaps,738570
3728,bike,fixed,decaps,750764
3729,bike,fixed,decaps,737912
3730,bike,fixed,decaps,735146
3731,bike,fixed,decaps,783775
3732,bike,fixed,decaps,781837
3733,bike,fixed,decaps,764898
3734,bike,fixed,decaps,713622
3735,bike,fixed,decaps,761581
3736,bike,fixed,decaps,758291
3737,bike,fixed,decaps,734450
3738,bike,fixed,decaps,734403
3739,bike,fixed,decaps,733726
3740,bike,fixed,decaps,741962
3741,bike,fixed,decaps,734840
3742,bike,fixed,decaps,734232
3743,bike,fixed,decaps,734743
3744,bike,fixed,decaps,796642
3745,bike,fixed,decaps,793746
3746,bike,fixed,decaps,756376
3747,bike,fixed,decaps,756915
3748,bike,fixed,decaps,757199
3749,bike,fixed,decaps,756535
3750,bike,fixed,decaps,762127
3751,bike,fixed,decaps,733761
3752,bike,fixed,decaps,744781
3753,bike,fixed,decaps,734020
3754,bike,fixed,decaps,734006
3755,bike,fixed,decaps,733837
3756,bike,fixed,decaps,772605
3757,bike,fixed,decaps,787195
3758,bike,fixed,decaps,756979
3759,bike,fixed,decaps,756571
3760,bike,fixed,decaps,749812
3761,bike,fixed,decaps,748065
3762,bike,fixed,decaps,734811
3763,bike,fixed,decaps,757248
3764,bike,fixed,decaps,734757
3765,bike,fixed,decaps,759971
3766,bike,fixed,decaps,780640
3767,bike,fixed,decaps,777689
3768,bike,fixed,decaps,757137
3769,bike,fixed,decaps,757126
3770,bike,fixed,decaps,799192
3771,bike,fixed,decaps,713789
3772,bike,fixed,decaps,759878
3773,bike,fixed,decaps,734171
3774,bike,fixed,decaps,734202
3775,bike,fixed,decaps,734397
3776,bike,fixed,decaps,773382
3777,bike,fixed,decaps,738224
3778,bike,fixed,decaps,734383
3779,bike,fixed,decaps,792985
3780,bike,fixed,decaps,776871
3781,bike,fixed,decaps,757166
3782,bike,fixed,decaps,741460
3783,bike,fixed,decaps,739121
3784,bike,fixed,decaps,734339
3785,bike,fixed,decaps,734628
3786,bike,fixed,decaps,734633
3787,bike,fixed,decaps,734330
3788,bike,fixed,decaps,746516
3789,bike,fixed,decaps,747250
3790,bike,fixed,decaps,745382
3791,bike,fixed,decaps,734069
3792,bike,fixed,decaps,733851
3793,bike,fixed,decaps,766648
3794,bike,fixed,decaps,793430
3795,bike,fixed,decaps,756333
3796,bike,fixed,decaps,756397
3797,bike,fixed,decaps,783167
3798,bike,fixed,decaps,756834
3799,bike,fixed,decaps,762160
3800,bike,fixed,decaps,741072
3801,bike,fixed,decaps,749116
3802,bike,fixed,decaps,734399
3803,bike,fixed,decaps,734557
3804,bike,fixed,decaps,737717
3805,bike,fixed,decaps,764424
3806,bike,fixed,decaps,780655
3807,bike,fixed,decaps,780719
3808,bike,fixed,decaps,774415
3809,bike,fixed,decaps,781585
3810,bike,fixed,decaps,793110
3811,bike,fixed,decaps,733929
3812,bike,fixed,decaps,734491
3813,bike,fixed,decaps,734848
3814,bike,fixed,decaps,737380
3815,bike,fixed,decaps,734860
3816,bike,fixed,decaps,758092
3817,bike,fixed,decaps,734707
3818,bike,fixed,decaps,735102
3819,bike,fixed,decaps,734914
3820,bike,fixed,decaps,790897
3821,bike,fixed,decaps,780975
3822,bike,fixed,decaps,825007
3823,bike,fixed,decaps,760357
3824,bike,fixed,decaps,734890
3825,bike,fixed,decaps,745080
3826,bike,fixed,decaps,735111
3827,bike,fixed,decaps,735171
3828,bike,fixed,decaps,734859
3829,bike,fixed,decaps,776052
3830,bike,fixed,decaps,791810
3831,bike,fixed,decaps,761417
3832,bike,fixed,decaps,735032
3833,bike,fixed,decaps,734603
3834,bike,fixed,decaps,734158
3835,bike,fixed,decaps,733967
3836,bike,fixed,decaps,740821
3837,bike,fixed,decaps,734749
3838,bike,fixed,decaps,758762
3839,bike,fixed,decaps,785022
3840,bike,fixed,decaps,730755
3841,bike,fixed,decaps,755453
3842,bike,fixed,decaps,734533
3843,bike,fixed,decaps,743539
3844,bike,fixed,decaps,747157
3845,bike,fixed,decaps,735198
3846,bike,fixed,decaps,778164
3847,bike,fixed,decaps,734326
3848,bike,fixed,decaps,789420
3849,bike,fixed,decaps,777409
3850,bike,fixed,decaps,789099
3851,bike,fixed,decaps,756793
3852,bike,fixed,decaps,760845
3853,bike,fixed,decaps,770873
3854,bike,fixed,decaps,767458
3855,bike,fixed,decaps,735868
3856,bike,fixed,decaps,733970
3857,bike,fixed,decaps,737010
3858,bike,fixed,decaps,734074
3859,bike,fixed,decaps,734009
3860,bike,fixed,decaps,752599
3861,bike,fixed,decaps,734400
3862,bike,fixed,decaps,739969
3863,bike,fixed,decaps,734695
3864,bike,fixed,decaps,734204
3865,bike,fixed,decaps,734299
3866,bike,fixed,decaps,734614
3867,bike,fixed,decaps,734471
3868,bike,fixed,decaps,794650
3869,bike,fixed,decaps,778069
3870,bike,fixed,decaps,789873
3871,bike,fixed,decaps,742815
3872,bike,fixed,decaps,734949
3873,bike,fixed,decaps,749360
3874,bike,fixed,decaps,764265
3875,bike,fixed,decaps,790874
3876,bike,fixed,decaps,778424
3877,bike,fixed,decaps,757995
3878,bike,fixed,decaps,761359
3879,bike,fixed,decaps,766547
3880,bike,fixed,decaps,713034
3881,bike,fixed,decaps,754046
3882,bike,fixed,decaps,734170
3883,bike,fixed,decaps,737210
3884,bike,fixed,decaps,734910
3885,bike,fixed,decaps,734587
3886,bike,fixed,decaps,733865
3887,bike,fixed,decaps,735634
3888,bike,fixed,decaps,733980
3889,bike,fixed,decaps,737729
3890,bike,fixed,decaps,734362
3891,bike,fixed,decaps,748797
3892,bike,fixed,decaps,779969
3893,bike,fixed,decaps,775172
3894,bike,fixed,decaps,760676
3895,bike,fixed,decaps,756138
3896,bike,fixed,decaps,756220
3897,bike,fixed,decaps,781775
3898,bike,fixed,decaps,757521
3899,bike,fixed,decaps,772372
3900,bike,fixed,decaps,714039
3901,bike,fixed,decaps,757470
3902,bike,fixed,decaps,734053
3903,bike,fixed,decaps,774769
3904,bike,fixed,decaps,781151
3905,bike,fixed,decaps,778551
3906,bike,fixed,decaps,750557
3907,bike,fixed,decaps,745024
3908,bike,fixed,decaps,734764
3909,bike,fixed,decaps,734646
3910,bike,fixed,decaps,737757
3911,bike,fixed,decaps,734760
3912,bike,fixed,decaps,734672
3913,bike,fixed,decaps,734694
3914,bike,fixed,decaps,734363
3915,bike,fixed,decaps,734632
3916,bike,fixed,decaps,737241
3917,bike,fixed,decaps,734510
3918,bike,fixed,decaps,734714
3919,bike,fixed,decaps,734514
3920,bike,fixed,decaps,734787
3921,bike,fixed,decaps,737408
3922,bike,fixed,decaps,735397
3923,bike,fixed,decaps,734895
3924,bike,fixed,decaps,756310
3925,bike,fixed,decaps,735399
3926,bike,fixed,decaps,739270
3927,bike,fixed,decaps,734591
3928,bike,fixed,decaps,761359
3929,bike,fixed,decaps,775781
3930,bike,fixed,decaps,807886
3931,bike,fixed,decaps,756793
3932,bike,fixed,decaps,763339
3933,bike,fixed,decaps,756703
3934,bike,fixed,decaps,756668
3935,bike,fixed,decaps,756675
3936,bike,fixed,decaps,756602
3937,bike,fixed,decaps,759759
3938,bike,fixed,decaps,756666
3939,bike,fixed,decaps,769909
3940,bike,fixed,decaps,713147
3941,bike,fixed,decaps,756138
3942,bike,fixed,decaps,738726
3943,bike,fixed,decaps,734517
3944,bike,fixed,decaps,734145
3945,bike,fixed,decaps,734237
3946,bike,fixed,decaps,733968
3947,bike,fixed,decaps,734372
3948,bike,fixed,decaps,738976
3949,bike,fixed,decaps,734284
3950,bike,fixed,decaps,734264
3951,bike,fixed,decaps,756325
3952,bike,fixed,decaps,801319
3953,bike,fixed,decaps,781955
3954,bike,fixed,decaps,756116
3955,bike,fixed,decaps,756126
3956,bike,fixed,decaps,778158
3957,bike,fixed,decaps,758005
3958,bike,fixed,decaps,765737
3959,bike,fixed,decaps,743042
3960,bike,fixed,decaps,734540
3961,bike,fixed,decaps,734270
3962,bike,fixed,decaps,734662
3963,bike,fixed,decaps,749396
3964,bike,fixed,decaps,783759
3965,bike,fixed,decaps,774500
3966,bike,fixed,decaps,770644
3967,bike,fixed,decaps,768191
3968,bike,fixed,decaps,713986
3969,bike,fixed,decaps,756753
3970,bike,fixed,decaps,735163
3971,bike,fixed,decaps,734819
3972,bike,fixed,decaps,734486
3973,bike,fixed,decaps,734630
3974,bike,fixed,decaps,737255
3975,bike,fixed,decaps,749175
3976,bike,fixed,decaps,779817
3977,bike,fixed,decaps,750620
3978,bike,fixed,decaps,772846
3979,bike,fixed,decaps,734887
3980,bike,fixed,decaps,742115
3981,bike,fixed,decaps,735002
3982,bike,fixed,decaps,734462
3983,bike,fixed,decaps,754284
3984,bike,fixed,decaps,735826
3985,bike,fixed,decaps,739418
3986,bike,fixed,decaps,734913
3987,bike,fixed,decaps,734872
3988,bike,fixed,decaps,734720
3989,bike,fixed,decaps,734683
3990,bike,fixed,decaps,737941
3991,bike,fixed,decaps,734694
3992,bike,fixed,decaps,792082
3993,bike,fixed,decaps,780684
3994,bike,fixed,decaps,784344
3995,bike,fixed,decaps,756721
3996,bike,fixed,decaps,761273
3997,bike,fixed,decaps,757117
3998,bike,fixed,decaps,756949
3999,bike,fixed,decaps,772365
4000,bike,fixed,decaps,734299
4001,bike,fixed,decaps,742856
4002,bike,fixed,decaps,734835
4003,bike,fixed,decaps,734494
4004,bike,fixed,decaps,759286
4005,bike,fixed,decaps,785690
4006,bike,fixed,decaps,788522
4007,bike,fixed,decaps,770942
4008,bike,fixed,decaps,734708
4009,bike,fixed,decaps,739785
4010,bike,fixed,decaps,759941
4011,bike,fixed,decaps,739163
4012,bike,fixed,decaps,735019
4013,bike,fixed,decaps,735004
4014,bike,fixed,decaps,734920
4015,bike,fixed,decaps,734601
4016,bike,fixed,decaps,734895
4017,bike,fixed,decaps,737143
4018,bike,fixed,decaps,734619
4019,bike,fixed,decaps,734890
4020,bike,fixed,decaps,734824
4021,bike,fixed,decaps,734937
4022,bike,fixed,decaps,770155
4023,bike,fixed,decaps,797499
4024,bike,fixed,decaps,756930
4025,bike,fixed,decaps,757237
4026,bike,fixed,decaps,757595
4027,bike,fixed,decaps,783813
4028,bike,fixed,decaps,763191
4029,bike,fixed,decaps,810890
4030,bike,fixed,decaps,743917
4031,bike,fixed,decaps,767109
4032,bike,fixed,decaps,734131
4033,bike,fixed,decaps,742378
4034,bike,fixed,decaps,734277
4035,bike,fixed,decaps,733877
4036,bike,fixed,decaps,734234
4037,bike,fixed,decaps,816093
4038,bike,fixed,decaps,786468
4039,bike,fixed,decaps,762744
4040,bike,fixed,decaps,757098
4041,bike,fixed,decaps,757361
4042,bike,fixed,decaps,756928
4043,bike,fixed,decaps,778957
4044,bike,fixed,decaps,780012
4045,bike,fixed,decaps,756805
4046,bike,fixed,decaps,759007
4047,bike,fixed,decaps,734880
4048,bike,fixed,decaps,740388
4049,bike,fixed,decaps,1110837
4050,bike,fixed,decaps,713241
4051,bike,fixed,decaps,767940
4052,bike,fixed,decaps,733905
4053,bike,fixed,decaps,737000
4054,bike,fixed,decaps,733495
4055,bike,fixed,decaps,733923
4056,bike,fixed,decaps,734125
4057,bike,fixed,decaps,763445
4058,bike,fixed,decaps,735113
4059,bike,fixed,decaps,772020
4060,bike,fixed,decaps,769270
4061,bike,fixed,decaps,760763
4062,bike,fixed,decaps,771323
4063,bike,fixed,decaps,764033
4064,bike,fixed,decaps,776662
4065,bike,fixed,decaps,764226
4066,bike,fixed,decaps,713336
4067,bike,fixed,decaps,757795
4068,bike,fixed,decaps,734216
4069,bike,fixed,decaps,737761
4070,bike,fixed,decaps,733744
4071,bike,fixed,decaps,734345
4072,bike,fixed,decaps,734359
4073,bike,fixed,decaps,734254
4074,bike,fixed,decaps,734286
4075,bike,fixed,decaps,737374
4076,bike,fixed,decaps,757626
4077,bike,fixed,decaps,756849
4078,bike,fixed,decaps,756115
4079,bike,fixed,decaps,756372
4080,bike,fixed,decaps,759630
4081,bike,fixed,decaps,768815
4082,bike,fixed,decaps,713479
4083,bike,fixed,decaps,757606
4084,bike,fixed,decaps,757442
4085,bike,fixed,decaps,740398
4086,bike,fixed,decaps,734284
4087,bike,fixed,decaps,765296
4088,bike,fixed,decaps,756671
4089,bike,fixed,decaps,772398
4090,bike,fixed,decaps,760771
4091,bike,fixed,decaps,760571
4092,bike,fixed,decaps,759731
4093,bike,fixed,decaps,756445
4094,bike,fixed,decaps,756596
4095,bike,fixed,decaps,756512
4096,bike,fixed,decaps,759203
4097,bike,fixed,decaps,756125
4098,bike,fixed,decaps,761905
4099,bike,fixed,decaps,727460
4100,bike,fixed,decaps,752618
4101,bike,fixed,decaps,749676
4102,bike,fixed,decaps,734458
4103,bike,fixed,decaps,734560
4104,bike,fixed,decaps,734003
4105,bike,fixed,decaps,734323
4106,bike,fixed,decaps,734151
4107,bike,fixed,decaps,736907
4108,bike,fixed,decaps,734178
4109,bike,fixed,decaps,734069
4110,bike,fixed,decaps,734196
4111,bike,fixed,decaps,761746
4112,bike,fixed,decaps,741979
4113,bike,fixed,decaps,734855
4114,bike,fixed,decaps,734313
4115,bike,fixed,decaps,734415
4116,bike,fixed,decaps,788390
4117,bike,fixed,decaps,780615
4118,bike,fixed,decaps,787904
4119,bike,fixed,decaps,773394
4120,bike,fixed,decaps,756869
4121,bike,fixed,decaps,756225
4122,bike,fixed,decaps,785050
4123,bike,fixed,decaps,764258
4124,bike,fixed,decaps,756548
4125,bike,fixed,decaps,760869
4126,bike,fixed,decaps,719147
4127,bike,fixed,decaps,754982
4128,bike,fixed,decaps,750417
4129,bike,fixed,decaps,759751
4130,bike,fixed,decaps,791844
4131,bike,fixed,decaps,756563
4132,bike,fixed,decaps,742838
4133,bike,fixed,decaps,753171
4134,bike,fixed,decaps,733762
4135,bike,fixed,decaps,734925
4136,bike,fixed,decaps,733758
4137,bike,fixed,decaps,733440
4138,bike,fixed,decaps,763808
4139,bike,fixed,decaps,742011
4140,bike,fixed,decaps,778189
4141,bike,fixed,decaps,783610
4142,bike,fixed,decaps,755550
4143,bike,fixed,decaps,755975
4144,bike,fixed,decaps,759987
4145,bike,fixed,decaps,783021
4146,bike,fixed,decaps,756447
4147,bike,fixed,decaps,756379
4148,bike,fixed,decaps,740555
4149,bike,fixed,decaps,716851
4150,bike,fixed,decaps,739428
4151,bike,fixed,decaps,734492
4152,bike,fixed,decaps,734546
4153,bike,fixed,decaps,734080
4154,bike,fixed,decaps,747898
4155,bike,fixed,decaps,773031
4156,bike,fixed,decaps,756428
4157,bike,fixed,decaps,756680
4158,bike,fixed,decaps,771639
4159,bike,fixed,decaps,712464
4160,bike,fixed,decaps,757324
4161,bike,fixed,decaps,768372
4162,bike,fixed,decaps,789054
4163,bike,fixed,decaps,806600
4164,bike,fixed,decaps,737494
4165,bike,fixed,decaps,784787
4166,bike,fixed,decaps,735118
4167,bike,fixed,decaps,734287
4168,bike,fixed,decaps,734486
4169,bike,fixed,decaps,734343
4170,bike,fixed,decaps,745485
4171,bike,fixed,decaps,734744
4172,bike,fixed,decaps,831140
4173,bike,fixed,decaps,779076
4174,bike,fixed,decaps,756562
4175,bike,fixed,decaps,762122
4176,bike,fixed,decaps,730247
4177,bike,fixed,decaps,752518
4178,bike,fixed,decaps,734301
4179,bike,fixed,decaps,734610
4180,bike,fixed,decaps,734407
4181,bike,fixed,decaps,738391
4182,bike,fixed,decaps,759629
4183,bike,fixed,decaps,780542
4184,bike,fixed,decaps,770515
4185,bike,fixed,decaps,756472
4186,bike,fixed,decaps,764160
4187,bike,fixed,decaps,736345
4188,bike,fixed,decaps,734376
4189,bike,fixed,decaps,734379
4190,bike,fixed,decaps,778284
4191,bike,fixed,decaps,791660
4192,bike,fixed,decaps,784812
4193,bike,fixed,decaps,741580
4194,bike,fixed,decaps,739853
4195,bike,fixed,decaps,734156
4196,bike,fixed,decaps,733731
4197,bike,fixed,decaps,744038
4198,bike,fixed,decaps,756170
4199,bike,fixed,decaps,750295
4200,bike,fixed,decaps,780787
4201,bike,fixed,decaps,775464
4202,bike,fixed,decaps,769284
4203,bike,fixed,decaps,756444
4204,bike,fixed,decaps,757008
4205,bike,fixed,decaps,741392
4206,bike,fixed,decaps,747804
4207,bike,fixed,decaps,734537
4208,bike,fixed,decaps,737135
4209,bike,fixed,decaps,734697
4210,bike,fixed,decaps,734021
4211,bike,fixed,decaps,734497
4212,bike,fixed,decaps,734377
4213,bike,fixed,decaps,737877
4214,bike,fixed,decaps,734627
4215,bike,fixed,decaps,769673
4216,bike,fixed,decaps,892931
4217,bike,fixed,decaps,789865
4218,bike,fixed,decaps,824532
4219,bike,fixed,decaps,757732
4220,bike,fixed,decaps,802835
4221,bike,fixed,decaps,714254
4222,bike,fixed,decaps,777437
4223,bike,fixed,decaps,788127
4224,bike,fixed,decaps,756188
4225,bike,fixed,decaps,791435
4226,bike,fixed,decaps,737960
4227,bike,fixed,decaps,750268
4228,bike,fixed,decaps,741546
4229,bike,fixed,decaps,734441
4230,bike,fixed,decaps,734540
4231,bike,fixed,decaps,734816
4232,bike,fixed,decaps,733589
4233,bike,fixed,decaps,733599
4234,bike,fixed,decaps,738640
4235,bike,fixed,decaps,733906
4236,bike,fixed,decaps,733883
4237,bike,fixed,decaps,734029
4238,bike,fixed,decaps,768889
4239,bike,fixed,decaps,739563
4240,bike,fixed,decaps,734246
4241,bike,fixed,decaps,734262
4242,bike,fixed,decaps,777637
4243,bike,fixed,decaps,784045
4244,bike,fixed,decaps,756192
4245,bike,fixed,decaps,791975
4246,bike,fixed,decaps,756856
4247,bike,fixed,decaps,756034
4248,bike,fixed,decaps,756101
4249,bike,fixed,decaps,765944
4250,bike,fixed,decaps,764423
4251,bike,fixed,decaps,769746
4252,bike,fixed,decaps,798111
4253,bike,fixed,decaps,715163
4254,bike,fixed,decaps,759091
4255,bike,fixed,decaps,804271
4256,bike,fixed,decaps,737229
4257,bike,fixed,decaps,737531
4258,bike,fixed,decaps,737959
4259,bike,fixed,decaps,748488
4260,bike,fixed,decaps,836533
4261,bike,fixed,decaps,794713
4262,bike,fixed,decaps,761063
4263,bike,fixed,decaps,776434
4264,bike,fixed,decaps,792107
4265,bike,fixed,decaps,796413
4266,bike,fixed,decaps,836973
4267,bike,fixed,decaps,769463
4268,bike,fixed,decaps,838871
4269,bike,fixed,decaps,759828
4270,bike,fixed,decaps,791459
4271,bike,fixed,decaps,792669
4272,bike,fixed,decaps,756934
4273,bike,fixed,decaps,756897
4274,bike,fixed,decaps,756722
4275,bike,fixed,decaps,756559
4276,bike,fixed,decaps,764261
4277,bike,fixed,decaps,756543
4278,bike,fixed,decaps,782393
4279,bike,fixed,decaps,737250
4280,bike,fixed,decaps,735277
4281,bike,fixed,decaps,773576
4282,bike,fixed,decaps,774938
4283,bike,fixed,decaps,787456
4284,bike,fixed,decaps,713358
4285,bike,fixed,decaps,753588
4286,bike,fixed,decaps,1089142
4287,bike,fixed,decaps,755198
4288,bike,fixed,decaps,754117
4289,bike,fixed,decaps,734526
4290,bike,fixed,decaps,734329
4291,bike,fixed,decaps,742030
4292,bike,fixed,decaps,753114
4293,bike,fixed,decaps,756291
4294,bike,fixed,decaps,772372
4295,bike,fixed,decaps,756507
4296,bike,fixed,decaps,768610
4297,bike,fixed,decaps,756985
4298,bike,fixed,decaps,782506
4299,bike,fixed,decaps,756913
4300,bike,fixed,decaps,756139
4301,bike,fixed,decaps,805671
4302,bike,fixed,decaps,713609
4303,bike,fixed,decaps,784022
4304,bike,fixed,decaps,734487
4305,bike,fixed,decaps,734401
4306,bike,fixed,decaps,734187
4307,bike,fixed,decaps,795580
4308,bike,fixed,decaps,781228
4309,bike,fixed,decaps,767312
4310,bike,fixed,decaps,729409
4311,bike,fixed,decaps,753944
4312,bike,fixed,decaps,741256
4313,bike,fixed,decaps,758053
4314,bike,fixed,decaps,780653
4315,bike,fixed,decaps,771911
4316,bike,fixed,decaps,765095
4317,bike,fixed,decaps,776201
4318,bike,fixed,decaps,734723
4319,bike,fixed,decaps,801576
4320,bike,fixed,decaps,775537
4321,bike,fixed,decaps,756802
4322,bike,fixed,decaps,756974
4323,bike,fixed,decaps,775691
4324,bike,fixed,decaps,783120
4325,bike,fixed,decaps,755043
4326,bike,fixed,decaps,741066
4327,bike,fixed,decaps,734661
4328,bike,fixed,decaps,740481
4329,bike,fixed,decaps,734450
4330,bike,fixed,decaps,759194
4331,bike,fixed,decaps,735000
4332,bike,fixed,decaps,734909
4333,bike,fixed,decaps,746427
4334,bike,fixed,decaps,734423
4335,bike,fixed,decaps,734574
4336,bike,fixed,decaps,734536
4337,bike,fixed,decaps,766055
4338,bike,fixed,decaps,790489
4339,bike,fixed,decaps,764278
4340,bike,fixed,decaps,740414
4341,bike,fixed,decaps,742671
4342,bike,fixed,decaps,734214
4343,bike,fixed,decaps,733952
4344,bike,fixed,decaps,740123
4345,bike,fixed,decaps,774551
4346,bike,fixed,decaps,789530
4347,bike,fixed,decaps,756707
4348,bike,fixed,decaps,756786
4349,bike,fixed,decaps,763456
4350,bike,fixed,decaps,767248
4351,bike,fixed,decaps,737095
4352,bike,fixed,decaps,759413
4353,bike,fixed,decaps,734480
4354,bike,fixed,decaps,741385
4355,bike,fixed,decaps,736263
4356,bike,fixed,decaps,790123
4357,bike,fixed,decaps,803854
4358,bike,fixed,decaps,757414
4359,bike,fixed,decaps,771094
4360,bike,fixed,decaps,791342
4361,bike,fixed,decaps,776804
4362,bike,fixed,decaps,756578
4363,bike,fixed,decaps,777144
4364,bike,fixed,decaps,734650
4365,bike,fixed,decaps,769684
4366,bike,fixed,decaps,739603
4367,bike,fixed,decaps,740406
4368,bike,fixed,decaps,734365
4369,bike,fixed,decaps,780594
4370,bike,fixed,decaps,787564
4371,bike,fixed,decaps,757414
4372,bike,fixed,decaps,756826
4373,bike,fixed,decaps,756798
4374,bike,fixed,decaps,756768
4375,bike,fixed,decaps,790305
4376,bike,fixed,decaps,718644
4377,bike,fixed,decaps,751465
4378,bike,fixed,decaps,777262
4379,bike,fixed,decaps,735128
4380,bike,fixed,decaps,735048
4381,bike,fixed,decaps,741805
4382,bike,fixed,decaps,772477
4383,bike,fixed,decaps,810178
4384,bike,fixed,decaps,819615
4385,bike,fixed,decaps,714631
4386,bike,fixed,decaps,778236
4387,bike,fixed,decaps,734369
4388,bike,fixed,decaps,748665
4389,bike,fixed,decaps,790409
4390,bike,fixed,decaps,774858
4391,bike,fixed,decaps,760412
4392,bike,fixed,decaps,742188
4393,bike,fixed,decaps,733812
4394,bike,fixed,decaps,733911
4395,bike,fixed,decaps,733905
4396,bike,fixed,decaps,733885
4397,bike,fixed,decaps,740050
4398,bike,fixed,decaps,733984
4399,bike,fixed,decaps,766012
4400,bike,fixed,decaps,780687
4401,bike,fixed,decaps,779713
4402,bike,fixed,decaps,767031
4403,bike,fixed,decaps,740585
4404,bike,fixed,decaps,754112
4405,bike,fixed,decaps,747943
4406,bike,fixed,decaps,735621
4407,bike,fixed,decaps,741383
4408,bike,fixed,decaps,734588
4409,bike,fixed,decaps,734455
4410,bike,fixed,decaps,813649
4411,bike,fixed,decaps,780867
4412,bike,fixed,decaps,794139
4413,bike,fixed,decaps,734321
4414,bike,fixed,decaps,740023
4415,bike,fixed,decaps,733864
4416,bike,fixed,decaps,734182
4417,bike,fixed,decaps,733875
4418,bike,fixed,decaps,742218
4419,bike,fixed,decaps,733760
4420,bike,fixed,decaps,734100
4421,bike,fixed,decaps,733405
4422,bike,fixed,decaps,733516
4423,bike,fixed,decaps,786428
4424,bike,fixed,decaps,788825
4425,bike,fixed,decaps,756586
4426,bike,fixed,decaps,770770
4427,bike,fixed,decaps,755487
4428,bike,fixed,decaps,760087
4429,bike,fixed,decaps,756300
4430,bike,fixed,decaps,783953
4431,bike,fixed,decaps,756623
4432,bike,fixed,decaps,766993
4433,bike,fixed,decaps,756753
4434,bike,fixed,decaps,737915
4435,bike,fixed,decaps,734150
4436,bike,fixed,decaps,734133
4437,bike,fixed,decaps,764220
4438,bike,fixed,decaps,734681
4439,bike,fixed,decaps,742045
4440,bike,fixed,decaps,734199
4441,bike,fixed,decaps,734103
4442,bike,fixed,decaps,733887
4443,bike,fixed,decaps,735005
4444,bike,fixed,decaps,760866
4445,bike,fixed,decaps,780257
4446,bike,fixed,decaps,771261
4447,bike,fixed,decaps,756503
4448,bike,fixed,decaps,769564
4449,bike,fixed,decaps,733811
4450,bike,fixed,decaps,736040
4451,bike,fixed,decaps,734346
4452,bike,fixed,decaps,760153
4453,bike,fixed,decaps,734831
4454,bike,fixed,decaps,768290
4455,bike,fixed,decaps,762717
4456,bike,fixed,decaps,756804
4457,bike,fixed,decaps,791289
4458,bike,fixed,decaps,756883
4459,bike,fixed,decaps,756397
4460,bike,fixed,decaps,763295
4461,bike,fixed,decaps,755870
4462,bike,fixed,decaps,756065
4463,bike,fixed,decaps,741429
4464,bike,fixed,decaps,774841
4465,bike,fixed,decaps,734359
4466,bike,fixed,decaps,741081
4467,bike,fixed,decaps,733994
4468,bike,fixed,decaps,734037
4469,bike,fixed,decaps,734124
4470,bike,fixed,decaps,733952
4471,bike,fixed,decaps,768702
4472,bike,fixed,decaps,756459
4473,bike,fixed,decaps,756146
4474,bike,fixed,decaps,756093
4475,bike,fixed,decaps,756246
4476,bike,fixed,decaps,777792
4477,bike,fixed,decaps,770275
4478,bike,fixed,decaps,713377
4479,bike,fixed,decaps,783336
4480,bike,fixed,decaps,734376
4481,bike,fixed,decaps,733960
4482,bike,fixed,decaps,741291
4483,bike,fixed,decaps,734229
4484,bike,fixed,decaps,758808
4485,bike,fixed,decaps,748720
4486,bike,fixed,decaps,756299
4487,bike,fixed,decaps,763339
4488,bike,fixed,decaps,756536
4489,bike,fixed,decaps,756483
4490,bike,fixed,decaps,761863
4491,bike,fixed,decaps,775370
4492,bike,fixed,decaps,775858
4493,bike,fixed,decaps,793007
4494,bike,fixed,decaps,719409
4495,bike,fixed,decaps,753958
4496,bike,fixed,decaps,734389
4497,bike,fixed,decaps,742846
4498,bike,fixed,decaps,734899
4499,bike,fixed,decaps,734854
4500,bike,fixed,decaps,740818
4501,bike,fixed,decaps,832175
4502,bike,fixed,decaps,735269
4503,bike,fixed,decaps,776815
4504,bike,fixed,decaps,756289
4505,bike,fixed,decaps,799116
4506,bike,fixed,decaps,794051
4507,bike,fixed,decaps,756563
4508,bike,fixed,decaps,779663
4509,bike,fixed,decaps,792647
4510,bike,fixed,decaps,741184
4511,bike,fixed,decaps,734150
4512,bike,fixed,decaps,733862
4513,bike,fixed,decaps,740563
4514,bike,fixed,decaps,733343
4515,bike,fixed,decaps,733774
4516,bike,fixed,decaps,733419
4517,bike,fixed,decaps,793040
4518,bike,fixed,decaps,801051
4519,bike,fixed,decaps,767751
4520,bike,fixed,decaps,756908
4521,bike,fixed,decaps,756892
4522,bike,fixed,decaps,756700
4523,bike,fixed,decaps,756701
4524,bike,fixed,decaps,762900
4525,bike,fixed,decaps,756566
4526,bike,fixed,decaps,768338
4527,bike,fixed,decaps,734422
4528,bike,fixed,decaps,734233
4529,bike,fixed,decaps,739883
4530,bike,fixed,decaps,744365
4531,bike,fixed,decaps,734632
4532,bike,fixed,decaps,755909
4533,bike,fixed,decaps,733998
4534,bike,fixed,decaps,737256
4535,bike,fixed,decaps,734322
4536,bike,fixed,decaps,758212
4537,bike,fixed,decaps,734816
4538,bike,fixed,decaps,734337
4539,bike,fixed,decaps,734307
4540,bike,fixed,decaps,770535
4541,bike,fixed,decaps,756133
4542,bike,fixed,decaps,769879
4543,bike,fixed,decaps,782132
4544,bike,fixed,decaps,757287
4545,bike,fixed,decaps,764184
4546,bike,fixed,decaps,757197
4547,bike,fixed,decaps,761993
4548,bike,fixed,decaps,729167
4549,bike,fixed,decaps,751225
4550,bike,fixed,decaps,739936
4551,bike,fixed,decaps,734708
4552,bike,fixed,decaps,734857
4553,bike,fixed,decaps,734839
4554,bike,fixed,decaps,734912
4555,bike,fixed,decaps,734921
4556,bike,fixed,decaps,781914
4557,bike,fixed,decaps,1277372
4558,bike,fixed,decaps,779915
4559,bike,fixed,decaps,757588
4560,bike,fixed,decaps,764069
4561,bike,fixed,decaps,756896
4562,bike,fixed,decaps,757214
4563,bike,fixed,decaps,779827
4564,bike,fixed,decaps,762670
4565,bike,fixed,decaps,752147
4566,bike,fixed,decaps,752237
4567,bike,fixed,decaps,734066
4568,bike,fixed,decaps,734257
4569,bike,fixed,decaps,758372
4570,bike,fixed,decaps,747948
4571,bike,fixed,decaps,740737
4572,bike,fixed,decaps,734891
4573,bike,fixed,decaps,734332
4574,bike,fixed,decaps,792209
4575,bike,fixed,decaps,776077
4576,bike,fixed,decaps,763176
4577,bike,fixed,decaps,757204
4578,bike,fixed,decaps,756957
4579,bike,fixed,decaps,744523
4580,bike,fixed,decaps,746389
4581,bike,fixed,decaps,734715
4582,bike,fixed,decaps,739138
4583,bike,fixed,decaps,734786
4584,bike,fixed,decaps,734750
4585,bike,fixed,decaps,757273
4586,bike,fixed,decaps,734641
4587,bike,fixed,decaps,741171
4588,bike,fixed,decaps,734726
4589,bike,fixed,decaps,759572
4590,bike,fixed,decaps,758495
4591,bike,fixed,decaps,734360
4592,bike,fixed,decaps,743984
4593,bike,fixed,decaps,734262
4594,bike,fixed,decaps,734868
4595,bike,fixed,decaps,775151
4596,bike,fixed,decaps,812831
4597,bike,fixed,decaps,788294
4598,bike,fixed,decaps,724222
4599,bike,fixed,decaps,757037
4600,bike,fixed,decaps,767912
4601,bike,fixed,decaps,790003
4602,bike,fixed,decaps,756923
4603,bike,fixed,decaps,756520
4604,bike,fixed,decaps,750149
4605,bike,fixed,decaps,734012
4606,bike,fixed,decaps,734225
4607,bike,fixed,decaps,783957
4608,bike,fixed,decaps,785738
4609,bike,fixed,decaps,756570
4610,bike,fixed,decaps,757072
4611,bike,fixed,decaps,736627
4612,bike,fixed,decaps,770922
4613,bike,fixed,decaps,739023
4614,bike,fixed,decaps,734856
4615,bike,fixed,decaps,734885
4616,bike,fixed,decaps,734670
4617,bike,fixed,decaps,757632
4618,bike,fixed,decaps,734673
4619,bike,fixed,decaps,740059
4620,bike,fixed,decaps,769826
4621,bike,fixed,decaps,786976
4622,bike,fixed,decaps,780647
4623,bike,fixed,decaps,757360
4624,bike,fixed,decaps,763739
4625,bike,fixed,decaps,762316
4626,bike,fixed,decaps,718500
4627,bike,fixed,decaps,754467
4628,bike,fixed,decaps,734828
4629,bike,fixed,decaps,741573
4630,bike,fixed,decaps,734504
4631,bike,fixed,decaps,734792
4632,bike,fixed,decaps,734705
4633,bike,fixed,decaps,735184
4634,bike,fixed,decaps,734378
4635,bike,fixed,decaps,748178
4636,bike,fixed,decaps,735023
4637,bike,fixed,decaps,734736
4638,bike,fixed,decaps,734659
4639,bike,fixed,decaps,802246
4640,bike,fixed,decaps,784273
4641,bike,fixed,decaps,765354
4642,bike,fixed,decaps,714032
4643,bike,fixed,decaps,754902
4644,bike,fixed,decaps,759999
4645,bike,fixed,decaps,741024
4646,bike,fixed,decaps,735190
4647,bike,fixed,decaps,735229
4648,bike,fixed,decaps,735689
4649,bike,fixed,decaps,757501
4650,bike,fixed,decaps,734996
4651,bike,fixed,decaps,741208
4652,bike,fixed,decaps,767921
4653,bike,fixed,decaps,787965
4654,bike,fixed,decaps,803042
4655,bike,fixed,decaps,731662
4656,bike,fixed,decaps,777920
4657,bike,fixed,decaps,734840
4658,bike,fixed,decaps,734594
4659,bike,fixed,decaps,734623
4660,bike,fixed,decaps,734446
4661,bike,fixed,decaps,739342
4662,bike,fixed,decaps,734802
4663,bike,fixed,decaps,734407
4664,bike,fixed,decaps,770445
4665,bike,fixed,decaps,818194
4666,bike,fixed,decaps,757799
4667,bike,fixed,decaps,763627
4668,bike,fixed,decaps,756647
4669,bike,fixed,decaps,761778
4670,bike,fixed,decaps,728922
4671,bike,fixed,decaps,765557
4672,bike,fixed,decaps,742430
4673,bike,fixed,decaps,734612
4674,bike,fixed,decaps,734437
4675,bike,fixed,decaps,734455
4676,bike,fixed,decaps,758565
4677,bike,fixed,decaps,758319
4678,bike,fixed,decaps,734417
4679,bike,fixed,decaps,736037
4680,bike,fixed,decaps,799743
4681,bike,fixed,decaps,784899
4682,bike,fixed,decaps,756674
4683,bike,fixed,decaps,814714
4684,bike,fixed,decaps,757279
4685,bike,fixed,decaps,756883
4686,bike,fixed,decaps,768781
4687,bike,fixed,decaps,724365
4688,bike,fixed,decaps,775779
4689,bike,fixed,decaps,733975
4690,bike,fixed,decaps,733928
4691,bike,fixed,decaps,734140
4692,bike,fixed,decaps,738160
4693,bike,fixed,decaps,750319
4694,bike,fixed,decaps,734279
4695,bike,fixed,decaps,734266
4696,bike,fixed,decaps,784531
4697,bike,fixed,decaps,807548
4698,bike,fixed,decaps,764575
4699,bike,fixed,decaps,757078
4700,bike,fixed,decaps,738010
4701,bike,fixed,decaps,752168
4702,bike,fixed,decaps,785058
4703,bike,fixed,decaps,780267
4704,bike,fixed,decaps,777067
4705,bike,fixed,decaps,745193
4706,bike,fixed,decaps,743936
4707,bike,fixed,decaps,734283
4708,bike,fixed,decaps,734073
4709,bike,fixed,decaps,783687
4710,bike,fixed,decaps,785253
4711,bike,fixed,decaps,756725
4712,bike,fixed,decaps,756813
4713,bike,fixed,decaps,744830
4714,bike,fixed,decaps,779160
4715,bike,fixed,decaps,734593
4716,bike,fixed,decaps,734473
4717,bike,fixed,decaps,734679
4718,bike,fixed,decaps,734981
4719,bike,fixed,decaps,754292
4720,bike,fixed,decaps,753967
4721,bike,fixed,decaps,734472
4722,bike,fixed,decaps,734430
4723,bike,fixed,decaps,734552
4724,bike,fixed,decaps,816998
4725,bike,fixed,decaps,787823
4726,bike,fixed,decaps,782741
4727,bike,fixed,decaps,757288
4728,bike,fixed,decaps,757001
4729,bike,fixed,decaps,781162
4730,bike,fixed,decaps,785487
4731,bike,fixed,decaps,734934
4732,bike,fixed,decaps,734816
4733,bike,fixed,decaps,728346
4734,bike,fixed,decaps,752229
4735,bike,fixed,decaps,755264
4736,bike,fixed,decaps,734500
4737,bike,fixed,decaps,766630
4738,bike,fixed,decaps,757087
4739,bike,fixed,decaps,756698
4740,bike,fixed,decaps,757061
4741,bike,fixed,decaps,761832
4742,bike,fixed,decaps,756599
4743,bike,fixed,decaps,756642
4744,bike,fixed,decaps,761576
4745,bike,fixed,decaps,735762
4746,bike,fixed,decaps,772126
4747,bike,fixed,decaps,735199
4748,bike,fixed,decaps,735040
4749,bike,fixed,decaps,734608
4750,bike,fixed,decaps,734845
4751,bike,fixed,decaps,783471
4752,bike,fixed,decaps,757760
4753,bike,fixed,decaps,757182
4754,bike,fixed,decaps,757155
4755,bike,fixed,decaps,757099
4756,bike,fixed,decaps,780553
4757,bike,fixed,decaps,762917
4758,bike,fixed,decaps,747080
4759,bike,fixed,decaps,744080
4760,bike,fixed,decaps,735081
4761,bike,fixed,decaps,734974
4762,bike,fixed,decaps,750740
4763,bike,fixed,decaps,764586
4764,bike,fixed,decaps,791620
4765,bike,fixed,decaps,756510
4766,bike,fixed,decaps,756140
4767,bike,fixed,decaps,762185
4768,bike,fixed,decaps,772918
4769,bike,fixed,decaps,714347
4770,bike,fixed,decaps,757043
4771,bike,fixed,decaps,734891
4772,bike,fixed,decaps,741283
4773,bike,fixed,decaps,763496
4774,bike,fixed,decaps,735683
4775,bike,fixed,decaps,735128
4776,bike,fixed,decaps,734907
4777,bike,fixed,decaps,734920
4778,bike,fixed,decaps,786708
4779,bike,fixed,decaps,735098
4780,bike,fixed,decaps,734708
4781,bike,fixed,decaps,734490
4782,bike,fixed,decaps,778215
4783,bike,fixed,decaps,811170
4784,bike,fixed,decaps,757400
4785,bike,fixed,decaps,772582
4786,bike,fixed,decaps,756716
4787,bike,fixed,decaps,756813
4788,bike,fixed,decaps,761637
4789,bike,fixed,decaps,756852
4790,bike,fixed,decaps,757183
4791,bike,fixed,decaps,757098
4792,bike,fixed,decaps,766555
4793,bike,fixed,decaps,713486
4794,bike,fixed,decaps,786988
4795,bike,fixed,decaps,734843
4796,bike,fixed,decaps,734253
4797,bike,fixed,decaps,734728
4798,bike,fixed,decaps,753206
4799,bike,fixed,decaps,776944
4800,bike,fixed,decaps,787393
4801,bike,fixed,decaps,760998
4802,bike,fixed,decaps,728795
4803,bike,fixed,decaps,751718
4804,bike,fixed,decaps,763820
4805,bike,fixed,decaps,733931
4806,bike,fixed,decaps,733611
4807,bike,fixed,decaps,733457
4808,bike,fixed,decaps,733586
4809,bike,fixed,decaps,756067
4810,bike,fixed,decaps,740824
4811,bike,fixed,decaps,772032
4812,bike,fixed,decaps,786828
4813,bike,fixed,decaps,756301
4814,bike,fixed,decaps,801563
4815,bike,fixed,decaps,788626
4816,bike,fixed,decaps,742877
4817,bike,fixed,decaps,734740
4818,bike,fixed,decaps,734827
4819,bike,fixed,decaps,734722
4820,bike,fixed,decaps,740191
4821,bike,fixed,decaps,734615
4822,bike,fixed,decaps,734478
4823,bike,fixed,decaps,734675
4824,bike,fixed,decaps,772379
4825,bike,fixed,decaps,833824
4826,bike,fixed,decaps,761747
4827,bike,fixed,decaps,756745
4828,bike,fixed,decaps,765709
4829,bike,fixed,decaps,740354
4830,bike,fixed,decaps,756619
4831,bike,fixed,decaps,740530
4832,bike,fixed,decaps,734060
4833,bike,fixed,decaps,733942
4834,bike,fixed,decaps,733850
4835,bike,fixed,decaps,733939
4836,bike,fixed,decaps,799700
4837,bike,fixed,decaps,788999
4838,bike,fixed,decaps,756572
4839,bike,fixed,decaps,757361
4840,bike,fixed,decaps,734397
4841,bike,fixed,decaps,743714
4842,bike,fixed,decaps,734687
4843,bike,fixed,decaps,734236
4844,bike,fixed,decaps,733966
4845,bike,fixed,decaps,733907
4846,bike,fixed,decaps,734401
4847,bike,fixed,decaps,737104
4848,bike,fixed,decaps,733857
4849,bike,fixed,decaps,734305
4850,bike,fixed,decaps,733812
4851,bike,fixed,decaps,783577
4852,bike,fixed,decaps,800250
4853,bike,fixed,decaps,756949
4854,bike,fixed,decaps,756913
4855,bike,fixed,decaps,742898
4856,bike,fixed,decaps,766791
4857,bike,fixed,decaps,821902
4858,bike,fixed,decaps,757728
4859,bike,fixed,decaps,756541
4860,bike,fixed,decaps,756632
4861,bike,fixed,decaps,765779
4862,bike,fixed,decaps,719167
4863,bike,fixed,decaps,780593
4864,bike,fixed,decaps,734679
4865,bike,fixed,decaps,734177
4866,bike,fixed,decaps,734491
4867,bike,fixed,decaps,829926
4868,bike,fixed,decaps,785757
4869,bike,fixed,decaps,762397
4870,bike,fixed,decaps,741726
4871,bike,fixed,decaps,734779
4872,bike,fixed,decaps,734785
4873,bike,fixed,decaps,739557
4874,bike,fixed,decaps,734148
4875,bike,fixed,decaps,792544
4876,bike,fixed,decaps,777035
4877,bike,fixed,decaps,757184
4878,bike,fixed,decaps,778404
4879,bike,fixed,decaps,763018
4880,bike,fixed,decaps,756488
4881,bike,fixed,decaps,757006
4882,bike,fixed,decaps,740532
4883,bike,fixed,decaps,734357
4884,bike,fixed,decaps,760680
4885,bike,fixed,decaps,735239
4886,bike,fixed,decaps,734686
4887,bike,fixed,decaps,734646
4888,bike,fixed,decaps,734880
4889,bike,fixed,decaps,775345
4890,bike,fixed,decaps,813690
4891,bike,fixed,decaps,757451
4892,bike,fixed,decaps,756895
4893,bike,fixed,decaps,757028
4894,bike,fixed,decaps,792293
4895,bike,fixed,decaps,713831
4896,bike,fixed,decaps,760342
4897,bike,fixed,decaps,734734
4898,bike,fixed,decaps,734839
4899,bike,fixed,decaps,734417
4900,bike,fixed,decaps,741529
4901,bike,fixed,decaps,735097
4902,bike,fixed,decaps,734818
4903,bike,fixed,decaps,735141
4904,bike,fixed,decaps,734994
4905,bike,fixed,decaps,762760
4906,bike,fixed,decaps,734811
4907,bike,fixed,decaps,734479
4908,bike,fixed,decaps,734847
4909,bike,fixed,decaps,734679
4910,bike,fixed,decaps,734535
4911,bike,fixed,decaps,759847
4912,bike,fixed,decaps,735206
4913,bike,fixed,decaps,734600
4914,bike,fixed,decaps,734899
4915,bike,fixed,decaps,792602
4916,bike,fixed,decaps,784857
4917,bike,fixed,decaps,779739
4918,bike,fixed,decaps,772744
4919,bike,fixed,decaps,713120
4920,bike,fixed,decaps,755168
4921,bike,fixed,decaps,767466
4922,bike,fixed,decaps,734846
4923,bike,fixed,decaps,734504
4924,bike,fixed,decaps,772333
4925,bike,fixed,decaps,735742
4926,bike,fixed,decaps,734380
4927,bike,fixed,decaps,741741
4928,bike,fixed,decaps,735208
4929,bike,fixed,decaps,734228
4930,bike,fixed,decaps,736389
4931,bike,fixed,decaps,734622
4932,bike,fixed,decaps,813896
4933,bike,fixed,decaps,784223
4934,bike,fixed,decaps,792080
4935,bike,fixed,decaps,791921
4936,bike,fixed,decaps,775892
4937,bike,fixed,decaps,765797
4938,bike,fixed,decaps,796886
4939,bike,fixed,decaps,719497
4940,bike,fixed,decaps,750305
4941,bike,fixed,decaps,774962
4942,bike,fixed,decaps,793292
4943,bike,fixed,decaps,787298
4944,bike,fixed,decaps,725547
4945,bike,fixed,decaps,752861
4946,bike,fixed,decaps,733817
4947,bike,fixed,decaps,733846
4948,bike,fixed,decaps,740991
4949,bike,fixed,decaps,734286
4950,bike,fixed,decaps,734030
4951,bike,fixed,decaps,734103
4952,bike,fixed,decaps,735923
4953,bike,fixed,decaps,740388
4954,bike,fixed,decaps,762593
4955,bike,fixed,decaps,792300
4956,bike,fixed,decaps,756777
4957,bike,fixed,decaps,747112
4958,bike,fixed,decaps,787028
4959,bike,fixed,decaps,734342
4960,bike,fixed,decaps,734719
4961,bike,fixed,decaps,779361
4962,bike,fixed,decaps,783525
4963,bike,fixed,decaps,763044
4964,bike,fixed,decaps,767770
4965,bike,fixed,decaps,768866
4966,bike,fixed,decaps,752327
4967,bike,fixed,decaps,744275
4968,bike,fixed,decaps,734312
4969,bike,fixed,decaps,768600
4970,bike,fixed,decaps,734999
4971,bike,fixed,decaps,734491
4972,bike,fixed,decaps,734675
4973,bike,fixed,decaps,734696
4974,bike,fixed,decaps,817221
4975,bike,fixed,decaps,786574
4976,bike,fixed,decaps,762637
4977,bike,fixed,decaps,729340
4978,bike,fixed,decaps,750448
4979,bike,fixed,decaps,765025
4980,bike,fixed,decaps,780875
4981,bike,fixed,decaps,770321
4982,bike,fixed,decaps,756759
4983,bike,fixed,decaps,760482
4984,bike,fixed,decaps,718094
4985,bike,fixed,decaps,796979
4986,bike,fixed,decaps,734876
4987,bike,fixed,decaps,764029
4988,bike,fixed,decaps,791151
4989,bike,fixed,decaps,757066
4990,bike,fixed,decaps,763746
4991,bike,fixed,decaps,780674
4992,bike,fixed,decaps,741076
4993,bike,fixed,decaps,896754
4994,bike,fixed,decaps,735341
4995,bike,fixed,decaps,813828
4996,bike,fixed,decaps,783721
4997,bike,fixed,decaps,756590
4998,bike,fixed,decaps,756897
4999,bike,fixed,decaps,741747
5000,bike,fixed,decaps,775316
5001,bike,fixed,decaps,734765
5002,bike,fixed,decaps,734711
5003,bike,fixed,decaps,734653
5004,bike,fixed,decaps,734527
5005,bike,fixed,decaps,734970
5006,bike,fixed,decaps,739171
5007,bike,fixed,decaps,734754
5008,bike,fixed,decaps,826419
5009,bike,fixed,decaps,917248
5010,bike,fixed,decaps,723384
5011,bike,fixed,decaps,841876
5012,bike,fixed,decaps,734894
5013,bike,fixed,decaps,762966
5014,bike,fixed,decaps,757155
5015,bike,fixed,decaps,734776
5016,bike,fixed,decaps,823137
5017,bike,fixed,decaps,779576
5018,bike,fixed,decaps,762776
5019,bike,fixed,decaps,712283
5020,bike,fixed,decaps,758291
5021,bike,fixed,decaps,739595
5022,bike,fixed,decaps,786273
5023,bike,fixed,decaps,780239
5024,bike,fixed,decaps,769528
5025,bike,fixed,decaps,755694
5026,bike,fixed,decaps,761903
5027,bike,fixed,decaps,785224
5028,bike,fixed,decaps,713293
5029,bike,fixed,decaps,751294
5030,bike,fixed,decaps,763819
5031,bike,fixed,decaps,736032
5032,bike,fixed,decaps,742342
5033,bike,fixed,decaps,734365
5034,bike,fixed,decaps,735809
5035,bike,fixed,decaps,734325
5036,bike,fixed,decaps,734090
5037,bike,fixed,decaps,915373
5038,bike,fixed,decaps,804740
5039,bike,fixed,decaps,756479
5040,bike,fixed,decaps,756157
5041,bike,fixed,decaps,755892
5042,bike,fixed,decaps,774424
5043,bike,fixed,decaps,769590
5044,bike,fixed,decaps,734360
5045,bike,fixed,decaps,734035
5046,bike,fixed,decaps,734289
5047,bike,fixed,decaps,741031
5048,bike,fixed,decaps,756227
5049,bike,fixed,decaps,801935
5050,bike,fixed,decaps,776670
5051,bike,fixed,decaps,759155
5052,bike,fixed,decaps,740229
5053,bike,fixed,decaps,740186
5054,bike,fixed,decaps,733978
5055,bike,fixed,decaps,733880
5056,bike,fixed,decaps,734011
5057,bike,fixed,decaps,734694
5058,bike,fixed,decaps,736982
5059,bike,fixed,decaps,758646
5060,bike,fixed,decaps,779825
5061,bike,fixed,decaps,770421
5062,bike,fixed,decaps,747424
5063,bike,fixed,decaps,748621
5064,bike,fixed,decaps,740602
5065,bike,fixed,decaps,747219
5066,bike,fixed,decaps,734254
5067,bike,fixed,decaps,734410
5068,bike,fixed,decaps,734210
5069,bike,fixed,decaps,808968
5070,bike,fixed,decaps,788763
5071,bike,fixed,decaps,756613
5072,bike,fixed,decaps,772818
5073,bike,fixed,decaps,713226
5074,bike,fixed,decaps,773401
5075,bike,fixed,decaps,757221
5076,bike,fixed,decaps,734632
5077,bike,fixed,decaps,734206
5078,bike,fixed,decaps,734172
5079,bike,fixed,decaps,739778
5080,bike,fixed,decaps,747620
5081,bike,fixed,decaps,780131
5082,bike,fixed,decaps,776225
5083,bike,fixed,decaps,756353
5084,bike,fixed,decaps,756803
5085,bike,fixed,decaps,761291
5086,bike,fixed,decaps,755933
5087,bike,fixed,decaps,754894
5088,bike,fixed,decaps,742841
5089,bike,fixed,decaps,735242
5090,bike,fixed,decaps,741259
5091,bike,fixed,decaps,754062
5092,bike,fixed,decaps,733907
5093,bike,fixed,decaps,734030
5094,bike,fixed,decaps,733573
5095,bike,fixed,decaps,739779
5096,bike,fixed,decaps,756358
5097,bike,fixed,decaps,735446
5098,bike,fixed,decaps,741068
5099,bike,fixed,decaps,748940
5100,bike,fixed,decaps,751296
5101,bike,fixed,decaps,786637
5102,bike,fixed,decaps,801819
5103,bike,fixed,decaps,756423
5104,bike,fixed,decaps,756417
5105,bike,fixed,decaps,755996
5106,bike,fixed,decaps,798016
5107,bike,fixed,decaps,749975
5108,bike,fixed,decaps,741005
5109,bike,fixed,decaps,734371
5110,bike,fixed,decaps,790265
5111,bike,fixed,decaps,780956
5112,bike,fixed,decaps,761529
5113,bike,fixed,decaps,718941
5114,bike,fixed,decaps,745517
5115,bike,fixed,decaps,734165
5116,bike,fixed,decaps,737086
5117,bike,fixed,decaps,734029
5118,bike,fixed,decaps,734133
5119,bike,fixed,decaps,754225
5120,bike,fixed,decaps,734015
5121,bike,fixed,decaps,734245
5122,bike,fixed,decaps,791731
5123,bike,fixed,decaps,804968
5124,bike,fixed,decaps,757071
5125,bike,fixed,decaps,756399
5126,bike,fixed,decaps,756707
5127,bike,fixed,decaps,751478
5128,bike,fixed,decaps,713811
5129,bike,fixed,decaps,743006
5130,bike,fixed,decaps,752116
5131,bike,fixed,decaps,734228
5132,bike,fixed,decaps,741891
5133,bike,fixed,decaps,734285
5134,bike,fixed,decaps,734551
5135,bike,fixed,decaps,734290
5136,bike,fixed,decaps,734288
5137,bike,fixed,decaps,734224
5138,bike,fixed,decaps,770995
5139,bike,fixed,decaps,756341
5140,bike,fixed,decaps,756418
5141,bike,fixed,decaps,756048
5142,bike,fixed,decaps,756132
5143,bike,fixed,decaps,764760
5144,bike,fixed,decaps,762689
5145,bike,fixed,decaps,769526
5146,bike,fixed,decaps,756677
5147,bike,fixed,decaps,757038
5148,bike,fixed,decaps,760652
5149,bike,fixed,decaps,762237
5150,bike,fixed,decaps,751624
5151,bike,fixed,decaps,751845
5152,bike,fixed,decaps,734004
5153,bike,fixed,decaps,744741
5154,bike,fixed,decaps,758962
5155,bike,fixed,decaps,734293
5156,bike,fixed,decaps,780849
5157,bike,fixed,decaps,734538
5158,bike,fixed,decaps,733960
5159,bike,fixed,decaps,740736
5160,bike,fixed,decaps,733830
5161,bike,fixed,decaps,733608
5162,bike,fixed,decaps,767872
5163,bike,fixed,decaps,755941
5164,bike,fixed,decaps,762175
5165,bike,fixed,decaps,756615
5166,bike,fixed,decaps,756376
5167,bike,fixed,decaps,749437
5168,bike,fixed,decaps,744176
5169,bike,fixed,decaps,734481
5170,bike,fixed,decaps,740597
5171,bike,fixed,decaps,751697
5172,bike,fixed,decaps,759521
5173,bike,fixed,decaps,780214
5174,bike,fixed,decaps,770127
5175,bike,fixed,decaps,781576
5176,bike,fixed,decaps,741705
5177,bike,fixed,decaps,758090
5178,bike,fixed,decaps,734779
5179,bike,fixed,decaps,789005
5180,bike,fixed,decaps,789040
5181,bike,fixed,decaps,756367
5182,bike,fixed,decaps,756408
5183,bike,fixed,decaps,758987
5184,bike,fixed,decaps,751366
5185,bike,fixed,decaps,740210
5186,bike,fixed,decaps,734490
5187,bike,fixed,decaps,787142
5188,bike,fixed,decaps,815292
5189,bike,fixed,decaps,764157
5190,bike,fixed,decaps,719956
5191,bike,fixed,decaps,779807
5192,bike,fixed,decaps,734830
5193,bike,fixed,decaps,734527
5194,bike,fixed,decaps,734399
5195,bike,fixed,decaps,735129
5196,bike,fixed,decaps,741790
5197,bike,fixed,decaps,734728
5198,bike,fixed,decaps,760365
5199,bike,fixed,decaps,735423
5200,bike,fixed,decaps,734929
5201,bike,fixed,decaps,765982
5202,bike,fixed,decaps,785482
5203,bike,fixed,decaps,732780
5204,bike,fixed,decaps,772678
5205,bike,fixed,decaps,761121
5206,bike,fixed,decaps,792477
5207,bike,fixed,decaps,762572
5208,bike,fixed,decaps,745815
5209,bike,fixed,decaps,758041
5210,bike,fixed,decaps,747352
5211,bike,fixed,decaps,734916
5212,bike,fixed,decaps,743182
5213,bike,fixed,decaps,734344
5214,bike,fixed,decaps,734282
5215,bike,fixed,decaps,734103
5216,bike,fixed,decaps,734535
5217,bike,fixed,decaps,737544
5218,bike,fixed,decaps,734459
5219,bike,fixed,decaps,789450
5220,bike,fixed,decaps,777944
5221,bike,fixed,decaps,757000
5222,bike,fixed,decaps,756917
5223,bike,fixed,decaps,759659
5224,bike,fixed,decaps,746305
5225,bike,fixed,decaps,773639
5226,bike,fixed,decaps,735077
5227,bike,fixed,decaps,737066
5228,bike,fixed,decaps,740468
5229,bike,fixed,decaps,734844
5230,bike,fixed,decaps,774016
5231,bike,fixed,decaps,781109
5232,bike,fixed,decaps,753284
5233,bike,fixed,decaps,768570
5234,bike,fixed,decaps,735117
5235,bike,fixed,decaps,734611
5236,bike,fixed,decaps,757353
5237,bike,fixed,decaps,741828
5238,bike,fixed,decaps,735264
5239,bike,fixed,decaps,741809
5240,bike,fixed,decaps,734972
5241,bike,fixed,decaps,735069
5242,bike,fixed,decaps,734939
5243,bike,fixed,decaps,735134
5244,bike,fixed,decaps,738002
5245,bike,fixed,decaps,762262
5246,bike,fixed,decaps,793619
5247,bike,fixed,decaps,756988
5248,bike,fixed,decaps,756976
5249,bike,fixed,decaps,764839
5250,bike,fixed,decaps,741080
5251,bike,fixed,decaps,755178
5252,bike,fixed,decaps,745378
5253,bike,fixed,decaps,734714
5254,bike,fixed,decaps,734920
5255,bike,fixed,decaps,800991
5256,bike,fixed,decaps,798934
5257,bike,fixed,decaps,760942
5258,bike,fixed,decaps,742841
5259,bike,fixed,decaps,734671
5260,bike,fixed,decaps,740901
5261,bike,fixed,decaps,734766
5262,bike,fixed,decaps,752612
5263,bike,fixed,decaps,780692
5264,bike,fixed,decaps,799362
5265,bike,fixed,decaps,757574
5266,bike,fixed,decaps,743474
5267,bike,fixed,decaps,734866
5268,bike,fixed,decaps,804012
5269,bike,fixed,decaps,777922
5270,bike,fixed,decaps,759726
5271,bike,fixed,decaps,762019
5272,bike,fixed,decaps,727676
5273,bike,fixed,decaps,754016
5274,bike,fixed,decaps,760487
5275,bike,fixed,decaps,780569
5276,bike,fixed,decaps,772314
5277,bike,fixed,decaps,756028
5278,bike,fixed,decaps,759912
5279,bike,fixed,decaps,719421
5280,bike,fixed,decaps,756162
5281,bike,fixed,decaps,737516
5282,bike,fixed,decaps,765392
5283,bike,fixed,decaps,818529
5284,bike,fixed,decaps,757069
5285,bike,fixed,decaps,757001
5286,bike,fixed,decaps,794707
5287,bike,fixed,decaps,745492
5288,bike,fixed,decaps,734550
5289,bike,fixed,decaps,733998
5290,bike,fixed,decaps,757488
5291,bike,fixed,decaps,751630
5292,bike,fixed,decaps,734387
5293,bike,fixed,decaps,734325
5294,bike,fixed,decaps,734024
5295,bike,fixed,decaps,753745
5296,bike,fixed,decaps,780559
5297,bike,fixed,decaps,775754
5298,bike,fixed,decaps,757066
5299,bike,fixed,decaps,780061
5300,bike,fixed,decaps,713703
5301,bike,fixed,decaps,754567
5302,bike,fixed,decaps,737585
5303,bike,fixed,decaps,733747
5304,bike,fixed,decaps,734016
5305,bike,fixed,decaps,734021
5306,bike,fixed,decaps,734287
5307,bike,fixed,decaps,752493
5308,bike,fixed,decaps,794722
5309,bike,fixed,decaps,772200
5310,bike,fixed,decaps,780042
5311,bike,fixed,decaps,744846
5312,bike,fixed,decaps,734245
5313,bike,fixed,decaps,742364
5314,bike,fixed,decaps,735089
5315,bike,fixed,decaps,734797
5316,bike,fixed,decaps,735156
5317,bike,fixed,decaps,759293
5318,bike,fixed,decaps,739874
5319,bike,fixed,decaps,752456
5320,bike,fixed,decaps,780737
5321,bike,fixed,decaps,773207
5322,bike,fixed,decaps,773114
5323,bike,fixed,decaps,768968
5324,bike,fixed,decaps,718832
5325,bike,fixed,decaps,750167
5326,bike,fixed,decaps,734805
5327,bike,fixed,decaps,734837
5328,bike,fixed,decaps,734873
5329,bike,fixed,decaps,737674
5330,bike,fixed,decaps,734693
5331,bike,fixed,decaps,734510
5332,bike,fixed,decaps,734024
5333,bike,fixed,decaps,734629
5334,bike,fixed,decaps,737338
5335,bike,fixed,decaps,749920
5336,bike,fixed,decaps,780056
5337,bike,fixed,decaps,802276
5338,bike,fixed,decaps,757433
5339,bike,fixed,decaps,769360
5340,bike,fixed,decaps,713520
5341,bike,fixed,decaps,759307
5342,bike,fixed,decaps,734913
5343,bike,fixed,decaps,755390
5344,bike,fixed,decaps,807261
5345,bike,fixed,decaps,761858
5346,bike,fixed,decaps,753035
5347,bike,fixed,decaps,734391
5348,bike,fixed,decaps,734453
5349,bike,fixed,decaps,735653
5350,bike,fixed,decaps,783694
5351,bike,fixed,decaps,809870
5352,bike,fixed,decaps,789762
5353,bike,fixed,decaps,756997
5354,bike,fixed,decaps,756878
5355,bike,fixed,decaps,761580
5356,bike,fixed,decaps,756763
5357,bike,fixed,decaps,756799
5358,bike,fixed,decaps,756412
5359,bike,fixed,decaps,760463
5360,bike,fixed,decaps,713457
5361,bike,fixed,decaps,722074
5362,bike,fixed,decaps,764771
5363,bike,fixed,decaps,734586
5364,bike,fixed,decaps,764268
5365,bike,fixed,decaps,734282
5366,bike,fixed,decaps,798257
5367,bike,fixed,decaps,757364
5368,bike,fixed,decaps,756864
5369,bike,fixed,decaps,756887
5370,bike,fixed,decaps,756735
5371,bike,fixed,decaps,1121263
5372,bike,fixed,decaps,770587
5373,bike,fixed,decaps,715407
5374,bike,fixed,decaps,712873
5375,bike,fixed,decaps,760399
5376,bike,fixed,decaps,766353
5377,bike,fixed,decaps,756528
5378,bike,fixed,decaps,756657
5379,bike,fixed,decaps,756736
5380,bike,fixed,decaps,756775
5381,bike,fixed,decaps,760368
5382,bike,fixed,decaps,762522
5383,bike,fixed,decaps,732259
5384,bike,fixed,decaps,755392
5385,bike,fixed,decaps,734603
5386,bike,fixed,decaps,734854
5387,bike,fixed,decaps,737385
5388,bike,fixed,decaps,734410
5389,bike,fixed,decaps,734717
5390,bike,fixed,decaps,763846
5391,bike,fixed,decaps,769050
5392,bike,fixed,decaps,773862
5393,bike,fixed,decaps,762377
5394,bike,fixed,decaps,742234
5395,bike,fixed,decaps,734733
5396,bike,fixed,decaps,734765
5397,bike,fixed,decaps,748317
5398,bike,fixed,decaps,748272
5399,bike,fixed,decaps,735119
5400,bike,fixed,decaps,734858
5401,bike,fixed,decaps,734390
5402,bike,fixed,decaps,734932
5403,bike,fixed,decaps,772161
5404,bike,fixed,decaps,757357
5405,bike,fixed,decaps,777811
5406,bike,fixed,decaps,806694
5407,bike,fixed,decaps,734817
5408,bike,fixed,decaps,743380
5409,bike,fixed,decaps,734546
5410,bike,fixed,decaps,734837
5411,bike,fixed,decaps,735243
5412,bike,fixed,decaps,734797
5413,bike,fixed,decaps,768905
5414,bike,fixed,decaps,792013
5415,bike,fixed,decaps,756524
5416,bike,fixed,decaps,756796
5417,bike,fixed,decaps,795589
5418,bike,fixed,decaps,734570
5419,bike,fixed,decaps,741643
5420,bike,fixed,decaps,741318
5421,bike,fixed,decaps,734772
5422,bike,fixed,decaps,734896
5423,bike,fixed,decaps,734446
5424,bike,fixed,decaps,758047
5425,bike,fixed,decaps,736261
5426,bike,fixed,decaps,735065
5427,bike,fixed,decaps,734690
5428,bike,fixed,decaps,735024
5429,bike,fixed,decaps,739498
5430,bike,fixed,decaps,734890
5431,bike,fixed,decaps,789946
5432,bike,fixed,decaps,778096
5433,bike,fixed,decaps,761755
5434,bike,fixed,decaps,718898
5435,bike,fixed,decaps,756160
5436,bike,fixed,decaps,734545
5437,bike,fixed,decaps,734600
5438,bike,fixed,decaps,734902
5439,bike,fixed,decaps,734516
5440,bike,fixed,decaps,737863
5441,bike,fixed,decaps,757747
5442,bike,fixed,decaps,780252
5443,bike,fixed,decaps,771558
5444,bike,fixed,decaps,771640
5445,bike,fixed,decaps,798526
5446,bike,fixed,decaps,735566
5447,bike,fixed,decaps,735095
5448,bike,fixed,decaps,735409
5449,bike,fixed,decaps,735004
5450,bike,fixed,decaps,734755
5451,bike,fixed,decaps,742001
5452,bike,fixed,decaps,761676
5453,bike,fixed,decaps,762225
5454,bike,fixed,decaps,780572
5455,bike,fixed,decaps,780690
5456,bike,fixed,decaps,780733
5457,bike,fixed,decaps,766076
5458,bike,fixed,decaps,795273
5459,bike,fixed,decaps,735657
5460,bike,fixed,decaps,734661
5461,bike,fixed,decaps,742897
5462,bike,fixed,decaps,756354
5463,bike,fixed,decaps,780236
5464,bike,fixed,decaps,773545
5465,bike,fixed,decaps,765798
5466,bike,fixed,decaps,738087
5467,bike,fixed,decaps,734332
5468,bike,fixed,decaps,739675
5469,bike,fixed,decaps,734396
5470,bike,fixed,decaps,734545
5471,bike,fixed,decaps,776416
5472,bike,fixed,decaps,740199
5473,bike,fixed,decaps,734515
5474,bike,fixed,decaps,734466
5475,bike,fixed,decaps,734584
5476,bike,fixed,decaps,734246
5477,bike,fixed,decaps,769723
5478,bike,fixed,decaps,792955
5479,bike,fixed,decaps,780246
5480,bike,fixed,decaps,756442
5481,bike,fixed,decaps,750129
5482,bike,fixed,decaps,771018
5483,bike,fixed,decaps,734323
5484,bike,fixed,decaps,734136
5485,bike,fixed,decaps,734423
5486,bike,fixed,decaps,755898
5487,bike,fixed,decaps,811968
5488,bike,fixed,decaps,775164
5489,bike,fixed,decaps,756429
5490,bike,fixed,decaps,756600
5491,bike,fixed,decaps,756795
5492,bike,fixed,decaps,774611
5493,bike,fixed,decaps,750800
5494,bike,fixed,decaps,749605
5495,bike,fixed,decaps,734861
5496,bike,fixed,decaps,734847
5497,bike,fixed,decaps,734896
5498,bike,fixed,decaps,790615
5499,bike,fixed,decaps,752386
5500,bike,fixed,decaps,780845
5501,bike,fixed,decaps,774078
5502,bike,fixed,decaps,753024
5503,bike,fixed,decaps,738828
5504,bike,fixed,decaps,735041
5505,bike,fixed,decaps,760171
5506,bike,fixed,decaps,734714
5507,bike,fixed,decaps,754049
5508,bike,fixed,decaps,780257
5509,bike,fixed,decaps,778181
5510,bike,fixed,decaps,757179
5511,bike,fixed,decaps,757328
5512,bike,fixed,decaps,757323
5513,bike,fixed,decaps,757366
5514,bike,fixed,decaps,774094
5515,bike,fixed,decaps,798906
5516,bike,fixed,decaps,713879
5517,bike,fixed,decaps,713772
5518,bike,fixed,decaps,749315
5519,bike,fixed,decaps,738767
5520,bike,fixed,decaps,734539
5521,bike,fixed,decaps,768493
5522,bike,fixed,decaps,756989
5523,bike,fixed,decaps,756907
5524,bike,fixed,decaps,757133
5525,bike,fixed,decaps,767036
5526,bike,fixed,decaps,754888
5527,bike,fixed,decaps,756480
5528,bike,fixed,decaps,757108
5529,bike,fixed,decaps,757233
5530,bike,fixed,decaps,765028
5531,bike,fixed,decaps,761759
5532,bike,fixed,decaps,761776
5533,bike,fixed,decaps,734974
5534,bike,fixed,decaps,734999
5535,bike,fixed,decaps,759402
5536,bike,fixed,decaps,758716
5537,bike,fixed,decaps,757634
5538,bike,fixed,decaps,743436
5539,bike,fixed,decaps,748517
5540,bike,fixed,decaps,735156
5541,bike,fixed,decaps,737993
5542,bike,fixed,decaps,735374
5543,bike,fixed,decaps,734787
5544,bike,fixed,decaps,734720
5545,bike,fixed,decaps,769159
5546,bike,fixed,decaps,760459
5547,bike,fixed,decaps,757359
5548,bike,fixed,decaps,761635
5549,bike,fixed,decaps,729276
5550,bike,fixed,decaps,779333
5551,bike,fixed,decaps,761586
5552,bike,fixed,decaps,756811
5553,bike,fixed,decaps,756703
5554,bike,fixed,decaps,756730
5555,bike,fixed,decaps,757242
5556,bike,fixed,decaps,742038
5557,bike,fixed,decaps,737172
5558,bike,fixed,decaps,764551
5559,bike,fixed,decaps,787369
5560,bike,fixed,decaps,742131
5561,bike,fixed,decaps,734243
5562,bike,fixed,decaps,742525
5563,bike,fixed,decaps,735272
5564,bike,fixed,decaps,748778
5565,bike,fixed,decaps,756774
5566,bike,fixed,decaps,757430
5567,bike,fixed,decaps,779868
5568,bike,fixed,decaps,757235
5569,bike,fixed,decaps,757046
5570,bike,fixed,decaps,743226
5571,bike,fixed,decaps,750836
5572,bike,fixed,decaps,734874
5573,bike,fixed,decaps,737554
5574,bike,fixed,decaps,736759
5575,bike,fixed,decaps,736557
5576,bike,fixed,decaps,751389
5577,bike,fixed,decaps,802983
5578,bike,fixed,decaps,767374
5579,bike,fixed,decaps,760109
5580,bike,fixed,decaps,760291
5581,bike,fixed,decaps,763887
5582,bike,fixed,decaps,766469
5583,bike,fixed,decaps,806912
5584,bike,fixed,decaps,768999
5585,bike,fixed,decaps,742957
5586,bike,fixed,decaps,740400
5587,bike,fixed,decaps,812161
5588,bike,fixed,decaps,763915
5589,bike,fixed,decaps,758607
5590,bike,fixed,decaps,768052
5591,bike,fixed,decaps,793289
5592,bike,fixed,decaps,782951
5593,bike,fixed,decaps,762705
5594,bike,fixed,decaps,756383
5595,bike,fixed,decaps,756449
5596,bike,fixed,decaps,756569
5597,bike,fixed,decaps,756105
5598,bike,fixed,decaps,757908
5599,bike,fixed,decaps,774305
5600,bike,fixed,decaps,756436
5601,bike,fixed,decaps,756395
5602,bike,fixed,decaps,756349
5603,bike,fixed,decaps,790548
5604,bike,fixed,decaps,794617
5605,bike,fixed,decaps,758531
5606,bike,fixed,decaps,747106
5607,bike,fixed,decaps,780174
5608,bike,fixed,decaps,774266
5609,bike,fixed,decaps,1114141
5610,bike,fixed,decaps,767984
5611,bike,fixed,decaps,742675
5612,bike,fixed,decaps,721211
5613,bike,fixed,decaps,788110
5614,bike,fixed,decaps,770008
5615,bike,fixed,decaps,756547
5616,bike,fixed,decaps,756584
5617,bike,fixed,decaps,756572
5618,bike,fixed,decaps,756559
5619,bike,fixed,decaps,759956
5620,bike,fixed,decaps,770733
5621,bike,fixed,decaps,713494
5622,bike,fixed,decaps,754836
5623,bike,fixed,decaps,734778
5624,bike,fixed,decaps,734445
5625,bike,fixed,decaps,739361
5626,bike,fixed,decaps,777700
5627,bike,fixed,decaps,756786
5628,bike,fixed,decaps,756637
5629,bike,fixed,decaps,756628
5630,bike,fixed,decaps,807726
5631,bike,fixed,decaps,756691
5632,bike,fixed,decaps,766056
5633,bike,fixed,decaps,713665
5634,bike,fixed,decaps,755749
5635,bike,fixed,decaps,741831
5636,bike,fixed,decaps,735070
5637,bike,fixed,decaps,756617
5638,bike,fixed,decaps,779029
5639,bike,fixed,decaps,823292
5640,bike,fixed,decaps,808200
5641,bike,fixed,decaps,757776
5642,bike,fixed,decaps,757086
5643,bike,fixed,decaps,757004
5644,bike,fixed,decaps,757050
5645,bike,fixed,decaps,760937
5646,bike,fixed,decaps,757523
5647,bike,fixed,decaps,756730
5648,bike,fixed,decaps,757016
5649,bike,fixed,decaps,743466
5650,bike,fixed,decaps,734543
5651,bike,fixed,decaps,788578
5652,bike,fixed,decaps,779866
5653,bike,fixed,decaps,763511
5654,bike,fixed,decaps,713876
5655,bike,fixed,decaps,756605
5656,bike,fixed,decaps,767550
5657,bike,fixed,decaps,735754
5658,bike,fixed,decaps,735262
5659,bike,fixed,decaps,787616
5660,bike,fixed,decaps,779036
5661,bike,fixed,decaps,765293
5662,bike,fixed,decaps,757014
5663,bike,fixed,decaps,757106
5664,bike,fixed,decaps,785107
5665,bike,fixed,decaps,741362
5666,bike,fixed,decaps,757177
5667,bike,fixed,decaps,750386
5668,bike,fixed,decaps,743976
5669,bike,fixed,decaps,766590
5670,bike,fixed,decaps,803627
5671,bike,fixed,decaps,757086
5672,bike,fixed,decaps,761309
5673,bike,fixed,decaps,756837
5674,bike,fixed,decaps,769616
5675,bike,fixed,decaps,713704
5676,bike,fixed,decaps,756413
5677,bike,fixed,decaps,737873
5678,bike,fixed,decaps,734557
5679,bike,fixed,decaps,734429
5680,bike,fixed,decaps,784593
5681,bike,fixed,decaps,807963
5682,bike,fixed,decaps,765864
5683,bike,fixed,decaps,756842
5684,bike,fixed,decaps,756492
5685,bike,fixed,decaps,756471
5686,bike,fixed,decaps,756429
5687,bike,fixed,decaps,762570
5688,bike,fixed,decaps,748826
5689,bike,fixed,decaps,777095
5690,bike,fixed,decaps,765724
5691,bike,fixed,decaps,790577
5692,bike,fixed,decaps,776372
5693,bike,fixed,decaps,775201
5694,bike,fixed,decaps,714057
5695,bike,fixed,decaps,743418
5696,bike,fixed,decaps,756732
5697,bike,fixed,decaps,757616
5698,bike,fixed,decaps,762250
5699,bike,fixed,decaps,768578
5700,bike,fixed,decaps,713017
5701,bike,fixed,decaps,754864
5702,bike,fixed,decaps,734471
5703,bike,fixed,decaps,750302
5704,bike,fixed,decaps,760207
5705,bike,fixed,decaps,756602
5706,bike,fixed,decaps,756846
5707,bike,fixed,decaps,771069
5708,bike,fixed,decaps,782551
5709,bike,fixed,decaps,765342
5710,bike,fixed,decaps,756848
5711,bike,fixed,decaps,806665
5712,bike,fixed,decaps,718811
5713,bike,fixed,decaps,751822
5714,bike,fixed,decaps,740036
5715,bike,fixed,decaps,734615
5716,bike,fixed,decaps,758001
5717,bike,fixed,decaps,734652
5718,bike,fixed,decaps,734313
5719,bike,fixed,decaps,779177
5720,bike,fixed,decaps,770532
5721,bike,fixed,decaps,756956
5722,bike,fixed,decaps,756869
5723,bike,fixed,decaps,762955
5724,bike,fixed,decaps,718878
5725,bike,fixed,decaps,755738
5726,bike,fixed,decaps,810213
5727,bike,fixed,decaps,799442
5728,bike,fixed,decaps,769919
5729,bike,fixed,decaps,713245
5730,bike,fixed,decaps,782567
5731,bike,fixed,decaps,734241
5732,bike,fixed,decaps,734691
5733,bike,fixed,decaps,734169
5734,bike,fixed,decaps,782816
5735,bike,fixed,decaps,822107
5736,bike,fixed,decaps,756963
5737,bike,fixed,decaps,756873
5738,bike,fixed,decaps,756267
5739,bike,fixed,decaps,756248
5740,bike,fixed,decaps,761827
5741,bike,fixed,decaps,761015
5742,bike,fixed,decaps,729169
5743,bike,fixed,decaps,799780
5744,bike,fixed,decaps,734447
5745,bike,fixed,decaps,734349
5746,bike,fixed,decaps,866534
5747,bike,fixed,decaps,855668
5748,bike,fixed,decaps,855680
5749,bike,fixed,decaps,855420
5750,bike,fixed,decaps,845974
5751,bike,fixed,decaps,734341
5752,bike,fixed,decaps,734108
5753,bike,fixed,decaps,734272
5754,bike,fixed,decaps,733925
5755,bike,fixed,decaps,734142
5756,bike,fixed,decaps,739395
5757,bike,fixed,decaps,773654
5758,bike,fixed,decaps,786457
5759,bike,fixed,decaps,756852
5760,bike,fixed,decaps,757117
5761,bike,fixed,decaps,788255
5762,bike,fixed,decaps,760875
5763,bike,fixed,decaps,719162
5764,bike,fixed,decaps,751487
5765,bike,fixed,decaps,734164
5766,bike,fixed,decaps,742609
5767,bike,fixed,decaps,734108
5768,bike,fixed,decaps,734312
5769,bike,fixed,decaps,756933
5770,bike,fixed,decaps,759416
5771,bike,fixed,decaps,793091
5772,bike,fixed,decaps,797210
5773,bike,fixed,decaps,757403
5774,bike,fixed,decaps,757205
5775,bike,fixed,decaps,756948
5776,bike,fixed,decaps,756617
5777,bike,fixed,decaps,806256
5778,bike,fixed,decaps,749228
5779,bike,fixed,decaps,734521
5780,bike,fixed,decaps,734644
5781,bike,fixed,decaps,734340
5782,bike,fixed,decaps,737897
5783,bike,fixed,decaps,734444
5784,bike,fixed,decaps,734237
5785,bike,fixed,decaps,783711
5786,bike,fixed,decaps,803038
5787,bike,fixed,decaps,765087
5788,bike,fixed,decaps,761653
5789,bike,fixed,decaps,730746
5790,bike,fixed,decaps,747681
5791,bike,fixed,decaps,734701
5792,bike,fixed,decaps,734756
5793,bike,fixed,decaps,740762
5794,bike,fixed,decaps,734772
5795,bike,fixed,decaps,734525
5796,bike,fixed,decaps,757366
5797,bike,fixed,decaps,735007
5798,bike,fixed,decaps,777813
5799,bike,fixed,decaps,746575
5800,bike,fixed,decaps,734843
5801,bike,fixed,decaps,972926
5802,bike,fixed,decaps,782772
5803,bike,fixed,decaps,779797
5804,bike,fixed,decaps,767664
5805,bike,fixed,decaps,713333
5806,bike,fixed,decaps,777942
5807,bike,fixed,decaps,734848
5808,bike,fixed,decaps,766115
5809,bike,fixed,decaps,735430
5810,bike,fixed,decaps,734675
5811,bike,fixed,decaps,734483
5812,bike,fixed,decaps,753262
5813,bike,fixed,decaps,809140
5814,bike,fixed,decaps,779393
5815,bike,fixed,decaps,756849
5816,bike,fixed,decaps,782928
5817,bike,fixed,decaps,774904
5818,bike,fixed,decaps,713345
5819,bike,fixed,decaps,777862
5820,bike,fixed,decaps,734293
5821,bike,fixed,decaps,733960
5822,bike,fixed,decaps,762222
5823,bike,fixed,decaps,765863
5824,bike,fixed,decaps,741667
5825,bike,fixed,decaps,759604
5826,bike,fixed,decaps,734457
5827,bike,fixed,decaps,733843
5828,bike,fixed,decaps,762906
5829,bike,fixed,decaps,790955
5830,bike,fixed,decaps,763389
5831,bike,fixed,decaps,755992
5832,bike,fixed,decaps,755837
5833,bike,fixed,decaps,770512
5834,bike,fixed,decaps,715129
5835,bike,fixed,decaps,811709
5836,bike,fixed,decaps,733657
5837,bike,fixed,decaps,736038
5838,bike,fixed,decaps,733319
5839,bike,fixed,decaps,733538
5840,bike,fixed,decaps,774011
5841,bike,fixed,decaps,751920
5842,bike,fixed,decaps,779810
5843,bike,fixed,decaps,773021
5844,bike,fixed,decaps,755873
5845,bike,fixed,decaps,790718
5846,bike,fixed,decaps,724428
5847,bike,fixed,decaps,757198
5848,bike,fixed,decaps,733861
5849,bike,fixed,decaps,759825
5850,bike,fixed,decaps,733813
5851,bike,fixed,decaps,739427
5852,bike,fixed,decaps,765033
5853,bike,fixed,decaps,734115
5854,bike,fixed,decaps,733874
5855,bike,fixed,decaps,733672
5856,bike,fixed,decaps,737421
5857,bike,fixed,decaps,753321
5858,bike,fixed,decaps,798224
5859,bike,fixed,decaps,771615
5860,bike,fixed,decaps,755979
5861,bike,fixed,decaps,770931
5862,bike,fixed,decaps,712909
5863,bike,fixed,decaps,759201
5864,bike,fixed,decaps,733619
5865,bike,fixed,decaps,733750
5866,bike,fixed,decaps,733610
5867,bike,fixed,decaps,760810
5868,bike,fixed,decaps,734020
5869,bike,fixed,decaps,733898
5870,bike,fixed,decaps,733385
5871,bike,fixed,decaps,794951
5872,bike,fixed,decaps,785204
5873,bike,fixed,decaps,756207
5874,bike,fixed,decaps,760341
5875,bike,fixed,decaps,730305
5876,bike,fixed,decaps,766858
5877,bike,fixed,decaps,739770
5878,bike,fixed,decaps,755324
5879,bike,fixed,decaps,734851
5880,bike,fixed,decaps,773038
5881,bike,fixed,decaps,785890
5882,bike,fixed,decaps,755868
5883,bike,fixed,decaps,761820
5884,bike,fixed,decaps,746596
5885,bike,fixed,decaps,745754
5886,bike,fixed,decaps,733691
5887,bike,fixed,decaps,733633
5888,bike,fixed,decaps,738742
5889,bike,fixed,decaps,734051
5890,bike,fixed,decaps,736196
5891,bike,fixed,decaps,733999
5892,bike,fixed,decaps,733882
5893,bike,fixed,decaps,758805
5894,bike,fixed,decaps,812010
5895,bike,fixed,decaps,771875
5896,bike,fixed,decaps,763830
5897,bike,fixed,decaps,745708
5898,bike,fixed,decaps,734021
5899,bike,fixed,decaps,739879
5900,bike,fixed,decaps,734007
5901,bike,fixed,decaps,733996
5902,bike,fixed,decaps,733846
5903,bike,fixed,decaps,816114
5904,bike,fixed,decaps,784754
5905,bike,fixed,decaps,781524
5906,bike,fixed,decaps,720642
5907,bike,fixed,decaps,746739
5908,bike,fixed,decaps,735646
5909,bike,fixed,decaps,770124
5910,bike,fixed,decaps,790796
5911,bike,fixed,decaps,756441
5912,bike,fixed,decaps,786412
5913,bike,fixed,decaps,754896
5914,bike,fixed,decaps,762826
5915,bike,fixed,decaps,734849
5916,bike,fixed,decaps,734820
5917,bike,fixed,decaps,734722
5918,bike,fixed,decaps,734568
5919,bike,fixed,decaps,734668
5920,bike,fixed,decaps,739300
5921,bike,fixed,decaps,758205
5922,bike,fixed,decaps,734552
5923,bike,fixed,decaps,734466
5924,bike,fixed,decaps,779495
5925,bike,fixed,decaps,791654
5926,bike,fixed,decaps,756993
5927,bike,fixed,decaps,756672
5928,bike,fixed,decaps,792857
5929,bike,fixed,decaps,758165
5930,bike,fixed,decaps,764021
5931,bike,fixed,decaps,762331
5932,bike,fixed,decaps,772025
5933,bike,fixed,decaps,713720
5934,bike,fixed,decaps,742629
5935,bike,fixed,decaps,734614
5936,bike,fixed,decaps,751077
5937,bike,fixed,decaps,734211
5938,bike,fixed,decaps,734106
5939,bike,fixed,decaps,734297
5940,bike,fixed,decaps,733841
5941,bike,fixed,decaps,739615
5942,bike,fixed,decaps,734792
5943,bike,fixed,decaps,734760
5944,bike,fixed,decaps,734717
5945,bike,fixed,decaps,734774
5946,bike,fixed,decaps,748603
5947,bike,fixed,decaps,764455
5948,bike,fixed,decaps,780718
5949,bike,fixed,decaps,757043
5950,bike,fixed,decaps,756876
5951,bike,fixed,decaps,757012
5952,bike,fixed,decaps,762498
5953,bike,fixed,decaps,756658
5954,bike,fixed,decaps,769341
5955,bike,fixed,decaps,724594
5956,bike,fixed,decaps,763100
5957,bike,fixed,decaps,741040
5958,bike,fixed,decaps,734996
5959,bike,fixed,decaps,753379
5960,bike,fixed,decaps,764895
5961,bike,fixed,decaps,756774
5962,bike,fixed,decaps,760101
5963,bike,fixed,decaps,757026
5964,bike,fixed,decaps,756376
5965,bike,fixed,decaps,756457
5966,bike,fixed,decaps,756576
5967,bike,fixed,decaps,761046
5968,bike,fixed,decaps,733655
5969,bike,fixed,decaps,750354
5970,bike,fixed,decaps,734662
5971,bike,fixed,decaps,734091
5972,bike,fixed,decaps,734579
5973,bike,fixed,decaps,737108
5974,bike,fixed,decaps,749917
5975,bike,fixed,decaps,781545
5976,bike,fixed,decaps,757266
5977,bike,fixed,decaps,756791
5978,bike,fixed,decaps,762666
5979,bike,fixed,decaps,756448
5980,bike,fixed,decaps,738617
5981,bike,fixed,decaps,751885
5982,bike,fixed,decaps,756225
5983,bike,fixed,decaps,735092
5984,bike,fixed,decaps,740430
5985,bike,fixed,decaps,734746
5986,bike,fixed,decaps,753671
5987,bike,fixed,decaps,734522
5988,bike,fixed,decaps,766837
5989,bike,fixed,decaps,762844
5990,bike,fixed,decaps,756703
5991,bike,fixed,decaps,756602
5992,bike,fixed,decaps,737871
5993,bike,fixed,decaps,746295
5994,bike,fixed,decaps,736805
5995,bike,fixed,decaps,734756
5996,bike,fixed,decaps,772663
5997,bike,fixed,decaps,734953
5998,bike,fixed,decaps,750364
5999,bike,fixed,decaps,756463
6000,bike,fixed,decaps,764253
6001,bike,fixed,decaps,788387
6002,bike,fixed,decaps,766412
6003,bike,fixed,decaps,756385
6004,bike,fixed,decaps,756338
6005,bike,fixed,decaps,766011
6006,bike,fixed,decaps,761881
6007,bike,fixed,decaps,717820
6008,bike,fixed,decaps,781981
6009,bike,fixed,decaps,734197
6010,bike,fixed,decaps,740801
6011,bike,fixed,decaps,733942
6012,bike,fixed,decaps,788273
6013,bike,fixed,decaps,756012
6014,bike,fixed,decaps,770672
6015,bike,fixed,decaps,774709
6016,bike,fixed,decaps,716959
6017,bike,fixed,decaps,753126
6018,bike,fixed,decaps,734111
6019,bike,fixed,decaps,734229
6020,bike,fixed,decaps,734343
6021,bike,fixed,decaps,737269
6022,bike,fixed,decaps,734232
6023,bike,fixed,decaps,734610
6024,bike,fixed,decaps,768223
6025,bike,fixed,decaps,756672
6026,bike,fixed,decaps,759617
6027,bike,fixed,decaps,761028
6028,bike,fixed,decaps,753027
6029,bike,fixed,decaps,755379
6030,bike,fixed,decaps,734491
6031,bike,fixed,decaps,734728
6032,bike,fixed,decaps,796411
6033,bike,fixed,decaps,756741
6034,bike,fixed,decaps,758714
6035,bike,fixed,decaps,780541
6036,bike,fixed,decaps,757043
6037,bike,fixed,decaps,763169
6038,bike,fixed,decaps,756049
6039,bike,fixed,decaps,754794
6040,bike,fixed,decaps,734336
6041,bike,fixed,decaps,733879
6042,bike,fixed,decaps,737402
6043,bike,fixed,decaps,733728
6044,bike,fixed,decaps,744345
6045,bike,fixed,decaps,734379
6046,bike,fixed,decaps,734197
6047,bike,fixed,decaps,734149
6048,bike,fixed,decaps,737502
6049,bike,fixed,decaps,734290
6050,bike,fixed,decaps,753255
6051,bike,fixed,decaps,756152
6052,bike,fixed,decaps,756283
6053,bike,fixed,decaps,778452
6054,bike,fixed,decaps,756172
6055,bike,fixed,decaps,781125
6056,bike,fixed,decaps,756762
6057,bike,fixed,decaps,743083
6058,bike,fixed,decaps,769403
6059,bike,fixed,decaps,733600
6060,bike,fixed,decaps,733938
6061,bike,fixed,decaps,734102
6062,bike,fixed,decaps,756282
6063,bike,fixed,decaps,748576
6064,bike,fixed,decaps,761942
6065,bike,fixed,decaps,756323
6066,bike,fixed,decaps,776177
6067,bike,fixed,decaps,772910
6068,bike,fixed,decaps,713559
6069,bike,fixed,decaps,769745
6070,bike,fixed,decaps,734309
6071,bike,fixed,decaps,734048
6072,bike,fixed,decaps,734462
6073,bike,fixed,decaps,763194
6074,bike,fixed,decaps,792332
6075,bike,fixed,decaps,757309
6076,bike,fixed,decaps,756740
6077,bike,fixed,decaps,756966
6078,bike,fixed,decaps,756798
6079,bike,fixed,decaps,770635
6080,bike,fixed,decaps,713550
6081,bike,fixed,decaps,713316
6082,bike,fixed,decaps,769918
6083,bike,fixed,decaps,734271
6084,bike,fixed,decaps,734651
6085,bike,fixed,decaps,741425
6086,bike,fixed,decaps,735132
6087,bike,fixed,decaps,734733
6088,bike,fixed,decaps,734675
6089,bike,fixed,decaps,757542
6090,bike,fixed,decaps,761038
6091,bike,fixed,decaps,768628
6092,bike,fixed,decaps,734572
6093,bike,fixed,decaps,752517
6094,bike,fixed,decaps,755973
6095,bike,fixed,decaps,756291
6096,bike,fixed,decaps,760525
6097,bike,fixed,decaps,757166
6098,bike,fixed,decaps,756666
6099,bike,fixed,decaps,756822
6100,bike,fixed,decaps,757013
6101,bike,fixed,decaps,759536
6102,bike,fixed,decaps,757940
6103,bike,fixed,decaps,743589
6104,bike,fixed,decaps,734897
6105,bike,fixed,decaps,734809
6106,bike,fixed,decaps,737309
6107,bike,fixed,decaps,734663
6108,bike,fixed,decaps,759945
6109,bike,fixed,decaps,734782
6110,bike,fixed,decaps,734166
6111,bike,fixed,decaps,734488
6112,bike,fixed,decaps,740974
6113,bike,fixed,decaps,735116
6114,bike,fixed,decaps,735102
6115,bike,fixed,decaps,735040
6116,bike,fixed,decaps,814768
6117,bike,fixed,decaps,793112
6118,bike,fixed,decaps,761515
6119,bike,fixed,decaps,742786
6120,bike,fixed,decaps,819011
6121,bike,fixed,decaps,772980
6122,bike,fixed,decaps,755952
6123,bike,fixed,decaps,744705
6124,bike,fixed,decaps,733609
6125,bike,fixed,decaps,734141
6126,bike,fixed,decaps,734083
6127,bike,fixed,decaps,734239
6128,bike,fixed,decaps,737121
6129,bike,fixed,decaps,734403
6130,bike,fixed,decaps,765474
6131,bike,fixed,decaps,791341
6132,bike,fixed,decaps,757205
6133,bike,fixed,decaps,740877
6134,bike,fixed,decaps,749906
6135,bike,fixed,decaps,759491
6136,bike,fixed,decaps,735205
6137,bike,fixed,decaps,734867
6138,bike,fixed,decaps,742144
6139,bike,fixed,decaps,735008
6140,bike,fixed,decaps,734794
6141,bike,fixed,decaps,784198
6142,bike,fixed,decaps,782123
6143,bike,fixed,decaps,785942
6144,bike,fixed,decaps,757491
6145,bike,fixed,decaps,756895
6146,bike,fixed,decaps,753263
6147,bike,fixed,decaps,762493
6148,bike,fixed,decaps,758911
6149,bike,fixed,decaps,740713
6150,bike,fixed,decaps,734514
6151,bike,fixed,decaps,734543
6152,bike,fixed,decaps,734393
6153,bike,fixed,decaps,734403
6154,bike,fixed,decaps,779356
6155,bike,fixed,decaps,786713
6156,bike,fixed,decaps,761109
6157,bike,fixed,decaps,728387
6158,bike,fixed,decaps,752720
6159,bike,fixed,decaps,763036
6160,bike,fixed,decaps,785186
6161,bike,fixed,decaps,733172
6162,bike,fixed,decaps,772736
6163,bike,fixed,decaps,734464
6164,bike,fixed,decaps,734564
6165,bike,fixed,decaps,741849
6166,bike,fixed,decaps,734229
6167,bike,fixed,decaps,734122
6168,bike,fixed,decaps,734276
6169,bike,fixed,decaps,734193
6170,bike,fixed,decaps,805812
6171,bike,fixed,decaps,787065
6172,bike,fixed,decaps,763014
6173,bike,fixed,decaps,746910
6174,bike,fixed,decaps,755058
6175,bike,fixed,decaps,738278
6176,bike,fixed,decaps,734174
6177,bike,fixed,decaps,734324
6178,bike,fixed,decaps,734132
6179,bike,fixed,decaps,734159
6180,bike,fixed,decaps,734821
6181,bike,fixed,decaps,738522
6182,bike,fixed,decaps,774042
6183,bike,fixed,decaps,780238
6184,bike,fixed,decaps,798936
6185,bike,fixed,decaps,734165
6186,bike,fixed,decaps,737115
6187,bike,fixed,decaps,740467
6188,bike,fixed,decaps,733890
6189,bike,fixed,decaps,777459
6190,bike,fixed,decaps,779631
6191,bike,fixed,decaps,804801
6192,bike,fixed,decaps,741229
6193,bike,fixed,decaps,734479
6194,bike,fixed,decaps,734250
6195,bike,fixed,decaps,734277
6196,bike,fixed,decaps,790548
6197,bike,fixed,decaps,793104
6198,bike,fixed,decaps,785062
6199,bike,fixed,decaps,756973
6200,bike,fixed,decaps,784965
6201,bike,fixed,decaps,713756
6202,bike,fixed,decaps,773155
6203,bike,fixed,decaps,734650
6204,bike,fixed,decaps,734156
6205,bike,fixed,decaps,734378
6206,bike,fixed,decaps,734415
6207,bike,fixed,decaps,737894
6208,bike,fixed,decaps,734399
6209,bike,fixed,decaps,734230
6210,bike,fixed,decaps,785931
6211,bike,fixed,decaps,780029
6212,bike,fixed,decaps,773569
6213,bike,fixed,decaps,756605
6214,bike,fixed,decaps,737611
6215,bike,fixed,decaps,747873
6216,bike,fixed,decaps,759061
6217,bike,fixed,decaps,734649
6218,bike,fixed,decaps,740850
6219,bike,fixed,decaps,734403
6220,bike,fixed,decaps,757085
6221,bike,fixed,decaps,780316
6222,bike,fixed,decaps,771662
6223,bike,fixed,decaps,784543
6224,bike,fixed,decaps,757301
6225,bike,fixed,decaps,756486
6226,bike,fixed,decaps,756960
6227,bike,fixed,decaps,768199
6228,bike,fixed,decaps,718761
6229,bike,fixed,decaps,719178
6230,bike,fixed,decaps,752943
6231,bike,fixed,decaps,734163
6232,bike,fixed,decaps,734611
6233,bike,fixed,decaps,734585
6234,bike,fixed,decaps,770503
6235,bike,fixed,decaps,756642
6236,bike,fixed,decaps,756555
6237,bike,fixed,decaps,756375
6238,bike,fixed,decaps,771131
6239,bike,fixed,decaps,750037
6240,bike,fixed,decaps,747105
6241,bike,fixed,decaps,734868
6242,bike,fixed,decaps,734796
6243,bike,fixed,decaps,764142
6244,bike,fixed,decaps,743069
6245,bike,fixed,decaps,761331
6246,bike,fixed,decaps,734378
6247,bike,fixed,decaps,760632
6248,bike,fixed,decaps,756534
6249,bike,fixed,decaps,757115
6250,bike,fixed,decaps,786096
6251,bike,fixed,decaps,747152
6252,bike,fixed,decaps,747913
6253,bike,fixed,decaps,734598
6254,bike,fixed,decaps,753925
6255,bike,fixed,decaps,740934
6256,bike,fixed,decaps,734635
6257,bike,fixed,decaps,734596
6258,bike,fixed,decaps,768798
6259,bike,fixed,decaps,756340
6260,bike,fixed,decaps,760023
6261,bike,fixed,decaps,757015
6262,bike,fixed,decaps,756806
6263,bike,fixed,decaps,744989
6264,bike,fixed,decaps,747741
6265,bike,fixed,decaps,734767
6266,bike,fixed,decaps,768855
6267,bike,fixed,decaps,737905
6268,bike,fixed,decaps,754450
6269,bike,fixed,decaps,773523
6270,bike,fixed,decaps,771232
6271,bike,fixed,decaps,765543
6272,bike,fixed,decaps,756498
6273,bike,fixed,decaps,756345
6274,bike,fixed,decaps,756335
6275,bike,fixed,decaps,741534
6276,bike,fixed,decaps,775962
6277,bike,fixed,decaps,760415
6278,bike,fixed,decaps,743673
6279,bike,fixed,decaps,800374
6280,bike,fixed,decaps,756818
6281,bike,fixed,decaps,761502
6282,bike,fixed,decaps,771479
6283,bike,fixed,decaps,736958
6284,bike,fixed,decaps,752526
6285,bike,fixed,decaps,749623
6286,bike,fixed,decaps,734275
6287,bike,fixed,decaps,737205
6288,bike,fixed,decaps,735072
6289,bike,fixed,decaps,734412
6290,bike,fixed,decaps,734387
6291,bike,fixed,decaps,734452
6292,bike,fixed,decaps,736601
6293,bike,fixed,decaps,734290
6294,bike,fixed,decaps,734237
6295,bike,fixed,decaps,734346
6296,bike,fixed,decaps,757814
6297,bike,fixed,decaps,736064
6298,bike,fixed,decaps,741449
6299,bike,fixed,decaps,762765
6300,bike,fixed,decaps,755842
6301,bike,fixed,decaps,755864
6302,bike,fixed,decaps,755863
6303,bike,fixed,decaps,777445
6304,bike,fixed,decaps,792944
6305,bike,fixed,decaps,767629
6306,bike,fixed,decaps,781736
6307,bike,fixed,decaps,734826
6308,bike,fixed,decaps,740601
6309,bike,fixed,decaps,733596
6310,bike,fixed,decaps,733744
6311,bike,fixed,decaps,734082
6312,bike,fixed,decaps,733506
6313,bike,fixed,decaps,733423
6314,bike,fixed,decaps,736699
6315,bike,fixed,decaps,733470
6316,bike,fixed,decaps,756849
6317,bike,fixed,decaps,758199
6318,bike,fixed,decaps,756882
6319,bike,fixed,decaps,760183
6320,bike,fixed,decaps,756384
6321,bike,fixed,decaps,770253
6322,bike,fixed,decaps,713483
6323,bike,fixed,decaps,782077
6324,bike,fixed,decaps,742163
6325,bike,fixed,decaps,734036
6326,bike,fixed,decaps,733772
6327,bike,fixed,decaps,765174
6328,bike,fixed,decaps,756272
6329,bike,fixed,decaps,770657
6330,bike,fixed,decaps,783592
6331,bike,fixed,decaps,757130
6332,bike,fixed,decaps,767367
6333,bike,fixed,decaps,759279
6334,bike,fixed,decaps,733661
6335,bike,fixed,decaps,738030
6336,bike,fixed,decaps,733778
6337,bike,fixed,decaps,752969
6338,bike,fixed,decaps,756078
6339,bike,fixed,decaps,772695
6340,bike,fixed,decaps,764262
6341,bike,fixed,decaps,761944
6342,bike,fixed,decaps,713663
6343,bike,fixed,decaps,820158
6344,bike,fixed,decaps,1177884
6345,bike,fixed,decaps,765703
6346,bike,fixed,decaps,757483
6347,bike,fixed,decaps,757317
6348,bike,fixed,decaps,757316
6349,bike,fixed,decaps,766273
6350,bike,fixed,decaps,775321
6351,bike,fixed,decaps,761763
6352,bike,fixed,decaps,739049
6353,bike,fixed,decaps,734515
6354,bike,fixed,decaps,734729
6355,bike,fixed,decaps,739967
6356,bike,fixed,decaps,757316
6357,bike,fixed,decaps,735395
6358,bike,fixed,decaps,734848
6359,bike,fixed,decaps,800103
6360,bike,fixed,decaps,792030
6361,bike,fixed,decaps,761056
6362,bike,fixed,decaps,743394
6363,bike,fixed,decaps,747838
6364,bike,fixed,decaps,734044
6365,bike,fixed,decaps,734141
6366,bike,fixed,decaps,737039
6367,bike,fixed,decaps,734268
6368,bike,fixed,decaps,734569
6369,bike,fixed,decaps,734209
6370,bike,fixed,decaps,775786
6371,bike,fixed,decaps,791009
6372,bike,fixed,decaps,775280
6373,bike,fixed,decaps,713672
6374,bike,fixed,decaps,713791
6375,bike,fixed,decaps,746337
6376,bike,fixed,decaps,746704
6377,bike,fixed,decaps,763255
6378,bike,fixed,decaps,763886
6379,bike,fixed,decaps,757583
6380,bike,fixed,decaps,757357
6381,bike,fixed,decaps,773750
6382,bike,fixed,decaps,762371
6383,bike,fixed,decaps,784032
6384,bike,fixed,decaps,772278
6385,bike,fixed,decaps,720508
6386,bike,fixed,decaps,732435
6387,bike,fixed,decaps,779096
6388,bike,fixed,decaps,734489
6389,bike,fixed,decaps,734617
6390,bike,fixed,decaps,764684
6391,bike,fixed,decaps,760476
6392,bike,fixed,decaps,734653
6393,bike,fixed,decaps,739455
6394,bike,fixed,decaps,734870
6395,bike,fixed,decaps,733968
6396,bike,fixed,decaps,749396
6397,bike,fixed,decaps,757167
6398,bike,fixed,decaps,763674
6399,bike,fixed,decaps,756914
6400,bike,fixed,decaps,757375
6401,bike,fixed,decaps,773213
6402,bike,fixed,decaps,740137
6403,bike,fixed,decaps,794467
6404,bike,fixed,decaps,735113
6405,bike,fixed,decaps,734352
6406,bike,fixed,decaps,765392
6407,bike,fixed,decaps,735211
6408,bike,fixed,decaps,734967
6409,bike,fixed,decaps,762478
6410,bike,fixed,decaps,785530
6411,bike,fixed,decaps,781749
6412,bike,fixed,decaps,783956
6413,bike,fixed,decaps,762036
6414,bike,fixed,decaps,735863
6415,bike,fixed,decaps,748468
6416,bike,fixed,decaps,734708
6417,bike,fixed,decaps,734580
6418,bike,fixed,decaps,734723
6419,bike,fixed,decaps,737467
6420,bike,fixed,decaps,734693
6421,bike,fixed,decaps,734662
6422,bike,fixed,decaps,735000
6423,bike,fixed,decaps,770680
6424,bike,fixed,decaps,791061
6425,bike,fixed,decaps,757150
6426,bike,fixed,decaps,756960
6427,bike,fixed,decaps,749177
6428,bike,fixed,decaps,743803
6429,bike,fixed,decaps,734252
6430,bike,fixed,decaps,760910
6431,bike,fixed,decaps,735579
6432,bike,fixed,decaps,734905
6433,bike,fixed,decaps,734931
6434,bike,fixed,decaps,734761
6435,bike,fixed,decaps,741843
6436,bike,fixed,decaps,756849
6437,bike,fixed,decaps,734935
6438,bike,fixed,decaps,786084
6439,bike,fixed,decaps,816021
6440,bike,fixed,decaps,761402
6441,bike,fixed,decaps,776812
6442,bike,fixed,decaps,727555
6443,bike,fixed,decaps,750793
6444,bike,fixed,decaps,734774
6445,bike,fixed,decaps,734828
6446,bike,fixed,decaps,737907
6447,bike,fixed,decaps,735407
6448,bike,fixed,decaps,758227
6449,bike,fixed,decaps,780586
6450,bike,fixed,decaps,771076
6451,bike,fixed,decaps,751126
6452,bike,fixed,decaps,741304
6453,bike,fixed,decaps,735001
6454,bike,fixed,decaps,782260
6455,bike,fixed,decaps,758887
6456,bike,fixed,decaps,717340
6457,bike,fixed,decaps,744283
6458,bike,fixed,decaps,748162
6459,bike,fixed,decaps,734621
6460,bike,fixed,decaps,734888
6461,bike,fixed,decaps,734939
6462,bike,fixed,decaps,748745
6463,bike,fixed,decaps,782155
6464,bike,fixed,decaps,757240
6465,bike,fixed,decaps,756911
6466,bike,fixed,decaps,778666
6467,bike,fixed,decaps,763219
6468,bike,fixed,decaps,757400
6469,bike,fixed,decaps,773907
6470,bike,fixed,decaps,723893
6471,bike,fixed,decaps,755565
6472,bike,fixed,decaps,738216
6473,bike,fixed,decaps,734398
6474,bike,fixed,decaps,734277
6475,bike,fixed,decaps,734549
6476,bike,fixed,decaps,735090
6477,bike,fixed,decaps,734602
6478,bike,fixed,decaps,737505
6479,bike,fixed,decaps,734657
6480,bike,fixed,decaps,789333
6481,bike,fixed,decaps,780278
6482,bike,fixed,decaps,770454
6483,bike,fixed,decaps,765585
6484,bike,fixed,decaps,783089
6485,bike,fixed,decaps,772244
6486,bike,fixed,decaps,714170
6487,bike,fixed,decaps,752883
6488,bike,fixed,decaps,741658
6489,bike,fixed,decaps,758239
6490,bike,fixed,decaps,737646
6491,bike,fixed,decaps,735602
6492,bike,fixed,decaps,735824
6493,bike,fixed,decaps,769544
6494,bike,fixed,decaps,741575
6495,bike,fixed,decaps,736329
6496,bike,fixed,decaps,735440
6497,bike,fixed,decaps,735905
6498,bike,fixed,decaps,735644
6499,bike,fixed,decaps,816064
6500,bike,fixed,decaps,804080
6501,bike,fixed,decaps,757695
6502,bike,fixed,decaps,773413
6503,bike,fixed,decaps,769309
6504,bike,fixed,decaps,787780
6505,bike,fixed,decaps,744256
6506,bike,fixed,decaps,735222
6507,bike,fixed,decaps,734952
6508,bike,fixed,decaps,734360
6509,bike,fixed,decaps,741106
6510,bike,fixed,decaps,734244
6511,bike,fixed,decaps,759525
6512,bike,fixed,decaps,735296
6513,bike,fixed,decaps,734780
6514,bike,fixed,decaps,734926
6515,bike,fixed,decaps,743376
6516,bike,fixed,decaps,791984
6517,bike,fixed,decaps,789014
6518,bike,fixed,decaps,757316
6519,bike,fixed,decaps,757247
6520,bike,fixed,decaps,800389
6521,bike,fixed,decaps,746438
6522,bike,fixed,decaps,735218
6523,bike,fixed,decaps,734489
6524,bike,fixed,decaps,776384
6525,bike,fixed,decaps,793232
6526,bike,fixed,decaps,757296
6527,bike,fixed,decaps,757045
6528,bike,fixed,decaps,748586
6529,bike,fixed,decaps,740990
6530,bike,fixed,decaps,734307
6531,bike,fixed,decaps,744097
6532,bike,fixed,decaps,777014
6533,bike,fixed,decaps,785358
6534,bike,fixed,decaps,773493
6535,bike,fixed,decaps,713709
6536,bike,fixed,decaps,923982
6537,bike,fixed,decaps,878453
6538,bike,fixed,decaps,855147
6539,bike,fixed,decaps,854848
6540,bike,fixed,decaps,874850
6541,bike,fixed,decaps,714055
6542,bike,fixed,decaps,789992
6543,bike,fixed,decaps,762212
6544,bike,fixed,decaps,756945
6545,bike,fixed,decaps,770944
6546,bike,fixed,decaps,790988
6547,bike,fixed,decaps,756822
6548,bike,fixed,decaps,772616
6549,bike,fixed,decaps,718623
6550,bike,fixed,decaps,755498
6551,bike,fixed,decaps,741177
6552,bike,fixed,decaps,734374
6553,bike,fixed,decaps,734349
6554,bike,fixed,decaps,736376
6555,bike,fixed,decaps,734589
6556,bike,fixed,decaps,741851
6557,bike,fixed,decaps,734733
6558,bike,fixed,decaps,768210
6559,bike,fixed,decaps,756828
6560,bike,fixed,decaps,763474
6561,bike,fixed,decaps,719079
6562,bike,fixed,decaps,830036
6563,bike,fixed,decaps,734958
6564,bike,fixed,decaps,734792
6565,bike,fixed,decaps,734414
6566,bike,fixed,decaps,734481
6567,bike,fixed,decaps,769994
6568,bike,fixed,decaps,757011
6569,bike,fixed,decaps,780643
6570,bike,fixed,decaps,756541
6571,bike,fixed,decaps,756477
6572,bike,fixed,decaps,788818
6573,bike,fixed,decaps,739642
6574,bike,fixed,decaps,734094
6575,bike,fixed,decaps,734197
6576,bike,fixed,decaps,763014
6577,bike,fixed,decaps,744271
6578,bike,fixed,decaps,742191
6579,bike,fixed,decaps,734705
6580,bike,fixed,decaps,735326
6581,bike,fixed,decaps,734975
6582,bike,fixed,decaps,734632
6583,bike,fixed,decaps,741997
6584,bike,fixed,decaps,735113
6585,bike,fixed,decaps,734945
6586,bike,fixed,decaps,735116
6587,bike,fixed,decaps,774198
6588,bike,fixed,decaps,829804
6589,bike,fixed,decaps,756755
6590,bike,fixed,decaps,736511
6591,bike,fixed,decaps,735081
6592,bike,fixed,decaps,767652
6593,bike,fixed,decaps,792209
6594,bike,fixed,decaps,764240
6595,bike,fixed,decaps,740790
6596,bike,fixed,decaps,794167
6597,bike,fixed,decaps,738110
6598,bike,fixed,decaps,734866
6599,bike,fixed,decaps,743216
6600,bike,fixed,decaps,734989
6601,bike,fixed,decaps,734575
6602,bike,fixed,decaps,734736
6603,bike,fixed,decaps,734606
6604,bike,fixed,decaps,740211
6605,bike,fixed,decaps,734801
6606,bike,fixed,decaps,734599
6607,bike,fixed,decaps,734817
6608,bike,fixed,decaps,734747
6609,bike,fixed,decaps,734381
6610,bike,fixed,decaps,739511
6611,bike,fixed,decaps,734788
6612,bike,fixed,decaps,761938
6613,bike,fixed,decaps,803036
6614,bike,fixed,decaps,757014
6615,bike,fixed,decaps,815332
6616,bike,fixed,decaps,777269
6617,bike,fixed,decaps,735232
6618,bike,fixed,decaps,734712
6619,bike,fixed,decaps,784361
6620,bike,fixed,decaps,787835
6621,bike,fixed,decaps,757158
6622,bike,fixed,decaps,781887
6623,bike,fixed,decaps,757103
6624,bike,fixed,decaps,757100
6625,bike,fixed,decaps,792667
6626,bike,fixed,decaps,713827
6627,bike,fixed,decaps,752530
6628,bike,fixed,decaps,735024
6629,bike,fixed,decaps,734567
6630,bike,fixed,decaps,734565
6631,bike,fixed,decaps,742417
6632,bike,fixed,decaps,734831
6633,bike,fixed,decaps,756550
6634,bike,fixed,decaps,795579
6635,bike,fixed,decaps,772057
6636,bike,fixed,decaps,759577
6637,bike,fixed,decaps,764380
6638,bike,fixed,decaps,718020
6639,bike,fixed,decaps,748284
6640,bike,fixed,decaps,734355
6641,bike,fixed,decaps,739221
6642,bike,fixed,decaps,753538
6643,bike,fixed,decaps,759811
6644,bike,fixed,decaps,734966
6645,bike,fixed,decaps,734412
6646,bike,fixed,decaps,734369
6647,bike,fixed,decaps,970143
6648,bike,fixed,decaps,752909
6649,bike,fixed,decaps,747322
6650,bike,fixed,decaps,757538
6651,bike,fixed,decaps,780773
6652,bike,fixed,decaps,779357
6653,bike,fixed,decaps,752039
6654,bike,fixed,decaps,742076
6655,bike,fixed,decaps,734373
6656,bike,fixed,decaps,734223
6657,bike,fixed,decaps,777223
6658,bike,fixed,decaps,784561
6659,bike,fixed,decaps,755786
6660,bike,fixed,decaps,755907
6661,bike,fixed,decaps,755491
6662,bike,fixed,decaps,784865
6663,bike,fixed,decaps,738475
6664,bike,fixed,decaps,734006
6665,bike,fixed,decaps,734105
6666,bike,fixed,decaps,734256
6667,bike,fixed,decaps,734206
6668,bike,fixed,decaps,772011
6669,bike,fixed,decaps,779540
6670,bike,fixed,decaps,786054
6671,bike,fixed,decaps,734850
6672,bike,fixed,decaps,738613
6673,bike,fixed,decaps,795066
6674,bike,fixed,decaps,835012
6675,bike,fixed,decaps,785535
6676,bike,fixed,decaps,757291
6677,bike,fixed,decaps,756146
6678,bike,fixed,decaps,765619
6679,bike,fixed,decaps,756426
6680,bike,fixed,decaps,762741
6681,bike,fixed,decaps,729454
6682,bike,fixed,decaps,749689
6683,bike,fixed,decaps,742509
6684,bike,fixed,decaps,739889
6685,bike,fixed,decaps,734594
6686,bike,fixed,decaps,734464
6687,bike,fixed,decaps,734267
6688,bike,fixed,decaps,734226
6689,bike,fixed,decaps,767476
6690,bike,fixed,decaps,734502
6691,bike,fixed,decaps,754879
6692,bike,fixed,decaps,779714
6693,bike,fixed,decaps,773567
6694,bike,fixed,decaps,1092418
6695,bike,fixed,decaps,785775
6696,bike,fixed,decaps,740505
6697,bike,fixed,decaps,745096
6698,bike,fixed,decaps,756212
6699,bike,fixed,decaps,764111
6700,bike,fixed,decaps,757046
6701,bike,fixed,decaps,765444
6702,bike,fixed,decaps,769110
6703,bike,fixed,decaps,768990
6704,bike,fixed,decaps,802883
6705,bike,fixed,decaps,734741
6706,bike,fixed,decaps,739191
6707,bike,fixed,decaps,734253
6708,bike,fixed,decaps,767237
6709,bike,fixed,decaps,747391
6710,bike,fixed,decaps,734170
6711,bike,fixed,decaps,733826
6712,bike,fixed,decaps,733978
6713,bike,fixed,decaps,754742
6714,bike,fixed,decaps,780059
6715,bike,fixed,decaps,777534
6716,bike,fixed,decaps,756450
6717,bike,fixed,decaps,755900
6718,bike,fixed,decaps,756183
6719,bike,fixed,decaps,756206
6720,bike,fixed,decaps,829653
6721,bike,fixed,decaps,746823
6722,bike,fixed,decaps,758798
6723,bike,fixed,decaps,733929
6724,bike,fixed,decaps,733626
6725,bike,fixed,decaps,740195
6726,bike,fixed,decaps,748006
6727,bike,fixed,decaps,808998
6728,bike,fixed,decaps,785035
6729,bike,fixed,decaps,768077
6730,bike,fixed,decaps,767683
6731,bike,fixed,decaps,734755
6732,bike,fixed,decaps,734622
6733,bike,fixed,decaps,734581
6734,bike,fixed,decaps,734443
6735,bike,fixed,decaps,734660
6736,bike,fixed,decaps,791393
6737,bike,fixed,decaps,781060
6738,bike,fixed,decaps,756354
6739,bike,fixed,decaps,757043
6740,bike,fixed,decaps,732521
6741,bike,fixed,decaps,773142
6742,bike,fixed,decaps,761709
6743,bike,fixed,decaps,793229
6744,bike,fixed,decaps,757057
6745,bike,fixed,decaps,744513
6746,bike,fixed,decaps,801847
6747,bike,fixed,decaps,780009
6748,bike,fixed,decaps,735110
6749,bike,fixed,decaps,759995
6750,bike,fixed,decaps,735268
6751,bike,fixed,decaps,734447
6752,bike,fixed,decaps,751143
6753,bike,fixed,decaps,735850
6754,bike,fixed,decaps,799675
6755,bike,fixed,decaps,789824
6756,bike,fixed,decaps,769410
6757,bike,fixed,decaps,757315
6758,bike,fixed,decaps,752636
6759,bike,fixed,decaps,733713
6760,bike,fixed,decaps,733867
6761,bike,fixed,decaps,733762
6762,bike,fixed,decaps,740305
6763,bike,fixed,decaps,734280
6764,bike,fixed,decaps,734161
6765,bike,fixed,decaps,734526
6766,bike,fixed,decaps,765526
6767,bike,fixed,decaps,846172
6768,bike,fixed,decaps,757755
6769,bike,fixed,decaps,771931
6770,bike,fixed,decaps,757026
6771,bike,fixed,decaps,764047
6772,bike,fixed,decaps,713571
6773,bike,fixed,decaps,805668
6774,bike,fixed,decaps,735053
6775,bike,fixed,decaps,734822
6776,bike,fixed,decaps,760461
6777,bike,fixed,decaps,734796
6778,bike,fixed,decaps,781365
6779,bike,fixed,decaps,784796
6780,bike,fixed,decaps,783025
6781,bike,fixed,decaps,724775
6782,bike,fixed,decaps,754610
6783,bike,fixed,decaps,741532
6784,bike,fixed,decaps,749155
6785,bike,fixed,decaps,780079
6786,bike,fixed,decaps,751640
6787,bike,fixed,decaps,743367
6788,bike,fixed,decaps,734130
6789,bike,fixed,decaps,737520
6790,bike,fixed,decaps,733858
6791,bike,fixed,decaps,734071
6792,bike,fixed,decaps,734054
6793,bike,fixed,decaps,800537
6794,bike,fixed,decaps,786865
6795,bike,fixed,decaps,756752
6796,bike,fixed,decaps,771250
6797,bike,fixed,decaps,714194
6798,bike,fixed,decaps,755017
6799,bike,fixed,decaps,739217
6800,bike,fixed,decaps,754979
6801,bike,fixed,decaps,734124
6802,bike,fixed,decaps,739053
6803,bike,fixed,decaps,753581
6804,bike,fixed,decaps,811025
6805,bike,fixed,decaps,782653
6806,bike,fixed,decaps,804003
6807,bike,fixed,decaps,752359
6808,bike,fixed,decaps,743388
6809,bike,fixed,decaps,763497
6810,bike,fixed,decaps,742090
6811,bike,fixed,decaps,734509
6812,bike,fixed,decaps,734667
6813,bike,fixed,decaps,734407
6814,bike,fixed,decaps,734034
6815,bike,fixed,decaps,739635
6816,bike,fixed,decaps,755070
6817,bike,fixed,decaps,780371
6818,bike,fixed,decaps,780030
6819,bike,fixed,decaps,750172
6820,bike,fixed,decaps,759903
6821,bike,fixed,decaps,735048
6822,bike,fixed,decaps,791572
6823,bike,fixed,decaps,788130
6824,bike,fixed,decaps,759657
6825,bike,fixed,decaps,749844
6826,bike,fixed,decaps,754662
6827,bike,fixed,decaps,757081
6828,bike,fixed,decaps,735007
6829,bike,fixed,decaps,737503
6830,bike,fixed,decaps,766768
6831,bike,fixed,decaps,741830
6832,bike,fixed,decaps,734085
6833,bike,fixed,decaps,773892
6834,bike,fixed,decaps,780774
6835,bike,fixed,decaps,774096
6836,bike,fixed,decaps,768253
6837,bike,fixed,decaps,769349
6838,bike,fixed,decaps,713523
6839,bike,fixed,decaps,748446
6840,bike,fixed,decaps,734574
6841,bike,fixed,decaps,754787
6842,bike,fixed,decaps,789741
6843,bike,fixed,decaps,773791
6844,bike,fixed,decaps,752570
6845,bike,fixed,decaps,713528
6846,bike,fixed,decaps,713363
6847,bike,fixed,decaps,786394
6848,bike,fixed,decaps,759016
6849,bike,fixed,decaps,756235
6850,bike,fixed,decaps,756428
6851,bike,fixed,decaps,756678
6852,bike,fixed,decaps,785278
6853,bike,fixed,decaps,807151
6854,bike,fixed,decaps,713985
6855,bike,fixed,decaps,713571
6856,bike,fixed,decaps,774870
6857,bike,fixed,decaps,744836
6858,bike,fixed,decaps,734832
6859,bike,fixed,decaps,767849
6860,bike,fixed,decaps,778082
6861,bike,fixed,decaps,756809
6862,bike,fixed,decaps,756616
6863,bike,fixed,decaps,764314
6864,bike,fixed,decaps,757021
6865,bike,fixed,decaps,757005
6866,bike,fixed,decaps,756857
6867,bike,fixed,decaps,761920
6868,bike,fixed,decaps,989075
6869,bike,fixed,decaps,727006
6870,bike,fixed,decaps,739468
6871,bike,fixed,decaps,733898
6872,bike,fixed,decaps,734398
6873,bike,fixed,decaps,740215
6874,bike,fixed,decaps,733779
6875,bike,fixed,decaps,734044
6876,bike,fixed,decaps,733667
6877,bike,fixed,decaps,734405
6878,bike,fixed,decaps,785127
6879,bike,fixed,decaps,735203
6880,bike,fixed,decaps,770265
6881,bike,fixed,decaps,733990
6882,bike,fixed,decaps,734130
6883,bike,fixed,decaps,759223
6884,bike,fixed,decaps,740981
6885,bike,fixed,decaps,734327
6886,bike,fixed,decaps,776826
6887,bike,fixed,decaps,756513
6888,bike,fixed,decaps,749905
6889,bike,fixed,decaps,770799
6890,bike,fixed,decaps,756274
6891,bike,fixed,decaps,771545
6892,bike,fixed,decaps,771789
6893,bike,fixed,decaps,756002
6894,bike,fixed,decaps,763336
6895,bike,fixed,decaps,773089
6896,bike,fixed,decaps,715995
6897,bike,fixed,decaps,749730
6898,bike,fixed,decaps,739380
6899,bike,fixed,decaps,748979
6900,bike,fixed,decaps,751147
6901,bike,fixed,decaps,769761
6902,bike,fixed,decaps,762532
6903,bike,fixed,decaps,767255
6904,bike,fixed,decaps,762436
6905,bike,fixed,decaps,771599
6906,bike,fixed,decaps,832145
6907,bike,fixed,decaps,781073
6908,bike,fixed,decaps,739575
6909,bike,fixed,decaps,765618
6910,bike,fixed,decaps,790878
6911,bike,fixed,decaps,748420
6912,bike,fixed,decaps,807944
6913,bike,fixed,decaps,794964
6914,bike,fixed,decaps,774080
6915,bike,fixed,decaps,771053
6916,bike,fixed,decaps,757353
6917,bike,fixed,decaps,756581
6918,bike,fixed,decaps,757702
6919,bike,fixed,decaps,757516
6920,bike,fixed,decaps,771330
6921,bike,fixed,decaps,758707
6922,bike,fixed,decaps,757205
6923,bike,fixed,decaps,763109
6924,bike,fixed,decaps,747897
6925,bike,fixed,decaps,765307
6926,bike,fixed,decaps,822783
6927,bike,fixed,decaps,763885
6928,bike,fixed,decaps,745945
6929,bike,fixed,decaps,735278
6930,bike,fixed,decaps,734648
6931,bike,fixed,decaps,1089703
6932,bike,fixed,decaps,751332
6933,bike,fixed,decaps,796864
6934,bike,fixed,decaps,757294
6935,bike,fixed,decaps,809360
6936,bike,fixed,decaps,778185
6937,bike,fixed,decaps,762674
6938,bike,fixed,decaps,778912
6939,bike,fixed,decaps,760470
6940,bike,fixed,decaps,891856
6941,bike,fixed,decaps,740167
6942,bike,fixed,decaps,734277
6943,bike,fixed,decaps,734320
6944,bike,fixed,decaps,733968
6945,bike,fixed,decaps,733823
6946,bike,fixed,decaps,768135
6947,bike,fixed,decaps,761880
6948,bike,fixed,decaps,756365
6949,bike,fixed,decaps,769748
6950,bike,fixed,decaps,756236
6951,bike,fixed,decaps,764602
6952,bike,fixed,decaps,756635
6953,bike,fixed,decaps,756575
6954,bike,fixed,decaps,756282
6955,bike,fixed,decaps,756087
6956,bike,fixed,decaps,787337
6957,bike,fixed,decaps,733130
6958,bike,fixed,decaps,755517
6959,bike,fixed,decaps,793600
6960,bike,fixed,decaps,789703
6961,bike,fixed,decaps,756122
6962,bike,fixed,decaps,779865
6963,bike,fixed,decaps,745730
6964,bike,fixed,decaps,761820
6965,bike,fixed,decaps,733856
6966,bike,fixed,decaps,733681
6967,bike,fixed,decaps,899687
6968,bike,fixed,decaps,735753
6969,bike,fixed,decaps,734828
6970,bike,fixed,decaps,734581
6971,bike,fixed,decaps,778746
6972,bike,fixed,decaps,797378
6973,bike,fixed,decaps,756861
6974,bike,fixed,decaps,756557
6975,bike,fixed,decaps,757287
6976,bike,fixed,decaps,756653
6977,bike,fixed,decaps,763014
6978,bike,fixed,decaps,757193
6979,bike,fixed,decaps,771508
6980,bike,fixed,decaps,768164
6981,bike,fixed,decaps,738836
6982,bike,fixed,decaps,734791
6983,bike,fixed,decaps,742097
6984,bike,fixed,decaps,734370
6985,bike,fixed,decaps,756789
6986,bike,fixed,decaps,734162
6987,bike,fixed,decaps,784414
6988,bike,fixed,decaps,812949
6989,bike,fixed,decaps,756101
6990,bike,fixed,decaps,759881
6991,bike,fixed,decaps,752408
6992,bike,fixed,decaps,753723
6993,bike,fixed,decaps,741755
6994,bike,fixed,decaps,748053
6995,bike,fixed,decaps,780114
6996,bike,fixed,decaps,775576
6997,bike,fixed,decaps,770653
6998,bike,fixed,decaps,797033
6999,bike,fixed,decaps,726721
7000,bike,fixed,decaps,750994
7001,bike,fixed,decaps,734400
7002,bike,fixed,decaps,734917
7003,bike,fixed,decaps,734860
7004,bike,fixed,decaps,748967
7005,bike,fixed,decaps,734634
7006,bike,fixed,decaps,734179
7007,bike,fixed,decaps,734123
7008,bike,fixed,decaps,734264
7009,bike,fixed,decaps,742319
7010,bike,fixed,decaps,734242
7011,bike,fixed,decaps,757007
7012,bike,fixed,decaps,795064
7013,bike,fixed,decaps,784118
7014,bike,fixed,decaps,803722
7015,bike,fixed,decaps,757788
7016,bike,fixed,decaps,781303
7017,bike,fixed,decaps,756910
7018,bike,fixed,decaps,766280
7019,bike,fixed,decaps,713243
7020,bike,fixed,decaps,783437
7021,bike,fixed,decaps,734366
7022,bike,fixed,decaps,734262
7023,bike,fixed,decaps,734452
7024,bike,fixed,decaps,734361
7025,bike,fixed,decaps,740381
7026,bike,fixed,decaps,755563
7027,bike,fixed,decaps,780179
7028,bike,fixed,decaps,772972
7029,bike,fixed,decaps,756770
7030,bike,fixed,decaps,773844
7031,bike,fixed,decaps,756668
7032,bike,fixed,decaps,756716
7033,bike,fixed,decaps,756834
7034,bike,fixed,decaps,756510
7035,bike,fixed,decaps,761113
7036,bike,fixed,decaps,733969
7037,bike,fixed,decaps,775647
7038,bike,fixed,decaps,735890
7039,bike,fixed,decaps,734422
7040,bike,fixed,decaps,734327
7041,bike,fixed,decaps,761825
7042,bike,fixed,decaps,735019
7043,bike,fixed,decaps,760029
7044,bike,fixed,decaps,792398
7045,bike,fixed,decaps,777358
7046,bike,fixed,decaps,772923
7047,bike,fixed,decaps,756588
7048,bike,fixed,decaps,756371
7049,bike,fixed,decaps,741931
7050,bike,fixed,decaps,748782
7051,bike,fixed,decaps,734009
7052,bike,fixed,decaps,740226
7053,bike,fixed,decaps,733922
7054,bike,fixed,decaps,733802
7055,bike,fixed,decaps,734137
7056,bike,fixed,decaps,733658
7057,bike,fixed,decaps,737022
7058,bike,fixed,decaps,759347
7059,bike,fixed,decaps,791825
7060,bike,fixed,decaps,756267
7061,bike,fixed,decaps,756323
7062,bike,fixed,decaps,761733
7063,bike,fixed,decaps,717009
7064,bike,fixed,decaps,778482
7065,bike,fixed,decaps,734194
7066,bike,fixed,decaps,734009
7067,bike,fixed,decaps,733989
7068,bike,fixed,decaps,764301
7069,bike,fixed,decaps,734504
7070,bike,fixed,decaps,758917
7071,bike,fixed,decaps,734678
7072,bike,fixed,decaps,772505
7073,bike,fixed,decaps,743405
7074,bike,fixed,decaps,734065
7075,bike,fixed,decaps,733783
7076,bike,fixed,decaps,790811
7077,bike,fixed,decaps,776962
7078,bike,fixed,decaps,762730
7079,bike,fixed,decaps,762843
7080,bike,fixed,decaps,756123
7081,bike,fixed,decaps,756122
7082,bike,fixed,decaps,758249
7083,bike,fixed,decaps,740436
7084,bike,fixed,decaps,738040
7085,bike,fixed,decaps,734084
7086,bike,fixed,decaps,734009
7087,bike,fixed,decaps,733945
7088,bike,fixed,decaps,734854
7089,bike,fixed,decaps,748385
7090,bike,fixed,decaps,761699
7091,bike,fixed,decaps,821449
7092,bike,fixed,decaps,757360
7093,bike,fixed,decaps,740349
7094,bike,fixed,decaps,750856
7095,bike,fixed,decaps,761126
7096,bike,fixed,decaps,734812
7097,bike,fixed,decaps,759729
7098,bike,fixed,decaps,734683
7099,bike,fixed,decaps,734371
7100,bike,fixed,decaps,741939
7101,bike,fixed,decaps,783506
7102,bike,fixed,decaps,781577
7103,bike,fixed,decaps,766294
7104,bike,fixed,decaps,713680
7105,bike,fixed,decaps,760453
7106,bike,fixed,decaps,775557
7107,bike,fixed,decaps,789192
7108,bike,fixed,decaps,756776
7109,bike,fixed,decaps,756731
7110,bike,fixed,decaps,759351
7111,bike,fixed,decaps,756828
7112,bike,fixed,decaps,756296
7113,bike,fixed,decaps,756799
7114,bike,fixed,decaps,749120
7115,bike,fixed,decaps,750683
7116,bike,fixed,decaps,734038
7117,bike,fixed,decaps,734386
7118,bike,fixed,decaps,752827
7119,bike,fixed,decaps,734341
7120,bike,fixed,decaps,734120
7121,bike,fixed,decaps,742027
7122,bike,fixed,decaps,796771
7123,bike,fixed,decaps,788679
7124,bike,fixed,decaps,779920
7125,bike,fixed,decaps,756721
7126,bike,fixed,decaps,763237
7127,bike,fixed,decaps,759134
7128,bike,fixed,decaps,740470
7129,bike,fixed,decaps,734202
7130,bike,fixed,decaps,734415
7131,bike,fixed,decaps,748784
7132,bike,fixed,decaps,734331
7133,bike,fixed,decaps,734166
7134,bike,fixed,decaps,734065
7135,bike,fixed,decaps,733982
7136,bike,fixed,decaps,743424
7137,bike,fixed,decaps,740607
7138,bike,fixed,decaps,734551
7139,bike,fixed,decaps,788595
7140,bike,fixed,decaps,780074
7141,bike,fixed,decaps,774505
7142,bike,fixed,decaps,764538
7143,bike,fixed,decaps,757132
7144,bike,fixed,decaps,797023
7145,bike,fixed,decaps,727307
7146,bike,fixed,decaps,753784
7147,bike,fixed,decaps,738764
7148,bike,fixed,decaps,754547
7149,bike,fixed,decaps,805442
7150,bike,fixed,decaps,797860
7151,bike,fixed,decaps,749917
7152,bike,fixed,decaps,768595
7153,bike,fixed,decaps,734916
7154,bike,fixed,decaps,733453
7155,bike,fixed,decaps,751563
7156,bike,fixed,decaps,753391
7157,bike,fixed,decaps,757349
7158,bike,fixed,decaps,761677
7159,bike,fixed,decaps,756457
7160,bike,fixed,decaps,756319
7161,bike,fixed,decaps,760530
7162,bike,fixed,decaps,729319
7163,bike,fixed,decaps,775282
7164,bike,fixed,decaps,734814
7165,bike,fixed,decaps,734467
7166,bike,fixed,decaps,734826
7167,bike,fixed,decaps,761438
7168,bike,fixed,decaps,763684
7169,bike,fixed,decaps,757167
7170,bike,fixed,decaps,778592
7171,bike,fixed,decaps,757230
7172,bike,fixed,decaps,760969
7173,bike,fixed,decaps,718706
7174,bike,fixed,decaps,786359
7175,bike,fixed,decaps,759902
7176,bike,fixed,decaps,735673
7177,bike,fixed,decaps,756899
7178,bike,fixed,decaps,735005
7179,bike,fixed,decaps,741777
7180,bike,fixed,decaps,755337
7181,bike,fixed,decaps,770374
7182,bike,fixed,decaps,756976
7183,bike,fixed,decaps,756892
7184,bike,fixed,decaps,763924
7185,bike,fixed,decaps,761304
7186,bike,fixed,decaps,727237
7187,bike,fixed,decaps,753552
7188,bike,fixed,decaps,734225
7189,bike,fixed,decaps,747969
7190,bike,fixed,decaps,783658
7191,bike,fixed,decaps,774982
7192,bike,fixed,decaps,756722
7193,bike,fixed,decaps,768712
7194,bike,fixed,decaps,713853
7195,bike,fixed,decaps,760595
7196,bike,fixed,decaps,734885
7197,bike,fixed,decaps,779263
7198,bike,fixed,decaps,780761
7199,bike,fixed,decaps,773911
7200,bike,fixed,decaps,761639
7201,bike,fixed,decaps,1201433
7202,bike,fixed,decaps,843847
7203,bike,fixed,decaps,781465
7204,bike,fixed,decaps,787466
7205,bike,fixed,decaps,732008
7206,bike,fixed,decaps,752796
7207,bike,fixed,decaps,735026
7208,bike,fixed,decaps,734729
7209,bike,fixed,decaps,734650
7210,bike,fixed,decaps,783346
7211,bike,fixed,decaps,776382
7212,bike,fixed,decaps,741205
7213,bike,fixed,decaps,734486
7214,bike,fixed,decaps,734412
7215,bike,fixed,decaps,738895
7216,bike,fixed,decaps,734611
7217,bike,fixed,decaps,734428
7218,bike,fixed,decaps,734454
7219,bike,fixed,decaps,734453
7220,bike,fixed,decaps,734264
7221,bike,fixed,decaps,795270
7222,bike,fixed,decaps,783938
7223,bike,fixed,decaps,771979
7224,bike,fixed,decaps,756805
7225,bike,fixed,decaps,756800
7226,bike,fixed,decaps,763999
7227,bike,fixed,decaps,756566
7228,bike,fixed,decaps,744063
7229,bike,fixed,decaps,750256
7230,bike,fixed,decaps,757655
7231,bike,fixed,decaps,740848
7232,bike,fixed,decaps,734426
7233,bike,fixed,decaps,734595
7234,bike,fixed,decaps,734420
7235,bike,fixed,decaps,763132
7236,bike,fixed,decaps,819787
7237,bike,fixed,decaps,763891
7238,bike,fixed,decaps,739979
7239,bike,fixed,decaps,747758
7240,bike,fixed,decaps,734398
7241,bike,fixed,decaps,734871
7242,bike,fixed,decaps,785229
7243,bike,fixed,decaps,781843
7244,bike,fixed,decaps,765783
7245,bike,fixed,decaps,713695
7246,bike,fixed,decaps,750158
7247,bike,fixed,decaps,738133
7248,bike,fixed,decaps,733943
7249,bike,fixed,decaps,755576
7250,bike,fixed,decaps,734802
7251,bike,fixed,decaps,734637
7252,bike,fixed,decaps,734659
7253,bike,fixed,decaps,738511
7254,bike,fixed,decaps,759554
7255,bike,fixed,decaps,735165
7256,bike,fixed,decaps,734673
7257,bike,fixed,decaps,756633
7258,bike,fixed,decaps,742278
7259,bike,fixed,decaps,734996
7260,bike,fixed,decaps,749698
7261,bike,fixed,decaps,780853
7262,bike,fixed,decaps,775268
7263,bike,fixed,decaps,762402
7264,bike,fixed,decaps,756510
7265,bike,fixed,decaps,756864
7266,bike,fixed,decaps,741922
7267,bike,fixed,decaps,749390
7268,bike,fixed,decaps,734066
7269,bike,fixed,decaps,740175
7270,bike,fixed,decaps,734874
7271,bike,fixed,decaps,767150
7272,bike,fixed,decaps,789656
7273,bike,fixed,decaps,757473
7274,bike,fixed,decaps,761550
7275,bike,fixed,decaps,749484
7276,bike,fixed,decaps,754672
7277,bike,fixed,decaps,734754
7278,bike,fixed,decaps,734527
7279,bike,fixed,decaps,741757
7280,bike,fixed,decaps,734812
7281,bike,fixed,decaps,757250
7282,bike,fixed,decaps,784432
7283,bike,fixed,decaps,781607
7284,bike,fixed,decaps,821191
7285,bike,fixed,decaps,717969
7286,bike,fixed,decaps,754378
7287,bike,fixed,decaps,734360
7288,bike,fixed,decaps,733965
7289,bike,fixed,decaps,733714
7290,bike,fixed,decaps,742965
7291,bike,fixed,decaps,734368
7292,bike,fixed,decaps,756165
7293,bike,fixed,decaps,780143
7294,bike,fixed,decaps,771837
7295,bike,fixed,decaps,772883
7296,bike,fixed,decaps,743405
7297,bike,fixed,decaps,734777
7298,bike,fixed,decaps,734366
7299,bike,fixed,decaps,734736
7300,bike,fixed,decaps,748747
7301,bike,fixed,decaps,734690
7302,bike,fixed,decaps,786250
7303,bike,fixed,decaps,799366
7304,bike,fixed,decaps,756930
7305,bike,fixed,decaps,761375
7306,bike,fixed,decaps,732895
7307,bike,fixed,decaps,754163
7308,bike,fixed,decaps,761651
7309,bike,fixed,decaps,735066
7310,bike,fixed,decaps,734212
7311,bike,fixed,decaps,761907
7312,bike,fixed,decaps,734032
7313,bike,fixed,decaps,733733
7314,bike,fixed,decaps,733896
7315,bike,fixed,decaps,733682
7316,bike,fixed,decaps,739586
7317,bike,fixed,decaps,734141
7318,bike,fixed,decaps,734772
7319,bike,fixed,decaps,734479
7320,bike,fixed,decaps,734577
7321,bike,fixed,decaps,734378
7322,bike,fixed,decaps,801755
7323,bike,fixed,decaps,780170
7324,bike,fixed,decaps,756211
7325,bike,fixed,decaps,756239
7326,bike,fixed,decaps,756459
7327,bike,fixed,decaps,763504
7328,bike,fixed,decaps,763144
7329,bike,fixed,decaps,713721
7330,bike,fixed,decaps,801114
7331,bike,fixed,decaps,734147
7332,bike,fixed,decaps,738004
7333,bike,fixed,decaps,734143
7334,bike,fixed,decaps,734129
7335,bike,fixed,decaps,760761
7336,bike,fixed,decaps,734741
7337,bike,fixed,decaps,757259
7338,bike,fixed,decaps,740655
7339,bike,fixed,decaps,772751
7340,bike,fixed,decaps,786734
7341,bike,fixed,decaps,782106
7342,bike,fixed,decaps,748838
7343,bike,fixed,decaps,780622
7344,bike,fixed,decaps,764617
7345,bike,fixed,decaps,790511
7346,bike,fixed,decaps,756076
7347,bike,fixed,decaps,741526
7348,bike,fixed,decaps,775274
7349,bike,fixed,decaps,734117
7350,bike,fixed,decaps,734473
7351,bike,fixed,decaps,784906
7352,bike,fixed,decaps,780763
7353,bike,fixed,decaps,790698
7354,bike,fixed,decaps,717794
7355,bike,fixed,decaps,754583
7356,bike,fixed,decaps,750581
7357,bike,fixed,decaps,753157
7358,bike,fixed,decaps,734270
7359,bike,fixed,decaps,738736
7360,bike,fixed,decaps,734187
7361,bike,fixed,decaps,744647
7362,bike,fixed,decaps,745764
7363,bike,fixed,decaps,742932
7364,bike,fixed,decaps,791433
7365,bike,fixed,decaps,786877
7366,bike,fixed,decaps,756021
7367,bike,fixed,decaps,756149
7368,bike,fixed,decaps,748419
7369,bike,fixed,decaps,765688
7370,bike,fixed,decaps,733940
7371,bike,fixed,decaps,733879
7372,bike,fixed,decaps,733912
7373,bike,fixed,decaps,734167
7374,bike,fixed,decaps,734131
7375,bike,fixed,decaps,793811
7376,bike,fixed,decaps,778479
7377,bike,fixed,decaps,755955
7378,bike,fixed,decaps,756108
7379,bike,fixed,decaps,765248
7380,bike,fixed,decaps,761704
7381,bike,fixed,decaps,756342
7382,bike,fixed,decaps,760625
7383,bike,fixed,decaps,749169
7384,bike,fixed,decaps,751511
7385,bike,fixed,decaps,755567
7386,bike,fixed,decaps,734067
7387,bike,fixed,decaps,733618
7388,bike,fixed,decaps,759608
7389,bike,fixed,decaps,746821
7390,bike,fixed,decaps,758596
7391,bike,fixed,decaps,743119
7392,bike,fixed,decaps,734430
7393,bike,fixed,decaps,764681
7394,bike,fixed,decaps,791990
7395,bike,fixed,decaps,756636
7396,bike,fixed,decaps,761716
7397,bike,fixed,decaps,756573
7398,bike,fixed,decaps,756836
7399,bike,fixed,decaps,756454
7400,bike,fixed,decaps,742010
7401,bike,fixed,decaps,772789
7402,bike,fixed,decaps,734776
7403,bike,fixed,decaps,734486
7404,bike,fixed,decaps,783952
7405,bike,fixed,decaps,781016
7406,bike,fixed,decaps,788341
7407,bike,fixed,decaps,713938
7408,bike,fixed,decaps,750490
7409,bike,fixed,decaps,736089
7410,bike,fixed,decaps,756070
7411,bike,fixed,decaps,746448
7412,bike,fixed,decaps,739309
7413,bike,fixed,decaps,734734
7414,bike,fixed,decaps,734728
7415,bike,fixed,decaps,760281
7416,bike,fixed,decaps,735321
7417,bike,fixed,decaps,763970
7418,bike,fixed,decaps,734856
7419,bike,fixed,decaps,734276
7420,bike,fixed,decaps,734386
7421,bike,fixed,decaps,734195
7422,bike,fixed,decaps,752865
7423,bike,fixed,decaps,783838
7424,bike,fixed,decaps,746202
7425,bike,fixed,decaps,749365
7426,bike,fixed,decaps,754125
7427,bike,fixed,decaps,779810
7428,bike,fixed,decaps,787564
7429,bike,fixed,decaps,747778
7430,bike,fixed,decaps,744294
7431,bike,fixed,decaps,734443
7432,bike,fixed,decaps,734369
7433,bike,fixed,decaps,738550
7434,bike,fixed,decaps,755089
7435,bike,fixed,decaps,780275
7436,bike,fixed,decaps,771630
7437,bike,fixed,decaps,778141
7438,bike,fixed,decaps,766000
7439,bike,fixed,decaps,717898
7440,bike,fixed,decaps,754823
7441,bike,fixed,decaps,734681
7442,bike,fixed,decaps,768535
7443,bike,fixed,decaps,734680
7444,bike,fixed,decaps,763410
7445,bike,fixed,decaps,776345
7446,bike,fixed,decaps,785049
7447,bike,fixed,decaps,757056
7448,bike,fixed,decaps,756843
7449,bike,fixed,decaps,761241
7450,bike,fixed,decaps,747118
7451,bike,fixed,decaps,734759
7452,bike,fixed,decaps,734660
7453,bike,fixed,decaps,734539
7454,bike,fixed,decaps,739294
7455,bike,fixed,decaps,734679
7456,bike,fixed,decaps,734718
7457,bike,fixed,decaps,734515
7458,bike,fixed,decaps,758971
7459,bike,fixed,decaps,780219
7460,bike,fixed,decaps,784902
7461,bike,fixed,decaps,757021
7462,bike,fixed,decaps,756271
7463,bike,fixed,decaps,790244
7464,bike,fixed,decaps,713955
7465,bike,fixed,decaps,755695
7466,bike,fixed,decaps,735066
7467,bike,fixed,decaps,749435
7468,bike,fixed,decaps,781130
7469,bike,fixed,decaps,817041
7470,bike,fixed,decaps,772897
7471,bike,fixed,decaps,769541
7472,bike,fixed,decaps,757241
7473,bike,fixed,decaps,757068
7474,bike,fixed,decaps,750871
7475,bike,fixed,decaps,768805
7476,bike,fixed,decaps,734945
7477,bike,fixed,decaps,734911
7478,bike,fixed,decaps,734464
7479,bike,fixed,decaps,734652
7480,bike,fixed,decaps,734641
7481,bike,fixed,decaps,739086
7482,bike,fixed,decaps,734816
7483,bike,fixed,decaps,734821
7484,bike,fixed,decaps,734757
7485,bike,fixed,decaps,790108
7486,bike,fixed,decaps,785594
7487,bike,fixed,decaps,765778
7488,bike,fixed,decaps,713380
7489,bike,fixed,decaps,755151
7490,bike,fixed,decaps,753827
7491,bike,fixed,decaps,738117
7492,bike,fixed,decaps,734850
7493,bike,fixed,decaps,734710
7494,bike,fixed,decaps,744370
7495,bike,fixed,decaps,746808
7496,bike,fixed,decaps,735186
7497,bike,fixed,decaps,797178
7498,bike,fixed,decaps,793533
7499,bike,fixed,decaps,777065
7500,bike,fixed,decaps,718375
7501,bike,fixed,decaps,755024
7502,bike,fixed,decaps,764036
7503,bike,fixed,decaps,738325
7504,bike,fixed,decaps,734621
7505,bike,fixed,decaps,768731
7506,bike,fixed,decaps,757045
7507,bike,fixed,decaps,762609
7508,bike,fixed,decaps,757112
7509,bike,fixed,decaps,756670
7510,bike,fixed,decaps,756967
7511,bike,fixed,decaps,784938
7512,bike,fixed,decaps,787729
7513,bike,fixed,decaps,733890
7514,bike,fixed,decaps,753764
7515,bike,fixed,decaps,734368
7516,bike,fixed,decaps,734372
7517,bike,fixed,decaps,754653
7518,bike,fixed,decaps,738240
7519,bike,fixed,decaps,734315
7520,bike,fixed,decaps,734102
7521,bike,fixed,decaps,734235
7522,bike,fixed,decaps,759967
7523,bike,fixed,decaps,742629
7524,bike,fixed,decaps,754636
7525,bike,fixed,decaps,735789
7526,bike,fixed,decaps,735102
7527,bike,fixed,decaps,734954
7528,bike,fixed,decaps,734717
7529,bike,fixed,decaps,773813
7530,bike,fixed,decaps,756910
7531,bike,fixed,decaps,756600
7532,bike,fixed,decaps,756710
7533,bike,fixed,decaps,756684
7534,bike,fixed,decaps,761936
7535,bike,fixed,decaps,760346
7536,bike,fixed,decaps,716850
7537,bike,fixed,decaps,747609
7538,bike,fixed,decaps,734103
7539,bike,fixed,decaps,739319
7540,bike,fixed,decaps,734383
7541,bike,fixed,decaps,734299
7542,bike,fixed,decaps,734304
7543,bike,fixed,decaps,734458
7544,bike,fixed,decaps,753731
7545,bike,fixed,decaps,737642
7546,bike,fixed,decaps,735774
7547,bike,fixed,decaps,734663
7548,bike,fixed,decaps,734533
7549,bike,fixed,decaps,792575
7550,bike,fixed,decaps,761269
7551,bike,fixed,decaps,792571
7552,bike,fixed,decaps,758338
7553,bike,fixed,decaps,757285
7554,bike,fixed,decaps,756909
7555,bike,fixed,decaps,763961
7556,bike,fixed,decaps,756003
7557,bike,fixed,decaps,756024
7558,bike,fixed,decaps,747560
7559,bike,fixed,decaps,740549
7560,bike,fixed,decaps,733811
7561,bike,fixed,decaps,776369
7562,bike,fixed,decaps,735424
7563,bike,fixed,decaps,734358
7564,bike,fixed,decaps,734596
7565,bike,fixed,decaps,734757
7566,bike,fixed,decaps,740927
7567,bike,fixed,decaps,734184
7568,bike,fixed,decaps,758790
7569,bike,fixed,decaps,735208
7570,bike,fixed,decaps,734593
7571,bike,fixed,decaps,780121
7572,bike,fixed,decaps,780048
7573,bike,fixed,decaps,781519
7574,bike,fixed,decaps,781157
7575,bike,fixed,decaps,756510
7576,bike,fixed,decaps,756462
7577,bike,fixed,decaps,763765
7578,bike,fixed,decaps,743506
7579,bike,fixed,decaps,768734
7580,bike,fixed,decaps,734298
7581,bike,fixed,decaps,734292
7582,bike,fixed,decaps,740938
7583,bike,fixed,decaps,734308
7584,bike,fixed,decaps,734233
7585,bike,fixed,decaps,734176
7586,bike,fixed,decaps,776483
7587,bike,fixed,decaps,789472
7588,bike,fixed,decaps,756855
7589,bike,fixed,decaps,756334
7590,bike,fixed,decaps,743387
7591,bike,fixed,decaps,742255
7592,bike,fixed,decaps,734273
7593,bike,fixed,decaps,739957
7594,bike,fixed,decaps,734130
7595,bike,fixed,decaps,734370
7596,bike,fixed,decaps,734601
7597,bike,fixed,decaps,796020
7598,bike,fixed,decaps,794211
7599,bike,fixed,decaps,756536
7600,bike,fixed,decaps,756773
7601,bike,fixed,decaps,781487
7602,bike,fixed,decaps,740735
7603,bike,fixed,decaps,748674
7604,bike,fixed,decaps,734247
7605,bike,fixed,decaps,734364
7606,bike,fixed,decaps,757958
7607,bike,fixed,decaps,765708
7608,bike,fixed,decaps,796788
7609,bike,fixed,decaps,756906
7610,bike,fixed,decaps,740383
7611,bike,fixed,decaps,749875
7612,bike,fixed,decaps,769630
7613,bike,fixed,decaps,734701
7614,bike,fixed,decaps,740988
7615,bike,fixed,decaps,769632
7616,bike,fixed,decaps,787149
7617,bike,fixed,decaps,758866
7618,bike,fixed,decaps,730113
7619,bike,fixed,decaps,781420
7620,bike,fixed,decaps,734189
7621,bike,fixed,decaps,734065
7622,bike,fixed,decaps,734538
7623,bike,fixed,decaps,733814
7624,bike,fixed,decaps,785182
7625,bike,fixed,decaps,734815
7626,bike,fixed,decaps,734601
7627,bike,fixed,decaps,734332
7628,bike,fixed,decaps,759879
7629,bike,fixed,decaps,734333
7630,bike,fixed,decaps,741657
7631,bike,fixed,decaps,791961
7632,bike,fixed,decaps,788119
7633,bike,fixed,decaps,757535
7634,bike,fixed,decaps,756680
7635,bike,fixed,decaps,762785
7636,bike,fixed,decaps,756503
7637,bike,fixed,decaps,756615
7638,bike,fixed,decaps,756511
7639,bike,fixed,decaps,747666
7640,bike,fixed,decaps,781836
7641,bike,fixed,decaps,734561
7642,bike,fixed,decaps,734121
7643,bike,fixed,decaps,734247
7644,bike,fixed,decaps,761914
7645,bike,fixed,decaps,811736
7646,bike,fixed,decaps,728969
7647,bike,fixed,decaps,758362
7648,bike,fixed,decaps,734145
7649,bike,fixed,decaps,734081
7650,bike,fixed,decaps,734105
7651,bike,fixed,decaps,772805
7652,bike,fixed,decaps,764962
7653,bike,fixed,decaps,790760
7654,bike,fixed,decaps,756298
7655,bike,fixed,decaps,781276
7656,bike,fixed,decaps,761914
7657,bike,fixed,decaps,768692
7658,bike,fixed,decaps,736309
7659,bike,fixed,decaps,750179
7660,bike,fixed,decaps,733980
7661,bike,fixed,decaps,734477
7662,bike,fixed,decaps,740336
7663,bike,fixed,decaps,757146
7664,bike,fixed,decaps,748435
7665,bike,fixed,decaps,734058
7666,bike,fixed,decaps,733871
7667,bike,fixed,decaps,789986
7668,bike,fixed,decaps,780859
7669,bike,fixed,decaps,756194
7670,bike,fixed,decaps,755939
7671,bike,fixed,decaps,755879
7672,bike,fixed,decaps,777243
7673,bike,fixed,decaps,736996
7674,bike,fixed,decaps,734232
7675,bike,fixed,decaps,734262
7676,bike,fixed,decaps,746669
7677,bike,fixed,decaps,744109
7678,bike,fixed,decaps,734329
7679,bike,fixed,decaps,734019
7680,bike,fixed,decaps,734506
7681,bike,fixed,decaps,734306
7682,bike,fixed,decaps,759610
7683,bike,fixed,decaps,739766
7684,bike,fixed,decaps,735022
7685,bike,fixed,decaps,779530
7686,bike,fixed,decaps,781310
7687,bike,fixed,decaps,773388
7688,bike,fixed,decaps,783648
7689,bike,fixed,decaps,743948
7690,bike,fixed,decaps,734290
7691,bike,fixed,decaps,789463
7692,bike,fixed,decaps,789237
7693,bike,fixed,decaps,763161
7694,bike,fixed,decaps,757349
7695,bike,fixed,decaps,757063
7696,bike,fixed,decaps,757243
7697,bike,fixed,decaps,759251
7698,bike,fixed,decaps,720409
7699,bike,fixed,decaps,768866
7700,bike,fixed,decaps,734456
7701,bike,fixed,decaps,734842
7702,bike,fixed,decaps,735027
7703,bike,fixed,decaps,753621
7704,bike,fixed,decaps,738500
7705,bike,fixed,decaps,734732
7706,bike,fixed,decaps,734950
7707,bike,fixed,decaps,734734
7708,bike,fixed,decaps,738736
7709,bike,fixed,decaps,761590
7710,bike,fixed,decaps,734999
7711,bike,fixed,decaps,735307
7712,bike,fixed,decaps,759215
7713,bike,fixed,decaps,734925
7714,bike,fixed,decaps,734510
7715,bike,fixed,decaps,741477
7716,bike,fixed,decaps,771466
7717,bike,fixed,decaps,787478
7718,bike,fixed,decaps,756463
7719,bike,fixed,decaps,757136
7720,bike,fixed,decaps,773107
7721,bike,fixed,decaps,745910
7722,bike,fixed,decaps,734575
7723,bike,fixed,decaps,734627
7724,bike,fixed,decaps,734690
7725,bike,fixed,decaps,762389
7726,bike,fixed,decaps,780708
7727,bike,fixed,decaps,770486
7728,bike,fixed,decaps,745560
7729,bike,fixed,decaps,739038
7730,bike,fixed,decaps,753137
7731,bike,fixed,decaps,749714
7732,bike,fixed,decaps,733947
7733,bike,fixed,decaps,734173
7734,bike,fixed,decaps,734939
7735,bike,fixed,decaps,814266
7736,bike,fixed,decaps,786050
7737,bike,fixed,decaps,772394
7738,bike,fixed,decaps,734021
7739,bike,fixed,decaps,757426
7740,bike,fixed,decaps,735396
7741,bike,fixed,decaps,771848
7742,bike,fixed,decaps,790538
7743,bike,fixed,decaps,756391
7744,bike,fixed,decaps,738880
7745,bike,fixed,decaps,719955
7746,bike,fixed,decaps,766360
7747,bike,fixed,decaps,743686
7748,bike,fixed,decaps,734990
7749,bike,fixed,decaps,734475
7750,bike,fixed,decaps,734457
7751,bike,fixed,decaps,734073
7752,bike,fixed,decaps,741513
7753,bike,fixed,decaps,734370
7754,bike,fixed,decaps,747645
7755,bike,fixed,decaps,757053
7756,bike,fixed,decaps,770499
7757,bike,fixed,decaps,772741
7758,bike,fixed,decaps,756563
7759,bike,fixed,decaps,756875
7760,bike,fixed,decaps,756936
7761,bike,fixed,decaps,755984
7762,bike,fixed,decaps,780245
7763,bike,fixed,decaps,734985
7764,bike,fixed,decaps,733950
7765,bike,fixed,decaps,734186
7766,bike,fixed,decaps,759618
7767,bike,fixed,decaps,734273
7768,bike,fixed,decaps,769406
7769,bike,fixed,decaps,757071
7770,bike,fixed,decaps,756494
7771,bike,fixed,decaps,756695
7772,bike,fixed,decaps,741296
7773,bike,fixed,decaps,749572
7774,bike,fixed,decaps,734443
7775,bike,fixed,decaps,734359
7776,bike,fixed,decaps,734355
7777,bike,fixed,decaps,756422
7778,bike,fixed,decaps,756712
7779,bike,fixed,decaps,759407
7780,bike,fixed,decaps,756609
7781,bike,fixed,decaps,756566
7782,bike,fixed,decaps,756788
7783,bike,fixed,decaps,804388
7784,bike,fixed,decaps,742005
7785,bike,fixed,decaps,749518
7786,bike,fixed,decaps,734751
7787,bike,fixed,decaps,734183
7788,bike,fixed,decaps,734746
7789,bike,fixed,decaps,763499
7790,bike,fixed,decaps,734818
7791,bike,fixed,decaps,734851
7792,bike,fixed,decaps,780495
7793,bike,fixed,decaps,804901
7794,bike,fixed,decaps,790132
7795,bike,fixed,decaps,713891
7796,bike,fixed,decaps,759859
7797,bike,fixed,decaps,734395
7798,bike,fixed,decaps,734583
7799,bike,fixed,decaps,734176
7800,bike,fixed,decaps,740043
7801,bike,fixed,decaps,733990
7802,bike,fixed,decaps,780381
7803,bike,fixed,decaps,780408
7804,bike,fixed,decaps,772726
7805,bike,fixed,decaps,762962
7806,bike,fixed,decaps,770968
7807,bike,fixed,decaps,717444
7808,bike,fixed,decaps,754250
7809,bike,fixed,decaps,734594
7810,bike,fixed,decaps,764206
7811,bike,fixed,decaps,734730
7812,bike,fixed,decaps,734592
7813,bike,fixed,decaps,773504
7814,bike,fixed,decaps,786216
7815,bike,fixed,decaps,761538
7816,bike,fixed,decaps,760781
7817,bike,fixed,decaps,754458
7818,bike,fixed,decaps,733926
7819,bike,fixed,decaps,756020
7820,bike,fixed,decaps,735625
7821,bike,fixed,decaps,742196
7822,bike,fixed,decaps,761436
7823,bike,fixed,decaps,793293
7824,bike,fixed,decaps,756781
7825,bike,fixed,decaps,748836
7826,bike,fixed,decaps,797797
7827,bike,fixed,decaps,733701
7828,bike,fixed,decaps,733956
7829,bike,fixed,decaps,791351
7830,bike,fixed,decaps,781880
7831,bike,fixed,decaps,776148
7832,bike,fixed,decaps,756877
7833,bike,fixed,decaps,756357
7834,bike,fixed,decaps,756396
7835,bike,fixed,decaps,764766
7836,bike,fixed,decaps,717687
7837,bike,fixed,decaps,792646
7838,bike,fixed,decaps,734363
7839,bike,fixed,decaps,734345
7840,bike,fixed,decaps,734287
7841,bike,fixed,decaps,790880
7842,bike,fixed,decaps,762161
7843,bike,fixed,decaps,765157
7844,bike,fixed,decaps,735220
7845,bike,fixed,decaps,733974
7846,bike,fixed,decaps,757970
7847,bike,fixed,decaps,775523
7848,bike,fixed,decaps,794964
7849,bike,fixed,decaps,756537
7850,bike,fixed,decaps,756576
7851,bike,fixed,decaps,756611
7852,bike,fixed,decaps,756669
7853,bike,fixed,decaps,763027
7854,bike,fixed,decaps,756610
7855,bike,fixed,decaps,756742
7856,bike,fixed,decaps,771291
7857,bike,fixed,decaps,713294
7858,bike,fixed,decaps,796303
7859,bike,fixed,decaps,734777
7860,bike,fixed,decaps,734605
7861,bike,fixed,decaps,734440
7862,bike,fixed,decaps,784556
7863,bike,fixed,decaps,808443
7864,bike,fixed,decaps,756962
7865,bike,fixed,decaps,756914
7866,bike,fixed,decaps,773948
7867,bike,fixed,decaps,748336
7868,bike,fixed,decaps,784431
7869,bike,fixed,decaps,734361
7870,bike,fixed,decaps,757631
7871,bike,fixed,decaps,735225
7872,bike,fixed,decaps,734682
7873,bike,fixed,decaps,774023
7874,bike,fixed,decaps,741077
7875,bike,fixed,decaps,734562
7876,bike,fixed,decaps,733810
7877,bike,fixed,decaps,734262
7878,bike,fixed,decaps,734845
7879,bike,fixed,decaps,739547
7880,bike,fixed,decaps,734713
7881,bike,fixed,decaps,734486
7882,bike,fixed,decaps,829033
7883,bike,fixed,decaps,780878
7884,bike,fixed,decaps,764044
7885,bike,fixed,decaps,760561
7886,bike,fixed,decaps,727053
7887,bike,fixed,decaps,751912
7888,bike,fixed,decaps,734181
7889,bike,fixed,decaps,734638
7890,bike,fixed,decaps,775537
7891,bike,fixed,decaps,734882
7892,bike,fixed,decaps,759893
7893,bike,fixed,decaps,780175
7894,bike,fixed,decaps,769888
7895,bike,fixed,decaps,783421
7896,bike,fixed,decaps,747549
7897,bike,fixed,decaps,753114
7898,bike,fixed,decaps,780033
7899,bike,fixed,decaps,796676
7900,bike,fixed,decaps,798548
7901,bike,fixed,decaps,744150
7902,bike,fixed,decaps,734871
7903,bike,fixed,decaps,734914
7904,bike,fixed,decaps,734444
7905,bike,fixed,decaps,739630
7906,bike,fixed,decaps,734329
7907,bike,fixed,decaps,734466
7908,bike,fixed,decaps,734648
7909,bike,fixed,decaps,734821
7910,bike,fixed,decaps,734775
7911,bike,fixed,decaps,742573
7912,bike,fixed,decaps,734830
7913,bike,fixed,decaps,748505
7914,bike,fixed,decaps,780351
7915,bike,fixed,decaps,776000
7916,bike,fixed,decaps,799863
7917,bike,fixed,decaps,779914
7918,bike,fixed,decaps,714032
7919,bike,fixed,decaps,755100
7920,bike,fixed,decaps,734758
7921,bike,fixed,decaps,760197
7922,bike,fixed,decaps,805813
7923,bike,fixed,decaps,772881
7924,bike,fixed,decaps,749642
7925,bike,fixed,decaps,745765
7926,bike,fixed,decaps,754978
7927,bike,fixed,decaps,765245
7928,bike,fixed,decaps,734317
7929,bike,fixed,decaps,734611
7930,bike,fixed,decaps,734897
7931,bike,fixed,decaps,734631
7932,bike,fixed,decaps,741419
7933,bike,fixed,decaps,734067
7934,bike,fixed,decaps,734037
7935,bike,fixed,decaps,789023
7936,bike,fixed,decaps,780370
7937,bike,fixed,decaps,760432
7938,bike,fixed,decaps,769979
7939,bike,fixed,decaps,756392
7940,bike,fixed,decaps,770673
7941,bike,fixed,decaps,759901
7942,bike,fixed,decaps,718056
7943,bike,fixed,decaps,781860
7944,bike,fixed,decaps,743494
7945,bike,fixed,decaps,735053
7946,bike,fixed,decaps,734717
7947,bike,fixed,decaps,734560
7948,bike,fixed,decaps,737792
7949,bike,fixed,decaps,759989
7950,bike,fixed,decaps,735142
7951,bike,fixed,decaps,792833
7952,bike,fixed,decaps,777150
7953,bike,fixed,decaps,813526
7954,bike,fixed,decaps,732958
7955,bike,fixed,decaps,734080
7956,bike,fixed,decaps,735773
7957,bike,fixed,decaps,734117
7958,bike,fixed,decaps,749180
7959,bike,fixed,decaps,787921
7960,bike,fixed,decaps,774581
7961,bike,fixed,decaps,752385
7962,bike,fixed,decaps,742907
7963,bike,fixed,decaps,734237
7964,bike,fixed,decaps,738267
7965,bike,fixed,decaps,734664
7966,bike,fixed,decaps,734318
7967,bike,fixed,decaps,735133
7968,bike,fixed,decaps,780315
7969,bike,fixed,decaps,784869
7970,bike,fixed,decaps,781493
7971,bike,fixed,decaps,756744
7972,bike,fixed,decaps,738555
7973,bike,fixed,decaps,750629
7974,bike,fixed,decaps,740228
7975,bike,fixed,decaps,734968
7976,bike,fixed,decaps,810406
7977,bike,fixed,decaps,778752
7978,bike,fixed,decaps,764513
7979,bike,fixed,decaps,717390
7980,bike,fixed,decaps,808095
7981,bike,fixed,decaps,734759
7982,bike,fixed,decaps,760716
7983,bike,fixed,decaps,792499
7984,bike,fixed,decaps,756652
7985,bike,fixed,decaps,762009
7986,bike,fixed,decaps,754806
7987,bike,fixed,decaps,734103
7988,bike,fixed,decaps,734136
7989,bike,fixed,decaps,734310
7990,bike,fixed,decaps,740514
7991,bike,fixed,decaps,734260
7992,bike,fixed,decaps,734300
7993,bike,fixed,decaps,734276
7994,bike,fixed,decaps,781884
7995,bike,fixed,decaps,835300
7996,bike,fixed,decaps,732932
7997,bike,fixed,decaps,941416
7998,bike,fixed,decaps,855345
7999,bike,fixed,decaps,854603
8000,bike,fixed,decaps,833594
8001,bike,fixed,decaps,734734
8002,bike,fixed,decaps,762469
8003,bike,fixed,decaps,735230
8004,bike,fixed,decaps,765114
8005,bike,fixed,decaps,791011
8006,bike,fixed,decaps,791339
8007,bike,fixed,decaps,762342
8008,bike,fixed,decaps,757143
8009,bike,fixed,decaps,757598
8010,bike,fixed,decaps,757046
8011,bike,fixed,decaps,779755
8012,bike,fixed,decaps,753280
8013,bike,fixed,decaps,734794
8014,bike,fixed,decaps,734105
8015,bike,fixed,decaps,735325
8016,bike,fixed,decaps,1080368
8017,bike,fixed,decaps,734898
8018,bike,fixed,decaps,736528
8019,bike,fixed,decaps,735088
8020,bike,fixed,decaps,734669
8021,bike,fixed,decaps,738026
8022,bike,fixed,decaps,734692
8023,bike,fixed,decaps,756310
8024,bike,fixed,decaps,734763
8025,bike,fixed,decaps,774159
8026,bike,fixed,decaps,793501
8027,bike,fixed,decaps,757096
8028,bike,fixed,decaps,792045
8029,bike,fixed,decaps,746352
8030,bike,fixed,decaps,742505
8031,bike,fixed,decaps,756309
8032,bike,fixed,decaps,766704
8033,bike,fixed,decaps,734839
8034,bike,fixed,decaps,734794
8035,bike,fixed,decaps,734428
8036,bike,fixed,decaps,734452
8037,bike,fixed,decaps,743175
8038,bike,fixed,decaps,734793
8039,bike,fixed,decaps,735043
8040,bike,fixed,decaps,735247
8041,bike,fixed,decaps,734596
8042,bike,fixed,decaps,739771
8043,bike,fixed,decaps,735153
8044,bike,fixed,decaps,785033
8045,bike,fixed,decaps,765738
8046,bike,fixed,decaps,744778
8047,bike,fixed,decaps,735349
8048,bike,fixed,decaps,739039
8049,bike,fixed,decaps,735014
8050,bike,fixed,decaps,774727
8051,bike,fixed,decaps,781302
8052,bike,fixed,decaps,771675
8053,bike,fixed,decaps,770028
8054,bike,fixed,decaps,762696
8055,bike,fixed,decaps,743185
8056,bike,fixed,decaps,756825
8057,bike,fixed,decaps,734890
8058,bike,fixed,decaps,742184
8059,bike,fixed,decaps,756956
8060,bike,fixed,decaps,734961
8061,bike,fixed,decaps,775399
8062,bike,fixed,decaps,734614
8063,bike,fixed,decaps,734922
8064,bike,fixed,decaps,741507
8065,bike,fixed,decaps,734819
8066,bike,fixed,decaps,761606
8067,bike,fixed,decaps,792740
8068,bike,fixed,decaps,756933
8069,bike,fixed,decaps,763709
8070,bike,fixed,decaps,757064
8071,bike,fixed,decaps,769615
8072,bike,fixed,decaps,765184
8073,bike,fixed,decaps,756952
8074,bike,fixed,decaps,783766
8075,bike,fixed,decaps,738883
8076,bike,fixed,decaps,755975
8077,bike,fixed,decaps,734372
8078,bike,fixed,decaps,734169
8079,bike,fixed,decaps,734245
8080,bike,fixed,decaps,739135
8081,bike,fixed,decaps,734601
8082,bike,fixed,decaps,758780
8083,bike,fixed,decaps,734406
8084,bike,fixed,decaps,733968
8085,bike,fixed,decaps,742175
8086,bike,fixed,decaps,756854
8087,bike,fixed,decaps,749481
8088,bike,fixed,decaps,780255
8089,bike,fixed,decaps,776114
8090,bike,fixed,decaps,791577
8091,bike,fixed,decaps,757619
8092,bike,fixed,decaps,758121
8093,bike,fixed,decaps,737518
8094,bike,fixed,decaps,749526
8095,bike,fixed,decaps,741240
8096,bike,fixed,decaps,735019
8097,bike,fixed,decaps,735546
8098,bike,fixed,decaps,734428
8099,bike,fixed,decaps,734688
8100,bike,fixed,decaps,734456
8101,bike,fixed,decaps,741359
8102,bike,fixed,decaps,767336
8103,bike,fixed,decaps,811066
8104,bike,fixed,decaps,757027
8105,bike,fixed,decaps,756693
8106,bike,fixed,decaps,754670
8107,bike,fixed,decaps,743554
8108,bike,fixed,decaps,734767
8109,bike,fixed,decaps,758376
8110,bike,fixed,decaps,735177
8111,bike,fixed,decaps,735003
8112,bike,fixed,decaps,764609
8113,bike,fixed,decaps,800194
8114,bike,fixed,decaps,779375
8115,bike,fixed,decaps,763515
8116,bike,fixed,decaps,713192
8117,bike,fixed,decaps,787801
8118,bike,fixed,decaps,734942
8119,bike,fixed,decaps,734931
8120,bike,fixed,decaps,734800
8121,bike,fixed,decaps,734689
8122,bike,fixed,decaps,774190
8123,bike,fixed,decaps,788114
8124,bike,fixed,decaps,760352
8125,bike,fixed,decaps,731010
8126,bike,fixed,decaps,753464
8127,bike,fixed,decaps,752802
8128,bike,fixed,decaps,735013
8129,bike,fixed,decaps,734795
8130,bike,fixed,decaps,756470
8131,bike,fixed,decaps,749891
8132,bike,fixed,decaps,761184
8133,bike,fixed,decaps,742692
8134,bike,fixed,decaps,734741
8135,bike,fixed,decaps,760440
8136,bike,fixed,decaps,804548
8137,bike,fixed,decaps,781875
8138,bike,fixed,decaps,768464
8139,bike,fixed,decaps,768724
8140,bike,fixed,decaps,734267
8141,bike,fixed,decaps,734371
8142,bike,fixed,decaps,779724
8143,bike,fixed,decaps,789263
8144,bike,fixed,decaps,770321
8145,bike,fixed,decaps,712679
8146,bike,fixed,decaps,755735
8147,bike,fixed,decaps,734586
8148,bike,fixed,decaps,734309
8149,bike,fixed,decaps,745817
8150,bike,fixed,decaps,733946
8151,bike,fixed,decaps,759554
8152,bike,fixed,decaps,750529
8153,bike,fixed,decaps,733956
8154,bike,fixed,decaps,788032
8155,bike,fixed,decaps,783353
8156,bike,fixed,decaps,756663
8157,bike,fixed,decaps,783775
8158,bike,fixed,decaps,772896
8159,bike,fixed,decaps,776565
8160,bike,fixed,decaps,742713
8161,bike,fixed,decaps,734680
8162,bike,fixed,decaps,734564
8163,bike,fixed,decaps,761469
8164,bike,fixed,decaps,764891
8165,bike,fixed,decaps,802764
8166,bike,fixed,decaps,775738
8167,bike,fixed,decaps,756463
8168,bike,fixed,decaps,757005
8169,bike,fixed,decaps,787206
8170,bike,fixed,decaps,729849
8171,bike,fixed,decaps,755638
8172,bike,fixed,decaps,767709
8173,bike,fixed,decaps,789565
8174,bike,fixed,decaps,756551
8175,bike,fixed,decaps,759940
8176,bike,fixed,decaps,743015
8177,bike,fixed,decaps,733895
8178,bike,fixed,decaps,734055
8179,bike,fixed,decaps,734197
8180,bike,fixed,decaps,739825
8181,bike,fixed,decaps,733834
8182,bike,fixed,decaps,734238
8183,bike,fixed,decaps,760067
8184,bike,fixed,decaps,742709
8185,bike,fixed,decaps,752187
8186,bike,fixed,decaps,789411
8187,bike,fixed,decaps,775472
8188,bike,fixed,decaps,756929
8189,bike,fixed,decaps,794584
8190,bike,fixed,decaps,757386
8191,bike,fixed,decaps,780703
8192,bike,fixed,decaps,790483
8193,bike,fixed,decaps,746247
8194,bike,fixed,decaps,734349
8195,bike,fixed,decaps,734439
8196,bike,fixed,decaps,783576
8197,bike,fixed,decaps,785783
8198,bike,fixed,decaps,772073
8199,bike,fixed,decaps,713715
8200,bike,fixed,decaps,754747
8201,bike,fixed,decaps,738319
8202,bike,fixed,decaps,734840
8203,bike,fixed,decaps,734557
8204,bike,fixed,decaps,734742
8205,bike,fixed,decaps,761525
8206,bike,fixed,decaps,792863
8207,bike,fixed,decaps,760082
8208,bike,fixed,decaps,742281
8209,bike,fixed,decaps,746828
8210,bike,fixed,decaps,755241
8211,bike,fixed,decaps,735125
8212,bike,fixed,decaps,740273
8213,bike,fixed,decaps,734857
8214,bike,fixed,decaps,734327
8215,bike,fixed,decaps,759557
8216,bike,fixed,decaps,797430
8217,bike,fixed,decaps,790560
8218,bike,fixed,decaps,758246
8219,bike,fixed,decaps,784372
8220,bike,fixed,decaps,779060
8221,bike,fixed,decaps,767344
8222,bike,fixed,decaps,811459
8223,bike,fixed,decaps,723104
8224,bike,fixed,decaps,756585
8225,bike,fixed,decaps,740474
8226,bike,fixed,decaps,745653
8227,bike,fixed,decaps,740803
8228,bike,fixed,decaps,748972
8229,bike,fixed,decaps,742030
8230,bike,fixed,decaps,769394
8231,bike,fixed,decaps,768230
8232,bike,fixed,decaps,821861
8233,bike,fixed,decaps,825200
8234,bike,fixed,decaps,777767
8235,bike,fixed,decaps,823167
8236,bike,fixed,decaps,790821
8237,bike,fixed,decaps,759006
8238,bike,fixed,decaps,781933
8239,bike,fixed,decaps,757221
8240,bike,fixed,decaps,757147
8241,bike,fixed,decaps,784187
8242,bike,fixed,decaps,741573
8243,bike,fixed,decaps,776520
8244,bike,fixed,decaps,734563
8245,bike,fixed,decaps,751016
8246,bike,fixed,decaps,789677
8247,bike,fixed,decaps,781306
8248,bike,fixed,decaps,802425
8249,bike,fixed,decaps,775450
8250,bike,fixed,decaps,757074
8251,bike,fixed,decaps,756687
8252,bike,fixed,decaps,756561
8253,bike,fixed,decaps,786347
8254,bike,fixed,decaps,1076035
8255,bike,fixed,decaps,714299
8256,bike,fixed,decaps,796142
8257,bike,fixed,decaps,733767
8258,bike,fixed,decaps,740218
8259,bike,fixed,decaps,734596
8260,bike,fixed,decaps,734617
8261,bike,fixed,decaps,734520
8262,bike,fixed,decaps,756564
8263,bike,fixed,decaps,734483
8264,bike,fixed,decaps,740267
8265,bike,fixed,decaps,757231
8266,bike,fixed,decaps,756820
8267,bike,fixed,decaps,781199
8268,bike,fixed,decaps,758321
8269,bike,fixed,decaps,764314
8270,bike,fixed,decaps,761697
8271,bike,fixed,decaps,761691
8272,bike,fixed,decaps,749643
8273,bike,fixed,decaps,749397
8274,bike,fixed,decaps,748043
8275,bike,fixed,decaps,734630
8276,bike,fixed,decaps,767260
8277,bike,fixed,decaps,755818
8278,bike,fixed,decaps,763892
8279,bike,fixed,decaps,713256
8280,bike,fixed,decaps,768011
8281,bike,fixed,decaps,760418
8282,bike,fixed,decaps,756839
8283,bike,fixed,decaps,757045
8284,bike,fixed,decaps,756857
8285,bike,fixed,decaps,762320
8286,bike,fixed,decaps,756829
8287,bike,fixed,decaps,756876
8288,bike,fixed,decaps,756585
8289,bike,fixed,decaps,773361
8290,bike,fixed,decaps,769792
8291,bike,fixed,decaps,734328
8292,bike,fixed,decaps,734218
8293,bike,fixed,decaps,734080
8294,bike,fixed,decaps,778945
8295,bike,fixed,decaps,757476
8296,bike,fixed,decaps,764394
8297,bike,fixed,decaps,756793
8298,bike,fixed,decaps,811873
8299,bike,fixed,decaps,940990
8300,bike,fixed,decaps,757642
8301,bike,fixed,decaps,779372
8302,bike,fixed,decaps,756982
8303,bike,fixed,decaps,752654
8304,bike,fixed,decaps,740793
8305,bike,fixed,decaps,733681
8306,bike,fixed,decaps,741602
8307,bike,fixed,decaps,734374
8308,bike,fixed,decaps,733897
8309,bike,fixed,decaps,734149
8310,bike,fixed,decaps,733601
8311,bike,fixed,decaps,739074
8312,bike,fixed,decaps,747276
8313,bike,fixed,decaps,756523
8314,bike,fixed,decaps,756643
8315,bike,fixed,decaps,778342
8316,bike,fixed,decaps,757282
8317,bike,fixed,decaps,762632
8318,bike,fixed,decaps,756587
8319,bike,fixed,decaps,780363
8320,bike,fixed,decaps,758366
8321,bike,fixed,decaps,757331
8322,bike,fixed,decaps,764451
8323,bike,fixed,decaps,807613
8324,bike,fixed,decaps,735897
8325,bike,fixed,decaps,753840
8326,bike,fixed,decaps,768833
8327,bike,fixed,decaps,763378
8328,bike,fixed,decaps,756933
8329,bike,fixed,decaps,757146
8330,bike,fixed,decaps,757094
8331,bike,fixed,decaps,756981
8332,bike,fixed,decaps,783618
8333,bike,fixed,decaps,717746
8334,bike,fixed,decaps,753796
8335,bike,fixed,decaps,734162
8336,bike,fixed,decaps,734205
8337,bike,fixed,decaps,734206
8338,bike,fixed,decaps,775311
8339,bike,fixed,decaps,771676
8340,bike,fixed,decaps,757041
8341,bike,fixed,decaps,757118
8342,bike,fixed,decaps,775277
8343,bike,fixed,decaps,763922
8344,bike,fixed,decaps,757142
8345,bike,fixed,decaps,770326
8346,bike,fixed,decaps,737300
8347,bike,fixed,decaps,755261
8348,bike,fixed,decaps,741087
8349,bike,fixed,decaps,749600
8350,bike,fixed,decaps,756779
8351,bike,fixed,decaps,777969
8352,bike,fixed,decaps,756461
8353,bike,fixed,decaps,762238
8354,bike,fixed,decaps,770234
8355,bike,fixed,decaps,756900
8356,bike,fixed,decaps,756921
8357,bike,fixed,decaps,772447
8358,bike,fixed,decaps,759854
8359,bike,fixed,decaps,771120
8360,bike,fixed,decaps,748955
8361,bike,fixed,decaps,734354
8362,bike,fixed,decaps,734805
8363,bike,fixed,decaps,734789
8364,bike,fixed,decaps,741494
8365,bike,fixed,decaps,735943
8366,bike,fixed,decaps,734914
8367,bike,fixed,decaps,735025
8368,bike,fixed,decaps,734701
8369,bike,fixed,decaps,759665
8370,bike,fixed,decaps,734877
8371,bike,fixed,decaps,734892
8372,bike,fixed,decaps,734971
8373,bike,fixed,decaps,759966
8374,bike,fixed,decaps,736798
8375,bike,fixed,decaps,770757
8376,bike,fixed,decaps,756726
8377,bike,fixed,decaps,756736
8378,bike,fixed,decaps,775239
8379,bike,fixed,decaps,756290
8380,bike,fixed,decaps,763106
8381,bike,fixed,decaps,756930
8382,bike,fixed,decaps,756402
8383,bike,fixed,decaps,756314
8384,bike,fixed,decaps,765422
8385,bike,fixed,decaps,793529
8386,bike,fixed,decaps,735047
8387,bike,fixed,decaps,734868
8388,bike,fixed,decaps,734479
8389,bike,fixed,decaps,734318
8390,bike,fixed,decaps,734848
8391,bike,fixed,decaps,739801
8392,bike,fixed,decaps,735104
8393,bike,fixed,decaps,757285
8394,bike,fixed,decaps,786500
8395,bike,fixed,decaps,771966
8396,bike,fixed,decaps,790450
8397,bike,fixed,decaps,746577
8398,bike,fixed,decaps,734534
8399,bike,fixed,decaps,734212
8400,bike,fixed,decaps,758979
8401,bike,fixed,decaps,741009
8402,bike,fixed,decaps,734404
8403,bike,fixed,decaps,734453
8404,bike,fixed,decaps,734908
8405,bike,fixed,decaps,754458
8406,bike,fixed,decaps,734597
8407,bike,fixed,decaps,796655
8408,bike,fixed,decaps,777544
8409,bike,fixed,decaps,757063
8410,bike,fixed,decaps,757780
8411,bike,fixed,decaps,756941
8412,bike,fixed,decaps,762404
8413,bike,fixed,decaps,768831
8414,bike,fixed,decaps,756907
8415,bike,fixed,decaps,756759
8416,bike,fixed,decaps,741279
8417,bike,fixed,decaps,782517
8418,bike,fixed,decaps,734412
8419,bike,fixed,decaps,784543
8420,bike,fixed,decaps,751430
8421,bike,fixed,decaps,734662
8422,bike,fixed,decaps,794036
8423,bike,fixed,decaps,735388
8424,bike,fixed,decaps,734221
8425,bike,fixed,decaps,734546
8426,bike,fixed,decaps,755428
8427,bike,fixed,decaps,807099
8428,bike,fixed,decaps,780393
8429,bike,fixed,decaps,751257
8430,bike,fixed,decaps,745144
8431,bike,fixed,decaps,754901
8432,bike,fixed,decaps,735118
8433,bike,fixed,decaps,740376
8434,bike,fixed,decaps,734161
8435,bike,fixed,decaps,734569
8436,bike,fixed,decaps,734527
8437,bike,fixed,decaps,771233
8438,bike,fixed,decaps,792965
8439,bike,fixed,decaps,756831
8440,bike,fixed,decaps,756487
8441,bike,fixed,decaps,756513
8442,bike,fixed,decaps,756659
8443,bike,fixed,decaps,756494
8444,bike,fixed,decaps,775562
8445,bike,fixed,decaps,744826
8446,bike,fixed,decaps,745539
8447,bike,fixed,decaps,733916
8448,bike,fixed,decaps,734181
8449,bike,fixed,decaps,761334
8450,bike,fixed,decaps,734714
8451,bike,fixed,decaps,734390
8452,bike,fixed,decaps,734374
8453,bike,fixed,decaps,782921
8454,bike,fixed,decaps,803989
8455,bike,fixed,decaps,756783
8456,bike,fixed,decaps,756570
8457,bike,fixed,decaps,771102
8458,bike,fixed,decaps,777717
8459,bike,fixed,decaps,798114
8460,bike,fixed,decaps,713634
8461,bike,fixed,decaps,752568
8462,bike,fixed,decaps,759506
8463,bike,fixed,decaps,734390
8464,bike,fixed,decaps,734428
8465,bike,fixed,decaps,741496
8466,bike,fixed,decaps,734619
8467,bike,fixed,decaps,752833
8468,bike,fixed,decaps,780645
8469,bike,fixed,decaps,774109
8470,bike,fixed,decaps,761965
8471,bike,fixed,decaps,768795
8472,bike,fixed,decaps,713055
8473,bike,fixed,decaps,756300
8474,bike,fixed,decaps,734675
8475,bike,fixed,decaps,734419
8476,bike,fixed,decaps,771779
8477,bike,fixed,decaps,734812
8478,bike,fixed,decaps,734029
8479,bike,fixed,decaps,734557
8480,bike,fixed,decaps,734316
8481,bike,fixed,decaps,824515
8482,bike,fixed,decaps,782242
8483,bike,fixed,decaps,767143
8484,bike,fixed,decaps,713524
8485,bike,fixed,decaps,792371
8486,bike,fixed,decaps,750001
8487,bike,fixed,decaps,734721
8488,bike,fixed,decaps,734577
8489,bike,fixed,decaps,790014
8490,bike,fixed,decaps,758966
8491,bike,fixed,decaps,767698
8492,bike,fixed,decaps,734751
8493,bike,fixed,decaps,734598
8494,bike,fixed,decaps,734408
8495,bike,fixed,decaps,734473
8496,bike,fixed,decaps,734576
8497,bike,fixed,decaps,740213
8498,bike,fixed,decaps,734544
8499,bike,fixed,decaps,734268
8500,bike,fixed,decaps,734406
8501,bike,fixed,decaps,734195
8502,bike,fixed,decaps,774077
8503,bike,fixed,decaps,763215
8504,bike,fixed,decaps,734631
8505,bike,fixed,decaps,784506
8506,bike,fixed,decaps,781415
8507,bike,fixed,decaps,787466
8508,bike,fixed,decaps,757385
8509,bike,fixed,decaps,756988
8510,bike,fixed,decaps,756990
8511,bike,fixed,decaps,812435
8512,bike,fixed,decaps,762710
8513,bike,fixed,decaps,751142
8514,bike,fixed,decaps,733851
8515,bike,fixed,decaps,734421
8516,bike,fixed,decaps,751563
8517,bike,fixed,decaps,780434
8518,bike,fixed,decaps,784209
8519,bike,fixed,decaps,756336
8520,bike,fixed,decaps,770104
8521,bike,fixed,decaps,713382
8522,bike,fixed,decaps,756185
8523,bike,fixed,decaps,778674
8524,bike,fixed,decaps,850718
8525,bike,fixed,decaps,735887
8526,bike,fixed,decaps,734682
8527,bike,fixed,decaps,734666
8528,bike,fixed,decaps,768176
8529,bike,fixed,decaps,815322
8530,bike,fixed,decaps,757457
8531,bike,fixed,decaps,756755
8532,bike,fixed,decaps,756970
8533,bike,fixed,decaps,787094
8534,bike,fixed,decaps,751269
8535,bike,fixed,decaps,756939
8536,bike,fixed,decaps,734696
8537,bike,fixed,decaps,734697
8538,bike,fixed,decaps,754853
8539,bike,fixed,decaps,743435
8540,bike,fixed,decaps,734294
8541,bike,fixed,decaps,748264
8542,bike,fixed,decaps,780824
8543,bike,fixed,decaps,775152
8544,bike,fixed,decaps,762655
8545,bike,fixed,decaps,768809
8546,bike,fixed,decaps,714362
8547,bike,fixed,decaps,749078
8548,bike,fixed,decaps,735412
8549,bike,fixed,decaps,734695
8550,bike,fixed,decaps,738039
8551,bike,fixed,decaps,734851
8552,bike,fixed,decaps,735035
8553,bike,fixed,decaps,734792
8554,bike,fixed,decaps,735013
8555,bike,fixed,decaps,737988
8556,bike,fixed,decaps,754315
8557,bike,fixed,decaps,735098
8558,bike,fixed,decaps,793594
8559,bike,fixed,decaps,777109
8560,bike,fixed,decaps,786220
8561,bike,fixed,decaps,784908
8562,bike,fixed,decaps,756876
8563,bike,fixed,decaps,771120
8564,bike,fixed,decaps,756264
8565,bike,fixed,decaps,799376
8566,bike,fixed,decaps,761566
8567,bike,fixed,decaps,731193
8568,bike,fixed,decaps,714695
8569,bike,fixed,decaps,742797
8570,bike,fixed,decaps,756925
8571,bike,fixed,decaps,761596
8572,bike,fixed,decaps,756828
8573,bike,fixed,decaps,757114
8574,bike,fixed,decaps,756888
8575,bike,fixed,decaps,756541
8576,bike,fixed,decaps,787463
8577,bike,fixed,decaps,746619
8578,bike,fixed,decaps,734850
8579,bike,fixed,decaps,735165
8580,bike,fixed,decaps,735029
8581,bike,fixed,decaps,741418
8582,bike,fixed,decaps,763376
8583,bike,fixed,decaps,735613
8584,bike,fixed,decaps,775137
8585,bike,fixed,decaps,786560
8586,bike,fixed,decaps,757118
8587,bike,fixed,decaps,761904
8588,bike,fixed,decaps,796605
8589,bike,fixed,decaps,758233
8590,bike,fixed,decaps,740240
8591,bike,fixed,decaps,735198
8592,bike,fixed,decaps,821339
8593,bike,fixed,decaps,781652
8594,bike,fixed,decaps,765827
8595,bike,fixed,decaps,713826
8596,bike,fixed,decaps,757106
8597,bike,fixed,decaps,739509
8598,bike,fixed,decaps,734249
8599,bike,fixed,decaps,734122
8600,bike,fixed,decaps,734164
8601,bike,fixed,decaps,734224
8602,bike,fixed,decaps,734264
8603,bike,fixed,decaps,740314
8604,bike,fixed,decaps,734994
8605,bike,fixed,decaps,765002
8606,bike,fixed,decaps,791762
8607,bike,fixed,decaps,770032
8608,bike,fixed,decaps,762235
8609,bike,fixed,decaps,772842
8610,bike,fixed,decaps,741376
8611,bike,fixed,decaps,734910
8612,bike,fixed,decaps,734985
8613,bike,fixed,decaps,741072
8614,bike,fixed,decaps,734891
8615,bike,fixed,decaps,757788
8616,bike,fixed,decaps,784331
8617,bike,fixed,decaps,781662
8618,bike,fixed,decaps,781474
8619,bike,fixed,decaps,762012
8620,bike,fixed,decaps,730120
8621,bike,fixed,decaps,749062
8622,bike,fixed,decaps,757630
8623,bike,fixed,decaps,789966
8624,bike,fixed,decaps,776228
8625,bike,fixed,decaps,745782
8626,bike,fixed,decaps,742378
8627,bike,fixed,decaps,736557
8628,bike,fixed,decaps,734508
8629,bike,fixed,decaps,737173
8630,bike,fixed,decaps,734226
8631,bike,fixed,decaps,734450
8632,bike,fixed,decaps,734265
8633,bike,fixed,decaps,734174
8634,bike,fixed,decaps,760467
8635,bike,fixed,decaps,780220
8636,bike,fixed,decaps,791591
8637,bike,fixed,decaps,748657
8638,bike,fixed,decaps,756713
8639,bike,fixed,decaps,734562
8640,bike,fixed,decaps,740420
8641,bike,fixed,decaps,734765
8642,bike,fixed,decaps,759149
8643,bike,fixed,decaps,734788
8644,bike,fixed,decaps,814044
8645,bike,fixed,decaps,784883
8646,bike,fixed,decaps,759285
8647,bike,fixed,decaps,741774
8648,bike,fixed,decaps,734513
8649,bike,fixed,decaps,735160
8650,bike,fixed,decaps,740374
8651,bike,fixed,decaps,749391
8652,bike,fixed,decaps,780532
8653,bike,fixed,decaps,775394
8654,bike,fixed,decaps,776856
8655,bike,fixed,decaps,812178
8656,bike,fixed,decaps,713981
8657,bike,fixed,decaps,757610
8658,bike,fixed,decaps,734801
8659,bike,fixed,decaps,755194
8660,bike,fixed,decaps,780590
8661,bike,fixed,decaps,777278
8662,bike,fixed,decaps,749755
8663,bike,fixed,decaps,762500
8664,bike,fixed,decaps,734908
8665,bike,fixed,decaps,791976
8666,bike,fixed,decaps,783890
8667,bike,fixed,decaps,758698
8668,bike,fixed,decaps,737395
8669,bike,fixed,decaps,771817
8670,bike,fixed,decaps,751932
8671,bike,fixed,decaps,739651
8672,bike,fixed,decaps,734252
8673,bike,fixed,decaps,734415
8674,bike,fixed,decaps,778142
8675,bike,fixed,decaps,784166
8676,bike,fixed,decaps,786630
8677,bike,fixed,decaps,722246
8678,bike,fixed,decaps,755593
8679,bike,fixed,decaps,734719
8680,bike,fixed,decaps,734263
8681,bike,fixed,decaps,734513
8682,bike,fixed,decaps,739785
8683,bike,fixed,decaps,734555
8684,bike,fixed,decaps,734387
8685,bike,fixed,decaps,734340
8686,bike,fixed,decaps,776006
8687,bike,fixed,decaps,791562
8688,bike,fixed,decaps,756308
8689,bike,fixed,decaps,859520
8690,bike,fixed,decaps,737983
8691,bike,fixed,decaps,772910
8692,bike,fixed,decaps,795331
8693,bike,fixed,decaps,756840
8694,bike,fixed,decaps,755939
8695,bike,fixed,decaps,781718
8696,bike,fixed,decaps,760366
8697,bike,fixed,decaps,772763
8698,bike,fixed,decaps,762479
8699,bike,fixed,decaps,734054
8700,bike,fixed,decaps,733923
8701,bike,fixed,decaps,748827
8702,bike,fixed,decaps,779929
8703,bike,fixed,decaps,781786
8704,bike,fixed,decaps,770028
8705,bike,fixed,decaps,741141
8706,bike,fixed,decaps,734313
8707,bike,fixed,decaps,734322
8708,bike,fixed,decaps,775644
8709,bike,fixed,decaps,789062
8710,bike,fixed,decaps,756331
8711,bike,fixed,decaps,736660
8712,bike,fixed,decaps,749459
8713,bike,fixed,decaps,739140
8714,bike,fixed,decaps,735002
8715,bike,fixed,decaps,734413
8716,bike,fixed,decaps,755943
8717,bike,fixed,decaps,734642
8718,bike,fixed,decaps,734070
8719,bike,fixed,decaps,739636
8720,bike,fixed,decaps,734515
8721,bike,fixed,decaps,748258
8722,bike,fixed,decaps,804892
8723,bike,fixed,decaps,775945
8724,bike,fixed,decaps,799542
8725,bike,fixed,decaps,745037
8726,bike,fixed,decaps,734435
8727,bike,fixed,decaps,734363
8728,bike,fixed,decaps,734144
8729,bike,fixed,decaps,758510
8730,bike,fixed,decaps,780635
8731,bike,fixed,decaps,771571
8732,bike,fixed,decaps,756661
8733,bike,fixed,decaps,756726
8734,bike,fixed,decaps,756720
8735,bike,fixed,decaps,762028
8736,bike,fixed,decaps,747629
8737,bike,fixed,decaps,750322
8738,bike,fixed,decaps,734286
8739,bike,fixed,decaps,734393
8740,bike,fixed,decaps,755859
8741,bike,fixed,decaps,734629
8742,bike,fixed,decaps,734177
8743,bike,fixed,decaps,754327
8744,bike,fixed,decaps,771995
8745,bike,fixed,decaps,796622
8746,bike,fixed,decaps,761148
8747,bike,fixed,decaps,728153
8748,bike,fixed,decaps,747902
8749,bike,fixed,decaps,770875
8750,bike,fixed,decaps,753482
8751,bike,fixed,decaps,742844
8752,bike,fixed,decaps,734221
8753,bike,fixed,decaps,734276
8754,bike,fixed,decaps,734211
8755,bike,fixed,decaps,790694
8756,bike,fixed,decaps,781046
8757,bike,fixed,decaps,756839
8758,bike,fixed,decaps,773349
8759,bike,fixed,decaps,713279
8760,bike,fixed,decaps,752647
8761,bike,fixed,decaps,736851
8762,bike,fixed,decaps,733861
8763,bike,fixed,decaps,791954
8764,bike,fixed,decaps,777309
8765,bike,fixed,decaps,759029
8766,bike,fixed,decaps,738026
8767,bike,fixed,decaps,737416
8768,bike,fixed,decaps,734304
8769,bike,fixed,decaps,755530
8770,bike,fixed,decaps,734425
8771,bike,fixed,decaps,734278
8772,bike,fixed,decaps,785287
8773,bike,fixed,decaps,784725
8774,bike,fixed,decaps,771372
8775,bike,fixed,decaps,715767
8776,bike,fixed,decaps,773551
8777,bike,fixed,decaps,768000
8778,bike,fixed,decaps,735024
8779,bike,fixed,decaps,734490
8780,bike,fixed,decaps,734596
8781,bike,fixed,decaps,734777
8782,bike,fixed,decaps,734810
8783,bike,fixed,decaps,747161
8784,bike,fixed,decaps,734863
8785,bike,fixed,decaps,765741
8786,bike,fixed,decaps,790759
8787,bike,fixed,decaps,756326
8788,bike,fixed,decaps,761258
8789,bike,fixed,decaps,754605
8790,bike,fixed,decaps,735579
8791,bike,fixed,decaps,734171
8792,bike,fixed,decaps,734191
8793,bike,fixed,decaps,776004
8794,bike,fixed,decaps,734949
8795,bike,fixed,decaps,734775
8796,bike,fixed,decaps,753554
8797,bike,fixed,decaps,735001
8798,bike,fixed,decaps,734807
8799,bike,fixed,decaps,740316
8800,bike,fixed,decaps,735046
8801,bike,fixed,decaps,734981
8802,bike,fixed,decaps,734750
8803,bike,fixed,decaps,760868
8804,bike,fixed,decaps,806288
8805,bike,fixed,decaps,781145
8806,bike,fixed,decaps,790288
8807,bike,fixed,decaps,756823
8808,bike,fixed,decaps,757022
8809,bike,fixed,decaps,787852
8810,bike,fixed,decaps,735329
8811,bike,fixed,decaps,735167
8812,bike,fixed,decaps,739111
8813,bike,fixed,decaps,734719
8814,bike,fixed,decaps,758815
8815,bike,fixed,decaps,781237
8816,bike,fixed,decaps,771813
8817,bike,fixed,decaps,756703
8818,bike,fixed,decaps,756708
8819,bike,fixed,decaps,756664
8820,bike,fixed,decaps,778030
8821,bike,fixed,decaps,748699
8822,bike,fixed,decaps,744868
8823,bike,fixed,decaps,752540
8824,bike,fixed,decaps,734731
8825,bike,fixed,decaps,739992
8826,bike,fixed,decaps,734780
8827,bike,fixed,decaps,734983
8828,bike,fixed,decaps,735076
8829,bike,fixed,decaps,735008
8830,bike,fixed,decaps,765147
8831,bike,fixed,decaps,767455
8832,bike,fixed,decaps,789026
8833,bike,fixed,decaps,779033
8834,bike,fixed,decaps,783980
8835,bike,fixed,decaps,775115
8836,bike,fixed,decaps,743895
8837,bike,fixed,decaps,753861
8838,bike,fixed,decaps,734899
8839,bike,fixed,decaps,734541
8840,bike,fixed,decaps,734509
8841,bike,fixed,decaps,737946
8842,bike,fixed,decaps,762573
8843,bike,fixed,decaps,793638
8844,bike,fixed,decaps,756422
8845,bike,fixed,decaps,742190
8846,bike,fixed,decaps,750494
8847,bike,fixed,decaps,734407
8848,bike,fixed,decaps,734187
8849,bike,fixed,decaps,734582
8850,bike,fixed,decaps,754101
8851,bike,fixed,decaps,734069
8852,bike,fixed,decaps,739393
8853,bike,fixed,decaps,734185
8854,bike,fixed,decaps,734492
8855,bike,fixed,decaps,734462
8856,bike,fixed,decaps,734050
8857,bike,fixed,decaps,865844
8858,bike,fixed,decaps,783839
8859,bike,fixed,decaps,756635
8860,bike,fixed,decaps,756511
8861,bike,fixed,decaps,756842
8862,bike,fixed,decaps,778211
8863,bike,fixed,decaps,742882
8864,bike,fixed,decaps,734413
8865,bike,fixed,decaps,734298
8866,bike,fixed,decaps,768311
8867,bike,fixed,decaps,794401
8868,bike,fixed,decaps,713639
8869,bike,fixed,decaps,752473
8870,bike,fixed,decaps,734527
8871,bike,fixed,decaps,734704
8872,bike,fixed,decaps,734168
8873,bike,fixed,decaps,737170
8874,bike,fixed,decaps,734479
8875,bike,fixed,decaps,734350
8876,bike,fixed,decaps,754100
8877,bike,fixed,decaps,737468
8878,bike,fixed,decaps,741719
8879,bike,fixed,decaps,734372
8880,bike,fixed,decaps,736514
8881,bike,fixed,decaps,734274
8882,bike,fixed,decaps,734667
8883,bike,fixed,decaps,734657
8884,bike,fixed,decaps,841750
8885,bike,fixed,decaps,735215
8886,bike,fixed,decaps,734379
8887,bike,fixed,decaps,734485
8888,bike,fixed,decaps,734615
8889,bike,fixed,decaps,784440
8890,bike,fixed,decaps,784911
8891,bike,fixed,decaps,790179
8892,bike,fixed,decaps,780494
8893,bike,fixed,decaps,774501
8894,bike,fixed,decaps,787954
8895,bike,fixed,decaps,734565
8896,bike,fixed,decaps,733948
8897,bike,fixed,decaps,728667
8898,bike,fixed,decaps,747888
8899,bike,fixed,decaps,756378
8900,bike,fixed,decaps,756940
8901,bike,fixed,decaps,756941
8902,bike,fixed,decaps,756561
8903,bike,fixed,decaps,777366
8904,bike,fixed,decaps,756732
8905,bike,fixed,decaps,775867
8906,bike,fixed,decaps,750064
8907,bike,fixed,decaps,712772
8908,bike,fixed,decaps,722950
8909,bike,fixed,decaps,782753
8910,bike,fixed,decaps,740465
8911,bike,fixed,decaps,756370
8912,bike,fixed,decaps,734896
8913,bike,fixed,decaps,768499
8914,bike,fixed,decaps,755182
8915,bike,fixed,decaps,740513
8916,bike,fixed,decaps,734807
8917,bike,fixed,decaps,734667
8918,bike,fixed,decaps,734407
8919,bike,fixed,decaps,734435
8920,bike,fixed,decaps,734426
8921,bike,fixed,decaps,740463
8922,bike,fixed,decaps,744083
8923,bike,fixed,decaps,744856
8924,bike,fixed,decaps,737177
8925,bike,fixed,decaps,770685
8926,bike,fixed,decaps,762486
8927,bike,fixed,decaps,756256
8928,bike,fixed,decaps,755930
8929,bike,fixed,decaps,756197
8930,bike,fixed,decaps,785174
8931,bike,fixed,decaps,767151
8932,bike,fixed,decaps,737936
8933,bike,fixed,decaps,729560
8934,bike,fixed,decaps,744681
8935,bike,fixed,decaps,733816
8936,bike,fixed,decaps,758754
8937,bike,fixed,decaps,750058
8938,bike,fixed,decaps,755372
8939,bike,fixed,decaps,752335
8940,bike,fixed,decaps,756520
8941,bike,fixed,decaps,750000
8942,bike,fixed,decaps,744486
8943,bike,fixed,decaps,752898
8944,bike,fixed,decaps,756113
8945,bike,fixed,decaps,756200
8946,bike,fixed,decaps,756140
8947,bike,fixed,decaps,762194
8948,bike,fixed,decaps,756269
8949,bike,fixed,decaps,756365
8950,bike,fixed,decaps,756248
8951,bike,fixed,decaps,761122
8952,bike,fixed,decaps,716861
8953,bike,fixed,decaps,788002
8954,bike,fixed,decaps,734298
8955,bike,fixed,decaps,740856
8956,bike,fixed,decaps,746321
8957,bike,fixed,decaps,734088
8958,bike,fixed,decaps,741153
8959,bike,fixed,decaps,781248
8960,bike,fixed,decaps,780415
8961,bike,fixed,decaps,756425
8962,bike,fixed,decaps,756871
8963,bike,fixed,decaps,798424
8964,bike,fixed,decaps,756767
8965,bike,fixed,decaps,779706
8966,bike,fixed,decaps,776280
8967,bike,fixed,decaps,753111
8968,bike,fixed,decaps,770984
8969,bike,fixed,decaps,734652
8970,bike,fixed,decaps,733680
8971,bike,fixed,decaps,733970
8972,bike,fixed,decaps,733906
8973,bike,fixed,decaps,735890
8974,bike,fixed,decaps,739669
8975,bike,fixed,decaps,734362
8976,bike,fixed,decaps,748830
8977,bike,fixed,decaps,766591
8978,bike,fixed,decaps,758041
8979,bike,fixed,decaps,763395
8980,bike,fixed,decaps,756790
8981,bike,fixed,decaps,756138
8982,bike,fixed,decaps,776495
8983,bike,fixed,decaps,756571
8984,bike,fixed,decaps,779807
8985,bike,fixed,decaps,734569
8986,bike,fixed,decaps,751973
8987,bike,fixed,decaps,745854
8988,bike,fixed,decaps,748567
8989,bike,fixed,decaps,734152
8990,bike,fixed,decaps,770166
8991,bike,fixed,decaps,734289
8992,bike,fixed,decaps,751108
8993,bike,fixed,decaps,735008
8994,bike,fixed,decaps,734022
8995,bike,fixed,decaps,739230
8996,bike,fixed,decaps,734117
8997,bike,fixed,decaps,733975
8998,bike,fixed,decaps,733859
8999,bike,fixed,decaps,733660
9000,bike,fixed,decaps,734008
9001,bike,fixed,decaps,738902
9002,bike,fixed,decaps,733913
9003,bike,fixed,decaps,733671
9004,bike,fixed,decaps,733804
9005,bike,fixed,decaps,767644
9006,bike,fixed,decaps,762954
9007,bike,fixed,decaps,756315
9008,bike,fixed,decaps,755850
9009,bike,fixed,decaps,769004
9010,bike,fixed,decaps,759788
9011,bike,fixed,decaps,761430
9012,bike,fixed,decaps,770903
9013,bike,fixed,decaps,712939
9014,bike,fixed,decaps,750621
9015,bike,fixed,decaps,733892
9016,bike,fixed,decaps,733919
9017,bike,fixed,decaps,765511
9018,bike,fixed,decaps,754276
9019,bike,fixed,decaps,734155
9020,bike,fixed,decaps,765738
9021,bike,fixed,decaps,779761
9022,bike,fixed,decaps,782378
9023,bike,fixed,decaps,754845
9024,bike,fixed,decaps,740872
9025,bike,fixed,decaps,733812
9026,bike,fixed,decaps,734176
9027,bike,fixed,decaps,740424
9028,bike,fixed,decaps,751476
9029,bike,fixed,decaps,779710
9030,bike,fixed,decaps,775688
9031,bike,fixed,decaps,756368
9032,bike,fixed,decaps,763581
9033,bike,fixed,decaps,734553
9034,bike,fixed,decaps,734044
9035,bike,fixed,decaps,733760
9036,bike,fixed,decaps,754221
9037,bike,fixed,decaps,734737
9038,bike,fixed,decaps,789265
9039,bike,fixed,decaps,766443
9040,bike,fixed,decaps,735131
9041,bike,fixed,decaps,733593
9042,bike,fixed,decaps,733848
9043,bike,fixed,decaps,738533
9044,bike,fixed,decaps,757594
9045,bike,fixed,decaps,752490
9046,bike,fixed,decaps,782592
9047,bike,fixed,decaps,782284
9048,bike,fixed,decaps,792988
9049,bike,fixed,decaps,718096
9050,bike,fixed,decaps,750114
9051,bike,fixed,decaps,733869
9052,bike,fixed,decaps,733921
9053,bike,fixed,decaps,734274
9054,bike,fixed,decaps,738914
9055,bike,fixed,decaps,734319
9056,bike,fixed,decaps,734288
9057,bike,fixed,decaps,734534
9058,bike,fixed,decaps,734564
9059,bike,fixed,decaps,770701
9060,bike,fixed,decaps,791116
9061,bike,fixed,decaps,756901
9062,bike,fixed,decaps,756426
9063,bike,fixed,decaps,779355
9064,bike,fixed,decaps,798478
9065,bike,fixed,decaps,714115
9066,bike,fixed,decaps,758453
9067,bike,fixed,decaps,734444
9068,bike,fixed,decaps,734583
9069,bike,fixed,decaps,734822
9070,bike,fixed,decaps,748912
9071,bike,fixed,decaps,745901
9072,bike,fixed,decaps,753436
9073,bike,fixed,decaps,734775
9074,bike,fixed,decaps,734779
9075,bike,fixed,decaps,741363
9076,bike,fixed,decaps,734835
9077,bike,fixed,decaps,734719
9078,bike,fixed,decaps,734671
9079,bike,fixed,decaps,734788
9080,bike,fixed,decaps,734756
9081,bike,fixed,decaps,739422
9082,bike,fixed,decaps,734557
9083,bike,fixed,decaps,734553
9084,bike,fixed,decaps,734761
9085,bike,fixed,decaps,790983
9086,bike,fixed,decaps,781914
9087,bike,fixed,decaps,759009
9088,bike,fixed,decaps,741104
9089,bike,fixed,decaps,734734
9090,bike,fixed,decaps,752978
9091,bike,fixed,decaps,741065
9092,bike,fixed,decaps,734683
9093,bike,fixed,decaps,734385
9094,bike,fixed,decaps,734418
9095,bike,fixed,decaps,734200
9096,bike,fixed,decaps,734499
9097,bike,fixed,decaps,740160
9098,bike,fixed,decaps,775862
9099,bike,fixed,decaps,751706
9100,bike,fixed,decaps,734464
9101,bike,fixed,decaps,734248
9102,bike,fixed,decaps,742107
9103,bike,fixed,decaps,734484
9104,bike,fixed,decaps,734201
9105,bike,fixed,decaps,734569
9106,bike,fixed,decaps,771594
9107,bike,fixed,decaps,793609
9108,bike,fixed,decaps,756545
9109,bike,fixed,decaps,756490
9110,bike,fixed,decaps,756674
9111,bike,fixed,decaps,761495
9112,bike,fixed,decaps,713508
9113,bike,fixed,decaps,720335
9114,bike,fixed,decaps,749776
9115,bike,fixed,decaps,734305
9116,bike,fixed,decaps,734415
9117,bike,fixed,decaps,754433
9118,bike,fixed,decaps,769710
9119,bike,fixed,decaps,756822
9120,bike,fixed,decaps,756628
9121,bike,fixed,decaps,756452
9122,bike,fixed,decaps,756558
9123,bike,fixed,decaps,762604
9124,bike,fixed,decaps,756432
9125,bike,fixed,decaps,876088
9126,bike,fixed,decaps,753906
9127,bike,fixed,decaps,747691
9128,bike,fixed,decaps,734541
9129,bike,fixed,decaps,741134
9130,bike,fixed,decaps,734477
9131,bike,fixed,decaps,734496
9132,bike,fixed,decaps,734461
9133,bike,fixed,decaps,734497
9134,bike,fixed,decaps,741103
9135,bike,fixed,decaps,753873
9136,bike,fixed,decaps,756616
9137,bike,fixed,decaps,756736
9138,bike,fixed,decaps,756901
9139,bike,fixed,decaps,761586
9140,bike,fixed,decaps,756656
9141,bike,fixed,decaps,756565
9142,bike,fixed,decaps,756529
9143,bike,fixed,decaps,807950
9144,bike,fixed,decaps,797918
9145,bike,fixed,decaps,734326
9146,bike,fixed,decaps,734049
9147,bike,fixed,decaps,747890
9148,bike,fixed,decaps,750762
9149,bike,fixed,decaps,756745
9150,bike,fixed,decaps,786490
9151,bike,fixed,decaps,757346
9152,bike,fixed,decaps,776328
9153,bike,fixed,decaps,756902
9154,bike,fixed,decaps,756780
9155,bike,fixed,decaps,772921
9156,bike,fixed,decaps,738517
9157,bike,fixed,decaps,734245
9158,bike,fixed,decaps,734292
9159,bike,fixed,decaps,734334
9160,bike,fixed,decaps,739598
9161,bike,fixed,decaps,734483
9162,bike,fixed,decaps,766242
9163,bike,fixed,decaps,756046
9164,bike,fixed,decaps,756179
9165,bike,fixed,decaps,756046
9166,bike,fixed,decaps,770475
9167,bike,fixed,decaps,756659
9168,bike,fixed,decaps,764020
9169,bike,fixed,decaps,716911
9170,bike,fixed,decaps,775611
9171,bike,fixed,decaps,740281
9172,bike,fixed,decaps,734357
9173,bike,fixed,decaps,734160
9174,bike,fixed,decaps,734255
9175,bike,fixed,decaps,761195
9176,bike,fixed,decaps,763285
9177,bike,fixed,decaps,781761
9178,bike,fixed,decaps,757129
9179,bike,fixed,decaps,779012
9180,bike,fixed,decaps,756996
9181,bike,fixed,decaps,775341
9182,bike,fixed,decaps,743262
9183,bike,fixed,decaps,754913
9184,bike,fixed,decaps,735717
9185,bike,fixed,decaps,734505
9186,bike,fixed,decaps,734705
9187,bike,fixed,decaps,742053
9188,bike,fixed,decaps,734538
9189,bike,fixed,decaps,734309
9190,bike,fixed,decaps,734480
9191,bike,fixed,decaps,734438
9192,bike,fixed,decaps,759134
9193,bike,fixed,decaps,756806
9194,bike,fixed,decaps,756994
9195,bike,fixed,decaps,756911
9196,bike,fixed,decaps,756702
9197,bike,fixed,decaps,790731
9198,bike,fixed,decaps,757914
9199,bike,fixed,decaps,753995
9200,bike,fixed,decaps,734722
9201,bike,fixed,decaps,734862
9202,bike,fixed,decaps,734615
9203,bike,fixed,decaps,785727
9204,bike,fixed,decaps,828856
9205,bike,fixed,decaps,797782
9206,bike,fixed,decaps,742617
9207,bike,fixed,decaps,754886
9208,bike,fixed,decaps,808333
9209,bike,fixed,decaps,786288
9210,bike,fixed,decaps,774641
9211,bike,fixed,decaps,713665
9212,bike,fixed,decaps,752855
9213,bike,fixed,decaps,741333
9214,bike,fixed,decaps,735039
9215,bike,fixed,decaps,735422
9216,bike,fixed,decaps,736347
9217,bike,fixed,decaps,831933
9218,bike,fixed,decaps,721473
9219,bike,fixed,decaps,785800
9220,bike,fixed,decaps,734654
9221,bike,fixed,decaps,734491
9222,bike,fixed,decaps,748658
9223,bike,fixed,decaps,828001
9224,bike,fixed,decaps,814215
9225,bike,fixed,decaps,770656
9226,bike,fixed,decaps,756458
9227,bike,fixed,decaps,756486
9228,bike,fixed,decaps,756612
9229,bike,fixed,decaps,764832
9230,bike,fixed,decaps,831583
9231,bike,fixed,decaps,740264
9232,bike,fixed,decaps,756290
9233,bike,fixed,decaps,749488
9234,bike,fixed,decaps,743393
9235,bike,fixed,decaps,749040
9236,bike,fixed,decaps,756463
9237,bike,fixed,decaps,770929
9238,bike,fixed,decaps,756659
9239,bike,fixed,decaps,756409
9240,bike,fixed,decaps,778109
9241,bike,fixed,decaps,756351
9242,bike,fixed,decaps,767868
9243,bike,fixed,decaps,740171
9244,bike,fixed,decaps,734186
9245,bike,fixed,decaps,737629
9246,bike,fixed,decaps,734063
9247,bike,fixed,decaps,734150
9248,bike,fixed,decaps,734150
9249,bike,fixed,decaps,764723
9250,bike,fixed,decaps,800232
9251,bike,fixed,decaps,772632
9252,bike,fixed,decaps,755718
9253,bike,fixed,decaps,736253
9254,bike,fixed,decaps,743697
9255,bike,fixed,decaps,738878
9256,bike,fixed,decaps,733796
9257,bike,fixed,decaps,778832
9258,bike,fixed,decaps,734509
9259,bike,fixed,decaps,753098
9260,bike,fixed,decaps,734402
9261,bike,fixed,decaps,743051
9262,bike,fixed,decaps,734079
9263,bike,fixed,decaps,748491
9264,bike,fixed,decaps,756305
9265,bike,fixed,decaps,756459
9266,bike,fixed,decaps,759694
9267,bike,fixed,decaps,756163
9268,bike,fixed,decaps,769109
9269,bike,fixed,decaps,756278
9270,bike,fixed,decaps,771753
9271,bike,fixed,decaps,760162
9272,bike,fixed,decaps,756240
9273,bike,fixed,decaps,735877
9274,bike,fixed,decaps,746589
9275,bike,fixed,decaps,752697
9276,bike,fixed,decaps,756265
9277,bike,fixed,decaps,794600
9278,bike,fixed,decaps,757366
9279,bike,fixed,decaps,777880
9280,bike,fixed,decaps,713064
9281,bike,fixed,decaps,779270
9282,bike,fixed,decaps,765581
9283,bike,fixed,decaps,761348
9284,bike,fixed,decaps,763452
9285,bike,fixed,decaps,734123
9286,bike,fixed,decaps,781487
9287,bike,fixed,decaps,766319
9288,bike,fixed,decaps,756562
9289,bike,fixed,decaps,756876
9290,bike,fixed,decaps,741402
9291,bike,fixed,decaps,749128
9292,bike,fixed,decaps,734602
9293,bike,fixed,decaps,750556
9294,bike,fixed,decaps,734895
9295,bike,fixed,decaps,734038
9296,bike,fixed,decaps,734517
9297,bike,fixed,decaps,734412
9298,bike,fixed,decaps,738006
9299,bike,fixed,decaps,734598
9300,bike,fixed,decaps,734292
9301,bike,fixed,decaps,787656
9302,bike,fixed,decaps,756765
9303,bike,fixed,decaps,759881
9304,bike,fixed,decaps,783325
9305,bike,fixed,decaps,756460
9306,bike,fixed,decaps,756864
9307,bike,fixed,decaps,756443
9308,bike,fixed,decaps,792180
9309,bike,fixed,decaps,714768
9310,bike,fixed,decaps,756313
9311,bike,fixed,decaps,758035
9312,bike,fixed,decaps,762120
9313,bike,fixed,decaps,763542
9314,bike,fixed,decaps,762687
9315,bike,fixed,decaps,756509
9316,bike,fixed,decaps,767575
9317,bike,fixed,decaps,713252
9318,bike,fixed,decaps,760166
9319,bike,fixed,decaps,758585
9320,bike,fixed,decaps,769090
9321,bike,fixed,decaps,792859
9322,bike,fixed,decaps,756761
9323,bike,fixed,decaps,756686
9324,bike,fixed,decaps,763691
9325,bike,fixed,decaps,756449
9326,bike,fixed,decaps,771062
9327,bike,fixed,decaps,772821
9328,bike,fixed,decaps,756730
9329,bike,fixed,decaps,786652
9330,bike,fixed,decaps,738238
9331,bike,fixed,decaps,760502
9332,bike,fixed,decaps,734551
9333,bike,fixed,decaps,734280
9334,bike,fixed,decaps,734910
9335,bike,fixed,decaps,769764
9336,bike,fixed,decaps,771473
9337,bike,fixed,decaps,847077
9338,bike,fixed,decaps,726240
9339,bike,fixed,decaps,755759
9340,bike,fixed,decaps,1112101
9341,bike,fixed,decaps,749695
9342,bike,fixed,decaps,753815
9343,bike,fixed,decaps,748696
9344,bike,fixed,decaps,756178
9345,bike,fixed,decaps,762753
9346,bike,fixed,decaps,756395
9347,bike,fixed,decaps,756497
9348,bike,fixed,decaps,756462
9349,bike,fixed,decaps,756128
9350,bike,fixed,decaps,779563
9351,bike,fixed,decaps,742040
9352,bike,fixed,decaps,738711
9353,bike,fixed,decaps,734310
9354,bike,fixed,decaps,734096
9355,bike,fixed,decaps,766043
9356,bike,fixed,decaps,745879
9357,bike,fixed,decaps,784731
9358,bike,fixed,decaps,756500
9359,bike,fixed,decaps,756249
9360,bike,fixed,decaps,772543
9361,bike,fixed,decaps,762282
9362,bike,fixed,decaps,750754
9363,bike,fixed,decaps,734006
9364,bike,fixed,decaps,788539
9365,bike,fixed,decaps,734136
9366,bike,fixed,decaps,739736
9367,bike,fixed,decaps,734261
9368,bike,fixed,decaps,734155
9369,bike,fixed,decaps,734171
9370,bike,fixed,decaps,734107
9371,bike,fixed,decaps,733943
9372,bike,fixed,decaps,740245
9373,bike,fixed,decaps,733800
9374,bike,fixed,decaps,733410
9375,bike,fixed,decaps,733428
9376,bike,fixed,decaps,733335
9377,bike,fixed,decaps,775139
9378,bike,fixed,decaps,756706
9379,bike,fixed,decaps,756324
9380,bike,fixed,decaps,756360
9381,bike,fixed,decaps,756205
9382,bike,fixed,decaps,790708
9383,bike,fixed,decaps,756831
9384,bike,fixed,decaps,756374
9385,bike,fixed,decaps,756190
9386,bike,fixed,decaps,755155
9387,bike,fixed,decaps,774336
9388,bike,fixed,decaps,734390
9389,bike,fixed,decaps,734126
9390,bike,fixed,decaps,742776
9391,bike,fixed,decaps,792164
9392,bike,fixed,decaps,734548
9393,bike,fixed,decaps,741320
9394,bike,fixed,decaps,734592
9395,bike,fixed,decaps,734215
9396,bike,fixed,decaps,734474
9397,bike,fixed,decaps,764431
9398,bike,fixed,decaps,760631
9399,bike,fixed,decaps,757149
9400,bike,fixed,decaps,768272
9401,bike,fixed,decaps,756048
9402,bike,fixed,decaps,756147
9403,bike,fixed,decaps,787379
9404,bike,fixed,decaps,713101
9405,bike,fixed,decaps,760293
9406,bike,fixed,decaps,733565
9407,bike,fixed,decaps,733648
9408,bike,fixed,decaps,733727
9409,bike,fixed,decaps,793059
9410,bike,fixed,decaps,734235
9411,bike,fixed,decaps,751693
9412,bike,fixed,decaps,756417
9413,bike,fixed,decaps,756186
9414,bike,fixed,decaps,763479
9415,bike,fixed,decaps,776930
9416,bike,fixed,decaps,761263
9417,bike,fixed,decaps,757658
9418,bike,fixed,decaps,784051
9419,bike,fixed,decaps,753302
9420,bike,fixed,decaps,734303
9421,bike,fixed,decaps,734302
9422,bike,fixed,decaps,733806
9423,bike,fixed,decaps,753187
9424,bike,fixed,decaps,756620
9425,bike,fixed,decaps,774671
9426,bike,fixed,decaps,756386
9427,bike,fixed,decaps,756573
9428,bike,fixed,decaps,756561
9429,bike,fixed,decaps,756681
9430,bike,fixed,decaps,776109
9431,bike,fixed,decaps,758098
9432,bike,fixed,decaps,739201
9433,bike,fixed,decaps,734064
9434,bike,fixed,decaps,733996
9435,bike,fixed,decaps,740720
9436,bike,fixed,decaps,751698
9437,bike,fixed,decaps,733853
9438,bike,fixed,decaps,762049
9439,bike,fixed,decaps,755796
9440,bike,fixed,decaps,755840
9441,bike,fixed,decaps,762468
9442,bike,fixed,decaps,756248
9443,bike,fixed,decaps,759453
9444,bike,fixed,decaps,792495
9445,bike,fixed,decaps,735108
9446,bike,fixed,decaps,741015
9447,bike,fixed,decaps,734819
9448,bike,fixed,decaps,734564
9449,bike,fixed,decaps,734597
9450,bike,fixed,decaps,734941
9451,bike,fixed,decaps,738716
9452,bike,fixed,decaps,734611
9453,bike,fixed,decaps,734542
9454,bike,fixed,decaps,761643
9455,bike,fixed,decaps,756686
9456,bike,fixed,decaps,756939
9457,bike,fixed,decaps,789621
9458,bike,fixed,decaps,769123
9459,bike,fixed,decaps,756456
9460,bike,fixed,decaps,771395
9461,bike,fixed,decaps,713866
9462,bike,fixed,decaps,793334
9463,bike,fixed,decaps,746999
9464,bike,fixed,decaps,734758
9465,bike,fixed,decaps,734752
9466,bike,fixed,decaps,765299
9467,bike,fixed,decaps,762205
9468,bike,fixed,decaps,757388
9469,bike,fixed,decaps,757052
9470,bike,fixed,decaps,780680
9471,bike,fixed,decaps,776637
9472,bike,fixed,decaps,789285
9473,bike,fixed,decaps,717990
9474,bike,fixed,decaps,751490
9475,bike,fixed,decaps,734543
9476,bike,fixed,decaps,734178
9477,bike,fixed,decaps,733897
9478,bike,fixed,decaps,738414
9479,bike,fixed,decaps,734068
9480,bike,fixed,decaps,734012
9481,bike,fixed,decaps,733839
9482,bike,fixed,decaps,734245
9483,bike,fixed,decaps,739129
9484,bike,fixed,decaps,748202
9485,bike,fixed,decaps,756066
9486,bike,fixed,decaps,756235
9487,bike,fixed,decaps,768797
9488,bike,fixed,decaps,799947
9489,bike,fixed,decaps,729943
9490,bike,fixed,decaps,748086
9491,bike,fixed,decaps,734068
9492,bike,fixed,decaps,733757
9493,bike,fixed,decaps,734150
9494,bike,fixed,decaps,738858
9495,bike,fixed,decaps,733756
9496,bike,fixed,decaps,748724
9497,bike,fixed,decaps,779779
9498,bike,fixed,decaps,780121
9499,bike,fixed,decaps,799199
9500,bike,fixed,decaps,758647
9501,bike,fixed,decaps,756794
9502,bike,fixed,decaps,772287
9503,bike,fixed,decaps,756823
9504,bike,fixed,decaps,765282
9505,bike,fixed,decaps,756657
9506,bike,fixed,decaps,756558
9507,bike,fixed,decaps,756729
9508,bike,fixed,decaps,756728
9509,bike,fixed,decaps,787711
9510,bike,fixed,decaps,730369
9511,bike,fixed,decaps,751323
9512,bike,fixed,decaps,734213
9513,bike,fixed,decaps,748637
9514,bike,fixed,decaps,780874
9515,bike,fixed,decaps,780050
9516,bike,fixed,decaps,778956
9517,bike,fixed,decaps,741389
9518,bike,fixed,decaps,734213
9519,bike,fixed,decaps,734014
9520,bike,fixed,decaps,741175
9521,bike,fixed,decaps,734379
9522,bike,fixed,decaps,734553
9523,bike,fixed,decaps,733937
9524,bike,fixed,decaps,758631
9525,bike,fixed,decaps,753222
9526,bike,fixed,decaps,740015
9527,bike,fixed,decaps,792269
9528,bike,fixed,decaps,783044
9529,bike,fixed,decaps,756706
9530,bike,fixed,decaps,756140
9531,bike,fixed,decaps,741834
9532,bike,fixed,decaps,747589
9533,bike,fixed,decaps,733779
9534,bike,fixed,decaps,733870
9535,bike,fixed,decaps,734513
9536,bike,fixed,decaps,736357
9537,bike,fixed,decaps,733602
9538,bike,fixed,decaps,733948
9539,bike,fixed,decaps,733750
9540,bike,fixed,decaps,761450
9541,bike,fixed,decaps,792509
9542,bike,fixed,decaps,759077
9543,bike,fixed,decaps,779450
9544,bike,fixed,decaps,758377
9545,bike,fixed,decaps,772453
9546,bike,fixed,decaps,725098
9547,bike,fixed,decaps,783177
9548,bike,fixed,decaps,748621
9549,bike,fixed,decaps,754418
9550,bike,fixed,decaps,765442
9551,bike,fixed,decaps,869732
9552,bike,fixed,decaps,769774
9553,bike,fixed,decaps,764592
9554,bike,fixed,decaps,768560
9555,bike,fixed,decaps,761872
9556,bike,fixed,decaps,761923
9557,bike,fixed,decaps,777119
9558,bike,fixed,decaps,747404
9559,bike,fixed,decaps,772229
9560,bike,fixed,decaps,809737
9561,bike,fixed,decaps,757007
9562,bike,fixed,decaps,767624
9563,bike,fixed,decaps,756778
9564,bike,fixed,decaps,756348
9565,bike,fixed,decaps,792878
9566,bike,fixed,decaps,782868
9567,bike,fixed,decaps,811449
9568,bike,fixed,decaps,734509
9569,bike,fixed,decaps,802501
9570,bike,fixed,decaps,734680
9571,bike,fixed,decaps,734250
9572,bike,fixed,decaps,737865
9573,bike,fixed,decaps,770916
9574,bike,fixed,decaps,734452
9575,bike,fixed,decaps,753581
9576,bike,fixed,decaps,823358
9577,bike,fixed,decaps,771340
9578,bike,fixed,decaps,1149217
9579,bike,fixed,decaps,760599
9580,bike,fixed,decaps,741559
9581,bike,fixed,decaps,734892
9582,bike,fixed,decaps,734845
9583,bike,fixed,decaps,741248
9584,bike,fixed,decaps,766578
9585,bike,fixed,decaps,796483
9586,bike,fixed,decaps,756926
9587,bike,fixed,decaps,757459
9588,bike,fixed,decaps,769598
9589,bike,fixed,decaps,769222
9590,bike,fixed,decaps,734182
9591,bike,fixed,decaps,738336
9592,bike,fixed,decaps,734159
9593,bike,fixed,decaps,740239
9594,bike,fixed,decaps,736451
9595,bike,fixed,decaps,759199
9596,bike,fixed,decaps,750937
9597,bike,fixed,decaps,734711
9598,bike,fixed,decaps,734977
9599,bike,fixed,decaps,741074
9600,bike,fixed,decaps,773042
9601,bike,fixed,decaps,787189
9602,bike,fixed,decaps,785710
9603,bike,fixed,decaps,757653
9604,bike,fixed,decaps,796581
9605,bike,fixed,decaps,757240
9606,bike,fixed,decaps,773667
9607,bike,fixed,decaps,734422
9608,bike,fixed,decaps,739086
9609,bike,fixed,decaps,740906
9610,bike,fixed,decaps,734404
9611,bike,fixed,decaps,734118
9612,bike,fixed,decaps,779532
9613,bike,fixed,decaps,783851
9614,bike,fixed,decaps,755748
9615,bike,fixed,decaps,762791
9616,bike,fixed,decaps,756910
9617,bike,fixed,decaps,756887
9618,bike,fixed,decaps,771494
9619,bike,fixed,decaps,734545
9620,bike,fixed,decaps,761295
9621,bike,fixed,decaps,734818
9622,bike,fixed,decaps,752950
9623,bike,fixed,decaps,734885
9624,bike,fixed,decaps,734809
9625,bike,fixed,decaps,774272
9626,bike,fixed,decaps,790402
9627,bike,fixed,decaps,756626
9628,bike,fixed,decaps,776221
9629,bike,fixed,decaps,822650
9630,bike,fixed,decaps,765251
9631,bike,fixed,decaps,735002
9632,bike,fixed,decaps,734691
9633,bike,fixed,decaps,734579
9634,bike,fixed,decaps,760003
9635,bike,fixed,decaps,793212
9636,bike,fixed,decaps,813554
9637,bike,fixed,decaps,757025
9638,bike,fixed,decaps,753976
9639,bike,fixed,decaps,742194
9640,bike,fixed,decaps,734797
9641,bike,fixed,decaps,739719
9642,bike,fixed,decaps,734041
9643,bike,fixed,decaps,751444
9644,bike,fixed,decaps,780926
9645,bike,fixed,decaps,774682
9646,bike,fixed,decaps,776269
9647,bike,fixed,decaps,743285
9648,bike,fixed,decaps,747862
9649,bike,fixed,decaps,741122
9650,bike,fixed,decaps,734783
9651,bike,fixed,decaps,759316
9652,bike,fixed,decaps,780752
9653,bike,fixed,decaps,772846
9654,bike,fixed,decaps,756716
9655,bike,fixed,decaps,805096
9656,bike,fixed,decaps,788730
9657,bike,fixed,decaps,766071
9658,bike,fixed,decaps,756872
9659,bike,fixed,decaps,757104
9660,bike,fixed,decaps,772037
9661,bike,fixed,decaps,713553
9662,bike,fixed,decaps,758407
9663,bike,fixed,decaps,734840
9664,bike,fixed,decaps,734782
9665,bike,fixed,decaps,734664
9666,bike,fixed,decaps,734712
9667,bike,fixed,decaps,765332
9668,bike,fixed,decaps,793411
9669,bike,fixed,decaps,757352
9670,bike,fixed,decaps,743930
9671,bike,fixed,decaps,746154
9672,bike,fixed,decaps,734106
9673,bike,fixed,decaps,737195
9674,bike,fixed,decaps,778880
9675,bike,fixed,decaps,804964
9676,bike,fixed,decaps,757460
9677,bike,fixed,decaps,757194
9678,bike,fixed,decaps,764443
9679,bike,fixed,decaps,757361
9680,bike,fixed,decaps,767136
9681,bike,fixed,decaps,714095
9682,bike,fixed,decaps,839003
9683,bike,fixed,decaps,741343
9684,bike,fixed,decaps,734822
9685,bike,fixed,decaps,734545
9686,bike,fixed,decaps,734695
9687,bike,fixed,decaps,734665
9688,bike,fixed,decaps,739409
9689,bike,fixed,decaps,735044
9690,bike,fixed,decaps,802018
9691,bike,fixed,decaps,780459
9692,bike,fixed,decaps,756247
9693,bike,fixed,decaps,760520
9694,bike,fixed,decaps,754802
9695,bike,fixed,decaps,750484
9696,bike,fixed,decaps,734898
9697,bike,fixed,decaps,734979
9698,bike,fixed,decaps,792246
9699,bike,fixed,decaps,784167
9700,bike,fixed,decaps,757265
9701,bike,fixed,decaps,757029
9702,bike,fixed,decaps,776016
9703,bike,fixed,decaps,757251
9704,bike,fixed,decaps,775425
9705,bike,fixed,decaps,769304
9706,bike,fixed,decaps,713402
9707,bike,fixed,decaps,754449
9708,bike,fixed,decaps,734456
9709,bike,fixed,decaps,802532
9710,bike,fixed,decaps,735122
9711,bike,fixed,decaps,734590
9712,bike,fixed,decaps,734513
9713,bike,fixed,decaps,752549
9714,bike,fixed,decaps,793631
9715,bike,fixed,decaps,785007
9716,bike,fixed,decaps,756752
9717,bike,fixed,decaps,756790
9718,bike,fixed,decaps,756860
9719,bike,fixed,decaps,756634
9720,bike,fixed,decaps,767925
9721,bike,fixed,decaps,736745
9722,bike,fixed,decaps,734577
9723,bike,fixed,decaps,734246
9724,bike,fixed,decaps,734188
9725,bike,fixed,decaps,737078
9726,bike,fixed,decaps,734144
9727,bike,fixed,decaps,733862
9728,bike,fixed,decaps,785084
9729,bike,fixed,decaps,791639
9730,bike,fixed,decaps,778908
9731,bike,fixed,decaps,763845
9732,bike,fixed,decaps,753747
9733,bike,fixed,decaps,745596
9734,bike,fixed,decaps,734399
9735,bike,fixed,decaps,766274
9736,bike,fixed,decaps,787086
9737,bike,fixed,decaps,734594
9738,bike,fixed,decaps,734625
9739,bike,fixed,decaps,734285
9740,bike,fixed,decaps,734560
9741,bike,fixed,decaps,737943
9742,bike,fixed,decaps,734860
9743,bike,fixed,decaps,734339
9744,bike,fixed,decaps,734432
9745,bike,fixed,decaps,758712
9746,bike,fixed,decaps,780184
9747,bike,fixed,decaps,783387
9748,bike,fixed,decaps,777586
9749,bike,fixed,decaps,757228
9750,bike,fixed,decaps,772956
9751,bike,fixed,decaps,734505
9752,bike,fixed,decaps,737164
9753,bike,fixed,decaps,739327
9754,bike,fixed,decaps,734479
9755,bike,fixed,decaps,753616
9756,bike,fixed,decaps,734127
9757,bike,fixed,decaps,740969
9758,bike,fixed,decaps,734617
9759,bike,fixed,decaps,734426
9760,bike,fixed,decaps,734125
9761,bike,fixed,decaps,734145
9762,bike,fixed,decaps,744943
9763,bike,fixed,decaps,785510
9764,bike,fixed,decaps,776477
9765,bike,fixed,decaps,785449
9766,bike,fixed,decaps,757129
9767,bike,fixed,decaps,780296
9768,bike,fixed,decaps,775561
9769,bike,fixed,decaps,746305
9770,bike,fixed,decaps,734822
9771,bike,fixed,decaps,749728
9772,bike,fixed,decaps,735968
9773,bike,fixed,decaps,771457
9774,bike,fixed,decaps,791235
9775,bike,fixed,decaps,756724
9776,bike,fixed,decaps,756554
9777,bike,fixed,decaps,756169
9778,bike,fixed,decaps,747089
9779,bike,fixed,decaps,735001
9780,bike,fixed,decaps,734610
9781,bike,fixed,decaps,735272
9782,bike,fixed,decaps,775747
9783,bike,fixed,decaps,735571
9784,bike,fixed,decaps,743081
9785,bike,fixed,decaps,734809
9786,bike,fixed,decaps,734822
9787,bike,fixed,decaps,734608
9788,bike,fixed,decaps,776210
9789,bike,fixed,decaps,763610
9790,bike,fixed,decaps,753985
9791,bike,fixed,decaps,780895
9792,bike,fixed,decaps,773480
9793,bike,fixed,decaps,757126
9794,bike,fixed,decaps,791295
9795,bike,fixed,decaps,714145
9796,bike,fixed,decaps,759832
9797,bike,fixed,decaps,734993
9798,bike,fixed,decaps,734887
9799,bike,fixed,decaps,734861
9800,bike,fixed,decaps,747992
9801,bike,fixed,decaps,735002
9802,bike,fixed,decaps,734602
9803,bike,fixed,decaps,734753
9804,bike,fixed,decaps,734831
9805,bike,fixed,decaps,737764
9806,bike,fixed,decaps,734984
9807,bike,fixed,decaps,735331
9808,bike,fixed,decaps,735241
9809,bike,fixed,decaps,784822
9810,bike,fixed,decaps,792091
9811,bike,fixed,decaps,763596
9812,bike,fixed,decaps,757037
9813,bike,fixed,decaps,756943
9814,bike,fixed,decaps,769100
9815,bike,fixed,decaps,736923
9816,bike,fixed,decaps,828195
9817,bike,fixed,decaps,734559
9818,bike,fixed,decaps,758295
9819,bike,fixed,decaps,780282
9820,bike,fixed,decaps,771266
9821,bike,fixed,decaps,762959
9822,bike,fixed,decaps,760052
9823,bike,fixed,decaps,716540
9824,bike,fixed,decaps,754276
9825,bike,fixed,decaps,734637
9826,bike,fixed,decaps,765457
9827,bike,fixed,decaps,793566
9828,bike,fixed,decaps,756311
9829,bike,fixed,decaps,755953
9830,bike,fixed,decaps,757413
9831,bike,fixed,decaps,752771
9832,bike,fixed,decaps,752199
9833,bike,fixed,decaps,734741
9834,bike,fixed,decaps,734792
9835,bike,fixed,decaps,745492
9836,bike,fixed,decaps,740700
9837,bike,fixed,decaps,741666
9838,bike,fixed,decaps,762733
9839,bike,fixed,decaps,792135
9840,bike,fixed,decaps,756573
9841,bike,fixed,decaps,756508
9842,bike,fixed,decaps,891237
9843,bike,fixed,decaps,770889
9844,bike,fixed,decaps,716763
9845,bike,fixed,decaps,754238
9846,bike,fixed,decaps,734185
9847,bike,fixed,decaps,740400
9848,bike,fixed,decaps,768728
9849,bike,fixed,decaps,1226663
9850,bike,fixed,decaps,781040
9851,bike,fixed,decaps,770599
9852,bike,fixed,decaps,764915
9853,bike,fixed,decaps,779502
9854,bike,fixed,decaps,794743
9855,bike,fixed,decaps,734685
9856,bike,fixed,decaps,739014
9857,bike,fixed,decaps,740018
9858,bike,fixed,decaps,734901
9859,bike,fixed,decaps,734905
9860,bike,fixed,decaps,734481
9861,bike,fixed,decaps,758650
9862,bike,fixed,decaps,740290
9863,bike,fixed,decaps,740319
9864,bike,fixed,decaps,735256
9865,bike,fixed,decaps,760246
9866,bike,fixed,decaps,781107
9867,bike,fixed,decaps,758306
9868,bike,fixed,decaps,854488
9869,bike,fixed,decaps,763503
9870,bike,fixed,decaps,740160
9871,bike,fixed,decaps,733849
9872,bike,fixed,decaps,734251
9873,bike,fixed,decaps,738749
9874,bike,fixed,decaps,734372
9875,bike,fixed,decaps,734247
9876,bike,fixed,decaps,734362
9877,bike,fixed,decaps,733914
9878,bike,fixed,decaps,734260
9879,bike,fixed,decaps,736819
9880,bike,fixed,decaps,733687
9881,bike,fixed,decaps,733938
9882,bike,fixed,decaps,734245
9883,bike,fixed,decaps,741286
9884,bike,fixed,decaps,793350
9885,bike,fixed,decaps,784170
9886,bike,fixed,decaps,756917
9887,bike,fixed,decaps,756824
9888,bike,fixed,decaps,776664
9889,bike,fixed,decaps,796931
9890,bike,fixed,decaps,785754
9891,bike,fixed,decaps,735017
9892,bike,fixed,decaps,734285
9893,bike,fixed,decaps,736450
9894,bike,fixed,decaps,772857
9895,bike,fixed,decaps,846315
9896,bike,fixed,decaps,735004
9897,bike,fixed,decaps,734595
9898,bike,fixed,decaps,734022
9899,bike,fixed,decaps,734669
9900,bike,fixed,decaps,740848
9901,bike,fixed,decaps,734938
9902,bike,fixed,decaps,734831
9903,bike,fixed,decaps,734396
9904,bike,fixed,decaps,766327
9905,bike,fixed,decaps,761476
9906,bike,fixed,decaps,756628
9907,bike,fixed,decaps,755891
9908,bike,fixed,decaps,755846
9909,bike,fixed,decaps,748569
9910,bike,fixed,decaps,765518
9911,bike,fixed,decaps,734880
9912,bike,fixed,decaps,734497
9913,bike,fixed,decaps,734705
9914,bike,fixed,decaps,734605
9915,bike,fixed,decaps,754188
9916,bike,fixed,decaps,741326
9917,bike,fixed,decaps,758280
9918,bike,fixed,decaps,756513
9919,bike,fixed,decaps,756870
9920,bike,fixed,decaps,756734
9921,bike,fixed,decaps,776474
9922,bike,fixed,decaps,842881
9923,bike,fixed,decaps,757130
9924,bike,fixed,decaps,757160
9925,bike,fixed,decaps,744185
9926,bike,fixed,decaps,795216
9927,bike,fixed,decaps,734804
9928,bike,fixed,decaps,734347
9929,bike,fixed,decaps,734657
9930,bike,fixed,decaps,757459
9931,bike,fixed,decaps,756930
9932,bike,fixed,decaps,761773
9933,bike,fixed,decaps,773048
9934,bike,fixed,decaps,753754
9935,bike,fixed,decaps,741852
9936,bike,fixed,decaps,734089
9937,bike,fixed,decaps,741411
9938,bike,fixed,decaps,734607
9939,bike,fixed,decaps,734866
9940,bike,fixed,decaps,735023
9941,bike,fixed,decaps,768094
9942,bike,fixed,decaps,776208
9943,bike,fixed,decaps,756519
9944,bike,fixed,decaps,756428
9945,bike,fixed,decaps,756177
9946,bike,fixed,decaps,756352
9947,bike,fixed,decaps,798736
9948,bike,fixed,decaps,724550
9949,bike,fixed,decaps,810393
9950,bike,fixed,decaps,734513
9951,bike,fixed,decaps,734650
9952,bike,fixed,decaps,734579
9953,bike,fixed,decaps,936364
9954,bike,fixed,decaps,735500
9955,bike,fixed,decaps,734385
9956,bike,fixed,decaps,734218
9957,bike,fixed,decaps,734875
9958,bike,fixed,decaps,786280
9959,bike,fixed,decaps,756902
9960,bike,fixed,decaps,757091
9961,bike,fixed,decaps,756836
9962,bike,fixed,decaps,756898
9963,bike,fixed,decaps,777988
9964,bike,fixed,decaps,713677
9965,bike,fixed,decaps,713888
9966,bike,fixed,decaps,753543
9967,bike,fixed,decaps,734780
9968,bike,fixed,decaps,755643
9969,bike,fixed,decaps,740312
9970,bike,fixed,decaps,763924
9971,bike,fixed,decaps,757076
9972,bike,fixed,decaps,756907
9973,bike,fixed,decaps,766275
9974,bike,fixed,decaps,768608
9975,bike,fixed,decaps,836180
9976,bike,fixed,decaps,735524
9977,bike,fixed,decaps,734854
9978,bike,fixed,decaps,768545
9979,bike,fixed,decaps,803327
9980,bike,fixed,decaps,757231
9981,bike,fixed,decaps,756582
9982,bike,fixed,decaps,756521
9983,bike,fixed,decaps,756933
9984,bike,fixed,decaps,759881
9985,bike,fixed,decaps,756640
9986,bike,fixed,decaps,756766
9987,bike,fixed,decaps,756677
9988,bike,fixed,decaps,760470
9989,bike,fixed,decaps,741370
9990,bike,fixed,decaps,737994
9991,bike,fixed,decaps,734919
9992,bike,fixed,decaps,734998
9993,bike,fixed,decaps,734632
9994,bike,fixed,decaps,734696
9995,bike,fixed,decaps,760948
9996,bike,fixed,decaps,755155
9997,bike,fixed,decaps,757084
9998,bike,fixed,decaps,757191
9999,bike,fixed,decaps,756999
10000,bike,fixed,decaps,764424
