iteration,mode,input,op,elapsed_ns
1,hybrid,fixed,decaps,827898
2,hybrid,fixed,decaps,783565
3,hybrid,fixed,decaps,781581
4,hybrid,fixed,decaps,781188
5,hybrid,fixed,decaps,786619
6,hybrid,fixed,decaps,821255
7,hybrid,fixed,decaps,806879
8,hybrid,fixed,decaps,782154
9,hybrid,fixed,decaps,827382
10,hybrid,fixed,decaps,842451
11,hybrid,fixed,decaps,853485
12,hybrid,fixed,decaps,783201
13,hybrid,fixed,decaps,829608
14,hybrid,fixed,decaps,815602
15,hybrid,fixed,decaps,781304
16,hybrid,fixed,decaps,787637
17,hybrid,fixed,decaps,811174
18,hybrid,fixed,decaps,805336
19,hybrid,fixed,decaps,805361
20,hybrid,fixed,decaps,805437
21,hybrid,fixed,decaps,816027
22,hybrid,fixed,decaps,806202
23,hybrid,fixed,decaps,805621
24,hybrid,fixed,decaps,805799
25,hybrid,fixed,decaps,824703
26,hybrid,fixed,decaps,787191
27,hybrid,fixed,decaps,795663
28,hybrid,fixed,decaps,781164
29,hybrid,fixed,decaps,781085
30,hybrid,fixed,decaps,780995
31,hybrid,fixed,decaps,824898
32,hybrid,fixed,decaps,806223
33,hybrid,fixed,decaps,810710
34,hybrid,fixed,decaps,818636
35,hybrid,fixed,decaps,838101
36,hybrid,fixed,decaps,768048
37,hybrid,fixed,decaps,799790
38,hybrid,fixed,decaps,802133
39,hybrid,fixed,decaps,781742
40,hybrid,fixed,decaps,780809
41,hybrid,fixed,decaps,787105
42,hybrid,fixed,decaps,813448
43,hybrid,fixed,decaps,805000
44,hybrid,fixed,decaps,809613
45,hybrid,fixed,decaps,781160
46,hybrid,fixed,decaps,783885
47,hybrid,fixed,decaps,780659
48,hybrid,fixed,decaps,780656
49,hybrid,fixed,decaps,798666
50,hybrid,fixed,decaps,804986
51,hybrid,fixed,decaps,807940
52,hybrid,fixed,decaps,805423
53,hybrid,fixed,decaps,805308
54,hybrid,fixed,decaps,805446
55,hybrid,fixed,decaps,809920
56,hybrid,fixed,decaps,775346
57,hybrid,fixed,decaps,799575
58,hybrid,fixed,decaps,793747
59,hybrid,fixed,decaps,801211
60,hybrid,fixed,decaps,781400
61,hybrid,fixed,decaps,789671
62,hybrid,fixed,decaps,781814
63,hybrid,fixed,decaps,800552
64,hybrid,fixed,decaps,781973
65,hybrid,fixed,decaps,780992
66,hybrid,fixed,decaps,821301
67,hybrid,fixed,decaps,805618
68,hybrid,fixed,decaps,805935
69,hybrid,fixed,decaps,787830
70,hybrid,fixed,decaps,780434
71,hybrid,fixed,decaps,786588
72,hybrid,fixed,decaps,784901
73,hybrid,fixed,decaps,785545
74,hybrid,fixed,decaps,781112
75,hybrid,fixed,decaps,780555
76,hybrid,fixed,decaps,785557
77,hybrid,fixed,decaps,788840
78,hybrid,fixed,decaps,795498
79,hybrid,fixed,decaps,782004
80,hybrid,fixed,decaps,781073
81,hybrid,fixed,decaps,788078
82,hybrid,fixed,decaps,781600
83,hybrid,fixed,decaps,781320
84,hybrid,fixed,decaps,780922
85,hybrid,fixed,decaps,800781
86,hybrid,fixed,decaps,787465
87,hybrid,fixed,decaps,781269
88,hybrid,fixed,decaps,781086
89,hybrid,fixed,decaps,781063
90,hybrid,fixed,decaps,800812
91,hybrid,fixed,decaps,788053
92,hybrid,fixed,decaps,781239
93,hybrid,fixed,decaps,780953
94,hybrid,fixed,decaps,780928
95,hybrid,fixed,decaps,781259
96,hybrid,fixed,decaps,786365
97,hybrid,fixed,decaps,781164
98,hybrid,fixed,decaps,780998
99,hybrid,fixed,decaps,780773
100,hybrid,fixed,decaps,780783
101,hybrid,fixed,decaps,784175
102,hybrid,fixed,decaps,780902
103,hybrid,fixed,decaps,781098
104,hybrid,fixed,decaps,780815
105,hybrid,fixed,decaps,790753
106,hybrid,fixed,decaps,790555
107,hybrid,fixed,decaps,781984
108,hybrid,fixed,decaps,780866
109,hybrid,fixed,decaps,780903
110,hybrid,fixed,decaps,803533
111,hybrid,fixed,decaps,781762
112,hybrid,fixed,decaps,788412
113,hybrid,fixed,decaps,781261
114,hybrid,fixed,decaps,781066
115,hybrid,fixed,decaps,835174
116,hybrid,fixed,decaps,798267
117,hybrid,fixed,decaps,792089
118,hybrid,fixed,decaps,780663
119,hybrid,fixed,decaps,797164
120,hybrid,fixed,decaps,781209
121,hybrid,fixed,decaps,781154
122,hybrid,fixed,decaps,784358
123,hybrid,fixed,decaps,782066
124,hybrid,fixed,decaps,758298
125,hybrid,fixed,decaps,779255
126,hybrid,fixed,decaps,781196
127,hybrid,fixed,decaps,783779
128,hybrid,fixed,decaps,781104
129,hybrid,fixed,decaps,780740
130,hybrid,fixed,decaps,780781
131,hybrid,fixed,decaps,780942
132,hybrid,fixed,decaps,785019
133,hybrid,fixed,decaps,791928
134,hybrid,fixed,decaps,781035
135,hybrid,fixed,decaps,780695
136,hybrid,fixed,decaps,851721
137,hybrid,fixed,decaps,806244
138,hybrid,fixed,decaps,763259
139,hybrid,fixed,decaps,758244
140,hybrid,fixed,decaps,757723
141,hybrid,fixed,decaps,777372
142,hybrid,fixed,decaps,764144
143,hybrid,fixed,decaps,786239
144,hybrid,fixed,decaps,816323
145,hybrid,fixed,decaps,780900
146,hybrid,fixed,decaps,780955
147,hybrid,fixed,decaps,823845
148,hybrid,fixed,decaps,763105
149,hybrid,fixed,decaps,777267
150,hybrid,fixed,decaps,767154
151,hybrid,fixed,decaps,770730
152,hybrid,fixed,decaps,765422
153,hybrid,fixed,decaps,775494
154,hybrid,fixed,decaps,872280
155,hybrid,fixed,decaps,937151
156,hybrid,fixed,decaps,785909
157,hybrid,fixed,decaps,790716
158,hybrid,fixed,decaps,792506
159,hybrid,fixed,decaps,763413
160,hybrid,fixed,decaps,758365
161,hybrid,fixed,decaps,767263
162,hybrid,fixed,decaps,782554
163,hybrid,fixed,decaps,759074
164,hybrid,fixed,decaps,757861
165,hybrid,fixed,decaps,807850
166,hybrid,fixed,decaps,808317
167,hybrid,fixed,decaps,804496
168,hybrid,fixed,decaps,782315
169,hybrid,fixed,decaps,781113
170,hybrid,fixed,decaps,781962
171,hybrid,fixed,decaps,763131
172,hybrid,fixed,decaps,765801
173,hybrid,fixed,decaps,758984
174,hybrid,fixed,decaps,758163
175,hybrid,fixed,decaps,758178
176,hybrid,fixed,decaps,758047
177,hybrid,fixed,decaps,758101
178,hybrid,fixed,decaps,764372
179,hybrid,fixed,decaps,802248
180,hybrid,fixed,decaps,808764
181,hybrid,fixed,decaps,781511
182,hybrid,fixed,decaps,781073
183,hybrid,fixed,decaps,786401
184,hybrid,fixed,decaps,781301
185,hybrid,fixed,decaps,781539
186,hybrid,fixed,decaps,781131
187,hybrid,fixed,decaps,795833
188,hybrid,fixed,decaps,787922
189,hybrid,fixed,decaps,781844
190,hybrid,fixed,decaps,820495
191,hybrid,fixed,decaps,764678
192,hybrid,fixed,decaps,784050
193,hybrid,fixed,decaps,767878
194,hybrid,fixed,decaps,758731
195,hybrid,fixed,decaps,774714
196,hybrid,fixed,decaps,804731
197,hybrid,fixed,decaps,797249
198,hybrid,fixed,decaps,784191
199,hybrid,fixed,decaps,780359
200,hybrid,fixed,decaps,784868
201,hybrid,fixed,decaps,774789
202,hybrid,fixed,decaps,762593
203,hybrid,fixed,decaps,762003
204,hybrid,fixed,decaps,757929
205,hybrid,fixed,decaps,757913
206,hybrid,fixed,decaps,757783
207,hybrid,fixed,decaps,794066
208,hybrid,fixed,decaps,816079
209,hybrid,fixed,decaps,780666
210,hybrid,fixed,decaps,780898
211,hybrid,fixed,decaps,780693
212,hybrid,fixed,decaps,811708
213,hybrid,fixed,decaps,845865
214,hybrid,fixed,decaps,760655
215,hybrid,fixed,decaps,758397
216,hybrid,fixed,decaps,796059
217,hybrid,fixed,decaps,760323
218,hybrid,fixed,decaps,827284
219,hybrid,fixed,decaps,766873
220,hybrid,fixed,decaps,757981
221,hybrid,fixed,decaps,805049
222,hybrid,fixed,decaps,759127
223,hybrid,fixed,decaps,757714
224,hybrid,fixed,decaps,764628
225,hybrid,fixed,decaps,757968
226,hybrid,fixed,decaps,757730
227,hybrid,fixed,decaps,757424
228,hybrid,fixed,decaps,757563
229,hybrid,fixed,decaps,762948
230,hybrid,fixed,decaps,757627
231,hybrid,fixed,decaps,772263
232,hybrid,fixed,decaps,824373
233,hybrid,fixed,decaps,821811
234,hybrid,fixed,decaps,823272
235,hybrid,fixed,decaps,763376
236,hybrid,fixed,decaps,757257
237,hybrid,fixed,decaps,757315
238,hybrid,fixed,decaps,757261
239,hybrid,fixed,decaps,788115
240,hybrid,fixed,decaps,760581
241,hybrid,fixed,decaps,757795
242,hybrid,fixed,decaps,757887
243,hybrid,fixed,decaps,793838
244,hybrid,fixed,decaps,815916
245,hybrid,fixed,decaps,780768
246,hybrid,fixed,decaps,780681
247,hybrid,fixed,decaps,780541
248,hybrid,fixed,decaps,780509
249,hybrid,fixed,decaps,801016
250,hybrid,fixed,decaps,758424
251,hybrid,fixed,decaps,763156
252,hybrid,fixed,decaps,758001
253,hybrid,fixed,decaps,757961
254,hybrid,fixed,decaps,757906
255,hybrid,fixed,decaps,761113
256,hybrid,fixed,decaps,757863
257,hybrid,fixed,decaps,787437
258,hybrid,fixed,decaps,816905
259,hybrid,fixed,decaps,780854
260,hybrid,fixed,decaps,782001
261,hybrid,fixed,decaps,762302
262,hybrid,fixed,decaps,758222
263,hybrid,fixed,decaps,758033
264,hybrid,fixed,decaps,757850
265,hybrid,fixed,decaps,826393
266,hybrid,fixed,decaps,810658
267,hybrid,fixed,decaps,780873
268,hybrid,fixed,decaps,799861
269,hybrid,fixed,decaps,779189
270,hybrid,fixed,decaps,790064
271,hybrid,fixed,decaps,759211
272,hybrid,fixed,decaps,758138
273,hybrid,fixed,decaps,757897
274,hybrid,fixed,decaps,804964
275,hybrid,fixed,decaps,838900
276,hybrid,fixed,decaps,783166
277,hybrid,fixed,decaps,784292
278,hybrid,fixed,decaps,771740
279,hybrid,fixed,decaps,762118
280,hybrid,fixed,decaps,785213
281,hybrid,fixed,decaps,763831
282,hybrid,fixed,decaps,758280
283,hybrid,fixed,decaps,758077
284,hybrid,fixed,decaps,758013
285,hybrid,fixed,decaps,758232
286,hybrid,fixed,decaps,763732
287,hybrid,fixed,decaps,757754
288,hybrid,fixed,decaps,757383
289,hybrid,fixed,decaps,757828
290,hybrid,fixed,decaps,757583
291,hybrid,fixed,decaps,811857
292,hybrid,fixed,decaps,760498
293,hybrid,fixed,decaps,757814
294,hybrid,fixed,decaps,770938
295,hybrid,fixed,decaps,805219
296,hybrid,fixed,decaps,805058
297,hybrid,fixed,decaps,781228
298,hybrid,fixed,decaps,780776
299,hybrid,fixed,decaps,781050
300,hybrid,fixed,decaps,780993
301,hybrid,fixed,decaps,772943
302,hybrid,fixed,decaps,766825
303,hybrid,fixed,decaps,758089
304,hybrid,fixed,decaps,758010
305,hybrid,fixed,decaps,757727
306,hybrid,fixed,decaps,794400
307,hybrid,fixed,decaps,814851
308,hybrid,fixed,decaps,780727
309,hybrid,fixed,decaps,758816
310,hybrid,fixed,decaps,776894
311,hybrid,fixed,decaps,790216
312,hybrid,fixed,decaps,816369
313,hybrid,fixed,decaps,781005
314,hybrid,fixed,decaps,764573
315,hybrid,fixed,decaps,773586
316,hybrid,fixed,decaps,761423
317,hybrid,fixed,decaps,830314
318,hybrid,fixed,decaps,760658
319,hybrid,fixed,decaps,757859
320,hybrid,fixed,decaps,757785
321,hybrid,fixed,decaps,760787
322,hybrid,fixed,decaps,797040
323,hybrid,fixed,decaps,804439
324,hybrid,fixed,decaps,801503
325,hybrid,fixed,decaps,805017
326,hybrid,fixed,decaps,816121
327,hybrid,fixed,decaps,790264
328,hybrid,fixed,decaps,780984
329,hybrid,fixed,decaps,786548
330,hybrid,fixed,decaps,762621
331,hybrid,fixed,decaps,757633
332,hybrid,fixed,decaps,782934
333,hybrid,fixed,decaps,779241
334,hybrid,fixed,decaps,759147
335,hybrid,fixed,decaps,757830
336,hybrid,fixed,decaps,757660
337,hybrid,fixed,decaps,787037
338,hybrid,fixed,decaps,762013
339,hybrid,fixed,decaps,758364
340,hybrid,fixed,decaps,758323
341,hybrid,fixed,decaps,890670
342,hybrid,fixed,decaps,1186632
343,hybrid,fixed,decaps,784873
344,hybrid,fixed,decaps,795524
345,hybrid,fixed,decaps,766060
346,hybrid,fixed,decaps,833360
347,hybrid,fixed,decaps,811986
348,hybrid,fixed,decaps,759695
349,hybrid,fixed,decaps,814498
350,hybrid,fixed,decaps,759985
351,hybrid,fixed,decaps,782380
352,hybrid,fixed,decaps,767030
353,hybrid,fixed,decaps,762949
354,hybrid,fixed,decaps,758078
355,hybrid,fixed,decaps,757394
356,hybrid,fixed,decaps,757372
357,hybrid,fixed,decaps,763318
358,hybrid,fixed,decaps,782817
359,hybrid,fixed,decaps,806971
360,hybrid,fixed,decaps,783640
361,hybrid,fixed,decaps,796587
362,hybrid,fixed,decaps,791664
363,hybrid,fixed,decaps,781572
364,hybrid,fixed,decaps,790410
365,hybrid,fixed,decaps,736534
366,hybrid,fixed,decaps,781492
367,hybrid,fixed,decaps,772508
368,hybrid,fixed,decaps,785657
369,hybrid,fixed,decaps,760450
370,hybrid,fixed,decaps,758171
371,hybrid,fixed,decaps,757918
372,hybrid,fixed,decaps,764583
373,hybrid,fixed,decaps,778278
374,hybrid,fixed,decaps,758697
375,hybrid,fixed,decaps,758078
376,hybrid,fixed,decaps,757833
377,hybrid,fixed,decaps,798961
378,hybrid,fixed,decaps,759526
379,hybrid,fixed,decaps,758105
380,hybrid,fixed,decaps,758044
381,hybrid,fixed,decaps,775453
382,hybrid,fixed,decaps,780865
383,hybrid,fixed,decaps,788899
384,hybrid,fixed,decaps,781437
385,hybrid,fixed,decaps,780753
386,hybrid,fixed,decaps,780554
387,hybrid,fixed,decaps,780678
388,hybrid,fixed,decaps,779425
389,hybrid,fixed,decaps,769110
390,hybrid,fixed,decaps,758171
391,hybrid,fixed,decaps,757765
392,hybrid,fixed,decaps,757940
393,hybrid,fixed,decaps,762272
394,hybrid,fixed,decaps,777848
395,hybrid,fixed,decaps,759186
396,hybrid,fixed,decaps,758230
397,hybrid,fixed,decaps,758266
398,hybrid,fixed,decaps,785953
399,hybrid,fixed,decaps,800352
400,hybrid,fixed,decaps,801256
401,hybrid,fixed,decaps,799016
402,hybrid,fixed,decaps,784096
403,hybrid,fixed,decaps,791132
404,hybrid,fixed,decaps,796080
405,hybrid,fixed,decaps,736660
406,hybrid,fixed,decaps,773325
407,hybrid,fixed,decaps,783826
408,hybrid,fixed,decaps,767432
409,hybrid,fixed,decaps,758705
410,hybrid,fixed,decaps,881088
411,hybrid,fixed,decaps,804889
412,hybrid,fixed,decaps,793153
413,hybrid,fixed,decaps,788158
414,hybrid,fixed,decaps,784403
415,hybrid,fixed,decaps,871489
416,hybrid,fixed,decaps,822268
417,hybrid,fixed,decaps,761501
418,hybrid,fixed,decaps,767304
419,hybrid,fixed,decaps,771925
420,hybrid,fixed,decaps,834075
421,hybrid,fixed,decaps,802709
422,hybrid,fixed,decaps,780998
423,hybrid,fixed,decaps,789806
424,hybrid,fixed,decaps,786641
425,hybrid,fixed,decaps,794042
426,hybrid,fixed,decaps,768012
427,hybrid,fixed,decaps,767923
428,hybrid,fixed,decaps,758094
429,hybrid,fixed,decaps,763709
430,hybrid,fixed,decaps,758171
431,hybrid,fixed,decaps,760142
432,hybrid,fixed,decaps,779082
433,hybrid,fixed,decaps,805478
434,hybrid,fixed,decaps,801736
435,hybrid,fixed,decaps,769532
436,hybrid,fixed,decaps,769772
437,hybrid,fixed,decaps,778720
438,hybrid,fixed,decaps,760757
439,hybrid,fixed,decaps,764211
440,hybrid,fixed,decaps,757812
441,hybrid,fixed,decaps,757280
442,hybrid,fixed,decaps,757626
443,hybrid,fixed,decaps,757103
444,hybrid,fixed,decaps,824255
445,hybrid,fixed,decaps,811520
446,hybrid,fixed,decaps,820964
447,hybrid,fixed,decaps,738630
448,hybrid,fixed,decaps,775677
449,hybrid,fixed,decaps,769670
450,hybrid,fixed,decaps,788347
451,hybrid,fixed,decaps,820239
452,hybrid,fixed,decaps,797260
453,hybrid,fixed,decaps,781040
454,hybrid,fixed,decaps,788270
455,hybrid,fixed,decaps,780980
456,hybrid,fixed,decaps,780998
457,hybrid,fixed,decaps,758464
458,hybrid,fixed,decaps,774873
459,hybrid,fixed,decaps,762890
460,hybrid,fixed,decaps,758258
461,hybrid,fixed,decaps,816806
462,hybrid,fixed,decaps,800830
463,hybrid,fixed,decaps,780768
464,hybrid,fixed,decaps,814582
465,hybrid,fixed,decaps,736884
466,hybrid,fixed,decaps,780756
467,hybrid,fixed,decaps,758127
468,hybrid,fixed,decaps,777719
469,hybrid,fixed,decaps,776326
470,hybrid,fixed,decaps,765942
471,hybrid,fixed,decaps,813018
472,hybrid,fixed,decaps,890797
473,hybrid,fixed,decaps,783960
474,hybrid,fixed,decaps,875791
475,hybrid,fixed,decaps,738565
476,hybrid,fixed,decaps,858231
477,hybrid,fixed,decaps,807889
478,hybrid,fixed,decaps,759318
479,hybrid,fixed,decaps,757658
480,hybrid,fixed,decaps,767227
481,hybrid,fixed,decaps,759420
482,hybrid,fixed,decaps,758280
483,hybrid,fixed,decaps,758055
484,hybrid,fixed,decaps,758479
485,hybrid,fixed,decaps,827480
486,hybrid,fixed,decaps,811440
487,hybrid,fixed,decaps,785047
488,hybrid,fixed,decaps,758010
489,hybrid,fixed,decaps,775027
490,hybrid,fixed,decaps,764918
491,hybrid,fixed,decaps,757877
492,hybrid,fixed,decaps,757654
493,hybrid,fixed,decaps,757296
494,hybrid,fixed,decaps,757312
495,hybrid,fixed,decaps,763080
496,hybrid,fixed,decaps,781030
497,hybrid,fixed,decaps,829784
498,hybrid,fixed,decaps,795885
499,hybrid,fixed,decaps,780300
500,hybrid,fixed,decaps,803124
501,hybrid,fixed,decaps,765234
502,hybrid,fixed,decaps,777880
503,hybrid,fixed,decaps,758782
504,hybrid,fixed,decaps,758042
505,hybrid,fixed,decaps,764919
506,hybrid,fixed,decaps,758511
507,hybrid,fixed,decaps,757916
508,hybrid,fixed,decaps,758248
509,hybrid,fixed,decaps,758002
510,hybrid,fixed,decaps,757914
511,hybrid,fixed,decaps,763322
512,hybrid,fixed,decaps,805073
513,hybrid,fixed,decaps,807044
514,hybrid,fixed,decaps,780788
515,hybrid,fixed,decaps,785546
516,hybrid,fixed,decaps,779385
517,hybrid,fixed,decaps,777443
518,hybrid,fixed,decaps,758247
519,hybrid,fixed,decaps,772157
520,hybrid,fixed,decaps,805672
521,hybrid,fixed,decaps,804440
522,hybrid,fixed,decaps,781364
523,hybrid,fixed,decaps,806716
524,hybrid,fixed,decaps,741823
525,hybrid,fixed,decaps,776562
526,hybrid,fixed,decaps,765503
527,hybrid,fixed,decaps,789867
528,hybrid,fixed,decaps,847417
529,hybrid,fixed,decaps,782450
530,hybrid,fixed,decaps,759631
531,hybrid,fixed,decaps,811156
532,hybrid,fixed,decaps,780893
533,hybrid,fixed,decaps,758903
534,hybrid,fixed,decaps,757486
535,hybrid,fixed,decaps,809727
536,hybrid,fixed,decaps,809929
537,hybrid,fixed,decaps,781002
538,hybrid,fixed,decaps,799016
539,hybrid,fixed,decaps,740355
540,hybrid,fixed,decaps,783176
541,hybrid,fixed,decaps,772739
542,hybrid,fixed,decaps,767411
543,hybrid,fixed,decaps,797025
544,hybrid,fixed,decaps,764084
545,hybrid,fixed,decaps,761639
546,hybrid,fixed,decaps,770639
547,hybrid,fixed,decaps,761072
548,hybrid,fixed,decaps,766023
549,hybrid,fixed,decaps,845564
550,hybrid,fixed,decaps,832462
551,hybrid,fixed,decaps,815517
552,hybrid,fixed,decaps,800159
553,hybrid,fixed,decaps,910808
554,hybrid,fixed,decaps,895033
555,hybrid,fixed,decaps,808015
556,hybrid,fixed,decaps,813526
557,hybrid,fixed,decaps,811874
558,hybrid,fixed,decaps,797674
559,hybrid,fixed,decaps,736474
560,hybrid,fixed,decaps,810851
561,hybrid,fixed,decaps,813215
562,hybrid,fixed,decaps,782080
563,hybrid,fixed,decaps,785678
564,hybrid,fixed,decaps,750368
565,hybrid,fixed,decaps,795154
566,hybrid,fixed,decaps,798272
567,hybrid,fixed,decaps,774096
568,hybrid,fixed,decaps,785341
569,hybrid,fixed,decaps,815421
570,hybrid,fixed,decaps,803870
571,hybrid,fixed,decaps,1183003
572,hybrid,fixed,decaps,738493
573,hybrid,fixed,decaps,812678
574,hybrid,fixed,decaps,770494
575,hybrid,fixed,decaps,758930
576,hybrid,fixed,decaps,764447
577,hybrid,fixed,decaps,758403
578,hybrid,fixed,decaps,778684
579,hybrid,fixed,decaps,758975
580,hybrid,fixed,decaps,790333
581,hybrid,fixed,decaps,787941
582,hybrid,fixed,decaps,781587
583,hybrid,fixed,decaps,781392
584,hybrid,fixed,decaps,781443
585,hybrid,fixed,decaps,781009
586,hybrid,fixed,decaps,787792
587,hybrid,fixed,decaps,797109
588,hybrid,fixed,decaps,736780
589,hybrid,fixed,decaps,781012
590,hybrid,fixed,decaps,764516
591,hybrid,fixed,decaps,802135
592,hybrid,fixed,decaps,758485
593,hybrid,fixed,decaps,794035
594,hybrid,fixed,decaps,804955
595,hybrid,fixed,decaps,782513
596,hybrid,fixed,decaps,787946
597,hybrid,fixed,decaps,781334
598,hybrid,fixed,decaps,780739
599,hybrid,fixed,decaps,785842
600,hybrid,fixed,decaps,773064
601,hybrid,fixed,decaps,758586
602,hybrid,fixed,decaps,765454
603,hybrid,fixed,decaps,758535
604,hybrid,fixed,decaps,779713
605,hybrid,fixed,decaps,779014
606,hybrid,fixed,decaps,805462
607,hybrid,fixed,decaps,802894
608,hybrid,fixed,decaps,781260
609,hybrid,fixed,decaps,780199
610,hybrid,fixed,decaps,780455
611,hybrid,fixed,decaps,791169
612,hybrid,fixed,decaps,799749
613,hybrid,fixed,decaps,778934
614,hybrid,fixed,decaps,758472
615,hybrid,fixed,decaps,758158
616,hybrid,fixed,decaps,758139
617,hybrid,fixed,decaps,807445
618,hybrid,fixed,decaps,808931
619,hybrid,fixed,decaps,780414
620,hybrid,fixed,decaps,811300
621,hybrid,fixed,decaps,755263
622,hybrid,fixed,decaps,798626
623,hybrid,fixed,decaps,786705
624,hybrid,fixed,decaps,835832
625,hybrid,fixed,decaps,800461
626,hybrid,fixed,decaps,782164
627,hybrid,fixed,decaps,833306
628,hybrid,fixed,decaps,765430
629,hybrid,fixed,decaps,776686
630,hybrid,fixed,decaps,758214
631,hybrid,fixed,decaps,757086
632,hybrid,fixed,decaps,766226
633,hybrid,fixed,decaps,758975
634,hybrid,fixed,decaps,758199
635,hybrid,fixed,decaps,810877
636,hybrid,fixed,decaps,803599
637,hybrid,fixed,decaps,808079
638,hybrid,fixed,decaps,757913
639,hybrid,fixed,decaps,758698
640,hybrid,fixed,decaps,758061
641,hybrid,fixed,decaps,794363
642,hybrid,fixed,decaps,818597
643,hybrid,fixed,decaps,781370
644,hybrid,fixed,decaps,781245
645,hybrid,fixed,decaps,791161
646,hybrid,fixed,decaps,795277
647,hybrid,fixed,decaps,789274
648,hybrid,fixed,decaps,782552
649,hybrid,fixed,decaps,761400
650,hybrid,fixed,decaps,776185
651,hybrid,fixed,decaps,779653
652,hybrid,fixed,decaps,759193
653,hybrid,fixed,decaps,775870
654,hybrid,fixed,decaps,822186
655,hybrid,fixed,decaps,813971
656,hybrid,fixed,decaps,781655
657,hybrid,fixed,decaps,788212
658,hybrid,fixed,decaps,772719
659,hybrid,fixed,decaps,777862
660,hybrid,fixed,decaps,758590
661,hybrid,fixed,decaps,794333
662,hybrid,fixed,decaps,806299
663,hybrid,fixed,decaps,804990
664,hybrid,fixed,decaps,788902
665,hybrid,fixed,decaps,768300
666,hybrid,fixed,decaps,759013
667,hybrid,fixed,decaps,758670
668,hybrid,fixed,decaps,766962
669,hybrid,fixed,decaps,759053
670,hybrid,fixed,decaps,776213
671,hybrid,fixed,decaps,835400
672,hybrid,fixed,decaps,797698
673,hybrid,fixed,decaps,789034
674,hybrid,fixed,decaps,782090
675,hybrid,fixed,decaps,850802
676,hybrid,fixed,decaps,751096
677,hybrid,fixed,decaps,817799
678,hybrid,fixed,decaps,768551
679,hybrid,fixed,decaps,758479
680,hybrid,fixed,decaps,780013
681,hybrid,fixed,decaps,759272
682,hybrid,fixed,decaps,758177
683,hybrid,fixed,decaps,764323
684,hybrid,fixed,decaps,776630
685,hybrid,fixed,decaps,805354
686,hybrid,fixed,decaps,796941
687,hybrid,fixed,decaps,771707
688,hybrid,fixed,decaps,798646
689,hybrid,fixed,decaps,758974
690,hybrid,fixed,decaps,757953
691,hybrid,fixed,decaps,758591
692,hybrid,fixed,decaps,757701
693,hybrid,fixed,decaps,776545
694,hybrid,fixed,decaps,812254
695,hybrid,fixed,decaps,816327
696,hybrid,fixed,decaps,782395
697,hybrid,fixed,decaps,813506
698,hybrid,fixed,decaps,776977
699,hybrid,fixed,decaps,767738
700,hybrid,fixed,decaps,757881
701,hybrid,fixed,decaps,809685
702,hybrid,fixed,decaps,814545
703,hybrid,fixed,decaps,788515
704,hybrid,fixed,decaps,771650
705,hybrid,fixed,decaps,779323
706,hybrid,fixed,decaps,778308
707,hybrid,fixed,decaps,759077
708,hybrid,fixed,decaps,757984
709,hybrid,fixed,decaps,819299
710,hybrid,fixed,decaps,805235
711,hybrid,fixed,decaps,781389
712,hybrid,fixed,decaps,764095
713,hybrid,fixed,decaps,758200
714,hybrid,fixed,decaps,762498
715,hybrid,fixed,decaps,757516
716,hybrid,fixed,decaps,757514
717,hybrid,fixed,decaps,757211
718,hybrid,fixed,decaps,757378
719,hybrid,fixed,decaps,762008
720,hybrid,fixed,decaps,778961
721,hybrid,fixed,decaps,805026
722,hybrid,fixed,decaps,795568
723,hybrid,fixed,decaps,806786
724,hybrid,fixed,decaps,808579
725,hybrid,fixed,decaps,762506
726,hybrid,fixed,decaps,758621
727,hybrid,fixed,decaps,778131
728,hybrid,fixed,decaps,758583
729,hybrid,fixed,decaps,764623
730,hybrid,fixed,decaps,758606
731,hybrid,fixed,decaps,758697
732,hybrid,fixed,decaps,828492
733,hybrid,fixed,decaps,809272
734,hybrid,fixed,decaps,785449
735,hybrid,fixed,decaps,780929
736,hybrid,fixed,decaps,780712
737,hybrid,fixed,decaps,773147
738,hybrid,fixed,decaps,767540
739,hybrid,fixed,decaps,757748
740,hybrid,fixed,decaps,765070
741,hybrid,fixed,decaps,757840
742,hybrid,fixed,decaps,787512
743,hybrid,fixed,decaps,814897
744,hybrid,fixed,decaps,781319
745,hybrid,fixed,decaps,764720
746,hybrid,fixed,decaps,772285
747,hybrid,fixed,decaps,758740
748,hybrid,fixed,decaps,758129
749,hybrid,fixed,decaps,781122
750,hybrid,fixed,decaps,766717
751,hybrid,fixed,decaps,758746
752,hybrid,fixed,decaps,758692
753,hybrid,fixed,decaps,777810
754,hybrid,fixed,decaps,807250
755,hybrid,fixed,decaps,812139
756,hybrid,fixed,decaps,789883
757,hybrid,fixed,decaps,741340
758,hybrid,fixed,decaps,835173
759,hybrid,fixed,decaps,762293
760,hybrid,fixed,decaps,793483
761,hybrid,fixed,decaps,759717
762,hybrid,fixed,decaps,758052
763,hybrid,fixed,decaps,812343
764,hybrid,fixed,decaps,805062
765,hybrid,fixed,decaps,808366
766,hybrid,fixed,decaps,764843
767,hybrid,fixed,decaps,758543
768,hybrid,fixed,decaps,757932
769,hybrid,fixed,decaps,758009
770,hybrid,fixed,decaps,757887
771,hybrid,fixed,decaps,765307
772,hybrid,fixed,decaps,758484
773,hybrid,fixed,decaps,757902
774,hybrid,fixed,decaps,778815
775,hybrid,fixed,decaps,839590
776,hybrid,fixed,decaps,818214
777,hybrid,fixed,decaps,781865
778,hybrid,fixed,decaps,781161
779,hybrid,fixed,decaps,802282
780,hybrid,fixed,decaps,782230
781,hybrid,fixed,decaps,779006
782,hybrid,fixed,decaps,773906
783,hybrid,fixed,decaps,759002
784,hybrid,fixed,decaps,794379
785,hybrid,fixed,decaps,806488
786,hybrid,fixed,decaps,806812
787,hybrid,fixed,decaps,781557
788,hybrid,fixed,decaps,781248
789,hybrid,fixed,decaps,785658
790,hybrid,fixed,decaps,750438
791,hybrid,fixed,decaps,796493
792,hybrid,fixed,decaps,771344
793,hybrid,fixed,decaps,771844
794,hybrid,fixed,decaps,779298
795,hybrid,fixed,decaps,759803
796,hybrid,fixed,decaps,765707
797,hybrid,fixed,decaps,778642
798,hybrid,fixed,decaps,758701
799,hybrid,fixed,decaps,817912
800,hybrid,fixed,decaps,826384
801,hybrid,fixed,decaps,790165
802,hybrid,fixed,decaps,781654
803,hybrid,fixed,decaps,781388
804,hybrid,fixed,decaps,781366
805,hybrid,fixed,decaps,783524
806,hybrid,fixed,decaps,803420
807,hybrid,fixed,decaps,758473
808,hybrid,fixed,decaps,758234
809,hybrid,fixed,decaps,777265
810,hybrid,fixed,decaps,758854
811,hybrid,fixed,decaps,793939
812,hybrid,fixed,decaps,805843
813,hybrid,fixed,decaps,805245
814,hybrid,fixed,decaps,799034
815,hybrid,fixed,decaps,785729
816,hybrid,fixed,decaps,764006
817,hybrid,fixed,decaps,758271
818,hybrid,fixed,decaps,750756
819,hybrid,fixed,decaps,775347
820,hybrid,fixed,decaps,757607
821,hybrid,fixed,decaps,757809
822,hybrid,fixed,decaps,763711
823,hybrid,fixed,decaps,758054
824,hybrid,fixed,decaps,757902
825,hybrid,fixed,decaps,757811
826,hybrid,fixed,decaps,783993
827,hybrid,fixed,decaps,769553
828,hybrid,fixed,decaps,781293
829,hybrid,fixed,decaps,781389
830,hybrid,fixed,decaps,780992
831,hybrid,fixed,decaps,799441
832,hybrid,fixed,decaps,789053
833,hybrid,fixed,decaps,780910
834,hybrid,fixed,decaps,796219
835,hybrid,fixed,decaps,759938
836,hybrid,fixed,decaps,780853
837,hybrid,fixed,decaps,763475
838,hybrid,fixed,decaps,758090
839,hybrid,fixed,decaps,757595
840,hybrid,fixed,decaps,790721
841,hybrid,fixed,decaps,780488
842,hybrid,fixed,decaps,786140
843,hybrid,fixed,decaps,797170
844,hybrid,fixed,decaps,736594
845,hybrid,fixed,decaps,801761
846,hybrid,fixed,decaps,761158
847,hybrid,fixed,decaps,781661
848,hybrid,fixed,decaps,781175
849,hybrid,fixed,decaps,780476
850,hybrid,fixed,decaps,780460
851,hybrid,fixed,decaps,784972
852,hybrid,fixed,decaps,800727
853,hybrid,fixed,decaps,772351
854,hybrid,fixed,decaps,791397
855,hybrid,fixed,decaps,781187
856,hybrid,fixed,decaps,781063
857,hybrid,fixed,decaps,803116
858,hybrid,fixed,decaps,798483
859,hybrid,fixed,decaps,781559
860,hybrid,fixed,decaps,781466
861,hybrid,fixed,decaps,803213
862,hybrid,fixed,decaps,782456
863,hybrid,fixed,decaps,789512
864,hybrid,fixed,decaps,781925
865,hybrid,fixed,decaps,783463
866,hybrid,fixed,decaps,764929
867,hybrid,fixed,decaps,757377
868,hybrid,fixed,decaps,761291
869,hybrid,fixed,decaps,757634
870,hybrid,fixed,decaps,757314
871,hybrid,fixed,decaps,757455
872,hybrid,fixed,decaps,757345
873,hybrid,fixed,decaps,759992
874,hybrid,fixed,decaps,775128
875,hybrid,fixed,decaps,781024
876,hybrid,fixed,decaps,781288
877,hybrid,fixed,decaps,780936
878,hybrid,fixed,decaps,828025
879,hybrid,fixed,decaps,766233
880,hybrid,fixed,decaps,757946
881,hybrid,fixed,decaps,757592
882,hybrid,fixed,decaps,757439
883,hybrid,fixed,decaps,784642
884,hybrid,fixed,decaps,759517
885,hybrid,fixed,decaps,792462
886,hybrid,fixed,decaps,780700
887,hybrid,fixed,decaps,803445
888,hybrid,fixed,decaps,828832
889,hybrid,fixed,decaps,737266
890,hybrid,fixed,decaps,789369
891,hybrid,fixed,decaps,758009
892,hybrid,fixed,decaps,776449
893,hybrid,fixed,decaps,780598
894,hybrid,fixed,decaps,785865
895,hybrid,fixed,decaps,781270
896,hybrid,fixed,decaps,781265
897,hybrid,fixed,decaps,793103
898,hybrid,fixed,decaps,736160
899,hybrid,fixed,decaps,801751
900,hybrid,fixed,decaps,757857
901,hybrid,fixed,decaps,757851
902,hybrid,fixed,decaps,757627
903,hybrid,fixed,decaps,783482
904,hybrid,fixed,decaps,765595
905,hybrid,fixed,decaps,779745
906,hybrid,fixed,decaps,781342
907,hybrid,fixed,decaps,781329
908,hybrid,fixed,decaps,788880
909,hybrid,fixed,decaps,801762
910,hybrid,fixed,decaps,781989
911,hybrid,fixed,decaps,780844
912,hybrid,fixed,decaps,780982
913,hybrid,fixed,decaps,797851
914,hybrid,fixed,decaps,803445
915,hybrid,fixed,decaps,758258
916,hybrid,fixed,decaps,757460
917,hybrid,fixed,decaps,757123
918,hybrid,fixed,decaps,789091
919,hybrid,fixed,decaps,765910
920,hybrid,fixed,decaps,758621
921,hybrid,fixed,decaps,757805
922,hybrid,fixed,decaps,786894
923,hybrid,fixed,decaps,780251
924,hybrid,fixed,decaps,780083
925,hybrid,fixed,decaps,787859
926,hybrid,fixed,decaps,781479
927,hybrid,fixed,decaps,781193
928,hybrid,fixed,decaps,789124
929,hybrid,fixed,decaps,806963
930,hybrid,fixed,decaps,780638
931,hybrid,fixed,decaps,758961
932,hybrid,fixed,decaps,774066
933,hybrid,fixed,decaps,759610
934,hybrid,fixed,decaps,777917
935,hybrid,fixed,decaps,987460
936,hybrid,fixed,decaps,812691
937,hybrid,fixed,decaps,762355
938,hybrid,fixed,decaps,760318
939,hybrid,fixed,decaps,784439
940,hybrid,fixed,decaps,815816
941,hybrid,fixed,decaps,782112
942,hybrid,fixed,decaps,780793
943,hybrid,fixed,decaps,780936
944,hybrid,fixed,decaps,780783
945,hybrid,fixed,decaps,788297
946,hybrid,fixed,decaps,781551
947,hybrid,fixed,decaps,780315
948,hybrid,fixed,decaps,816647
949,hybrid,fixed,decaps,737142
950,hybrid,fixed,decaps,808561
951,hybrid,fixed,decaps,757966
952,hybrid,fixed,decaps,757392
953,hybrid,fixed,decaps,757755
954,hybrid,fixed,decaps,768139
955,hybrid,fixed,decaps,778000
956,hybrid,fixed,decaps,759092
957,hybrid,fixed,decaps,757894
958,hybrid,fixed,decaps,758162
959,hybrid,fixed,decaps,785612
960,hybrid,fixed,decaps,831466
961,hybrid,fixed,decaps,793685
962,hybrid,fixed,decaps,736760
963,hybrid,fixed,decaps,776281
964,hybrid,fixed,decaps,758065
965,hybrid,fixed,decaps,785687
966,hybrid,fixed,decaps,759268
967,hybrid,fixed,decaps,793150
968,hybrid,fixed,decaps,780752
969,hybrid,fixed,decaps,780680
970,hybrid,fixed,decaps,784487
971,hybrid,fixed,decaps,781668
972,hybrid,fixed,decaps,780767
973,hybrid,fixed,decaps,781031
974,hybrid,fixed,decaps,786621
975,hybrid,fixed,decaps,766019
976,hybrid,fixed,decaps,761370
977,hybrid,fixed,decaps,758283
978,hybrid,fixed,decaps,757739
979,hybrid,fixed,decaps,757668
980,hybrid,fixed,decaps,757700
981,hybrid,fixed,decaps,806213
982,hybrid,fixed,decaps,758699
983,hybrid,fixed,decaps,757369
984,hybrid,fixed,decaps,757590
985,hybrid,fixed,decaps,757398
986,hybrid,fixed,decaps,822950
987,hybrid,fixed,decaps,782496
988,hybrid,fixed,decaps,780817
989,hybrid,fixed,decaps,780584
990,hybrid,fixed,decaps,780885
991,hybrid,fixed,decaps,807816
992,hybrid,fixed,decaps,781788
993,hybrid,fixed,decaps,780498
994,hybrid,fixed,decaps,780605
995,hybrid,fixed,decaps,771165
996,hybrid,fixed,decaps,772149
997,hybrid,fixed,decaps,757742
998,hybrid,fixed,decaps,757009
999,hybrid,fixed,decaps,757245
1000,hybrid,fixed,decaps,757298
1001,hybrid,fixed,decaps,757427
1002,hybrid,fixed,decaps,760994
1003,hybrid,fixed,decaps,757482
1004,hybrid,fixed,decaps,757555
1005,hybrid,fixed,decaps,775544
1006,hybrid,fixed,decaps,781196
1007,hybrid,fixed,decaps,807916
1008,hybrid,fixed,decaps,782200
1009,hybrid,fixed,decaps,781192
1010,hybrid,fixed,decaps,780657
1011,hybrid,fixed,decaps,800637
1012,hybrid,fixed,decaps,787040
1013,hybrid,fixed,decaps,774061
1014,hybrid,fixed,decaps,761497
1015,hybrid,fixed,decaps,758304
1016,hybrid,fixed,decaps,825399
1017,hybrid,fixed,decaps,863421
1018,hybrid,fixed,decaps,805724
1019,hybrid,fixed,decaps,785294
1020,hybrid,fixed,decaps,740508
1021,hybrid,fixed,decaps,776407
1022,hybrid,fixed,decaps,769306
1023,hybrid,fixed,decaps,758038
1024,hybrid,fixed,decaps,757420
1025,hybrid,fixed,decaps,757054
1026,hybrid,fixed,decaps,757205
1027,hybrid,fixed,decaps,796673
1028,hybrid,fixed,decaps,813552
1029,hybrid,fixed,decaps,784396
1030,hybrid,fixed,decaps,753132
1031,hybrid,fixed,decaps,800078
1032,hybrid,fixed,decaps,764656
1033,hybrid,fixed,decaps,757587
1034,hybrid,fixed,decaps,757093
1035,hybrid,fixed,decaps,757193
1036,hybrid,fixed,decaps,757339
1037,hybrid,fixed,decaps,794832
1038,hybrid,fixed,decaps,813247
1039,hybrid,fixed,decaps,797709
1040,hybrid,fixed,decaps,780755
1041,hybrid,fixed,decaps,780586
1042,hybrid,fixed,decaps,787678
1043,hybrid,fixed,decaps,801941
1044,hybrid,fixed,decaps,781281
1045,hybrid,fixed,decaps,780586
1046,hybrid,fixed,decaps,789004
1047,hybrid,fixed,decaps,752433
1048,hybrid,fixed,decaps,798930
1049,hybrid,fixed,decaps,758487
1050,hybrid,fixed,decaps,758115
1051,hybrid,fixed,decaps,757976
1052,hybrid,fixed,decaps,757984
1053,hybrid,fixed,decaps,813935
1054,hybrid,fixed,decaps,806049
1055,hybrid,fixed,decaps,780371
1056,hybrid,fixed,decaps,785257
1057,hybrid,fixed,decaps,778310
1058,hybrid,fixed,decaps,798262
1059,hybrid,fixed,decaps,791029
1060,hybrid,fixed,decaps,759097
1061,hybrid,fixed,decaps,758013
1062,hybrid,fixed,decaps,762341
1063,hybrid,fixed,decaps,784323
1064,hybrid,fixed,decaps,758986
1065,hybrid,fixed,decaps,758184
1066,hybrid,fixed,decaps,758135
1067,hybrid,fixed,decaps,801148
1068,hybrid,fixed,decaps,835788
1069,hybrid,fixed,decaps,784499
1070,hybrid,fixed,decaps,780774
1071,hybrid,fixed,decaps,759789
1072,hybrid,fixed,decaps,772804
1073,hybrid,fixed,decaps,763799
1074,hybrid,fixed,decaps,757688
1075,hybrid,fixed,decaps,757509
1076,hybrid,fixed,decaps,804740
1077,hybrid,fixed,decaps,807249
1078,hybrid,fixed,decaps,814591
1079,hybrid,fixed,decaps,736777
1080,hybrid,fixed,decaps,792895
1081,hybrid,fixed,decaps,772037
1082,hybrid,fixed,decaps,758884
1083,hybrid,fixed,decaps,789008
1084,hybrid,fixed,decaps,778919
1085,hybrid,fixed,decaps,758035
1086,hybrid,fixed,decaps,757515
1087,hybrid,fixed,decaps,776004
1088,hybrid,fixed,decaps,821842
1089,hybrid,fixed,decaps,804038
1090,hybrid,fixed,decaps,781043
1091,hybrid,fixed,decaps,783775
1092,hybrid,fixed,decaps,763225
1093,hybrid,fixed,decaps,758154
1094,hybrid,fixed,decaps,817230
1095,hybrid,fixed,decaps,759171
1096,hybrid,fixed,decaps,780875
1097,hybrid,fixed,decaps,805133
1098,hybrid,fixed,decaps,794205
1099,hybrid,fixed,decaps,786680
1100,hybrid,fixed,decaps,781059
1101,hybrid,fixed,decaps,790683
1102,hybrid,fixed,decaps,736250
1103,hybrid,fixed,decaps,736328
1104,hybrid,fixed,decaps,792352
1105,hybrid,fixed,decaps,777029
1106,hybrid,fixed,decaps,780510
1107,hybrid,fixed,decaps,780227
1108,hybrid,fixed,decaps,779899
1109,hybrid,fixed,decaps,808274
1110,hybrid,fixed,decaps,782000
1111,hybrid,fixed,decaps,780635
1112,hybrid,fixed,decaps,763021
1113,hybrid,fixed,decaps,774991
1114,hybrid,fixed,decaps,800221
1115,hybrid,fixed,decaps,759066
1116,hybrid,fixed,decaps,758043
1117,hybrid,fixed,decaps,757819
1118,hybrid,fixed,decaps,778683
1119,hybrid,fixed,decaps,780946
1120,hybrid,fixed,decaps,851080
1121,hybrid,fixed,decaps,781282
1122,hybrid,fixed,decaps,779990
1123,hybrid,fixed,decaps,783854
1124,hybrid,fixed,decaps,773809
1125,hybrid,fixed,decaps,777133
1126,hybrid,fixed,decaps,757506
1127,hybrid,fixed,decaps,757474
1128,hybrid,fixed,decaps,757689
1129,hybrid,fixed,decaps,757101
1130,hybrid,fixed,decaps,791355
1131,hybrid,fixed,decaps,759914
1132,hybrid,fixed,decaps,757926
1133,hybrid,fixed,decaps,758116
1134,hybrid,fixed,decaps,816639
1135,hybrid,fixed,decaps,789441
1136,hybrid,fixed,decaps,781543
1137,hybrid,fixed,decaps,780789
1138,hybrid,fixed,decaps,780998
1139,hybrid,fixed,decaps,762488
1140,hybrid,fixed,decaps,814805
1141,hybrid,fixed,decaps,759027
1142,hybrid,fixed,decaps,757654
1143,hybrid,fixed,decaps,792892
1144,hybrid,fixed,decaps,780759
1145,hybrid,fixed,decaps,786741
1146,hybrid,fixed,decaps,801220
1147,hybrid,fixed,decaps,781378
1148,hybrid,fixed,decaps,760765
1149,hybrid,fixed,decaps,774302
1150,hybrid,fixed,decaps,763861
1151,hybrid,fixed,decaps,757731
1152,hybrid,fixed,decaps,757836
1153,hybrid,fixed,decaps,757803
1154,hybrid,fixed,decaps,757615
1155,hybrid,fixed,decaps,757536
1156,hybrid,fixed,decaps,762408
1157,hybrid,fixed,decaps,786757
1158,hybrid,fixed,decaps,780680
1159,hybrid,fixed,decaps,780280
1160,hybrid,fixed,decaps,804326
1161,hybrid,fixed,decaps,787939
1162,hybrid,fixed,decaps,772617
1163,hybrid,fixed,decaps,770032
1164,hybrid,fixed,decaps,757327
1165,hybrid,fixed,decaps,757376
1166,hybrid,fixed,decaps,800199
1167,hybrid,fixed,decaps,758882
1168,hybrid,fixed,decaps,758059
1169,hybrid,fixed,decaps,757736
1170,hybrid,fixed,decaps,789653
1171,hybrid,fixed,decaps,787708
1172,hybrid,fixed,decaps,810189
1173,hybrid,fixed,decaps,752115
1174,hybrid,fixed,decaps,773775
1175,hybrid,fixed,decaps,782547
1176,hybrid,fixed,decaps,765332
1177,hybrid,fixed,decaps,758363
1178,hybrid,fixed,decaps,758027
1179,hybrid,fixed,decaps,758225
1180,hybrid,fixed,decaps,758247
1181,hybrid,fixed,decaps,758155
1182,hybrid,fixed,decaps,758913
1183,hybrid,fixed,decaps,790673
1184,hybrid,fixed,decaps,783637
1185,hybrid,fixed,decaps,780868
1186,hybrid,fixed,decaps,786417
1187,hybrid,fixed,decaps,836797
1188,hybrid,fixed,decaps,783329
1189,hybrid,fixed,decaps,775764
1190,hybrid,fixed,decaps,767076
1191,hybrid,fixed,decaps,758992
1192,hybrid,fixed,decaps,814553
1193,hybrid,fixed,decaps,759380
1194,hybrid,fixed,decaps,764752
1195,hybrid,fixed,decaps,758999
1196,hybrid,fixed,decaps,757991
1197,hybrid,fixed,decaps,764342
1198,hybrid,fixed,decaps,810961
1199,hybrid,fixed,decaps,761921
1200,hybrid,fixed,decaps,758344
1201,hybrid,fixed,decaps,758327
1202,hybrid,fixed,decaps,790871
1203,hybrid,fixed,decaps,782359
1204,hybrid,fixed,decaps,781917
1205,hybrid,fixed,decaps,781222
1206,hybrid,fixed,decaps,781094
1207,hybrid,fixed,decaps,784094
1208,hybrid,fixed,decaps,781551
1209,hybrid,fixed,decaps,781238
1210,hybrid,fixed,decaps,781624
1211,hybrid,fixed,decaps,772558
1212,hybrid,fixed,decaps,790719
1213,hybrid,fixed,decaps,770076
1214,hybrid,fixed,decaps,758472
1215,hybrid,fixed,decaps,789281
1216,hybrid,fixed,decaps,781147
1217,hybrid,fixed,decaps,787615
1218,hybrid,fixed,decaps,801583
1219,hybrid,fixed,decaps,782111
1220,hybrid,fixed,decaps,780954
1221,hybrid,fixed,decaps,781192
1222,hybrid,fixed,decaps,780849
1223,hybrid,fixed,decaps,785358
1224,hybrid,fixed,decaps,781093
1225,hybrid,fixed,decaps,781201
1226,hybrid,fixed,decaps,780914
1227,hybrid,fixed,decaps,781113
1228,hybrid,fixed,decaps,794292
1229,hybrid,fixed,decaps,781492
1230,hybrid,fixed,decaps,781276
1231,hybrid,fixed,decaps,791742
1232,hybrid,fixed,decaps,736430
1233,hybrid,fixed,decaps,781717
1234,hybrid,fixed,decaps,758310
1235,hybrid,fixed,decaps,757776
1236,hybrid,fixed,decaps,757815
1237,hybrid,fixed,decaps,817320
1238,hybrid,fixed,decaps,831634
1239,hybrid,fixed,decaps,779812
1240,hybrid,fixed,decaps,762869
1241,hybrid,fixed,decaps,758114
1242,hybrid,fixed,decaps,758075
1243,hybrid,fixed,decaps,763834
1244,hybrid,fixed,decaps,804375
1245,hybrid,fixed,decaps,820550
1246,hybrid,fixed,decaps,780697
1247,hybrid,fixed,decaps,780828
1248,hybrid,fixed,decaps,786896
1249,hybrid,fixed,decaps,781160
1250,hybrid,fixed,decaps,780868
1251,hybrid,fixed,decaps,780867
1252,hybrid,fixed,decaps,768981
1253,hybrid,fixed,decaps,773164
1254,hybrid,fixed,decaps,758045
1255,hybrid,fixed,decaps,758193
1256,hybrid,fixed,decaps,757875
1257,hybrid,fixed,decaps,757614
1258,hybrid,fixed,decaps,757466
1259,hybrid,fixed,decaps,760673
1260,hybrid,fixed,decaps,807598
1261,hybrid,fixed,decaps,805213
1262,hybrid,fixed,decaps,786633
1263,hybrid,fixed,decaps,740486
1264,hybrid,fixed,decaps,802190
1265,hybrid,fixed,decaps,759816
1266,hybrid,fixed,decaps,758295
1267,hybrid,fixed,decaps,774278
1268,hybrid,fixed,decaps,805386
1269,hybrid,fixed,decaps,804740
1270,hybrid,fixed,decaps,801421
1271,hybrid,fixed,decaps,783953
1272,hybrid,fixed,decaps,757040
1273,hybrid,fixed,decaps,757508
1274,hybrid,fixed,decaps,808559
1275,hybrid,fixed,decaps,790795
1276,hybrid,fixed,decaps,763686
1277,hybrid,fixed,decaps,757682
1278,hybrid,fixed,decaps,757090
1279,hybrid,fixed,decaps,760391
1280,hybrid,fixed,decaps,757484
1281,hybrid,fixed,decaps,757656
1282,hybrid,fixed,decaps,757535
1283,hybrid,fixed,decaps,757253
1284,hybrid,fixed,decaps,761051
1285,hybrid,fixed,decaps,757921
1286,hybrid,fixed,decaps,757499
1287,hybrid,fixed,decaps,802981
1288,hybrid,fixed,decaps,807518
1289,hybrid,fixed,decaps,794841
1290,hybrid,fixed,decaps,736486
1291,hybrid,fixed,decaps,805047
1292,hybrid,fixed,decaps,800490
1293,hybrid,fixed,decaps,818286
1294,hybrid,fixed,decaps,781467
1295,hybrid,fixed,decaps,789089
1296,hybrid,fixed,decaps,800808
1297,hybrid,fixed,decaps,782037
1298,hybrid,fixed,decaps,787117
1299,hybrid,fixed,decaps,762511
1300,hybrid,fixed,decaps,762827
1301,hybrid,fixed,decaps,758108
1302,hybrid,fixed,decaps,790562
1303,hybrid,fixed,decaps,814372
1304,hybrid,fixed,decaps,784851
1305,hybrid,fixed,decaps,757530
1306,hybrid,fixed,decaps,772073
1307,hybrid,fixed,decaps,757329
1308,hybrid,fixed,decaps,757460
1309,hybrid,fixed,decaps,816902
1310,hybrid,fixed,decaps,803572
1311,hybrid,fixed,decaps,781192
1312,hybrid,fixed,decaps,790075
1313,hybrid,fixed,decaps,736121
1314,hybrid,fixed,decaps,780826
1315,hybrid,fixed,decaps,784956
1316,hybrid,fixed,decaps,776198
1317,hybrid,fixed,decaps,762981
1318,hybrid,fixed,decaps,758317
1319,hybrid,fixed,decaps,758286
1320,hybrid,fixed,decaps,764214
1321,hybrid,fixed,decaps,776437
1322,hybrid,fixed,decaps,827141
1323,hybrid,fixed,decaps,797784
1324,hybrid,fixed,decaps,771192
1325,hybrid,fixed,decaps,790791
1326,hybrid,fixed,decaps,775455
1327,hybrid,fixed,decaps,806117
1328,hybrid,fixed,decaps,797818
1329,hybrid,fixed,decaps,773732
1330,hybrid,fixed,decaps,786351
1331,hybrid,fixed,decaps,758724
1332,hybrid,fixed,decaps,758304
1333,hybrid,fixed,decaps,758184
1334,hybrid,fixed,decaps,758398
1335,hybrid,fixed,decaps,758369
1336,hybrid,fixed,decaps,764954
1337,hybrid,fixed,decaps,779975
1338,hybrid,fixed,decaps,759364
1339,hybrid,fixed,decaps,758288
1340,hybrid,fixed,decaps,758624
1341,hybrid,fixed,decaps,813392
1342,hybrid,fixed,decaps,812929
1343,hybrid,fixed,decaps,794994
1344,hybrid,fixed,decaps,782012
1345,hybrid,fixed,decaps,780972
1346,hybrid,fixed,decaps,792585
1347,hybrid,fixed,decaps,770130
1348,hybrid,fixed,decaps,779149
1349,hybrid,fixed,decaps,759062
1350,hybrid,fixed,decaps,757994
1351,hybrid,fixed,decaps,806087
1352,hybrid,fixed,decaps,809804
1353,hybrid,fixed,decaps,781108
1354,hybrid,fixed,decaps,780900
1355,hybrid,fixed,decaps,781100
1356,hybrid,fixed,decaps,805126
1357,hybrid,fixed,decaps,768667
1358,hybrid,fixed,decaps,758100
1359,hybrid,fixed,decaps,757899
1360,hybrid,fixed,decaps,757860
1361,hybrid,fixed,decaps,762906
1362,hybrid,fixed,decaps,772097
1363,hybrid,fixed,decaps,806155
1364,hybrid,fixed,decaps,799606
1365,hybrid,fixed,decaps,780997
1366,hybrid,fixed,decaps,786751
1367,hybrid,fixed,decaps,781852
1368,hybrid,fixed,decaps,804428
1369,hybrid,fixed,decaps,767130
1370,hybrid,fixed,decaps,765384
1371,hybrid,fixed,decaps,758320
1372,hybrid,fixed,decaps,764157
1373,hybrid,fixed,decaps,764642
1374,hybrid,fixed,decaps,819779
1375,hybrid,fixed,decaps,811773
1376,hybrid,fixed,decaps,781484
1377,hybrid,fixed,decaps,784784
1378,hybrid,fixed,decaps,765349
1379,hybrid,fixed,decaps,772943
1380,hybrid,fixed,decaps,758312
1381,hybrid,fixed,decaps,758214
1382,hybrid,fixed,decaps,760986
1383,hybrid,fixed,decaps,758289
1384,hybrid,fixed,decaps,758330
1385,hybrid,fixed,decaps,758211
1386,hybrid,fixed,decaps,758312
1387,hybrid,fixed,decaps,802768
1388,hybrid,fixed,decaps,810813
1389,hybrid,fixed,decaps,781334
1390,hybrid,fixed,decaps,781180
1391,hybrid,fixed,decaps,781082
1392,hybrid,fixed,decaps,787264
1393,hybrid,fixed,decaps,768195
1394,hybrid,fixed,decaps,784783
1395,hybrid,fixed,decaps,759582
1396,hybrid,fixed,decaps,758785
1397,hybrid,fixed,decaps,766629
1398,hybrid,fixed,decaps,758881
1399,hybrid,fixed,decaps,764876
1400,hybrid,fixed,decaps,771757
1401,hybrid,fixed,decaps,758998
1402,hybrid,fixed,decaps,766004
1403,hybrid,fixed,decaps,778810
1404,hybrid,fixed,decaps,759231
1405,hybrid,fixed,decaps,758538
1406,hybrid,fixed,decaps,782398
1407,hybrid,fixed,decaps,805940
1408,hybrid,fixed,decaps,800168
1409,hybrid,fixed,decaps,781478
1410,hybrid,fixed,decaps,781265
1411,hybrid,fixed,decaps,781264
1412,hybrid,fixed,decaps,781370
1413,hybrid,fixed,decaps,779015
1414,hybrid,fixed,decaps,737006
1415,hybrid,fixed,decaps,766762
1416,hybrid,fixed,decaps,758451
1417,hybrid,fixed,decaps,757940
1418,hybrid,fixed,decaps,765448
1419,hybrid,fixed,decaps,758329
1420,hybrid,fixed,decaps,780582
1421,hybrid,fixed,decaps,759673
1422,hybrid,fixed,decaps,758031
1423,hybrid,fixed,decaps,786578
1424,hybrid,fixed,decaps,780786
1425,hybrid,fixed,decaps,780746
1426,hybrid,fixed,decaps,800384
1427,hybrid,fixed,decaps,781771
1428,hybrid,fixed,decaps,786616
1429,hybrid,fixed,decaps,785407
1430,hybrid,fixed,decaps,750349
1431,hybrid,fixed,decaps,804246
1432,hybrid,fixed,decaps,758989
1433,hybrid,fixed,decaps,799138
1434,hybrid,fixed,decaps,760540
1435,hybrid,fixed,decaps,758394
1436,hybrid,fixed,decaps,758322
1437,hybrid,fixed,decaps,758342
1438,hybrid,fixed,decaps,758349
1439,hybrid,fixed,decaps,764687
1440,hybrid,fixed,decaps,758663
1441,hybrid,fixed,decaps,758113
1442,hybrid,fixed,decaps,758118
1443,hybrid,fixed,decaps,772955
1444,hybrid,fixed,decaps,812141
1445,hybrid,fixed,decaps,806062
1446,hybrid,fixed,decaps,836774
1447,hybrid,fixed,decaps,799286
1448,hybrid,fixed,decaps,758632
1449,hybrid,fixed,decaps,784359
1450,hybrid,fixed,decaps,778082
1451,hybrid,fixed,decaps,759945
1452,hybrid,fixed,decaps,758283
1453,hybrid,fixed,decaps,758151
1454,hybrid,fixed,decaps,762205
1455,hybrid,fixed,decaps,782414
1456,hybrid,fixed,decaps,805315
1457,hybrid,fixed,decaps,794742
1458,hybrid,fixed,decaps,781365
1459,hybrid,fixed,decaps,794074
1460,hybrid,fixed,decaps,812072
1461,hybrid,fixed,decaps,761725
1462,hybrid,fixed,decaps,758858
1463,hybrid,fixed,decaps,757615
1464,hybrid,fixed,decaps,765585
1465,hybrid,fixed,decaps,758606
1466,hybrid,fixed,decaps,757930
1467,hybrid,fixed,decaps,758171
1468,hybrid,fixed,decaps,757927
1469,hybrid,fixed,decaps,757916
1470,hybrid,fixed,decaps,763552
1471,hybrid,fixed,decaps,758165
1472,hybrid,fixed,decaps,789010
1473,hybrid,fixed,decaps,760272
1474,hybrid,fixed,decaps,757862
1475,hybrid,fixed,decaps,815719
1476,hybrid,fixed,decaps,815544
1477,hybrid,fixed,decaps,795014
1478,hybrid,fixed,decaps,798131
1479,hybrid,fixed,decaps,758316
1480,hybrid,fixed,decaps,784446
1481,hybrid,fixed,decaps,758863
1482,hybrid,fixed,decaps,757906
1483,hybrid,fixed,decaps,757922
1484,hybrid,fixed,decaps,757957
1485,hybrid,fixed,decaps,763162
1486,hybrid,fixed,decaps,758204
1487,hybrid,fixed,decaps,826362
1488,hybrid,fixed,decaps,759760
1489,hybrid,fixed,decaps,804631
1490,hybrid,fixed,decaps,814139
1491,hybrid,fixed,decaps,781904
1492,hybrid,fixed,decaps,784964
1493,hybrid,fixed,decaps,773585
1494,hybrid,fixed,decaps,762717
1495,hybrid,fixed,decaps,762632
1496,hybrid,fixed,decaps,757930
1497,hybrid,fixed,decaps,758237
1498,hybrid,fixed,decaps,781470
1499,hybrid,fixed,decaps,793588
1500,hybrid,fixed,decaps,821617
1501,hybrid,fixed,decaps,781918
1502,hybrid,fixed,decaps,799280
1503,hybrid,fixed,decaps,763797
1504,hybrid,fixed,decaps,757942
1505,hybrid,fixed,decaps,757923
1506,hybrid,fixed,decaps,761781
1507,hybrid,fixed,decaps,805084
1508,hybrid,fixed,decaps,806958
1509,hybrid,fixed,decaps,781073
1510,hybrid,fixed,decaps,784615
1511,hybrid,fixed,decaps,775835
1512,hybrid,fixed,decaps,757980
1513,hybrid,fixed,decaps,764524
1514,hybrid,fixed,decaps,740369
1515,hybrid,fixed,decaps,776431
1516,hybrid,fixed,decaps,761776
1517,hybrid,fixed,decaps,758127
1518,hybrid,fixed,decaps,758072
1519,hybrid,fixed,decaps,757977
1520,hybrid,fixed,decaps,787799
1521,hybrid,fixed,decaps,783842
1522,hybrid,fixed,decaps,781166
1523,hybrid,fixed,decaps,781034
1524,hybrid,fixed,decaps,804541
1525,hybrid,fixed,decaps,782298
1526,hybrid,fixed,decaps,819249
1527,hybrid,fixed,decaps,736687
1528,hybrid,fixed,decaps,762090
1529,hybrid,fixed,decaps,789895
1530,hybrid,fixed,decaps,770453
1531,hybrid,fixed,decaps,784150
1532,hybrid,fixed,decaps,781506
1533,hybrid,fixed,decaps,773333
1534,hybrid,fixed,decaps,758125
1535,hybrid,fixed,decaps,760774
1536,hybrid,fixed,decaps,757984
1537,hybrid,fixed,decaps,761379
1538,hybrid,fixed,decaps,757845
1539,hybrid,fixed,decaps,757844
1540,hybrid,fixed,decaps,757917
1541,hybrid,fixed,decaps,758007
1542,hybrid,fixed,decaps,792165
1543,hybrid,fixed,decaps,781232
1544,hybrid,fixed,decaps,780972
1545,hybrid,fixed,decaps,781066
1546,hybrid,fixed,decaps,792782
1547,hybrid,fixed,decaps,799501
1548,hybrid,fixed,decaps,769753
1549,hybrid,fixed,decaps,758617
1550,hybrid,fixed,decaps,781906
1551,hybrid,fixed,decaps,758548
1552,hybrid,fixed,decaps,765479
1553,hybrid,fixed,decaps,776300
1554,hybrid,fixed,decaps,798625
1555,hybrid,fixed,decaps,782281
1556,hybrid,fixed,decaps,780890
1557,hybrid,fixed,decaps,810363
1558,hybrid,fixed,decaps,765720
1559,hybrid,fixed,decaps,758272
1560,hybrid,fixed,decaps,757740
1561,hybrid,fixed,decaps,758104
1562,hybrid,fixed,decaps,769621
1563,hybrid,fixed,decaps,787113
1564,hybrid,fixed,decaps,794435
1565,hybrid,fixed,decaps,780802
1566,hybrid,fixed,decaps,783005
1567,hybrid,fixed,decaps,780442
1568,hybrid,fixed,decaps,788987
1569,hybrid,fixed,decaps,781420
1570,hybrid,fixed,decaps,780959
1571,hybrid,fixed,decaps,806001
1572,hybrid,fixed,decaps,737359
1573,hybrid,fixed,decaps,741968
1574,hybrid,fixed,decaps,773901
1575,hybrid,fixed,decaps,780768
1576,hybrid,fixed,decaps,818128
1577,hybrid,fixed,decaps,760157
1578,hybrid,fixed,decaps,764014
1579,hybrid,fixed,decaps,758884
1580,hybrid,fixed,decaps,779570
1581,hybrid,fixed,decaps,759223
1582,hybrid,fixed,decaps,795404
1583,hybrid,fixed,decaps,789226
1584,hybrid,fixed,decaps,781780
1585,hybrid,fixed,decaps,780782
1586,hybrid,fixed,decaps,781561
1587,hybrid,fixed,decaps,763631
1588,hybrid,fixed,decaps,774276
1589,hybrid,fixed,decaps,758227
1590,hybrid,fixed,decaps,758409
1591,hybrid,fixed,decaps,758191
1592,hybrid,fixed,decaps,758474
1593,hybrid,fixed,decaps,762511
1594,hybrid,fixed,decaps,758014
1595,hybrid,fixed,decaps,758013
1596,hybrid,fixed,decaps,757714
1597,hybrid,fixed,decaps,777975
1598,hybrid,fixed,decaps,780316
1599,hybrid,fixed,decaps,806011
1600,hybrid,fixed,decaps,780822
1601,hybrid,fixed,decaps,780780
1602,hybrid,fixed,decaps,806936
1603,hybrid,fixed,decaps,785444
1604,hybrid,fixed,decaps,792412
1605,hybrid,fixed,decaps,837916
1606,hybrid,fixed,decaps,809702
1607,hybrid,fixed,decaps,821600
1608,hybrid,fixed,decaps,743576
1609,hybrid,fixed,decaps,794219
1610,hybrid,fixed,decaps,758931
1611,hybrid,fixed,decaps,758314
1612,hybrid,fixed,decaps,758510
1613,hybrid,fixed,decaps,757941
1614,hybrid,fixed,decaps,811774
1615,hybrid,fixed,decaps,800127
1616,hybrid,fixed,decaps,782199
1617,hybrid,fixed,decaps,781110
1618,hybrid,fixed,decaps,781067
1619,hybrid,fixed,decaps,813485
1620,hybrid,fixed,decaps,782728
1621,hybrid,fixed,decaps,789031
1622,hybrid,fixed,decaps,737014
1623,hybrid,fixed,decaps,783144
1624,hybrid,fixed,decaps,1116000
1625,hybrid,fixed,decaps,768178
1626,hybrid,fixed,decaps,778699
1627,hybrid,fixed,decaps,761719
1628,hybrid,fixed,decaps,783255
1629,hybrid,fixed,decaps,767036
1630,hybrid,fixed,decaps,785003
1631,hybrid,fixed,decaps,809765
1632,hybrid,fixed,decaps,759552
1633,hybrid,fixed,decaps,759309
1634,hybrid,fixed,decaps,764427
1635,hybrid,fixed,decaps,758830
1636,hybrid,fixed,decaps,763474
1637,hybrid,fixed,decaps,758322
1638,hybrid,fixed,decaps,790666
1639,hybrid,fixed,decaps,793108
1640,hybrid,fixed,decaps,781741
1641,hybrid,fixed,decaps,780754
1642,hybrid,fixed,decaps,781661
1643,hybrid,fixed,decaps,766208
1644,hybrid,fixed,decaps,806586
1645,hybrid,fixed,decaps,759006
1646,hybrid,fixed,decaps,757911
1647,hybrid,fixed,decaps,758056
1648,hybrid,fixed,decaps,758468
1649,hybrid,fixed,decaps,761495
1650,hybrid,fixed,decaps,758086
1651,hybrid,fixed,decaps,757720
1652,hybrid,fixed,decaps,783265
1653,hybrid,fixed,decaps,780583
1654,hybrid,fixed,decaps,810659
1655,hybrid,fixed,decaps,788745
1656,hybrid,fixed,decaps,781635
1657,hybrid,fixed,decaps,802430
1658,hybrid,fixed,decaps,788248
1659,hybrid,fixed,decaps,759132
1660,hybrid,fixed,decaps,793664
1661,hybrid,fixed,decaps,758104
1662,hybrid,fixed,decaps,758488
1663,hybrid,fixed,decaps,758199
1664,hybrid,fixed,decaps,758859
1665,hybrid,fixed,decaps,795750
1666,hybrid,fixed,decaps,781575
1667,hybrid,fixed,decaps,781724
1668,hybrid,fixed,decaps,781500
1669,hybrid,fixed,decaps,781325
1670,hybrid,fixed,decaps,787748
1671,hybrid,fixed,decaps,783319
1672,hybrid,fixed,decaps,763621
1673,hybrid,fixed,decaps,758534
1674,hybrid,fixed,decaps,788158
1675,hybrid,fixed,decaps,787163
1676,hybrid,fixed,decaps,781874
1677,hybrid,fixed,decaps,780973
1678,hybrid,fixed,decaps,758479
1679,hybrid,fixed,decaps,776855
1680,hybrid,fixed,decaps,803679
1681,hybrid,fixed,decaps,760164
1682,hybrid,fixed,decaps,758227
1683,hybrid,fixed,decaps,771456
1684,hybrid,fixed,decaps,767842
1685,hybrid,fixed,decaps,765094
1686,hybrid,fixed,decaps,768792
1687,hybrid,fixed,decaps,758670
1688,hybrid,fixed,decaps,783955
1689,hybrid,fixed,decaps,781334
1690,hybrid,fixed,decaps,819966
1691,hybrid,fixed,decaps,816048
1692,hybrid,fixed,decaps,780696
1693,hybrid,fixed,decaps,758668
1694,hybrid,fixed,decaps,758114
1695,hybrid,fixed,decaps,758182
1696,hybrid,fixed,decaps,799121
1697,hybrid,fixed,decaps,781359
1698,hybrid,fixed,decaps,781465
1699,hybrid,fixed,decaps,812986
1700,hybrid,fixed,decaps,737548
1701,hybrid,fixed,decaps,800455
1702,hybrid,fixed,decaps,758393
1703,hybrid,fixed,decaps,758311
1704,hybrid,fixed,decaps,758167
1705,hybrid,fixed,decaps,758131
1706,hybrid,fixed,decaps,847942
1707,hybrid,fixed,decaps,782246
1708,hybrid,fixed,decaps,780405
1709,hybrid,fixed,decaps,804073
1710,hybrid,fixed,decaps,781997
1711,hybrid,fixed,decaps,783422
1712,hybrid,fixed,decaps,763861
1713,hybrid,fixed,decaps,758259
1714,hybrid,fixed,decaps,794306
1715,hybrid,fixed,decaps,781369
1716,hybrid,fixed,decaps,784909
1717,hybrid,fixed,decaps,793325
1718,hybrid,fixed,decaps,743000
1719,hybrid,fixed,decaps,782018
1720,hybrid,fixed,decaps,758437
1721,hybrid,fixed,decaps,832687
1722,hybrid,fixed,decaps,764478
1723,hybrid,fixed,decaps,759444
1724,hybrid,fixed,decaps,795354
1725,hybrid,fixed,decaps,761449
1726,hybrid,fixed,decaps,794688
1727,hybrid,fixed,decaps,781993
1728,hybrid,fixed,decaps,780995
1729,hybrid,fixed,decaps,780882
1730,hybrid,fixed,decaps,782247
1731,hybrid,fixed,decaps,800775
1732,hybrid,fixed,decaps,768255
1733,hybrid,fixed,decaps,791172
1734,hybrid,fixed,decaps,781255
1735,hybrid,fixed,decaps,801766
1736,hybrid,fixed,decaps,788681
1737,hybrid,fixed,decaps,771795
1738,hybrid,fixed,decaps,779004
1739,hybrid,fixed,decaps,758241
1740,hybrid,fixed,decaps,758386
1741,hybrid,fixed,decaps,758062
1742,hybrid,fixed,decaps,762956
1743,hybrid,fixed,decaps,757641
1744,hybrid,fixed,decaps,757581
1745,hybrid,fixed,decaps,757641
1746,hybrid,fixed,decaps,757575
1747,hybrid,fixed,decaps,764078
1748,hybrid,fixed,decaps,758097
1749,hybrid,fixed,decaps,758028
1750,hybrid,fixed,decaps,793140
1751,hybrid,fixed,decaps,781145
1752,hybrid,fixed,decaps,786692
1753,hybrid,fixed,decaps,781363
1754,hybrid,fixed,decaps,781409
1755,hybrid,fixed,decaps,781273
1756,hybrid,fixed,decaps,781449
1757,hybrid,fixed,decaps,847933
1758,hybrid,fixed,decaps,762025
1759,hybrid,fixed,decaps,758394
1760,hybrid,fixed,decaps,757718
1761,hybrid,fixed,decaps,781847
1762,hybrid,fixed,decaps,758767
1763,hybrid,fixed,decaps,762377
1764,hybrid,fixed,decaps,788984
1765,hybrid,fixed,decaps,780741
1766,hybrid,fixed,decaps,781215
1767,hybrid,fixed,decaps,781585
1768,hybrid,fixed,decaps,783771
1769,hybrid,fixed,decaps,780973
1770,hybrid,fixed,decaps,780928
1771,hybrid,fixed,decaps,780891
1772,hybrid,fixed,decaps,781028
1773,hybrid,fixed,decaps,784005
1774,hybrid,fixed,decaps,781097
1775,hybrid,fixed,decaps,786377
1776,hybrid,fixed,decaps,743088
1777,hybrid,fixed,decaps,769783
1778,hybrid,fixed,decaps,761304
1779,hybrid,fixed,decaps,757614
1780,hybrid,fixed,decaps,774271
1781,hybrid,fixed,decaps,805354
1782,hybrid,fixed,decaps,797462
1783,hybrid,fixed,decaps,825113
1784,hybrid,fixed,decaps,770753
1785,hybrid,fixed,decaps,758350
1786,hybrid,fixed,decaps,758123
1787,hybrid,fixed,decaps,826257
1788,hybrid,fixed,decaps,823152
1789,hybrid,fixed,decaps,768940
1790,hybrid,fixed,decaps,758515
1791,hybrid,fixed,decaps,758464
1792,hybrid,fixed,decaps,995289
1793,hybrid,fixed,decaps,765628
1794,hybrid,fixed,decaps,785506
1795,hybrid,fixed,decaps,818000
1796,hybrid,fixed,decaps,781516
1797,hybrid,fixed,decaps,764805
1798,hybrid,fixed,decaps,777208
1799,hybrid,fixed,decaps,782214
1800,hybrid,fixed,decaps,805111
1801,hybrid,fixed,decaps,794249
1802,hybrid,fixed,decaps,766197
1803,hybrid,fixed,decaps,825126
1804,hybrid,fixed,decaps,759343
1805,hybrid,fixed,decaps,758143
1806,hybrid,fixed,decaps,757808
1807,hybrid,fixed,decaps,757905
1808,hybrid,fixed,decaps,788086
1809,hybrid,fixed,decaps,759518
1810,hybrid,fixed,decaps,758139
1811,hybrid,fixed,decaps,757778
1812,hybrid,fixed,decaps,758022
1813,hybrid,fixed,decaps,778663
1814,hybrid,fixed,decaps,767176
1815,hybrid,fixed,decaps,758053
1816,hybrid,fixed,decaps,788530
1817,hybrid,fixed,decaps,815228
1818,hybrid,fixed,decaps,781076
1819,hybrid,fixed,decaps,784349
1820,hybrid,fixed,decaps,783055
1821,hybrid,fixed,decaps,791682
1822,hybrid,fixed,decaps,759331
1823,hybrid,fixed,decaps,770032
1824,hybrid,fixed,decaps,777382
1825,hybrid,fixed,decaps,768372
1826,hybrid,fixed,decaps,768831
1827,hybrid,fixed,decaps,792440
1828,hybrid,fixed,decaps,760820
1829,hybrid,fixed,decaps,815134
1830,hybrid,fixed,decaps,811471
1831,hybrid,fixed,decaps,788485
1832,hybrid,fixed,decaps,811592
1833,hybrid,fixed,decaps,809029
1834,hybrid,fixed,decaps,853103
1835,hybrid,fixed,decaps,781841
1836,hybrid,fixed,decaps,853300
1837,hybrid,fixed,decaps,811302
1838,hybrid,fixed,decaps,831075
1839,hybrid,fixed,decaps,811454
1840,hybrid,fixed,decaps,781665
1841,hybrid,fixed,decaps,780746
1842,hybrid,fixed,decaps,780395
1843,hybrid,fixed,decaps,780514
1844,hybrid,fixed,decaps,794091
1845,hybrid,fixed,decaps,783429
1846,hybrid,fixed,decaps,780310
1847,hybrid,fixed,decaps,784907
1848,hybrid,fixed,decaps,785301
1849,hybrid,fixed,decaps,838817
1850,hybrid,fixed,decaps,760195
1851,hybrid,fixed,decaps,757609
1852,hybrid,fixed,decaps,757565
1853,hybrid,fixed,decaps,757432
1854,hybrid,fixed,decaps,1126066
1855,hybrid,fixed,decaps,797560
1856,hybrid,fixed,decaps,759835
1857,hybrid,fixed,decaps,763045
1858,hybrid,fixed,decaps,758422
1859,hybrid,fixed,decaps,795169
1860,hybrid,fixed,decaps,760868
1861,hybrid,fixed,decaps,781566
1862,hybrid,fixed,decaps,805390
1863,hybrid,fixed,decaps,818474
1864,hybrid,fixed,decaps,790641
1865,hybrid,fixed,decaps,781766
1866,hybrid,fixed,decaps,790303
1867,hybrid,fixed,decaps,736990
1868,hybrid,fixed,decaps,779218
1869,hybrid,fixed,decaps,770829
1870,hybrid,fixed,decaps,789878
1871,hybrid,fixed,decaps,817872
1872,hybrid,fixed,decaps,780861
1873,hybrid,fixed,decaps,765755
1874,hybrid,fixed,decaps,796898
1875,hybrid,fixed,decaps,758623
1876,hybrid,fixed,decaps,757774
1877,hybrid,fixed,decaps,758007
1878,hybrid,fixed,decaps,800788
1879,hybrid,fixed,decaps,817786
1880,hybrid,fixed,decaps,781823
1881,hybrid,fixed,decaps,781132
1882,hybrid,fixed,decaps,781064
1883,hybrid,fixed,decaps,774855
1884,hybrid,fixed,decaps,789043
1885,hybrid,fixed,decaps,783115
1886,hybrid,fixed,decaps,819408
1887,hybrid,fixed,decaps,800973
1888,hybrid,fixed,decaps,775777
1889,hybrid,fixed,decaps,830793
1890,hybrid,fixed,decaps,773965
1891,hybrid,fixed,decaps,758140
1892,hybrid,fixed,decaps,806019
1893,hybrid,fixed,decaps,808003
1894,hybrid,fixed,decaps,832049
1895,hybrid,fixed,decaps,743969
1896,hybrid,fixed,decaps,779541
1897,hybrid,fixed,decaps,758106
1898,hybrid,fixed,decaps,788663
1899,hybrid,fixed,decaps,816297
1900,hybrid,fixed,decaps,790528
1901,hybrid,fixed,decaps,762573
1902,hybrid,fixed,decaps,774511
1903,hybrid,fixed,decaps,758646
1904,hybrid,fixed,decaps,758488
1905,hybrid,fixed,decaps,763553
1906,hybrid,fixed,decaps,757752
1907,hybrid,fixed,decaps,783326
1908,hybrid,fixed,decaps,817725
1909,hybrid,fixed,decaps,781280
1910,hybrid,fixed,decaps,791774
1911,hybrid,fixed,decaps,801097
1912,hybrid,fixed,decaps,788309
1913,hybrid,fixed,decaps,816978
1914,hybrid,fixed,decaps,781341
1915,hybrid,fixed,decaps,801045
1916,hybrid,fixed,decaps,775478
1917,hybrid,fixed,decaps,757849
1918,hybrid,fixed,decaps,757513
1919,hybrid,fixed,decaps,757833
1920,hybrid,fixed,decaps,765806
1921,hybrid,fixed,decaps,758999
1922,hybrid,fixed,decaps,758125
1923,hybrid,fixed,decaps,758035
1924,hybrid,fixed,decaps,758144
1925,hybrid,fixed,decaps,812017
1926,hybrid,fixed,decaps,816584
1927,hybrid,fixed,decaps,780778
1928,hybrid,fixed,decaps,761070
1929,hybrid,fixed,decaps,771311
1930,hybrid,fixed,decaps,794118
1931,hybrid,fixed,decaps,819048
1932,hybrid,fixed,decaps,781068
1933,hybrid,fixed,decaps,781079
1934,hybrid,fixed,decaps,780886
1935,hybrid,fixed,decaps,814484
1936,hybrid,fixed,decaps,737043
1937,hybrid,fixed,decaps,805023
1938,hybrid,fixed,decaps,759203
1939,hybrid,fixed,decaps,758198
1940,hybrid,fixed,decaps,758273
1941,hybrid,fixed,decaps,782221
1942,hybrid,fixed,decaps,809652
1943,hybrid,fixed,decaps,809264
1944,hybrid,fixed,decaps,780795
1945,hybrid,fixed,decaps,780844
1946,hybrid,fixed,decaps,806973
1947,hybrid,fixed,decaps,768434
1948,hybrid,fixed,decaps,771419
1949,hybrid,fixed,decaps,758647
1950,hybrid,fixed,decaps,758776
1951,hybrid,fixed,decaps,765263
1952,hybrid,fixed,decaps,796525
1953,hybrid,fixed,decaps,811552
1954,hybrid,fixed,decaps,798716
1955,hybrid,fixed,decaps,757989
1956,hybrid,fixed,decaps,798743
1957,hybrid,fixed,decaps,759161
1958,hybrid,fixed,decaps,758454
1959,hybrid,fixed,decaps,758434
1960,hybrid,fixed,decaps,758769
1961,hybrid,fixed,decaps,871725
1962,hybrid,fixed,decaps,812762
1963,hybrid,fixed,decaps,781305
1964,hybrid,fixed,decaps,780602
1965,hybrid,fixed,decaps,780295
1966,hybrid,fixed,decaps,849529
1967,hybrid,fixed,decaps,769446
1968,hybrid,fixed,decaps,758352
1969,hybrid,fixed,decaps,757964
1970,hybrid,fixed,decaps,757639
1971,hybrid,fixed,decaps,765315
1972,hybrid,fixed,decaps,758733
1973,hybrid,fixed,decaps,758073
1974,hybrid,fixed,decaps,758301
1975,hybrid,fixed,decaps,796200
1976,hybrid,fixed,decaps,817542
1977,hybrid,fixed,decaps,781692
1978,hybrid,fixed,decaps,801420
1979,hybrid,fixed,decaps,781906
1980,hybrid,fixed,decaps,781004
1981,hybrid,fixed,decaps,844560
1982,hybrid,fixed,decaps,763177
1983,hybrid,fixed,decaps,758823
1984,hybrid,fixed,decaps,758426
1985,hybrid,fixed,decaps,758428
1986,hybrid,fixed,decaps,758230
1987,hybrid,fixed,decaps,795015
1988,hybrid,fixed,decaps,760447
1989,hybrid,fixed,decaps,757884
1990,hybrid,fixed,decaps,778923
1991,hybrid,fixed,decaps,805128
1992,hybrid,fixed,decaps,827416
1993,hybrid,fixed,decaps,782277
1994,hybrid,fixed,decaps,782806
1995,hybrid,fixed,decaps,761001
1996,hybrid,fixed,decaps,757508
1997,hybrid,fixed,decaps,764822
1998,hybrid,fixed,decaps,758785
1999,hybrid,fixed,decaps,779895
2000,hybrid,fixed,decaps,805758
2001,hybrid,fixed,decaps,795623
2002,hybrid,fixed,decaps,787886
2003,hybrid,fixed,decaps,781197
2004,hybrid,fixed,decaps,793172
2005,hybrid,fixed,decaps,736167
2006,hybrid,fixed,decaps,736170
2007,hybrid,fixed,decaps,798295
2008,hybrid,fixed,decaps,774980
2009,hybrid,fixed,decaps,781006
2010,hybrid,fixed,decaps,781426
2011,hybrid,fixed,decaps,781153
2012,hybrid,fixed,decaps,788028
2013,hybrid,fixed,decaps,808331
2014,hybrid,fixed,decaps,782057
2015,hybrid,fixed,decaps,780831
2016,hybrid,fixed,decaps,781212
2017,hybrid,fixed,decaps,789372
2018,hybrid,fixed,decaps,819777
2019,hybrid,fixed,decaps,737592
2020,hybrid,fixed,decaps,771484
2021,hybrid,fixed,decaps,758262
2022,hybrid,fixed,decaps,757886
2023,hybrid,fixed,decaps,763626
2024,hybrid,fixed,decaps,758412
2025,hybrid,fixed,decaps,757966
2026,hybrid,fixed,decaps,758163
2027,hybrid,fixed,decaps,758148
2028,hybrid,fixed,decaps,794880
2029,hybrid,fixed,decaps,780996
2030,hybrid,fixed,decaps,797693
2031,hybrid,fixed,decaps,780713
2032,hybrid,fixed,decaps,780577
2033,hybrid,fixed,decaps,787116
2034,hybrid,fixed,decaps,781593
2035,hybrid,fixed,decaps,792661
2036,hybrid,fixed,decaps,736634
2037,hybrid,fixed,decaps,780754
2038,hybrid,fixed,decaps,763709
2039,hybrid,fixed,decaps,796949
2040,hybrid,fixed,decaps,758967
2041,hybrid,fixed,decaps,758334
2042,hybrid,fixed,decaps,805869
2043,hybrid,fixed,decaps,838919
2044,hybrid,fixed,decaps,803519
2045,hybrid,fixed,decaps,785314
2046,hybrid,fixed,decaps,753744
2047,hybrid,fixed,decaps,772287
2048,hybrid,fixed,decaps,776417
2049,hybrid,fixed,decaps,774578
2050,hybrid,fixed,decaps,805672
2051,hybrid,fixed,decaps,797380
2052,hybrid,fixed,decaps,789430
2053,hybrid,fixed,decaps,789159
2054,hybrid,fixed,decaps,797514
2055,hybrid,fixed,decaps,736902
2056,hybrid,fixed,decaps,777895
2057,hybrid,fixed,decaps,762312
2058,hybrid,fixed,decaps,759274
2059,hybrid,fixed,decaps,762667
2060,hybrid,fixed,decaps,758487
2061,hybrid,fixed,decaps,758286
2062,hybrid,fixed,decaps,781517
2063,hybrid,fixed,decaps,806466
2064,hybrid,fixed,decaps,825969
2065,hybrid,fixed,decaps,770649
2066,hybrid,fixed,decaps,772530
2067,hybrid,fixed,decaps,758625
2068,hybrid,fixed,decaps,758090
2069,hybrid,fixed,decaps,764914
2070,hybrid,fixed,decaps,791208
2071,hybrid,fixed,decaps,784025
2072,hybrid,fixed,decaps,817646
2073,hybrid,fixed,decaps,780638
2074,hybrid,fixed,decaps,784941
2075,hybrid,fixed,decaps,780929
2076,hybrid,fixed,decaps,792137
2077,hybrid,fixed,decaps,736706
2078,hybrid,fixed,decaps,780422
2079,hybrid,fixed,decaps,761770
2080,hybrid,fixed,decaps,758242
2081,hybrid,fixed,decaps,757981
2082,hybrid,fixed,decaps,758028
2083,hybrid,fixed,decaps,778444
2084,hybrid,fixed,decaps,765035
2085,hybrid,fixed,decaps,758575
2086,hybrid,fixed,decaps,758205
2087,hybrid,fixed,decaps,758033
2088,hybrid,fixed,decaps,793568
2089,hybrid,fixed,decaps,820004
2090,hybrid,fixed,decaps,808398
2091,hybrid,fixed,decaps,782393
2092,hybrid,fixed,decaps,781579
2093,hybrid,fixed,decaps,780922
2094,hybrid,fixed,decaps,829816
2095,hybrid,fixed,decaps,756015
2096,hybrid,fixed,decaps,782063
2097,hybrid,fixed,decaps,758692
2098,hybrid,fixed,decaps,758586
2099,hybrid,fixed,decaps,758637
2100,hybrid,fixed,decaps,763568
2101,hybrid,fixed,decaps,758428
2102,hybrid,fixed,decaps,758004
2103,hybrid,fixed,decaps,758107
2104,hybrid,fixed,decaps,758530
2105,hybrid,fixed,decaps,763649
2106,hybrid,fixed,decaps,758738
2107,hybrid,fixed,decaps,775262
2108,hybrid,fixed,decaps,805797
2109,hybrid,fixed,decaps,798307
2110,hybrid,fixed,decaps,785683
2111,hybrid,fixed,decaps,785394
2112,hybrid,fixed,decaps,740484
2113,hybrid,fixed,decaps,778350
2114,hybrid,fixed,decaps,758831
2115,hybrid,fixed,decaps,764366
2116,hybrid,fixed,decaps,987979
2117,hybrid,fixed,decaps,1135991
2118,hybrid,fixed,decaps,813555
2119,hybrid,fixed,decaps,781277
2120,hybrid,fixed,decaps,834841
2121,hybrid,fixed,decaps,782651
2122,hybrid,fixed,decaps,763134
2123,hybrid,fixed,decaps,758156
2124,hybrid,fixed,decaps,757852
2125,hybrid,fixed,decaps,761883
2126,hybrid,fixed,decaps,758394
2127,hybrid,fixed,decaps,759092
2128,hybrid,fixed,decaps,758150
2129,hybrid,fixed,decaps,758344
2130,hybrid,fixed,decaps,761013
2131,hybrid,fixed,decaps,757686
2132,hybrid,fixed,decaps,758421
2133,hybrid,fixed,decaps,757783
2134,hybrid,fixed,decaps,758140
2135,hybrid,fixed,decaps,761275
2136,hybrid,fixed,decaps,758029
2137,hybrid,fixed,decaps,757745
2138,hybrid,fixed,decaps,757762
2139,hybrid,fixed,decaps,758315
2140,hybrid,fixed,decaps,772757
2141,hybrid,fixed,decaps,807628
2142,hybrid,fixed,decaps,820900
2143,hybrid,fixed,decaps,781694
2144,hybrid,fixed,decaps,793662
2145,hybrid,fixed,decaps,778180
2146,hybrid,fixed,decaps,844259
2147,hybrid,fixed,decaps,760875
2148,hybrid,fixed,decaps,760214
2149,hybrid,fixed,decaps,861473
2150,hybrid,fixed,decaps,782831
2151,hybrid,fixed,decaps,818783
2152,hybrid,fixed,decaps,802589
2153,hybrid,fixed,decaps,788638
2154,hybrid,fixed,decaps,769263
2155,hybrid,fixed,decaps,764415
2156,hybrid,fixed,decaps,769774
2157,hybrid,fixed,decaps,808684
2158,hybrid,fixed,decaps,810078
2159,hybrid,fixed,decaps,790969
2160,hybrid,fixed,decaps,787202
2161,hybrid,fixed,decaps,824856
2162,hybrid,fixed,decaps,794070
2163,hybrid,fixed,decaps,792150
2164,hybrid,fixed,decaps,763790
2165,hybrid,fixed,decaps,761434
2166,hybrid,fixed,decaps,767254
2167,hybrid,fixed,decaps,819853
2168,hybrid,fixed,decaps,819487
2169,hybrid,fixed,decaps,782186
2170,hybrid,fixed,decaps,781617
2171,hybrid,fixed,decaps,829946
2172,hybrid,fixed,decaps,765544
2173,hybrid,fixed,decaps,758571
2174,hybrid,fixed,decaps,773910
2175,hybrid,fixed,decaps,805035
2176,hybrid,fixed,decaps,806345
2177,hybrid,fixed,decaps,781093
2178,hybrid,fixed,decaps,780672
2179,hybrid,fixed,decaps,780380
2180,hybrid,fixed,decaps,780372
2181,hybrid,fixed,decaps,788355
2182,hybrid,fixed,decaps,790219
2183,hybrid,fixed,decaps,763074
2184,hybrid,fixed,decaps,757987
2185,hybrid,fixed,decaps,758061
2186,hybrid,fixed,decaps,764408
2187,hybrid,fixed,decaps,758216
2188,hybrid,fixed,decaps,757735
2189,hybrid,fixed,decaps,759755
2190,hybrid,fixed,decaps,798647
2191,hybrid,fixed,decaps,815036
2192,hybrid,fixed,decaps,781463
2193,hybrid,fixed,decaps,809003
2194,hybrid,fixed,decaps,782552
2195,hybrid,fixed,decaps,780825
2196,hybrid,fixed,decaps,816748
2197,hybrid,fixed,decaps,783725
2198,hybrid,fixed,decaps,758944
2199,hybrid,fixed,decaps,758397
2200,hybrid,fixed,decaps,790311
2201,hybrid,fixed,decaps,834154
2202,hybrid,fixed,decaps,811970
2203,hybrid,fixed,decaps,773666
2204,hybrid,fixed,decaps,763387
2205,hybrid,fixed,decaps,758849
2206,hybrid,fixed,decaps,758190
2207,hybrid,fixed,decaps,766255
2208,hybrid,fixed,decaps,807456
2209,hybrid,fixed,decaps,805950
2210,hybrid,fixed,decaps,792416
2211,hybrid,fixed,decaps,786209
2212,hybrid,fixed,decaps,783423
2213,hybrid,fixed,decaps,758657
2214,hybrid,fixed,decaps,758177
2215,hybrid,fixed,decaps,758184
2216,hybrid,fixed,decaps,758047
2217,hybrid,fixed,decaps,763992
2218,hybrid,fixed,decaps,758419
2219,hybrid,fixed,decaps,783016
2220,hybrid,fixed,decaps,759786
2221,hybrid,fixed,decaps,812546
2222,hybrid,fixed,decaps,812143
2223,hybrid,fixed,decaps,802063
2224,hybrid,fixed,decaps,782164
2225,hybrid,fixed,decaps,781155
2226,hybrid,fixed,decaps,780776
2227,hybrid,fixed,decaps,785885
2228,hybrid,fixed,decaps,791980
2229,hybrid,fixed,decaps,758136
2230,hybrid,fixed,decaps,758032
2231,hybrid,fixed,decaps,762523
2232,hybrid,fixed,decaps,761146
2233,hybrid,fixed,decaps,757576
2234,hybrid,fixed,decaps,757439
2235,hybrid,fixed,decaps,807165
2236,hybrid,fixed,decaps,806238
2237,hybrid,fixed,decaps,786912
2238,hybrid,fixed,decaps,781317
2239,hybrid,fixed,decaps,780771
2240,hybrid,fixed,decaps,781005
2241,hybrid,fixed,decaps,788344
2242,hybrid,fixed,decaps,843828
2243,hybrid,fixed,decaps,786944
2244,hybrid,fixed,decaps,781656
2245,hybrid,fixed,decaps,815611
2246,hybrid,fixed,decaps,783650
2247,hybrid,fixed,decaps,789690
2248,hybrid,fixed,decaps,782013
2249,hybrid,fixed,decaps,807661
2250,hybrid,fixed,decaps,769355
2251,hybrid,fixed,decaps,736830
2252,hybrid,fixed,decaps,757585
2253,hybrid,fixed,decaps,763624
2254,hybrid,fixed,decaps,757943
2255,hybrid,fixed,decaps,779994
2256,hybrid,fixed,decaps,781045
2257,hybrid,fixed,decaps,780676
2258,hybrid,fixed,decaps,784115
2259,hybrid,fixed,decaps,781229
2260,hybrid,fixed,decaps,781099
2261,hybrid,fixed,decaps,780655
2262,hybrid,fixed,decaps,780808
2263,hybrid,fixed,decaps,784245
2264,hybrid,fixed,decaps,781628
2265,hybrid,fixed,decaps,764372
2266,hybrid,fixed,decaps,758524
2267,hybrid,fixed,decaps,758045
2268,hybrid,fixed,decaps,761927
2269,hybrid,fixed,decaps,784265
2270,hybrid,fixed,decaps,805322
2271,hybrid,fixed,decaps,822731
2272,hybrid,fixed,decaps,782161
2273,hybrid,fixed,decaps,786721
2274,hybrid,fixed,decaps,822006
2275,hybrid,fixed,decaps,793527
2276,hybrid,fixed,decaps,759065
2277,hybrid,fixed,decaps,758627
2278,hybrid,fixed,decaps,764560
2279,hybrid,fixed,decaps,758645
2280,hybrid,fixed,decaps,758119
2281,hybrid,fixed,decaps,757922
2282,hybrid,fixed,decaps,758238
2283,hybrid,fixed,decaps,757974
2284,hybrid,fixed,decaps,761348
2285,hybrid,fixed,decaps,758530
2286,hybrid,fixed,decaps,793833
2287,hybrid,fixed,decaps,812985
2288,hybrid,fixed,decaps,781252
2289,hybrid,fixed,decaps,783779
2290,hybrid,fixed,decaps,781373
2291,hybrid,fixed,decaps,780714
2292,hybrid,fixed,decaps,766402
2293,hybrid,fixed,decaps,758562
2294,hybrid,fixed,decaps,828268
2295,hybrid,fixed,decaps,804418
2296,hybrid,fixed,decaps,806831
2297,hybrid,fixed,decaps,835932
2298,hybrid,fixed,decaps,768848
2299,hybrid,fixed,decaps,801678
2300,hybrid,fixed,decaps,758318
2301,hybrid,fixed,decaps,785598
2302,hybrid,fixed,decaps,758835
2303,hybrid,fixed,decaps,758405
2304,hybrid,fixed,decaps,763732
2305,hybrid,fixed,decaps,790395
2306,hybrid,fixed,decaps,814992
2307,hybrid,fixed,decaps,780582
2308,hybrid,fixed,decaps,780686
2309,hybrid,fixed,decaps,784446
2310,hybrid,fixed,decaps,782310
2311,hybrid,fixed,decaps,798284
2312,hybrid,fixed,decaps,737175
2313,hybrid,fixed,decaps,779951
2314,hybrid,fixed,decaps,778065
2315,hybrid,fixed,decaps,759091
2316,hybrid,fixed,decaps,757905
2317,hybrid,fixed,decaps,757629
2318,hybrid,fixed,decaps,795902
2319,hybrid,fixed,decaps,819656
2320,hybrid,fixed,decaps,781330
2321,hybrid,fixed,decaps,780592
2322,hybrid,fixed,decaps,780472
2323,hybrid,fixed,decaps,802753
2324,hybrid,fixed,decaps,791767
2325,hybrid,fixed,decaps,758461
2326,hybrid,fixed,decaps,764821
2327,hybrid,fixed,decaps,779782
2328,hybrid,fixed,decaps,758734
2329,hybrid,fixed,decaps,775537
2330,hybrid,fixed,decaps,809657
2331,hybrid,fixed,decaps,812842
2332,hybrid,fixed,decaps,782085
2333,hybrid,fixed,decaps,781042
2334,hybrid,fixed,decaps,780627
2335,hybrid,fixed,decaps,788260
2336,hybrid,fixed,decaps,768078
2337,hybrid,fixed,decaps,765446
2338,hybrid,fixed,decaps,758370
2339,hybrid,fixed,decaps,777808
2340,hybrid,fixed,decaps,766310
2341,hybrid,fixed,decaps,758191
2342,hybrid,fixed,decaps,782713
2343,hybrid,fixed,decaps,818093
2344,hybrid,fixed,decaps,780778
2345,hybrid,fixed,decaps,824295
2346,hybrid,fixed,decaps,777019
2347,hybrid,fixed,decaps,758006
2348,hybrid,fixed,decaps,757769
2349,hybrid,fixed,decaps,854619
2350,hybrid,fixed,decaps,808378
2351,hybrid,fixed,decaps,780914
2352,hybrid,fixed,decaps,803591
2353,hybrid,fixed,decaps,786539
2354,hybrid,fixed,decaps,753660
2355,hybrid,fixed,decaps,740777
2356,hybrid,fixed,decaps,767224
2357,hybrid,fixed,decaps,758234
2358,hybrid,fixed,decaps,757956
2359,hybrid,fixed,decaps,757915
2360,hybrid,fixed,decaps,783398
2361,hybrid,fixed,decaps,780754
2362,hybrid,fixed,decaps,780490
2363,hybrid,fixed,decaps,780415
2364,hybrid,fixed,decaps,809516
2365,hybrid,fixed,decaps,790116
2366,hybrid,fixed,decaps,798618
2367,hybrid,fixed,decaps,737387
2368,hybrid,fixed,decaps,767746
2369,hybrid,fixed,decaps,758092
2370,hybrid,fixed,decaps,772453
2371,hybrid,fixed,decaps,786091
2372,hybrid,fixed,decaps,780862
2373,hybrid,fixed,decaps,781111
2374,hybrid,fixed,decaps,805481
2375,hybrid,fixed,decaps,781856
2376,hybrid,fixed,decaps,787666
2377,hybrid,fixed,decaps,781595
2378,hybrid,fixed,decaps,798284
2379,hybrid,fixed,decaps,767386
2380,hybrid,fixed,decaps,759309
2381,hybrid,fixed,decaps,763912
2382,hybrid,fixed,decaps,758205
2383,hybrid,fixed,decaps,777966
2384,hybrid,fixed,decaps,781477
2385,hybrid,fixed,decaps,781323
2386,hybrid,fixed,decaps,784176
2387,hybrid,fixed,decaps,781341
2388,hybrid,fixed,decaps,807107
2389,hybrid,fixed,decaps,785245
2390,hybrid,fixed,decaps,850346
2391,hybrid,fixed,decaps,791648
2392,hybrid,fixed,decaps,771383
2393,hybrid,fixed,decaps,800413
2394,hybrid,fixed,decaps,759465
2395,hybrid,fixed,decaps,757957
2396,hybrid,fixed,decaps,832703
2397,hybrid,fixed,decaps,759183
2398,hybrid,fixed,decaps,819407
2399,hybrid,fixed,decaps,792686
2400,hybrid,fixed,decaps,760912
2401,hybrid,fixed,decaps,766906
2402,hybrid,fixed,decaps,777093
2403,hybrid,fixed,decaps,781024
2404,hybrid,fixed,decaps,799660
2405,hybrid,fixed,decaps,781521
2406,hybrid,fixed,decaps,786699
2407,hybrid,fixed,decaps,781327
2408,hybrid,fixed,decaps,781221
2409,hybrid,fixed,decaps,780763
2410,hybrid,fixed,decaps,785884
2411,hybrid,fixed,decaps,750514
2412,hybrid,fixed,decaps,742759
2413,hybrid,fixed,decaps,811739
2414,hybrid,fixed,decaps,759641
2415,hybrid,fixed,decaps,757601
2416,hybrid,fixed,decaps,757689
2417,hybrid,fixed,decaps,764106
2418,hybrid,fixed,decaps,758353
2419,hybrid,fixed,decaps,781243
2420,hybrid,fixed,decaps,780595
2421,hybrid,fixed,decaps,780063
2422,hybrid,fixed,decaps,786484
2423,hybrid,fixed,decaps,781249
2424,hybrid,fixed,decaps,781042
2425,hybrid,fixed,decaps,780930
2426,hybrid,fixed,decaps,804392
2427,hybrid,fixed,decaps,788078
2428,hybrid,fixed,decaps,776094
2429,hybrid,fixed,decaps,763952
2430,hybrid,fixed,decaps,844411
2431,hybrid,fixed,decaps,760694
2432,hybrid,fixed,decaps,762716
2433,hybrid,fixed,decaps,781448
2434,hybrid,fixed,decaps,780270
2435,hybrid,fixed,decaps,780153
2436,hybrid,fixed,decaps,780380
2437,hybrid,fixed,decaps,776662
2438,hybrid,fixed,decaps,761657
2439,hybrid,fixed,decaps,758036
2440,hybrid,fixed,decaps,757921
2441,hybrid,fixed,decaps,757666
2442,hybrid,fixed,decaps,781817
2443,hybrid,fixed,decaps,780839
2444,hybrid,fixed,decaps,780909
2445,hybrid,fixed,decaps,780573
2446,hybrid,fixed,decaps,780463
2447,hybrid,fixed,decaps,784578
2448,hybrid,fixed,decaps,780908
2449,hybrid,fixed,decaps,780758
2450,hybrid,fixed,decaps,769357
2451,hybrid,fixed,decaps,769523
2452,hybrid,fixed,decaps,787511
2453,hybrid,fixed,decaps,768751
2454,hybrid,fixed,decaps,758586
2455,hybrid,fixed,decaps,757762
2456,hybrid,fixed,decaps,793909
2457,hybrid,fixed,decaps,781167
2458,hybrid,fixed,decaps,786430
2459,hybrid,fixed,decaps,801178
2460,hybrid,fixed,decaps,781043
2461,hybrid,fixed,decaps,780025
2462,hybrid,fixed,decaps,780184
2463,hybrid,fixed,decaps,780637
2464,hybrid,fixed,decaps,872987
2465,hybrid,fixed,decaps,761113
2466,hybrid,fixed,decaps,758420
2467,hybrid,fixed,decaps,782090
2468,hybrid,fixed,decaps,766307
2469,hybrid,fixed,decaps,757971
2470,hybrid,fixed,decaps,952419
2471,hybrid,fixed,decaps,913833
2472,hybrid,fixed,decaps,930017
2473,hybrid,fixed,decaps,910002
2474,hybrid,fixed,decaps,903537
2475,hybrid,fixed,decaps,904704
2476,hybrid,fixed,decaps,775948
2477,hybrid,fixed,decaps,777238
2478,hybrid,fixed,decaps,772180
2479,hybrid,fixed,decaps,758444
2480,hybrid,fixed,decaps,781549
2481,hybrid,fixed,decaps,788503
2482,hybrid,fixed,decaps,789922
2483,hybrid,fixed,decaps,758246
2484,hybrid,fixed,decaps,816444
2485,hybrid,fixed,decaps,761241
2486,hybrid,fixed,decaps,785463
2487,hybrid,fixed,decaps,788522
2488,hybrid,fixed,decaps,780913
2489,hybrid,fixed,decaps,790317
2490,hybrid,fixed,decaps,1172498
2491,hybrid,fixed,decaps,1322228
2492,hybrid,fixed,decaps,958285
2493,hybrid,fixed,decaps,804547
2494,hybrid,fixed,decaps,955378
2495,hybrid,fixed,decaps,787780
2496,hybrid,fixed,decaps,868032
2497,hybrid,fixed,decaps,794000
2498,hybrid,fixed,decaps,1001859
2499,hybrid,fixed,decaps,977787
2500,hybrid,fixed,decaps,848887
2501,hybrid,fixed,decaps,818436
2502,hybrid,fixed,decaps,783461
2503,hybrid,fixed,decaps,832137
2504,hybrid,fixed,decaps,902788
2505,hybrid,fixed,decaps,902022
2506,hybrid,fixed,decaps,784529
2507,hybrid,fixed,decaps,782128
2508,hybrid,fixed,decaps,786467
2509,hybrid,fixed,decaps,783106
2510,hybrid,fixed,decaps,796806
2511,hybrid,fixed,decaps,828170
2512,hybrid,fixed,decaps,786333
2513,hybrid,fixed,decaps,784177
2514,hybrid,fixed,decaps,859463
2515,hybrid,fixed,decaps,799765
2516,hybrid,fixed,decaps,785625
2517,hybrid,fixed,decaps,1030164
2518,hybrid,fixed,decaps,755007
2519,hybrid,fixed,decaps,805711
2520,hybrid,fixed,decaps,835795
2521,hybrid,fixed,decaps,797392
2522,hybrid,fixed,decaps,845490
2523,hybrid,fixed,decaps,791003
2524,hybrid,fixed,decaps,788773
2525,hybrid,fixed,decaps,903537
2526,hybrid,fixed,decaps,792255
2527,hybrid,fixed,decaps,787403
2528,hybrid,fixed,decaps,827080
2529,hybrid,fixed,decaps,855002
2530,hybrid,fixed,decaps,833578
2531,hybrid,fixed,decaps,807806
2532,hybrid,fixed,decaps,969658
2533,hybrid,fixed,decaps,849170
2534,hybrid,fixed,decaps,959368
2535,hybrid,fixed,decaps,788771
2536,hybrid,fixed,decaps,782247
2537,hybrid,fixed,decaps,781709
2538,hybrid,fixed,decaps,781075
2539,hybrid,fixed,decaps,821483
2540,hybrid,fixed,decaps,807898
2541,hybrid,fixed,decaps,781153
2542,hybrid,fixed,decaps,784941
2543,hybrid,fixed,decaps,773240
2544,hybrid,fixed,decaps,799087
2545,hybrid,fixed,decaps,815619
2546,hybrid,fixed,decaps,773174
2547,hybrid,fixed,decaps,761485
2548,hybrid,fixed,decaps,758548
2549,hybrid,fixed,decaps,847049
2550,hybrid,fixed,decaps,813269
2551,hybrid,fixed,decaps,875268
2552,hybrid,fixed,decaps,783698
2553,hybrid,fixed,decaps,807821
2554,hybrid,fixed,decaps,808498
2555,hybrid,fixed,decaps,764369
2556,hybrid,fixed,decaps,758659
2557,hybrid,fixed,decaps,757955
2558,hybrid,fixed,decaps,758007
2559,hybrid,fixed,decaps,770393
2560,hybrid,fixed,decaps,759129
2561,hybrid,fixed,decaps,758410
2562,hybrid,fixed,decaps,813694
2563,hybrid,fixed,decaps,803239
2564,hybrid,fixed,decaps,787189
2565,hybrid,fixed,decaps,781431
2566,hybrid,fixed,decaps,780978
2567,hybrid,fixed,decaps,780685
2568,hybrid,fixed,decaps,780872
2569,hybrid,fixed,decaps,789331
2570,hybrid,fixed,decaps,799378
2571,hybrid,fixed,decaps,758412
2572,hybrid,fixed,decaps,763235
2573,hybrid,fixed,decaps,758231
2574,hybrid,fixed,decaps,778195
2575,hybrid,fixed,decaps,842374
2576,hybrid,fixed,decaps,796790
2577,hybrid,fixed,decaps,781016
2578,hybrid,fixed,decaps,787929
2579,hybrid,fixed,decaps,847631
2580,hybrid,fixed,decaps,759943
2581,hybrid,fixed,decaps,763855
2582,hybrid,fixed,decaps,759101
2583,hybrid,fixed,decaps,758379
2584,hybrid,fixed,decaps,758172
2585,hybrid,fixed,decaps,763364
2586,hybrid,fixed,decaps,800725
2587,hybrid,fixed,decaps,809493
2588,hybrid,fixed,decaps,780515
2589,hybrid,fixed,decaps,780716
2590,hybrid,fixed,decaps,798841
2591,hybrid,fixed,decaps,758861
2592,hybrid,fixed,decaps,763216
2593,hybrid,fixed,decaps,784941
2594,hybrid,fixed,decaps,760782
2595,hybrid,fixed,decaps,840501
2596,hybrid,fixed,decaps,807368
2597,hybrid,fixed,decaps,789667
2598,hybrid,fixed,decaps,740755
2599,hybrid,fixed,decaps,770253
2600,hybrid,fixed,decaps,765303
2601,hybrid,fixed,decaps,816113
2602,hybrid,fixed,decaps,816456
2603,hybrid,fixed,decaps,781058
2604,hybrid,fixed,decaps,803078
2605,hybrid,fixed,decaps,796506
2606,hybrid,fixed,decaps,769622
2607,hybrid,fixed,decaps,758383
2608,hybrid,fixed,decaps,758014
2609,hybrid,fixed,decaps,757870
2610,hybrid,fixed,decaps,763536
2611,hybrid,fixed,decaps,758183
2612,hybrid,fixed,decaps,779212
2613,hybrid,fixed,decaps,759162
2614,hybrid,fixed,decaps,758186
2615,hybrid,fixed,decaps,763384
2616,hybrid,fixed,decaps,758197
2617,hybrid,fixed,decaps,814664
2618,hybrid,fixed,decaps,801918
2619,hybrid,fixed,decaps,780975
2620,hybrid,fixed,decaps,780936
2621,hybrid,fixed,decaps,787777
2622,hybrid,fixed,decaps,760464
2623,hybrid,fixed,decaps,774083
2624,hybrid,fixed,decaps,783411
2625,hybrid,fixed,decaps,818123
2626,hybrid,fixed,decaps,787773
2627,hybrid,fixed,decaps,805330
2628,hybrid,fixed,decaps,781951
2629,hybrid,fixed,decaps,788980
2630,hybrid,fixed,decaps,756746
2631,hybrid,fixed,decaps,807939
2632,hybrid,fixed,decaps,758026
2633,hybrid,fixed,decaps,757489
2634,hybrid,fixed,decaps,757748
2635,hybrid,fixed,decaps,781651
2636,hybrid,fixed,decaps,815822
2637,hybrid,fixed,decaps,805778
2638,hybrid,fixed,decaps,780843
2639,hybrid,fixed,decaps,796367
2640,hybrid,fixed,decaps,808734
2641,hybrid,fixed,decaps,807932
2642,hybrid,fixed,decaps,797393
2643,hybrid,fixed,decaps,851496
2644,hybrid,fixed,decaps,782672
2645,hybrid,fixed,decaps,810069
2646,hybrid,fixed,decaps,820174
2647,hybrid,fixed,decaps,775014
2648,hybrid,fixed,decaps,828934
2649,hybrid,fixed,decaps,759528
2650,hybrid,fixed,decaps,758149
2651,hybrid,fixed,decaps,847208
2652,hybrid,fixed,decaps,807155
2653,hybrid,fixed,decaps,781197
2654,hybrid,fixed,decaps,797103
2655,hybrid,fixed,decaps,736783
2656,hybrid,fixed,decaps,804835
2657,hybrid,fixed,decaps,759200
2658,hybrid,fixed,decaps,776974
2659,hybrid,fixed,decaps,805210
2660,hybrid,fixed,decaps,819313
2661,hybrid,fixed,decaps,799585
2662,hybrid,fixed,decaps,773052
2663,hybrid,fixed,decaps,757795
2664,hybrid,fixed,decaps,757884
2665,hybrid,fixed,decaps,757583
2666,hybrid,fixed,decaps,762725
2667,hybrid,fixed,decaps,758011
2668,hybrid,fixed,decaps,757538
2669,hybrid,fixed,decaps,757524
2670,hybrid,fixed,decaps,757728
2671,hybrid,fixed,decaps,762454
2672,hybrid,fixed,decaps,758260
2673,hybrid,fixed,decaps,832055
2674,hybrid,fixed,decaps,803521
2675,hybrid,fixed,decaps,780862
2676,hybrid,fixed,decaps,819524
2677,hybrid,fixed,decaps,800648
2678,hybrid,fixed,decaps,780197
2679,hybrid,fixed,decaps,789685
2680,hybrid,fixed,decaps,760011
2681,hybrid,fixed,decaps,777161
2682,hybrid,fixed,decaps,835513
2683,hybrid,fixed,decaps,797601
2684,hybrid,fixed,decaps,781048
2685,hybrid,fixed,decaps,780932
2686,hybrid,fixed,decaps,781014
2687,hybrid,fixed,decaps,784841
2688,hybrid,fixed,decaps,763245
2689,hybrid,fixed,decaps,773532
2690,hybrid,fixed,decaps,758053
2691,hybrid,fixed,decaps,757817
2692,hybrid,fixed,decaps,760849
2693,hybrid,fixed,decaps,758205
2694,hybrid,fixed,decaps,782083
2695,hybrid,fixed,decaps,805428
2696,hybrid,fixed,decaps,793982
2697,hybrid,fixed,decaps,801963
2698,hybrid,fixed,decaps,782100
2699,hybrid,fixed,decaps,781283
2700,hybrid,fixed,decaps,785155
2701,hybrid,fixed,decaps,753785
2702,hybrid,fixed,decaps,786754
2703,hybrid,fixed,decaps,784195
2704,hybrid,fixed,decaps,758930
2705,hybrid,fixed,decaps,779946
2706,hybrid,fixed,decaps,808927
2707,hybrid,fixed,decaps,872036
2708,hybrid,fixed,decaps,792991
2709,hybrid,fixed,decaps,794414
2710,hybrid,fixed,decaps,781562
2711,hybrid,fixed,decaps,781152
2712,hybrid,fixed,decaps,813564
2713,hybrid,fixed,decaps,769650
2714,hybrid,fixed,decaps,757806
2715,hybrid,fixed,decaps,757610
2716,hybrid,fixed,decaps,801278
2717,hybrid,fixed,decaps,817008
2718,hybrid,fixed,decaps,781632
2719,hybrid,fixed,decaps,806404
2720,hybrid,fixed,decaps,757304
2721,hybrid,fixed,decaps,774590
2722,hybrid,fixed,decaps,792582
2723,hybrid,fixed,decaps,852033
2724,hybrid,fixed,decaps,786611
2725,hybrid,fixed,decaps,752959
2726,hybrid,fixed,decaps,771031
2727,hybrid,fixed,decaps,775593
2728,hybrid,fixed,decaps,773122
2729,hybrid,fixed,decaps,758696
2730,hybrid,fixed,decaps,757559
2731,hybrid,fixed,decaps,759990
2732,hybrid,fixed,decaps,777352
2733,hybrid,fixed,decaps,833190
2734,hybrid,fixed,decaps,798193
2735,hybrid,fixed,decaps,781092
2736,hybrid,fixed,decaps,783770
2737,hybrid,fixed,decaps,772657
2738,hybrid,fixed,decaps,779407
2739,hybrid,fixed,decaps,758253
2740,hybrid,fixed,decaps,757549
2741,hybrid,fixed,decaps,757537
2742,hybrid,fixed,decaps,757852
2743,hybrid,fixed,decaps,814969
2744,hybrid,fixed,decaps,802921
2745,hybrid,fixed,decaps,780588
2746,hybrid,fixed,decaps,780584
2747,hybrid,fixed,decaps,780374
2748,hybrid,fixed,decaps,792083
2749,hybrid,fixed,decaps,764799
2750,hybrid,fixed,decaps,758201
2751,hybrid,fixed,decaps,817017
2752,hybrid,fixed,decaps,760959
2753,hybrid,fixed,decaps,778365
2754,hybrid,fixed,decaps,774250
2755,hybrid,fixed,decaps,759292
2756,hybrid,fixed,decaps,781605
2757,hybrid,fixed,decaps,964677
2758,hybrid,fixed,decaps,816808
2759,hybrid,fixed,decaps,807213
2760,hybrid,fixed,decaps,783650
2761,hybrid,fixed,decaps,806116
2762,hybrid,fixed,decaps,783142
2763,hybrid,fixed,decaps,788294
2764,hybrid,fixed,decaps,781330
2765,hybrid,fixed,decaps,759790
2766,hybrid,fixed,decaps,758461
2767,hybrid,fixed,decaps,822449
2768,hybrid,fixed,decaps,810520
2769,hybrid,fixed,decaps,809523
2770,hybrid,fixed,decaps,824018
2771,hybrid,fixed,decaps,737873
2772,hybrid,fixed,decaps,771714
2773,hybrid,fixed,decaps,826190
2774,hybrid,fixed,decaps,791168
2775,hybrid,fixed,decaps,868830
2776,hybrid,fixed,decaps,783123
2777,hybrid,fixed,decaps,760798
2778,hybrid,fixed,decaps,800144
2779,hybrid,fixed,decaps,789505
2780,hybrid,fixed,decaps,760530
2781,hybrid,fixed,decaps,757971
2782,hybrid,fixed,decaps,758490
2783,hybrid,fixed,decaps,764430
2784,hybrid,fixed,decaps,780199
2785,hybrid,fixed,decaps,759090
2786,hybrid,fixed,decaps,812104
2787,hybrid,fixed,decaps,818680
2788,hybrid,fixed,decaps,792273
2789,hybrid,fixed,decaps,796229
2790,hybrid,fixed,decaps,736815
2791,hybrid,fixed,decaps,779218
2792,hybrid,fixed,decaps,758133
2793,hybrid,fixed,decaps,762309
2794,hybrid,fixed,decaps,758651
2795,hybrid,fixed,decaps,757973
2796,hybrid,fixed,decaps,795913
2797,hybrid,fixed,decaps,811978
2798,hybrid,fixed,decaps,781172
2799,hybrid,fixed,decaps,784152
2800,hybrid,fixed,decaps,781142
2801,hybrid,fixed,decaps,781109
2802,hybrid,fixed,decaps,781236
2803,hybrid,fixed,decaps,801433
2804,hybrid,fixed,decaps,789775
2805,hybrid,fixed,decaps,811917
2806,hybrid,fixed,decaps,783411
2807,hybrid,fixed,decaps,794395
2808,hybrid,fixed,decaps,736998
2809,hybrid,fixed,decaps,797367
2810,hybrid,fixed,decaps,781088
2811,hybrid,fixed,decaps,759729
2812,hybrid,fixed,decaps,758532
2813,hybrid,fixed,decaps,758417
2814,hybrid,fixed,decaps,810685
2815,hybrid,fixed,decaps,808039
2816,hybrid,fixed,decaps,781477
2817,hybrid,fixed,decaps,781091
2818,hybrid,fixed,decaps,781602
2819,hybrid,fixed,decaps,776882
2820,hybrid,fixed,decaps,761345
2821,hybrid,fixed,decaps,757880
2822,hybrid,fixed,decaps,757618
2823,hybrid,fixed,decaps,757155
2824,hybrid,fixed,decaps,760784
2825,hybrid,fixed,decaps,757752
2826,hybrid,fixed,decaps,757293
2827,hybrid,fixed,decaps,805966
2828,hybrid,fixed,decaps,805810
2829,hybrid,fixed,decaps,784591
2830,hybrid,fixed,decaps,781497
2831,hybrid,fixed,decaps,807467
2832,hybrid,fixed,decaps,782644
2833,hybrid,fixed,decaps,788691
2834,hybrid,fixed,decaps,828144
2835,hybrid,fixed,decaps,804207
2836,hybrid,fixed,decaps,782461
2837,hybrid,fixed,decaps,768933
2838,hybrid,fixed,decaps,770564
2839,hybrid,fixed,decaps,758000
2840,hybrid,fixed,decaps,764192
2841,hybrid,fixed,decaps,758110
2842,hybrid,fixed,decaps,793619
2843,hybrid,fixed,decaps,812471
2844,hybrid,fixed,decaps,781239
2845,hybrid,fixed,decaps,814720
2846,hybrid,fixed,decaps,784055
2847,hybrid,fixed,decaps,781065
2848,hybrid,fixed,decaps,790579
2849,hybrid,fixed,decaps,736582
2850,hybrid,fixed,decaps,801677
2851,hybrid,fixed,decaps,782912
2852,hybrid,fixed,decaps,759310
2853,hybrid,fixed,decaps,775811
2854,hybrid,fixed,decaps,805342
2855,hybrid,fixed,decaps,809793
2856,hybrid,fixed,decaps,776090
2857,hybrid,fixed,decaps,791168
2858,hybrid,fixed,decaps,758550
2859,hybrid,fixed,decaps,757262
2860,hybrid,fixed,decaps,764597
2861,hybrid,fixed,decaps,781106
2862,hybrid,fixed,decaps,776794
2863,hybrid,fixed,decaps,805326
2864,hybrid,fixed,decaps,805542
2865,hybrid,fixed,decaps,809385
2866,hybrid,fixed,decaps,781293
2867,hybrid,fixed,decaps,780935
2868,hybrid,fixed,decaps,780807
2869,hybrid,fixed,decaps,781950
2870,hybrid,fixed,decaps,766734
2871,hybrid,fixed,decaps,758598
2872,hybrid,fixed,decaps,758248
2873,hybrid,fixed,decaps,758823
2874,hybrid,fixed,decaps,758524
2875,hybrid,fixed,decaps,790601
2876,hybrid,fixed,decaps,841297
2877,hybrid,fixed,decaps,824115
2878,hybrid,fixed,decaps,783385
2879,hybrid,fixed,decaps,780986
2880,hybrid,fixed,decaps,786338
2881,hybrid,fixed,decaps,781321
2882,hybrid,fixed,decaps,807404
2883,hybrid,fixed,decaps,787011
2884,hybrid,fixed,decaps,763585
2885,hybrid,fixed,decaps,773864
2886,hybrid,fixed,decaps,784313
2887,hybrid,fixed,decaps,773369
2888,hybrid,fixed,decaps,787722
2889,hybrid,fixed,decaps,759898
2890,hybrid,fixed,decaps,773408
2891,hybrid,fixed,decaps,841014
2892,hybrid,fixed,decaps,806685
2893,hybrid,fixed,decaps,803625
2894,hybrid,fixed,decaps,832306
2895,hybrid,fixed,decaps,1232365
2896,hybrid,fixed,decaps,761460
2897,hybrid,fixed,decaps,797354
2898,hybrid,fixed,decaps,740538
2899,hybrid,fixed,decaps,777832
2900,hybrid,fixed,decaps,839505
2901,hybrid,fixed,decaps,759990
2902,hybrid,fixed,decaps,809142
2903,hybrid,fixed,decaps,759916
2904,hybrid,fixed,decaps,758310
2905,hybrid,fixed,decaps,788210
2906,hybrid,fixed,decaps,780959
2907,hybrid,fixed,decaps,785185
2908,hybrid,fixed,decaps,812741
2909,hybrid,fixed,decaps,783607
2910,hybrid,fixed,decaps,808044
2911,hybrid,fixed,decaps,782966
2912,hybrid,fixed,decaps,759550
2913,hybrid,fixed,decaps,758188
2914,hybrid,fixed,decaps,782766
2915,hybrid,fixed,decaps,812428
2916,hybrid,fixed,decaps,783289
2917,hybrid,fixed,decaps,780886
2918,hybrid,fixed,decaps,780602
2919,hybrid,fixed,decaps,779158
2920,hybrid,fixed,decaps,786028
2921,hybrid,fixed,decaps,759065
2922,hybrid,fixed,decaps,757770
2923,hybrid,fixed,decaps,757938
2924,hybrid,fixed,decaps,776952
2925,hybrid,fixed,decaps,780699
2926,hybrid,fixed,decaps,787283
2927,hybrid,fixed,decaps,781270
2928,hybrid,fixed,decaps,780886
2929,hybrid,fixed,decaps,799384
2930,hybrid,fixed,decaps,782263
2931,hybrid,fixed,decaps,812862
2932,hybrid,fixed,decaps,774206
2933,hybrid,fixed,decaps,793068
2934,hybrid,fixed,decaps,759813
2935,hybrid,fixed,decaps,758745
2936,hybrid,fixed,decaps,849994
2937,hybrid,fixed,decaps,790189
2938,hybrid,fixed,decaps,995774
2939,hybrid,fixed,decaps,767349
2940,hybrid,fixed,decaps,758037
2941,hybrid,fixed,decaps,762596
2942,hybrid,fixed,decaps,758094
2943,hybrid,fixed,decaps,757701
2944,hybrid,fixed,decaps,757737
2945,hybrid,fixed,decaps,758123
2946,hybrid,fixed,decaps,790000
2947,hybrid,fixed,decaps,780988
2948,hybrid,fixed,decaps,781035
2949,hybrid,fixed,decaps,780797
2950,hybrid,fixed,decaps,780978
2951,hybrid,fixed,decaps,783952
2952,hybrid,fixed,decaps,781081
2953,hybrid,fixed,decaps,781133
2954,hybrid,fixed,decaps,780927
2955,hybrid,fixed,decaps,766450
2956,hybrid,fixed,decaps,775495
2957,hybrid,fixed,decaps,758242
2958,hybrid,fixed,decaps,758032
2959,hybrid,fixed,decaps,817078
2960,hybrid,fixed,decaps,782437
2961,hybrid,fixed,decaps,788690
2962,hybrid,fixed,decaps,817878
2963,hybrid,fixed,decaps,755659
2964,hybrid,fixed,decaps,780144
2965,hybrid,fixed,decaps,782590
2966,hybrid,fixed,decaps,788168
2967,hybrid,fixed,decaps,781838
2968,hybrid,fixed,decaps,781207
2969,hybrid,fixed,decaps,771352
2970,hybrid,fixed,decaps,769673
2971,hybrid,fixed,decaps,782503
2972,hybrid,fixed,decaps,767222
2973,hybrid,fixed,decaps,758708
2974,hybrid,fixed,decaps,782337
2975,hybrid,fixed,decaps,781059
2976,hybrid,fixed,decaps,781338
2977,hybrid,fixed,decaps,785710
2978,hybrid,fixed,decaps,780783
2979,hybrid,fixed,decaps,804957
2980,hybrid,fixed,decaps,795500
2981,hybrid,fixed,decaps,736521
2982,hybrid,fixed,decaps,807924
2983,hybrid,fixed,decaps,759320
2984,hybrid,fixed,decaps,778728
2985,hybrid,fixed,decaps,809914
2986,hybrid,fixed,decaps,782462
2987,hybrid,fixed,decaps,791764
2988,hybrid,fixed,decaps,790437
2989,hybrid,fixed,decaps,767299
2990,hybrid,fixed,decaps,758406
2991,hybrid,fixed,decaps,811940
2992,hybrid,fixed,decaps,791476
2993,hybrid,fixed,decaps,781414
2994,hybrid,fixed,decaps,780741
2995,hybrid,fixed,decaps,780988
2996,hybrid,fixed,decaps,766641
2997,hybrid,fixed,decaps,801572
2998,hybrid,fixed,decaps,806401
2999,hybrid,fixed,decaps,1022021
3000,hybrid,fixed,decaps,777762
3001,hybrid,fixed,decaps,766496
3002,hybrid,fixed,decaps,968846
3003,hybrid,fixed,decaps,868149
3004,hybrid,fixed,decaps,771124
3005,hybrid,fixed,decaps,778317
3006,hybrid,fixed,decaps,989987
3007,hybrid,fixed,decaps,1021544
3008,hybrid,fixed,decaps,1151821
3009,hybrid,fixed,decaps,1082555
3010,hybrid,fixed,decaps,1054183
3011,hybrid,fixed,decaps,1156042
3012,hybrid,fixed,decaps,1237090
3013,hybrid,fixed,decaps,1058705
3014,hybrid,fixed,decaps,948062
3015,hybrid,fixed,decaps,931560
3016,hybrid,fixed,decaps,893061
3017,hybrid,fixed,decaps,899327
3018,hybrid,fixed,decaps,856395
3019,hybrid,fixed,decaps,823685
3020,hybrid,fixed,decaps,785721
3021,hybrid,fixed,decaps,830244
3022,hybrid,fixed,decaps,1100574
3023,hybrid,fixed,decaps,1007685
3024,hybrid,fixed,decaps,986967
3025,hybrid,fixed,decaps,789555
3026,hybrid,fixed,decaps,1040175
3027,hybrid,fixed,decaps,1090594
3028,hybrid,fixed,decaps,904564
3029,hybrid,fixed,decaps,858817
3030,hybrid,fixed,decaps,789084
3031,hybrid,fixed,decaps,861107
3032,hybrid,fixed,decaps,897023
3033,hybrid,fixed,decaps,803834
3034,hybrid,fixed,decaps,793223
3035,hybrid,fixed,decaps,973924
3036,hybrid,fixed,decaps,839983
3037,hybrid,fixed,decaps,825720
3038,hybrid,fixed,decaps,812453
3039,hybrid,fixed,decaps,915099
3040,hybrid,fixed,decaps,1108986
3041,hybrid,fixed,decaps,1107090
3042,hybrid,fixed,decaps,1193552
3043,hybrid,fixed,decaps,1089642
3044,hybrid,fixed,decaps,1007181
3045,hybrid,fixed,decaps,920244
3046,hybrid,fixed,decaps,913318
3047,hybrid,fixed,decaps,924040
3048,hybrid,fixed,decaps,1256019
3049,hybrid,fixed,decaps,1376860
3050,hybrid,fixed,decaps,1167435
3051,hybrid,fixed,decaps,1606909
3052,hybrid,fixed,decaps,1431975
3053,hybrid,fixed,decaps,1525439
3054,hybrid,fixed,decaps,1644388
3055,hybrid,fixed,decaps,1523202
3056,hybrid,fixed,decaps,1646821
3057,hybrid,fixed,decaps,1198750
3058,hybrid,fixed,decaps,1590751
3059,hybrid,fixed,decaps,1490634
3060,hybrid,fixed,decaps,1075914
3061,hybrid,fixed,decaps,956220
3062,hybrid,fixed,decaps,942009
3063,hybrid,fixed,decaps,1248396
3064,hybrid,fixed,decaps,1102835
3065,hybrid,fixed,decaps,1155017
3066,hybrid,fixed,decaps,960513
3067,hybrid,fixed,decaps,1025337
3068,hybrid,fixed,decaps,1204661
3069,hybrid,fixed,decaps,1277138
3070,hybrid,fixed,decaps,1036829
3071,hybrid,fixed,decaps,849225
3072,hybrid,fixed,decaps,920094
3073,hybrid,fixed,decaps,998904
3074,hybrid,fixed,decaps,890334
3075,hybrid,fixed,decaps,884016
3076,hybrid,fixed,decaps,1031475
3077,hybrid,fixed,decaps,840183
3078,hybrid,fixed,decaps,908470
3079,hybrid,fixed,decaps,851991
3080,hybrid,fixed,decaps,897076
3081,hybrid,fixed,decaps,936180
3082,hybrid,fixed,decaps,860831
3083,hybrid,fixed,decaps,1104791
3084,hybrid,fixed,decaps,845888
3085,hybrid,fixed,decaps,956088
3086,hybrid,fixed,decaps,832103
3087,hybrid,fixed,decaps,901902
3088,hybrid,fixed,decaps,950173
3089,hybrid,fixed,decaps,837988
3090,hybrid,fixed,decaps,808299
3091,hybrid,fixed,decaps,824288
3092,hybrid,fixed,decaps,1278610
3093,hybrid,fixed,decaps,817003
3094,hybrid,fixed,decaps,807009
3095,hybrid,fixed,decaps,838698
3096,hybrid,fixed,decaps,826686
3097,hybrid,fixed,decaps,832003
3098,hybrid,fixed,decaps,809596
3099,hybrid,fixed,decaps,808465
3100,hybrid,fixed,decaps,806551
3101,hybrid,fixed,decaps,863952
3102,hybrid,fixed,decaps,828189
3103,hybrid,fixed,decaps,831458
3104,hybrid,fixed,decaps,837528
3105,hybrid,fixed,decaps,900646
3106,hybrid,fixed,decaps,837913
3107,hybrid,fixed,decaps,828290
3108,hybrid,fixed,decaps,807886
3109,hybrid,fixed,decaps,809143
3110,hybrid,fixed,decaps,826027
3111,hybrid,fixed,decaps,854434
3112,hybrid,fixed,decaps,921692
3113,hybrid,fixed,decaps,810361
3114,hybrid,fixed,decaps,808090
3115,hybrid,fixed,decaps,894439
3116,hybrid,fixed,decaps,810036
3117,hybrid,fixed,decaps,839651
3118,hybrid,fixed,decaps,807334
3119,hybrid,fixed,decaps,812569
3120,hybrid,fixed,decaps,823292
3121,hybrid,fixed,decaps,810929
3122,hybrid,fixed,decaps,810012
3123,hybrid,fixed,decaps,847475
3124,hybrid,fixed,decaps,810715
3125,hybrid,fixed,decaps,833189
3126,hybrid,fixed,decaps,838454
3127,hybrid,fixed,decaps,853657
3128,hybrid,fixed,decaps,906490
3129,hybrid,fixed,decaps,845605
3130,hybrid,fixed,decaps,878995
3131,hybrid,fixed,decaps,871712
3132,hybrid,fixed,decaps,820845
3133,hybrid,fixed,decaps,808396
3134,hybrid,fixed,decaps,827525
3135,hybrid,fixed,decaps,848625
3136,hybrid,fixed,decaps,808081
3137,hybrid,fixed,decaps,805835
3138,hybrid,fixed,decaps,844437
3139,hybrid,fixed,decaps,839806
3140,hybrid,fixed,decaps,811818
3141,hybrid,fixed,decaps,808189
3142,hybrid,fixed,decaps,812825
3143,hybrid,fixed,decaps,807375
3144,hybrid,fixed,decaps,817299
3145,hybrid,fixed,decaps,814100
3146,hybrid,fixed,decaps,831097
3147,hybrid,fixed,decaps,844160
3148,hybrid,fixed,decaps,808421
3149,hybrid,fixed,decaps,850802
3150,hybrid,fixed,decaps,888402
3151,hybrid,fixed,decaps,895915
3152,hybrid,fixed,decaps,807636
3153,hybrid,fixed,decaps,866761
3154,hybrid,fixed,decaps,839279
3155,hybrid,fixed,decaps,807926
3156,hybrid,fixed,decaps,807095
3157,hybrid,fixed,decaps,838855
3158,hybrid,fixed,decaps,849259
3159,hybrid,fixed,decaps,833728
3160,hybrid,fixed,decaps,809174
3161,hybrid,fixed,decaps,806456
3162,hybrid,fixed,decaps,843604
3163,hybrid,fixed,decaps,839994
3164,hybrid,fixed,decaps,807767
3165,hybrid,fixed,decaps,810221
3166,hybrid,fixed,decaps,815129
3167,hybrid,fixed,decaps,810584
3168,hybrid,fixed,decaps,825056
3169,hybrid,fixed,decaps,811755
3170,hybrid,fixed,decaps,818148
3171,hybrid,fixed,decaps,812340
3172,hybrid,fixed,decaps,814472
3173,hybrid,fixed,decaps,830499
3174,hybrid,fixed,decaps,810300
3175,hybrid,fixed,decaps,811418
3176,hybrid,fixed,decaps,807426
3177,hybrid,fixed,decaps,812571
3178,hybrid,fixed,decaps,862989
3179,hybrid,fixed,decaps,811711
3180,hybrid,fixed,decaps,806353
3181,hybrid,fixed,decaps,806802
3182,hybrid,fixed,decaps,823755
3183,hybrid,fixed,decaps,848677
3184,hybrid,fixed,decaps,863143
3185,hybrid,fixed,decaps,841357
3186,hybrid,fixed,decaps,808438
3187,hybrid,fixed,decaps,815822
3188,hybrid,fixed,decaps,813156
3189,hybrid,fixed,decaps,812186
3190,hybrid,fixed,decaps,849990
3191,hybrid,fixed,decaps,832177
3192,hybrid,fixed,decaps,847650
3193,hybrid,fixed,decaps,809941
3194,hybrid,fixed,decaps,806820
3195,hybrid,fixed,decaps,806797
3196,hybrid,fixed,decaps,807209
3197,hybrid,fixed,decaps,813900
3198,hybrid,fixed,decaps,808684
3199,hybrid,fixed,decaps,811625
3200,hybrid,fixed,decaps,810614
3201,hybrid,fixed,decaps,809824
3202,hybrid,fixed,decaps,858275
3203,hybrid,fixed,decaps,847112
3204,hybrid,fixed,decaps,807221
3205,hybrid,fixed,decaps,806077
3206,hybrid,fixed,decaps,807980
3207,hybrid,fixed,decaps,856192
3208,hybrid,fixed,decaps,838230
3209,hybrid,fixed,decaps,865559
3210,hybrid,fixed,decaps,835362
3211,hybrid,fixed,decaps,836184
3212,hybrid,fixed,decaps,848992
3213,hybrid,fixed,decaps,834783
3214,hybrid,fixed,decaps,833953
3215,hybrid,fixed,decaps,831143
3216,hybrid,fixed,decaps,819623
3217,hybrid,fixed,decaps,808702
3218,hybrid,fixed,decaps,809130
3219,hybrid,fixed,decaps,808561
3220,hybrid,fixed,decaps,807650
3221,hybrid,fixed,decaps,820264
3222,hybrid,fixed,decaps,811413
3223,hybrid,fixed,decaps,807787
3224,hybrid,fixed,decaps,848418
3225,hybrid,fixed,decaps,839676
3226,hybrid,fixed,decaps,863163
3227,hybrid,fixed,decaps,878835
3228,hybrid,fixed,decaps,841857
3229,hybrid,fixed,decaps,801089
3230,hybrid,fixed,decaps,806679
3231,hybrid,fixed,decaps,821478
3232,hybrid,fixed,decaps,809174
3233,hybrid,fixed,decaps,862319
3234,hybrid,fixed,decaps,811178
3235,hybrid,fixed,decaps,806641
3236,hybrid,fixed,decaps,859809
3237,hybrid,fixed,decaps,836138
3238,hybrid,fixed,decaps,850325
3239,hybrid,fixed,decaps,943780
3240,hybrid,fixed,decaps,856191
3241,hybrid,fixed,decaps,810031
3242,hybrid,fixed,decaps,811074
3243,hybrid,fixed,decaps,808946
3244,hybrid,fixed,decaps,841266
3245,hybrid,fixed,decaps,845585
3246,hybrid,fixed,decaps,886334
3247,hybrid,fixed,decaps,997732
3248,hybrid,fixed,decaps,921853
3249,hybrid,fixed,decaps,808246
3250,hybrid,fixed,decaps,867969
3251,hybrid,fixed,decaps,847981
3252,hybrid,fixed,decaps,842628
3253,hybrid,fixed,decaps,838795
3254,hybrid,fixed,decaps,848266
3255,hybrid,fixed,decaps,839632
3256,hybrid,fixed,decaps,834194
3257,hybrid,fixed,decaps,866109
3258,hybrid,fixed,decaps,840431
3259,hybrid,fixed,decaps,838484
3260,hybrid,fixed,decaps,832532
3261,hybrid,fixed,decaps,878147
3262,hybrid,fixed,decaps,839960
3263,hybrid,fixed,decaps,831793
3264,hybrid,fixed,decaps,859163
3265,hybrid,fixed,decaps,864659
3266,hybrid,fixed,decaps,859655
3267,hybrid,fixed,decaps,831517
3268,hybrid,fixed,decaps,850132
3269,hybrid,fixed,decaps,833430
3270,hybrid,fixed,decaps,832159
3271,hybrid,fixed,decaps,832484
3272,hybrid,fixed,decaps,862730
3273,hybrid,fixed,decaps,866917
3274,hybrid,fixed,decaps,916269
3275,hybrid,fixed,decaps,879459
3276,hybrid,fixed,decaps,783794
3277,hybrid,fixed,decaps,781545
3278,hybrid,fixed,decaps,789833
3279,hybrid,fixed,decaps,814348
3280,hybrid,fixed,decaps,811799
3281,hybrid,fixed,decaps,812089
3282,hybrid,fixed,decaps,807658
3283,hybrid,fixed,decaps,813785
3284,hybrid,fixed,decaps,806824
3285,hybrid,fixed,decaps,806784
3286,hybrid,fixed,decaps,809591
3287,hybrid,fixed,decaps,806584
3288,hybrid,fixed,decaps,810751
3289,hybrid,fixed,decaps,806727
3290,hybrid,fixed,decaps,811887
3291,hybrid,fixed,decaps,807878
3292,hybrid,fixed,decaps,806691
3293,hybrid,fixed,decaps,816501
3294,hybrid,fixed,decaps,858783
3295,hybrid,fixed,decaps,858963
3296,hybrid,fixed,decaps,837411
3297,hybrid,fixed,decaps,837442
3298,hybrid,fixed,decaps,832461
3299,hybrid,fixed,decaps,893750
3300,hybrid,fixed,decaps,833760
3301,hybrid,fixed,decaps,831255
3302,hybrid,fixed,decaps,865810
3303,hybrid,fixed,decaps,866616
3304,hybrid,fixed,decaps,831351
3305,hybrid,fixed,decaps,843155
3306,hybrid,fixed,decaps,872770
3307,hybrid,fixed,decaps,858662
3308,hybrid,fixed,decaps,835579
3309,hybrid,fixed,decaps,835820
3310,hybrid,fixed,decaps,832384
3311,hybrid,fixed,decaps,832948
3312,hybrid,fixed,decaps,836376
3313,hybrid,fixed,decaps,869085
3314,hybrid,fixed,decaps,855113
3315,hybrid,fixed,decaps,832221
3316,hybrid,fixed,decaps,836183
3317,hybrid,fixed,decaps,833609
3318,hybrid,fixed,decaps,832925
3319,hybrid,fixed,decaps,832766
3320,hybrid,fixed,decaps,834012
3321,hybrid,fixed,decaps,839513
3322,hybrid,fixed,decaps,833927
3323,hybrid,fixed,decaps,894397
3324,hybrid,fixed,decaps,834579
3325,hybrid,fixed,decaps,871374
3326,hybrid,fixed,decaps,858765
3327,hybrid,fixed,decaps,836078
3328,hybrid,fixed,decaps,833241
3329,hybrid,fixed,decaps,864137
3330,hybrid,fixed,decaps,837687
3331,hybrid,fixed,decaps,840493
3332,hybrid,fixed,decaps,834229
3333,hybrid,fixed,decaps,832884
3334,hybrid,fixed,decaps,833499
3335,hybrid,fixed,decaps,846626
3336,hybrid,fixed,decaps,833082
3337,hybrid,fixed,decaps,832711
3338,hybrid,fixed,decaps,834815
3339,hybrid,fixed,decaps,865774
3340,hybrid,fixed,decaps,861059
3341,hybrid,fixed,decaps,841714
3342,hybrid,fixed,decaps,898256
3343,hybrid,fixed,decaps,854309
3344,hybrid,fixed,decaps,859879
3345,hybrid,fixed,decaps,860065
3346,hybrid,fixed,decaps,834800
3347,hybrid,fixed,decaps,894571
3348,hybrid,fixed,decaps,836022
3349,hybrid,fixed,decaps,883813
3350,hybrid,fixed,decaps,1057755
3351,hybrid,fixed,decaps,860488
3352,hybrid,fixed,decaps,1045221
3353,hybrid,fixed,decaps,949163
3354,hybrid,fixed,decaps,815105
3355,hybrid,fixed,decaps,957331
3356,hybrid,fixed,decaps,879801
3357,hybrid,fixed,decaps,801636
3358,hybrid,fixed,decaps,848037
3359,hybrid,fixed,decaps,806833
3360,hybrid,fixed,decaps,820590
3361,hybrid,fixed,decaps,805985
3362,hybrid,fixed,decaps,831218
3363,hybrid,fixed,decaps,842118
3364,hybrid,fixed,decaps,808469
3365,hybrid,fixed,decaps,805759
3366,hybrid,fixed,decaps,805279
3367,hybrid,fixed,decaps,805139
3368,hybrid,fixed,decaps,812905
3369,hybrid,fixed,decaps,805915
3370,hybrid,fixed,decaps,860270
3371,hybrid,fixed,decaps,823572
3372,hybrid,fixed,decaps,785258
3373,hybrid,fixed,decaps,858687
3374,hybrid,fixed,decaps,805573
3375,hybrid,fixed,decaps,828370
3376,hybrid,fixed,decaps,836132
3377,hybrid,fixed,decaps,806873
3378,hybrid,fixed,decaps,813246
3379,hybrid,fixed,decaps,805601
3380,hybrid,fixed,decaps,805483
3381,hybrid,fixed,decaps,805294
3382,hybrid,fixed,decaps,825219
3383,hybrid,fixed,decaps,831795
3384,hybrid,fixed,decaps,818951
3385,hybrid,fixed,decaps,805144
3386,hybrid,fixed,decaps,804982
3387,hybrid,fixed,decaps,808780
3388,hybrid,fixed,decaps,805558
3389,hybrid,fixed,decaps,805740
3390,hybrid,fixed,decaps,805484
3391,hybrid,fixed,decaps,811628
3392,hybrid,fixed,decaps,814287
3393,hybrid,fixed,decaps,805507
3394,hybrid,fixed,decaps,804675
3395,hybrid,fixed,decaps,852152
3396,hybrid,fixed,decaps,819895
3397,hybrid,fixed,decaps,814151
3398,hybrid,fixed,decaps,806371
3399,hybrid,fixed,decaps,805752
3400,hybrid,fixed,decaps,829493
3401,hybrid,fixed,decaps,807989
3402,hybrid,fixed,decaps,836766
3403,hybrid,fixed,decaps,816801
3404,hybrid,fixed,decaps,802017
3405,hybrid,fixed,decaps,805981
3406,hybrid,fixed,decaps,805522
3407,hybrid,fixed,decaps,809768
3408,hybrid,fixed,decaps,816754
3409,hybrid,fixed,decaps,781095
3410,hybrid,fixed,decaps,781294
3411,hybrid,fixed,decaps,820626
3412,hybrid,fixed,decaps,809049
3413,hybrid,fixed,decaps,816272
3414,hybrid,fixed,decaps,786985
3415,hybrid,fixed,decaps,781171
3416,hybrid,fixed,decaps,780875
3417,hybrid,fixed,decaps,786287
3418,hybrid,fixed,decaps,781671
3419,hybrid,fixed,decaps,780810
3420,hybrid,fixed,decaps,828870
3421,hybrid,fixed,decaps,782956
3422,hybrid,fixed,decaps,789047
3423,hybrid,fixed,decaps,808261
3424,hybrid,fixed,decaps,867451
3425,hybrid,fixed,decaps,827153
3426,hybrid,fixed,decaps,806527
3427,hybrid,fixed,decaps,833608
3428,hybrid,fixed,decaps,787075
3429,hybrid,fixed,decaps,781277
3430,hybrid,fixed,decaps,781246
3431,hybrid,fixed,decaps,781257
3432,hybrid,fixed,decaps,786485
3433,hybrid,fixed,decaps,781543
3434,hybrid,fixed,decaps,780819
3435,hybrid,fixed,decaps,781173
3436,hybrid,fixed,decaps,834614
3437,hybrid,fixed,decaps,849737
3438,hybrid,fixed,decaps,806713
3439,hybrid,fixed,decaps,821747
3440,hybrid,fixed,decaps,781513
3441,hybrid,fixed,decaps,787356
3442,hybrid,fixed,decaps,789175
3443,hybrid,fixed,decaps,781603
3444,hybrid,fixed,decaps,798543
3445,hybrid,fixed,decaps,885795
3446,hybrid,fixed,decaps,824286
3447,hybrid,fixed,decaps,826951
3448,hybrid,fixed,decaps,787237
3449,hybrid,fixed,decaps,781155
3450,hybrid,fixed,decaps,800300
3451,hybrid,fixed,decaps,782066
3452,hybrid,fixed,decaps,841748
3453,hybrid,fixed,decaps,782460
3454,hybrid,fixed,decaps,1381948
3455,hybrid,fixed,decaps,830539
3456,hybrid,fixed,decaps,815892
3457,hybrid,fixed,decaps,818782
3458,hybrid,fixed,decaps,781204
3459,hybrid,fixed,decaps,781295
3460,hybrid,fixed,decaps,778798
3461,hybrid,fixed,decaps,823184
3462,hybrid,fixed,decaps,782189
3463,hybrid,fixed,decaps,781127
3464,hybrid,fixed,decaps,781017
3465,hybrid,fixed,decaps,781199
3466,hybrid,fixed,decaps,787315
3467,hybrid,fixed,decaps,781568
3468,hybrid,fixed,decaps,780796
3469,hybrid,fixed,decaps,781154
3470,hybrid,fixed,decaps,858635
3471,hybrid,fixed,decaps,815790
3472,hybrid,fixed,decaps,817858
3473,hybrid,fixed,decaps,758461
3474,hybrid,fixed,decaps,798097
3475,hybrid,fixed,decaps,805112
3476,hybrid,fixed,decaps,786494
3477,hybrid,fixed,decaps,781663
3478,hybrid,fixed,decaps,781108
3479,hybrid,fixed,decaps,781227
3480,hybrid,fixed,decaps,781012
3481,hybrid,fixed,decaps,784670
3482,hybrid,fixed,decaps,794998
3483,hybrid,fixed,decaps,805768
3484,hybrid,fixed,decaps,869550
3485,hybrid,fixed,decaps,828987
3486,hybrid,fixed,decaps,815888
3487,hybrid,fixed,decaps,806012
3488,hybrid,fixed,decaps,805137
3489,hybrid,fixed,decaps,795711
3490,hybrid,fixed,decaps,758394
3491,hybrid,fixed,decaps,818587
3492,hybrid,fixed,decaps,782114
3493,hybrid,fixed,decaps,781036
3494,hybrid,fixed,decaps,808847
3495,hybrid,fixed,decaps,808627
3496,hybrid,fixed,decaps,789097
3497,hybrid,fixed,decaps,781037
3498,hybrid,fixed,decaps,780472
3499,hybrid,fixed,decaps,780538
3500,hybrid,fixed,decaps,806706
3501,hybrid,fixed,decaps,797094
3502,hybrid,fixed,decaps,781843
3503,hybrid,fixed,decaps,781022
3504,hybrid,fixed,decaps,781036
3505,hybrid,fixed,decaps,781040
3506,hybrid,fixed,decaps,784907
3507,hybrid,fixed,decaps,781824
3508,hybrid,fixed,decaps,817802
3509,hybrid,fixed,decaps,800471
3510,hybrid,fixed,decaps,780637
3511,hybrid,fixed,decaps,783672
3512,hybrid,fixed,decaps,780844
3513,hybrid,fixed,decaps,780534
3514,hybrid,fixed,decaps,780598
3515,hybrid,fixed,decaps,780385
3516,hybrid,fixed,decaps,780452
3517,hybrid,fixed,decaps,783476
3518,hybrid,fixed,decaps,834927
3519,hybrid,fixed,decaps,806514
3520,hybrid,fixed,decaps,832110
3521,hybrid,fixed,decaps,826876
3522,hybrid,fixed,decaps,783774
3523,hybrid,fixed,decaps,781700
3524,hybrid,fixed,decaps,805182
3525,hybrid,fixed,decaps,782363
3526,hybrid,fixed,decaps,781366
3527,hybrid,fixed,decaps,785474
3528,hybrid,fixed,decaps,781354
3529,hybrid,fixed,decaps,781391
3530,hybrid,fixed,decaps,781436
3531,hybrid,fixed,decaps,781246
3532,hybrid,fixed,decaps,784206
3533,hybrid,fixed,decaps,781960
3534,hybrid,fixed,decaps,791330
3535,hybrid,fixed,decaps,786066
3536,hybrid,fixed,decaps,781445
3537,hybrid,fixed,decaps,784835
3538,hybrid,fixed,decaps,781614
3539,hybrid,fixed,decaps,781200
3540,hybrid,fixed,decaps,781451
3541,hybrid,fixed,decaps,781377
3542,hybrid,fixed,decaps,784760
3543,hybrid,fixed,decaps,781215
3544,hybrid,fixed,decaps,781569
3545,hybrid,fixed,decaps,807620
3546,hybrid,fixed,decaps,782963
3547,hybrid,fixed,decaps,814209
3548,hybrid,fixed,decaps,782777
3549,hybrid,fixed,decaps,781427
3550,hybrid,fixed,decaps,804189
3551,hybrid,fixed,decaps,782312
3552,hybrid,fixed,decaps,785816
3553,hybrid,fixed,decaps,803768
3554,hybrid,fixed,decaps,815426
3555,hybrid,fixed,decaps,781041
3556,hybrid,fixed,decaps,780558
3557,hybrid,fixed,decaps,784677
3558,hybrid,fixed,decaps,781038
3559,hybrid,fixed,decaps,795681
3560,hybrid,fixed,decaps,806149
3561,hybrid,fixed,decaps,805629
3562,hybrid,fixed,decaps,798750
3563,hybrid,fixed,decaps,759413
3564,hybrid,fixed,decaps,762099
3565,hybrid,fixed,decaps,796957
3566,hybrid,fixed,decaps,811123
3567,hybrid,fixed,decaps,812070
3568,hybrid,fixed,decaps,780788
3569,hybrid,fixed,decaps,780838
3570,hybrid,fixed,decaps,781177
3571,hybrid,fixed,decaps,806834
3572,hybrid,fixed,decaps,816089
3573,hybrid,fixed,decaps,794856
3574,hybrid,fixed,decaps,758280
3575,hybrid,fixed,decaps,824255
3576,hybrid,fixed,decaps,781773
3577,hybrid,fixed,decaps,812724
3578,hybrid,fixed,decaps,787763
3579,hybrid,fixed,decaps,780995
3580,hybrid,fixed,decaps,780854
3581,hybrid,fixed,decaps,783898
3582,hybrid,fixed,decaps,790236
3583,hybrid,fixed,decaps,781349
3584,hybrid,fixed,decaps,780831
3585,hybrid,fixed,decaps,780707
3586,hybrid,fixed,decaps,780931
3587,hybrid,fixed,decaps,784183
3588,hybrid,fixed,decaps,785146
3589,hybrid,fixed,decaps,773157
3590,hybrid,fixed,decaps,794882
3591,hybrid,fixed,decaps,780873
3592,hybrid,fixed,decaps,783930
3593,hybrid,fixed,decaps,780985
3594,hybrid,fixed,decaps,777870
3595,hybrid,fixed,decaps,818483
3596,hybrid,fixed,decaps,782716
3597,hybrid,fixed,decaps,781313
3598,hybrid,fixed,decaps,812530
3599,hybrid,fixed,decaps,782636
3600,hybrid,fixed,decaps,781277
3601,hybrid,fixed,decaps,804194
3602,hybrid,fixed,decaps,781486
3603,hybrid,fixed,decaps,787687
3604,hybrid,fixed,decaps,781402
3605,hybrid,fixed,decaps,780960
3606,hybrid,fixed,decaps,794600
3607,hybrid,fixed,decaps,758196
3608,hybrid,fixed,decaps,804325
3609,hybrid,fixed,decaps,781730
3610,hybrid,fixed,decaps,781169
3611,hybrid,fixed,decaps,781008
3612,hybrid,fixed,decaps,781137
3613,hybrid,fixed,decaps,784228
3614,hybrid,fixed,decaps,781382
3615,hybrid,fixed,decaps,781240
3616,hybrid,fixed,decaps,781184
3617,hybrid,fixed,decaps,798024
3618,hybrid,fixed,decaps,789495
3619,hybrid,fixed,decaps,788864
3620,hybrid,fixed,decaps,790385
3621,hybrid,fixed,decaps,805548
3622,hybrid,fixed,decaps,782839
3623,hybrid,fixed,decaps,830034
3624,hybrid,fixed,decaps,783498
3625,hybrid,fixed,decaps,781261
3626,hybrid,fixed,decaps,788574
3627,hybrid,fixed,decaps,796577
3628,hybrid,fixed,decaps,789107
3629,hybrid,fixed,decaps,781927
3630,hybrid,fixed,decaps,781547
3631,hybrid,fixed,decaps,781409
3632,hybrid,fixed,decaps,781350
3633,hybrid,fixed,decaps,784972
3634,hybrid,fixed,decaps,781658
3635,hybrid,fixed,decaps,799231
3636,hybrid,fixed,decaps,758702
3637,hybrid,fixed,decaps,763249
3638,hybrid,fixed,decaps,795153
3639,hybrid,fixed,decaps,813364
3640,hybrid,fixed,decaps,781375
3641,hybrid,fixed,decaps,781286
3642,hybrid,fixed,decaps,781310
3643,hybrid,fixed,decaps,786310
3644,hybrid,fixed,decaps,781598
3645,hybrid,fixed,decaps,781020
3646,hybrid,fixed,decaps,781680
3647,hybrid,fixed,decaps,806449
3648,hybrid,fixed,decaps,790269
3649,hybrid,fixed,decaps,824586
3650,hybrid,fixed,decaps,760226
3651,hybrid,fixed,decaps,762622
3652,hybrid,fixed,decaps,776731
3653,hybrid,fixed,decaps,765029
3654,hybrid,fixed,decaps,758968
3655,hybrid,fixed,decaps,811692
3656,hybrid,fixed,decaps,803313
3657,hybrid,fixed,decaps,780733
3658,hybrid,fixed,decaps,780514
3659,hybrid,fixed,decaps,783688
3660,hybrid,fixed,decaps,780691
3661,hybrid,fixed,decaps,780643
3662,hybrid,fixed,decaps,780786
3663,hybrid,fixed,decaps,780551
3664,hybrid,fixed,decaps,783433
3665,hybrid,fixed,decaps,783361
3666,hybrid,fixed,decaps,758605
3667,hybrid,fixed,decaps,763389
3668,hybrid,fixed,decaps,758385
3669,hybrid,fixed,decaps,761682
3670,hybrid,fixed,decaps,758147
3671,hybrid,fixed,decaps,758145
3672,hybrid,fixed,decaps,758114
3673,hybrid,fixed,decaps,783376
3674,hybrid,fixed,decaps,766281
3675,hybrid,fixed,decaps,783997
3676,hybrid,fixed,decaps,773411
3677,hybrid,fixed,decaps,848465
3678,hybrid,fixed,decaps,821024
3679,hybrid,fixed,decaps,786521
3680,hybrid,fixed,decaps,780878
3681,hybrid,fixed,decaps,780452
3682,hybrid,fixed,decaps,780732
3683,hybrid,fixed,decaps,780690
3684,hybrid,fixed,decaps,783847
3685,hybrid,fixed,decaps,780994
3686,hybrid,fixed,decaps,780628
3687,hybrid,fixed,decaps,780541
3688,hybrid,fixed,decaps,780625
3689,hybrid,fixed,decaps,791156
3690,hybrid,fixed,decaps,740524
3691,hybrid,fixed,decaps,776778
3692,hybrid,fixed,decaps,758332
3693,hybrid,fixed,decaps,758359
3694,hybrid,fixed,decaps,774853
3695,hybrid,fixed,decaps,808581
3696,hybrid,fixed,decaps,798091
3697,hybrid,fixed,decaps,791515
3698,hybrid,fixed,decaps,794418
3699,hybrid,fixed,decaps,782580
3700,hybrid,fixed,decaps,788217
3701,hybrid,fixed,decaps,787508
3702,hybrid,fixed,decaps,770795
3703,hybrid,fixed,decaps,758205
3704,hybrid,fixed,decaps,778881
3705,hybrid,fixed,decaps,823047
3706,hybrid,fixed,decaps,804188
3707,hybrid,fixed,decaps,781772
3708,hybrid,fixed,decaps,792510
3709,hybrid,fixed,decaps,736902
3710,hybrid,fixed,decaps,782665
3711,hybrid,fixed,decaps,796131
3712,hybrid,fixed,decaps,810498
3713,hybrid,fixed,decaps,781403
3714,hybrid,fixed,decaps,781359
3715,hybrid,fixed,decaps,784251
3716,hybrid,fixed,decaps,781773
3717,hybrid,fixed,decaps,781304
3718,hybrid,fixed,decaps,781673
3719,hybrid,fixed,decaps,781246
3720,hybrid,fixed,decaps,786847
3721,hybrid,fixed,decaps,781796
3722,hybrid,fixed,decaps,795002
3723,hybrid,fixed,decaps,761162
3724,hybrid,fixed,decaps,782287
3725,hybrid,fixed,decaps,789728
3726,hybrid,fixed,decaps,759392
3727,hybrid,fixed,decaps,757958
3728,hybrid,fixed,decaps,814329
3729,hybrid,fixed,decaps,807259
3730,hybrid,fixed,decaps,814523
3731,hybrid,fixed,decaps,767705
3732,hybrid,fixed,decaps,758285
3733,hybrid,fixed,decaps,813552
3734,hybrid,fixed,decaps,803023
3735,hybrid,fixed,decaps,785196
3736,hybrid,fixed,decaps,781007
3737,hybrid,fixed,decaps,780659
3738,hybrid,fixed,decaps,760851
3739,hybrid,fixed,decaps,770299
3740,hybrid,fixed,decaps,761338
3741,hybrid,fixed,decaps,758185
3742,hybrid,fixed,decaps,758180
3743,hybrid,fixed,decaps,885140
3744,hybrid,fixed,decaps,809962
3745,hybrid,fixed,decaps,817508
3746,hybrid,fixed,decaps,786347
3747,hybrid,fixed,decaps,751626
3748,hybrid,fixed,decaps,778291
3749,hybrid,fixed,decaps,783547
3750,hybrid,fixed,decaps,776120
3751,hybrid,fixed,decaps,842608
3752,hybrid,fixed,decaps,795204
3753,hybrid,fixed,decaps,780337
3754,hybrid,fixed,decaps,780637
3755,hybrid,fixed,decaps,807680
3756,hybrid,fixed,decaps,782569
3757,hybrid,fixed,decaps,759492
3758,hybrid,fixed,decaps,772892
3759,hybrid,fixed,decaps,758205
3760,hybrid,fixed,decaps,757828
3761,hybrid,fixed,decaps,763475
3762,hybrid,fixed,decaps,758237
3763,hybrid,fixed,decaps,758029
3764,hybrid,fixed,decaps,773004
3765,hybrid,fixed,decaps,831629
3766,hybrid,fixed,decaps,814647
3767,hybrid,fixed,decaps,806055
3768,hybrid,fixed,decaps,876714
3769,hybrid,fixed,decaps,951685
3770,hybrid,fixed,decaps,785628
3771,hybrid,fixed,decaps,792292
3772,hybrid,fixed,decaps,781853
3773,hybrid,fixed,decaps,780932
3774,hybrid,fixed,decaps,822940
3775,hybrid,fixed,decaps,779097
3776,hybrid,fixed,decaps,779599
3777,hybrid,fixed,decaps,784800
3778,hybrid,fixed,decaps,759576
3779,hybrid,fixed,decaps,1362629
3780,hybrid,fixed,decaps,847941
3781,hybrid,fixed,decaps,782368
3782,hybrid,fixed,decaps,781295
3783,hybrid,fixed,decaps,781691
3784,hybrid,fixed,decaps,781788
3785,hybrid,fixed,decaps,814432
3786,hybrid,fixed,decaps,793899
3787,hybrid,fixed,decaps,758059
3788,hybrid,fixed,decaps,757439
3789,hybrid,fixed,decaps,762604
3790,hybrid,fixed,decaps,764270
3791,hybrid,fixed,decaps,758353
3792,hybrid,fixed,decaps,757921
3793,hybrid,fixed,decaps,757918
3794,hybrid,fixed,decaps,796670
3795,hybrid,fixed,decaps,862927
3796,hybrid,fixed,decaps,797053
3797,hybrid,fixed,decaps,735854
3798,hybrid,fixed,decaps,777902
3799,hybrid,fixed,decaps,795661
3800,hybrid,fixed,decaps,852551
3801,hybrid,fixed,decaps,784338
3802,hybrid,fixed,decaps,838334
3803,hybrid,fixed,decaps,783947
3804,hybrid,fixed,decaps,780975
3805,hybrid,fixed,decaps,826133
3806,hybrid,fixed,decaps,766456
3807,hybrid,fixed,decaps,757647
3808,hybrid,fixed,decaps,757450
3809,hybrid,fixed,decaps,757339
3810,hybrid,fixed,decaps,776765
3811,hybrid,fixed,decaps,808940
3812,hybrid,fixed,decaps,796763
3813,hybrid,fixed,decaps,780577
3814,hybrid,fixed,decaps,783247
3815,hybrid,fixed,decaps,763458
3816,hybrid,fixed,decaps,760791
3817,hybrid,fixed,decaps,805412
3818,hybrid,fixed,decaps,806145
3819,hybrid,fixed,decaps,788060
3820,hybrid,fixed,decaps,736142
3821,hybrid,fixed,decaps,780592
3822,hybrid,fixed,decaps,757350
3823,hybrid,fixed,decaps,757058
3824,hybrid,fixed,decaps,757085
3825,hybrid,fixed,decaps,757272
3826,hybrid,fixed,decaps,802708
3827,hybrid,fixed,decaps,759657
3828,hybrid,fixed,decaps,805004
3829,hybrid,fixed,decaps,806675
3830,hybrid,fixed,decaps,797614
3831,hybrid,fixed,decaps,806555
3832,hybrid,fixed,decaps,782545
3833,hybrid,fixed,decaps,780885
3834,hybrid,fixed,decaps,780603
3835,hybrid,fixed,decaps,801839
3836,hybrid,fixed,decaps,786802
3837,hybrid,fixed,decaps,780647
3838,hybrid,fixed,decaps,780136
3839,hybrid,fixed,decaps,780222
3840,hybrid,fixed,decaps,766383
3841,hybrid,fixed,decaps,799154
3842,hybrid,fixed,decaps,773776
3843,hybrid,fixed,decaps,736088
3844,hybrid,fixed,decaps,779487
3845,hybrid,fixed,decaps,757570
3846,hybrid,fixed,decaps,764409
3847,hybrid,fixed,decaps,758520
3848,hybrid,fixed,decaps,757574
3849,hybrid,fixed,decaps,783663
3850,hybrid,fixed,decaps,780437
3851,hybrid,fixed,decaps,780220
3852,hybrid,fixed,decaps,808749
3853,hybrid,fixed,decaps,782176
3854,hybrid,fixed,decaps,805114
3855,hybrid,fixed,decaps,782117
3856,hybrid,fixed,decaps,786543
3857,hybrid,fixed,decaps,832651
3858,hybrid,fixed,decaps,777868
3859,hybrid,fixed,decaps,758051
3860,hybrid,fixed,decaps,757741
3861,hybrid,fixed,decaps,757841
3862,hybrid,fixed,decaps,761508
3863,hybrid,fixed,decaps,758039
3864,hybrid,fixed,decaps,757833
3865,hybrid,fixed,decaps,757704
3866,hybrid,fixed,decaps,757669
3867,hybrid,fixed,decaps,806269
3868,hybrid,fixed,decaps,809938
3869,hybrid,fixed,decaps,781047
3870,hybrid,fixed,decaps,780979
3871,hybrid,fixed,decaps,780943
3872,hybrid,fixed,decaps,785811
3873,hybrid,fixed,decaps,802728
3874,hybrid,fixed,decaps,799095
3875,hybrid,fixed,decaps,736180
3876,hybrid,fixed,decaps,772002
3877,hybrid,fixed,decaps,765957
3878,hybrid,fixed,decaps,781068
3879,hybrid,fixed,decaps,764540
3880,hybrid,fixed,decaps,777238
3881,hybrid,fixed,decaps,759128
3882,hybrid,fixed,decaps,764598
3883,hybrid,fixed,decaps,780545
3884,hybrid,fixed,decaps,759316
3885,hybrid,fixed,decaps,758390
3886,hybrid,fixed,decaps,758426
3887,hybrid,fixed,decaps,772135
3888,hybrid,fixed,decaps,811750
3889,hybrid,fixed,decaps,800034
3890,hybrid,fixed,decaps,780663
3891,hybrid,fixed,decaps,780583
3892,hybrid,fixed,decaps,780711
3893,hybrid,fixed,decaps,783842
3894,hybrid,fixed,decaps,781039
3895,hybrid,fixed,decaps,782868
3896,hybrid,fixed,decaps,760826
3897,hybrid,fixed,decaps,758123
3898,hybrid,fixed,decaps,760491
3899,hybrid,fixed,decaps,757915
3900,hybrid,fixed,decaps,777541
3901,hybrid,fixed,decaps,806053
3902,hybrid,fixed,decaps,796763
3903,hybrid,fixed,decaps,784591
3904,hybrid,fixed,decaps,804574
3905,hybrid,fixed,decaps,783223
3906,hybrid,fixed,decaps,811454
3907,hybrid,fixed,decaps,782495
3908,hybrid,fixed,decaps,806474
3909,hybrid,fixed,decaps,792481
3910,hybrid,fixed,decaps,759333
3911,hybrid,fixed,decaps,758960
3912,hybrid,fixed,decaps,758232
3913,hybrid,fixed,decaps,763860
3914,hybrid,fixed,decaps,757985
3915,hybrid,fixed,decaps,757467
3916,hybrid,fixed,decaps,812433
3917,hybrid,fixed,decaps,804472
3918,hybrid,fixed,decaps,791006
3919,hybrid,fixed,decaps,781827
3920,hybrid,fixed,decaps,782687
3921,hybrid,fixed,decaps,782891
3922,hybrid,fixed,decaps,780935
3923,hybrid,fixed,decaps,785760
3924,hybrid,fixed,decaps,758946
3925,hybrid,fixed,decaps,758645
3926,hybrid,fixed,decaps,758885
3927,hybrid,fixed,decaps,782944
3928,hybrid,fixed,decaps,760627
3929,hybrid,fixed,decaps,765582
3930,hybrid,fixed,decaps,829737
3931,hybrid,fixed,decaps,829298
3932,hybrid,fixed,decaps,782608
3933,hybrid,fixed,decaps,781354
3934,hybrid,fixed,decaps,788199
3935,hybrid,fixed,decaps,801428
3936,hybrid,fixed,decaps,781425
3937,hybrid,fixed,decaps,780941
3938,hybrid,fixed,decaps,780461
3939,hybrid,fixed,decaps,785043
3940,hybrid,fixed,decaps,770475
3941,hybrid,fixed,decaps,769861
3942,hybrid,fixed,decaps,772229
3943,hybrid,fixed,decaps,805471
3944,hybrid,fixed,decaps,802792
3945,hybrid,fixed,decaps,781518
3946,hybrid,fixed,decaps,781263
3947,hybrid,fixed,decaps,784481
3948,hybrid,fixed,decaps,751519
3949,hybrid,fixed,decaps,787814
3950,hybrid,fixed,decaps,758893
3951,hybrid,fixed,decaps,773064
3952,hybrid,fixed,decaps,805608
3953,hybrid,fixed,decaps,797239
3954,hybrid,fixed,decaps,784248
3955,hybrid,fixed,decaps,809645
3956,hybrid,fixed,decaps,782495
3957,hybrid,fixed,decaps,780956
3958,hybrid,fixed,decaps,781265
3959,hybrid,fixed,decaps,788006
3960,hybrid,fixed,decaps,826794
3961,hybrid,fixed,decaps,775591
3962,hybrid,fixed,decaps,759201
3963,hybrid,fixed,decaps,758268
3964,hybrid,fixed,decaps,767698
3965,hybrid,fixed,decaps,774318
3966,hybrid,fixed,decaps,805063
3967,hybrid,fixed,decaps,798817
3968,hybrid,fixed,decaps,781200
3969,hybrid,fixed,decaps,786675
3970,hybrid,fixed,decaps,781448
3971,hybrid,fixed,decaps,780467
3972,hybrid,fixed,decaps,780224
3973,hybrid,fixed,decaps,779421
3974,hybrid,fixed,decaps,786690
3975,hybrid,fixed,decaps,759175
3976,hybrid,fixed,decaps,758137
3977,hybrid,fixed,decaps,758467
3978,hybrid,fixed,decaps,757960
3979,hybrid,fixed,decaps,758019
3980,hybrid,fixed,decaps,786499
3981,hybrid,fixed,decaps,759815
3982,hybrid,fixed,decaps,787107
3983,hybrid,fixed,decaps,805627
3984,hybrid,fixed,decaps,805555
3985,hybrid,fixed,decaps,803092
3986,hybrid,fixed,decaps,807056
3987,hybrid,fixed,decaps,764536
3988,hybrid,fixed,decaps,758575
3989,hybrid,fixed,decaps,758346
3990,hybrid,fixed,decaps,764170
3991,hybrid,fixed,decaps,758101
3992,hybrid,fixed,decaps,769291
3993,hybrid,fixed,decaps,775963
3994,hybrid,fixed,decaps,759578
3995,hybrid,fixed,decaps,801745
3996,hybrid,fixed,decaps,855378
3997,hybrid,fixed,decaps,782878
3998,hybrid,fixed,decaps,781531
3999,hybrid,fixed,decaps,781319
4000,hybrid,fixed,decaps,789129
4001,hybrid,fixed,decaps,813302
4002,hybrid,fixed,decaps,838224
4003,hybrid,fixed,decaps,761723
4004,hybrid,fixed,decaps,763077
4005,hybrid,fixed,decaps,765176
4006,hybrid,fixed,decaps,808188
4007,hybrid,fixed,decaps,819658
4008,hybrid,fixed,decaps,781377
4009,hybrid,fixed,decaps,781516
4010,hybrid,fixed,decaps,788298
4011,hybrid,fixed,decaps,781149
4012,hybrid,fixed,decaps,805485
4013,hybrid,fixed,decaps,761127
4014,hybrid,fixed,decaps,769560
4015,hybrid,fixed,decaps,764600
4016,hybrid,fixed,decaps,772543
4017,hybrid,fixed,decaps,804967
4018,hybrid,fixed,decaps,798796
4019,hybrid,fixed,decaps,780995
4020,hybrid,fixed,decaps,815160
4021,hybrid,fixed,decaps,741158
4022,hybrid,fixed,decaps,779874
4023,hybrid,fixed,decaps,758010
4024,hybrid,fixed,decaps,758040
4025,hybrid,fixed,decaps,757974
4026,hybrid,fixed,decaps,769119
4027,hybrid,fixed,decaps,758474
4028,hybrid,fixed,decaps,757789
4029,hybrid,fixed,decaps,776941
4030,hybrid,fixed,decaps,805354
4031,hybrid,fixed,decaps,812243
4032,hybrid,fixed,decaps,809045
4033,hybrid,fixed,decaps,782255
4034,hybrid,fixed,decaps,781049
4035,hybrid,fixed,decaps,781038
4036,hybrid,fixed,decaps,787213
4037,hybrid,fixed,decaps,781512
4038,hybrid,fixed,decaps,807885
4039,hybrid,fixed,decaps,755170
4040,hybrid,fixed,decaps,778586
4041,hybrid,fixed,decaps,764861
4042,hybrid,fixed,decaps,757989
4043,hybrid,fixed,decaps,773814
4044,hybrid,fixed,decaps,805336
4045,hybrid,fixed,decaps,805083
4046,hybrid,fixed,decaps,809884
4047,hybrid,fixed,decaps,781141
4048,hybrid,fixed,decaps,780898
4049,hybrid,fixed,decaps,780861
4050,hybrid,fixed,decaps,780942
4051,hybrid,fixed,decaps,786466
4052,hybrid,fixed,decaps,781052
4053,hybrid,fixed,decaps,780829
4054,hybrid,fixed,decaps,780917
4055,hybrid,fixed,decaps,784429
4056,hybrid,fixed,decaps,788762
4057,hybrid,fixed,decaps,761266
4058,hybrid,fixed,decaps,779841
4059,hybrid,fixed,decaps,758955
4060,hybrid,fixed,decaps,757868
4061,hybrid,fixed,decaps,764432
4062,hybrid,fixed,decaps,758448
4063,hybrid,fixed,decaps,778672
4064,hybrid,fixed,decaps,798841
4065,hybrid,fixed,decaps,810172
4066,hybrid,fixed,decaps,781275
4067,hybrid,fixed,decaps,787167
4068,hybrid,fixed,decaps,781426
4069,hybrid,fixed,decaps,786795
4070,hybrid,fixed,decaps,763025
4071,hybrid,fixed,decaps,757983
4072,hybrid,fixed,decaps,992741
4073,hybrid,fixed,decaps,761546
4074,hybrid,fixed,decaps,758692
4075,hybrid,fixed,decaps,760708
4076,hybrid,fixed,decaps,771553
4077,hybrid,fixed,decaps,811581
4078,hybrid,fixed,decaps,799637
4079,hybrid,fixed,decaps,780915
4080,hybrid,fixed,decaps,795029
4081,hybrid,fixed,decaps,762261
4082,hybrid,fixed,decaps,790695
4083,hybrid,fixed,decaps,766532
4084,hybrid,fixed,decaps,778712
4085,hybrid,fixed,decaps,758894
4086,hybrid,fixed,decaps,757549
4087,hybrid,fixed,decaps,764094
4088,hybrid,fixed,decaps,793214
4089,hybrid,fixed,decaps,836945
4090,hybrid,fixed,decaps,781683
4091,hybrid,fixed,decaps,781001
4092,hybrid,fixed,decaps,785964
4093,hybrid,fixed,decaps,780688
4094,hybrid,fixed,decaps,780777
4095,hybrid,fixed,decaps,780924
4096,hybrid,fixed,decaps,781797
4097,hybrid,fixed,decaps,794116
4098,hybrid,fixed,decaps,796885
4099,hybrid,fixed,decaps,828029
4100,hybrid,fixed,decaps,783352
4101,hybrid,fixed,decaps,780894
4102,hybrid,fixed,decaps,791869
4103,hybrid,fixed,decaps,782086
4104,hybrid,fixed,decaps,781081
4105,hybrid,fixed,decaps,780916
4106,hybrid,fixed,decaps,781128
4107,hybrid,fixed,decaps,818084
4108,hybrid,fixed,decaps,771859
4109,hybrid,fixed,decaps,787642
4110,hybrid,fixed,decaps,759215
4111,hybrid,fixed,decaps,758065
4112,hybrid,fixed,decaps,816013
4113,hybrid,fixed,decaps,830956
4114,hybrid,fixed,decaps,807451
4115,hybrid,fixed,decaps,782083
4116,hybrid,fixed,decaps,781853
4117,hybrid,fixed,decaps,1171368
4118,hybrid,fixed,decaps,760779
4119,hybrid,fixed,decaps,766093
4120,hybrid,fixed,decaps,758674
4121,hybrid,fixed,decaps,758305
4122,hybrid,fixed,decaps,762525
4123,hybrid,fixed,decaps,758488
4124,hybrid,fixed,decaps,757910
4125,hybrid,fixed,decaps,758061
4126,hybrid,fixed,decaps,757591
4127,hybrid,fixed,decaps,767981
4128,hybrid,fixed,decaps,758683
4129,hybrid,fixed,decaps,783728
4130,hybrid,fixed,decaps,811944
4131,hybrid,fixed,decaps,803912
4132,hybrid,fixed,decaps,790867
4133,hybrid,fixed,decaps,797775
4134,hybrid,fixed,decaps,736822
4135,hybrid,fixed,decaps,798007
4136,hybrid,fixed,decaps,759086
4137,hybrid,fixed,decaps,764824
4138,hybrid,fixed,decaps,758936
4139,hybrid,fixed,decaps,758189
4140,hybrid,fixed,decaps,778474
4141,hybrid,fixed,decaps,784530
4142,hybrid,fixed,decaps,817903
4143,hybrid,fixed,decaps,788199
4144,hybrid,fixed,decaps,780906
4145,hybrid,fixed,decaps,780695
4146,hybrid,fixed,decaps,781147
4147,hybrid,fixed,decaps,782968
4148,hybrid,fixed,decaps,786511
4149,hybrid,fixed,decaps,770364
4150,hybrid,fixed,decaps,767952
4151,hybrid,fixed,decaps,758229
4152,hybrid,fixed,decaps,758266
4153,hybrid,fixed,decaps,776137
4154,hybrid,fixed,decaps,761437
4155,hybrid,fixed,decaps,776472
4156,hybrid,fixed,decaps,759250
4157,hybrid,fixed,decaps,810357
4158,hybrid,fixed,decaps,810675
4159,hybrid,fixed,decaps,781446
4160,hybrid,fixed,decaps,807115
4161,hybrid,fixed,decaps,782449
4162,hybrid,fixed,decaps,767310
4163,hybrid,fixed,decaps,798343
4164,hybrid,fixed,decaps,759020
4165,hybrid,fixed,decaps,758738
4166,hybrid,fixed,decaps,834625
4167,hybrid,fixed,decaps,802509
4168,hybrid,fixed,decaps,786810
4169,hybrid,fixed,decaps,781664
4170,hybrid,fixed,decaps,781305
4171,hybrid,fixed,decaps,782024
4172,hybrid,fixed,decaps,773015
4173,hybrid,fixed,decaps,791751
4174,hybrid,fixed,decaps,759072
4175,hybrid,fixed,decaps,758373
4176,hybrid,fixed,decaps,758039
4177,hybrid,fixed,decaps,758275
4178,hybrid,fixed,decaps,758338
4179,hybrid,fixed,decaps,764681
4180,hybrid,fixed,decaps,811014
4181,hybrid,fixed,decaps,805657
4182,hybrid,fixed,decaps,781547
4183,hybrid,fixed,decaps,781460
4184,hybrid,fixed,decaps,787288
4185,hybrid,fixed,decaps,799148
4186,hybrid,fixed,decaps,791676
4187,hybrid,fixed,decaps,790650
4188,hybrid,fixed,decaps,759973
4189,hybrid,fixed,decaps,824943
4190,hybrid,fixed,decaps,801829
4191,hybrid,fixed,decaps,798245
4192,hybrid,fixed,decaps,793996
4193,hybrid,fixed,decaps,736452
4194,hybrid,fixed,decaps,789993
4195,hybrid,fixed,decaps,759013
4196,hybrid,fixed,decaps,757945
4197,hybrid,fixed,decaps,758068
4198,hybrid,fixed,decaps,757709
4199,hybrid,fixed,decaps,762275
4200,hybrid,fixed,decaps,758203
4201,hybrid,fixed,decaps,758255
4202,hybrid,fixed,decaps,757941
4203,hybrid,fixed,decaps,758118
4204,hybrid,fixed,decaps,760859
4205,hybrid,fixed,decaps,775431
4206,hybrid,fixed,decaps,805433
4207,hybrid,fixed,decaps,797997
4208,hybrid,fixed,decaps,781140
4209,hybrid,fixed,decaps,784589
4210,hybrid,fixed,decaps,781227
4211,hybrid,fixed,decaps,790810
4212,hybrid,fixed,decaps,794984
4213,hybrid,fixed,decaps,781856
4214,hybrid,fixed,decaps,789212
4215,hybrid,fixed,decaps,787152
4216,hybrid,fixed,decaps,754266
4217,hybrid,fixed,decaps,782313
4218,hybrid,fixed,decaps,768497
4219,hybrid,fixed,decaps,758771
4220,hybrid,fixed,decaps,763670
4221,hybrid,fixed,decaps,805746
4222,hybrid,fixed,decaps,808690
4223,hybrid,fixed,decaps,780837
4224,hybrid,fixed,decaps,784942
4225,hybrid,fixed,decaps,773900
4226,hybrid,fixed,decaps,777851
4227,hybrid,fixed,decaps,758343
4228,hybrid,fixed,decaps,758026
4229,hybrid,fixed,decaps,758218
4230,hybrid,fixed,decaps,763030
4231,hybrid,fixed,decaps,758446
4232,hybrid,fixed,decaps,758076
4233,hybrid,fixed,decaps,758013
4234,hybrid,fixed,decaps,758195
4235,hybrid,fixed,decaps,817358
4236,hybrid,fixed,decaps,806835
4237,hybrid,fixed,decaps,819014
4238,hybrid,fixed,decaps,786448
4239,hybrid,fixed,decaps,759593
4240,hybrid,fixed,decaps,788585
4241,hybrid,fixed,decaps,758693
4242,hybrid,fixed,decaps,758370
4243,hybrid,fixed,decaps,777378
4244,hybrid,fixed,decaps,760107
4245,hybrid,fixed,decaps,762777
4246,hybrid,fixed,decaps,758722
4247,hybrid,fixed,decaps,758271
4248,hybrid,fixed,decaps,758326
4249,hybrid,fixed,decaps,784423
4250,hybrid,fixed,decaps,816125
4251,hybrid,fixed,decaps,784383
4252,hybrid,fixed,decaps,781399
4253,hybrid,fixed,decaps,782366
4254,hybrid,fixed,decaps,781144
4255,hybrid,fixed,decaps,781286
4256,hybrid,fixed,decaps,786081
4257,hybrid,fixed,decaps,788999
4258,hybrid,fixed,decaps,769023
4259,hybrid,fixed,decaps,758698
4260,hybrid,fixed,decaps,758466
4261,hybrid,fixed,decaps,765212
4262,hybrid,fixed,decaps,876249
4263,hybrid,fixed,decaps,837653
4264,hybrid,fixed,decaps,783871
4265,hybrid,fixed,decaps,781804
4266,hybrid,fixed,decaps,790396
4267,hybrid,fixed,decaps,781360
4268,hybrid,fixed,decaps,780935
4269,hybrid,fixed,decaps,818778
4270,hybrid,fixed,decaps,753600
4271,hybrid,fixed,decaps,810738
4272,hybrid,fixed,decaps,867262
4273,hybrid,fixed,decaps,802053
4274,hybrid,fixed,decaps,759431
4275,hybrid,fixed,decaps,758710
4276,hybrid,fixed,decaps,822172
4277,hybrid,fixed,decaps,805570
4278,hybrid,fixed,decaps,781264
4279,hybrid,fixed,decaps,781124
4280,hybrid,fixed,decaps,781364
4281,hybrid,fixed,decaps,784890
4282,hybrid,fixed,decaps,781204
4283,hybrid,fixed,decaps,790261
4284,hybrid,fixed,decaps,736857
4285,hybrid,fixed,decaps,778964
4286,hybrid,fixed,decaps,761571
4287,hybrid,fixed,decaps,758529
4288,hybrid,fixed,decaps,758263
4289,hybrid,fixed,decaps,842409
4290,hybrid,fixed,decaps,800969
4291,hybrid,fixed,decaps,788763
4292,hybrid,fixed,decaps,788129
4293,hybrid,fixed,decaps,743355
4294,hybrid,fixed,decaps,779169
4295,hybrid,fixed,decaps,821636
4296,hybrid,fixed,decaps,814960
4297,hybrid,fixed,decaps,781869
4298,hybrid,fixed,decaps,781384
4299,hybrid,fixed,decaps,781448
4300,hybrid,fixed,decaps,771602
4301,hybrid,fixed,decaps,797040
4302,hybrid,fixed,decaps,759023
4303,hybrid,fixed,decaps,758576
4304,hybrid,fixed,decaps,758354
4305,hybrid,fixed,decaps,758769
4306,hybrid,fixed,decaps,776900
4307,hybrid,fixed,decaps,811248
4308,hybrid,fixed,decaps,797994
4309,hybrid,fixed,decaps,781209
4310,hybrid,fixed,decaps,787311
4311,hybrid,fixed,decaps,802609
4312,hybrid,fixed,decaps,778560
4313,hybrid,fixed,decaps,760292
4314,hybrid,fixed,decaps,762073
4315,hybrid,fixed,decaps,787446
4316,hybrid,fixed,decaps,768121
4317,hybrid,fixed,decaps,828611
4318,hybrid,fixed,decaps,766670
4319,hybrid,fixed,decaps,762261
4320,hybrid,fixed,decaps,769374
4321,hybrid,fixed,decaps,778609
4322,hybrid,fixed,decaps,823569
4323,hybrid,fixed,decaps,762411
4324,hybrid,fixed,decaps,765495
4325,hybrid,fixed,decaps,827396
4326,hybrid,fixed,decaps,826407
4327,hybrid,fixed,decaps,833411
4328,hybrid,fixed,decaps,796002
4329,hybrid,fixed,decaps,837843
4330,hybrid,fixed,decaps,868186
4331,hybrid,fixed,decaps,807415
4332,hybrid,fixed,decaps,796667
4333,hybrid,fixed,decaps,814294
4334,hybrid,fixed,decaps,805266
4335,hybrid,fixed,decaps,780913
4336,hybrid,fixed,decaps,781905
4337,hybrid,fixed,decaps,792108
4338,hybrid,fixed,decaps,781755
4339,hybrid,fixed,decaps,780477
4340,hybrid,fixed,decaps,809702
4341,hybrid,fixed,decaps,783702
4342,hybrid,fixed,decaps,820719
4343,hybrid,fixed,decaps,783160
4344,hybrid,fixed,decaps,780932
4345,hybrid,fixed,decaps,780942
4346,hybrid,fixed,decaps,804275
4347,hybrid,fixed,decaps,1141404
4348,hybrid,fixed,decaps,760522
4349,hybrid,fixed,decaps,760850
4350,hybrid,fixed,decaps,763457
4351,hybrid,fixed,decaps,758501
4352,hybrid,fixed,decaps,768166
4353,hybrid,fixed,decaps,758562
4354,hybrid,fixed,decaps,758125
4355,hybrid,fixed,decaps,758417
4356,hybrid,fixed,decaps,757853
4357,hybrid,fixed,decaps,766123
4358,hybrid,fixed,decaps,798665
4359,hybrid,fixed,decaps,810897
4360,hybrid,fixed,decaps,795769
4361,hybrid,fixed,decaps,805095
4362,hybrid,fixed,decaps,803218
4363,hybrid,fixed,decaps,790576
4364,hybrid,fixed,decaps,785465
4365,hybrid,fixed,decaps,797455
4366,hybrid,fixed,decaps,781444
4367,hybrid,fixed,decaps,784827
4368,hybrid,fixed,decaps,758857
4369,hybrid,fixed,decaps,757832
4370,hybrid,fixed,decaps,757834
4371,hybrid,fixed,decaps,782478
4372,hybrid,fixed,decaps,763412
4373,hybrid,fixed,decaps,784594
4374,hybrid,fixed,decaps,819118
4375,hybrid,fixed,decaps,780892
4376,hybrid,fixed,decaps,781042
4377,hybrid,fixed,decaps,791402
4378,hybrid,fixed,decaps,782151
4379,hybrid,fixed,decaps,781222
4380,hybrid,fixed,decaps,781061
4381,hybrid,fixed,decaps,781627
4382,hybrid,fixed,decaps,787430
4383,hybrid,fixed,decaps,781275
4384,hybrid,fixed,decaps,781309
4385,hybrid,fixed,decaps,802417
4386,hybrid,fixed,decaps,785995
4387,hybrid,fixed,decaps,809088
4388,hybrid,fixed,decaps,760298
4389,hybrid,fixed,decaps,758414
4390,hybrid,fixed,decaps,758186
4391,hybrid,fixed,decaps,758579
4392,hybrid,fixed,decaps,789659
4393,hybrid,fixed,decaps,763358
4394,hybrid,fixed,decaps,811875
4395,hybrid,fixed,decaps,804029
4396,hybrid,fixed,decaps,791326
4397,hybrid,fixed,decaps,805810
4398,hybrid,fixed,decaps,770001
4399,hybrid,fixed,decaps,758350
4400,hybrid,fixed,decaps,766170
4401,hybrid,fixed,decaps,783008
4402,hybrid,fixed,decaps,809057
4403,hybrid,fixed,decaps,802567
4404,hybrid,fixed,decaps,782311
4405,hybrid,fixed,decaps,762849
4406,hybrid,fixed,decaps,758224
4407,hybrid,fixed,decaps,757833
4408,hybrid,fixed,decaps,765524
4409,hybrid,fixed,decaps,758718
4410,hybrid,fixed,decaps,757707
4411,hybrid,fixed,decaps,757845
4412,hybrid,fixed,decaps,757770
4413,hybrid,fixed,decaps,766300
4414,hybrid,fixed,decaps,758489
4415,hybrid,fixed,decaps,757932
4416,hybrid,fixed,decaps,757918
4417,hybrid,fixed,decaps,757667
4418,hybrid,fixed,decaps,821906
4419,hybrid,fixed,decaps,807243
4420,hybrid,fixed,decaps,804774
4421,hybrid,fixed,decaps,796833
4422,hybrid,fixed,decaps,780627
4423,hybrid,fixed,decaps,856234
4424,hybrid,fixed,decaps,781712
4425,hybrid,fixed,decaps,780420
4426,hybrid,fixed,decaps,780432
4427,hybrid,fixed,decaps,785691
4428,hybrid,fixed,decaps,791778
4429,hybrid,fixed,decaps,797913
4430,hybrid,fixed,decaps,757835
4431,hybrid,fixed,decaps,757883
4432,hybrid,fixed,decaps,763260
4433,hybrid,fixed,decaps,774178
4434,hybrid,fixed,decaps,739955
4435,hybrid,fixed,decaps,776276
4436,hybrid,fixed,decaps,758186
4437,hybrid,fixed,decaps,758356
4438,hybrid,fixed,decaps,758284
4439,hybrid,fixed,decaps,761196
4440,hybrid,fixed,decaps,758520
4441,hybrid,fixed,decaps,758103
4442,hybrid,fixed,decaps,762315
4443,hybrid,fixed,decaps,775230
4444,hybrid,fixed,decaps,816230
4445,hybrid,fixed,decaps,782528
4446,hybrid,fixed,decaps,780648
4447,hybrid,fixed,decaps,780746
4448,hybrid,fixed,decaps,781253
4449,hybrid,fixed,decaps,804737
4450,hybrid,fixed,decaps,782012
4451,hybrid,fixed,decaps,781225
4452,hybrid,fixed,decaps,781040
4453,hybrid,fixed,decaps,780667
4454,hybrid,fixed,decaps,783182
4455,hybrid,fixed,decaps,792395
4456,hybrid,fixed,decaps,736398
4457,hybrid,fixed,decaps,780490
4458,hybrid,fixed,decaps,757750
4459,hybrid,fixed,decaps,760970
4460,hybrid,fixed,decaps,758137
4461,hybrid,fixed,decaps,817087
4462,hybrid,fixed,decaps,800060
4463,hybrid,fixed,decaps,778175
4464,hybrid,fixed,decaps,766536
4465,hybrid,fixed,decaps,758174
4466,hybrid,fixed,decaps,757200
4467,hybrid,fixed,decaps,757121
4468,hybrid,fixed,decaps,778844
4469,hybrid,fixed,decaps,804950
4470,hybrid,fixed,decaps,823350
4471,hybrid,fixed,decaps,783021
4472,hybrid,fixed,decaps,779650
4473,hybrid,fixed,decaps,766570
4474,hybrid,fixed,decaps,757974
4475,hybrid,fixed,decaps,790409
4476,hybrid,fixed,decaps,758945
4477,hybrid,fixed,decaps,757952
4478,hybrid,fixed,decaps,757898
4479,hybrid,fixed,decaps,758529
4480,hybrid,fixed,decaps,826694
4481,hybrid,fixed,decaps,808430
4482,hybrid,fixed,decaps,792401
4483,hybrid,fixed,decaps,736213
4484,hybrid,fixed,decaps,779220
4485,hybrid,fixed,decaps,764421
4486,hybrid,fixed,decaps,782586
4487,hybrid,fixed,decaps,805516
4488,hybrid,fixed,decaps,793524
4489,hybrid,fixed,decaps,781614
4490,hybrid,fixed,decaps,781334
4491,hybrid,fixed,decaps,767296
4492,hybrid,fixed,decaps,757786
4493,hybrid,fixed,decaps,757671
4494,hybrid,fixed,decaps,757916
4495,hybrid,fixed,decaps,760890
4496,hybrid,fixed,decaps,783046
4497,hybrid,fixed,decaps,758790
4498,hybrid,fixed,decaps,799772
4499,hybrid,fixed,decaps,831959
4500,hybrid,fixed,decaps,797373
4501,hybrid,fixed,decaps,737177
4502,hybrid,fixed,decaps,816378
4503,hybrid,fixed,decaps,803040
4504,hybrid,fixed,decaps,781583
4505,hybrid,fixed,decaps,796333
4506,hybrid,fixed,decaps,739648
4507,hybrid,fixed,decaps,779572
4508,hybrid,fixed,decaps,758188
4509,hybrid,fixed,decaps,758360
4510,hybrid,fixed,decaps,758865
4511,hybrid,fixed,decaps,762128
4512,hybrid,fixed,decaps,798999
4513,hybrid,fixed,decaps,831372
4514,hybrid,fixed,decaps,782538
4515,hybrid,fixed,decaps,781186
4516,hybrid,fixed,decaps,784702
4517,hybrid,fixed,decaps,773207
4518,hybrid,fixed,decaps,758751
4519,hybrid,fixed,decaps,758419
4520,hybrid,fixed,decaps,758261
4521,hybrid,fixed,decaps,849004
4522,hybrid,fixed,decaps,871959
4523,hybrid,fixed,decaps,783590
4524,hybrid,fixed,decaps,781474
4525,hybrid,fixed,decaps,804908
4526,hybrid,fixed,decaps,790110
4527,hybrid,fixed,decaps,780034
4528,hybrid,fixed,decaps,759642
4529,hybrid,fixed,decaps,758015
4530,hybrid,fixed,decaps,758041
4531,hybrid,fixed,decaps,762262
4532,hybrid,fixed,decaps,758016
4533,hybrid,fixed,decaps,765441
4534,hybrid,fixed,decaps,956776
4535,hybrid,fixed,decaps,784293
4536,hybrid,fixed,decaps,768973
4537,hybrid,fixed,decaps,784333
4538,hybrid,fixed,decaps,817573
4539,hybrid,fixed,decaps,781421
4540,hybrid,fixed,decaps,764389
4541,hybrid,fixed,decaps,815310
4542,hybrid,fixed,decaps,820641
4543,hybrid,fixed,decaps,781924
4544,hybrid,fixed,decaps,781440
4545,hybrid,fixed,decaps,781131
4546,hybrid,fixed,decaps,790356
4547,hybrid,fixed,decaps,781475
4548,hybrid,fixed,decaps,780998
4549,hybrid,fixed,decaps,780699
4550,hybrid,fixed,decaps,772912
4551,hybrid,fixed,decaps,902365
4552,hybrid,fixed,decaps,761771
4553,hybrid,fixed,decaps,757896
4554,hybrid,fixed,decaps,757955
4555,hybrid,fixed,decaps,758015
4556,hybrid,fixed,decaps,767450
4557,hybrid,fixed,decaps,759156
4558,hybrid,fixed,decaps,757802
4559,hybrid,fixed,decaps,757974
4560,hybrid,fixed,decaps,758054
4561,hybrid,fixed,decaps,757873
4562,hybrid,fixed,decaps,777590
4563,hybrid,fixed,decaps,806174
4564,hybrid,fixed,decaps,806472
4565,hybrid,fixed,decaps,789894
4566,hybrid,fixed,decaps,780476
4567,hybrid,fixed,decaps,786319
4568,hybrid,fixed,decaps,781368
4569,hybrid,fixed,decaps,782152
4570,hybrid,fixed,decaps,764419
4571,hybrid,fixed,decaps,757471
4572,hybrid,fixed,decaps,764877
4573,hybrid,fixed,decaps,758295
4574,hybrid,fixed,decaps,757834
4575,hybrid,fixed,decaps,758082
4576,hybrid,fixed,decaps,815606
4577,hybrid,fixed,decaps,833190
4578,hybrid,fixed,decaps,786317
4579,hybrid,fixed,decaps,764371
4580,hybrid,fixed,decaps,757427
4581,hybrid,fixed,decaps,808024
4582,hybrid,fixed,decaps,808897
4583,hybrid,fixed,decaps,780961
4584,hybrid,fixed,decaps,780668
4585,hybrid,fixed,decaps,780707
4586,hybrid,fixed,decaps,768491
4587,hybrid,fixed,decaps,770678
4588,hybrid,fixed,decaps,758076
4589,hybrid,fixed,decaps,757461
4590,hybrid,fixed,decaps,757742
4591,hybrid,fixed,decaps,757490
4592,hybrid,fixed,decaps,760236
4593,hybrid,fixed,decaps,757712
4594,hybrid,fixed,decaps,810166
4595,hybrid,fixed,decaps,805106
4596,hybrid,fixed,decaps,781029
4597,hybrid,fixed,decaps,798083
4598,hybrid,fixed,decaps,739423
4599,hybrid,fixed,decaps,779165
4600,hybrid,fixed,decaps,794543
4601,hybrid,fixed,decaps,811770
4602,hybrid,fixed,decaps,809251
4603,hybrid,fixed,decaps,804186
4604,hybrid,fixed,decaps,766676
4605,hybrid,fixed,decaps,771792
4606,hybrid,fixed,decaps,758008
4607,hybrid,fixed,decaps,758059
4608,hybrid,fixed,decaps,761195
4609,hybrid,fixed,decaps,758320
4610,hybrid,fixed,decaps,781135
4611,hybrid,fixed,decaps,804808
4612,hybrid,fixed,decaps,795056
4613,hybrid,fixed,decaps,784301
4614,hybrid,fixed,decaps,781054
4615,hybrid,fixed,decaps,793237
4616,hybrid,fixed,decaps,736548
4617,hybrid,fixed,decaps,779167
4618,hybrid,fixed,decaps,760701
4619,hybrid,fixed,decaps,758051
4620,hybrid,fixed,decaps,757778
4621,hybrid,fixed,decaps,813246
4622,hybrid,fixed,decaps,802415
4623,hybrid,fixed,decaps,784914
4624,hybrid,fixed,decaps,762570
4625,hybrid,fixed,decaps,758379
4626,hybrid,fixed,decaps,810544
4627,hybrid,fixed,decaps,833596
4628,hybrid,fixed,decaps,815560
4629,hybrid,fixed,decaps,761439
4630,hybrid,fixed,decaps,757976
4631,hybrid,fixed,decaps,809458
4632,hybrid,fixed,decaps,805973
4633,hybrid,fixed,decaps,784727
4634,hybrid,fixed,decaps,785017
4635,hybrid,fixed,decaps,752447
4636,hybrid,fixed,decaps,772967
4637,hybrid,fixed,decaps,758424
4638,hybrid,fixed,decaps,758411
4639,hybrid,fixed,decaps,762619
4640,hybrid,fixed,decaps,758106
4641,hybrid,fixed,decaps,776465
4642,hybrid,fixed,decaps,759135
4643,hybrid,fixed,decaps,757949
4644,hybrid,fixed,decaps,764239
4645,hybrid,fixed,decaps,758510
4646,hybrid,fixed,decaps,758173
4647,hybrid,fixed,decaps,757838
4648,hybrid,fixed,decaps,757776
4649,hybrid,fixed,decaps,808689
4650,hybrid,fixed,decaps,809006
4651,hybrid,fixed,decaps,780225
4652,hybrid,fixed,decaps,780411
4653,hybrid,fixed,decaps,805481
4654,hybrid,fixed,decaps,806648
4655,hybrid,fixed,decaps,782529
4656,hybrid,fixed,decaps,796387
4657,hybrid,fixed,decaps,737148
4658,hybrid,fixed,decaps,777890
4659,hybrid,fixed,decaps,763670
4660,hybrid,fixed,decaps,758156
4661,hybrid,fixed,decaps,758005
4662,hybrid,fixed,decaps,811587
4663,hybrid,fixed,decaps,803689
4664,hybrid,fixed,decaps,787447
4665,hybrid,fixed,decaps,796025
4666,hybrid,fixed,decaps,736392
4667,hybrid,fixed,decaps,774431
4668,hybrid,fixed,decaps,757936
4669,hybrid,fixed,decaps,763638
4670,hybrid,fixed,decaps,758919
4671,hybrid,fixed,decaps,758266
4672,hybrid,fixed,decaps,758165
4673,hybrid,fixed,decaps,782327
4674,hybrid,fixed,decaps,818030
4675,hybrid,fixed,decaps,785838
4676,hybrid,fixed,decaps,780709
4677,hybrid,fixed,decaps,780224
4678,hybrid,fixed,decaps,793718
4679,hybrid,fixed,decaps,760256
4680,hybrid,fixed,decaps,840141
4681,hybrid,fixed,decaps,759481
4682,hybrid,fixed,decaps,789879
4683,hybrid,fixed,decaps,814768
4684,hybrid,fixed,decaps,781282
4685,hybrid,fixed,decaps,795832
4686,hybrid,fixed,decaps,782021
4687,hybrid,fixed,decaps,785259
4688,hybrid,fixed,decaps,740810
4689,hybrid,fixed,decaps,777371
4690,hybrid,fixed,decaps,765092
4691,hybrid,fixed,decaps,791595
4692,hybrid,fixed,decaps,814149
4693,hybrid,fixed,decaps,781175
4694,hybrid,fixed,decaps,781073
4695,hybrid,fixed,decaps,787171
4696,hybrid,fixed,decaps,781424
4697,hybrid,fixed,decaps,810840
4698,hybrid,fixed,decaps,785903
4699,hybrid,fixed,decaps,781089
4700,hybrid,fixed,decaps,765068
4701,hybrid,fixed,decaps,758497
4702,hybrid,fixed,decaps,758609
4703,hybrid,fixed,decaps,815606
4704,hybrid,fixed,decaps,801844
4705,hybrid,fixed,decaps,865034
4706,hybrid,fixed,decaps,801685
4707,hybrid,fixed,decaps,741780
4708,hybrid,fixed,decaps,778717
4709,hybrid,fixed,decaps,758161
4710,hybrid,fixed,decaps,761590
4711,hybrid,fixed,decaps,758085
4712,hybrid,fixed,decaps,757951
4713,hybrid,fixed,decaps,758117
4714,hybrid,fixed,decaps,758098
4715,hybrid,fixed,decaps,758048
4716,hybrid,fixed,decaps,762944
4717,hybrid,fixed,decaps,808265
4718,hybrid,fixed,decaps,805626
4719,hybrid,fixed,decaps,781089
4720,hybrid,fixed,decaps,781083
4721,hybrid,fixed,decaps,784270
4722,hybrid,fixed,decaps,767018
4723,hybrid,fixed,decaps,769915
4724,hybrid,fixed,decaps,758188
4725,hybrid,fixed,decaps,766048
4726,hybrid,fixed,decaps,859909
4727,hybrid,fixed,decaps,803888
4728,hybrid,fixed,decaps,781633
4729,hybrid,fixed,decaps,760624
4730,hybrid,fixed,decaps,758494
4731,hybrid,fixed,decaps,790075
4732,hybrid,fixed,decaps,771038
4733,hybrid,fixed,decaps,758614
4734,hybrid,fixed,decaps,757595
4735,hybrid,fixed,decaps,757745
4736,hybrid,fixed,decaps,761440
4737,hybrid,fixed,decaps,782171
4738,hybrid,fixed,decaps,805649
4739,hybrid,fixed,decaps,794597
4740,hybrid,fixed,decaps,781346
4741,hybrid,fixed,decaps,784214
4742,hybrid,fixed,decaps,781301
4743,hybrid,fixed,decaps,785342
4744,hybrid,fixed,decaps,754067
4745,hybrid,fixed,decaps,775694
4746,hybrid,fixed,decaps,762138
4747,hybrid,fixed,decaps,758462
4748,hybrid,fixed,decaps,758503
4749,hybrid,fixed,decaps,803850
4750,hybrid,fixed,decaps,807633
4751,hybrid,fixed,decaps,793780
4752,hybrid,fixed,decaps,736951
4753,hybrid,fixed,decaps,778264
4754,hybrid,fixed,decaps,758359
4755,hybrid,fixed,decaps,783164
4756,hybrid,fixed,decaps,817495
4757,hybrid,fixed,decaps,890508
4758,hybrid,fixed,decaps,782803
4759,hybrid,fixed,decaps,780824
4760,hybrid,fixed,decaps,780948
4761,hybrid,fixed,decaps,780919
4762,hybrid,fixed,decaps,785202
4763,hybrid,fixed,decaps,781272
4764,hybrid,fixed,decaps,781492
4765,hybrid,fixed,decaps,780826
4766,hybrid,fixed,decaps,785485
4767,hybrid,fixed,decaps,757952
4768,hybrid,fixed,decaps,777207
4769,hybrid,fixed,decaps,774503
4770,hybrid,fixed,decaps,759266
4771,hybrid,fixed,decaps,758640
4772,hybrid,fixed,decaps,765279
4773,hybrid,fixed,decaps,758787
4774,hybrid,fixed,decaps,757869
4775,hybrid,fixed,decaps,758190
4776,hybrid,fixed,decaps,812240
4777,hybrid,fixed,decaps,808666
4778,hybrid,fixed,decaps,781011
4779,hybrid,fixed,decaps,780805
4780,hybrid,fixed,decaps,780665
4781,hybrid,fixed,decaps,763264
4782,hybrid,fixed,decaps,887371
4783,hybrid,fixed,decaps,911216
4784,hybrid,fixed,decaps,883130
4785,hybrid,fixed,decaps,882300
4786,hybrid,fixed,decaps,882236
4787,hybrid,fixed,decaps,780409
4788,hybrid,fixed,decaps,759008
4789,hybrid,fixed,decaps,758479
4790,hybrid,fixed,decaps,758329
4791,hybrid,fixed,decaps,758389
4792,hybrid,fixed,decaps,820403
4793,hybrid,fixed,decaps,804219
4794,hybrid,fixed,decaps,815899
4795,hybrid,fixed,decaps,762870
4796,hybrid,fixed,decaps,758265
4797,hybrid,fixed,decaps,762399
4798,hybrid,fixed,decaps,758136
4799,hybrid,fixed,decaps,757652
4800,hybrid,fixed,decaps,757769
4801,hybrid,fixed,decaps,758035
4802,hybrid,fixed,decaps,760677
4803,hybrid,fixed,decaps,758130
4804,hybrid,fixed,decaps,758004
4805,hybrid,fixed,decaps,811250
4806,hybrid,fixed,decaps,803181
4807,hybrid,fixed,decaps,841007
4808,hybrid,fixed,decaps,855262
4809,hybrid,fixed,decaps,782348
4810,hybrid,fixed,decaps,781181
4811,hybrid,fixed,decaps,784088
4812,hybrid,fixed,decaps,766529
4813,hybrid,fixed,decaps,763932
4814,hybrid,fixed,decaps,758416
4815,hybrid,fixed,decaps,808756
4816,hybrid,fixed,decaps,804530
4817,hybrid,fixed,decaps,789722
4818,hybrid,fixed,decaps,737390
4819,hybrid,fixed,decaps,736603
4820,hybrid,fixed,decaps,775805
4821,hybrid,fixed,decaps,779353
4822,hybrid,fixed,decaps,781133
4823,hybrid,fixed,decaps,784287
4824,hybrid,fixed,decaps,781218
4825,hybrid,fixed,decaps,781218
4826,hybrid,fixed,decaps,780944
4827,hybrid,fixed,decaps,780982
4828,hybrid,fixed,decaps,784238
4829,hybrid,fixed,decaps,768544
4830,hybrid,fixed,decaps,770636
4831,hybrid,fixed,decaps,758504
4832,hybrid,fixed,decaps,758175
4833,hybrid,fixed,decaps,784631
4834,hybrid,fixed,decaps,782545
4835,hybrid,fixed,decaps,759295
4836,hybrid,fixed,decaps,758008
4837,hybrid,fixed,decaps,758399
4838,hybrid,fixed,decaps,764294
4839,hybrid,fixed,decaps,758431
4840,hybrid,fixed,decaps,758100
4841,hybrid,fixed,decaps,758108
4842,hybrid,fixed,decaps,757993
4843,hybrid,fixed,decaps,763639
4844,hybrid,fixed,decaps,758066
4845,hybrid,fixed,decaps,757296
4846,hybrid,fixed,decaps,804276
4847,hybrid,fixed,decaps,807227
4848,hybrid,fixed,decaps,793608
4849,hybrid,fixed,decaps,786508
4850,hybrid,fixed,decaps,754286
4851,hybrid,fixed,decaps,775551
4852,hybrid,fixed,decaps,758387
4853,hybrid,fixed,decaps,771107
4854,hybrid,fixed,decaps,808674
4855,hybrid,fixed,decaps,800626
4856,hybrid,fixed,decaps,781209
4857,hybrid,fixed,decaps,781180
4858,hybrid,fixed,decaps,781014
4859,hybrid,fixed,decaps,807179
4860,hybrid,fixed,decaps,793280
4861,hybrid,fixed,decaps,737781
4862,hybrid,fixed,decaps,763636
4863,hybrid,fixed,decaps,758316
4864,hybrid,fixed,decaps,766309
4865,hybrid,fixed,decaps,758337
4866,hybrid,fixed,decaps,757880
4867,hybrid,fixed,decaps,758175
4868,hybrid,fixed,decaps,789978
4869,hybrid,fixed,decaps,786185
4870,hybrid,fixed,decaps,781176
4871,hybrid,fixed,decaps,781058
4872,hybrid,fixed,decaps,780823
4873,hybrid,fixed,decaps,780622
4874,hybrid,fixed,decaps,784145
4875,hybrid,fixed,decaps,781164
4876,hybrid,fixed,decaps,780975
4877,hybrid,fixed,decaps,781151
4878,hybrid,fixed,decaps,781030
4879,hybrid,fixed,decaps,789044
4880,hybrid,fixed,decaps,736811
4881,hybrid,fixed,decaps,736509
4882,hybrid,fixed,decaps,776556
4883,hybrid,fixed,decaps,758223
4884,hybrid,fixed,decaps,758366
4885,hybrid,fixed,decaps,780959
4886,hybrid,fixed,decaps,787301
4887,hybrid,fixed,decaps,782757
4888,hybrid,fixed,decaps,790154
4889,hybrid,fixed,decaps,757642
4890,hybrid,fixed,decaps,765939
4891,hybrid,fixed,decaps,758439
4892,hybrid,fixed,decaps,776746
4893,hybrid,fixed,decaps,780956
4894,hybrid,fixed,decaps,781255
4895,hybrid,fixed,decaps,784433
4896,hybrid,fixed,decaps,781286
4897,hybrid,fixed,decaps,808132
4898,hybrid,fixed,decaps,737051
4899,hybrid,fixed,decaps,781145
4900,hybrid,fixed,decaps,762178
4901,hybrid,fixed,decaps,757787
4902,hybrid,fixed,decaps,757443
4903,hybrid,fixed,decaps,757636
4904,hybrid,fixed,decaps,757725
4905,hybrid,fixed,decaps,761976
4906,hybrid,fixed,decaps,757846
4907,hybrid,fixed,decaps,757827
4908,hybrid,fixed,decaps,757614
4909,hybrid,fixed,decaps,757773
4910,hybrid,fixed,decaps,772595
4911,hybrid,fixed,decaps,792128
4912,hybrid,fixed,decaps,820424
4913,hybrid,fixed,decaps,782520
4914,hybrid,fixed,decaps,781318
4915,hybrid,fixed,decaps,781379
4916,hybrid,fixed,decaps,787704
4917,hybrid,fixed,decaps,780629
4918,hybrid,fixed,decaps,777852
4919,hybrid,fixed,decaps,765802
4920,hybrid,fixed,decaps,758604
4921,hybrid,fixed,decaps,763475
4922,hybrid,fixed,decaps,758217
4923,hybrid,fixed,decaps,757984
4924,hybrid,fixed,decaps,758278
4925,hybrid,fixed,decaps,816333
4926,hybrid,fixed,decaps,806879
4927,hybrid,fixed,decaps,779766
4928,hybrid,fixed,decaps,765684
4929,hybrid,fixed,decaps,758428
4930,hybrid,fixed,decaps,758042
4931,hybrid,fixed,decaps,762100
4932,hybrid,fixed,decaps,780991
4933,hybrid,fixed,decaps,805327
4934,hybrid,fixed,decaps,795146
4935,hybrid,fixed,decaps,767585
4936,hybrid,fixed,decaps,773098
4937,hybrid,fixed,decaps,773353
4938,hybrid,fixed,decaps,780363
4939,hybrid,fixed,decaps,759388
4940,hybrid,fixed,decaps,758147
4941,hybrid,fixed,decaps,790680
4942,hybrid,fixed,decaps,810511
4943,hybrid,fixed,decaps,753985
4944,hybrid,fixed,decaps,777231
4945,hybrid,fixed,decaps,788380
4946,hybrid,fixed,decaps,820539
4947,hybrid,fixed,decaps,781840
4948,hybrid,fixed,decaps,761193
4949,hybrid,fixed,decaps,773832
4950,hybrid,fixed,decaps,758331
4951,hybrid,fixed,decaps,758346
4952,hybrid,fixed,decaps,761284
4953,hybrid,fixed,decaps,758140
4954,hybrid,fixed,decaps,785071
4955,hybrid,fixed,decaps,836053
4956,hybrid,fixed,decaps,781733
4957,hybrid,fixed,decaps,786604
4958,hybrid,fixed,decaps,781066
4959,hybrid,fixed,decaps,785906
4960,hybrid,fixed,decaps,740206
4961,hybrid,fixed,decaps,776831
4962,hybrid,fixed,decaps,764435
4963,hybrid,fixed,decaps,778512
4964,hybrid,fixed,decaps,804528
4965,hybrid,fixed,decaps,806585
4966,hybrid,fixed,decaps,797064
4967,hybrid,fixed,decaps,799088
4968,hybrid,fixed,decaps,770382
4969,hybrid,fixed,decaps,758507
4970,hybrid,fixed,decaps,758099
4971,hybrid,fixed,decaps,758425
4972,hybrid,fixed,decaps,771302
4973,hybrid,fixed,decaps,758986
4974,hybrid,fixed,decaps,758293
4975,hybrid,fixed,decaps,758153
4976,hybrid,fixed,decaps,794406
4977,hybrid,fixed,decaps,819077
4978,hybrid,fixed,decaps,784932
4979,hybrid,fixed,decaps,751044
4980,hybrid,fixed,decaps,777372
4981,hybrid,fixed,decaps,758002
4982,hybrid,fixed,decaps,758080
4983,hybrid,fixed,decaps,763976
4984,hybrid,fixed,decaps,809475
4985,hybrid,fixed,decaps,804422
4986,hybrid,fixed,decaps,780610
4987,hybrid,fixed,decaps,811708
4988,hybrid,fixed,decaps,755262
4989,hybrid,fixed,decaps,844923
4990,hybrid,fixed,decaps,783862
4991,hybrid,fixed,decaps,758799
4992,hybrid,fixed,decaps,757640
4993,hybrid,fixed,decaps,764121
4994,hybrid,fixed,decaps,758853
4995,hybrid,fixed,decaps,784817
4996,hybrid,fixed,decaps,817384
4997,hybrid,fixed,decaps,781063
4998,hybrid,fixed,decaps,785018
4999,hybrid,fixed,decaps,778123
5000,hybrid,fixed,decaps,766198
5001,hybrid,fixed,decaps,758500
5002,hybrid,fixed,decaps,758059
5003,hybrid,fixed,decaps,761015
5004,hybrid,fixed,decaps,758134
5005,hybrid,fixed,decaps,758109
5006,hybrid,fixed,decaps,757900
5007,hybrid,fixed,decaps,757983
5008,hybrid,fixed,decaps,790149
5009,hybrid,fixed,decaps,816940
5010,hybrid,fixed,decaps,781204
5011,hybrid,fixed,decaps,762203
5012,hybrid,fixed,decaps,773363
5013,hybrid,fixed,decaps,760968
5014,hybrid,fixed,decaps,758057
5015,hybrid,fixed,decaps,779677
5016,hybrid,fixed,decaps,781451
5017,hybrid,fixed,decaps,789727
5018,hybrid,fixed,decaps,815942
5019,hybrid,fixed,decaps,789109
5020,hybrid,fixed,decaps,781290
5021,hybrid,fixed,decaps,775331
5022,hybrid,fixed,decaps,761271
5023,hybrid,fixed,decaps,758651
5024,hybrid,fixed,decaps,763117
5025,hybrid,fixed,decaps,774544
5026,hybrid,fixed,decaps,759013
5027,hybrid,fixed,decaps,758396
5028,hybrid,fixed,decaps,758485
5029,hybrid,fixed,decaps,764611
5030,hybrid,fixed,decaps,791915
5031,hybrid,fixed,decaps,813963
5032,hybrid,fixed,decaps,781130
5033,hybrid,fixed,decaps,780842
5034,hybrid,fixed,decaps,786896
5035,hybrid,fixed,decaps,781227
5036,hybrid,fixed,decaps,793856
5037,hybrid,fixed,decaps,749508
5038,hybrid,fixed,decaps,781777
5039,hybrid,fixed,decaps,764719
5040,hybrid,fixed,decaps,759147
5041,hybrid,fixed,decaps,776992
5042,hybrid,fixed,decaps,784239
5043,hybrid,fixed,decaps,759297
5044,hybrid,fixed,decaps,867813
5045,hybrid,fixed,decaps,804420
5046,hybrid,fixed,decaps,846430
5047,hybrid,fixed,decaps,783108
5048,hybrid,fixed,decaps,781353
5049,hybrid,fixed,decaps,788706
5050,hybrid,fixed,decaps,781402
5051,hybrid,fixed,decaps,780701
5052,hybrid,fixed,decaps,781117
5053,hybrid,fixed,decaps,780958
5054,hybrid,fixed,decaps,811051
5055,hybrid,fixed,decaps,760971
5056,hybrid,fixed,decaps,758396
5057,hybrid,fixed,decaps,758306
5058,hybrid,fixed,decaps,758207
5059,hybrid,fixed,decaps,758091
5060,hybrid,fixed,decaps,764717
5061,hybrid,fixed,decaps,758471
5062,hybrid,fixed,decaps,758168
5063,hybrid,fixed,decaps,758790
5064,hybrid,fixed,decaps,758374
5065,hybrid,fixed,decaps,764290
5066,hybrid,fixed,decaps,758518
5067,hybrid,fixed,decaps,805106
5068,hybrid,fixed,decaps,843062
5069,hybrid,fixed,decaps,782363
5070,hybrid,fixed,decaps,790484
5071,hybrid,fixed,decaps,774304
5072,hybrid,fixed,decaps,781775
5073,hybrid,fixed,decaps,805173
5074,hybrid,fixed,decaps,794325
5075,hybrid,fixed,decaps,785135
5076,hybrid,fixed,decaps,772171
5077,hybrid,fixed,decaps,781323
5078,hybrid,fixed,decaps,805611
5079,hybrid,fixed,decaps,796877
5080,hybrid,fixed,decaps,774416
5081,hybrid,fixed,decaps,771747
5082,hybrid,fixed,decaps,758490
5083,hybrid,fixed,decaps,758788
5084,hybrid,fixed,decaps,758850
5085,hybrid,fixed,decaps,761721
5086,hybrid,fixed,decaps,776038
5087,hybrid,fixed,decaps,805603
5088,hybrid,fixed,decaps,796908
5089,hybrid,fixed,decaps,780623
5090,hybrid,fixed,decaps,787758
5091,hybrid,fixed,decaps,754966
5092,hybrid,fixed,decaps,758123
5093,hybrid,fixed,decaps,831762
5094,hybrid,fixed,decaps,830492
5095,hybrid,fixed,decaps,821533
5096,hybrid,fixed,decaps,741708
5097,hybrid,fixed,decaps,780012
5098,hybrid,fixed,decaps,758127
5099,hybrid,fixed,decaps,790729
5100,hybrid,fixed,decaps,822912
5101,hybrid,fixed,decaps,782109
5102,hybrid,fixed,decaps,758660
5103,hybrid,fixed,decaps,774522
5104,hybrid,fixed,decaps,758810
5105,hybrid,fixed,decaps,757934
5106,hybrid,fixed,decaps,824965
5107,hybrid,fixed,decaps,769877
5108,hybrid,fixed,decaps,772921
5109,hybrid,fixed,decaps,758425
5110,hybrid,fixed,decaps,758250
5111,hybrid,fixed,decaps,769423
5112,hybrid,fixed,decaps,758386
5113,hybrid,fixed,decaps,757824
5114,hybrid,fixed,decaps,757494
5115,hybrid,fixed,decaps,758097
5116,hybrid,fixed,decaps,799274
5117,hybrid,fixed,decaps,787867
5118,hybrid,fixed,decaps,815663
5119,hybrid,fixed,decaps,930325
5120,hybrid,fixed,decaps,857753
5121,hybrid,fixed,decaps,813678
5122,hybrid,fixed,decaps,758322
5123,hybrid,fixed,decaps,783512
5124,hybrid,fixed,decaps,817072
5125,hybrid,fixed,decaps,780709
5126,hybrid,fixed,decaps,785932
5127,hybrid,fixed,decaps,773455
5128,hybrid,fixed,decaps,781454
5129,hybrid,fixed,decaps,805163
5130,hybrid,fixed,decaps,823081
5131,hybrid,fixed,decaps,785853
5132,hybrid,fixed,decaps,773076
5133,hybrid,fixed,decaps,1243856
5134,hybrid,fixed,decaps,808156
5135,hybrid,fixed,decaps,814418
5136,hybrid,fixed,decaps,810674
5137,hybrid,fixed,decaps,771573
5138,hybrid,fixed,decaps,758202
5139,hybrid,fixed,decaps,763075
5140,hybrid,fixed,decaps,764184
5141,hybrid,fixed,decaps,759224
5142,hybrid,fixed,decaps,810528
5143,hybrid,fixed,decaps,824550
5144,hybrid,fixed,decaps,808010
5145,hybrid,fixed,decaps,782405
5146,hybrid,fixed,decaps,787274
5147,hybrid,fixed,decaps,762755
5148,hybrid,fixed,decaps,766695
5149,hybrid,fixed,decaps,758383
5150,hybrid,fixed,decaps,758017
5151,hybrid,fixed,decaps,820910
5152,hybrid,fixed,decaps,802558
5153,hybrid,fixed,decaps,800119
5154,hybrid,fixed,decaps,766928
5155,hybrid,fixed,decaps,758913
5156,hybrid,fixed,decaps,765808
5157,hybrid,fixed,decaps,758700
5158,hybrid,fixed,decaps,785178
5159,hybrid,fixed,decaps,817237
5160,hybrid,fixed,decaps,781016
5161,hybrid,fixed,decaps,787445
5162,hybrid,fixed,decaps,777688
5163,hybrid,fixed,decaps,765529
5164,hybrid,fixed,decaps,758644
5165,hybrid,fixed,decaps,757954
5166,hybrid,fixed,decaps,802907
5167,hybrid,fixed,decaps,811431
5168,hybrid,fixed,decaps,797451
5169,hybrid,fixed,decaps,756456
5170,hybrid,fixed,decaps,803163
5171,hybrid,fixed,decaps,806507
5172,hybrid,fixed,decaps,810890
5173,hybrid,fixed,decaps,797101
5174,hybrid,fixed,decaps,745304
5175,hybrid,fixed,decaps,768547
5176,hybrid,fixed,decaps,763251
5177,hybrid,fixed,decaps,758252
5178,hybrid,fixed,decaps,758210
5179,hybrid,fixed,decaps,808906
5180,hybrid,fixed,decaps,787557
5181,hybrid,fixed,decaps,771438
5182,hybrid,fixed,decaps,758692
5183,hybrid,fixed,decaps,758609
5184,hybrid,fixed,decaps,758105
5185,hybrid,fixed,decaps,758256
5186,hybrid,fixed,decaps,758212
5187,hybrid,fixed,decaps,761134
5188,hybrid,fixed,decaps,758598
5189,hybrid,fixed,decaps,789114
5190,hybrid,fixed,decaps,805587
5191,hybrid,fixed,decaps,805371
5192,hybrid,fixed,decaps,799598
5193,hybrid,fixed,decaps,784544
5194,hybrid,fixed,decaps,767498
5195,hybrid,fixed,decaps,848300
5196,hybrid,fixed,decaps,759891
5197,hybrid,fixed,decaps,765739
5198,hybrid,fixed,decaps,758933
5199,hybrid,fixed,decaps,758632
5200,hybrid,fixed,decaps,758251
5201,hybrid,fixed,decaps,758333
5202,hybrid,fixed,decaps,763109
5203,hybrid,fixed,decaps,758533
5204,hybrid,fixed,decaps,758028
5205,hybrid,fixed,decaps,762347
5206,hybrid,fixed,decaps,817821
5207,hybrid,fixed,decaps,812254
5208,hybrid,fixed,decaps,812987
5209,hybrid,fixed,decaps,938607
5210,hybrid,fixed,decaps,781228
5211,hybrid,fixed,decaps,764446
5212,hybrid,fixed,decaps,766053
5213,hybrid,fixed,decaps,758723
5214,hybrid,fixed,decaps,758230
5215,hybrid,fixed,decaps,758080
5216,hybrid,fixed,decaps,758156
5217,hybrid,fixed,decaps,796153
5218,hybrid,fixed,decaps,815933
5219,hybrid,fixed,decaps,781391
5220,hybrid,fixed,decaps,820532
5221,hybrid,fixed,decaps,830450
5222,hybrid,fixed,decaps,823280
5223,hybrid,fixed,decaps,763567
5224,hybrid,fixed,decaps,757843
5225,hybrid,fixed,decaps,757147
5226,hybrid,fixed,decaps,758164
5227,hybrid,fixed,decaps,760476
5228,hybrid,fixed,decaps,757644
5229,hybrid,fixed,decaps,757564
5230,hybrid,fixed,decaps,798889
5231,hybrid,fixed,decaps,809690
5232,hybrid,fixed,decaps,780762
5233,hybrid,fixed,decaps,784021
5234,hybrid,fixed,decaps,780552
5235,hybrid,fixed,decaps,762898
5236,hybrid,fixed,decaps,758049
5237,hybrid,fixed,decaps,758163
5238,hybrid,fixed,decaps,760842
5239,hybrid,fixed,decaps,758296
5240,hybrid,fixed,decaps,784280
5241,hybrid,fixed,decaps,817554
5242,hybrid,fixed,decaps,781055
5243,hybrid,fixed,decaps,787204
5244,hybrid,fixed,decaps,758424
5245,hybrid,fixed,decaps,762781
5246,hybrid,fixed,decaps,795738
5247,hybrid,fixed,decaps,792452
5248,hybrid,fixed,decaps,767895
5249,hybrid,fixed,decaps,758840
5250,hybrid,fixed,decaps,758375
5251,hybrid,fixed,decaps,758267
5252,hybrid,fixed,decaps,758057
5253,hybrid,fixed,decaps,793482
5254,hybrid,fixed,decaps,816584
5255,hybrid,fixed,decaps,780760
5256,hybrid,fixed,decaps,780865
5257,hybrid,fixed,decaps,781081
5258,hybrid,fixed,decaps,784720
5259,hybrid,fixed,decaps,785778
5260,hybrid,fixed,decaps,757786
5261,hybrid,fixed,decaps,779286
5262,hybrid,fixed,decaps,758265
5263,hybrid,fixed,decaps,758068
5264,hybrid,fixed,decaps,762029
5265,hybrid,fixed,decaps,758511
5266,hybrid,fixed,decaps,793041
5267,hybrid,fixed,decaps,813181
5268,hybrid,fixed,decaps,781218
5269,hybrid,fixed,decaps,784173
5270,hybrid,fixed,decaps,766552
5271,hybrid,fixed,decaps,792724
5272,hybrid,fixed,decaps,786217
5273,hybrid,fixed,decaps,759424
5274,hybrid,fixed,decaps,761867
5275,hybrid,fixed,decaps,797964
5276,hybrid,fixed,decaps,811932
5277,hybrid,fixed,decaps,781146
5278,hybrid,fixed,decaps,781304
5279,hybrid,fixed,decaps,784372
5280,hybrid,fixed,decaps,781295
5281,hybrid,fixed,decaps,805606
5282,hybrid,fixed,decaps,742205
5283,hybrid,fixed,decaps,778674
5284,hybrid,fixed,decaps,765149
5285,hybrid,fixed,decaps,758652
5286,hybrid,fixed,decaps,758139
5287,hybrid,fixed,decaps,758367
5288,hybrid,fixed,decaps,758189
5289,hybrid,fixed,decaps,763598
5290,hybrid,fixed,decaps,758178
5291,hybrid,fixed,decaps,758171
5292,hybrid,fixed,decaps,757982
5293,hybrid,fixed,decaps,758939
5294,hybrid,fixed,decaps,758223
5295,hybrid,fixed,decaps,763487
5296,hybrid,fixed,decaps,811341
5297,hybrid,fixed,decaps,824829
5298,hybrid,fixed,decaps,807465
5299,hybrid,fixed,decaps,783722
5300,hybrid,fixed,decaps,788180
5301,hybrid,fixed,decaps,781715
5302,hybrid,fixed,decaps,894193
5303,hybrid,fixed,decaps,882747
5304,hybrid,fixed,decaps,867002
5305,hybrid,fixed,decaps,780423
5306,hybrid,fixed,decaps,805685
5307,hybrid,fixed,decaps,798139
5308,hybrid,fixed,decaps,780928
5309,hybrid,fixed,decaps,788116
5310,hybrid,fixed,decaps,781542
5311,hybrid,fixed,decaps,781127
5312,hybrid,fixed,decaps,780751
5313,hybrid,fixed,decaps,780795
5314,hybrid,fixed,decaps,785149
5315,hybrid,fixed,decaps,781047
5316,hybrid,fixed,decaps,780738
5317,hybrid,fixed,decaps,780954
5318,hybrid,fixed,decaps,781040
5319,hybrid,fixed,decaps,780908
5320,hybrid,fixed,decaps,827842
5321,hybrid,fixed,decaps,784073
5322,hybrid,fixed,decaps,785695
5323,hybrid,fixed,decaps,805861
5324,hybrid,fixed,decaps,809350
5325,hybrid,fixed,decaps,792305
5326,hybrid,fixed,decaps,780848
5327,hybrid,fixed,decaps,773245
5328,hybrid,fixed,decaps,768442
5329,hybrid,fixed,decaps,758200
5330,hybrid,fixed,decaps,764635
5331,hybrid,fixed,decaps,758255
5332,hybrid,fixed,decaps,757793
5333,hybrid,fixed,decaps,757736
5334,hybrid,fixed,decaps,757875
5335,hybrid,fixed,decaps,761325
5336,hybrid,fixed,decaps,758047
5337,hybrid,fixed,decaps,774928
5338,hybrid,fixed,decaps,804982
5339,hybrid,fixed,decaps,797663
5340,hybrid,fixed,decaps,784263
5341,hybrid,fixed,decaps,785331
5342,hybrid,fixed,decaps,740732
5343,hybrid,fixed,decaps,778768
5344,hybrid,fixed,decaps,757792
5345,hybrid,fixed,decaps,761415
5346,hybrid,fixed,decaps,757891
5347,hybrid,fixed,decaps,757956
5348,hybrid,fixed,decaps,757637
5349,hybrid,fixed,decaps,778662
5350,hybrid,fixed,decaps,790235
5351,hybrid,fixed,decaps,759478
5352,hybrid,fixed,decaps,757655
5353,hybrid,fixed,decaps,798283
5354,hybrid,fixed,decaps,810405
5355,hybrid,fixed,decaps,781082
5356,hybrid,fixed,decaps,784319
5357,hybrid,fixed,decaps,780907
5358,hybrid,fixed,decaps,780960
5359,hybrid,fixed,decaps,781093
5360,hybrid,fixed,decaps,780708
5361,hybrid,fixed,decaps,760974
5362,hybrid,fixed,decaps,771615
5363,hybrid,fixed,decaps,757991
5364,hybrid,fixed,decaps,757611
5365,hybrid,fixed,decaps,757900
5366,hybrid,fixed,decaps,809448
5367,hybrid,fixed,decaps,760455
5368,hybrid,fixed,decaps,758008
5369,hybrid,fixed,decaps,757827
5370,hybrid,fixed,decaps,757951
5371,hybrid,fixed,decaps,764999
5372,hybrid,fixed,decaps,758522
5373,hybrid,fixed,decaps,758127
5374,hybrid,fixed,decaps,758080
5375,hybrid,fixed,decaps,776806
5376,hybrid,fixed,decaps,848229
5377,hybrid,fixed,decaps,832926
5378,hybrid,fixed,decaps,814986
5379,hybrid,fixed,decaps,782001
5380,hybrid,fixed,decaps,781247
5381,hybrid,fixed,decaps,787868
5382,hybrid,fixed,decaps,781576
5383,hybrid,fixed,decaps,781139
5384,hybrid,fixed,decaps,780488
5385,hybrid,fixed,decaps,780665
5386,hybrid,fixed,decaps,815177
5387,hybrid,fixed,decaps,742883
5388,hybrid,fixed,decaps,737534
5389,hybrid,fixed,decaps,784240
5390,hybrid,fixed,decaps,781129
5391,hybrid,fixed,decaps,780978
5392,hybrid,fixed,decaps,808460
5393,hybrid,fixed,decaps,766292
5394,hybrid,fixed,decaps,767197
5395,hybrid,fixed,decaps,776246
5396,hybrid,fixed,decaps,781234
5397,hybrid,fixed,decaps,1134640
5398,hybrid,fixed,decaps,754828
5399,hybrid,fixed,decaps,802228
5400,hybrid,fixed,decaps,785097
5401,hybrid,fixed,decaps,791589
5402,hybrid,fixed,decaps,786409
5403,hybrid,fixed,decaps,758897
5404,hybrid,fixed,decaps,789586
5405,hybrid,fixed,decaps,780938
5406,hybrid,fixed,decaps,788496
5407,hybrid,fixed,decaps,810439
5408,hybrid,fixed,decaps,787774
5409,hybrid,fixed,decaps,802122
5410,hybrid,fixed,decaps,783190
5411,hybrid,fixed,decaps,782673
5412,hybrid,fixed,decaps,758966
5413,hybrid,fixed,decaps,758144
5414,hybrid,fixed,decaps,758087
5415,hybrid,fixed,decaps,758067
5416,hybrid,fixed,decaps,758195
5417,hybrid,fixed,decaps,766380
5418,hybrid,fixed,decaps,758950
5419,hybrid,fixed,decaps,758284
5420,hybrid,fixed,decaps,758141
5421,hybrid,fixed,decaps,816977
5422,hybrid,fixed,decaps,805693
5423,hybrid,fixed,decaps,781405
5424,hybrid,fixed,decaps,781334
5425,hybrid,fixed,decaps,781386
5426,hybrid,fixed,decaps,802100
5427,hybrid,fixed,decaps,811727
5428,hybrid,fixed,decaps,782905
5429,hybrid,fixed,decaps,758711
5430,hybrid,fixed,decaps,757442
5431,hybrid,fixed,decaps,757404
5432,hybrid,fixed,decaps,763023
5433,hybrid,fixed,decaps,758060
5434,hybrid,fixed,decaps,779592
5435,hybrid,fixed,decaps,814336
5436,hybrid,fixed,decaps,802201
5437,hybrid,fixed,decaps,820556
5438,hybrid,fixed,decaps,765417
5439,hybrid,fixed,decaps,758528
5440,hybrid,fixed,decaps,758258
5441,hybrid,fixed,decaps,758243
5442,hybrid,fixed,decaps,763556
5443,hybrid,fixed,decaps,758306
5444,hybrid,fixed,decaps,757577
5445,hybrid,fixed,decaps,798427
5446,hybrid,fixed,decaps,810675
5447,hybrid,fixed,decaps,780982
5448,hybrid,fixed,decaps,786130
5449,hybrid,fixed,decaps,781563
5450,hybrid,fixed,decaps,776421
5451,hybrid,fixed,decaps,766790
5452,hybrid,fixed,decaps,778302
5453,hybrid,fixed,decaps,788136
5454,hybrid,fixed,decaps,788358
5455,hybrid,fixed,decaps,759829
5456,hybrid,fixed,decaps,773545
5457,hybrid,fixed,decaps,805815
5458,hybrid,fixed,decaps,803291
5459,hybrid,fixed,decaps,781643
5460,hybrid,fixed,decaps,787480
5461,hybrid,fixed,decaps,740830
5462,hybrid,fixed,decaps,774967
5463,hybrid,fixed,decaps,762485
5464,hybrid,fixed,decaps,758376
5465,hybrid,fixed,decaps,786233
5466,hybrid,fixed,decaps,760124
5467,hybrid,fixed,decaps,777952
5468,hybrid,fixed,decaps,804097
5469,hybrid,fixed,decaps,812609
5470,hybrid,fixed,decaps,780873
5471,hybrid,fixed,decaps,780887
5472,hybrid,fixed,decaps,780947
5473,hybrid,fixed,decaps,786773
5474,hybrid,fixed,decaps,781434
5475,hybrid,fixed,decaps,780810
5476,hybrid,fixed,decaps,758964
5477,hybrid,fixed,decaps,774582
5478,hybrid,fixed,decaps,796650
5479,hybrid,fixed,decaps,794651
5480,hybrid,fixed,decaps,758999
5481,hybrid,fixed,decaps,757108
5482,hybrid,fixed,decaps,757563
5483,hybrid,fixed,decaps,757424
5484,hybrid,fixed,decaps,766243
5485,hybrid,fixed,decaps,758516
5486,hybrid,fixed,decaps,758278
5487,hybrid,fixed,decaps,758143
5488,hybrid,fixed,decaps,757984
5489,hybrid,fixed,decaps,763135
5490,hybrid,fixed,decaps,758285
5491,hybrid,fixed,decaps,758078
5492,hybrid,fixed,decaps,758503
5493,hybrid,fixed,decaps,819516
5494,hybrid,fixed,decaps,809342
5495,hybrid,fixed,decaps,781327
5496,hybrid,fixed,decaps,780537
5497,hybrid,fixed,decaps,780694
5498,hybrid,fixed,decaps,780637
5499,hybrid,fixed,decaps,785895
5500,hybrid,fixed,decaps,781052
5501,hybrid,fixed,decaps,797873
5502,hybrid,fixed,decaps,736379
5503,hybrid,fixed,decaps,777551
5504,hybrid,fixed,decaps,814803
5505,hybrid,fixed,decaps,865233
5506,hybrid,fixed,decaps,786459
5507,hybrid,fixed,decaps,752513
5508,hybrid,fixed,decaps,774224
5509,hybrid,fixed,decaps,767988
5510,hybrid,fixed,decaps,775960
5511,hybrid,fixed,decaps,805125
5512,hybrid,fixed,decaps,797315
5513,hybrid,fixed,decaps,780911
5514,hybrid,fixed,decaps,806797
5515,hybrid,fixed,decaps,759502
5516,hybrid,fixed,decaps,758119
5517,hybrid,fixed,decaps,758045
5518,hybrid,fixed,decaps,757815
5519,hybrid,fixed,decaps,758166
5520,hybrid,fixed,decaps,762475
5521,hybrid,fixed,decaps,757898
5522,hybrid,fixed,decaps,757750
5523,hybrid,fixed,decaps,757885
5524,hybrid,fixed,decaps,757612
5525,hybrid,fixed,decaps,762914
5526,hybrid,fixed,decaps,765688
5527,hybrid,fixed,decaps,783174
5528,hybrid,fixed,decaps,809759
5529,hybrid,fixed,decaps,794291
5530,hybrid,fixed,decaps,815747
5531,hybrid,fixed,decaps,812563
5532,hybrid,fixed,decaps,759170
5533,hybrid,fixed,decaps,757469
5534,hybrid,fixed,decaps,757187
5535,hybrid,fixed,decaps,807416
5536,hybrid,fixed,decaps,805622
5537,hybrid,fixed,decaps,831680
5538,hybrid,fixed,decaps,781965
5539,hybrid,fixed,decaps,778963
5540,hybrid,fixed,decaps,798190
5541,hybrid,fixed,decaps,758276
5542,hybrid,fixed,decaps,774709
5543,hybrid,fixed,decaps,805398
5544,hybrid,fixed,decaps,803303
5545,hybrid,fixed,decaps,803153
5546,hybrid,fixed,decaps,796769
5547,hybrid,fixed,decaps,763718
5548,hybrid,fixed,decaps,758142
5549,hybrid,fixed,decaps,757751
5550,hybrid,fixed,decaps,832838
5551,hybrid,fixed,decaps,766988
5552,hybrid,fixed,decaps,761011
5553,hybrid,fixed,decaps,758676
5554,hybrid,fixed,decaps,758433
5555,hybrid,fixed,decaps,799222
5556,hybrid,fixed,decaps,823752
5557,hybrid,fixed,decaps,807520
5558,hybrid,fixed,decaps,797717
5559,hybrid,fixed,decaps,780834
5560,hybrid,fixed,decaps,850548
5561,hybrid,fixed,decaps,888290
5562,hybrid,fixed,decaps,758415
5563,hybrid,fixed,decaps,758151
5564,hybrid,fixed,decaps,824088
5565,hybrid,fixed,decaps,790600
5566,hybrid,fixed,decaps,759928
5567,hybrid,fixed,decaps,758091
5568,hybrid,fixed,decaps,758182
5569,hybrid,fixed,decaps,757937
5570,hybrid,fixed,decaps,764216
5571,hybrid,fixed,decaps,761464
5572,hybrid,fixed,decaps,757908
5573,hybrid,fixed,decaps,757626
5574,hybrid,fixed,decaps,780308
5575,hybrid,fixed,decaps,806983
5576,hybrid,fixed,decaps,801296
5577,hybrid,fixed,decaps,769258
5578,hybrid,fixed,decaps,767372
5579,hybrid,fixed,decaps,777172
5580,hybrid,fixed,decaps,805208
5581,hybrid,fixed,decaps,848354
5582,hybrid,fixed,decaps,810520
5583,hybrid,fixed,decaps,784110
5584,hybrid,fixed,decaps,759030
5585,hybrid,fixed,decaps,759047
5586,hybrid,fixed,decaps,774073
5587,hybrid,fixed,decaps,759217
5588,hybrid,fixed,decaps,758476
5589,hybrid,fixed,decaps,758867
5590,hybrid,fixed,decaps,758401
5591,hybrid,fixed,decaps,765508
5592,hybrid,fixed,decaps,785935
5593,hybrid,fixed,decaps,820268
5594,hybrid,fixed,decaps,809965
5595,hybrid,fixed,decaps,788145
5596,hybrid,fixed,decaps,817417
5597,hybrid,fixed,decaps,765195
5598,hybrid,fixed,decaps,762186
5599,hybrid,fixed,decaps,765515
5600,hybrid,fixed,decaps,766261
5601,hybrid,fixed,decaps,778515
5602,hybrid,fixed,decaps,765313
5603,hybrid,fixed,decaps,778372
5604,hybrid,fixed,decaps,788358
5605,hybrid,fixed,decaps,798082
5606,hybrid,fixed,decaps,814349
5607,hybrid,fixed,decaps,852538
5608,hybrid,fixed,decaps,910583
5609,hybrid,fixed,decaps,786553
5610,hybrid,fixed,decaps,822893
5611,hybrid,fixed,decaps,821814
5612,hybrid,fixed,decaps,811629
5613,hybrid,fixed,decaps,781372
5614,hybrid,fixed,decaps,781373
5615,hybrid,fixed,decaps,781210
5616,hybrid,fixed,decaps,828427
5617,hybrid,fixed,decaps,791844
5618,hybrid,fixed,decaps,781623
5619,hybrid,fixed,decaps,781373
5620,hybrid,fixed,decaps,783702
5621,hybrid,fixed,decaps,814595
5622,hybrid,fixed,decaps,772149
5623,hybrid,fixed,decaps,758417
5624,hybrid,fixed,decaps,757847
5625,hybrid,fixed,decaps,758142
5626,hybrid,fixed,decaps,1121603
5627,hybrid,fixed,decaps,759594
5628,hybrid,fixed,decaps,758353
5629,hybrid,fixed,decaps,760583
5630,hybrid,fixed,decaps,758597
5631,hybrid,fixed,decaps,769434
5632,hybrid,fixed,decaps,795459
5633,hybrid,fixed,decaps,806372
5634,hybrid,fixed,decaps,759404
5635,hybrid,fixed,decaps,758295
5636,hybrid,fixed,decaps,795910
5637,hybrid,fixed,decaps,806486
5638,hybrid,fixed,decaps,805488
5639,hybrid,fixed,decaps,798337
5640,hybrid,fixed,decaps,785105
5641,hybrid,fixed,decaps,818063
5642,hybrid,fixed,decaps,786965
5643,hybrid,fixed,decaps,782305
5644,hybrid,fixed,decaps,781464
5645,hybrid,fixed,decaps,781122
5646,hybrid,fixed,decaps,799142
5647,hybrid,fixed,decaps,764452
5648,hybrid,fixed,decaps,758608
5649,hybrid,fixed,decaps,758519
5650,hybrid,fixed,decaps,758615
5651,hybrid,fixed,decaps,758526
5652,hybrid,fixed,decaps,767890
5653,hybrid,fixed,decaps,810078
5654,hybrid,fixed,decaps,805674
5655,hybrid,fixed,decaps,793904
5656,hybrid,fixed,decaps,771333
5657,hybrid,fixed,decaps,795660
5658,hybrid,fixed,decaps,783130
5659,hybrid,fixed,decaps,784530
5660,hybrid,fixed,decaps,758726
5661,hybrid,fixed,decaps,757648
5662,hybrid,fixed,decaps,820477
5663,hybrid,fixed,decaps,804038
5664,hybrid,fixed,decaps,780393
5665,hybrid,fixed,decaps,802431
5666,hybrid,fixed,decaps,782525
5667,hybrid,fixed,decaps,788689
5668,hybrid,fixed,decaps,781801
5669,hybrid,fixed,decaps,781168
5670,hybrid,fixed,decaps,962396
5671,hybrid,fixed,decaps,786554
5672,hybrid,fixed,decaps,792130
5673,hybrid,fixed,decaps,784909
5674,hybrid,fixed,decaps,796571
5675,hybrid,fixed,decaps,762202
5676,hybrid,fixed,decaps,765031
5677,hybrid,fixed,decaps,776445
5678,hybrid,fixed,decaps,781751
5679,hybrid,fixed,decaps,794046
5680,hybrid,fixed,decaps,789370
5681,hybrid,fixed,decaps,841750
5682,hybrid,fixed,decaps,911951
5683,hybrid,fixed,decaps,817920
5684,hybrid,fixed,decaps,900773
5685,hybrid,fixed,decaps,847034
5686,hybrid,fixed,decaps,790594
5687,hybrid,fixed,decaps,781576
5688,hybrid,fixed,decaps,780997
5689,hybrid,fixed,decaps,780926
5690,hybrid,fixed,decaps,780548
5691,hybrid,fixed,decaps,829048
5692,hybrid,fixed,decaps,759598
5693,hybrid,fixed,decaps,768094
5694,hybrid,fixed,decaps,758311
5695,hybrid,fixed,decaps,781930
5696,hybrid,fixed,decaps,805421
5697,hybrid,fixed,decaps,825650
5698,hybrid,fixed,decaps,782437
5699,hybrid,fixed,decaps,789543
5700,hybrid,fixed,decaps,762621
5701,hybrid,fixed,decaps,757848
5702,hybrid,fixed,decaps,1128191
5703,hybrid,fixed,decaps,759702
5704,hybrid,fixed,decaps,761458
5705,hybrid,fixed,decaps,776422
5706,hybrid,fixed,decaps,782908
5707,hybrid,fixed,decaps,782903
5708,hybrid,fixed,decaps,826354
5709,hybrid,fixed,decaps,798425
5710,hybrid,fixed,decaps,773861
5711,hybrid,fixed,decaps,758744
5712,hybrid,fixed,decaps,768748
5713,hybrid,fixed,decaps,759007
5714,hybrid,fixed,decaps,782327
5715,hybrid,fixed,decaps,781104
5716,hybrid,fixed,decaps,780549
5717,hybrid,fixed,decaps,786798
5718,hybrid,fixed,decaps,781761
5719,hybrid,fixed,decaps,781419
5720,hybrid,fixed,decaps,797558
5721,hybrid,fixed,decaps,759213
5722,hybrid,fixed,decaps,744939
5723,hybrid,fixed,decaps,784698
5724,hybrid,fixed,decaps,788907
5725,hybrid,fixed,decaps,757854
5726,hybrid,fixed,decaps,791283
5727,hybrid,fixed,decaps,787954
5728,hybrid,fixed,decaps,781511
5729,hybrid,fixed,decaps,781280
5730,hybrid,fixed,decaps,781591
5731,hybrid,fixed,decaps,781523
5732,hybrid,fixed,decaps,817189
5733,hybrid,fixed,decaps,789476
5734,hybrid,fixed,decaps,759455
5735,hybrid,fixed,decaps,762111
5736,hybrid,fixed,decaps,779383
5737,hybrid,fixed,decaps,764829
5738,hybrid,fixed,decaps,774169
5739,hybrid,fixed,decaps,781231
5740,hybrid,fixed,decaps,775009
5741,hybrid,fixed,decaps,783892
5742,hybrid,fixed,decaps,787083
5743,hybrid,fixed,decaps,781613
5744,hybrid,fixed,decaps,781764
5745,hybrid,fixed,decaps,781523
5746,hybrid,fixed,decaps,781755
5747,hybrid,fixed,decaps,785857
5748,hybrid,fixed,decaps,782769
5749,hybrid,fixed,decaps,759259
5750,hybrid,fixed,decaps,772193
5751,hybrid,fixed,decaps,758226
5752,hybrid,fixed,decaps,779649
5753,hybrid,fixed,decaps,767427
5754,hybrid,fixed,decaps,758829
5755,hybrid,fixed,decaps,758729
5756,hybrid,fixed,decaps,773922
5757,hybrid,fixed,decaps,781615
5758,hybrid,fixed,decaps,805740
5759,hybrid,fixed,decaps,782750
5760,hybrid,fixed,decaps,807493
5761,hybrid,fixed,decaps,808434
5762,hybrid,fixed,decaps,782521
5763,hybrid,fixed,decaps,787950
5764,hybrid,fixed,decaps,782790
5765,hybrid,fixed,decaps,790513
5766,hybrid,fixed,decaps,737248
5767,hybrid,fixed,decaps,782312
5768,hybrid,fixed,decaps,762315
5769,hybrid,fixed,decaps,758683
5770,hybrid,fixed,decaps,758371
5771,hybrid,fixed,decaps,758157
5772,hybrid,fixed,decaps,758843
5773,hybrid,fixed,decaps,783004
5774,hybrid,fixed,decaps,781949
5775,hybrid,fixed,decaps,781268
5776,hybrid,fixed,decaps,781154
5777,hybrid,fixed,decaps,781290
5778,hybrid,fixed,decaps,784754
5779,hybrid,fixed,decaps,785277
5780,hybrid,fixed,decaps,752521
5781,hybrid,fixed,decaps,772889
5782,hybrid,fixed,decaps,758540
5783,hybrid,fixed,decaps,758100
5784,hybrid,fixed,decaps,790127
5785,hybrid,fixed,decaps,791380
5786,hybrid,fixed,decaps,806185
5787,hybrid,fixed,decaps,807448
5788,hybrid,fixed,decaps,782466
5789,hybrid,fixed,decaps,808054
5790,hybrid,fixed,decaps,767193
5791,hybrid,fixed,decaps,771308
5792,hybrid,fixed,decaps,757958
5793,hybrid,fixed,decaps,779998
5794,hybrid,fixed,decaps,766685
5795,hybrid,fixed,decaps,759365
5796,hybrid,fixed,decaps,758785
5797,hybrid,fixed,decaps,758464
5798,hybrid,fixed,decaps,758430
5799,hybrid,fixed,decaps,768514
5800,hybrid,fixed,decaps,779764
5801,hybrid,fixed,decaps,781543
5802,hybrid,fixed,decaps,781497
5803,hybrid,fixed,decaps,781646
5804,hybrid,fixed,decaps,790610
5805,hybrid,fixed,decaps,781382
5806,hybrid,fixed,decaps,780920
5807,hybrid,fixed,decaps,781319
5808,hybrid,fixed,decaps,768901
5809,hybrid,fixed,decaps,743781
5810,hybrid,fixed,decaps,789814
5811,hybrid,fixed,decaps,759269
5812,hybrid,fixed,decaps,817154
5813,hybrid,fixed,decaps,806408
5814,hybrid,fixed,decaps,790274
5815,hybrid,fixed,decaps,781705
5816,hybrid,fixed,decaps,781274
5817,hybrid,fixed,decaps,767444
5818,hybrid,fixed,decaps,771368
5819,hybrid,fixed,decaps,758391
5820,hybrid,fixed,decaps,764522
5821,hybrid,fixed,decaps,758525
5822,hybrid,fixed,decaps,758331
5823,hybrid,fixed,decaps,854218
5824,hybrid,fixed,decaps,762262
5825,hybrid,fixed,decaps,801472
5826,hybrid,fixed,decaps,781398
5827,hybrid,fixed,decaps,780866
5828,hybrid,fixed,decaps,781400
5829,hybrid,fixed,decaps,786396
5830,hybrid,fixed,decaps,786771
5831,hybrid,fixed,decaps,774749
5832,hybrid,fixed,decaps,758226
5833,hybrid,fixed,decaps,758087
5834,hybrid,fixed,decaps,758205
5835,hybrid,fixed,decaps,763553
5836,hybrid,fixed,decaps,784255
5837,hybrid,fixed,decaps,758888
5838,hybrid,fixed,decaps,785776
5839,hybrid,fixed,decaps,817108
5840,hybrid,fixed,decaps,790215
5841,hybrid,fixed,decaps,781048
5842,hybrid,fixed,decaps,781104
5843,hybrid,fixed,decaps,780915
5844,hybrid,fixed,decaps,767529
5845,hybrid,fixed,decaps,794159
5846,hybrid,fixed,decaps,758217
5847,hybrid,fixed,decaps,758029
5848,hybrid,fixed,decaps,757884
5849,hybrid,fixed,decaps,783269
5850,hybrid,fixed,decaps,787779
5851,hybrid,fixed,decaps,781297
5852,hybrid,fixed,decaps,780688
5853,hybrid,fixed,decaps,781075
5854,hybrid,fixed,decaps,781837
5855,hybrid,fixed,decaps,797484
5856,hybrid,fixed,decaps,758618
5857,hybrid,fixed,decaps,758047
5858,hybrid,fixed,decaps,758211
5859,hybrid,fixed,decaps,757779
5860,hybrid,fixed,decaps,757766
5861,hybrid,fixed,decaps,764109
5862,hybrid,fixed,decaps,779208
5863,hybrid,fixed,decaps,780382
5864,hybrid,fixed,decaps,830698
5865,hybrid,fixed,decaps,783214
5866,hybrid,fixed,decaps,789333
5867,hybrid,fixed,decaps,781684
5868,hybrid,fixed,decaps,780997
5869,hybrid,fixed,decaps,781200
5870,hybrid,fixed,decaps,781006
5871,hybrid,fixed,decaps,788113
5872,hybrid,fixed,decaps,774492
5873,hybrid,fixed,decaps,757962
5874,hybrid,fixed,decaps,758128
5875,hybrid,fixed,decaps,757729
5876,hybrid,fixed,decaps,788448
5877,hybrid,fixed,decaps,781648
5878,hybrid,fixed,decaps,781159
5879,hybrid,fixed,decaps,780896
5880,hybrid,fixed,decaps,781150
5881,hybrid,fixed,decaps,786120
5882,hybrid,fixed,decaps,765016
5883,hybrid,fixed,decaps,758325
5884,hybrid,fixed,decaps,757776
5885,hybrid,fixed,decaps,758060
5886,hybrid,fixed,decaps,777512
5887,hybrid,fixed,decaps,781863
5888,hybrid,fixed,decaps,810076
5889,hybrid,fixed,decaps,782288
5890,hybrid,fixed,decaps,829946
5891,hybrid,fixed,decaps,790447
5892,hybrid,fixed,decaps,782065
5893,hybrid,fixed,decaps,781259
5894,hybrid,fixed,decaps,771640
5895,hybrid,fixed,decaps,767800
5896,hybrid,fixed,decaps,758459
5897,hybrid,fixed,decaps,761707
5898,hybrid,fixed,decaps,758576
5899,hybrid,fixed,decaps,758551
5900,hybrid,fixed,decaps,758188
5901,hybrid,fixed,decaps,758623
5902,hybrid,fixed,decaps,791180
5903,hybrid,fixed,decaps,781620
5904,hybrid,fixed,decaps,781495
5905,hybrid,fixed,decaps,781138
5906,hybrid,fixed,decaps,781346
5907,hybrid,fixed,decaps,772447
5908,hybrid,fixed,decaps,767938
5909,hybrid,fixed,decaps,772468
5910,hybrid,fixed,decaps,781283
5911,hybrid,fixed,decaps,781000
5912,hybrid,fixed,decaps,785550
5913,hybrid,fixed,decaps,789619
5914,hybrid,fixed,decaps,783168
5915,hybrid,fixed,decaps,758921
5916,hybrid,fixed,decaps,847313
5917,hybrid,fixed,decaps,866931
5918,hybrid,fixed,decaps,781597
5919,hybrid,fixed,decaps,780889
5920,hybrid,fixed,decaps,780757
5921,hybrid,fixed,decaps,803849
5922,hybrid,fixed,decaps,789276
5923,hybrid,fixed,decaps,792105
5924,hybrid,fixed,decaps,736934
5925,hybrid,fixed,decaps,777522
5926,hybrid,fixed,decaps,757979
5927,hybrid,fixed,decaps,764684
5928,hybrid,fixed,decaps,758415
5929,hybrid,fixed,decaps,757895
5930,hybrid,fixed,decaps,787469
5931,hybrid,fixed,decaps,781018
5932,hybrid,fixed,decaps,781021
5933,hybrid,fixed,decaps,786262
5934,hybrid,fixed,decaps,780934
5935,hybrid,fixed,decaps,780783
5936,hybrid,fixed,decaps,788735
5937,hybrid,fixed,decaps,744244
5938,hybrid,fixed,decaps,797582
5939,hybrid,fixed,decaps,758598
5940,hybrid,fixed,decaps,788122
5941,hybrid,fixed,decaps,790298
5942,hybrid,fixed,decaps,810927
5943,hybrid,fixed,decaps,795701
5944,hybrid,fixed,decaps,781842
5945,hybrid,fixed,decaps,781162
5946,hybrid,fixed,decaps,780686
5947,hybrid,fixed,decaps,781141
5948,hybrid,fixed,decaps,786385
5949,hybrid,fixed,decaps,767803
5950,hybrid,fixed,decaps,758507
5951,hybrid,fixed,decaps,758216
5952,hybrid,fixed,decaps,792099
5953,hybrid,fixed,decaps,787779
5954,hybrid,fixed,decaps,781442
5955,hybrid,fixed,decaps,780788
5956,hybrid,fixed,decaps,781077
5957,hybrid,fixed,decaps,763035
5958,hybrid,fixed,decaps,775144
5959,hybrid,fixed,decaps,758190
5960,hybrid,fixed,decaps,757815
5961,hybrid,fixed,decaps,757770
5962,hybrid,fixed,decaps,757669
5963,hybrid,fixed,decaps,760813
5964,hybrid,fixed,decaps,757698
5965,hybrid,fixed,decaps,757397
5966,hybrid,fixed,decaps,804783
5967,hybrid,fixed,decaps,806014
5968,hybrid,fixed,decaps,814318
5969,hybrid,fixed,decaps,782917
5970,hybrid,fixed,decaps,780520
5971,hybrid,fixed,decaps,780591
5972,hybrid,fixed,decaps,780650
5973,hybrid,fixed,decaps,780647
5974,hybrid,fixed,decaps,786336
5975,hybrid,fixed,decaps,781535
5976,hybrid,fixed,decaps,806287
5977,hybrid,fixed,decaps,782651
5978,hybrid,fixed,decaps,833783
5979,hybrid,fixed,decaps,757291
5980,hybrid,fixed,decaps,769362
5981,hybrid,fixed,decaps,758553
5982,hybrid,fixed,decaps,758269
5983,hybrid,fixed,decaps,758291
5984,hybrid,fixed,decaps,796626
5985,hybrid,fixed,decaps,781568
5986,hybrid,fixed,decaps,781111
5987,hybrid,fixed,decaps,781316
5988,hybrid,fixed,decaps,781378
5989,hybrid,fixed,decaps,792713
5990,hybrid,fixed,decaps,764919
5991,hybrid,fixed,decaps,793031
5992,hybrid,fixed,decaps,780229
5993,hybrid,fixed,decaps,759886
5994,hybrid,fixed,decaps,821938
5995,hybrid,fixed,decaps,760603
5996,hybrid,fixed,decaps,758529
5997,hybrid,fixed,decaps,758432
5998,hybrid,fixed,decaps,806234
5999,hybrid,fixed,decaps,812357
6000,hybrid,fixed,decaps,781407
6001,hybrid,fixed,decaps,810606
6002,hybrid,fixed,decaps,782548
6003,hybrid,fixed,decaps,781376
6004,hybrid,fixed,decaps,845438
6005,hybrid,fixed,decaps,768977
6006,hybrid,fixed,decaps,758854
6007,hybrid,fixed,decaps,814722
6008,hybrid,fixed,decaps,802594
6009,hybrid,fixed,decaps,819917
6010,hybrid,fixed,decaps,765924
6011,hybrid,fixed,decaps,758248
6012,hybrid,fixed,decaps,758134
6013,hybrid,fixed,decaps,758187
6014,hybrid,fixed,decaps,762960
6015,hybrid,fixed,decaps,758620
6016,hybrid,fixed,decaps,811398
6017,hybrid,fixed,decaps,844480
6018,hybrid,fixed,decaps,815187
6019,hybrid,fixed,decaps,804234
6020,hybrid,fixed,decaps,759881
6021,hybrid,fixed,decaps,758163
6022,hybrid,fixed,decaps,758461
6023,hybrid,fixed,decaps,787522
6024,hybrid,fixed,decaps,816464
6025,hybrid,fixed,decaps,786713
6026,hybrid,fixed,decaps,803109
6027,hybrid,fixed,decaps,778227
6028,hybrid,fixed,decaps,780767
6029,hybrid,fixed,decaps,818477
6030,hybrid,fixed,decaps,788635
6031,hybrid,fixed,decaps,766383
6032,hybrid,fixed,decaps,769586
6033,hybrid,fixed,decaps,758691
6034,hybrid,fixed,decaps,758298
6035,hybrid,fixed,decaps,763277
6036,hybrid,fixed,decaps,758488
6037,hybrid,fixed,decaps,758389
6038,hybrid,fixed,decaps,757826
6039,hybrid,fixed,decaps,758490
6040,hybrid,fixed,decaps,763212
6041,hybrid,fixed,decaps,793237
6042,hybrid,fixed,decaps,836914
6043,hybrid,fixed,decaps,808822
6044,hybrid,fixed,decaps,803737
6045,hybrid,fixed,decaps,790279
6046,hybrid,fixed,decaps,785347
6047,hybrid,fixed,decaps,761216
6048,hybrid,fixed,decaps,759010
6049,hybrid,fixed,decaps,776807
6050,hybrid,fixed,decaps,767044
6051,hybrid,fixed,decaps,758876
6052,hybrid,fixed,decaps,779723
6053,hybrid,fixed,decaps,760075
6054,hybrid,fixed,decaps,758522
6055,hybrid,fixed,decaps,764840
6056,hybrid,fixed,decaps,760140
6057,hybrid,fixed,decaps,814507
6058,hybrid,fixed,decaps,802182
6059,hybrid,fixed,decaps,781784
6060,hybrid,fixed,decaps,797346
6061,hybrid,fixed,decaps,737216
6062,hybrid,fixed,decaps,773737
6063,hybrid,fixed,decaps,798856
6064,hybrid,fixed,decaps,811051
6065,hybrid,fixed,decaps,781675
6066,hybrid,fixed,decaps,784543
6067,hybrid,fixed,decaps,814795
6068,hybrid,fixed,decaps,838176
6069,hybrid,fixed,decaps,920257
6070,hybrid,fixed,decaps,833965
6071,hybrid,fixed,decaps,761328
6072,hybrid,fixed,decaps,779301
6073,hybrid,fixed,decaps,759550
6074,hybrid,fixed,decaps,758449
6075,hybrid,fixed,decaps,773718
6076,hybrid,fixed,decaps,822172
6077,hybrid,fixed,decaps,797310
6078,hybrid,fixed,decaps,808374
6079,hybrid,fixed,decaps,782738
6080,hybrid,fixed,decaps,781289
6081,hybrid,fixed,decaps,787826
6082,hybrid,fixed,decaps,764970
6083,hybrid,fixed,decaps,771258
6084,hybrid,fixed,decaps,827369
6085,hybrid,fixed,decaps,783980
6086,hybrid,fixed,decaps,857092
6087,hybrid,fixed,decaps,801096
6088,hybrid,fixed,decaps,773714
6089,hybrid,fixed,decaps,767741
6090,hybrid,fixed,decaps,758040
6091,hybrid,fixed,decaps,765432
6092,hybrid,fixed,decaps,758065
6093,hybrid,fixed,decaps,790874
6094,hybrid,fixed,decaps,760279
6095,hybrid,fixed,decaps,757853
6096,hybrid,fixed,decaps,836911
6097,hybrid,fixed,decaps,807339
6098,hybrid,fixed,decaps,788114
6099,hybrid,fixed,decaps,741069
6100,hybrid,fixed,decaps,774575
6101,hybrid,fixed,decaps,762870
6102,hybrid,fixed,decaps,789146
6103,hybrid,fixed,decaps,814778
6104,hybrid,fixed,decaps,809128
6105,hybrid,fixed,decaps,782236
6106,hybrid,fixed,decaps,796991
6107,hybrid,fixed,decaps,771079
6108,hybrid,fixed,decaps,758190
6109,hybrid,fixed,decaps,757858
6110,hybrid,fixed,decaps,757907
6111,hybrid,fixed,decaps,798194
6112,hybrid,fixed,decaps,814683
6113,hybrid,fixed,decaps,781328
6114,hybrid,fixed,decaps,759103
6115,hybrid,fixed,decaps,769398
6116,hybrid,fixed,decaps,763693
6117,hybrid,fixed,decaps,758266
6118,hybrid,fixed,decaps,758804
6119,hybrid,fixed,decaps,779029
6120,hybrid,fixed,decaps,811585
6121,hybrid,fixed,decaps,826907
6122,hybrid,fixed,decaps,782005
6123,hybrid,fixed,decaps,758625
6124,hybrid,fixed,decaps,774357
6125,hybrid,fixed,decaps,758450
6126,hybrid,fixed,decaps,758410
6127,hybrid,fixed,decaps,764557
6128,hybrid,fixed,decaps,806953
6129,hybrid,fixed,decaps,806754
6130,hybrid,fixed,decaps,814975
6131,hybrid,fixed,decaps,742975
6132,hybrid,fixed,decaps,805107
6133,hybrid,fixed,decaps,758853
6134,hybrid,fixed,decaps,758158
6135,hybrid,fixed,decaps,757914
6136,hybrid,fixed,decaps,757864
6137,hybrid,fixed,decaps,763620
6138,hybrid,fixed,decaps,758151
6139,hybrid,fixed,decaps,758175
6140,hybrid,fixed,decaps,788999
6141,hybrid,fixed,decaps,759905
6142,hybrid,fixed,decaps,764679
6143,hybrid,fixed,decaps,758484
6144,hybrid,fixed,decaps,758131
6145,hybrid,fixed,decaps,782065
6146,hybrid,fixed,decaps,759034
6147,hybrid,fixed,decaps,789997
6148,hybrid,fixed,decaps,774745
6149,hybrid,fixed,decaps,805683
6150,hybrid,fixed,decaps,798729
6151,hybrid,fixed,decaps,780178
6152,hybrid,fixed,decaps,784210
6153,hybrid,fixed,decaps,780669
6154,hybrid,fixed,decaps,780416
6155,hybrid,fixed,decaps,780671
6156,hybrid,fixed,decaps,806735
6157,hybrid,fixed,decaps,788895
6158,hybrid,fixed,decaps,781983
6159,hybrid,fixed,decaps,781263
6160,hybrid,fixed,decaps,770678
6161,hybrid,fixed,decaps,768821
6162,hybrid,fixed,decaps,758308
6163,hybrid,fixed,decaps,763210
6164,hybrid,fixed,decaps,758432
6165,hybrid,fixed,decaps,758478
6166,hybrid,fixed,decaps,758440
6167,hybrid,fixed,decaps,758114
6168,hybrid,fixed,decaps,812494
6169,hybrid,fixed,decaps,805824
6170,hybrid,fixed,decaps,821641
6171,hybrid,fixed,decaps,741989
6172,hybrid,fixed,decaps,793534
6173,hybrid,fixed,decaps,768270
6174,hybrid,fixed,decaps,789833
6175,hybrid,fixed,decaps,814875
6176,hybrid,fixed,decaps,780856
6177,hybrid,fixed,decaps,801805
6178,hybrid,fixed,decaps,801362
6179,hybrid,fixed,decaps,764591
6180,hybrid,fixed,decaps,777566
6181,hybrid,fixed,decaps,805725
6182,hybrid,fixed,decaps,788018
6183,hybrid,fixed,decaps,770647
6184,hybrid,fixed,decaps,760569
6185,hybrid,fixed,decaps,758786
6186,hybrid,fixed,decaps,794151
6187,hybrid,fixed,decaps,781050
6188,hybrid,fixed,decaps,785793
6189,hybrid,fixed,decaps,781673
6190,hybrid,fixed,decaps,781331
6191,hybrid,fixed,decaps,781138
6192,hybrid,fixed,decaps,781390
6193,hybrid,fixed,decaps,786926
6194,hybrid,fixed,decaps,781942
6195,hybrid,fixed,decaps,781078
6196,hybrid,fixed,decaps,787917
6197,hybrid,fixed,decaps,774175
6198,hybrid,fixed,decaps,807648
6199,hybrid,fixed,decaps,759864
6200,hybrid,fixed,decaps,758430
6201,hybrid,fixed,decaps,799901
6202,hybrid,fixed,decaps,809714
6203,hybrid,fixed,decaps,780669
6204,hybrid,fixed,decaps,787013
6205,hybrid,fixed,decaps,780951
6206,hybrid,fixed,decaps,781003
6207,hybrid,fixed,decaps,803812
6208,hybrid,fixed,decaps,781777
6209,hybrid,fixed,decaps,786344
6210,hybrid,fixed,decaps,780978
6211,hybrid,fixed,decaps,780721
6212,hybrid,fixed,decaps,780595
6213,hybrid,fixed,decaps,780407
6214,hybrid,fixed,decaps,784197
6215,hybrid,fixed,decaps,736971
6216,hybrid,fixed,decaps,770224
6217,hybrid,fixed,decaps,758532
6218,hybrid,fixed,decaps,758493
6219,hybrid,fixed,decaps,764735
6220,hybrid,fixed,decaps,759139
6221,hybrid,fixed,decaps,771449
6222,hybrid,fixed,decaps,804602
6223,hybrid,fixed,decaps,781937
6224,hybrid,fixed,decaps,824338
6225,hybrid,fixed,decaps,782795
6226,hybrid,fixed,decaps,797999
6227,hybrid,fixed,decaps,736859
6228,hybrid,fixed,decaps,777702
6229,hybrid,fixed,decaps,763204
6230,hybrid,fixed,decaps,758219
6231,hybrid,fixed,decaps,757975
6232,hybrid,fixed,decaps,790007
6233,hybrid,fixed,decaps,805307
6234,hybrid,fixed,decaps,796005
6235,hybrid,fixed,decaps,793995
6236,hybrid,fixed,decaps,781464
6237,hybrid,fixed,decaps,764579
6238,hybrid,fixed,decaps,769476
6239,hybrid,fixed,decaps,764824
6240,hybrid,fixed,decaps,758728
6241,hybrid,fixed,decaps,758503
6242,hybrid,fixed,decaps,757811
6243,hybrid,fixed,decaps,757835
6244,hybrid,fixed,decaps,757824
6245,hybrid,fixed,decaps,763187
6246,hybrid,fixed,decaps,758694
6247,hybrid,fixed,decaps,758158
6248,hybrid,fixed,decaps,780506
6249,hybrid,fixed,decaps,793679
6250,hybrid,fixed,decaps,814436
6251,hybrid,fixed,decaps,782430
6252,hybrid,fixed,decaps,780633
6253,hybrid,fixed,decaps,780600
6254,hybrid,fixed,decaps,780647
6255,hybrid,fixed,decaps,801660
6256,hybrid,fixed,decaps,770690
6257,hybrid,fixed,decaps,757505
6258,hybrid,fixed,decaps,757831
6259,hybrid,fixed,decaps,780806
6260,hybrid,fixed,decaps,788693
6261,hybrid,fixed,decaps,781027
6262,hybrid,fixed,decaps,780362
6263,hybrid,fixed,decaps,780125
6264,hybrid,fixed,decaps,772076
6265,hybrid,fixed,decaps,790534
6266,hybrid,fixed,decaps,757655
6267,hybrid,fixed,decaps,757305
6268,hybrid,fixed,decaps,788172
6269,hybrid,fixed,decaps,780826
6270,hybrid,fixed,decaps,785549
6271,hybrid,fixed,decaps,780688
6272,hybrid,fixed,decaps,759900
6273,hybrid,fixed,decaps,771217
6274,hybrid,fixed,decaps,777279
6275,hybrid,fixed,decaps,758811
6276,hybrid,fixed,decaps,787826
6277,hybrid,fixed,decaps,759126
6278,hybrid,fixed,decaps,778567
6279,hybrid,fixed,decaps,780664
6280,hybrid,fixed,decaps,780732
6281,hybrid,fixed,decaps,796900
6282,hybrid,fixed,decaps,781637
6283,hybrid,fixed,decaps,780924
6284,hybrid,fixed,decaps,785506
6285,hybrid,fixed,decaps,774713
6286,hybrid,fixed,decaps,795379
6287,hybrid,fixed,decaps,758465
6288,hybrid,fixed,decaps,774652
6289,hybrid,fixed,decaps,780933
6290,hybrid,fixed,decaps,780788
6291,hybrid,fixed,decaps,786319
6292,hybrid,fixed,decaps,781066
6293,hybrid,fixed,decaps,780886
6294,hybrid,fixed,decaps,780919
6295,hybrid,fixed,decaps,780787
6296,hybrid,fixed,decaps,785783
6297,hybrid,fixed,decaps,790287
6298,hybrid,fixed,decaps,747189
6299,hybrid,fixed,decaps,736544
6300,hybrid,fixed,decaps,802788
6301,hybrid,fixed,decaps,789644
6302,hybrid,fixed,decaps,810652
6303,hybrid,fixed,decaps,782259
6304,hybrid,fixed,decaps,781161
6305,hybrid,fixed,decaps,788415
6306,hybrid,fixed,decaps,798280
6307,hybrid,fixed,decaps,758456
6308,hybrid,fixed,decaps,757585
6309,hybrid,fixed,decaps,757868
6310,hybrid,fixed,decaps,780089
6311,hybrid,fixed,decaps,813708
6312,hybrid,fixed,decaps,783133
6313,hybrid,fixed,decaps,781451
6314,hybrid,fixed,decaps,781055
6315,hybrid,fixed,decaps,780771
6316,hybrid,fixed,decaps,780943
6317,hybrid,fixed,decaps,784305
6318,hybrid,fixed,decaps,781316
6319,hybrid,fixed,decaps,780990
6320,hybrid,fixed,decaps,792223
6321,hybrid,fixed,decaps,737572
6322,hybrid,fixed,decaps,806166
6323,hybrid,fixed,decaps,760163
6324,hybrid,fixed,decaps,794287
6325,hybrid,fixed,decaps,772779
6326,hybrid,fixed,decaps,787221
6327,hybrid,fixed,decaps,798430
6328,hybrid,fixed,decaps,808447
6329,hybrid,fixed,decaps,782876
6330,hybrid,fixed,decaps,781079
6331,hybrid,fixed,decaps,781190
6332,hybrid,fixed,decaps,789030
6333,hybrid,fixed,decaps,770161
6334,hybrid,fixed,decaps,758727
6335,hybrid,fixed,decaps,758304
6336,hybrid,fixed,decaps,767716
6337,hybrid,fixed,decaps,801853
6338,hybrid,fixed,decaps,781839
6339,hybrid,fixed,decaps,780499
6340,hybrid,fixed,decaps,780651
6341,hybrid,fixed,decaps,781875
6342,hybrid,fixed,decaps,789534
6343,hybrid,fixed,decaps,781964
6344,hybrid,fixed,decaps,781384
6345,hybrid,fixed,decaps,820339
6346,hybrid,fixed,decaps,761009
6347,hybrid,fixed,decaps,789855
6348,hybrid,fixed,decaps,759437
6349,hybrid,fixed,decaps,758433
6350,hybrid,fixed,decaps,823746
6351,hybrid,fixed,decaps,785465
6352,hybrid,fixed,decaps,762419
6353,hybrid,fixed,decaps,758979
6354,hybrid,fixed,decaps,819059
6355,hybrid,fixed,decaps,782553
6356,hybrid,fixed,decaps,781215
6357,hybrid,fixed,decaps,781227
6358,hybrid,fixed,decaps,785643
6359,hybrid,fixed,decaps,781249
6360,hybrid,fixed,decaps,781117
6361,hybrid,fixed,decaps,787215
6362,hybrid,fixed,decaps,794412
6363,hybrid,fixed,decaps,779049
6364,hybrid,fixed,decaps,758438
6365,hybrid,fixed,decaps,758025
6366,hybrid,fixed,decaps,773439
6367,hybrid,fixed,decaps,781697
6368,hybrid,fixed,decaps,785956
6369,hybrid,fixed,decaps,781966
6370,hybrid,fixed,decaps,785858
6371,hybrid,fixed,decaps,741396
6372,hybrid,fixed,decaps,779616
6373,hybrid,fixed,decaps,795185
6374,hybrid,fixed,decaps,782253
6375,hybrid,fixed,decaps,780766
6376,hybrid,fixed,decaps,804146
6377,hybrid,fixed,decaps,781795
6378,hybrid,fixed,decaps,788414
6379,hybrid,fixed,decaps,781793
6380,hybrid,fixed,decaps,825166
6381,hybrid,fixed,decaps,737776
6382,hybrid,fixed,decaps,772879
6383,hybrid,fixed,decaps,764455
6384,hybrid,fixed,decaps,779740
6385,hybrid,fixed,decaps,805689
6386,hybrid,fixed,decaps,796350
6387,hybrid,fixed,decaps,769303
6388,hybrid,fixed,decaps,809341
6389,hybrid,fixed,decaps,759413
6390,hybrid,fixed,decaps,758591
6391,hybrid,fixed,decaps,757977
6392,hybrid,fixed,decaps,758196
6393,hybrid,fixed,decaps,787179
6394,hybrid,fixed,decaps,759854
6395,hybrid,fixed,decaps,758422
6396,hybrid,fixed,decaps,758565
6397,hybrid,fixed,decaps,758282
6398,hybrid,fixed,decaps,758620
6399,hybrid,fixed,decaps,764689
6400,hybrid,fixed,decaps,802570
6401,hybrid,fixed,decaps,808822
6402,hybrid,fixed,decaps,803796
6403,hybrid,fixed,decaps,782335
6404,hybrid,fixed,decaps,788964
6405,hybrid,fixed,decaps,775242
6406,hybrid,fixed,decaps,793301
6407,hybrid,fixed,decaps,759958
6408,hybrid,fixed,decaps,758224
6409,hybrid,fixed,decaps,764059
6410,hybrid,fixed,decaps,758238
6411,hybrid,fixed,decaps,757937
6412,hybrid,fixed,decaps,911946
6413,hybrid,fixed,decaps,762672
6414,hybrid,fixed,decaps,841252
6415,hybrid,fixed,decaps,807999
6416,hybrid,fixed,decaps,780781
6417,hybrid,fixed,decaps,780750
6418,hybrid,fixed,decaps,780627
6419,hybrid,fixed,decaps,788401
6420,hybrid,fixed,decaps,781161
6421,hybrid,fixed,decaps,763546
6422,hybrid,fixed,decaps,758000
6423,hybrid,fixed,decaps,757793
6424,hybrid,fixed,decaps,762500
6425,hybrid,fixed,decaps,758241
6426,hybrid,fixed,decaps,757703
6427,hybrid,fixed,decaps,757733
6428,hybrid,fixed,decaps,778246
6429,hybrid,fixed,decaps,792231
6430,hybrid,fixed,decaps,805703
6431,hybrid,fixed,decaps,794011
6432,hybrid,fixed,decaps,766448
6433,hybrid,fixed,decaps,793844
6434,hybrid,fixed,decaps,764989
6435,hybrid,fixed,decaps,758494
6436,hybrid,fixed,decaps,757917
6437,hybrid,fixed,decaps,800339
6438,hybrid,fixed,decaps,809533
6439,hybrid,fixed,decaps,780794
6440,hybrid,fixed,decaps,813049
6441,hybrid,fixed,decaps,782073
6442,hybrid,fixed,decaps,780169
6443,hybrid,fixed,decaps,787447
6444,hybrid,fixed,decaps,769170
6445,hybrid,fixed,decaps,780561
6446,hybrid,fixed,decaps,758966
6447,hybrid,fixed,decaps,758079
6448,hybrid,fixed,decaps,775251
6449,hybrid,fixed,decaps,805829
6450,hybrid,fixed,decaps,802444
6451,hybrid,fixed,decaps,773978
6452,hybrid,fixed,decaps,769520
6453,hybrid,fixed,decaps,764791
6454,hybrid,fixed,decaps,773716
6455,hybrid,fixed,decaps,764419
6456,hybrid,fixed,decaps,789725
6457,hybrid,fixed,decaps,815525
6458,hybrid,fixed,decaps,736223
6459,hybrid,fixed,decaps,774744
6460,hybrid,fixed,decaps,802097
6461,hybrid,fixed,decaps,844319
6462,hybrid,fixed,decaps,782252
6463,hybrid,fixed,decaps,781090
6464,hybrid,fixed,decaps,780440
6465,hybrid,fixed,decaps,801209
6466,hybrid,fixed,decaps,784653
6467,hybrid,fixed,decaps,759160
6468,hybrid,fixed,decaps,757760
6469,hybrid,fixed,decaps,757738
6470,hybrid,fixed,decaps,795665
6471,hybrid,fixed,decaps,814625
6472,hybrid,fixed,decaps,780907
6473,hybrid,fixed,decaps,780607
6474,hybrid,fixed,decaps,771583
6475,hybrid,fixed,decaps,793600
6476,hybrid,fixed,decaps,758247
6477,hybrid,fixed,decaps,757678
6478,hybrid,fixed,decaps,757667
6479,hybrid,fixed,decaps,783519
6480,hybrid,fixed,decaps,758939
6481,hybrid,fixed,decaps,765627
6482,hybrid,fixed,decaps,758324
6483,hybrid,fixed,decaps,771694
6484,hybrid,fixed,decaps,781464
6485,hybrid,fixed,decaps,805483
6486,hybrid,fixed,decaps,812013
6487,hybrid,fixed,decaps,781302
6488,hybrid,fixed,decaps,780724
6489,hybrid,fixed,decaps,780944
6490,hybrid,fixed,decaps,780251
6491,hybrid,fixed,decaps,803927
6492,hybrid,fixed,decaps,796804
6493,hybrid,fixed,decaps,768402
6494,hybrid,fixed,decaps,757618
6495,hybrid,fixed,decaps,757202
6496,hybrid,fixed,decaps,764723
6497,hybrid,fixed,decaps,758562
6498,hybrid,fixed,decaps,758235
6499,hybrid,fixed,decaps,757848
6500,hybrid,fixed,decaps,809187
6501,hybrid,fixed,decaps,811353
6502,hybrid,fixed,decaps,781029
6503,hybrid,fixed,decaps,785139
6504,hybrid,fixed,decaps,749856
6505,hybrid,fixed,decaps,798030
6506,hybrid,fixed,decaps,766287
6507,hybrid,fixed,decaps,777987
6508,hybrid,fixed,decaps,804866
6509,hybrid,fixed,decaps,796740
6510,hybrid,fixed,decaps,772882
6511,hybrid,fixed,decaps,768924
6512,hybrid,fixed,decaps,758367
6513,hybrid,fixed,decaps,757913
6514,hybrid,fixed,decaps,805848
6515,hybrid,fixed,decaps,807055
6516,hybrid,fixed,decaps,792853
6517,hybrid,fixed,decaps,764285
6518,hybrid,fixed,decaps,775559
6519,hybrid,fixed,decaps,758729
6520,hybrid,fixed,decaps,758151
6521,hybrid,fixed,decaps,758087
6522,hybrid,fixed,decaps,763469
6523,hybrid,fixed,decaps,758345
6524,hybrid,fixed,decaps,758051
6525,hybrid,fixed,decaps,775913
6526,hybrid,fixed,decaps,804632
6527,hybrid,fixed,decaps,820166
6528,hybrid,fixed,decaps,804263
6529,hybrid,fixed,decaps,781065
6530,hybrid,fixed,decaps,798680
6531,hybrid,fixed,decaps,786132
6532,hybrid,fixed,decaps,762831
6533,hybrid,fixed,decaps,763435
6534,hybrid,fixed,decaps,758447
6535,hybrid,fixed,decaps,758208
6536,hybrid,fixed,decaps,758343
6537,hybrid,fixed,decaps,761898
6538,hybrid,fixed,decaps,758326
6539,hybrid,fixed,decaps,760324
6540,hybrid,fixed,decaps,816639
6541,hybrid,fixed,decaps,800941
6542,hybrid,fixed,decaps,782369
6543,hybrid,fixed,decaps,789467
6544,hybrid,fixed,decaps,759144
6545,hybrid,fixed,decaps,758021
6546,hybrid,fixed,decaps,757965
6547,hybrid,fixed,decaps,789559
6548,hybrid,fixed,decaps,806038
6549,hybrid,fixed,decaps,795274
6550,hybrid,fixed,decaps,769428
6551,hybrid,fixed,decaps,769936
6552,hybrid,fixed,decaps,757828
6553,hybrid,fixed,decaps,761574
6554,hybrid,fixed,decaps,812969
6555,hybrid,fixed,decaps,805705
6556,hybrid,fixed,decaps,781739
6557,hybrid,fixed,decaps,812966
6558,hybrid,fixed,decaps,787301
6559,hybrid,fixed,decaps,780836
6560,hybrid,fixed,decaps,774367
6561,hybrid,fixed,decaps,777324
6562,hybrid,fixed,decaps,759178
6563,hybrid,fixed,decaps,764288
6564,hybrid,fixed,decaps,758323
6565,hybrid,fixed,decaps,787558
6566,hybrid,fixed,decaps,815715
6567,hybrid,fixed,decaps,780809
6568,hybrid,fixed,decaps,787466
6569,hybrid,fixed,decaps,798100
6570,hybrid,fixed,decaps,770981
6571,hybrid,fixed,decaps,758747
6572,hybrid,fixed,decaps,817850
6573,hybrid,fixed,decaps,804651
6574,hybrid,fixed,decaps,778882
6575,hybrid,fixed,decaps,764530
6576,hybrid,fixed,decaps,758673
6577,hybrid,fixed,decaps,758376
6578,hybrid,fixed,decaps,760960
6579,hybrid,fixed,decaps,782947
6580,hybrid,fixed,decaps,818557
6581,hybrid,fixed,decaps,780767
6582,hybrid,fixed,decaps,780400
6583,hybrid,fixed,decaps,828476
6584,hybrid,fixed,decaps,762426
6585,hybrid,fixed,decaps,758149
6586,hybrid,fixed,decaps,758228
6587,hybrid,fixed,decaps,757637
6588,hybrid,fixed,decaps,761089
6589,hybrid,fixed,decaps,758020
6590,hybrid,fixed,decaps,757678
6591,hybrid,fixed,decaps,803896
6592,hybrid,fixed,decaps,806732
6593,hybrid,fixed,decaps,793512
6594,hybrid,fixed,decaps,736073
6595,hybrid,fixed,decaps,805978
6596,hybrid,fixed,decaps,758767
6597,hybrid,fixed,decaps,757809
6598,hybrid,fixed,decaps,757559
6599,hybrid,fixed,decaps,764808
6600,hybrid,fixed,decaps,757969
6601,hybrid,fixed,decaps,757329
6602,hybrid,fixed,decaps,757318
6603,hybrid,fixed,decaps,757292
6604,hybrid,fixed,decaps,763385
6605,hybrid,fixed,decaps,758034
6606,hybrid,fixed,decaps,818518
6607,hybrid,fixed,decaps,860500
6608,hybrid,fixed,decaps,796649
6609,hybrid,fixed,decaps,817725
6610,hybrid,fixed,decaps,782243
6611,hybrid,fixed,decaps,780777
6612,hybrid,fixed,decaps,780648
6613,hybrid,fixed,decaps,787935
6614,hybrid,fixed,decaps,789838
6615,hybrid,fixed,decaps,771059
6616,hybrid,fixed,decaps,758032
6617,hybrid,fixed,decaps,757658
6618,hybrid,fixed,decaps,757894
6619,hybrid,fixed,decaps,760781
6620,hybrid,fixed,decaps,775856
6621,hybrid,fixed,decaps,831791
6622,hybrid,fixed,decaps,796291
6623,hybrid,fixed,decaps,780353
6624,hybrid,fixed,decaps,787909
6625,hybrid,fixed,decaps,780701
6626,hybrid,fixed,decaps,780407
6627,hybrid,fixed,decaps,780342
6628,hybrid,fixed,decaps,776784
6629,hybrid,fixed,decaps,785832
6630,hybrid,fixed,decaps,758270
6631,hybrid,fixed,decaps,757840
6632,hybrid,fixed,decaps,757862
6633,hybrid,fixed,decaps,787581
6634,hybrid,fixed,decaps,816059
6635,hybrid,fixed,decaps,788060
6636,hybrid,fixed,decaps,803411
6637,hybrid,fixed,decaps,782025
6638,hybrid,fixed,decaps,781067
6639,hybrid,fixed,decaps,811032
6640,hybrid,fixed,decaps,755703
6641,hybrid,fixed,decaps,777444
6642,hybrid,fixed,decaps,758120
6643,hybrid,fixed,decaps,757854
6644,hybrid,fixed,decaps,758168
6645,hybrid,fixed,decaps,761314
6646,hybrid,fixed,decaps,758162
6647,hybrid,fixed,decaps,809005
6648,hybrid,fixed,decaps,819397
6649,hybrid,fixed,decaps,781035
6650,hybrid,fixed,decaps,780610
6651,hybrid,fixed,decaps,772359
6652,hybrid,fixed,decaps,757881
6653,hybrid,fixed,decaps,757353
6654,hybrid,fixed,decaps,758501
6655,hybrid,fixed,decaps,766689
6656,hybrid,fixed,decaps,770562
6657,hybrid,fixed,decaps,777550
6658,hybrid,fixed,decaps,767737
6659,hybrid,fixed,decaps,849677
6660,hybrid,fixed,decaps,812827
6661,hybrid,fixed,decaps,795052
6662,hybrid,fixed,decaps,799709
6663,hybrid,fixed,decaps,781365
6664,hybrid,fixed,decaps,780558
6665,hybrid,fixed,decaps,822154
6666,hybrid,fixed,decaps,762616
6667,hybrid,fixed,decaps,758583
6668,hybrid,fixed,decaps,758169
6669,hybrid,fixed,decaps,757781
6670,hybrid,fixed,decaps,801599
6671,hybrid,fixed,decaps,831215
6672,hybrid,fixed,decaps,778094
6673,hybrid,fixed,decaps,772668
6674,hybrid,fixed,decaps,758731
6675,hybrid,fixed,decaps,758264
6676,hybrid,fixed,decaps,1135170
6677,hybrid,fixed,decaps,758558
6678,hybrid,fixed,decaps,759462
6679,hybrid,fixed,decaps,757279
6680,hybrid,fixed,decaps,760939
6681,hybrid,fixed,decaps,774749
6682,hybrid,fixed,decaps,805767
6683,hybrid,fixed,decaps,797447
6684,hybrid,fixed,decaps,774087
6685,hybrid,fixed,decaps,764741
6686,hybrid,fixed,decaps,758516
6687,hybrid,fixed,decaps,786789
6688,hybrid,fixed,decaps,759728
6689,hybrid,fixed,decaps,808766
6690,hybrid,fixed,decaps,834100
6691,hybrid,fixed,decaps,782202
6692,hybrid,fixed,decaps,781166
6693,hybrid,fixed,decaps,781100
6694,hybrid,fixed,decaps,783966
6695,hybrid,fixed,decaps,758045
6696,hybrid,fixed,decaps,763002
6697,hybrid,fixed,decaps,806779
6698,hybrid,fixed,decaps,831591
6699,hybrid,fixed,decaps,785933
6700,hybrid,fixed,decaps,740651
6701,hybrid,fixed,decaps,778132
6702,hybrid,fixed,decaps,757926
6703,hybrid,fixed,decaps,757570
6704,hybrid,fixed,decaps,757384
6705,hybrid,fixed,decaps,757377
6706,hybrid,fixed,decaps,760423
6707,hybrid,fixed,decaps,757032
6708,hybrid,fixed,decaps,757064
6709,hybrid,fixed,decaps,756778
6710,hybrid,fixed,decaps,757421
6711,hybrid,fixed,decaps,796083
6712,hybrid,fixed,decaps,812325
6713,hybrid,fixed,decaps,801718
6714,hybrid,fixed,decaps,781588
6715,hybrid,fixed,decaps,780715
6716,hybrid,fixed,decaps,788025
6717,hybrid,fixed,decaps,793666
6718,hybrid,fixed,decaps,736474
6719,hybrid,fixed,decaps,781332
6720,hybrid,fixed,decaps,758071
6721,hybrid,fixed,decaps,763436
6722,hybrid,fixed,decaps,758232
6723,hybrid,fixed,decaps,757800
6724,hybrid,fixed,decaps,781487
6725,hybrid,fixed,decaps,787959
6726,hybrid,fixed,decaps,816215
6727,hybrid,fixed,decaps,787860
6728,hybrid,fixed,decaps,762114
6729,hybrid,fixed,decaps,773351
6730,hybrid,fixed,decaps,781436
6731,hybrid,fixed,decaps,805388
6732,hybrid,fixed,decaps,810180
6733,hybrid,fixed,decaps,767196
6734,hybrid,fixed,decaps,771493
6735,hybrid,fixed,decaps,757823
6736,hybrid,fixed,decaps,758222
6737,hybrid,fixed,decaps,816529
6738,hybrid,fixed,decaps,803187
6739,hybrid,fixed,decaps,802169
6740,hybrid,fixed,decaps,764043
6741,hybrid,fixed,decaps,758155
6742,hybrid,fixed,decaps,764785
6743,hybrid,fixed,decaps,758369
6744,hybrid,fixed,decaps,779596
6745,hybrid,fixed,decaps,805214
6746,hybrid,fixed,decaps,795271
6747,hybrid,fixed,decaps,786756
6748,hybrid,fixed,decaps,821166
6749,hybrid,fixed,decaps,797895
6750,hybrid,fixed,decaps,736969
6751,hybrid,fixed,decaps,780770
6752,hybrid,fixed,decaps,764928
6753,hybrid,fixed,decaps,758757
6754,hybrid,fixed,decaps,758659
6755,hybrid,fixed,decaps,758378
6756,hybrid,fixed,decaps,799342
6757,hybrid,fixed,decaps,815622
6758,hybrid,fixed,decaps,796929
6759,hybrid,fixed,decaps,736801
6760,hybrid,fixed,decaps,780802
6761,hybrid,fixed,decaps,758563
6762,hybrid,fixed,decaps,764364
6763,hybrid,fixed,decaps,759245
6764,hybrid,fixed,decaps,758238
6765,hybrid,fixed,decaps,779570
6766,hybrid,fixed,decaps,786658
6767,hybrid,fixed,decaps,817328
6768,hybrid,fixed,decaps,788746
6769,hybrid,fixed,decaps,764735
6770,hybrid,fixed,decaps,770116
6771,hybrid,fixed,decaps,758256
6772,hybrid,fixed,decaps,758013
6773,hybrid,fixed,decaps,822768
6774,hybrid,fixed,decaps,815047
6775,hybrid,fixed,decaps,790831
6776,hybrid,fixed,decaps,765362
6777,hybrid,fixed,decaps,758291
6778,hybrid,fixed,decaps,766583
6779,hybrid,fixed,decaps,758587
6780,hybrid,fixed,decaps,758062
6781,hybrid,fixed,decaps,784324
6782,hybrid,fixed,decaps,815028
6783,hybrid,fixed,decaps,810234
6784,hybrid,fixed,decaps,782293
6785,hybrid,fixed,decaps,762076
6786,hybrid,fixed,decaps,758594
6787,hybrid,fixed,decaps,757913
6788,hybrid,fixed,decaps,764567
6789,hybrid,fixed,decaps,758615
6790,hybrid,fixed,decaps,765049
6791,hybrid,fixed,decaps,771491
6792,hybrid,fixed,decaps,798151
6793,hybrid,fixed,decaps,817461
6794,hybrid,fixed,decaps,795456
6795,hybrid,fixed,decaps,736483
6796,hybrid,fixed,decaps,779126
6797,hybrid,fixed,decaps,758598
6798,hybrid,fixed,decaps,761493
6799,hybrid,fixed,decaps,758590
6800,hybrid,fixed,decaps,758139
6801,hybrid,fixed,decaps,817594
6802,hybrid,fixed,decaps,811833
6803,hybrid,fixed,decaps,780291
6804,hybrid,fixed,decaps,787896
6805,hybrid,fixed,decaps,781359
6806,hybrid,fixed,decaps,781265
6807,hybrid,fixed,decaps,780952
6808,hybrid,fixed,decaps,781056
6809,hybrid,fixed,decaps,778592
6810,hybrid,fixed,decaps,777797
6811,hybrid,fixed,decaps,768555
6812,hybrid,fixed,decaps,760237
6813,hybrid,fixed,decaps,758367
6814,hybrid,fixed,decaps,767660
6815,hybrid,fixed,decaps,758623
6816,hybrid,fixed,decaps,768919
6817,hybrid,fixed,decaps,788893
6818,hybrid,fixed,decaps,760225
6819,hybrid,fixed,decaps,767777
6820,hybrid,fixed,decaps,759331
6821,hybrid,fixed,decaps,758510
6822,hybrid,fixed,decaps,758270
6823,hybrid,fixed,decaps,758172
6824,hybrid,fixed,decaps,766177
6825,hybrid,fixed,decaps,758793
6826,hybrid,fixed,decaps,758781
6827,hybrid,fixed,decaps,782538
6828,hybrid,fixed,decaps,761371
6829,hybrid,fixed,decaps,758052
6830,hybrid,fixed,decaps,766125
6831,hybrid,fixed,decaps,789868
6832,hybrid,fixed,decaps,780421
6833,hybrid,fixed,decaps,785401
6834,hybrid,fixed,decaps,781806
6835,hybrid,fixed,decaps,796179
6836,hybrid,fixed,decaps,767873
6837,hybrid,fixed,decaps,854159
6838,hybrid,fixed,decaps,892968
6839,hybrid,fixed,decaps,783498
6840,hybrid,fixed,decaps,768308
6841,hybrid,fixed,decaps,783987
6842,hybrid,fixed,decaps,784567
6843,hybrid,fixed,decaps,781098
6844,hybrid,fixed,decaps,1006665
6845,hybrid,fixed,decaps,783739
6846,hybrid,fixed,decaps,782144
6847,hybrid,fixed,decaps,781208
6848,hybrid,fixed,decaps,781083
6849,hybrid,fixed,decaps,786977
6850,hybrid,fixed,decaps,782303
6851,hybrid,fixed,decaps,807899
6852,hybrid,fixed,decaps,772958
6853,hybrid,fixed,decaps,769582
6854,hybrid,fixed,decaps,758528
6855,hybrid,fixed,decaps,814112
6856,hybrid,fixed,decaps,796382
6857,hybrid,fixed,decaps,761266
6858,hybrid,fixed,decaps,758178
6859,hybrid,fixed,decaps,757743
6860,hybrid,fixed,decaps,765097
6861,hybrid,fixed,decaps,783782
6862,hybrid,fixed,decaps,780956
6863,hybrid,fixed,decaps,781017
6864,hybrid,fixed,decaps,781322
6865,hybrid,fixed,decaps,791032
6866,hybrid,fixed,decaps,782027
6867,hybrid,fixed,decaps,890266
6868,hybrid,fixed,decaps,744823
6869,hybrid,fixed,decaps,779336
6870,hybrid,fixed,decaps,766982
6871,hybrid,fixed,decaps,762492
6872,hybrid,fixed,decaps,759945
6873,hybrid,fixed,decaps,761232
6874,hybrid,fixed,decaps,831618
6875,hybrid,fixed,decaps,798680
6876,hybrid,fixed,decaps,783706
6877,hybrid,fixed,decaps,816684
6878,hybrid,fixed,decaps,787463
6879,hybrid,fixed,decaps,771911
6880,hybrid,fixed,decaps,800549
6881,hybrid,fixed,decaps,763823
6882,hybrid,fixed,decaps,778102
6883,hybrid,fixed,decaps,798925
6884,hybrid,fixed,decaps,789042
6885,hybrid,fixed,decaps,804772
6886,hybrid,fixed,decaps,800023
6887,hybrid,fixed,decaps,894051
6888,hybrid,fixed,decaps,797440
6889,hybrid,fixed,decaps,816428
6890,hybrid,fixed,decaps,795840
6891,hybrid,fixed,decaps,782459
6892,hybrid,fixed,decaps,803269
6893,hybrid,fixed,decaps,781904
6894,hybrid,fixed,decaps,780843
6895,hybrid,fixed,decaps,840033
6896,hybrid,fixed,decaps,771680
6897,hybrid,fixed,decaps,758452
6898,hybrid,fixed,decaps,758204
6899,hybrid,fixed,decaps,804037
6900,hybrid,fixed,decaps,834474
6901,hybrid,fixed,decaps,794472
6902,hybrid,fixed,decaps,815399
6903,hybrid,fixed,decaps,782540
6904,hybrid,fixed,decaps,769166
6905,hybrid,fixed,decaps,1172378
6906,hybrid,fixed,decaps,770568
6907,hybrid,fixed,decaps,777539
6908,hybrid,fixed,decaps,758247
6909,hybrid,fixed,decaps,758168
6910,hybrid,fixed,decaps,797343
6911,hybrid,fixed,decaps,781776
6912,hybrid,fixed,decaps,1217763
6913,hybrid,fixed,decaps,793924
6914,hybrid,fixed,decaps,790510
6915,hybrid,fixed,decaps,781774
6916,hybrid,fixed,decaps,787247
6917,hybrid,fixed,decaps,793602
6918,hybrid,fixed,decaps,781724
6919,hybrid,fixed,decaps,835756
6920,hybrid,fixed,decaps,788651
6921,hybrid,fixed,decaps,782368
6922,hybrid,fixed,decaps,781477
6923,hybrid,fixed,decaps,781562
6924,hybrid,fixed,decaps,827248
6925,hybrid,fixed,decaps,738311
6926,hybrid,fixed,decaps,780659
6927,hybrid,fixed,decaps,781985
6928,hybrid,fixed,decaps,759571
6929,hybrid,fixed,decaps,758456
6930,hybrid,fixed,decaps,768507
6931,hybrid,fixed,decaps,802515
6932,hybrid,fixed,decaps,809904
6933,hybrid,fixed,decaps,795497
6934,hybrid,fixed,decaps,736403
6935,hybrid,fixed,decaps,796217
6936,hybrid,fixed,decaps,758584
6937,hybrid,fixed,decaps,758295
6938,hybrid,fixed,decaps,758225
6939,hybrid,fixed,decaps,816666
6940,hybrid,fixed,decaps,812157
6941,hybrid,fixed,decaps,782182
6942,hybrid,fixed,decaps,805393
6943,hybrid,fixed,decaps,781821
6944,hybrid,fixed,decaps,781067
6945,hybrid,fixed,decaps,826508
6946,hybrid,fixed,decaps,766107
6947,hybrid,fixed,decaps,758230
6948,hybrid,fixed,decaps,758074
6949,hybrid,fixed,decaps,757879
6950,hybrid,fixed,decaps,803390
6951,hybrid,fixed,decaps,811648
6952,hybrid,fixed,decaps,804952
6953,hybrid,fixed,decaps,782041
6954,hybrid,fixed,decaps,780691
6955,hybrid,fixed,decaps,787785
6956,hybrid,fixed,decaps,781583
6957,hybrid,fixed,decaps,781040
6958,hybrid,fixed,decaps,780959
6959,hybrid,fixed,decaps,769706
6960,hybrid,fixed,decaps,790742
6961,hybrid,fixed,decaps,758772
6962,hybrid,fixed,decaps,758222
6963,hybrid,fixed,decaps,758163
6964,hybrid,fixed,decaps,758513
6965,hybrid,fixed,decaps,784746
6966,hybrid,fixed,decaps,806360
6967,hybrid,fixed,decaps,797160
6968,hybrid,fixed,decaps,800037
6969,hybrid,fixed,decaps,773001
6970,hybrid,fixed,decaps,757795
6971,hybrid,fixed,decaps,794267
6972,hybrid,fixed,decaps,759474
6973,hybrid,fixed,decaps,758174
6974,hybrid,fixed,decaps,777036
6975,hybrid,fixed,decaps,804989
6976,hybrid,fixed,decaps,801771
6977,hybrid,fixed,decaps,780993
6978,hybrid,fixed,decaps,805317
6979,hybrid,fixed,decaps,763899
6980,hybrid,fixed,decaps,758365
6981,hybrid,fixed,decaps,766213
6982,hybrid,fixed,decaps,758837
6983,hybrid,fixed,decaps,782729
6984,hybrid,fixed,decaps,805465
6985,hybrid,fixed,decaps,796150
6986,hybrid,fixed,decaps,788510
6987,hybrid,fixed,decaps,768665
6988,hybrid,fixed,decaps,758367
6989,hybrid,fixed,decaps,757644
6990,hybrid,fixed,decaps,757873
6991,hybrid,fixed,decaps,765476
6992,hybrid,fixed,decaps,758999
6993,hybrid,fixed,decaps,758457
6994,hybrid,fixed,decaps,832231
6995,hybrid,fixed,decaps,804341
6996,hybrid,fixed,decaps,792624
6997,hybrid,fixed,decaps,797212
6998,hybrid,fixed,decaps,782490
6999,hybrid,fixed,decaps,761233
7000,hybrid,fixed,decaps,774239
7001,hybrid,fixed,decaps,764520
7002,hybrid,fixed,decaps,758569
7003,hybrid,fixed,decaps,777906
7004,hybrid,fixed,decaps,782791
7005,hybrid,fixed,decaps,759158
7006,hybrid,fixed,decaps,759885
7007,hybrid,fixed,decaps,765126
7008,hybrid,fixed,decaps,807578
7009,hybrid,fixed,decaps,806485
7010,hybrid,fixed,decaps,789098
7011,hybrid,fixed,decaps,736675
7012,hybrid,fixed,decaps,801517
7013,hybrid,fixed,decaps,758637
7014,hybrid,fixed,decaps,789448
7015,hybrid,fixed,decaps,814935
7016,hybrid,fixed,decaps,737117
7017,hybrid,fixed,decaps,820735
7018,hybrid,fixed,decaps,760433
7019,hybrid,fixed,decaps,758256
7020,hybrid,fixed,decaps,779221
7021,hybrid,fixed,decaps,758904
7022,hybrid,fixed,decaps,776977
7023,hybrid,fixed,decaps,792365
7024,hybrid,fixed,decaps,814628
7025,hybrid,fixed,decaps,781719
7026,hybrid,fixed,decaps,781705
7027,hybrid,fixed,decaps,789387
7028,hybrid,fixed,decaps,781893
7029,hybrid,fixed,decaps,795727
7030,hybrid,fixed,decaps,763115
7031,hybrid,fixed,decaps,787765
7032,hybrid,fixed,decaps,768124
7033,hybrid,fixed,decaps,758892
7034,hybrid,fixed,decaps,757194
7035,hybrid,fixed,decaps,757316
7036,hybrid,fixed,decaps,757303
7037,hybrid,fixed,decaps,763157
7038,hybrid,fixed,decaps,758155
7039,hybrid,fixed,decaps,757915
7040,hybrid,fixed,decaps,757793
7041,hybrid,fixed,decaps,757982
7042,hybrid,fixed,decaps,757861
7043,hybrid,fixed,decaps,825521
7044,hybrid,fixed,decaps,803826
7045,hybrid,fixed,decaps,780627
7046,hybrid,fixed,decaps,800924
7047,hybrid,fixed,decaps,785847
7048,hybrid,fixed,decaps,800220
7049,hybrid,fixed,decaps,773001
7050,hybrid,fixed,decaps,758566
7051,hybrid,fixed,decaps,758160
7052,hybrid,fixed,decaps,757942
7053,hybrid,fixed,decaps,810813
7054,hybrid,fixed,decaps,806958
7055,hybrid,fixed,decaps,788342
7056,hybrid,fixed,decaps,764443
7057,hybrid,fixed,decaps,772086
7058,hybrid,fixed,decaps,809133
7059,hybrid,fixed,decaps,807065
7060,hybrid,fixed,decaps,780904
7061,hybrid,fixed,decaps,785076
7062,hybrid,fixed,decaps,754497
7063,hybrid,fixed,decaps,741577
7064,hybrid,fixed,decaps,769067
7065,hybrid,fixed,decaps,757998
7066,hybrid,fixed,decaps,758079
7067,hybrid,fixed,decaps,786426
7068,hybrid,fixed,decaps,787633
7069,hybrid,fixed,decaps,781459
7070,hybrid,fixed,decaps,780612
7071,hybrid,fixed,decaps,762631
7072,hybrid,fixed,decaps,791347
7073,hybrid,fixed,decaps,782977
7074,hybrid,fixed,decaps,805831
7075,hybrid,fixed,decaps,759376
7076,hybrid,fixed,decaps,757800
7077,hybrid,fixed,decaps,757425
7078,hybrid,fixed,decaps,758369
7079,hybrid,fixed,decaps,764681
7080,hybrid,fixed,decaps,788812
7081,hybrid,fixed,decaps,781418
7082,hybrid,fixed,decaps,805811
7083,hybrid,fixed,decaps,781928
7084,hybrid,fixed,decaps,786567
7085,hybrid,fixed,decaps,767434
7086,hybrid,fixed,decaps,772215
7087,hybrid,fixed,decaps,757750
7088,hybrid,fixed,decaps,757863
7089,hybrid,fixed,decaps,762380
7090,hybrid,fixed,decaps,758081
7091,hybrid,fixed,decaps,758047
7092,hybrid,fixed,decaps,758019
7093,hybrid,fixed,decaps,757837
7094,hybrid,fixed,decaps,762777
7095,hybrid,fixed,decaps,775787
7096,hybrid,fixed,decaps,781049
7097,hybrid,fixed,decaps,781200
7098,hybrid,fixed,decaps,802777
7099,hybrid,fixed,decaps,806924
7100,hybrid,fixed,decaps,885313
7101,hybrid,fixed,decaps,905273
7102,hybrid,fixed,decaps,736337
7103,hybrid,fixed,decaps,789762
7104,hybrid,fixed,decaps,764334
7105,hybrid,fixed,decaps,757887
7106,hybrid,fixed,decaps,757771
7107,hybrid,fixed,decaps,792904
7108,hybrid,fixed,decaps,845157
7109,hybrid,fixed,decaps,790156
7110,hybrid,fixed,decaps,781758
7111,hybrid,fixed,decaps,785143
7112,hybrid,fixed,decaps,754323
7113,hybrid,fixed,decaps,775043
7114,hybrid,fixed,decaps,763925
7115,hybrid,fixed,decaps,757662
7116,hybrid,fixed,decaps,757640
7117,hybrid,fixed,decaps,757473
7118,hybrid,fixed,decaps,757368
7119,hybrid,fixed,decaps,757630
7120,hybrid,fixed,decaps,762850
7121,hybrid,fixed,decaps,758385
7122,hybrid,fixed,decaps,780904
7123,hybrid,fixed,decaps,781167
7124,hybrid,fixed,decaps,800307
7125,hybrid,fixed,decaps,786405
7126,hybrid,fixed,decaps,872213
7127,hybrid,fixed,decaps,804529
7128,hybrid,fixed,decaps,766396
7129,hybrid,fixed,decaps,758446
7130,hybrid,fixed,decaps,767066
7131,hybrid,fixed,decaps,758521
7132,hybrid,fixed,decaps,757763
7133,hybrid,fixed,decaps,757953
7134,hybrid,fixed,decaps,782500
7135,hybrid,fixed,decaps,794230
7136,hybrid,fixed,decaps,781129
7137,hybrid,fixed,decaps,780705
7138,hybrid,fixed,decaps,780483
7139,hybrid,fixed,decaps,780385
7140,hybrid,fixed,decaps,785943
7141,hybrid,fixed,decaps,780964
7142,hybrid,fixed,decaps,784545
7143,hybrid,fixed,decaps,752043
7144,hybrid,fixed,decaps,773325
7145,hybrid,fixed,decaps,763476
7146,hybrid,fixed,decaps,776692
7147,hybrid,fixed,decaps,804674
7148,hybrid,fixed,decaps,798730
7149,hybrid,fixed,decaps,807813
7150,hybrid,fixed,decaps,806198
7151,hybrid,fixed,decaps,773081
7152,hybrid,fixed,decaps,759139
7153,hybrid,fixed,decaps,757930
7154,hybrid,fixed,decaps,757645
7155,hybrid,fixed,decaps,757748
7156,hybrid,fixed,decaps,764346
7157,hybrid,fixed,decaps,809931
7158,hybrid,fixed,decaps,803940
7159,hybrid,fixed,decaps,784721
7160,hybrid,fixed,decaps,797893
7161,hybrid,fixed,decaps,777487
7162,hybrid,fixed,decaps,757586
7163,hybrid,fixed,decaps,757563
7164,hybrid,fixed,decaps,757503
7165,hybrid,fixed,decaps,756882
7166,hybrid,fixed,decaps,763168
7167,hybrid,fixed,decaps,1267399
7168,hybrid,fixed,decaps,814413
7169,hybrid,fixed,decaps,802442
7170,hybrid,fixed,decaps,788703
7171,hybrid,fixed,decaps,781018
7172,hybrid,fixed,decaps,780796
7173,hybrid,fixed,decaps,780586
7174,hybrid,fixed,decaps,780685
7175,hybrid,fixed,decaps,817227
7176,hybrid,fixed,decaps,765380
7177,hybrid,fixed,decaps,774408
7178,hybrid,fixed,decaps,757658
7179,hybrid,fixed,decaps,757971
7180,hybrid,fixed,decaps,757713
7181,hybrid,fixed,decaps,764488
7182,hybrid,fixed,decaps,758179
7183,hybrid,fixed,decaps,758009
7184,hybrid,fixed,decaps,757779
7185,hybrid,fixed,decaps,757650
7186,hybrid,fixed,decaps,850096
7187,hybrid,fixed,decaps,803889
7188,hybrid,fixed,decaps,780990
7189,hybrid,fixed,decaps,780992
7190,hybrid,fixed,decaps,780565
7191,hybrid,fixed,decaps,786859
7192,hybrid,fixed,decaps,781455
7193,hybrid,fixed,decaps,811852
7194,hybrid,fixed,decaps,741747
7195,hybrid,fixed,decaps,774883
7196,hybrid,fixed,decaps,763894
7197,hybrid,fixed,decaps,758192
7198,hybrid,fixed,decaps,774157
7199,hybrid,fixed,decaps,804854
7200,hybrid,fixed,decaps,810867
7201,hybrid,fixed,decaps,804886
7202,hybrid,fixed,decaps,810325
7203,hybrid,fixed,decaps,765133
7204,hybrid,fixed,decaps,757890
7205,hybrid,fixed,decaps,757361
7206,hybrid,fixed,decaps,761820
7207,hybrid,fixed,decaps,757665
7208,hybrid,fixed,decaps,757935
7209,hybrid,fixed,decaps,757357
7210,hybrid,fixed,decaps,757554
7211,hybrid,fixed,decaps,760613
7212,hybrid,fixed,decaps,784810
7213,hybrid,fixed,decaps,758623
7214,hybrid,fixed,decaps,757733
7215,hybrid,fixed,decaps,785118
7216,hybrid,fixed,decaps,816272
7217,hybrid,fixed,decaps,784764
7218,hybrid,fixed,decaps,764284
7219,hybrid,fixed,decaps,772236
7220,hybrid,fixed,decaps,757846
7221,hybrid,fixed,decaps,757708
7222,hybrid,fixed,decaps,770907
7223,hybrid,fixed,decaps,758694
7224,hybrid,fixed,decaps,757619
7225,hybrid,fixed,decaps,757774
7226,hybrid,fixed,decaps,757553
7227,hybrid,fixed,decaps,761074
7228,hybrid,fixed,decaps,757953
7229,hybrid,fixed,decaps,796199
7230,hybrid,fixed,decaps,806082
7231,hybrid,fixed,decaps,798959
7232,hybrid,fixed,decaps,788570
7233,hybrid,fixed,decaps,781238
7234,hybrid,fixed,decaps,780781
7235,hybrid,fixed,decaps,758439
7236,hybrid,fixed,decaps,776305
7237,hybrid,fixed,decaps,760922
7238,hybrid,fixed,decaps,781207
7239,hybrid,fixed,decaps,758743
7240,hybrid,fixed,decaps,757541
7241,hybrid,fixed,decaps,757844
7242,hybrid,fixed,decaps,757940
7243,hybrid,fixed,decaps,763603
7244,hybrid,fixed,decaps,758024
7245,hybrid,fixed,decaps,757543
7246,hybrid,fixed,decaps,757312
7247,hybrid,fixed,decaps,757417
7248,hybrid,fixed,decaps,818519
7249,hybrid,fixed,decaps,803728
7250,hybrid,fixed,decaps,780721
7251,hybrid,fixed,decaps,780405
7252,hybrid,fixed,decaps,780776
7253,hybrid,fixed,decaps,787215
7254,hybrid,fixed,decaps,780719
7255,hybrid,fixed,decaps,805257
7256,hybrid,fixed,decaps,786114
7257,hybrid,fixed,decaps,750071
7258,hybrid,fixed,decaps,805050
7259,hybrid,fixed,decaps,758474
7260,hybrid,fixed,decaps,779225
7261,hybrid,fixed,decaps,759489
7262,hybrid,fixed,decaps,758121
7263,hybrid,fixed,decaps,763527
7264,hybrid,fixed,decaps,804572
7265,hybrid,fixed,decaps,806668
7266,hybrid,fixed,decaps,793899
7267,hybrid,fixed,decaps,767759
7268,hybrid,fixed,decaps,828700
7269,hybrid,fixed,decaps,965665
7270,hybrid,fixed,decaps,817391
7271,hybrid,fixed,decaps,786376
7272,hybrid,fixed,decaps,755328
7273,hybrid,fixed,decaps,798480
7274,hybrid,fixed,decaps,758528
7275,hybrid,fixed,decaps,757836
7276,hybrid,fixed,decaps,757934
7277,hybrid,fixed,decaps,757832
7278,hybrid,fixed,decaps,762008
7279,hybrid,fixed,decaps,776030
7280,hybrid,fixed,decaps,836812
7281,hybrid,fixed,decaps,797418
7282,hybrid,fixed,decaps,781270
7283,hybrid,fixed,decaps,785641
7284,hybrid,fixed,decaps,795348
7285,hybrid,fixed,decaps,736739
7286,hybrid,fixed,decaps,779156
7287,hybrid,fixed,decaps,758125
7288,hybrid,fixed,decaps,761050
7289,hybrid,fixed,decaps,766719
7290,hybrid,fixed,decaps,774346
7291,hybrid,fixed,decaps,798292
7292,hybrid,fixed,decaps,810019
7293,hybrid,fixed,decaps,810057
7294,hybrid,fixed,decaps,748258
7295,hybrid,fixed,decaps,779509
7296,hybrid,fixed,decaps,758434
7297,hybrid,fixed,decaps,758016
7298,hybrid,fixed,decaps,757958
7299,hybrid,fixed,decaps,815347
7300,hybrid,fixed,decaps,801913
7301,hybrid,fixed,decaps,780448
7302,hybrid,fixed,decaps,796094
7303,hybrid,fixed,decaps,737189
7304,hybrid,fixed,decaps,782603
7305,hybrid,fixed,decaps,759083
7306,hybrid,fixed,decaps,785639
7307,hybrid,fixed,decaps,759454
7308,hybrid,fixed,decaps,758073
7309,hybrid,fixed,decaps,762427
7310,hybrid,fixed,decaps,758274
7311,hybrid,fixed,decaps,757890
7312,hybrid,fixed,decaps,758128
7313,hybrid,fixed,decaps,758299
7314,hybrid,fixed,decaps,761275
7315,hybrid,fixed,decaps,758359
7316,hybrid,fixed,decaps,783002
7317,hybrid,fixed,decaps,759170
7318,hybrid,fixed,decaps,788354
7319,hybrid,fixed,decaps,821768
7320,hybrid,fixed,decaps,782144
7321,hybrid,fixed,decaps,781221
7322,hybrid,fixed,decaps,781404
7323,hybrid,fixed,decaps,781272
7324,hybrid,fixed,decaps,797772
7325,hybrid,fixed,decaps,741972
7326,hybrid,fixed,decaps,775146
7327,hybrid,fixed,decaps,758451
7328,hybrid,fixed,decaps,758255
7329,hybrid,fixed,decaps,776311
7330,hybrid,fixed,decaps,763918
7331,hybrid,fixed,decaps,758731
7332,hybrid,fixed,decaps,795884
7333,hybrid,fixed,decaps,833680
7334,hybrid,fixed,decaps,782003
7335,hybrid,fixed,decaps,785317
7336,hybrid,fixed,decaps,779412
7337,hybrid,fixed,decaps,767857
7338,hybrid,fixed,decaps,757987
7339,hybrid,fixed,decaps,757374
7340,hybrid,fixed,decaps,785725
7341,hybrid,fixed,decaps,785763
7342,hybrid,fixed,decaps,816725
7343,hybrid,fixed,decaps,780659
7344,hybrid,fixed,decaps,780888
7345,hybrid,fixed,decaps,810735
7346,hybrid,fixed,decaps,768347
7347,hybrid,fixed,decaps,758550
7348,hybrid,fixed,decaps,816187
7349,hybrid,fixed,decaps,801126
7350,hybrid,fixed,decaps,782918
7351,hybrid,fixed,decaps,737420
7352,hybrid,fixed,decaps,736802
7353,hybrid,fixed,decaps,777456
7354,hybrid,fixed,decaps,782831
7355,hybrid,fixed,decaps,784705
7356,hybrid,fixed,decaps,781668
7357,hybrid,fixed,decaps,781313
7358,hybrid,fixed,decaps,804374
7359,hybrid,fixed,decaps,783184
7360,hybrid,fixed,decaps,786720
7361,hybrid,fixed,decaps,781821
7362,hybrid,fixed,decaps,781193
7363,hybrid,fixed,decaps,774634
7364,hybrid,fixed,decaps,763850
7365,hybrid,fixed,decaps,758251
7366,hybrid,fixed,decaps,787218
7367,hybrid,fixed,decaps,759143
7368,hybrid,fixed,decaps,757739
7369,hybrid,fixed,decaps,757653
7370,hybrid,fixed,decaps,757844
7371,hybrid,fixed,decaps,761747
7372,hybrid,fixed,decaps,757772
7373,hybrid,fixed,decaps,757875
7374,hybrid,fixed,decaps,758097
7375,hybrid,fixed,decaps,757657
7376,hybrid,fixed,decaps,760316
7377,hybrid,fixed,decaps,757900
7378,hybrid,fixed,decaps,757559
7379,hybrid,fixed,decaps,757779
7380,hybrid,fixed,decaps,757560
7381,hybrid,fixed,decaps,760478
7382,hybrid,fixed,decaps,757998
7383,hybrid,fixed,decaps,790249
7384,hybrid,fixed,decaps,781261
7385,hybrid,fixed,decaps,828559
7386,hybrid,fixed,decaps,820816
7387,hybrid,fixed,decaps,845261
7388,hybrid,fixed,decaps,796136
7389,hybrid,fixed,decaps,765637
7390,hybrid,fixed,decaps,758180
7391,hybrid,fixed,decaps,758260
7392,hybrid,fixed,decaps,787970
7393,hybrid,fixed,decaps,759807
7394,hybrid,fixed,decaps,795296
7395,hybrid,fixed,decaps,812126
7396,hybrid,fixed,decaps,798489
7397,hybrid,fixed,decaps,762490
7398,hybrid,fixed,decaps,763226
7399,hybrid,fixed,decaps,758427
7400,hybrid,fixed,decaps,758229
7401,hybrid,fixed,decaps,757959
7402,hybrid,fixed,decaps,818790
7403,hybrid,fixed,decaps,804426
7404,hybrid,fixed,decaps,791104
7405,hybrid,fixed,decaps,763381
7406,hybrid,fixed,decaps,758851
7407,hybrid,fixed,decaps,761590
7408,hybrid,fixed,decaps,758493
7409,hybrid,fixed,decaps,758352
7410,hybrid,fixed,decaps,758289
7411,hybrid,fixed,decaps,786287
7412,hybrid,fixed,decaps,799608
7413,hybrid,fixed,decaps,817514
7414,hybrid,fixed,decaps,785571
7415,hybrid,fixed,decaps,773664
7416,hybrid,fixed,decaps,763080
7417,hybrid,fixed,decaps,761530
7418,hybrid,fixed,decaps,783870
7419,hybrid,fixed,decaps,759575
7420,hybrid,fixed,decaps,758522
7421,hybrid,fixed,decaps,824936
7422,hybrid,fixed,decaps,818214
7423,hybrid,fixed,decaps,764271
7424,hybrid,fixed,decaps,758951
7425,hybrid,fixed,decaps,758429
7426,hybrid,fixed,decaps,758351
7427,hybrid,fixed,decaps,758472
7428,hybrid,fixed,decaps,761476
7429,hybrid,fixed,decaps,806232
7430,hybrid,fixed,decaps,806625
7431,hybrid,fixed,decaps,794085
7432,hybrid,fixed,decaps,763517
7433,hybrid,fixed,decaps,762015
7434,hybrid,fixed,decaps,803747
7435,hybrid,fixed,decaps,807556
7436,hybrid,fixed,decaps,805987
7437,hybrid,fixed,decaps,770932
7438,hybrid,fixed,decaps,767064
7439,hybrid,fixed,decaps,763632
7440,hybrid,fixed,decaps,758421
7441,hybrid,fixed,decaps,757840
7442,hybrid,fixed,decaps,757926
7443,hybrid,fixed,decaps,835552
7444,hybrid,fixed,decaps,808635
7445,hybrid,fixed,decaps,781825
7446,hybrid,fixed,decaps,781270
7447,hybrid,fixed,decaps,781514
7448,hybrid,fixed,decaps,785880
7449,hybrid,fixed,decaps,784263
7450,hybrid,fixed,decaps,761633
7451,hybrid,fixed,decaps,758324
7452,hybrid,fixed,decaps,758711
7453,hybrid,fixed,decaps,761368
7454,hybrid,fixed,decaps,780647
7455,hybrid,fixed,decaps,805859
7456,hybrid,fixed,decaps,795139
7457,hybrid,fixed,decaps,785675
7458,hybrid,fixed,decaps,806987
7459,hybrid,fixed,decaps,759112
7460,hybrid,fixed,decaps,758736
7461,hybrid,fixed,decaps,758538
7462,hybrid,fixed,decaps,764757
7463,hybrid,fixed,decaps,780806
7464,hybrid,fixed,decaps,851603
7465,hybrid,fixed,decaps,803386
7466,hybrid,fixed,decaps,761107
7467,hybrid,fixed,decaps,794537
7468,hybrid,fixed,decaps,820742
7469,hybrid,fixed,decaps,795340
7470,hybrid,fixed,decaps,771010
7471,hybrid,fixed,decaps,776158
7472,hybrid,fixed,decaps,758322
7473,hybrid,fixed,decaps,775838
7474,hybrid,fixed,decaps,810509
7475,hybrid,fixed,decaps,767605
7476,hybrid,fixed,decaps,770003
7477,hybrid,fixed,decaps,758410
7478,hybrid,fixed,decaps,757988
7479,hybrid,fixed,decaps,763128
7480,hybrid,fixed,decaps,803690
7481,hybrid,fixed,decaps,809944
7482,hybrid,fixed,decaps,795341
7483,hybrid,fixed,decaps,736606
7484,hybrid,fixed,decaps,783819
7485,hybrid,fixed,decaps,797680
7486,hybrid,fixed,decaps,810563
7487,hybrid,fixed,decaps,781433
7488,hybrid,fixed,decaps,809477
7489,hybrid,fixed,decaps,791423
7490,hybrid,fixed,decaps,778650
7491,hybrid,fixed,decaps,759810
7492,hybrid,fixed,decaps,758796
7493,hybrid,fixed,decaps,758432
7494,hybrid,fixed,decaps,763352
7495,hybrid,fixed,decaps,759676
7496,hybrid,fixed,decaps,781817
7497,hybrid,fixed,decaps,759450
7498,hybrid,fixed,decaps,802563
7499,hybrid,fixed,decaps,813951
7500,hybrid,fixed,decaps,793002
7501,hybrid,fixed,decaps,737155
7502,hybrid,fixed,decaps,779494
7503,hybrid,fixed,decaps,799898
7504,hybrid,fixed,decaps,815253
7505,hybrid,fixed,decaps,781447
7506,hybrid,fixed,decaps,781231
7507,hybrid,fixed,decaps,762097
7508,hybrid,fixed,decaps,767572
7509,hybrid,fixed,decaps,763224
7510,hybrid,fixed,decaps,758608
7511,hybrid,fixed,decaps,758132
7512,hybrid,fixed,decaps,757940
7513,hybrid,fixed,decaps,782823
7514,hybrid,fixed,decaps,860404
7515,hybrid,fixed,decaps,792265
7516,hybrid,fixed,decaps,808712
7517,hybrid,fixed,decaps,808778
7518,hybrid,fixed,decaps,783071
7519,hybrid,fixed,decaps,799247
7520,hybrid,fixed,decaps,741009
7521,hybrid,fixed,decaps,803612
7522,hybrid,fixed,decaps,759689
7523,hybrid,fixed,decaps,757943
7524,hybrid,fixed,decaps,757979
7525,hybrid,fixed,decaps,764310
7526,hybrid,fixed,decaps,758266
7527,hybrid,fixed,decaps,757649
7528,hybrid,fixed,decaps,757642
7529,hybrid,fixed,decaps,757795
7530,hybrid,fixed,decaps,804657
7531,hybrid,fixed,decaps,809288
7532,hybrid,fixed,decaps,780653
7533,hybrid,fixed,decaps,781219
7534,hybrid,fixed,decaps,780768
7535,hybrid,fixed,decaps,784071
7536,hybrid,fixed,decaps,788388
7537,hybrid,fixed,decaps,736195
7538,hybrid,fixed,decaps,783039
7539,hybrid,fixed,decaps,758467
7540,hybrid,fixed,decaps,787388
7541,hybrid,fixed,decaps,776762
7542,hybrid,fixed,decaps,805452
7543,hybrid,fixed,decaps,797406
7544,hybrid,fixed,decaps,772768
7545,hybrid,fixed,decaps,802274
7546,hybrid,fixed,decaps,759148
7547,hybrid,fixed,decaps,780288
7548,hybrid,fixed,decaps,759793
7549,hybrid,fixed,decaps,758415
7550,hybrid,fixed,decaps,758405
7551,hybrid,fixed,decaps,774114
7552,hybrid,fixed,decaps,758573
7553,hybrid,fixed,decaps,757992
7554,hybrid,fixed,decaps,777947
7555,hybrid,fixed,decaps,805532
7556,hybrid,fixed,decaps,803535
7557,hybrid,fixed,decaps,781336
7558,hybrid,fixed,decaps,783436
7559,hybrid,fixed,decaps,874464
7560,hybrid,fixed,decaps,759874
7561,hybrid,fixed,decaps,762439
7562,hybrid,fixed,decaps,758299
7563,hybrid,fixed,decaps,758158
7564,hybrid,fixed,decaps,758223
7565,hybrid,fixed,decaps,758357
7566,hybrid,fixed,decaps,833005
7567,hybrid,fixed,decaps,808344
7568,hybrid,fixed,decaps,792680
7569,hybrid,fixed,decaps,744879
7570,hybrid,fixed,decaps,782126
7571,hybrid,fixed,decaps,762834
7572,hybrid,fixed,decaps,758489
7573,hybrid,fixed,decaps,781398
7574,hybrid,fixed,decaps,760117
7575,hybrid,fixed,decaps,804401
7576,hybrid,fixed,decaps,814853
7577,hybrid,fixed,decaps,788931
7578,hybrid,fixed,decaps,736598
7579,hybrid,fixed,decaps,778094
7580,hybrid,fixed,decaps,801080
7581,hybrid,fixed,decaps,814620
7582,hybrid,fixed,decaps,795210
7583,hybrid,fixed,decaps,737331
7584,hybrid,fixed,decaps,779986
7585,hybrid,fixed,decaps,777577
7586,hybrid,fixed,decaps,766044
7587,hybrid,fixed,decaps,759019
7588,hybrid,fixed,decaps,815800
7589,hybrid,fixed,decaps,801847
7590,hybrid,fixed,decaps,781351
7591,hybrid,fixed,decaps,817063
7592,hybrid,fixed,decaps,761513
7593,hybrid,fixed,decaps,780991
7594,hybrid,fixed,decaps,758268
7595,hybrid,fixed,decaps,758119
7596,hybrid,fixed,decaps,758178
7597,hybrid,fixed,decaps,765222
7598,hybrid,fixed,decaps,758430
7599,hybrid,fixed,decaps,782612
7600,hybrid,fixed,decaps,759238
7601,hybrid,fixed,decaps,758221
7602,hybrid,fixed,decaps,769621
7603,hybrid,fixed,decaps,770884
7604,hybrid,fixed,decaps,809377
7605,hybrid,fixed,decaps,895084
7606,hybrid,fixed,decaps,783886
7607,hybrid,fixed,decaps,823078
7608,hybrid,fixed,decaps,804833
7609,hybrid,fixed,decaps,781215
7610,hybrid,fixed,decaps,781143
7611,hybrid,fixed,decaps,781503
7612,hybrid,fixed,decaps,784425
7613,hybrid,fixed,decaps,781473
7614,hybrid,fixed,decaps,791293
7615,hybrid,fixed,decaps,737063
7616,hybrid,fixed,decaps,781391
7617,hybrid,fixed,decaps,761495
7618,hybrid,fixed,decaps,791828
7619,hybrid,fixed,decaps,760943
7620,hybrid,fixed,decaps,758393
7621,hybrid,fixed,decaps,806820
7622,hybrid,fixed,decaps,814828
7623,hybrid,fixed,decaps,813506
7624,hybrid,fixed,decaps,784891
7625,hybrid,fixed,decaps,819120
7626,hybrid,fixed,decaps,769442
7627,hybrid,fixed,decaps,794366
7628,hybrid,fixed,decaps,758912
7629,hybrid,fixed,decaps,758019
7630,hybrid,fixed,decaps,757687
7631,hybrid,fixed,decaps,757983
7632,hybrid,fixed,decaps,789030
7633,hybrid,fixed,decaps,805801
7634,hybrid,fixed,decaps,794137
7635,hybrid,fixed,decaps,766873
7636,hybrid,fixed,decaps,773338
7637,hybrid,fixed,decaps,761439
7638,hybrid,fixed,decaps,757921
7639,hybrid,fixed,decaps,757720
7640,hybrid,fixed,decaps,757612
7641,hybrid,fixed,decaps,757489
7642,hybrid,fixed,decaps,757804
7643,hybrid,fixed,decaps,761356
7644,hybrid,fixed,decaps,786397
7645,hybrid,fixed,decaps,758998
7646,hybrid,fixed,decaps,757660
7647,hybrid,fixed,decaps,757748
7648,hybrid,fixed,decaps,825954
7649,hybrid,fixed,decaps,788243
7650,hybrid,fixed,decaps,759578
7651,hybrid,fixed,decaps,785977
7652,hybrid,fixed,decaps,759635
7653,hybrid,fixed,decaps,763473
7654,hybrid,fixed,decaps,783757
7655,hybrid,fixed,decaps,817600
7656,hybrid,fixed,decaps,781062
7657,hybrid,fixed,decaps,781275
7658,hybrid,fixed,decaps,784462
7659,hybrid,fixed,decaps,793465
7660,hybrid,fixed,decaps,736996
7661,hybrid,fixed,decaps,777901
7662,hybrid,fixed,decaps,758534
7663,hybrid,fixed,decaps,761719
7664,hybrid,fixed,decaps,758790
7665,hybrid,fixed,decaps,758184
7666,hybrid,fixed,decaps,758442
7667,hybrid,fixed,decaps,787473
7668,hybrid,fixed,decaps,816126
7669,hybrid,fixed,decaps,813189
7670,hybrid,fixed,decaps,782438
7671,hybrid,fixed,decaps,773725
7672,hybrid,fixed,decaps,763325
7673,hybrid,fixed,decaps,757821
7674,hybrid,fixed,decaps,821275
7675,hybrid,fixed,decaps,802070
7676,hybrid,fixed,decaps,781019
7677,hybrid,fixed,decaps,806391
7678,hybrid,fixed,decaps,782475
7679,hybrid,fixed,decaps,784913
7680,hybrid,fixed,decaps,781554
7681,hybrid,fixed,decaps,781196
7682,hybrid,fixed,decaps,794969
7683,hybrid,fixed,decaps,736702
7684,hybrid,fixed,decaps,777897
7685,hybrid,fixed,decaps,758920
7686,hybrid,fixed,decaps,757994
7687,hybrid,fixed,decaps,758329
7688,hybrid,fixed,decaps,757988
7689,hybrid,fixed,decaps,761005
7690,hybrid,fixed,decaps,758133
7691,hybrid,fixed,decaps,757953
7692,hybrid,fixed,decaps,757921
7693,hybrid,fixed,decaps,758244
7694,hybrid,fixed,decaps,795653
7695,hybrid,fixed,decaps,843785
7696,hybrid,fixed,decaps,782254
7697,hybrid,fixed,decaps,780632
7698,hybrid,fixed,decaps,781055
7699,hybrid,fixed,decaps,789324
7700,hybrid,fixed,decaps,781946
7701,hybrid,fixed,decaps,781167
7702,hybrid,fixed,decaps,781522
7703,hybrid,fixed,decaps,805282
7704,hybrid,fixed,decaps,763816
7705,hybrid,fixed,decaps,758689
7706,hybrid,fixed,decaps,758424
7707,hybrid,fixed,decaps,757902
7708,hybrid,fixed,decaps,758123
7709,hybrid,fixed,decaps,758049
7710,hybrid,fixed,decaps,763094
7711,hybrid,fixed,decaps,758345
7712,hybrid,fixed,decaps,786561
7713,hybrid,fixed,decaps,836800
7714,hybrid,fixed,decaps,782324
7715,hybrid,fixed,decaps,787593
7716,hybrid,fixed,decaps,774984
7717,hybrid,fixed,decaps,769922
7718,hybrid,fixed,decaps,758379
7719,hybrid,fixed,decaps,757901
7720,hybrid,fixed,decaps,761899
7721,hybrid,fixed,decaps,784240
7722,hybrid,fixed,decaps,774827
7723,hybrid,fixed,decaps,805374
7724,hybrid,fixed,decaps,798757
7725,hybrid,fixed,decaps,779227
7726,hybrid,fixed,decaps,767511
7727,hybrid,fixed,decaps,758319
7728,hybrid,fixed,decaps,783649
7729,hybrid,fixed,decaps,758716
7730,hybrid,fixed,decaps,794982
7731,hybrid,fixed,decaps,815083
7732,hybrid,fixed,decaps,781223
7733,hybrid,fixed,decaps,760191
7734,hybrid,fixed,decaps,773264
7735,hybrid,fixed,decaps,763720
7736,hybrid,fixed,decaps,758846
7737,hybrid,fixed,decaps,758433
7738,hybrid,fixed,decaps,758673
7739,hybrid,fixed,decaps,758476
7740,hybrid,fixed,decaps,758553
7741,hybrid,fixed,decaps,761566
7742,hybrid,fixed,decaps,817146
7743,hybrid,fixed,decaps,820159
7744,hybrid,fixed,decaps,790417
7745,hybrid,fixed,decaps,737137
7746,hybrid,fixed,decaps,809883
7747,hybrid,fixed,decaps,781396
7748,hybrid,fixed,decaps,759307
7749,hybrid,fixed,decaps,758163
7750,hybrid,fixed,decaps,757714
7751,hybrid,fixed,decaps,763714
7752,hybrid,fixed,decaps,757913
7753,hybrid,fixed,decaps,775220
7754,hybrid,fixed,decaps,830240
7755,hybrid,fixed,decaps,797909
7756,hybrid,fixed,decaps,787538
7757,hybrid,fixed,decaps,781792
7758,hybrid,fixed,decaps,781448
7759,hybrid,fixed,decaps,781564
7760,hybrid,fixed,decaps,781466
7761,hybrid,fixed,decaps,802022
7762,hybrid,fixed,decaps,768329
7763,hybrid,fixed,decaps,758652
7764,hybrid,fixed,decaps,758695
7765,hybrid,fixed,decaps,833662
7766,hybrid,fixed,decaps,821204
7767,hybrid,fixed,decaps,790136
7768,hybrid,fixed,decaps,737017
7769,hybrid,fixed,decaps,782890
7770,hybrid,fixed,decaps,758698
7771,hybrid,fixed,decaps,764023
7772,hybrid,fixed,decaps,758955
7773,hybrid,fixed,decaps,783382
7774,hybrid,fixed,decaps,768639
7775,hybrid,fixed,decaps,772920
7776,hybrid,fixed,decaps,759149
7777,hybrid,fixed,decaps,763401
7778,hybrid,fixed,decaps,759019
7779,hybrid,fixed,decaps,758334
7780,hybrid,fixed,decaps,810479
7781,hybrid,fixed,decaps,807107
7782,hybrid,fixed,decaps,799953
7783,hybrid,fixed,decaps,781555
7784,hybrid,fixed,decaps,780441
7785,hybrid,fixed,decaps,766279
7786,hybrid,fixed,decaps,758721
7787,hybrid,fixed,decaps,763589
7788,hybrid,fixed,decaps,758698
7789,hybrid,fixed,decaps,758628
7790,hybrid,fixed,decaps,758147
7791,hybrid,fixed,decaps,760654
7792,hybrid,fixed,decaps,802584
7793,hybrid,fixed,decaps,810740
7794,hybrid,fixed,decaps,781267
7795,hybrid,fixed,decaps,780847
7796,hybrid,fixed,decaps,762777
7797,hybrid,fixed,decaps,772460
7798,hybrid,fixed,decaps,779850
7799,hybrid,fixed,decaps,858710
7800,hybrid,fixed,decaps,782752
7801,hybrid,fixed,decaps,781496
7802,hybrid,fixed,decaps,789833
7803,hybrid,fixed,decaps,792102
7804,hybrid,fixed,decaps,736952
7805,hybrid,fixed,decaps,736513
7806,hybrid,fixed,decaps,790660
7807,hybrid,fixed,decaps,764268
7808,hybrid,fixed,decaps,758583
7809,hybrid,fixed,decaps,758531
7810,hybrid,fixed,decaps,758395
7811,hybrid,fixed,decaps,758235
7812,hybrid,fixed,decaps,772156
7813,hybrid,fixed,decaps,784271
7814,hybrid,fixed,decaps,781389
7815,hybrid,fixed,decaps,781505
7816,hybrid,fixed,decaps,781333
7817,hybrid,fixed,decaps,781438
7818,hybrid,fixed,decaps,784509
7819,hybrid,fixed,decaps,781282
7820,hybrid,fixed,decaps,785598
7821,hybrid,fixed,decaps,757565
7822,hybrid,fixed,decaps,758674
7823,hybrid,fixed,decaps,761527
7824,hybrid,fixed,decaps,758442
7825,hybrid,fixed,decaps,781934
7826,hybrid,fixed,decaps,759054
7827,hybrid,fixed,decaps,757939
7828,hybrid,fixed,decaps,765330
7829,hybrid,fixed,decaps,777328
7830,hybrid,fixed,decaps,781254
7831,hybrid,fixed,decaps,780804
7832,hybrid,fixed,decaps,805682
7833,hybrid,fixed,decaps,787520
7834,hybrid,fixed,decaps,797091
7835,hybrid,fixed,decaps,736425
7836,hybrid,fixed,decaps,794154
7837,hybrid,fixed,decaps,759369
7838,hybrid,fixed,decaps,764550
7839,hybrid,fixed,decaps,758537
7840,hybrid,fixed,decaps,815278
7841,hybrid,fixed,decaps,820597
7842,hybrid,fixed,decaps,780321
7843,hybrid,fixed,decaps,771047
7844,hybrid,fixed,decaps,759087
7845,hybrid,fixed,decaps,758288
7846,hybrid,fixed,decaps,758167
7847,hybrid,fixed,decaps,758009
7848,hybrid,fixed,decaps,758035
7849,hybrid,fixed,decaps,760802
7850,hybrid,fixed,decaps,758485
7851,hybrid,fixed,decaps,814870
7852,hybrid,fixed,decaps,818054
7853,hybrid,fixed,decaps,780663
7854,hybrid,fixed,decaps,766304
7855,hybrid,fixed,decaps,765914
7856,hybrid,fixed,decaps,758412
7857,hybrid,fixed,decaps,758154
7858,hybrid,fixed,decaps,838084
7859,hybrid,fixed,decaps,812687
7860,hybrid,fixed,decaps,782082
7861,hybrid,fixed,decaps,794450
7862,hybrid,fixed,decaps,736476
7863,hybrid,fixed,decaps,776928
7864,hybrid,fixed,decaps,763602
7865,hybrid,fixed,decaps,758512
7866,hybrid,fixed,decaps,758015
7867,hybrid,fixed,decaps,758367
7868,hybrid,fixed,decaps,758339
7869,hybrid,fixed,decaps,761796
7870,hybrid,fixed,decaps,759065
7871,hybrid,fixed,decaps,758137
7872,hybrid,fixed,decaps,758376
7873,hybrid,fixed,decaps,790113
7874,hybrid,fixed,decaps,819309
7875,hybrid,fixed,decaps,781431
7876,hybrid,fixed,decaps,805519
7877,hybrid,fixed,decaps,782619
7878,hybrid,fixed,decaps,780643
7879,hybrid,fixed,decaps,780964
7880,hybrid,fixed,decaps,785448
7881,hybrid,fixed,decaps,781026
7882,hybrid,fixed,decaps,780756
7883,hybrid,fixed,decaps,790450
7884,hybrid,fixed,decaps,746400
7885,hybrid,fixed,decaps,793135
7886,hybrid,fixed,decaps,759138
7887,hybrid,fixed,decaps,758451
7888,hybrid,fixed,decaps,758085
7889,hybrid,fixed,decaps,758353
7890,hybrid,fixed,decaps,761398
7891,hybrid,fixed,decaps,758584
7892,hybrid,fixed,decaps,758093
7893,hybrid,fixed,decaps,758235
7894,hybrid,fixed,decaps,806533
7895,hybrid,fixed,decaps,809105
7896,hybrid,fixed,decaps,781539
7897,hybrid,fixed,decaps,785386
7898,hybrid,fixed,decaps,753958
7899,hybrid,fixed,decaps,772595
7900,hybrid,fixed,decaps,761672
7901,hybrid,fixed,decaps,773993
7902,hybrid,fixed,decaps,835389
7903,hybrid,fixed,decaps,772495
7904,hybrid,fixed,decaps,771553
7905,hybrid,fixed,decaps,763335
7906,hybrid,fixed,decaps,758592
7907,hybrid,fixed,decaps,814892
7908,hybrid,fixed,decaps,801982
7909,hybrid,fixed,decaps,780338
7910,hybrid,fixed,decaps,874807
7911,hybrid,fixed,decaps,789510
7912,hybrid,fixed,decaps,760963
7913,hybrid,fixed,decaps,804284
7914,hybrid,fixed,decaps,808021
7915,hybrid,fixed,decaps,791624
7916,hybrid,fixed,decaps,782279
7917,hybrid,fixed,decaps,781805
7918,hybrid,fixed,decaps,772335
7919,hybrid,fixed,decaps,771471
7920,hybrid,fixed,decaps,758495
7921,hybrid,fixed,decaps,761512
7922,hybrid,fixed,decaps,758408
7923,hybrid,fixed,decaps,757939
7924,hybrid,fixed,decaps,778515
7925,hybrid,fixed,decaps,805089
7926,hybrid,fixed,decaps,799903
7927,hybrid,fixed,decaps,781023
7928,hybrid,fixed,decaps,814678
7929,hybrid,fixed,decaps,798945
7930,hybrid,fixed,decaps,745589
7931,hybrid,fixed,decaps,805532
7932,hybrid,fixed,decaps,759013
7933,hybrid,fixed,decaps,758150
7934,hybrid,fixed,decaps,758103
7935,hybrid,fixed,decaps,759471
7936,hybrid,fixed,decaps,766086
7937,hybrid,fixed,decaps,784016
7938,hybrid,fixed,decaps,794320
7939,hybrid,fixed,decaps,761943
7940,hybrid,fixed,decaps,758994
7941,hybrid,fixed,decaps,771254
7942,hybrid,fixed,decaps,759245
7943,hybrid,fixed,decaps,758127
7944,hybrid,fixed,decaps,812202
7945,hybrid,fixed,decaps,805813
7946,hybrid,fixed,decaps,789081
7947,hybrid,fixed,decaps,808328
7948,hybrid,fixed,decaps,737744
7949,hybrid,fixed,decaps,778773
7950,hybrid,fixed,decaps,758465
7951,hybrid,fixed,decaps,757890
7952,hybrid,fixed,decaps,797033
7953,hybrid,fixed,decaps,759359
7954,hybrid,fixed,decaps,786796
7955,hybrid,fixed,decaps,786871
7956,hybrid,fixed,decaps,817895
7957,hybrid,fixed,decaps,1157515
7958,hybrid,fixed,decaps,764942
7959,hybrid,fixed,decaps,794827
7960,hybrid,fixed,decaps,758141
7961,hybrid,fixed,decaps,767514
7962,hybrid,fixed,decaps,779472
7963,hybrid,fixed,decaps,806102
7964,hybrid,fixed,decaps,796543
7965,hybrid,fixed,decaps,775648
7966,hybrid,fixed,decaps,773259
7967,hybrid,fixed,decaps,758609
7968,hybrid,fixed,decaps,792264
7969,hybrid,fixed,decaps,779407
7970,hybrid,fixed,decaps,795134
7971,hybrid,fixed,decaps,820421
7972,hybrid,fixed,decaps,781604
7973,hybrid,fixed,decaps,780741
7974,hybrid,fixed,decaps,780845
7975,hybrid,fixed,decaps,780606
7976,hybrid,fixed,decaps,764496
7977,hybrid,fixed,decaps,762448
7978,hybrid,fixed,decaps,757907
7979,hybrid,fixed,decaps,824320
7980,hybrid,fixed,decaps,812869
7981,hybrid,fixed,decaps,811923
7982,hybrid,fixed,decaps,754080
7983,hybrid,fixed,decaps,779761
7984,hybrid,fixed,decaps,758575
7985,hybrid,fixed,decaps,758368
7986,hybrid,fixed,decaps,758157
7987,hybrid,fixed,decaps,764069
7988,hybrid,fixed,decaps,758956
7989,hybrid,fixed,decaps,758284
7990,hybrid,fixed,decaps,758375
7991,hybrid,fixed,decaps,758519
7992,hybrid,fixed,decaps,764426
7993,hybrid,fixed,decaps,758693
7994,hybrid,fixed,decaps,758244
7995,hybrid,fixed,decaps,815655
7996,hybrid,fixed,decaps,801824
7997,hybrid,fixed,decaps,786291
7998,hybrid,fixed,decaps,781560
7999,hybrid,fixed,decaps,788693
8000,hybrid,fixed,decaps,874071
8001,hybrid,fixed,decaps,782395
8002,hybrid,fixed,decaps,785204
8003,hybrid,fixed,decaps,781096
8004,hybrid,fixed,decaps,781056
8005,hybrid,fixed,decaps,785382
8006,hybrid,fixed,decaps,771679
8007,hybrid,fixed,decaps,766301
8008,hybrid,fixed,decaps,758512
8009,hybrid,fixed,decaps,757888
8010,hybrid,fixed,decaps,757843
8011,hybrid,fixed,decaps,757993
8012,hybrid,fixed,decaps,757888
8013,hybrid,fixed,decaps,761608
8014,hybrid,fixed,decaps,758196
8015,hybrid,fixed,decaps,792698
8016,hybrid,fixed,decaps,812780
8017,hybrid,fixed,decaps,780894
8018,hybrid,fixed,decaps,786209
8019,hybrid,fixed,decaps,781200
8020,hybrid,fixed,decaps,780848
8021,hybrid,fixed,decaps,780813
8022,hybrid,fixed,decaps,780890
8023,hybrid,fixed,decaps,783543
8024,hybrid,fixed,decaps,773550
8025,hybrid,fixed,decaps,858095
8026,hybrid,fixed,decaps,766564
8027,hybrid,fixed,decaps,759067
8028,hybrid,fixed,decaps,767337
8029,hybrid,fixed,decaps,757989
8030,hybrid,fixed,decaps,773980
8031,hybrid,fixed,decaps,790796
8032,hybrid,fixed,decaps,797397
8033,hybrid,fixed,decaps,786857
8034,hybrid,fixed,decaps,781425
8035,hybrid,fixed,decaps,781551
8036,hybrid,fixed,decaps,781230
8037,hybrid,fixed,decaps,767916
8038,hybrid,fixed,decaps,777586
8039,hybrid,fixed,decaps,758832
8040,hybrid,fixed,decaps,758265
8041,hybrid,fixed,decaps,758131
8042,hybrid,fixed,decaps,758110
8043,hybrid,fixed,decaps,761429
8044,hybrid,fixed,decaps,758539
8045,hybrid,fixed,decaps,758281
8046,hybrid,fixed,decaps,757917
8047,hybrid,fixed,decaps,758190
8048,hybrid,fixed,decaps,757970
8049,hybrid,fixed,decaps,761066
8050,hybrid,fixed,decaps,758299
8051,hybrid,fixed,decaps,758195
8052,hybrid,fixed,decaps,758406
8053,hybrid,fixed,decaps,758231
8054,hybrid,fixed,decaps,792780
8055,hybrid,fixed,decaps,780922
8056,hybrid,fixed,decaps,780796
8057,hybrid,fixed,decaps,780917
8058,hybrid,fixed,decaps,781309
8059,hybrid,fixed,decaps,786144
8060,hybrid,fixed,decaps,781469
8061,hybrid,fixed,decaps,796206
8062,hybrid,fixed,decaps,737098
8063,hybrid,fixed,decaps,778233
8064,hybrid,fixed,decaps,761372
8065,hybrid,fixed,decaps,758476
8066,hybrid,fixed,decaps,758469
8067,hybrid,fixed,decaps,758304
8068,hybrid,fixed,decaps,758064
8069,hybrid,fixed,decaps,761160
8070,hybrid,fixed,decaps,758571
8071,hybrid,fixed,decaps,758241
8072,hybrid,fixed,decaps,758003
8073,hybrid,fixed,decaps,776972
8074,hybrid,fixed,decaps,781001
8075,hybrid,fixed,decaps,783971
8076,hybrid,fixed,decaps,781380
8077,hybrid,fixed,decaps,781259
8078,hybrid,fixed,decaps,796309
8079,hybrid,fixed,decaps,737177
8080,hybrid,fixed,decaps,781089
8081,hybrid,fixed,decaps,758491
8082,hybrid,fixed,decaps,758141
8083,hybrid,fixed,decaps,757899
8084,hybrid,fixed,decaps,758268
8085,hybrid,fixed,decaps,761178
8086,hybrid,fixed,decaps,783435
8087,hybrid,fixed,decaps,817903
8088,hybrid,fixed,decaps,781253
8089,hybrid,fixed,decaps,781268
8090,hybrid,fixed,decaps,783921
8091,hybrid,fixed,decaps,781440
8092,hybrid,fixed,decaps,781381
8093,hybrid,fixed,decaps,781331
8094,hybrid,fixed,decaps,781281
8095,hybrid,fixed,decaps,785878
8096,hybrid,fixed,decaps,781273
8097,hybrid,fixed,decaps,803354
8098,hybrid,fixed,decaps,782168
8099,hybrid,fixed,decaps,772529
8100,hybrid,fixed,decaps,774409
8101,hybrid,fixed,decaps,758423
8102,hybrid,fixed,decaps,757890
8103,hybrid,fixed,decaps,757891
8104,hybrid,fixed,decaps,758557
8105,hybrid,fixed,decaps,773173
8106,hybrid,fixed,decaps,808480
8107,hybrid,fixed,decaps,798901
8108,hybrid,fixed,decaps,774426
8109,hybrid,fixed,decaps,736219
8110,hybrid,fixed,decaps,736234
8111,hybrid,fixed,decaps,780197
8112,hybrid,fixed,decaps,758542
8113,hybrid,fixed,decaps,758116
8114,hybrid,fixed,decaps,757820
8115,hybrid,fixed,decaps,757916
8116,hybrid,fixed,decaps,760600
8117,hybrid,fixed,decaps,778834
8118,hybrid,fixed,decaps,780976
8119,hybrid,fixed,decaps,781018
8120,hybrid,fixed,decaps,781208
8121,hybrid,fixed,decaps,784123
8122,hybrid,fixed,decaps,781291
8123,hybrid,fixed,decaps,781200
8124,hybrid,fixed,decaps,781026
8125,hybrid,fixed,decaps,770096
8126,hybrid,fixed,decaps,781063
8127,hybrid,fixed,decaps,777129
8128,hybrid,fixed,decaps,736303
8129,hybrid,fixed,decaps,773950
8130,hybrid,fixed,decaps,757590
8131,hybrid,fixed,decaps,757568
8132,hybrid,fixed,decaps,761115
8133,hybrid,fixed,decaps,757614
8134,hybrid,fixed,decaps,781574
8135,hybrid,fixed,decaps,790019
8136,hybrid,fixed,decaps,757852
8137,hybrid,fixed,decaps,760367
8138,hybrid,fixed,decaps,758024
8139,hybrid,fixed,decaps,778722
8140,hybrid,fixed,decaps,781030
8141,hybrid,fixed,decaps,780972
8142,hybrid,fixed,decaps,784377
8143,hybrid,fixed,decaps,781408
8144,hybrid,fixed,decaps,781297
8145,hybrid,fixed,decaps,781148
8146,hybrid,fixed,decaps,780880
8147,hybrid,fixed,decaps,784323
8148,hybrid,fixed,decaps,784803
8149,hybrid,fixed,decaps,740910
8150,hybrid,fixed,decaps,779199
8151,hybrid,fixed,decaps,757997
8152,hybrid,fixed,decaps,761007
8153,hybrid,fixed,decaps,758540
8154,hybrid,fixed,decaps,761159
8155,hybrid,fixed,decaps,762271
8156,hybrid,fixed,decaps,792227
8157,hybrid,fixed,decaps,848305
8158,hybrid,fixed,decaps,789219
8159,hybrid,fixed,decaps,783148
8160,hybrid,fixed,decaps,786022
8161,hybrid,fixed,decaps,787459
8162,hybrid,fixed,decaps,794861
8163,hybrid,fixed,decaps,786175
8164,hybrid,fixed,decaps,831728
8165,hybrid,fixed,decaps,798980
8166,hybrid,fixed,decaps,778075
8167,hybrid,fixed,decaps,844052
8168,hybrid,fixed,decaps,777741
8169,hybrid,fixed,decaps,805306
8170,hybrid,fixed,decaps,801389
8171,hybrid,fixed,decaps,800368
8172,hybrid,fixed,decaps,941829
8173,hybrid,fixed,decaps,787034
8174,hybrid,fixed,decaps,781445
8175,hybrid,fixed,decaps,780852
8176,hybrid,fixed,decaps,780701
8177,hybrid,fixed,decaps,786723
8178,hybrid,fixed,decaps,781663
8179,hybrid,fixed,decaps,780872
8180,hybrid,fixed,decaps,780941
8181,hybrid,fixed,decaps,780694
8182,hybrid,fixed,decaps,805996
8183,hybrid,fixed,decaps,804921
8184,hybrid,fixed,decaps,781844
8185,hybrid,fixed,decaps,780767
8186,hybrid,fixed,decaps,781532
8187,hybrid,fixed,decaps,1135589
8188,hybrid,fixed,decaps,794869
8189,hybrid,fixed,decaps,838674
8190,hybrid,fixed,decaps,786639
8191,hybrid,fixed,decaps,883124
8192,hybrid,fixed,decaps,805567
8193,hybrid,fixed,decaps,758841
8194,hybrid,fixed,decaps,758140
8195,hybrid,fixed,decaps,758528
8196,hybrid,fixed,decaps,758554
8197,hybrid,fixed,decaps,764793
8198,hybrid,fixed,decaps,758598
8199,hybrid,fixed,decaps,757876
8200,hybrid,fixed,decaps,757762
8201,hybrid,fixed,decaps,757782
8202,hybrid,fixed,decaps,783504
8203,hybrid,fixed,decaps,786877
8204,hybrid,fixed,decaps,781200
8205,hybrid,fixed,decaps,781052
8206,hybrid,fixed,decaps,780942
8207,hybrid,fixed,decaps,792453
8208,hybrid,fixed,decaps,782316
8209,hybrid,fixed,decaps,780743
8210,hybrid,fixed,decaps,781082
8211,hybrid,fixed,decaps,784802
8212,hybrid,fixed,decaps,760842
8213,hybrid,fixed,decaps,762909
8214,hybrid,fixed,decaps,784044
8215,hybrid,fixed,decaps,852623
8216,hybrid,fixed,decaps,778734
8217,hybrid,fixed,decaps,758886
8218,hybrid,fixed,decaps,765184
8219,hybrid,fixed,decaps,758036
8220,hybrid,fixed,decaps,786307
8221,hybrid,fixed,decaps,816085
8222,hybrid,fixed,decaps,780851
8223,hybrid,fixed,decaps,784949
8224,hybrid,fixed,decaps,781064
8225,hybrid,fixed,decaps,806421
8226,hybrid,fixed,decaps,765817
8227,hybrid,fixed,decaps,758482
8228,hybrid,fixed,decaps,764899
8229,hybrid,fixed,decaps,793152
8230,hybrid,fixed,decaps,813694
8231,hybrid,fixed,decaps,780632
8232,hybrid,fixed,decaps,780814
8233,hybrid,fixed,decaps,788660
8234,hybrid,fixed,decaps,783781
8235,hybrid,fixed,decaps,763915
8236,hybrid,fixed,decaps,758393
8237,hybrid,fixed,decaps,758215
8238,hybrid,fixed,decaps,764392
8239,hybrid,fixed,decaps,758005
8240,hybrid,fixed,decaps,796508
8241,hybrid,fixed,decaps,815965
8242,hybrid,fixed,decaps,825907
8243,hybrid,fixed,decaps,815890
8244,hybrid,fixed,decaps,822032
8245,hybrid,fixed,decaps,762865
8246,hybrid,fixed,decaps,777297
8247,hybrid,fixed,decaps,773456
8248,hybrid,fixed,decaps,784867
8249,hybrid,fixed,decaps,775220
8250,hybrid,fixed,decaps,805455
8251,hybrid,fixed,decaps,799412
8252,hybrid,fixed,decaps,781276
8253,hybrid,fixed,decaps,811908
8254,hybrid,fixed,decaps,761718
8255,hybrid,fixed,decaps,759543
8256,hybrid,fixed,decaps,757652
8257,hybrid,fixed,decaps,757971
8258,hybrid,fixed,decaps,757958
8259,hybrid,fixed,decaps,767287
8260,hybrid,fixed,decaps,807573
8261,hybrid,fixed,decaps,804102
8262,hybrid,fixed,decaps,780851
8263,hybrid,fixed,decaps,781166
8264,hybrid,fixed,decaps,786967
8265,hybrid,fixed,decaps,765710
8266,hybrid,fixed,decaps,858763
8267,hybrid,fixed,decaps,772360
8268,hybrid,fixed,decaps,829636
8269,hybrid,fixed,decaps,779103
8270,hybrid,fixed,decaps,758579
8271,hybrid,fixed,decaps,758127
8272,hybrid,fixed,decaps,758158
8273,hybrid,fixed,decaps,758341
8274,hybrid,fixed,decaps,764854
8275,hybrid,fixed,decaps,758460
8276,hybrid,fixed,decaps,758620
8277,hybrid,fixed,decaps,758849
8278,hybrid,fixed,decaps,758272
8279,hybrid,fixed,decaps,802960
8280,hybrid,fixed,decaps,810235
8281,hybrid,fixed,decaps,780762
8282,hybrid,fixed,decaps,781326
8283,hybrid,fixed,decaps,781045
8284,hybrid,fixed,decaps,785902
8285,hybrid,fixed,decaps,788251
8286,hybrid,fixed,decaps,736101
8287,hybrid,fixed,decaps,780169
8288,hybrid,fixed,decaps,780996
8289,hybrid,fixed,decaps,764948
8290,hybrid,fixed,decaps,758382
8291,hybrid,fixed,decaps,758069
8292,hybrid,fixed,decaps,831316
8293,hybrid,fixed,decaps,766360
8294,hybrid,fixed,decaps,784610
8295,hybrid,fixed,decaps,759459
8296,hybrid,fixed,decaps,758446
8297,hybrid,fixed,decaps,758186
8298,hybrid,fixed,decaps,758288
8299,hybrid,fixed,decaps,758315
8300,hybrid,fixed,decaps,822497
8301,hybrid,fixed,decaps,800998
8302,hybrid,fixed,decaps,781128
8303,hybrid,fixed,decaps,781184
8304,hybrid,fixed,decaps,781357
8305,hybrid,fixed,decaps,784438
8306,hybrid,fixed,decaps,773523
8307,hybrid,fixed,decaps,761848
8308,hybrid,fixed,decaps,758235
8309,hybrid,fixed,decaps,757616
8310,hybrid,fixed,decaps,808092
8311,hybrid,fixed,decaps,807127
8312,hybrid,fixed,decaps,780949
8313,hybrid,fixed,decaps,781272
8314,hybrid,fixed,decaps,781170
8315,hybrid,fixed,decaps,775095
8316,hybrid,fixed,decaps,754521
8317,hybrid,fixed,decaps,741842
8318,hybrid,fixed,decaps,849025
8319,hybrid,fixed,decaps,772508
8320,hybrid,fixed,decaps,804862
8321,hybrid,fixed,decaps,759697
8322,hybrid,fixed,decaps,758189
8323,hybrid,fixed,decaps,758224
8324,hybrid,fixed,decaps,758159
8325,hybrid,fixed,decaps,786556
8326,hybrid,fixed,decaps,781407
8327,hybrid,fixed,decaps,780764
8328,hybrid,fixed,decaps,780921
8329,hybrid,fixed,decaps,780741
8330,hybrid,fixed,decaps,822310
8331,hybrid,fixed,decaps,741474
8332,hybrid,fixed,decaps,777750
8333,hybrid,fixed,decaps,757971
8334,hybrid,fixed,decaps,777684
8335,hybrid,fixed,decaps,780895
8336,hybrid,fixed,decaps,785370
8337,hybrid,fixed,decaps,766310
8338,hybrid,fixed,decaps,771119
8339,hybrid,fixed,decaps,758280
8340,hybrid,fixed,decaps,757969
8341,hybrid,fixed,decaps,764146
8342,hybrid,fixed,decaps,783747
8343,hybrid,fixed,decaps,780712
8344,hybrid,fixed,decaps,849644
8345,hybrid,fixed,decaps,792742
8346,hybrid,fixed,decaps,803548
8347,hybrid,fixed,decaps,776606
8348,hybrid,fixed,decaps,758431
8349,hybrid,fixed,decaps,758176
8350,hybrid,fixed,decaps,758040
8351,hybrid,fixed,decaps,761319
8352,hybrid,fixed,decaps,758213
8353,hybrid,fixed,decaps,775506
8354,hybrid,fixed,decaps,759227
8355,hybrid,fixed,decaps,799816
8356,hybrid,fixed,decaps,789815
8357,hybrid,fixed,decaps,781399
8358,hybrid,fixed,decaps,780422
8359,hybrid,fixed,decaps,780746
8360,hybrid,fixed,decaps,781021
8361,hybrid,fixed,decaps,788757
8362,hybrid,fixed,decaps,797795
8363,hybrid,fixed,decaps,736990
8364,hybrid,fixed,decaps,779258
8365,hybrid,fixed,decaps,758009
8366,hybrid,fixed,decaps,764730
8367,hybrid,fixed,decaps,759067
8368,hybrid,fixed,decaps,757893
8369,hybrid,fixed,decaps,757956
8370,hybrid,fixed,decaps,841901
8371,hybrid,fixed,decaps,782946
8372,hybrid,fixed,decaps,807452
8373,hybrid,fixed,decaps,782385
8374,hybrid,fixed,decaps,848022
8375,hybrid,fixed,decaps,920392
8376,hybrid,fixed,decaps,803285
8377,hybrid,fixed,decaps,761214
8378,hybrid,fixed,decaps,758800
8379,hybrid,fixed,decaps,785489
8380,hybrid,fixed,decaps,780885
8381,hybrid,fixed,decaps,781185
8382,hybrid,fixed,decaps,790860
8383,hybrid,fixed,decaps,781500
8384,hybrid,fixed,decaps,780338
8385,hybrid,fixed,decaps,790496
8386,hybrid,fixed,decaps,740071
8387,hybrid,fixed,decaps,782595
8388,hybrid,fixed,decaps,785985
8389,hybrid,fixed,decaps,780731
8390,hybrid,fixed,decaps,780978
8391,hybrid,fixed,decaps,780680
8392,hybrid,fixed,decaps,785084
8393,hybrid,fixed,decaps,804172
8394,hybrid,fixed,decaps,768462
8395,hybrid,fixed,decaps,781411
8396,hybrid,fixed,decaps,842984
8397,hybrid,fixed,decaps,884268
8398,hybrid,fixed,decaps,798487
8399,hybrid,fixed,decaps,769931
8400,hybrid,fixed,decaps,758360
8401,hybrid,fixed,decaps,758042
8402,hybrid,fixed,decaps,766312
8403,hybrid,fixed,decaps,783046
8404,hybrid,fixed,decaps,780727
8405,hybrid,fixed,decaps,781273
8406,hybrid,fixed,decaps,780772
8407,hybrid,fixed,decaps,786997
8408,hybrid,fixed,decaps,786514
8409,hybrid,fixed,decaps,762047
8410,hybrid,fixed,decaps,757980
8411,hybrid,fixed,decaps,757993
8412,hybrid,fixed,decaps,783619
8413,hybrid,fixed,decaps,759331
8414,hybrid,fixed,decaps,758229
8415,hybrid,fixed,decaps,757809
8416,hybrid,fixed,decaps,758355
8417,hybrid,fixed,decaps,763873
8418,hybrid,fixed,decaps,758776
8419,hybrid,fixed,decaps,757710
8420,hybrid,fixed,decaps,758064
8421,hybrid,fixed,decaps,775628
8422,hybrid,fixed,decaps,824840
8423,hybrid,fixed,decaps,852746
8424,hybrid,fixed,decaps,782585
8425,hybrid,fixed,decaps,781092
8426,hybrid,fixed,decaps,784325
8427,hybrid,fixed,decaps,780978
8428,hybrid,fixed,decaps,789946
8429,hybrid,fixed,decaps,781598
8430,hybrid,fixed,decaps,780461
8431,hybrid,fixed,decaps,792349
8432,hybrid,fixed,decaps,789846
8433,hybrid,fixed,decaps,750642
8434,hybrid,fixed,decaps,773473
8435,hybrid,fixed,decaps,758002
8436,hybrid,fixed,decaps,757701
8437,hybrid,fixed,decaps,757831
8438,hybrid,fixed,decaps,794151
8439,hybrid,fixed,decaps,785998
8440,hybrid,fixed,decaps,757814
8441,hybrid,fixed,decaps,757737
8442,hybrid,fixed,decaps,789438
8443,hybrid,fixed,decaps,787755
8444,hybrid,fixed,decaps,781155
8445,hybrid,fixed,decaps,780807
8446,hybrid,fixed,decaps,781044
8447,hybrid,fixed,decaps,768462
8448,hybrid,fixed,decaps,869372
8449,hybrid,fixed,decaps,810523
8450,hybrid,fixed,decaps,758975
8451,hybrid,fixed,decaps,757610
8452,hybrid,fixed,decaps,758357
8453,hybrid,fixed,decaps,764293
8454,hybrid,fixed,decaps,772050
8455,hybrid,fixed,decaps,780642
8456,hybrid,fixed,decaps,780689
8457,hybrid,fixed,decaps,780721
8458,hybrid,fixed,decaps,784408
8459,hybrid,fixed,decaps,780948
8460,hybrid,fixed,decaps,781012
8461,hybrid,fixed,decaps,771997
8462,hybrid,fixed,decaps,766110
8463,hybrid,fixed,decaps,758057
8464,hybrid,fixed,decaps,760644
8465,hybrid,fixed,decaps,758059
8466,hybrid,fixed,decaps,757597
8467,hybrid,fixed,decaps,758253
8468,hybrid,fixed,decaps,757726
8469,hybrid,fixed,decaps,760605
8470,hybrid,fixed,decaps,758081
8471,hybrid,fixed,decaps,757753
8472,hybrid,fixed,decaps,757639
8473,hybrid,fixed,decaps,789757
8474,hybrid,fixed,decaps,810307
8475,hybrid,fixed,decaps,806716
8476,hybrid,fixed,decaps,782293
8477,hybrid,fixed,decaps,780783
8478,hybrid,fixed,decaps,781011
8479,hybrid,fixed,decaps,784043
8480,hybrid,fixed,decaps,767173
8481,hybrid,fixed,decaps,778940
8482,hybrid,fixed,decaps,759391
8483,hybrid,fixed,decaps,759123
8484,hybrid,fixed,decaps,765139
8485,hybrid,fixed,decaps,758433
8486,hybrid,fixed,decaps,758015
8487,hybrid,fixed,decaps,804463
8488,hybrid,fixed,decaps,807192
8489,hybrid,fixed,decaps,812802
8490,hybrid,fixed,decaps,736680
8491,hybrid,fixed,decaps,781380
8492,hybrid,fixed,decaps,758021
8493,hybrid,fixed,decaps,758061
8494,hybrid,fixed,decaps,757786
8495,hybrid,fixed,decaps,825535
8496,hybrid,fixed,decaps,801474
8497,hybrid,fixed,decaps,781193
8498,hybrid,fixed,decaps,781029
8499,hybrid,fixed,decaps,799758
8500,hybrid,fixed,decaps,778632
8501,hybrid,fixed,decaps,874519
8502,hybrid,fixed,decaps,882450
8503,hybrid,fixed,decaps,882019
8504,hybrid,fixed,decaps,875950
8505,hybrid,fixed,decaps,764232
8506,hybrid,fixed,decaps,758343
8507,hybrid,fixed,decaps,758389
8508,hybrid,fixed,decaps,758001
8509,hybrid,fixed,decaps,757940
8510,hybrid,fixed,decaps,762633
8511,hybrid,fixed,decaps,789473
8512,hybrid,fixed,decaps,780336
8513,hybrid,fixed,decaps,780604
8514,hybrid,fixed,decaps,780404
8515,hybrid,fixed,decaps,787133
8516,hybrid,fixed,decaps,781396
8517,hybrid,fixed,decaps,782273
8518,hybrid,fixed,decaps,760924
8519,hybrid,fixed,decaps,758403
8520,hybrid,fixed,decaps,763149
8521,hybrid,fixed,decaps,758410
8522,hybrid,fixed,decaps,757968
8523,hybrid,fixed,decaps,758074
8524,hybrid,fixed,decaps,758116
8525,hybrid,fixed,decaps,790642
8526,hybrid,fixed,decaps,796802
8527,hybrid,fixed,decaps,782587
8528,hybrid,fixed,decaps,781321
8529,hybrid,fixed,decaps,781070
8530,hybrid,fixed,decaps,805338
8531,hybrid,fixed,decaps,766432
8532,hybrid,fixed,decaps,758220
8533,hybrid,fixed,decaps,757842
8534,hybrid,fixed,decaps,758009
8535,hybrid,fixed,decaps,766140
8536,hybrid,fixed,decaps,758772
8537,hybrid,fixed,decaps,759013
8538,hybrid,fixed,decaps,784840
8539,hybrid,fixed,decaps,781298
8540,hybrid,fixed,decaps,780833
8541,hybrid,fixed,decaps,787389
8542,hybrid,fixed,decaps,781313
8543,hybrid,fixed,decaps,781157
8544,hybrid,fixed,decaps,790833
8545,hybrid,fixed,decaps,763312
8546,hybrid,fixed,decaps,800738
8547,hybrid,fixed,decaps,758184
8548,hybrid,fixed,decaps,757683
8549,hybrid,fixed,decaps,773358
8550,hybrid,fixed,decaps,825922
8551,hybrid,fixed,decaps,804998
8552,hybrid,fixed,decaps,802033
8553,hybrid,fixed,decaps,789009
8554,hybrid,fixed,decaps,761432
8555,hybrid,fixed,decaps,758281
8556,hybrid,fixed,decaps,766624
8557,hybrid,fixed,decaps,759154
8558,hybrid,fixed,decaps,757864
8559,hybrid,fixed,decaps,757939
8560,hybrid,fixed,decaps,757792
8561,hybrid,fixed,decaps,775312
8562,hybrid,fixed,decaps,758510
8563,hybrid,fixed,decaps,757857
8564,hybrid,fixed,decaps,813005
8565,hybrid,fixed,decaps,812408
8566,hybrid,fixed,decaps,831436
8567,hybrid,fixed,decaps,764834
8568,hybrid,fixed,decaps,781458
8569,hybrid,fixed,decaps,758696
8570,hybrid,fixed,decaps,758453
8571,hybrid,fixed,decaps,766728
8572,hybrid,fixed,decaps,758638
8573,hybrid,fixed,decaps,757944
8574,hybrid,fixed,decaps,758167
8575,hybrid,fixed,decaps,784559
8576,hybrid,fixed,decaps,825645
8577,hybrid,fixed,decaps,822729
8578,hybrid,fixed,decaps,798492
8579,hybrid,fixed,decaps,805321
8580,hybrid,fixed,decaps,763883
8581,hybrid,fixed,decaps,757274
8582,hybrid,fixed,decaps,763314
8583,hybrid,fixed,decaps,757602
8584,hybrid,fixed,decaps,757376
8585,hybrid,fixed,decaps,757427
8586,hybrid,fixed,decaps,757342
8587,hybrid,fixed,decaps,762246
8588,hybrid,fixed,decaps,757834
8589,hybrid,fixed,decaps,757239
8590,hybrid,fixed,decaps,757332
8591,hybrid,fixed,decaps,758233
8592,hybrid,fixed,decaps,763193
8593,hybrid,fixed,decaps,758360
8594,hybrid,fixed,decaps,757826
8595,hybrid,fixed,decaps,813020
8596,hybrid,fixed,decaps,802727
8597,hybrid,fixed,decaps,787806
8598,hybrid,fixed,decaps,781281
8599,hybrid,fixed,decaps,780748
8600,hybrid,fixed,decaps,781929
8601,hybrid,fixed,decaps,763215
8602,hybrid,fixed,decaps,781488
8603,hybrid,fixed,decaps,759219
8604,hybrid,fixed,decaps,758250
8605,hybrid,fixed,decaps,777571
8606,hybrid,fixed,decaps,785493
8607,hybrid,fixed,decaps,821138
8608,hybrid,fixed,decaps,761991
8609,hybrid,fixed,decaps,780544
8610,hybrid,fixed,decaps,759295
8611,hybrid,fixed,decaps,758540
8612,hybrid,fixed,decaps,757986
8613,hybrid,fixed,decaps,763198
8614,hybrid,fixed,decaps,757634
8615,hybrid,fixed,decaps,782039
8616,hybrid,fixed,decaps,821231
8617,hybrid,fixed,decaps,758020
8618,hybrid,fixed,decaps,783174
8619,hybrid,fixed,decaps,796153
8620,hybrid,fixed,decaps,805458
8621,hybrid,fixed,decaps,809117
8622,hybrid,fixed,decaps,774022
8623,hybrid,fixed,decaps,763935
8624,hybrid,fixed,decaps,758497
8625,hybrid,fixed,decaps,763140
8626,hybrid,fixed,decaps,758344
8627,hybrid,fixed,decaps,758052
8628,hybrid,fixed,decaps,783171
8629,hybrid,fixed,decaps,759374
8630,hybrid,fixed,decaps,758201
8631,hybrid,fixed,decaps,776544
8632,hybrid,fixed,decaps,759111
8633,hybrid,fixed,decaps,790848
8634,hybrid,fixed,decaps,810111
8635,hybrid,fixed,decaps,752129
8636,hybrid,fixed,decaps,775597
8637,hybrid,fixed,decaps,778415
8638,hybrid,fixed,decaps,779010
8639,hybrid,fixed,decaps,812297
8640,hybrid,fixed,decaps,796222
8641,hybrid,fixed,decaps,770396
8642,hybrid,fixed,decaps,769767
8643,hybrid,fixed,decaps,772801
8644,hybrid,fixed,decaps,810186
8645,hybrid,fixed,decaps,804902
8646,hybrid,fixed,decaps,796132
8647,hybrid,fixed,decaps,762684
8648,hybrid,fixed,decaps,757921
8649,hybrid,fixed,decaps,762521
8650,hybrid,fixed,decaps,757830
8651,hybrid,fixed,decaps,757929
8652,hybrid,fixed,decaps,757724
8653,hybrid,fixed,decaps,758148
8654,hybrid,fixed,decaps,802791
8655,hybrid,fixed,decaps,759089
8656,hybrid,fixed,decaps,758061
8657,hybrid,fixed,decaps,778091
8658,hybrid,fixed,decaps,759149
8659,hybrid,fixed,decaps,810429
8660,hybrid,fixed,decaps,811918
8661,hybrid,fixed,decaps,780248
8662,hybrid,fixed,decaps,780643
8663,hybrid,fixed,decaps,785008
8664,hybrid,fixed,decaps,761669
8665,hybrid,fixed,decaps,763403
8666,hybrid,fixed,decaps,758100
8667,hybrid,fixed,decaps,758290
8668,hybrid,fixed,decaps,758080
8669,hybrid,fixed,decaps,762962
8670,hybrid,fixed,decaps,758350
8671,hybrid,fixed,decaps,758130
8672,hybrid,fixed,decaps,757901
8673,hybrid,fixed,decaps,758075
8674,hybrid,fixed,decaps,758286
8675,hybrid,fixed,decaps,818863
8676,hybrid,fixed,decaps,801593
8677,hybrid,fixed,decaps,779495
8678,hybrid,fixed,decaps,764740
8679,hybrid,fixed,decaps,758630
8680,hybrid,fixed,decaps,787981
8681,hybrid,fixed,decaps,758888
8682,hybrid,fixed,decaps,757600
8683,hybrid,fixed,decaps,777896
8684,hybrid,fixed,decaps,816700
8685,hybrid,fixed,decaps,807347
8686,hybrid,fixed,decaps,781365
8687,hybrid,fixed,decaps,792257
8688,hybrid,fixed,decaps,736346
8689,hybrid,fixed,decaps,778031
8690,hybrid,fixed,decaps,761475
8691,hybrid,fixed,decaps,782919
8692,hybrid,fixed,decaps,817770
8693,hybrid,fixed,decaps,780667
8694,hybrid,fixed,decaps,833949
8695,hybrid,fixed,decaps,809428
8696,hybrid,fixed,decaps,769700
8697,hybrid,fixed,decaps,757586
8698,hybrid,fixed,decaps,757250
8699,hybrid,fixed,decaps,802888
8700,hybrid,fixed,decaps,815553
8701,hybrid,fixed,decaps,793073
8702,hybrid,fixed,decaps,735858
8703,hybrid,fixed,decaps,779277
8704,hybrid,fixed,decaps,758176
8705,hybrid,fixed,decaps,778813
8706,hybrid,fixed,decaps,786708
8707,hybrid,fixed,decaps,760447
8708,hybrid,fixed,decaps,764778
8709,hybrid,fixed,decaps,769880
8710,hybrid,fixed,decaps,775020
8711,hybrid,fixed,decaps,814307
8712,hybrid,fixed,decaps,797844
8713,hybrid,fixed,decaps,774055
8714,hybrid,fixed,decaps,762688
8715,hybrid,fixed,decaps,758536
8716,hybrid,fixed,decaps,761287
8717,hybrid,fixed,decaps,804660
8718,hybrid,fixed,decaps,807322
8719,hybrid,fixed,decaps,790937
8720,hybrid,fixed,decaps,736310
8721,hybrid,fixed,decaps,780691
8722,hybrid,fixed,decaps,758323
8723,hybrid,fixed,decaps,783693
8724,hybrid,fixed,decaps,817428
8725,hybrid,fixed,decaps,780749
8726,hybrid,fixed,decaps,784504
8727,hybrid,fixed,decaps,780605
8728,hybrid,fixed,decaps,792275
8729,hybrid,fixed,decaps,736374
8730,hybrid,fixed,decaps,736254
8731,hybrid,fixed,decaps,775477
8732,hybrid,fixed,decaps,770513
8733,hybrid,fixed,decaps,758358
8734,hybrid,fixed,decaps,807844
8735,hybrid,fixed,decaps,786308
8736,hybrid,fixed,decaps,788332
8737,hybrid,fixed,decaps,810291
8738,hybrid,fixed,decaps,737560
8739,hybrid,fixed,decaps,778275
8740,hybrid,fixed,decaps,758512
8741,hybrid,fixed,decaps,764730
8742,hybrid,fixed,decaps,757508
8743,hybrid,fixed,decaps,766792
8744,hybrid,fixed,decaps,758559
8745,hybrid,fixed,decaps,759672
8746,hybrid,fixed,decaps,771637
8747,hybrid,fixed,decaps,789965
8748,hybrid,fixed,decaps,781703
8749,hybrid,fixed,decaps,780528
8750,hybrid,fixed,decaps,791179
8751,hybrid,fixed,decaps,735769
8752,hybrid,fixed,decaps,799829
8753,hybrid,fixed,decaps,758656
8754,hybrid,fixed,decaps,757595
8755,hybrid,fixed,decaps,757686
8756,hybrid,fixed,decaps,792919
8757,hybrid,fixed,decaps,796101
8758,hybrid,fixed,decaps,793392
8759,hybrid,fixed,decaps,780880
8760,hybrid,fixed,decaps,797272
8761,hybrid,fixed,decaps,782464
8762,hybrid,fixed,decaps,799886
8763,hybrid,fixed,decaps,770757
8764,hybrid,fixed,decaps,757862
8765,hybrid,fixed,decaps,757345
8766,hybrid,fixed,decaps,757509
8767,hybrid,fixed,decaps,764618
8768,hybrid,fixed,decaps,758532
8769,hybrid,fixed,decaps,757503
8770,hybrid,fixed,decaps,757786
8771,hybrid,fixed,decaps,757794
8772,hybrid,fixed,decaps,762698
8773,hybrid,fixed,decaps,758344
8774,hybrid,fixed,decaps,757550
8775,hybrid,fixed,decaps,782952
8776,hybrid,fixed,decaps,780882
8777,hybrid,fixed,decaps,781011
8778,hybrid,fixed,decaps,787825
8779,hybrid,fixed,decaps,780940
8780,hybrid,fixed,decaps,780678
8781,hybrid,fixed,decaps,736570
8782,hybrid,fixed,decaps,736286
8783,hybrid,fixed,decaps,811097
8784,hybrid,fixed,decaps,800381
8785,hybrid,fixed,decaps,781706
8786,hybrid,fixed,decaps,786395
8787,hybrid,fixed,decaps,794312
8788,hybrid,fixed,decaps,788955
8789,hybrid,fixed,decaps,780454
8790,hybrid,fixed,decaps,764761
8791,hybrid,fixed,decaps,758168
8792,hybrid,fixed,decaps,757679
8793,hybrid,fixed,decaps,764171
8794,hybrid,fixed,decaps,757943
8795,hybrid,fixed,decaps,757645
8796,hybrid,fixed,decaps,758673
8797,hybrid,fixed,decaps,757914
8798,hybrid,fixed,decaps,764680
8799,hybrid,fixed,decaps,758283
8800,hybrid,fixed,decaps,757809
8801,hybrid,fixed,decaps,785301
8802,hybrid,fixed,decaps,780853
8803,hybrid,fixed,decaps,803525
8804,hybrid,fixed,decaps,801396
8805,hybrid,fixed,decaps,781344
8806,hybrid,fixed,decaps,775357
8807,hybrid,fixed,decaps,769091
8808,hybrid,fixed,decaps,758155
8809,hybrid,fixed,decaps,763287
8810,hybrid,fixed,decaps,776665
8811,hybrid,fixed,decaps,765052
8812,hybrid,fixed,decaps,765509
8813,hybrid,fixed,decaps,786907
8814,hybrid,fixed,decaps,769220
8815,hybrid,fixed,decaps,797701
8816,hybrid,fixed,decaps,811201
8817,hybrid,fixed,decaps,795097
8818,hybrid,fixed,decaps,805300
8819,hybrid,fixed,decaps,803102
8820,hybrid,fixed,decaps,788073
8821,hybrid,fixed,decaps,763749
8822,hybrid,fixed,decaps,757563
8823,hybrid,fixed,decaps,757432
8824,hybrid,fixed,decaps,760730
8825,hybrid,fixed,decaps,757803
8826,hybrid,fixed,decaps,757289
8827,hybrid,fixed,decaps,757056
8828,hybrid,fixed,decaps,801348
8829,hybrid,fixed,decaps,813189
8830,hybrid,fixed,decaps,796301
8831,hybrid,fixed,decaps,758113
8832,hybrid,fixed,decaps,761528
8833,hybrid,fixed,decaps,757704
8834,hybrid,fixed,decaps,760262
8835,hybrid,fixed,decaps,757346
8836,hybrid,fixed,decaps,777481
8837,hybrid,fixed,decaps,758735
8838,hybrid,fixed,decaps,791941
8839,hybrid,fixed,decaps,833222
8840,hybrid,fixed,decaps,789319
8841,hybrid,fixed,decaps,780898
8842,hybrid,fixed,decaps,780838
8843,hybrid,fixed,decaps,780657
8844,hybrid,fixed,decaps,799484
8845,hybrid,fixed,decaps,761684
8846,hybrid,fixed,decaps,764144
8847,hybrid,fixed,decaps,757843
8848,hybrid,fixed,decaps,757592
8849,hybrid,fixed,decaps,757340
8850,hybrid,fixed,decaps,761483
8851,hybrid,fixed,decaps,794650
8852,hybrid,fixed,decaps,811355
8853,hybrid,fixed,decaps,780743
8854,hybrid,fixed,decaps,780708
8855,hybrid,fixed,decaps,785356
8856,hybrid,fixed,decaps,757956
8857,hybrid,fixed,decaps,762603
8858,hybrid,fixed,decaps,758393
8859,hybrid,fixed,decaps,757977
8860,hybrid,fixed,decaps,761653
8861,hybrid,fixed,decaps,758297
8862,hybrid,fixed,decaps,780530
8863,hybrid,fixed,decaps,758980
8864,hybrid,fixed,decaps,801073
8865,hybrid,fixed,decaps,863091
8866,hybrid,fixed,decaps,795516
8867,hybrid,fixed,decaps,735924
8868,hybrid,fixed,decaps,775824
8869,hybrid,fixed,decaps,757445
8870,hybrid,fixed,decaps,763924
8871,hybrid,fixed,decaps,758360
8872,hybrid,fixed,decaps,757545
8873,hybrid,fixed,decaps,775068
8874,hybrid,fixed,decaps,914607
8875,hybrid,fixed,decaps,767569
8876,hybrid,fixed,decaps,759255
8877,hybrid,fixed,decaps,758166
8878,hybrid,fixed,decaps,757946
8879,hybrid,fixed,decaps,782159
8880,hybrid,fixed,decaps,805438
8881,hybrid,fixed,decaps,800158
8882,hybrid,fixed,decaps,767685
8883,hybrid,fixed,decaps,772640
8884,hybrid,fixed,decaps,779508
8885,hybrid,fixed,decaps,806532
8886,hybrid,fixed,decaps,802319
8887,hybrid,fixed,decaps,803529
8888,hybrid,fixed,decaps,808137
8889,hybrid,fixed,decaps,759747
8890,hybrid,fixed,decaps,764159
8891,hybrid,fixed,decaps,790929
8892,hybrid,fixed,decaps,798795
8893,hybrid,fixed,decaps,812253
8894,hybrid,fixed,decaps,781365
8895,hybrid,fixed,decaps,781206
8896,hybrid,fixed,decaps,784424
8897,hybrid,fixed,decaps,781413
8898,hybrid,fixed,decaps,790325
8899,hybrid,fixed,decaps,740875
8900,hybrid,fixed,decaps,780396
8901,hybrid,fixed,decaps,762393
8902,hybrid,fixed,decaps,758530
8903,hybrid,fixed,decaps,758018
8904,hybrid,fixed,decaps,758344
8905,hybrid,fixed,decaps,757990
8906,hybrid,fixed,decaps,760892
8907,hybrid,fixed,decaps,758050
8908,hybrid,fixed,decaps,757929
8909,hybrid,fixed,decaps,806553
8910,hybrid,fixed,decaps,806394
8911,hybrid,fixed,decaps,784564
8912,hybrid,fixed,decaps,785048
8913,hybrid,fixed,decaps,773717
8914,hybrid,fixed,decaps,738587
8915,hybrid,fixed,decaps,771541
8916,hybrid,fixed,decaps,787860
8917,hybrid,fixed,decaps,804171
8918,hybrid,fixed,decaps,781317
8919,hybrid,fixed,decaps,780165
8920,hybrid,fixed,decaps,780397
8921,hybrid,fixed,decaps,784021
8922,hybrid,fixed,decaps,754553
8923,hybrid,fixed,decaps,773356
8924,hybrid,fixed,decaps,758170
8925,hybrid,fixed,decaps,758036
8926,hybrid,fixed,decaps,758152
8927,hybrid,fixed,decaps,761829
8928,hybrid,fixed,decaps,780454
8929,hybrid,fixed,decaps,780526
8930,hybrid,fixed,decaps,780435
8931,hybrid,fixed,decaps,780501
8932,hybrid,fixed,decaps,773753
8933,hybrid,fixed,decaps,768525
8934,hybrid,fixed,decaps,758031
8935,hybrid,fixed,decaps,757782
8936,hybrid,fixed,decaps,758176
8937,hybrid,fixed,decaps,763651
8938,hybrid,fixed,decaps,758263
8939,hybrid,fixed,decaps,777753
8940,hybrid,fixed,decaps,758785
8941,hybrid,fixed,decaps,757982
8942,hybrid,fixed,decaps,757618
8943,hybrid,fixed,decaps,783787
8944,hybrid,fixed,decaps,758964
8945,hybrid,fixed,decaps,757998
8946,hybrid,fixed,decaps,774824
8947,hybrid,fixed,decaps,781264
8948,hybrid,fixed,decaps,786475
8949,hybrid,fixed,decaps,781253
8950,hybrid,fixed,decaps,785248
8951,hybrid,fixed,decaps,758535
8952,hybrid,fixed,decaps,838349
8953,hybrid,fixed,decaps,770739
8954,hybrid,fixed,decaps,798557
8955,hybrid,fixed,decaps,811344
8956,hybrid,fixed,decaps,781135
8957,hybrid,fixed,decaps,781292
8958,hybrid,fixed,decaps,786769
8959,hybrid,fixed,decaps,802457
8960,hybrid,fixed,decaps,781060
8961,hybrid,fixed,decaps,780432
8962,hybrid,fixed,decaps,780409
8963,hybrid,fixed,decaps,794013
8964,hybrid,fixed,decaps,764165
8965,hybrid,fixed,decaps,782823
8966,hybrid,fixed,decaps,758578
8967,hybrid,fixed,decaps,757973
8968,hybrid,fixed,decaps,850008
8969,hybrid,fixed,decaps,811413
8970,hybrid,fixed,decaps,781297
8971,hybrid,fixed,decaps,781133
8972,hybrid,fixed,decaps,781133
8973,hybrid,fixed,decaps,787031
8974,hybrid,fixed,decaps,791283
8975,hybrid,fixed,decaps,741081
8976,hybrid,fixed,decaps,779250
8977,hybrid,fixed,decaps,758184
8978,hybrid,fixed,decaps,789139
8979,hybrid,fixed,decaps,773813
8980,hybrid,fixed,decaps,805716
8981,hybrid,fixed,decaps,799190
8982,hybrid,fixed,decaps,776110
8983,hybrid,fixed,decaps,800040
8984,hybrid,fixed,decaps,758490
8985,hybrid,fixed,decaps,757864
8986,hybrid,fixed,decaps,758097
8987,hybrid,fixed,decaps,758400
8988,hybrid,fixed,decaps,774217
8989,hybrid,fixed,decaps,811089
8990,hybrid,fixed,decaps,799748
8991,hybrid,fixed,decaps,810207
8992,hybrid,fixed,decaps,762848
8993,hybrid,fixed,decaps,778332
8994,hybrid,fixed,decaps,788665
8995,hybrid,fixed,decaps,759541
8996,hybrid,fixed,decaps,758507
8997,hybrid,fixed,decaps,758031
8998,hybrid,fixed,decaps,758485
8999,hybrid,fixed,decaps,818464
9000,hybrid,fixed,decaps,804257
9001,hybrid,fixed,decaps,784218
9002,hybrid,fixed,decaps,759056
9003,hybrid,fixed,decaps,758569
9004,hybrid,fixed,decaps,789870
9005,hybrid,fixed,decaps,760098
9006,hybrid,fixed,decaps,758599
9007,hybrid,fixed,decaps,758488
9008,hybrid,fixed,decaps,758414
9009,hybrid,fixed,decaps,799990
9010,hybrid,fixed,decaps,813149
9011,hybrid,fixed,decaps,780856
9012,hybrid,fixed,decaps,780911
9013,hybrid,fixed,decaps,768344
9014,hybrid,fixed,decaps,788924
9015,hybrid,fixed,decaps,758773
9016,hybrid,fixed,decaps,758304
9017,hybrid,fixed,decaps,776777
9018,hybrid,fixed,decaps,759137
9019,hybrid,fixed,decaps,765862
9020,hybrid,fixed,decaps,781478
9021,hybrid,fixed,decaps,759211
9022,hybrid,fixed,decaps,799483
9023,hybrid,fixed,decaps,810768
9024,hybrid,fixed,decaps,781428
9025,hybrid,fixed,decaps,785741
9026,hybrid,fixed,decaps,781322
9027,hybrid,fixed,decaps,811249
9028,hybrid,fixed,decaps,787380
9029,hybrid,fixed,decaps,802186
9030,hybrid,fixed,decaps,785216
9031,hybrid,fixed,decaps,759768
9032,hybrid,fixed,decaps,758580
9033,hybrid,fixed,decaps,758300
9034,hybrid,fixed,decaps,758420
9035,hybrid,fixed,decaps,764019
9036,hybrid,fixed,decaps,799938
9037,hybrid,fixed,decaps,810214
9038,hybrid,fixed,decaps,781263
9039,hybrid,fixed,decaps,780848
9040,hybrid,fixed,decaps,786628
9041,hybrid,fixed,decaps,737008
9042,hybrid,fixed,decaps,762262
9043,hybrid,fixed,decaps,778905
9044,hybrid,fixed,decaps,759165
9045,hybrid,fixed,decaps,763659
9046,hybrid,fixed,decaps,797308
9047,hybrid,fixed,decaps,781616
9048,hybrid,fixed,decaps,801342
9049,hybrid,fixed,decaps,781529
9050,hybrid,fixed,decaps,788271
9051,hybrid,fixed,decaps,791936
9052,hybrid,fixed,decaps,736429
9053,hybrid,fixed,decaps,780176
9054,hybrid,fixed,decaps,758022
9055,hybrid,fixed,decaps,809971
9056,hybrid,fixed,decaps,781609
9057,hybrid,fixed,decaps,780269
9058,hybrid,fixed,decaps,780217
9059,hybrid,fixed,decaps,787461
9060,hybrid,fixed,decaps,802705
9061,hybrid,fixed,decaps,784941
9062,hybrid,fixed,decaps,753105
9063,hybrid,fixed,decaps,774597
9064,hybrid,fixed,decaps,758042
9065,hybrid,fixed,decaps,757760
9066,hybrid,fixed,decaps,762050
9067,hybrid,fixed,decaps,757763
9068,hybrid,fixed,decaps,779810
9069,hybrid,fixed,decaps,800977
9070,hybrid,fixed,decaps,781284
9071,hybrid,fixed,decaps,797700
9072,hybrid,fixed,decaps,802787
9073,hybrid,fixed,decaps,782012
9074,hybrid,fixed,decaps,796600
9075,hybrid,fixed,decaps,736291
9076,hybrid,fixed,decaps,779926
9077,hybrid,fixed,decaps,757845
9078,hybrid,fixed,decaps,757446
9079,hybrid,fixed,decaps,757289
9080,hybrid,fixed,decaps,757607
9081,hybrid,fixed,decaps,817322
9082,hybrid,fixed,decaps,778164
9083,hybrid,fixed,decaps,781213
9084,hybrid,fixed,decaps,781120
9085,hybrid,fixed,decaps,780991
9086,hybrid,fixed,decaps,811742
9087,hybrid,fixed,decaps,812284
9088,hybrid,fixed,decaps,785097
9089,hybrid,fixed,decaps,773465
9090,hybrid,fixed,decaps,762603
9091,hybrid,fixed,decaps,765156
9092,hybrid,fixed,decaps,758744
9093,hybrid,fixed,decaps,758337
9094,hybrid,fixed,decaps,758407
9095,hybrid,fixed,decaps,779270
9096,hybrid,fixed,decaps,759535
9097,hybrid,fixed,decaps,765924
9098,hybrid,fixed,decaps,778689
9099,hybrid,fixed,decaps,796465
9100,hybrid,fixed,decaps,812230
9101,hybrid,fixed,decaps,780881
9102,hybrid,fixed,decaps,784701
9103,hybrid,fixed,decaps,781183
9104,hybrid,fixed,decaps,780751
9105,hybrid,fixed,decaps,780814
9106,hybrid,fixed,decaps,783855
9107,hybrid,fixed,decaps,803882
9108,hybrid,fixed,decaps,764511
9109,hybrid,fixed,decaps,758044
9110,hybrid,fixed,decaps,757729
9111,hybrid,fixed,decaps,757725
9112,hybrid,fixed,decaps,765797
9113,hybrid,fixed,decaps,758945
9114,hybrid,fixed,decaps,758626
9115,hybrid,fixed,decaps,758405
9116,hybrid,fixed,decaps,758531
9117,hybrid,fixed,decaps,763373
9118,hybrid,fixed,decaps,758672
9119,hybrid,fixed,decaps,758580
9120,hybrid,fixed,decaps,758454
9121,hybrid,fixed,decaps,842918
9122,hybrid,fixed,decaps,869065
9123,hybrid,fixed,decaps,795498
9124,hybrid,fixed,decaps,758041
9125,hybrid,fixed,decaps,762943
9126,hybrid,fixed,decaps,758355
9127,hybrid,fixed,decaps,762516
9128,hybrid,fixed,decaps,758038
9129,hybrid,fixed,decaps,757856
9130,hybrid,fixed,decaps,757673
9131,hybrid,fixed,decaps,757763
9132,hybrid,fixed,decaps,757928
9133,hybrid,fixed,decaps,785573
9134,hybrid,fixed,decaps,805399
9135,hybrid,fixed,decaps,807100
9136,hybrid,fixed,decaps,780761
9137,hybrid,fixed,decaps,780917
9138,hybrid,fixed,decaps,788518
9139,hybrid,fixed,decaps,784077
9140,hybrid,fixed,decaps,758190
9141,hybrid,fixed,decaps,770332
9142,hybrid,fixed,decaps,736123
9143,hybrid,fixed,decaps,789683
9144,hybrid,fixed,decaps,758412
9145,hybrid,fixed,decaps,795732
9146,hybrid,fixed,decaps,902647
9147,hybrid,fixed,decaps,786485
9148,hybrid,fixed,decaps,891901
9149,hybrid,fixed,decaps,923885
9150,hybrid,fixed,decaps,909440
9151,hybrid,fixed,decaps,900622
9152,hybrid,fixed,decaps,866644
9153,hybrid,fixed,decaps,774442
9154,hybrid,fixed,decaps,735989
9155,hybrid,fixed,decaps,777798
9156,hybrid,fixed,decaps,757639
9157,hybrid,fixed,decaps,763914
9158,hybrid,fixed,decaps,789456
9159,hybrid,fixed,decaps,759312
9160,hybrid,fixed,decaps,784510
9161,hybrid,fixed,decaps,786640
9162,hybrid,fixed,decaps,771782
9163,hybrid,fixed,decaps,787364
9164,hybrid,fixed,decaps,813569
9165,hybrid,fixed,decaps,779616
9166,hybrid,fixed,decaps,764557
9167,hybrid,fixed,decaps,758425
9168,hybrid,fixed,decaps,764983
9169,hybrid,fixed,decaps,758705
9170,hybrid,fixed,decaps,777557
9171,hybrid,fixed,decaps,780580
9172,hybrid,fixed,decaps,804669
9173,hybrid,fixed,decaps,812673
9174,hybrid,fixed,decaps,781806
9175,hybrid,fixed,decaps,780611
9176,hybrid,fixed,decaps,780699
9177,hybrid,fixed,decaps,787962
9178,hybrid,fixed,decaps,805626
9179,hybrid,fixed,decaps,781503
9180,hybrid,fixed,decaps,736438
9181,hybrid,fixed,decaps,736386
9182,hybrid,fixed,decaps,771512
9183,hybrid,fixed,decaps,763652
9184,hybrid,fixed,decaps,802410
9185,hybrid,fixed,decaps,782295
9186,hybrid,fixed,decaps,770955
9187,hybrid,fixed,decaps,757364
9188,hybrid,fixed,decaps,783887
9189,hybrid,fixed,decaps,781243
9190,hybrid,fixed,decaps,781015
9191,hybrid,fixed,decaps,765444
9192,hybrid,fixed,decaps,770741
9193,hybrid,fixed,decaps,782232
9194,hybrid,fixed,decaps,781670
9195,hybrid,fixed,decaps,781395
9196,hybrid,fixed,decaps,780779
9197,hybrid,fixed,decaps,796060
9198,hybrid,fixed,decaps,786703
9199,hybrid,fixed,decaps,813387
9200,hybrid,fixed,decaps,782038
9201,hybrid,fixed,decaps,780707
9202,hybrid,fixed,decaps,784760
9203,hybrid,fixed,decaps,736152
9204,hybrid,fixed,decaps,743244
9205,hybrid,fixed,decaps,776200
9206,hybrid,fixed,decaps,757614
9207,hybrid,fixed,decaps,757403
9208,hybrid,fixed,decaps,763396
9209,hybrid,fixed,decaps,815237
9210,hybrid,fixed,decaps,783951
9211,hybrid,fixed,decaps,777826
9212,hybrid,fixed,decaps,762966
9213,hybrid,fixed,decaps,810046
9214,hybrid,fixed,decaps,798920
9215,hybrid,fixed,decaps,798432
9216,hybrid,fixed,decaps,758030
9217,hybrid,fixed,decaps,757729
9218,hybrid,fixed,decaps,793554
9219,hybrid,fixed,decaps,794140
9220,hybrid,fixed,decaps,798152
9221,hybrid,fixed,decaps,815112
9222,hybrid,fixed,decaps,781929
9223,hybrid,fixed,decaps,809886
9224,hybrid,fixed,decaps,809241
9225,hybrid,fixed,decaps,814883
9226,hybrid,fixed,decaps,759906
9227,hybrid,fixed,decaps,759293
9228,hybrid,fixed,decaps,758265
9229,hybrid,fixed,decaps,765723
9230,hybrid,fixed,decaps,779217
9231,hybrid,fixed,decaps,781995
9232,hybrid,fixed,decaps,784410
9233,hybrid,fixed,decaps,775440
9234,hybrid,fixed,decaps,821206
9235,hybrid,fixed,decaps,771075
9236,hybrid,fixed,decaps,787107
9237,hybrid,fixed,decaps,760147
9238,hybrid,fixed,decaps,782427
9239,hybrid,fixed,decaps,1110668
9240,hybrid,fixed,decaps,807422
9241,hybrid,fixed,decaps,767231
9242,hybrid,fixed,decaps,759965
9243,hybrid,fixed,decaps,758342
9244,hybrid,fixed,decaps,780488
9245,hybrid,fixed,decaps,759946
9246,hybrid,fixed,decaps,758326
9247,hybrid,fixed,decaps,758101
9248,hybrid,fixed,decaps,783185
9249,hybrid,fixed,decaps,876160
9250,hybrid,fixed,decaps,796088
9251,hybrid,fixed,decaps,806863
9252,hybrid,fixed,decaps,781800
9253,hybrid,fixed,decaps,771378
9254,hybrid,fixed,decaps,795421
9255,hybrid,fixed,decaps,758895
9256,hybrid,fixed,decaps,758359
9257,hybrid,fixed,decaps,758308
9258,hybrid,fixed,decaps,781196
9259,hybrid,fixed,decaps,788351
9260,hybrid,fixed,decaps,782550
9261,hybrid,fixed,decaps,811375
9262,hybrid,fixed,decaps,782422
9263,hybrid,fixed,decaps,784617
9264,hybrid,fixed,decaps,769248
9265,hybrid,fixed,decaps,778553
9266,hybrid,fixed,decaps,759006
9267,hybrid,fixed,decaps,758466
9268,hybrid,fixed,decaps,775925
9269,hybrid,fixed,decaps,782021
9270,hybrid,fixed,decaps,786616
9271,hybrid,fixed,decaps,782214
9272,hybrid,fixed,decaps,781670
9273,hybrid,fixed,decaps,785880
9274,hybrid,fixed,decaps,755524
9275,hybrid,fixed,decaps,821266
9276,hybrid,fixed,decaps,760279
9277,hybrid,fixed,decaps,780870
9278,hybrid,fixed,decaps,763150
9279,hybrid,fixed,decaps,770336
9280,hybrid,fixed,decaps,794594
9281,hybrid,fixed,decaps,781671
9282,hybrid,fixed,decaps,794505
9283,hybrid,fixed,decaps,736798
9284,hybrid,fixed,decaps,780068
9285,hybrid,fixed,decaps,763593
9286,hybrid,fixed,decaps,758637
9287,hybrid,fixed,decaps,782293
9288,hybrid,fixed,decaps,759276
9289,hybrid,fixed,decaps,757769
9290,hybrid,fixed,decaps,789602
9291,hybrid,fixed,decaps,781924
9292,hybrid,fixed,decaps,781101
9293,hybrid,fixed,decaps,781245
9294,hybrid,fixed,decaps,781075
9295,hybrid,fixed,decaps,823770
9296,hybrid,fixed,decaps,736779
9297,hybrid,fixed,decaps,777928
9298,hybrid,fixed,decaps,758944
9299,hybrid,fixed,decaps,758528
9300,hybrid,fixed,decaps,758222
9301,hybrid,fixed,decaps,829250
9302,hybrid,fixed,decaps,769210
9303,hybrid,fixed,decaps,857244
9304,hybrid,fixed,decaps,881738
9305,hybrid,fixed,decaps,877832
9306,hybrid,fixed,decaps,759165
9307,hybrid,fixed,decaps,758624
9308,hybrid,fixed,decaps,758928
9309,hybrid,fixed,decaps,758513
9310,hybrid,fixed,decaps,758462
9311,hybrid,fixed,decaps,763540
9312,hybrid,fixed,decaps,758735
9313,hybrid,fixed,decaps,784315
9314,hybrid,fixed,decaps,772855
9315,hybrid,fixed,decaps,790054
9316,hybrid,fixed,decaps,813015
9317,hybrid,fixed,decaps,782090
9318,hybrid,fixed,decaps,786668
9319,hybrid,fixed,decaps,740838
9320,hybrid,fixed,decaps,775622
9321,hybrid,fixed,decaps,793941
9322,hybrid,fixed,decaps,781611
9323,hybrid,fixed,decaps,780761
9324,hybrid,fixed,decaps,780945
9325,hybrid,fixed,decaps,780661
9326,hybrid,fixed,decaps,825443
9327,hybrid,fixed,decaps,787399
9328,hybrid,fixed,decaps,778227
9329,hybrid,fixed,decaps,760317
9330,hybrid,fixed,decaps,788561
9331,hybrid,fixed,decaps,787038
9332,hybrid,fixed,decaps,790807
9333,hybrid,fixed,decaps,736238
9334,hybrid,fixed,decaps,777988
9335,hybrid,fixed,decaps,758214
9336,hybrid,fixed,decaps,763695
9337,hybrid,fixed,decaps,758199
9338,hybrid,fixed,decaps,792797
9339,hybrid,fixed,decaps,807552
9340,hybrid,fixed,decaps,782398
9341,hybrid,fixed,decaps,787981
9342,hybrid,fixed,decaps,781830
9343,hybrid,fixed,decaps,781559
9344,hybrid,fixed,decaps,770776
9345,hybrid,fixed,decaps,769585
9346,hybrid,fixed,decaps,758540
9347,hybrid,fixed,decaps,790506
9348,hybrid,fixed,decaps,759602
9349,hybrid,fixed,decaps,758256
9350,hybrid,fixed,decaps,774119
9351,hybrid,fixed,decaps,780814
9352,hybrid,fixed,decaps,844503
9353,hybrid,fixed,decaps,782369
9354,hybrid,fixed,decaps,803081
9355,hybrid,fixed,decaps,782060
9356,hybrid,fixed,decaps,781121
9357,hybrid,fixed,decaps,785907
9358,hybrid,fixed,decaps,775313
9359,hybrid,fixed,decaps,758682
9360,hybrid,fixed,decaps,758581
9361,hybrid,fixed,decaps,758495
9362,hybrid,fixed,decaps,762198
9363,hybrid,fixed,decaps,779436
9364,hybrid,fixed,decaps,807171
9365,hybrid,fixed,decaps,782640
9366,hybrid,fixed,decaps,781759
9367,hybrid,fixed,decaps,808102
9368,hybrid,fixed,decaps,763918
9369,hybrid,fixed,decaps,759065
9370,hybrid,fixed,decaps,758135
9371,hybrid,fixed,decaps,758192
9372,hybrid,fixed,decaps,763843
9373,hybrid,fixed,decaps,758343
9374,hybrid,fixed,decaps,757979
9375,hybrid,fixed,decaps,788241
9376,hybrid,fixed,decaps,781367
9377,hybrid,fixed,decaps,806446
9378,hybrid,fixed,decaps,804346
9379,hybrid,fixed,decaps,782133
9380,hybrid,fixed,decaps,822308
9381,hybrid,fixed,decaps,773464
9382,hybrid,fixed,decaps,758247
9383,hybrid,fixed,decaps,765825
9384,hybrid,fixed,decaps,758473
9385,hybrid,fixed,decaps,758535
9386,hybrid,fixed,decaps,758243
9387,hybrid,fixed,decaps,758529
9388,hybrid,fixed,decaps,763415
9389,hybrid,fixed,decaps,758466
9390,hybrid,fixed,decaps,801101
9391,hybrid,fixed,decaps,781912
9392,hybrid,fixed,decaps,781009
9393,hybrid,fixed,decaps,788127
9394,hybrid,fixed,decaps,781697
9395,hybrid,fixed,decaps,781508
9396,hybrid,fixed,decaps,781419
9397,hybrid,fixed,decaps,781356
9398,hybrid,fixed,decaps,795059
9399,hybrid,fixed,decaps,736946
9400,hybrid,fixed,decaps,741044
9401,hybrid,fixed,decaps,778982
9402,hybrid,fixed,decaps,758209
9403,hybrid,fixed,decaps,786960
9404,hybrid,fixed,decaps,811099
9405,hybrid,fixed,decaps,758623
9406,hybrid,fixed,decaps,778246
9407,hybrid,fixed,decaps,758819
9408,hybrid,fixed,decaps,762504
9409,hybrid,fixed,decaps,758349
9410,hybrid,fixed,decaps,758014
9411,hybrid,fixed,decaps,758161
9412,hybrid,fixed,decaps,758080
9413,hybrid,fixed,decaps,758080
9414,hybrid,fixed,decaps,760763
9415,hybrid,fixed,decaps,758523
9416,hybrid,fixed,decaps,782582
9417,hybrid,fixed,decaps,759747
9418,hybrid,fixed,decaps,758248
9419,hybrid,fixed,decaps,794785
9420,hybrid,fixed,decaps,780841
9421,hybrid,fixed,decaps,780752
9422,hybrid,fixed,decaps,780735
9423,hybrid,fixed,decaps,780964
9424,hybrid,fixed,decaps,788283
9425,hybrid,fixed,decaps,781648
9426,hybrid,fixed,decaps,795914
9427,hybrid,fixed,decaps,736648
9428,hybrid,fixed,decaps,779723
9429,hybrid,fixed,decaps,763536
9430,hybrid,fixed,decaps,778056
9431,hybrid,fixed,decaps,759170
9432,hybrid,fixed,decaps,778534
9433,hybrid,fixed,decaps,759226
9434,hybrid,fixed,decaps,783154
9435,hybrid,fixed,decaps,781302
9436,hybrid,fixed,decaps,784514
9437,hybrid,fixed,decaps,790720
9438,hybrid,fixed,decaps,784401
9439,hybrid,fixed,decaps,887375
9440,hybrid,fixed,decaps,789089
9441,hybrid,fixed,decaps,783384
9442,hybrid,fixed,decaps,798904
9443,hybrid,fixed,decaps,741871
9444,hybrid,fixed,decaps,788380
9445,hybrid,fixed,decaps,762184
9446,hybrid,fixed,decaps,765878
9447,hybrid,fixed,decaps,793192
9448,hybrid,fixed,decaps,792852
9449,hybrid,fixed,decaps,783644
9450,hybrid,fixed,decaps,795092
9451,hybrid,fixed,decaps,795055
9452,hybrid,fixed,decaps,802030
9453,hybrid,fixed,decaps,770963
9454,hybrid,fixed,decaps,779428
9455,hybrid,fixed,decaps,799392
9456,hybrid,fixed,decaps,836484
9457,hybrid,fixed,decaps,786644
9458,hybrid,fixed,decaps,872348
9459,hybrid,fixed,decaps,929449
9460,hybrid,fixed,decaps,912022
9461,hybrid,fixed,decaps,915023
9462,hybrid,fixed,decaps,743696
9463,hybrid,fixed,decaps,781362
9464,hybrid,fixed,decaps,800797
9465,hybrid,fixed,decaps,780344
9466,hybrid,fixed,decaps,764380
9467,hybrid,fixed,decaps,795698
9468,hybrid,fixed,decaps,814441
9469,hybrid,fixed,decaps,1189200
9470,hybrid,fixed,decaps,802292
9471,hybrid,fixed,decaps,779446
9472,hybrid,fixed,decaps,819066
9473,hybrid,fixed,decaps,763696
9474,hybrid,fixed,decaps,773487
9475,hybrid,fixed,decaps,761727
9476,hybrid,fixed,decaps,761677
9477,hybrid,fixed,decaps,762257
9478,hybrid,fixed,decaps,816418
9479,hybrid,fixed,decaps,865643
9480,hybrid,fixed,decaps,784545
9481,hybrid,fixed,decaps,808254
9482,hybrid,fixed,decaps,817632
9483,hybrid,fixed,decaps,909419
9484,hybrid,fixed,decaps,813479
9485,hybrid,fixed,decaps,790518
9486,hybrid,fixed,decaps,780864
9487,hybrid,fixed,decaps,763622
9488,hybrid,fixed,decaps,758051
9489,hybrid,fixed,decaps,764867
9490,hybrid,fixed,decaps,758376
9491,hybrid,fixed,decaps,783458
9492,hybrid,fixed,decaps,848645
9493,hybrid,fixed,decaps,783028
9494,hybrid,fixed,decaps,790292
9495,hybrid,fixed,decaps,782239
9496,hybrid,fixed,decaps,781446
9497,hybrid,fixed,decaps,781380
9498,hybrid,fixed,decaps,817501
9499,hybrid,fixed,decaps,807388
9500,hybrid,fixed,decaps,781623
9501,hybrid,fixed,decaps,795846
9502,hybrid,fixed,decaps,758156
9503,hybrid,fixed,decaps,762931
9504,hybrid,fixed,decaps,819777
9505,hybrid,fixed,decaps,776742
9506,hybrid,fixed,decaps,785400
9507,hybrid,fixed,decaps,759891
9508,hybrid,fixed,decaps,918147
9509,hybrid,fixed,decaps,849829
9510,hybrid,fixed,decaps,781472
9511,hybrid,fixed,decaps,781173
9512,hybrid,fixed,decaps,781029
9513,hybrid,fixed,decaps,780831
9514,hybrid,fixed,decaps,809322
9515,hybrid,fixed,decaps,782264
9516,hybrid,fixed,decaps,781198
9517,hybrid,fixed,decaps,803160
9518,hybrid,fixed,decaps,783008
9519,hybrid,fixed,decaps,788943
9520,hybrid,fixed,decaps,781190
9521,hybrid,fixed,decaps,780942
9522,hybrid,fixed,decaps,780615
9523,hybrid,fixed,decaps,780626
9524,hybrid,fixed,decaps,790678
9525,hybrid,fixed,decaps,835409
9526,hybrid,fixed,decaps,775180
9527,hybrid,fixed,decaps,758758
9528,hybrid,fixed,decaps,777320
9529,hybrid,fixed,decaps,764945
9530,hybrid,fixed,decaps,794012
9531,hybrid,fixed,decaps,806372
9532,hybrid,fixed,decaps,820092
9533,hybrid,fixed,decaps,785888
9534,hybrid,fixed,decaps,807874
9535,hybrid,fixed,decaps,782162
9536,hybrid,fixed,decaps,780724
9537,hybrid,fixed,decaps,780732
9538,hybrid,fixed,decaps,780636
9539,hybrid,fixed,decaps,787190
9540,hybrid,fixed,decaps,797540
9541,hybrid,fixed,decaps,757888
9542,hybrid,fixed,decaps,757579
9543,hybrid,fixed,decaps,786378
9544,hybrid,fixed,decaps,798208
9545,hybrid,fixed,decaps,758927
9546,hybrid,fixed,decaps,757792
9547,hybrid,fixed,decaps,758249
9548,hybrid,fixed,decaps,758036
9549,hybrid,fixed,decaps,758034
9550,hybrid,fixed,decaps,764344
9551,hybrid,fixed,decaps,785347
9552,hybrid,fixed,decaps,780999
9553,hybrid,fixed,decaps,780686
9554,hybrid,fixed,decaps,781205
9555,hybrid,fixed,decaps,791580
9556,hybrid,fixed,decaps,795288
9557,hybrid,fixed,decaps,790048
9558,hybrid,fixed,decaps,794136
9559,hybrid,fixed,decaps,798764
9560,hybrid,fixed,decaps,787324
9561,hybrid,fixed,decaps,780956
9562,hybrid,fixed,decaps,788408
9563,hybrid,fixed,decaps,736625
9564,hybrid,fixed,decaps,782072
9565,hybrid,fixed,decaps,765669
9566,hybrid,fixed,decaps,758455
9567,hybrid,fixed,decaps,757938
9568,hybrid,fixed,decaps,758164
9569,hybrid,fixed,decaps,780622
9570,hybrid,fixed,decaps,782097
9571,hybrid,fixed,decaps,775977
9572,hybrid,fixed,decaps,781189
9573,hybrid,fixed,decaps,780950
9574,hybrid,fixed,decaps,781305
9575,hybrid,fixed,decaps,787571
9576,hybrid,fixed,decaps,781394
9577,hybrid,fixed,decaps,781127
9578,hybrid,fixed,decaps,781178
9579,hybrid,fixed,decaps,781221
9580,hybrid,fixed,decaps,786086
9581,hybrid,fixed,decaps,799993
9582,hybrid,fixed,decaps,782203
9583,hybrid,fixed,decaps,781326
9584,hybrid,fixed,decaps,777989
9585,hybrid,fixed,decaps,791932
9586,hybrid,fixed,decaps,778639
9587,hybrid,fixed,decaps,758366
9588,hybrid,fixed,decaps,757776
9589,hybrid,fixed,decaps,757385
9590,hybrid,fixed,decaps,757878
9591,hybrid,fixed,decaps,820904
9592,hybrid,fixed,decaps,804110
9593,hybrid,fixed,decaps,781442
9594,hybrid,fixed,decaps,781196
9595,hybrid,fixed,decaps,806143
9596,hybrid,fixed,decaps,788364
9597,hybrid,fixed,decaps,790764
9598,hybrid,fixed,decaps,769793
9599,hybrid,fixed,decaps,758622
9600,hybrid,fixed,decaps,758216
9601,hybrid,fixed,decaps,781987
9602,hybrid,fixed,decaps,789022
9603,hybrid,fixed,decaps,816345
9604,hybrid,fixed,decaps,781222
9605,hybrid,fixed,decaps,781264
9606,hybrid,fixed,decaps,798060
9607,hybrid,fixed,decaps,806127
9608,hybrid,fixed,decaps,758804
9609,hybrid,fixed,decaps,780638
9610,hybrid,fixed,decaps,759541
9611,hybrid,fixed,decaps,820012
9612,hybrid,fixed,decaps,814170
9613,hybrid,fixed,decaps,781158
9614,hybrid,fixed,decaps,781402
9615,hybrid,fixed,decaps,781245
9616,hybrid,fixed,decaps,784247
9617,hybrid,fixed,decaps,774615
9618,hybrid,fixed,decaps,805788
9619,hybrid,fixed,decaps,796415
9620,hybrid,fixed,decaps,781035
9621,hybrid,fixed,decaps,838078
9622,hybrid,fixed,decaps,764052
9623,hybrid,fixed,decaps,758076
9624,hybrid,fixed,decaps,758130
9625,hybrid,fixed,decaps,798603
9626,hybrid,fixed,decaps,818242
9627,hybrid,fixed,decaps,798277
9628,hybrid,fixed,decaps,736397
9629,hybrid,fixed,decaps,771269
9630,hybrid,fixed,decaps,757995
9631,hybrid,fixed,decaps,757843
9632,hybrid,fixed,decaps,765248
9633,hybrid,fixed,decaps,797223
9634,hybrid,fixed,decaps,759813
9635,hybrid,fixed,decaps,807630
9636,hybrid,fixed,decaps,819204
9637,hybrid,fixed,decaps,804432
9638,hybrid,fixed,decaps,762685
9639,hybrid,fixed,decaps,773732
9640,hybrid,fixed,decaps,758557
9641,hybrid,fixed,decaps,758144
9642,hybrid,fixed,decaps,765917
9643,hybrid,fixed,decaps,758444
9644,hybrid,fixed,decaps,780963
9645,hybrid,fixed,decaps,805045
9646,hybrid,fixed,decaps,804912
9647,hybrid,fixed,decaps,842030
9648,hybrid,fixed,decaps,782769
9649,hybrid,fixed,decaps,796153
9650,hybrid,fixed,decaps,763607
9651,hybrid,fixed,decaps,758302
9652,hybrid,fixed,decaps,764015
9653,hybrid,fixed,decaps,804974
9654,hybrid,fixed,decaps,813349
9655,hybrid,fixed,decaps,781028
9656,hybrid,fixed,decaps,781026
9657,hybrid,fixed,decaps,788338
9658,hybrid,fixed,decaps,781654
9659,hybrid,fixed,decaps,802432
9660,hybrid,fixed,decaps,782280
9661,hybrid,fixed,decaps,806256
9662,hybrid,fixed,decaps,801699
9663,hybrid,fixed,decaps,764652
9664,hybrid,fixed,decaps,757905
9665,hybrid,fixed,decaps,757900
9666,hybrid,fixed,decaps,782957
9667,hybrid,fixed,decaps,766504
9668,hybrid,fixed,decaps,758602
9669,hybrid,fixed,decaps,757647
9670,hybrid,fixed,decaps,807839
9671,hybrid,fixed,decaps,827955
9672,hybrid,fixed,decaps,811551
9673,hybrid,fixed,decaps,763481
9674,hybrid,fixed,decaps,758573
9675,hybrid,fixed,decaps,758308
9676,hybrid,fixed,decaps,761648
9677,hybrid,fixed,decaps,758410
9678,hybrid,fixed,decaps,764108
9679,hybrid,fixed,decaps,758616
9680,hybrid,fixed,decaps,759181
9681,hybrid,fixed,decaps,758302
9682,hybrid,fixed,decaps,758734
9683,hybrid,fixed,decaps,827710
9684,hybrid,fixed,decaps,805432
9685,hybrid,fixed,decaps,802993
9686,hybrid,fixed,decaps,782472
9687,hybrid,fixed,decaps,805528
9688,hybrid,fixed,decaps,808170
9689,hybrid,fixed,decaps,782849
9690,hybrid,fixed,decaps,783166
9691,hybrid,fixed,decaps,763509
9692,hybrid,fixed,decaps,758546
9693,hybrid,fixed,decaps,763552
9694,hybrid,fixed,decaps,795175
9695,hybrid,fixed,decaps,814224
9696,hybrid,fixed,decaps,780910
9697,hybrid,fixed,decaps,809196
9698,hybrid,fixed,decaps,788047
9699,hybrid,fixed,decaps,771897
9700,hybrid,fixed,decaps,758332
9701,hybrid,fixed,decaps,758076
9702,hybrid,fixed,decaps,758347
9703,hybrid,fixed,decaps,762841
9704,hybrid,fixed,decaps,758347
9705,hybrid,fixed,decaps,758581
9706,hybrid,fixed,decaps,758204
9707,hybrid,fixed,decaps,799142
9708,hybrid,fixed,decaps,813175
9709,hybrid,fixed,decaps,819158
9710,hybrid,fixed,decaps,776098
9711,hybrid,fixed,decaps,764073
9712,hybrid,fixed,decaps,758548
9713,hybrid,fixed,decaps,787296
9714,hybrid,fixed,decaps,778536
9715,hybrid,fixed,decaps,759999
9716,hybrid,fixed,decaps,757906
9717,hybrid,fixed,decaps,787571
9718,hybrid,fixed,decaps,815991
9719,hybrid,fixed,decaps,786566
9720,hybrid,fixed,decaps,782308
9721,hybrid,fixed,decaps,781528
9722,hybrid,fixed,decaps,796320
9723,hybrid,fixed,decaps,793821
9724,hybrid,fixed,decaps,805501
9725,hybrid,fixed,decaps,758864
9726,hybrid,fixed,decaps,758086
9727,hybrid,fixed,decaps,758192
9728,hybrid,fixed,decaps,758177
9729,hybrid,fixed,decaps,765437
9730,hybrid,fixed,decaps,1058491
9731,hybrid,fixed,decaps,1059730
9732,hybrid,fixed,decaps,809258
9733,hybrid,fixed,decaps,789807
9734,hybrid,fixed,decaps,781664
9735,hybrid,fixed,decaps,791341
9736,hybrid,fixed,decaps,798186
9737,hybrid,fixed,decaps,782234
9738,hybrid,fixed,decaps,856690
9739,hybrid,fixed,decaps,778656
9740,hybrid,fixed,decaps,758837
9741,hybrid,fixed,decaps,763119
9742,hybrid,fixed,decaps,758253
9743,hybrid,fixed,decaps,765261
9744,hybrid,fixed,decaps,758407
9745,hybrid,fixed,decaps,757647
9746,hybrid,fixed,decaps,757870
9747,hybrid,fixed,decaps,757764
9748,hybrid,fixed,decaps,785160
9749,hybrid,fixed,decaps,766498
9750,hybrid,fixed,decaps,807737
9751,hybrid,fixed,decaps,806117
9752,hybrid,fixed,decaps,781378
9753,hybrid,fixed,decaps,780863
9754,hybrid,fixed,decaps,786432
9755,hybrid,fixed,decaps,781204
9756,hybrid,fixed,decaps,807732
9757,hybrid,fixed,decaps,782671
9758,hybrid,fixed,decaps,780936
9759,hybrid,fixed,decaps,784616
9760,hybrid,fixed,decaps,736744
9761,hybrid,fixed,decaps,815627
9762,hybrid,fixed,decaps,761243
9763,hybrid,fixed,decaps,782298
9764,hybrid,fixed,decaps,765244
9765,hybrid,fixed,decaps,787050
9766,hybrid,fixed,decaps,774983
9767,hybrid,fixed,decaps,780594
9768,hybrid,fixed,decaps,780505
9769,hybrid,fixed,decaps,788300
9770,hybrid,fixed,decaps,781176
9771,hybrid,fixed,decaps,781023
9772,hybrid,fixed,decaps,780930
9773,hybrid,fixed,decaps,776145
9774,hybrid,fixed,decaps,809010
9775,hybrid,fixed,decaps,758992
9776,hybrid,fixed,decaps,758261
9777,hybrid,fixed,decaps,767353
9778,hybrid,fixed,decaps,758555
9779,hybrid,fixed,decaps,783419
9780,hybrid,fixed,decaps,781510
9781,hybrid,fixed,decaps,781141
9782,hybrid,fixed,decaps,781303
9783,hybrid,fixed,decaps,781100
9784,hybrid,fixed,decaps,818466
9785,hybrid,fixed,decaps,737014
9786,hybrid,fixed,decaps,773427
9787,hybrid,fixed,decaps,781968
9788,hybrid,fixed,decaps,758886
9789,hybrid,fixed,decaps,783875
9790,hybrid,fixed,decaps,766876
9791,hybrid,fixed,decaps,780157
9792,hybrid,fixed,decaps,759795
9793,hybrid,fixed,decaps,775393
9794,hybrid,fixed,decaps,781207
9795,hybrid,fixed,decaps,787126
9796,hybrid,fixed,decaps,781118
9797,hybrid,fixed,decaps,781538
9798,hybrid,fixed,decaps,781133
9799,hybrid,fixed,decaps,781060
9800,hybrid,fixed,decaps,816585
9801,hybrid,fixed,decaps,771201
9802,hybrid,fixed,decaps,758449
9803,hybrid,fixed,decaps,757984
9804,hybrid,fixed,decaps,758153
9805,hybrid,fixed,decaps,773116
9806,hybrid,fixed,decaps,758992
9807,hybrid,fixed,decaps,758127
9808,hybrid,fixed,decaps,793275
9809,hybrid,fixed,decaps,780594
9810,hybrid,fixed,decaps,787387
9811,hybrid,fixed,decaps,781175
9812,hybrid,fixed,decaps,780895
9813,hybrid,fixed,decaps,781623
9814,hybrid,fixed,decaps,776465
9815,hybrid,fixed,decaps,787774
9816,hybrid,fixed,decaps,772674
9817,hybrid,fixed,decaps,800628
9818,hybrid,fixed,decaps,782093
9819,hybrid,fixed,decaps,781331
9820,hybrid,fixed,decaps,814682
9821,hybrid,fixed,decaps,736786
9822,hybrid,fixed,decaps,779341
9823,hybrid,fixed,decaps,758636
9824,hybrid,fixed,decaps,761752
9825,hybrid,fixed,decaps,758600
9826,hybrid,fixed,decaps,854981
9827,hybrid,fixed,decaps,760285
9828,hybrid,fixed,decaps,758145
9829,hybrid,fixed,decaps,758569
9830,hybrid,fixed,decaps,758700
9831,hybrid,fixed,decaps,797680
9832,hybrid,fixed,decaps,781345
9833,hybrid,fixed,decaps,781976
9834,hybrid,fixed,decaps,781038
9835,hybrid,fixed,decaps,781448
9836,hybrid,fixed,decaps,793620
9837,hybrid,fixed,decaps,766442
9838,hybrid,fixed,decaps,774938
9839,hybrid,fixed,decaps,799405
9840,hybrid,fixed,decaps,781739
9841,hybrid,fixed,decaps,824604
9842,hybrid,fixed,decaps,789391
9843,hybrid,fixed,decaps,876861
9844,hybrid,fixed,decaps,737225
9845,hybrid,fixed,decaps,754192
9846,hybrid,fixed,decaps,798792
9847,hybrid,fixed,decaps,779951
9848,hybrid,fixed,decaps,812947
9849,hybrid,fixed,decaps,759005
9850,hybrid,fixed,decaps,783104
9851,hybrid,fixed,decaps,766637
9852,hybrid,fixed,decaps,758593
9853,hybrid,fixed,decaps,758180
9854,hybrid,fixed,decaps,791486
9855,hybrid,fixed,decaps,780478
9856,hybrid,fixed,decaps,786789
9857,hybrid,fixed,decaps,781312
9858,hybrid,fixed,decaps,780981
9859,hybrid,fixed,decaps,780821
9860,hybrid,fixed,decaps,778351
9861,hybrid,fixed,decaps,793117
9862,hybrid,fixed,decaps,759509
9863,hybrid,fixed,decaps,759353
9864,hybrid,fixed,decaps,786267
9865,hybrid,fixed,decaps,800460
9866,hybrid,fixed,decaps,781014
9867,hybrid,fixed,decaps,810016
9868,hybrid,fixed,decaps,782097
9869,hybrid,fixed,decaps,883531
9870,hybrid,fixed,decaps,825803
9871,hybrid,fixed,decaps,765166
9872,hybrid,fixed,decaps,758548
9873,hybrid,fixed,decaps,757979
9874,hybrid,fixed,decaps,758209
9875,hybrid,fixed,decaps,758019
9876,hybrid,fixed,decaps,783080
9877,hybrid,fixed,decaps,764935
9878,hybrid,fixed,decaps,758431
9879,hybrid,fixed,decaps,757747
9880,hybrid,fixed,decaps,757726
9881,hybrid,fixed,decaps,757761
9882,hybrid,fixed,decaps,763468
9883,hybrid,fixed,decaps,781162
9884,hybrid,fixed,decaps,781197
9885,hybrid,fixed,decaps,780802
9886,hybrid,fixed,decaps,780821
9887,hybrid,fixed,decaps,795475
9888,hybrid,fixed,decaps,781734
9889,hybrid,fixed,decaps,821420
9890,hybrid,fixed,decaps,745090
9891,hybrid,fixed,decaps,792355
9892,hybrid,fixed,decaps,765797
9893,hybrid,fixed,decaps,782230
9894,hybrid,fixed,decaps,758882
9895,hybrid,fixed,decaps,780367
9896,hybrid,fixed,decaps,759170
9897,hybrid,fixed,decaps,762982
9898,hybrid,fixed,decaps,758187
9899,hybrid,fixed,decaps,757824
9900,hybrid,fixed,decaps,758315
9901,hybrid,fixed,decaps,786853
9902,hybrid,fixed,decaps,847637
9903,hybrid,fixed,decaps,782948
9904,hybrid,fixed,decaps,781019
9905,hybrid,fixed,decaps,781145
9906,hybrid,fixed,decaps,781256
9907,hybrid,fixed,decaps,811341
9908,hybrid,fixed,decaps,746933
9909,hybrid,fixed,decaps,779466
9910,hybrid,fixed,decaps,824233
9911,hybrid,fixed,decaps,898161
9912,hybrid,fixed,decaps,789938
9913,hybrid,fixed,decaps,833266
9914,hybrid,fixed,decaps,796626
9915,hybrid,fixed,decaps,768372
9916,hybrid,fixed,decaps,797329
9917,hybrid,fixed,decaps,760433
9918,hybrid,fixed,decaps,790662
9919,hybrid,fixed,decaps,814331
9920,hybrid,fixed,decaps,822340
9921,hybrid,fixed,decaps,783363
9922,hybrid,fixed,decaps,778063
9923,hybrid,fixed,decaps,775664
9924,hybrid,fixed,decaps,759233
9925,hybrid,fixed,decaps,758700
9926,hybrid,fixed,decaps,758552
9927,hybrid,fixed,decaps,758267
9928,hybrid,fixed,decaps,802026
9929,hybrid,fixed,decaps,759854
9930,hybrid,fixed,decaps,793946
9931,hybrid,fixed,decaps,776277
9932,hybrid,fixed,decaps,806369
9933,hybrid,fixed,decaps,809590
9934,hybrid,fixed,decaps,781954
9935,hybrid,fixed,decaps,786973
9936,hybrid,fixed,decaps,740405
9937,hybrid,fixed,decaps,773994
9938,hybrid,fixed,decaps,769207
9939,hybrid,fixed,decaps,758840
9940,hybrid,fixed,decaps,757879
9941,hybrid,fixed,decaps,758162
9942,hybrid,fixed,decaps,780782
9943,hybrid,fixed,decaps,767296
9944,hybrid,fixed,decaps,782289
9945,hybrid,fixed,decaps,759473
9946,hybrid,fixed,decaps,779310
9947,hybrid,fixed,decaps,759277
9948,hybrid,fixed,decaps,795981
9949,hybrid,fixed,decaps,819028
9950,hybrid,fixed,decaps,781327
9951,hybrid,fixed,decaps,781357
9952,hybrid,fixed,decaps,781386
9953,hybrid,fixed,decaps,785458
9954,hybrid,fixed,decaps,812394
9955,hybrid,fixed,decaps,753370
9956,hybrid,fixed,decaps,777275
9957,hybrid,fixed,decaps,758553
9958,hybrid,fixed,decaps,758327
9959,hybrid,fixed,decaps,764426
9960,hybrid,fixed,decaps,759059
9961,hybrid,fixed,decaps,789904
9962,hybrid,fixed,decaps,814951
9963,hybrid,fixed,decaps,780807
9964,hybrid,fixed,decaps,781971
9965,hybrid,fixed,decaps,775764
9966,hybrid,fixed,decaps,758395
9967,hybrid,fixed,decaps,758407
9968,hybrid,fixed,decaps,778503
9969,hybrid,fixed,decaps,765096
9970,hybrid,fixed,decaps,783043
9971,hybrid,fixed,decaps,759589
9972,hybrid,fixed,decaps,779011
9973,hybrid,fixed,decaps,759022
9974,hybrid,fixed,decaps,765678
9975,hybrid,fixed,decaps,758747
9976,hybrid,fixed,decaps,758007
9977,hybrid,fixed,decaps,758149
9978,hybrid,fixed,decaps,798207
9979,hybrid,fixed,decaps,815089
9980,hybrid,fixed,decaps,808275
9981,hybrid,fixed,decaps,782128
9982,hybrid,fixed,decaps,780963
9983,hybrid,fixed,decaps,780662
9984,hybrid,fixed,decaps,787630
9985,hybrid,fixed,decaps,785705
9986,hybrid,fixed,decaps,776607
9987,hybrid,fixed,decaps,779723
9988,hybrid,fixed,decaps,758280
9989,hybrid,fixed,decaps,758573
9990,hybrid,fixed,decaps,765265
9991,hybrid,fixed,decaps,759713
9992,hybrid,fixed,decaps,1134534
9993,hybrid,fixed,decaps,1382942
9994,hybrid,fixed,decaps,1010554
9995,hybrid,fixed,decaps,889378
9996,hybrid,fixed,decaps,1064386
9997,hybrid,fixed,decaps,785311
9998,hybrid,fixed,decaps,1075285
9999,hybrid,fixed,decaps,822013
10000,hybrid,fixed,decaps,802009
