iteration,mode,input,op,elapsed_ns
1,hybrid,fixed,decaps,807949
2,hybrid,fixed,decaps,810738
3,hybrid,fixed,decaps,784771
4,hybrid,fixed,decaps,785043
5,hybrid,fixed,decaps,1553722
6,hybrid,fixed,decaps,1636003
7,hybrid,fixed,decaps,1653705
8,hybrid,fixed,decaps,1637918
9,hybrid,fixed,decaps,1490020
10,hybrid,fixed,decaps,883891
11,hybrid,fixed,decaps,834758
12,hybrid,fixed,decaps,855214
13,hybrid,fixed,decaps,866244
14,hybrid,fixed,decaps,845893
15,hybrid,fixed,decaps,807281
16,hybrid,fixed,decaps,806631
17,hybrid,fixed,decaps,805961
18,hybrid,fixed,decaps,806192
19,hybrid,fixed,decaps,817104
20,hybrid,fixed,decaps,819679
21,hybrid,fixed,decaps,781936
22,hybrid,fixed,decaps,807722
23,hybrid,fixed,decaps,787489
24,hybrid,fixed,decaps,824958
25,hybrid,fixed,decaps,787728
26,hybrid,fixed,decaps,782307
27,hybrid,fixed,decaps,782385
28,hybrid,fixed,decaps,782077
29,hybrid,fixed,decaps,785563
30,hybrid,fixed,decaps,781975
31,hybrid,fixed,decaps,782006
32,hybrid,fixed,decaps,781769
33,hybrid,fixed,decaps,826526
34,hybrid,fixed,decaps,837697
35,hybrid,fixed,decaps,817238
36,hybrid,fixed,decaps,758880
37,hybrid,fixed,decaps,804932
38,hybrid,fixed,decaps,806863
39,hybrid,fixed,decaps,787053
40,hybrid,fixed,decaps,781646
41,hybrid,fixed,decaps,781449
42,hybrid,fixed,decaps,781081
43,hybrid,fixed,decaps,781972
44,hybrid,fixed,decaps,786126
45,hybrid,fixed,decaps,781862
46,hybrid,fixed,decaps,781534
47,hybrid,fixed,decaps,809909
48,hybrid,fixed,decaps,782747
49,hybrid,fixed,decaps,790413
50,hybrid,fixed,decaps,782458
51,hybrid,fixed,decaps,781812
52,hybrid,fixed,decaps,781267
53,hybrid,fixed,decaps,781487
54,hybrid,fixed,decaps,781628
55,hybrid,fixed,decaps,786648
56,hybrid,fixed,decaps,781773
57,hybrid,fixed,decaps,781832
58,hybrid,fixed,decaps,782298
59,hybrid,fixed,decaps,781678
60,hybrid,fixed,decaps,784905
61,hybrid,fixed,decaps,781424
62,hybrid,fixed,decaps,781464
63,hybrid,fixed,decaps,783179
64,hybrid,fixed,decaps,802355
65,hybrid,fixed,decaps,788751
66,hybrid,fixed,decaps,784546
67,hybrid,fixed,decaps,788257
68,hybrid,fixed,decaps,781491
69,hybrid,fixed,decaps,781087
70,hybrid,fixed,decaps,787641
71,hybrid,fixed,decaps,781412
72,hybrid,fixed,decaps,781546
73,hybrid,fixed,decaps,807873
74,hybrid,fixed,decaps,914870
75,hybrid,fixed,decaps,818118
76,hybrid,fixed,decaps,783471
77,hybrid,fixed,decaps,782023
78,hybrid,fixed,decaps,781772
79,hybrid,fixed,decaps,781823
80,hybrid,fixed,decaps,786297
81,hybrid,fixed,decaps,782271
82,hybrid,fixed,decaps,793404
83,hybrid,fixed,decaps,782910
84,hybrid,fixed,decaps,781943
85,hybrid,fixed,decaps,785913
86,hybrid,fixed,decaps,781727
87,hybrid,fixed,decaps,781563
88,hybrid,fixed,decaps,781361
89,hybrid,fixed,decaps,781312
90,hybrid,fixed,decaps,785753
91,hybrid,fixed,decaps,781343
92,hybrid,fixed,decaps,781443
93,hybrid,fixed,decaps,781129
94,hybrid,fixed,decaps,781246
95,hybrid,fixed,decaps,786307
96,hybrid,fixed,decaps,792968
97,hybrid,fixed,decaps,763428
98,hybrid,fixed,decaps,803318
99,hybrid,fixed,decaps,810725
100,hybrid,fixed,decaps,808852
101,hybrid,fixed,decaps,802618
102,hybrid,fixed,decaps,782767
103,hybrid,fixed,decaps,781978
104,hybrid,fixed,decaps,781646
105,hybrid,fixed,decaps,787103
106,hybrid,fixed,decaps,781779
107,hybrid,fixed,decaps,781621
108,hybrid,fixed,decaps,781256
109,hybrid,fixed,decaps,781557
110,hybrid,fixed,decaps,785038
111,hybrid,fixed,decaps,781501
112,hybrid,fixed,decaps,781012
113,hybrid,fixed,decaps,781469
114,hybrid,fixed,decaps,790950
115,hybrid,fixed,decaps,791992
116,hybrid,fixed,decaps,792755
117,hybrid,fixed,decaps,841115
118,hybrid,fixed,decaps,784178
119,hybrid,fixed,decaps,781313
120,hybrid,fixed,decaps,786971
121,hybrid,fixed,decaps,781392
122,hybrid,fixed,decaps,781176
123,hybrid,fixed,decaps,781238
124,hybrid,fixed,decaps,824878
125,hybrid,fixed,decaps,814716
126,hybrid,fixed,decaps,789046
127,hybrid,fixed,decaps,782603
128,hybrid,fixed,decaps,782105
129,hybrid,fixed,decaps,781956
130,hybrid,fixed,decaps,781871
131,hybrid,fixed,decaps,815705
132,hybrid,fixed,decaps,782997
133,hybrid,fixed,decaps,782216
134,hybrid,fixed,decaps,795309
135,hybrid,fixed,decaps,782714
136,hybrid,fixed,decaps,1144086
137,hybrid,fixed,decaps,760016
138,hybrid,fixed,decaps,762204
139,hybrid,fixed,decaps,797260
140,hybrid,fixed,decaps,817727
141,hybrid,fixed,decaps,783421
142,hybrid,fixed,decaps,759492
143,hybrid,fixed,decaps,758468
144,hybrid,fixed,decaps,800563
145,hybrid,fixed,decaps,815475
146,hybrid,fixed,decaps,798328
147,hybrid,fixed,decaps,763930
148,hybrid,fixed,decaps,764244
149,hybrid,fixed,decaps,758618
150,hybrid,fixed,decaps,791750
151,hybrid,fixed,decaps,760122
152,hybrid,fixed,decaps,758501
153,hybrid,fixed,decaps,800185
154,hybrid,fixed,decaps,810090
155,hybrid,fixed,decaps,781389
156,hybrid,fixed,decaps,792405
157,hybrid,fixed,decaps,782117
158,hybrid,fixed,decaps,822190
159,hybrid,fixed,decaps,783015
160,hybrid,fixed,decaps,781502
161,hybrid,fixed,decaps,788741
162,hybrid,fixed,decaps,781925
163,hybrid,fixed,decaps,758735
164,hybrid,fixed,decaps,762874
165,hybrid,fixed,decaps,758763
166,hybrid,fixed,decaps,772054
167,hybrid,fixed,decaps,835017
168,hybrid,fixed,decaps,810401
169,hybrid,fixed,decaps,781710
170,hybrid,fixed,decaps,781718
171,hybrid,fixed,decaps,784668
172,hybrid,fixed,decaps,768397
173,hybrid,fixed,decaps,783395
174,hybrid,fixed,decaps,806045
175,hybrid,fixed,decaps,819809
176,hybrid,fixed,decaps,791024
177,hybrid,fixed,decaps,781935
178,hybrid,fixed,decaps,781282
179,hybrid,fixed,decaps,781230
180,hybrid,fixed,decaps,781556
181,hybrid,fixed,decaps,787109
182,hybrid,fixed,decaps,781684
183,hybrid,fixed,decaps,818394
184,hybrid,fixed,decaps,738297
185,hybrid,fixed,decaps,777214
186,hybrid,fixed,decaps,804534
187,hybrid,fixed,decaps,810703
188,hybrid,fixed,decaps,781514
189,hybrid,fixed,decaps,781564
190,hybrid,fixed,decaps,781573
191,hybrid,fixed,decaps,786939
192,hybrid,fixed,decaps,810845
193,hybrid,fixed,decaps,743168
194,hybrid,fixed,decaps,778711
195,hybrid,fixed,decaps,758473
196,hybrid,fixed,decaps,765772
197,hybrid,fixed,decaps,758918
198,hybrid,fixed,decaps,758603
199,hybrid,fixed,decaps,808934
200,hybrid,fixed,decaps,826225
201,hybrid,fixed,decaps,837498
202,hybrid,fixed,decaps,782708
203,hybrid,fixed,decaps,781457
204,hybrid,fixed,decaps,781202
205,hybrid,fixed,decaps,779379
206,hybrid,fixed,decaps,786479
207,hybrid,fixed,decaps,759306
208,hybrid,fixed,decaps,777872
209,hybrid,fixed,decaps,759763
210,hybrid,fixed,decaps,758380
211,hybrid,fixed,decaps,758357
212,hybrid,fixed,decaps,761882
213,hybrid,fixed,decaps,758917
214,hybrid,fixed,decaps,758169
215,hybrid,fixed,decaps,758577
216,hybrid,fixed,decaps,758437
217,hybrid,fixed,decaps,784943
218,hybrid,fixed,decaps,825392
219,hybrid,fixed,decaps,806634
220,hybrid,fixed,decaps,817572
221,hybrid,fixed,decaps,781310
222,hybrid,fixed,decaps,789011
223,hybrid,fixed,decaps,781842
224,hybrid,fixed,decaps,794052
225,hybrid,fixed,decaps,762400
226,hybrid,fixed,decaps,784689
227,hybrid,fixed,decaps,765856
228,hybrid,fixed,decaps,758801
229,hybrid,fixed,decaps,774161
230,hybrid,fixed,decaps,805588
231,hybrid,fixed,decaps,798551
232,hybrid,fixed,decaps,786397
233,hybrid,fixed,decaps,781787
234,hybrid,fixed,decaps,801922
235,hybrid,fixed,decaps,782251
236,hybrid,fixed,decaps,781275
237,hybrid,fixed,decaps,785046
238,hybrid,fixed,decaps,796110
239,hybrid,fixed,decaps,758674
240,hybrid,fixed,decaps,763198
241,hybrid,fixed,decaps,758360
242,hybrid,fixed,decaps,762979
243,hybrid,fixed,decaps,780045
244,hybrid,fixed,decaps,763003
245,hybrid,fixed,decaps,758378
246,hybrid,fixed,decaps,758262
247,hybrid,fixed,decaps,771875
248,hybrid,fixed,decaps,813929
249,hybrid,fixed,decaps,800074
250,hybrid,fixed,decaps,781516
251,hybrid,fixed,decaps,781111
252,hybrid,fixed,decaps,809009
253,hybrid,fixed,decaps,788236
254,hybrid,fixed,decaps,781847
255,hybrid,fixed,decaps,787316
256,hybrid,fixed,decaps,763877
257,hybrid,fixed,decaps,758956
258,hybrid,fixed,decaps,762976
259,hybrid,fixed,decaps,758737
260,hybrid,fixed,decaps,803034
261,hybrid,fixed,decaps,824325
262,hybrid,fixed,decaps,781086
263,hybrid,fixed,decaps,786618
264,hybrid,fixed,decaps,758806
265,hybrid,fixed,decaps,763388
266,hybrid,fixed,decaps,758598
267,hybrid,fixed,decaps,758433
268,hybrid,fixed,decaps,785826
269,hybrid,fixed,decaps,784994
270,hybrid,fixed,decaps,759114
271,hybrid,fixed,decaps,758218
272,hybrid,fixed,decaps,806039
273,hybrid,fixed,decaps,813403
274,hybrid,fixed,decaps,785376
275,hybrid,fixed,decaps,781628
276,hybrid,fixed,decaps,781406
277,hybrid,fixed,decaps,781860
278,hybrid,fixed,decaps,834518
279,hybrid,fixed,decaps,766834
280,hybrid,fixed,decaps,758637
281,hybrid,fixed,decaps,758414
282,hybrid,fixed,decaps,797296
283,hybrid,fixed,decaps,817764
284,hybrid,fixed,decaps,798978
285,hybrid,fixed,decaps,760298
286,hybrid,fixed,decaps,778308
287,hybrid,fixed,decaps,758931
288,hybrid,fixed,decaps,762659
289,hybrid,fixed,decaps,758879
290,hybrid,fixed,decaps,813311
291,hybrid,fixed,decaps,804129
292,hybrid,fixed,decaps,783831
293,hybrid,fixed,decaps,761269
294,hybrid,fixed,decaps,761705
295,hybrid,fixed,decaps,783153
296,hybrid,fixed,decaps,759761
297,hybrid,fixed,decaps,785008
298,hybrid,fixed,decaps,808348
299,hybrid,fixed,decaps,804586
300,hybrid,fixed,decaps,782561
301,hybrid,fixed,decaps,781874
302,hybrid,fixed,decaps,781574
303,hybrid,fixed,decaps,781551
304,hybrid,fixed,decaps,794923
305,hybrid,fixed,decaps,768883
306,hybrid,fixed,decaps,758993
307,hybrid,fixed,decaps,758754
308,hybrid,fixed,decaps,758697
309,hybrid,fixed,decaps,766074
310,hybrid,fixed,decaps,786614
311,hybrid,fixed,decaps,839669
312,hybrid,fixed,decaps,783145
313,hybrid,fixed,decaps,782018
314,hybrid,fixed,decaps,788026
315,hybrid,fixed,decaps,782237
316,hybrid,fixed,decaps,798029
317,hybrid,fixed,decaps,747413
318,hybrid,fixed,decaps,774300
319,hybrid,fixed,decaps,761527
320,hybrid,fixed,decaps,784534
321,hybrid,fixed,decaps,822745
322,hybrid,fixed,decaps,797036
323,hybrid,fixed,decaps,772955
324,hybrid,fixed,decaps,818948
325,hybrid,fixed,decaps,759658
326,hybrid,fixed,decaps,758725
327,hybrid,fixed,decaps,758332
328,hybrid,fixed,decaps,796880
329,hybrid,fixed,decaps,834919
330,hybrid,fixed,decaps,797021
331,hybrid,fixed,decaps,752931
332,hybrid,fixed,decaps,778203
333,hybrid,fixed,decaps,762988
334,hybrid,fixed,decaps,778886
335,hybrid,fixed,decaps,768510
336,hybrid,fixed,decaps,764378
337,hybrid,fixed,decaps,824741
338,hybrid,fixed,decaps,819815
339,hybrid,fixed,decaps,785536
340,hybrid,fixed,decaps,794608
341,hybrid,fixed,decaps,786596
342,hybrid,fixed,decaps,797100
343,hybrid,fixed,decaps,822964
344,hybrid,fixed,decaps,803921
345,hybrid,fixed,decaps,820629
346,hybrid,fixed,decaps,827327
347,hybrid,fixed,decaps,861541
348,hybrid,fixed,decaps,784325
349,hybrid,fixed,decaps,798786
350,hybrid,fixed,decaps,782391
351,hybrid,fixed,decaps,781400
352,hybrid,fixed,decaps,781583
353,hybrid,fixed,decaps,781174
354,hybrid,fixed,decaps,781494
355,hybrid,fixed,decaps,828544
356,hybrid,fixed,decaps,755781
357,hybrid,fixed,decaps,776409
358,hybrid,fixed,decaps,758756
359,hybrid,fixed,decaps,759033
360,hybrid,fixed,decaps,848224
361,hybrid,fixed,decaps,856163
362,hybrid,fixed,decaps,808244
363,hybrid,fixed,decaps,781771
364,hybrid,fixed,decaps,781331
365,hybrid,fixed,decaps,1145422
366,hybrid,fixed,decaps,738522
367,hybrid,fixed,decaps,790151
368,hybrid,fixed,decaps,758879
369,hybrid,fixed,decaps,765267
370,hybrid,fixed,decaps,771851
371,hybrid,fixed,decaps,848356
372,hybrid,fixed,decaps,800305
373,hybrid,fixed,decaps,785534
374,hybrid,fixed,decaps,791057
375,hybrid,fixed,decaps,786677
376,hybrid,fixed,decaps,750686
377,hybrid,fixed,decaps,781805
378,hybrid,fixed,decaps,758642
379,hybrid,fixed,decaps,758620
380,hybrid,fixed,decaps,799092
381,hybrid,fixed,decaps,760308
382,hybrid,fixed,decaps,758830
383,hybrid,fixed,decaps,758857
384,hybrid,fixed,decaps,758379
385,hybrid,fixed,decaps,824708
386,hybrid,fixed,decaps,822607
387,hybrid,fixed,decaps,782408
388,hybrid,fixed,decaps,781259
389,hybrid,fixed,decaps,781437
390,hybrid,fixed,decaps,794843
391,hybrid,fixed,decaps,782165
392,hybrid,fixed,decaps,786310
393,hybrid,fixed,decaps,765179
394,hybrid,fixed,decaps,758324
395,hybrid,fixed,decaps,764703
396,hybrid,fixed,decaps,758885
397,hybrid,fixed,decaps,792577
398,hybrid,fixed,decaps,759620
399,hybrid,fixed,decaps,812025
400,hybrid,fixed,decaps,836045
401,hybrid,fixed,decaps,782694
402,hybrid,fixed,decaps,781847
403,hybrid,fixed,decaps,781470
404,hybrid,fixed,decaps,761152
405,hybrid,fixed,decaps,811519
406,hybrid,fixed,decaps,786810
407,hybrid,fixed,decaps,759784
408,hybrid,fixed,decaps,942464
409,hybrid,fixed,decaps,762331
410,hybrid,fixed,decaps,822581
411,hybrid,fixed,decaps,810107
412,hybrid,fixed,decaps,802286
413,hybrid,fixed,decaps,782857
414,hybrid,fixed,decaps,781715
415,hybrid,fixed,decaps,788976
416,hybrid,fixed,decaps,782206
417,hybrid,fixed,decaps,795351
418,hybrid,fixed,decaps,737001
419,hybrid,fixed,decaps,780369
420,hybrid,fixed,decaps,766344
421,hybrid,fixed,decaps,804906
422,hybrid,fixed,decaps,829012
423,hybrid,fixed,decaps,795254
424,hybrid,fixed,decaps,782604
425,hybrid,fixed,decaps,804665
426,hybrid,fixed,decaps,769634
427,hybrid,fixed,decaps,758733
428,hybrid,fixed,decaps,758687
429,hybrid,fixed,decaps,802988
430,hybrid,fixed,decaps,818742
431,hybrid,fixed,decaps,782443
432,hybrid,fixed,decaps,807515
433,hybrid,fixed,decaps,782772
434,hybrid,fixed,decaps,781633
435,hybrid,fixed,decaps,811820
436,hybrid,fixed,decaps,765987
437,hybrid,fixed,decaps,780300
438,hybrid,fixed,decaps,758983
439,hybrid,fixed,decaps,758283
440,hybrid,fixed,decaps,786708
441,hybrid,fixed,decaps,806953
442,hybrid,fixed,decaps,796958
443,hybrid,fixed,decaps,771305
444,hybrid,fixed,decaps,772041
445,hybrid,fixed,decaps,759050
446,hybrid,fixed,decaps,764527
447,hybrid,fixed,decaps,758402
448,hybrid,fixed,decaps,780486
449,hybrid,fixed,decaps,781768
450,hybrid,fixed,decaps,806249
451,hybrid,fixed,decaps,801480
452,hybrid,fixed,decaps,781380
453,hybrid,fixed,decaps,781394
454,hybrid,fixed,decaps,761329
455,hybrid,fixed,decaps,758716
456,hybrid,fixed,decaps,763526
457,hybrid,fixed,decaps,758978
458,hybrid,fixed,decaps,782853
459,hybrid,fixed,decaps,759527
460,hybrid,fixed,decaps,758926
461,hybrid,fixed,decaps,804039
462,hybrid,fixed,decaps,810349
463,hybrid,fixed,decaps,801353
464,hybrid,fixed,decaps,782643
465,hybrid,fixed,decaps,781851
466,hybrid,fixed,decaps,788985
467,hybrid,fixed,decaps,790919
468,hybrid,fixed,decaps,753970
469,hybrid,fixed,decaps,774202
470,hybrid,fixed,decaps,799051
471,hybrid,fixed,decaps,768796
472,hybrid,fixed,decaps,759533
473,hybrid,fixed,decaps,758902
474,hybrid,fixed,decaps,838392
475,hybrid,fixed,decaps,805460
476,hybrid,fixed,decaps,817463
477,hybrid,fixed,decaps,783499
478,hybrid,fixed,decaps,781787
479,hybrid,fixed,decaps,761801
480,hybrid,fixed,decaps,775039
481,hybrid,fixed,decaps,762503
482,hybrid,fixed,decaps,759192
483,hybrid,fixed,decaps,784444
484,hybrid,fixed,decaps,760988
485,hybrid,fixed,decaps,786963
486,hybrid,fixed,decaps,817583
487,hybrid,fixed,decaps,789182
488,hybrid,fixed,decaps,817398
489,hybrid,fixed,decaps,775518
490,hybrid,fixed,decaps,759253
491,hybrid,fixed,decaps,772955
492,hybrid,fixed,decaps,810264
493,hybrid,fixed,decaps,799986
494,hybrid,fixed,decaps,781339
495,hybrid,fixed,decaps,781466
496,hybrid,fixed,decaps,788685
497,hybrid,fixed,decaps,773685
498,hybrid,fixed,decaps,774945
499,hybrid,fixed,decaps,759154
500,hybrid,fixed,decaps,780575
501,hybrid,fixed,decaps,760688
502,hybrid,fixed,decaps,764236
503,hybrid,fixed,decaps,758664
504,hybrid,fixed,decaps,758246
505,hybrid,fixed,decaps,758536
506,hybrid,fixed,decaps,758166
507,hybrid,fixed,decaps,803973
508,hybrid,fixed,decaps,813322
509,hybrid,fixed,decaps,806551
510,hybrid,fixed,decaps,783183
511,hybrid,fixed,decaps,765483
512,hybrid,fixed,decaps,790134
513,hybrid,fixed,decaps,759135
514,hybrid,fixed,decaps,779824
515,hybrid,fixed,decaps,759894
516,hybrid,fixed,decaps,759034
517,hybrid,fixed,decaps,787979
518,hybrid,fixed,decaps,820131
519,hybrid,fixed,decaps,781623
520,hybrid,fixed,decaps,782037
521,hybrid,fixed,decaps,778374
522,hybrid,fixed,decaps,765053
523,hybrid,fixed,decaps,758975
524,hybrid,fixed,decaps,814685
525,hybrid,fixed,decaps,804036
526,hybrid,fixed,decaps,806938
527,hybrid,fixed,decaps,790143
528,hybrid,fixed,decaps,782903
529,hybrid,fixed,decaps,781989
530,hybrid,fixed,decaps,774198
531,hybrid,fixed,decaps,767396
532,hybrid,fixed,decaps,778390
533,hybrid,fixed,decaps,765895
534,hybrid,fixed,decaps,759013
535,hybrid,fixed,decaps,827248
536,hybrid,fixed,decaps,814174
537,hybrid,fixed,decaps,781998
538,hybrid,fixed,decaps,788219
539,hybrid,fixed,decaps,790014
540,hybrid,fixed,decaps,796253
541,hybrid,fixed,decaps,793889
542,hybrid,fixed,decaps,737929
543,hybrid,fixed,decaps,799643
544,hybrid,fixed,decaps,759488
545,hybrid,fixed,decaps,784628
546,hybrid,fixed,decaps,817873
547,hybrid,fixed,decaps,781941
548,hybrid,fixed,decaps,770398
549,hybrid,fixed,decaps,768477
550,hybrid,fixed,decaps,780562
551,hybrid,fixed,decaps,806561
552,hybrid,fixed,decaps,819881
553,hybrid,fixed,decaps,789371
554,hybrid,fixed,decaps,767406
555,hybrid,fixed,decaps,759306
556,hybrid,fixed,decaps,758149
557,hybrid,fixed,decaps,758303
558,hybrid,fixed,decaps,763773
559,hybrid,fixed,decaps,759043
560,hybrid,fixed,decaps,758599
561,hybrid,fixed,decaps,782444
562,hybrid,fixed,decaps,760068
563,hybrid,fixed,decaps,765210
564,hybrid,fixed,decaps,758987
565,hybrid,fixed,decaps,836207
566,hybrid,fixed,decaps,802469
567,hybrid,fixed,decaps,782100
568,hybrid,fixed,decaps,788080
569,hybrid,fixed,decaps,787039
570,hybrid,fixed,decaps,752075
571,hybrid,fixed,decaps,777639
572,hybrid,fixed,decaps,758993
573,hybrid,fixed,decaps,758660
574,hybrid,fixed,decaps,765708
575,hybrid,fixed,decaps,808728
576,hybrid,fixed,decaps,805539
577,hybrid,fixed,decaps,790538
578,hybrid,fixed,decaps,763188
579,hybrid,fixed,decaps,794187
580,hybrid,fixed,decaps,759373
581,hybrid,fixed,decaps,758787
582,hybrid,fixed,decaps,776591
583,hybrid,fixed,decaps,806119
584,hybrid,fixed,decaps,801573
585,hybrid,fixed,decaps,781739
586,hybrid,fixed,decaps,786835
587,hybrid,fixed,decaps,766045
588,hybrid,fixed,decaps,778909
589,hybrid,fixed,decaps,765806
590,hybrid,fixed,decaps,759054
591,hybrid,fixed,decaps,779503
592,hybrid,fixed,decaps,759583
593,hybrid,fixed,decaps,758988
594,hybrid,fixed,decaps,803730
595,hybrid,fixed,decaps,812849
596,hybrid,fixed,decaps,785945
597,hybrid,fixed,decaps,750673
598,hybrid,fixed,decaps,771309
599,hybrid,fixed,decaps,764007
600,hybrid,fixed,decaps,758802
601,hybrid,fixed,decaps,758856
602,hybrid,fixed,decaps,758854
603,hybrid,fixed,decaps,791926
604,hybrid,fixed,decaps,860276
605,hybrid,fixed,decaps,782644
606,hybrid,fixed,decaps,781448
607,hybrid,fixed,decaps,766685
608,hybrid,fixed,decaps,774072
609,hybrid,fixed,decaps,758770
610,hybrid,fixed,decaps,764276
611,hybrid,fixed,decaps,758453
612,hybrid,fixed,decaps,796696
613,hybrid,fixed,decaps,838457
614,hybrid,fixed,decaps,782214
615,hybrid,fixed,decaps,788764
616,hybrid,fixed,decaps,781769
617,hybrid,fixed,decaps,801864
618,hybrid,fixed,decaps,791799
619,hybrid,fixed,decaps,736939
620,hybrid,fixed,decaps,787488
621,hybrid,fixed,decaps,782035
622,hybrid,fixed,decaps,780457
623,hybrid,fixed,decaps,781339
624,hybrid,fixed,decaps,781532
625,hybrid,fixed,decaps,788977
626,hybrid,fixed,decaps,929773
627,hybrid,fixed,decaps,818632
628,hybrid,fixed,decaps,809747
629,hybrid,fixed,decaps,771920
630,hybrid,fixed,decaps,829271
631,hybrid,fixed,decaps,782883
632,hybrid,fixed,decaps,781497
633,hybrid,fixed,decaps,793178
634,hybrid,fixed,decaps,737193
635,hybrid,fixed,decaps,815783
636,hybrid,fixed,decaps,759184
637,hybrid,fixed,decaps,778513
638,hybrid,fixed,decaps,806758
639,hybrid,fixed,decaps,782722
640,hybrid,fixed,decaps,789349
641,hybrid,fixed,decaps,797078
642,hybrid,fixed,decaps,783086
643,hybrid,fixed,decaps,785603
644,hybrid,fixed,decaps,751836
645,hybrid,fixed,decaps,807259
646,hybrid,fixed,decaps,759369
647,hybrid,fixed,decaps,757734
648,hybrid,fixed,decaps,758084
649,hybrid,fixed,decaps,757959
650,hybrid,fixed,decaps,762015
651,hybrid,fixed,decaps,775571
652,hybrid,fixed,decaps,784172
653,hybrid,fixed,decaps,781733
654,hybrid,fixed,decaps,808119
655,hybrid,fixed,decaps,790958
656,hybrid,fixed,decaps,781675
657,hybrid,fixed,decaps,780814
658,hybrid,fixed,decaps,781088
659,hybrid,fixed,decaps,774846
660,hybrid,fixed,decaps,788607
661,hybrid,fixed,decaps,758911
662,hybrid,fixed,decaps,758655
663,hybrid,fixed,decaps,758264
664,hybrid,fixed,decaps,803352
665,hybrid,fixed,decaps,809038
666,hybrid,fixed,decaps,808185
667,hybrid,fixed,decaps,818068
668,hybrid,fixed,decaps,782879
669,hybrid,fixed,decaps,781903
670,hybrid,fixed,decaps,787442
671,hybrid,fixed,decaps,782931
672,hybrid,fixed,decaps,782421
673,hybrid,fixed,decaps,775739
674,hybrid,fixed,decaps,762493
675,hybrid,fixed,decaps,758794
676,hybrid,fixed,decaps,767368
677,hybrid,fixed,decaps,785328
678,hybrid,fixed,decaps,791261
679,hybrid,fixed,decaps,816148
680,hybrid,fixed,decaps,761720
681,hybrid,fixed,decaps,804966
682,hybrid,fixed,decaps,759283
683,hybrid,fixed,decaps,758295
684,hybrid,fixed,decaps,758427
685,hybrid,fixed,decaps,758397
686,hybrid,fixed,decaps,764409
687,hybrid,fixed,decaps,758456
688,hybrid,fixed,decaps,759000
689,hybrid,fixed,decaps,758464
690,hybrid,fixed,decaps,837121
691,hybrid,fixed,decaps,824269
692,hybrid,fixed,decaps,788633
693,hybrid,fixed,decaps,764595
694,hybrid,fixed,decaps,773454
695,hybrid,fixed,decaps,758225
696,hybrid,fixed,decaps,797148
697,hybrid,fixed,decaps,814926
698,hybrid,fixed,decaps,781662
699,hybrid,fixed,decaps,781548
700,hybrid,fixed,decaps,781296
701,hybrid,fixed,decaps,787410
702,hybrid,fixed,decaps,742042
703,hybrid,fixed,decaps,759000
704,hybrid,fixed,decaps,758516
705,hybrid,fixed,decaps,758779
706,hybrid,fixed,decaps,809817
707,hybrid,fixed,decaps,807793
708,hybrid,fixed,decaps,806008
709,hybrid,fixed,decaps,801829
710,hybrid,fixed,decaps,790758
711,hybrid,fixed,decaps,758174
712,hybrid,fixed,decaps,764591
713,hybrid,fixed,decaps,763494
714,hybrid,fixed,decaps,821762
715,hybrid,fixed,decaps,811724
716,hybrid,fixed,decaps,781506
717,hybrid,fixed,decaps,787464
718,hybrid,fixed,decaps,764911
719,hybrid,fixed,decaps,795138
720,hybrid,fixed,decaps,759775
721,hybrid,fixed,decaps,758564
722,hybrid,fixed,decaps,762983
723,hybrid,fixed,decaps,758735
724,hybrid,fixed,decaps,786165
725,hybrid,fixed,decaps,805678
726,hybrid,fixed,decaps,794159
727,hybrid,fixed,decaps,785233
728,hybrid,fixed,decaps,780455
729,hybrid,fixed,decaps,765913
730,hybrid,fixed,decaps,758655
731,hybrid,fixed,decaps,758435
732,hybrid,fixed,decaps,762226
733,hybrid,fixed,decaps,784531
734,hybrid,fixed,decaps,818035
735,hybrid,fixed,decaps,781237
736,hybrid,fixed,decaps,768011
737,hybrid,fixed,decaps,777590
738,hybrid,fixed,decaps,758738
739,hybrid,fixed,decaps,758556
740,hybrid,fixed,decaps,839018
741,hybrid,fixed,decaps,804491
742,hybrid,fixed,decaps,788149
743,hybrid,fixed,decaps,781816
744,hybrid,fixed,decaps,781419
745,hybrid,fixed,decaps,784157
746,hybrid,fixed,decaps,737962
747,hybrid,fixed,decaps,790175
748,hybrid,fixed,decaps,759176
749,hybrid,fixed,decaps,758533
750,hybrid,fixed,decaps,758656
751,hybrid,fixed,decaps,758496
752,hybrid,fixed,decaps,758565
753,hybrid,fixed,decaps,762521
754,hybrid,fixed,decaps,758771
755,hybrid,fixed,decaps,759510
756,hybrid,fixed,decaps,758911
757,hybrid,fixed,decaps,758735
758,hybrid,fixed,decaps,761859
759,hybrid,fixed,decaps,780901
760,hybrid,fixed,decaps,781190
761,hybrid,fixed,decaps,780789
762,hybrid,fixed,decaps,780684
763,hybrid,fixed,decaps,786578
764,hybrid,fixed,decaps,780939
765,hybrid,fixed,decaps,780892
766,hybrid,fixed,decaps,807323
767,hybrid,fixed,decaps,782779
768,hybrid,fixed,decaps,789194
769,hybrid,fixed,decaps,782047
770,hybrid,fixed,decaps,781246
771,hybrid,fixed,decaps,802770
772,hybrid,fixed,decaps,782399
773,hybrid,fixed,decaps,785788
774,hybrid,fixed,decaps,767937
775,hybrid,fixed,decaps,806627
776,hybrid,fixed,decaps,797593
777,hybrid,fixed,decaps,781597
778,hybrid,fixed,decaps,785180
779,hybrid,fixed,decaps,781443
780,hybrid,fixed,decaps,781561
781,hybrid,fixed,decaps,781528
782,hybrid,fixed,decaps,776473
783,hybrid,fixed,decaps,772836
784,hybrid,fixed,decaps,758672
785,hybrid,fixed,decaps,758453
786,hybrid,fixed,decaps,758389
787,hybrid,fixed,decaps,758672
788,hybrid,fixed,decaps,758586
789,hybrid,fixed,decaps,761635
790,hybrid,fixed,decaps,758630
791,hybrid,fixed,decaps,758850
792,hybrid,fixed,decaps,784245
793,hybrid,fixed,decaps,760380
794,hybrid,fixed,decaps,766978
795,hybrid,fixed,decaps,759212
796,hybrid,fixed,decaps,775886
797,hybrid,fixed,decaps,784582
798,hybrid,fixed,decaps,760010
799,hybrid,fixed,decaps,764091
800,hybrid,fixed,decaps,760198
801,hybrid,fixed,decaps,759079
802,hybrid,fixed,decaps,759186
803,hybrid,fixed,decaps,758772
804,hybrid,fixed,decaps,791966
805,hybrid,fixed,decaps,817474
806,hybrid,fixed,decaps,782277
807,hybrid,fixed,decaps,782444
808,hybrid,fixed,decaps,782120
809,hybrid,fixed,decaps,785578
810,hybrid,fixed,decaps,786413
811,hybrid,fixed,decaps,752778
812,hybrid,fixed,decaps,779004
813,hybrid,fixed,decaps,759273
814,hybrid,fixed,decaps,758847
815,hybrid,fixed,decaps,770708
816,hybrid,fixed,decaps,759435
817,hybrid,fixed,decaps,793694
818,hybrid,fixed,decaps,837883
819,hybrid,fixed,decaps,744871
820,hybrid,fixed,decaps,803384
821,hybrid,fixed,decaps,759810
822,hybrid,fixed,decaps,759004
823,hybrid,fixed,decaps,781215
824,hybrid,fixed,decaps,760354
825,hybrid,fixed,decaps,763250
826,hybrid,fixed,decaps,759222
827,hybrid,fixed,decaps,759261
828,hybrid,fixed,decaps,758775
829,hybrid,fixed,decaps,758980
830,hybrid,fixed,decaps,762302
831,hybrid,fixed,decaps,759421
832,hybrid,fixed,decaps,759118
833,hybrid,fixed,decaps,815227
834,hybrid,fixed,decaps,804145
835,hybrid,fixed,decaps,785758
836,hybrid,fixed,decaps,782516
837,hybrid,fixed,decaps,782387
838,hybrid,fixed,decaps,781997
839,hybrid,fixed,decaps,774772
840,hybrid,fixed,decaps,769903
841,hybrid,fixed,decaps,759366
842,hybrid,fixed,decaps,758849
843,hybrid,fixed,decaps,782037
844,hybrid,fixed,decaps,760518
845,hybrid,fixed,decaps,759407
846,hybrid,fixed,decaps,764732
847,hybrid,fixed,decaps,759253
848,hybrid,fixed,decaps,758845
849,hybrid,fixed,decaps,780888
850,hybrid,fixed,decaps,759801
851,hybrid,fixed,decaps,764588
852,hybrid,fixed,decaps,759001
853,hybrid,fixed,decaps,758470
854,hybrid,fixed,decaps,758689
855,hybrid,fixed,decaps,758257
856,hybrid,fixed,decaps,761396
857,hybrid,fixed,decaps,787863
858,hybrid,fixed,decaps,774230
859,hybrid,fixed,decaps,806779
860,hybrid,fixed,decaps,800383
861,hybrid,fixed,decaps,789222
862,hybrid,fixed,decaps,781959
863,hybrid,fixed,decaps,785657
864,hybrid,fixed,decaps,753197
865,hybrid,fixed,decaps,774483
866,hybrid,fixed,decaps,764795
867,hybrid,fixed,decaps,759531
868,hybrid,fixed,decaps,759213
869,hybrid,fixed,decaps,758988
870,hybrid,fixed,decaps,809236
871,hybrid,fixed,decaps,761319
872,hybrid,fixed,decaps,766894
873,hybrid,fixed,decaps,759760
874,hybrid,fixed,decaps,797784
875,hybrid,fixed,decaps,828642
876,hybrid,fixed,decaps,819041
877,hybrid,fixed,decaps,786545
878,hybrid,fixed,decaps,782024
879,hybrid,fixed,decaps,764097
880,hybrid,fixed,decaps,759205
881,hybrid,fixed,decaps,818360
882,hybrid,fixed,decaps,786853
883,hybrid,fixed,decaps,759806
884,hybrid,fixed,decaps,790212
885,hybrid,fixed,decaps,815300
886,hybrid,fixed,decaps,781686
887,hybrid,fixed,decaps,787922
888,hybrid,fixed,decaps,785772
889,hybrid,fixed,decaps,763972
890,hybrid,fixed,decaps,759562
891,hybrid,fixed,decaps,759388
892,hybrid,fixed,decaps,764954
893,hybrid,fixed,decaps,791910
894,hybrid,fixed,decaps,815587
895,hybrid,fixed,decaps,786415
896,hybrid,fixed,decaps,814857
897,hybrid,fixed,decaps,793812
898,hybrid,fixed,decaps,791593
899,hybrid,fixed,decaps,764013
900,hybrid,fixed,decaps,761268
901,hybrid,fixed,decaps,778222
902,hybrid,fixed,decaps,807529
903,hybrid,fixed,decaps,810315
904,hybrid,fixed,decaps,758899
905,hybrid,fixed,decaps,758300
906,hybrid,fixed,decaps,763559
907,hybrid,fixed,decaps,769542
908,hybrid,fixed,decaps,774069
909,hybrid,fixed,decaps,759848
910,hybrid,fixed,decaps,759226
911,hybrid,fixed,decaps,796722
912,hybrid,fixed,decaps,818672
913,hybrid,fixed,decaps,782301
914,hybrid,fixed,decaps,781494
915,hybrid,fixed,decaps,808062
916,hybrid,fixed,decaps,806112
917,hybrid,fixed,decaps,792399
918,hybrid,fixed,decaps,806619
919,hybrid,fixed,decaps,794285
920,hybrid,fixed,decaps,789895
921,hybrid,fixed,decaps,797111
922,hybrid,fixed,decaps,821165
923,hybrid,fixed,decaps,786169
924,hybrid,fixed,decaps,752809
925,hybrid,fixed,decaps,774326
926,hybrid,fixed,decaps,779395
927,hybrid,fixed,decaps,778789
928,hybrid,fixed,decaps,814081
929,hybrid,fixed,decaps,820201
930,hybrid,fixed,decaps,770024
931,hybrid,fixed,decaps,768659
932,hybrid,fixed,decaps,758924
933,hybrid,fixed,decaps,764891
934,hybrid,fixed,decaps,758839
935,hybrid,fixed,decaps,779855
936,hybrid,fixed,decaps,760152
937,hybrid,fixed,decaps,758953
938,hybrid,fixed,decaps,766679
939,hybrid,fixed,decaps,758785
940,hybrid,fixed,decaps,780801
941,hybrid,fixed,decaps,806354
942,hybrid,fixed,decaps,795714
943,hybrid,fixed,decaps,791192
944,hybrid,fixed,decaps,782009
945,hybrid,fixed,decaps,800690
946,hybrid,fixed,decaps,762097
947,hybrid,fixed,decaps,784111
948,hybrid,fixed,decaps,764591
949,hybrid,fixed,decaps,766161
950,hybrid,fixed,decaps,772682
951,hybrid,fixed,decaps,779360
952,hybrid,fixed,decaps,759133
953,hybrid,fixed,decaps,764548
954,hybrid,fixed,decaps,759223
955,hybrid,fixed,decaps,758814
956,hybrid,fixed,decaps,758710
957,hybrid,fixed,decaps,802225
958,hybrid,fixed,decaps,819619
959,hybrid,fixed,decaps,782209
960,hybrid,fixed,decaps,781896
961,hybrid,fixed,decaps,781634
962,hybrid,fixed,decaps,781960
963,hybrid,fixed,decaps,769124
964,hybrid,fixed,decaps,759715
965,hybrid,fixed,decaps,758942
966,hybrid,fixed,decaps,759049
967,hybrid,fixed,decaps,758884
968,hybrid,fixed,decaps,759265
969,hybrid,fixed,decaps,762060
970,hybrid,fixed,decaps,759038
971,hybrid,fixed,decaps,784737
972,hybrid,fixed,decaps,844707
973,hybrid,fixed,decaps,783406
974,hybrid,fixed,decaps,792647
975,hybrid,fixed,decaps,774839
976,hybrid,fixed,decaps,758572
977,hybrid,fixed,decaps,778468
978,hybrid,fixed,decaps,817406
979,hybrid,fixed,decaps,822088
980,hybrid,fixed,decaps,781168
981,hybrid,fixed,decaps,767128
982,hybrid,fixed,decaps,759031
983,hybrid,fixed,decaps,758730
984,hybrid,fixed,decaps,764516
985,hybrid,fixed,decaps,759229
986,hybrid,fixed,decaps,758899
987,hybrid,fixed,decaps,765811
988,hybrid,fixed,decaps,759346
989,hybrid,fixed,decaps,795980
990,hybrid,fixed,decaps,816821
991,hybrid,fixed,decaps,781753
992,hybrid,fixed,decaps,762541
993,hybrid,fixed,decaps,774351
994,hybrid,fixed,decaps,764382
995,hybrid,fixed,decaps,759095
996,hybrid,fixed,decaps,758728
997,hybrid,fixed,decaps,758752
998,hybrid,fixed,decaps,813081
999,hybrid,fixed,decaps,818826
1000,hybrid,fixed,decaps,788174
1001,hybrid,fixed,decaps,764285
1002,hybrid,fixed,decaps,774437
1003,hybrid,fixed,decaps,789015
1004,hybrid,fixed,decaps,759779
1005,hybrid,fixed,decaps,762573
1006,hybrid,fixed,decaps,759663
1007,hybrid,fixed,decaps,758683
1008,hybrid,fixed,decaps,759103
1009,hybrid,fixed,decaps,818357
1010,hybrid,fixed,decaps,803622
1011,hybrid,fixed,decaps,781894
1012,hybrid,fixed,decaps,790382
1013,hybrid,fixed,decaps,737298
1014,hybrid,fixed,decaps,781121
1015,hybrid,fixed,decaps,763268
1016,hybrid,fixed,decaps,758683
1017,hybrid,fixed,decaps,758245
1018,hybrid,fixed,decaps,758305
1019,hybrid,fixed,decaps,758071
1020,hybrid,fixed,decaps,760985
1021,hybrid,fixed,decaps,758396
1022,hybrid,fixed,decaps,758133
1023,hybrid,fixed,decaps,758053
1024,hybrid,fixed,decaps,757837
1025,hybrid,fixed,decaps,782967
1026,hybrid,fixed,decaps,765771
1027,hybrid,fixed,decaps,758679
1028,hybrid,fixed,decaps,758270
1029,hybrid,fixed,decaps,800615
1030,hybrid,fixed,decaps,819857
1031,hybrid,fixed,decaps,788927
1032,hybrid,fixed,decaps,782128
1033,hybrid,fixed,decaps,781102
1034,hybrid,fixed,decaps,762873
1035,hybrid,fixed,decaps,759053
1036,hybrid,fixed,decaps,762055
1037,hybrid,fixed,decaps,758561
1038,hybrid,fixed,decaps,758390
1039,hybrid,fixed,decaps,759050
1040,hybrid,fixed,decaps,813047
1041,hybrid,fixed,decaps,807100
1042,hybrid,fixed,decaps,781491
1043,hybrid,fixed,decaps,781274
1044,hybrid,fixed,decaps,781013
1045,hybrid,fixed,decaps,781218
1046,hybrid,fixed,decaps,784215
1047,hybrid,fixed,decaps,786661
1048,hybrid,fixed,decaps,737021
1049,hybrid,fixed,decaps,736936
1050,hybrid,fixed,decaps,791755
1051,hybrid,fixed,decaps,813745
1052,hybrid,fixed,decaps,783557
1053,hybrid,fixed,decaps,781830
1054,hybrid,fixed,decaps,781482
1055,hybrid,fixed,decaps,792629
1056,hybrid,fixed,decaps,804969
1057,hybrid,fixed,decaps,758909
1058,hybrid,fixed,decaps,758139
1059,hybrid,fixed,decaps,808798
1060,hybrid,fixed,decaps,782931
1061,hybrid,fixed,decaps,815431
1062,hybrid,fixed,decaps,737277
1063,hybrid,fixed,decaps,782059
1064,hybrid,fixed,decaps,758983
1065,hybrid,fixed,decaps,765856
1066,hybrid,fixed,decaps,763540
1067,hybrid,fixed,decaps,766870
1068,hybrid,fixed,decaps,759092
1069,hybrid,fixed,decaps,758962
1070,hybrid,fixed,decaps,773132
1071,hybrid,fixed,decaps,781558
1072,hybrid,fixed,decaps,787919
1073,hybrid,fixed,decaps,790651
1074,hybrid,fixed,decaps,797648
1075,hybrid,fixed,decaps,787523
1076,hybrid,fixed,decaps,751298
1077,hybrid,fixed,decaps,827195
1078,hybrid,fixed,decaps,760160
1079,hybrid,fixed,decaps,758537
1080,hybrid,fixed,decaps,763146
1081,hybrid,fixed,decaps,771470
1082,hybrid,fixed,decaps,791009
1083,hybrid,fixed,decaps,781804
1084,hybrid,fixed,decaps,781416
1085,hybrid,fixed,decaps,781352
1086,hybrid,fixed,decaps,781559
1087,hybrid,fixed,decaps,783186
1088,hybrid,fixed,decaps,765542
1089,hybrid,fixed,decaps,758903
1090,hybrid,fixed,decaps,790584
1091,hybrid,fixed,decaps,781910
1092,hybrid,fixed,decaps,792326
1093,hybrid,fixed,decaps,764113
1094,hybrid,fixed,decaps,758792
1095,hybrid,fixed,decaps,758492
1096,hybrid,fixed,decaps,758744
1097,hybrid,fixed,decaps,772482
1098,hybrid,fixed,decaps,784286
1099,hybrid,fixed,decaps,781433
1100,hybrid,fixed,decaps,781258
1101,hybrid,fixed,decaps,791470
1102,hybrid,fixed,decaps,741706
1103,hybrid,fixed,decaps,812169
1104,hybrid,fixed,decaps,759885
1105,hybrid,fixed,decaps,779955
1106,hybrid,fixed,decaps,796917
1107,hybrid,fixed,decaps,789047
1108,hybrid,fixed,decaps,788499
1109,hybrid,fixed,decaps,782281
1110,hybrid,fixed,decaps,781722
1111,hybrid,fixed,decaps,781344
1112,hybrid,fixed,decaps,781614
1113,hybrid,fixed,decaps,771249
1114,hybrid,fixed,decaps,770014
1115,hybrid,fixed,decaps,775480
1116,hybrid,fixed,decaps,781788
1117,hybrid,fixed,decaps,781845
1118,hybrid,fixed,decaps,784787
1119,hybrid,fixed,decaps,786924
1120,hybrid,fixed,decaps,741653
1121,hybrid,fixed,decaps,779425
1122,hybrid,fixed,decaps,758019
1123,hybrid,fixed,decaps,762691
1124,hybrid,fixed,decaps,773086
1125,hybrid,fixed,decaps,781656
1126,hybrid,fixed,decaps,781536
1127,hybrid,fixed,decaps,781739
1128,hybrid,fixed,decaps,810502
1129,hybrid,fixed,decaps,742903
1130,hybrid,fixed,decaps,770729
1131,hybrid,fixed,decaps,759192
1132,hybrid,fixed,decaps,774894
1133,hybrid,fixed,decaps,759874
1134,hybrid,fixed,decaps,765479
1135,hybrid,fixed,decaps,759191
1136,hybrid,fixed,decaps,758418
1137,hybrid,fixed,decaps,773900
1138,hybrid,fixed,decaps,781676
1139,hybrid,fixed,decaps,789489
1140,hybrid,fixed,decaps,782083
1141,hybrid,fixed,decaps,781335
1142,hybrid,fixed,decaps,781649
1143,hybrid,fixed,decaps,823875
1144,hybrid,fixed,decaps,808237
1145,hybrid,fixed,decaps,772126
1146,hybrid,fixed,decaps,785181
1147,hybrid,fixed,decaps,817614
1148,hybrid,fixed,decaps,781527
1149,hybrid,fixed,decaps,787459
1150,hybrid,fixed,decaps,779806
1151,hybrid,fixed,decaps,762853
1152,hybrid,fixed,decaps,758845
1153,hybrid,fixed,decaps,758392
1154,hybrid,fixed,decaps,838328
1155,hybrid,fixed,decaps,804663
1156,hybrid,fixed,decaps,758133
1157,hybrid,fixed,decaps,758839
1158,hybrid,fixed,decaps,782453
1159,hybrid,fixed,decaps,766429
1160,hybrid,fixed,decaps,759065
1161,hybrid,fixed,decaps,758805
1162,hybrid,fixed,decaps,758655
1163,hybrid,fixed,decaps,758846
1164,hybrid,fixed,decaps,791418
1165,hybrid,fixed,decaps,819445
1166,hybrid,fixed,decaps,782019
1167,hybrid,fixed,decaps,781876
1168,hybrid,fixed,decaps,780426
1169,hybrid,fixed,decaps,792982
1170,hybrid,fixed,decaps,759770
1171,hybrid,fixed,decaps,758779
1172,hybrid,fixed,decaps,758821
1173,hybrid,fixed,decaps,758753
1174,hybrid,fixed,decaps,758814
1175,hybrid,fixed,decaps,765741
1176,hybrid,fixed,decaps,803518
1177,hybrid,fixed,decaps,809152
1178,hybrid,fixed,decaps,819773
1179,hybrid,fixed,decaps,738814
1180,hybrid,fixed,decaps,801006
1181,hybrid,fixed,decaps,788424
1182,hybrid,fixed,decaps,759347
1183,hybrid,fixed,decaps,758297
1184,hybrid,fixed,decaps,777298
1185,hybrid,fixed,decaps,773960
1186,hybrid,fixed,decaps,759550
1187,hybrid,fixed,decaps,778401
1188,hybrid,fixed,decaps,759658
1189,hybrid,fixed,decaps,812610
1190,hybrid,fixed,decaps,810765
1191,hybrid,fixed,decaps,786057
1192,hybrid,fixed,decaps,785864
1193,hybrid,fixed,decaps,775681
1194,hybrid,fixed,decaps,759943
1195,hybrid,fixed,decaps,765778
1196,hybrid,fixed,decaps,759137
1197,hybrid,fixed,decaps,758900
1198,hybrid,fixed,decaps,758681
1199,hybrid,fixed,decaps,758709
1200,hybrid,fixed,decaps,764178
1201,hybrid,fixed,decaps,758971
1202,hybrid,fixed,decaps,814455
1203,hybrid,fixed,decaps,801875
1204,hybrid,fixed,decaps,781873
1205,hybrid,fixed,decaps,786761
1206,hybrid,fixed,decaps,782243
1207,hybrid,fixed,decaps,782854
1208,hybrid,fixed,decaps,774158
1209,hybrid,fixed,decaps,759188
1210,hybrid,fixed,decaps,778892
1211,hybrid,fixed,decaps,764109
1212,hybrid,fixed,decaps,758840
1213,hybrid,fixed,decaps,789805
1214,hybrid,fixed,decaps,815218
1215,hybrid,fixed,decaps,780929
1216,hybrid,fixed,decaps,763548
1217,hybrid,fixed,decaps,772233
1218,hybrid,fixed,decaps,759349
1219,hybrid,fixed,decaps,758707
1220,hybrid,fixed,decaps,817058
1221,hybrid,fixed,decaps,805286
1222,hybrid,fixed,decaps,780898
1223,hybrid,fixed,decaps,768296
1224,hybrid,fixed,decaps,759057
1225,hybrid,fixed,decaps,758517
1226,hybrid,fixed,decaps,784334
1227,hybrid,fixed,decaps,761360
1228,hybrid,fixed,decaps,758830
1229,hybrid,fixed,decaps,758883
1230,hybrid,fixed,decaps,758528
1231,hybrid,fixed,decaps,762476
1232,hybrid,fixed,decaps,759106
1233,hybrid,fixed,decaps,784853
1234,hybrid,fixed,decaps,806979
1235,hybrid,fixed,decaps,807651
1236,hybrid,fixed,decaps,811616
1237,hybrid,fixed,decaps,783096
1238,hybrid,fixed,decaps,781812
1239,hybrid,fixed,decaps,781824
1240,hybrid,fixed,decaps,781770
1241,hybrid,fixed,decaps,798047
1242,hybrid,fixed,decaps,737482
1243,hybrid,fixed,decaps,781981
1244,hybrid,fixed,decaps,759019
1245,hybrid,fixed,decaps,758714
1246,hybrid,fixed,decaps,758509
1247,hybrid,fixed,decaps,763689
1248,hybrid,fixed,decaps,801713
1249,hybrid,fixed,decaps,809428
1250,hybrid,fixed,decaps,795025
1251,hybrid,fixed,decaps,737265
1252,hybrid,fixed,decaps,784486
1253,hybrid,fixed,decaps,758370
1254,hybrid,fixed,decaps,758286
1255,hybrid,fixed,decaps,758270
1256,hybrid,fixed,decaps,814832
1257,hybrid,fixed,decaps,805890
1258,hybrid,fixed,decaps,781515
1259,hybrid,fixed,decaps,806717
1260,hybrid,fixed,decaps,783161
1261,hybrid,fixed,decaps,781764
1262,hybrid,fixed,decaps,816831
1263,hybrid,fixed,decaps,770042
1264,hybrid,fixed,decaps,759353
1265,hybrid,fixed,decaps,758941
1266,hybrid,fixed,decaps,758766
1267,hybrid,fixed,decaps,764673
1268,hybrid,fixed,decaps,759216
1269,hybrid,fixed,decaps,759366
1270,hybrid,fixed,decaps,758704
1271,hybrid,fixed,decaps,796411
1272,hybrid,fixed,decaps,837255
1273,hybrid,fixed,decaps,782722
1274,hybrid,fixed,decaps,781379
1275,hybrid,fixed,decaps,781391
1276,hybrid,fixed,decaps,779176
1277,hybrid,fixed,decaps,796805
1278,hybrid,fixed,decaps,828913
1279,hybrid,fixed,decaps,807845
1280,hybrid,fixed,decaps,772956
1281,hybrid,fixed,decaps,773155
1282,hybrid,fixed,decaps,758789
1283,hybrid,fixed,decaps,760314
1284,hybrid,fixed,decaps,758701
1285,hybrid,fixed,decaps,782763
1286,hybrid,fixed,decaps,783620
1287,hybrid,fixed,decaps,837714
1288,hybrid,fixed,decaps,789229
1289,hybrid,fixed,decaps,766579
1290,hybrid,fixed,decaps,771894
1291,hybrid,fixed,decaps,758665
1292,hybrid,fixed,decaps,758164
1293,hybrid,fixed,decaps,761817
1294,hybrid,fixed,decaps,794976
1295,hybrid,fixed,decaps,812503
1296,hybrid,fixed,decaps,781526
1297,hybrid,fixed,decaps,781282
1298,hybrid,fixed,decaps,787169
1299,hybrid,fixed,decaps,773530
1300,hybrid,fixed,decaps,783345
1301,hybrid,fixed,decaps,810327
1302,hybrid,fixed,decaps,757976
1303,hybrid,fixed,decaps,779819
1304,hybrid,fixed,decaps,789777
1305,hybrid,fixed,decaps,815637
1306,hybrid,fixed,decaps,782062
1307,hybrid,fixed,decaps,761223
1308,hybrid,fixed,decaps,784433
1309,hybrid,fixed,decaps,759050
1310,hybrid,fixed,decaps,781760
1311,hybrid,fixed,decaps,819905
1312,hybrid,fixed,decaps,829050
1313,hybrid,fixed,decaps,803953
1314,hybrid,fixed,decaps,769935
1315,hybrid,fixed,decaps,775169
1316,hybrid,fixed,decaps,759560
1317,hybrid,fixed,decaps,758535
1318,hybrid,fixed,decaps,766358
1319,hybrid,fixed,decaps,758744
1320,hybrid,fixed,decaps,758520
1321,hybrid,fixed,decaps,809413
1322,hybrid,fixed,decaps,805541
1323,hybrid,fixed,decaps,827814
1324,hybrid,fixed,decaps,766471
1325,hybrid,fixed,decaps,758872
1326,hybrid,fixed,decaps,758379
1327,hybrid,fixed,decaps,798942
1328,hybrid,fixed,decaps,819801
1329,hybrid,fixed,decaps,782109
1330,hybrid,fixed,decaps,781613
1331,hybrid,fixed,decaps,772388
1332,hybrid,fixed,decaps,769249
1333,hybrid,fixed,decaps,759084
1334,hybrid,fixed,decaps,765620
1335,hybrid,fixed,decaps,759051
1336,hybrid,fixed,decaps,780120
1337,hybrid,fixed,decaps,760345
1338,hybrid,fixed,decaps,782620
1339,hybrid,fixed,decaps,764368
1340,hybrid,fixed,decaps,758798
1341,hybrid,fixed,decaps,781507
1342,hybrid,fixed,decaps,805956
1343,hybrid,fixed,decaps,795656
1344,hybrid,fixed,decaps,784537
1345,hybrid,fixed,decaps,782269
1346,hybrid,fixed,decaps,781952
1347,hybrid,fixed,decaps,785619
1348,hybrid,fixed,decaps,755143
1349,hybrid,fixed,decaps,788272
1350,hybrid,fixed,decaps,759196
1351,hybrid,fixed,decaps,758648
1352,hybrid,fixed,decaps,758508
1353,hybrid,fixed,decaps,758450
1354,hybrid,fixed,decaps,762120
1355,hybrid,fixed,decaps,772382
1356,hybrid,fixed,decaps,806005
1357,hybrid,fixed,decaps,801515
1358,hybrid,fixed,decaps,781410
1359,hybrid,fixed,decaps,785255
1360,hybrid,fixed,decaps,786140
1361,hybrid,fixed,decaps,752652
1362,hybrid,fixed,decaps,797058
1363,hybrid,fixed,decaps,760560
1364,hybrid,fixed,decaps,778330
1365,hybrid,fixed,decaps,763780
1366,hybrid,fixed,decaps,809023
1367,hybrid,fixed,decaps,805286
1368,hybrid,fixed,decaps,786595
1369,hybrid,fixed,decaps,741288
1370,hybrid,fixed,decaps,783327
1371,hybrid,fixed,decaps,758806
1372,hybrid,fixed,decaps,758458
1373,hybrid,fixed,decaps,777733
1374,hybrid,fixed,decaps,806156
1375,hybrid,fixed,decaps,803117
1376,hybrid,fixed,decaps,773670
1377,hybrid,fixed,decaps,769110
1378,hybrid,fixed,decaps,758937
1379,hybrid,fixed,decaps,758381
1380,hybrid,fixed,decaps,761953
1381,hybrid,fixed,decaps,758764
1382,hybrid,fixed,decaps,772923
1383,hybrid,fixed,decaps,805539
1384,hybrid,fixed,decaps,799223
1385,hybrid,fixed,decaps,784797
1386,hybrid,fixed,decaps,788689
1387,hybrid,fixed,decaps,741761
1388,hybrid,fixed,decaps,799918
1389,hybrid,fixed,decaps,760627
1390,hybrid,fixed,decaps,819702
1391,hybrid,fixed,decaps,779479
1392,hybrid,fixed,decaps,805348
1393,hybrid,fixed,decaps,796514
1394,hybrid,fixed,decaps,772262
1395,hybrid,fixed,decaps,792622
1396,hybrid,fixed,decaps,764852
1397,hybrid,fixed,decaps,799219
1398,hybrid,fixed,decaps,819600
1399,hybrid,fixed,decaps,809417
1400,hybrid,fixed,decaps,790178
1401,hybrid,fixed,decaps,782386
1402,hybrid,fixed,decaps,781847
1403,hybrid,fixed,decaps,767318
1404,hybrid,fixed,decaps,780538
1405,hybrid,fixed,decaps,797160
1406,hybrid,fixed,decaps,768760
1407,hybrid,fixed,decaps,760022
1408,hybrid,fixed,decaps,758597
1409,hybrid,fixed,decaps,779548
1410,hybrid,fixed,decaps,781715
1411,hybrid,fixed,decaps,819307
1412,hybrid,fixed,decaps,782825
1413,hybrid,fixed,decaps,781599
1414,hybrid,fixed,decaps,816107
1415,hybrid,fixed,decaps,792097
1416,hybrid,fixed,decaps,1178631
1417,hybrid,fixed,decaps,738223
1418,hybrid,fixed,decaps,739279
1419,hybrid,fixed,decaps,774003
1420,hybrid,fixed,decaps,763328
1421,hybrid,fixed,decaps,758690
1422,hybrid,fixed,decaps,758584
1423,hybrid,fixed,decaps,788605
1424,hybrid,fixed,decaps,784888
1425,hybrid,fixed,decaps,758128
1426,hybrid,fixed,decaps,762113
1427,hybrid,fixed,decaps,795408
1428,hybrid,fixed,decaps,781982
1429,hybrid,fixed,decaps,781294
1430,hybrid,fixed,decaps,785429
1431,hybrid,fixed,decaps,788261
1432,hybrid,fixed,decaps,779053
1433,hybrid,fixed,decaps,758945
1434,hybrid,fixed,decaps,758386
1435,hybrid,fixed,decaps,758638
1436,hybrid,fixed,decaps,764163
1437,hybrid,fixed,decaps,782849
1438,hybrid,fixed,decaps,781887
1439,hybrid,fixed,decaps,781481
1440,hybrid,fixed,decaps,805887
1441,hybrid,fixed,decaps,808649
1442,hybrid,fixed,decaps,782990
1443,hybrid,fixed,decaps,800182
1444,hybrid,fixed,decaps,782331
1445,hybrid,fixed,decaps,781627
1446,hybrid,fixed,decaps,800799
1447,hybrid,fixed,decaps,773161
1448,hybrid,fixed,decaps,758550
1449,hybrid,fixed,decaps,781231
1450,hybrid,fixed,decaps,759483
1451,hybrid,fixed,decaps,765181
1452,hybrid,fixed,decaps,759041
1453,hybrid,fixed,decaps,758475
1454,hybrid,fixed,decaps,792344
1455,hybrid,fixed,decaps,781117
1456,hybrid,fixed,decaps,787327
1457,hybrid,fixed,decaps,782366
1458,hybrid,fixed,decaps,781519
1459,hybrid,fixed,decaps,763225
1460,hybrid,fixed,decaps,773292
1461,hybrid,fixed,decaps,763199
1462,hybrid,fixed,decaps,759023
1463,hybrid,fixed,decaps,758230
1464,hybrid,fixed,decaps,784710
1465,hybrid,fixed,decaps,780824
1466,hybrid,fixed,decaps,807281
1467,hybrid,fixed,decaps,847975
1468,hybrid,fixed,decaps,782333
1469,hybrid,fixed,decaps,773708
1470,hybrid,fixed,decaps,774851
1471,hybrid,fixed,decaps,781464
1472,hybrid,fixed,decaps,798382
1473,hybrid,fixed,decaps,782302
1474,hybrid,fixed,decaps,780649
1475,hybrid,fixed,decaps,764949
1476,hybrid,fixed,decaps,758703
1477,hybrid,fixed,decaps,765222
1478,hybrid,fixed,decaps,758425
1479,hybrid,fixed,decaps,758213
1480,hybrid,fixed,decaps,758968
1481,hybrid,fixed,decaps,784801
1482,hybrid,fixed,decaps,765751
1483,hybrid,fixed,decaps,778809
1484,hybrid,fixed,decaps,781085
1485,hybrid,fixed,decaps,781229
1486,hybrid,fixed,decaps,780985
1487,hybrid,fixed,decaps,784320
1488,hybrid,fixed,decaps,781289
1489,hybrid,fixed,decaps,780937
1490,hybrid,fixed,decaps,781170
1491,hybrid,fixed,decaps,770011
1492,hybrid,fixed,decaps,817861
1493,hybrid,fixed,decaps,779098
1494,hybrid,fixed,decaps,759006
1495,hybrid,fixed,decaps,790804
1496,hybrid,fixed,decaps,781644
1497,hybrid,fixed,decaps,787904
1498,hybrid,fixed,decaps,806819
1499,hybrid,fixed,decaps,783256
1500,hybrid,fixed,decaps,781329
1501,hybrid,fixed,decaps,780972
1502,hybrid,fixed,decaps,791774
1503,hybrid,fixed,decaps,758949
1504,hybrid,fixed,decaps,758632
1505,hybrid,fixed,decaps,758245
1506,hybrid,fixed,decaps,758345
1507,hybrid,fixed,decaps,758212
1508,hybrid,fixed,decaps,765254
1509,hybrid,fixed,decaps,785743
1510,hybrid,fixed,decaps,781531
1511,hybrid,fixed,decaps,781584
1512,hybrid,fixed,decaps,781696
1513,hybrid,fixed,decaps,787727
1514,hybrid,fixed,decaps,781526
1515,hybrid,fixed,decaps,789292
1516,hybrid,fixed,decaps,736953
1517,hybrid,fixed,decaps,782981
1518,hybrid,fixed,decaps,839301
1519,hybrid,fixed,decaps,806887
1520,hybrid,fixed,decaps,760127
1521,hybrid,fixed,decaps,758301
1522,hybrid,fixed,decaps,791204
1523,hybrid,fixed,decaps,786596
1524,hybrid,fixed,decaps,781796
1525,hybrid,fixed,decaps,781747
1526,hybrid,fixed,decaps,782169
1527,hybrid,fixed,decaps,781554
1528,hybrid,fixed,decaps,784675
1529,hybrid,fixed,decaps,793118
1530,hybrid,fixed,decaps,737396
1531,hybrid,fixed,decaps,777506
1532,hybrid,fixed,decaps,758500
1533,hybrid,fixed,decaps,761790
1534,hybrid,fixed,decaps,758387
1535,hybrid,fixed,decaps,793152
1536,hybrid,fixed,decaps,781230
1537,hybrid,fixed,decaps,781235
1538,hybrid,fixed,decaps,784363
1539,hybrid,fixed,decaps,781688
1540,hybrid,fixed,decaps,763042
1541,hybrid,fixed,decaps,737100
1542,hybrid,fixed,decaps,768010
1543,hybrid,fixed,decaps,759046
1544,hybrid,fixed,decaps,836755
1545,hybrid,fixed,decaps,805650
1546,hybrid,fixed,decaps,760044
1547,hybrid,fixed,decaps,775448
1548,hybrid,fixed,decaps,781074
1549,hybrid,fixed,decaps,781949
1550,hybrid,fixed,decaps,786943
1551,hybrid,fixed,decaps,781495
1552,hybrid,fixed,decaps,781535
1553,hybrid,fixed,decaps,781780
1554,hybrid,fixed,decaps,794398
1555,hybrid,fixed,decaps,777291
1556,hybrid,fixed,decaps,767025
1557,hybrid,fixed,decaps,758761
1558,hybrid,fixed,decaps,758629
1559,hybrid,fixed,decaps,789266
1560,hybrid,fixed,decaps,782032
1561,hybrid,fixed,decaps,781651
1562,hybrid,fixed,decaps,781555
1563,hybrid,fixed,decaps,781525
1564,hybrid,fixed,decaps,806429
1565,hybrid,fixed,decaps,767703
1566,hybrid,fixed,decaps,760899
1567,hybrid,fixed,decaps,758915
1568,hybrid,fixed,decaps,758796
1569,hybrid,fixed,decaps,783552
1570,hybrid,fixed,decaps,878696
1571,hybrid,fixed,decaps,792972
1572,hybrid,fixed,decaps,782203
1573,hybrid,fixed,decaps,774932
1574,hybrid,fixed,decaps,798250
1575,hybrid,fixed,decaps,759400
1576,hybrid,fixed,decaps,759231
1577,hybrid,fixed,decaps,758601
1578,hybrid,fixed,decaps,781743
1579,hybrid,fixed,decaps,787791
1580,hybrid,fixed,decaps,782853
1581,hybrid,fixed,decaps,949044
1582,hybrid,fixed,decaps,783795
1583,hybrid,fixed,decaps,781737
1584,hybrid,fixed,decaps,789168
1585,hybrid,fixed,decaps,781782
1586,hybrid,fixed,decaps,781331
1587,hybrid,fixed,decaps,781531
1588,hybrid,fixed,decaps,781443
1589,hybrid,fixed,decaps,819368
1590,hybrid,fixed,decaps,737675
1591,hybrid,fixed,decaps,749863
1592,hybrid,fixed,decaps,836039
1593,hybrid,fixed,decaps,780152
1594,hybrid,fixed,decaps,781721
1595,hybrid,fixed,decaps,858113
1596,hybrid,fixed,decaps,804838
1597,hybrid,fixed,decaps,773615
1598,hybrid,fixed,decaps,766136
1599,hybrid,fixed,decaps,758055
1600,hybrid,fixed,decaps,765802
1601,hybrid,fixed,decaps,759036
1602,hybrid,fixed,decaps,758662
1603,hybrid,fixed,decaps,760985
1604,hybrid,fixed,decaps,758346
1605,hybrid,fixed,decaps,763726
1606,hybrid,fixed,decaps,782817
1607,hybrid,fixed,decaps,781441
1608,hybrid,fixed,decaps,781208
1609,hybrid,fixed,decaps,781185
1610,hybrid,fixed,decaps,786948
1611,hybrid,fixed,decaps,785168
1612,hybrid,fixed,decaps,761772
1613,hybrid,fixed,decaps,759852
1614,hybrid,fixed,decaps,767433
1615,hybrid,fixed,decaps,777596
1616,hybrid,fixed,decaps,771387
1617,hybrid,fixed,decaps,764474
1618,hybrid,fixed,decaps,766612
1619,hybrid,fixed,decaps,767797
1620,hybrid,fixed,decaps,773227
1621,hybrid,fixed,decaps,765247
1622,hybrid,fixed,decaps,875866
1623,hybrid,fixed,decaps,779575
1624,hybrid,fixed,decaps,805067
1625,hybrid,fixed,decaps,832236
1626,hybrid,fixed,decaps,815974
1627,hybrid,fixed,decaps,873387
1628,hybrid,fixed,decaps,805609
1629,hybrid,fixed,decaps,781527
1630,hybrid,fixed,decaps,797795
1631,hybrid,fixed,decaps,781976
1632,hybrid,fixed,decaps,782399
1633,hybrid,fixed,decaps,781720
1634,hybrid,fixed,decaps,781677
1635,hybrid,fixed,decaps,796188
1636,hybrid,fixed,decaps,783134
1637,hybrid,fixed,decaps,781773
1638,hybrid,fixed,decaps,781672
1639,hybrid,fixed,decaps,783937
1640,hybrid,fixed,decaps,843220
1641,hybrid,fixed,decaps,773121
1642,hybrid,fixed,decaps,758890
1643,hybrid,fixed,decaps,763956
1644,hybrid,fixed,decaps,758925
1645,hybrid,fixed,decaps,758513
1646,hybrid,fixed,decaps,1114381
1647,hybrid,fixed,decaps,867398
1648,hybrid,fixed,decaps,764793
1649,hybrid,fixed,decaps,758755
1650,hybrid,fixed,decaps,763572
1651,hybrid,fixed,decaps,776801
1652,hybrid,fixed,decaps,805941
1653,hybrid,fixed,decaps,797626
1654,hybrid,fixed,decaps,781195
1655,hybrid,fixed,decaps,811697
1656,hybrid,fixed,decaps,761711
1657,hybrid,fixed,decaps,758755
1658,hybrid,fixed,decaps,758933
1659,hybrid,fixed,decaps,758800
1660,hybrid,fixed,decaps,786342
1661,hybrid,fixed,decaps,815478
1662,hybrid,fixed,decaps,797435
1663,hybrid,fixed,decaps,772336
1664,hybrid,fixed,decaps,808336
1665,hybrid,fixed,decaps,761413
1666,hybrid,fixed,decaps,767859
1667,hybrid,fixed,decaps,810184
1668,hybrid,fixed,decaps,804979
1669,hybrid,fixed,decaps,781671
1670,hybrid,fixed,decaps,783701
1671,hybrid,fixed,decaps,792760
1672,hybrid,fixed,decaps,832137
1673,hybrid,fixed,decaps,832216
1674,hybrid,fixed,decaps,785737
1675,hybrid,fixed,decaps,762237
1676,hybrid,fixed,decaps,763320
1677,hybrid,fixed,decaps,758435
1678,hybrid,fixed,decaps,757996
1679,hybrid,fixed,decaps,775449
1680,hybrid,fixed,decaps,805800
1681,hybrid,fixed,decaps,806903
1682,hybrid,fixed,decaps,782409
1683,hybrid,fixed,decaps,783109
1684,hybrid,fixed,decaps,764554
1685,hybrid,fixed,decaps,758439
1686,hybrid,fixed,decaps,767022
1687,hybrid,fixed,decaps,759492
1688,hybrid,fixed,decaps,758769
1689,hybrid,fixed,decaps,758970
1690,hybrid,fixed,decaps,808778
1691,hybrid,fixed,decaps,810323
1692,hybrid,fixed,decaps,786163
1693,hybrid,fixed,decaps,743099
1694,hybrid,fixed,decaps,778176
1695,hybrid,fixed,decaps,758643
1696,hybrid,fixed,decaps,767146
1697,hybrid,fixed,decaps,773988
1698,hybrid,fixed,decaps,861413
1699,hybrid,fixed,decaps,833438
1700,hybrid,fixed,decaps,783157
1701,hybrid,fixed,decaps,790386
1702,hybrid,fixed,decaps,781520
1703,hybrid,fixed,decaps,781261
1704,hybrid,fixed,decaps,780694
1705,hybrid,fixed,decaps,801363
1706,hybrid,fixed,decaps,824711
1707,hybrid,fixed,decaps,764812
1708,hybrid,fixed,decaps,758681
1709,hybrid,fixed,decaps,758613
1710,hybrid,fixed,decaps,758387
1711,hybrid,fixed,decaps,785485
1712,hybrid,fixed,decaps,805815
1713,hybrid,fixed,decaps,796361
1714,hybrid,fixed,decaps,769842
1715,hybrid,fixed,decaps,764814
1716,hybrid,fixed,decaps,758604
1717,hybrid,fixed,decaps,773851
1718,hybrid,fixed,decaps,759441
1719,hybrid,fixed,decaps,794774
1720,hybrid,fixed,decaps,813070
1721,hybrid,fixed,decaps,793703
1722,hybrid,fixed,decaps,772809
1723,hybrid,fixed,decaps,780225
1724,hybrid,fixed,decaps,871524
1725,hybrid,fixed,decaps,813140
1726,hybrid,fixed,decaps,813144
1727,hybrid,fixed,decaps,758370
1728,hybrid,fixed,decaps,779794
1729,hybrid,fixed,decaps,758762
1730,hybrid,fixed,decaps,758696
1731,hybrid,fixed,decaps,758743
1732,hybrid,fixed,decaps,762696
1733,hybrid,fixed,decaps,758654
1734,hybrid,fixed,decaps,758404
1735,hybrid,fixed,decaps,758587
1736,hybrid,fixed,decaps,758683
1737,hybrid,fixed,decaps,767174
1738,hybrid,fixed,decaps,759595
1739,hybrid,fixed,decaps,758747
1740,hybrid,fixed,decaps,758753
1741,hybrid,fixed,decaps,803808
1742,hybrid,fixed,decaps,815714
1743,hybrid,fixed,decaps,782497
1744,hybrid,fixed,decaps,781964
1745,hybrid,fixed,decaps,784151
1746,hybrid,fixed,decaps,773679
1747,hybrid,fixed,decaps,800435
1748,hybrid,fixed,decaps,759289
1749,hybrid,fixed,decaps,758887
1750,hybrid,fixed,decaps,822506
1751,hybrid,fixed,decaps,797016
1752,hybrid,fixed,decaps,819042
1753,hybrid,fixed,decaps,782139
1754,hybrid,fixed,decaps,781984
1755,hybrid,fixed,decaps,781982
1756,hybrid,fixed,decaps,784319
1757,hybrid,fixed,decaps,737258
1758,hybrid,fixed,decaps,740399
1759,hybrid,fixed,decaps,771543
1760,hybrid,fixed,decaps,758969
1761,hybrid,fixed,decaps,776223
1762,hybrid,fixed,decaps,781503
1763,hybrid,fixed,decaps,784861
1764,hybrid,fixed,decaps,781791
1765,hybrid,fixed,decaps,781880
1766,hybrid,fixed,decaps,781972
1767,hybrid,fixed,decaps,781990
1768,hybrid,fixed,decaps,768915
1769,hybrid,fixed,decaps,774884
1770,hybrid,fixed,decaps,759075
1771,hybrid,fixed,decaps,758563
1772,hybrid,fixed,decaps,758685
1773,hybrid,fixed,decaps,800528
1774,hybrid,fixed,decaps,811266
1775,hybrid,fixed,decaps,797009
1776,hybrid,fixed,decaps,773150
1777,hybrid,fixed,decaps,778192
1778,hybrid,fixed,decaps,765670
1779,hybrid,fixed,decaps,782345
1780,hybrid,fixed,decaps,806529
1781,hybrid,fixed,decaps,795675
1782,hybrid,fixed,decaps,781705
1783,hybrid,fixed,decaps,787567
1784,hybrid,fixed,decaps,756829
1785,hybrid,fixed,decaps,759071
1786,hybrid,fixed,decaps,813256
1787,hybrid,fixed,decaps,804732
1788,hybrid,fixed,decaps,789097
1789,hybrid,fixed,decaps,758766
1790,hybrid,fixed,decaps,758487
1791,hybrid,fixed,decaps,758382
1792,hybrid,fixed,decaps,758241
1793,hybrid,fixed,decaps,758685
1794,hybrid,fixed,decaps,761369
1795,hybrid,fixed,decaps,758319
1796,hybrid,fixed,decaps,758291
1797,hybrid,fixed,decaps,759326
1798,hybrid,fixed,decaps,758845
1799,hybrid,fixed,decaps,828407
1800,hybrid,fixed,decaps,804795
1801,hybrid,fixed,decaps,781580
1802,hybrid,fixed,decaps,819845
1803,hybrid,fixed,decaps,738279
1804,hybrid,fixed,decaps,782479
1805,hybrid,fixed,decaps,759482
1806,hybrid,fixed,decaps,759070
1807,hybrid,fixed,decaps,758887
1808,hybrid,fixed,decaps,812850
1809,hybrid,fixed,decaps,807457
1810,hybrid,fixed,decaps,781943
1811,hybrid,fixed,decaps,796883
1812,hybrid,fixed,decaps,737165
1813,hybrid,fixed,decaps,775928
1814,hybrid,fixed,decaps,800165
1815,hybrid,fixed,decaps,812558
1816,hybrid,fixed,decaps,781773
1817,hybrid,fixed,decaps,788781
1818,hybrid,fixed,decaps,800613
1819,hybrid,fixed,decaps,804454
1820,hybrid,fixed,decaps,763918
1821,hybrid,fixed,decaps,759963
1822,hybrid,fixed,decaps,758779
1823,hybrid,fixed,decaps,758787
1824,hybrid,fixed,decaps,764844
1825,hybrid,fixed,decaps,758812
1826,hybrid,fixed,decaps,818661
1827,hybrid,fixed,decaps,802825
1828,hybrid,fixed,decaps,804169
1829,hybrid,fixed,decaps,791400
1830,hybrid,fixed,decaps,759342
1831,hybrid,fixed,decaps,758875
1832,hybrid,fixed,decaps,759948
1833,hybrid,fixed,decaps,768608
1834,hybrid,fixed,decaps,775445
1835,hybrid,fixed,decaps,822988
1836,hybrid,fixed,decaps,799719
1837,hybrid,fixed,decaps,782750
1838,hybrid,fixed,decaps,781818
1839,hybrid,fixed,decaps,781847
1840,hybrid,fixed,decaps,791833
1841,hybrid,fixed,decaps,782704
1842,hybrid,fixed,decaps,779804
1843,hybrid,fixed,decaps,768413
1844,hybrid,fixed,decaps,768281
1845,hybrid,fixed,decaps,765342
1846,hybrid,fixed,decaps,759347
1847,hybrid,fixed,decaps,759017
1848,hybrid,fixed,decaps,758873
1849,hybrid,fixed,decaps,763734
1850,hybrid,fixed,decaps,807047
1851,hybrid,fixed,decaps,810717
1852,hybrid,fixed,decaps,781670
1853,hybrid,fixed,decaps,781828
1854,hybrid,fixed,decaps,793711
1855,hybrid,fixed,decaps,781035
1856,hybrid,fixed,decaps,759460
1857,hybrid,fixed,decaps,759185
1858,hybrid,fixed,decaps,759307
1859,hybrid,fixed,decaps,758884
1860,hybrid,fixed,decaps,764119
1861,hybrid,fixed,decaps,773235
1862,hybrid,fixed,decaps,806745
1863,hybrid,fixed,decaps,800223
1864,hybrid,fixed,decaps,781807
1865,hybrid,fixed,decaps,785263
1866,hybrid,fixed,decaps,781516
1867,hybrid,fixed,decaps,781791
1868,hybrid,fixed,decaps,769044
1869,hybrid,fixed,decaps,764962
1870,hybrid,fixed,decaps,759333
1871,hybrid,fixed,decaps,761967
1872,hybrid,fixed,decaps,758956
1873,hybrid,fixed,decaps,758813
1874,hybrid,fixed,decaps,759262
1875,hybrid,fixed,decaps,758714
1876,hybrid,fixed,decaps,761619
1877,hybrid,fixed,decaps,758930
1878,hybrid,fixed,decaps,782085
1879,hybrid,fixed,decaps,806039
1880,hybrid,fixed,decaps,821598
1881,hybrid,fixed,decaps,787565
1882,hybrid,fixed,decaps,782260
1883,hybrid,fixed,decaps,781814
1884,hybrid,fixed,decaps,785919
1885,hybrid,fixed,decaps,754248
1886,hybrid,fixed,decaps,779119
1887,hybrid,fixed,decaps,759914
1888,hybrid,fixed,decaps,758795
1889,hybrid,fixed,decaps,759092
1890,hybrid,fixed,decaps,759156
1891,hybrid,fixed,decaps,793852
1892,hybrid,fixed,decaps,816353
1893,hybrid,fixed,decaps,782304
1894,hybrid,fixed,decaps,781779
1895,hybrid,fixed,decaps,782312
1896,hybrid,fixed,decaps,788053
1897,hybrid,fixed,decaps,742438
1898,hybrid,fixed,decaps,780429
1899,hybrid,fixed,decaps,759762
1900,hybrid,fixed,decaps,758827
1901,hybrid,fixed,decaps,759182
1902,hybrid,fixed,decaps,761366
1903,hybrid,fixed,decaps,758960
1904,hybrid,fixed,decaps,759172
1905,hybrid,fixed,decaps,759091
1906,hybrid,fixed,decaps,782543
1907,hybrid,fixed,decaps,768431
1908,hybrid,fixed,decaps,1251602
1909,hybrid,fixed,decaps,829814
1910,hybrid,fixed,decaps,806965
1911,hybrid,fixed,decaps,813227
1912,hybrid,fixed,decaps,782210
1913,hybrid,fixed,decaps,781556
1914,hybrid,fixed,decaps,782051
1915,hybrid,fixed,decaps,782066
1916,hybrid,fixed,decaps,793998
1917,hybrid,fixed,decaps,764109
1918,hybrid,fixed,decaps,759010
1919,hybrid,fixed,decaps,758789
1920,hybrid,fixed,decaps,758867
1921,hybrid,fixed,decaps,758821
1922,hybrid,fixed,decaps,772177
1923,hybrid,fixed,decaps,760095
1924,hybrid,fixed,decaps,780999
1925,hybrid,fixed,decaps,803478
1926,hybrid,fixed,decaps,808285
1927,hybrid,fixed,decaps,803904
1928,hybrid,fixed,decaps,781464
1929,hybrid,fixed,decaps,780941
1930,hybrid,fixed,decaps,781049
1931,hybrid,fixed,decaps,785001
1932,hybrid,fixed,decaps,810910
1933,hybrid,fixed,decaps,765633
1934,hybrid,fixed,decaps,759134
1935,hybrid,fixed,decaps,775754
1936,hybrid,fixed,decaps,806025
1937,hybrid,fixed,decaps,803565
1938,hybrid,fixed,decaps,786675
1939,hybrid,fixed,decaps,763745
1940,hybrid,fixed,decaps,758744
1941,hybrid,fixed,decaps,758366
1942,hybrid,fixed,decaps,761950
1943,hybrid,fixed,decaps,787395
1944,hybrid,fixed,decaps,816948
1945,hybrid,fixed,decaps,781411
1946,hybrid,fixed,decaps,782009
1947,hybrid,fixed,decaps,766668
1948,hybrid,fixed,decaps,758118
1949,hybrid,fixed,decaps,757894
1950,hybrid,fixed,decaps,757893
1951,hybrid,fixed,decaps,757955
1952,hybrid,fixed,decaps,761095
1953,hybrid,fixed,decaps,757897
1954,hybrid,fixed,decaps,757971
1955,hybrid,fixed,decaps,762240
1956,hybrid,fixed,decaps,757945
1957,hybrid,fixed,decaps,775961
1958,hybrid,fixed,decaps,834758
1959,hybrid,fixed,decaps,799293
1960,hybrid,fixed,decaps,781311
1961,hybrid,fixed,decaps,790977
1962,hybrid,fixed,decaps,833068
1963,hybrid,fixed,decaps,760495
1964,hybrid,fixed,decaps,763096
1965,hybrid,fixed,decaps,758831
1966,hybrid,fixed,decaps,758686
1967,hybrid,fixed,decaps,758662
1968,hybrid,fixed,decaps,817358
1969,hybrid,fixed,decaps,801709
1970,hybrid,fixed,decaps,790543
1971,hybrid,fixed,decaps,758503
1972,hybrid,fixed,decaps,758535
1973,hybrid,fixed,decaps,767665
1974,hybrid,fixed,decaps,758607
1975,hybrid,fixed,decaps,780372
1976,hybrid,fixed,decaps,805490
1977,hybrid,fixed,decaps,796018
1978,hybrid,fixed,decaps,784769
1979,hybrid,fixed,decaps,783234
1980,hybrid,fixed,decaps,765622
1981,hybrid,fixed,decaps,758658
1982,hybrid,fixed,decaps,810309
1983,hybrid,fixed,decaps,833635
1984,hybrid,fixed,decaps,782830
1985,hybrid,fixed,decaps,781959
1986,hybrid,fixed,decaps,781183
1987,hybrid,fixed,decaps,766209
1988,hybrid,fixed,decaps,798924
1989,hybrid,fixed,decaps,758919
1990,hybrid,fixed,decaps,757984
1991,hybrid,fixed,decaps,758299
1992,hybrid,fixed,decaps,758637
1993,hybrid,fixed,decaps,769700
1994,hybrid,fixed,decaps,759207
1995,hybrid,fixed,decaps,758734
1996,hybrid,fixed,decaps,802799
1997,hybrid,fixed,decaps,806107
1998,hybrid,fixed,decaps,821352
1999,hybrid,fixed,decaps,782115
2000,hybrid,fixed,decaps,781531
2001,hybrid,fixed,decaps,781332
2002,hybrid,fixed,decaps,791010
2003,hybrid,fixed,decaps,758882
2004,hybrid,fixed,decaps,766562
2005,hybrid,fixed,decaps,763364
2006,hybrid,fixed,decaps,793282
2007,hybrid,fixed,decaps,813463
2008,hybrid,fixed,decaps,785559
2009,hybrid,fixed,decaps,1017042
2010,hybrid,fixed,decaps,907544
2011,hybrid,fixed,decaps,756814
2012,hybrid,fixed,decaps,789605
2013,hybrid,fixed,decaps,791328
2014,hybrid,fixed,decaps,782022
2015,hybrid,fixed,decaps,781374
2016,hybrid,fixed,decaps,781487
2017,hybrid,fixed,decaps,781226
2018,hybrid,fixed,decaps,785172
2019,hybrid,fixed,decaps,781802
2020,hybrid,fixed,decaps,781679
2021,hybrid,fixed,decaps,769977
2022,hybrid,fixed,decaps,763959
2023,hybrid,fixed,decaps,758610
2024,hybrid,fixed,decaps,760926
2025,hybrid,fixed,decaps,758316
2026,hybrid,fixed,decaps,758435
2027,hybrid,fixed,decaps,758245
2028,hybrid,fixed,decaps,757918
2029,hybrid,fixed,decaps,792485
2030,hybrid,fixed,decaps,781833
2031,hybrid,fixed,decaps,781265
2032,hybrid,fixed,decaps,781438
2033,hybrid,fixed,decaps,781481
2034,hybrid,fixed,decaps,784651
2035,hybrid,fixed,decaps,784989
2036,hybrid,fixed,decaps,765355
2037,hybrid,fixed,decaps,758494
2038,hybrid,fixed,decaps,758186
2039,hybrid,fixed,decaps,762070
2040,hybrid,fixed,decaps,779374
2041,hybrid,fixed,decaps,806771
2042,hybrid,fixed,decaps,796131
2043,hybrid,fixed,decaps,781270
2044,hybrid,fixed,decaps,797691
2045,hybrid,fixed,decaps,795308
2046,hybrid,fixed,decaps,742653
2047,hybrid,fixed,decaps,774204
2048,hybrid,fixed,decaps,758517
2049,hybrid,fixed,decaps,761897
2050,hybrid,fixed,decaps,758447
2051,hybrid,fixed,decaps,757932
2052,hybrid,fixed,decaps,758038
2053,hybrid,fixed,decaps,784882
2054,hybrid,fixed,decaps,818084
2055,hybrid,fixed,decaps,784323
2056,hybrid,fixed,decaps,781404
2057,hybrid,fixed,decaps,781223
2058,hybrid,fixed,decaps,790707
2059,hybrid,fixed,decaps,736787
2060,hybrid,fixed,decaps,780396
2061,hybrid,fixed,decaps,758528
2062,hybrid,fixed,decaps,758142
2063,hybrid,fixed,decaps,758307
2064,hybrid,fixed,decaps,816444
2065,hybrid,fixed,decaps,804195
2066,hybrid,fixed,decaps,781190
2067,hybrid,fixed,decaps,781134
2068,hybrid,fixed,decaps,781188
2069,hybrid,fixed,decaps,781189
2070,hybrid,fixed,decaps,784366
2071,hybrid,fixed,decaps,781246
2072,hybrid,fixed,decaps,796366
2073,hybrid,fixed,decaps,737043
2074,hybrid,fixed,decaps,778633
2075,hybrid,fixed,decaps,761552
2076,hybrid,fixed,decaps,777328
2077,hybrid,fixed,decaps,805550
2078,hybrid,fixed,decaps,795856
2079,hybrid,fixed,decaps,768912
2080,hybrid,fixed,decaps,790031
2081,hybrid,fixed,decaps,815822
2082,hybrid,fixed,decaps,780677
2083,hybrid,fixed,decaps,782680
2084,hybrid,fixed,decaps,774190
2085,hybrid,fixed,decaps,766435
2086,hybrid,fixed,decaps,758675
2087,hybrid,fixed,decaps,758446
2088,hybrid,fixed,decaps,805985
2089,hybrid,fixed,decaps,807431
2090,hybrid,fixed,decaps,795428
2091,hybrid,fixed,decaps,743133
2092,hybrid,fixed,decaps,775481
2093,hybrid,fixed,decaps,758371
2094,hybrid,fixed,decaps,758010
2095,hybrid,fixed,decaps,758076
2096,hybrid,fixed,decaps,769859
2097,hybrid,fixed,decaps,758864
2098,hybrid,fixed,decaps,787798
2099,hybrid,fixed,decaps,815852
2100,hybrid,fixed,decaps,780945
2101,hybrid,fixed,decaps,763935
2102,hybrid,fixed,decaps,801417
2103,hybrid,fixed,decaps,811613
2104,hybrid,fixed,decaps,797626
2105,hybrid,fixed,decaps,737049
2106,hybrid,fixed,decaps,782869
2107,hybrid,fixed,decaps,790981
2108,hybrid,fixed,decaps,814290
2109,hybrid,fixed,decaps,780992
2110,hybrid,fixed,decaps,756019
2111,hybrid,fixed,decaps,773990
2112,hybrid,fixed,decaps,787209
2113,hybrid,fixed,decaps,816476
2114,hybrid,fixed,decaps,781028
2115,hybrid,fixed,decaps,781389
2116,hybrid,fixed,decaps,784071
2117,hybrid,fixed,decaps,781470
2118,hybrid,fixed,decaps,781151
2119,hybrid,fixed,decaps,781230
2120,hybrid,fixed,decaps,781247
2121,hybrid,fixed,decaps,785072
2122,hybrid,fixed,decaps,759206
2123,hybrid,fixed,decaps,758612
2124,hybrid,fixed,decaps,758120
2125,hybrid,fixed,decaps,758230
2126,hybrid,fixed,decaps,761557
2127,hybrid,fixed,decaps,758845
2128,hybrid,fixed,decaps,812610
2129,hybrid,fixed,decaps,803344
2130,hybrid,fixed,decaps,781129
2131,hybrid,fixed,decaps,799002
2132,hybrid,fixed,decaps,737018
2133,hybrid,fixed,decaps,780414
2134,hybrid,fixed,decaps,758761
2135,hybrid,fixed,decaps,781611
2136,hybrid,fixed,decaps,805480
2137,hybrid,fixed,decaps,797850
2138,hybrid,fixed,decaps,771157
2139,hybrid,fixed,decaps,771410
2140,hybrid,fixed,decaps,758615
2141,hybrid,fixed,decaps,758131
2142,hybrid,fixed,decaps,811838
2143,hybrid,fixed,decaps,806177
2144,hybrid,fixed,decaps,788204
2145,hybrid,fixed,decaps,763638
2146,hybrid,fixed,decaps,758981
2147,hybrid,fixed,decaps,763915
2148,hybrid,fixed,decaps,765352
2149,hybrid,fixed,decaps,773552
2150,hybrid,fixed,decaps,781299
2151,hybrid,fixed,decaps,781309
2152,hybrid,fixed,decaps,784207
2153,hybrid,fixed,decaps,781529
2154,hybrid,fixed,decaps,781604
2155,hybrid,fixed,decaps,781527
2156,hybrid,fixed,decaps,769689
2157,hybrid,fixed,decaps,773724
2158,hybrid,fixed,decaps,758478
2159,hybrid,fixed,decaps,758448
2160,hybrid,fixed,decaps,758274
2161,hybrid,fixed,decaps,758137
2162,hybrid,fixed,decaps,758298
2163,hybrid,fixed,decaps,761493
2164,hybrid,fixed,decaps,807629
2165,hybrid,fixed,decaps,782162
2166,hybrid,fixed,decaps,781487
2167,hybrid,fixed,decaps,781665
2168,hybrid,fixed,decaps,786363
2169,hybrid,fixed,decaps,781692
2170,hybrid,fixed,decaps,780306
2171,hybrid,fixed,decaps,765229
2172,hybrid,fixed,decaps,758920
2173,hybrid,fixed,decaps,761850
2174,hybrid,fixed,decaps,758759
2175,hybrid,fixed,decaps,758911
2176,hybrid,fixed,decaps,758379
2177,hybrid,fixed,decaps,758410
2178,hybrid,fixed,decaps,761809
2179,hybrid,fixed,decaps,784405
2180,hybrid,fixed,decaps,816816
2181,hybrid,fixed,decaps,781024
2182,hybrid,fixed,decaps,763294
2183,hybrid,fixed,decaps,774768
2184,hybrid,fixed,decaps,758738
2185,hybrid,fixed,decaps,784715
2186,hybrid,fixed,decaps,780143
2187,hybrid,fixed,decaps,759783
2188,hybrid,fixed,decaps,770461
2189,hybrid,fixed,decaps,759091
2190,hybrid,fixed,decaps,758646
2191,hybrid,fixed,decaps,803950
2192,hybrid,fixed,decaps,808674
2193,hybrid,fixed,decaps,787546
2194,hybrid,fixed,decaps,782378
2195,hybrid,fixed,decaps,759784
2196,hybrid,fixed,decaps,775113
2197,hybrid,fixed,decaps,784666
2198,hybrid,fixed,decaps,817959
2199,hybrid,fixed,decaps,785237
2200,hybrid,fixed,decaps,762858
2201,hybrid,fixed,decaps,774123
2202,hybrid,fixed,decaps,758641
2203,hybrid,fixed,decaps,758479
2204,hybrid,fixed,decaps,761979
2205,hybrid,fixed,decaps,758646
2206,hybrid,fixed,decaps,758459
2207,hybrid,fixed,decaps,758403
2208,hybrid,fixed,decaps,758219
2209,hybrid,fixed,decaps,761396
2210,hybrid,fixed,decaps,786825
2211,hybrid,fixed,decaps,817945
2212,hybrid,fixed,decaps,782277
2213,hybrid,fixed,decaps,781349
2214,hybrid,fixed,decaps,785709
2215,hybrid,fixed,decaps,781882
2216,hybrid,fixed,decaps,781860
2217,hybrid,fixed,decaps,781287
2218,hybrid,fixed,decaps,767365
2219,hybrid,fixed,decaps,811787
2220,hybrid,fixed,decaps,759143
2221,hybrid,fixed,decaps,757938
2222,hybrid,fixed,decaps,757589
2223,hybrid,fixed,decaps,757910
2224,hybrid,fixed,decaps,761279
2225,hybrid,fixed,decaps,758285
2226,hybrid,fixed,decaps,757964
2227,hybrid,fixed,decaps,757932
2228,hybrid,fixed,decaps,757786
2229,hybrid,fixed,decaps,757743
2230,hybrid,fixed,decaps,763090
2231,hybrid,fixed,decaps,757933
2232,hybrid,fixed,decaps,784860
2233,hybrid,fixed,decaps,817155
2234,hybrid,fixed,decaps,780763
2235,hybrid,fixed,decaps,784071
2236,hybrid,fixed,decaps,780983
2237,hybrid,fixed,decaps,780637
2238,hybrid,fixed,decaps,780914
2239,hybrid,fixed,decaps,780361
2240,hybrid,fixed,decaps,773790
2241,hybrid,fixed,decaps,772457
2242,hybrid,fixed,decaps,778023
2243,hybrid,fixed,decaps,805563
2244,hybrid,fixed,decaps,798460
2245,hybrid,fixed,decaps,778930
2246,hybrid,fixed,decaps,770001
2247,hybrid,fixed,decaps,757916
2248,hybrid,fixed,decaps,757615
2249,hybrid,fixed,decaps,759730
2250,hybrid,fixed,decaps,770426
2251,hybrid,fixed,decaps,758513
2252,hybrid,fixed,decaps,757972
2253,hybrid,fixed,decaps,758214
2254,hybrid,fixed,decaps,757526
2255,hybrid,fixed,decaps,757655
2256,hybrid,fixed,decaps,761693
2257,hybrid,fixed,decaps,811251
2258,hybrid,fixed,decaps,804197
2259,hybrid,fixed,decaps,781463
2260,hybrid,fixed,decaps,781098
2261,hybrid,fixed,decaps,784108
2262,hybrid,fixed,decaps,764826
2263,hybrid,fixed,decaps,773364
2264,hybrid,fixed,decaps,758457
2265,hybrid,fixed,decaps,758553
2266,hybrid,fixed,decaps,761385
2267,hybrid,fixed,decaps,758303
2268,hybrid,fixed,decaps,758178
2269,hybrid,fixed,decaps,758224
2270,hybrid,fixed,decaps,758302
2271,hybrid,fixed,decaps,804529
2272,hybrid,fixed,decaps,810138
2273,hybrid,fixed,decaps,781160
2274,hybrid,fixed,decaps,783166
2275,hybrid,fixed,decaps,780879
2276,hybrid,fixed,decaps,784411
2277,hybrid,fixed,decaps,781032
2278,hybrid,fixed,decaps,785113
2279,hybrid,fixed,decaps,753116
2280,hybrid,fixed,decaps,776271
2281,hybrid,fixed,decaps,794704
2282,hybrid,fixed,decaps,815219
2283,hybrid,fixed,decaps,781588
2284,hybrid,fixed,decaps,762373
2285,hybrid,fixed,decaps,736859
2286,hybrid,fixed,decaps,773922
2287,hybrid,fixed,decaps,781843
2288,hybrid,fixed,decaps,781098
2289,hybrid,fixed,decaps,771422
2290,hybrid,fixed,decaps,767602
2291,hybrid,fixed,decaps,758593
2292,hybrid,fixed,decaps,772170
2293,hybrid,fixed,decaps,759282
2294,hybrid,fixed,decaps,781588
2295,hybrid,fixed,decaps,780836
2296,hybrid,fixed,decaps,780500
2297,hybrid,fixed,decaps,786398
2298,hybrid,fixed,decaps,771865
2299,hybrid,fixed,decaps,760835
2300,hybrid,fixed,decaps,759061
2301,hybrid,fixed,decaps,758763
2302,hybrid,fixed,decaps,762349
2303,hybrid,fixed,decaps,758869
2304,hybrid,fixed,decaps,758664
2305,hybrid,fixed,decaps,758900
2306,hybrid,fixed,decaps,789196
2307,hybrid,fixed,decaps,784597
2308,hybrid,fixed,decaps,781157
2309,hybrid,fixed,decaps,780863
2310,hybrid,fixed,decaps,780996
2311,hybrid,fixed,decaps,780900
2312,hybrid,fixed,decaps,783728
2313,hybrid,fixed,decaps,795441
2314,hybrid,fixed,decaps,737332
2315,hybrid,fixed,decaps,779462
2316,hybrid,fixed,decaps,758723
2317,hybrid,fixed,decaps,761615
2318,hybrid,fixed,decaps,758623
2319,hybrid,fixed,decaps,758359
2320,hybrid,fixed,decaps,758833
2321,hybrid,fixed,decaps,758479
2322,hybrid,fixed,decaps,758667
2323,hybrid,fixed,decaps,762611
2324,hybrid,fixed,decaps,784989
2325,hybrid,fixed,decaps,781531
2326,hybrid,fixed,decaps,781549
2327,hybrid,fixed,decaps,781596
2328,hybrid,fixed,decaps,784408
2329,hybrid,fixed,decaps,779890
2330,hybrid,fixed,decaps,763884
2331,hybrid,fixed,decaps,758958
2332,hybrid,fixed,decaps,792395
2333,hybrid,fixed,decaps,806147
2334,hybrid,fixed,decaps,782518
2335,hybrid,fixed,decaps,781895
2336,hybrid,fixed,decaps,781629
2337,hybrid,fixed,decaps,766462
2338,hybrid,fixed,decaps,770550
2339,hybrid,fixed,decaps,761350
2340,hybrid,fixed,decaps,758663
2341,hybrid,fixed,decaps,758400
2342,hybrid,fixed,decaps,758511
2343,hybrid,fixed,decaps,762130
2344,hybrid,fixed,decaps,758567
2345,hybrid,fixed,decaps,758348
2346,hybrid,fixed,decaps,758119
2347,hybrid,fixed,decaps,758498
2348,hybrid,fixed,decaps,758411
2349,hybrid,fixed,decaps,761160
2350,hybrid,fixed,decaps,758481
2351,hybrid,fixed,decaps,758143
2352,hybrid,fixed,decaps,758340
2353,hybrid,fixed,decaps,757884
2354,hybrid,fixed,decaps,768977
2355,hybrid,fixed,decaps,758769
2356,hybrid,fixed,decaps,758358
2357,hybrid,fixed,decaps,758259
2358,hybrid,fixed,decaps,758058
2359,hybrid,fixed,decaps,787089
2360,hybrid,fixed,decaps,781765
2361,hybrid,fixed,decaps,781476
2362,hybrid,fixed,decaps,781379
2363,hybrid,fixed,decaps,781576
2364,hybrid,fixed,decaps,784576
2365,hybrid,fixed,decaps,781508
2366,hybrid,fixed,decaps,781357
2367,hybrid,fixed,decaps,765016
2368,hybrid,fixed,decaps,775091
2369,hybrid,fixed,decaps,761873
2370,hybrid,fixed,decaps,758573
2371,hybrid,fixed,decaps,758409
2372,hybrid,fixed,decaps,758305
2373,hybrid,fixed,decaps,777703
2374,hybrid,fixed,decaps,781126
2375,hybrid,fixed,decaps,793700
2376,hybrid,fixed,decaps,782221
2377,hybrid,fixed,decaps,781535
2378,hybrid,fixed,decaps,794106
2379,hybrid,fixed,decaps,736928
2380,hybrid,fixed,decaps,785963
2381,hybrid,fixed,decaps,759155
2382,hybrid,fixed,decaps,758400
2383,hybrid,fixed,decaps,758590
2384,hybrid,fixed,decaps,793855
2385,hybrid,fixed,decaps,785854
2386,hybrid,fixed,decaps,782008
2387,hybrid,fixed,decaps,781819
2388,hybrid,fixed,decaps,781509
2389,hybrid,fixed,decaps,781499
2390,hybrid,fixed,decaps,784907
2391,hybrid,fixed,decaps,781792
2392,hybrid,fixed,decaps,781701
2393,hybrid,fixed,decaps,782048
2394,hybrid,fixed,decaps,767752
2395,hybrid,fixed,decaps,774589
2396,hybrid,fixed,decaps,758775
2397,hybrid,fixed,decaps,758857
2398,hybrid,fixed,decaps,758528
2399,hybrid,fixed,decaps,758487
2400,hybrid,fixed,decaps,763038
2401,hybrid,fixed,decaps,759174
2402,hybrid,fixed,decaps,814811
2403,hybrid,fixed,decaps,804230
2404,hybrid,fixed,decaps,781724
2405,hybrid,fixed,decaps,781449
2406,hybrid,fixed,decaps,785161
2407,hybrid,fixed,decaps,781917
2408,hybrid,fixed,decaps,781809
2409,hybrid,fixed,decaps,781885
2410,hybrid,fixed,decaps,785585
2411,hybrid,fixed,decaps,756066
2412,hybrid,fixed,decaps,778355
2413,hybrid,fixed,decaps,758762
2414,hybrid,fixed,decaps,758499
2415,hybrid,fixed,decaps,758380
2416,hybrid,fixed,decaps,761402
2417,hybrid,fixed,decaps,758849
2418,hybrid,fixed,decaps,793431
2419,hybrid,fixed,decaps,806017
2420,hybrid,fixed,decaps,796982
2421,hybrid,fixed,decaps,785247
2422,hybrid,fixed,decaps,781981
2423,hybrid,fixed,decaps,762228
2424,hybrid,fixed,decaps,758106
2425,hybrid,fixed,decaps,808821
2426,hybrid,fixed,decaps,808129
2427,hybrid,fixed,decaps,781720
2428,hybrid,fixed,decaps,798387
2429,hybrid,fixed,decaps,736763
2430,hybrid,fixed,decaps,770173
2431,hybrid,fixed,decaps,761486
2432,hybrid,fixed,decaps,758144
2433,hybrid,fixed,decaps,758432
2434,hybrid,fixed,decaps,758539
2435,hybrid,fixed,decaps,758048
2436,hybrid,fixed,decaps,779073
2437,hybrid,fixed,decaps,809067
2438,hybrid,fixed,decaps,796807
2439,hybrid,fixed,decaps,783452
2440,hybrid,fixed,decaps,786359
2441,hybrid,fixed,decaps,758240
2442,hybrid,fixed,decaps,761791
2443,hybrid,fixed,decaps,758737
2444,hybrid,fixed,decaps,758466
2445,hybrid,fixed,decaps,758619
2446,hybrid,fixed,decaps,758090
2447,hybrid,fixed,decaps,761398
2448,hybrid,fixed,decaps,759741
2449,hybrid,fixed,decaps,802186
2450,hybrid,fixed,decaps,773279
2451,hybrid,fixed,decaps,815977
2452,hybrid,fixed,decaps,812923
2453,hybrid,fixed,decaps,782563
2454,hybrid,fixed,decaps,781121
2455,hybrid,fixed,decaps,780954
2456,hybrid,fixed,decaps,781540
2457,hybrid,fixed,decaps,791740
2458,hybrid,fixed,decaps,782338
2459,hybrid,fixed,decaps,781771
2460,hybrid,fixed,decaps,782407
2461,hybrid,fixed,decaps,767210
2462,hybrid,fixed,decaps,792439
2463,hybrid,fixed,decaps,758652
2464,hybrid,fixed,decaps,758425
2465,hybrid,fixed,decaps,757890
2466,hybrid,fixed,decaps,804361
2467,hybrid,fixed,decaps,818532
2468,hybrid,fixed,decaps,797372
2469,hybrid,fixed,decaps,737201
2470,hybrid,fixed,decaps,780460
2471,hybrid,fixed,decaps,759079
2472,hybrid,fixed,decaps,764647
2473,hybrid,fixed,decaps,759378
2474,hybrid,fixed,decaps,758812
2475,hybrid,fixed,decaps,758983
2476,hybrid,fixed,decaps,758725
2477,hybrid,fixed,decaps,764805
2478,hybrid,fixed,decaps,786872
2479,hybrid,fixed,decaps,806524
2480,hybrid,fixed,decaps,808181
2481,hybrid,fixed,decaps,781584
2482,hybrid,fixed,decaps,786069
2483,hybrid,fixed,decaps,760363
2484,hybrid,fixed,decaps,772811
2485,hybrid,fixed,decaps,759111
2486,hybrid,fixed,decaps,758776
2487,hybrid,fixed,decaps,759639
2488,hybrid,fixed,decaps,806004
2489,hybrid,fixed,decaps,808135
2490,hybrid,fixed,decaps,781953
2491,hybrid,fixed,decaps,781467
2492,hybrid,fixed,decaps,761740
2493,hybrid,fixed,decaps,778935
2494,hybrid,fixed,decaps,759086
2495,hybrid,fixed,decaps,759289
2496,hybrid,fixed,decaps,759232
2497,hybrid,fixed,decaps,758896
2498,hybrid,fixed,decaps,762048
2499,hybrid,fixed,decaps,772116
2500,hybrid,fixed,decaps,806663
2501,hybrid,fixed,decaps,800988
2502,hybrid,fixed,decaps,782296
2503,hybrid,fixed,decaps,786313
2504,hybrid,fixed,decaps,781997
2505,hybrid,fixed,decaps,782253
2506,hybrid,fixed,decaps,768355
2507,hybrid,fixed,decaps,764982
2508,hybrid,fixed,decaps,759267
2509,hybrid,fixed,decaps,762319
2510,hybrid,fixed,decaps,758859
2511,hybrid,fixed,decaps,793479
2512,hybrid,fixed,decaps,814143
2513,hybrid,fixed,decaps,781873
2514,hybrid,fixed,decaps,784896
2515,hybrid,fixed,decaps,767558
2516,hybrid,fixed,decaps,772538
2517,hybrid,fixed,decaps,759133
2518,hybrid,fixed,decaps,759207
2519,hybrid,fixed,decaps,761869
2520,hybrid,fixed,decaps,759068
2521,hybrid,fixed,decaps,759024
2522,hybrid,fixed,decaps,759000
2523,hybrid,fixed,decaps,813421
2524,hybrid,fixed,decaps,809113
2525,hybrid,fixed,decaps,782232
2526,hybrid,fixed,decaps,782075
2527,hybrid,fixed,decaps,781806
2528,hybrid,fixed,decaps,766087
2529,hybrid,fixed,decaps,773248
2530,hybrid,fixed,decaps,758478
2531,hybrid,fixed,decaps,758538
2532,hybrid,fixed,decaps,758610
2533,hybrid,fixed,decaps,758328
2534,hybrid,fixed,decaps,761646
2535,hybrid,fixed,decaps,758901
2536,hybrid,fixed,decaps,758537
2537,hybrid,fixed,decaps,799299
2538,hybrid,fixed,decaps,811221
2539,hybrid,fixed,decaps,782030
2540,hybrid,fixed,decaps,802979
2541,hybrid,fixed,decaps,782647
2542,hybrid,fixed,decaps,776344
2543,hybrid,fixed,decaps,738145
2544,hybrid,fixed,decaps,741830
2545,hybrid,fixed,decaps,774492
2546,hybrid,fixed,decaps,758754
2547,hybrid,fixed,decaps,758156
2548,hybrid,fixed,decaps,758658
2549,hybrid,fixed,decaps,758553
2550,hybrid,fixed,decaps,762660
2551,hybrid,fixed,decaps,758547
2552,hybrid,fixed,decaps,758531
2553,hybrid,fixed,decaps,758341
2554,hybrid,fixed,decaps,758136
2555,hybrid,fixed,decaps,762982
2556,hybrid,fixed,decaps,758750
2557,hybrid,fixed,decaps,758684
2558,hybrid,fixed,decaps,788574
2559,hybrid,fixed,decaps,781976
2560,hybrid,fixed,decaps,803410
2561,hybrid,fixed,decaps,807575
2562,hybrid,fixed,decaps,794900
2563,hybrid,fixed,decaps,781692
2564,hybrid,fixed,decaps,781880
2565,hybrid,fixed,decaps,784956
2566,hybrid,fixed,decaps,782224
2567,hybrid,fixed,decaps,782247
2568,hybrid,fixed,decaps,781615
2569,hybrid,fixed,decaps,782416
2570,hybrid,fixed,decaps,798640
2571,hybrid,fixed,decaps,762614
2572,hybrid,fixed,decaps,764743
2573,hybrid,fixed,decaps,759804
2574,hybrid,fixed,decaps,758936
2575,hybrid,fixed,decaps,758949
2576,hybrid,fixed,decaps,762272
2577,hybrid,fixed,decaps,759486
2578,hybrid,fixed,decaps,783247
2579,hybrid,fixed,decaps,806471
2580,hybrid,fixed,decaps,794829
2581,hybrid,fixed,decaps,784916
2582,hybrid,fixed,decaps,790041
2583,hybrid,fixed,decaps,764662
2584,hybrid,fixed,decaps,759021
2585,hybrid,fixed,decaps,759416
2586,hybrid,fixed,decaps,762278
2587,hybrid,fixed,decaps,758832
2588,hybrid,fixed,decaps,758753
2589,hybrid,fixed,decaps,759226
2590,hybrid,fixed,decaps,758997
2591,hybrid,fixed,decaps,762401
2592,hybrid,fixed,decaps,759200
2593,hybrid,fixed,decaps,759181
2594,hybrid,fixed,decaps,803567
2595,hybrid,fixed,decaps,810685
2596,hybrid,fixed,decaps,801392
2597,hybrid,fixed,decaps,759613
2598,hybrid,fixed,decaps,763798
2599,hybrid,fixed,decaps,759569
2600,hybrid,fixed,decaps,758756
2601,hybrid,fixed,decaps,758316
2602,hybrid,fixed,decaps,761872
2603,hybrid,fixed,decaps,802325
2604,hybrid,fixed,decaps,811991
2605,hybrid,fixed,decaps,790290
2606,hybrid,fixed,decaps,785160
2607,hybrid,fixed,decaps,786336
2608,hybrid,fixed,decaps,798396
2609,hybrid,fixed,decaps,766806
2610,hybrid,fixed,decaps,759163
2611,hybrid,fixed,decaps,758808
2612,hybrid,fixed,decaps,762529
2613,hybrid,fixed,decaps,759281
2614,hybrid,fixed,decaps,760002
2615,hybrid,fixed,decaps,759776
2616,hybrid,fixed,decaps,758813
2617,hybrid,fixed,decaps,764547
2618,hybrid,fixed,decaps,779383
2619,hybrid,fixed,decaps,806558
2620,hybrid,fixed,decaps,797039
2621,hybrid,fixed,decaps,781082
2622,hybrid,fixed,decaps,784059
2623,hybrid,fixed,decaps,797238
2624,hybrid,fixed,decaps,759335
2625,hybrid,fixed,decaps,763460
2626,hybrid,fixed,decaps,758938
2627,hybrid,fixed,decaps,762034
2628,hybrid,fixed,decaps,759063
2629,hybrid,fixed,decaps,758606
2630,hybrid,fixed,decaps,758239
2631,hybrid,fixed,decaps,783816
2632,hybrid,fixed,decaps,817957
2633,hybrid,fixed,decaps,786233
2634,hybrid,fixed,decaps,781481
2635,hybrid,fixed,decaps,764660
2636,hybrid,fixed,decaps,758682
2637,hybrid,fixed,decaps,758610
2638,hybrid,fixed,decaps,763136
2639,hybrid,fixed,decaps,759399
2640,hybrid,fixed,decaps,781892
2641,hybrid,fixed,decaps,806411
2642,hybrid,fixed,decaps,795519
2643,hybrid,fixed,decaps,788758
2644,hybrid,fixed,decaps,764378
2645,hybrid,fixed,decaps,758914
2646,hybrid,fixed,decaps,758405
2647,hybrid,fixed,decaps,758590
2648,hybrid,fixed,decaps,800362
2649,hybrid,fixed,decaps,812842
2650,hybrid,fixed,decaps,783311
2651,hybrid,fixed,decaps,782744
2652,hybrid,fixed,decaps,781865
2653,hybrid,fixed,decaps,762369
2654,hybrid,fixed,decaps,769026
2655,hybrid,fixed,decaps,737346
2656,hybrid,fixed,decaps,778763
2657,hybrid,fixed,decaps,759047
2658,hybrid,fixed,decaps,761726
2659,hybrid,fixed,decaps,759165
2660,hybrid,fixed,decaps,791843
2661,hybrid,fixed,decaps,781881
2662,hybrid,fixed,decaps,781955
2663,hybrid,fixed,decaps,796923
2664,hybrid,fixed,decaps,745089
2665,hybrid,fixed,decaps,780316
2666,hybrid,fixed,decaps,758861
2667,hybrid,fixed,decaps,759196
2668,hybrid,fixed,decaps,758827
2669,hybrid,fixed,decaps,768029
2670,hybrid,fixed,decaps,760158
2671,hybrid,fixed,decaps,776546
2672,hybrid,fixed,decaps,782035
2673,hybrid,fixed,decaps,782258
2674,hybrid,fixed,decaps,786990
2675,hybrid,fixed,decaps,782211
2676,hybrid,fixed,decaps,894485
2677,hybrid,fixed,decaps,788427
2678,hybrid,fixed,decaps,772510
2679,hybrid,fixed,decaps,806859
2680,hybrid,fixed,decaps,775720
2681,hybrid,fixed,decaps,798183
2682,hybrid,fixed,decaps,759934
2683,hybrid,fixed,decaps,758813
2684,hybrid,fixed,decaps,771944
2685,hybrid,fixed,decaps,761108
2686,hybrid,fixed,decaps,760746
2687,hybrid,fixed,decaps,794312
2688,hybrid,fixed,decaps,781806
2689,hybrid,fixed,decaps,787649
2690,hybrid,fixed,decaps,788295
2691,hybrid,fixed,decaps,781949
2692,hybrid,fixed,decaps,781791
2693,hybrid,fixed,decaps,782462
2694,hybrid,fixed,decaps,799717
2695,hybrid,fixed,decaps,812104
2696,hybrid,fixed,decaps,737701
2697,hybrid,fixed,decaps,781373
2698,hybrid,fixed,decaps,758995
2699,hybrid,fixed,decaps,1103911
2700,hybrid,fixed,decaps,760226
2701,hybrid,fixed,decaps,759325
2702,hybrid,fixed,decaps,761715
2703,hybrid,fixed,decaps,759081
2704,hybrid,fixed,decaps,811806
2705,hybrid,fixed,decaps,784469
2706,hybrid,fixed,decaps,782441
2707,hybrid,fixed,decaps,781889
2708,hybrid,fixed,decaps,782225
2709,hybrid,fixed,decaps,815405
2710,hybrid,fixed,decaps,751471
2711,hybrid,fixed,decaps,802447
2712,hybrid,fixed,decaps,803661
2713,hybrid,fixed,decaps,782155
2714,hybrid,fixed,decaps,793680
2715,hybrid,fixed,decaps,782786
2716,hybrid,fixed,decaps,781242
2717,hybrid,fixed,decaps,767484
2718,hybrid,fixed,decaps,771698
2719,hybrid,fixed,decaps,758917
2720,hybrid,fixed,decaps,769122
2721,hybrid,fixed,decaps,759783
2722,hybrid,fixed,decaps,759028
2723,hybrid,fixed,decaps,760709
2724,hybrid,fixed,decaps,759061
2725,hybrid,fixed,decaps,770672
2726,hybrid,fixed,decaps,759759
2727,hybrid,fixed,decaps,759181
2728,hybrid,fixed,decaps,759158
2729,hybrid,fixed,decaps,816822
2730,hybrid,fixed,decaps,808082
2731,hybrid,fixed,decaps,781398
2732,hybrid,fixed,decaps,767375
2733,hybrid,fixed,decaps,758741
2734,hybrid,fixed,decaps,783669
2735,hybrid,fixed,decaps,768556
2736,hybrid,fixed,decaps,759544
2737,hybrid,fixed,decaps,758876
2738,hybrid,fixed,decaps,758980
2739,hybrid,fixed,decaps,802685
2740,hybrid,fixed,decaps,815682
2741,hybrid,fixed,decaps,847029
2742,hybrid,fixed,decaps,788131
2743,hybrid,fixed,decaps,751483
2744,hybrid,fixed,decaps,777725
2745,hybrid,fixed,decaps,763153
2746,hybrid,fixed,decaps,772983
2747,hybrid,fixed,decaps,805833
2748,hybrid,fixed,decaps,799039
2749,hybrid,fixed,decaps,775839
2750,hybrid,fixed,decaps,740407
2751,hybrid,fixed,decaps,736513
2752,hybrid,fixed,decaps,779099
2753,hybrid,fixed,decaps,786046
2754,hybrid,fixed,decaps,781464
2755,hybrid,fixed,decaps,781450
2756,hybrid,fixed,decaps,784591
2757,hybrid,fixed,decaps,781710
2758,hybrid,fixed,decaps,775855
2759,hybrid,fixed,decaps,759055
2760,hybrid,fixed,decaps,758640
2761,hybrid,fixed,decaps,761179
2762,hybrid,fixed,decaps,758338
2763,hybrid,fixed,decaps,758387
2764,hybrid,fixed,decaps,758688
2765,hybrid,fixed,decaps,758142
2766,hybrid,fixed,decaps,761534
2767,hybrid,fixed,decaps,758440
2768,hybrid,fixed,decaps,758394
2769,hybrid,fixed,decaps,794318
2770,hybrid,fixed,decaps,782016
2771,hybrid,fixed,decaps,786207
2772,hybrid,fixed,decaps,782090
2773,hybrid,fixed,decaps,781694
2774,hybrid,fixed,decaps,781440
2775,hybrid,fixed,decaps,773335
2776,hybrid,fixed,decaps,773423
2777,hybrid,fixed,decaps,758757
2778,hybrid,fixed,decaps,758977
2779,hybrid,fixed,decaps,806068
2780,hybrid,fixed,decaps,811911
2781,hybrid,fixed,decaps,796089
2782,hybrid,fixed,decaps,737335
2783,hybrid,fixed,decaps,781418
2784,hybrid,fixed,decaps,758414
2785,hybrid,fixed,decaps,757897
2786,hybrid,fixed,decaps,758207
2787,hybrid,fixed,decaps,824025
2788,hybrid,fixed,decaps,801209
2789,hybrid,fixed,decaps,781069
2790,hybrid,fixed,decaps,764340
2791,hybrid,fixed,decaps,758811
2792,hybrid,fixed,decaps,816644
2793,hybrid,fixed,decaps,804013
2794,hybrid,fixed,decaps,784362
2795,hybrid,fixed,decaps,762905
2796,hybrid,fixed,decaps,758875
2797,hybrid,fixed,decaps,762361
2798,hybrid,fixed,decaps,758341
2799,hybrid,fixed,decaps,758510
2800,hybrid,fixed,decaps,759056
2801,hybrid,fixed,decaps,758503
2802,hybrid,fixed,decaps,761380
2803,hybrid,fixed,decaps,758581
2804,hybrid,fixed,decaps,758552
2805,hybrid,fixed,decaps,758300
2806,hybrid,fixed,decaps,797779
2807,hybrid,fixed,decaps,814594
2808,hybrid,fixed,decaps,781796
2809,hybrid,fixed,decaps,781605
2810,hybrid,fixed,decaps,781281
2811,hybrid,fixed,decaps,777804
2812,hybrid,fixed,decaps,771794
2813,hybrid,fixed,decaps,759073
2814,hybrid,fixed,decaps,758875
2815,hybrid,fixed,decaps,759530
2816,hybrid,fixed,decaps,758761
2817,hybrid,fixed,decaps,759039
2818,hybrid,fixed,decaps,760945
2819,hybrid,fixed,decaps,804421
2820,hybrid,fixed,decaps,807456
2821,hybrid,fixed,decaps,780692
2822,hybrid,fixed,decaps,780974
2823,hybrid,fixed,decaps,784188
2824,hybrid,fixed,decaps,780898
2825,hybrid,fixed,decaps,785034
2826,hybrid,fixed,decaps,763329
2827,hybrid,fixed,decaps,758853
2828,hybrid,fixed,decaps,761856
2829,hybrid,fixed,decaps,758716
2830,hybrid,fixed,decaps,758447
2831,hybrid,fixed,decaps,758682
2832,hybrid,fixed,decaps,758673
2833,hybrid,fixed,decaps,761276
2834,hybrid,fixed,decaps,779770
2835,hybrid,fixed,decaps,805449
2836,hybrid,fixed,decaps,796714
2837,hybrid,fixed,decaps,770348
2838,hybrid,fixed,decaps,766465
2839,hybrid,fixed,decaps,774806
2840,hybrid,fixed,decaps,805638
2841,hybrid,fixed,decaps,799163
2842,hybrid,fixed,decaps,781517
2843,hybrid,fixed,decaps,790919
2844,hybrid,fixed,decaps,741344
2845,hybrid,fixed,decaps,772587
2846,hybrid,fixed,decaps,758800
2847,hybrid,fixed,decaps,758093
2848,hybrid,fixed,decaps,757997
2849,hybrid,fixed,decaps,761668
2850,hybrid,fixed,decaps,758258
2851,hybrid,fixed,decaps,792389
2852,hybrid,fixed,decaps,816071
2853,hybrid,fixed,decaps,781713
2854,hybrid,fixed,decaps,785501
2855,hybrid,fixed,decaps,781716
2856,hybrid,fixed,decaps,781526
2857,hybrid,fixed,decaps,781464
2858,hybrid,fixed,decaps,781388
2859,hybrid,fixed,decaps,768290
2860,hybrid,fixed,decaps,737066
2861,hybrid,fixed,decaps,764845
2862,hybrid,fixed,decaps,758986
2863,hybrid,fixed,decaps,758614
2864,hybrid,fixed,decaps,762944
2865,hybrid,fixed,decaps,759067
2866,hybrid,fixed,decaps,758405
2867,hybrid,fixed,decaps,792120
2868,hybrid,fixed,decaps,781776
2869,hybrid,fixed,decaps,805787
2870,hybrid,fixed,decaps,795634
2871,hybrid,fixed,decaps,736920
2872,hybrid,fixed,decaps,780572
2873,hybrid,fixed,decaps,758983
2874,hybrid,fixed,decaps,762072
2875,hybrid,fixed,decaps,759353
2876,hybrid,fixed,decaps,758811
2877,hybrid,fixed,decaps,758440
2878,hybrid,fixed,decaps,758764
2879,hybrid,fixed,decaps,758607
2880,hybrid,fixed,decaps,795861
2881,hybrid,fixed,decaps,784027
2882,hybrid,fixed,decaps,782082
2883,hybrid,fixed,decaps,781504
2884,hybrid,fixed,decaps,781466
2885,hybrid,fixed,decaps,784895
2886,hybrid,fixed,decaps,781661
2887,hybrid,fixed,decaps,787788
2888,hybrid,fixed,decaps,741419
2889,hybrid,fixed,decaps,778845
2890,hybrid,fixed,decaps,761788
2891,hybrid,fixed,decaps,758478
2892,hybrid,fixed,decaps,758462
2893,hybrid,fixed,decaps,758443
2894,hybrid,fixed,decaps,787452
2895,hybrid,fixed,decaps,786467
2896,hybrid,fixed,decaps,782281
2897,hybrid,fixed,decaps,785162
2898,hybrid,fixed,decaps,785555
2899,hybrid,fixed,decaps,787456
2900,hybrid,fixed,decaps,809044
2901,hybrid,fixed,decaps,773931
2902,hybrid,fixed,decaps,764417
2903,hybrid,fixed,decaps,764066
2904,hybrid,fixed,decaps,768392
2905,hybrid,fixed,decaps,770943
2906,hybrid,fixed,decaps,764569
2907,hybrid,fixed,decaps,807686
2908,hybrid,fixed,decaps,798013
2909,hybrid,fixed,decaps,817882
2910,hybrid,fixed,decaps,820151
2911,hybrid,fixed,decaps,827729
2912,hybrid,fixed,decaps,802623
2913,hybrid,fixed,decaps,836873
2914,hybrid,fixed,decaps,794629
2915,hybrid,fixed,decaps,816997
2916,hybrid,fixed,decaps,788256
2917,hybrid,fixed,decaps,788166
2918,hybrid,fixed,decaps,792642
2919,hybrid,fixed,decaps,798719
2920,hybrid,fixed,decaps,805721
2921,hybrid,fixed,decaps,827286
2922,hybrid,fixed,decaps,745683
2923,hybrid,fixed,decaps,778317
2924,hybrid,fixed,decaps,766648
2925,hybrid,fixed,decaps,798033
2926,hybrid,fixed,decaps,810630
2927,hybrid,fixed,decaps,764948
2928,hybrid,fixed,decaps,764375
2929,hybrid,fixed,decaps,764518
2930,hybrid,fixed,decaps,778961
2931,hybrid,fixed,decaps,1171642
2932,hybrid,fixed,decaps,768588
2933,hybrid,fixed,decaps,797976
2934,hybrid,fixed,decaps,788633
2935,hybrid,fixed,decaps,793180
2936,hybrid,fixed,decaps,814592
2937,hybrid,fixed,decaps,785477
2938,hybrid,fixed,decaps,817216
2939,hybrid,fixed,decaps,802524
2940,hybrid,fixed,decaps,790303
2941,hybrid,fixed,decaps,782311
2942,hybrid,fixed,decaps,781567
2943,hybrid,fixed,decaps,781734
2944,hybrid,fixed,decaps,784820
2945,hybrid,fixed,decaps,790573
2946,hybrid,fixed,decaps,766669
2947,hybrid,fixed,decaps,758923
2948,hybrid,fixed,decaps,758645
2949,hybrid,fixed,decaps,758810
2950,hybrid,fixed,decaps,758734
2951,hybrid,fixed,decaps,817604
2952,hybrid,fixed,decaps,814325
2953,hybrid,fixed,decaps,803382
2954,hybrid,fixed,decaps,782046
2955,hybrid,fixed,decaps,782033
2956,hybrid,fixed,decaps,793207
2957,hybrid,fixed,decaps,782275
2958,hybrid,fixed,decaps,781780
2959,hybrid,fixed,decaps,781873
2960,hybrid,fixed,decaps,781399
2961,hybrid,fixed,decaps,787201
2962,hybrid,fixed,decaps,806748
2963,hybrid,fixed,decaps,782258
2964,hybrid,fixed,decaps,781872
2965,hybrid,fixed,decaps,781469
2966,hybrid,fixed,decaps,792440
2967,hybrid,fixed,decaps,782429
2968,hybrid,fixed,decaps,789856
2969,hybrid,fixed,decaps,763798
2970,hybrid,fixed,decaps,782619
2971,hybrid,fixed,decaps,803128
2972,hybrid,fixed,decaps,807039
2973,hybrid,fixed,decaps,832700
2974,hybrid,fixed,decaps,782008
2975,hybrid,fixed,decaps,764018
2976,hybrid,fixed,decaps,845857
2977,hybrid,fixed,decaps,823782
2978,hybrid,fixed,decaps,789678
2979,hybrid,fixed,decaps,818872
2980,hybrid,fixed,decaps,904698
2981,hybrid,fixed,decaps,812412
2982,hybrid,fixed,decaps,850412
2983,hybrid,fixed,decaps,842532
2984,hybrid,fixed,decaps,802346
2985,hybrid,fixed,decaps,860823
2986,hybrid,fixed,decaps,817369
2987,hybrid,fixed,decaps,786794
2988,hybrid,fixed,decaps,817923
2989,hybrid,fixed,decaps,821041
2990,hybrid,fixed,decaps,849324
2991,hybrid,fixed,decaps,783665
2992,hybrid,fixed,decaps,781954
2993,hybrid,fixed,decaps,781098
2994,hybrid,fixed,decaps,781247
2995,hybrid,fixed,decaps,881937
2996,hybrid,fixed,decaps,782829
2997,hybrid,fixed,decaps,781782
2998,hybrid,fixed,decaps,781492
2999,hybrid,fixed,decaps,786539
3000,hybrid,fixed,decaps,803781
3001,hybrid,fixed,decaps,794590
3002,hybrid,fixed,decaps,759628
3003,hybrid,fixed,decaps,810267
3004,hybrid,fixed,decaps,804696
3005,hybrid,fixed,decaps,1133097
3006,hybrid,fixed,decaps,793780
3007,hybrid,fixed,decaps,761115
3008,hybrid,fixed,decaps,767810
3009,hybrid,fixed,decaps,759533
3010,hybrid,fixed,decaps,795224
3011,hybrid,fixed,decaps,760320
3012,hybrid,fixed,decaps,759018
3013,hybrid,fixed,decaps,758725
3014,hybrid,fixed,decaps,805006
3015,hybrid,fixed,decaps,819514
3016,hybrid,fixed,decaps,782636
3017,hybrid,fixed,decaps,781459
3018,hybrid,fixed,decaps,781928
3019,hybrid,fixed,decaps,781483
3020,hybrid,fixed,decaps,840746
3021,hybrid,fixed,decaps,771256
3022,hybrid,fixed,decaps,758856
3023,hybrid,fixed,decaps,758704
3024,hybrid,fixed,decaps,758363
3025,hybrid,fixed,decaps,790450
3026,hybrid,fixed,decaps,813922
3027,hybrid,fixed,decaps,809046
3028,hybrid,fixed,decaps,782217
3029,hybrid,fixed,decaps,781036
3030,hybrid,fixed,decaps,789355
3031,hybrid,fixed,decaps,785875
3032,hybrid,fixed,decaps,752614
3033,hybrid,fixed,decaps,736809
3034,hybrid,fixed,decaps,766215
3035,hybrid,fixed,decaps,758911
3036,hybrid,fixed,decaps,788095
3037,hybrid,fixed,decaps,759717
3038,hybrid,fixed,decaps,780795
3039,hybrid,fixed,decaps,780931
3040,hybrid,fixed,decaps,780793
3041,hybrid,fixed,decaps,802116
3042,hybrid,fixed,decaps,797228
3043,hybrid,fixed,decaps,782698
3044,hybrid,fixed,decaps,781552
3045,hybrid,fixed,decaps,781667
3046,hybrid,fixed,decaps,810897
3047,hybrid,fixed,decaps,769229
3048,hybrid,fixed,decaps,759064
3049,hybrid,fixed,decaps,758672
3050,hybrid,fixed,decaps,758674
3051,hybrid,fixed,decaps,790147
3052,hybrid,fixed,decaps,798598
3053,hybrid,fixed,decaps,798587
3054,hybrid,fixed,decaps,805833
3055,hybrid,fixed,decaps,797766
3056,hybrid,fixed,decaps,789194
3057,hybrid,fixed,decaps,782168
3058,hybrid,fixed,decaps,781740
3059,hybrid,fixed,decaps,781723
3060,hybrid,fixed,decaps,781526
3061,hybrid,fixed,decaps,786948
3062,hybrid,fixed,decaps,826459
3063,hybrid,fixed,decaps,759551
3064,hybrid,fixed,decaps,758552
3065,hybrid,fixed,decaps,763696
3066,hybrid,fixed,decaps,766715
3067,hybrid,fixed,decaps,758906
3068,hybrid,fixed,decaps,758533
3069,hybrid,fixed,decaps,758754
3070,hybrid,fixed,decaps,758668
3071,hybrid,fixed,decaps,758489
3072,hybrid,fixed,decaps,792666
3073,hybrid,fixed,decaps,811252
3074,hybrid,fixed,decaps,804836
3075,hybrid,fixed,decaps,781581
3076,hybrid,fixed,decaps,781722
3077,hybrid,fixed,decaps,787336
3078,hybrid,fixed,decaps,801775
3079,hybrid,fixed,decaps,782233
3080,hybrid,fixed,decaps,789091
3081,hybrid,fixed,decaps,741738
3082,hybrid,fixed,decaps,808221
3083,hybrid,fixed,decaps,758902
3084,hybrid,fixed,decaps,758685
3085,hybrid,fixed,decaps,758552
3086,hybrid,fixed,decaps,758793
3087,hybrid,fixed,decaps,765289
3088,hybrid,fixed,decaps,814785
3089,hybrid,fixed,decaps,815671
3090,hybrid,fixed,decaps,781226
3091,hybrid,fixed,decaps,781149
3092,hybrid,fixed,decaps,789277
3093,hybrid,fixed,decaps,782265
3094,hybrid,fixed,decaps,781940
3095,hybrid,fixed,decaps,781603
3096,hybrid,fixed,decaps,764566
3097,hybrid,fixed,decaps,775808
3098,hybrid,fixed,decaps,767237
3099,hybrid,fixed,decaps,758835
3100,hybrid,fixed,decaps,793443
3101,hybrid,fixed,decaps,783636
3102,hybrid,fixed,decaps,786914
3103,hybrid,fixed,decaps,781520
3104,hybrid,fixed,decaps,803270
3105,hybrid,fixed,decaps,782215
3106,hybrid,fixed,decaps,773438
3107,hybrid,fixed,decaps,796637
3108,hybrid,fixed,decaps,759408
3109,hybrid,fixed,decaps,758499
3110,hybrid,fixed,decaps,758676
3111,hybrid,fixed,decaps,758304
3112,hybrid,fixed,decaps,758449
3113,hybrid,fixed,decaps,762925
3114,hybrid,fixed,decaps,780941
3115,hybrid,fixed,decaps,759827
3116,hybrid,fixed,decaps,780690
3117,hybrid,fixed,decaps,805717
3118,hybrid,fixed,decaps,801653
3119,hybrid,fixed,decaps,781641
3120,hybrid,fixed,decaps,781465
3121,hybrid,fixed,decaps,781429
3122,hybrid,fixed,decaps,781493
3123,hybrid,fixed,decaps,839089
3124,hybrid,fixed,decaps,777909
3125,hybrid,fixed,decaps,758926
3126,hybrid,fixed,decaps,758525
3127,hybrid,fixed,decaps,758229
3128,hybrid,fixed,decaps,765446
3129,hybrid,fixed,decaps,759017
3130,hybrid,fixed,decaps,799712
3131,hybrid,fixed,decaps,806187
3132,hybrid,fixed,decaps,797504
3133,hybrid,fixed,decaps,788053
3134,hybrid,fixed,decaps,781702
3135,hybrid,fixed,decaps,781360
3136,hybrid,fixed,decaps,781469
3137,hybrid,fixed,decaps,762813
3138,hybrid,fixed,decaps,776686
3139,hybrid,fixed,decaps,758373
3140,hybrid,fixed,decaps,780469
3141,hybrid,fixed,decaps,759480
3142,hybrid,fixed,decaps,758723
3143,hybrid,fixed,decaps,764166
3144,hybrid,fixed,decaps,758054
3145,hybrid,fixed,decaps,757793
3146,hybrid,fixed,decaps,801269
3147,hybrid,fixed,decaps,809193
3148,hybrid,fixed,decaps,787251
3149,hybrid,fixed,decaps,805128
3150,hybrid,fixed,decaps,754275
3151,hybrid,fixed,decaps,775503
3152,hybrid,fixed,decaps,758223
3153,hybrid,fixed,decaps,757584
3154,hybrid,fixed,decaps,764184
3155,hybrid,fixed,decaps,803120
3156,hybrid,fixed,decaps,830911
3157,hybrid,fixed,decaps,782548
3158,hybrid,fixed,decaps,781600
3159,hybrid,fixed,decaps,783754
3160,hybrid,fixed,decaps,774876
3161,hybrid,fixed,decaps,758809
3162,hybrid,fixed,decaps,758223
3163,hybrid,fixed,decaps,758377
3164,hybrid,fixed,decaps,813429
3165,hybrid,fixed,decaps,806767
3166,hybrid,fixed,decaps,806043
3167,hybrid,fixed,decaps,782816
3168,hybrid,fixed,decaps,781829
3169,hybrid,fixed,decaps,789906
3170,hybrid,fixed,decaps,781798
3171,hybrid,fixed,decaps,762104
3172,hybrid,fixed,decaps,759134
3173,hybrid,fixed,decaps,759116
3174,hybrid,fixed,decaps,765655
3175,hybrid,fixed,decaps,777343
3176,hybrid,fixed,decaps,759488
3177,hybrid,fixed,decaps,758576
3178,hybrid,fixed,decaps,758613
3179,hybrid,fixed,decaps,765015
3180,hybrid,fixed,decaps,759288
3181,hybrid,fixed,decaps,759158
3182,hybrid,fixed,decaps,822952
3183,hybrid,fixed,decaps,809706
3184,hybrid,fixed,decaps,787362
3185,hybrid,fixed,decaps,782076
3186,hybrid,fixed,decaps,781789
3187,hybrid,fixed,decaps,772769
3188,hybrid,fixed,decaps,770167
3189,hybrid,fixed,decaps,759134
3190,hybrid,fixed,decaps,764910
3191,hybrid,fixed,decaps,759278
3192,hybrid,fixed,decaps,780597
3193,hybrid,fixed,decaps,780136
3194,hybrid,fixed,decaps,805937
3195,hybrid,fixed,decaps,803427
3196,hybrid,fixed,decaps,782344
3197,hybrid,fixed,decaps,781604
3198,hybrid,fixed,decaps,816599
3199,hybrid,fixed,decaps,737823
3200,hybrid,fixed,decaps,794902
3201,hybrid,fixed,decaps,780335
3202,hybrid,fixed,decaps,759654
3203,hybrid,fixed,decaps,758786
3204,hybrid,fixed,decaps,758963
3205,hybrid,fixed,decaps,808245
3206,hybrid,fixed,decaps,809485
3207,hybrid,fixed,decaps,788221
3208,hybrid,fixed,decaps,794995
3209,hybrid,fixed,decaps,764506
3210,hybrid,fixed,decaps,804508
3211,hybrid,fixed,decaps,759150
3212,hybrid,fixed,decaps,759063
3213,hybrid,fixed,decaps,817053
3214,hybrid,fixed,decaps,800398
3215,hybrid,fixed,decaps,787117
3216,hybrid,fixed,decaps,789405
3217,hybrid,fixed,decaps,737169
3218,hybrid,fixed,decaps,801554
3219,hybrid,fixed,decaps,759815
3220,hybrid,fixed,decaps,795186
3221,hybrid,fixed,decaps,816979
3222,hybrid,fixed,decaps,781900
3223,hybrid,fixed,decaps,781903
3224,hybrid,fixed,decaps,777311
3225,hybrid,fixed,decaps,785134
3226,hybrid,fixed,decaps,758507
3227,hybrid,fixed,decaps,777156
3228,hybrid,fixed,decaps,805054
3229,hybrid,fixed,decaps,808719
3230,hybrid,fixed,decaps,818054
3231,hybrid,fixed,decaps,773531
3232,hybrid,fixed,decaps,782588
3233,hybrid,fixed,decaps,785306
3234,hybrid,fixed,decaps,761422
3235,hybrid,fixed,decaps,760757
3236,hybrid,fixed,decaps,766862
3237,hybrid,fixed,decaps,812112
3238,hybrid,fixed,decaps,804428
3239,hybrid,fixed,decaps,781252
3240,hybrid,fixed,decaps,781114
3241,hybrid,fixed,decaps,789963
3242,hybrid,fixed,decaps,766444
3243,hybrid,fixed,decaps,782558
3244,hybrid,fixed,decaps,767782
3245,hybrid,fixed,decaps,758834
3246,hybrid,fixed,decaps,786241
3247,hybrid,fixed,decaps,759441
3248,hybrid,fixed,decaps,758198
3249,hybrid,fixed,decaps,758143
3250,hybrid,fixed,decaps,758398
3251,hybrid,fixed,decaps,766168
3252,hybrid,fixed,decaps,759384
3253,hybrid,fixed,decaps,780261
3254,hybrid,fixed,decaps,760000
3255,hybrid,fixed,decaps,759142
3256,hybrid,fixed,decaps,764395
3257,hybrid,fixed,decaps,776105
3258,hybrid,fixed,decaps,806182
3259,hybrid,fixed,decaps,816670
3260,hybrid,fixed,decaps,783236
3261,hybrid,fixed,decaps,787586
3262,hybrid,fixed,decaps,782611
3263,hybrid,fixed,decaps,781803
3264,hybrid,fixed,decaps,781775
3265,hybrid,fixed,decaps,782162
3266,hybrid,fixed,decaps,819899
3267,hybrid,fixed,decaps,737539
3268,hybrid,fixed,decaps,778583
3269,hybrid,fixed,decaps,767503
3270,hybrid,fixed,decaps,771214
3271,hybrid,fixed,decaps,759818
3272,hybrid,fixed,decaps,778972
3273,hybrid,fixed,decaps,760375
3274,hybrid,fixed,decaps,758627
3275,hybrid,fixed,decaps,758855
3276,hybrid,fixed,decaps,759105
3277,hybrid,fixed,decaps,774744
3278,hybrid,fixed,decaps,806495
3279,hybrid,fixed,decaps,825037
3280,hybrid,fixed,decaps,782607
3281,hybrid,fixed,decaps,781585
3282,hybrid,fixed,decaps,788444
3283,hybrid,fixed,decaps,777258
3284,hybrid,fixed,decaps,767271
3285,hybrid,fixed,decaps,783284
3286,hybrid,fixed,decaps,759700
3287,hybrid,fixed,decaps,765379
3288,hybrid,fixed,decaps,759439
3289,hybrid,fixed,decaps,793940
3290,hybrid,fixed,decaps,807133
3291,hybrid,fixed,decaps,799524
3292,hybrid,fixed,decaps,789163
3293,hybrid,fixed,decaps,781853
3294,hybrid,fixed,decaps,786340
3295,hybrid,fixed,decaps,759052
3296,hybrid,fixed,decaps,792584
3297,hybrid,fixed,decaps,766465
3298,hybrid,fixed,decaps,758905
3299,hybrid,fixed,decaps,758534
3300,hybrid,fixed,decaps,758947
3301,hybrid,fixed,decaps,758843
3302,hybrid,fixed,decaps,764119
3303,hybrid,fixed,decaps,787477
3304,hybrid,fixed,decaps,775358
3305,hybrid,fixed,decaps,763684
3306,hybrid,fixed,decaps,785144
3307,hybrid,fixed,decaps,805785
3308,hybrid,fixed,decaps,813257
3309,hybrid,fixed,decaps,800175
3310,hybrid,fixed,decaps,781256
3311,hybrid,fixed,decaps,815488
3312,hybrid,fixed,decaps,778963
3313,hybrid,fixed,decaps,779865
3314,hybrid,fixed,decaps,758992
3315,hybrid,fixed,decaps,758625
3316,hybrid,fixed,decaps,758340
3317,hybrid,fixed,decaps,758550
3318,hybrid,fixed,decaps,824776
3319,hybrid,fixed,decaps,805401
3320,hybrid,fixed,decaps,781762
3321,hybrid,fixed,decaps,827318
3322,hybrid,fixed,decaps,760621
3323,hybrid,fixed,decaps,766472
3324,hybrid,fixed,decaps,763794
3325,hybrid,fixed,decaps,780325
3326,hybrid,fixed,decaps,805287
3327,hybrid,fixed,decaps,795664
3328,hybrid,fixed,decaps,789889
3329,hybrid,fixed,decaps,762458
3330,hybrid,fixed,decaps,782384
3331,hybrid,fixed,decaps,759460
3332,hybrid,fixed,decaps,758606
3333,hybrid,fixed,decaps,790132
3334,hybrid,fixed,decaps,781584
3335,hybrid,fixed,decaps,780774
3336,hybrid,fixed,decaps,780962
3337,hybrid,fixed,decaps,801894
3338,hybrid,fixed,decaps,788824
3339,hybrid,fixed,decaps,792241
3340,hybrid,fixed,decaps,736964
3341,hybrid,fixed,decaps,780687
3342,hybrid,fixed,decaps,758188
3343,hybrid,fixed,decaps,761213
3344,hybrid,fixed,decaps,757990
3345,hybrid,fixed,decaps,757651
3346,hybrid,fixed,decaps,758025
3347,hybrid,fixed,decaps,757818
3348,hybrid,fixed,decaps,783280
3349,hybrid,fixed,decaps,764600
3350,hybrid,fixed,decaps,787799
3351,hybrid,fixed,decaps,781403
3352,hybrid,fixed,decaps,781144
3353,hybrid,fixed,decaps,781293
3354,hybrid,fixed,decaps,787870
3355,hybrid,fixed,decaps,805121
3356,hybrid,fixed,decaps,801860
3357,hybrid,fixed,decaps,782193
3358,hybrid,fixed,decaps,781633
3359,hybrid,fixed,decaps,787830
3360,hybrid,fixed,decaps,775187
3361,hybrid,fixed,decaps,767601
3362,hybrid,fixed,decaps,783453
3363,hybrid,fixed,decaps,782193
3364,hybrid,fixed,decaps,766857
3365,hybrid,fixed,decaps,758777
3366,hybrid,fixed,decaps,758773
3367,hybrid,fixed,decaps,758457
3368,hybrid,fixed,decaps,758359
3369,hybrid,fixed,decaps,763942
3370,hybrid,fixed,decaps,759377
3371,hybrid,fixed,decaps,759137
3372,hybrid,fixed,decaps,793951
3373,hybrid,fixed,decaps,785695
3374,hybrid,fixed,decaps,816669
3375,hybrid,fixed,decaps,783469
3376,hybrid,fixed,decaps,781532
3377,hybrid,fixed,decaps,766803
3378,hybrid,fixed,decaps,771296
3379,hybrid,fixed,decaps,763878
3380,hybrid,fixed,decaps,788921
3381,hybrid,fixed,decaps,759672
3382,hybrid,fixed,decaps,777333
3383,hybrid,fixed,decaps,759471
3384,hybrid,fixed,decaps,758713
3385,hybrid,fixed,decaps,800969
3386,hybrid,fixed,decaps,781755
3387,hybrid,fixed,decaps,781245
3388,hybrid,fixed,decaps,781311
3389,hybrid,fixed,decaps,806916
3390,hybrid,fixed,decaps,828152
3391,hybrid,fixed,decaps,770822
3392,hybrid,fixed,decaps,758858
3393,hybrid,fixed,decaps,772543
3394,hybrid,fixed,decaps,781831
3395,hybrid,fixed,decaps,789140
3396,hybrid,fixed,decaps,782238
3397,hybrid,fixed,decaps,781795
3398,hybrid,fixed,decaps,781544
3399,hybrid,fixed,decaps,781371
3400,hybrid,fixed,decaps,826147
3401,hybrid,fixed,decaps,783420
3402,hybrid,fixed,decaps,781478
3403,hybrid,fixed,decaps,782050
3404,hybrid,fixed,decaps,781658
3405,hybrid,fixed,decaps,802493
3406,hybrid,fixed,decaps,789375
3407,hybrid,fixed,decaps,777146
3408,hybrid,fixed,decaps,792366
3409,hybrid,fixed,decaps,759878
3410,hybrid,fixed,decaps,764760
3411,hybrid,fixed,decaps,777120
3412,hybrid,fixed,decaps,781570
3413,hybrid,fixed,decaps,781517
3414,hybrid,fixed,decaps,781619
3415,hybrid,fixed,decaps,830488
3416,hybrid,fixed,decaps,767815
3417,hybrid,fixed,decaps,759336
3418,hybrid,fixed,decaps,759288
3419,hybrid,fixed,decaps,759206
3420,hybrid,fixed,decaps,766025
3421,hybrid,fixed,decaps,759312
3422,hybrid,fixed,decaps,780334
3423,hybrid,fixed,decaps,760961
3424,hybrid,fixed,decaps,758924
3425,hybrid,fixed,decaps,759094
3426,hybrid,fixed,decaps,825350
3427,hybrid,fixed,decaps,783082
3428,hybrid,fixed,decaps,781826
3429,hybrid,fixed,decaps,781519
3430,hybrid,fixed,decaps,781395
3431,hybrid,fixed,decaps,788067
3432,hybrid,fixed,decaps,791647
3433,hybrid,fixed,decaps,772032
3434,hybrid,fixed,decaps,778232
3435,hybrid,fixed,decaps,759447
3436,hybrid,fixed,decaps,765652
3437,hybrid,fixed,decaps,784926
3438,hybrid,fixed,decaps,782009
3439,hybrid,fixed,decaps,781981
3440,hybrid,fixed,decaps,781933
3441,hybrid,fixed,decaps,814754
3442,hybrid,fixed,decaps,771146
3443,hybrid,fixed,decaps,759679
3444,hybrid,fixed,decaps,759079
3445,hybrid,fixed,decaps,758973
3446,hybrid,fixed,decaps,764082
3447,hybrid,fixed,decaps,759746
3448,hybrid,fixed,decaps,759462
3449,hybrid,fixed,decaps,792945
3450,hybrid,fixed,decaps,782750
3451,hybrid,fixed,decaps,787515
3452,hybrid,fixed,decaps,813322
3453,hybrid,fixed,decaps,782852
3454,hybrid,fixed,decaps,781520
3455,hybrid,fixed,decaps,776310
3456,hybrid,fixed,decaps,787100
3457,hybrid,fixed,decaps,759433
3458,hybrid,fixed,decaps,783517
3459,hybrid,fixed,decaps,760618
3460,hybrid,fixed,decaps,774707
3461,hybrid,fixed,decaps,759184
3462,hybrid,fixed,decaps,766049
3463,hybrid,fixed,decaps,789931
3464,hybrid,fixed,decaps,781485
3465,hybrid,fixed,decaps,781584
3466,hybrid,fixed,decaps,786183
3467,hybrid,fixed,decaps,800469
3468,hybrid,fixed,decaps,782482
3469,hybrid,fixed,decaps,781395
3470,hybrid,fixed,decaps,795085
3471,hybrid,fixed,decaps,736584
3472,hybrid,fixed,decaps,777428
3473,hybrid,fixed,decaps,768104
3474,hybrid,fixed,decaps,758613
3475,hybrid,fixed,decaps,758392
3476,hybrid,fixed,decaps,758042
3477,hybrid,fixed,decaps,789327
3478,hybrid,fixed,decaps,807568
3479,hybrid,fixed,decaps,782163
3480,hybrid,fixed,decaps,782126
3481,hybrid,fixed,decaps,781105
3482,hybrid,fixed,decaps,788763
3483,hybrid,fixed,decaps,782018
3484,hybrid,fixed,decaps,815501
3485,hybrid,fixed,decaps,767177
3486,hybrid,fixed,decaps,738475
3487,hybrid,fixed,decaps,793649
3488,hybrid,fixed,decaps,759160
3489,hybrid,fixed,decaps,759158
3490,hybrid,fixed,decaps,791041
3491,hybrid,fixed,decaps,784135
3492,hybrid,fixed,decaps,855188
3493,hybrid,fixed,decaps,785306
3494,hybrid,fixed,decaps,781787
3495,hybrid,fixed,decaps,765077
3496,hybrid,fixed,decaps,773190
3497,hybrid,fixed,decaps,764912
3498,hybrid,fixed,decaps,759230
3499,hybrid,fixed,decaps,793289
3500,hybrid,fixed,decaps,782563
3501,hybrid,fixed,decaps,781948
3502,hybrid,fixed,decaps,811573
3503,hybrid,fixed,decaps,795410
3504,hybrid,fixed,decaps,778768
3505,hybrid,fixed,decaps,759005
3506,hybrid,fixed,decaps,781881
3507,hybrid,fixed,decaps,806072
3508,hybrid,fixed,decaps,802804
3509,hybrid,fixed,decaps,803405
3510,hybrid,fixed,decaps,783943
3511,hybrid,fixed,decaps,804752
3512,hybrid,fixed,decaps,781961
3513,hybrid,fixed,decaps,787910
3514,hybrid,fixed,decaps,781943
3515,hybrid,fixed,decaps,781193
3516,hybrid,fixed,decaps,765713
3517,hybrid,fixed,decaps,758969
3518,hybrid,fixed,decaps,764338
3519,hybrid,fixed,decaps,780145
3520,hybrid,fixed,decaps,759449
3521,hybrid,fixed,decaps,758595
3522,hybrid,fixed,decaps,813743
3523,hybrid,fixed,decaps,811196
3524,hybrid,fixed,decaps,783507
3525,hybrid,fixed,decaps,766952
3526,hybrid,fixed,decaps,759172
3527,hybrid,fixed,decaps,758645
3528,hybrid,fixed,decaps,781795
3529,hybrid,fixed,decaps,789448
3530,hybrid,fixed,decaps,760578
3531,hybrid,fixed,decaps,838545
3532,hybrid,fixed,decaps,858209
3533,hybrid,fixed,decaps,814169
3534,hybrid,fixed,decaps,847575
3535,hybrid,fixed,decaps,898893
3536,hybrid,fixed,decaps,774612
3537,hybrid,fixed,decaps,759855
3538,hybrid,fixed,decaps,767279
3539,hybrid,fixed,decaps,789213
3540,hybrid,fixed,decaps,817092
3541,hybrid,fixed,decaps,781801
3542,hybrid,fixed,decaps,819495
3543,hybrid,fixed,decaps,863769
3544,hybrid,fixed,decaps,841322
3545,hybrid,fixed,decaps,787899
3546,hybrid,fixed,decaps,819433
3547,hybrid,fixed,decaps,781619
3548,hybrid,fixed,decaps,792313
3549,hybrid,fixed,decaps,770402
3550,hybrid,fixed,decaps,760190
3551,hybrid,fixed,decaps,759272
3552,hybrid,fixed,decaps,811983
3553,hybrid,fixed,decaps,812880
3554,hybrid,fixed,decaps,806651
3555,hybrid,fixed,decaps,764767
3556,hybrid,fixed,decaps,759270
3557,hybrid,fixed,decaps,759049
3558,hybrid,fixed,decaps,765101
3559,hybrid,fixed,decaps,758517
3560,hybrid,fixed,decaps,758136
3561,hybrid,fixed,decaps,836264
3562,hybrid,fixed,decaps,760111
3563,hybrid,fixed,decaps,810078
3564,hybrid,fixed,decaps,817117
3565,hybrid,fixed,decaps,781562
3566,hybrid,fixed,decaps,781431
3567,hybrid,fixed,decaps,781161
3568,hybrid,fixed,decaps,808516
3569,hybrid,fixed,decaps,781667
3570,hybrid,fixed,decaps,759754
3571,hybrid,fixed,decaps,759252
3572,hybrid,fixed,decaps,758484
3573,hybrid,fixed,decaps,785570
3574,hybrid,fixed,decaps,806810
3575,hybrid,fixed,decaps,797552
3576,hybrid,fixed,decaps,781893
3577,hybrid,fixed,decaps,781563
3578,hybrid,fixed,decaps,781607
3579,hybrid,fixed,decaps,787181
3580,hybrid,fixed,decaps,808659
3581,hybrid,fixed,decaps,775084
3582,hybrid,fixed,decaps,763612
3583,hybrid,fixed,decaps,758610
3584,hybrid,fixed,decaps,765050
3585,hybrid,fixed,decaps,784669
3586,hybrid,fixed,decaps,759671
3587,hybrid,fixed,decaps,795579
3588,hybrid,fixed,decaps,806731
3589,hybrid,fixed,decaps,804262
3590,hybrid,fixed,decaps,781953
3591,hybrid,fixed,decaps,781497
3592,hybrid,fixed,decaps,781509
3593,hybrid,fixed,decaps,942795
3594,hybrid,fixed,decaps,929409
3595,hybrid,fixed,decaps,897675
3596,hybrid,fixed,decaps,883418
3597,hybrid,fixed,decaps,883219
3598,hybrid,fixed,decaps,888363
3599,hybrid,fixed,decaps,882438
3600,hybrid,fixed,decaps,882620
3601,hybrid,fixed,decaps,877183
3602,hybrid,fixed,decaps,878524
3603,hybrid,fixed,decaps,789823
3604,hybrid,fixed,decaps,760057
3605,hybrid,fixed,decaps,784137
3606,hybrid,fixed,decaps,782961
3607,hybrid,fixed,decaps,760384
3608,hybrid,fixed,decaps,792685
3609,hybrid,fixed,decaps,760200
3610,hybrid,fixed,decaps,784612
3611,hybrid,fixed,decaps,966700
3612,hybrid,fixed,decaps,762805
3613,hybrid,fixed,decaps,770038
3614,hybrid,fixed,decaps,803778
3615,hybrid,fixed,decaps,831695
3616,hybrid,fixed,decaps,783577
3617,hybrid,fixed,decaps,782311
3618,hybrid,fixed,decaps,821296
3619,hybrid,fixed,decaps,771508
3620,hybrid,fixed,decaps,765232
3621,hybrid,fixed,decaps,758401
3622,hybrid,fixed,decaps,758594
3623,hybrid,fixed,decaps,770680
3624,hybrid,fixed,decaps,759991
3625,hybrid,fixed,decaps,778766
3626,hybrid,fixed,decaps,805478
3627,hybrid,fixed,decaps,797023
3628,hybrid,fixed,decaps,790360
3629,hybrid,fixed,decaps,782100
3630,hybrid,fixed,decaps,810075
3631,hybrid,fixed,decaps,782823
3632,hybrid,fixed,decaps,763763
3633,hybrid,fixed,decaps,803289
3634,hybrid,fixed,decaps,759351
3635,hybrid,fixed,decaps,784383
3636,hybrid,fixed,decaps,759506
3637,hybrid,fixed,decaps,758503
3638,hybrid,fixed,decaps,797316
3639,hybrid,fixed,decaps,816733
3640,hybrid,fixed,decaps,781952
3641,hybrid,fixed,decaps,761861
3642,hybrid,fixed,decaps,801946
3643,hybrid,fixed,decaps,857546
3644,hybrid,fixed,decaps,820263
3645,hybrid,fixed,decaps,737871
3646,hybrid,fixed,decaps,782991
3647,hybrid,fixed,decaps,759511
3648,hybrid,fixed,decaps,765979
3649,hybrid,fixed,decaps,758660
3650,hybrid,fixed,decaps,817310
3651,hybrid,fixed,decaps,800436
3652,hybrid,fixed,decaps,778879
3653,hybrid,fixed,decaps,795892
3654,hybrid,fixed,decaps,758576
3655,hybrid,fixed,decaps,758296
3656,hybrid,fixed,decaps,828165
3657,hybrid,fixed,decaps,802610
3658,hybrid,fixed,decaps,793346
3659,hybrid,fixed,decaps,759707
3660,hybrid,fixed,decaps,759586
3661,hybrid,fixed,decaps,782131
3662,hybrid,fixed,decaps,785867
3663,hybrid,fixed,decaps,818168
3664,hybrid,fixed,decaps,789151
3665,hybrid,fixed,decaps,767572
3666,hybrid,fixed,decaps,766278
3667,hybrid,fixed,decaps,759021
3668,hybrid,fixed,decaps,758498
3669,hybrid,fixed,decaps,841146
3670,hybrid,fixed,decaps,806019
3671,hybrid,fixed,decaps,781863
3672,hybrid,fixed,decaps,796411
3673,hybrid,fixed,decaps,736779
3674,hybrid,fixed,decaps,797439
3675,hybrid,fixed,decaps,759423
3676,hybrid,fixed,decaps,780001
3677,hybrid,fixed,decaps,806221
3678,hybrid,fixed,decaps,795893
3679,hybrid,fixed,decaps,814527
3680,hybrid,fixed,decaps,774570
3681,hybrid,fixed,decaps,759170
3682,hybrid,fixed,decaps,783419
3683,hybrid,fixed,decaps,759783
3684,hybrid,fixed,decaps,766547
3685,hybrid,fixed,decaps,759301
3686,hybrid,fixed,decaps,760855
3687,hybrid,fixed,decaps,782304
3688,hybrid,fixed,decaps,760183
3689,hybrid,fixed,decaps,765138
3690,hybrid,fixed,decaps,775845
3691,hybrid,fixed,decaps,806993
3692,hybrid,fixed,decaps,798447
3693,hybrid,fixed,decaps,781575
3694,hybrid,fixed,decaps,787555
3695,hybrid,fixed,decaps,802313
3696,hybrid,fixed,decaps,782995
3697,hybrid,fixed,decaps,781550
3698,hybrid,fixed,decaps,781772
3699,hybrid,fixed,decaps,816096
3700,hybrid,fixed,decaps,752900
3701,hybrid,fixed,decaps,779082
3702,hybrid,fixed,decaps,758708
3703,hybrid,fixed,decaps,758695
3704,hybrid,fixed,decaps,758219
3705,hybrid,fixed,decaps,764173
3706,hybrid,fixed,decaps,758889
3707,hybrid,fixed,decaps,758674
3708,hybrid,fixed,decaps,799583
3709,hybrid,fixed,decaps,807433
3710,hybrid,fixed,decaps,806722
3711,hybrid,fixed,decaps,836281
3712,hybrid,fixed,decaps,790387
3713,hybrid,fixed,decaps,766926
3714,hybrid,fixed,decaps,759274
3715,hybrid,fixed,decaps,765238
3716,hybrid,fixed,decaps,794331
3717,hybrid,fixed,decaps,814581
3718,hybrid,fixed,decaps,783116
3719,hybrid,fixed,decaps,781780
3720,hybrid,fixed,decaps,820690
3721,hybrid,fixed,decaps,781037
3722,hybrid,fixed,decaps,759694
3723,hybrid,fixed,decaps,759704
3724,hybrid,fixed,decaps,813595
3725,hybrid,fixed,decaps,819254
3726,hybrid,fixed,decaps,782787
3727,hybrid,fixed,decaps,793652
3728,hybrid,fixed,decaps,737740
3729,hybrid,fixed,decaps,775384
3730,hybrid,fixed,decaps,765968
3731,hybrid,fixed,decaps,759181
3732,hybrid,fixed,decaps,758689
3733,hybrid,fixed,decaps,814860
3734,hybrid,fixed,decaps,827002
3735,hybrid,fixed,decaps,789450
3736,hybrid,fixed,decaps,792103
3737,hybrid,fixed,decaps,760162
3738,hybrid,fixed,decaps,784367
3739,hybrid,fixed,decaps,759104
3740,hybrid,fixed,decaps,791014
3741,hybrid,fixed,decaps,759971
3742,hybrid,fixed,decaps,758734
3743,hybrid,fixed,decaps,804366
3744,hybrid,fixed,decaps,808596
3745,hybrid,fixed,decaps,790717
3746,hybrid,fixed,decaps,849829
3747,hybrid,fixed,decaps,785282
3748,hybrid,fixed,decaps,766349
3749,hybrid,fixed,decaps,767715
3750,hybrid,fixed,decaps,847786
3751,hybrid,fixed,decaps,763899
3752,hybrid,fixed,decaps,759836
3753,hybrid,fixed,decaps,804153
3754,hybrid,fixed,decaps,809181
3755,hybrid,fixed,decaps,816506
3756,hybrid,fixed,decaps,752054
3757,hybrid,fixed,decaps,783033
3758,hybrid,fixed,decaps,802615
3759,hybrid,fixed,decaps,812670
3760,hybrid,fixed,decaps,844059
3761,hybrid,fixed,decaps,738483
3762,hybrid,fixed,decaps,782734
3763,hybrid,fixed,decaps,786613
3764,hybrid,fixed,decaps,760137
3765,hybrid,fixed,decaps,759170
3766,hybrid,fixed,decaps,775279
3767,hybrid,fixed,decaps,807476
3768,hybrid,fixed,decaps,807718
3769,hybrid,fixed,decaps,792039
3770,hybrid,fixed,decaps,737259
3771,hybrid,fixed,decaps,907019
3772,hybrid,fixed,decaps,760872
3773,hybrid,fixed,decaps,759255
3774,hybrid,fixed,decaps,759205
3775,hybrid,fixed,decaps,759525
3776,hybrid,fixed,decaps,816357
3777,hybrid,fixed,decaps,805911
3778,hybrid,fixed,decaps,781642
3779,hybrid,fixed,decaps,781446
3780,hybrid,fixed,decaps,781568
3781,hybrid,fixed,decaps,786863
3782,hybrid,fixed,decaps,782284
3783,hybrid,fixed,decaps,811752
3784,hybrid,fixed,decaps,788202
3785,hybrid,fixed,decaps,753593
3786,hybrid,fixed,decaps,819855
3787,hybrid,fixed,decaps,760245
3788,hybrid,fixed,decaps,759187
3789,hybrid,fixed,decaps,783751
3790,hybrid,fixed,decaps,813086
3791,hybrid,fixed,decaps,812352
3792,hybrid,fixed,decaps,782269
3793,hybrid,fixed,decaps,796942
3794,hybrid,fixed,decaps,737389
3795,hybrid,fixed,decaps,773813
3796,hybrid,fixed,decaps,763967
3797,hybrid,fixed,decaps,779064
3798,hybrid,fixed,decaps,759651
3799,hybrid,fixed,decaps,813378
3800,hybrid,fixed,decaps,803810
3801,hybrid,fixed,decaps,809716
3802,hybrid,fixed,decaps,764043
3803,hybrid,fixed,decaps,759438
3804,hybrid,fixed,decaps,758362
3805,hybrid,fixed,decaps,758578
3806,hybrid,fixed,decaps,784260
3807,hybrid,fixed,decaps,806959
3808,hybrid,fixed,decaps,795980
3809,hybrid,fixed,decaps,769723
3810,hybrid,fixed,decaps,769441
3811,hybrid,fixed,decaps,770768
3812,hybrid,fixed,decaps,771980
3813,hybrid,fixed,decaps,759879
3814,hybrid,fixed,decaps,766314
3815,hybrid,fixed,decaps,774349
3816,hybrid,fixed,decaps,759494
3817,hybrid,fixed,decaps,822142
3818,hybrid,fixed,decaps,802177
3819,hybrid,fixed,decaps,781600
3820,hybrid,fixed,decaps,792961
3821,hybrid,fixed,decaps,737095
3822,hybrid,fixed,decaps,798346
3823,hybrid,fixed,decaps,777693
3824,hybrid,fixed,decaps,759599
3825,hybrid,fixed,decaps,759040
3826,hybrid,fixed,decaps,758469
3827,hybrid,fixed,decaps,805945
3828,hybrid,fixed,decaps,810264
3829,hybrid,fixed,decaps,781509
3830,hybrid,fixed,decaps,781129
3831,hybrid,fixed,decaps,781262
3832,hybrid,fixed,decaps,779349
3833,hybrid,fixed,decaps,770107
3834,hybrid,fixed,decaps,758209
3835,hybrid,fixed,decaps,758073
3836,hybrid,fixed,decaps,758204
3837,hybrid,fixed,decaps,781168
3838,hybrid,fixed,decaps,777773
3839,hybrid,fixed,decaps,806311
3840,hybrid,fixed,decaps,817999
3841,hybrid,fixed,decaps,779036
3842,hybrid,fixed,decaps,793369
3843,hybrid,fixed,decaps,759301
3844,hybrid,fixed,decaps,758715
3845,hybrid,fixed,decaps,808195
3846,hybrid,fixed,decaps,807282
3847,hybrid,fixed,decaps,833361
3848,hybrid,fixed,decaps,774934
3849,hybrid,fixed,decaps,776717
3850,hybrid,fixed,decaps,759605
3851,hybrid,fixed,decaps,758818
3852,hybrid,fixed,decaps,758856
3853,hybrid,fixed,decaps,765883
3854,hybrid,fixed,decaps,759242
3855,hybrid,fixed,decaps,758888
3856,hybrid,fixed,decaps,779643
3857,hybrid,fixed,decaps,805853
3858,hybrid,fixed,decaps,804036
3859,hybrid,fixed,decaps,782195
3860,hybrid,fixed,decaps,781934
3861,hybrid,fixed,decaps,795013
3862,hybrid,fixed,decaps,737337
3863,hybrid,fixed,decaps,805444
3864,hybrid,fixed,decaps,760076
3865,hybrid,fixed,decaps,758555
3866,hybrid,fixed,decaps,780860
3867,hybrid,fixed,decaps,760551
3868,hybrid,fixed,decaps,764989
3869,hybrid,fixed,decaps,759231
3870,hybrid,fixed,decaps,758619
3871,hybrid,fixed,decaps,818046
3872,hybrid,fixed,decaps,800976
3873,hybrid,fixed,decaps,822276
3874,hybrid,fixed,decaps,783294
3875,hybrid,fixed,decaps,783413
3876,hybrid,fixed,decaps,782156
3877,hybrid,fixed,decaps,766876
3878,hybrid,fixed,decaps,773938
3879,hybrid,fixed,decaps,759329
3880,hybrid,fixed,decaps,758907
3881,hybrid,fixed,decaps,758708
3882,hybrid,fixed,decaps,758686
3883,hybrid,fixed,decaps,762741
3884,hybrid,fixed,decaps,759678
3885,hybrid,fixed,decaps,758827
3886,hybrid,fixed,decaps,759580
3887,hybrid,fixed,decaps,758663
3888,hybrid,fixed,decaps,759577
3889,hybrid,fixed,decaps,802344
3890,hybrid,fixed,decaps,808714
3891,hybrid,fixed,decaps,808265
3892,hybrid,fixed,decaps,807614
3893,hybrid,fixed,decaps,784279
3894,hybrid,fixed,decaps,789704
3895,hybrid,fixed,decaps,772161
3896,hybrid,fixed,decaps,768408
3897,hybrid,fixed,decaps,758919
3898,hybrid,fixed,decaps,758550
3899,hybrid,fixed,decaps,818299
3900,hybrid,fixed,decaps,760396
3901,hybrid,fixed,decaps,759140
3902,hybrid,fixed,decaps,758900
3903,hybrid,fixed,decaps,758912
3904,hybrid,fixed,decaps,765394
3905,hybrid,fixed,decaps,759630
3906,hybrid,fixed,decaps,759016
3907,hybrid,fixed,decaps,818039
3908,hybrid,fixed,decaps,801167
3909,hybrid,fixed,decaps,784439
3910,hybrid,fixed,decaps,781637
3911,hybrid,fixed,decaps,785536
3912,hybrid,fixed,decaps,755436
3913,hybrid,fixed,decaps,1215056
3914,hybrid,fixed,decaps,844469
3915,hybrid,fixed,decaps,807308
3916,hybrid,fixed,decaps,801502
3917,hybrid,fixed,decaps,783675
3918,hybrid,fixed,decaps,782145
3919,hybrid,fixed,decaps,789382
3920,hybrid,fixed,decaps,782990
3921,hybrid,fixed,decaps,782295
3922,hybrid,fixed,decaps,782255
3923,hybrid,fixed,decaps,782142
3924,hybrid,fixed,decaps,856234
3925,hybrid,fixed,decaps,778744
3926,hybrid,fixed,decaps,788962
3927,hybrid,fixed,decaps,839011
3928,hybrid,fixed,decaps,783073
3929,hybrid,fixed,decaps,786986
3930,hybrid,fixed,decaps,738032
3931,hybrid,fixed,decaps,762687
3932,hybrid,fixed,decaps,759063
3933,hybrid,fixed,decaps,758889
3934,hybrid,fixed,decaps,766789
3935,hybrid,fixed,decaps,759387
3936,hybrid,fixed,decaps,759052
3937,hybrid,fixed,decaps,758911
3938,hybrid,fixed,decaps,760139
3939,hybrid,fixed,decaps,764087
3940,hybrid,fixed,decaps,797376
3941,hybrid,fixed,decaps,783013
3942,hybrid,fixed,decaps,802779
3943,hybrid,fixed,decaps,783227
3944,hybrid,fixed,decaps,808951
3945,hybrid,fixed,decaps,818262
3946,hybrid,fixed,decaps,782122
3947,hybrid,fixed,decaps,780927
3948,hybrid,fixed,decaps,764459
3949,hybrid,fixed,decaps,764343
3950,hybrid,fixed,decaps,781870
3951,hybrid,fixed,decaps,760096
3952,hybrid,fixed,decaps,759602
3953,hybrid,fixed,decaps,786743
3954,hybrid,fixed,decaps,820797
3955,hybrid,fixed,decaps,790374
3956,hybrid,fixed,decaps,821766
3957,hybrid,fixed,decaps,788242
3958,hybrid,fixed,decaps,818857
3959,hybrid,fixed,decaps,820438
3960,hybrid,fixed,decaps,763408
3961,hybrid,fixed,decaps,759001
3962,hybrid,fixed,decaps,763815
3963,hybrid,fixed,decaps,758902
3964,hybrid,fixed,decaps,758480
3965,hybrid,fixed,decaps,817246
3966,hybrid,fixed,decaps,778660
3967,hybrid,fixed,decaps,792615
3968,hybrid,fixed,decaps,853064
3969,hybrid,fixed,decaps,783679
3970,hybrid,fixed,decaps,824056
3971,hybrid,fixed,decaps,774074
3972,hybrid,fixed,decaps,768211
3973,hybrid,fixed,decaps,758872
3974,hybrid,fixed,decaps,758788
3975,hybrid,fixed,decaps,1118530
3976,hybrid,fixed,decaps,778074
3977,hybrid,fixed,decaps,785014
3978,hybrid,fixed,decaps,761629
3979,hybrid,fixed,decaps,759066
3980,hybrid,fixed,decaps,764669
3981,hybrid,fixed,decaps,777502
3982,hybrid,fixed,decaps,759854
3983,hybrid,fixed,decaps,758955
3984,hybrid,fixed,decaps,758965
3985,hybrid,fixed,decaps,796188
3986,hybrid,fixed,decaps,782480
3987,hybrid,fixed,decaps,786561
3988,hybrid,fixed,decaps,782066
3989,hybrid,fixed,decaps,819110
3990,hybrid,fixed,decaps,804913
3991,hybrid,fixed,decaps,806722
3992,hybrid,fixed,decaps,795115
3993,hybrid,fixed,decaps,788603
3994,hybrid,fixed,decaps,762462
3995,hybrid,fixed,decaps,770599
3996,hybrid,fixed,decaps,759890
3997,hybrid,fixed,decaps,758698
3998,hybrid,fixed,decaps,758822
3999,hybrid,fixed,decaps,783348
4000,hybrid,fixed,decaps,807955
4001,hybrid,fixed,decaps,759690
4002,hybrid,fixed,decaps,758406
4003,hybrid,fixed,decaps,760405
4004,hybrid,fixed,decaps,758941
4005,hybrid,fixed,decaps,765237
4006,hybrid,fixed,decaps,759186
4007,hybrid,fixed,decaps,758959
4008,hybrid,fixed,decaps,758858
4009,hybrid,fixed,decaps,788814
4010,hybrid,fixed,decaps,829449
4011,hybrid,fixed,decaps,761638
4012,hybrid,fixed,decaps,843841
4013,hybrid,fixed,decaps,803049
4014,hybrid,fixed,decaps,782138
4015,hybrid,fixed,decaps,787344
4016,hybrid,fixed,decaps,783498
4017,hybrid,fixed,decaps,806441
4018,hybrid,fixed,decaps,834800
4019,hybrid,fixed,decaps,785862
4020,hybrid,fixed,decaps,801128
4021,hybrid,fixed,decaps,759578
4022,hybrid,fixed,decaps,758781
4023,hybrid,fixed,decaps,758361
4024,hybrid,fixed,decaps,758560
4025,hybrid,fixed,decaps,758560
4026,hybrid,fixed,decaps,784307
4027,hybrid,fixed,decaps,805773
4028,hybrid,fixed,decaps,810033
4029,hybrid,fixed,decaps,781664
4030,hybrid,fixed,decaps,781531
4031,hybrid,fixed,decaps,766941
4032,hybrid,fixed,decaps,769685
4033,hybrid,fixed,decaps,758727
4034,hybrid,fixed,decaps,758596
4035,hybrid,fixed,decaps,758688
4036,hybrid,fixed,decaps,762652
4037,hybrid,fixed,decaps,758517
4038,hybrid,fixed,decaps,758404
4039,hybrid,fixed,decaps,758611
4040,hybrid,fixed,decaps,758416
4041,hybrid,fixed,decaps,761608
4042,hybrid,fixed,decaps,776646
4043,hybrid,fixed,decaps,834598
4044,hybrid,fixed,decaps,798791
4045,hybrid,fixed,decaps,809154
4046,hybrid,fixed,decaps,789701
4047,hybrid,fixed,decaps,782415
4048,hybrid,fixed,decaps,781953
4049,hybrid,fixed,decaps,762436
4050,hybrid,fixed,decaps,770684
4051,hybrid,fixed,decaps,774218
4052,hybrid,fixed,decaps,780335
4053,hybrid,fixed,decaps,760202
4054,hybrid,fixed,decaps,759201
4055,hybrid,fixed,decaps,785902
4056,hybrid,fixed,decaps,817690
4057,hybrid,fixed,decaps,786338
4058,hybrid,fixed,decaps,791801
4059,hybrid,fixed,decaps,777406
4060,hybrid,fixed,decaps,759541
4061,hybrid,fixed,decaps,758894
4062,hybrid,fixed,decaps,766523
4063,hybrid,fixed,decaps,760025
4064,hybrid,fixed,decaps,759203
4065,hybrid,fixed,decaps,759316
4066,hybrid,fixed,decaps,758972
4067,hybrid,fixed,decaps,808941
4068,hybrid,fixed,decaps,807997
4069,hybrid,fixed,decaps,814780
4070,hybrid,fixed,decaps,738357
4071,hybrid,fixed,decaps,804506
4072,hybrid,fixed,decaps,768004
4073,hybrid,fixed,decaps,759065
4074,hybrid,fixed,decaps,758454
4075,hybrid,fixed,decaps,758629
4076,hybrid,fixed,decaps,806743
4077,hybrid,fixed,decaps,813379
4078,hybrid,fixed,decaps,801815
4079,hybrid,fixed,decaps,802977
4080,hybrid,fixed,decaps,781874
4081,hybrid,fixed,decaps,769476
4082,hybrid,fixed,decaps,776613
4083,hybrid,fixed,decaps,759352
4084,hybrid,fixed,decaps,759118
4085,hybrid,fixed,decaps,759061
4086,hybrid,fixed,decaps,758893
4087,hybrid,fixed,decaps,763750
4088,hybrid,fixed,decaps,760210
4089,hybrid,fixed,decaps,815031
4090,hybrid,fixed,decaps,803203
4091,hybrid,fixed,decaps,782844
4092,hybrid,fixed,decaps,764892
4093,hybrid,fixed,decaps,762146
4094,hybrid,fixed,decaps,759146
4095,hybrid,fixed,decaps,782914
4096,hybrid,fixed,decaps,760474
4097,hybrid,fixed,decaps,769412
4098,hybrid,fixed,decaps,803307
4099,hybrid,fixed,decaps,759294
4100,hybrid,fixed,decaps,758647
4101,hybrid,fixed,decaps,758324
4102,hybrid,fixed,decaps,758704
4103,hybrid,fixed,decaps,812490
4104,hybrid,fixed,decaps,826713
4105,hybrid,fixed,decaps,815902
4106,hybrid,fixed,decaps,786042
4107,hybrid,fixed,decaps,776559
4108,hybrid,fixed,decaps,767672
4109,hybrid,fixed,decaps,758650
4110,hybrid,fixed,decaps,758589
4111,hybrid,fixed,decaps,758489
4112,hybrid,fixed,decaps,758208
4113,hybrid,fixed,decaps,795700
4114,hybrid,fixed,decaps,815009
4115,hybrid,fixed,decaps,782417
4116,hybrid,fixed,decaps,782056
4117,hybrid,fixed,decaps,784212
4118,hybrid,fixed,decaps,767081
4119,hybrid,fixed,decaps,758957
4120,hybrid,fixed,decaps,759019
4121,hybrid,fixed,decaps,781949
4122,hybrid,fixed,decaps,759789
4123,hybrid,fixed,decaps,779544
4124,hybrid,fixed,decaps,761424
4125,hybrid,fixed,decaps,759479
4126,hybrid,fixed,decaps,759030
4127,hybrid,fixed,decaps,759090
4128,hybrid,fixed,decaps,759131
4129,hybrid,fixed,decaps,823110
4130,hybrid,fixed,decaps,822639
4131,hybrid,fixed,decaps,784905
4132,hybrid,fixed,decaps,796442
4133,hybrid,fixed,decaps,765031
4134,hybrid,fixed,decaps,796387
4135,hybrid,fixed,decaps,762421
4136,hybrid,fixed,decaps,759291
4137,hybrid,fixed,decaps,761285
4138,hybrid,fixed,decaps,760287
4139,hybrid,fixed,decaps,813147
4140,hybrid,fixed,decaps,805971
4141,hybrid,fixed,decaps,781602
4142,hybrid,fixed,decaps,784681
4143,hybrid,fixed,decaps,773217
4144,hybrid,fixed,decaps,801791
4145,hybrid,fixed,decaps,759734
4146,hybrid,fixed,decaps,758651
4147,hybrid,fixed,decaps,785920
4148,hybrid,fixed,decaps,759937
4149,hybrid,fixed,decaps,829645
4150,hybrid,fixed,decaps,813038
4151,hybrid,fixed,decaps,782193
4152,hybrid,fixed,decaps,781856
4153,hybrid,fixed,decaps,782195
4154,hybrid,fixed,decaps,820369
4155,hybrid,fixed,decaps,782723
4156,hybrid,fixed,decaps,781599
4157,hybrid,fixed,decaps,781612
4158,hybrid,fixed,decaps,781389
4159,hybrid,fixed,decaps,795922
4160,hybrid,fixed,decaps,764533
4161,hybrid,fixed,decaps,759566
4162,hybrid,fixed,decaps,758868
4163,hybrid,fixed,decaps,758953
4164,hybrid,fixed,decaps,764279
4165,hybrid,fixed,decaps,761434
4166,hybrid,fixed,decaps,758983
4167,hybrid,fixed,decaps,799572
4168,hybrid,fixed,decaps,808100
4169,hybrid,fixed,decaps,764662
4170,hybrid,fixed,decaps,763004
4171,hybrid,fixed,decaps,762433
4172,hybrid,fixed,decaps,762074
4173,hybrid,fixed,decaps,797114
4174,hybrid,fixed,decaps,765350
4175,hybrid,fixed,decaps,936618
4176,hybrid,fixed,decaps,884488
4177,hybrid,fixed,decaps,885859
4178,hybrid,fixed,decaps,887752
4179,hybrid,fixed,decaps,900847
4180,hybrid,fixed,decaps,846061
4181,hybrid,fixed,decaps,769162
4182,hybrid,fixed,decaps,769961
4183,hybrid,fixed,decaps,834083
4184,hybrid,fixed,decaps,857574
4185,hybrid,fixed,decaps,803455
4186,hybrid,fixed,decaps,794765
4187,hybrid,fixed,decaps,845415
4188,hybrid,fixed,decaps,827357
4189,hybrid,fixed,decaps,861168
4190,hybrid,fixed,decaps,784484
4191,hybrid,fixed,decaps,781917
4192,hybrid,fixed,decaps,781791
4193,hybrid,fixed,decaps,781758
4194,hybrid,fixed,decaps,791964
4195,hybrid,fixed,decaps,774891
4196,hybrid,fixed,decaps,779423
4197,hybrid,fixed,decaps,836064
4198,hybrid,fixed,decaps,808423
4199,hybrid,fixed,decaps,841777
4200,hybrid,fixed,decaps,785338
4201,hybrid,fixed,decaps,792158
4202,hybrid,fixed,decaps,737641
4203,hybrid,fixed,decaps,780073
4204,hybrid,fixed,decaps,781347
4205,hybrid,fixed,decaps,850685
4206,hybrid,fixed,decaps,816739
4207,hybrid,fixed,decaps,782011
4208,hybrid,fixed,decaps,782135
4209,hybrid,fixed,decaps,1113549
4210,hybrid,fixed,decaps,805978
4211,hybrid,fixed,decaps,815416
4212,hybrid,fixed,decaps,777015
4213,hybrid,fixed,decaps,759991
4214,hybrid,fixed,decaps,766053
4215,hybrid,fixed,decaps,759125
4216,hybrid,fixed,decaps,790503
4217,hybrid,fixed,decaps,815515
4218,hybrid,fixed,decaps,781908
4219,hybrid,fixed,decaps,791784
4220,hybrid,fixed,decaps,781957
4221,hybrid,fixed,decaps,759665
4222,hybrid,fixed,decaps,758792
4223,hybrid,fixed,decaps,782903
4224,hybrid,fixed,decaps,766265
4225,hybrid,fixed,decaps,783920
4226,hybrid,fixed,decaps,781605
4227,hybrid,fixed,decaps,806336
4228,hybrid,fixed,decaps,796360
4229,hybrid,fixed,decaps,795712
4230,hybrid,fixed,decaps,805487
4231,hybrid,fixed,decaps,782751
4232,hybrid,fixed,decaps,781762
4233,hybrid,fixed,decaps,781217
4234,hybrid,fixed,decaps,801144
4235,hybrid,fixed,decaps,771513
4236,hybrid,fixed,decaps,759386
4237,hybrid,fixed,decaps,759209
4238,hybrid,fixed,decaps,759389
4239,hybrid,fixed,decaps,766158
4240,hybrid,fixed,decaps,759507
4241,hybrid,fixed,decaps,758895
4242,hybrid,fixed,decaps,758670
4243,hybrid,fixed,decaps,795654
4244,hybrid,fixed,decaps,824103
4245,hybrid,fixed,decaps,799269
4246,hybrid,fixed,decaps,783307
4247,hybrid,fixed,decaps,806364
4248,hybrid,fixed,decaps,783082
4249,hybrid,fixed,decaps,789667
4250,hybrid,fixed,decaps,786919
4251,hybrid,fixed,decaps,777672
4252,hybrid,fixed,decaps,775306
4253,hybrid,fixed,decaps,758812
4254,hybrid,fixed,decaps,758611
4255,hybrid,fixed,decaps,769619
4256,hybrid,fixed,decaps,830714
4257,hybrid,fixed,decaps,807206
4258,hybrid,fixed,decaps,783663
4259,hybrid,fixed,decaps,812906
4260,hybrid,fixed,decaps,756343
4261,hybrid,fixed,decaps,779168
4262,hybrid,fixed,decaps,795956
4263,hybrid,fixed,decaps,808922
4264,hybrid,fixed,decaps,737122
4265,hybrid,fixed,decaps,806734
4266,hybrid,fixed,decaps,759534
4267,hybrid,fixed,decaps,780059
4268,hybrid,fixed,decaps,820538
4269,hybrid,fixed,decaps,781270
4270,hybrid,fixed,decaps,822203
4271,hybrid,fixed,decaps,803708
4272,hybrid,fixed,decaps,781890
4273,hybrid,fixed,decaps,821920
4274,hybrid,fixed,decaps,737692
4275,hybrid,fixed,decaps,801374
4276,hybrid,fixed,decaps,787673
4277,hybrid,fixed,decaps,789178
4278,hybrid,fixed,decaps,806348
4279,hybrid,fixed,decaps,795786
4280,hybrid,fixed,decaps,788752
4281,hybrid,fixed,decaps,806315
4282,hybrid,fixed,decaps,783095
4283,hybrid,fixed,decaps,781498
4284,hybrid,fixed,decaps,781981
4285,hybrid,fixed,decaps,787440
4286,hybrid,fixed,decaps,772419
4287,hybrid,fixed,decaps,758762
4288,hybrid,fixed,decaps,758522
4289,hybrid,fixed,decaps,758976
4290,hybrid,fixed,decaps,764465
4291,hybrid,fixed,decaps,782982
4292,hybrid,fixed,decaps,806159
4293,hybrid,fixed,decaps,805458
4294,hybrid,fixed,decaps,800869
4295,hybrid,fixed,decaps,846612
4296,hybrid,fixed,decaps,760382
4297,hybrid,fixed,decaps,758965
4298,hybrid,fixed,decaps,763643
4299,hybrid,fixed,decaps,785798
4300,hybrid,fixed,decaps,766145
4301,hybrid,fixed,decaps,758922
4302,hybrid,fixed,decaps,782382
4303,hybrid,fixed,decaps,759649
4304,hybrid,fixed,decaps,792761
4305,hybrid,fixed,decaps,820544
4306,hybrid,fixed,decaps,786227
4307,hybrid,fixed,decaps,777085
4308,hybrid,fixed,decaps,772080
4309,hybrid,fixed,decaps,758820
4310,hybrid,fixed,decaps,773833
4311,hybrid,fixed,decaps,809950
4312,hybrid,fixed,decaps,771406
4313,hybrid,fixed,decaps,772700
4314,hybrid,fixed,decaps,758921
4315,hybrid,fixed,decaps,758691
4316,hybrid,fixed,decaps,763527
4317,hybrid,fixed,decaps,831797
4318,hybrid,fixed,decaps,810340
4319,hybrid,fixed,decaps,782106
4320,hybrid,fixed,decaps,781983
4321,hybrid,fixed,decaps,788453
4322,hybrid,fixed,decaps,772724
4323,hybrid,fixed,decaps,764931
4324,hybrid,fixed,decaps,759215
4325,hybrid,fixed,decaps,781364
4326,hybrid,fixed,decaps,766101
4327,hybrid,fixed,decaps,759298
4328,hybrid,fixed,decaps,803288
4329,hybrid,fixed,decaps,807245
4330,hybrid,fixed,decaps,797146
4331,hybrid,fixed,decaps,798081
4332,hybrid,fixed,decaps,769631
4333,hybrid,fixed,decaps,788050
4334,hybrid,fixed,decaps,759968
4335,hybrid,fixed,decaps,809543
4336,hybrid,fixed,decaps,818247
4337,hybrid,fixed,decaps,782571
4338,hybrid,fixed,decaps,781964
4339,hybrid,fixed,decaps,782005
4340,hybrid,fixed,decaps,767636
4341,hybrid,fixed,decaps,770105
4342,hybrid,fixed,decaps,759398
4343,hybrid,fixed,decaps,758890
4344,hybrid,fixed,decaps,758802
4345,hybrid,fixed,decaps,758682
4346,hybrid,fixed,decaps,761813
4347,hybrid,fixed,decaps,759491
4348,hybrid,fixed,decaps,758993
4349,hybrid,fixed,decaps,758981
4350,hybrid,fixed,decaps,784964
4351,hybrid,fixed,decaps,931036
4352,hybrid,fixed,decaps,784277
4353,hybrid,fixed,decaps,781810
4354,hybrid,fixed,decaps,807063
4355,hybrid,fixed,decaps,782527
4356,hybrid,fixed,decaps,812335
4357,hybrid,fixed,decaps,736928
4358,hybrid,fixed,decaps,780087
4359,hybrid,fixed,decaps,826653
4360,hybrid,fixed,decaps,812760
4361,hybrid,fixed,decaps,796768
4362,hybrid,fixed,decaps,740860
4363,hybrid,fixed,decaps,774775
4364,hybrid,fixed,decaps,759348
4365,hybrid,fixed,decaps,777128
4366,hybrid,fixed,decaps,805928
4367,hybrid,fixed,decaps,801540
4368,hybrid,fixed,decaps,783075
4369,hybrid,fixed,decaps,781287
4370,hybrid,fixed,decaps,781527
4371,hybrid,fixed,decaps,781570
4372,hybrid,fixed,decaps,784236
4373,hybrid,fixed,decaps,776066
4374,hybrid,fixed,decaps,766268
4375,hybrid,fixed,decaps,758667
4376,hybrid,fixed,decaps,768725
4377,hybrid,fixed,decaps,803867
4378,hybrid,fixed,decaps,760697
4379,hybrid,fixed,decaps,800379
4380,hybrid,fixed,decaps,807327
4381,hybrid,fixed,decaps,798963
4382,hybrid,fixed,decaps,798649
4383,hybrid,fixed,decaps,771008
4384,hybrid,fixed,decaps,784930
4385,hybrid,fixed,decaps,759486
4386,hybrid,fixed,decaps,808839
4387,hybrid,fixed,decaps,813756
4388,hybrid,fixed,decaps,782187
4389,hybrid,fixed,decaps,781632
4390,hybrid,fixed,decaps,782029
4391,hybrid,fixed,decaps,767671
4392,hybrid,fixed,decaps,774751
4393,hybrid,fixed,decaps,760576
4394,hybrid,fixed,decaps,758578
4395,hybrid,fixed,decaps,758841
4396,hybrid,fixed,decaps,797535
4397,hybrid,fixed,decaps,815982
4398,hybrid,fixed,decaps,786396
4399,hybrid,fixed,decaps,751857
4400,hybrid,fixed,decaps,777673
4401,hybrid,fixed,decaps,769422
4402,hybrid,fixed,decaps,803450
4403,hybrid,fixed,decaps,760593
4404,hybrid,fixed,decaps,758932
4405,hybrid,fixed,decaps,783511
4406,hybrid,fixed,decaps,778647
4407,hybrid,fixed,decaps,781410
4408,hybrid,fixed,decaps,787574
4409,hybrid,fixed,decaps,782019
4410,hybrid,fixed,decaps,801966
4411,hybrid,fixed,decaps,782525
4412,hybrid,fixed,decaps,781248
4413,hybrid,fixed,decaps,787479
4414,hybrid,fixed,decaps,773810
4415,hybrid,fixed,decaps,767580
4416,hybrid,fixed,decaps,758862
4417,hybrid,fixed,decaps,758707
4418,hybrid,fixed,decaps,762764
4419,hybrid,fixed,decaps,759145
4420,hybrid,fixed,decaps,775002
4421,hybrid,fixed,decaps,781584
4422,hybrid,fixed,decaps,781774
4423,hybrid,fixed,decaps,784943
4424,hybrid,fixed,decaps,782081
4425,hybrid,fixed,decaps,785858
4426,hybrid,fixed,decaps,753562
4427,hybrid,fixed,decaps,772748
4428,hybrid,fixed,decaps,819713
4429,hybrid,fixed,decaps,817671
4430,hybrid,fixed,decaps,791678
4431,hybrid,fixed,decaps,769569
4432,hybrid,fixed,decaps,778883
4433,hybrid,fixed,decaps,766590
4434,hybrid,fixed,decaps,759113
4435,hybrid,fixed,decaps,758796
4436,hybrid,fixed,decaps,829810
4437,hybrid,fixed,decaps,807958
4438,hybrid,fixed,decaps,812497
4439,hybrid,fixed,decaps,742150
4440,hybrid,fixed,decaps,779538
4441,hybrid,fixed,decaps,759081
4442,hybrid,fixed,decaps,758750
4443,hybrid,fixed,decaps,758614
4444,hybrid,fixed,decaps,761908
4445,hybrid,fixed,decaps,806240
4446,hybrid,fixed,decaps,807166
4447,hybrid,fixed,decaps,781878
4448,hybrid,fixed,decaps,785972
4449,hybrid,fixed,decaps,756692
4450,hybrid,fixed,decaps,769619
4451,hybrid,fixed,decaps,759046
4452,hybrid,fixed,decaps,758487
4453,hybrid,fixed,decaps,758642
4454,hybrid,fixed,decaps,788818
4455,hybrid,fixed,decaps,759846
4456,hybrid,fixed,decaps,759067
4457,hybrid,fixed,decaps,783384
4458,hybrid,fixed,decaps,759633
4459,hybrid,fixed,decaps,764703
4460,hybrid,fixed,decaps,759202
4461,hybrid,fixed,decaps,758584
4462,hybrid,fixed,decaps,777985
4463,hybrid,fixed,decaps,759672
4464,hybrid,fixed,decaps,765480
4465,hybrid,fixed,decaps,1293422
4466,hybrid,fixed,decaps,815239
4467,hybrid,fixed,decaps,806924
4468,hybrid,fixed,decaps,806479
4469,hybrid,fixed,decaps,803723
4470,hybrid,fixed,decaps,782577
4471,hybrid,fixed,decaps,790311
4472,hybrid,fixed,decaps,758624
4473,hybrid,fixed,decaps,758219
4474,hybrid,fixed,decaps,792583
4475,hybrid,fixed,decaps,795948
4476,hybrid,fixed,decaps,785082
4477,hybrid,fixed,decaps,818304
4478,hybrid,fixed,decaps,782839
4479,hybrid,fixed,decaps,801111
4480,hybrid,fixed,decaps,795547
4481,hybrid,fixed,decaps,759135
4482,hybrid,fixed,decaps,789581
4483,hybrid,fixed,decaps,759607
4484,hybrid,fixed,decaps,765493
4485,hybrid,fixed,decaps,759432
4486,hybrid,fixed,decaps,758446
4487,hybrid,fixed,decaps,780668
4488,hybrid,fixed,decaps,759057
4489,hybrid,fixed,decaps,762128
4490,hybrid,fixed,decaps,758247
4491,hybrid,fixed,decaps,758059
4492,hybrid,fixed,decaps,758405
4493,hybrid,fixed,decaps,758026
4494,hybrid,fixed,decaps,761042
4495,hybrid,fixed,decaps,758446
4496,hybrid,fixed,decaps,758235
4497,hybrid,fixed,decaps,757903
4498,hybrid,fixed,decaps,780103
4499,hybrid,fixed,decaps,806205
4500,hybrid,fixed,decaps,812840
4501,hybrid,fixed,decaps,782535
4502,hybrid,fixed,decaps,781880
4503,hybrid,fixed,decaps,781535
4504,hybrid,fixed,decaps,781574
4505,hybrid,fixed,decaps,763082
4506,hybrid,fixed,decaps,803494
4507,hybrid,fixed,decaps,759325
4508,hybrid,fixed,decaps,780596
4509,hybrid,fixed,decaps,759568
4510,hybrid,fixed,decaps,812486
4511,hybrid,fixed,decaps,808499
4512,hybrid,fixed,decaps,781079
4513,hybrid,fixed,decaps,801430
4514,hybrid,fixed,decaps,783836
4515,hybrid,fixed,decaps,788310
4516,hybrid,fixed,decaps,781859
4517,hybrid,fixed,decaps,781410
4518,hybrid,fixed,decaps,781601
4519,hybrid,fixed,decaps,781592
4520,hybrid,fixed,decaps,803870
4521,hybrid,fixed,decaps,737504
4522,hybrid,fixed,decaps,759906
4523,hybrid,fixed,decaps,777167
4524,hybrid,fixed,decaps,759180
4525,hybrid,fixed,decaps,765417
4526,hybrid,fixed,decaps,774974
4527,hybrid,fixed,decaps,781081
4528,hybrid,fixed,decaps,840003
4529,hybrid,fixed,decaps,808377
4530,hybrid,fixed,decaps,791916
4531,hybrid,fixed,decaps,807007
4532,hybrid,fixed,decaps,783956
4533,hybrid,fixed,decaps,782268
4534,hybrid,fixed,decaps,800123
4535,hybrid,fixed,decaps,792747
4536,hybrid,fixed,decaps,759375
4537,hybrid,fixed,decaps,759154
4538,hybrid,fixed,decaps,758647
4539,hybrid,fixed,decaps,813954
4540,hybrid,fixed,decaps,786127
4541,hybrid,fixed,decaps,781716
4542,hybrid,fixed,decaps,781297
4543,hybrid,fixed,decaps,780906
4544,hybrid,fixed,decaps,781182
4545,hybrid,fixed,decaps,781269
4546,hybrid,fixed,decaps,785460
4547,hybrid,fixed,decaps,764099
4548,hybrid,fixed,decaps,774033
4549,hybrid,fixed,decaps,759096
4550,hybrid,fixed,decaps,758886
4551,hybrid,fixed,decaps,761791
4552,hybrid,fixed,decaps,758860
4553,hybrid,fixed,decaps,758787
4554,hybrid,fixed,decaps,758725
4555,hybrid,fixed,decaps,759831
4556,hybrid,fixed,decaps,762362
4557,hybrid,fixed,decaps,758804
4558,hybrid,fixed,decaps,782591
4559,hybrid,fixed,decaps,783253
4560,hybrid,fixed,decaps,760180
4561,hybrid,fixed,decaps,764654
4562,hybrid,fixed,decaps,760844
4563,hybrid,fixed,decaps,758928
4564,hybrid,fixed,decaps,788985
4565,hybrid,fixed,decaps,813754
4566,hybrid,fixed,decaps,787549
4567,hybrid,fixed,decaps,782263
4568,hybrid,fixed,decaps,782060
4569,hybrid,fixed,decaps,814008
4570,hybrid,fixed,decaps,799998
4571,hybrid,fixed,decaps,768390
4572,hybrid,fixed,decaps,759258
4573,hybrid,fixed,decaps,760816
4574,hybrid,fixed,decaps,758700
4575,hybrid,fixed,decaps,758919
4576,hybrid,fixed,decaps,758847
4577,hybrid,fixed,decaps,820224
4578,hybrid,fixed,decaps,801386
4579,hybrid,fixed,decaps,782691
4580,hybrid,fixed,decaps,797800
4581,hybrid,fixed,decaps,759255
4582,hybrid,fixed,decaps,766552
4583,hybrid,fixed,decaps,759275
4584,hybrid,fixed,decaps,784000
4585,hybrid,fixed,decaps,785085
4586,hybrid,fixed,decaps,760141
4587,hybrid,fixed,decaps,766682
4588,hybrid,fixed,decaps,759660
4589,hybrid,fixed,decaps,782388
4590,hybrid,fixed,decaps,806705
4591,hybrid,fixed,decaps,827687
4592,hybrid,fixed,decaps,788591
4593,hybrid,fixed,decaps,759161
4594,hybrid,fixed,decaps,764110
4595,hybrid,fixed,decaps,759151
4596,hybrid,fixed,decaps,761512
4597,hybrid,fixed,decaps,774230
4598,hybrid,fixed,decaps,759373
4599,hybrid,fixed,decaps,759036
4600,hybrid,fixed,decaps,759005
4601,hybrid,fixed,decaps,759067
4602,hybrid,fixed,decaps,761862
4603,hybrid,fixed,decaps,759212
4604,hybrid,fixed,decaps,793467
4605,hybrid,fixed,decaps,781767
4606,hybrid,fixed,decaps,781598
4607,hybrid,fixed,decaps,781458
4608,hybrid,fixed,decaps,784557
4609,hybrid,fixed,decaps,781348
4610,hybrid,fixed,decaps,800114
4611,hybrid,fixed,decaps,793941
4612,hybrid,fixed,decaps,760055
4613,hybrid,fixed,decaps,766992
4614,hybrid,fixed,decaps,759628
4615,hybrid,fixed,decaps,777795
4616,hybrid,fixed,decaps,760545
4617,hybrid,fixed,decaps,759713
4618,hybrid,fixed,decaps,816339
4619,hybrid,fixed,decaps,806669
4620,hybrid,fixed,decaps,782036
4621,hybrid,fixed,decaps,786502
4622,hybrid,fixed,decaps,751890
4623,hybrid,fixed,decaps,787054
4624,hybrid,fixed,decaps,760352
4625,hybrid,fixed,decaps,775355
4626,hybrid,fixed,decaps,806355
4627,hybrid,fixed,decaps,799234
4628,hybrid,fixed,decaps,785006
4629,hybrid,fixed,decaps,784747
4630,hybrid,fixed,decaps,737427
4631,hybrid,fixed,decaps,737183
4632,hybrid,fixed,decaps,778157
4633,hybrid,fixed,decaps,784336
4634,hybrid,fixed,decaps,782463
4635,hybrid,fixed,decaps,781969
4636,hybrid,fixed,decaps,807245
4637,hybrid,fixed,decaps,836229
4638,hybrid,fixed,decaps,823448
4639,hybrid,fixed,decaps,762537
4640,hybrid,fixed,decaps,759372
4641,hybrid,fixed,decaps,781083
4642,hybrid,fixed,decaps,761944
4643,hybrid,fixed,decaps,765989
4644,hybrid,fixed,decaps,759647
4645,hybrid,fixed,decaps,759148
4646,hybrid,fixed,decaps,759352
4647,hybrid,fixed,decaps,758817
4648,hybrid,fixed,decaps,759153
4649,hybrid,fixed,decaps,762048
4650,hybrid,fixed,decaps,787727
4651,hybrid,fixed,decaps,781841
4652,hybrid,fixed,decaps,782319
4653,hybrid,fixed,decaps,782319
4654,hybrid,fixed,decaps,784964
4655,hybrid,fixed,decaps,782421
4656,hybrid,fixed,decaps,781610
4657,hybrid,fixed,decaps,782000
4658,hybrid,fixed,decaps,781667
4659,hybrid,fixed,decaps,770590
4660,hybrid,fixed,decaps,768910
4661,hybrid,fixed,decaps,784431
4662,hybrid,fixed,decaps,759960
4663,hybrid,fixed,decaps,817246
4664,hybrid,fixed,decaps,791068
4665,hybrid,fixed,decaps,782835
4666,hybrid,fixed,decaps,782269
4667,hybrid,fixed,decaps,803644
4668,hybrid,fixed,decaps,782713
4669,hybrid,fixed,decaps,806781
4670,hybrid,fixed,decaps,770450
4671,hybrid,fixed,decaps,758867
4672,hybrid,fixed,decaps,758516
4673,hybrid,fixed,decaps,758848
4674,hybrid,fixed,decaps,762029
4675,hybrid,fixed,decaps,758613
4676,hybrid,fixed,decaps,758907
4677,hybrid,fixed,decaps,759196
4678,hybrid,fixed,decaps,789144
4679,hybrid,fixed,decaps,819324
4680,hybrid,fixed,decaps,787791
4681,hybrid,fixed,decaps,754909
4682,hybrid,fixed,decaps,773051
4683,hybrid,fixed,decaps,785981
4684,hybrid,fixed,decaps,822801
4685,hybrid,fixed,decaps,740255
4686,hybrid,fixed,decaps,773750
4687,hybrid,fixed,decaps,781494
4688,hybrid,fixed,decaps,759623
4689,hybrid,fixed,decaps,781014
4690,hybrid,fixed,decaps,766700
4691,hybrid,fixed,decaps,759236
4692,hybrid,fixed,decaps,758800
4693,hybrid,fixed,decaps,780538
4694,hybrid,fixed,decaps,759693
4695,hybrid,fixed,decaps,764751
4696,hybrid,fixed,decaps,790848
4697,hybrid,fixed,decaps,817279
4698,hybrid,fixed,decaps,807239
4699,hybrid,fixed,decaps,783154
4700,hybrid,fixed,decaps,790350
4701,hybrid,fixed,decaps,782777
4702,hybrid,fixed,decaps,797886
4703,hybrid,fixed,decaps,737177
4704,hybrid,fixed,decaps,736770
4705,hybrid,fixed,decaps,767570
4706,hybrid,fixed,decaps,759385
4707,hybrid,fixed,decaps,758563
4708,hybrid,fixed,decaps,790796
4709,hybrid,fixed,decaps,781503
4710,hybrid,fixed,decaps,785198
4711,hybrid,fixed,decaps,781846
4712,hybrid,fixed,decaps,781913
4713,hybrid,fixed,decaps,806577
4714,hybrid,fixed,decaps,782779
4715,hybrid,fixed,decaps,841745
4716,hybrid,fixed,decaps,738649
4717,hybrid,fixed,decaps,776027
4718,hybrid,fixed,decaps,759012
4719,hybrid,fixed,decaps,800012
4720,hybrid,fixed,decaps,782638
4721,hybrid,fixed,decaps,787056
4722,hybrid,fixed,decaps,782242
4723,hybrid,fixed,decaps,775442
4724,hybrid,fixed,decaps,763895
4725,hybrid,fixed,decaps,758597
4726,hybrid,fixed,decaps,765050
4727,hybrid,fixed,decaps,774537
4728,hybrid,fixed,decaps,790132
4729,hybrid,fixed,decaps,781921
4730,hybrid,fixed,decaps,781206
4731,hybrid,fixed,decaps,787513
4732,hybrid,fixed,decaps,782030
4733,hybrid,fixed,decaps,781825
4734,hybrid,fixed,decaps,785662
4735,hybrid,fixed,decaps,755075
4736,hybrid,fixed,decaps,799635
4737,hybrid,fixed,decaps,758623
4738,hybrid,fixed,decaps,771561
4739,hybrid,fixed,decaps,804621
4740,hybrid,fixed,decaps,783842
4741,hybrid,fixed,decaps,808140
4742,hybrid,fixed,decaps,790518
4743,hybrid,fixed,decaps,741399
4744,hybrid,fixed,decaps,779868
4745,hybrid,fixed,decaps,806844
4746,hybrid,fixed,decaps,789096
4747,hybrid,fixed,decaps,781228
4748,hybrid,fixed,decaps,780761
4749,hybrid,fixed,decaps,780769
4750,hybrid,fixed,decaps,772009
4751,hybrid,fixed,decaps,772611
4752,hybrid,fixed,decaps,758616
4753,hybrid,fixed,decaps,758191
4754,hybrid,fixed,decaps,787608
4755,hybrid,fixed,decaps,780610
4756,hybrid,fixed,decaps,780589
4757,hybrid,fixed,decaps,784189
4758,hybrid,fixed,decaps,780834
4759,hybrid,fixed,decaps,804299
4760,hybrid,fixed,decaps,767796
4761,hybrid,fixed,decaps,758482
4762,hybrid,fixed,decaps,765368
4763,hybrid,fixed,decaps,781296
4764,hybrid,fixed,decaps,760006
4765,hybrid,fixed,decaps,758807
4766,hybrid,fixed,decaps,783533
4767,hybrid,fixed,decaps,767344
4768,hybrid,fixed,decaps,758925
4769,hybrid,fixed,decaps,758389
4770,hybrid,fixed,decaps,760253
4771,hybrid,fixed,decaps,778141
4772,hybrid,fixed,decaps,765396
4773,hybrid,fixed,decaps,778116
4774,hybrid,fixed,decaps,781496
4775,hybrid,fixed,decaps,781728
4776,hybrid,fixed,decaps,781746
4777,hybrid,fixed,decaps,788592
4778,hybrid,fixed,decaps,791981
4779,hybrid,fixed,decaps,761758
4780,hybrid,fixed,decaps,780420
4781,hybrid,fixed,decaps,758918
4782,hybrid,fixed,decaps,766495
4783,hybrid,fixed,decaps,759749
4784,hybrid,fixed,decaps,758593
4785,hybrid,fixed,decaps,787707
4786,hybrid,fixed,decaps,781730
4787,hybrid,fixed,decaps,794853
4788,hybrid,fixed,decaps,783185
4789,hybrid,fixed,decaps,813268
4790,hybrid,fixed,decaps,856818
4791,hybrid,fixed,decaps,784587
4792,hybrid,fixed,decaps,816472
4793,hybrid,fixed,decaps,760126
4794,hybrid,fixed,decaps,758947
4795,hybrid,fixed,decaps,758615
4796,hybrid,fixed,decaps,758924
4797,hybrid,fixed,decaps,783077
4798,hybrid,fixed,decaps,763788
4799,hybrid,fixed,decaps,788007
4800,hybrid,fixed,decaps,781552
4801,hybrid,fixed,decaps,781372
4802,hybrid,fixed,decaps,781575
4803,hybrid,fixed,decaps,784406
4804,hybrid,fixed,decaps,796805
4805,hybrid,fixed,decaps,784340
4806,hybrid,fixed,decaps,781555
4807,hybrid,fixed,decaps,781398
4808,hybrid,fixed,decaps,789322
4809,hybrid,fixed,decaps,776258
4810,hybrid,fixed,decaps,767719
4811,hybrid,fixed,decaps,757899
4812,hybrid,fixed,decaps,757809
4813,hybrid,fixed,decaps,763556
4814,hybrid,fixed,decaps,758503
4815,hybrid,fixed,decaps,806688
4816,hybrid,fixed,decaps,808571
4817,hybrid,fixed,decaps,800200
4818,hybrid,fixed,decaps,846075
4819,hybrid,fixed,decaps,786123
4820,hybrid,fixed,decaps,750516
4821,hybrid,fixed,decaps,744927
4822,hybrid,fixed,decaps,794206
4823,hybrid,fixed,decaps,765587
4824,hybrid,fixed,decaps,758769
4825,hybrid,fixed,decaps,935495
4826,hybrid,fixed,decaps,791653
4827,hybrid,fixed,decaps,783965
4828,hybrid,fixed,decaps,791008
4829,hybrid,fixed,decaps,782543
4830,hybrid,fixed,decaps,781392
4831,hybrid,fixed,decaps,781485
4832,hybrid,fixed,decaps,781871
4833,hybrid,fixed,decaps,789632
4834,hybrid,fixed,decaps,782160
4835,hybrid,fixed,decaps,781481
4836,hybrid,fixed,decaps,773100
4837,hybrid,fixed,decaps,738273
4838,hybrid,fixed,decaps,801150
4839,hybrid,fixed,decaps,759382
4840,hybrid,fixed,decaps,758267
4841,hybrid,fixed,decaps,785748
4842,hybrid,fixed,decaps,780802
4843,hybrid,fixed,decaps,793619
4844,hybrid,fixed,decaps,787886
4845,hybrid,fixed,decaps,759924
4846,hybrid,fixed,decaps,758527
4847,hybrid,fixed,decaps,758623
4848,hybrid,fixed,decaps,776336
4849,hybrid,fixed,decaps,776023
4850,hybrid,fixed,decaps,785611
4851,hybrid,fixed,decaps,781668
4852,hybrid,fixed,decaps,781218
4853,hybrid,fixed,decaps,781558
4854,hybrid,fixed,decaps,786700
4855,hybrid,fixed,decaps,781523
4856,hybrid,fixed,decaps,781111
4857,hybrid,fixed,decaps,784654
4858,hybrid,fixed,decaps,753308
4859,hybrid,fixed,decaps,804192
4860,hybrid,fixed,decaps,759760
4861,hybrid,fixed,decaps,758652
4862,hybrid,fixed,decaps,771779
4863,hybrid,fixed,decaps,787355
4864,hybrid,fixed,decaps,790434
4865,hybrid,fixed,decaps,795054
4866,hybrid,fixed,decaps,764892
4867,hybrid,fixed,decaps,780121
4868,hybrid,fixed,decaps,758816
4869,hybrid,fixed,decaps,810573
4870,hybrid,fixed,decaps,785541
4871,hybrid,fixed,decaps,781654
4872,hybrid,fixed,decaps,781417
4873,hybrid,fixed,decaps,781824
4874,hybrid,fixed,decaps,809022
4875,hybrid,fixed,decaps,786412
4876,hybrid,fixed,decaps,753105
4877,hybrid,fixed,decaps,770495
4878,hybrid,fixed,decaps,759057
4879,hybrid,fixed,decaps,772839
4880,hybrid,fixed,decaps,788271
4881,hybrid,fixed,decaps,781957
4882,hybrid,fixed,decaps,782099
4883,hybrid,fixed,decaps,789713
4884,hybrid,fixed,decaps,737007
4885,hybrid,fixed,decaps,808145
4886,hybrid,fixed,decaps,779494
4887,hybrid,fixed,decaps,759673
4888,hybrid,fixed,decaps,758428
4889,hybrid,fixed,decaps,758622
4890,hybrid,fixed,decaps,763725
4891,hybrid,fixed,decaps,782652
4892,hybrid,fixed,decaps,806032
4893,hybrid,fixed,decaps,782631
4894,hybrid,fixed,decaps,781545
4895,hybrid,fixed,decaps,809806
4896,hybrid,fixed,decaps,783280
4897,hybrid,fixed,decaps,782102
4898,hybrid,fixed,decaps,784148
4899,hybrid,fixed,decaps,781775
4900,hybrid,fixed,decaps,815803
4901,hybrid,fixed,decaps,772224
4902,hybrid,fixed,decaps,764233
4903,hybrid,fixed,decaps,775946
4904,hybrid,fixed,decaps,761390
4905,hybrid,fixed,decaps,765088
4906,hybrid,fixed,decaps,779735
4907,hybrid,fixed,decaps,805872
4908,hybrid,fixed,decaps,796538
4909,hybrid,fixed,decaps,781693
4910,hybrid,fixed,decaps,806919
4911,hybrid,fixed,decaps,795393
4912,hybrid,fixed,decaps,737844
4913,hybrid,fixed,decaps,780248
4914,hybrid,fixed,decaps,758803
4915,hybrid,fixed,decaps,763819
4916,hybrid,fixed,decaps,759098
4917,hybrid,fixed,decaps,758807
4918,hybrid,fixed,decaps,830512
4919,hybrid,fixed,decaps,810963
4920,hybrid,fixed,decaps,788488
4921,hybrid,fixed,decaps,809487
4922,hybrid,fixed,decaps,782862
4923,hybrid,fixed,decaps,773438
4924,hybrid,fixed,decaps,769757
4925,hybrid,fixed,decaps,771914
4926,hybrid,fixed,decaps,844835
4927,hybrid,fixed,decaps,799787
4928,hybrid,fixed,decaps,835301
4929,hybrid,fixed,decaps,738695
4930,hybrid,fixed,decaps,742510
4931,hybrid,fixed,decaps,784697
4932,hybrid,fixed,decaps,758997
4933,hybrid,fixed,decaps,759023
4934,hybrid,fixed,decaps,758862
4935,hybrid,fixed,decaps,759056
4936,hybrid,fixed,decaps,762289
4937,hybrid,fixed,decaps,781872
4938,hybrid,fixed,decaps,781605
4939,hybrid,fixed,decaps,781200
4940,hybrid,fixed,decaps,792630
4941,hybrid,fixed,decaps,784878
4942,hybrid,fixed,decaps,781659
4943,hybrid,fixed,decaps,811901
4944,hybrid,fixed,decaps,749039
4945,hybrid,fixed,decaps,737274
4946,hybrid,fixed,decaps,797429
4947,hybrid,fixed,decaps,781508
4948,hybrid,fixed,decaps,759427
4949,hybrid,fixed,decaps,761001
4950,hybrid,fixed,decaps,758588
4951,hybrid,fixed,decaps,778347
4952,hybrid,fixed,decaps,802031
4953,hybrid,fixed,decaps,759566
4954,hybrid,fixed,decaps,808617
4955,hybrid,fixed,decaps,782255
4956,hybrid,fixed,decaps,787625
4957,hybrid,fixed,decaps,782260
4958,hybrid,fixed,decaps,813377
4959,hybrid,fixed,decaps,782411
4960,hybrid,fixed,decaps,781093
4961,hybrid,fixed,decaps,780711
4962,hybrid,fixed,decaps,789125
4963,hybrid,fixed,decaps,781844
4964,hybrid,fixed,decaps,781533
4965,hybrid,fixed,decaps,782027
4966,hybrid,fixed,decaps,780984
4967,hybrid,fixed,decaps,787480
4968,hybrid,fixed,decaps,806094
4969,hybrid,fixed,decaps,778747
4970,hybrid,fixed,decaps,763687
4971,hybrid,fixed,decaps,759110
4972,hybrid,fixed,decaps,821323
4973,hybrid,fixed,decaps,827365
4974,hybrid,fixed,decaps,780222
4975,hybrid,fixed,decaps,758789
4976,hybrid,fixed,decaps,758612
4977,hybrid,fixed,decaps,838087
4978,hybrid,fixed,decaps,805624
4979,hybrid,fixed,decaps,786383
4980,hybrid,fixed,decaps,778324
4981,hybrid,fixed,decaps,759548
4982,hybrid,fixed,decaps,765577
4983,hybrid,fixed,decaps,759040
4984,hybrid,fixed,decaps,758703
4985,hybrid,fixed,decaps,758468
4986,hybrid,fixed,decaps,812859
4987,hybrid,fixed,decaps,809378
4988,hybrid,fixed,decaps,795149
4989,hybrid,fixed,decaps,778562
4990,hybrid,fixed,decaps,759412
4991,hybrid,fixed,decaps,758458
4992,hybrid,fixed,decaps,764508
4993,hybrid,fixed,decaps,759516
4994,hybrid,fixed,decaps,782354
4995,hybrid,fixed,decaps,813040
4996,hybrid,fixed,decaps,805035
4997,hybrid,fixed,decaps,787499
4998,hybrid,fixed,decaps,781696
4999,hybrid,fixed,decaps,807818
5000,hybrid,fixed,decaps,763943
5001,hybrid,fixed,decaps,775859
5002,hybrid,fixed,decaps,766340
5003,hybrid,fixed,decaps,778414
5004,hybrid,fixed,decaps,759536
5005,hybrid,fixed,decaps,805740
5006,hybrid,fixed,decaps,815778
5007,hybrid,fixed,decaps,799788
5008,hybrid,fixed,decaps,759371
5009,hybrid,fixed,decaps,757966
5010,hybrid,fixed,decaps,758037
5011,hybrid,fixed,decaps,757721
5012,hybrid,fixed,decaps,757923
5013,hybrid,fixed,decaps,822249
5014,hybrid,fixed,decaps,800854
5015,hybrid,fixed,decaps,781268
5016,hybrid,fixed,decaps,780844
5017,hybrid,fixed,decaps,780910
5018,hybrid,fixed,decaps,813083
5019,hybrid,fixed,decaps,770764
5020,hybrid,fixed,decaps,796286
5021,hybrid,fixed,decaps,760189
5022,hybrid,fixed,decaps,758945
5023,hybrid,fixed,decaps,766499
5024,hybrid,fixed,decaps,758128
5025,hybrid,fixed,decaps,806115
5026,hybrid,fixed,decaps,821858
5027,hybrid,fixed,decaps,781956
5028,hybrid,fixed,decaps,796962
5029,hybrid,fixed,decaps,791035
5030,hybrid,fixed,decaps,763873
5031,hybrid,fixed,decaps,778792
5032,hybrid,fixed,decaps,758780
5033,hybrid,fixed,decaps,765649
5034,hybrid,fixed,decaps,783944
5035,hybrid,fixed,decaps,828734
5036,hybrid,fixed,decaps,795264
5037,hybrid,fixed,decaps,765424
5038,hybrid,fixed,decaps,806282
5039,hybrid,fixed,decaps,758587
5040,hybrid,fixed,decaps,757667
5041,hybrid,fixed,decaps,757975
5042,hybrid,fixed,decaps,758033
5043,hybrid,fixed,decaps,764790
5044,hybrid,fixed,decaps,772236
5045,hybrid,fixed,decaps,805403
5046,hybrid,fixed,decaps,824434
5047,hybrid,fixed,decaps,782478
5048,hybrid,fixed,decaps,825816
5049,hybrid,fixed,decaps,741561
5050,hybrid,fixed,decaps,859893
5051,hybrid,fixed,decaps,786876
5052,hybrid,fixed,decaps,773906
5053,hybrid,fixed,decaps,765816
5054,hybrid,fixed,decaps,778160
5055,hybrid,fixed,decaps,759319
5056,hybrid,fixed,decaps,758574
5057,hybrid,fixed,decaps,779797
5058,hybrid,fixed,decaps,772290
5059,hybrid,fixed,decaps,787971
5060,hybrid,fixed,decaps,806047
5061,hybrid,fixed,decaps,783702
5062,hybrid,fixed,decaps,781585
5063,hybrid,fixed,decaps,781399
5064,hybrid,fixed,decaps,788372
5065,hybrid,fixed,decaps,780912
5066,hybrid,fixed,decaps,780262
5067,hybrid,fixed,decaps,780575
5068,hybrid,fixed,decaps,780441
5069,hybrid,fixed,decaps,782013
5070,hybrid,fixed,decaps,775159
5071,hybrid,fixed,decaps,758530
5072,hybrid,fixed,decaps,781681
5073,hybrid,fixed,decaps,759970
5074,hybrid,fixed,decaps,768288
5075,hybrid,fixed,decaps,759354
5076,hybrid,fixed,decaps,780834
5077,hybrid,fixed,decaps,825706
5078,hybrid,fixed,decaps,799862
5079,hybrid,fixed,decaps,787985
5080,hybrid,fixed,decaps,805613
5081,hybrid,fixed,decaps,742721
5082,hybrid,fixed,decaps,776155
5083,hybrid,fixed,decaps,779194
5084,hybrid,fixed,decaps,766512
5085,hybrid,fixed,decaps,759755
5086,hybrid,fixed,decaps,759076
5087,hybrid,fixed,decaps,759319
5088,hybrid,fixed,decaps,758818
5089,hybrid,fixed,decaps,784952
5090,hybrid,fixed,decaps,806481
5091,hybrid,fixed,decaps,797092
5092,hybrid,fixed,decaps,781979
5093,hybrid,fixed,decaps,782031
5094,hybrid,fixed,decaps,830780
5095,hybrid,fixed,decaps,739127
5096,hybrid,fixed,decaps,779531
5097,hybrid,fixed,decaps,759217
5098,hybrid,fixed,decaps,783604
5099,hybrid,fixed,decaps,759890
5100,hybrid,fixed,decaps,765717
5101,hybrid,fixed,decaps,782686
5102,hybrid,fixed,decaps,791429
5103,hybrid,fixed,decaps,815468
5104,hybrid,fixed,decaps,781384
5105,hybrid,fixed,decaps,782777
5106,hybrid,fixed,decaps,810359
5107,hybrid,fixed,decaps,759899
5108,hybrid,fixed,decaps,777362
5109,hybrid,fixed,decaps,828700
5110,hybrid,fixed,decaps,804026
5111,hybrid,fixed,decaps,773374
5112,hybrid,fixed,decaps,769142
5113,hybrid,fixed,decaps,759074
5114,hybrid,fixed,decaps,779340
5115,hybrid,fixed,decaps,811929
5116,hybrid,fixed,decaps,793113
5117,hybrid,fixed,decaps,767728
5118,hybrid,fixed,decaps,758636
5119,hybrid,fixed,decaps,758626
5120,hybrid,fixed,decaps,763582
5121,hybrid,fixed,decaps,758592
5122,hybrid,fixed,decaps,758380
5123,hybrid,fixed,decaps,758325
5124,hybrid,fixed,decaps,780167
5125,hybrid,fixed,decaps,795784
5126,hybrid,fixed,decaps,816333
5127,hybrid,fixed,decaps,808083
5128,hybrid,fixed,decaps,782789
5129,hybrid,fixed,decaps,781433
5130,hybrid,fixed,decaps,808295
5131,hybrid,fixed,decaps,763939
5132,hybrid,fixed,decaps,777381
5133,hybrid,fixed,decaps,759980
5134,hybrid,fixed,decaps,758339
5135,hybrid,fixed,decaps,784582
5136,hybrid,fixed,decaps,759864
5137,hybrid,fixed,decaps,813457
5138,hybrid,fixed,decaps,803064
5139,hybrid,fixed,decaps,782943
5140,hybrid,fixed,decaps,764191
5141,hybrid,fixed,decaps,762189
5142,hybrid,fixed,decaps,758555
5143,hybrid,fixed,decaps,758575
5144,hybrid,fixed,decaps,758522
5145,hybrid,fixed,decaps,758423
5146,hybrid,fixed,decaps,761369
5147,hybrid,fixed,decaps,758753
5148,hybrid,fixed,decaps,758443
5149,hybrid,fixed,decaps,758628
5150,hybrid,fixed,decaps,781859
5151,hybrid,fixed,decaps,765281
5152,hybrid,fixed,decaps,758783
5153,hybrid,fixed,decaps,781409
5154,hybrid,fixed,decaps,761474
5155,hybrid,fixed,decaps,758565
5156,hybrid,fixed,decaps,784818
5157,hybrid,fixed,decaps,759111
5158,hybrid,fixed,decaps,779614
5159,hybrid,fixed,decaps,758966
5160,hybrid,fixed,decaps,796751
5161,hybrid,fixed,decaps,841211
5162,hybrid,fixed,decaps,783311
5163,hybrid,fixed,decaps,781061
5164,hybrid,fixed,decaps,781308
5165,hybrid,fixed,decaps,780915
5166,hybrid,fixed,decaps,793720
5167,hybrid,fixed,decaps,736833
5168,hybrid,fixed,decaps,782273
5169,hybrid,fixed,decaps,758739
5170,hybrid,fixed,decaps,758621
5171,hybrid,fixed,decaps,758685
5172,hybrid,fixed,decaps,822851
5173,hybrid,fixed,decaps,801014
5174,hybrid,fixed,decaps,779156
5175,hybrid,fixed,decaps,766529
5176,hybrid,fixed,decaps,785076
5177,hybrid,fixed,decaps,767129
5178,hybrid,fixed,decaps,759380
5179,hybrid,fixed,decaps,811753
5180,hybrid,fixed,decaps,818661
5181,hybrid,fixed,decaps,781794
5182,hybrid,fixed,decaps,787559
5183,hybrid,fixed,decaps,778504
5184,hybrid,fixed,decaps,755831
5185,hybrid,fixed,decaps,742882
5186,hybrid,fixed,decaps,776667
5187,hybrid,fixed,decaps,813905
5188,hybrid,fixed,decaps,759838
5189,hybrid,fixed,decaps,758703
5190,hybrid,fixed,decaps,758646
5191,hybrid,fixed,decaps,758531
5192,hybrid,fixed,decaps,764484
5193,hybrid,fixed,decaps,759150
5194,hybrid,fixed,decaps,758593
5195,hybrid,fixed,decaps,790022
5196,hybrid,fixed,decaps,782271
5197,hybrid,fixed,decaps,788170
5198,hybrid,fixed,decaps,782087
5199,hybrid,fixed,decaps,781777
5200,hybrid,fixed,decaps,768189
5201,hybrid,fixed,decaps,771000
5202,hybrid,fixed,decaps,803430
5203,hybrid,fixed,decaps,760099
5204,hybrid,fixed,decaps,759130
5205,hybrid,fixed,decaps,784167
5206,hybrid,fixed,decaps,778055
5207,hybrid,fixed,decaps,759570
5208,hybrid,fixed,decaps,980496
5209,hybrid,fixed,decaps,761227
5210,hybrid,fixed,decaps,780268
5211,hybrid,fixed,decaps,759348
5212,hybrid,fixed,decaps,763332
5213,hybrid,fixed,decaps,839928
5214,hybrid,fixed,decaps,800457
5215,hybrid,fixed,decaps,781717
5216,hybrid,fixed,decaps,791013
5217,hybrid,fixed,decaps,741220
5218,hybrid,fixed,decaps,777453
5219,hybrid,fixed,decaps,761294
5220,hybrid,fixed,decaps,758769
5221,hybrid,fixed,decaps,773750
5222,hybrid,fixed,decaps,806105
5223,hybrid,fixed,decaps,805110
5224,hybrid,fixed,decaps,782267
5225,hybrid,fixed,decaps,787426
5226,hybrid,fixed,decaps,741690
5227,hybrid,fixed,decaps,777410
5228,hybrid,fixed,decaps,787956
5229,hybrid,fixed,decaps,759657
5230,hybrid,fixed,decaps,758368
5231,hybrid,fixed,decaps,782641
5232,hybrid,fixed,decaps,761004
5233,hybrid,fixed,decaps,768987
5234,hybrid,fixed,decaps,796563
5235,hybrid,fixed,decaps,856123
5236,hybrid,fixed,decaps,818745
5237,hybrid,fixed,decaps,819159
5238,hybrid,fixed,decaps,851818
5239,hybrid,fixed,decaps,783320
5240,hybrid,fixed,decaps,801536
5241,hybrid,fixed,decaps,759164
5242,hybrid,fixed,decaps,763090
5243,hybrid,fixed,decaps,791898
5244,hybrid,fixed,decaps,780505
5245,hybrid,fixed,decaps,763162
5246,hybrid,fixed,decaps,759515
5247,hybrid,fixed,decaps,801988
5248,hybrid,fixed,decaps,830749
5249,hybrid,fixed,decaps,806429
5250,hybrid,fixed,decaps,738229
5251,hybrid,fixed,decaps,782611
5252,hybrid,fixed,decaps,783709
5253,hybrid,fixed,decaps,1117377
5254,hybrid,fixed,decaps,760221
5255,hybrid,fixed,decaps,758691
5256,hybrid,fixed,decaps,788325
5257,hybrid,fixed,decaps,760151
5258,hybrid,fixed,decaps,766224
5259,hybrid,fixed,decaps,758843
5260,hybrid,fixed,decaps,780189
5261,hybrid,fixed,decaps,759604
5262,hybrid,fixed,decaps,758723
5263,hybrid,fixed,decaps,810191
5264,hybrid,fixed,decaps,828153
5265,hybrid,fixed,decaps,812130
5266,hybrid,fixed,decaps,798605
5267,hybrid,fixed,decaps,785328
5268,hybrid,fixed,decaps,797305
5269,hybrid,fixed,decaps,759370
5270,hybrid,fixed,decaps,758763
5271,hybrid,fixed,decaps,809296
5272,hybrid,fixed,decaps,805259
5273,hybrid,fixed,decaps,830821
5274,hybrid,fixed,decaps,759394
5275,hybrid,fixed,decaps,758799
5276,hybrid,fixed,decaps,763217
5277,hybrid,fixed,decaps,758799
5278,hybrid,fixed,decaps,784330
5279,hybrid,fixed,decaps,773997
5280,hybrid,fixed,decaps,759050
5281,hybrid,fixed,decaps,758599
5282,hybrid,fixed,decaps,813957
5283,hybrid,fixed,decaps,819040
5284,hybrid,fixed,decaps,788830
5285,hybrid,fixed,decaps,786973
5286,hybrid,fixed,decaps,772215
5287,hybrid,fixed,decaps,758759
5288,hybrid,fixed,decaps,758709
5289,hybrid,fixed,decaps,838827
5290,hybrid,fixed,decaps,803509
5291,hybrid,fixed,decaps,787992
5292,hybrid,fixed,decaps,775541
5293,hybrid,fixed,decaps,759019
5294,hybrid,fixed,decaps,818395
5295,hybrid,fixed,decaps,785725
5296,hybrid,fixed,decaps,771118
5297,hybrid,fixed,decaps,758871
5298,hybrid,fixed,decaps,758654
5299,hybrid,fixed,decaps,766006
5300,hybrid,fixed,decaps,759105
5301,hybrid,fixed,decaps,776711
5302,hybrid,fixed,decaps,807115
5303,hybrid,fixed,decaps,798290
5304,hybrid,fixed,decaps,814918
5305,hybrid,fixed,decaps,783609
5306,hybrid,fixed,decaps,782373
5307,hybrid,fixed,decaps,782084
5308,hybrid,fixed,decaps,784564
5309,hybrid,fixed,decaps,798118
5310,hybrid,fixed,decaps,770345
5311,hybrid,fixed,decaps,848247
5312,hybrid,fixed,decaps,763003
5313,hybrid,fixed,decaps,759357
5314,hybrid,fixed,decaps,767982
5315,hybrid,fixed,decaps,790146
5316,hybrid,fixed,decaps,759715
5317,hybrid,fixed,decaps,758952
5318,hybrid,fixed,decaps,785051
5319,hybrid,fixed,decaps,821378
5320,hybrid,fixed,decaps,783102
5321,hybrid,fixed,decaps,781599
5322,hybrid,fixed,decaps,815324
5323,hybrid,fixed,decaps,805108
5324,hybrid,fixed,decaps,795237
5325,hybrid,fixed,decaps,758321
5326,hybrid,fixed,decaps,757811
5327,hybrid,fixed,decaps,763080
5328,hybrid,fixed,decaps,758899
5329,hybrid,fixed,decaps,765886
5330,hybrid,fixed,decaps,782387
5331,hybrid,fixed,decaps,760083
5332,hybrid,fixed,decaps,758922
5333,hybrid,fixed,decaps,759665
5334,hybrid,fixed,decaps,785116
5335,hybrid,fixed,decaps,821663
5336,hybrid,fixed,decaps,803480
5337,hybrid,fixed,decaps,781767
5338,hybrid,fixed,decaps,809604
5339,hybrid,fixed,decaps,783273
5340,hybrid,fixed,decaps,781394
5341,hybrid,fixed,decaps,795397
5342,hybrid,fixed,decaps,760442
5343,hybrid,fixed,decaps,758960
5344,hybrid,fixed,decaps,759035
5345,hybrid,fixed,decaps,763085
5346,hybrid,fixed,decaps,758830
5347,hybrid,fixed,decaps,758811
5348,hybrid,fixed,decaps,758628
5349,hybrid,fixed,decaps,758789
5350,hybrid,fixed,decaps,761680
5351,hybrid,fixed,decaps,777053
5352,hybrid,fixed,decaps,806038
5353,hybrid,fixed,decaps,798341
5354,hybrid,fixed,decaps,773673
5355,hybrid,fixed,decaps,797185
5356,hybrid,fixed,decaps,760810
5357,hybrid,fixed,decaps,758971
5358,hybrid,fixed,decaps,759017
5359,hybrid,fixed,decaps,758954
5360,hybrid,fixed,decaps,784815
5361,hybrid,fixed,decaps,766934
5362,hybrid,fixed,decaps,759137
5363,hybrid,fixed,decaps,796240
5364,hybrid,fixed,decaps,813210
5365,hybrid,fixed,decaps,781826
5366,hybrid,fixed,decaps,788530
5367,hybrid,fixed,decaps,859043
5368,hybrid,fixed,decaps,805284
5369,hybrid,fixed,decaps,781871
5370,hybrid,fixed,decaps,781681
5371,hybrid,fixed,decaps,785728
5372,hybrid,fixed,decaps,781761
5373,hybrid,fixed,decaps,781590
5374,hybrid,fixed,decaps,795193
5375,hybrid,fixed,decaps,763720
5376,hybrid,fixed,decaps,762160
5377,hybrid,fixed,decaps,758929
5378,hybrid,fixed,decaps,758692
5379,hybrid,fixed,decaps,758633
5380,hybrid,fixed,decaps,759120
5381,hybrid,fixed,decaps,787896
5382,hybrid,fixed,decaps,760746
5383,hybrid,fixed,decaps,759107
5384,hybrid,fixed,decaps,759005
5385,hybrid,fixed,decaps,759001
5386,hybrid,fixed,decaps,823946
5387,hybrid,fixed,decaps,814277
5388,hybrid,fixed,decaps,782255
5389,hybrid,fixed,decaps,781828
5390,hybrid,fixed,decaps,781823
5391,hybrid,fixed,decaps,814178
5392,hybrid,fixed,decaps,764359
5393,hybrid,fixed,decaps,787698
5394,hybrid,fixed,decaps,759303
5395,hybrid,fixed,decaps,758805
5396,hybrid,fixed,decaps,765434
5397,hybrid,fixed,decaps,759151
5398,hybrid,fixed,decaps,758804
5399,hybrid,fixed,decaps,758580
5400,hybrid,fixed,decaps,788637
5401,hybrid,fixed,decaps,820528
5402,hybrid,fixed,decaps,782081
5403,hybrid,fixed,decaps,780119
5404,hybrid,fixed,decaps,763406
5405,hybrid,fixed,decaps,758820
5406,hybrid,fixed,decaps,758804
5407,hybrid,fixed,decaps,784459
5408,hybrid,fixed,decaps,759314
5409,hybrid,fixed,decaps,789782
5410,hybrid,fixed,decaps,817948
5411,hybrid,fixed,decaps,803119
5412,hybrid,fixed,decaps,844777
5413,hybrid,fixed,decaps,783632
5414,hybrid,fixed,decaps,758938
5415,hybrid,fixed,decaps,763713
5416,hybrid,fixed,decaps,758618
5417,hybrid,fixed,decaps,765064
5418,hybrid,fixed,decaps,758483
5419,hybrid,fixed,decaps,777611
5420,hybrid,fixed,decaps,759492
5421,hybrid,fixed,decaps,758785
5422,hybrid,fixed,decaps,767111
5423,hybrid,fixed,decaps,759625
5424,hybrid,fixed,decaps,758888
5425,hybrid,fixed,decaps,817356
5426,hybrid,fixed,decaps,801450
5427,hybrid,fixed,decaps,806316
5428,hybrid,fixed,decaps,765088
5429,hybrid,fixed,decaps,759537
5430,hybrid,fixed,decaps,759016
5431,hybrid,fixed,decaps,758949
5432,hybrid,fixed,decaps,791969
5433,hybrid,fixed,decaps,843334
5434,hybrid,fixed,decaps,801660
5435,hybrid,fixed,decaps,762947
5436,hybrid,fixed,decaps,767306
5437,hybrid,fixed,decaps,787119
5438,hybrid,fixed,decaps,846852
5439,hybrid,fixed,decaps,782824
5440,hybrid,fixed,decaps,766182
5441,hybrid,fixed,decaps,769614
5442,hybrid,fixed,decaps,775197
5443,hybrid,fixed,decaps,760470
5444,hybrid,fixed,decaps,759054
5445,hybrid,fixed,decaps,779706
5446,hybrid,fixed,decaps,759347
5447,hybrid,fixed,decaps,758368
5448,hybrid,fixed,decaps,764594
5449,hybrid,fixed,decaps,804485
5450,hybrid,fixed,decaps,814689
5451,hybrid,fixed,decaps,782866
5452,hybrid,fixed,decaps,790230
5453,hybrid,fixed,decaps,796829
5454,hybrid,fixed,decaps,776801
5455,hybrid,fixed,decaps,766114
5456,hybrid,fixed,decaps,772716
5457,hybrid,fixed,decaps,766178
5458,hybrid,fixed,decaps,772734
5459,hybrid,fixed,decaps,793384
5460,hybrid,fixed,decaps,767933
5461,hybrid,fixed,decaps,776193
5462,hybrid,fixed,decaps,778247
5463,hybrid,fixed,decaps,801199
5464,hybrid,fixed,decaps,831748
5465,hybrid,fixed,decaps,901781
5466,hybrid,fixed,decaps,788186
5467,hybrid,fixed,decaps,783295
5468,hybrid,fixed,decaps,794628
5469,hybrid,fixed,decaps,783212
5470,hybrid,fixed,decaps,806258
5471,hybrid,fixed,decaps,782784
5472,hybrid,fixed,decaps,781801
5473,hybrid,fixed,decaps,794372
5474,hybrid,fixed,decaps,786338
5475,hybrid,fixed,decaps,775297
5476,hybrid,fixed,decaps,759626
5477,hybrid,fixed,decaps,821687
5478,hybrid,fixed,decaps,841467
5479,hybrid,fixed,decaps,798726
5480,hybrid,fixed,decaps,758458
5481,hybrid,fixed,decaps,759101
5482,hybrid,fixed,decaps,758310
5483,hybrid,fixed,decaps,1163570
5484,hybrid,fixed,decaps,767227
5485,hybrid,fixed,decaps,768083
5486,hybrid,fixed,decaps,759444
5487,hybrid,fixed,decaps,772591
5488,hybrid,fixed,decaps,770735
5489,hybrid,fixed,decaps,808663
5490,hybrid,fixed,decaps,783231
5491,hybrid,fixed,decaps,782188
5492,hybrid,fixed,decaps,781987
5493,hybrid,fixed,decaps,793272
5494,hybrid,fixed,decaps,782786
5495,hybrid,fixed,decaps,801589
5496,hybrid,fixed,decaps,787144
5497,hybrid,fixed,decaps,754736
5498,hybrid,fixed,decaps,794560
5499,hybrid,fixed,decaps,763856
5500,hybrid,fixed,decaps,758517
5501,hybrid,fixed,decaps,758344
5502,hybrid,fixed,decaps,758182
5503,hybrid,fixed,decaps,767393
5504,hybrid,fixed,decaps,774628
5505,hybrid,fixed,decaps,781359
5506,hybrid,fixed,decaps,781538
5507,hybrid,fixed,decaps,781086
5508,hybrid,fixed,decaps,791380
5509,hybrid,fixed,decaps,806361
5510,hybrid,fixed,decaps,782858
5511,hybrid,fixed,decaps,781803
5512,hybrid,fixed,decaps,781233
5513,hybrid,fixed,decaps,784177
5514,hybrid,fixed,decaps,760205
5515,hybrid,fixed,decaps,783203
5516,hybrid,fixed,decaps,760254
5517,hybrid,fixed,decaps,777525
5518,hybrid,fixed,decaps,781911
5519,hybrid,fixed,decaps,788044
5520,hybrid,fixed,decaps,781537
5521,hybrid,fixed,decaps,799742
5522,hybrid,fixed,decaps,782305
5523,hybrid,fixed,decaps,785418
5524,hybrid,fixed,decaps,787544
5525,hybrid,fixed,decaps,774886
5526,hybrid,fixed,decaps,759083
5527,hybrid,fixed,decaps,758195
5528,hybrid,fixed,decaps,758576
5529,hybrid,fixed,decaps,762370
5530,hybrid,fixed,decaps,758507
5531,hybrid,fixed,decaps,758659
5532,hybrid,fixed,decaps,758412
5533,hybrid,fixed,decaps,758677
5534,hybrid,fixed,decaps,767741
5535,hybrid,fixed,decaps,783142
5536,hybrid,fixed,decaps,759199
5537,hybrid,fixed,decaps,762892
5538,hybrid,fixed,decaps,760905
5539,hybrid,fixed,decaps,794097
5540,hybrid,fixed,decaps,824141
5541,hybrid,fixed,decaps,806504
5542,hybrid,fixed,decaps,782712
5543,hybrid,fixed,decaps,781523
5544,hybrid,fixed,decaps,815735
5545,hybrid,fixed,decaps,756539
5546,hybrid,fixed,decaps,759505
5547,hybrid,fixed,decaps,804285
5548,hybrid,fixed,decaps,794397
5549,hybrid,fixed,decaps,788124
5550,hybrid,fixed,decaps,955104
5551,hybrid,fixed,decaps,913504
5552,hybrid,fixed,decaps,749171
5553,hybrid,fixed,decaps,778145
5554,hybrid,fixed,decaps,768539
5555,hybrid,fixed,decaps,759296
5556,hybrid,fixed,decaps,758363
5557,hybrid,fixed,decaps,758211
5558,hybrid,fixed,decaps,795901
5559,hybrid,fixed,decaps,820684
5560,hybrid,fixed,decaps,789630
5561,hybrid,fixed,decaps,797185
5562,hybrid,fixed,decaps,782477
5563,hybrid,fixed,decaps,781504
5564,hybrid,fixed,decaps,798667
5565,hybrid,fixed,decaps,787185
5566,hybrid,fixed,decaps,778973
5567,hybrid,fixed,decaps,778895
5568,hybrid,fixed,decaps,758592
5569,hybrid,fixed,decaps,758366
5570,hybrid,fixed,decaps,764760
5571,hybrid,fixed,decaps,830687
5572,hybrid,fixed,decaps,763906
5573,hybrid,fixed,decaps,778585
5574,hybrid,fixed,decaps,759421
5575,hybrid,fixed,decaps,768184
5576,hybrid,fixed,decaps,759054
5577,hybrid,fixed,decaps,758409
5578,hybrid,fixed,decaps,758089
5579,hybrid,fixed,decaps,817114
5580,hybrid,fixed,decaps,810087
5581,hybrid,fixed,decaps,808142
5582,hybrid,fixed,decaps,781675
5583,hybrid,fixed,decaps,786233
5584,hybrid,fixed,decaps,772559
5585,hybrid,fixed,decaps,762093
5586,hybrid,fixed,decaps,785072
5587,hybrid,fixed,decaps,760425
5588,hybrid,fixed,decaps,759135
5589,hybrid,fixed,decaps,758670
5590,hybrid,fixed,decaps,798528
5591,hybrid,fixed,decaps,813002
5592,hybrid,fixed,decaps,807439
5593,hybrid,fixed,decaps,782518
5594,hybrid,fixed,decaps,781427
5595,hybrid,fixed,decaps,790010
5596,hybrid,fixed,decaps,794803
5597,hybrid,fixed,decaps,763888
5598,hybrid,fixed,decaps,789702
5599,hybrid,fixed,decaps,778843
5600,hybrid,fixed,decaps,764605
5601,hybrid,fixed,decaps,758676
5602,hybrid,fixed,decaps,758426
5603,hybrid,fixed,decaps,807480
5604,hybrid,fixed,decaps,807316
5605,hybrid,fixed,decaps,811445
5606,hybrid,fixed,decaps,784046
5607,hybrid,fixed,decaps,781883
5608,hybrid,fixed,decaps,782032
5609,hybrid,fixed,decaps,781284
5610,hybrid,fixed,decaps,785549
5611,hybrid,fixed,decaps,759909
5612,hybrid,fixed,decaps,758948
5613,hybrid,fixed,decaps,783640
5614,hybrid,fixed,decaps,759542
5615,hybrid,fixed,decaps,758649
5616,hybrid,fixed,decaps,825464
5617,hybrid,fixed,decaps,802295
5618,hybrid,fixed,decaps,809314
5619,hybrid,fixed,decaps,790766
5620,hybrid,fixed,decaps,737121
5621,hybrid,fixed,decaps,806977
5622,hybrid,fixed,decaps,759522
5623,hybrid,fixed,decaps,758767
5624,hybrid,fixed,decaps,792768
5625,hybrid,fixed,decaps,807101
5626,hybrid,fixed,decaps,806918
5627,hybrid,fixed,decaps,777949
5628,hybrid,fixed,decaps,765632
5629,hybrid,fixed,decaps,758978
5630,hybrid,fixed,decaps,758681
5631,hybrid,fixed,decaps,765317
5632,hybrid,fixed,decaps,759102
5633,hybrid,fixed,decaps,758878
5634,hybrid,fixed,decaps,758723
5635,hybrid,fixed,decaps,758733
5636,hybrid,fixed,decaps,765381
5637,hybrid,fixed,decaps,759323
5638,hybrid,fixed,decaps,758944
5639,hybrid,fixed,decaps,783141
5640,hybrid,fixed,decaps,770876
5641,hybrid,fixed,decaps,765382
5642,hybrid,fixed,decaps,759936
5643,hybrid,fixed,decaps,759246
5644,hybrid,fixed,decaps,784293
5645,hybrid,fixed,decaps,783284
5646,hybrid,fixed,decaps,806361
5647,hybrid,fixed,decaps,801301
5648,hybrid,fixed,decaps,781684
5649,hybrid,fixed,decaps,781351
5650,hybrid,fixed,decaps,800332
5651,hybrid,fixed,decaps,782191
5652,hybrid,fixed,decaps,788847
5653,hybrid,fixed,decaps,769769
5654,hybrid,fixed,decaps,770578
5655,hybrid,fixed,decaps,758964
5656,hybrid,fixed,decaps,758676
5657,hybrid,fixed,decaps,798277
5658,hybrid,fixed,decaps,760121
5659,hybrid,fixed,decaps,780656
5660,hybrid,fixed,decaps,806438
5661,hybrid,fixed,decaps,795738
5662,hybrid,fixed,decaps,797293
5663,hybrid,fixed,decaps,765654
5664,hybrid,fixed,decaps,770519
5665,hybrid,fixed,decaps,771463
5666,hybrid,fixed,decaps,761170
5667,hybrid,fixed,decaps,764837
5668,hybrid,fixed,decaps,783859
5669,hybrid,fixed,decaps,806240
5670,hybrid,fixed,decaps,826730
5671,hybrid,fixed,decaps,771337
5672,hybrid,fixed,decaps,799498
5673,hybrid,fixed,decaps,759630
5674,hybrid,fixed,decaps,759494
5675,hybrid,fixed,decaps,813511
5676,hybrid,fixed,decaps,826004
5677,hybrid,fixed,decaps,790613
5678,hybrid,fixed,decaps,782553
5679,hybrid,fixed,decaps,781802
5680,hybrid,fixed,decaps,781252
5681,hybrid,fixed,decaps,782793
5682,hybrid,fixed,decaps,786183
5683,hybrid,fixed,decaps,798983
5684,hybrid,fixed,decaps,737380
5685,hybrid,fixed,decaps,779349
5686,hybrid,fixed,decaps,758731
5687,hybrid,fixed,decaps,758453
5688,hybrid,fixed,decaps,761990
5689,hybrid,fixed,decaps,785068
5690,hybrid,fixed,decaps,797573
5691,hybrid,fixed,decaps,812663
5692,hybrid,fixed,decaps,781899
5693,hybrid,fixed,decaps,786964
5694,hybrid,fixed,decaps,781636
5695,hybrid,fixed,decaps,778920
5696,hybrid,fixed,decaps,788075
5697,hybrid,fixed,decaps,759389
5698,hybrid,fixed,decaps,767407
5699,hybrid,fixed,decaps,801931
5700,hybrid,fixed,decaps,800288
5701,hybrid,fixed,decaps,769834
5702,hybrid,fixed,decaps,805192
5703,hybrid,fixed,decaps,765019
5704,hybrid,fixed,decaps,758509
5705,hybrid,fixed,decaps,758105
5706,hybrid,fixed,decaps,758100
5707,hybrid,fixed,decaps,813455
5708,hybrid,fixed,decaps,806939
5709,hybrid,fixed,decaps,784506
5710,hybrid,fixed,decaps,765926
5711,hybrid,fixed,decaps,760883
5712,hybrid,fixed,decaps,758956
5713,hybrid,fixed,decaps,761959
5714,hybrid,fixed,decaps,781184
5715,hybrid,fixed,decaps,866334
5716,hybrid,fixed,decaps,782826
5717,hybrid,fixed,decaps,765224
5718,hybrid,fixed,decaps,796915
5719,hybrid,fixed,decaps,759059
5720,hybrid,fixed,decaps,758839
5721,hybrid,fixed,decaps,758595
5722,hybrid,fixed,decaps,783213
5723,hybrid,fixed,decaps,791724
5724,hybrid,fixed,decaps,806688
5725,hybrid,fixed,decaps,781745
5726,hybrid,fixed,decaps,781809
5727,hybrid,fixed,decaps,788447
5728,hybrid,fixed,decaps,811463
5729,hybrid,fixed,decaps,783275
5730,hybrid,fixed,decaps,781789
5731,hybrid,fixed,decaps,768866
5732,hybrid,fixed,decaps,769160
5733,hybrid,fixed,decaps,759157
5734,hybrid,fixed,decaps,762600
5735,hybrid,fixed,decaps,758961
5736,hybrid,fixed,decaps,759125
5737,hybrid,fixed,decaps,758539
5738,hybrid,fixed,decaps,758778
5739,hybrid,fixed,decaps,761734
5740,hybrid,fixed,decaps,797296
5741,hybrid,fixed,decaps,838050
5742,hybrid,fixed,decaps,783414
5743,hybrid,fixed,decaps,782175
5744,hybrid,fixed,decaps,792995
5745,hybrid,fixed,decaps,769569
5746,hybrid,fixed,decaps,758849
5747,hybrid,fixed,decaps,759261
5748,hybrid,fixed,decaps,786593
5749,hybrid,fixed,decaps,766100
5750,hybrid,fixed,decaps,759155
5751,hybrid,fixed,decaps,759009
5752,hybrid,fixed,decaps,758892
5753,hybrid,fixed,decaps,758925
5754,hybrid,fixed,decaps,819705
5755,hybrid,fixed,decaps,816435
5756,hybrid,fixed,decaps,781612
5757,hybrid,fixed,decaps,781365
5758,hybrid,fixed,decaps,781261
5759,hybrid,fixed,decaps,786932
5760,hybrid,fixed,decaps,761666
5761,hybrid,fixed,decaps,758924
5762,hybrid,fixed,decaps,758792
5763,hybrid,fixed,decaps,758969
5764,hybrid,fixed,decaps,758941
5765,hybrid,fixed,decaps,762793
5766,hybrid,fixed,decaps,758956
5767,hybrid,fixed,decaps,779878
5768,hybrid,fixed,decaps,760233
5769,hybrid,fixed,decaps,759171
5770,hybrid,fixed,decaps,765280
5771,hybrid,fixed,decaps,800071
5772,hybrid,fixed,decaps,810507
5773,hybrid,fixed,decaps,782913
5774,hybrid,fixed,decaps,802918
5775,hybrid,fixed,decaps,790075
5776,hybrid,fixed,decaps,782011
5777,hybrid,fixed,decaps,781826
5778,hybrid,fixed,decaps,782009
5779,hybrid,fixed,decaps,797143
5780,hybrid,fixed,decaps,793411
5781,hybrid,fixed,decaps,772081
5782,hybrid,fixed,decaps,759379
5783,hybrid,fixed,decaps,759010
5784,hybrid,fixed,decaps,758806
5785,hybrid,fixed,decaps,762343
5786,hybrid,fixed,decaps,781729
5787,hybrid,fixed,decaps,806695
5788,hybrid,fixed,decaps,795440
5789,hybrid,fixed,decaps,768594
5790,hybrid,fixed,decaps,770371
5791,hybrid,fixed,decaps,759217
5792,hybrid,fixed,decaps,758921
5793,hybrid,fixed,decaps,782038
5794,hybrid,fixed,decaps,761375
5795,hybrid,fixed,decaps,767281
5796,hybrid,fixed,decaps,759289
5797,hybrid,fixed,decaps,758704
5798,hybrid,fixed,decaps,802018
5799,hybrid,fixed,decaps,809288
5800,hybrid,fixed,decaps,811766
5801,hybrid,fixed,decaps,783663
5802,hybrid,fixed,decaps,781927
5803,hybrid,fixed,decaps,782068
5804,hybrid,fixed,decaps,801882
5805,hybrid,fixed,decaps,816211
5806,hybrid,fixed,decaps,788645
5807,hybrid,fixed,decaps,782152
5808,hybrid,fixed,decaps,774866
5809,hybrid,fixed,decaps,768719
5810,hybrid,fixed,decaps,758692
5811,hybrid,fixed,decaps,772660
5812,hybrid,fixed,decaps,759525
5813,hybrid,fixed,decaps,759067
5814,hybrid,fixed,decaps,759380
5815,hybrid,fixed,decaps,758864
5816,hybrid,fixed,decaps,816196
5817,hybrid,fixed,decaps,807380
5818,hybrid,fixed,decaps,789652
5819,hybrid,fixed,decaps,766389
5820,hybrid,fixed,decaps,776967
5821,hybrid,fixed,decaps,765215
5822,hybrid,fixed,decaps,787134
5823,hybrid,fixed,decaps,817101
5824,hybrid,fixed,decaps,781989
5825,hybrid,fixed,decaps,781994
5826,hybrid,fixed,decaps,811660
5827,hybrid,fixed,decaps,782928
5828,hybrid,fixed,decaps,781832
5829,hybrid,fixed,decaps,796607
5830,hybrid,fixed,decaps,765740
5831,hybrid,fixed,decaps,827384
5832,hybrid,fixed,decaps,854207
5833,hybrid,fixed,decaps,771709
5834,hybrid,fixed,decaps,759425
5835,hybrid,fixed,decaps,790273
5836,hybrid,fixed,decaps,790375
5837,hybrid,fixed,decaps,782184
5838,hybrid,fixed,decaps,785902
5839,hybrid,fixed,decaps,753162
5840,hybrid,fixed,decaps,776924
5841,hybrid,fixed,decaps,764435
5842,hybrid,fixed,decaps,773779
5843,hybrid,fixed,decaps,781733
5844,hybrid,fixed,decaps,793795
5845,hybrid,fixed,decaps,795717
5846,hybrid,fixed,decaps,789684
5847,hybrid,fixed,decaps,782379
5848,hybrid,fixed,decaps,783991
5849,hybrid,fixed,decaps,781840
5850,hybrid,fixed,decaps,779837
5851,hybrid,fixed,decaps,811164
5852,hybrid,fixed,decaps,760776
5853,hybrid,fixed,decaps,759412
5854,hybrid,fixed,decaps,786374
5855,hybrid,fixed,decaps,782494
5856,hybrid,fixed,decaps,782901
5857,hybrid,fixed,decaps,816861
5858,hybrid,fixed,decaps,782693
5859,hybrid,fixed,decaps,775517
5860,hybrid,fixed,decaps,769560
5861,hybrid,fixed,decaps,759166
5862,hybrid,fixed,decaps,797297
5863,hybrid,fixed,decaps,781486
5864,hybrid,fixed,decaps,783703
5865,hybrid,fixed,decaps,781007
5866,hybrid,fixed,decaps,781137
5867,hybrid,fixed,decaps,765120
5868,hybrid,fixed,decaps,775400
5869,hybrid,fixed,decaps,759167
5870,hybrid,fixed,decaps,780228
5871,hybrid,fixed,decaps,793836
5872,hybrid,fixed,decaps,788082
5873,hybrid,fixed,decaps,782066
5874,hybrid,fixed,decaps,793864
5875,hybrid,fixed,decaps,737287
5876,hybrid,fixed,decaps,778255
5877,hybrid,fixed,decaps,790052
5878,hybrid,fixed,decaps,760459
5879,hybrid,fixed,decaps,759356
5880,hybrid,fixed,decaps,759191
5881,hybrid,fixed,decaps,786335
5882,hybrid,fixed,decaps,820651
5883,hybrid,fixed,decaps,807348
5884,hybrid,fixed,decaps,782586
5885,hybrid,fixed,decaps,782587
5886,hybrid,fixed,decaps,774822
5887,hybrid,fixed,decaps,792728
5888,hybrid,fixed,decaps,759519
5889,hybrid,fixed,decaps,758922
5890,hybrid,fixed,decaps,758786
5891,hybrid,fixed,decaps,758867
5892,hybrid,fixed,decaps,759019
5893,hybrid,fixed,decaps,773523
5894,hybrid,fixed,decaps,789888
5895,hybrid,fixed,decaps,781689
5896,hybrid,fixed,decaps,803173
5897,hybrid,fixed,decaps,783805
5898,hybrid,fixed,decaps,790559
5899,hybrid,fixed,decaps,768372
5900,hybrid,fixed,decaps,765321
5901,hybrid,fixed,decaps,759305
5902,hybrid,fixed,decaps,759062
5903,hybrid,fixed,decaps,787407
5904,hybrid,fixed,decaps,760369
5905,hybrid,fixed,decaps,776867
5906,hybrid,fixed,decaps,781862
5907,hybrid,fixed,decaps,782235
5908,hybrid,fixed,decaps,866126
5909,hybrid,fixed,decaps,783336
5910,hybrid,fixed,decaps,782462
5911,hybrid,fixed,decaps,782649
5912,hybrid,fixed,decaps,782094
5913,hybrid,fixed,decaps,775606
5914,hybrid,fixed,decaps,765524
5915,hybrid,fixed,decaps,773514
5916,hybrid,fixed,decaps,782310
5917,hybrid,fixed,decaps,808947
5918,hybrid,fixed,decaps,814170
5919,hybrid,fixed,decaps,765152
5920,hybrid,fixed,decaps,761443
5921,hybrid,fixed,decaps,816231
5922,hybrid,fixed,decaps,784785
5923,hybrid,fixed,decaps,804439
5924,hybrid,fixed,decaps,766029
5925,hybrid,fixed,decaps,759028
5926,hybrid,fixed,decaps,759002
5927,hybrid,fixed,decaps,785767
5928,hybrid,fixed,decaps,788932
5929,hybrid,fixed,decaps,807654
5930,hybrid,fixed,decaps,783227
5931,hybrid,fixed,decaps,782103
5932,hybrid,fixed,decaps,782040
5933,hybrid,fixed,decaps,788508
5934,hybrid,fixed,decaps,807096
5935,hybrid,fixed,decaps,752432
5936,hybrid,fixed,decaps,777709
5937,hybrid,fixed,decaps,759207
5938,hybrid,fixed,decaps,759242
5939,hybrid,fixed,decaps,765151
5940,hybrid,fixed,decaps,758618
5941,hybrid,fixed,decaps,758200
5942,hybrid,fixed,decaps,775810
5943,hybrid,fixed,decaps,782016
5944,hybrid,fixed,decaps,786655
5945,hybrid,fixed,decaps,781699
5946,hybrid,fixed,decaps,786364
5947,hybrid,fixed,decaps,778912
5948,hybrid,fixed,decaps,760047
5949,hybrid,fixed,decaps,764502
5950,hybrid,fixed,decaps,782161
5951,hybrid,fixed,decaps,782438
5952,hybrid,fixed,decaps,782093
5953,hybrid,fixed,decaps,781936
5954,hybrid,fixed,decaps,786665
5955,hybrid,fixed,decaps,812396
5956,hybrid,fixed,decaps,764994
5957,hybrid,fixed,decaps,759164
5958,hybrid,fixed,decaps,758931
5959,hybrid,fixed,decaps,765826
5960,hybrid,fixed,decaps,781104
5961,hybrid,fixed,decaps,760234
5962,hybrid,fixed,decaps,791824
5963,hybrid,fixed,decaps,781800
5964,hybrid,fixed,decaps,788787
5965,hybrid,fixed,decaps,782399
5966,hybrid,fixed,decaps,781858
5967,hybrid,fixed,decaps,768043
5968,hybrid,fixed,decaps,770387
5969,hybrid,fixed,decaps,778940
5970,hybrid,fixed,decaps,781971
5971,hybrid,fixed,decaps,781784
5972,hybrid,fixed,decaps,781691
5973,hybrid,fixed,decaps,807771
5974,hybrid,fixed,decaps,776248
5975,hybrid,fixed,decaps,779120
5976,hybrid,fixed,decaps,759541
5977,hybrid,fixed,decaps,783300
5978,hybrid,fixed,decaps,806028
5979,hybrid,fixed,decaps,784055
5980,hybrid,fixed,decaps,812264
5981,hybrid,fixed,decaps,783383
5982,hybrid,fixed,decaps,779770
5983,hybrid,fixed,decaps,767735
5984,hybrid,fixed,decaps,759571
5985,hybrid,fixed,decaps,798917
5986,hybrid,fixed,decaps,804795
5987,hybrid,fixed,decaps,786251
5988,hybrid,fixed,decaps,742086
5989,hybrid,fixed,decaps,777554
5990,hybrid,fixed,decaps,764477
5991,hybrid,fixed,decaps,759250
5992,hybrid,fixed,decaps,758781
5993,hybrid,fixed,decaps,759164
5994,hybrid,fixed,decaps,758891
5995,hybrid,fixed,decaps,787396
5996,hybrid,fixed,decaps,782321
5997,hybrid,fixed,decaps,781418
5998,hybrid,fixed,decaps,809018
5999,hybrid,fixed,decaps,782386
6000,hybrid,fixed,decaps,789053
6001,hybrid,fixed,decaps,796714
6002,hybrid,fixed,decaps,737627
6003,hybrid,fixed,decaps,782051
6004,hybrid,fixed,decaps,759522
6005,hybrid,fixed,decaps,765885
6006,hybrid,fixed,decaps,782083
6007,hybrid,fixed,decaps,759835
6008,hybrid,fixed,decaps,758891
6009,hybrid,fixed,decaps,778836
6010,hybrid,fixed,decaps,781787
6011,hybrid,fixed,decaps,789231
6012,hybrid,fixed,decaps,805297
6013,hybrid,fixed,decaps,782704
6014,hybrid,fixed,decaps,781611
6015,hybrid,fixed,decaps,781411
6016,hybrid,fixed,decaps,786707
6017,hybrid,fixed,decaps,771057
6018,hybrid,fixed,decaps,773279
6019,hybrid,fixed,decaps,759480
6020,hybrid,fixed,decaps,759046
6021,hybrid,fixed,decaps,761818
6022,hybrid,fixed,decaps,759085
6023,hybrid,fixed,decaps,758994
6024,hybrid,fixed,decaps,783624
6025,hybrid,fixed,decaps,759665
6026,hybrid,fixed,decaps,765310
6027,hybrid,fixed,decaps,761051
6028,hybrid,fixed,decaps,758631
6029,hybrid,fixed,decaps,758488
6030,hybrid,fixed,decaps,787010
6031,hybrid,fixed,decaps,788030
6032,hybrid,fixed,decaps,809619
6033,hybrid,fixed,decaps,783462
6034,hybrid,fixed,decaps,782896
6035,hybrid,fixed,decaps,774621
6036,hybrid,fixed,decaps,796506
6037,hybrid,fixed,decaps,759084
6038,hybrid,fixed,decaps,779557
6039,hybrid,fixed,decaps,788337
6040,hybrid,fixed,decaps,809855
6041,hybrid,fixed,decaps,790584
6042,hybrid,fixed,decaps,782421
6043,hybrid,fixed,decaps,781575
6044,hybrid,fixed,decaps,781612
6045,hybrid,fixed,decaps,784231
6046,hybrid,fixed,decaps,778310
6047,hybrid,fixed,decaps,776582
6048,hybrid,fixed,decaps,761887
6049,hybrid,fixed,decaps,759261
6050,hybrid,fixed,decaps,783863
6051,hybrid,fixed,decaps,760061
6052,hybrid,fixed,decaps,764728
6053,hybrid,fixed,decaps,759245
6054,hybrid,fixed,decaps,758517
6055,hybrid,fixed,decaps,758473
6056,hybrid,fixed,decaps,758539
6057,hybrid,fixed,decaps,764570
6058,hybrid,fixed,decaps,803355
6059,hybrid,fixed,decaps,783018
6060,hybrid,fixed,decaps,783827
6061,hybrid,fixed,decaps,801436
6062,hybrid,fixed,decaps,789175
6063,hybrid,fixed,decaps,781861
6064,hybrid,fixed,decaps,807135
6065,hybrid,fixed,decaps,750942
6066,hybrid,fixed,decaps,775887
6067,hybrid,fixed,decaps,765303
6068,hybrid,fixed,decaps,759115
6069,hybrid,fixed,decaps,758492
6070,hybrid,fixed,decaps,758915
6071,hybrid,fixed,decaps,758598
6072,hybrid,fixed,decaps,762892
6073,hybrid,fixed,decaps,759063
6074,hybrid,fixed,decaps,780721
6075,hybrid,fixed,decaps,799239
6076,hybrid,fixed,decaps,861565
6077,hybrid,fixed,decaps,788669
6078,hybrid,fixed,decaps,782336
6079,hybrid,fixed,decaps,781620
6080,hybrid,fixed,decaps,781352
6081,hybrid,fixed,decaps,781380
6082,hybrid,fixed,decaps,781680
6083,hybrid,fixed,decaps,786459
6084,hybrid,fixed,decaps,790520
6085,hybrid,fixed,decaps,770772
6086,hybrid,fixed,decaps,759129
6087,hybrid,fixed,decaps,758217
6088,hybrid,fixed,decaps,765123
6089,hybrid,fixed,decaps,758966
6090,hybrid,fixed,decaps,780719
6091,hybrid,fixed,decaps,759762
6092,hybrid,fixed,decaps,758559
6093,hybrid,fixed,decaps,821417
6094,hybrid,fixed,decaps,781510
6095,hybrid,fixed,decaps,760392
6096,hybrid,fixed,decaps,758677
6097,hybrid,fixed,decaps,810133
6098,hybrid,fixed,decaps,821980
6099,hybrid,fixed,decaps,782749
6100,hybrid,fixed,decaps,782109
6101,hybrid,fixed,decaps,781669
6102,hybrid,fixed,decaps,807482
6103,hybrid,fixed,decaps,789916
6104,hybrid,fixed,decaps,787312
6105,hybrid,fixed,decaps,741591
6106,hybrid,fixed,decaps,770097
6107,hybrid,fixed,decaps,758656
6108,hybrid,fixed,decaps,765127
6109,hybrid,fixed,decaps,758903
6110,hybrid,fixed,decaps,784326
6111,hybrid,fixed,decaps,759496
6112,hybrid,fixed,decaps,793678
6113,hybrid,fixed,decaps,819911
6114,hybrid,fixed,decaps,782108
6115,hybrid,fixed,decaps,781856
6116,hybrid,fixed,decaps,788195
6117,hybrid,fixed,decaps,771665
6118,hybrid,fixed,decaps,759165
6119,hybrid,fixed,decaps,762318
6120,hybrid,fixed,decaps,807411
6121,hybrid,fixed,decaps,807106
6122,hybrid,fixed,decaps,788733
6123,hybrid,fixed,decaps,737551
6124,hybrid,fixed,decaps,786400
6125,hybrid,fixed,decaps,758842
6126,hybrid,fixed,decaps,759820
6127,hybrid,fixed,decaps,758884
6128,hybrid,fixed,decaps,781482
6129,hybrid,fixed,decaps,766669
6130,hybrid,fixed,decaps,759290
6131,hybrid,fixed,decaps,758612
6132,hybrid,fixed,decaps,758248
6133,hybrid,fixed,decaps,758324
6134,hybrid,fixed,decaps,797821
6135,hybrid,fixed,decaps,812800
6136,hybrid,fixed,decaps,807778
6137,hybrid,fixed,decaps,783466
6138,hybrid,fixed,decaps,767602
6139,hybrid,fixed,decaps,796628
6140,hybrid,fixed,decaps,759324
6141,hybrid,fixed,decaps,758929
6142,hybrid,fixed,decaps,841402
6143,hybrid,fixed,decaps,804755
6144,hybrid,fixed,decaps,788445
6145,hybrid,fixed,decaps,782425
6146,hybrid,fixed,decaps,781630
6147,hybrid,fixed,decaps,760017
6148,hybrid,fixed,decaps,775569
6149,hybrid,fixed,decaps,763353
6150,hybrid,fixed,decaps,761132
6151,hybrid,fixed,decaps,761055
6152,hybrid,fixed,decaps,758767
6153,hybrid,fixed,decaps,758822
6154,hybrid,fixed,decaps,781348
6155,hybrid,fixed,decaps,765675
6156,hybrid,fixed,decaps,758167
6157,hybrid,fixed,decaps,757906
6158,hybrid,fixed,decaps,776337
6159,hybrid,fixed,decaps,806297
6160,hybrid,fixed,decaps,804127
6161,hybrid,fixed,decaps,781801
6162,hybrid,fixed,decaps,805339
6163,hybrid,fixed,decaps,782112
6164,hybrid,fixed,decaps,781733
6165,hybrid,fixed,decaps,788007
6166,hybrid,fixed,decaps,800125
6167,hybrid,fixed,decaps,839930
6168,hybrid,fixed,decaps,765759
6169,hybrid,fixed,decaps,759019
6170,hybrid,fixed,decaps,764479
6171,hybrid,fixed,decaps,759538
6172,hybrid,fixed,decaps,759066
6173,hybrid,fixed,decaps,758880
6174,hybrid,fixed,decaps,758319
6175,hybrid,fixed,decaps,803785
6176,hybrid,fixed,decaps,812840
6177,hybrid,fixed,decaps,782105
6178,hybrid,fixed,decaps,784481
6179,hybrid,fixed,decaps,782386
6180,hybrid,fixed,decaps,835282
6181,hybrid,fixed,decaps,770478
6182,hybrid,fixed,decaps,759156
6183,hybrid,fixed,decaps,758653
6184,hybrid,fixed,decaps,804031
6185,hybrid,fixed,decaps,813991
6186,hybrid,fixed,decaps,791761
6187,hybrid,fixed,decaps,760091
6188,hybrid,fixed,decaps,781430
6189,hybrid,fixed,decaps,758455
6190,hybrid,fixed,decaps,765354
6191,hybrid,fixed,decaps,758514
6192,hybrid,fixed,decaps,823297
6193,hybrid,fixed,decaps,786911
6194,hybrid,fixed,decaps,807521
6195,hybrid,fixed,decaps,765909
6196,hybrid,fixed,decaps,759604
6197,hybrid,fixed,decaps,815428
6198,hybrid,fixed,decaps,802250
6199,hybrid,fixed,decaps,782464
6200,hybrid,fixed,decaps,764607
6201,hybrid,fixed,decaps,762034
6202,hybrid,fixed,decaps,758877
6203,hybrid,fixed,decaps,793789
6204,hybrid,fixed,decaps,813488
6205,hybrid,fixed,decaps,786159
6206,hybrid,fixed,decaps,777620
6207,hybrid,fixed,decaps,779066
6208,hybrid,fixed,decaps,792841
6209,hybrid,fixed,decaps,812237
6210,hybrid,fixed,decaps,737573
6211,hybrid,fixed,decaps,797350
6212,hybrid,fixed,decaps,759300
6213,hybrid,fixed,decaps,780952
6214,hybrid,fixed,decaps,759709
6215,hybrid,fixed,decaps,758680
6216,hybrid,fixed,decaps,766133
6217,hybrid,fixed,decaps,759337
6218,hybrid,fixed,decaps,775759
6219,hybrid,fixed,decaps,806290
6220,hybrid,fixed,decaps,825482
6221,hybrid,fixed,decaps,846312
6222,hybrid,fixed,decaps,760250
6223,hybrid,fixed,decaps,769846
6224,hybrid,fixed,decaps,736965
6225,hybrid,fixed,decaps,780246
6226,hybrid,fixed,decaps,762607
6227,hybrid,fixed,decaps,758472
6228,hybrid,fixed,decaps,758495
6229,hybrid,fixed,decaps,758434
6230,hybrid,fixed,decaps,758739
6231,hybrid,fixed,decaps,762210
6232,hybrid,fixed,decaps,783270
6233,hybrid,fixed,decaps,759128
6234,hybrid,fixed,decaps,784989
6235,hybrid,fixed,decaps,781824
6236,hybrid,fixed,decaps,782050
6237,hybrid,fixed,decaps,789303
6238,hybrid,fixed,decaps,810669
6239,hybrid,fixed,decaps,806927
6240,hybrid,fixed,decaps,782223
6241,hybrid,fixed,decaps,781145
6242,hybrid,fixed,decaps,787541
6243,hybrid,fixed,decaps,766725
6244,hybrid,fixed,decaps,737607
6245,hybrid,fixed,decaps,798443
6246,hybrid,fixed,decaps,779638
6247,hybrid,fixed,decaps,765400
6248,hybrid,fixed,decaps,759255
6249,hybrid,fixed,decaps,776430
6250,hybrid,fixed,decaps,781557
6251,hybrid,fixed,decaps,781765
6252,hybrid,fixed,decaps,785287
6253,hybrid,fixed,decaps,781815
6254,hybrid,fixed,decaps,781603
6255,hybrid,fixed,decaps,781443
6256,hybrid,fixed,decaps,761377
6257,hybrid,fixed,decaps,739749
6258,hybrid,fixed,decaps,789549
6259,hybrid,fixed,decaps,759467
6260,hybrid,fixed,decaps,793869
6261,hybrid,fixed,decaps,780777
6262,hybrid,fixed,decaps,767096
6263,hybrid,fixed,decaps,759067
6264,hybrid,fixed,decaps,758717
6265,hybrid,fixed,decaps,783650
6266,hybrid,fixed,decaps,759607
6267,hybrid,fixed,decaps,759257
6268,hybrid,fixed,decaps,763982
6269,hybrid,fixed,decaps,791041
6270,hybrid,fixed,decaps,781164
6271,hybrid,fixed,decaps,780749
6272,hybrid,fixed,decaps,803494
6273,hybrid,fixed,decaps,787367
6274,hybrid,fixed,decaps,781743
6275,hybrid,fixed,decaps,781632
6276,hybrid,fixed,decaps,791201
6277,hybrid,fixed,decaps,737536
6278,hybrid,fixed,decaps,787210
6279,hybrid,fixed,decaps,759414
6280,hybrid,fixed,decaps,778760
6281,hybrid,fixed,decaps,782264
6282,hybrid,fixed,decaps,781889
6283,hybrid,fixed,decaps,785272
6284,hybrid,fixed,decaps,805443
6285,hybrid,fixed,decaps,791176
6286,hybrid,fixed,decaps,747908
6287,hybrid,fixed,decaps,783125
6288,hybrid,fixed,decaps,766359
6289,hybrid,fixed,decaps,779585
6290,hybrid,fixed,decaps,782283
6291,hybrid,fixed,decaps,806420
6292,hybrid,fixed,decaps,783262
6293,hybrid,fixed,decaps,801352
6294,hybrid,fixed,decaps,767719
6295,hybrid,fixed,decaps,759332
6296,hybrid,fixed,decaps,758676
6297,hybrid,fixed,decaps,759396
6298,hybrid,fixed,decaps,784326
6299,hybrid,fixed,decaps,786621
6300,hybrid,fixed,decaps,760107
6301,hybrid,fixed,decaps,759528
6302,hybrid,fixed,decaps,782258
6303,hybrid,fixed,decaps,833747
6304,hybrid,fixed,decaps,795844
6305,hybrid,fixed,decaps,781946
6306,hybrid,fixed,decaps,769874
6307,hybrid,fixed,decaps,772816
6308,hybrid,fixed,decaps,759211
6309,hybrid,fixed,decaps,765405
6310,hybrid,fixed,decaps,816949
6311,hybrid,fixed,decaps,783457
6312,hybrid,fixed,decaps,782169
6313,hybrid,fixed,decaps,782206
6314,hybrid,fixed,decaps,789314
6315,hybrid,fixed,decaps,782654
6316,hybrid,fixed,decaps,782295
6317,hybrid,fixed,decaps,803632
6318,hybrid,fixed,decaps,806202
6319,hybrid,fixed,decaps,776192
6320,hybrid,fixed,decaps,771892
6321,hybrid,fixed,decaps,758640
6322,hybrid,fixed,decaps,757889
6323,hybrid,fixed,decaps,763301
6324,hybrid,fixed,decaps,777642
6325,hybrid,fixed,decaps,759629
6326,hybrid,fixed,decaps,758654
6327,hybrid,fixed,decaps,758683
6328,hybrid,fixed,decaps,758362
6329,hybrid,fixed,decaps,764557
6330,hybrid,fixed,decaps,758554
6331,hybrid,fixed,decaps,757959
6332,hybrid,fixed,decaps,815593
6333,hybrid,fixed,decaps,801598
6334,hybrid,fixed,decaps,806359
6335,hybrid,fixed,decaps,765734
6336,hybrid,fixed,decaps,783573
6337,hybrid,fixed,decaps,760210
6338,hybrid,fixed,decaps,758801
6339,hybrid,fixed,decaps,764108
6340,hybrid,fixed,decaps,759556
6341,hybrid,fixed,decaps,783762
6342,hybrid,fixed,decaps,760580
6343,hybrid,fixed,decaps,782971
6344,hybrid,fixed,decaps,775721
6345,hybrid,fixed,decaps,820842
6346,hybrid,fixed,decaps,823234
6347,hybrid,fixed,decaps,783371
6348,hybrid,fixed,decaps,782071
6349,hybrid,fixed,decaps,799111
6350,hybrid,fixed,decaps,789426
6351,hybrid,fixed,decaps,768149
6352,hybrid,fixed,decaps,774779
6353,hybrid,fixed,decaps,759423
6354,hybrid,fixed,decaps,780934
6355,hybrid,fixed,decaps,828706
6356,hybrid,fixed,decaps,761671
6357,hybrid,fixed,decaps,791217
6358,hybrid,fixed,decaps,815698
6359,hybrid,fixed,decaps,781822
6360,hybrid,fixed,decaps,787858
6361,hybrid,fixed,decaps,774339
6362,hybrid,fixed,decaps,791546
6363,hybrid,fixed,decaps,759604
6364,hybrid,fixed,decaps,758437
6365,hybrid,fixed,decaps,814524
6366,hybrid,fixed,decaps,806743
6367,hybrid,fixed,decaps,788990
6368,hybrid,fixed,decaps,744047
6369,hybrid,fixed,decaps,797342
6370,hybrid,fixed,decaps,812317
6371,hybrid,fixed,decaps,808604
6372,hybrid,fixed,decaps,792042
6373,hybrid,fixed,decaps,737115
6374,hybrid,fixed,decaps,776613
6375,hybrid,fixed,decaps,824042
6376,hybrid,fixed,decaps,811134
6377,hybrid,fixed,decaps,796274
6378,hybrid,fixed,decaps,737197
6379,hybrid,fixed,decaps,777450
6380,hybrid,fixed,decaps,799918
6381,hybrid,fixed,decaps,813847
6382,hybrid,fixed,decaps,785360
6383,hybrid,fixed,decaps,752218
6384,hybrid,fixed,decaps,776088
6385,hybrid,fixed,decaps,766642
6386,hybrid,fixed,decaps,759054
6387,hybrid,fixed,decaps,758301
6388,hybrid,fixed,decaps,784353
6389,hybrid,fixed,decaps,759734
6390,hybrid,fixed,decaps,766291
6391,hybrid,fixed,decaps,759800
6392,hybrid,fixed,decaps,758919
6393,hybrid,fixed,decaps,799070
6394,hybrid,fixed,decaps,850541
6395,hybrid,fixed,decaps,783621
6396,hybrid,fixed,decaps,853733
6397,hybrid,fixed,decaps,910805
6398,hybrid,fixed,decaps,777209
6399,hybrid,fixed,decaps,774228
6400,hybrid,fixed,decaps,764563
6401,hybrid,fixed,decaps,759705
6402,hybrid,fixed,decaps,758720
6403,hybrid,fixed,decaps,758472
6404,hybrid,fixed,decaps,784663
6405,hybrid,fixed,decaps,819109
6406,hybrid,fixed,decaps,784959
6407,hybrid,fixed,decaps,782362
6408,hybrid,fixed,decaps,776757
6409,hybrid,fixed,decaps,769910
6410,hybrid,fixed,decaps,758978
6411,hybrid,fixed,decaps,761708
6412,hybrid,fixed,decaps,785115
6413,hybrid,fixed,decaps,759896
6414,hybrid,fixed,decaps,758881
6415,hybrid,fixed,decaps,758934
6416,hybrid,fixed,decaps,766023
6417,hybrid,fixed,decaps,789425
6418,hybrid,fixed,decaps,816212
6419,hybrid,fixed,decaps,781818
6420,hybrid,fixed,decaps,806658
6421,hybrid,fixed,decaps,776980
6422,hybrid,fixed,decaps,770799
6423,hybrid,fixed,decaps,773210
6424,hybrid,fixed,decaps,806057
6425,hybrid,fixed,decaps,799843
6426,hybrid,fixed,decaps,780836
6427,hybrid,fixed,decaps,769359
6428,hybrid,fixed,decaps,759021
6429,hybrid,fixed,decaps,758681
6430,hybrid,fixed,decaps,758835
6431,hybrid,fixed,decaps,792284
6432,hybrid,fixed,decaps,817166
6433,hybrid,fixed,decaps,781654
6434,hybrid,fixed,decaps,764163
6435,hybrid,fixed,decaps,771062
6436,hybrid,fixed,decaps,762839
6437,hybrid,fixed,decaps,761451
6438,hybrid,fixed,decaps,784604
6439,hybrid,fixed,decaps,806198
6440,hybrid,fixed,decaps,807046
6441,hybrid,fixed,decaps,804986
6442,hybrid,fixed,decaps,759969
6443,hybrid,fixed,decaps,759152
6444,hybrid,fixed,decaps,759493
6445,hybrid,fixed,decaps,759036
6446,hybrid,fixed,decaps,784773
6447,hybrid,fixed,decaps,764830
6448,hybrid,fixed,decaps,759212
6449,hybrid,fixed,decaps,759202
6450,hybrid,fixed,decaps,772618
6451,hybrid,fixed,decaps,806627
6452,hybrid,fixed,decaps,804190
6453,hybrid,fixed,decaps,782421
6454,hybrid,fixed,decaps,782170
6455,hybrid,fixed,decaps,781848
6456,hybrid,fixed,decaps,782006
6457,hybrid,fixed,decaps,785630
6458,hybrid,fixed,decaps,781082
6459,hybrid,fixed,decaps,765198
6460,hybrid,fixed,decaps,758818
6461,hybrid,fixed,decaps,758952
6462,hybrid,fixed,decaps,763258
6463,hybrid,fixed,decaps,759263
6464,hybrid,fixed,decaps,786965
6465,hybrid,fixed,decaps,760738
6466,hybrid,fixed,decaps,759322
6467,hybrid,fixed,decaps,787652
6468,hybrid,fixed,decaps,760064
6469,hybrid,fixed,decaps,758928
6470,hybrid,fixed,decaps,806888
6471,hybrid,fixed,decaps,1184181
6472,hybrid,fixed,decaps,934541
6473,hybrid,fixed,decaps,811898
6474,hybrid,fixed,decaps,810851
6475,hybrid,fixed,decaps,781609
6476,hybrid,fixed,decaps,781526
6477,hybrid,fixed,decaps,785495
6478,hybrid,fixed,decaps,781754
6479,hybrid,fixed,decaps,792632
6480,hybrid,fixed,decaps,758851
6481,hybrid,fixed,decaps,760932
6482,hybrid,fixed,decaps,766834
6483,hybrid,fixed,decaps,759375
6484,hybrid,fixed,decaps,758462
6485,hybrid,fixed,decaps,758899
6486,hybrid,fixed,decaps,758466
6487,hybrid,fixed,decaps,761502
6488,hybrid,fixed,decaps,758693
6489,hybrid,fixed,decaps,758733
6490,hybrid,fixed,decaps,782613
6491,hybrid,fixed,decaps,759526
6492,hybrid,fixed,decaps,762210
6493,hybrid,fixed,decaps,759011
6494,hybrid,fixed,decaps,758566
6495,hybrid,fixed,decaps,796801
6496,hybrid,fixed,decaps,812305
6497,hybrid,fixed,decaps,781586
6498,hybrid,fixed,decaps,786624
6499,hybrid,fixed,decaps,766548
6500,hybrid,fixed,decaps,774626
6501,hybrid,fixed,decaps,758910
6502,hybrid,fixed,decaps,758747
6503,hybrid,fixed,decaps,761912
6504,hybrid,fixed,decaps,759326
6505,hybrid,fixed,decaps,759069
6506,hybrid,fixed,decaps,759024
6507,hybrid,fixed,decaps,758607
6508,hybrid,fixed,decaps,813250
6509,hybrid,fixed,decaps,809528
6510,hybrid,fixed,decaps,781114
6511,hybrid,fixed,decaps,781096
6512,hybrid,fixed,decaps,782541
6513,hybrid,fixed,decaps,783280
6514,hybrid,fixed,decaps,784914
6515,hybrid,fixed,decaps,800138
6516,hybrid,fixed,decaps,788775
6517,hybrid,fixed,decaps,760074
6518,hybrid,fixed,decaps,800951
6519,hybrid,fixed,decaps,813179
6520,hybrid,fixed,decaps,781272
6521,hybrid,fixed,decaps,781892
6522,hybrid,fixed,decaps,781547
6523,hybrid,fixed,decaps,798232
6524,hybrid,fixed,decaps,809082
6525,hybrid,fixed,decaps,783387
6526,hybrid,fixed,decaps,781944
6527,hybrid,fixed,decaps,782432
6528,hybrid,fixed,decaps,803361
6529,hybrid,fixed,decaps,771770
6530,hybrid,fixed,decaps,758889
6531,hybrid,fixed,decaps,758901
6532,hybrid,fixed,decaps,758362
6533,hybrid,fixed,decaps,1117096
6534,hybrid,fixed,decaps,779093
6535,hybrid,fixed,decaps,768611
6536,hybrid,fixed,decaps,761072
6537,hybrid,fixed,decaps,758707
6538,hybrid,fixed,decaps,762386
6539,hybrid,fixed,decaps,758705
6540,hybrid,fixed,decaps,758456
6541,hybrid,fixed,decaps,791481
6542,hybrid,fixed,decaps,807296
6543,hybrid,fixed,decaps,790994
6544,hybrid,fixed,decaps,782301
6545,hybrid,fixed,decaps,785779
6546,hybrid,fixed,decaps,781875
6547,hybrid,fixed,decaps,782135
6548,hybrid,fixed,decaps,828310
6549,hybrid,fixed,decaps,742587
6550,hybrid,fixed,decaps,779265
6551,hybrid,fixed,decaps,758860
6552,hybrid,fixed,decaps,759061
6553,hybrid,fixed,decaps,759153
6554,hybrid,fixed,decaps,770293
6555,hybrid,fixed,decaps,759632
6556,hybrid,fixed,decaps,781811
6557,hybrid,fixed,decaps,782055
6558,hybrid,fixed,decaps,781880
6559,hybrid,fixed,decaps,823256
6560,hybrid,fixed,decaps,782675
6561,hybrid,fixed,decaps,781397
6562,hybrid,fixed,decaps,783024
6563,hybrid,fixed,decaps,781212
6564,hybrid,fixed,decaps,788308
6565,hybrid,fixed,decaps,781808
6566,hybrid,fixed,decaps,788960
6567,hybrid,fixed,decaps,741891
6568,hybrid,fixed,decaps,799544
6569,hybrid,fixed,decaps,811938
6570,hybrid,fixed,decaps,809392
6571,hybrid,fixed,decaps,782020
6572,hybrid,fixed,decaps,781408
6573,hybrid,fixed,decaps,784984
6574,hybrid,fixed,decaps,775787
6575,hybrid,fixed,decaps,759380
6576,hybrid,fixed,decaps,758587
6577,hybrid,fixed,decaps,758656
6578,hybrid,fixed,decaps,759039
6579,hybrid,fixed,decaps,762084
6580,hybrid,fixed,decaps,758670
6581,hybrid,fixed,decaps,758803
6582,hybrid,fixed,decaps,758669
6583,hybrid,fixed,decaps,802292
6584,hybrid,fixed,decaps,817722
6585,hybrid,fixed,decaps,782252
6586,hybrid,fixed,decaps,782040
6587,hybrid,fixed,decaps,781860
6588,hybrid,fixed,decaps,784079
6589,hybrid,fixed,decaps,765758
6590,hybrid,fixed,decaps,773525
6591,hybrid,fixed,decaps,759645
6592,hybrid,fixed,decaps,779783
6593,hybrid,fixed,decaps,760493
6594,hybrid,fixed,decaps,758586
6595,hybrid,fixed,decaps,764102
6596,hybrid,fixed,decaps,758846
6597,hybrid,fixed,decaps,758617
6598,hybrid,fixed,decaps,758474
6599,hybrid,fixed,decaps,821239
6600,hybrid,fixed,decaps,803655
6601,hybrid,fixed,decaps,781696
6602,hybrid,fixed,decaps,789320
6603,hybrid,fixed,decaps,737562
6604,hybrid,fixed,decaps,772675
6605,hybrid,fixed,decaps,762447
6606,hybrid,fixed,decaps,758351
6607,hybrid,fixed,decaps,758452
6608,hybrid,fixed,decaps,817165
6609,hybrid,fixed,decaps,801424
6610,hybrid,fixed,decaps,784166
6611,hybrid,fixed,decaps,766869
6612,hybrid,fixed,decaps,759390
6613,hybrid,fixed,decaps,758712
6614,hybrid,fixed,decaps,760157
6615,hybrid,fixed,decaps,869065
6616,hybrid,fixed,decaps,780651
6617,hybrid,fixed,decaps,806018
6618,hybrid,fixed,decaps,825654
6619,hybrid,fixed,decaps,782988
6620,hybrid,fixed,decaps,788855
6621,hybrid,fixed,decaps,782283
6622,hybrid,fixed,decaps,781726
6623,hybrid,fixed,decaps,781382
6624,hybrid,fixed,decaps,781614
6625,hybrid,fixed,decaps,784490
6626,hybrid,fixed,decaps,781864
6627,hybrid,fixed,decaps,781688
6628,hybrid,fixed,decaps,781613
6629,hybrid,fixed,decaps,781781
6630,hybrid,fixed,decaps,797700
6631,hybrid,fixed,decaps,740794
6632,hybrid,fixed,decaps,776514
6633,hybrid,fixed,decaps,758915
6634,hybrid,fixed,decaps,759069
6635,hybrid,fixed,decaps,758793
6636,hybrid,fixed,decaps,817805
6637,hybrid,fixed,decaps,802877
6638,hybrid,fixed,decaps,781217
6639,hybrid,fixed,decaps,780750
6640,hybrid,fixed,decaps,781157
6641,hybrid,fixed,decaps,765771
6642,hybrid,fixed,decaps,771212
6643,hybrid,fixed,decaps,758576
6644,hybrid,fixed,decaps,783378
6645,hybrid,fixed,decaps,759483
6646,hybrid,fixed,decaps,764671
6647,hybrid,fixed,decaps,758786
6648,hybrid,fixed,decaps,772101
6649,hybrid,fixed,decaps,806197
6650,hybrid,fixed,decaps,800328
6651,hybrid,fixed,decaps,781682
6652,hybrid,fixed,decaps,763665
6653,hybrid,fixed,decaps,759156
6654,hybrid,fixed,decaps,758561
6655,hybrid,fixed,decaps,758420
6656,hybrid,fixed,decaps,762081
6657,hybrid,fixed,decaps,759216
6658,hybrid,fixed,decaps,814941
6659,hybrid,fixed,decaps,801989
6660,hybrid,fixed,decaps,780987
6661,hybrid,fixed,decaps,783964
6662,hybrid,fixed,decaps,785462
6663,hybrid,fixed,decaps,755442
6664,hybrid,fixed,decaps,769582
6665,hybrid,fixed,decaps,787156
6666,hybrid,fixed,decaps,817122
6667,hybrid,fixed,decaps,784960
6668,hybrid,fixed,decaps,781698
6669,hybrid,fixed,decaps,779646
6670,hybrid,fixed,decaps,781588
6671,hybrid,fixed,decaps,777616
6672,hybrid,fixed,decaps,765269
6673,hybrid,fixed,decaps,758974
6674,hybrid,fixed,decaps,758488
6675,hybrid,fixed,decaps,762762
6676,hybrid,fixed,decaps,759111
6677,hybrid,fixed,decaps,813726
6678,hybrid,fixed,decaps,807467
6679,hybrid,fixed,decaps,781500
6680,hybrid,fixed,decaps,785380
6681,hybrid,fixed,decaps,756046
6682,hybrid,fixed,decaps,810091
6683,hybrid,fixed,decaps,759655
6684,hybrid,fixed,decaps,919133
6685,hybrid,fixed,decaps,760872
6686,hybrid,fixed,decaps,758918
6687,hybrid,fixed,decaps,813679
6688,hybrid,fixed,decaps,810527
6689,hybrid,fixed,decaps,794504
6690,hybrid,fixed,decaps,738705
6691,hybrid,fixed,decaps,780226
6692,hybrid,fixed,decaps,806660
6693,hybrid,fixed,decaps,810327
6694,hybrid,fixed,decaps,794469
6695,hybrid,fixed,decaps,737467
6696,hybrid,fixed,decaps,805437
6697,hybrid,fixed,decaps,768350
6698,hybrid,fixed,decaps,784679
6699,hybrid,fixed,decaps,820430
6700,hybrid,fixed,decaps,782398
6701,hybrid,fixed,decaps,782100
6702,hybrid,fixed,decaps,789255
6703,hybrid,fixed,decaps,793192
6704,hybrid,fixed,decaps,736966
6705,hybrid,fixed,decaps,774795
6706,hybrid,fixed,decaps,801360
6707,hybrid,fixed,decaps,841250
6708,hybrid,fixed,decaps,761332
6709,hybrid,fixed,decaps,758935
6710,hybrid,fixed,decaps,758490
6711,hybrid,fixed,decaps,758664
6712,hybrid,fixed,decaps,833094
6713,hybrid,fixed,decaps,808155
6714,hybrid,fixed,decaps,796354
6715,hybrid,fixed,decaps,781986
6716,hybrid,fixed,decaps,781799
6717,hybrid,fixed,decaps,816116
6718,hybrid,fixed,decaps,737911
6719,hybrid,fixed,decaps,820305
6720,hybrid,fixed,decaps,802686
6721,hybrid,fixed,decaps,786118
6722,hybrid,fixed,decaps,808363
6723,hybrid,fixed,decaps,783789
6724,hybrid,fixed,decaps,762179
6725,hybrid,fixed,decaps,771813
6726,hybrid,fixed,decaps,759310
6727,hybrid,fixed,decaps,758884
6728,hybrid,fixed,decaps,762623
6729,hybrid,fixed,decaps,759839
6730,hybrid,fixed,decaps,760789
6731,hybrid,fixed,decaps,784303
6732,hybrid,fixed,decaps,819953
6733,hybrid,fixed,decaps,829495
6734,hybrid,fixed,decaps,780544
6735,hybrid,fixed,decaps,770517
6736,hybrid,fixed,decaps,767546
6737,hybrid,fixed,decaps,793385
6738,hybrid,fixed,decaps,832022
6739,hybrid,fixed,decaps,810466
6740,hybrid,fixed,decaps,791272
6741,hybrid,fixed,decaps,822087
6742,hybrid,fixed,decaps,771413
6743,hybrid,fixed,decaps,833958
6744,hybrid,fixed,decaps,777573
6745,hybrid,fixed,decaps,853990
6746,hybrid,fixed,decaps,806368
6747,hybrid,fixed,decaps,839906
6748,hybrid,fixed,decaps,817518
6749,hybrid,fixed,decaps,802103
6750,hybrid,fixed,decaps,789433
6751,hybrid,fixed,decaps,764371
6752,hybrid,fixed,decaps,759404
6753,hybrid,fixed,decaps,771387
6754,hybrid,fixed,decaps,801985
6755,hybrid,fixed,decaps,812230
6756,hybrid,fixed,decaps,781701
6757,hybrid,fixed,decaps,790959
6758,hybrid,fixed,decaps,849330
6759,hybrid,fixed,decaps,766530
6760,hybrid,fixed,decaps,759293
6761,hybrid,fixed,decaps,758739
6762,hybrid,fixed,decaps,785256
6763,hybrid,fixed,decaps,1110553
6764,hybrid,fixed,decaps,760587
6765,hybrid,fixed,decaps,760975
6766,hybrid,fixed,decaps,758772
6767,hybrid,fixed,decaps,763049
6768,hybrid,fixed,decaps,792800
6769,hybrid,fixed,decaps,805197
6770,hybrid,fixed,decaps,809964
6771,hybrid,fixed,decaps,794804
6772,hybrid,fixed,decaps,778330
6773,hybrid,fixed,decaps,803480
6774,hybrid,fixed,decaps,765105
6775,hybrid,fixed,decaps,759703
6776,hybrid,fixed,decaps,773782
6777,hybrid,fixed,decaps,806150
6778,hybrid,fixed,decaps,805660
6779,hybrid,fixed,decaps,786756
6780,hybrid,fixed,decaps,791098
6781,hybrid,fixed,decaps,741248
6782,hybrid,fixed,decaps,778566
6783,hybrid,fixed,decaps,769383
6784,hybrid,fixed,decaps,759295
6785,hybrid,fixed,decaps,758626
6786,hybrid,fixed,decaps,758390
6787,hybrid,fixed,decaps,811716
6788,hybrid,fixed,decaps,885695
6789,hybrid,fixed,decaps,785427
6790,hybrid,fixed,decaps,742396
6791,hybrid,fixed,decaps,780053
6792,hybrid,fixed,decaps,758630
6793,hybrid,fixed,decaps,767372
6794,hybrid,fixed,decaps,759604
6795,hybrid,fixed,decaps,758676
6796,hybrid,fixed,decaps,811495
6797,hybrid,fixed,decaps,805167
6798,hybrid,fixed,decaps,812879
6799,hybrid,fixed,decaps,783269
6800,hybrid,fixed,decaps,781677
6801,hybrid,fixed,decaps,765278
6802,hybrid,fixed,decaps,769906
6803,hybrid,fixed,decaps,780769
6804,hybrid,fixed,decaps,762105
6805,hybrid,fixed,decaps,758847
6806,hybrid,fixed,decaps,847550
6807,hybrid,fixed,decaps,951941
6808,hybrid,fixed,decaps,792960
6809,hybrid,fixed,decaps,799575
6810,hybrid,fixed,decaps,737063
6811,hybrid,fixed,decaps,777487
6812,hybrid,fixed,decaps,758348
6813,hybrid,fixed,decaps,786145
6814,hybrid,fixed,decaps,760078
6815,hybrid,fixed,decaps,758516
6816,hybrid,fixed,decaps,758503
6817,hybrid,fixed,decaps,758440
6818,hybrid,fixed,decaps,760126
6819,hybrid,fixed,decaps,764993
6820,hybrid,fixed,decaps,800920
6821,hybrid,fixed,decaps,809968
6822,hybrid,fixed,decaps,781236
6823,hybrid,fixed,decaps,781183
6824,hybrid,fixed,decaps,814182
6825,hybrid,fixed,decaps,782504
6826,hybrid,fixed,decaps,784127
6827,hybrid,fixed,decaps,763812
6828,hybrid,fixed,decaps,763708
6829,hybrid,fixed,decaps,801159
6830,hybrid,fixed,decaps,759731
6831,hybrid,fixed,decaps,781189
6832,hybrid,fixed,decaps,806415
6833,hybrid,fixed,decaps,805799
6834,hybrid,fixed,decaps,817450
6835,hybrid,fixed,decaps,790345
6836,hybrid,fixed,decaps,763686
6837,hybrid,fixed,decaps,758306
6838,hybrid,fixed,decaps,757950
6839,hybrid,fixed,decaps,785069
6840,hybrid,fixed,decaps,760258
6841,hybrid,fixed,decaps,758544
6842,hybrid,fixed,decaps,758056
6843,hybrid,fixed,decaps,758331
6844,hybrid,fixed,decaps,789875
6845,hybrid,fixed,decaps,818077
6846,hybrid,fixed,decaps,781304
6847,hybrid,fixed,decaps,781181
6848,hybrid,fixed,decaps,781442
6849,hybrid,fixed,decaps,786260
6850,hybrid,fixed,decaps,808105
6851,hybrid,fixed,decaps,782500
6852,hybrid,fixed,decaps,781463
6853,hybrid,fixed,decaps,789749
6854,hybrid,fixed,decaps,764729
6855,hybrid,fixed,decaps,759005
6856,hybrid,fixed,decaps,762962
6857,hybrid,fixed,decaps,758502
6858,hybrid,fixed,decaps,758406
6859,hybrid,fixed,decaps,758496
6860,hybrid,fixed,decaps,764262
6861,hybrid,fixed,decaps,758156
6862,hybrid,fixed,decaps,784900
6863,hybrid,fixed,decaps,817638
6864,hybrid,fixed,decaps,781263
6865,hybrid,fixed,decaps,805990
6866,hybrid,fixed,decaps,775198
6867,hybrid,fixed,decaps,769376
6868,hybrid,fixed,decaps,758839
6869,hybrid,fixed,decaps,758606
6870,hybrid,fixed,decaps,808293
6871,hybrid,fixed,decaps,808580
6872,hybrid,fixed,decaps,781789
6873,hybrid,fixed,decaps,781564
6874,hybrid,fixed,decaps,855000
6875,hybrid,fixed,decaps,810897
6876,hybrid,fixed,decaps,818634
6877,hybrid,fixed,decaps,854650
6878,hybrid,fixed,decaps,783282
6879,hybrid,fixed,decaps,781761
6880,hybrid,fixed,decaps,792493
6881,hybrid,fixed,decaps,773437
6882,hybrid,fixed,decaps,779681
6883,hybrid,fixed,decaps,806356
6884,hybrid,fixed,decaps,796182
6885,hybrid,fixed,decaps,795973
6886,hybrid,fixed,decaps,767975
6887,hybrid,fixed,decaps,758878
6888,hybrid,fixed,decaps,759191
6889,hybrid,fixed,decaps,781207
6890,hybrid,fixed,decaps,802058
6891,hybrid,fixed,decaps,813516
6892,hybrid,fixed,decaps,781498
6893,hybrid,fixed,decaps,781403
6894,hybrid,fixed,decaps,768414
6895,hybrid,fixed,decaps,803694
6896,hybrid,fixed,decaps,759409
6897,hybrid,fixed,decaps,758942
6898,hybrid,fixed,decaps,758898
6899,hybrid,fixed,decaps,798886
6900,hybrid,fixed,decaps,816983
6901,hybrid,fixed,decaps,782226
6902,hybrid,fixed,decaps,805296
6903,hybrid,fixed,decaps,766609
6904,hybrid,fixed,decaps,767290
6905,hybrid,fixed,decaps,764055
6906,hybrid,fixed,decaps,759436
6907,hybrid,fixed,decaps,758845
6908,hybrid,fixed,decaps,758850
6909,hybrid,fixed,decaps,785577
6910,hybrid,fixed,decaps,806255
6911,hybrid,fixed,decaps,800561
6912,hybrid,fixed,decaps,782362
6913,hybrid,fixed,decaps,781924
6914,hybrid,fixed,decaps,782007
6915,hybrid,fixed,decaps,807324
6916,hybrid,fixed,decaps,793739
6917,hybrid,fixed,decaps,770972
6918,hybrid,fixed,decaps,759777
6919,hybrid,fixed,decaps,759141
6920,hybrid,fixed,decaps,759138
6921,hybrid,fixed,decaps,765017
6922,hybrid,fixed,decaps,795192
6923,hybrid,fixed,decaps,813918
6924,hybrid,fixed,decaps,781882
6925,hybrid,fixed,decaps,781723
6926,hybrid,fixed,decaps,789021
6927,hybrid,fixed,decaps,781743
6928,hybrid,fixed,decaps,790922
6929,hybrid,fixed,decaps,760019
6930,hybrid,fixed,decaps,758699
6931,hybrid,fixed,decaps,763700
6932,hybrid,fixed,decaps,758945
6933,hybrid,fixed,decaps,758731
6934,hybrid,fixed,decaps,814515
6935,hybrid,fixed,decaps,803193
6936,hybrid,fixed,decaps,785044
6937,hybrid,fixed,decaps,794900
6938,hybrid,fixed,decaps,736889
6939,hybrid,fixed,decaps,782493
6940,hybrid,fixed,decaps,758791
6941,hybrid,fixed,decaps,785123
6942,hybrid,fixed,decaps,778581
6943,hybrid,fixed,decaps,815991
6944,hybrid,fixed,decaps,801309
6945,hybrid,fixed,decaps,778284
6946,hybrid,fixed,decaps,774189
6947,hybrid,fixed,decaps,759564
6948,hybrid,fixed,decaps,816611
6949,hybrid,fixed,decaps,782741
6950,hybrid,fixed,decaps,772582
6951,hybrid,fixed,decaps,760057
6952,hybrid,fixed,decaps,762599
6953,hybrid,fixed,decaps,759017
6954,hybrid,fixed,decaps,781924
6955,hybrid,fixed,decaps,780083
6956,hybrid,fixed,decaps,805913
6957,hybrid,fixed,decaps,802312
6958,hybrid,fixed,decaps,782171
6959,hybrid,fixed,decaps,782489
6960,hybrid,fixed,decaps,763533
6961,hybrid,fixed,decaps,768426
6962,hybrid,fixed,decaps,763396
6963,hybrid,fixed,decaps,759992
6964,hybrid,fixed,decaps,759053
6965,hybrid,fixed,decaps,758956
6966,hybrid,fixed,decaps,825851
6967,hybrid,fixed,decaps,771806
6968,hybrid,fixed,decaps,788313
6969,hybrid,fixed,decaps,806348
6970,hybrid,fixed,decaps,806276
6971,hybrid,fixed,decaps,798383
6972,hybrid,fixed,decaps,787786
6973,hybrid,fixed,decaps,793142
6974,hybrid,fixed,decaps,758893
6975,hybrid,fixed,decaps,759485
6976,hybrid,fixed,decaps,763298
6977,hybrid,fixed,decaps,762473
6978,hybrid,fixed,decaps,759072
6979,hybrid,fixed,decaps,758754
6980,hybrid,fixed,decaps,851122
6981,hybrid,fixed,decaps,805999
6982,hybrid,fixed,decaps,789285
6983,hybrid,fixed,decaps,796587
6984,hybrid,fixed,decaps,738110
6985,hybrid,fixed,decaps,780135
6986,hybrid,fixed,decaps,758892
6987,hybrid,fixed,decaps,762965
6988,hybrid,fixed,decaps,761753
6989,hybrid,fixed,decaps,759074
6990,hybrid,fixed,decaps,758871
6991,hybrid,fixed,decaps,784454
6992,hybrid,fixed,decaps,838346
6993,hybrid,fixed,decaps,787646
6994,hybrid,fixed,decaps,781519
6995,hybrid,fixed,decaps,781000
6996,hybrid,fixed,decaps,767337
6997,hybrid,fixed,decaps,758425
6998,hybrid,fixed,decaps,761636
6999,hybrid,fixed,decaps,758027
7000,hybrid,fixed,decaps,784853
7001,hybrid,fixed,decaps,817794
7002,hybrid,fixed,decaps,781546
7003,hybrid,fixed,decaps,786325
7004,hybrid,fixed,decaps,780038
7005,hybrid,fixed,decaps,789556
7006,hybrid,fixed,decaps,761010
7007,hybrid,fixed,decaps,759090
7008,hybrid,fixed,decaps,765748
7009,hybrid,fixed,decaps,759368
7010,hybrid,fixed,decaps,758752
7011,hybrid,fixed,decaps,821182
7012,hybrid,fixed,decaps,800244
7013,hybrid,fixed,decaps,800860
7014,hybrid,fixed,decaps,759805
7015,hybrid,fixed,decaps,759167
7016,hybrid,fixed,decaps,758899
7017,hybrid,fixed,decaps,758741
7018,hybrid,fixed,decaps,802368
7019,hybrid,fixed,decaps,759963
7020,hybrid,fixed,decaps,758891
7021,hybrid,fixed,decaps,758782
7022,hybrid,fixed,decaps,791427
7023,hybrid,fixed,decaps,811822
7024,hybrid,fixed,decaps,807288
7025,hybrid,fixed,decaps,785050
7026,hybrid,fixed,decaps,758946
7027,hybrid,fixed,decaps,763166
7028,hybrid,fixed,decaps,758848
7029,hybrid,fixed,decaps,765400
7030,hybrid,fixed,decaps,783252
7031,hybrid,fixed,decaps,759882
7032,hybrid,fixed,decaps,758915
7033,hybrid,fixed,decaps,758843
7034,hybrid,fixed,decaps,836495
7035,hybrid,fixed,decaps,806738
7036,hybrid,fixed,decaps,782123
7037,hybrid,fixed,decaps,781840
7038,hybrid,fixed,decaps,781974
7039,hybrid,fixed,decaps,801506
7040,hybrid,fixed,decaps,775174
7041,hybrid,fixed,decaps,758794
7042,hybrid,fixed,decaps,758598
7043,hybrid,fixed,decaps,836036
7044,hybrid,fixed,decaps,803813
7045,hybrid,fixed,decaps,772789
7046,hybrid,fixed,decaps,777222
7047,hybrid,fixed,decaps,805508
7048,hybrid,fixed,decaps,797673
7049,hybrid,fixed,decaps,777874
7050,hybrid,fixed,decaps,763994
7051,hybrid,fixed,decaps,758840
7052,hybrid,fixed,decaps,758556
7053,hybrid,fixed,decaps,806403
7054,hybrid,fixed,decaps,810875
7055,hybrid,fixed,decaps,789674
7056,hybrid,fixed,decaps,763367
7057,hybrid,fixed,decaps,773972
7058,hybrid,fixed,decaps,758683
7059,hybrid,fixed,decaps,764609
7060,hybrid,fixed,decaps,759113
7061,hybrid,fixed,decaps,758280
7062,hybrid,fixed,decaps,758723
7063,hybrid,fixed,decaps,791252
7064,hybrid,fixed,decaps,819508
7065,hybrid,fixed,decaps,782081
7066,hybrid,fixed,decaps,784004
7067,hybrid,fixed,decaps,781622
7068,hybrid,fixed,decaps,781489
7069,hybrid,fixed,decaps,832259
7070,hybrid,fixed,decaps,745971
7071,hybrid,fixed,decaps,776815
7072,hybrid,fixed,decaps,758998
7073,hybrid,fixed,decaps,758340
7074,hybrid,fixed,decaps,762513
7075,hybrid,fixed,decaps,764675
7076,hybrid,fixed,decaps,758953
7077,hybrid,fixed,decaps,784080
7078,hybrid,fixed,decaps,817740
7079,hybrid,fixed,decaps,781388
7080,hybrid,fixed,decaps,789000
7081,hybrid,fixed,decaps,781834
7082,hybrid,fixed,decaps,804898
7083,hybrid,fixed,decaps,786184
7084,hybrid,fixed,decaps,753555
7085,hybrid,fixed,decaps,817800
7086,hybrid,fixed,decaps,759469
7087,hybrid,fixed,decaps,758533
7088,hybrid,fixed,decaps,758619
7089,hybrid,fixed,decaps,758381
7090,hybrid,fixed,decaps,765000
7091,hybrid,fixed,decaps,758827
7092,hybrid,fixed,decaps,758918
7093,hybrid,fixed,decaps,758099
7094,hybrid,fixed,decaps,758653
7095,hybrid,fixed,decaps,809237
7096,hybrid,fixed,decaps,818855
7097,hybrid,fixed,decaps,781416
7098,hybrid,fixed,decaps,781372
7099,hybrid,fixed,decaps,781420
7100,hybrid,fixed,decaps,770980
7101,hybrid,fixed,decaps,759053
7102,hybrid,fixed,decaps,758517
7103,hybrid,fixed,decaps,758548
7104,hybrid,fixed,decaps,784584
7105,hybrid,fixed,decaps,817689
7106,hybrid,fixed,decaps,785350
7107,hybrid,fixed,decaps,781290
7108,hybrid,fixed,decaps,802549
7109,hybrid,fixed,decaps,764462
7110,hybrid,fixed,decaps,758654
7111,hybrid,fixed,decaps,765039
7112,hybrid,fixed,decaps,758976
7113,hybrid,fixed,decaps,759026
7114,hybrid,fixed,decaps,758704
7115,hybrid,fixed,decaps,818357
7116,hybrid,fixed,decaps,806213
7117,hybrid,fixed,decaps,779335
7118,hybrid,fixed,decaps,756875
7119,hybrid,fixed,decaps,758056
7120,hybrid,fixed,decaps,757903
7121,hybrid,fixed,decaps,782207
7122,hybrid,fixed,decaps,759980
7123,hybrid,fixed,decaps,759085
7124,hybrid,fixed,decaps,758893
7125,hybrid,fixed,decaps,759207
7126,hybrid,fixed,decaps,762483
7127,hybrid,fixed,decaps,759127
7128,hybrid,fixed,decaps,758999
7129,hybrid,fixed,decaps,804451
7130,hybrid,fixed,decaps,808914
7131,hybrid,fixed,decaps,784985
7132,hybrid,fixed,decaps,782296
7133,hybrid,fixed,decaps,761501
7134,hybrid,fixed,decaps,801073
7135,hybrid,fixed,decaps,840053
7136,hybrid,fixed,decaps,795892
7137,hybrid,fixed,decaps,807326
7138,hybrid,fixed,decaps,764245
7139,hybrid,fixed,decaps,771464
7140,hybrid,fixed,decaps,758641
7141,hybrid,fixed,decaps,758639
7142,hybrid,fixed,decaps,764533
7143,hybrid,fixed,decaps,759047
7144,hybrid,fixed,decaps,758347
7145,hybrid,fixed,decaps,773223
7146,hybrid,fixed,decaps,805912
7147,hybrid,fixed,decaps,825237
7148,hybrid,fixed,decaps,782419
7149,hybrid,fixed,decaps,781544
7150,hybrid,fixed,decaps,781563
7151,hybrid,fixed,decaps,781597
7152,hybrid,fixed,decaps,771870
7153,hybrid,fixed,decaps,773677
7154,hybrid,fixed,decaps,758810
7155,hybrid,fixed,decaps,760624
7156,hybrid,fixed,decaps,758641
7157,hybrid,fixed,decaps,763308
7158,hybrid,fixed,decaps,782240
7159,hybrid,fixed,decaps,805895
7160,hybrid,fixed,decaps,819421
7161,hybrid,fixed,decaps,770601
7162,hybrid,fixed,decaps,812201
7163,hybrid,fixed,decaps,782156
7164,hybrid,fixed,decaps,806590
7165,hybrid,fixed,decaps,795680
7166,hybrid,fixed,decaps,768764
7167,hybrid,fixed,decaps,792817
7168,hybrid,fixed,decaps,773362
7169,hybrid,fixed,decaps,737364
7170,hybrid,fixed,decaps,778343
7171,hybrid,fixed,decaps,758741
7172,hybrid,fixed,decaps,789216
7173,hybrid,fixed,decaps,759791
7174,hybrid,fixed,decaps,793775
7175,hybrid,fixed,decaps,781870
7176,hybrid,fixed,decaps,781537
7177,hybrid,fixed,decaps,781633
7178,hybrid,fixed,decaps,786746
7179,hybrid,fixed,decaps,781694
7180,hybrid,fixed,decaps,781464
7181,hybrid,fixed,decaps,781495
7182,hybrid,fixed,decaps,786310
7183,hybrid,fixed,decaps,773520
7184,hybrid,fixed,decaps,779265
7185,hybrid,fixed,decaps,758405
7186,hybrid,fixed,decaps,781697
7187,hybrid,fixed,decaps,762070
7188,hybrid,fixed,decaps,764597
7189,hybrid,fixed,decaps,759205
7190,hybrid,fixed,decaps,758875
7191,hybrid,fixed,decaps,758551
7192,hybrid,fixed,decaps,758744
7193,hybrid,fixed,decaps,763602
7194,hybrid,fixed,decaps,778239
7195,hybrid,fixed,decaps,781934
7196,hybrid,fixed,decaps,781815
7197,hybrid,fixed,decaps,804153
7198,hybrid,fixed,decaps,816754
7199,hybrid,fixed,decaps,783035
7200,hybrid,fixed,decaps,782076
7201,hybrid,fixed,decaps,781899
7202,hybrid,fixed,decaps,771420
7203,hybrid,fixed,decaps,771531
7204,hybrid,fixed,decaps,759305
7205,hybrid,fixed,decaps,758739
7206,hybrid,fixed,decaps,761004
7207,hybrid,fixed,decaps,766782
7208,hybrid,fixed,decaps,760372
7209,hybrid,fixed,decaps,762334
7210,hybrid,fixed,decaps,759151
7211,hybrid,fixed,decaps,784311
7212,hybrid,fixed,decaps,800665
7213,hybrid,fixed,decaps,792780
7214,hybrid,fixed,decaps,789648
7215,hybrid,fixed,decaps,782418
7216,hybrid,fixed,decaps,781844
7217,hybrid,fixed,decaps,782014
7218,hybrid,fixed,decaps,785854
7219,hybrid,fixed,decaps,785874
7220,hybrid,fixed,decaps,776288
7221,hybrid,fixed,decaps,759017
7222,hybrid,fixed,decaps,759271
7223,hybrid,fixed,decaps,780231
7224,hybrid,fixed,decaps,765480
7225,hybrid,fixed,decaps,782207
7226,hybrid,fixed,decaps,781409
7227,hybrid,fixed,decaps,781419
7228,hybrid,fixed,decaps,781121
7229,hybrid,fixed,decaps,785211
7230,hybrid,fixed,decaps,781649
7231,hybrid,fixed,decaps,781242
7232,hybrid,fixed,decaps,781540
7233,hybrid,fixed,decaps,765880
7234,hybrid,fixed,decaps,776643
7235,hybrid,fixed,decaps,758310
7236,hybrid,fixed,decaps,758402
7237,hybrid,fixed,decaps,758194
7238,hybrid,fixed,decaps,791829
7239,hybrid,fixed,decaps,800664
7240,hybrid,fixed,decaps,781999
7241,hybrid,fixed,decaps,781348
7242,hybrid,fixed,decaps,781106
7243,hybrid,fixed,decaps,780749
7244,hybrid,fixed,decaps,779540
7245,hybrid,fixed,decaps,759584
7246,hybrid,fixed,decaps,758946
7247,hybrid,fixed,decaps,759061
7248,hybrid,fixed,decaps,778046
7249,hybrid,fixed,decaps,801811
7250,hybrid,fixed,decaps,788839
7251,hybrid,fixed,decaps,782213
7252,hybrid,fixed,decaps,781817
7253,hybrid,fixed,decaps,781671
7254,hybrid,fixed,decaps,781607
7255,hybrid,fixed,decaps,763764
7256,hybrid,fixed,decaps,773245
7257,hybrid,fixed,decaps,785232
7258,hybrid,fixed,decaps,817651
7259,hybrid,fixed,decaps,781579
7260,hybrid,fixed,decaps,767853
7261,hybrid,fixed,decaps,775248
7262,hybrid,fixed,decaps,759266
7263,hybrid,fixed,decaps,759006
7264,hybrid,fixed,decaps,781513
7265,hybrid,fixed,decaps,767506
7266,hybrid,fixed,decaps,758682
7267,hybrid,fixed,decaps,758037
7268,hybrid,fixed,decaps,758051
7269,hybrid,fixed,decaps,809529
7270,hybrid,fixed,decaps,814097
7271,hybrid,fixed,decaps,781474
7272,hybrid,fixed,decaps,781269
7273,hybrid,fixed,decaps,761775
7274,hybrid,fixed,decaps,775266
7275,hybrid,fixed,decaps,783719
7276,hybrid,fixed,decaps,760179
7277,hybrid,fixed,decaps,758345
7278,hybrid,fixed,decaps,758450
7279,hybrid,fixed,decaps,758536
7280,hybrid,fixed,decaps,758701
7281,hybrid,fixed,decaps,761517
7282,hybrid,fixed,decaps,807990
7283,hybrid,fixed,decaps,807074
7284,hybrid,fixed,decaps,781764
7285,hybrid,fixed,decaps,781459
7286,hybrid,fixed,decaps,784204
7287,hybrid,fixed,decaps,768873
7288,hybrid,fixed,decaps,737438
7289,hybrid,fixed,decaps,763945
7290,hybrid,fixed,decaps,759074
7291,hybrid,fixed,decaps,789099
7292,hybrid,fixed,decaps,784450
7293,hybrid,fixed,decaps,782020
7294,hybrid,fixed,decaps,782098
7295,hybrid,fixed,decaps,781874
7296,hybrid,fixed,decaps,788060
7297,hybrid,fixed,decaps,781843
7298,hybrid,fixed,decaps,781750
7299,hybrid,fixed,decaps,781356
7300,hybrid,fixed,decaps,763845
7301,hybrid,fixed,decaps,814093
7302,hybrid,fixed,decaps,758990
7303,hybrid,fixed,decaps,757786
7304,hybrid,fixed,decaps,757851
7305,hybrid,fixed,decaps,757766
7306,hybrid,fixed,decaps,782124
7307,hybrid,fixed,decaps,781137
7308,hybrid,fixed,decaps,781061
7309,hybrid,fixed,decaps,780854
7310,hybrid,fixed,decaps,779619
7311,hybrid,fixed,decaps,767890
7312,hybrid,fixed,decaps,758760
7313,hybrid,fixed,decaps,758334
7314,hybrid,fixed,decaps,783564
7315,hybrid,fixed,decaps,781314
7316,hybrid,fixed,decaps,786110
7317,hybrid,fixed,decaps,781909
7318,hybrid,fixed,decaps,774994
7319,hybrid,fixed,decaps,758954
7320,hybrid,fixed,decaps,772283
7321,hybrid,fixed,decaps,781291
7322,hybrid,fixed,decaps,787386
7323,hybrid,fixed,decaps,781855
7324,hybrid,fixed,decaps,806052
7325,hybrid,fixed,decaps,794268
7326,hybrid,fixed,decaps,782617
7327,hybrid,fixed,decaps,821203
7328,hybrid,fixed,decaps,782488
7329,hybrid,fixed,decaps,781552
7330,hybrid,fixed,decaps,783035
7331,hybrid,fixed,decaps,781827
7332,hybrid,fixed,decaps,787532
7333,hybrid,fixed,decaps,782170
7334,hybrid,fixed,decaps,791527
7335,hybrid,fixed,decaps,737569
7336,hybrid,fixed,decaps,779427
7337,hybrid,fixed,decaps,765801
7338,hybrid,fixed,decaps,784693
7339,hybrid,fixed,decaps,818543
7340,hybrid,fixed,decaps,781375
7341,hybrid,fixed,decaps,805381
7342,hybrid,fixed,decaps,802357
7343,hybrid,fixed,decaps,789919
7344,hybrid,fixed,decaps,759349
7345,hybrid,fixed,decaps,758177
7346,hybrid,fixed,decaps,758620
7347,hybrid,fixed,decaps,764050
7348,hybrid,fixed,decaps,758677
7349,hybrid,fixed,decaps,758552
7350,hybrid,fixed,decaps,758697
7351,hybrid,fixed,decaps,758367
7352,hybrid,fixed,decaps,758382
7353,hybrid,fixed,decaps,782888
7354,hybrid,fixed,decaps,759907
7355,hybrid,fixed,decaps,772653
7356,hybrid,fixed,decaps,765301
7357,hybrid,fixed,decaps,759605
7358,hybrid,fixed,decaps,821111
7359,hybrid,fixed,decaps,806525
7360,hybrid,fixed,decaps,809110
7361,hybrid,fixed,decaps,781747
7362,hybrid,fixed,decaps,781833
7363,hybrid,fixed,decaps,808971
7364,hybrid,fixed,decaps,759100
7365,hybrid,fixed,decaps,763686
7366,hybrid,fixed,decaps,758786
7367,hybrid,fixed,decaps,782745
7368,hybrid,fixed,decaps,823650
7369,hybrid,fixed,decaps,807252
7370,hybrid,fixed,decaps,781751
7371,hybrid,fixed,decaps,801810
7372,hybrid,fixed,decaps,782228
7373,hybrid,fixed,decaps,786989
7374,hybrid,fixed,decaps,780411
7375,hybrid,fixed,decaps,765408
7376,hybrid,fixed,decaps,758386
7377,hybrid,fixed,decaps,758210
7378,hybrid,fixed,decaps,764667
7379,hybrid,fixed,decaps,776593
7380,hybrid,fixed,decaps,759264
7381,hybrid,fixed,decaps,816355
7382,hybrid,fixed,decaps,801690
7383,hybrid,fixed,decaps,805881
7384,hybrid,fixed,decaps,765615
7385,hybrid,fixed,decaps,758803
7386,hybrid,fixed,decaps,765154
7387,hybrid,fixed,decaps,759038
7388,hybrid,fixed,decaps,790624
7389,hybrid,fixed,decaps,819527
7390,hybrid,fixed,decaps,782290
7391,hybrid,fixed,decaps,781695
7392,hybrid,fixed,decaps,781732
7393,hybrid,fixed,decaps,813509
7394,hybrid,fixed,decaps,786468
7395,hybrid,fixed,decaps,753216
7396,hybrid,fixed,decaps,830773
7397,hybrid,fixed,decaps,780042
7398,hybrid,fixed,decaps,759694
7399,hybrid,fixed,decaps,767608
7400,hybrid,fixed,decaps,759134
7401,hybrid,fixed,decaps,758772
7402,hybrid,fixed,decaps,789456
7403,hybrid,fixed,decaps,805965
7404,hybrid,fixed,decaps,800938
7405,hybrid,fixed,decaps,806477
7406,hybrid,fixed,decaps,782427
7407,hybrid,fixed,decaps,793603
7408,hybrid,fixed,decaps,737529
7409,hybrid,fixed,decaps,785328
7410,hybrid,fixed,decaps,758997
7411,hybrid,fixed,decaps,759713
7412,hybrid,fixed,decaps,758521
7413,hybrid,fixed,decaps,758801
7414,hybrid,fixed,decaps,808329
7415,hybrid,fixed,decaps,808355
7416,hybrid,fixed,decaps,781222
7417,hybrid,fixed,decaps,781340
7418,hybrid,fixed,decaps,781121
7419,hybrid,fixed,decaps,803216
7420,hybrid,fixed,decaps,768641
7421,hybrid,fixed,decaps,758963
7422,hybrid,fixed,decaps,758645
7423,hybrid,fixed,decaps,758748
7424,hybrid,fixed,decaps,763978
7425,hybrid,fixed,decaps,775345
7426,hybrid,fixed,decaps,805729
7427,hybrid,fixed,decaps,798271
7428,hybrid,fixed,decaps,781313
7429,hybrid,fixed,decaps,788466
7430,hybrid,fixed,decaps,814218
7431,hybrid,fixed,decaps,740762
7432,hybrid,fixed,decaps,778541
7433,hybrid,fixed,decaps,758418
7434,hybrid,fixed,decaps,763461
7435,hybrid,fixed,decaps,759294
7436,hybrid,fixed,decaps,811666
7437,hybrid,fixed,decaps,804604
7438,hybrid,fixed,decaps,785189
7439,hybrid,fixed,decaps,741480
7440,hybrid,fixed,decaps,782181
7441,hybrid,fixed,decaps,758126
7442,hybrid,fixed,decaps,757870
7443,hybrid,fixed,decaps,775309
7444,hybrid,fixed,decaps,805634
7445,hybrid,fixed,decaps,828038
7446,hybrid,fixed,decaps,782545
7447,hybrid,fixed,decaps,805122
7448,hybrid,fixed,decaps,765048
7449,hybrid,fixed,decaps,758903
7450,hybrid,fixed,decaps,765689
7451,hybrid,fixed,decaps,758234
7452,hybrid,fixed,decaps,780274
7453,hybrid,fixed,decaps,805562
7454,hybrid,fixed,decaps,805884
7455,hybrid,fixed,decaps,811317
7456,hybrid,fixed,decaps,778311
7457,hybrid,fixed,decaps,764232
7458,hybrid,fixed,decaps,760032
7459,hybrid,fixed,decaps,758109
7460,hybrid,fixed,decaps,797502
7461,hybrid,fixed,decaps,769253
7462,hybrid,fixed,decaps,758817
7463,hybrid,fixed,decaps,759119
7464,hybrid,fixed,decaps,786880
7465,hybrid,fixed,decaps,788336
7466,hybrid,fixed,decaps,781795
7467,hybrid,fixed,decaps,781482
7468,hybrid,fixed,decaps,781303
7469,hybrid,fixed,decaps,774993
7470,hybrid,fixed,decaps,798485
7471,hybrid,fixed,decaps,806792
7472,hybrid,fixed,decaps,782867
7473,hybrid,fixed,decaps,765177
7474,hybrid,fixed,decaps,773043
7475,hybrid,fixed,decaps,764237
7476,hybrid,fixed,decaps,759284
7477,hybrid,fixed,decaps,758838
7478,hybrid,fixed,decaps,758940
7479,hybrid,fixed,decaps,759120
7480,hybrid,fixed,decaps,759277
7481,hybrid,fixed,decaps,763631
7482,hybrid,fixed,decaps,779034
7483,hybrid,fixed,decaps,759304
7484,hybrid,fixed,decaps,758242
7485,hybrid,fixed,decaps,758666
7486,hybrid,fixed,decaps,764555
7487,hybrid,fixed,decaps,758764
7488,hybrid,fixed,decaps,758122
7489,hybrid,fixed,decaps,758241
7490,hybrid,fixed,decaps,758118
7491,hybrid,fixed,decaps,761652
7492,hybrid,fixed,decaps,758591
7493,hybrid,fixed,decaps,757917
7494,hybrid,fixed,decaps,758154
7495,hybrid,fixed,decaps,758152
7496,hybrid,fixed,decaps,758039
7497,hybrid,fixed,decaps,785541
7498,hybrid,fixed,decaps,760056
7499,hybrid,fixed,decaps,784457
7500,hybrid,fixed,decaps,781754
7501,hybrid,fixed,decaps,782210
7502,hybrid,fixed,decaps,787832
7503,hybrid,fixed,decaps,781268
7504,hybrid,fixed,decaps,780884
7505,hybrid,fixed,decaps,781085
7506,hybrid,fixed,decaps,784979
7507,hybrid,fixed,decaps,785781
7508,hybrid,fixed,decaps,776743
7509,hybrid,fixed,decaps,774666
7510,hybrid,fixed,decaps,759495
7511,hybrid,fixed,decaps,758679
7512,hybrid,fixed,decaps,813545
7513,hybrid,fixed,decaps,806916
7514,hybrid,fixed,decaps,781975
7515,hybrid,fixed,decaps,781724
7516,hybrid,fixed,decaps,760602
7517,hybrid,fixed,decaps,778584
7518,hybrid,fixed,decaps,759220
7519,hybrid,fixed,decaps,786272
7520,hybrid,fixed,decaps,760464
7521,hybrid,fixed,decaps,758878
7522,hybrid,fixed,decaps,766232
7523,hybrid,fixed,decaps,795069
7524,hybrid,fixed,decaps,811462
7525,hybrid,fixed,decaps,797652
7526,hybrid,fixed,decaps,781860
7527,hybrid,fixed,decaps,820460
7528,hybrid,fixed,decaps,766223
7529,hybrid,fixed,decaps,758832
7530,hybrid,fixed,decaps,758514
7531,hybrid,fixed,decaps,797032
7532,hybrid,fixed,decaps,831351
7533,hybrid,fixed,decaps,782389
7534,hybrid,fixed,decaps,803985
7535,hybrid,fixed,decaps,764603
7536,hybrid,fixed,decaps,774056
7537,hybrid,fixed,decaps,764021
7538,hybrid,fixed,decaps,758953
7539,hybrid,fixed,decaps,814754
7540,hybrid,fixed,decaps,802430
7541,hybrid,fixed,decaps,783925
7542,hybrid,fixed,decaps,777117
7543,hybrid,fixed,decaps,763664
7544,hybrid,fixed,decaps,758438
7545,hybrid,fixed,decaps,758201
7546,hybrid,fixed,decaps,758398
7547,hybrid,fixed,decaps,758110
7548,hybrid,fixed,decaps,784784
7549,hybrid,fixed,decaps,759751
7550,hybrid,fixed,decaps,758512
7551,hybrid,fixed,decaps,758556
7552,hybrid,fixed,decaps,818794
7553,hybrid,fixed,decaps,810324
7554,hybrid,fixed,decaps,778917
7555,hybrid,fixed,decaps,766561
7556,hybrid,fixed,decaps,758563
7557,hybrid,fixed,decaps,758324
7558,hybrid,fixed,decaps,802409
7559,hybrid,fixed,decaps,812071
7560,hybrid,fixed,decaps,815774
7561,hybrid,fixed,decaps,737554
7562,hybrid,fixed,decaps,779021
7563,hybrid,fixed,decaps,764756
7564,hybrid,fixed,decaps,779641
7565,hybrid,fixed,decaps,805433
7566,hybrid,fixed,decaps,798018
7567,hybrid,fixed,decaps,781352
7568,hybrid,fixed,decaps,786612
7569,hybrid,fixed,decaps,781787
7570,hybrid,fixed,decaps,781379
7571,hybrid,fixed,decaps,762906
7572,hybrid,fixed,decaps,773548
7573,hybrid,fixed,decaps,765616
7574,hybrid,fixed,decaps,782865
7575,hybrid,fixed,decaps,759786
7576,hybrid,fixed,decaps,758711
7577,hybrid,fixed,decaps,758669
7578,hybrid,fixed,decaps,771369
7579,hybrid,fixed,decaps,812410
7580,hybrid,fixed,decaps,801254
7581,hybrid,fixed,decaps,782048
7582,hybrid,fixed,decaps,781408
7583,hybrid,fixed,decaps,788089
7584,hybrid,fixed,decaps,772368
7585,hybrid,fixed,decaps,774135
7586,hybrid,fixed,decaps,840113
7587,hybrid,fixed,decaps,782345
7588,hybrid,fixed,decaps,806448
7589,hybrid,fixed,decaps,802102
7590,hybrid,fixed,decaps,782181
7591,hybrid,fixed,decaps,782041
7592,hybrid,fixed,decaps,781995
7593,hybrid,fixed,decaps,781672
7594,hybrid,fixed,decaps,788335
7595,hybrid,fixed,decaps,775487
7596,hybrid,fixed,decaps,769015
7597,hybrid,fixed,decaps,759137
7598,hybrid,fixed,decaps,758929
7599,hybrid,fixed,decaps,764306
7600,hybrid,fixed,decaps,810653
7601,hybrid,fixed,decaps,777835
7602,hybrid,fixed,decaps,806046
7603,hybrid,fixed,decaps,798029
7604,hybrid,fixed,decaps,797421
7605,hybrid,fixed,decaps,768718
7606,hybrid,fixed,decaps,758947
7607,hybrid,fixed,decaps,758766
7608,hybrid,fixed,decaps,758564
7609,hybrid,fixed,decaps,799614
7610,hybrid,fixed,decaps,813923
7611,hybrid,fixed,decaps,824958
7612,hybrid,fixed,decaps,785130
7613,hybrid,fixed,decaps,775252
7614,hybrid,fixed,decaps,798748
7615,hybrid,fixed,decaps,814425
7616,hybrid,fixed,decaps,781683
7617,hybrid,fixed,decaps,781741
7618,hybrid,fixed,decaps,769615
7619,hybrid,fixed,decaps,775548
7620,hybrid,fixed,decaps,759321
7621,hybrid,fixed,decaps,758709
7622,hybrid,fixed,decaps,785573
7623,hybrid,fixed,decaps,760124
7624,hybrid,fixed,decaps,765572
7625,hybrid,fixed,decaps,759760
7626,hybrid,fixed,decaps,782870
7627,hybrid,fixed,decaps,759693
7628,hybrid,fixed,decaps,759005
7629,hybrid,fixed,decaps,758760
7630,hybrid,fixed,decaps,823519
7631,hybrid,fixed,decaps,802635
7632,hybrid,fixed,decaps,781510
7633,hybrid,fixed,decaps,781479
7634,hybrid,fixed,decaps,781715
7635,hybrid,fixed,decaps,787418
7636,hybrid,fixed,decaps,781777
7637,hybrid,fixed,decaps,858916
7638,hybrid,fixed,decaps,764852
7639,hybrid,fixed,decaps,758983
7640,hybrid,fixed,decaps,764275
7641,hybrid,fixed,decaps,758949
7642,hybrid,fixed,decaps,781908
7643,hybrid,fixed,decaps,805739
7644,hybrid,fixed,decaps,794545
7645,hybrid,fixed,decaps,784700
7646,hybrid,fixed,decaps,781494
7647,hybrid,fixed,decaps,794969
7648,hybrid,fixed,decaps,737461
7649,hybrid,fixed,decaps,778135
7650,hybrid,fixed,decaps,762126
7651,hybrid,fixed,decaps,759653
7652,hybrid,fixed,decaps,779559
7653,hybrid,fixed,decaps,759653
7654,hybrid,fixed,decaps,758511
7655,hybrid,fixed,decaps,763367
7656,hybrid,fixed,decaps,758771
7657,hybrid,fixed,decaps,818943
7658,hybrid,fixed,decaps,934071
7659,hybrid,fixed,decaps,785180
7660,hybrid,fixed,decaps,790142
7661,hybrid,fixed,decaps,781740
7662,hybrid,fixed,decaps,780653
7663,hybrid,fixed,decaps,821373
7664,hybrid,fixed,decaps,773868
7665,hybrid,fixed,decaps,773981
7666,hybrid,fixed,decaps,758816
7667,hybrid,fixed,decaps,758340
7668,hybrid,fixed,decaps,758316
7669,hybrid,fixed,decaps,758368
7670,hybrid,fixed,decaps,775788
7671,hybrid,fixed,decaps,808550
7672,hybrid,fixed,decaps,798382
7673,hybrid,fixed,decaps,774239
7674,hybrid,fixed,decaps,768402
7675,hybrid,fixed,decaps,758759
7676,hybrid,fixed,decaps,761411
7677,hybrid,fixed,decaps,763978
7678,hybrid,fixed,decaps,777670
7679,hybrid,fixed,decaps,775132
7680,hybrid,fixed,decaps,805775
7681,hybrid,fixed,decaps,806571
7682,hybrid,fixed,decaps,781781
7683,hybrid,fixed,decaps,786583
7684,hybrid,fixed,decaps,741368
7685,hybrid,fixed,decaps,779217
7686,hybrid,fixed,decaps,763817
7687,hybrid,fixed,decaps,758137
7688,hybrid,fixed,decaps,758069
7689,hybrid,fixed,decaps,781190
7690,hybrid,fixed,decaps,808914
7691,hybrid,fixed,decaps,812892
7692,hybrid,fixed,decaps,786039
7693,hybrid,fixed,decaps,740795
7694,hybrid,fixed,decaps,771187
7695,hybrid,fixed,decaps,758693
7696,hybrid,fixed,decaps,799958
7697,hybrid,fixed,decaps,817022
7698,hybrid,fixed,decaps,781227
7699,hybrid,fixed,decaps,761227
7700,hybrid,fixed,decaps,775257
7701,hybrid,fixed,decaps,762578
7702,hybrid,fixed,decaps,758933
7703,hybrid,fixed,decaps,760854
7704,hybrid,fixed,decaps,825831
7705,hybrid,fixed,decaps,808531
7706,hybrid,fixed,decaps,817495
7707,hybrid,fixed,decaps,737699
7708,hybrid,fixed,decaps,786292
7709,hybrid,fixed,decaps,758846
7710,hybrid,fixed,decaps,758198
7711,hybrid,fixed,decaps,758353
7712,hybrid,fixed,decaps,761662
7713,hybrid,fixed,decaps,758991
7714,hybrid,fixed,decaps,760356
7715,hybrid,fixed,decaps,784759
7716,hybrid,fixed,decaps,760111
7717,hybrid,fixed,decaps,764118
7718,hybrid,fixed,decaps,795361
7719,hybrid,fixed,decaps,813361
7720,hybrid,fixed,decaps,782122
7721,hybrid,fixed,decaps,781980
7722,hybrid,fixed,decaps,771936
7723,hybrid,fixed,decaps,771360
7724,hybrid,fixed,decaps,758963
7725,hybrid,fixed,decaps,758905
7726,hybrid,fixed,decaps,808367
7727,hybrid,fixed,decaps,809668
7728,hybrid,fixed,decaps,788655
7729,hybrid,fixed,decaps,760289
7730,hybrid,fixed,decaps,797554
7731,hybrid,fixed,decaps,759728
7732,hybrid,fixed,decaps,762432
7733,hybrid,fixed,decaps,758281
7734,hybrid,fixed,decaps,758148
7735,hybrid,fixed,decaps,757773
7736,hybrid,fixed,decaps,792769
7737,hybrid,fixed,decaps,816626
7738,hybrid,fixed,decaps,781401
7739,hybrid,fixed,decaps,781299
7740,hybrid,fixed,decaps,777616
7741,hybrid,fixed,decaps,797025
7742,hybrid,fixed,decaps,766262
7743,hybrid,fixed,decaps,759344
7744,hybrid,fixed,decaps,758979
7745,hybrid,fixed,decaps,796677
7746,hybrid,fixed,decaps,811989
7747,hybrid,fixed,decaps,780893
7748,hybrid,fixed,decaps,787148
7749,hybrid,fixed,decaps,764800
7750,hybrid,fixed,decaps,772137
7751,hybrid,fixed,decaps,758033
7752,hybrid,fixed,decaps,877463
7753,hybrid,fixed,decaps,771304
7754,hybrid,fixed,decaps,759656
7755,hybrid,fixed,decaps,789732
7756,hybrid,fixed,decaps,816442
7757,hybrid,fixed,decaps,781466
7758,hybrid,fixed,decaps,787563
7759,hybrid,fixed,decaps,781861
7760,hybrid,fixed,decaps,781632
7761,hybrid,fixed,decaps,797829
7762,hybrid,fixed,decaps,753269
7763,hybrid,fixed,decaps,798220
7764,hybrid,fixed,decaps,759346
7765,hybrid,fixed,decaps,781189
7766,hybrid,fixed,decaps,760009
7767,hybrid,fixed,decaps,783190
7768,hybrid,fixed,decaps,810522
7769,hybrid,fixed,decaps,810420
7770,hybrid,fixed,decaps,819107
7771,hybrid,fixed,decaps,737931
7772,hybrid,fixed,decaps,778213
7773,hybrid,fixed,decaps,806560
7774,hybrid,fixed,decaps,811188
7775,hybrid,fixed,decaps,797829
7776,hybrid,fixed,decaps,737564
7777,hybrid,fixed,decaps,774465
7778,hybrid,fixed,decaps,783276
7779,hybrid,fixed,decaps,759690
7780,hybrid,fixed,decaps,758858
7781,hybrid,fixed,decaps,758805
7782,hybrid,fixed,decaps,796593
7783,hybrid,fixed,decaps,819325
7784,hybrid,fixed,decaps,782415
7785,hybrid,fixed,decaps,782118
7786,hybrid,fixed,decaps,781995
7787,hybrid,fixed,decaps,779764
7788,hybrid,fixed,decaps,792087
7789,hybrid,fixed,decaps,758569
7790,hybrid,fixed,decaps,816454
7791,hybrid,fixed,decaps,822736
7792,hybrid,fixed,decaps,807463
7793,hybrid,fixed,decaps,794419
7794,hybrid,fixed,decaps,772627
7795,hybrid,fixed,decaps,790896
7796,hybrid,fixed,decaps,816445
7797,hybrid,fixed,decaps,813617
7798,hybrid,fixed,decaps,788287
7799,hybrid,fixed,decaps,782031
7800,hybrid,fixed,decaps,781542
7801,hybrid,fixed,decaps,769870
7802,hybrid,fixed,decaps,770876
7803,hybrid,fixed,decaps,758400
7804,hybrid,fixed,decaps,787609
7805,hybrid,fixed,decaps,776251
7806,hybrid,fixed,decaps,759851
7807,hybrid,fixed,decaps,781322
7808,hybrid,fixed,decaps,806469
7809,hybrid,fixed,decaps,826244
7810,hybrid,fixed,decaps,782992
7811,hybrid,fixed,decaps,781754
7812,hybrid,fixed,decaps,781735
7813,hybrid,fixed,decaps,781622
7814,hybrid,fixed,decaps,1136794
7815,hybrid,fixed,decaps,738081
7816,hybrid,fixed,decaps,809955
7817,hybrid,fixed,decaps,760257
7818,hybrid,fixed,decaps,789690
7819,hybrid,fixed,decaps,759707
7820,hybrid,fixed,decaps,758559
7821,hybrid,fixed,decaps,803271
7822,hybrid,fixed,decaps,782822
7823,hybrid,fixed,decaps,781972
7824,hybrid,fixed,decaps,788701
7825,hybrid,fixed,decaps,786964
7826,hybrid,fixed,decaps,778067
7827,hybrid,fixed,decaps,765379
7828,hybrid,fixed,decaps,758549
7829,hybrid,fixed,decaps,764207
7830,hybrid,fixed,decaps,758907
7831,hybrid,fixed,decaps,758535
7832,hybrid,fixed,decaps,758546
7833,hybrid,fixed,decaps,758417
7834,hybrid,fixed,decaps,796069
7835,hybrid,fixed,decaps,781739
7836,hybrid,fixed,decaps,795838
7837,hybrid,fixed,decaps,737128
7838,hybrid,fixed,decaps,775572
7839,hybrid,fixed,decaps,763391
7840,hybrid,fixed,decaps,775819
7841,hybrid,fixed,decaps,800601
7842,hybrid,fixed,decaps,784541
7843,hybrid,fixed,decaps,781801
7844,hybrid,fixed,decaps,816484
7845,hybrid,fixed,decaps,793818
7846,hybrid,fixed,decaps,737590
7847,hybrid,fixed,decaps,781134
7848,hybrid,fixed,decaps,758779
7849,hybrid,fixed,decaps,765749
7850,hybrid,fixed,decaps,758725
7851,hybrid,fixed,decaps,758131
7852,hybrid,fixed,decaps,758150
7853,hybrid,fixed,decaps,779193
7854,hybrid,fixed,decaps,781827
7855,hybrid,fixed,decaps,786430
7856,hybrid,fixed,decaps,885896
7857,hybrid,fixed,decaps,774858
7858,hybrid,fixed,decaps,767920
7859,hybrid,fixed,decaps,758741
7860,hybrid,fixed,decaps,763922
7861,hybrid,fixed,decaps,758473
7862,hybrid,fixed,decaps,758462
7863,hybrid,fixed,decaps,773607
7864,hybrid,fixed,decaps,781579
7865,hybrid,fixed,decaps,788272
7866,hybrid,fixed,decaps,781961
7867,hybrid,fixed,decaps,810293
7868,hybrid,fixed,decaps,752271
7869,hybrid,fixed,decaps,779275
7870,hybrid,fixed,decaps,807811
7871,hybrid,fixed,decaps,760164
7872,hybrid,fixed,decaps,774261
7873,hybrid,fixed,decaps,781767
7874,hybrid,fixed,decaps,781583
7875,hybrid,fixed,decaps,787160
7876,hybrid,fixed,decaps,781960
7877,hybrid,fixed,decaps,781685
7878,hybrid,fixed,decaps,781698
7879,hybrid,fixed,decaps,781677
7880,hybrid,fixed,decaps,786910
7881,hybrid,fixed,decaps,793089
7882,hybrid,fixed,decaps,737216
7883,hybrid,fixed,decaps,773994
7884,hybrid,fixed,decaps,784665
7885,hybrid,fixed,decaps,785200
7886,hybrid,fixed,decaps,783570
7887,hybrid,fixed,decaps,781368
7888,hybrid,fixed,decaps,781121
7889,hybrid,fixed,decaps,781284
7890,hybrid,fixed,decaps,784255
7891,hybrid,fixed,decaps,781457
7892,hybrid,fixed,decaps,774330
7893,hybrid,fixed,decaps,778922
7894,hybrid,fixed,decaps,759347
7895,hybrid,fixed,decaps,774839
7896,hybrid,fixed,decaps,834027
7897,hybrid,fixed,decaps,800338
7898,hybrid,fixed,decaps,775115
7899,hybrid,fixed,decaps,768721
7900,hybrid,fixed,decaps,776038
7901,hybrid,fixed,decaps,766492
7902,hybrid,fixed,decaps,759334
7903,hybrid,fixed,decaps,789357
7904,hybrid,fixed,decaps,816281
7905,hybrid,fixed,decaps,782186
7906,hybrid,fixed,decaps,779889
7907,hybrid,fixed,decaps,775401
7908,hybrid,fixed,decaps,758591
7909,hybrid,fixed,decaps,758720
7910,hybrid,fixed,decaps,816537
7911,hybrid,fixed,decaps,803014
7912,hybrid,fixed,decaps,783547
7913,hybrid,fixed,decaps,781198
7914,hybrid,fixed,decaps,785028
7915,hybrid,fixed,decaps,756046
7916,hybrid,fixed,decaps,779108
7917,hybrid,fixed,decaps,788728
7918,hybrid,fixed,decaps,948161
7919,hybrid,fixed,decaps,786774
7920,hybrid,fixed,decaps,810905
7921,hybrid,fixed,decaps,795768
7922,hybrid,fixed,decaps,774346
7923,hybrid,fixed,decaps,759210
7924,hybrid,fixed,decaps,758547
7925,hybrid,fixed,decaps,758378
7926,hybrid,fixed,decaps,764084
7927,hybrid,fixed,decaps,784567
7928,hybrid,fixed,decaps,817864
7929,hybrid,fixed,decaps,781525
7930,hybrid,fixed,decaps,766463
7931,hybrid,fixed,decaps,773334
7932,hybrid,fixed,decaps,758884
7933,hybrid,fixed,decaps,758576
7934,hybrid,fixed,decaps,758128
7935,hybrid,fixed,decaps,766159
7936,hybrid,fixed,decaps,795681
7937,hybrid,fixed,decaps,806737
7938,hybrid,fixed,decaps,794993
7939,hybrid,fixed,decaps,767759
7940,hybrid,fixed,decaps,767255
7941,hybrid,fixed,decaps,784167
7942,hybrid,fixed,decaps,806567
7943,hybrid,fixed,decaps,797322
7944,hybrid,fixed,decaps,772855
7945,hybrid,fixed,decaps,770655
7946,hybrid,fixed,decaps,783665
7947,hybrid,fixed,decaps,766791
7948,hybrid,fixed,decaps,758714
7949,hybrid,fixed,decaps,758248
7950,hybrid,fixed,decaps,757927
7951,hybrid,fixed,decaps,758615
7952,hybrid,fixed,decaps,764599
7953,hybrid,fixed,decaps,758894
7954,hybrid,fixed,decaps,758270
7955,hybrid,fixed,decaps,758509
7956,hybrid,fixed,decaps,811994
7957,hybrid,fixed,decaps,810683
7958,hybrid,fixed,decaps,781635
7959,hybrid,fixed,decaps,793247
7960,hybrid,fixed,decaps,737366
7961,hybrid,fixed,decaps,777826
7962,hybrid,fixed,decaps,803536
7963,hybrid,fixed,decaps,783299
7964,hybrid,fixed,decaps,806649
7965,hybrid,fixed,decaps,794782
7966,hybrid,fixed,decaps,770277
7967,hybrid,fixed,decaps,797305
7968,hybrid,fixed,decaps,761776
7969,hybrid,fixed,decaps,758849
7970,hybrid,fixed,decaps,818744
7971,hybrid,fixed,decaps,802972
7972,hybrid,fixed,decaps,851597
7973,hybrid,fixed,decaps,768675
7974,hybrid,fixed,decaps,759008
7975,hybrid,fixed,decaps,761698
7976,hybrid,fixed,decaps,765304
7977,hybrid,fixed,decaps,770648
7978,hybrid,fixed,decaps,773001
7979,hybrid,fixed,decaps,806218
7980,hybrid,fixed,decaps,805891
7981,hybrid,fixed,decaps,807342
7982,hybrid,fixed,decaps,830053
7983,hybrid,fixed,decaps,764906
7984,hybrid,fixed,decaps,758665
7985,hybrid,fixed,decaps,758465
7986,hybrid,fixed,decaps,759111
7987,hybrid,fixed,decaps,758513
7988,hybrid,fixed,decaps,765179
7989,hybrid,fixed,decaps,810165
7990,hybrid,fixed,decaps,806119
7991,hybrid,fixed,decaps,794000
7992,hybrid,fixed,decaps,764292
7993,hybrid,fixed,decaps,763810
7994,hybrid,fixed,decaps,758853
7995,hybrid,fixed,decaps,759969
7996,hybrid,fixed,decaps,774949
7997,hybrid,fixed,decaps,807359
7998,hybrid,fixed,decaps,830869
7999,hybrid,fixed,decaps,782639
8000,hybrid,fixed,decaps,792936
8001,hybrid,fixed,decaps,764312
8002,hybrid,fixed,decaps,758943
8003,hybrid,fixed,decaps,764192
8004,hybrid,fixed,decaps,758912
8005,hybrid,fixed,decaps,776980
8006,hybrid,fixed,decaps,805513
8007,hybrid,fixed,decaps,797810
8008,hybrid,fixed,decaps,784559
8009,hybrid,fixed,decaps,795437
8010,hybrid,fixed,decaps,764345
8011,hybrid,fixed,decaps,764691
8012,hybrid,fixed,decaps,777345
8013,hybrid,fixed,decaps,796838
8014,hybrid,fixed,decaps,766612
8015,hybrid,fixed,decaps,765333
8016,hybrid,fixed,decaps,763488
8017,hybrid,fixed,decaps,769129
8018,hybrid,fixed,decaps,775184
8019,hybrid,fixed,decaps,781629
8020,hybrid,fixed,decaps,817118
8021,hybrid,fixed,decaps,824438
8022,hybrid,fixed,decaps,815996
8023,hybrid,fixed,decaps,904525
8024,hybrid,fixed,decaps,772364
8025,hybrid,fixed,decaps,789029
8026,hybrid,fixed,decaps,808414
8027,hybrid,fixed,decaps,819082
8028,hybrid,fixed,decaps,827024
8029,hybrid,fixed,decaps,807686
8030,hybrid,fixed,decaps,806369
8031,hybrid,fixed,decaps,794615
8032,hybrid,fixed,decaps,781188
8033,hybrid,fixed,decaps,785736
8034,hybrid,fixed,decaps,781585
8035,hybrid,fixed,decaps,781061
8036,hybrid,fixed,decaps,780900
8037,hybrid,fixed,decaps,799837
8038,hybrid,fixed,decaps,819954
8039,hybrid,fixed,decaps,796808
8040,hybrid,fixed,decaps,782176
8041,hybrid,fixed,decaps,781909
8042,hybrid,fixed,decaps,781754
8043,hybrid,fixed,decaps,1148898
8044,hybrid,fixed,decaps,798163
8045,hybrid,fixed,decaps,761298
8046,hybrid,fixed,decaps,758473
8047,hybrid,fixed,decaps,810723
8048,hybrid,fixed,decaps,817288
8049,hybrid,fixed,decaps,793541
8050,hybrid,fixed,decaps,815456
8051,hybrid,fixed,decaps,781804
8052,hybrid,fixed,decaps,781844
8053,hybrid,fixed,decaps,789587
8054,hybrid,fixed,decaps,782269
8055,hybrid,fixed,decaps,782133
8056,hybrid,fixed,decaps,782250
8057,hybrid,fixed,decaps,781725
8058,hybrid,fixed,decaps,789584
8059,hybrid,fixed,decaps,787740
8060,hybrid,fixed,decaps,781990
8061,hybrid,fixed,decaps,781656
8062,hybrid,fixed,decaps,783084
8063,hybrid,fixed,decaps,772610
8064,hybrid,fixed,decaps,758872
8065,hybrid,fixed,decaps,758309
8066,hybrid,fixed,decaps,757969
8067,hybrid,fixed,decaps,758088
8068,hybrid,fixed,decaps,768436
8069,hybrid,fixed,decaps,759778
8070,hybrid,fixed,decaps,815135
8071,hybrid,fixed,decaps,803351
8072,hybrid,fixed,decaps,781611
8073,hybrid,fixed,decaps,877522
8074,hybrid,fixed,decaps,783528
8075,hybrid,fixed,decaps,782224
8076,hybrid,fixed,decaps,783160
8077,hybrid,fixed,decaps,763689
8078,hybrid,fixed,decaps,758793
8079,hybrid,fixed,decaps,765896
8080,hybrid,fixed,decaps,759375
8081,hybrid,fixed,decaps,758269
8082,hybrid,fixed,decaps,758547
8083,hybrid,fixed,decaps,758345
8084,hybrid,fixed,decaps,768110
8085,hybrid,fixed,decaps,759477
8086,hybrid,fixed,decaps,758551
8087,hybrid,fixed,decaps,758683
8088,hybrid,fixed,decaps,812859
8089,hybrid,fixed,decaps,811653
8090,hybrid,fixed,decaps,781531
8091,hybrid,fixed,decaps,780932
8092,hybrid,fixed,decaps,780680
8093,hybrid,fixed,decaps,780870
8094,hybrid,fixed,decaps,812847
8095,hybrid,fixed,decaps,764521
8096,hybrid,fixed,decaps,758842
8097,hybrid,fixed,decaps,758133
8098,hybrid,fixed,decaps,810440
8099,hybrid,fixed,decaps,879721
8100,hybrid,fixed,decaps,783431
8101,hybrid,fixed,decaps,797690
8102,hybrid,fixed,decaps,758280
8103,hybrid,fixed,decaps,763604
8104,hybrid,fixed,decaps,767111
8105,hybrid,fixed,decaps,759667
8106,hybrid,fixed,decaps,758926
8107,hybrid,fixed,decaps,759182
8108,hybrid,fixed,decaps,797640
8109,hybrid,fixed,decaps,819523
8110,hybrid,fixed,decaps,799681
8111,hybrid,fixed,decaps,777360
8112,hybrid,fixed,decaps,764556
8113,hybrid,fixed,decaps,758886
8114,hybrid,fixed,decaps,765504
8115,hybrid,fixed,decaps,759983
8116,hybrid,fixed,decaps,758616
8117,hybrid,fixed,decaps,758616
8118,hybrid,fixed,decaps,783580
8119,hybrid,fixed,decaps,806183
8120,hybrid,fixed,decaps,798672
8121,hybrid,fixed,decaps,782615
8122,hybrid,fixed,decaps,763889
8123,hybrid,fixed,decaps,780229
8124,hybrid,fixed,decaps,824000
8125,hybrid,fixed,decaps,839727
8126,hybrid,fixed,decaps,784179
8127,hybrid,fixed,decaps,764233
8128,hybrid,fixed,decaps,758650
8129,hybrid,fixed,decaps,758311
8130,hybrid,fixed,decaps,761636
8131,hybrid,fixed,decaps,797318
8132,hybrid,fixed,decaps,812027
8133,hybrid,fixed,decaps,801305
8134,hybrid,fixed,decaps,758642
8135,hybrid,fixed,decaps,761226
8136,hybrid,fixed,decaps,763592
8137,hybrid,fixed,decaps,758811
8138,hybrid,fixed,decaps,760693
8139,hybrid,fixed,decaps,758599
8140,hybrid,fixed,decaps,761088
8141,hybrid,fixed,decaps,758690
8142,hybrid,fixed,decaps,758489
8143,hybrid,fixed,decaps,758728
8144,hybrid,fixed,decaps,796984
8145,hybrid,fixed,decaps,815469
8146,hybrid,fixed,decaps,781337
8147,hybrid,fixed,decaps,782233
8148,hybrid,fixed,decaps,781025
8149,hybrid,fixed,decaps,781225
8150,hybrid,fixed,decaps,819368
8151,hybrid,fixed,decaps,743233
8152,hybrid,fixed,decaps,778806
8153,hybrid,fixed,decaps,758364
8154,hybrid,fixed,decaps,760352
8155,hybrid,fixed,decaps,759081
8156,hybrid,fixed,decaps,765836
8157,hybrid,fixed,decaps,758456
8158,hybrid,fixed,decaps,758352
8159,hybrid,fixed,decaps,758298
8160,hybrid,fixed,decaps,758179
8161,hybrid,fixed,decaps,810292
8162,hybrid,fixed,decaps,806091
8163,hybrid,fixed,decaps,813369
8164,hybrid,fixed,decaps,781292
8165,hybrid,fixed,decaps,781108
8166,hybrid,fixed,decaps,784724
8167,hybrid,fixed,decaps,781539
8168,hybrid,fixed,decaps,795961
8169,hybrid,fixed,decaps,759008
8170,hybrid,fixed,decaps,764708
8171,hybrid,fixed,decaps,761910
8172,hybrid,fixed,decaps,758529
8173,hybrid,fixed,decaps,758548
8174,hybrid,fixed,decaps,760929
8175,hybrid,fixed,decaps,827863
8176,hybrid,fixed,decaps,812637
8177,hybrid,fixed,decaps,848052
8178,hybrid,fixed,decaps,853920
8179,hybrid,fixed,decaps,761207
8180,hybrid,fixed,decaps,810691
8181,hybrid,fixed,decaps,828236
8182,hybrid,fixed,decaps,764279
8183,hybrid,fixed,decaps,758874
8184,hybrid,fixed,decaps,758428
8185,hybrid,fixed,decaps,758209
8186,hybrid,fixed,decaps,770346
8187,hybrid,fixed,decaps,777589
8188,hybrid,fixed,decaps,805937
8189,hybrid,fixed,decaps,798793
8190,hybrid,fixed,decaps,786977
8191,hybrid,fixed,decaps,768185
8192,hybrid,fixed,decaps,758731
8193,hybrid,fixed,decaps,758206
8194,hybrid,fixed,decaps,758220
8195,hybrid,fixed,decaps,759102
8196,hybrid,fixed,decaps,773675
8197,hybrid,fixed,decaps,809369
8198,hybrid,fixed,decaps,802345
8199,hybrid,fixed,decaps,780973
8200,hybrid,fixed,decaps,781719
8201,hybrid,fixed,decaps,839756
8202,hybrid,fixed,decaps,779719
8203,hybrid,fixed,decaps,763752
8204,hybrid,fixed,decaps,758806
8205,hybrid,fixed,decaps,758454
8206,hybrid,fixed,decaps,758507
8207,hybrid,fixed,decaps,762111
8208,hybrid,fixed,decaps,758505
8209,hybrid,fixed,decaps,783884
8210,hybrid,fixed,decaps,805868
8211,hybrid,fixed,decaps,795707
8212,hybrid,fixed,decaps,785194
8213,hybrid,fixed,decaps,789551
8214,hybrid,fixed,decaps,763645
8215,hybrid,fixed,decaps,758451
8216,hybrid,fixed,decaps,758109
8217,hybrid,fixed,decaps,761211
8218,hybrid,fixed,decaps,758432
8219,hybrid,fixed,decaps,787530
8220,hybrid,fixed,decaps,759338
8221,hybrid,fixed,decaps,801491
8222,hybrid,fixed,decaps,813702
8223,hybrid,fixed,decaps,781628
8224,hybrid,fixed,decaps,781165
8225,hybrid,fixed,decaps,781486
8226,hybrid,fixed,decaps,783966
8227,hybrid,fixed,decaps,858107
8228,hybrid,fixed,decaps,798355
8229,hybrid,fixed,decaps,758919
8230,hybrid,fixed,decaps,763536
8231,hybrid,fixed,decaps,758865
8232,hybrid,fixed,decaps,768034
8233,hybrid,fixed,decaps,759684
8234,hybrid,fixed,decaps,815380
8235,hybrid,fixed,decaps,802734
8236,hybrid,fixed,decaps,782054
8237,hybrid,fixed,decaps,785811
8238,hybrid,fixed,decaps,782178
8239,hybrid,fixed,decaps,781750
8240,hybrid,fixed,decaps,786231
8241,hybrid,fixed,decaps,763668
8242,hybrid,fixed,decaps,758715
8243,hybrid,fixed,decaps,768154
8244,hybrid,fixed,decaps,759038
8245,hybrid,fixed,decaps,758399
8246,hybrid,fixed,decaps,758058
8247,hybrid,fixed,decaps,758360
8248,hybrid,fixed,decaps,812886
8249,hybrid,fixed,decaps,806576
8250,hybrid,fixed,decaps,792750
8251,hybrid,fixed,decaps,762811
8252,hybrid,fixed,decaps,758770
8253,hybrid,fixed,decaps,785396
8254,hybrid,fixed,decaps,759655
8255,hybrid,fixed,decaps,757892
8256,hybrid,fixed,decaps,758079
8257,hybrid,fixed,decaps,757845
8258,hybrid,fixed,decaps,762106
8259,hybrid,fixed,decaps,777301
8260,hybrid,fixed,decaps,805532
8261,hybrid,fixed,decaps,797564
8262,hybrid,fixed,decaps,781543
8263,hybrid,fixed,decaps,784443
8264,hybrid,fixed,decaps,781685
8265,hybrid,fixed,decaps,781113
8266,hybrid,fixed,decaps,781531
8267,hybrid,fixed,decaps,758120
8268,hybrid,fixed,decaps,766546
8269,hybrid,fixed,decaps,759221
8270,hybrid,fixed,decaps,758521
8271,hybrid,fixed,decaps,758464
8272,hybrid,fixed,decaps,758714
8273,hybrid,fixed,decaps,758399
8274,hybrid,fixed,decaps,761292
8275,hybrid,fixed,decaps,758374
8276,hybrid,fixed,decaps,758395
8277,hybrid,fixed,decaps,758586
8278,hybrid,fixed,decaps,782357
8279,hybrid,fixed,decaps,809142
8280,hybrid,fixed,decaps,807756
8281,hybrid,fixed,decaps,781792
8282,hybrid,fixed,decaps,781762
8283,hybrid,fixed,decaps,781765
8284,hybrid,fixed,decaps,785113
8285,hybrid,fixed,decaps,783297
8286,hybrid,fixed,decaps,764544
8287,hybrid,fixed,decaps,758867
8288,hybrid,fixed,decaps,758852
8289,hybrid,fixed,decaps,761826
8290,hybrid,fixed,decaps,758687
8291,hybrid,fixed,decaps,758535
8292,hybrid,fixed,decaps,758531
8293,hybrid,fixed,decaps,795802
8294,hybrid,fixed,decaps,816255
8295,hybrid,fixed,decaps,781758
8296,hybrid,fixed,decaps,781559
8297,hybrid,fixed,decaps,769111
8298,hybrid,fixed,decaps,773300
8299,hybrid,fixed,decaps,759431
8300,hybrid,fixed,decaps,762348
8301,hybrid,fixed,decaps,758786
8302,hybrid,fixed,decaps,797126
8303,hybrid,fixed,decaps,812092
8304,hybrid,fixed,decaps,807172
8305,hybrid,fixed,decaps,856780
8306,hybrid,fixed,decaps,835545
8307,hybrid,fixed,decaps,781459
8308,hybrid,fixed,decaps,788929
8309,hybrid,fixed,decaps,823565
8310,hybrid,fixed,decaps,782385
8311,hybrid,fixed,decaps,781729
8312,hybrid,fixed,decaps,775358
8313,hybrid,fixed,decaps,765085
8314,hybrid,fixed,decaps,759158
8315,hybrid,fixed,decaps,761970
8316,hybrid,fixed,decaps,758804
8317,hybrid,fixed,decaps,787033
8318,hybrid,fixed,decaps,816887
8319,hybrid,fixed,decaps,781534
8320,hybrid,fixed,decaps,784162
8321,hybrid,fixed,decaps,781476
8322,hybrid,fixed,decaps,782066
8323,hybrid,fixed,decaps,798518
8324,hybrid,fixed,decaps,737221
8325,hybrid,fixed,decaps,782865
8326,hybrid,fixed,decaps,758991
8327,hybrid,fixed,decaps,758680
8328,hybrid,fixed,decaps,758584
8329,hybrid,fixed,decaps,807963
8330,hybrid,fixed,decaps,836652
8331,hybrid,fixed,decaps,783457
8332,hybrid,fixed,decaps,782740
8333,hybrid,fixed,decaps,781891
8334,hybrid,fixed,decaps,781480
8335,hybrid,fixed,decaps,788347
8336,hybrid,fixed,decaps,782084
8337,hybrid,fixed,decaps,785886
8338,hybrid,fixed,decaps,752362
8339,hybrid,fixed,decaps,774335
8340,hybrid,fixed,decaps,762312
8341,hybrid,fixed,decaps,759024
8342,hybrid,fixed,decaps,758792
8343,hybrid,fixed,decaps,758705
8344,hybrid,fixed,decaps,758571
8345,hybrid,fixed,decaps,759155
8346,hybrid,fixed,decaps,761724
8347,hybrid,fixed,decaps,810099
8348,hybrid,fixed,decaps,805640
8349,hybrid,fixed,decaps,781850
8350,hybrid,fixed,decaps,781565
8351,hybrid,fixed,decaps,784980
8352,hybrid,fixed,decaps,767013
8353,hybrid,fixed,decaps,737225
8354,hybrid,fixed,decaps,761643
8355,hybrid,fixed,decaps,786428
8356,hybrid,fixed,decaps,799369
8357,hybrid,fixed,decaps,782093
8358,hybrid,fixed,decaps,781622
8359,hybrid,fixed,decaps,781547
8360,hybrid,fixed,decaps,781490
8361,hybrid,fixed,decaps,785908
8362,hybrid,fixed,decaps,781709
8363,hybrid,fixed,decaps,791184
8364,hybrid,fixed,decaps,736712
8365,hybrid,fixed,decaps,779953
8366,hybrid,fixed,decaps,761744
8367,hybrid,fixed,decaps,777424
8368,hybrid,fixed,decaps,782010
8369,hybrid,fixed,decaps,801730
8370,hybrid,fixed,decaps,782603
8371,hybrid,fixed,decaps,787637
8372,hybrid,fixed,decaps,781848
8373,hybrid,fixed,decaps,781442
8374,hybrid,fixed,decaps,781939
8375,hybrid,fixed,decaps,773297
8376,hybrid,fixed,decaps,793048
8377,hybrid,fixed,decaps,775625
8378,hybrid,fixed,decaps,737409
8379,hybrid,fixed,decaps,771919
8380,hybrid,fixed,decaps,782981
8381,hybrid,fixed,decaps,811949
8382,hybrid,fixed,decaps,783045
8383,hybrid,fixed,decaps,781405
8384,hybrid,fixed,decaps,780954
8385,hybrid,fixed,decaps,781248
8386,hybrid,fixed,decaps,781248
8387,hybrid,fixed,decaps,788705
8388,hybrid,fixed,decaps,782111
8389,hybrid,fixed,decaps,775916
8390,hybrid,fixed,decaps,767226
8391,hybrid,fixed,decaps,758972
8392,hybrid,fixed,decaps,845731
8393,hybrid,fixed,decaps,802534
8394,hybrid,fixed,decaps,778931
8395,hybrid,fixed,decaps,759032
8396,hybrid,fixed,decaps,758939
8397,hybrid,fixed,decaps,816575
8398,hybrid,fixed,decaps,803223
8399,hybrid,fixed,decaps,782221
8400,hybrid,fixed,decaps,765016
8401,hybrid,fixed,decaps,759069
8402,hybrid,fixed,decaps,762024
8403,hybrid,fixed,decaps,759359
8404,hybrid,fixed,decaps,758907
8405,hybrid,fixed,decaps,758984
8406,hybrid,fixed,decaps,763580
8407,hybrid,fixed,decaps,851913
8408,hybrid,fixed,decaps,900588
8409,hybrid,fixed,decaps,761368
8410,hybrid,fixed,decaps,759233
8411,hybrid,fixed,decaps,812551
8412,hybrid,fixed,decaps,812712
8413,hybrid,fixed,decaps,781912
8414,hybrid,fixed,decaps,796712
8415,hybrid,fixed,decaps,736654
8416,hybrid,fixed,decaps,736012
8417,hybrid,fixed,decaps,795514
8418,hybrid,fixed,decaps,758952
8419,hybrid,fixed,decaps,773457
8420,hybrid,fixed,decaps,929898
8421,hybrid,fixed,decaps,793058
8422,hybrid,fixed,decaps,786962
8423,hybrid,fixed,decaps,781820
8424,hybrid,fixed,decaps,785427
8425,hybrid,fixed,decaps,753455
8426,hybrid,fixed,decaps,776441
8427,hybrid,fixed,decaps,762258
8428,hybrid,fixed,decaps,773685
8429,hybrid,fixed,decaps,781408
8430,hybrid,fixed,decaps,781423
8431,hybrid,fixed,decaps,781235
8432,hybrid,fixed,decaps,812577
8433,hybrid,fixed,decaps,788117
8434,hybrid,fixed,decaps,750547
8435,hybrid,fixed,decaps,778442
8436,hybrid,fixed,decaps,759277
8437,hybrid,fixed,decaps,774420
8438,hybrid,fixed,decaps,884410
8439,hybrid,fixed,decaps,815122
8440,hybrid,fixed,decaps,784062
8441,hybrid,fixed,decaps,781942
8442,hybrid,fixed,decaps,789126
8443,hybrid,fixed,decaps,782333
8444,hybrid,fixed,decaps,781444
8445,hybrid,fixed,decaps,774852
8446,hybrid,fixed,decaps,769276
8447,hybrid,fixed,decaps,758755
8448,hybrid,fixed,decaps,761865
8449,hybrid,fixed,decaps,758609
8450,hybrid,fixed,decaps,758532
8451,hybrid,fixed,decaps,758278
8452,hybrid,fixed,decaps,758619
8453,hybrid,fixed,decaps,761775
8454,hybrid,fixed,decaps,758930
8455,hybrid,fixed,decaps,758671
8456,hybrid,fixed,decaps,758535
8457,hybrid,fixed,decaps,758624
8458,hybrid,fixed,decaps,810119
8459,hybrid,fixed,decaps,783249
8460,hybrid,fixed,decaps,781544
8461,hybrid,fixed,decaps,781857
8462,hybrid,fixed,decaps,781536
8463,hybrid,fixed,decaps,786574
8464,hybrid,fixed,decaps,781910
8465,hybrid,fixed,decaps,781532
8466,hybrid,fixed,decaps,762172
8467,hybrid,fixed,decaps,775110
8468,hybrid,fixed,decaps,762545
8469,hybrid,fixed,decaps,758793
8470,hybrid,fixed,decaps,758667
8471,hybrid,fixed,decaps,758761
8472,hybrid,fixed,decaps,758790
8473,hybrid,fixed,decaps,758551
8474,hybrid,fixed,decaps,772898
8475,hybrid,fixed,decaps,759348
8476,hybrid,fixed,decaps,781016
8477,hybrid,fixed,decaps,781918
8478,hybrid,fixed,decaps,781284
8479,hybrid,fixed,decaps,785149
8480,hybrid,fixed,decaps,781751
8481,hybrid,fixed,decaps,781327
8482,hybrid,fixed,decaps,783407
8483,hybrid,fixed,decaps,781867
8484,hybrid,fixed,decaps,810968
8485,hybrid,fixed,decaps,780084
8486,hybrid,fixed,decaps,761674
8487,hybrid,fixed,decaps,759412
8488,hybrid,fixed,decaps,759664
8489,hybrid,fixed,decaps,793131
8490,hybrid,fixed,decaps,782725
8491,hybrid,fixed,decaps,781900
8492,hybrid,fixed,decaps,781766
8493,hybrid,fixed,decaps,782023
8494,hybrid,fixed,decaps,784855
8495,hybrid,fixed,decaps,769113
8496,hybrid,fixed,decaps,759011
8497,hybrid,fixed,decaps,792892
8498,hybrid,fixed,decaps,782071
8499,hybrid,fixed,decaps,784902
8500,hybrid,fixed,decaps,782339
8501,hybrid,fixed,decaps,782024
8502,hybrid,fixed,decaps,762795
8503,hybrid,fixed,decaps,774075
8504,hybrid,fixed,decaps,762453
8505,hybrid,fixed,decaps,760232
8506,hybrid,fixed,decaps,758533
8507,hybrid,fixed,decaps,758611
8508,hybrid,fixed,decaps,758731
8509,hybrid,fixed,decaps,759095
8510,hybrid,fixed,decaps,785299
8511,hybrid,fixed,decaps,760127
8512,hybrid,fixed,decaps,758892
8513,hybrid,fixed,decaps,758763
8514,hybrid,fixed,decaps,795077
8515,hybrid,fixed,decaps,786160
8516,hybrid,fixed,decaps,782012
8517,hybrid,fixed,decaps,781825
8518,hybrid,fixed,decaps,781507
8519,hybrid,fixed,decaps,781459
8520,hybrid,fixed,decaps,785421
8521,hybrid,fixed,decaps,784560
8522,hybrid,fixed,decaps,741001
8523,hybrid,fixed,decaps,776962
8524,hybrid,fixed,decaps,758834
8525,hybrid,fixed,decaps,761822
8526,hybrid,fixed,decaps,759137
8527,hybrid,fixed,decaps,758844
8528,hybrid,fixed,decaps,758668
8529,hybrid,fixed,decaps,758678
8530,hybrid,fixed,decaps,761795
8531,hybrid,fixed,decaps,759287
8532,hybrid,fixed,decaps,792015
8533,hybrid,fixed,decaps,782440
8534,hybrid,fixed,decaps,781942
8535,hybrid,fixed,decaps,781641
8536,hybrid,fixed,decaps,810671
8537,hybrid,fixed,decaps,783229
8538,hybrid,fixed,decaps,778888
8539,hybrid,fixed,decaps,766414
8540,hybrid,fixed,decaps,769849
8541,hybrid,fixed,decaps,793145
8542,hybrid,fixed,decaps,759748
8543,hybrid,fixed,decaps,779207
8544,hybrid,fixed,decaps,781207
8545,hybrid,fixed,decaps,781367
8546,hybrid,fixed,decaps,785287
8547,hybrid,fixed,decaps,781598
8548,hybrid,fixed,decaps,792116
8549,hybrid,fixed,decaps,740042
8550,hybrid,fixed,decaps,774963
8551,hybrid,fixed,decaps,761197
8552,hybrid,fixed,decaps,758003
8553,hybrid,fixed,decaps,757732
8554,hybrid,fixed,decaps,757806
8555,hybrid,fixed,decaps,786690
8556,hybrid,fixed,decaps,783593
8557,hybrid,fixed,decaps,781082
8558,hybrid,fixed,decaps,780826
8559,hybrid,fixed,decaps,780610
8560,hybrid,fixed,decaps,780903
8561,hybrid,fixed,decaps,784684
8562,hybrid,fixed,decaps,785218
8563,hybrid,fixed,decaps,776095
8564,hybrid,fixed,decaps,769098
8565,hybrid,fixed,decaps,758517
8566,hybrid,fixed,decaps,758094
8567,hybrid,fixed,decaps,765588
8568,hybrid,fixed,decaps,758704
8569,hybrid,fixed,decaps,781705
8570,hybrid,fixed,decaps,782078
8571,hybrid,fixed,decaps,781378
8572,hybrid,fixed,decaps,784522
8573,hybrid,fixed,decaps,781362
8574,hybrid,fixed,decaps,781236
8575,hybrid,fixed,decaps,781130
8576,hybrid,fixed,decaps,781051
8577,hybrid,fixed,decaps,794961
8578,hybrid,fixed,decaps,781304
8579,hybrid,fixed,decaps,781394
8580,hybrid,fixed,decaps,781518
8581,hybrid,fixed,decaps,781354
8582,hybrid,fixed,decaps,789358
8583,hybrid,fixed,decaps,779779
8584,hybrid,fixed,decaps,765150
8585,hybrid,fixed,decaps,758735
8586,hybrid,fixed,decaps,758486
8587,hybrid,fixed,decaps,785249
8588,hybrid,fixed,decaps,760084
8589,hybrid,fixed,decaps,758632
8590,hybrid,fixed,decaps,758792
8591,hybrid,fixed,decaps,758501
8592,hybrid,fixed,decaps,766185
8593,hybrid,fixed,decaps,772159
8594,hybrid,fixed,decaps,805969
8595,hybrid,fixed,decaps,800563
8596,hybrid,fixed,decaps,781167
8597,hybrid,fixed,decaps,784650
8598,hybrid,fixed,decaps,781248
8599,hybrid,fixed,decaps,781293
8600,hybrid,fixed,decaps,777121
8601,hybrid,fixed,decaps,786878
8602,hybrid,fixed,decaps,759543
8603,hybrid,fixed,decaps,763566
8604,hybrid,fixed,decaps,758127
8605,hybrid,fixed,decaps,757742
8606,hybrid,fixed,decaps,757852
8607,hybrid,fixed,decaps,757407
8608,hybrid,fixed,decaps,763051
8609,hybrid,fixed,decaps,758182
8610,hybrid,fixed,decaps,759858
8611,hybrid,fixed,decaps,758221
8612,hybrid,fixed,decaps,812031
8613,hybrid,fixed,decaps,811480
8614,hybrid,fixed,decaps,808983
8615,hybrid,fixed,decaps,782334
8616,hybrid,fixed,decaps,781202
8617,hybrid,fixed,decaps,781329
8618,hybrid,fixed,decaps,799183
8619,hybrid,fixed,decaps,770998
8620,hybrid,fixed,decaps,758945
8621,hybrid,fixed,decaps,758618
8622,hybrid,fixed,decaps,758370
8623,hybrid,fixed,decaps,794741
8624,hybrid,fixed,decaps,816078
8625,hybrid,fixed,decaps,805689
8626,hybrid,fixed,decaps,762338
8627,hybrid,fixed,decaps,770230
8628,hybrid,fixed,decaps,763974
8629,hybrid,fixed,decaps,758917
8630,hybrid,fixed,decaps,758428
8631,hybrid,fixed,decaps,758491
8632,hybrid,fixed,decaps,790637
8633,hybrid,fixed,decaps,817400
8634,hybrid,fixed,decaps,782111
8635,hybrid,fixed,decaps,760077
8636,hybrid,fixed,decaps,768205
8637,hybrid,fixed,decaps,759094
8638,hybrid,fixed,decaps,758821
8639,hybrid,fixed,decaps,761997
8640,hybrid,fixed,decaps,830517
8641,hybrid,fixed,decaps,810777
8642,hybrid,fixed,decaps,782082
8643,hybrid,fixed,decaps,781968
8644,hybrid,fixed,decaps,788748
8645,hybrid,fixed,decaps,773388
8646,hybrid,fixed,decaps,771725
8647,hybrid,fixed,decaps,775930
8648,hybrid,fixed,decaps,805918
8649,hybrid,fixed,decaps,803683
8650,hybrid,fixed,decaps,776518
8651,hybrid,fixed,decaps,799710
8652,hybrid,fixed,decaps,795902
8653,hybrid,fixed,decaps,760032
8654,hybrid,fixed,decaps,763517
8655,hybrid,fixed,decaps,759280
8656,hybrid,fixed,decaps,759192
8657,hybrid,fixed,decaps,759108
8658,hybrid,fixed,decaps,758516
8659,hybrid,fixed,decaps,761504
8660,hybrid,fixed,decaps,778172
8661,hybrid,fixed,decaps,806054
8662,hybrid,fixed,decaps,797056
8663,hybrid,fixed,decaps,772206
8664,hybrid,fixed,decaps,769124
8665,hybrid,fixed,decaps,775281
8666,hybrid,fixed,decaps,850690
8667,hybrid,fixed,decaps,765843
8668,hybrid,fixed,decaps,765685
8669,hybrid,fixed,decaps,763224
8670,hybrid,fixed,decaps,758541
8671,hybrid,fixed,decaps,758228
8672,hybrid,fixed,decaps,758074
8673,hybrid,fixed,decaps,758225
8674,hybrid,fixed,decaps,758400
8675,hybrid,fixed,decaps,761778
8676,hybrid,fixed,decaps,804923
8677,hybrid,fixed,decaps,807767
8678,hybrid,fixed,decaps,790758
8679,hybrid,fixed,decaps,736715
8680,hybrid,fixed,decaps,793736
8681,hybrid,fixed,decaps,759020
8682,hybrid,fixed,decaps,783466
8683,hybrid,fixed,decaps,818663
8684,hybrid,fixed,decaps,781316
8685,hybrid,fixed,decaps,769818
8686,hybrid,fixed,decaps,767049
8687,hybrid,fixed,decaps,758684
8688,hybrid,fixed,decaps,758171
8689,hybrid,fixed,decaps,758396
8690,hybrid,fixed,decaps,800626
8691,hybrid,fixed,decaps,812869
8692,hybrid,fixed,decaps,808194
8693,hybrid,fixed,decaps,783429
8694,hybrid,fixed,decaps,781928
8695,hybrid,fixed,decaps,812941
8696,hybrid,fixed,decaps,767442
8697,hybrid,fixed,decaps,759201
8698,hybrid,fixed,decaps,758931
8699,hybrid,fixed,decaps,758836
8700,hybrid,fixed,decaps,807292
8701,hybrid,fixed,decaps,855635
8702,hybrid,fixed,decaps,809549
8703,hybrid,fixed,decaps,795431
8704,hybrid,fixed,decaps,781665
8705,hybrid,fixed,decaps,813368
8706,hybrid,fixed,decaps,768373
8707,hybrid,fixed,decaps,758959
8708,hybrid,fixed,decaps,758618
8709,hybrid,fixed,decaps,758364
8710,hybrid,fixed,decaps,764358
8711,hybrid,fixed,decaps,759426
8712,hybrid,fixed,decaps,758992
8713,hybrid,fixed,decaps,758856
8714,hybrid,fixed,decaps,784080
8715,hybrid,fixed,decaps,806421
8716,hybrid,fixed,decaps,800030
8717,hybrid,fixed,decaps,781775
8718,hybrid,fixed,decaps,801786
8719,hybrid,fixed,decaps,777756
8720,hybrid,fixed,decaps,806743
8721,hybrid,fixed,decaps,803403
8722,hybrid,fixed,decaps,765650
8723,hybrid,fixed,decaps,772075
8724,hybrid,fixed,decaps,758437
8725,hybrid,fixed,decaps,758083
8726,hybrid,fixed,decaps,821003
8727,hybrid,fixed,decaps,783144
8728,hybrid,fixed,decaps,768205
8729,hybrid,fixed,decaps,776297
8730,hybrid,fixed,decaps,760149
8731,hybrid,fixed,decaps,766134
8732,hybrid,fixed,decaps,759431
8733,hybrid,fixed,decaps,758560
8734,hybrid,fixed,decaps,758552
8735,hybrid,fixed,decaps,758548
8736,hybrid,fixed,decaps,761656
8737,hybrid,fixed,decaps,759070
8738,hybrid,fixed,decaps,760528
8739,hybrid,fixed,decaps,759190
8740,hybrid,fixed,decaps,758951
8741,hybrid,fixed,decaps,789180
8742,hybrid,fixed,decaps,806761
8743,hybrid,fixed,decaps,781984
8744,hybrid,fixed,decaps,809085
8745,hybrid,fixed,decaps,785651
8746,hybrid,fixed,decaps,787581
8747,hybrid,fixed,decaps,783157
8748,hybrid,fixed,decaps,782315
8749,hybrid,fixed,decaps,781928
8750,hybrid,fixed,decaps,784355
8751,hybrid,fixed,decaps,763349
8752,hybrid,fixed,decaps,762685
8753,hybrid,fixed,decaps,761485
8754,hybrid,fixed,decaps,760717
8755,hybrid,fixed,decaps,784946
8756,hybrid,fixed,decaps,808164
8757,hybrid,fixed,decaps,801361
8758,hybrid,fixed,decaps,771392
8759,hybrid,fixed,decaps,770531
8760,hybrid,fixed,decaps,758890
8761,hybrid,fixed,decaps,758720
8762,hybrid,fixed,decaps,811595
8763,hybrid,fixed,decaps,814874
8764,hybrid,fixed,decaps,787550
8765,hybrid,fixed,decaps,742185
8766,hybrid,fixed,decaps,775673
8767,hybrid,fixed,decaps,762629
8768,hybrid,fixed,decaps,759006
8769,hybrid,fixed,decaps,758473
8770,hybrid,fixed,decaps,787238
8771,hybrid,fixed,decaps,759956
8772,hybrid,fixed,decaps,764515
8773,hybrid,fixed,decaps,779988
8774,hybrid,fixed,decaps,806568
8775,hybrid,fixed,decaps,806279
8776,hybrid,fixed,decaps,802619
8777,hybrid,fixed,decaps,784903
8778,hybrid,fixed,decaps,795472
8779,hybrid,fixed,decaps,758467
8780,hybrid,fixed,decaps,757935
8781,hybrid,fixed,decaps,763379
8782,hybrid,fixed,decaps,762162
8783,hybrid,fixed,decaps,758829
8784,hybrid,fixed,decaps,758627
8785,hybrid,fixed,decaps,800877
8786,hybrid,fixed,decaps,810062
8787,hybrid,fixed,decaps,782063
8788,hybrid,fixed,decaps,785089
8789,hybrid,fixed,decaps,781651
8790,hybrid,fixed,decaps,782070
8791,hybrid,fixed,decaps,788944
8792,hybrid,fixed,decaps,740943
8793,hybrid,fixed,decaps,781817
8794,hybrid,fixed,decaps,758720
8795,hybrid,fixed,decaps,758568
8796,hybrid,fixed,decaps,781287
8797,hybrid,fixed,decaps,759954
8798,hybrid,fixed,decaps,765192
8799,hybrid,fixed,decaps,758921
8800,hybrid,fixed,decaps,758443
8801,hybrid,fixed,decaps,758668
8802,hybrid,fixed,decaps,810890
8803,hybrid,fixed,decaps,807929
8804,hybrid,fixed,decaps,786757
8805,hybrid,fixed,decaps,757737
8806,hybrid,fixed,decaps,758846
8807,hybrid,fixed,decaps,758209
8808,hybrid,fixed,decaps,761784
8809,hybrid,fixed,decaps,775629
8810,hybrid,fixed,decaps,805959
8811,hybrid,fixed,decaps,767448
8812,hybrid,fixed,decaps,774662
8813,hybrid,fixed,decaps,762333
8814,hybrid,fixed,decaps,758118
8815,hybrid,fixed,decaps,758539
8816,hybrid,fixed,decaps,758387
8817,hybrid,fixed,decaps,758515
8818,hybrid,fixed,decaps,758243
8819,hybrid,fixed,decaps,761391
8820,hybrid,fixed,decaps,758822
8821,hybrid,fixed,decaps,787577
8822,hybrid,fixed,decaps,857699
8823,hybrid,fixed,decaps,787223
8824,hybrid,fixed,decaps,786376
8825,hybrid,fixed,decaps,777563
8826,hybrid,fixed,decaps,758993
8827,hybrid,fixed,decaps,758599
8828,hybrid,fixed,decaps,758609
8829,hybrid,fixed,decaps,765693
8830,hybrid,fixed,decaps,759037
8831,hybrid,fixed,decaps,777470
8832,hybrid,fixed,decaps,805895
8833,hybrid,fixed,decaps,798142
8834,hybrid,fixed,decaps,796804
8835,hybrid,fixed,decaps,767029
8836,hybrid,fixed,decaps,759404
8837,hybrid,fixed,decaps,758801
8838,hybrid,fixed,decaps,804082
8839,hybrid,fixed,decaps,812432
8840,hybrid,fixed,decaps,782254
8841,hybrid,fixed,decaps,785214
8842,hybrid,fixed,decaps,754565
8843,hybrid,fixed,decaps,769250
8844,hybrid,fixed,decaps,778300
8845,hybrid,fixed,decaps,761759
8846,hybrid,fixed,decaps,758780
8847,hybrid,fixed,decaps,804601
8848,hybrid,fixed,decaps,832029
8849,hybrid,fixed,decaps,820299
8850,hybrid,fixed,decaps,781894
8851,hybrid,fixed,decaps,781500
8852,hybrid,fixed,decaps,781708
8853,hybrid,fixed,decaps,781723
8854,hybrid,fixed,decaps,785056
8855,hybrid,fixed,decaps,785239
8856,hybrid,fixed,decaps,773626
8857,hybrid,fixed,decaps,763157
8858,hybrid,fixed,decaps,758754
8859,hybrid,fixed,decaps,758534
8860,hybrid,fixed,decaps,761469
8861,hybrid,fixed,decaps,758328
8862,hybrid,fixed,decaps,783835
8863,hybrid,fixed,decaps,760082
8864,hybrid,fixed,decaps,758458
8865,hybrid,fixed,decaps,765841
8866,hybrid,fixed,decaps,762133
8867,hybrid,fixed,decaps,758816
8868,hybrid,fixed,decaps,759016
8869,hybrid,fixed,decaps,758689
8870,hybrid,fixed,decaps,764995
8871,hybrid,fixed,decaps,759151
8872,hybrid,fixed,decaps,758600
8873,hybrid,fixed,decaps,785030
8874,hybrid,fixed,decaps,759770
8875,hybrid,fixed,decaps,764904
8876,hybrid,fixed,decaps,772166
8877,hybrid,fixed,decaps,806064
8878,hybrid,fixed,decaps,800493
8879,hybrid,fixed,decaps,781519
8880,hybrid,fixed,decaps,787233
8881,hybrid,fixed,decaps,785778
8882,hybrid,fixed,decaps,776950
8883,hybrid,fixed,decaps,788905
8884,hybrid,fixed,decaps,759944
8885,hybrid,fixed,decaps,759309
8886,hybrid,fixed,decaps,772417
8887,hybrid,fixed,decaps,759404
8888,hybrid,fixed,decaps,758965
8889,hybrid,fixed,decaps,758587
8890,hybrid,fixed,decaps,758929
8891,hybrid,fixed,decaps,814035
8892,hybrid,fixed,decaps,803601
8893,hybrid,fixed,decaps,792502
8894,hybrid,fixed,decaps,763652
8895,hybrid,fixed,decaps,760991
8896,hybrid,fixed,decaps,761952
8897,hybrid,fixed,decaps,758542
8898,hybrid,fixed,decaps,758633
8899,hybrid,fixed,decaps,783802
8900,hybrid,fixed,decaps,812892
8901,hybrid,fixed,decaps,809327
8902,hybrid,fixed,decaps,781787
8903,hybrid,fixed,decaps,781501
8904,hybrid,fixed,decaps,781652
8905,hybrid,fixed,decaps,781817
8906,hybrid,fixed,decaps,762070
8907,hybrid,fixed,decaps,763975
8908,hybrid,fixed,decaps,758821
8909,hybrid,fixed,decaps,758628
8910,hybrid,fixed,decaps,758383
8911,hybrid,fixed,decaps,762512
8912,hybrid,fixed,decaps,758967
8913,hybrid,fixed,decaps,758730
8914,hybrid,fixed,decaps,758596
8915,hybrid,fixed,decaps,758371
8916,hybrid,fixed,decaps,758516
8917,hybrid,fixed,decaps,762271
8918,hybrid,fixed,decaps,758735
8919,hybrid,fixed,decaps,758768
8920,hybrid,fixed,decaps,772867
8921,hybrid,fixed,decaps,806135
8922,hybrid,fixed,decaps,802382
8923,hybrid,fixed,decaps,781400
8924,hybrid,fixed,decaps,782073
8925,hybrid,fixed,decaps,806597
8926,hybrid,fixed,decaps,783142
8927,hybrid,fixed,decaps,787522
8928,hybrid,fixed,decaps,777753
8929,hybrid,fixed,decaps,737233
8930,hybrid,fixed,decaps,736603
8931,hybrid,fixed,decaps,778831
8932,hybrid,fixed,decaps,762100
8933,hybrid,fixed,decaps,758831
8934,hybrid,fixed,decaps,758562
8935,hybrid,fixed,decaps,758188
8936,hybrid,fixed,decaps,758484
8937,hybrid,fixed,decaps,761771
8938,hybrid,fixed,decaps,758415
8939,hybrid,fixed,decaps,758669
8940,hybrid,fixed,decaps,758406
8941,hybrid,fixed,decaps,779572
8942,hybrid,fixed,decaps,781256
8943,hybrid,fixed,decaps,784050
8944,hybrid,fixed,decaps,781164
8945,hybrid,fixed,decaps,781321
8946,hybrid,fixed,decaps,781199
8947,hybrid,fixed,decaps,781404
8948,hybrid,fixed,decaps,784312
8949,hybrid,fixed,decaps,772683
8950,hybrid,fixed,decaps,768543
8951,hybrid,fixed,decaps,759385
8952,hybrid,fixed,decaps,779904
8953,hybrid,fixed,decaps,767777
8954,hybrid,fixed,decaps,759079
8955,hybrid,fixed,decaps,775275
8956,hybrid,fixed,decaps,781804
8957,hybrid,fixed,decaps,781395
8958,hybrid,fixed,decaps,785063
8959,hybrid,fixed,decaps,785546
8960,hybrid,fixed,decaps,741220
8961,hybrid,fixed,decaps,779745
8962,hybrid,fixed,decaps,758476
8963,hybrid,fixed,decaps,856195
8964,hybrid,fixed,decaps,763747
8965,hybrid,fixed,decaps,759357
8966,hybrid,fixed,decaps,791814
8967,hybrid,fixed,decaps,781563
8968,hybrid,fixed,decaps,786254
8969,hybrid,fixed,decaps,782029
8970,hybrid,fixed,decaps,781827
8971,hybrid,fixed,decaps,781700
8972,hybrid,fixed,decaps,782088
8973,hybrid,fixed,decaps,794226
8974,hybrid,fixed,decaps,737508
8975,hybrid,fixed,decaps,778036
8976,hybrid,fixed,decaps,813080
8977,hybrid,fixed,decaps,783169
8978,hybrid,fixed,decaps,781744
8979,hybrid,fixed,decaps,787922
8980,hybrid,fixed,decaps,763192
8981,hybrid,fixed,decaps,774531
8982,hybrid,fixed,decaps,759134
8983,hybrid,fixed,decaps,758594
8984,hybrid,fixed,decaps,761798
8985,hybrid,fixed,decaps,759051
8986,hybrid,fixed,decaps,758555
8987,hybrid,fixed,decaps,758663
8988,hybrid,fixed,decaps,758398
8989,hybrid,fixed,decaps,790188
8990,hybrid,fixed,decaps,781948
8991,hybrid,fixed,decaps,781579
8992,hybrid,fixed,decaps,781237
8993,hybrid,fixed,decaps,781549
8994,hybrid,fixed,decaps,787263
8995,hybrid,fixed,decaps,781816
8996,hybrid,fixed,decaps,798081
8997,hybrid,fixed,decaps,755812
8998,hybrid,fixed,decaps,777365
8999,hybrid,fixed,decaps,761829
9000,hybrid,fixed,decaps,758686
9001,hybrid,fixed,decaps,758499
9002,hybrid,fixed,decaps,817514
9003,hybrid,fixed,decaps,782981
9004,hybrid,fixed,decaps,790726
9005,hybrid,fixed,decaps,782124
9006,hybrid,fixed,decaps,781886
9007,hybrid,fixed,decaps,766551
9008,hybrid,fixed,decaps,767364
9009,hybrid,fixed,decaps,758675
9010,hybrid,fixed,decaps,771538
9011,hybrid,fixed,decaps,759180
9012,hybrid,fixed,decaps,758347
9013,hybrid,fixed,decaps,758396
9014,hybrid,fixed,decaps,758442
9015,hybrid,fixed,decaps,796354
9016,hybrid,fixed,decaps,781906
9017,hybrid,fixed,decaps,781304
9018,hybrid,fixed,decaps,797984
9019,hybrid,fixed,decaps,736958
9020,hybrid,fixed,decaps,781484
9021,hybrid,fixed,decaps,758628
9022,hybrid,fixed,decaps,758500
9023,hybrid,fixed,decaps,757961
9024,hybrid,fixed,decaps,758121
9025,hybrid,fixed,decaps,761174
9026,hybrid,fixed,decaps,758622
9027,hybrid,fixed,decaps,758192
9028,hybrid,fixed,decaps,791261
9029,hybrid,fixed,decaps,814295
9030,hybrid,fixed,decaps,787373
9031,hybrid,fixed,decaps,781400
9032,hybrid,fixed,decaps,780897
9033,hybrid,fixed,decaps,781028
9034,hybrid,fixed,decaps,780830
9035,hybrid,fixed,decaps,784319
9036,hybrid,fixed,decaps,784585
9037,hybrid,fixed,decaps,756100
9038,hybrid,fixed,decaps,775044
9039,hybrid,fixed,decaps,758405
9040,hybrid,fixed,decaps,758123
9041,hybrid,fixed,decaps,761311
9042,hybrid,fixed,decaps,788832
9043,hybrid,fixed,decaps,781507
9044,hybrid,fixed,decaps,781665
9045,hybrid,fixed,decaps,782326
9046,hybrid,fixed,decaps,785921
9047,hybrid,fixed,decaps,770270
9048,hybrid,fixed,decaps,766548
9049,hybrid,fixed,decaps,758524
9050,hybrid,fixed,decaps,758345
9051,hybrid,fixed,decaps,773145
9052,hybrid,fixed,decaps,759055
9053,hybrid,fixed,decaps,774546
9054,hybrid,fixed,decaps,780760
9055,hybrid,fixed,decaps,811056
9056,hybrid,fixed,decaps,787049
9057,hybrid,fixed,decaps,781823
9058,hybrid,fixed,decaps,781152
9059,hybrid,fixed,decaps,781243
9060,hybrid,fixed,decaps,781452
9061,hybrid,fixed,decaps,782416
9062,hybrid,fixed,decaps,758070
9063,hybrid,fixed,decaps,758285
9064,hybrid,fixed,decaps,792428
9065,hybrid,fixed,decaps,781237
9066,hybrid,fixed,decaps,784700
9067,hybrid,fixed,decaps,798576
9068,hybrid,fixed,decaps,782424
9069,hybrid,fixed,decaps,781540
9070,hybrid,fixed,decaps,779683
9071,hybrid,fixed,decaps,793822
9072,hybrid,fixed,decaps,759112
9073,hybrid,fixed,decaps,758509
9074,hybrid,fixed,decaps,760821
9075,hybrid,fixed,decaps,758620
9076,hybrid,fixed,decaps,760711
9077,hybrid,fixed,decaps,766005
9078,hybrid,fixed,decaps,810405
9079,hybrid,fixed,decaps,789151
9080,hybrid,fixed,decaps,781563
9081,hybrid,fixed,decaps,810987
9082,hybrid,fixed,decaps,790726
9083,hybrid,fixed,decaps,781656
9084,hybrid,fixed,decaps,781845
9085,hybrid,fixed,decaps,781414
9086,hybrid,fixed,decaps,781134
9087,hybrid,fixed,decaps,803820
9088,hybrid,fixed,decaps,796203
9089,hybrid,fixed,decaps,765636
9090,hybrid,fixed,decaps,758893
9091,hybrid,fixed,decaps,758479
9092,hybrid,fixed,decaps,793501
9093,hybrid,fixed,decaps,768856
9094,hybrid,fixed,decaps,758710
9095,hybrid,fixed,decaps,758770
9096,hybrid,fixed,decaps,790197
9097,hybrid,fixed,decaps,1114093
9098,hybrid,fixed,decaps,795065
9099,hybrid,fixed,decaps,778330
9100,hybrid,fixed,decaps,758650
9101,hybrid,fixed,decaps,758281
9102,hybrid,fixed,decaps,761854
9103,hybrid,fixed,decaps,758676
9104,hybrid,fixed,decaps,758274
9105,hybrid,fixed,decaps,758637
9106,hybrid,fixed,decaps,818467
9107,hybrid,fixed,decaps,790072
9108,hybrid,fixed,decaps,782438
9109,hybrid,fixed,decaps,786337
9110,hybrid,fixed,decaps,782244
9111,hybrid,fixed,decaps,781846
9112,hybrid,fixed,decaps,785731
9113,hybrid,fixed,decaps,792679
9114,hybrid,fixed,decaps,741787
9115,hybrid,fixed,decaps,777653
9116,hybrid,fixed,decaps,758896
9117,hybrid,fixed,decaps,770516
9118,hybrid,fixed,decaps,759328
9119,hybrid,fixed,decaps,758407
9120,hybrid,fixed,decaps,757943
9121,hybrid,fixed,decaps,758346
9122,hybrid,fixed,decaps,760109
9123,hybrid,fixed,decaps,765064
9124,hybrid,fixed,decaps,759294
9125,hybrid,fixed,decaps,759145
9126,hybrid,fixed,decaps,758927
9127,hybrid,fixed,decaps,758738
9128,hybrid,fixed,decaps,763492
9129,hybrid,fixed,decaps,784600
9130,hybrid,fixed,decaps,781769
9131,hybrid,fixed,decaps,781713
9132,hybrid,fixed,decaps,807209
9133,hybrid,fixed,decaps,800299
9134,hybrid,fixed,decaps,782864
9135,hybrid,fixed,decaps,782044
9136,hybrid,fixed,decaps,782480
9137,hybrid,fixed,decaps,781875
9138,hybrid,fixed,decaps,789039
9139,hybrid,fixed,decaps,783638
9140,hybrid,fixed,decaps,778648
9141,hybrid,fixed,decaps,797820
9142,hybrid,fixed,decaps,760094
9143,hybrid,fixed,decaps,762968
9144,hybrid,fixed,decaps,761778
9145,hybrid,fixed,decaps,758821
9146,hybrid,fixed,decaps,759157
9147,hybrid,fixed,decaps,801284
9148,hybrid,fixed,decaps,804372
9149,hybrid,fixed,decaps,761242
9150,hybrid,fixed,decaps,758348
9151,hybrid,fixed,decaps,758094
9152,hybrid,fixed,decaps,758254
9153,hybrid,fixed,decaps,758655
9154,hybrid,fixed,decaps,761772
9155,hybrid,fixed,decaps,810412
9156,hybrid,fixed,decaps,805519
9157,hybrid,fixed,decaps,781768
9158,hybrid,fixed,decaps,807938
9159,hybrid,fixed,decaps,788764
9160,hybrid,fixed,decaps,781846
9161,hybrid,fixed,decaps,778394
9162,hybrid,fixed,decaps,759170
9163,hybrid,fixed,decaps,758756
9164,hybrid,fixed,decaps,762233
9165,hybrid,fixed,decaps,758634
9166,hybrid,fixed,decaps,758426
9167,hybrid,fixed,decaps,758536
9168,hybrid,fixed,decaps,758422
9169,hybrid,fixed,decaps,761833
9170,hybrid,fixed,decaps,758675
9171,hybrid,fixed,decaps,758707
9172,hybrid,fixed,decaps,759360
9173,hybrid,fixed,decaps,804722
9174,hybrid,fixed,decaps,810426
9175,hybrid,fixed,decaps,792283
9176,hybrid,fixed,decaps,737050
9177,hybrid,fixed,decaps,783533
9178,hybrid,fixed,decaps,758678
9179,hybrid,fixed,decaps,762027
9180,hybrid,fixed,decaps,763582
9181,hybrid,fixed,decaps,758763
9182,hybrid,fixed,decaps,758669
9183,hybrid,fixed,decaps,786570
9184,hybrid,fixed,decaps,842508
9185,hybrid,fixed,decaps,786054
9186,hybrid,fixed,decaps,761144
9187,hybrid,fixed,decaps,768041
9188,hybrid,fixed,decaps,786300
9189,hybrid,fixed,decaps,817726
9190,hybrid,fixed,decaps,785185
9191,hybrid,fixed,decaps,781865
9192,hybrid,fixed,decaps,781885
9193,hybrid,fixed,decaps,782017
9194,hybrid,fixed,decaps,782202
9195,hybrid,fixed,decaps,784860
9196,hybrid,fixed,decaps,769211
9197,hybrid,fixed,decaps,769071
9198,hybrid,fixed,decaps,775723
9199,hybrid,fixed,decaps,806279
9200,hybrid,fixed,decaps,801921
9201,hybrid,fixed,decaps,775736
9202,hybrid,fixed,decaps,765750
9203,hybrid,fixed,decaps,759298
9204,hybrid,fixed,decaps,758811
9205,hybrid,fixed,decaps,762078
9206,hybrid,fixed,decaps,759152
9207,hybrid,fixed,decaps,758842
9208,hybrid,fixed,decaps,758972
9209,hybrid,fixed,decaps,758832
9210,hybrid,fixed,decaps,785628
9211,hybrid,fixed,decaps,760283
9212,hybrid,fixed,decaps,759067
9213,hybrid,fixed,decaps,758981
9214,hybrid,fixed,decaps,758878
9215,hybrid,fixed,decaps,768411
9216,hybrid,fixed,decaps,868563
9217,hybrid,fixed,decaps,761477
9218,hybrid,fixed,decaps,759276
9219,hybrid,fixed,decaps,791650
9220,hybrid,fixed,decaps,821826
9221,hybrid,fixed,decaps,782478
9222,hybrid,fixed,decaps,781416
9223,hybrid,fixed,decaps,781319
9224,hybrid,fixed,decaps,784459
9225,hybrid,fixed,decaps,897961
9226,hybrid,fixed,decaps,764040
9227,hybrid,fixed,decaps,759357
9228,hybrid,fixed,decaps,759009
9229,hybrid,fixed,decaps,758872
9230,hybrid,fixed,decaps,758922
9231,hybrid,fixed,decaps,762827
9232,hybrid,fixed,decaps,808997
9233,hybrid,fixed,decaps,798495
9234,hybrid,fixed,decaps,765338
9235,hybrid,fixed,decaps,758532
9236,hybrid,fixed,decaps,855427
9237,hybrid,fixed,decaps,805718
9238,hybrid,fixed,decaps,782418
9239,hybrid,fixed,decaps,796408
9240,hybrid,fixed,decaps,737528
9241,hybrid,fixed,decaps,798184
9242,hybrid,fixed,decaps,759356
9243,hybrid,fixed,decaps,759478
9244,hybrid,fixed,decaps,758705
9245,hybrid,fixed,decaps,758580
9246,hybrid,fixed,decaps,761774
9247,hybrid,fixed,decaps,758321
9248,hybrid,fixed,decaps,760807
9249,hybrid,fixed,decaps,758529
9250,hybrid,fixed,decaps,760570
9251,hybrid,fixed,decaps,792151
9252,hybrid,fixed,decaps,817338
9253,hybrid,fixed,decaps,781328
9254,hybrid,fixed,decaps,781266
9255,hybrid,fixed,decaps,781616
9256,hybrid,fixed,decaps,808889
9257,hybrid,fixed,decaps,741371
9258,hybrid,fixed,decaps,780347
9259,hybrid,fixed,decaps,758763
9260,hybrid,fixed,decaps,758405
9261,hybrid,fixed,decaps,758817
9262,hybrid,fixed,decaps,788342
9263,hybrid,fixed,decaps,760148
9264,hybrid,fixed,decaps,797678
9265,hybrid,fixed,decaps,814335
9266,hybrid,fixed,decaps,781959
9267,hybrid,fixed,decaps,789877
9268,hybrid,fixed,decaps,769847
9269,hybrid,fixed,decaps,770599
9270,hybrid,fixed,decaps,759269
9271,hybrid,fixed,decaps,758669
9272,hybrid,fixed,decaps,762058
9273,hybrid,fixed,decaps,758957
9274,hybrid,fixed,decaps,781590
9275,hybrid,fixed,decaps,806119
9276,hybrid,fixed,decaps,795909
9277,hybrid,fixed,decaps,771984
9278,hybrid,fixed,decaps,764836
9279,hybrid,fixed,decaps,759200
9280,hybrid,fixed,decaps,758651
9281,hybrid,fixed,decaps,758405
9282,hybrid,fixed,decaps,761486
9283,hybrid,fixed,decaps,758803
9284,hybrid,fixed,decaps,758306
9285,hybrid,fixed,decaps,810756
9286,hybrid,fixed,decaps,804507
9287,hybrid,fixed,decaps,785021
9288,hybrid,fixed,decaps,821238
9289,hybrid,fixed,decaps,738121
9290,hybrid,fixed,decaps,777428
9291,hybrid,fixed,decaps,759589
9292,hybrid,fixed,decaps,783533
9293,hybrid,fixed,decaps,806578
9294,hybrid,fixed,decaps,796063
9295,hybrid,fixed,decaps,774220
9296,hybrid,fixed,decaps,771572
9297,hybrid,fixed,decaps,774696
9298,hybrid,fixed,decaps,814876
9299,hybrid,fixed,decaps,766009
9300,hybrid,fixed,decaps,762358
9301,hybrid,fixed,decaps,765508
9302,hybrid,fixed,decaps,762414
9303,hybrid,fixed,decaps,828455
9304,hybrid,fixed,decaps,808409
9305,hybrid,fixed,decaps,795566
9306,hybrid,fixed,decaps,827832
9307,hybrid,fixed,decaps,755486
9308,hybrid,fixed,decaps,770897
9309,hybrid,fixed,decaps,899426
9310,hybrid,fixed,decaps,845742
9311,hybrid,fixed,decaps,784214
9312,hybrid,fixed,decaps,782166
9313,hybrid,fixed,decaps,792915
9314,hybrid,fixed,decaps,809364
9315,hybrid,fixed,decaps,783627
9316,hybrid,fixed,decaps,782338
9317,hybrid,fixed,decaps,789129
9318,hybrid,fixed,decaps,775898
9319,hybrid,fixed,decaps,772751
9320,hybrid,fixed,decaps,758990
9321,hybrid,fixed,decaps,758523
9322,hybrid,fixed,decaps,768186
9323,hybrid,fixed,decaps,807108
9324,hybrid,fixed,decaps,798175
9325,hybrid,fixed,decaps,813046
9326,hybrid,fixed,decaps,796543
9327,hybrid,fixed,decaps,744507
9328,hybrid,fixed,decaps,1146660
9329,hybrid,fixed,decaps,764355
9330,hybrid,fixed,decaps,784023
9331,hybrid,fixed,decaps,759631
9332,hybrid,fixed,decaps,758737
9333,hybrid,fixed,decaps,789693
9334,hybrid,fixed,decaps,760426
9335,hybrid,fixed,decaps,782164
9336,hybrid,fixed,decaps,781726
9337,hybrid,fixed,decaps,781655
9338,hybrid,fixed,decaps,790984
9339,hybrid,fixed,decaps,808388
9340,hybrid,fixed,decaps,786580
9341,hybrid,fixed,decaps,765889
9342,hybrid,fixed,decaps,758606
9343,hybrid,fixed,decaps,766492
9344,hybrid,fixed,decaps,801477
9345,hybrid,fixed,decaps,812629
9346,hybrid,fixed,decaps,799224
9347,hybrid,fixed,decaps,738174
9348,hybrid,fixed,decaps,811489
9349,hybrid,fixed,decaps,759656
9350,hybrid,fixed,decaps,759074
9351,hybrid,fixed,decaps,759060
9352,hybrid,fixed,decaps,759036
9353,hybrid,fixed,decaps,803203
9354,hybrid,fixed,decaps,814555
9355,hybrid,fixed,decaps,781869
9356,hybrid,fixed,decaps,783066
9357,hybrid,fixed,decaps,783064
9358,hybrid,fixed,decaps,789671
9359,hybrid,fixed,decaps,809523
9360,hybrid,fixed,decaps,783002
9361,hybrid,fixed,decaps,781744
9362,hybrid,fixed,decaps,782450
9363,hybrid,fixed,decaps,812362
9364,hybrid,fixed,decaps,762749
9365,hybrid,fixed,decaps,785111
9366,hybrid,fixed,decaps,759495
9367,hybrid,fixed,decaps,758034
9368,hybrid,fixed,decaps,765926
9369,hybrid,fixed,decaps,759414
9370,hybrid,fixed,decaps,758643
9371,hybrid,fixed,decaps,759292
9372,hybrid,fixed,decaps,759169
9373,hybrid,fixed,decaps,759041
9374,hybrid,fixed,decaps,827436
9375,hybrid,fixed,decaps,802091
9376,hybrid,fixed,decaps,782517
9377,hybrid,fixed,decaps,792366
9378,hybrid,fixed,decaps,744199
9379,hybrid,fixed,decaps,817213
9380,hybrid,fixed,decaps,760852
9381,hybrid,fixed,decaps,759416
9382,hybrid,fixed,decaps,773218
9383,hybrid,fixed,decaps,806360
9384,hybrid,fixed,decaps,814899
9385,hybrid,fixed,decaps,831230
9386,hybrid,fixed,decaps,782751
9387,hybrid,fixed,decaps,781147
9388,hybrid,fixed,decaps,781228
9389,hybrid,fixed,decaps,788959
9390,hybrid,fixed,decaps,787825
9391,hybrid,fixed,decaps,790510
9392,hybrid,fixed,decaps,759466
9393,hybrid,fixed,decaps,758270
9394,hybrid,fixed,decaps,773600
9395,hybrid,fixed,decaps,789661
9396,hybrid,fixed,decaps,816784
9397,hybrid,fixed,decaps,807955
9398,hybrid,fixed,decaps,783279
9399,hybrid,fixed,decaps,790726
9400,hybrid,fixed,decaps,764191
9401,hybrid,fixed,decaps,759334
9402,hybrid,fixed,decaps,758603
9403,hybrid,fixed,decaps,807296
9404,hybrid,fixed,decaps,817745
9405,hybrid,fixed,decaps,794761
9406,hybrid,fixed,decaps,762626
9407,hybrid,fixed,decaps,759357
9408,hybrid,fixed,decaps,758598
9409,hybrid,fixed,decaps,763121
9410,hybrid,fixed,decaps,768313
9411,hybrid,fixed,decaps,770390
9412,hybrid,fixed,decaps,759185
9413,hybrid,fixed,decaps,758205
9414,hybrid,fixed,decaps,758218
9415,hybrid,fixed,decaps,787978
9416,hybrid,fixed,decaps,810265
9417,hybrid,fixed,decaps,839558
9418,hybrid,fixed,decaps,782836
9419,hybrid,fixed,decaps,781169
9420,hybrid,fixed,decaps,793423
9421,hybrid,fixed,decaps,782200
9422,hybrid,fixed,decaps,781752
9423,hybrid,fixed,decaps,781445
9424,hybrid,fixed,decaps,786252
9425,hybrid,fixed,decaps,775308
9426,hybrid,fixed,decaps,758772
9427,hybrid,fixed,decaps,763874
9428,hybrid,fixed,decaps,758582
9429,hybrid,fixed,decaps,758379
9430,hybrid,fixed,decaps,761983
9431,hybrid,fixed,decaps,758321
9432,hybrid,fixed,decaps,757910
9433,hybrid,fixed,decaps,758215
9434,hybrid,fixed,decaps,809302
9435,hybrid,fixed,decaps,808581
9436,hybrid,fixed,decaps,791844
9437,hybrid,fixed,decaps,796998
9438,hybrid,fixed,decaps,782319
9439,hybrid,fixed,decaps,782163
9440,hybrid,fixed,decaps,787047
9441,hybrid,fixed,decaps,790157
9442,hybrid,fixed,decaps,765932
9443,hybrid,fixed,decaps,798162
9444,hybrid,fixed,decaps,759649
9445,hybrid,fixed,decaps,765079
9446,hybrid,fixed,decaps,758905
9447,hybrid,fixed,decaps,758430
9448,hybrid,fixed,decaps,758350
9449,hybrid,fixed,decaps,758606
9450,hybrid,fixed,decaps,780248
9451,hybrid,fixed,decaps,806586
9452,hybrid,fixed,decaps,796791
9453,hybrid,fixed,decaps,781793
9454,hybrid,fixed,decaps,782193
9455,hybrid,fixed,decaps,796914
9456,hybrid,fixed,decaps,740796
9457,hybrid,fixed,decaps,775752
9458,hybrid,fixed,decaps,759017
9459,hybrid,fixed,decaps,758508
9460,hybrid,fixed,decaps,758979
9461,hybrid,fixed,decaps,761653
9462,hybrid,fixed,decaps,798865
9463,hybrid,fixed,decaps,837537
9464,hybrid,fixed,decaps,819666
9465,hybrid,fixed,decaps,785814
9466,hybrid,fixed,decaps,788226
9467,hybrid,fixed,decaps,782340
9468,hybrid,fixed,decaps,794003
9469,hybrid,fixed,decaps,792340
9470,hybrid,fixed,decaps,759990
9471,hybrid,fixed,decaps,765149
9472,hybrid,fixed,decaps,759230
9473,hybrid,fixed,decaps,777093
9474,hybrid,fixed,decaps,806579
9475,hybrid,fixed,decaps,809976
9476,hybrid,fixed,decaps,789600
9477,hybrid,fixed,decaps,764791
9478,hybrid,fixed,decaps,759193
9479,hybrid,fixed,decaps,759510
9480,hybrid,fixed,decaps,758735
9481,hybrid,fixed,decaps,801632
9482,hybrid,fixed,decaps,815364
9483,hybrid,fixed,decaps,781914
9484,hybrid,fixed,decaps,781958
9485,hybrid,fixed,decaps,845382
9486,hybrid,fixed,decaps,856178
9487,hybrid,fixed,decaps,766379
9488,hybrid,fixed,decaps,770755
9489,hybrid,fixed,decaps,773573
9490,hybrid,fixed,decaps,803543
9491,hybrid,fixed,decaps,814852
9492,hybrid,fixed,decaps,782438
9493,hybrid,fixed,decaps,782231
9494,hybrid,fixed,decaps,805552
9495,hybrid,fixed,decaps,761042
9496,hybrid,fixed,decaps,789994
9497,hybrid,fixed,decaps,758846
9498,hybrid,fixed,decaps,759108
9499,hybrid,fixed,decaps,758006
9500,hybrid,fixed,decaps,791075
9501,hybrid,fixed,decaps,827158
9502,hybrid,fixed,decaps,786742
9503,hybrid,fixed,decaps,754678
9504,hybrid,fixed,decaps,803532
9505,hybrid,fixed,decaps,759802
9506,hybrid,fixed,decaps,778041
9507,hybrid,fixed,decaps,811881
9508,hybrid,fixed,decaps,796706
9509,hybrid,fixed,decaps,772398
9510,hybrid,fixed,decaps,761955
9511,hybrid,fixed,decaps,759611
9512,hybrid,fixed,decaps,762472
9513,hybrid,fixed,decaps,759287
9514,hybrid,fixed,decaps,786044
9515,hybrid,fixed,decaps,790325
9516,hybrid,fixed,decaps,922104
9517,hybrid,fixed,decaps,800994
9518,hybrid,fixed,decaps,760518
9519,hybrid,fixed,decaps,796176
9520,hybrid,fixed,decaps,825870
9521,hybrid,fixed,decaps,797700
9522,hybrid,fixed,decaps,788301
9523,hybrid,fixed,decaps,770003
9524,hybrid,fixed,decaps,769760
9525,hybrid,fixed,decaps,758966
9526,hybrid,fixed,decaps,772327
9527,hybrid,fixed,decaps,763973
9528,hybrid,fixed,decaps,758764
9529,hybrid,fixed,decaps,759056
9530,hybrid,fixed,decaps,758284
9531,hybrid,fixed,decaps,814833
9532,hybrid,fixed,decaps,818509
9533,hybrid,fixed,decaps,782738
9534,hybrid,fixed,decaps,781750
9535,hybrid,fixed,decaps,782062
9536,hybrid,fixed,decaps,781950
9537,hybrid,fixed,decaps,779241
9538,hybrid,fixed,decaps,768803
9539,hybrid,fixed,decaps,773527
9540,hybrid,fixed,decaps,837802
9541,hybrid,fixed,decaps,801776
9542,hybrid,fixed,decaps,783280
9543,hybrid,fixed,decaps,773629
9544,hybrid,fixed,decaps,760168
9545,hybrid,fixed,decaps,758885
9546,hybrid,fixed,decaps,777553
9547,hybrid,fixed,decaps,801716
9548,hybrid,fixed,decaps,816256
9549,hybrid,fixed,decaps,782198
9550,hybrid,fixed,decaps,781983
9551,hybrid,fixed,decaps,781983
9552,hybrid,fixed,decaps,785862
9553,hybrid,fixed,decaps,798098
9554,hybrid,fixed,decaps,737130
9555,hybrid,fixed,decaps,779271
9556,hybrid,fixed,decaps,758943
9557,hybrid,fixed,decaps,758833
9558,hybrid,fixed,decaps,762161
9559,hybrid,fixed,decaps,758978
9560,hybrid,fixed,decaps,758886
9561,hybrid,fixed,decaps,782144
9562,hybrid,fixed,decaps,806125
9563,hybrid,fixed,decaps,798462
9564,hybrid,fixed,decaps,781836
9565,hybrid,fixed,decaps,781198
9566,hybrid,fixed,decaps,794320
9567,hybrid,fixed,decaps,759600
9568,hybrid,fixed,decaps,766186
9569,hybrid,fixed,decaps,758649
9570,hybrid,fixed,decaps,781110
9571,hybrid,fixed,decaps,805890
9572,hybrid,fixed,decaps,820133
9573,hybrid,fixed,decaps,787320
9574,hybrid,fixed,decaps,781716
9575,hybrid,fixed,decaps,781536
9576,hybrid,fixed,decaps,781772
9577,hybrid,fixed,decaps,781600
9578,hybrid,fixed,decaps,785003
9579,hybrid,fixed,decaps,783083
9580,hybrid,fixed,decaps,763165
9581,hybrid,fixed,decaps,758877
9582,hybrid,fixed,decaps,758565
9583,hybrid,fixed,decaps,762361
9584,hybrid,fixed,decaps,758695
9585,hybrid,fixed,decaps,758320
9586,hybrid,fixed,decaps,758581
9587,hybrid,fixed,decaps,795475
9588,hybrid,fixed,decaps,815938
9589,hybrid,fixed,decaps,872240
9590,hybrid,fixed,decaps,1181901
9591,hybrid,fixed,decaps,783585
9592,hybrid,fixed,decaps,759909
9593,hybrid,fixed,decaps,819094
9594,hybrid,fixed,decaps,806650
9595,hybrid,fixed,decaps,781652
9596,hybrid,fixed,decaps,781472
9597,hybrid,fixed,decaps,781545
9598,hybrid,fixed,decaps,796410
9599,hybrid,fixed,decaps,776279
9600,hybrid,fixed,decaps,759201
9601,hybrid,fixed,decaps,758912
9602,hybrid,fixed,decaps,759073
9603,hybrid,fixed,decaps,763098
9604,hybrid,fixed,decaps,758943
9605,hybrid,fixed,decaps,758395
9606,hybrid,fixed,decaps,758563
9607,hybrid,fixed,decaps,758913
9608,hybrid,fixed,decaps,790886
9609,hybrid,fixed,decaps,818066
9610,hybrid,fixed,decaps,781899
9611,hybrid,fixed,decaps,781673
9612,hybrid,fixed,decaps,781227
9613,hybrid,fixed,decaps,788022
9614,hybrid,fixed,decaps,781815
9615,hybrid,fixed,decaps,781626
9616,hybrid,fixed,decaps,769686
9617,hybrid,fixed,decaps,791365
9618,hybrid,fixed,decaps,785757
9619,hybrid,fixed,decaps,807728
9620,hybrid,fixed,decaps,799044
9621,hybrid,fixed,decaps,782526
9622,hybrid,fixed,decaps,782294
9623,hybrid,fixed,decaps,798741
9624,hybrid,fixed,decaps,774422
9625,hybrid,fixed,decaps,775814
9626,hybrid,fixed,decaps,758649
9627,hybrid,fixed,decaps,758752
9628,hybrid,fixed,decaps,758504
9629,hybrid,fixed,decaps,765891
9630,hybrid,fixed,decaps,759307
9631,hybrid,fixed,decaps,759039
9632,hybrid,fixed,decaps,758946
9633,hybrid,fixed,decaps,758870
9634,hybrid,fixed,decaps,767401
9635,hybrid,fixed,decaps,791412
9636,hybrid,fixed,decaps,816009
9637,hybrid,fixed,decaps,782331
9638,hybrid,fixed,decaps,782073
9639,hybrid,fixed,decaps,789305
9640,hybrid,fixed,decaps,782348
9641,hybrid,fixed,decaps,781879
9642,hybrid,fixed,decaps,808567
9643,hybrid,fixed,decaps,783267
9644,hybrid,fixed,decaps,809550
9645,hybrid,fixed,decaps,765825
9646,hybrid,fixed,decaps,758720
9647,hybrid,fixed,decaps,758077
9648,hybrid,fixed,decaps,758545
9649,hybrid,fixed,decaps,764415
9650,hybrid,fixed,decaps,782826
9651,hybrid,fixed,decaps,759795
9652,hybrid,fixed,decaps,758750
9653,hybrid,fixed,decaps,782429
9654,hybrid,fixed,decaps,760152
9655,hybrid,fixed,decaps,763231
9656,hybrid,fixed,decaps,813157
9657,hybrid,fixed,decaps,805419
9658,hybrid,fixed,decaps,781206
9659,hybrid,fixed,decaps,781224
9660,hybrid,fixed,decaps,784418
9661,hybrid,fixed,decaps,781393
9662,hybrid,fixed,decaps,781135
9663,hybrid,fixed,decaps,790885
9664,hybrid,fixed,decaps,737076
9665,hybrid,fixed,decaps,785546
9666,hybrid,fixed,decaps,758961
9667,hybrid,fixed,decaps,758778
9668,hybrid,fixed,decaps,783594
9669,hybrid,fixed,decaps,760152
9670,hybrid,fixed,decaps,813063
9671,hybrid,fixed,decaps,808872
9672,hybrid,fixed,decaps,792180
9673,hybrid,fixed,decaps,741513
9674,hybrid,fixed,decaps,777975
9675,hybrid,fixed,decaps,762221
9676,hybrid,fixed,decaps,786092
9677,hybrid,fixed,decaps,758822
9678,hybrid,fixed,decaps,757978
9679,hybrid,fixed,decaps,806542
9680,hybrid,fixed,decaps,811923
9681,hybrid,fixed,decaps,781658
9682,hybrid,fixed,decaps,781306
9683,hybrid,fixed,decaps,781104
9684,hybrid,fixed,decaps,774364
9685,hybrid,fixed,decaps,768519
9686,hybrid,fixed,decaps,759023
9687,hybrid,fixed,decaps,758630
9688,hybrid,fixed,decaps,808233
9689,hybrid,fixed,decaps,806161
9690,hybrid,fixed,decaps,792671
9691,hybrid,fixed,decaps,737562
9692,hybrid,fixed,decaps,781623
9693,hybrid,fixed,decaps,758636
9694,hybrid,fixed,decaps,781500
9695,hybrid,fixed,decaps,759802
9696,hybrid,fixed,decaps,767483
9697,hybrid,fixed,decaps,807703
9698,hybrid,fixed,decaps,806241
9699,hybrid,fixed,decaps,781348
9700,hybrid,fixed,decaps,781207
9701,hybrid,fixed,decaps,784830
9702,hybrid,fixed,decaps,808983
9703,hybrid,fixed,decaps,782983
9704,hybrid,fixed,decaps,793929
9705,hybrid,fixed,decaps,737547
9706,hybrid,fixed,decaps,785334
9707,hybrid,fixed,decaps,758586
9708,hybrid,fixed,decaps,758351
9709,hybrid,fixed,decaps,758192
9710,hybrid,fixed,decaps,816443
9711,hybrid,fixed,decaps,805326
9712,hybrid,fixed,decaps,781276
9713,hybrid,fixed,decaps,763268
9714,hybrid,fixed,decaps,758908
9715,hybrid,fixed,decaps,758676
9716,hybrid,fixed,decaps,761945
9717,hybrid,fixed,decaps,783088
9718,hybrid,fixed,decaps,806027
9719,hybrid,fixed,decaps,794733
9720,hybrid,fixed,decaps,793188
9721,hybrid,fixed,decaps,792998
9722,hybrid,fixed,decaps,759343
9723,hybrid,fixed,decaps,758713
9724,hybrid,fixed,decaps,758768
9725,hybrid,fixed,decaps,758561
9726,hybrid,fixed,decaps,762283
9727,hybrid,fixed,decaps,784585
9728,hybrid,fixed,decaps,821793
9729,hybrid,fixed,decaps,801831
9730,hybrid,fixed,decaps,781634
9731,hybrid,fixed,decaps,785727
9732,hybrid,fixed,decaps,781943
9733,hybrid,fixed,decaps,781280
9734,hybrid,fixed,decaps,781342
9735,hybrid,fixed,decaps,783970
9736,hybrid,fixed,decaps,757725
9737,hybrid,fixed,decaps,762189
9738,hybrid,fixed,decaps,759106
9739,hybrid,fixed,decaps,758725
9740,hybrid,fixed,decaps,758673
9741,hybrid,fixed,decaps,759379
9742,hybrid,fixed,decaps,811386
9743,hybrid,fixed,decaps,804969
9744,hybrid,fixed,decaps,782020
9745,hybrid,fixed,decaps,791207
9746,hybrid,fixed,decaps,781825
9747,hybrid,fixed,decaps,817381
9748,hybrid,fixed,decaps,797471
9749,hybrid,fixed,decaps,812844
9750,hybrid,fixed,decaps,782810
9751,hybrid,fixed,decaps,782108
9752,hybrid,fixed,decaps,795636
9753,hybrid,fixed,decaps,796112
9754,hybrid,fixed,decaps,790347
9755,hybrid,fixed,decaps,751981
9756,hybrid,fixed,decaps,771896
9757,hybrid,fixed,decaps,765021
9758,hybrid,fixed,decaps,759530
9759,hybrid,fixed,decaps,759231
9760,hybrid,fixed,decaps,759496
9761,hybrid,fixed,decaps,832662
9762,hybrid,fixed,decaps,798362
9763,hybrid,fixed,decaps,761346
9764,hybrid,fixed,decaps,758610
9765,hybrid,fixed,decaps,758085
9766,hybrid,fixed,decaps,758387
9767,hybrid,fixed,decaps,761866
9768,hybrid,fixed,decaps,758617
9769,hybrid,fixed,decaps,758247
9770,hybrid,fixed,decaps,758574
9771,hybrid,fixed,decaps,758331
9772,hybrid,fixed,decaps,796894
9773,hybrid,fixed,decaps,815474
9774,hybrid,fixed,decaps,799993
9775,hybrid,fixed,decaps,775599
9776,hybrid,fixed,decaps,767940
9777,hybrid,fixed,decaps,758144
9778,hybrid,fixed,decaps,827324
9779,hybrid,fixed,decaps,822593
9780,hybrid,fixed,decaps,779214
9781,hybrid,fixed,decaps,767661
9782,hybrid,fixed,decaps,758989
9783,hybrid,fixed,decaps,762763
9784,hybrid,fixed,decaps,758880
9785,hybrid,fixed,decaps,758623
9786,hybrid,fixed,decaps,758586
9787,hybrid,fixed,decaps,816710
9788,hybrid,fixed,decaps,804577
9789,hybrid,fixed,decaps,781612
9790,hybrid,fixed,decaps,792477
9791,hybrid,fixed,decaps,737142
9792,hybrid,fixed,decaps,779194
9793,hybrid,fixed,decaps,761592
9794,hybrid,fixed,decaps,759014
9795,hybrid,fixed,decaps,758523
9796,hybrid,fixed,decaps,758394
9797,hybrid,fixed,decaps,758489
9798,hybrid,fixed,decaps,818912
9799,hybrid,fixed,decaps,761402
9800,hybrid,fixed,decaps,758989
9801,hybrid,fixed,decaps,758746
9802,hybrid,fixed,decaps,758842
9803,hybrid,fixed,decaps,781988
9804,hybrid,fixed,decaps,807151
9805,hybrid,fixed,decaps,823525
9806,hybrid,fixed,decaps,782683
9807,hybrid,fixed,decaps,781781
9808,hybrid,fixed,decaps,802651
9809,hybrid,fixed,decaps,806858
9810,hybrid,fixed,decaps,797949
9811,hybrid,fixed,decaps,781899
9812,hybrid,fixed,decaps,791679
9813,hybrid,fixed,decaps,764486
9814,hybrid,fixed,decaps,762707
9815,hybrid,fixed,decaps,759122
9816,hybrid,fixed,decaps,759047
9817,hybrid,fixed,decaps,758840
9818,hybrid,fixed,decaps,758684
9819,hybrid,fixed,decaps,761809
9820,hybrid,fixed,decaps,759340
9821,hybrid,fixed,decaps,758992
9822,hybrid,fixed,decaps,758834
9823,hybrid,fixed,decaps,783798
9824,hybrid,fixed,decaps,829982
9825,hybrid,fixed,decaps,811304
9826,hybrid,fixed,decaps,782613
9827,hybrid,fixed,decaps,782121
9828,hybrid,fixed,decaps,781592
9829,hybrid,fixed,decaps,768135
9830,hybrid,fixed,decaps,783114
9831,hybrid,fixed,decaps,759977
9832,hybrid,fixed,decaps,758367
9833,hybrid,fixed,decaps,810724
9834,hybrid,fixed,decaps,814264
9835,hybrid,fixed,decaps,796322
9836,hybrid,fixed,decaps,763131
9837,hybrid,fixed,decaps,759053
9838,hybrid,fixed,decaps,758731
9839,hybrid,fixed,decaps,762970
9840,hybrid,fixed,decaps,758457
9841,hybrid,fixed,decaps,758555
9842,hybrid,fixed,decaps,758517
9843,hybrid,fixed,decaps,758529
9844,hybrid,fixed,decaps,758498
9845,hybrid,fixed,decaps,761526
9846,hybrid,fixed,decaps,758730
9847,hybrid,fixed,decaps,758529
9848,hybrid,fixed,decaps,758774
9849,hybrid,fixed,decaps,784729
9850,hybrid,fixed,decaps,767486
9851,hybrid,fixed,decaps,795324
9852,hybrid,fixed,decaps,813459
9853,hybrid,fixed,decaps,781548
9854,hybrid,fixed,decaps,781595
9855,hybrid,fixed,decaps,785672
9856,hybrid,fixed,decaps,817215
9857,hybrid,fixed,decaps,765295
9858,hybrid,fixed,decaps,758774
9859,hybrid,fixed,decaps,758272
9860,hybrid,fixed,decaps,762207
9861,hybrid,fixed,decaps,758042
9862,hybrid,fixed,decaps,758212
9863,hybrid,fixed,decaps,758013
9864,hybrid,fixed,decaps,758137
9865,hybrid,fixed,decaps,761863
9866,hybrid,fixed,decaps,758343
9867,hybrid,fixed,decaps,758162
9868,hybrid,fixed,decaps,804378
9869,hybrid,fixed,decaps,808098
9870,hybrid,fixed,decaps,784946
9871,hybrid,fixed,decaps,782931
9872,hybrid,fixed,decaps,782048
9873,hybrid,fixed,decaps,786093
9874,hybrid,fixed,decaps,764501
9875,hybrid,fixed,decaps,781492
9876,hybrid,fixed,decaps,765360
9877,hybrid,fixed,decaps,759254
9878,hybrid,fixed,decaps,758899
9879,hybrid,fixed,decaps,758726
9880,hybrid,fixed,decaps,758803
9881,hybrid,fixed,decaps,764762
9882,hybrid,fixed,decaps,784368
9883,hybrid,fixed,decaps,759931
9884,hybrid,fixed,decaps,759167
9885,hybrid,fixed,decaps,841309
9886,hybrid,fixed,decaps,812039
9887,hybrid,fixed,decaps,790667
9888,hybrid,fixed,decaps,764628
9889,hybrid,fixed,decaps,758989
9890,hybrid,fixed,decaps,816695
9891,hybrid,fixed,decaps,808455
9892,hybrid,fixed,decaps,781820
9893,hybrid,fixed,decaps,796629
9894,hybrid,fixed,decaps,759096
9895,hybrid,fixed,decaps,763356
9896,hybrid,fixed,decaps,796882
9897,hybrid,fixed,decaps,764513
9898,hybrid,fixed,decaps,758751
9899,hybrid,fixed,decaps,758655
9900,hybrid,fixed,decaps,758809
9901,hybrid,fixed,decaps,790147
9902,hybrid,fixed,decaps,760337
9903,hybrid,fixed,decaps,758674
9904,hybrid,fixed,decaps,758930
9905,hybrid,fixed,decaps,788124
9906,hybrid,fixed,decaps,819473
9907,hybrid,fixed,decaps,806085
9908,hybrid,fixed,decaps,762877
9909,hybrid,fixed,decaps,771698
9910,hybrid,fixed,decaps,786786
9911,hybrid,fixed,decaps,844067
9912,hybrid,fixed,decaps,783081
9913,hybrid,fixed,decaps,762130
9914,hybrid,fixed,decaps,775727
9915,hybrid,fixed,decaps,782782
9916,hybrid,fixed,decaps,805203
9917,hybrid,fixed,decaps,798668
9918,hybrid,fixed,decaps,781789
9919,hybrid,fixed,decaps,781386
9920,hybrid,fixed,decaps,789595
9921,hybrid,fixed,decaps,740590
9922,hybrid,fixed,decaps,778451
9923,hybrid,fixed,decaps,758853
9924,hybrid,fixed,decaps,758828
9925,hybrid,fixed,decaps,758523
9926,hybrid,fixed,decaps,758800
9927,hybrid,fixed,decaps,802230
9928,hybrid,fixed,decaps,760040
9929,hybrid,fixed,decaps,758607
9930,hybrid,fixed,decaps,758413
9931,hybrid,fixed,decaps,758303
9932,hybrid,fixed,decaps,797286
9933,hybrid,fixed,decaps,837675
9934,hybrid,fixed,decaps,786550
9935,hybrid,fixed,decaps,758434
9936,hybrid,fixed,decaps,778429
9937,hybrid,fixed,decaps,771960
9938,hybrid,fixed,decaps,777691
9939,hybrid,fixed,decaps,805641
9940,hybrid,fixed,decaps,799195
9941,hybrid,fixed,decaps,781663
9942,hybrid,fixed,decaps,787180
9943,hybrid,fixed,decaps,781883
9944,hybrid,fixed,decaps,781943
9945,hybrid,fixed,decaps,781453
9946,hybrid,fixed,decaps,777678
9947,hybrid,fixed,decaps,791127
9948,hybrid,fixed,decaps,758993
9949,hybrid,fixed,decaps,758653
9950,hybrid,fixed,decaps,765900
9951,hybrid,fixed,decaps,784884
9952,hybrid,fixed,decaps,817779
9953,hybrid,fixed,decaps,825655
9954,hybrid,fixed,decaps,783353
9955,hybrid,fixed,decaps,774796
9956,hybrid,fixed,decaps,764704
9957,hybrid,fixed,decaps,758709
9958,hybrid,fixed,decaps,762729
9959,hybrid,fixed,decaps,785395
9960,hybrid,fixed,decaps,791753
9961,hybrid,fixed,decaps,832598
9962,hybrid,fixed,decaps,785757
9963,hybrid,fixed,decaps,760048
9964,hybrid,fixed,decaps,769233
9965,hybrid,fixed,decaps,758716
9966,hybrid,fixed,decaps,758449
9967,hybrid,fixed,decaps,758306
9968,hybrid,fixed,decaps,762071
9969,hybrid,fixed,decaps,758760
9970,hybrid,fixed,decaps,758680
9971,hybrid,fixed,decaps,758354
9972,hybrid,fixed,decaps,758212
9973,hybrid,fixed,decaps,792442
9974,hybrid,fixed,decaps,814230
9975,hybrid,fixed,decaps,781271
9976,hybrid,fixed,decaps,781428
9977,hybrid,fixed,decaps,781476
9978,hybrid,fixed,decaps,788572
9979,hybrid,fixed,decaps,787259
9980,hybrid,fixed,decaps,759799
9981,hybrid,fixed,decaps,758826
9982,hybrid,fixed,decaps,758573
9983,hybrid,fixed,decaps,758465
9984,hybrid,fixed,decaps,764516
9985,hybrid,fixed,decaps,782661
9986,hybrid,fixed,decaps,759840
9987,hybrid,fixed,decaps,758747
9988,hybrid,fixed,decaps,759451
9989,hybrid,fixed,decaps,820872
9990,hybrid,fixed,decaps,801877
9991,hybrid,fixed,decaps,781421
9992,hybrid,fixed,decaps,781235
9993,hybrid,fixed,decaps,781101
9994,hybrid,fixed,decaps,787179
9995,hybrid,fixed,decaps,782178
9996,hybrid,fixed,decaps,787039
9997,hybrid,fixed,decaps,761131
9998,hybrid,fixed,decaps,758777
9999,hybrid,fixed,decaps,766628
10000,hybrid,fixed,decaps,758999
