iteration,mode,input,op,elapsed_ns
1,mlkem,fixed,decaps,26652
2,mlkem,fixed,decaps,25018
3,mlkem,fixed,decaps,24705
4,mlkem,fixed,decaps,24634
5,mlkem,fixed,decaps,24676
6,mlkem,fixed,decaps,24714
7,mlkem,fixed,decaps,24615
8,mlkem,fixed,decaps,24740
9,mlkem,fixed,decaps,24676
10,mlkem,fixed,decaps,24684
11,mlkem,fixed,decaps,24679
12,mlkem,fixed,decaps,24653
13,mlkem,fixed,decaps,24696
14,mlkem,fixed,decaps,24771
15,mlkem,fixed,decaps,24767
16,mlkem,fixed,decaps,24619
17,mlkem,fixed,decaps,24648
18,mlkem,fixed,decaps,24668
19,mlkem,fixed,decaps,24696
20,mlkem,fixed,decaps,24651
21,mlkem,fixed,decaps,24671
22,mlkem,fixed,decaps,24634
23,mlkem,fixed,decaps,24672
24,mlkem,fixed,decaps,24653
25,mlkem,fixed,decaps,24621
26,mlkem,fixed,decaps,24647
27,mlkem,fixed,decaps,24671
28,mlkem,fixed,decaps,24632
29,mlkem,fixed,decaps,24632
30,mlkem,fixed,decaps,24640
31,mlkem,fixed,decaps,24647
32,mlkem,fixed,decaps,24671
33,mlkem,fixed,decaps,24636
34,mlkem,fixed,decaps,24627
35,mlkem,fixed,decaps,24643
36,mlkem,fixed,decaps,24634
37,mlkem,fixed,decaps,24669
38,mlkem,fixed,decaps,24646
39,mlkem,fixed,decaps,24670
40,mlkem,fixed,decaps,24640
41,mlkem,fixed,decaps,24719
42,mlkem,fixed,decaps,24640
43,mlkem,fixed,decaps,24609
44,mlkem,fixed,decaps,24632
45,mlkem,fixed,decaps,24670
46,mlkem,fixed,decaps,24648
47,mlkem,fixed,decaps,24624
48,mlkem,fixed,decaps,25588
49,mlkem,fixed,decaps,24700
50,mlkem,fixed,decaps,24626
51,mlkem,fixed,decaps,24654
52,mlkem,fixed,decaps,24628
53,mlkem,fixed,decaps,24656
54,mlkem,fixed,decaps,24619
55,mlkem,fixed,decaps,24696
56,mlkem,fixed,decaps,24643
57,mlkem,fixed,decaps,24648
58,mlkem,fixed,decaps,24664
59,mlkem,fixed,decaps,24672
60,mlkem,fixed,decaps,24636
61,mlkem,fixed,decaps,24648
62,mlkem,fixed,decaps,24652
63,mlkem,fixed,decaps,24646
64,mlkem,fixed,decaps,24648
65,mlkem,fixed,decaps,24668
66,mlkem,fixed,decaps,24615
67,mlkem,fixed,decaps,24854
68,mlkem,fixed,decaps,24679
69,mlkem,fixed,decaps,24664
70,mlkem,fixed,decaps,24614
71,mlkem,fixed,decaps,24663
72,mlkem,fixed,decaps,24623
73,mlkem,fixed,decaps,24695
74,mlkem,fixed,decaps,24626
75,mlkem,fixed,decaps,24660
76,mlkem,fixed,decaps,24677
77,mlkem,fixed,decaps,24665
78,mlkem,fixed,decaps,24677
79,mlkem,fixed,decaps,24646
80,mlkem,fixed,decaps,24642
81,mlkem,fixed,decaps,24755
82,mlkem,fixed,decaps,24654
83,mlkem,fixed,decaps,24634
84,mlkem,fixed,decaps,24661
85,mlkem,fixed,decaps,24664
86,mlkem,fixed,decaps,24648
87,mlkem,fixed,decaps,24646
88,mlkem,fixed,decaps,24646
89,mlkem,fixed,decaps,24631
90,mlkem,fixed,decaps,24670
91,mlkem,fixed,decaps,24690
92,mlkem,fixed,decaps,24656
93,mlkem,fixed,decaps,24611
94,mlkem,fixed,decaps,24622
95,mlkem,fixed,decaps,24671
96,mlkem,fixed,decaps,24636
97,mlkem,fixed,decaps,24699
98,mlkem,fixed,decaps,24631
99,mlkem,fixed,decaps,24649
100,mlkem,fixed,decaps,24632
101,mlkem,fixed,decaps,24671
102,mlkem,fixed,decaps,24651
103,mlkem,fixed,decaps,24741
104,mlkem,fixed,decaps,24673
105,mlkem,fixed,decaps,33818
106,mlkem,fixed,decaps,24792
107,mlkem,fixed,decaps,24868
108,mlkem,fixed,decaps,24659
109,mlkem,fixed,decaps,24777
110,mlkem,fixed,decaps,24652
111,mlkem,fixed,decaps,24610
112,mlkem,fixed,decaps,24683
113,mlkem,fixed,decaps,24762
114,mlkem,fixed,decaps,25014
115,mlkem,fixed,decaps,24819
116,mlkem,fixed,decaps,24797
117,mlkem,fixed,decaps,25240
118,mlkem,fixed,decaps,24738
119,mlkem,fixed,decaps,24973
120,mlkem,fixed,decaps,25270
121,mlkem,fixed,decaps,24840
122,mlkem,fixed,decaps,25351
123,mlkem,fixed,decaps,25664
124,mlkem,fixed,decaps,30265
125,mlkem,fixed,decaps,28402
126,mlkem,fixed,decaps,26449
127,mlkem,fixed,decaps,26379
128,mlkem,fixed,decaps,25907
129,mlkem,fixed,decaps,25662
130,mlkem,fixed,decaps,26122
131,mlkem,fixed,decaps,25320
132,mlkem,fixed,decaps,24995
133,mlkem,fixed,decaps,25321
134,mlkem,fixed,decaps,26144
135,mlkem,fixed,decaps,26275
136,mlkem,fixed,decaps,25714
137,mlkem,fixed,decaps,24856
138,mlkem,fixed,decaps,25295
139,mlkem,fixed,decaps,24945
140,mlkem,fixed,decaps,25944
141,mlkem,fixed,decaps,24949
142,mlkem,fixed,decaps,24960
143,mlkem,fixed,decaps,24705
144,mlkem,fixed,decaps,24720
145,mlkem,fixed,decaps,26964
146,mlkem,fixed,decaps,25276
147,mlkem,fixed,decaps,25120
148,mlkem,fixed,decaps,24759
149,mlkem,fixed,decaps,26486
150,mlkem,fixed,decaps,25114
151,mlkem,fixed,decaps,24975
152,mlkem,fixed,decaps,25364
153,mlkem,fixed,decaps,32750
154,mlkem,fixed,decaps,34074
155,mlkem,fixed,decaps,25500
156,mlkem,fixed,decaps,34219
157,mlkem,fixed,decaps,25478
158,mlkem,fixed,decaps,24694
159,mlkem,fixed,decaps,24743
160,mlkem,fixed,decaps,24730
161,mlkem,fixed,decaps,24803
162,mlkem,fixed,decaps,24635
163,mlkem,fixed,decaps,24808
164,mlkem,fixed,decaps,24757
165,mlkem,fixed,decaps,24605
166,mlkem,fixed,decaps,24649
167,mlkem,fixed,decaps,24696
168,mlkem,fixed,decaps,24646
169,mlkem,fixed,decaps,24710
170,mlkem,fixed,decaps,24643
171,mlkem,fixed,decaps,24717
172,mlkem,fixed,decaps,24749
173,mlkem,fixed,decaps,24813
174,mlkem,fixed,decaps,24860
175,mlkem,fixed,decaps,24686
176,mlkem,fixed,decaps,24948
177,mlkem,fixed,decaps,24653
178,mlkem,fixed,decaps,24675
179,mlkem,fixed,decaps,24641
180,mlkem,fixed,decaps,24825
181,mlkem,fixed,decaps,24644
182,mlkem,fixed,decaps,24660
183,mlkem,fixed,decaps,24720
184,mlkem,fixed,decaps,24660
185,mlkem,fixed,decaps,24639
186,mlkem,fixed,decaps,24899
187,mlkem,fixed,decaps,24619
188,mlkem,fixed,decaps,24705
189,mlkem,fixed,decaps,24653
190,mlkem,fixed,decaps,24658
191,mlkem,fixed,decaps,24719
192,mlkem,fixed,decaps,29267
193,mlkem,fixed,decaps,30182
194,mlkem,fixed,decaps,36295
195,mlkem,fixed,decaps,38970
196,mlkem,fixed,decaps,45350
197,mlkem,fixed,decaps,37545
198,mlkem,fixed,decaps,39009
199,mlkem,fixed,decaps,37191
200,mlkem,fixed,decaps,40341
201,mlkem,fixed,decaps,45126
202,mlkem,fixed,decaps,42162
203,mlkem,fixed,decaps,31558
204,mlkem,fixed,decaps,24849
205,mlkem,fixed,decaps,24654
206,mlkem,fixed,decaps,24684
207,mlkem,fixed,decaps,24674
208,mlkem,fixed,decaps,24658
209,mlkem,fixed,decaps,24608
210,mlkem,fixed,decaps,24656
211,mlkem,fixed,decaps,24619
212,mlkem,fixed,decaps,24608
213,mlkem,fixed,decaps,24606
214,mlkem,fixed,decaps,24598
215,mlkem,fixed,decaps,24624
216,mlkem,fixed,decaps,24592
217,mlkem,fixed,decaps,24629
218,mlkem,fixed,decaps,24620
219,mlkem,fixed,decaps,24628
220,mlkem,fixed,decaps,24593
221,mlkem,fixed,decaps,24591
222,mlkem,fixed,decaps,24623
223,mlkem,fixed,decaps,24602
224,mlkem,fixed,decaps,24606
225,mlkem,fixed,decaps,24591
226,mlkem,fixed,decaps,24638
227,mlkem,fixed,decaps,24677
228,mlkem,fixed,decaps,24602
229,mlkem,fixed,decaps,24610
230,mlkem,fixed,decaps,24635
231,mlkem,fixed,decaps,24608
232,mlkem,fixed,decaps,24586
233,mlkem,fixed,decaps,24696
234,mlkem,fixed,decaps,24591
235,mlkem,fixed,decaps,24634
236,mlkem,fixed,decaps,24704
237,mlkem,fixed,decaps,24622
238,mlkem,fixed,decaps,24591
239,mlkem,fixed,decaps,24578
240,mlkem,fixed,decaps,24636
241,mlkem,fixed,decaps,24587
242,mlkem,fixed,decaps,24611
243,mlkem,fixed,decaps,24626
244,mlkem,fixed,decaps,24608
245,mlkem,fixed,decaps,24634
246,mlkem,fixed,decaps,24604
247,mlkem,fixed,decaps,24602
248,mlkem,fixed,decaps,32802
249,mlkem,fixed,decaps,46235
250,mlkem,fixed,decaps,28446
251,mlkem,fixed,decaps,28382
252,mlkem,fixed,decaps,28396
253,mlkem,fixed,decaps,43604
254,mlkem,fixed,decaps,26594
255,mlkem,fixed,decaps,25297
256,mlkem,fixed,decaps,25311
257,mlkem,fixed,decaps,25363
258,mlkem,fixed,decaps,25327
259,mlkem,fixed,decaps,25369
260,mlkem,fixed,decaps,25346
261,mlkem,fixed,decaps,25306
262,mlkem,fixed,decaps,25313
263,mlkem,fixed,decaps,25313
264,mlkem,fixed,decaps,25354
265,mlkem,fixed,decaps,25362
266,mlkem,fixed,decaps,25354
267,mlkem,fixed,decaps,25296
268,mlkem,fixed,decaps,25333
269,mlkem,fixed,decaps,25350
270,mlkem,fixed,decaps,25342
271,mlkem,fixed,decaps,25266
272,mlkem,fixed,decaps,25309
273,mlkem,fixed,decaps,25302
274,mlkem,fixed,decaps,25337
275,mlkem,fixed,decaps,25309
276,mlkem,fixed,decaps,25295
277,mlkem,fixed,decaps,25370
278,mlkem,fixed,decaps,25339
279,mlkem,fixed,decaps,25308
280,mlkem,fixed,decaps,25309
281,mlkem,fixed,decaps,25314
282,mlkem,fixed,decaps,25293
283,mlkem,fixed,decaps,25357
284,mlkem,fixed,decaps,25313
285,mlkem,fixed,decaps,29612
286,mlkem,fixed,decaps,25671
287,mlkem,fixed,decaps,39097
288,mlkem,fixed,decaps,24799
289,mlkem,fixed,decaps,24677
290,mlkem,fixed,decaps,24665
291,mlkem,fixed,decaps,24665
292,mlkem,fixed,decaps,24625
293,mlkem,fixed,decaps,24923
294,mlkem,fixed,decaps,24676
295,mlkem,fixed,decaps,24660
296,mlkem,fixed,decaps,24641
297,mlkem,fixed,decaps,24632
298,mlkem,fixed,decaps,24651
299,mlkem,fixed,decaps,24646
300,mlkem,fixed,decaps,24600
301,mlkem,fixed,decaps,24660
302,mlkem,fixed,decaps,24773
303,mlkem,fixed,decaps,24820
304,mlkem,fixed,decaps,24611
305,mlkem,fixed,decaps,24595
306,mlkem,fixed,decaps,24667
307,mlkem,fixed,decaps,24635
308,mlkem,fixed,decaps,24587
309,mlkem,fixed,decaps,24587
310,mlkem,fixed,decaps,24596
311,mlkem,fixed,decaps,24630
312,mlkem,fixed,decaps,24637
313,mlkem,fixed,decaps,24639
314,mlkem,fixed,decaps,24647
315,mlkem,fixed,decaps,24954
316,mlkem,fixed,decaps,24892
317,mlkem,fixed,decaps,25585
318,mlkem,fixed,decaps,24627
319,mlkem,fixed,decaps,24623
320,mlkem,fixed,decaps,24813
321,mlkem,fixed,decaps,24599
322,mlkem,fixed,decaps,24576
323,mlkem,fixed,decaps,24600
324,mlkem,fixed,decaps,25370
325,mlkem,fixed,decaps,24679
326,mlkem,fixed,decaps,24613
327,mlkem,fixed,decaps,24599
328,mlkem,fixed,decaps,24604
329,mlkem,fixed,decaps,24589
330,mlkem,fixed,decaps,24621
331,mlkem,fixed,decaps,24600
332,mlkem,fixed,decaps,24595
333,mlkem,fixed,decaps,24615
334,mlkem,fixed,decaps,24641
335,mlkem,fixed,decaps,24637
336,mlkem,fixed,decaps,24666
337,mlkem,fixed,decaps,24761
338,mlkem,fixed,decaps,24633
339,mlkem,fixed,decaps,24601
340,mlkem,fixed,decaps,24616
341,mlkem,fixed,decaps,24648
342,mlkem,fixed,decaps,24652
343,mlkem,fixed,decaps,24653
344,mlkem,fixed,decaps,24613
345,mlkem,fixed,decaps,24579
346,mlkem,fixed,decaps,24605
347,mlkem,fixed,decaps,24648
348,mlkem,fixed,decaps,24610
349,mlkem,fixed,decaps,24610
350,mlkem,fixed,decaps,24595
351,mlkem,fixed,decaps,24634
352,mlkem,fixed,decaps,24646
353,mlkem,fixed,decaps,24673
354,mlkem,fixed,decaps,24627
355,mlkem,fixed,decaps,24749
356,mlkem,fixed,decaps,24632
357,mlkem,fixed,decaps,24820
358,mlkem,fixed,decaps,24658
359,mlkem,fixed,decaps,24570
360,mlkem,fixed,decaps,24587
361,mlkem,fixed,decaps,24654
362,mlkem,fixed,decaps,24596
363,mlkem,fixed,decaps,24631
364,mlkem,fixed,decaps,24691
365,mlkem,fixed,decaps,24742
366,mlkem,fixed,decaps,24633
367,mlkem,fixed,decaps,24603
368,mlkem,fixed,decaps,24591
369,mlkem,fixed,decaps,24614
370,mlkem,fixed,decaps,24582
371,mlkem,fixed,decaps,24725
372,mlkem,fixed,decaps,24850
373,mlkem,fixed,decaps,24596
374,mlkem,fixed,decaps,24616
375,mlkem,fixed,decaps,24637
376,mlkem,fixed,decaps,24693
377,mlkem,fixed,decaps,24598
378,mlkem,fixed,decaps,24656
379,mlkem,fixed,decaps,24846
380,mlkem,fixed,decaps,24749
381,mlkem,fixed,decaps,24609
382,mlkem,fixed,decaps,24602
383,mlkem,fixed,decaps,24655
384,mlkem,fixed,decaps,24604
385,mlkem,fixed,decaps,24624
386,mlkem,fixed,decaps,24653
387,mlkem,fixed,decaps,24604
388,mlkem,fixed,decaps,24643
389,mlkem,fixed,decaps,24719
390,mlkem,fixed,decaps,24601
391,mlkem,fixed,decaps,24640
392,mlkem,fixed,decaps,24621
393,mlkem,fixed,decaps,24594
394,mlkem,fixed,decaps,24637
395,mlkem,fixed,decaps,24623
396,mlkem,fixed,decaps,24696
397,mlkem,fixed,decaps,24617
398,mlkem,fixed,decaps,24601
399,mlkem,fixed,decaps,24592
400,mlkem,fixed,decaps,24587
401,mlkem,fixed,decaps,24619
402,mlkem,fixed,decaps,24618
403,mlkem,fixed,decaps,29368
404,mlkem,fixed,decaps,25094
405,mlkem,fixed,decaps,24671
406,mlkem,fixed,decaps,24683
407,mlkem,fixed,decaps,24655
408,mlkem,fixed,decaps,24695
409,mlkem,fixed,decaps,24652
410,mlkem,fixed,decaps,24634
411,mlkem,fixed,decaps,35625
412,mlkem,fixed,decaps,24811
413,mlkem,fixed,decaps,24661
414,mlkem,fixed,decaps,24578
415,mlkem,fixed,decaps,24669
416,mlkem,fixed,decaps,24624
417,mlkem,fixed,decaps,24606
418,mlkem,fixed,decaps,24606
419,mlkem,fixed,decaps,24719
420,mlkem,fixed,decaps,24584
421,mlkem,fixed,decaps,24639
422,mlkem,fixed,decaps,24626
423,mlkem,fixed,decaps,24605
424,mlkem,fixed,decaps,24613
425,mlkem,fixed,decaps,24651
426,mlkem,fixed,decaps,24565
427,mlkem,fixed,decaps,24601
428,mlkem,fixed,decaps,25493
429,mlkem,fixed,decaps,24612
430,mlkem,fixed,decaps,24821
431,mlkem,fixed,decaps,24642
432,mlkem,fixed,decaps,24621
433,mlkem,fixed,decaps,24657
434,mlkem,fixed,decaps,24587
435,mlkem,fixed,decaps,24645
436,mlkem,fixed,decaps,24606
437,mlkem,fixed,decaps,24606
438,mlkem,fixed,decaps,24628
439,mlkem,fixed,decaps,24590
440,mlkem,fixed,decaps,24618
441,mlkem,fixed,decaps,24604
442,mlkem,fixed,decaps,24630
443,mlkem,fixed,decaps,24585
444,mlkem,fixed,decaps,24628
445,mlkem,fixed,decaps,24680
446,mlkem,fixed,decaps,24622
447,mlkem,fixed,decaps,24596
448,mlkem,fixed,decaps,24632
449,mlkem,fixed,decaps,24624
450,mlkem,fixed,decaps,24639
451,mlkem,fixed,decaps,24615
452,mlkem,fixed,decaps,24621
453,mlkem,fixed,decaps,24634
454,mlkem,fixed,decaps,24628
455,mlkem,fixed,decaps,24627
456,mlkem,fixed,decaps,24618
457,mlkem,fixed,decaps,24602
458,mlkem,fixed,decaps,24743
459,mlkem,fixed,decaps,24622
460,mlkem,fixed,decaps,24580
461,mlkem,fixed,decaps,24601
462,mlkem,fixed,decaps,24632
463,mlkem,fixed,decaps,24622
464,mlkem,fixed,decaps,24627
465,mlkem,fixed,decaps,24628
466,mlkem,fixed,decaps,24620
467,mlkem,fixed,decaps,24615
468,mlkem,fixed,decaps,24620
469,mlkem,fixed,decaps,24608
470,mlkem,fixed,decaps,24583
471,mlkem,fixed,decaps,24602
472,mlkem,fixed,decaps,24634
473,mlkem,fixed,decaps,24613
474,mlkem,fixed,decaps,24589
475,mlkem,fixed,decaps,24602
476,mlkem,fixed,decaps,24634
477,mlkem,fixed,decaps,24578
478,mlkem,fixed,decaps,24622
479,mlkem,fixed,decaps,24586
480,mlkem,fixed,decaps,24637
481,mlkem,fixed,decaps,24648
482,mlkem,fixed,decaps,24619
483,mlkem,fixed,decaps,24731
484,mlkem,fixed,decaps,24740
485,mlkem,fixed,decaps,24855
486,mlkem,fixed,decaps,24803
487,mlkem,fixed,decaps,25084
488,mlkem,fixed,decaps,24829
489,mlkem,fixed,decaps,25597
490,mlkem,fixed,decaps,24682
491,mlkem,fixed,decaps,24603
492,mlkem,fixed,decaps,24570
493,mlkem,fixed,decaps,24614
494,mlkem,fixed,decaps,24597
495,mlkem,fixed,decaps,24610
496,mlkem,fixed,decaps,24565
497,mlkem,fixed,decaps,24584
498,mlkem,fixed,decaps,24974
499,mlkem,fixed,decaps,24602
500,mlkem,fixed,decaps,24597
501,mlkem,fixed,decaps,24591
502,mlkem,fixed,decaps,24705
503,mlkem,fixed,decaps,24582
504,mlkem,fixed,decaps,24635
505,mlkem,fixed,decaps,24566
506,mlkem,fixed,decaps,24615
507,mlkem,fixed,decaps,24752
508,mlkem,fixed,decaps,24599
509,mlkem,fixed,decaps,24595
510,mlkem,fixed,decaps,24576
511,mlkem,fixed,decaps,24591
512,mlkem,fixed,decaps,24609
513,mlkem,fixed,decaps,24606
514,mlkem,fixed,decaps,24778
515,mlkem,fixed,decaps,24596
516,mlkem,fixed,decaps,24611
517,mlkem,fixed,decaps,24624
518,mlkem,fixed,decaps,25054
519,mlkem,fixed,decaps,24661
520,mlkem,fixed,decaps,24603
521,mlkem,fixed,decaps,24672
522,mlkem,fixed,decaps,24656
523,mlkem,fixed,decaps,24593
524,mlkem,fixed,decaps,24631
525,mlkem,fixed,decaps,24600
526,mlkem,fixed,decaps,24673
527,mlkem,fixed,decaps,24620
528,mlkem,fixed,decaps,24607
529,mlkem,fixed,decaps,24617
530,mlkem,fixed,decaps,24799
531,mlkem,fixed,decaps,24638
532,mlkem,fixed,decaps,24704
533,mlkem,fixed,decaps,24622
534,mlkem,fixed,decaps,24631
535,mlkem,fixed,decaps,24658
536,mlkem,fixed,decaps,24608
537,mlkem,fixed,decaps,24596
538,mlkem,fixed,decaps,24593
539,mlkem,fixed,decaps,24625
540,mlkem,fixed,decaps,24567
541,mlkem,fixed,decaps,24579
542,mlkem,fixed,decaps,24559
543,mlkem,fixed,decaps,24654
544,mlkem,fixed,decaps,24644
545,mlkem,fixed,decaps,24582
546,mlkem,fixed,decaps,24553
547,mlkem,fixed,decaps,24582
548,mlkem,fixed,decaps,24678
549,mlkem,fixed,decaps,24611
550,mlkem,fixed,decaps,24588
551,mlkem,fixed,decaps,24622
552,mlkem,fixed,decaps,24601
553,mlkem,fixed,decaps,24596
554,mlkem,fixed,decaps,24651
555,mlkem,fixed,decaps,24585
556,mlkem,fixed,decaps,24586
557,mlkem,fixed,decaps,24572
558,mlkem,fixed,decaps,24590
559,mlkem,fixed,decaps,24894
560,mlkem,fixed,decaps,24610
561,mlkem,fixed,decaps,24982
562,mlkem,fixed,decaps,24612
563,mlkem,fixed,decaps,24657
564,mlkem,fixed,decaps,24556
565,mlkem,fixed,decaps,24671
566,mlkem,fixed,decaps,24643
567,mlkem,fixed,decaps,24993
568,mlkem,fixed,decaps,24661
569,mlkem,fixed,decaps,25338
570,mlkem,fixed,decaps,63047
571,mlkem,fixed,decaps,26702
572,mlkem,fixed,decaps,24687
573,mlkem,fixed,decaps,24652
574,mlkem,fixed,decaps,24689
575,mlkem,fixed,decaps,24661
576,mlkem,fixed,decaps,24748
577,mlkem,fixed,decaps,24650
578,mlkem,fixed,decaps,24643
579,mlkem,fixed,decaps,24593
580,mlkem,fixed,decaps,24620
581,mlkem,fixed,decaps,24625
582,mlkem,fixed,decaps,24684
583,mlkem,fixed,decaps,24650
584,mlkem,fixed,decaps,24622
585,mlkem,fixed,decaps,24641
586,mlkem,fixed,decaps,24608
587,mlkem,fixed,decaps,25063
588,mlkem,fixed,decaps,24614
589,mlkem,fixed,decaps,24673
590,mlkem,fixed,decaps,24588
591,mlkem,fixed,decaps,24657
592,mlkem,fixed,decaps,24653
593,mlkem,fixed,decaps,24640
594,mlkem,fixed,decaps,24623
595,mlkem,fixed,decaps,24695
596,mlkem,fixed,decaps,24593
597,mlkem,fixed,decaps,24677
598,mlkem,fixed,decaps,24701
599,mlkem,fixed,decaps,24639
600,mlkem,fixed,decaps,24684
601,mlkem,fixed,decaps,24627
602,mlkem,fixed,decaps,24589
603,mlkem,fixed,decaps,38234
604,mlkem,fixed,decaps,26082
605,mlkem,fixed,decaps,26077
606,mlkem,fixed,decaps,26068
607,mlkem,fixed,decaps,26106
608,mlkem,fixed,decaps,26125
609,mlkem,fixed,decaps,26097
610,mlkem,fixed,decaps,26016
611,mlkem,fixed,decaps,26193
612,mlkem,fixed,decaps,26221
613,mlkem,fixed,decaps,26172
614,mlkem,fixed,decaps,26177
615,mlkem,fixed,decaps,26032
616,mlkem,fixed,decaps,27739
617,mlkem,fixed,decaps,26026
618,mlkem,fixed,decaps,26077
619,mlkem,fixed,decaps,26182
620,mlkem,fixed,decaps,26332
621,mlkem,fixed,decaps,26426
622,mlkem,fixed,decaps,26089
623,mlkem,fixed,decaps,26202
624,mlkem,fixed,decaps,26088
625,mlkem,fixed,decaps,26159
626,mlkem,fixed,decaps,26060
627,mlkem,fixed,decaps,26230
628,mlkem,fixed,decaps,26081
629,mlkem,fixed,decaps,26067
630,mlkem,fixed,decaps,26051
631,mlkem,fixed,decaps,26105
632,mlkem,fixed,decaps,26126
633,mlkem,fixed,decaps,26029
634,mlkem,fixed,decaps,26066
635,mlkem,fixed,decaps,26086
636,mlkem,fixed,decaps,26095
637,mlkem,fixed,decaps,26119
638,mlkem,fixed,decaps,26093
639,mlkem,fixed,decaps,26134
640,mlkem,fixed,decaps,26029
641,mlkem,fixed,decaps,39114
642,mlkem,fixed,decaps,25391
643,mlkem,fixed,decaps,25333
644,mlkem,fixed,decaps,25349
645,mlkem,fixed,decaps,25436
646,mlkem,fixed,decaps,25408
647,mlkem,fixed,decaps,25696
648,mlkem,fixed,decaps,25398
649,mlkem,fixed,decaps,25368
650,mlkem,fixed,decaps,25337
651,mlkem,fixed,decaps,25292
652,mlkem,fixed,decaps,25311
653,mlkem,fixed,decaps,25387
654,mlkem,fixed,decaps,25339
655,mlkem,fixed,decaps,25309
656,mlkem,fixed,decaps,25365
657,mlkem,fixed,decaps,25295
658,mlkem,fixed,decaps,25338
659,mlkem,fixed,decaps,25356
660,mlkem,fixed,decaps,25378
661,mlkem,fixed,decaps,25307
662,mlkem,fixed,decaps,25323
663,mlkem,fixed,decaps,25374
664,mlkem,fixed,decaps,25425
665,mlkem,fixed,decaps,25329
666,mlkem,fixed,decaps,25380
667,mlkem,fixed,decaps,25502
668,mlkem,fixed,decaps,25516
669,mlkem,fixed,decaps,25464
670,mlkem,fixed,decaps,25307
671,mlkem,fixed,decaps,25371
672,mlkem,fixed,decaps,25555
673,mlkem,fixed,decaps,25338
674,mlkem,fixed,decaps,25316
675,mlkem,fixed,decaps,25346
676,mlkem,fixed,decaps,25447
677,mlkem,fixed,decaps,25414
678,mlkem,fixed,decaps,26867
679,mlkem,fixed,decaps,25328
680,mlkem,fixed,decaps,25360
681,mlkem,fixed,decaps,25326
682,mlkem,fixed,decaps,25369
683,mlkem,fixed,decaps,25335
684,mlkem,fixed,decaps,25364
685,mlkem,fixed,decaps,25273
686,mlkem,fixed,decaps,25411
687,mlkem,fixed,decaps,25414
688,mlkem,fixed,decaps,25272
689,mlkem,fixed,decaps,25379
690,mlkem,fixed,decaps,25306
691,mlkem,fixed,decaps,25430
692,mlkem,fixed,decaps,25536
693,mlkem,fixed,decaps,25312
694,mlkem,fixed,decaps,25330
695,mlkem,fixed,decaps,25480
696,mlkem,fixed,decaps,25282
697,mlkem,fixed,decaps,25303
698,mlkem,fixed,decaps,25334
699,mlkem,fixed,decaps,25332
700,mlkem,fixed,decaps,25709
701,mlkem,fixed,decaps,25305
702,mlkem,fixed,decaps,25400
703,mlkem,fixed,decaps,25790
704,mlkem,fixed,decaps,25298
705,mlkem,fixed,decaps,25437
706,mlkem,fixed,decaps,25462
707,mlkem,fixed,decaps,25319
708,mlkem,fixed,decaps,25342
709,mlkem,fixed,decaps,25335
710,mlkem,fixed,decaps,26106
711,mlkem,fixed,decaps,25411
712,mlkem,fixed,decaps,25325
713,mlkem,fixed,decaps,25451
714,mlkem,fixed,decaps,25368
715,mlkem,fixed,decaps,25364
716,mlkem,fixed,decaps,25379
717,mlkem,fixed,decaps,25346
718,mlkem,fixed,decaps,25638
719,mlkem,fixed,decaps,25355
720,mlkem,fixed,decaps,25673
721,mlkem,fixed,decaps,25350
722,mlkem,fixed,decaps,25619
723,mlkem,fixed,decaps,36018
724,mlkem,fixed,decaps,26473
725,mlkem,fixed,decaps,25433
726,mlkem,fixed,decaps,25442
727,mlkem,fixed,decaps,25368
728,mlkem,fixed,decaps,25319
729,mlkem,fixed,decaps,25334
730,mlkem,fixed,decaps,25320
731,mlkem,fixed,decaps,25303
732,mlkem,fixed,decaps,25336
733,mlkem,fixed,decaps,25383
734,mlkem,fixed,decaps,25329
735,mlkem,fixed,decaps,25317
736,mlkem,fixed,decaps,25337
737,mlkem,fixed,decaps,25331
738,mlkem,fixed,decaps,25480
739,mlkem,fixed,decaps,25317
740,mlkem,fixed,decaps,25314
741,mlkem,fixed,decaps,25322
742,mlkem,fixed,decaps,25430
743,mlkem,fixed,decaps,25387
744,mlkem,fixed,decaps,25343
745,mlkem,fixed,decaps,25345
746,mlkem,fixed,decaps,25334
747,mlkem,fixed,decaps,25394
748,mlkem,fixed,decaps,25521
749,mlkem,fixed,decaps,25382
750,mlkem,fixed,decaps,25336
751,mlkem,fixed,decaps,25401
752,mlkem,fixed,decaps,25358
753,mlkem,fixed,decaps,25370
754,mlkem,fixed,decaps,25314
755,mlkem,fixed,decaps,25302
756,mlkem,fixed,decaps,25396
757,mlkem,fixed,decaps,25365
758,mlkem,fixed,decaps,25349
759,mlkem,fixed,decaps,25734
760,mlkem,fixed,decaps,25342
761,mlkem,fixed,decaps,25353
762,mlkem,fixed,decaps,25326
763,mlkem,fixed,decaps,25521
764,mlkem,fixed,decaps,25449
765,mlkem,fixed,decaps,25357
766,mlkem,fixed,decaps,25339
767,mlkem,fixed,decaps,25330
768,mlkem,fixed,decaps,25387
769,mlkem,fixed,decaps,25270
770,mlkem,fixed,decaps,25406
771,mlkem,fixed,decaps,25310
772,mlkem,fixed,decaps,25316
773,mlkem,fixed,decaps,25275
774,mlkem,fixed,decaps,25389
775,mlkem,fixed,decaps,25333
776,mlkem,fixed,decaps,25463
777,mlkem,fixed,decaps,25737
778,mlkem,fixed,decaps,25365
779,mlkem,fixed,decaps,25312
780,mlkem,fixed,decaps,25355
781,mlkem,fixed,decaps,25361
782,mlkem,fixed,decaps,25393
783,mlkem,fixed,decaps,25452
784,mlkem,fixed,decaps,26093
785,mlkem,fixed,decaps,25422
786,mlkem,fixed,decaps,25375
787,mlkem,fixed,decaps,25430
788,mlkem,fixed,decaps,25346
789,mlkem,fixed,decaps,25329
790,mlkem,fixed,decaps,25359
791,mlkem,fixed,decaps,25323
792,mlkem,fixed,decaps,25357
793,mlkem,fixed,decaps,25424
794,mlkem,fixed,decaps,25364
795,mlkem,fixed,decaps,25291
796,mlkem,fixed,decaps,25408
797,mlkem,fixed,decaps,25379
798,mlkem,fixed,decaps,25340
799,mlkem,fixed,decaps,25316
800,mlkem,fixed,decaps,25434
801,mlkem,fixed,decaps,25425
802,mlkem,fixed,decaps,25499
803,mlkem,fixed,decaps,25418
804,mlkem,fixed,decaps,25305
805,mlkem,fixed,decaps,25317
806,mlkem,fixed,decaps,25376
807,mlkem,fixed,decaps,25281
808,mlkem,fixed,decaps,25344
809,mlkem,fixed,decaps,25313
810,mlkem,fixed,decaps,25296
811,mlkem,fixed,decaps,25282
812,mlkem,fixed,decaps,25359
813,mlkem,fixed,decaps,25395
814,mlkem,fixed,decaps,25425
815,mlkem,fixed,decaps,25502
816,mlkem,fixed,decaps,25275
817,mlkem,fixed,decaps,25263
818,mlkem,fixed,decaps,25436
819,mlkem,fixed,decaps,25305
820,mlkem,fixed,decaps,25306
821,mlkem,fixed,decaps,25336
822,mlkem,fixed,decaps,25317
823,mlkem,fixed,decaps,25509
824,mlkem,fixed,decaps,25518
825,mlkem,fixed,decaps,25917
826,mlkem,fixed,decaps,25487
827,mlkem,fixed,decaps,25442
828,mlkem,fixed,decaps,25287
829,mlkem,fixed,decaps,25293
830,mlkem,fixed,decaps,25312
831,mlkem,fixed,decaps,25291
832,mlkem,fixed,decaps,25294
833,mlkem,fixed,decaps,25353
834,mlkem,fixed,decaps,25298
835,mlkem,fixed,decaps,25273
836,mlkem,fixed,decaps,25313
837,mlkem,fixed,decaps,25305
838,mlkem,fixed,decaps,25436
839,mlkem,fixed,decaps,25722
840,mlkem,fixed,decaps,25315
841,mlkem,fixed,decaps,25331
842,mlkem,fixed,decaps,25363
843,mlkem,fixed,decaps,25574
844,mlkem,fixed,decaps,25593
845,mlkem,fixed,decaps,25296
846,mlkem,fixed,decaps,25322
847,mlkem,fixed,decaps,25326
848,mlkem,fixed,decaps,25326
849,mlkem,fixed,decaps,25274
850,mlkem,fixed,decaps,25455
851,mlkem,fixed,decaps,26565
852,mlkem,fixed,decaps,25308
853,mlkem,fixed,decaps,25432
854,mlkem,fixed,decaps,25675
855,mlkem,fixed,decaps,25364
856,mlkem,fixed,decaps,25329
857,mlkem,fixed,decaps,25380
858,mlkem,fixed,decaps,25324
859,mlkem,fixed,decaps,25334
860,mlkem,fixed,decaps,25361
861,mlkem,fixed,decaps,25403
862,mlkem,fixed,decaps,25312
863,mlkem,fixed,decaps,25318
864,mlkem,fixed,decaps,25840
865,mlkem,fixed,decaps,25457
866,mlkem,fixed,decaps,25445
867,mlkem,fixed,decaps,25462
868,mlkem,fixed,decaps,25294
869,mlkem,fixed,decaps,25318
870,mlkem,fixed,decaps,25419
871,mlkem,fixed,decaps,25314
872,mlkem,fixed,decaps,25345
873,mlkem,fixed,decaps,25390
874,mlkem,fixed,decaps,25282
875,mlkem,fixed,decaps,25382
876,mlkem,fixed,decaps,25340
877,mlkem,fixed,decaps,25289
878,mlkem,fixed,decaps,31378
879,mlkem,fixed,decaps,26064
880,mlkem,fixed,decaps,31809
881,mlkem,fixed,decaps,25372
882,mlkem,fixed,decaps,25405
883,mlkem,fixed,decaps,25365
884,mlkem,fixed,decaps,25308
885,mlkem,fixed,decaps,25569
886,mlkem,fixed,decaps,25357
887,mlkem,fixed,decaps,25518
888,mlkem,fixed,decaps,25348
889,mlkem,fixed,decaps,25350
890,mlkem,fixed,decaps,25595
891,mlkem,fixed,decaps,25345
892,mlkem,fixed,decaps,25388
893,mlkem,fixed,decaps,25414
894,mlkem,fixed,decaps,25322
895,mlkem,fixed,decaps,25368
896,mlkem,fixed,decaps,25360
897,mlkem,fixed,decaps,25466
898,mlkem,fixed,decaps,25647
899,mlkem,fixed,decaps,25376
900,mlkem,fixed,decaps,25396
901,mlkem,fixed,decaps,25385
902,mlkem,fixed,decaps,25436
903,mlkem,fixed,decaps,25329
904,mlkem,fixed,decaps,25463
905,mlkem,fixed,decaps,25467
906,mlkem,fixed,decaps,25546
907,mlkem,fixed,decaps,25373
908,mlkem,fixed,decaps,25347
909,mlkem,fixed,decaps,25392
910,mlkem,fixed,decaps,29464
911,mlkem,fixed,decaps,25487
912,mlkem,fixed,decaps,25445
913,mlkem,fixed,decaps,37605
914,mlkem,fixed,decaps,24706
915,mlkem,fixed,decaps,24660
916,mlkem,fixed,decaps,24589
917,mlkem,fixed,decaps,24601
918,mlkem,fixed,decaps,24698
919,mlkem,fixed,decaps,24645
920,mlkem,fixed,decaps,24642
921,mlkem,fixed,decaps,24609
922,mlkem,fixed,decaps,24752
923,mlkem,fixed,decaps,24791
924,mlkem,fixed,decaps,24586
925,mlkem,fixed,decaps,24655
926,mlkem,fixed,decaps,24596
927,mlkem,fixed,decaps,24688
928,mlkem,fixed,decaps,24652
929,mlkem,fixed,decaps,24659
930,mlkem,fixed,decaps,24741
931,mlkem,fixed,decaps,24614
932,mlkem,fixed,decaps,24612
933,mlkem,fixed,decaps,24624
934,mlkem,fixed,decaps,24600
935,mlkem,fixed,decaps,24635
936,mlkem,fixed,decaps,24632
937,mlkem,fixed,decaps,24641
938,mlkem,fixed,decaps,32282
939,mlkem,fixed,decaps,32480
940,mlkem,fixed,decaps,24837
941,mlkem,fixed,decaps,33773
942,mlkem,fixed,decaps,25429
943,mlkem,fixed,decaps,24647
944,mlkem,fixed,decaps,24689
945,mlkem,fixed,decaps,24743
946,mlkem,fixed,decaps,24651
947,mlkem,fixed,decaps,24639
948,mlkem,fixed,decaps,28786
949,mlkem,fixed,decaps,24956
950,mlkem,fixed,decaps,24648
951,mlkem,fixed,decaps,24664
952,mlkem,fixed,decaps,24625
953,mlkem,fixed,decaps,24628
954,mlkem,fixed,decaps,24620
955,mlkem,fixed,decaps,24866
956,mlkem,fixed,decaps,24647
957,mlkem,fixed,decaps,24642
958,mlkem,fixed,decaps,24614
959,mlkem,fixed,decaps,24639
960,mlkem,fixed,decaps,24953
961,mlkem,fixed,decaps,24601
962,mlkem,fixed,decaps,24628
963,mlkem,fixed,decaps,24652
964,mlkem,fixed,decaps,24621
965,mlkem,fixed,decaps,24627
966,mlkem,fixed,decaps,24596
967,mlkem,fixed,decaps,24641
968,mlkem,fixed,decaps,24636
969,mlkem,fixed,decaps,24607
970,mlkem,fixed,decaps,24610
971,mlkem,fixed,decaps,24624
972,mlkem,fixed,decaps,24624
973,mlkem,fixed,decaps,24618
974,mlkem,fixed,decaps,24622
975,mlkem,fixed,decaps,24589
976,mlkem,fixed,decaps,24608
977,mlkem,fixed,decaps,24626
978,mlkem,fixed,decaps,24645
979,mlkem,fixed,decaps,24617
980,mlkem,fixed,decaps,24597
981,mlkem,fixed,decaps,24644
982,mlkem,fixed,decaps,24625
983,mlkem,fixed,decaps,24637
984,mlkem,fixed,decaps,24590
985,mlkem,fixed,decaps,24626
986,mlkem,fixed,decaps,24618
987,mlkem,fixed,decaps,24634
988,mlkem,fixed,decaps,24597
989,mlkem,fixed,decaps,24612
990,mlkem,fixed,decaps,24616
991,mlkem,fixed,decaps,24669
992,mlkem,fixed,decaps,24635
993,mlkem,fixed,decaps,25467
994,mlkem,fixed,decaps,24704
995,mlkem,fixed,decaps,24647
996,mlkem,fixed,decaps,24651
997,mlkem,fixed,decaps,24663
998,mlkem,fixed,decaps,24645
999,mlkem,fixed,decaps,24681
1000,mlkem,fixed,decaps,24626
1001,mlkem,fixed,decaps,24647
1002,mlkem,fixed,decaps,24886
1003,mlkem,fixed,decaps,24809
1004,mlkem,fixed,decaps,27297
1005,mlkem,fixed,decaps,25096
1006,mlkem,fixed,decaps,24961
1007,mlkem,fixed,decaps,24645
1008,mlkem,fixed,decaps,24752
1009,mlkem,fixed,decaps,24678
1010,mlkem,fixed,decaps,25201
1011,mlkem,fixed,decaps,25260
1012,mlkem,fixed,decaps,24654
1013,mlkem,fixed,decaps,24681
1014,mlkem,fixed,decaps,24632
1015,mlkem,fixed,decaps,24694
1016,mlkem,fixed,decaps,25219
1017,mlkem,fixed,decaps,25702
1018,mlkem,fixed,decaps,25146
1019,mlkem,fixed,decaps,24698
1020,mlkem,fixed,decaps,24624
1021,mlkem,fixed,decaps,24884
1022,mlkem,fixed,decaps,24783
1023,mlkem,fixed,decaps,24931
1024,mlkem,fixed,decaps,25025
1025,mlkem,fixed,decaps,25933
1026,mlkem,fixed,decaps,25255
1027,mlkem,fixed,decaps,24900
1028,mlkem,fixed,decaps,24823
1029,mlkem,fixed,decaps,25123
1030,mlkem,fixed,decaps,25500
1031,mlkem,fixed,decaps,24894
1032,mlkem,fixed,decaps,25435
1033,mlkem,fixed,decaps,24706
1034,mlkem,fixed,decaps,25314
1035,mlkem,fixed,decaps,35496
1036,mlkem,fixed,decaps,24859
1037,mlkem,fixed,decaps,24730
1038,mlkem,fixed,decaps,24892
1039,mlkem,fixed,decaps,24619
1040,mlkem,fixed,decaps,24641
1041,mlkem,fixed,decaps,25231
1042,mlkem,fixed,decaps,24684
1043,mlkem,fixed,decaps,24692
1044,mlkem,fixed,decaps,24898
1045,mlkem,fixed,decaps,24716
1046,mlkem,fixed,decaps,24889
1047,mlkem,fixed,decaps,24690
1048,mlkem,fixed,decaps,24922
1049,mlkem,fixed,decaps,24837
1050,mlkem,fixed,decaps,25143
1051,mlkem,fixed,decaps,24752
1052,mlkem,fixed,decaps,24787
1053,mlkem,fixed,decaps,24744
1054,mlkem,fixed,decaps,25486
1055,mlkem,fixed,decaps,24615
1056,mlkem,fixed,decaps,24740
1057,mlkem,fixed,decaps,26180
1058,mlkem,fixed,decaps,24724
1059,mlkem,fixed,decaps,24837
1060,mlkem,fixed,decaps,24636
1061,mlkem,fixed,decaps,24833
1062,mlkem,fixed,decaps,24751
1063,mlkem,fixed,decaps,24612
1064,mlkem,fixed,decaps,25093
1065,mlkem,fixed,decaps,24993
1066,mlkem,fixed,decaps,24771
1067,mlkem,fixed,decaps,25107
1068,mlkem,fixed,decaps,24628
1069,mlkem,fixed,decaps,24777
1070,mlkem,fixed,decaps,24690
1071,mlkem,fixed,decaps,24623
1072,mlkem,fixed,decaps,24618
1073,mlkem,fixed,decaps,24684
1074,mlkem,fixed,decaps,24659
1075,mlkem,fixed,decaps,24601
1076,mlkem,fixed,decaps,24624
1077,mlkem,fixed,decaps,24632
1078,mlkem,fixed,decaps,24634
1079,mlkem,fixed,decaps,24633
1080,mlkem,fixed,decaps,24670
1081,mlkem,fixed,decaps,24916
1082,mlkem,fixed,decaps,24649
1083,mlkem,fixed,decaps,24660
1084,mlkem,fixed,decaps,24615
1085,mlkem,fixed,decaps,24615
1086,mlkem,fixed,decaps,24646
1087,mlkem,fixed,decaps,24678
1088,mlkem,fixed,decaps,24630
1089,mlkem,fixed,decaps,24612
1090,mlkem,fixed,decaps,24606
1091,mlkem,fixed,decaps,24634
1092,mlkem,fixed,decaps,24658
1093,mlkem,fixed,decaps,24684
1094,mlkem,fixed,decaps,24729
1095,mlkem,fixed,decaps,24621
1096,mlkem,fixed,decaps,24702
1097,mlkem,fixed,decaps,24630
1098,mlkem,fixed,decaps,24585
1099,mlkem,fixed,decaps,24803
1100,mlkem,fixed,decaps,24655
1101,mlkem,fixed,decaps,24657
1102,mlkem,fixed,decaps,24645
1103,mlkem,fixed,decaps,24623
1104,mlkem,fixed,decaps,24638
1105,mlkem,fixed,decaps,24738
1106,mlkem,fixed,decaps,24615
1107,mlkem,fixed,decaps,24609
1108,mlkem,fixed,decaps,24621
1109,mlkem,fixed,decaps,24716
1110,mlkem,fixed,decaps,40077
1111,mlkem,fixed,decaps,26217
1112,mlkem,fixed,decaps,26173
1113,mlkem,fixed,decaps,26166
1114,mlkem,fixed,decaps,26126
1115,mlkem,fixed,decaps,26100
1116,mlkem,fixed,decaps,26060
1117,mlkem,fixed,decaps,26354
1118,mlkem,fixed,decaps,26247
1119,mlkem,fixed,decaps,26245
1120,mlkem,fixed,decaps,26145
1121,mlkem,fixed,decaps,26233
1122,mlkem,fixed,decaps,26056
1123,mlkem,fixed,decaps,26120
1124,mlkem,fixed,decaps,26145
1125,mlkem,fixed,decaps,26149
1126,mlkem,fixed,decaps,26078
1127,mlkem,fixed,decaps,26106
1128,mlkem,fixed,decaps,26437
1129,mlkem,fixed,decaps,26077
1130,mlkem,fixed,decaps,27257
1131,mlkem,fixed,decaps,26112
1132,mlkem,fixed,decaps,26246
1133,mlkem,fixed,decaps,26143
1134,mlkem,fixed,decaps,26091
1135,mlkem,fixed,decaps,26166
1136,mlkem,fixed,decaps,26126
1137,mlkem,fixed,decaps,26108
1138,mlkem,fixed,decaps,26305
1139,mlkem,fixed,decaps,26150
1140,mlkem,fixed,decaps,26263
1141,mlkem,fixed,decaps,26226
1142,mlkem,fixed,decaps,26188
1143,mlkem,fixed,decaps,26230
1144,mlkem,fixed,decaps,26095
1145,mlkem,fixed,decaps,26185
1146,mlkem,fixed,decaps,34849
1147,mlkem,fixed,decaps,26182
1148,mlkem,fixed,decaps,38848
1149,mlkem,fixed,decaps,25632
1150,mlkem,fixed,decaps,25643
1151,mlkem,fixed,decaps,25696
1152,mlkem,fixed,decaps,25346
1153,mlkem,fixed,decaps,25959
1154,mlkem,fixed,decaps,25425
1155,mlkem,fixed,decaps,25409
1156,mlkem,fixed,decaps,25376
1157,mlkem,fixed,decaps,25392
1158,mlkem,fixed,decaps,25362
1159,mlkem,fixed,decaps,25407
1160,mlkem,fixed,decaps,25428
1161,mlkem,fixed,decaps,29190
1162,mlkem,fixed,decaps,34533
1163,mlkem,fixed,decaps,44952
1164,mlkem,fixed,decaps,36257
1165,mlkem,fixed,decaps,32005
1166,mlkem,fixed,decaps,33239
1167,mlkem,fixed,decaps,43911
1168,mlkem,fixed,decaps,45542
1169,mlkem,fixed,decaps,35485
1170,mlkem,fixed,decaps,36596
1171,mlkem,fixed,decaps,26513
1172,mlkem,fixed,decaps,25439
1173,mlkem,fixed,decaps,25575
1174,mlkem,fixed,decaps,25385
1175,mlkem,fixed,decaps,25393
1176,mlkem,fixed,decaps,25536
1177,mlkem,fixed,decaps,25410
1178,mlkem,fixed,decaps,25360
1179,mlkem,fixed,decaps,25405
1180,mlkem,fixed,decaps,25436
1181,mlkem,fixed,decaps,25378
1182,mlkem,fixed,decaps,25394
1183,mlkem,fixed,decaps,25416
1184,mlkem,fixed,decaps,31181
1185,mlkem,fixed,decaps,25877
1186,mlkem,fixed,decaps,25456
1187,mlkem,fixed,decaps,25401
1188,mlkem,fixed,decaps,25345
1189,mlkem,fixed,decaps,25477
1190,mlkem,fixed,decaps,25384
1191,mlkem,fixed,decaps,25341
1192,mlkem,fixed,decaps,25438
1193,mlkem,fixed,decaps,25434
1194,mlkem,fixed,decaps,25373
1195,mlkem,fixed,decaps,25283
1196,mlkem,fixed,decaps,25391
1197,mlkem,fixed,decaps,25343
1198,mlkem,fixed,decaps,25475
1199,mlkem,fixed,decaps,25437
1200,mlkem,fixed,decaps,25410
1201,mlkem,fixed,decaps,25317
1202,mlkem,fixed,decaps,25395
1203,mlkem,fixed,decaps,25345
1204,mlkem,fixed,decaps,25317
1205,mlkem,fixed,decaps,25343
1206,mlkem,fixed,decaps,25377
1207,mlkem,fixed,decaps,25360
1208,mlkem,fixed,decaps,25372
1209,mlkem,fixed,decaps,25335
1210,mlkem,fixed,decaps,25399
1211,mlkem,fixed,decaps,25446
1212,mlkem,fixed,decaps,25386
1213,mlkem,fixed,decaps,25327
1214,mlkem,fixed,decaps,25346
1215,mlkem,fixed,decaps,25371
1216,mlkem,fixed,decaps,25381
1217,mlkem,fixed,decaps,25389
1218,mlkem,fixed,decaps,25403
1219,mlkem,fixed,decaps,25361
1220,mlkem,fixed,decaps,25380
1221,mlkem,fixed,decaps,25354
1222,mlkem,fixed,decaps,25364
1223,mlkem,fixed,decaps,25370
1224,mlkem,fixed,decaps,25357
1225,mlkem,fixed,decaps,25314
1226,mlkem,fixed,decaps,25412
1227,mlkem,fixed,decaps,25368
1228,mlkem,fixed,decaps,25367
1229,mlkem,fixed,decaps,25374
1230,mlkem,fixed,decaps,25361
1231,mlkem,fixed,decaps,25378
1232,mlkem,fixed,decaps,25407
1233,mlkem,fixed,decaps,25342
1234,mlkem,fixed,decaps,25467
1235,mlkem,fixed,decaps,25363
1236,mlkem,fixed,decaps,25365
1237,mlkem,fixed,decaps,25349
1238,mlkem,fixed,decaps,25469
1239,mlkem,fixed,decaps,25362
1240,mlkem,fixed,decaps,25353
1241,mlkem,fixed,decaps,28195
1242,mlkem,fixed,decaps,25378
1243,mlkem,fixed,decaps,25375
1244,mlkem,fixed,decaps,25354
1245,mlkem,fixed,decaps,25347
1246,mlkem,fixed,decaps,25410
1247,mlkem,fixed,decaps,25384
1248,mlkem,fixed,decaps,25368
1249,mlkem,fixed,decaps,25356
1250,mlkem,fixed,decaps,25335
1251,mlkem,fixed,decaps,25353
1252,mlkem,fixed,decaps,25390
1253,mlkem,fixed,decaps,25386
1254,mlkem,fixed,decaps,25369
1255,mlkem,fixed,decaps,25360
1256,mlkem,fixed,decaps,25366
1257,mlkem,fixed,decaps,25358
1258,mlkem,fixed,decaps,25392
1259,mlkem,fixed,decaps,25353
1260,mlkem,fixed,decaps,25365
1261,mlkem,fixed,decaps,25383
1262,mlkem,fixed,decaps,25369
1263,mlkem,fixed,decaps,25371
1264,mlkem,fixed,decaps,25328
1265,mlkem,fixed,decaps,25342
1266,mlkem,fixed,decaps,26547
1267,mlkem,fixed,decaps,25519
1268,mlkem,fixed,decaps,25543
1269,mlkem,fixed,decaps,25409
1270,mlkem,fixed,decaps,25374
1271,mlkem,fixed,decaps,25365
1272,mlkem,fixed,decaps,25352
1273,mlkem,fixed,decaps,25380
1274,mlkem,fixed,decaps,25334
1275,mlkem,fixed,decaps,25389
1276,mlkem,fixed,decaps,25415
1277,mlkem,fixed,decaps,25410
1278,mlkem,fixed,decaps,25663
1279,mlkem,fixed,decaps,25380
1280,mlkem,fixed,decaps,25362
1281,mlkem,fixed,decaps,25375
1282,mlkem,fixed,decaps,25392
1283,mlkem,fixed,decaps,25361
1284,mlkem,fixed,decaps,25335
1285,mlkem,fixed,decaps,25369
1286,mlkem,fixed,decaps,25336
1287,mlkem,fixed,decaps,25384
1288,mlkem,fixed,decaps,25322
1289,mlkem,fixed,decaps,25353
1290,mlkem,fixed,decaps,25393
1291,mlkem,fixed,decaps,25383
1292,mlkem,fixed,decaps,26090
1293,mlkem,fixed,decaps,25347
1294,mlkem,fixed,decaps,25377
1295,mlkem,fixed,decaps,25381
1296,mlkem,fixed,decaps,25364
1297,mlkem,fixed,decaps,25393
1298,mlkem,fixed,decaps,25329
1299,mlkem,fixed,decaps,25370
1300,mlkem,fixed,decaps,25404
1301,mlkem,fixed,decaps,25360
1302,mlkem,fixed,decaps,25374
1303,mlkem,fixed,decaps,25386
1304,mlkem,fixed,decaps,25372
1305,mlkem,fixed,decaps,25352
1306,mlkem,fixed,decaps,25396
1307,mlkem,fixed,decaps,25345
1308,mlkem,fixed,decaps,25330
1309,mlkem,fixed,decaps,25371
1310,mlkem,fixed,decaps,25350
1311,mlkem,fixed,decaps,25400
1312,mlkem,fixed,decaps,25383
1313,mlkem,fixed,decaps,25377
1314,mlkem,fixed,decaps,25363
1315,mlkem,fixed,decaps,25919
1316,mlkem,fixed,decaps,25385
1317,mlkem,fixed,decaps,25396
1318,mlkem,fixed,decaps,25350
1319,mlkem,fixed,decaps,25374
1320,mlkem,fixed,decaps,25357
1321,mlkem,fixed,decaps,25372
1322,mlkem,fixed,decaps,25366
1323,mlkem,fixed,decaps,25323
1324,mlkem,fixed,decaps,25361
1325,mlkem,fixed,decaps,25359
1326,mlkem,fixed,decaps,25340
1327,mlkem,fixed,decaps,25387
1328,mlkem,fixed,decaps,25371
1329,mlkem,fixed,decaps,25341
1330,mlkem,fixed,decaps,25360
1331,mlkem,fixed,decaps,25375
1332,mlkem,fixed,decaps,25373
1333,mlkem,fixed,decaps,25412
1334,mlkem,fixed,decaps,25316
1335,mlkem,fixed,decaps,25361
1336,mlkem,fixed,decaps,25399
1337,mlkem,fixed,decaps,25369
1338,mlkem,fixed,decaps,25353
1339,mlkem,fixed,decaps,34927
1340,mlkem,fixed,decaps,26344
1341,mlkem,fixed,decaps,25338
1342,mlkem,fixed,decaps,25373
1343,mlkem,fixed,decaps,25344
1344,mlkem,fixed,decaps,25368
1345,mlkem,fixed,decaps,25364
1346,mlkem,fixed,decaps,25395
1347,mlkem,fixed,decaps,25406
1348,mlkem,fixed,decaps,25373
1349,mlkem,fixed,decaps,25354
1350,mlkem,fixed,decaps,25423
1351,mlkem,fixed,decaps,25324
1352,mlkem,fixed,decaps,25377
1353,mlkem,fixed,decaps,25370
1354,mlkem,fixed,decaps,25412
1355,mlkem,fixed,decaps,25367
1356,mlkem,fixed,decaps,25356
1357,mlkem,fixed,decaps,25391
1358,mlkem,fixed,decaps,25407
1359,mlkem,fixed,decaps,25367
1360,mlkem,fixed,decaps,25380
1361,mlkem,fixed,decaps,25405
1362,mlkem,fixed,decaps,25380
1363,mlkem,fixed,decaps,25428
1364,mlkem,fixed,decaps,25394
1365,mlkem,fixed,decaps,25372
1366,mlkem,fixed,decaps,25354
1367,mlkem,fixed,decaps,25417
1368,mlkem,fixed,decaps,25401
1369,mlkem,fixed,decaps,25377
1370,mlkem,fixed,decaps,25391
1371,mlkem,fixed,decaps,25369
1372,mlkem,fixed,decaps,25421
1373,mlkem,fixed,decaps,25411
1374,mlkem,fixed,decaps,25349
1375,mlkem,fixed,decaps,25452
1376,mlkem,fixed,decaps,25362
1377,mlkem,fixed,decaps,25361
1378,mlkem,fixed,decaps,25381
1379,mlkem,fixed,decaps,25377
1380,mlkem,fixed,decaps,25324
1381,mlkem,fixed,decaps,25368
1382,mlkem,fixed,decaps,25330
1383,mlkem,fixed,decaps,25365
1384,mlkem,fixed,decaps,25379
1385,mlkem,fixed,decaps,25379
1386,mlkem,fixed,decaps,25314
1387,mlkem,fixed,decaps,25363
1388,mlkem,fixed,decaps,25355
1389,mlkem,fixed,decaps,25343
1390,mlkem,fixed,decaps,25393
1391,mlkem,fixed,decaps,25361
1392,mlkem,fixed,decaps,25371
1393,mlkem,fixed,decaps,25355
1394,mlkem,fixed,decaps,25371
1395,mlkem,fixed,decaps,25315
1396,mlkem,fixed,decaps,25379
1397,mlkem,fixed,decaps,25390
1398,mlkem,fixed,decaps,25348
1399,mlkem,fixed,decaps,25390
1400,mlkem,fixed,decaps,25416
1401,mlkem,fixed,decaps,25448
1402,mlkem,fixed,decaps,25389
1403,mlkem,fixed,decaps,26140
1404,mlkem,fixed,decaps,25391
1405,mlkem,fixed,decaps,25392
1406,mlkem,fixed,decaps,25367
1407,mlkem,fixed,decaps,25490
1408,mlkem,fixed,decaps,25365
1409,mlkem,fixed,decaps,25406
1410,mlkem,fixed,decaps,25327
1411,mlkem,fixed,decaps,25344
1412,mlkem,fixed,decaps,25383
1413,mlkem,fixed,decaps,25331
1414,mlkem,fixed,decaps,25342
1415,mlkem,fixed,decaps,25388
1416,mlkem,fixed,decaps,25367
1417,mlkem,fixed,decaps,25355
1418,mlkem,fixed,decaps,25330
1419,mlkem,fixed,decaps,25395
1420,mlkem,fixed,decaps,25362
1421,mlkem,fixed,decaps,25397
1422,mlkem,fixed,decaps,25398
1423,mlkem,fixed,decaps,25356
1424,mlkem,fixed,decaps,25389
1425,mlkem,fixed,decaps,25410
1426,mlkem,fixed,decaps,25421
1427,mlkem,fixed,decaps,25396
1428,mlkem,fixed,decaps,25383
1429,mlkem,fixed,decaps,25374
1430,mlkem,fixed,decaps,25401
1431,mlkem,fixed,decaps,25383
1432,mlkem,fixed,decaps,25399
1433,mlkem,fixed,decaps,25374
1434,mlkem,fixed,decaps,25393
1435,mlkem,fixed,decaps,25431
1436,mlkem,fixed,decaps,25354
1437,mlkem,fixed,decaps,25357
1438,mlkem,fixed,decaps,25370
1439,mlkem,fixed,decaps,25392
1440,mlkem,fixed,decaps,25368
1441,mlkem,fixed,decaps,25396
1442,mlkem,fixed,decaps,25351
1443,mlkem,fixed,decaps,25372
1444,mlkem,fixed,decaps,25395
1445,mlkem,fixed,decaps,25362
1446,mlkem,fixed,decaps,25339
1447,mlkem,fixed,decaps,25314
1448,mlkem,fixed,decaps,25380
1449,mlkem,fixed,decaps,25385
1450,mlkem,fixed,decaps,25397
1451,mlkem,fixed,decaps,25352
1452,mlkem,fixed,decaps,25379
1453,mlkem,fixed,decaps,25380
1454,mlkem,fixed,decaps,25400
1455,mlkem,fixed,decaps,25351
1456,mlkem,fixed,decaps,25421
1457,mlkem,fixed,decaps,25371
1458,mlkem,fixed,decaps,25354
1459,mlkem,fixed,decaps,25363
1460,mlkem,fixed,decaps,25392
1461,mlkem,fixed,decaps,25325
1462,mlkem,fixed,decaps,25363
1463,mlkem,fixed,decaps,25393
1464,mlkem,fixed,decaps,25360
1465,mlkem,fixed,decaps,25382
1466,mlkem,fixed,decaps,25400
1467,mlkem,fixed,decaps,25340
1468,mlkem,fixed,decaps,25380
1469,mlkem,fixed,decaps,25386
1470,mlkem,fixed,decaps,25363
1471,mlkem,fixed,decaps,25357
1472,mlkem,fixed,decaps,25322
1473,mlkem,fixed,decaps,25379
1474,mlkem,fixed,decaps,25391
1475,mlkem,fixed,decaps,25354
1476,mlkem,fixed,decaps,25371
1477,mlkem,fixed,decaps,25300
1478,mlkem,fixed,decaps,25400
1479,mlkem,fixed,decaps,25369
1480,mlkem,fixed,decaps,25396
1481,mlkem,fixed,decaps,25336
1482,mlkem,fixed,decaps,25355
1483,mlkem,fixed,decaps,25359
1484,mlkem,fixed,decaps,25377
1485,mlkem,fixed,decaps,25359
1486,mlkem,fixed,decaps,25363
1487,mlkem,fixed,decaps,25342
1488,mlkem,fixed,decaps,25338
1489,mlkem,fixed,decaps,25381
1490,mlkem,fixed,decaps,25372
1491,mlkem,fixed,decaps,25325
1492,mlkem,fixed,decaps,25361
1493,mlkem,fixed,decaps,25329
1494,mlkem,fixed,decaps,25410
1495,mlkem,fixed,decaps,29410
1496,mlkem,fixed,decaps,25466
1497,mlkem,fixed,decaps,25391
1498,mlkem,fixed,decaps,25359
1499,mlkem,fixed,decaps,25380
1500,mlkem,fixed,decaps,25361
1501,mlkem,fixed,decaps,25407
1502,mlkem,fixed,decaps,25387
1503,mlkem,fixed,decaps,25343
1504,mlkem,fixed,decaps,25389
1505,mlkem,fixed,decaps,25374
1506,mlkem,fixed,decaps,25408
1507,mlkem,fixed,decaps,25340
1508,mlkem,fixed,decaps,25345
1509,mlkem,fixed,decaps,25406
1510,mlkem,fixed,decaps,25409
1511,mlkem,fixed,decaps,25364
1512,mlkem,fixed,decaps,25348
1513,mlkem,fixed,decaps,25328
1514,mlkem,fixed,decaps,25391
1515,mlkem,fixed,decaps,25424
1516,mlkem,fixed,decaps,25353
1517,mlkem,fixed,decaps,25342
1518,mlkem,fixed,decaps,25404
1519,mlkem,fixed,decaps,25581
1520,mlkem,fixed,decaps,25370
1521,mlkem,fixed,decaps,25368
1522,mlkem,fixed,decaps,25370
1523,mlkem,fixed,decaps,25375
1524,mlkem,fixed,decaps,25360
1525,mlkem,fixed,decaps,25373
1526,mlkem,fixed,decaps,25366
1527,mlkem,fixed,decaps,25336
1528,mlkem,fixed,decaps,25363
1529,mlkem,fixed,decaps,25368
1530,mlkem,fixed,decaps,25387
1531,mlkem,fixed,decaps,25407
1532,mlkem,fixed,decaps,25318
1533,mlkem,fixed,decaps,25339
1534,mlkem,fixed,decaps,25364
1535,mlkem,fixed,decaps,25473
1536,mlkem,fixed,decaps,25406
1537,mlkem,fixed,decaps,25443
1538,mlkem,fixed,decaps,25383
1539,mlkem,fixed,decaps,26104
1540,mlkem,fixed,decaps,25389
1541,mlkem,fixed,decaps,25439
1542,mlkem,fixed,decaps,25384
1543,mlkem,fixed,decaps,25348
1544,mlkem,fixed,decaps,25425
1545,mlkem,fixed,decaps,25358
1546,mlkem,fixed,decaps,25387
1547,mlkem,fixed,decaps,25401
1548,mlkem,fixed,decaps,25373
1549,mlkem,fixed,decaps,25352
1550,mlkem,fixed,decaps,25380
1551,mlkem,fixed,decaps,25386
1552,mlkem,fixed,decaps,25352
1553,mlkem,fixed,decaps,25435
1554,mlkem,fixed,decaps,25394
1555,mlkem,fixed,decaps,25450
1556,mlkem,fixed,decaps,25416
1557,mlkem,fixed,decaps,25412
1558,mlkem,fixed,decaps,25371
1559,mlkem,fixed,decaps,25393
1560,mlkem,fixed,decaps,25385
1561,mlkem,fixed,decaps,25398
1562,mlkem,fixed,decaps,25399
1563,mlkem,fixed,decaps,25585
1564,mlkem,fixed,decaps,25321
1565,mlkem,fixed,decaps,25406
1566,mlkem,fixed,decaps,25471
1567,mlkem,fixed,decaps,25488
1568,mlkem,fixed,decaps,25395
1569,mlkem,fixed,decaps,25433
1570,mlkem,fixed,decaps,25351
1571,mlkem,fixed,decaps,25656
1572,mlkem,fixed,decaps,25394
1573,mlkem,fixed,decaps,25388
1574,mlkem,fixed,decaps,25340
1575,mlkem,fixed,decaps,25354
1576,mlkem,fixed,decaps,25364
1577,mlkem,fixed,decaps,25428
1578,mlkem,fixed,decaps,25348
1579,mlkem,fixed,decaps,25351
1580,mlkem,fixed,decaps,25368
1581,mlkem,fixed,decaps,25395
1582,mlkem,fixed,decaps,25339
1583,mlkem,fixed,decaps,25403
1584,mlkem,fixed,decaps,25370
1585,mlkem,fixed,decaps,25423
1586,mlkem,fixed,decaps,25372
1587,mlkem,fixed,decaps,25412
1588,mlkem,fixed,decaps,25366
1589,mlkem,fixed,decaps,25515
1590,mlkem,fixed,decaps,25352
1591,mlkem,fixed,decaps,25405
1592,mlkem,fixed,decaps,25364
1593,mlkem,fixed,decaps,25397
1594,mlkem,fixed,decaps,25371
1595,mlkem,fixed,decaps,25389
1596,mlkem,fixed,decaps,25393
1597,mlkem,fixed,decaps,25453
1598,mlkem,fixed,decaps,25365
1599,mlkem,fixed,decaps,25365
1600,mlkem,fixed,decaps,25399
1601,mlkem,fixed,decaps,25404
1602,mlkem,fixed,decaps,25437
1603,mlkem,fixed,decaps,25436
1604,mlkem,fixed,decaps,25447
1605,mlkem,fixed,decaps,29767
1606,mlkem,fixed,decaps,25768
1607,mlkem,fixed,decaps,25416
1608,mlkem,fixed,decaps,38136
1609,mlkem,fixed,decaps,24782
1610,mlkem,fixed,decaps,24705
1611,mlkem,fixed,decaps,24724
1612,mlkem,fixed,decaps,24772
1613,mlkem,fixed,decaps,24951
1614,mlkem,fixed,decaps,24973
1615,mlkem,fixed,decaps,25122
1616,mlkem,fixed,decaps,24649
1617,mlkem,fixed,decaps,24754
1618,mlkem,fixed,decaps,24714
1619,mlkem,fixed,decaps,24678
1620,mlkem,fixed,decaps,24625
1621,mlkem,fixed,decaps,24747
1622,mlkem,fixed,decaps,24801
1623,mlkem,fixed,decaps,24733
1624,mlkem,fixed,decaps,24650
1625,mlkem,fixed,decaps,24670
1626,mlkem,fixed,decaps,24641
1627,mlkem,fixed,decaps,24680
1628,mlkem,fixed,decaps,24712
1629,mlkem,fixed,decaps,24949
1630,mlkem,fixed,decaps,24711
1631,mlkem,fixed,decaps,24689
1632,mlkem,fixed,decaps,24794
1633,mlkem,fixed,decaps,24667
1634,mlkem,fixed,decaps,25931
1635,mlkem,fixed,decaps,24730
1636,mlkem,fixed,decaps,24641
1637,mlkem,fixed,decaps,24685
1638,mlkem,fixed,decaps,24648
1639,mlkem,fixed,decaps,24652
1640,mlkem,fixed,decaps,24687
1641,mlkem,fixed,decaps,24710
1642,mlkem,fixed,decaps,24762
1643,mlkem,fixed,decaps,24798
1644,mlkem,fixed,decaps,24646
1645,mlkem,fixed,decaps,28908
1646,mlkem,fixed,decaps,27972
1647,mlkem,fixed,decaps,27678
1648,mlkem,fixed,decaps,27701
1649,mlkem,fixed,decaps,27671
1650,mlkem,fixed,decaps,36051
1651,mlkem,fixed,decaps,25417
1652,mlkem,fixed,decaps,24669
1653,mlkem,fixed,decaps,24705
1654,mlkem,fixed,decaps,24759
1655,mlkem,fixed,decaps,24672
1656,mlkem,fixed,decaps,24717
1657,mlkem,fixed,decaps,24632
1658,mlkem,fixed,decaps,25605
1659,mlkem,fixed,decaps,24671
1660,mlkem,fixed,decaps,24680
1661,mlkem,fixed,decaps,24769
1662,mlkem,fixed,decaps,24671
1663,mlkem,fixed,decaps,24631
1664,mlkem,fixed,decaps,24650
1665,mlkem,fixed,decaps,24627
1666,mlkem,fixed,decaps,24586
1667,mlkem,fixed,decaps,24674
1668,mlkem,fixed,decaps,24681
1669,mlkem,fixed,decaps,24883
1670,mlkem,fixed,decaps,24991
1671,mlkem,fixed,decaps,24686
1672,mlkem,fixed,decaps,24577
1673,mlkem,fixed,decaps,24986
1674,mlkem,fixed,decaps,24673
1675,mlkem,fixed,decaps,24755
1676,mlkem,fixed,decaps,25364
1677,mlkem,fixed,decaps,24667
1678,mlkem,fixed,decaps,24745
1679,mlkem,fixed,decaps,24689
1680,mlkem,fixed,decaps,24691
1681,mlkem,fixed,decaps,24624
1682,mlkem,fixed,decaps,24681
1683,mlkem,fixed,decaps,24680
1684,mlkem,fixed,decaps,24673
1685,mlkem,fixed,decaps,24608
1686,mlkem,fixed,decaps,24725
1687,mlkem,fixed,decaps,24713
1688,mlkem,fixed,decaps,24847
1689,mlkem,fixed,decaps,25030
1690,mlkem,fixed,decaps,24737
1691,mlkem,fixed,decaps,24853
1692,mlkem,fixed,decaps,24744
1693,mlkem,fixed,decaps,24825
1694,mlkem,fixed,decaps,24967
1695,mlkem,fixed,decaps,24751
1696,mlkem,fixed,decaps,24815
1697,mlkem,fixed,decaps,24931
1698,mlkem,fixed,decaps,24644
1699,mlkem,fixed,decaps,24624
1700,mlkem,fixed,decaps,24698
1701,mlkem,fixed,decaps,24691
1702,mlkem,fixed,decaps,24654
1703,mlkem,fixed,decaps,24672
1704,mlkem,fixed,decaps,24752
1705,mlkem,fixed,decaps,25034
1706,mlkem,fixed,decaps,24691
1707,mlkem,fixed,decaps,24631
1708,mlkem,fixed,decaps,24723
1709,mlkem,fixed,decaps,24671
1710,mlkem,fixed,decaps,24655
1711,mlkem,fixed,decaps,24821
1712,mlkem,fixed,decaps,24742
1713,mlkem,fixed,decaps,24628
1714,mlkem,fixed,decaps,24663
1715,mlkem,fixed,decaps,24669
1716,mlkem,fixed,decaps,24692
1717,mlkem,fixed,decaps,24672
1718,mlkem,fixed,decaps,24685
1719,mlkem,fixed,decaps,24705
1720,mlkem,fixed,decaps,24619
1721,mlkem,fixed,decaps,28849
1722,mlkem,fixed,decaps,40214
1723,mlkem,fixed,decaps,27063
1724,mlkem,fixed,decaps,46866
1725,mlkem,fixed,decaps,29415
1726,mlkem,fixed,decaps,26283
1727,mlkem,fixed,decaps,26205
1728,mlkem,fixed,decaps,26101
1729,mlkem,fixed,decaps,26149
1730,mlkem,fixed,decaps,26187
1731,mlkem,fixed,decaps,26341
1732,mlkem,fixed,decaps,26108
1733,mlkem,fixed,decaps,26154
1734,mlkem,fixed,decaps,26166
1735,mlkem,fixed,decaps,26120
1736,mlkem,fixed,decaps,26169
1737,mlkem,fixed,decaps,26158
1738,mlkem,fixed,decaps,26145
1739,mlkem,fixed,decaps,26110
1740,mlkem,fixed,decaps,26104
1741,mlkem,fixed,decaps,26110
1742,mlkem,fixed,decaps,26121
1743,mlkem,fixed,decaps,26146
1744,mlkem,fixed,decaps,26110
1745,mlkem,fixed,decaps,26157
1746,mlkem,fixed,decaps,26093
1747,mlkem,fixed,decaps,26145
1748,mlkem,fixed,decaps,26142
1749,mlkem,fixed,decaps,26107
1750,mlkem,fixed,decaps,26164
1751,mlkem,fixed,decaps,26132
1752,mlkem,fixed,decaps,26230
1753,mlkem,fixed,decaps,26125
1754,mlkem,fixed,decaps,26322
1755,mlkem,fixed,decaps,26158
1756,mlkem,fixed,decaps,26170
1757,mlkem,fixed,decaps,26113
1758,mlkem,fixed,decaps,26166
1759,mlkem,fixed,decaps,26145
1760,mlkem,fixed,decaps,26698
1761,mlkem,fixed,decaps,26175
1762,mlkem,fixed,decaps,38932
1763,mlkem,fixed,decaps,25550
1764,mlkem,fixed,decaps,25383
1765,mlkem,fixed,decaps,25356
1766,mlkem,fixed,decaps,25485
1767,mlkem,fixed,decaps,25362
1768,mlkem,fixed,decaps,25390
1769,mlkem,fixed,decaps,25439
1770,mlkem,fixed,decaps,25396
1771,mlkem,fixed,decaps,25416
1772,mlkem,fixed,decaps,25386
1773,mlkem,fixed,decaps,25388
1774,mlkem,fixed,decaps,25443
1775,mlkem,fixed,decaps,25417
1776,mlkem,fixed,decaps,25363
1777,mlkem,fixed,decaps,25397
1778,mlkem,fixed,decaps,25384
1779,mlkem,fixed,decaps,25557
1780,mlkem,fixed,decaps,25388
1781,mlkem,fixed,decaps,25333
1782,mlkem,fixed,decaps,25366
1783,mlkem,fixed,decaps,25406
1784,mlkem,fixed,decaps,25388
1785,mlkem,fixed,decaps,25382
1786,mlkem,fixed,decaps,25378
1787,mlkem,fixed,decaps,25346
1788,mlkem,fixed,decaps,25372
1789,mlkem,fixed,decaps,25401
1790,mlkem,fixed,decaps,25365
1791,mlkem,fixed,decaps,25367
1792,mlkem,fixed,decaps,25981
1793,mlkem,fixed,decaps,25438
1794,mlkem,fixed,decaps,25367
1795,mlkem,fixed,decaps,25380
1796,mlkem,fixed,decaps,25368
1797,mlkem,fixed,decaps,25441
1798,mlkem,fixed,decaps,25476
1799,mlkem,fixed,decaps,25371
1800,mlkem,fixed,decaps,25355
1801,mlkem,fixed,decaps,25428
1802,mlkem,fixed,decaps,25404
1803,mlkem,fixed,decaps,25461
1804,mlkem,fixed,decaps,30869
1805,mlkem,fixed,decaps,25445
1806,mlkem,fixed,decaps,25328
1807,mlkem,fixed,decaps,25388
1808,mlkem,fixed,decaps,25303
1809,mlkem,fixed,decaps,25419
1810,mlkem,fixed,decaps,25327
1811,mlkem,fixed,decaps,25383
1812,mlkem,fixed,decaps,26232
1813,mlkem,fixed,decaps,25433
1814,mlkem,fixed,decaps,25433
1815,mlkem,fixed,decaps,25534
1816,mlkem,fixed,decaps,25699
1817,mlkem,fixed,decaps,25383
1818,mlkem,fixed,decaps,25418
1819,mlkem,fixed,decaps,25622
1820,mlkem,fixed,decaps,25374
1821,mlkem,fixed,decaps,25389
1822,mlkem,fixed,decaps,25494
1823,mlkem,fixed,decaps,25405
1824,mlkem,fixed,decaps,25461
1825,mlkem,fixed,decaps,25341
1826,mlkem,fixed,decaps,25395
1827,mlkem,fixed,decaps,25391
1828,mlkem,fixed,decaps,25441
1829,mlkem,fixed,decaps,25340
1830,mlkem,fixed,decaps,25536
1831,mlkem,fixed,decaps,25478
1832,mlkem,fixed,decaps,25385
1833,mlkem,fixed,decaps,25445
1834,mlkem,fixed,decaps,25431
1835,mlkem,fixed,decaps,25509
1836,mlkem,fixed,decaps,25418
1837,mlkem,fixed,decaps,25389
1838,mlkem,fixed,decaps,25394
1839,mlkem,fixed,decaps,25397
1840,mlkem,fixed,decaps,25447
1841,mlkem,fixed,decaps,25417
1842,mlkem,fixed,decaps,25453
1843,mlkem,fixed,decaps,25475
1844,mlkem,fixed,decaps,25443
1845,mlkem,fixed,decaps,25390
1846,mlkem,fixed,decaps,25396
1847,mlkem,fixed,decaps,25404
1848,mlkem,fixed,decaps,25422
1849,mlkem,fixed,decaps,25460
1850,mlkem,fixed,decaps,25518
1851,mlkem,fixed,decaps,25419
1852,mlkem,fixed,decaps,25508
1853,mlkem,fixed,decaps,25392
1854,mlkem,fixed,decaps,25485
1855,mlkem,fixed,decaps,25420
1856,mlkem,fixed,decaps,25362
1857,mlkem,fixed,decaps,25977
1858,mlkem,fixed,decaps,25358
1859,mlkem,fixed,decaps,25390
1860,mlkem,fixed,decaps,25385
1861,mlkem,fixed,decaps,25355
1862,mlkem,fixed,decaps,25465
1863,mlkem,fixed,decaps,25429
1864,mlkem,fixed,decaps,25343
1865,mlkem,fixed,decaps,25336
1866,mlkem,fixed,decaps,25400
1867,mlkem,fixed,decaps,25333
1868,mlkem,fixed,decaps,25368
1869,mlkem,fixed,decaps,25334
1870,mlkem,fixed,decaps,25389
1871,mlkem,fixed,decaps,25405
1872,mlkem,fixed,decaps,25496
1873,mlkem,fixed,decaps,25464
1874,mlkem,fixed,decaps,25366
1875,mlkem,fixed,decaps,25388
1876,mlkem,fixed,decaps,25426
1877,mlkem,fixed,decaps,25379
1878,mlkem,fixed,decaps,25411
1879,mlkem,fixed,decaps,25600
1880,mlkem,fixed,decaps,25406
1881,mlkem,fixed,decaps,25517
1882,mlkem,fixed,decaps,25410
1883,mlkem,fixed,decaps,25373
1884,mlkem,fixed,decaps,25483
1885,mlkem,fixed,decaps,25384
1886,mlkem,fixed,decaps,25400
1887,mlkem,fixed,decaps,25465
1888,mlkem,fixed,decaps,25326
1889,mlkem,fixed,decaps,25385
1890,mlkem,fixed,decaps,25464
1891,mlkem,fixed,decaps,25364
1892,mlkem,fixed,decaps,25350
1893,mlkem,fixed,decaps,25334
1894,mlkem,fixed,decaps,27193
1895,mlkem,fixed,decaps,25399
1896,mlkem,fixed,decaps,25376
1897,mlkem,fixed,decaps,25427
1898,mlkem,fixed,decaps,25492
1899,mlkem,fixed,decaps,25447
1900,mlkem,fixed,decaps,25361
1901,mlkem,fixed,decaps,25399
1902,mlkem,fixed,decaps,25692
1903,mlkem,fixed,decaps,25441
1904,mlkem,fixed,decaps,25370
1905,mlkem,fixed,decaps,25409
1906,mlkem,fixed,decaps,25359
1907,mlkem,fixed,decaps,25382
1908,mlkem,fixed,decaps,25410
1909,mlkem,fixed,decaps,25382
1910,mlkem,fixed,decaps,25427
1911,mlkem,fixed,decaps,25469
1912,mlkem,fixed,decaps,25383
1913,mlkem,fixed,decaps,25435
1914,mlkem,fixed,decaps,25373
1915,mlkem,fixed,decaps,25384
1916,mlkem,fixed,decaps,25326
1917,mlkem,fixed,decaps,25399
1918,mlkem,fixed,decaps,25371
1919,mlkem,fixed,decaps,25798
1920,mlkem,fixed,decaps,25359
1921,mlkem,fixed,decaps,25353
1922,mlkem,fixed,decaps,25342
1923,mlkem,fixed,decaps,25388
1924,mlkem,fixed,decaps,25381
1925,mlkem,fixed,decaps,25344
1926,mlkem,fixed,decaps,25381
1927,mlkem,fixed,decaps,25454
1928,mlkem,fixed,decaps,25358
1929,mlkem,fixed,decaps,25413
1930,mlkem,fixed,decaps,25343
1931,mlkem,fixed,decaps,25344
1932,mlkem,fixed,decaps,25375
1933,mlkem,fixed,decaps,25331
1934,mlkem,fixed,decaps,25368
1935,mlkem,fixed,decaps,25380
1936,mlkem,fixed,decaps,25387
1937,mlkem,fixed,decaps,25396
1938,mlkem,fixed,decaps,25402
1939,mlkem,fixed,decaps,25398
1940,mlkem,fixed,decaps,25341
1941,mlkem,fixed,decaps,25379
1942,mlkem,fixed,decaps,25388
1943,mlkem,fixed,decaps,25370
1944,mlkem,fixed,decaps,25389
1945,mlkem,fixed,decaps,25376
1946,mlkem,fixed,decaps,25606
1947,mlkem,fixed,decaps,25370
1948,mlkem,fixed,decaps,25334
1949,mlkem,fixed,decaps,39709
1950,mlkem,fixed,decaps,26407
1951,mlkem,fixed,decaps,25444
1952,mlkem,fixed,decaps,25412
1953,mlkem,fixed,decaps,25384
1954,mlkem,fixed,decaps,25553
1955,mlkem,fixed,decaps,25355
1956,mlkem,fixed,decaps,25444
1957,mlkem,fixed,decaps,25424
1958,mlkem,fixed,decaps,33712
1959,mlkem,fixed,decaps,26234
1960,mlkem,fixed,decaps,25387
1961,mlkem,fixed,decaps,25418
1962,mlkem,fixed,decaps,25444
1963,mlkem,fixed,decaps,25407
1964,mlkem,fixed,decaps,25336
1965,mlkem,fixed,decaps,25328
1966,mlkem,fixed,decaps,25372
1967,mlkem,fixed,decaps,25340
1968,mlkem,fixed,decaps,25341
1969,mlkem,fixed,decaps,25356
1970,mlkem,fixed,decaps,25446
1971,mlkem,fixed,decaps,25424
1972,mlkem,fixed,decaps,25443
1973,mlkem,fixed,decaps,25363
1974,mlkem,fixed,decaps,25360
1975,mlkem,fixed,decaps,25366
1976,mlkem,fixed,decaps,25509
1977,mlkem,fixed,decaps,25409
1978,mlkem,fixed,decaps,25330
1979,mlkem,fixed,decaps,25403
1980,mlkem,fixed,decaps,25354
1981,mlkem,fixed,decaps,25330
1982,mlkem,fixed,decaps,25355
1983,mlkem,fixed,decaps,25358
1984,mlkem,fixed,decaps,25366
1985,mlkem,fixed,decaps,25392
1986,mlkem,fixed,decaps,25353
1987,mlkem,fixed,decaps,25402
1988,mlkem,fixed,decaps,25393
1989,mlkem,fixed,decaps,25376
1990,mlkem,fixed,decaps,25361
1991,mlkem,fixed,decaps,25352
1992,mlkem,fixed,decaps,25337
1993,mlkem,fixed,decaps,25354
1994,mlkem,fixed,decaps,25354
1995,mlkem,fixed,decaps,25338
1996,mlkem,fixed,decaps,25328
1997,mlkem,fixed,decaps,25420
1998,mlkem,fixed,decaps,29860
1999,mlkem,fixed,decaps,37864
2000,mlkem,fixed,decaps,26438
2001,mlkem,fixed,decaps,35431
2002,mlkem,fixed,decaps,26847
2003,mlkem,fixed,decaps,25494
2004,mlkem,fixed,decaps,25409
2005,mlkem,fixed,decaps,25348
2006,mlkem,fixed,decaps,25388
2007,mlkem,fixed,decaps,25387
2008,mlkem,fixed,decaps,25376
2009,mlkem,fixed,decaps,25368
2010,mlkem,fixed,decaps,25382
2011,mlkem,fixed,decaps,25427
2012,mlkem,fixed,decaps,25449
2013,mlkem,fixed,decaps,25361
2014,mlkem,fixed,decaps,25410
2015,mlkem,fixed,decaps,25324
2016,mlkem,fixed,decaps,25361
2017,mlkem,fixed,decaps,25428
2018,mlkem,fixed,decaps,25390
2019,mlkem,fixed,decaps,25395
2020,mlkem,fixed,decaps,25345
2021,mlkem,fixed,decaps,25430
2022,mlkem,fixed,decaps,25433
2023,mlkem,fixed,decaps,25403
2024,mlkem,fixed,decaps,25422
2025,mlkem,fixed,decaps,25361
2026,mlkem,fixed,decaps,25344
2027,mlkem,fixed,decaps,25393
2028,mlkem,fixed,decaps,25408
2029,mlkem,fixed,decaps,25358
2030,mlkem,fixed,decaps,25361
2031,mlkem,fixed,decaps,25332
2032,mlkem,fixed,decaps,25392
2033,mlkem,fixed,decaps,25348
2034,mlkem,fixed,decaps,25356
2035,mlkem,fixed,decaps,25315
2036,mlkem,fixed,decaps,25358
2037,mlkem,fixed,decaps,25395
2038,mlkem,fixed,decaps,25390
2039,mlkem,fixed,decaps,25356
2040,mlkem,fixed,decaps,25372
2041,mlkem,fixed,decaps,25366
2042,mlkem,fixed,decaps,25377
2043,mlkem,fixed,decaps,25370
2044,mlkem,fixed,decaps,25367
2045,mlkem,fixed,decaps,25371
2046,mlkem,fixed,decaps,25351
2047,mlkem,fixed,decaps,25409
2048,mlkem,fixed,decaps,25395
2049,mlkem,fixed,decaps,25356
2050,mlkem,fixed,decaps,25330
2051,mlkem,fixed,decaps,25380
2052,mlkem,fixed,decaps,25367
2053,mlkem,fixed,decaps,25396
2054,mlkem,fixed,decaps,25365
2055,mlkem,fixed,decaps,25346
2056,mlkem,fixed,decaps,25396
2057,mlkem,fixed,decaps,25375
2058,mlkem,fixed,decaps,25346
2059,mlkem,fixed,decaps,25360
2060,mlkem,fixed,decaps,25326
2061,mlkem,fixed,decaps,25341
2062,mlkem,fixed,decaps,25326
2063,mlkem,fixed,decaps,25378
2064,mlkem,fixed,decaps,25332
2065,mlkem,fixed,decaps,25329
2066,mlkem,fixed,decaps,25331
2067,mlkem,fixed,decaps,25367
2068,mlkem,fixed,decaps,25358
2069,mlkem,fixed,decaps,25339
2070,mlkem,fixed,decaps,25316
2071,mlkem,fixed,decaps,25316
2072,mlkem,fixed,decaps,25363
2073,mlkem,fixed,decaps,25327
2074,mlkem,fixed,decaps,25364
2075,mlkem,fixed,decaps,25400
2076,mlkem,fixed,decaps,25351
2077,mlkem,fixed,decaps,25359
2078,mlkem,fixed,decaps,25344
2079,mlkem,fixed,decaps,25302
2080,mlkem,fixed,decaps,25385
2081,mlkem,fixed,decaps,25366
2082,mlkem,fixed,decaps,25362
2083,mlkem,fixed,decaps,25309
2084,mlkem,fixed,decaps,25345
2085,mlkem,fixed,decaps,37688
2086,mlkem,fixed,decaps,26061
2087,mlkem,fixed,decaps,25435
2088,mlkem,fixed,decaps,25353
2089,mlkem,fixed,decaps,25345
2090,mlkem,fixed,decaps,25337
2091,mlkem,fixed,decaps,25357
2092,mlkem,fixed,decaps,25359
2093,mlkem,fixed,decaps,25341
2094,mlkem,fixed,decaps,25324
2095,mlkem,fixed,decaps,25357
2096,mlkem,fixed,decaps,25390
2097,mlkem,fixed,decaps,25316
2098,mlkem,fixed,decaps,25656
2099,mlkem,fixed,decaps,25356
2100,mlkem,fixed,decaps,25373
2101,mlkem,fixed,decaps,25356
2102,mlkem,fixed,decaps,25380
2103,mlkem,fixed,decaps,25318
2104,mlkem,fixed,decaps,25335
2105,mlkem,fixed,decaps,25313
2106,mlkem,fixed,decaps,25302
2107,mlkem,fixed,decaps,25395
2108,mlkem,fixed,decaps,25358
2109,mlkem,fixed,decaps,25348
2110,mlkem,fixed,decaps,25378
2111,mlkem,fixed,decaps,25351
2112,mlkem,fixed,decaps,31049
2113,mlkem,fixed,decaps,25373
2114,mlkem,fixed,decaps,25561
2115,mlkem,fixed,decaps,25287
2116,mlkem,fixed,decaps,25356
2117,mlkem,fixed,decaps,25360
2118,mlkem,fixed,decaps,25351
2119,mlkem,fixed,decaps,25379
2120,mlkem,fixed,decaps,25335
2121,mlkem,fixed,decaps,25333
2122,mlkem,fixed,decaps,25396
2123,mlkem,fixed,decaps,25405
2124,mlkem,fixed,decaps,25356
2125,mlkem,fixed,decaps,25344
2126,mlkem,fixed,decaps,25355
2127,mlkem,fixed,decaps,25332
2128,mlkem,fixed,decaps,25379
2129,mlkem,fixed,decaps,25379
2130,mlkem,fixed,decaps,25337
2131,mlkem,fixed,decaps,25349
2132,mlkem,fixed,decaps,25373
2133,mlkem,fixed,decaps,25364
2134,mlkem,fixed,decaps,25379
2135,mlkem,fixed,decaps,25329
2136,mlkem,fixed,decaps,25394
2137,mlkem,fixed,decaps,25360
2138,mlkem,fixed,decaps,25366
2139,mlkem,fixed,decaps,25357
2140,mlkem,fixed,decaps,25398
2141,mlkem,fixed,decaps,25369
2142,mlkem,fixed,decaps,25356
2143,mlkem,fixed,decaps,25390
2144,mlkem,fixed,decaps,25384
2145,mlkem,fixed,decaps,25353
2146,mlkem,fixed,decaps,25347
2147,mlkem,fixed,decaps,25390
2148,mlkem,fixed,decaps,25393
2149,mlkem,fixed,decaps,25384
2150,mlkem,fixed,decaps,25354
2151,mlkem,fixed,decaps,25413
2152,mlkem,fixed,decaps,25385
2153,mlkem,fixed,decaps,25399
2154,mlkem,fixed,decaps,25355
2155,mlkem,fixed,decaps,25348
2156,mlkem,fixed,decaps,25368
2157,mlkem,fixed,decaps,25313
2158,mlkem,fixed,decaps,25385
2159,mlkem,fixed,decaps,25335
2160,mlkem,fixed,decaps,25324
2161,mlkem,fixed,decaps,25380
2162,mlkem,fixed,decaps,25355
2163,mlkem,fixed,decaps,25363
2164,mlkem,fixed,decaps,25324
2165,mlkem,fixed,decaps,25350
2166,mlkem,fixed,decaps,25365
2167,mlkem,fixed,decaps,25419
2168,mlkem,fixed,decaps,25363
2169,mlkem,fixed,decaps,25384
2170,mlkem,fixed,decaps,25380
2171,mlkem,fixed,decaps,25370
2172,mlkem,fixed,decaps,25365
2173,mlkem,fixed,decaps,25388
2174,mlkem,fixed,decaps,25356
2175,mlkem,fixed,decaps,25374
2176,mlkem,fixed,decaps,25375
2177,mlkem,fixed,decaps,25350
2178,mlkem,fixed,decaps,25386
2179,mlkem,fixed,decaps,25368
2180,mlkem,fixed,decaps,25361
2181,mlkem,fixed,decaps,25398
2182,mlkem,fixed,decaps,25393
2183,mlkem,fixed,decaps,25370
2184,mlkem,fixed,decaps,25389
2185,mlkem,fixed,decaps,25342
2186,mlkem,fixed,decaps,25329
2187,mlkem,fixed,decaps,25369
2188,mlkem,fixed,decaps,25419
2189,mlkem,fixed,decaps,25356
2190,mlkem,fixed,decaps,25365
2191,mlkem,fixed,decaps,25360
2192,mlkem,fixed,decaps,25367
2193,mlkem,fixed,decaps,25395
2194,mlkem,fixed,decaps,25390
2195,mlkem,fixed,decaps,25336
2196,mlkem,fixed,decaps,25346
2197,mlkem,fixed,decaps,25369
2198,mlkem,fixed,decaps,25391
2199,mlkem,fixed,decaps,25310
2200,mlkem,fixed,decaps,25320
2201,mlkem,fixed,decaps,25361
2202,mlkem,fixed,decaps,25395
2203,mlkem,fixed,decaps,25344
2204,mlkem,fixed,decaps,25377
2205,mlkem,fixed,decaps,25360
2206,mlkem,fixed,decaps,25366
2207,mlkem,fixed,decaps,25340
2208,mlkem,fixed,decaps,25391
2209,mlkem,fixed,decaps,25356
2210,mlkem,fixed,decaps,25388
2211,mlkem,fixed,decaps,25360
2212,mlkem,fixed,decaps,25361
2213,mlkem,fixed,decaps,25384
2214,mlkem,fixed,decaps,25359
2215,mlkem,fixed,decaps,25351
2216,mlkem,fixed,decaps,25346
2217,mlkem,fixed,decaps,25366
2218,mlkem,fixed,decaps,25361
2219,mlkem,fixed,decaps,25352
2220,mlkem,fixed,decaps,25337
2221,mlkem,fixed,decaps,25366
2222,mlkem,fixed,decaps,36303
2223,mlkem,fixed,decaps,25944
2224,mlkem,fixed,decaps,25391
2225,mlkem,fixed,decaps,25360
2226,mlkem,fixed,decaps,25354
2227,mlkem,fixed,decaps,25316
2228,mlkem,fixed,decaps,25327
2229,mlkem,fixed,decaps,25302
2230,mlkem,fixed,decaps,25352
2231,mlkem,fixed,decaps,25324
2232,mlkem,fixed,decaps,25302
2233,mlkem,fixed,decaps,25312
2234,mlkem,fixed,decaps,25320
2235,mlkem,fixed,decaps,25336
2236,mlkem,fixed,decaps,25345
2237,mlkem,fixed,decaps,25345
2238,mlkem,fixed,decaps,25311
2239,mlkem,fixed,decaps,25296
2240,mlkem,fixed,decaps,25351
2241,mlkem,fixed,decaps,25299
2242,mlkem,fixed,decaps,25323
2243,mlkem,fixed,decaps,25322
2244,mlkem,fixed,decaps,25328
2245,mlkem,fixed,decaps,25331
2246,mlkem,fixed,decaps,25373
2247,mlkem,fixed,decaps,25318
2248,mlkem,fixed,decaps,25355
2249,mlkem,fixed,decaps,25306
2250,mlkem,fixed,decaps,25335
2251,mlkem,fixed,decaps,25339
2252,mlkem,fixed,decaps,25322
2253,mlkem,fixed,decaps,25316
2254,mlkem,fixed,decaps,25374
2255,mlkem,fixed,decaps,25349
2256,mlkem,fixed,decaps,25342
2257,mlkem,fixed,decaps,25327
2258,mlkem,fixed,decaps,25335
2259,mlkem,fixed,decaps,25368
2260,mlkem,fixed,decaps,25403
2261,mlkem,fixed,decaps,25337
2262,mlkem,fixed,decaps,25369
2263,mlkem,fixed,decaps,25331
2264,mlkem,fixed,decaps,25347
2265,mlkem,fixed,decaps,25330
2266,mlkem,fixed,decaps,25373
2267,mlkem,fixed,decaps,37207
2268,mlkem,fixed,decaps,25874
2269,mlkem,fixed,decaps,25618
2270,mlkem,fixed,decaps,25336
2271,mlkem,fixed,decaps,25351
2272,mlkem,fixed,decaps,25348
2273,mlkem,fixed,decaps,25313
2274,mlkem,fixed,decaps,25313
2275,mlkem,fixed,decaps,25343
2276,mlkem,fixed,decaps,25311
2277,mlkem,fixed,decaps,25351
2278,mlkem,fixed,decaps,25342
2279,mlkem,fixed,decaps,25321
2280,mlkem,fixed,decaps,25336
2281,mlkem,fixed,decaps,25350
2282,mlkem,fixed,decaps,25363
2283,mlkem,fixed,decaps,25304
2284,mlkem,fixed,decaps,25323
2285,mlkem,fixed,decaps,25294
2286,mlkem,fixed,decaps,25342
2287,mlkem,fixed,decaps,25346
2288,mlkem,fixed,decaps,25308
2289,mlkem,fixed,decaps,25343
2290,mlkem,fixed,decaps,25309
2291,mlkem,fixed,decaps,25323
2292,mlkem,fixed,decaps,25328
2293,mlkem,fixed,decaps,25338
2294,mlkem,fixed,decaps,25310
2295,mlkem,fixed,decaps,25353
2296,mlkem,fixed,decaps,25347
2297,mlkem,fixed,decaps,25362
2298,mlkem,fixed,decaps,25356
2299,mlkem,fixed,decaps,25388
2300,mlkem,fixed,decaps,25330
2301,mlkem,fixed,decaps,25372
2302,mlkem,fixed,decaps,25342
2303,mlkem,fixed,decaps,25376
2304,mlkem,fixed,decaps,25383
2305,mlkem,fixed,decaps,25371
2306,mlkem,fixed,decaps,25352
2307,mlkem,fixed,decaps,25344
2308,mlkem,fixed,decaps,25325
2309,mlkem,fixed,decaps,25347
2310,mlkem,fixed,decaps,25345
2311,mlkem,fixed,decaps,25318
2312,mlkem,fixed,decaps,25372
2313,mlkem,fixed,decaps,25362
2314,mlkem,fixed,decaps,25330
2315,mlkem,fixed,decaps,25338
2316,mlkem,fixed,decaps,25326
2317,mlkem,fixed,decaps,25488
2318,mlkem,fixed,decaps,25339
2319,mlkem,fixed,decaps,25348
2320,mlkem,fixed,decaps,25502
2321,mlkem,fixed,decaps,25404
2322,mlkem,fixed,decaps,25433
2323,mlkem,fixed,decaps,25354
2324,mlkem,fixed,decaps,25312
2325,mlkem,fixed,decaps,25364
2326,mlkem,fixed,decaps,25334
2327,mlkem,fixed,decaps,25382
2328,mlkem,fixed,decaps,25387
2329,mlkem,fixed,decaps,25355
2330,mlkem,fixed,decaps,25341
2331,mlkem,fixed,decaps,25366
2332,mlkem,fixed,decaps,25384
2333,mlkem,fixed,decaps,25364
2334,mlkem,fixed,decaps,25325
2335,mlkem,fixed,decaps,25323
2336,mlkem,fixed,decaps,25349
2337,mlkem,fixed,decaps,25376
2338,mlkem,fixed,decaps,25342
2339,mlkem,fixed,decaps,25325
2340,mlkem,fixed,decaps,25324
2341,mlkem,fixed,decaps,25357
2342,mlkem,fixed,decaps,25391
2343,mlkem,fixed,decaps,25338
2344,mlkem,fixed,decaps,25317
2345,mlkem,fixed,decaps,25362
2346,mlkem,fixed,decaps,25379
2347,mlkem,fixed,decaps,25366
2348,mlkem,fixed,decaps,25364
2349,mlkem,fixed,decaps,25323
2350,mlkem,fixed,decaps,25342
2351,mlkem,fixed,decaps,25372
2352,mlkem,fixed,decaps,25327
2353,mlkem,fixed,decaps,25301
2354,mlkem,fixed,decaps,25308
2355,mlkem,fixed,decaps,25352
2356,mlkem,fixed,decaps,25329
2357,mlkem,fixed,decaps,25376
2358,mlkem,fixed,decaps,36993
2359,mlkem,fixed,decaps,26068
2360,mlkem,fixed,decaps,25342
2361,mlkem,fixed,decaps,25389
2362,mlkem,fixed,decaps,25367
2363,mlkem,fixed,decaps,25352
2364,mlkem,fixed,decaps,25325
2365,mlkem,fixed,decaps,25291
2366,mlkem,fixed,decaps,25350
2367,mlkem,fixed,decaps,25324
2368,mlkem,fixed,decaps,25304
2369,mlkem,fixed,decaps,25362
2370,mlkem,fixed,decaps,25348
2371,mlkem,fixed,decaps,25359
2372,mlkem,fixed,decaps,25353
2373,mlkem,fixed,decaps,25332
2374,mlkem,fixed,decaps,25397
2375,mlkem,fixed,decaps,25376
2376,mlkem,fixed,decaps,25361
2377,mlkem,fixed,decaps,25382
2378,mlkem,fixed,decaps,25351
2379,mlkem,fixed,decaps,25347
2380,mlkem,fixed,decaps,25342
2381,mlkem,fixed,decaps,25341
2382,mlkem,fixed,decaps,25359
2383,mlkem,fixed,decaps,25355
2384,mlkem,fixed,decaps,25353
2385,mlkem,fixed,decaps,25339
2386,mlkem,fixed,decaps,25367
2387,mlkem,fixed,decaps,25361
2388,mlkem,fixed,decaps,25343
2389,mlkem,fixed,decaps,25312
2390,mlkem,fixed,decaps,25357
2391,mlkem,fixed,decaps,25363
2392,mlkem,fixed,decaps,25361
2393,mlkem,fixed,decaps,25336
2394,mlkem,fixed,decaps,25359
2395,mlkem,fixed,decaps,25364
2396,mlkem,fixed,decaps,25366
2397,mlkem,fixed,decaps,25384
2398,mlkem,fixed,decaps,25318
2399,mlkem,fixed,decaps,25356
2400,mlkem,fixed,decaps,25349
2401,mlkem,fixed,decaps,25367
2402,mlkem,fixed,decaps,25375
2403,mlkem,fixed,decaps,25321
2404,mlkem,fixed,decaps,25359
2405,mlkem,fixed,decaps,25362
2406,mlkem,fixed,decaps,25347
2407,mlkem,fixed,decaps,25356
2408,mlkem,fixed,decaps,25319
2409,mlkem,fixed,decaps,25279
2410,mlkem,fixed,decaps,25331
2411,mlkem,fixed,decaps,25379
2412,mlkem,fixed,decaps,25362
2413,mlkem,fixed,decaps,25346
2414,mlkem,fixed,decaps,25355
2415,mlkem,fixed,decaps,25294
2416,mlkem,fixed,decaps,25375
2417,mlkem,fixed,decaps,25337
2418,mlkem,fixed,decaps,25310
2419,mlkem,fixed,decaps,25365
2420,mlkem,fixed,decaps,25373
2421,mlkem,fixed,decaps,25348
2422,mlkem,fixed,decaps,30401
2423,mlkem,fixed,decaps,25527
2424,mlkem,fixed,decaps,25320
2425,mlkem,fixed,decaps,25392
2426,mlkem,fixed,decaps,25388
2427,mlkem,fixed,decaps,25368
2428,mlkem,fixed,decaps,25347
2429,mlkem,fixed,decaps,25393
2430,mlkem,fixed,decaps,25400
2431,mlkem,fixed,decaps,25359
2432,mlkem,fixed,decaps,25350
2433,mlkem,fixed,decaps,25377
2434,mlkem,fixed,decaps,25412
2435,mlkem,fixed,decaps,25371
2436,mlkem,fixed,decaps,25374
2437,mlkem,fixed,decaps,25422
2438,mlkem,fixed,decaps,25394
2439,mlkem,fixed,decaps,25372
2440,mlkem,fixed,decaps,25376
2441,mlkem,fixed,decaps,25352
2442,mlkem,fixed,decaps,25385
2443,mlkem,fixed,decaps,25400
2444,mlkem,fixed,decaps,25384
2445,mlkem,fixed,decaps,25348
2446,mlkem,fixed,decaps,25386
2447,mlkem,fixed,decaps,25390
2448,mlkem,fixed,decaps,25367
2449,mlkem,fixed,decaps,25375
2450,mlkem,fixed,decaps,25421
2451,mlkem,fixed,decaps,25370
2452,mlkem,fixed,decaps,25422
2453,mlkem,fixed,decaps,25382
2454,mlkem,fixed,decaps,25355
2455,mlkem,fixed,decaps,25396
2456,mlkem,fixed,decaps,25362
2457,mlkem,fixed,decaps,25380
2458,mlkem,fixed,decaps,25416
2459,mlkem,fixed,decaps,25407
2460,mlkem,fixed,decaps,25355
2461,mlkem,fixed,decaps,25363
2462,mlkem,fixed,decaps,25405
2463,mlkem,fixed,decaps,25360
2464,mlkem,fixed,decaps,25407
2465,mlkem,fixed,decaps,25366
2466,mlkem,fixed,decaps,25386
2467,mlkem,fixed,decaps,25371
2468,mlkem,fixed,decaps,25396
2469,mlkem,fixed,decaps,25324
2470,mlkem,fixed,decaps,25369
2471,mlkem,fixed,decaps,25402
2472,mlkem,fixed,decaps,25359
2473,mlkem,fixed,decaps,25359
2474,mlkem,fixed,decaps,25377
2475,mlkem,fixed,decaps,25367
2476,mlkem,fixed,decaps,25414
2477,mlkem,fixed,decaps,25369
2478,mlkem,fixed,decaps,25369
2479,mlkem,fixed,decaps,25363
2480,mlkem,fixed,decaps,25387
2481,mlkem,fixed,decaps,25366
2482,mlkem,fixed,decaps,25391
2483,mlkem,fixed,decaps,25364
2484,mlkem,fixed,decaps,25315
2485,mlkem,fixed,decaps,25367
2486,mlkem,fixed,decaps,25397
2487,mlkem,fixed,decaps,25391
2488,mlkem,fixed,decaps,25395
2489,mlkem,fixed,decaps,25324
2490,mlkem,fixed,decaps,25303
2491,mlkem,fixed,decaps,25391
2492,mlkem,fixed,decaps,25400
2493,mlkem,fixed,decaps,25363
2494,mlkem,fixed,decaps,25383
2495,mlkem,fixed,decaps,36600
2496,mlkem,fixed,decaps,25998
2497,mlkem,fixed,decaps,25389
2498,mlkem,fixed,decaps,25348
2499,mlkem,fixed,decaps,25366
2500,mlkem,fixed,decaps,25376
2501,mlkem,fixed,decaps,27057
2502,mlkem,fixed,decaps,35588
2503,mlkem,fixed,decaps,26177
2504,mlkem,fixed,decaps,34853
2505,mlkem,fixed,decaps,26347
2506,mlkem,fixed,decaps,25406
2507,mlkem,fixed,decaps,25336
2508,mlkem,fixed,decaps,25376
2509,mlkem,fixed,decaps,25381
2510,mlkem,fixed,decaps,25355
2511,mlkem,fixed,decaps,25369
2512,mlkem,fixed,decaps,25328
2513,mlkem,fixed,decaps,25414
2514,mlkem,fixed,decaps,25389
2515,mlkem,fixed,decaps,25395
2516,mlkem,fixed,decaps,25391
2517,mlkem,fixed,decaps,25394
2518,mlkem,fixed,decaps,25374
2519,mlkem,fixed,decaps,25385
2520,mlkem,fixed,decaps,25375
2521,mlkem,fixed,decaps,25359
2522,mlkem,fixed,decaps,25374
2523,mlkem,fixed,decaps,25396
2524,mlkem,fixed,decaps,25308
2525,mlkem,fixed,decaps,25377
2526,mlkem,fixed,decaps,25358
2527,mlkem,fixed,decaps,25315
2528,mlkem,fixed,decaps,25414
2529,mlkem,fixed,decaps,25386
2530,mlkem,fixed,decaps,25355
2531,mlkem,fixed,decaps,25404
2532,mlkem,fixed,decaps,25405
2533,mlkem,fixed,decaps,25354
2534,mlkem,fixed,decaps,25396
2535,mlkem,fixed,decaps,25367
2536,mlkem,fixed,decaps,25327
2537,mlkem,fixed,decaps,25403
2538,mlkem,fixed,decaps,25399
2539,mlkem,fixed,decaps,25362
2540,mlkem,fixed,decaps,25447
2541,mlkem,fixed,decaps,25377
2542,mlkem,fixed,decaps,25362
2543,mlkem,fixed,decaps,25388
2544,mlkem,fixed,decaps,25403
2545,mlkem,fixed,decaps,25338
2546,mlkem,fixed,decaps,25368
2547,mlkem,fixed,decaps,25403
2548,mlkem,fixed,decaps,25422
2549,mlkem,fixed,decaps,25407
2550,mlkem,fixed,decaps,25387
2551,mlkem,fixed,decaps,25383
2552,mlkem,fixed,decaps,25405
2553,mlkem,fixed,decaps,25414
2554,mlkem,fixed,decaps,25398
2555,mlkem,fixed,decaps,25403
2556,mlkem,fixed,decaps,25358
2557,mlkem,fixed,decaps,25401
2558,mlkem,fixed,decaps,25395
2559,mlkem,fixed,decaps,25405
2560,mlkem,fixed,decaps,25381
2561,mlkem,fixed,decaps,25396
2562,mlkem,fixed,decaps,25371
2563,mlkem,fixed,decaps,25452
2564,mlkem,fixed,decaps,25448
2565,mlkem,fixed,decaps,25410
2566,mlkem,fixed,decaps,25417
2567,mlkem,fixed,decaps,25393
2568,mlkem,fixed,decaps,25389
2569,mlkem,fixed,decaps,25414
2570,mlkem,fixed,decaps,25370
2571,mlkem,fixed,decaps,25377
2572,mlkem,fixed,decaps,25417
2573,mlkem,fixed,decaps,25392
2574,mlkem,fixed,decaps,25423
2575,mlkem,fixed,decaps,25380
2576,mlkem,fixed,decaps,34687
2577,mlkem,fixed,decaps,26437
2578,mlkem,fixed,decaps,25387
2579,mlkem,fixed,decaps,25367
2580,mlkem,fixed,decaps,25468
2581,mlkem,fixed,decaps,25359
2582,mlkem,fixed,decaps,25375
2583,mlkem,fixed,decaps,25420
2584,mlkem,fixed,decaps,25392
2585,mlkem,fixed,decaps,25446
2586,mlkem,fixed,decaps,25416
2587,mlkem,fixed,decaps,25377
2588,mlkem,fixed,decaps,25372
2589,mlkem,fixed,decaps,25400
2590,mlkem,fixed,decaps,25364
2591,mlkem,fixed,decaps,25420
2592,mlkem,fixed,decaps,25412
2593,mlkem,fixed,decaps,25334
2594,mlkem,fixed,decaps,25388
2595,mlkem,fixed,decaps,25394
2596,mlkem,fixed,decaps,25362
2597,mlkem,fixed,decaps,25386
2598,mlkem,fixed,decaps,25385
2599,mlkem,fixed,decaps,25402
2600,mlkem,fixed,decaps,25425
2601,mlkem,fixed,decaps,25385
2602,mlkem,fixed,decaps,25384
2603,mlkem,fixed,decaps,25371
2604,mlkem,fixed,decaps,25404
2605,mlkem,fixed,decaps,25401
2606,mlkem,fixed,decaps,25441
2607,mlkem,fixed,decaps,25380
2608,mlkem,fixed,decaps,25317
2609,mlkem,fixed,decaps,25403
2610,mlkem,fixed,decaps,25351
2611,mlkem,fixed,decaps,25369
2612,mlkem,fixed,decaps,25395
2613,mlkem,fixed,decaps,25375
2614,mlkem,fixed,decaps,25341
2615,mlkem,fixed,decaps,25430
2616,mlkem,fixed,decaps,25401
2617,mlkem,fixed,decaps,25382
2618,mlkem,fixed,decaps,25373
2619,mlkem,fixed,decaps,25367
2620,mlkem,fixed,decaps,25379
2621,mlkem,fixed,decaps,25382
2622,mlkem,fixed,decaps,25357
2623,mlkem,fixed,decaps,25354
2624,mlkem,fixed,decaps,25370
2625,mlkem,fixed,decaps,25412
2626,mlkem,fixed,decaps,25392
2627,mlkem,fixed,decaps,25338
2628,mlkem,fixed,decaps,25339
2629,mlkem,fixed,decaps,25398
2630,mlkem,fixed,decaps,25378
2631,mlkem,fixed,decaps,36739
2632,mlkem,fixed,decaps,26088
2633,mlkem,fixed,decaps,25379
2634,mlkem,fixed,decaps,25380
2635,mlkem,fixed,decaps,25382
2636,mlkem,fixed,decaps,25355
2637,mlkem,fixed,decaps,25327
2638,mlkem,fixed,decaps,25333
2639,mlkem,fixed,decaps,25348
2640,mlkem,fixed,decaps,25355
2641,mlkem,fixed,decaps,25310
2642,mlkem,fixed,decaps,25318
2643,mlkem,fixed,decaps,25343
2644,mlkem,fixed,decaps,25352
2645,mlkem,fixed,decaps,25355
2646,mlkem,fixed,decaps,25337
2647,mlkem,fixed,decaps,25300
2648,mlkem,fixed,decaps,25343
2649,mlkem,fixed,decaps,25408
2650,mlkem,fixed,decaps,25325
2651,mlkem,fixed,decaps,25359
2652,mlkem,fixed,decaps,25347
2653,mlkem,fixed,decaps,25347
2654,mlkem,fixed,decaps,25345
2655,mlkem,fixed,decaps,25347
2656,mlkem,fixed,decaps,25326
2657,mlkem,fixed,decaps,25371
2658,mlkem,fixed,decaps,25394
2659,mlkem,fixed,decaps,25333
2660,mlkem,fixed,decaps,25363
2661,mlkem,fixed,decaps,25378
2662,mlkem,fixed,decaps,25299
2663,mlkem,fixed,decaps,25372
2664,mlkem,fixed,decaps,25372
2665,mlkem,fixed,decaps,25341
2666,mlkem,fixed,decaps,25342
2667,mlkem,fixed,decaps,25377
2668,mlkem,fixed,decaps,25338
2669,mlkem,fixed,decaps,25364
2670,mlkem,fixed,decaps,25368
2671,mlkem,fixed,decaps,25318
2672,mlkem,fixed,decaps,25358
2673,mlkem,fixed,decaps,25369
2674,mlkem,fixed,decaps,25360
2675,mlkem,fixed,decaps,25359
2676,mlkem,fixed,decaps,25375
2677,mlkem,fixed,decaps,25322
2678,mlkem,fixed,decaps,25364
2679,mlkem,fixed,decaps,25434
2680,mlkem,fixed,decaps,25348
2681,mlkem,fixed,decaps,25355
2682,mlkem,fixed,decaps,25412
2683,mlkem,fixed,decaps,25353
2684,mlkem,fixed,decaps,25382
2685,mlkem,fixed,decaps,25363
2686,mlkem,fixed,decaps,25323
2687,mlkem,fixed,decaps,25356
2688,mlkem,fixed,decaps,25383
2689,mlkem,fixed,decaps,25345
2690,mlkem,fixed,decaps,25385
2691,mlkem,fixed,decaps,25370
2692,mlkem,fixed,decaps,25337
2693,mlkem,fixed,decaps,25363
2694,mlkem,fixed,decaps,25368
2695,mlkem,fixed,decaps,25312
2696,mlkem,fixed,decaps,25372
2697,mlkem,fixed,decaps,25367
2698,mlkem,fixed,decaps,25302
2699,mlkem,fixed,decaps,25401
2700,mlkem,fixed,decaps,25343
2701,mlkem,fixed,decaps,25327
2702,mlkem,fixed,decaps,25362
2703,mlkem,fixed,decaps,25389
2704,mlkem,fixed,decaps,25328
2705,mlkem,fixed,decaps,25381
2706,mlkem,fixed,decaps,25348
2707,mlkem,fixed,decaps,25327
2708,mlkem,fixed,decaps,25395
2709,mlkem,fixed,decaps,25354
2710,mlkem,fixed,decaps,25317
2711,mlkem,fixed,decaps,25374
2712,mlkem,fixed,decaps,25363
2713,mlkem,fixed,decaps,25342
2714,mlkem,fixed,decaps,25364
2715,mlkem,fixed,decaps,25344
2716,mlkem,fixed,decaps,25327
2717,mlkem,fixed,decaps,25336
2718,mlkem,fixed,decaps,25404
2719,mlkem,fixed,decaps,25377
2720,mlkem,fixed,decaps,25358
2721,mlkem,fixed,decaps,25353
2722,mlkem,fixed,decaps,25310
2723,mlkem,fixed,decaps,25399
2724,mlkem,fixed,decaps,25413
2725,mlkem,fixed,decaps,25350
2726,mlkem,fixed,decaps,25356
2727,mlkem,fixed,decaps,25320
2728,mlkem,fixed,decaps,25332
2729,mlkem,fixed,decaps,25399
2730,mlkem,fixed,decaps,25378
2731,mlkem,fixed,decaps,31974
2732,mlkem,fixed,decaps,25871
2733,mlkem,fixed,decaps,25385
2734,mlkem,fixed,decaps,25386
2735,mlkem,fixed,decaps,25387
2736,mlkem,fixed,decaps,25363
2737,mlkem,fixed,decaps,25358
2738,mlkem,fixed,decaps,25398
2739,mlkem,fixed,decaps,25354
2740,mlkem,fixed,decaps,25363
2741,mlkem,fixed,decaps,25386
2742,mlkem,fixed,decaps,25332
2743,mlkem,fixed,decaps,25372
2744,mlkem,fixed,decaps,25376
2745,mlkem,fixed,decaps,25381
2746,mlkem,fixed,decaps,25337
2747,mlkem,fixed,decaps,25341
2748,mlkem,fixed,decaps,25339
2749,mlkem,fixed,decaps,25365
2750,mlkem,fixed,decaps,25359
2751,mlkem,fixed,decaps,25376
2752,mlkem,fixed,decaps,25357
2753,mlkem,fixed,decaps,25350
2754,mlkem,fixed,decaps,25394
2755,mlkem,fixed,decaps,25395
2756,mlkem,fixed,decaps,25333
2757,mlkem,fixed,decaps,25354
2758,mlkem,fixed,decaps,25360
2759,mlkem,fixed,decaps,25350
2760,mlkem,fixed,decaps,25402
2761,mlkem,fixed,decaps,25372
2762,mlkem,fixed,decaps,25344
2763,mlkem,fixed,decaps,25347
2764,mlkem,fixed,decaps,25417
2765,mlkem,fixed,decaps,25349
2766,mlkem,fixed,decaps,25373
2767,mlkem,fixed,decaps,25383
2768,mlkem,fixed,decaps,36170
2769,mlkem,fixed,decaps,25958
2770,mlkem,fixed,decaps,25380
2771,mlkem,fixed,decaps,25340
2772,mlkem,fixed,decaps,25337
2773,mlkem,fixed,decaps,25371
2774,mlkem,fixed,decaps,25371
2775,mlkem,fixed,decaps,25320
2776,mlkem,fixed,decaps,25358
2777,mlkem,fixed,decaps,25389
2778,mlkem,fixed,decaps,25388
2779,mlkem,fixed,decaps,25336
2780,mlkem,fixed,decaps,25361
2781,mlkem,fixed,decaps,25281
2782,mlkem,fixed,decaps,25364
2783,mlkem,fixed,decaps,25344
2784,mlkem,fixed,decaps,25347
2785,mlkem,fixed,decaps,25344
2786,mlkem,fixed,decaps,25402
2787,mlkem,fixed,decaps,25351
2788,mlkem,fixed,decaps,25352
2789,mlkem,fixed,decaps,25312
2790,mlkem,fixed,decaps,25323
2791,mlkem,fixed,decaps,25350
2792,mlkem,fixed,decaps,25343
2793,mlkem,fixed,decaps,25343
2794,mlkem,fixed,decaps,25357
2795,mlkem,fixed,decaps,25344
2796,mlkem,fixed,decaps,25369
2797,mlkem,fixed,decaps,25378
2798,mlkem,fixed,decaps,25330
2799,mlkem,fixed,decaps,25341
2800,mlkem,fixed,decaps,25341
2801,mlkem,fixed,decaps,25317
2802,mlkem,fixed,decaps,25346
2803,mlkem,fixed,decaps,25340
2804,mlkem,fixed,decaps,25331
2805,mlkem,fixed,decaps,25311
2806,mlkem,fixed,decaps,25332
2807,mlkem,fixed,decaps,25352
2808,mlkem,fixed,decaps,25360
2809,mlkem,fixed,decaps,25329
2810,mlkem,fixed,decaps,25320
2811,mlkem,fixed,decaps,25351
2812,mlkem,fixed,decaps,25350
2813,mlkem,fixed,decaps,25355
2814,mlkem,fixed,decaps,25350
2815,mlkem,fixed,decaps,25332
2816,mlkem,fixed,decaps,25315
2817,mlkem,fixed,decaps,25347
2818,mlkem,fixed,decaps,25358
2819,mlkem,fixed,decaps,25293
2820,mlkem,fixed,decaps,25327
2821,mlkem,fixed,decaps,25329
2822,mlkem,fixed,decaps,25300
2823,mlkem,fixed,decaps,25350
2824,mlkem,fixed,decaps,25327
2825,mlkem,fixed,decaps,25327
2826,mlkem,fixed,decaps,25356
2827,mlkem,fixed,decaps,25347
2828,mlkem,fixed,decaps,25363
2829,mlkem,fixed,decaps,25348
2830,mlkem,fixed,decaps,25302
2831,mlkem,fixed,decaps,25366
2832,mlkem,fixed,decaps,25348
2833,mlkem,fixed,decaps,25334
2834,mlkem,fixed,decaps,25336
2835,mlkem,fixed,decaps,25327
2836,mlkem,fixed,decaps,25335
2837,mlkem,fixed,decaps,25350
2838,mlkem,fixed,decaps,25344
2839,mlkem,fixed,decaps,25317
2840,mlkem,fixed,decaps,25304
2841,mlkem,fixed,decaps,25353
2842,mlkem,fixed,decaps,25346
2843,mlkem,fixed,decaps,25329
2844,mlkem,fixed,decaps,25325
2845,mlkem,fixed,decaps,25253
2846,mlkem,fixed,decaps,25333
2847,mlkem,fixed,decaps,25361
2848,mlkem,fixed,decaps,25321
2849,mlkem,fixed,decaps,25330
2850,mlkem,fixed,decaps,25311
2851,mlkem,fixed,decaps,25349
2852,mlkem,fixed,decaps,25347
2853,mlkem,fixed,decaps,25319
2854,mlkem,fixed,decaps,25315
2855,mlkem,fixed,decaps,25336
2856,mlkem,fixed,decaps,25366
2857,mlkem,fixed,decaps,25312
2858,mlkem,fixed,decaps,25345
2859,mlkem,fixed,decaps,25350
2860,mlkem,fixed,decaps,25347
2861,mlkem,fixed,decaps,25330
2862,mlkem,fixed,decaps,25374
2863,mlkem,fixed,decaps,25332
2864,mlkem,fixed,decaps,25309
2865,mlkem,fixed,decaps,25324
2866,mlkem,fixed,decaps,25355
2867,mlkem,fixed,decaps,25339
2868,mlkem,fixed,decaps,25341
2869,mlkem,fixed,decaps,25310
2870,mlkem,fixed,decaps,25348
2871,mlkem,fixed,decaps,25332
2872,mlkem,fixed,decaps,25343
2873,mlkem,fixed,decaps,25351
2874,mlkem,fixed,decaps,25321
2875,mlkem,fixed,decaps,25329
2876,mlkem,fixed,decaps,25377
2877,mlkem,fixed,decaps,25348
2878,mlkem,fixed,decaps,25353
2879,mlkem,fixed,decaps,25354
2880,mlkem,fixed,decaps,25364
2881,mlkem,fixed,decaps,30397
2882,mlkem,fixed,decaps,25442
2883,mlkem,fixed,decaps,25395
2884,mlkem,fixed,decaps,39075
2885,mlkem,fixed,decaps,24669
2886,mlkem,fixed,decaps,29700
2887,mlkem,fixed,decaps,24769
2888,mlkem,fixed,decaps,24665
2889,mlkem,fixed,decaps,24683
2890,mlkem,fixed,decaps,24702
2891,mlkem,fixed,decaps,24670
2892,mlkem,fixed,decaps,24710
2893,mlkem,fixed,decaps,24712
2894,mlkem,fixed,decaps,24636
2895,mlkem,fixed,decaps,24712
2896,mlkem,fixed,decaps,24689
2897,mlkem,fixed,decaps,24671
2898,mlkem,fixed,decaps,24745
2899,mlkem,fixed,decaps,24697
2900,mlkem,fixed,decaps,24670
2901,mlkem,fixed,decaps,24679
2902,mlkem,fixed,decaps,24682
2903,mlkem,fixed,decaps,24669
2904,mlkem,fixed,decaps,35646
2905,mlkem,fixed,decaps,25310
2906,mlkem,fixed,decaps,24699
2907,mlkem,fixed,decaps,24743
2908,mlkem,fixed,decaps,24675
2909,mlkem,fixed,decaps,24626
2910,mlkem,fixed,decaps,24658
2911,mlkem,fixed,decaps,24672
2912,mlkem,fixed,decaps,24691
2913,mlkem,fixed,decaps,24700
2914,mlkem,fixed,decaps,24677
2915,mlkem,fixed,decaps,24677
2916,mlkem,fixed,decaps,24679
2917,mlkem,fixed,decaps,24655
2918,mlkem,fixed,decaps,29290
2919,mlkem,fixed,decaps,24632
2920,mlkem,fixed,decaps,24699
2921,mlkem,fixed,decaps,24668
2922,mlkem,fixed,decaps,24660
2923,mlkem,fixed,decaps,24636
2924,mlkem,fixed,decaps,24637
2925,mlkem,fixed,decaps,24748
2926,mlkem,fixed,decaps,24679
2927,mlkem,fixed,decaps,24668
2928,mlkem,fixed,decaps,24647
2929,mlkem,fixed,decaps,24691
2930,mlkem,fixed,decaps,24677
2931,mlkem,fixed,decaps,24656
2932,mlkem,fixed,decaps,24671
2933,mlkem,fixed,decaps,24642
2934,mlkem,fixed,decaps,24672
2935,mlkem,fixed,decaps,24645
2936,mlkem,fixed,decaps,24618
2937,mlkem,fixed,decaps,24682
2938,mlkem,fixed,decaps,24693
2939,mlkem,fixed,decaps,24636
2940,mlkem,fixed,decaps,24668
2941,mlkem,fixed,decaps,24618
2942,mlkem,fixed,decaps,24677
2943,mlkem,fixed,decaps,24663
2944,mlkem,fixed,decaps,24641
2945,mlkem,fixed,decaps,24640
2946,mlkem,fixed,decaps,24638
2947,mlkem,fixed,decaps,24659
2948,mlkem,fixed,decaps,24679
2949,mlkem,fixed,decaps,24664
2950,mlkem,fixed,decaps,24608
2951,mlkem,fixed,decaps,24649
2952,mlkem,fixed,decaps,24678
2953,mlkem,fixed,decaps,24608
2954,mlkem,fixed,decaps,24666
2955,mlkem,fixed,decaps,24641
2956,mlkem,fixed,decaps,24676
2957,mlkem,fixed,decaps,24651
2958,mlkem,fixed,decaps,24633
2959,mlkem,fixed,decaps,24644
2960,mlkem,fixed,decaps,24651
2961,mlkem,fixed,decaps,24639
2962,mlkem,fixed,decaps,24670
2963,mlkem,fixed,decaps,24642
2964,mlkem,fixed,decaps,24654
2965,mlkem,fixed,decaps,24666
2966,mlkem,fixed,decaps,24678
2967,mlkem,fixed,decaps,24638
2968,mlkem,fixed,decaps,24644
2969,mlkem,fixed,decaps,24621
2970,mlkem,fixed,decaps,24657
2971,mlkem,fixed,decaps,24650
2972,mlkem,fixed,decaps,24614
2973,mlkem,fixed,decaps,24671
2974,mlkem,fixed,decaps,24663
2975,mlkem,fixed,decaps,24637
2976,mlkem,fixed,decaps,24674
2977,mlkem,fixed,decaps,24632
2978,mlkem,fixed,decaps,24636
2979,mlkem,fixed,decaps,24686
2980,mlkem,fixed,decaps,24634
2981,mlkem,fixed,decaps,24630
2982,mlkem,fixed,decaps,24630
2983,mlkem,fixed,decaps,24647
2984,mlkem,fixed,decaps,24697
2985,mlkem,fixed,decaps,24605
2986,mlkem,fixed,decaps,24637
2987,mlkem,fixed,decaps,24622
2988,mlkem,fixed,decaps,24694
2989,mlkem,fixed,decaps,24654
2990,mlkem,fixed,decaps,24637
2991,mlkem,fixed,decaps,24646
2992,mlkem,fixed,decaps,24680
2993,mlkem,fixed,decaps,24675
2994,mlkem,fixed,decaps,24639
2995,mlkem,fixed,decaps,24663
2996,mlkem,fixed,decaps,24655
2997,mlkem,fixed,decaps,24658
2998,mlkem,fixed,decaps,24669
2999,mlkem,fixed,decaps,24633
3000,mlkem,fixed,decaps,38316
3001,mlkem,fixed,decaps,26125
3002,mlkem,fixed,decaps,26139
3003,mlkem,fixed,decaps,26079
3004,mlkem,fixed,decaps,26083
3005,mlkem,fixed,decaps,26133
3006,mlkem,fixed,decaps,26070
3007,mlkem,fixed,decaps,26081
3008,mlkem,fixed,decaps,26161
3009,mlkem,fixed,decaps,26074
3010,mlkem,fixed,decaps,26157
3011,mlkem,fixed,decaps,26129
3012,mlkem,fixed,decaps,26093
3013,mlkem,fixed,decaps,26102
3014,mlkem,fixed,decaps,26094
3015,mlkem,fixed,decaps,26095
3016,mlkem,fixed,decaps,26149
3017,mlkem,fixed,decaps,26138
3018,mlkem,fixed,decaps,26086
3019,mlkem,fixed,decaps,26097
3020,mlkem,fixed,decaps,26108
3021,mlkem,fixed,decaps,26160
3022,mlkem,fixed,decaps,26137
3023,mlkem,fixed,decaps,26170
3024,mlkem,fixed,decaps,26099
3025,mlkem,fixed,decaps,26097
3026,mlkem,fixed,decaps,26108
3027,mlkem,fixed,decaps,26133
3028,mlkem,fixed,decaps,26116
3029,mlkem,fixed,decaps,26047
3030,mlkem,fixed,decaps,26112
3031,mlkem,fixed,decaps,26111
3032,mlkem,fixed,decaps,26119
3033,mlkem,fixed,decaps,26119
3034,mlkem,fixed,decaps,26121
3035,mlkem,fixed,decaps,26069
3036,mlkem,fixed,decaps,26098
3037,mlkem,fixed,decaps,26140
3038,mlkem,fixed,decaps,38154
3039,mlkem,fixed,decaps,25365
3040,mlkem,fixed,decaps,25379
3041,mlkem,fixed,decaps,41115
3042,mlkem,fixed,decaps,26280
3043,mlkem,fixed,decaps,25385
3044,mlkem,fixed,decaps,25420
3045,mlkem,fixed,decaps,25368
3046,mlkem,fixed,decaps,25378
3047,mlkem,fixed,decaps,25345
3048,mlkem,fixed,decaps,25377
3049,mlkem,fixed,decaps,25343
3050,mlkem,fixed,decaps,25367
3051,mlkem,fixed,decaps,25368
3052,mlkem,fixed,decaps,25285
3053,mlkem,fixed,decaps,25335
3054,mlkem,fixed,decaps,25344
3055,mlkem,fixed,decaps,25348
3056,mlkem,fixed,decaps,25353
3057,mlkem,fixed,decaps,25376
3058,mlkem,fixed,decaps,25383
3059,mlkem,fixed,decaps,25356
3060,mlkem,fixed,decaps,25352
3061,mlkem,fixed,decaps,25364
3062,mlkem,fixed,decaps,25376
3063,mlkem,fixed,decaps,25354
3064,mlkem,fixed,decaps,25440
3065,mlkem,fixed,decaps,25375
3066,mlkem,fixed,decaps,25337
3067,mlkem,fixed,decaps,25361
3068,mlkem,fixed,decaps,25427
3069,mlkem,fixed,decaps,25340
3070,mlkem,fixed,decaps,25455
3071,mlkem,fixed,decaps,25328
3072,mlkem,fixed,decaps,25357
3073,mlkem,fixed,decaps,25369
3074,mlkem,fixed,decaps,25362
3075,mlkem,fixed,decaps,25343
3076,mlkem,fixed,decaps,25365
3077,mlkem,fixed,decaps,25357
3078,mlkem,fixed,decaps,25383
3079,mlkem,fixed,decaps,25355
3080,mlkem,fixed,decaps,25332
3081,mlkem,fixed,decaps,25414
3082,mlkem,fixed,decaps,25352
3083,mlkem,fixed,decaps,25341
3084,mlkem,fixed,decaps,25366
3085,mlkem,fixed,decaps,25360
3086,mlkem,fixed,decaps,25357
3087,mlkem,fixed,decaps,25356
3088,mlkem,fixed,decaps,25385
3089,mlkem,fixed,decaps,25366
3090,mlkem,fixed,decaps,25365
3091,mlkem,fixed,decaps,25345
3092,mlkem,fixed,decaps,25367
3093,mlkem,fixed,decaps,25364
3094,mlkem,fixed,decaps,25373
3095,mlkem,fixed,decaps,25318
3096,mlkem,fixed,decaps,25390
3097,mlkem,fixed,decaps,25321
3098,mlkem,fixed,decaps,25367
3099,mlkem,fixed,decaps,25354
3100,mlkem,fixed,decaps,25353
3101,mlkem,fixed,decaps,25337
3102,mlkem,fixed,decaps,25397
3103,mlkem,fixed,decaps,25357
3104,mlkem,fixed,decaps,25382
3105,mlkem,fixed,decaps,25348
3106,mlkem,fixed,decaps,25360
3107,mlkem,fixed,decaps,25372
3108,mlkem,fixed,decaps,25366
3109,mlkem,fixed,decaps,25354
3110,mlkem,fixed,decaps,25359
3111,mlkem,fixed,decaps,25332
3112,mlkem,fixed,decaps,25362
3113,mlkem,fixed,decaps,25364
3114,mlkem,fixed,decaps,25358
3115,mlkem,fixed,decaps,25422
3116,mlkem,fixed,decaps,25361
3117,mlkem,fixed,decaps,25312
3118,mlkem,fixed,decaps,25392
3119,mlkem,fixed,decaps,25363
3120,mlkem,fixed,decaps,25326
3121,mlkem,fixed,decaps,25364
3122,mlkem,fixed,decaps,25346
3123,mlkem,fixed,decaps,25422
3124,mlkem,fixed,decaps,25371
3125,mlkem,fixed,decaps,25403
3126,mlkem,fixed,decaps,25320
3127,mlkem,fixed,decaps,25379
3128,mlkem,fixed,decaps,25353
3129,mlkem,fixed,decaps,25350
3130,mlkem,fixed,decaps,25373
3131,mlkem,fixed,decaps,25297
3132,mlkem,fixed,decaps,25370
3133,mlkem,fixed,decaps,25463
3134,mlkem,fixed,decaps,25346
3135,mlkem,fixed,decaps,25334
3136,mlkem,fixed,decaps,25362
3137,mlkem,fixed,decaps,25335
3138,mlkem,fixed,decaps,25379
3139,mlkem,fixed,decaps,25397
3140,mlkem,fixed,decaps,25401
3141,mlkem,fixed,decaps,25341
3142,mlkem,fixed,decaps,25333
3143,mlkem,fixed,decaps,25365
3144,mlkem,fixed,decaps,25369
3145,mlkem,fixed,decaps,25365
3146,mlkem,fixed,decaps,25326
3147,mlkem,fixed,decaps,25361
3148,mlkem,fixed,decaps,25372
3149,mlkem,fixed,decaps,25355
3150,mlkem,fixed,decaps,25374
3151,mlkem,fixed,decaps,25315
3152,mlkem,fixed,decaps,25371
3153,mlkem,fixed,decaps,25358
3154,mlkem,fixed,decaps,25339
3155,mlkem,fixed,decaps,25339
3156,mlkem,fixed,decaps,25370
3157,mlkem,fixed,decaps,25386
3158,mlkem,fixed,decaps,25387
3159,mlkem,fixed,decaps,25359
3160,mlkem,fixed,decaps,25363
3161,mlkem,fixed,decaps,25324
3162,mlkem,fixed,decaps,25330
3163,mlkem,fixed,decaps,25351
3164,mlkem,fixed,decaps,25365
3165,mlkem,fixed,decaps,25366
3166,mlkem,fixed,decaps,25354
3167,mlkem,fixed,decaps,25368
3168,mlkem,fixed,decaps,25351
3169,mlkem,fixed,decaps,25368
3170,mlkem,fixed,decaps,25312
3171,mlkem,fixed,decaps,25324
3172,mlkem,fixed,decaps,25369
3173,mlkem,fixed,decaps,25356
3174,mlkem,fixed,decaps,25396
3175,mlkem,fixed,decaps,25342
3176,mlkem,fixed,decaps,25327
3177,mlkem,fixed,decaps,25371
3178,mlkem,fixed,decaps,36333
3179,mlkem,fixed,decaps,26004
3180,mlkem,fixed,decaps,25389
3181,mlkem,fixed,decaps,25399
3182,mlkem,fixed,decaps,25376
3183,mlkem,fixed,decaps,25297
3184,mlkem,fixed,decaps,25341
3185,mlkem,fixed,decaps,25373
3186,mlkem,fixed,decaps,25347
3187,mlkem,fixed,decaps,25358
3188,mlkem,fixed,decaps,25332
3189,mlkem,fixed,decaps,25310
3190,mlkem,fixed,decaps,25364
3191,mlkem,fixed,decaps,25339
3192,mlkem,fixed,decaps,25372
3193,mlkem,fixed,decaps,25333
3194,mlkem,fixed,decaps,25344
3195,mlkem,fixed,decaps,25360
3196,mlkem,fixed,decaps,25363
3197,mlkem,fixed,decaps,29785
3198,mlkem,fixed,decaps,25479
3199,mlkem,fixed,decaps,25325
3200,mlkem,fixed,decaps,25353
3201,mlkem,fixed,decaps,25344
3202,mlkem,fixed,decaps,25425
3203,mlkem,fixed,decaps,25313
3204,mlkem,fixed,decaps,25334
3205,mlkem,fixed,decaps,25365
3206,mlkem,fixed,decaps,25349
3207,mlkem,fixed,decaps,25360
3208,mlkem,fixed,decaps,25352
3209,mlkem,fixed,decaps,25335
3210,mlkem,fixed,decaps,25338
3211,mlkem,fixed,decaps,25471
3212,mlkem,fixed,decaps,25588
3213,mlkem,fixed,decaps,25336
3214,mlkem,fixed,decaps,25349
3215,mlkem,fixed,decaps,25359
3216,mlkem,fixed,decaps,25369
3217,mlkem,fixed,decaps,25359
3218,mlkem,fixed,decaps,25385
3219,mlkem,fixed,decaps,25344
3220,mlkem,fixed,decaps,25320
3221,mlkem,fixed,decaps,25323
3222,mlkem,fixed,decaps,25356
3223,mlkem,fixed,decaps,25325
3224,mlkem,fixed,decaps,25496
3225,mlkem,fixed,decaps,25352
3226,mlkem,fixed,decaps,25494
3227,mlkem,fixed,decaps,25348
3228,mlkem,fixed,decaps,25330
3229,mlkem,fixed,decaps,25310
3230,mlkem,fixed,decaps,25327
3231,mlkem,fixed,decaps,25597
3232,mlkem,fixed,decaps,25362
3233,mlkem,fixed,decaps,25359
3234,mlkem,fixed,decaps,25325
3235,mlkem,fixed,decaps,25338
3236,mlkem,fixed,decaps,25387
3237,mlkem,fixed,decaps,25355
3238,mlkem,fixed,decaps,25326
3239,mlkem,fixed,decaps,25362
3240,mlkem,fixed,decaps,25318
3241,mlkem,fixed,decaps,25353
3242,mlkem,fixed,decaps,25370
3243,mlkem,fixed,decaps,25304
3244,mlkem,fixed,decaps,25335
3245,mlkem,fixed,decaps,25321
3246,mlkem,fixed,decaps,25361
3247,mlkem,fixed,decaps,25379
3248,mlkem,fixed,decaps,25329
3249,mlkem,fixed,decaps,25300
3250,mlkem,fixed,decaps,25351
3251,mlkem,fixed,decaps,25342
3252,mlkem,fixed,decaps,25336
3253,mlkem,fixed,decaps,25385
3254,mlkem,fixed,decaps,25369
3255,mlkem,fixed,decaps,25350
3256,mlkem,fixed,decaps,25364
3257,mlkem,fixed,decaps,25323
3258,mlkem,fixed,decaps,25310
3259,mlkem,fixed,decaps,25345
3260,mlkem,fixed,decaps,25367
3261,mlkem,fixed,decaps,25342
3262,mlkem,fixed,decaps,25323
3263,mlkem,fixed,decaps,25307
3264,mlkem,fixed,decaps,25355
3265,mlkem,fixed,decaps,25335
3266,mlkem,fixed,decaps,25356
3267,mlkem,fixed,decaps,25365
3268,mlkem,fixed,decaps,25342
3269,mlkem,fixed,decaps,25330
3270,mlkem,fixed,decaps,25342
3271,mlkem,fixed,decaps,25366
3272,mlkem,fixed,decaps,25365
3273,mlkem,fixed,decaps,25339
3274,mlkem,fixed,decaps,25328
3275,mlkem,fixed,decaps,25344
3276,mlkem,fixed,decaps,25360
3277,mlkem,fixed,decaps,25337
3278,mlkem,fixed,decaps,25339
3279,mlkem,fixed,decaps,25305
3280,mlkem,fixed,decaps,25323
3281,mlkem,fixed,decaps,25368
3282,mlkem,fixed,decaps,25335
3283,mlkem,fixed,decaps,25286
3284,mlkem,fixed,decaps,25344
3285,mlkem,fixed,decaps,25367
3286,mlkem,fixed,decaps,25349
3287,mlkem,fixed,decaps,36885
3288,mlkem,fixed,decaps,26386
3289,mlkem,fixed,decaps,34841
3290,mlkem,fixed,decaps,26136
3291,mlkem,fixed,decaps,25384
3292,mlkem,fixed,decaps,25353
3293,mlkem,fixed,decaps,25353
3294,mlkem,fixed,decaps,25317
3295,mlkem,fixed,decaps,25383
3296,mlkem,fixed,decaps,25319
3297,mlkem,fixed,decaps,25299
3298,mlkem,fixed,decaps,25329
3299,mlkem,fixed,decaps,25348
3300,mlkem,fixed,decaps,25337
3301,mlkem,fixed,decaps,25338
3302,mlkem,fixed,decaps,25332
3303,mlkem,fixed,decaps,25346
3304,mlkem,fixed,decaps,25354
3305,mlkem,fixed,decaps,25325
3306,mlkem,fixed,decaps,25349
3307,mlkem,fixed,decaps,25324
3308,mlkem,fixed,decaps,38973
3309,mlkem,fixed,decaps,26082
3310,mlkem,fixed,decaps,26052
3311,mlkem,fixed,decaps,26063
3312,mlkem,fixed,decaps,26090
3313,mlkem,fixed,decaps,26050
3314,mlkem,fixed,decaps,37247
3315,mlkem,fixed,decaps,26750
3316,mlkem,fixed,decaps,26116
3317,mlkem,fixed,decaps,26107
3318,mlkem,fixed,decaps,26139
3319,mlkem,fixed,decaps,26078
3320,mlkem,fixed,decaps,26074
3321,mlkem,fixed,decaps,26084
3322,mlkem,fixed,decaps,26105
3323,mlkem,fixed,decaps,26109
3324,mlkem,fixed,decaps,26108
3325,mlkem,fixed,decaps,26086
3326,mlkem,fixed,decaps,26094
3327,mlkem,fixed,decaps,26122
3328,mlkem,fixed,decaps,26134
3329,mlkem,fixed,decaps,26084
3330,mlkem,fixed,decaps,26093
3331,mlkem,fixed,decaps,26071
3332,mlkem,fixed,decaps,26092
3333,mlkem,fixed,decaps,26110
3334,mlkem,fixed,decaps,26170
3335,mlkem,fixed,decaps,26101
3336,mlkem,fixed,decaps,26069
3337,mlkem,fixed,decaps,26113
3338,mlkem,fixed,decaps,26139
3339,mlkem,fixed,decaps,26110
3340,mlkem,fixed,decaps,26104
3341,mlkem,fixed,decaps,26091
3342,mlkem,fixed,decaps,26064
3343,mlkem,fixed,decaps,26097
3344,mlkem,fixed,decaps,26100
3345,mlkem,fixed,decaps,38539
3346,mlkem,fixed,decaps,25399
3347,mlkem,fixed,decaps,25315
3348,mlkem,fixed,decaps,25372
3349,mlkem,fixed,decaps,31667
3350,mlkem,fixed,decaps,25960
3351,mlkem,fixed,decaps,25403
3352,mlkem,fixed,decaps,25362
3353,mlkem,fixed,decaps,25423
3354,mlkem,fixed,decaps,25389
3355,mlkem,fixed,decaps,25347
3356,mlkem,fixed,decaps,25404
3357,mlkem,fixed,decaps,25382
3358,mlkem,fixed,decaps,25368
3359,mlkem,fixed,decaps,25387
3360,mlkem,fixed,decaps,25345
3361,mlkem,fixed,decaps,25359
3362,mlkem,fixed,decaps,25405
3363,mlkem,fixed,decaps,25381
3364,mlkem,fixed,decaps,25376
3365,mlkem,fixed,decaps,25364
3366,mlkem,fixed,decaps,25352
3367,mlkem,fixed,decaps,25404
3368,mlkem,fixed,decaps,25385
3369,mlkem,fixed,decaps,25375
3370,mlkem,fixed,decaps,25345
3371,mlkem,fixed,decaps,25349
3372,mlkem,fixed,decaps,25381
3373,mlkem,fixed,decaps,25415
3374,mlkem,fixed,decaps,26057
3375,mlkem,fixed,decaps,25372
3376,mlkem,fixed,decaps,25388
3377,mlkem,fixed,decaps,25398
3378,mlkem,fixed,decaps,25389
3379,mlkem,fixed,decaps,25378
3380,mlkem,fixed,decaps,25324
3381,mlkem,fixed,decaps,25412
3382,mlkem,fixed,decaps,25401
3383,mlkem,fixed,decaps,25378
3384,mlkem,fixed,decaps,25346
3385,mlkem,fixed,decaps,25345
3386,mlkem,fixed,decaps,25366
3387,mlkem,fixed,decaps,25380
3388,mlkem,fixed,decaps,25376
3389,mlkem,fixed,decaps,25402
3390,mlkem,fixed,decaps,25388
3391,mlkem,fixed,decaps,25345
3392,mlkem,fixed,decaps,25398
3393,mlkem,fixed,decaps,25390
3394,mlkem,fixed,decaps,25393
3395,mlkem,fixed,decaps,25341
3396,mlkem,fixed,decaps,25378
3397,mlkem,fixed,decaps,25414
3398,mlkem,fixed,decaps,25426
3399,mlkem,fixed,decaps,25384
3400,mlkem,fixed,decaps,25354
3401,mlkem,fixed,decaps,25401
3402,mlkem,fixed,decaps,25355
3403,mlkem,fixed,decaps,25373
3404,mlkem,fixed,decaps,25376
3405,mlkem,fixed,decaps,25352
3406,mlkem,fixed,decaps,25367
3407,mlkem,fixed,decaps,25378
3408,mlkem,fixed,decaps,25369
3409,mlkem,fixed,decaps,25376
3410,mlkem,fixed,decaps,25393
3411,mlkem,fixed,decaps,25366
3412,mlkem,fixed,decaps,25371
3413,mlkem,fixed,decaps,25357
3414,mlkem,fixed,decaps,25389
3415,mlkem,fixed,decaps,25366
3416,mlkem,fixed,decaps,25382
3417,mlkem,fixed,decaps,25372
3418,mlkem,fixed,decaps,25400
3419,mlkem,fixed,decaps,25330
3420,mlkem,fixed,decaps,25359
3421,mlkem,fixed,decaps,25349
3422,mlkem,fixed,decaps,25384
3423,mlkem,fixed,decaps,25367
3424,mlkem,fixed,decaps,25373
3425,mlkem,fixed,decaps,25392
3426,mlkem,fixed,decaps,25380
3427,mlkem,fixed,decaps,25381
3428,mlkem,fixed,decaps,25413
3429,mlkem,fixed,decaps,25371
3430,mlkem,fixed,decaps,25358
3431,mlkem,fixed,decaps,25387
3432,mlkem,fixed,decaps,25433
3433,mlkem,fixed,decaps,25328
3434,mlkem,fixed,decaps,25380
3435,mlkem,fixed,decaps,25348
3436,mlkem,fixed,decaps,25380
3437,mlkem,fixed,decaps,25380
3438,mlkem,fixed,decaps,25366
3439,mlkem,fixed,decaps,25338
3440,mlkem,fixed,decaps,25373
3441,mlkem,fixed,decaps,25332
3442,mlkem,fixed,decaps,25342
3443,mlkem,fixed,decaps,25388
3444,mlkem,fixed,decaps,25334
3445,mlkem,fixed,decaps,25335
3446,mlkem,fixed,decaps,25390
3447,mlkem,fixed,decaps,25360
3448,mlkem,fixed,decaps,25380
3449,mlkem,fixed,decaps,25381
3450,mlkem,fixed,decaps,25329
3451,mlkem,fixed,decaps,36033
3452,mlkem,fixed,decaps,26019
3453,mlkem,fixed,decaps,25394
3454,mlkem,fixed,decaps,25367
3455,mlkem,fixed,decaps,25303
3456,mlkem,fixed,decaps,25326
3457,mlkem,fixed,decaps,25297
3458,mlkem,fixed,decaps,25334
3459,mlkem,fixed,decaps,25328
3460,mlkem,fixed,decaps,25334
3461,mlkem,fixed,decaps,25335
3462,mlkem,fixed,decaps,25360
3463,mlkem,fixed,decaps,25324
3464,mlkem,fixed,decaps,25317
3465,mlkem,fixed,decaps,25311
3466,mlkem,fixed,decaps,25332
3467,mlkem,fixed,decaps,25320
3468,mlkem,fixed,decaps,25321
3469,mlkem,fixed,decaps,25304
3470,mlkem,fixed,decaps,25330
3471,mlkem,fixed,decaps,25337
3472,mlkem,fixed,decaps,25318
3473,mlkem,fixed,decaps,25340
3474,mlkem,fixed,decaps,25317
3475,mlkem,fixed,decaps,25295
3476,mlkem,fixed,decaps,25441
3477,mlkem,fixed,decaps,25327
3478,mlkem,fixed,decaps,25272
3479,mlkem,fixed,decaps,25340
3480,mlkem,fixed,decaps,25333
3481,mlkem,fixed,decaps,25336
3482,mlkem,fixed,decaps,25333
3483,mlkem,fixed,decaps,25378
3484,mlkem,fixed,decaps,25309
3485,mlkem,fixed,decaps,25324
3486,mlkem,fixed,decaps,25356
3487,mlkem,fixed,decaps,25338
3488,mlkem,fixed,decaps,25321
3489,mlkem,fixed,decaps,25350
3490,mlkem,fixed,decaps,25316
3491,mlkem,fixed,decaps,25352
3492,mlkem,fixed,decaps,25326
3493,mlkem,fixed,decaps,25326
3494,mlkem,fixed,decaps,25354
3495,mlkem,fixed,decaps,25350
3496,mlkem,fixed,decaps,25381
3497,mlkem,fixed,decaps,25363
3498,mlkem,fixed,decaps,25286
3499,mlkem,fixed,decaps,25312
3500,mlkem,fixed,decaps,25334
3501,mlkem,fixed,decaps,25314
3502,mlkem,fixed,decaps,25332
3503,mlkem,fixed,decaps,25330
3504,mlkem,fixed,decaps,29546
3505,mlkem,fixed,decaps,25645
3506,mlkem,fixed,decaps,25319
3507,mlkem,fixed,decaps,25392
3508,mlkem,fixed,decaps,25360
3509,mlkem,fixed,decaps,25292
3510,mlkem,fixed,decaps,25325
3511,mlkem,fixed,decaps,25373
3512,mlkem,fixed,decaps,25308
3513,mlkem,fixed,decaps,25312
3514,mlkem,fixed,decaps,25303
3515,mlkem,fixed,decaps,25368
3516,mlkem,fixed,decaps,25345
3517,mlkem,fixed,decaps,25351
3518,mlkem,fixed,decaps,25344
3519,mlkem,fixed,decaps,25354
3520,mlkem,fixed,decaps,25317
3521,mlkem,fixed,decaps,25331
3522,mlkem,fixed,decaps,25317
3523,mlkem,fixed,decaps,25332
3524,mlkem,fixed,decaps,25316
3525,mlkem,fixed,decaps,25338
3526,mlkem,fixed,decaps,25363
3527,mlkem,fixed,decaps,25276
3528,mlkem,fixed,decaps,25320
3529,mlkem,fixed,decaps,25358
3530,mlkem,fixed,decaps,25329
3531,mlkem,fixed,decaps,25368
3532,mlkem,fixed,decaps,25350
3533,mlkem,fixed,decaps,25330
3534,mlkem,fixed,decaps,25311
3535,mlkem,fixed,decaps,25328
3536,mlkem,fixed,decaps,25334
3537,mlkem,fixed,decaps,25361
3538,mlkem,fixed,decaps,25306
3539,mlkem,fixed,decaps,25349
3540,mlkem,fixed,decaps,25330
3541,mlkem,fixed,decaps,25336
3542,mlkem,fixed,decaps,25314
3543,mlkem,fixed,decaps,25272
3544,mlkem,fixed,decaps,25337
3545,mlkem,fixed,decaps,25353
3546,mlkem,fixed,decaps,25345
3547,mlkem,fixed,decaps,25314
3548,mlkem,fixed,decaps,25325
3549,mlkem,fixed,decaps,25332
3550,mlkem,fixed,decaps,25342
3551,mlkem,fixed,decaps,25357
3552,mlkem,fixed,decaps,25355
3553,mlkem,fixed,decaps,25338
3554,mlkem,fixed,decaps,25300
3555,mlkem,fixed,decaps,25306
3556,mlkem,fixed,decaps,25321
3557,mlkem,fixed,decaps,25325
3558,mlkem,fixed,decaps,25305
3559,mlkem,fixed,decaps,25324
3560,mlkem,fixed,decaps,25358
3561,mlkem,fixed,decaps,25306
3562,mlkem,fixed,decaps,25325
3563,mlkem,fixed,decaps,25311
3564,mlkem,fixed,decaps,25351
3565,mlkem,fixed,decaps,25347
3566,mlkem,fixed,decaps,25343
3567,mlkem,fixed,decaps,25310
3568,mlkem,fixed,decaps,25318
3569,mlkem,fixed,decaps,25343
3570,mlkem,fixed,decaps,25307
3571,mlkem,fixed,decaps,25394
3572,mlkem,fixed,decaps,25355
3573,mlkem,fixed,decaps,25344
3574,mlkem,fixed,decaps,25308
3575,mlkem,fixed,decaps,25337
3576,mlkem,fixed,decaps,25320
3577,mlkem,fixed,decaps,25319
3578,mlkem,fixed,decaps,25267
3579,mlkem,fixed,decaps,25302
3580,mlkem,fixed,decaps,25336
3581,mlkem,fixed,decaps,25363
3582,mlkem,fixed,decaps,25312
3583,mlkem,fixed,decaps,25314
3584,mlkem,fixed,decaps,25314
3585,mlkem,fixed,decaps,25337
3586,mlkem,fixed,decaps,25310
3587,mlkem,fixed,decaps,36238
3588,mlkem,fixed,decaps,25966
3589,mlkem,fixed,decaps,25381
3590,mlkem,fixed,decaps,25352
3591,mlkem,fixed,decaps,25387
3592,mlkem,fixed,decaps,25337
3593,mlkem,fixed,decaps,25365
3594,mlkem,fixed,decaps,25340
3595,mlkem,fixed,decaps,25342
3596,mlkem,fixed,decaps,25336
3597,mlkem,fixed,decaps,25319
3598,mlkem,fixed,decaps,25349
3599,mlkem,fixed,decaps,25327
3600,mlkem,fixed,decaps,25338
3601,mlkem,fixed,decaps,25321
3602,mlkem,fixed,decaps,25322
3603,mlkem,fixed,decaps,25345
3604,mlkem,fixed,decaps,25355
3605,mlkem,fixed,decaps,25372
3606,mlkem,fixed,decaps,25305
3607,mlkem,fixed,decaps,25380
3608,mlkem,fixed,decaps,25372
3609,mlkem,fixed,decaps,25367
3610,mlkem,fixed,decaps,25340
3611,mlkem,fixed,decaps,25407
3612,mlkem,fixed,decaps,25406
3613,mlkem,fixed,decaps,25345
3614,mlkem,fixed,decaps,25383
3615,mlkem,fixed,decaps,25368
3616,mlkem,fixed,decaps,25375
3617,mlkem,fixed,decaps,25366
3618,mlkem,fixed,decaps,25385
3619,mlkem,fixed,decaps,25348
3620,mlkem,fixed,decaps,25344
3621,mlkem,fixed,decaps,25341
3622,mlkem,fixed,decaps,25382
3623,mlkem,fixed,decaps,25366
3624,mlkem,fixed,decaps,25342
3625,mlkem,fixed,decaps,25332
3626,mlkem,fixed,decaps,25372
3627,mlkem,fixed,decaps,25353
3628,mlkem,fixed,decaps,25360
3629,mlkem,fixed,decaps,25350
3630,mlkem,fixed,decaps,25307
3631,mlkem,fixed,decaps,25346
3632,mlkem,fixed,decaps,25330
3633,mlkem,fixed,decaps,25362
3634,mlkem,fixed,decaps,25374
3635,mlkem,fixed,decaps,25338
3636,mlkem,fixed,decaps,25367
3637,mlkem,fixed,decaps,25347
3638,mlkem,fixed,decaps,25350
3639,mlkem,fixed,decaps,25339
3640,mlkem,fixed,decaps,25310
3641,mlkem,fixed,decaps,25320
3642,mlkem,fixed,decaps,25369
3643,mlkem,fixed,decaps,25373
3644,mlkem,fixed,decaps,25384
3645,mlkem,fixed,decaps,25375
3646,mlkem,fixed,decaps,25350
3647,mlkem,fixed,decaps,25377
3648,mlkem,fixed,decaps,25504
3649,mlkem,fixed,decaps,25296
3650,mlkem,fixed,decaps,25327
3651,mlkem,fixed,decaps,25341
3652,mlkem,fixed,decaps,25314
3653,mlkem,fixed,decaps,25352
3654,mlkem,fixed,decaps,25318
3655,mlkem,fixed,decaps,25320
3656,mlkem,fixed,decaps,25315
3657,mlkem,fixed,decaps,25350
3658,mlkem,fixed,decaps,25351
3659,mlkem,fixed,decaps,25318
3660,mlkem,fixed,decaps,29422
3661,mlkem,fixed,decaps,25690
3662,mlkem,fixed,decaps,25335
3663,mlkem,fixed,decaps,25357
3664,mlkem,fixed,decaps,25337
3665,mlkem,fixed,decaps,25345
3666,mlkem,fixed,decaps,25299
3667,mlkem,fixed,decaps,25351
3668,mlkem,fixed,decaps,25363
3669,mlkem,fixed,decaps,25373
3670,mlkem,fixed,decaps,25314
3671,mlkem,fixed,decaps,25310
3672,mlkem,fixed,decaps,25290
3673,mlkem,fixed,decaps,25350
3674,mlkem,fixed,decaps,25333
3675,mlkem,fixed,decaps,25331
3676,mlkem,fixed,decaps,25289
3677,mlkem,fixed,decaps,25317
3678,mlkem,fixed,decaps,25334
3679,mlkem,fixed,decaps,25320
3680,mlkem,fixed,decaps,25337
3681,mlkem,fixed,decaps,25336
3682,mlkem,fixed,decaps,25327
3683,mlkem,fixed,decaps,25360
3684,mlkem,fixed,decaps,25328
3685,mlkem,fixed,decaps,25308
3686,mlkem,fixed,decaps,25330
3687,mlkem,fixed,decaps,25349
3688,mlkem,fixed,decaps,25392
3689,mlkem,fixed,decaps,25360
3690,mlkem,fixed,decaps,25338
3691,mlkem,fixed,decaps,25374
3692,mlkem,fixed,decaps,25349
3693,mlkem,fixed,decaps,25384
3694,mlkem,fixed,decaps,25386
3695,mlkem,fixed,decaps,38485
3696,mlkem,fixed,decaps,26144
3697,mlkem,fixed,decaps,26073
3698,mlkem,fixed,decaps,26075
3699,mlkem,fixed,decaps,26100
3700,mlkem,fixed,decaps,26085
3701,mlkem,fixed,decaps,26107
3702,mlkem,fixed,decaps,26086
3703,mlkem,fixed,decaps,26096
3704,mlkem,fixed,decaps,26091
3705,mlkem,fixed,decaps,26081
3706,mlkem,fixed,decaps,26108
3707,mlkem,fixed,decaps,26091
3708,mlkem,fixed,decaps,26111
3709,mlkem,fixed,decaps,26054
3710,mlkem,fixed,decaps,26092
3711,mlkem,fixed,decaps,26067
3712,mlkem,fixed,decaps,26089
3713,mlkem,fixed,decaps,26072
3714,mlkem,fixed,decaps,26159
3715,mlkem,fixed,decaps,26075
3716,mlkem,fixed,decaps,26058
3717,mlkem,fixed,decaps,26096
3718,mlkem,fixed,decaps,26075
3719,mlkem,fixed,decaps,26067
3720,mlkem,fixed,decaps,26089
3721,mlkem,fixed,decaps,26053
3722,mlkem,fixed,decaps,26123
3723,mlkem,fixed,decaps,26145
3724,mlkem,fixed,decaps,36953
3725,mlkem,fixed,decaps,26785
3726,mlkem,fixed,decaps,26200
3727,mlkem,fixed,decaps,26127
3728,mlkem,fixed,decaps,26165
3729,mlkem,fixed,decaps,26098
3730,mlkem,fixed,decaps,26065
3731,mlkem,fixed,decaps,26114
3732,mlkem,fixed,decaps,26080
3733,mlkem,fixed,decaps,38252
3734,mlkem,fixed,decaps,25356
3735,mlkem,fixed,decaps,25352
3736,mlkem,fixed,decaps,25288
3737,mlkem,fixed,decaps,25334
3738,mlkem,fixed,decaps,25323
3739,mlkem,fixed,decaps,25340
3740,mlkem,fixed,decaps,25347
3741,mlkem,fixed,decaps,25339
3742,mlkem,fixed,decaps,25289
3743,mlkem,fixed,decaps,25334
3744,mlkem,fixed,decaps,25352
3745,mlkem,fixed,decaps,25322
3746,mlkem,fixed,decaps,25342
3747,mlkem,fixed,decaps,25336
3748,mlkem,fixed,decaps,25310
3749,mlkem,fixed,decaps,25350
3750,mlkem,fixed,decaps,25340
3751,mlkem,fixed,decaps,25287
3752,mlkem,fixed,decaps,25337
3753,mlkem,fixed,decaps,25358
3754,mlkem,fixed,decaps,25320
3755,mlkem,fixed,decaps,25364
3756,mlkem,fixed,decaps,25317
3757,mlkem,fixed,decaps,25321
3758,mlkem,fixed,decaps,25354
3759,mlkem,fixed,decaps,25369
3760,mlkem,fixed,decaps,25306
3761,mlkem,fixed,decaps,25360
3762,mlkem,fixed,decaps,25343
3763,mlkem,fixed,decaps,25336
3764,mlkem,fixed,decaps,25357
3765,mlkem,fixed,decaps,25339
3766,mlkem,fixed,decaps,25334
3767,mlkem,fixed,decaps,25339
3768,mlkem,fixed,decaps,25338
3769,mlkem,fixed,decaps,29812
3770,mlkem,fixed,decaps,25334
3771,mlkem,fixed,decaps,25353
3772,mlkem,fixed,decaps,37926
3773,mlkem,fixed,decaps,24651
3774,mlkem,fixed,decaps,24633
3775,mlkem,fixed,decaps,24662
3776,mlkem,fixed,decaps,24624
3777,mlkem,fixed,decaps,24638
3778,mlkem,fixed,decaps,24649
3779,mlkem,fixed,decaps,24585
3780,mlkem,fixed,decaps,24656
3781,mlkem,fixed,decaps,24657
3782,mlkem,fixed,decaps,24608
3783,mlkem,fixed,decaps,24650
3784,mlkem,fixed,decaps,24622
3785,mlkem,fixed,decaps,24665
3786,mlkem,fixed,decaps,24663
3787,mlkem,fixed,decaps,24633
3788,mlkem,fixed,decaps,24629
3789,mlkem,fixed,decaps,24644
3790,mlkem,fixed,decaps,24656
3791,mlkem,fixed,decaps,24627
3792,mlkem,fixed,decaps,24650
3793,mlkem,fixed,decaps,24633
3794,mlkem,fixed,decaps,24645
3795,mlkem,fixed,decaps,24658
3796,mlkem,fixed,decaps,24626
3797,mlkem,fixed,decaps,24581
3798,mlkem,fixed,decaps,24674
3799,mlkem,fixed,decaps,24652
3800,mlkem,fixed,decaps,24640
3801,mlkem,fixed,decaps,24655
3802,mlkem,fixed,decaps,24658
3803,mlkem,fixed,decaps,24638
3804,mlkem,fixed,decaps,24664
3805,mlkem,fixed,decaps,24611
3806,mlkem,fixed,decaps,28719
3807,mlkem,fixed,decaps,27995
3808,mlkem,fixed,decaps,44281
3809,mlkem,fixed,decaps,28475
3810,mlkem,fixed,decaps,28384
3811,mlkem,fixed,decaps,28365
3812,mlkem,fixed,decaps,35063
3813,mlkem,fixed,decaps,26172
3814,mlkem,fixed,decaps,25369
3815,mlkem,fixed,decaps,25330
3816,mlkem,fixed,decaps,25387
3817,mlkem,fixed,decaps,25356
3818,mlkem,fixed,decaps,25348
3819,mlkem,fixed,decaps,25369
3820,mlkem,fixed,decaps,25383
3821,mlkem,fixed,decaps,25369
3822,mlkem,fixed,decaps,25344
3823,mlkem,fixed,decaps,25293
3824,mlkem,fixed,decaps,25354
3825,mlkem,fixed,decaps,25359
3826,mlkem,fixed,decaps,25307
3827,mlkem,fixed,decaps,25327
3828,mlkem,fixed,decaps,25352
3829,mlkem,fixed,decaps,25301
3830,mlkem,fixed,decaps,25385
3831,mlkem,fixed,decaps,25377
3832,mlkem,fixed,decaps,25284
3833,mlkem,fixed,decaps,25357
3834,mlkem,fixed,decaps,25354
3835,mlkem,fixed,decaps,25348
3836,mlkem,fixed,decaps,25369
3837,mlkem,fixed,decaps,25391
3838,mlkem,fixed,decaps,25385
3839,mlkem,fixed,decaps,25332
3840,mlkem,fixed,decaps,25419
3841,mlkem,fixed,decaps,25412
3842,mlkem,fixed,decaps,25330
3843,mlkem,fixed,decaps,25348
3844,mlkem,fixed,decaps,25332
3845,mlkem,fixed,decaps,25354
3846,mlkem,fixed,decaps,25389
3847,mlkem,fixed,decaps,25362
3848,mlkem,fixed,decaps,25329
3849,mlkem,fixed,decaps,25358
3850,mlkem,fixed,decaps,25373
3851,mlkem,fixed,decaps,25363
3852,mlkem,fixed,decaps,25312
3853,mlkem,fixed,decaps,25313
3854,mlkem,fixed,decaps,25320
3855,mlkem,fixed,decaps,25356
3856,mlkem,fixed,decaps,25380
3857,mlkem,fixed,decaps,25346
3858,mlkem,fixed,decaps,25314
3859,mlkem,fixed,decaps,25379
3860,mlkem,fixed,decaps,36284
3861,mlkem,fixed,decaps,25917
3862,mlkem,fixed,decaps,25373
3863,mlkem,fixed,decaps,25370
3864,mlkem,fixed,decaps,25323
3865,mlkem,fixed,decaps,25339
3866,mlkem,fixed,decaps,25313
3867,mlkem,fixed,decaps,25375
3868,mlkem,fixed,decaps,25378
3869,mlkem,fixed,decaps,25342
3870,mlkem,fixed,decaps,25316
3871,mlkem,fixed,decaps,25328
3872,mlkem,fixed,decaps,25303
3873,mlkem,fixed,decaps,25336
3874,mlkem,fixed,decaps,25328
3875,mlkem,fixed,decaps,25356
3876,mlkem,fixed,decaps,25321
3877,mlkem,fixed,decaps,25321
3878,mlkem,fixed,decaps,25304
3879,mlkem,fixed,decaps,25373
3880,mlkem,fixed,decaps,25313
3881,mlkem,fixed,decaps,25302
3882,mlkem,fixed,decaps,25329
3883,mlkem,fixed,decaps,25347
3884,mlkem,fixed,decaps,25277
3885,mlkem,fixed,decaps,25337
3886,mlkem,fixed,decaps,25316
3887,mlkem,fixed,decaps,25350
3888,mlkem,fixed,decaps,25385
3889,mlkem,fixed,decaps,25338
3890,mlkem,fixed,decaps,25296
3891,mlkem,fixed,decaps,25364
3892,mlkem,fixed,decaps,25303
3893,mlkem,fixed,decaps,25315
3894,mlkem,fixed,decaps,25320
3895,mlkem,fixed,decaps,25287
3896,mlkem,fixed,decaps,25327
3897,mlkem,fixed,decaps,25340
3898,mlkem,fixed,decaps,25296
3899,mlkem,fixed,decaps,25337
3900,mlkem,fixed,decaps,25294
3901,mlkem,fixed,decaps,25286
3902,mlkem,fixed,decaps,25302
3903,mlkem,fixed,decaps,25303
3904,mlkem,fixed,decaps,25277
3905,mlkem,fixed,decaps,25279
3906,mlkem,fixed,decaps,25280
3907,mlkem,fixed,decaps,25301
3908,mlkem,fixed,decaps,25329
3909,mlkem,fixed,decaps,25357
3910,mlkem,fixed,decaps,25313
3911,mlkem,fixed,decaps,25316
3912,mlkem,fixed,decaps,25359
3913,mlkem,fixed,decaps,25294
3914,mlkem,fixed,decaps,25297
3915,mlkem,fixed,decaps,25332
3916,mlkem,fixed,decaps,25264
3917,mlkem,fixed,decaps,25309
3918,mlkem,fixed,decaps,25331
3919,mlkem,fixed,decaps,25337
3920,mlkem,fixed,decaps,25330
3921,mlkem,fixed,decaps,25336
3922,mlkem,fixed,decaps,25307
3923,mlkem,fixed,decaps,25334
3924,mlkem,fixed,decaps,25319
3925,mlkem,fixed,decaps,25313
3926,mlkem,fixed,decaps,25301
3927,mlkem,fixed,decaps,25341
3928,mlkem,fixed,decaps,25326
3929,mlkem,fixed,decaps,25328
3930,mlkem,fixed,decaps,25291
3931,mlkem,fixed,decaps,25287
3932,mlkem,fixed,decaps,25322
3933,mlkem,fixed,decaps,25326
3934,mlkem,fixed,decaps,25322
3935,mlkem,fixed,decaps,25257
3936,mlkem,fixed,decaps,25287
3937,mlkem,fixed,decaps,25333
3938,mlkem,fixed,decaps,25351
3939,mlkem,fixed,decaps,25299
3940,mlkem,fixed,decaps,25338
3941,mlkem,fixed,decaps,25341
3942,mlkem,fixed,decaps,25302
3943,mlkem,fixed,decaps,25335
3944,mlkem,fixed,decaps,25371
3945,mlkem,fixed,decaps,25285
3946,mlkem,fixed,decaps,25306
3947,mlkem,fixed,decaps,25314
3948,mlkem,fixed,decaps,25320
3949,mlkem,fixed,decaps,25335
3950,mlkem,fixed,decaps,25260
3951,mlkem,fixed,decaps,25277
3952,mlkem,fixed,decaps,25287
3953,mlkem,fixed,decaps,25307
3954,mlkem,fixed,decaps,25277
3955,mlkem,fixed,decaps,25321
3956,mlkem,fixed,decaps,25323
3957,mlkem,fixed,decaps,25306
3958,mlkem,fixed,decaps,25299
3959,mlkem,fixed,decaps,25259
3960,mlkem,fixed,decaps,25287
3961,mlkem,fixed,decaps,25343
3962,mlkem,fixed,decaps,25312
3963,mlkem,fixed,decaps,25342
3964,mlkem,fixed,decaps,25357
3965,mlkem,fixed,decaps,25293
3966,mlkem,fixed,decaps,25329
3967,mlkem,fixed,decaps,25349
3968,mlkem,fixed,decaps,31364
3969,mlkem,fixed,decaps,25438
3970,mlkem,fixed,decaps,25365
3971,mlkem,fixed,decaps,25295
3972,mlkem,fixed,decaps,25274
3973,mlkem,fixed,decaps,25351
3974,mlkem,fixed,decaps,25299
3975,mlkem,fixed,decaps,25304
3976,mlkem,fixed,decaps,25320
3977,mlkem,fixed,decaps,25371
3978,mlkem,fixed,decaps,25310
3979,mlkem,fixed,decaps,25377
3980,mlkem,fixed,decaps,25319
3981,mlkem,fixed,decaps,25310
3982,mlkem,fixed,decaps,25305
3983,mlkem,fixed,decaps,25365
3984,mlkem,fixed,decaps,25315
3985,mlkem,fixed,decaps,25313
3986,mlkem,fixed,decaps,25320
3987,mlkem,fixed,decaps,25317
3988,mlkem,fixed,decaps,25331
3989,mlkem,fixed,decaps,25318
3990,mlkem,fixed,decaps,25320
3991,mlkem,fixed,decaps,25314
3992,mlkem,fixed,decaps,25349
3993,mlkem,fixed,decaps,25332
3994,mlkem,fixed,decaps,25367
3995,mlkem,fixed,decaps,25368
3996,mlkem,fixed,decaps,25332
3997,mlkem,fixed,decaps,35791
3998,mlkem,fixed,decaps,25991
3999,mlkem,fixed,decaps,25295
4000,mlkem,fixed,decaps,25375
4001,mlkem,fixed,decaps,25386
4002,mlkem,fixed,decaps,25315
4003,mlkem,fixed,decaps,25347
4004,mlkem,fixed,decaps,25305
4005,mlkem,fixed,decaps,25301
4006,mlkem,fixed,decaps,25367
4007,mlkem,fixed,decaps,25358
4008,mlkem,fixed,decaps,25290
4009,mlkem,fixed,decaps,25274
4010,mlkem,fixed,decaps,25321
4011,mlkem,fixed,decaps,25308
4012,mlkem,fixed,decaps,25352
4013,mlkem,fixed,decaps,25307
4014,mlkem,fixed,decaps,25271
4015,mlkem,fixed,decaps,25340
4016,mlkem,fixed,decaps,25345
4017,mlkem,fixed,decaps,25308
4018,mlkem,fixed,decaps,25327
4019,mlkem,fixed,decaps,25314
4020,mlkem,fixed,decaps,25325
4021,mlkem,fixed,decaps,25301
4022,mlkem,fixed,decaps,25269
4023,mlkem,fixed,decaps,25318
4024,mlkem,fixed,decaps,25346
4025,mlkem,fixed,decaps,25319
4026,mlkem,fixed,decaps,25370
4027,mlkem,fixed,decaps,25379
4028,mlkem,fixed,decaps,25335
4029,mlkem,fixed,decaps,25313
4030,mlkem,fixed,decaps,25333
4031,mlkem,fixed,decaps,25316
4032,mlkem,fixed,decaps,25321
4033,mlkem,fixed,decaps,25317
4034,mlkem,fixed,decaps,25285
4035,mlkem,fixed,decaps,25295
4036,mlkem,fixed,decaps,25295
4037,mlkem,fixed,decaps,25326
4038,mlkem,fixed,decaps,25319
4039,mlkem,fixed,decaps,25323
4040,mlkem,fixed,decaps,25291
4041,mlkem,fixed,decaps,25326
4042,mlkem,fixed,decaps,25351
4043,mlkem,fixed,decaps,25360
4044,mlkem,fixed,decaps,25316
4045,mlkem,fixed,decaps,25340
4046,mlkem,fixed,decaps,25372
4047,mlkem,fixed,decaps,25305
4048,mlkem,fixed,decaps,25298
4049,mlkem,fixed,decaps,25324
4050,mlkem,fixed,decaps,25325
4051,mlkem,fixed,decaps,25351
4052,mlkem,fixed,decaps,25315
4053,mlkem,fixed,decaps,25313
4054,mlkem,fixed,decaps,25327
4055,mlkem,fixed,decaps,25329
4056,mlkem,fixed,decaps,25339
4057,mlkem,fixed,decaps,25357
4058,mlkem,fixed,decaps,25280
4059,mlkem,fixed,decaps,25330
4060,mlkem,fixed,decaps,25333
4061,mlkem,fixed,decaps,25307
4062,mlkem,fixed,decaps,25320
4063,mlkem,fixed,decaps,25319
4064,mlkem,fixed,decaps,25281
4065,mlkem,fixed,decaps,30143
4066,mlkem,fixed,decaps,32113
4067,mlkem,fixed,decaps,31407
4068,mlkem,fixed,decaps,28416
4069,mlkem,fixed,decaps,25482
4070,mlkem,fixed,decaps,25394
4071,mlkem,fixed,decaps,25362
4072,mlkem,fixed,decaps,25370
4073,mlkem,fixed,decaps,25345
4074,mlkem,fixed,decaps,25393
4075,mlkem,fixed,decaps,25320
4076,mlkem,fixed,decaps,25352
4077,mlkem,fixed,decaps,25347
4078,mlkem,fixed,decaps,25331
4079,mlkem,fixed,decaps,25379
4080,mlkem,fixed,decaps,25342
4081,mlkem,fixed,decaps,25288
4082,mlkem,fixed,decaps,25361
4083,mlkem,fixed,decaps,25342
4084,mlkem,fixed,decaps,25402
4085,mlkem,fixed,decaps,25377
4086,mlkem,fixed,decaps,25336
4087,mlkem,fixed,decaps,25345
4088,mlkem,fixed,decaps,25361
4089,mlkem,fixed,decaps,25355
4090,mlkem,fixed,decaps,25361
4091,mlkem,fixed,decaps,25363
4092,mlkem,fixed,decaps,25321
4093,mlkem,fixed,decaps,25346
4094,mlkem,fixed,decaps,25363
4095,mlkem,fixed,decaps,25353
4096,mlkem,fixed,decaps,25328
4097,mlkem,fixed,decaps,25337
4098,mlkem,fixed,decaps,25346
4099,mlkem,fixed,decaps,25362
4100,mlkem,fixed,decaps,25374
4101,mlkem,fixed,decaps,25316
4102,mlkem,fixed,decaps,25327
4103,mlkem,fixed,decaps,25352
4104,mlkem,fixed,decaps,25352
4105,mlkem,fixed,decaps,25336
4106,mlkem,fixed,decaps,25356
4107,mlkem,fixed,decaps,25280
4108,mlkem,fixed,decaps,25341
4109,mlkem,fixed,decaps,25360
4110,mlkem,fixed,decaps,25336
4111,mlkem,fixed,decaps,25318
4112,mlkem,fixed,decaps,25332
4113,mlkem,fixed,decaps,25339
4114,mlkem,fixed,decaps,25365
4115,mlkem,fixed,decaps,25376
4116,mlkem,fixed,decaps,25336
4117,mlkem,fixed,decaps,25319
4118,mlkem,fixed,decaps,38916
4119,mlkem,fixed,decaps,26091
4120,mlkem,fixed,decaps,26079
4121,mlkem,fixed,decaps,26103
4122,mlkem,fixed,decaps,33144
4123,mlkem,fixed,decaps,26170
4124,mlkem,fixed,decaps,26157
4125,mlkem,fixed,decaps,26092
4126,mlkem,fixed,decaps,26140
4127,mlkem,fixed,decaps,26159
4128,mlkem,fixed,decaps,26174
4129,mlkem,fixed,decaps,26104
4130,mlkem,fixed,decaps,26125
4131,mlkem,fixed,decaps,26087
4132,mlkem,fixed,decaps,26077
4133,mlkem,fixed,decaps,37077
4134,mlkem,fixed,decaps,26724
4135,mlkem,fixed,decaps,26089
4136,mlkem,fixed,decaps,26078
4137,mlkem,fixed,decaps,26053
4138,mlkem,fixed,decaps,26066
4139,mlkem,fixed,decaps,26050
4140,mlkem,fixed,decaps,26046
4141,mlkem,fixed,decaps,26023
4142,mlkem,fixed,decaps,26026
4143,mlkem,fixed,decaps,26068
4144,mlkem,fixed,decaps,26033
4145,mlkem,fixed,decaps,26044
4146,mlkem,fixed,decaps,26025
4147,mlkem,fixed,decaps,26024
4148,mlkem,fixed,decaps,26054
4149,mlkem,fixed,decaps,26119
4150,mlkem,fixed,decaps,26030
4151,mlkem,fixed,decaps,26032
4152,mlkem,fixed,decaps,26013
4153,mlkem,fixed,decaps,26041
4154,mlkem,fixed,decaps,26072
4155,mlkem,fixed,decaps,38735
4156,mlkem,fixed,decaps,25347
4157,mlkem,fixed,decaps,25368
4158,mlkem,fixed,decaps,25329
4159,mlkem,fixed,decaps,25289
4160,mlkem,fixed,decaps,25301
4161,mlkem,fixed,decaps,25302
4162,mlkem,fixed,decaps,25371
4163,mlkem,fixed,decaps,25332
4164,mlkem,fixed,decaps,25282
4165,mlkem,fixed,decaps,25337
4166,mlkem,fixed,decaps,25351
4167,mlkem,fixed,decaps,25309
4168,mlkem,fixed,decaps,25321
4169,mlkem,fixed,decaps,25331
4170,mlkem,fixed,decaps,25305
4171,mlkem,fixed,decaps,25341
4172,mlkem,fixed,decaps,25350
4173,mlkem,fixed,decaps,25331
4174,mlkem,fixed,decaps,25309
4175,mlkem,fixed,decaps,25304
4176,mlkem,fixed,decaps,25295
4177,mlkem,fixed,decaps,25329
4178,mlkem,fixed,decaps,25334
4179,mlkem,fixed,decaps,25296
4180,mlkem,fixed,decaps,25313
4181,mlkem,fixed,decaps,25326
4182,mlkem,fixed,decaps,25320
4183,mlkem,fixed,decaps,25314
4184,mlkem,fixed,decaps,25303
4185,mlkem,fixed,decaps,25296
4186,mlkem,fixed,decaps,25348
4187,mlkem,fixed,decaps,32116
4188,mlkem,fixed,decaps,31955
4189,mlkem,fixed,decaps,31864
4190,mlkem,fixed,decaps,28366
4191,mlkem,fixed,decaps,25488
4192,mlkem,fixed,decaps,25402
4193,mlkem,fixed,decaps,25288
4194,mlkem,fixed,decaps,25372
4195,mlkem,fixed,decaps,25391
4196,mlkem,fixed,decaps,25367
4197,mlkem,fixed,decaps,25347
4198,mlkem,fixed,decaps,25349
4199,mlkem,fixed,decaps,25340
4200,mlkem,fixed,decaps,25369
4201,mlkem,fixed,decaps,25370
4202,mlkem,fixed,decaps,25344
4203,mlkem,fixed,decaps,25360
4204,mlkem,fixed,decaps,25398
4205,mlkem,fixed,decaps,25395
4206,mlkem,fixed,decaps,25347
4207,mlkem,fixed,decaps,25343
4208,mlkem,fixed,decaps,25383
4209,mlkem,fixed,decaps,25408
4210,mlkem,fixed,decaps,25364
4211,mlkem,fixed,decaps,25332
4212,mlkem,fixed,decaps,25366
4213,mlkem,fixed,decaps,25363
4214,mlkem,fixed,decaps,25337
4215,mlkem,fixed,decaps,25370
4216,mlkem,fixed,decaps,25437
4217,mlkem,fixed,decaps,25320
4218,mlkem,fixed,decaps,25382
4219,mlkem,fixed,decaps,25363
4220,mlkem,fixed,decaps,25433
4221,mlkem,fixed,decaps,25323
4222,mlkem,fixed,decaps,25319
4223,mlkem,fixed,decaps,25328
4224,mlkem,fixed,decaps,25333
4225,mlkem,fixed,decaps,25417
4226,mlkem,fixed,decaps,25359
4227,mlkem,fixed,decaps,25331
4228,mlkem,fixed,decaps,25342
4229,mlkem,fixed,decaps,25373
4230,mlkem,fixed,decaps,25340
4231,mlkem,fixed,decaps,25360
4232,mlkem,fixed,decaps,25347
4233,mlkem,fixed,decaps,25362
4234,mlkem,fixed,decaps,25352
4235,mlkem,fixed,decaps,25332
4236,mlkem,fixed,decaps,25367
4237,mlkem,fixed,decaps,25312
4238,mlkem,fixed,decaps,25362
4239,mlkem,fixed,decaps,25417
4240,mlkem,fixed,decaps,25358
4241,mlkem,fixed,decaps,25364
4242,mlkem,fixed,decaps,25353
4243,mlkem,fixed,decaps,25359
4244,mlkem,fixed,decaps,25397
4245,mlkem,fixed,decaps,25336
4246,mlkem,fixed,decaps,25381
4247,mlkem,fixed,decaps,25362
4248,mlkem,fixed,decaps,25346
4249,mlkem,fixed,decaps,25434
4250,mlkem,fixed,decaps,25331
4251,mlkem,fixed,decaps,25400
4252,mlkem,fixed,decaps,25355
4253,mlkem,fixed,decaps,25347
4254,mlkem,fixed,decaps,25369
4255,mlkem,fixed,decaps,25383
4256,mlkem,fixed,decaps,25415
4257,mlkem,fixed,decaps,25363
4258,mlkem,fixed,decaps,25327
4259,mlkem,fixed,decaps,25362
4260,mlkem,fixed,decaps,25395
4261,mlkem,fixed,decaps,25310
4262,mlkem,fixed,decaps,25345
4263,mlkem,fixed,decaps,25320
4264,mlkem,fixed,decaps,25373
4265,mlkem,fixed,decaps,25356
4266,mlkem,fixed,decaps,25327
4267,mlkem,fixed,decaps,25366
4268,mlkem,fixed,decaps,25333
4269,mlkem,fixed,decaps,25372
4270,mlkem,fixed,decaps,35935
4271,mlkem,fixed,decaps,28921
4272,mlkem,fixed,decaps,28462
4273,mlkem,fixed,decaps,34336
4274,mlkem,fixed,decaps,25969
4275,mlkem,fixed,decaps,25412
4276,mlkem,fixed,decaps,25365
4277,mlkem,fixed,decaps,25377
4278,mlkem,fixed,decaps,25378
4279,mlkem,fixed,decaps,25354
4280,mlkem,fixed,decaps,25410
4281,mlkem,fixed,decaps,25367
4282,mlkem,fixed,decaps,25349
4283,mlkem,fixed,decaps,25392
4284,mlkem,fixed,decaps,25313
4285,mlkem,fixed,decaps,25386
4286,mlkem,fixed,decaps,25390
4287,mlkem,fixed,decaps,25349
4288,mlkem,fixed,decaps,25351
4289,mlkem,fixed,decaps,25338
4290,mlkem,fixed,decaps,25406
4291,mlkem,fixed,decaps,25416
4292,mlkem,fixed,decaps,25372
4293,mlkem,fixed,decaps,25380
4294,mlkem,fixed,decaps,25362
4295,mlkem,fixed,decaps,25354
4296,mlkem,fixed,decaps,25432
4297,mlkem,fixed,decaps,25385
4298,mlkem,fixed,decaps,25350
4299,mlkem,fixed,decaps,25361
4300,mlkem,fixed,decaps,25391
4301,mlkem,fixed,decaps,25392
4302,mlkem,fixed,decaps,25367
4303,mlkem,fixed,decaps,25334
4304,mlkem,fixed,decaps,25384
4305,mlkem,fixed,decaps,29060
4306,mlkem,fixed,decaps,25642
4307,mlkem,fixed,decaps,25393
4308,mlkem,fixed,decaps,40268
4309,mlkem,fixed,decaps,24695
4310,mlkem,fixed,decaps,24673
4311,mlkem,fixed,decaps,24698
4312,mlkem,fixed,decaps,24664
4313,mlkem,fixed,decaps,24700
4314,mlkem,fixed,decaps,24634
4315,mlkem,fixed,decaps,24656
4316,mlkem,fixed,decaps,24624
4317,mlkem,fixed,decaps,24669
4318,mlkem,fixed,decaps,24686
4319,mlkem,fixed,decaps,24628
4320,mlkem,fixed,decaps,24654
4321,mlkem,fixed,decaps,24625
4322,mlkem,fixed,decaps,24682
4323,mlkem,fixed,decaps,24660
4324,mlkem,fixed,decaps,24616
4325,mlkem,fixed,decaps,24676
4326,mlkem,fixed,decaps,24698
4327,mlkem,fixed,decaps,24660
4328,mlkem,fixed,decaps,24667
4329,mlkem,fixed,decaps,24635
4330,mlkem,fixed,decaps,24627
4331,mlkem,fixed,decaps,24672
4332,mlkem,fixed,decaps,24628
4333,mlkem,fixed,decaps,24648
4334,mlkem,fixed,decaps,24632
4335,mlkem,fixed,decaps,24648
4336,mlkem,fixed,decaps,24684
4337,mlkem,fixed,decaps,24638
4338,mlkem,fixed,decaps,24634
4339,mlkem,fixed,decaps,24681
4340,mlkem,fixed,decaps,24657
4341,mlkem,fixed,decaps,24681
4342,mlkem,fixed,decaps,24628
4343,mlkem,fixed,decaps,24646
4344,mlkem,fixed,decaps,24686
4345,mlkem,fixed,decaps,28819
4346,mlkem,fixed,decaps,24712
4347,mlkem,fixed,decaps,46085
4348,mlkem,fixed,decaps,25497
4349,mlkem,fixed,decaps,25327
4350,mlkem,fixed,decaps,25346
4351,mlkem,fixed,decaps,25396
4352,mlkem,fixed,decaps,25315
4353,mlkem,fixed,decaps,25388
4354,mlkem,fixed,decaps,25404
4355,mlkem,fixed,decaps,25327
4356,mlkem,fixed,decaps,25350
4357,mlkem,fixed,decaps,25415
4358,mlkem,fixed,decaps,25364
4359,mlkem,fixed,decaps,25349
4360,mlkem,fixed,decaps,25380
4361,mlkem,fixed,decaps,25358
4362,mlkem,fixed,decaps,25353
4363,mlkem,fixed,decaps,25434
4364,mlkem,fixed,decaps,25321
4365,mlkem,fixed,decaps,25360
4366,mlkem,fixed,decaps,25359
4367,mlkem,fixed,decaps,25320
4368,mlkem,fixed,decaps,25386
4369,mlkem,fixed,decaps,25372
4370,mlkem,fixed,decaps,25360
4371,mlkem,fixed,decaps,25403
4372,mlkem,fixed,decaps,25357
4373,mlkem,fixed,decaps,25356
4374,mlkem,fixed,decaps,25365
4375,mlkem,fixed,decaps,25391
4376,mlkem,fixed,decaps,25331
4377,mlkem,fixed,decaps,25387
4378,mlkem,fixed,decaps,25374
4379,mlkem,fixed,decaps,25374
4380,mlkem,fixed,decaps,25363
4381,mlkem,fixed,decaps,25380
4382,mlkem,fixed,decaps,25368
4383,mlkem,fixed,decaps,25346
4384,mlkem,fixed,decaps,25386
4385,mlkem,fixed,decaps,25322
4386,mlkem,fixed,decaps,25286
4387,mlkem,fixed,decaps,25385
4388,mlkem,fixed,decaps,25359
4389,mlkem,fixed,decaps,25363
4390,mlkem,fixed,decaps,25362
4391,mlkem,fixed,decaps,25318
4392,mlkem,fixed,decaps,25337
4393,mlkem,fixed,decaps,25383
4394,mlkem,fixed,decaps,25358
4395,mlkem,fixed,decaps,25338
4396,mlkem,fixed,decaps,25384
4397,mlkem,fixed,decaps,25375
4398,mlkem,fixed,decaps,25365
4399,mlkem,fixed,decaps,25352
4400,mlkem,fixed,decaps,25351
4401,mlkem,fixed,decaps,25301
4402,mlkem,fixed,decaps,25345
4403,mlkem,fixed,decaps,25396
4404,mlkem,fixed,decaps,25353
4405,mlkem,fixed,decaps,25365
4406,mlkem,fixed,decaps,36002
4407,mlkem,fixed,decaps,25973
4408,mlkem,fixed,decaps,25421
4409,mlkem,fixed,decaps,25321
4410,mlkem,fixed,decaps,25299
4411,mlkem,fixed,decaps,25336
4412,mlkem,fixed,decaps,25349
4413,mlkem,fixed,decaps,25307
4414,mlkem,fixed,decaps,25347
4415,mlkem,fixed,decaps,25334
4416,mlkem,fixed,decaps,25336
4417,mlkem,fixed,decaps,25367
4418,mlkem,fixed,decaps,25360
4419,mlkem,fixed,decaps,25319
4420,mlkem,fixed,decaps,25325
4421,mlkem,fixed,decaps,25348
4422,mlkem,fixed,decaps,25358
4423,mlkem,fixed,decaps,25330
4424,mlkem,fixed,decaps,25314
4425,mlkem,fixed,decaps,25363
4426,mlkem,fixed,decaps,25329
4427,mlkem,fixed,decaps,25305
4428,mlkem,fixed,decaps,31759
4429,mlkem,fixed,decaps,25862
4430,mlkem,fixed,decaps,25316
4431,mlkem,fixed,decaps,25381
4432,mlkem,fixed,decaps,25335
4433,mlkem,fixed,decaps,25353
4434,mlkem,fixed,decaps,25325
4435,mlkem,fixed,decaps,25287
4436,mlkem,fixed,decaps,25339
4437,mlkem,fixed,decaps,25354
4438,mlkem,fixed,decaps,25322
4439,mlkem,fixed,decaps,25338
4440,mlkem,fixed,decaps,25305
4441,mlkem,fixed,decaps,25338
4442,mlkem,fixed,decaps,25330
4443,mlkem,fixed,decaps,25383
4444,mlkem,fixed,decaps,25302
4445,mlkem,fixed,decaps,25333
4446,mlkem,fixed,decaps,25378
4447,mlkem,fixed,decaps,25320
4448,mlkem,fixed,decaps,25361
4449,mlkem,fixed,decaps,25295
4450,mlkem,fixed,decaps,25312
4451,mlkem,fixed,decaps,25334
4452,mlkem,fixed,decaps,25327
4453,mlkem,fixed,decaps,25317
4454,mlkem,fixed,decaps,25323
4455,mlkem,fixed,decaps,25311
4456,mlkem,fixed,decaps,25344
4457,mlkem,fixed,decaps,25345
4458,mlkem,fixed,decaps,25315
4459,mlkem,fixed,decaps,25336
4460,mlkem,fixed,decaps,25337
4461,mlkem,fixed,decaps,25395
4462,mlkem,fixed,decaps,25376
4463,mlkem,fixed,decaps,25293
4464,mlkem,fixed,decaps,25365
4465,mlkem,fixed,decaps,25294
4466,mlkem,fixed,decaps,25323
4467,mlkem,fixed,decaps,25326
4468,mlkem,fixed,decaps,25312
4469,mlkem,fixed,decaps,25329
4470,mlkem,fixed,decaps,25280
4471,mlkem,fixed,decaps,25305
4472,mlkem,fixed,decaps,25337
4473,mlkem,fixed,decaps,25314
4474,mlkem,fixed,decaps,25321
4475,mlkem,fixed,decaps,25323
4476,mlkem,fixed,decaps,25349
4477,mlkem,fixed,decaps,25363
4478,mlkem,fixed,decaps,25301
4479,mlkem,fixed,decaps,25277
4480,mlkem,fixed,decaps,25304
4481,mlkem,fixed,decaps,25299
4482,mlkem,fixed,decaps,25345
4483,mlkem,fixed,decaps,25358
4484,mlkem,fixed,decaps,25324
4485,mlkem,fixed,decaps,25307
4486,mlkem,fixed,decaps,25305
4487,mlkem,fixed,decaps,25300
4488,mlkem,fixed,decaps,25341
4489,mlkem,fixed,decaps,25310
4490,mlkem,fixed,decaps,25328
4491,mlkem,fixed,decaps,25317
4492,mlkem,fixed,decaps,25347
4493,mlkem,fixed,decaps,25312
4494,mlkem,fixed,decaps,25341
4495,mlkem,fixed,decaps,25314
4496,mlkem,fixed,decaps,25345
4497,mlkem,fixed,decaps,25316
4498,mlkem,fixed,decaps,25318
4499,mlkem,fixed,decaps,25286
4500,mlkem,fixed,decaps,25331
4501,mlkem,fixed,decaps,25343
4502,mlkem,fixed,decaps,25280
4503,mlkem,fixed,decaps,25321
4504,mlkem,fixed,decaps,25313
4505,mlkem,fixed,decaps,25309
4506,mlkem,fixed,decaps,25349
4507,mlkem,fixed,decaps,25348
4508,mlkem,fixed,decaps,25316
4509,mlkem,fixed,decaps,25308
4510,mlkem,fixed,decaps,25317
4511,mlkem,fixed,decaps,25327
4512,mlkem,fixed,decaps,25379
4513,mlkem,fixed,decaps,25317
4514,mlkem,fixed,decaps,25308
4515,mlkem,fixed,decaps,25306
4516,mlkem,fixed,decaps,25340
4517,mlkem,fixed,decaps,25323
4518,mlkem,fixed,decaps,25323
4519,mlkem,fixed,decaps,25346
4520,mlkem,fixed,decaps,25353
4521,mlkem,fixed,decaps,25284
4522,mlkem,fixed,decaps,25314
4523,mlkem,fixed,decaps,25329
4524,mlkem,fixed,decaps,25309
4525,mlkem,fixed,decaps,25327
4526,mlkem,fixed,decaps,25307
4527,mlkem,fixed,decaps,25307
4528,mlkem,fixed,decaps,25315
4529,mlkem,fixed,decaps,25309
4530,mlkem,fixed,decaps,25298
4531,mlkem,fixed,decaps,25296
4532,mlkem,fixed,decaps,25335
4533,mlkem,fixed,decaps,25308
4534,mlkem,fixed,decaps,25271
4535,mlkem,fixed,decaps,25311
4536,mlkem,fixed,decaps,25359
4537,mlkem,fixed,decaps,25295
4538,mlkem,fixed,decaps,25294
4539,mlkem,fixed,decaps,25319
4540,mlkem,fixed,decaps,25293
4541,mlkem,fixed,decaps,25337
4542,mlkem,fixed,decaps,25327
4543,mlkem,fixed,decaps,36021
4544,mlkem,fixed,decaps,25884
4545,mlkem,fixed,decaps,25360
4546,mlkem,fixed,decaps,25342
4547,mlkem,fixed,decaps,25304
4548,mlkem,fixed,decaps,25328
4549,mlkem,fixed,decaps,25344
4550,mlkem,fixed,decaps,25322
4551,mlkem,fixed,decaps,25314
4552,mlkem,fixed,decaps,25275
4553,mlkem,fixed,decaps,25334
4554,mlkem,fixed,decaps,25355
4555,mlkem,fixed,decaps,25307
4556,mlkem,fixed,decaps,25314
4557,mlkem,fixed,decaps,25325
4558,mlkem,fixed,decaps,25292
4559,mlkem,fixed,decaps,25358
4560,mlkem,fixed,decaps,25352
4561,mlkem,fixed,decaps,25330
4562,mlkem,fixed,decaps,25313
4563,mlkem,fixed,decaps,25342
4564,mlkem,fixed,decaps,25342
4565,mlkem,fixed,decaps,25338
4566,mlkem,fixed,decaps,25308
4567,mlkem,fixed,decaps,25341
4568,mlkem,fixed,decaps,25337
4569,mlkem,fixed,decaps,25303
4570,mlkem,fixed,decaps,25333
4571,mlkem,fixed,decaps,25328
4572,mlkem,fixed,decaps,25309
4573,mlkem,fixed,decaps,25333
4574,mlkem,fixed,decaps,25350
4575,mlkem,fixed,decaps,25313
4576,mlkem,fixed,decaps,25312
4577,mlkem,fixed,decaps,25322
4578,mlkem,fixed,decaps,25296
4579,mlkem,fixed,decaps,25335
4580,mlkem,fixed,decaps,25337
4581,mlkem,fixed,decaps,25317
4582,mlkem,fixed,decaps,25335
4583,mlkem,fixed,decaps,25332
4584,mlkem,fixed,decaps,43480
4585,mlkem,fixed,decaps,25462
4586,mlkem,fixed,decaps,25371
4587,mlkem,fixed,decaps,25372
4588,mlkem,fixed,decaps,25346
4589,mlkem,fixed,decaps,25361
4590,mlkem,fixed,decaps,25329
4591,mlkem,fixed,decaps,25340
4592,mlkem,fixed,decaps,25348
4593,mlkem,fixed,decaps,25352
4594,mlkem,fixed,decaps,25340
4595,mlkem,fixed,decaps,25346
4596,mlkem,fixed,decaps,25322
4597,mlkem,fixed,decaps,25343
4598,mlkem,fixed,decaps,25373
4599,mlkem,fixed,decaps,25332
4600,mlkem,fixed,decaps,25314
4601,mlkem,fixed,decaps,25386
4602,mlkem,fixed,decaps,25347
4603,mlkem,fixed,decaps,25324
4604,mlkem,fixed,decaps,25313
4605,mlkem,fixed,decaps,25351
4606,mlkem,fixed,decaps,25343
4607,mlkem,fixed,decaps,25344
4608,mlkem,fixed,decaps,25323
4609,mlkem,fixed,decaps,25331
4610,mlkem,fixed,decaps,25337
4611,mlkem,fixed,decaps,25281
4612,mlkem,fixed,decaps,25321
4613,mlkem,fixed,decaps,25337
4614,mlkem,fixed,decaps,25297
4615,mlkem,fixed,decaps,25315
4616,mlkem,fixed,decaps,25325
4617,mlkem,fixed,decaps,25337
4618,mlkem,fixed,decaps,25346
4619,mlkem,fixed,decaps,25300
4620,mlkem,fixed,decaps,25298
4621,mlkem,fixed,decaps,25413
4622,mlkem,fixed,decaps,25371
4623,mlkem,fixed,decaps,25325
4624,mlkem,fixed,decaps,25309
4625,mlkem,fixed,decaps,25345
4626,mlkem,fixed,decaps,25337
4627,mlkem,fixed,decaps,25325
4628,mlkem,fixed,decaps,25322
4629,mlkem,fixed,decaps,25346
4630,mlkem,fixed,decaps,25357
4631,mlkem,fixed,decaps,25381
4632,mlkem,fixed,decaps,25317
4633,mlkem,fixed,decaps,25342
4634,mlkem,fixed,decaps,25299
4635,mlkem,fixed,decaps,25334
4636,mlkem,fixed,decaps,25316
4637,mlkem,fixed,decaps,25378
4638,mlkem,fixed,decaps,25294
4639,mlkem,fixed,decaps,25320
4640,mlkem,fixed,decaps,25295
4641,mlkem,fixed,decaps,25352
4642,mlkem,fixed,decaps,25340
4643,mlkem,fixed,decaps,25329
4644,mlkem,fixed,decaps,25322
4645,mlkem,fixed,decaps,25355
4646,mlkem,fixed,decaps,25331
4647,mlkem,fixed,decaps,25360
4648,mlkem,fixed,decaps,25328
4649,mlkem,fixed,decaps,25354
4650,mlkem,fixed,decaps,25311
4651,mlkem,fixed,decaps,25318
4652,mlkem,fixed,decaps,25317
4653,mlkem,fixed,decaps,25351
4654,mlkem,fixed,decaps,25319
4655,mlkem,fixed,decaps,25337
4656,mlkem,fixed,decaps,25354
4657,mlkem,fixed,decaps,25341
4658,mlkem,fixed,decaps,25293
4659,mlkem,fixed,decaps,25302
4660,mlkem,fixed,decaps,25326
4661,mlkem,fixed,decaps,25330
4662,mlkem,fixed,decaps,25346
4663,mlkem,fixed,decaps,25309
4664,mlkem,fixed,decaps,25310
4665,mlkem,fixed,decaps,25314
4666,mlkem,fixed,decaps,25304
4667,mlkem,fixed,decaps,25331
4668,mlkem,fixed,decaps,25309
4669,mlkem,fixed,decaps,25309
4670,mlkem,fixed,decaps,25358
4671,mlkem,fixed,decaps,25351
4672,mlkem,fixed,decaps,25302
4673,mlkem,fixed,decaps,25340
4674,mlkem,fixed,decaps,25312
4675,mlkem,fixed,decaps,25338
4676,mlkem,fixed,decaps,25385
4677,mlkem,fixed,decaps,25338
4678,mlkem,fixed,decaps,25259
4679,mlkem,fixed,decaps,36273
4680,mlkem,fixed,decaps,25970
4681,mlkem,fixed,decaps,25380
4682,mlkem,fixed,decaps,25328
4683,mlkem,fixed,decaps,25345
4684,mlkem,fixed,decaps,25340
4685,mlkem,fixed,decaps,25339
4686,mlkem,fixed,decaps,25356
4687,mlkem,fixed,decaps,25310
4688,mlkem,fixed,decaps,25344
4689,mlkem,fixed,decaps,25369
4690,mlkem,fixed,decaps,25305
4691,mlkem,fixed,decaps,25334
4692,mlkem,fixed,decaps,25366
4693,mlkem,fixed,decaps,25316
4694,mlkem,fixed,decaps,25360
4695,mlkem,fixed,decaps,25361
4696,mlkem,fixed,decaps,25321
4697,mlkem,fixed,decaps,25362
4698,mlkem,fixed,decaps,25346
4699,mlkem,fixed,decaps,25298
4700,mlkem,fixed,decaps,25367
4701,mlkem,fixed,decaps,25297
4702,mlkem,fixed,decaps,25356
4703,mlkem,fixed,decaps,25338
4704,mlkem,fixed,decaps,25313
4705,mlkem,fixed,decaps,25341
4706,mlkem,fixed,decaps,25318
4707,mlkem,fixed,decaps,25366
4708,mlkem,fixed,decaps,25381
4709,mlkem,fixed,decaps,25405
4710,mlkem,fixed,decaps,25354
4711,mlkem,fixed,decaps,25422
4712,mlkem,fixed,decaps,25340
4713,mlkem,fixed,decaps,25361
4714,mlkem,fixed,decaps,25375
4715,mlkem,fixed,decaps,25316
4716,mlkem,fixed,decaps,25334
4717,mlkem,fixed,decaps,25321
4718,mlkem,fixed,decaps,25339
4719,mlkem,fixed,decaps,25367
4720,mlkem,fixed,decaps,25349
4721,mlkem,fixed,decaps,25334
4722,mlkem,fixed,decaps,25342
4723,mlkem,fixed,decaps,25328
4724,mlkem,fixed,decaps,25346
4725,mlkem,fixed,decaps,25349
4726,mlkem,fixed,decaps,25353
4727,mlkem,fixed,decaps,25318
4728,mlkem,fixed,decaps,25356
4729,mlkem,fixed,decaps,25279
4730,mlkem,fixed,decaps,25353
4731,mlkem,fixed,decaps,25331
4732,mlkem,fixed,decaps,25286
4733,mlkem,fixed,decaps,25378
4734,mlkem,fixed,decaps,25347
4735,mlkem,fixed,decaps,25309
4736,mlkem,fixed,decaps,25353
4737,mlkem,fixed,decaps,25356
4738,mlkem,fixed,decaps,25340
4739,mlkem,fixed,decaps,32355
4740,mlkem,fixed,decaps,25431
4741,mlkem,fixed,decaps,25392
4742,mlkem,fixed,decaps,25343
4743,mlkem,fixed,decaps,25373
4744,mlkem,fixed,decaps,25368
4745,mlkem,fixed,decaps,25383
4746,mlkem,fixed,decaps,25337
4747,mlkem,fixed,decaps,25364
4748,mlkem,fixed,decaps,25324
4749,mlkem,fixed,decaps,25346
4750,mlkem,fixed,decaps,25399
4751,mlkem,fixed,decaps,25330
4752,mlkem,fixed,decaps,25370
4753,mlkem,fixed,decaps,25370
4754,mlkem,fixed,decaps,25363
4755,mlkem,fixed,decaps,25387
4756,mlkem,fixed,decaps,25415
4757,mlkem,fixed,decaps,25320
4758,mlkem,fixed,decaps,25330
4759,mlkem,fixed,decaps,25427
4760,mlkem,fixed,decaps,25382
4761,mlkem,fixed,decaps,25364
4762,mlkem,fixed,decaps,25415
4763,mlkem,fixed,decaps,25318
4764,mlkem,fixed,decaps,25361
4765,mlkem,fixed,decaps,25370
4766,mlkem,fixed,decaps,25381
4767,mlkem,fixed,decaps,25351
4768,mlkem,fixed,decaps,25315
4769,mlkem,fixed,decaps,25336
4770,mlkem,fixed,decaps,25355
4771,mlkem,fixed,decaps,25377
4772,mlkem,fixed,decaps,25338
4773,mlkem,fixed,decaps,25335
4774,mlkem,fixed,decaps,25360
4775,mlkem,fixed,decaps,25364
4776,mlkem,fixed,decaps,25351
4777,mlkem,fixed,decaps,25297
4778,mlkem,fixed,decaps,25358
4779,mlkem,fixed,decaps,25346
4780,mlkem,fixed,decaps,25344
4781,mlkem,fixed,decaps,25364
4782,mlkem,fixed,decaps,25364
4783,mlkem,fixed,decaps,25291
4784,mlkem,fixed,decaps,25367
4785,mlkem,fixed,decaps,25418
4786,mlkem,fixed,decaps,25361
4787,mlkem,fixed,decaps,25378
4788,mlkem,fixed,decaps,25447
4789,mlkem,fixed,decaps,25398
4790,mlkem,fixed,decaps,25375
4791,mlkem,fixed,decaps,25308
4792,mlkem,fixed,decaps,25353
4793,mlkem,fixed,decaps,25366
4794,mlkem,fixed,decaps,25363
4795,mlkem,fixed,decaps,25373
4796,mlkem,fixed,decaps,25326
4797,mlkem,fixed,decaps,25298
4798,mlkem,fixed,decaps,25338
4799,mlkem,fixed,decaps,25375
4800,mlkem,fixed,decaps,25332
4801,mlkem,fixed,decaps,25361
4802,mlkem,fixed,decaps,25375
4803,mlkem,fixed,decaps,25329
4804,mlkem,fixed,decaps,25371
4805,mlkem,fixed,decaps,25372
4806,mlkem,fixed,decaps,25355
4807,mlkem,fixed,decaps,25323
4808,mlkem,fixed,decaps,25369
4809,mlkem,fixed,decaps,25372
4810,mlkem,fixed,decaps,25377
4811,mlkem,fixed,decaps,25404
4812,mlkem,fixed,decaps,25354
4813,mlkem,fixed,decaps,25385
4814,mlkem,fixed,decaps,25400
4815,mlkem,fixed,decaps,25377
4816,mlkem,fixed,decaps,35813
4817,mlkem,fixed,decaps,25886
4818,mlkem,fixed,decaps,25386
4819,mlkem,fixed,decaps,25356
4820,mlkem,fixed,decaps,25329
4821,mlkem,fixed,decaps,25314
4822,mlkem,fixed,decaps,25327
4823,mlkem,fixed,decaps,25355
4824,mlkem,fixed,decaps,25317
4825,mlkem,fixed,decaps,25368
4826,mlkem,fixed,decaps,25315
4827,mlkem,fixed,decaps,25361
4828,mlkem,fixed,decaps,25348
4829,mlkem,fixed,decaps,25326
4830,mlkem,fixed,decaps,25333
4831,mlkem,fixed,decaps,25351
4832,mlkem,fixed,decaps,25335
4833,mlkem,fixed,decaps,25359
4834,mlkem,fixed,decaps,25318
4835,mlkem,fixed,decaps,25260
4836,mlkem,fixed,decaps,25365
4837,mlkem,fixed,decaps,25342
4838,mlkem,fixed,decaps,25333
4839,mlkem,fixed,decaps,25332
4840,mlkem,fixed,decaps,25345
4841,mlkem,fixed,decaps,25322
4842,mlkem,fixed,decaps,25344
4843,mlkem,fixed,decaps,25382
4844,mlkem,fixed,decaps,25331
4845,mlkem,fixed,decaps,25322
4846,mlkem,fixed,decaps,25321
4847,mlkem,fixed,decaps,25359
4848,mlkem,fixed,decaps,25376
4849,mlkem,fixed,decaps,25345
4850,mlkem,fixed,decaps,25355
4851,mlkem,fixed,decaps,25317
4852,mlkem,fixed,decaps,25343
4853,mlkem,fixed,decaps,30116
4854,mlkem,fixed,decaps,32171
4855,mlkem,fixed,decaps,30825
4856,mlkem,fixed,decaps,30004
4857,mlkem,fixed,decaps,25475
4858,mlkem,fixed,decaps,25416
4859,mlkem,fixed,decaps,25360
4860,mlkem,fixed,decaps,25313
4861,mlkem,fixed,decaps,25418
4862,mlkem,fixed,decaps,25346
4863,mlkem,fixed,decaps,25318
4864,mlkem,fixed,decaps,25351
4865,mlkem,fixed,decaps,25367
4866,mlkem,fixed,decaps,25355
4867,mlkem,fixed,decaps,25375
4868,mlkem,fixed,decaps,25382
4869,mlkem,fixed,decaps,25346
4870,mlkem,fixed,decaps,25362
4871,mlkem,fixed,decaps,25375
4872,mlkem,fixed,decaps,25354
4873,mlkem,fixed,decaps,25363
4874,mlkem,fixed,decaps,25327
4875,mlkem,fixed,decaps,25363
4876,mlkem,fixed,decaps,33141
4877,mlkem,fixed,decaps,26221
4878,mlkem,fixed,decaps,25385
4879,mlkem,fixed,decaps,25372
4880,mlkem,fixed,decaps,25407
4881,mlkem,fixed,decaps,31456
4882,mlkem,fixed,decaps,31146
4883,mlkem,fixed,decaps,26005
4884,mlkem,fixed,decaps,25442
4885,mlkem,fixed,decaps,25350
4886,mlkem,fixed,decaps,25375
4887,mlkem,fixed,decaps,25324
4888,mlkem,fixed,decaps,25340
4889,mlkem,fixed,decaps,25357
4890,mlkem,fixed,decaps,25346
4891,mlkem,fixed,decaps,25364
4892,mlkem,fixed,decaps,31241
4893,mlkem,fixed,decaps,26052
4894,mlkem,fixed,decaps,25417
4895,mlkem,fixed,decaps,25383
4896,mlkem,fixed,decaps,25357
4897,mlkem,fixed,decaps,25364
4898,mlkem,fixed,decaps,25371
4899,mlkem,fixed,decaps,25374
4900,mlkem,fixed,decaps,25337
4901,mlkem,fixed,decaps,25369
4902,mlkem,fixed,decaps,25357
4903,mlkem,fixed,decaps,25362
4904,mlkem,fixed,decaps,25381
4905,mlkem,fixed,decaps,25393
4906,mlkem,fixed,decaps,25363
4907,mlkem,fixed,decaps,25411
4908,mlkem,fixed,decaps,25368
4909,mlkem,fixed,decaps,25399
4910,mlkem,fixed,decaps,25360
4911,mlkem,fixed,decaps,25332
4912,mlkem,fixed,decaps,25392
4913,mlkem,fixed,decaps,25367
4914,mlkem,fixed,decaps,25392
4915,mlkem,fixed,decaps,25382
4916,mlkem,fixed,decaps,25388
4917,mlkem,fixed,decaps,25305
4918,mlkem,fixed,decaps,25358
4919,mlkem,fixed,decaps,25384
4920,mlkem,fixed,decaps,25376
4921,mlkem,fixed,decaps,25361
4922,mlkem,fixed,decaps,25378
4923,mlkem,fixed,decaps,25322
4924,mlkem,fixed,decaps,25365
4925,mlkem,fixed,decaps,25345
4926,mlkem,fixed,decaps,25356
4927,mlkem,fixed,decaps,25323
4928,mlkem,fixed,decaps,25314
4929,mlkem,fixed,decaps,25367
4930,mlkem,fixed,decaps,25365
4931,mlkem,fixed,decaps,25327
4932,mlkem,fixed,decaps,25351
4933,mlkem,fixed,decaps,25359
4934,mlkem,fixed,decaps,25352
4935,mlkem,fixed,decaps,25372
4936,mlkem,fixed,decaps,25323
4937,mlkem,fixed,decaps,25331
4938,mlkem,fixed,decaps,25330
4939,mlkem,fixed,decaps,25306
4940,mlkem,fixed,decaps,25384
4941,mlkem,fixed,decaps,25352
4942,mlkem,fixed,decaps,25320
4943,mlkem,fixed,decaps,25348
4944,mlkem,fixed,decaps,25355
4945,mlkem,fixed,decaps,25360
4946,mlkem,fixed,decaps,25345
4947,mlkem,fixed,decaps,25344
4948,mlkem,fixed,decaps,25350
4949,mlkem,fixed,decaps,25365
4950,mlkem,fixed,decaps,25370
4951,mlkem,fixed,decaps,25349
4952,mlkem,fixed,decaps,36536
4953,mlkem,fixed,decaps,25972
4954,mlkem,fixed,decaps,25311
4955,mlkem,fixed,decaps,25350
4956,mlkem,fixed,decaps,25355
4957,mlkem,fixed,decaps,25295
4958,mlkem,fixed,decaps,25366
4959,mlkem,fixed,decaps,25338
4960,mlkem,fixed,decaps,25309
4961,mlkem,fixed,decaps,25331
4962,mlkem,fixed,decaps,25340
4963,mlkem,fixed,decaps,25349
4964,mlkem,fixed,decaps,25341
4965,mlkem,fixed,decaps,25348
4966,mlkem,fixed,decaps,25324
4967,mlkem,fixed,decaps,25334
4968,mlkem,fixed,decaps,25293
4969,mlkem,fixed,decaps,25332
4970,mlkem,fixed,decaps,25331
4971,mlkem,fixed,decaps,25278
4972,mlkem,fixed,decaps,25363
4973,mlkem,fixed,decaps,25361
4974,mlkem,fixed,decaps,25326
4975,mlkem,fixed,decaps,25352
4976,mlkem,fixed,decaps,25363
4977,mlkem,fixed,decaps,25328
4978,mlkem,fixed,decaps,25377
4979,mlkem,fixed,decaps,25356
4980,mlkem,fixed,decaps,25328
4981,mlkem,fixed,decaps,25334
4982,mlkem,fixed,decaps,25310
4983,mlkem,fixed,decaps,25355
4984,mlkem,fixed,decaps,25358
4985,mlkem,fixed,decaps,25322
4986,mlkem,fixed,decaps,25345
4987,mlkem,fixed,decaps,25328
4988,mlkem,fixed,decaps,25331
4989,mlkem,fixed,decaps,25323
4990,mlkem,fixed,decaps,25348
4991,mlkem,fixed,decaps,25304
4992,mlkem,fixed,decaps,25320
4993,mlkem,fixed,decaps,25327
4994,mlkem,fixed,decaps,25338
4995,mlkem,fixed,decaps,25331
4996,mlkem,fixed,decaps,25323
4997,mlkem,fixed,decaps,25347
4998,mlkem,fixed,decaps,25308
4999,mlkem,fixed,decaps,25287
5000,mlkem,fixed,decaps,25368
5001,mlkem,fixed,decaps,25355
5002,mlkem,fixed,decaps,25337
5003,mlkem,fixed,decaps,25326
5004,mlkem,fixed,decaps,25352
5005,mlkem,fixed,decaps,25326
5006,mlkem,fixed,decaps,25312
5007,mlkem,fixed,decaps,25280
5008,mlkem,fixed,decaps,25302
5009,mlkem,fixed,decaps,25319
5010,mlkem,fixed,decaps,25276
5011,mlkem,fixed,decaps,25352
5012,mlkem,fixed,decaps,25363
5013,mlkem,fixed,decaps,25332
5014,mlkem,fixed,decaps,25330
5015,mlkem,fixed,decaps,25270
5016,mlkem,fixed,decaps,25322
5017,mlkem,fixed,decaps,25345
5018,mlkem,fixed,decaps,25318
5019,mlkem,fixed,decaps,25322
5020,mlkem,fixed,decaps,25331
5021,mlkem,fixed,decaps,25314
5022,mlkem,fixed,decaps,25342
5023,mlkem,fixed,decaps,25352
5024,mlkem,fixed,decaps,25406
5025,mlkem,fixed,decaps,25312
5026,mlkem,fixed,decaps,25291
5027,mlkem,fixed,decaps,25323
5028,mlkem,fixed,decaps,25368
5029,mlkem,fixed,decaps,25329
5030,mlkem,fixed,decaps,25313
5031,mlkem,fixed,decaps,25328
5032,mlkem,fixed,decaps,25319
5033,mlkem,fixed,decaps,25359
5034,mlkem,fixed,decaps,25351
5035,mlkem,fixed,decaps,25348
5036,mlkem,fixed,decaps,25316
5037,mlkem,fixed,decaps,25310
5038,mlkem,fixed,decaps,25364
5039,mlkem,fixed,decaps,25337
5040,mlkem,fixed,decaps,25291
5041,mlkem,fixed,decaps,25327
5042,mlkem,fixed,decaps,25343
5043,mlkem,fixed,decaps,25307
5044,mlkem,fixed,decaps,25315
5045,mlkem,fixed,decaps,25362
5046,mlkem,fixed,decaps,25349
5047,mlkem,fixed,decaps,25339
5048,mlkem,fixed,decaps,29721
5049,mlkem,fixed,decaps,25422
5050,mlkem,fixed,decaps,25299
5051,mlkem,fixed,decaps,25332
5052,mlkem,fixed,decaps,25330
5053,mlkem,fixed,decaps,25327
5054,mlkem,fixed,decaps,25316
5055,mlkem,fixed,decaps,25320
5056,mlkem,fixed,decaps,25305
5057,mlkem,fixed,decaps,25330
5058,mlkem,fixed,decaps,25317
5059,mlkem,fixed,decaps,25371
5060,mlkem,fixed,decaps,25345
5061,mlkem,fixed,decaps,25271
5062,mlkem,fixed,decaps,25346
5063,mlkem,fixed,decaps,25340
5064,mlkem,fixed,decaps,25297
5065,mlkem,fixed,decaps,25296
5066,mlkem,fixed,decaps,25336
5067,mlkem,fixed,decaps,25310
5068,mlkem,fixed,decaps,25318
5069,mlkem,fixed,decaps,25303
5070,mlkem,fixed,decaps,25331
5071,mlkem,fixed,decaps,25333
5072,mlkem,fixed,decaps,25293
5073,mlkem,fixed,decaps,25358
5074,mlkem,fixed,decaps,25348
5075,mlkem,fixed,decaps,25322
5076,mlkem,fixed,decaps,25316
5077,mlkem,fixed,decaps,25335
5078,mlkem,fixed,decaps,25335
5079,mlkem,fixed,decaps,25314
5080,mlkem,fixed,decaps,25290
5081,mlkem,fixed,decaps,25343
5082,mlkem,fixed,decaps,25319
5083,mlkem,fixed,decaps,25287
5084,mlkem,fixed,decaps,25352
5085,mlkem,fixed,decaps,25333
5086,mlkem,fixed,decaps,25315
5087,mlkem,fixed,decaps,25344
5088,mlkem,fixed,decaps,25334
5089,mlkem,fixed,decaps,37644
5090,mlkem,fixed,decaps,26048
5091,mlkem,fixed,decaps,25381
5092,mlkem,fixed,decaps,25394
5093,mlkem,fixed,decaps,25399
5094,mlkem,fixed,decaps,25331
5095,mlkem,fixed,decaps,25339
5096,mlkem,fixed,decaps,25340
5097,mlkem,fixed,decaps,25373
5098,mlkem,fixed,decaps,25319
5099,mlkem,fixed,decaps,25346
5100,mlkem,fixed,decaps,25376
5101,mlkem,fixed,decaps,25353
5102,mlkem,fixed,decaps,25308
5103,mlkem,fixed,decaps,25287
5104,mlkem,fixed,decaps,25329
5105,mlkem,fixed,decaps,25310
5106,mlkem,fixed,decaps,25334
5107,mlkem,fixed,decaps,25344
5108,mlkem,fixed,decaps,25328
5109,mlkem,fixed,decaps,25362
5110,mlkem,fixed,decaps,25335
5111,mlkem,fixed,decaps,25361
5112,mlkem,fixed,decaps,25344
5113,mlkem,fixed,decaps,25312
5114,mlkem,fixed,decaps,25396
5115,mlkem,fixed,decaps,25343
5116,mlkem,fixed,decaps,25351
5117,mlkem,fixed,decaps,25312
5118,mlkem,fixed,decaps,25350
5119,mlkem,fixed,decaps,25332
5120,mlkem,fixed,decaps,25342
5121,mlkem,fixed,decaps,25375
5122,mlkem,fixed,decaps,25371
5123,mlkem,fixed,decaps,25367
5124,mlkem,fixed,decaps,25350
5125,mlkem,fixed,decaps,25360
5126,mlkem,fixed,decaps,25333
5127,mlkem,fixed,decaps,25305
5128,mlkem,fixed,decaps,25351
5129,mlkem,fixed,decaps,25318
5130,mlkem,fixed,decaps,25353
5131,mlkem,fixed,decaps,25314
5132,mlkem,fixed,decaps,25319
5133,mlkem,fixed,decaps,25314
5134,mlkem,fixed,decaps,25355
5135,mlkem,fixed,decaps,25330
5136,mlkem,fixed,decaps,25339
5137,mlkem,fixed,decaps,25316
5138,mlkem,fixed,decaps,25317
5139,mlkem,fixed,decaps,25315
5140,mlkem,fixed,decaps,25290
5141,mlkem,fixed,decaps,25299
5142,mlkem,fixed,decaps,25287
5143,mlkem,fixed,decaps,25286
5144,mlkem,fixed,decaps,25331
5145,mlkem,fixed,decaps,25383
5146,mlkem,fixed,decaps,25349
5147,mlkem,fixed,decaps,25348
5148,mlkem,fixed,decaps,25303
5149,mlkem,fixed,decaps,25379
5150,mlkem,fixed,decaps,25300
5151,mlkem,fixed,decaps,25313
5152,mlkem,fixed,decaps,25333
5153,mlkem,fixed,decaps,25331
5154,mlkem,fixed,decaps,25293
5155,mlkem,fixed,decaps,25358
5156,mlkem,fixed,decaps,25334
5157,mlkem,fixed,decaps,25324
5158,mlkem,fixed,decaps,25348
5159,mlkem,fixed,decaps,25314
5160,mlkem,fixed,decaps,25336
5161,mlkem,fixed,decaps,25367
5162,mlkem,fixed,decaps,25328
5163,mlkem,fixed,decaps,25309
5164,mlkem,fixed,decaps,25294
5165,mlkem,fixed,decaps,25342
5166,mlkem,fixed,decaps,25371
5167,mlkem,fixed,decaps,25314
5168,mlkem,fixed,decaps,25323
5169,mlkem,fixed,decaps,25368
5170,mlkem,fixed,decaps,25346
5171,mlkem,fixed,decaps,25372
5172,mlkem,fixed,decaps,25353
5173,mlkem,fixed,decaps,25303
5174,mlkem,fixed,decaps,25301
5175,mlkem,fixed,decaps,25327
5176,mlkem,fixed,decaps,25332
5177,mlkem,fixed,decaps,25324
5178,mlkem,fixed,decaps,25330
5179,mlkem,fixed,decaps,25341
5180,mlkem,fixed,decaps,25323
5181,mlkem,fixed,decaps,25348
5182,mlkem,fixed,decaps,25310
5183,mlkem,fixed,decaps,25319
5184,mlkem,fixed,decaps,25281
5185,mlkem,fixed,decaps,25334
5186,mlkem,fixed,decaps,25310
5187,mlkem,fixed,decaps,25291
5188,mlkem,fixed,decaps,25333
5189,mlkem,fixed,decaps,25291
5190,mlkem,fixed,decaps,25304
5191,mlkem,fixed,decaps,25322
5192,mlkem,fixed,decaps,25300
5193,mlkem,fixed,decaps,25296
5194,mlkem,fixed,decaps,25321
5195,mlkem,fixed,decaps,25411
5196,mlkem,fixed,decaps,25324
5197,mlkem,fixed,decaps,25305
5198,mlkem,fixed,decaps,25328
5199,mlkem,fixed,decaps,25339
5200,mlkem,fixed,decaps,25314
5201,mlkem,fixed,decaps,25344
5202,mlkem,fixed,decaps,25320
5203,mlkem,fixed,decaps,29206
5204,mlkem,fixed,decaps,25696
5205,mlkem,fixed,decaps,25329
5206,mlkem,fixed,decaps,25351
5207,mlkem,fixed,decaps,25281
5208,mlkem,fixed,decaps,25303
5209,mlkem,fixed,decaps,25391
5210,mlkem,fixed,decaps,25303
5211,mlkem,fixed,decaps,25335
5212,mlkem,fixed,decaps,25334
5213,mlkem,fixed,decaps,25331
5214,mlkem,fixed,decaps,25342
5215,mlkem,fixed,decaps,25342
5216,mlkem,fixed,decaps,25385
5217,mlkem,fixed,decaps,25304
5218,mlkem,fixed,decaps,25314
5219,mlkem,fixed,decaps,25375
5220,mlkem,fixed,decaps,25344
5221,mlkem,fixed,decaps,25323
5222,mlkem,fixed,decaps,25327
5223,mlkem,fixed,decaps,25300
5224,mlkem,fixed,decaps,25341
5225,mlkem,fixed,decaps,25374
5226,mlkem,fixed,decaps,36122
5227,mlkem,fixed,decaps,26066
5228,mlkem,fixed,decaps,25421
5229,mlkem,fixed,decaps,25325
5230,mlkem,fixed,decaps,25315
5231,mlkem,fixed,decaps,25310
5232,mlkem,fixed,decaps,25324
5233,mlkem,fixed,decaps,25384
5234,mlkem,fixed,decaps,25314
5235,mlkem,fixed,decaps,25262
5236,mlkem,fixed,decaps,25275
5237,mlkem,fixed,decaps,25301
5238,mlkem,fixed,decaps,25316
5239,mlkem,fixed,decaps,25330
5240,mlkem,fixed,decaps,25280
5241,mlkem,fixed,decaps,25339
5242,mlkem,fixed,decaps,25316
5243,mlkem,fixed,decaps,25308
5244,mlkem,fixed,decaps,25329
5245,mlkem,fixed,decaps,25383
5246,mlkem,fixed,decaps,25273
5247,mlkem,fixed,decaps,25273
5248,mlkem,fixed,decaps,25296
5249,mlkem,fixed,decaps,25312
5250,mlkem,fixed,decaps,25310
5251,mlkem,fixed,decaps,25242
5252,mlkem,fixed,decaps,25262
5253,mlkem,fixed,decaps,25346
5254,mlkem,fixed,decaps,25280
5255,mlkem,fixed,decaps,25300
5256,mlkem,fixed,decaps,25259
5257,mlkem,fixed,decaps,25285
5258,mlkem,fixed,decaps,25322
5259,mlkem,fixed,decaps,25294
5260,mlkem,fixed,decaps,25308
5261,mlkem,fixed,decaps,25311
5262,mlkem,fixed,decaps,25306
5263,mlkem,fixed,decaps,25320
5264,mlkem,fixed,decaps,25302
5265,mlkem,fixed,decaps,25320
5266,mlkem,fixed,decaps,25318
5267,mlkem,fixed,decaps,25312
5268,mlkem,fixed,decaps,25349
5269,mlkem,fixed,decaps,25345
5270,mlkem,fixed,decaps,25311
5271,mlkem,fixed,decaps,25311
5272,mlkem,fixed,decaps,25327
5273,mlkem,fixed,decaps,25334
5274,mlkem,fixed,decaps,25325
5275,mlkem,fixed,decaps,25253
5276,mlkem,fixed,decaps,25298
5277,mlkem,fixed,decaps,25315
5278,mlkem,fixed,decaps,25279
5279,mlkem,fixed,decaps,25319
5280,mlkem,fixed,decaps,25302
5281,mlkem,fixed,decaps,25315
5282,mlkem,fixed,decaps,25272
5283,mlkem,fixed,decaps,25303
5284,mlkem,fixed,decaps,25323
5285,mlkem,fixed,decaps,25304
5286,mlkem,fixed,decaps,25314
5287,mlkem,fixed,decaps,25296
5288,mlkem,fixed,decaps,25303
5289,mlkem,fixed,decaps,25373
5290,mlkem,fixed,decaps,25344
5291,mlkem,fixed,decaps,25284
5292,mlkem,fixed,decaps,25347
5293,mlkem,fixed,decaps,25358
5294,mlkem,fixed,decaps,25329
5295,mlkem,fixed,decaps,25332
5296,mlkem,fixed,decaps,25298
5297,mlkem,fixed,decaps,25356
5298,mlkem,fixed,decaps,25305
5299,mlkem,fixed,decaps,25284
5300,mlkem,fixed,decaps,25305
5301,mlkem,fixed,decaps,25319
5302,mlkem,fixed,decaps,25303
5303,mlkem,fixed,decaps,25337
5304,mlkem,fixed,decaps,25257
5305,mlkem,fixed,decaps,25341
5306,mlkem,fixed,decaps,25302
5307,mlkem,fixed,decaps,25277
5308,mlkem,fixed,decaps,25299
5309,mlkem,fixed,decaps,25312
5310,mlkem,fixed,decaps,25282
5311,mlkem,fixed,decaps,25312
5312,mlkem,fixed,decaps,25282
5313,mlkem,fixed,decaps,25329
5314,mlkem,fixed,decaps,25294
5315,mlkem,fixed,decaps,25285
5316,mlkem,fixed,decaps,25310
5317,mlkem,fixed,decaps,25305
5318,mlkem,fixed,decaps,25337
5319,mlkem,fixed,decaps,25336
5320,mlkem,fixed,decaps,25271
5321,mlkem,fixed,decaps,25300
5322,mlkem,fixed,decaps,25355
5323,mlkem,fixed,decaps,25283
5324,mlkem,fixed,decaps,25322
5325,mlkem,fixed,decaps,25319
5326,mlkem,fixed,decaps,25276
5327,mlkem,fixed,decaps,25319
5328,mlkem,fixed,decaps,25279
5329,mlkem,fixed,decaps,25321
5330,mlkem,fixed,decaps,25337
5331,mlkem,fixed,decaps,25334
5332,mlkem,fixed,decaps,25329
5333,mlkem,fixed,decaps,25335
5334,mlkem,fixed,decaps,25300
5335,mlkem,fixed,decaps,25324
5336,mlkem,fixed,decaps,25302
5337,mlkem,fixed,decaps,25316
5338,mlkem,fixed,decaps,25326
5339,mlkem,fixed,decaps,25320
5340,mlkem,fixed,decaps,25301
5341,mlkem,fixed,decaps,25313
5342,mlkem,fixed,decaps,25299
5343,mlkem,fixed,decaps,25327
5344,mlkem,fixed,decaps,25195
5345,mlkem,fixed,decaps,25295
5346,mlkem,fixed,decaps,25338
5347,mlkem,fixed,decaps,25303
5348,mlkem,fixed,decaps,25336
5349,mlkem,fixed,decaps,25317
5350,mlkem,fixed,decaps,25331
5351,mlkem,fixed,decaps,25333
5352,mlkem,fixed,decaps,25320
5353,mlkem,fixed,decaps,25323
5354,mlkem,fixed,decaps,25349
5355,mlkem,fixed,decaps,25317
5356,mlkem,fixed,decaps,25309
5357,mlkem,fixed,decaps,25334
5358,mlkem,fixed,decaps,25312
5359,mlkem,fixed,decaps,29391
5360,mlkem,fixed,decaps,25588
5361,mlkem,fixed,decaps,25289
5362,mlkem,fixed,decaps,36063
5363,mlkem,fixed,decaps,26056
5364,mlkem,fixed,decaps,25316
5365,mlkem,fixed,decaps,25293
5366,mlkem,fixed,decaps,25301
5367,mlkem,fixed,decaps,25347
5368,mlkem,fixed,decaps,25276
5369,mlkem,fixed,decaps,25320
5370,mlkem,fixed,decaps,25354
5371,mlkem,fixed,decaps,25316
5372,mlkem,fixed,decaps,25325
5373,mlkem,fixed,decaps,25298
5374,mlkem,fixed,decaps,25317
5375,mlkem,fixed,decaps,25374
5376,mlkem,fixed,decaps,25291
5377,mlkem,fixed,decaps,25338
5378,mlkem,fixed,decaps,25308
5379,mlkem,fixed,decaps,25300
5380,mlkem,fixed,decaps,25267
5381,mlkem,fixed,decaps,25342
5382,mlkem,fixed,decaps,25338
5383,mlkem,fixed,decaps,25336
5384,mlkem,fixed,decaps,25282
5385,mlkem,fixed,decaps,25346
5386,mlkem,fixed,decaps,25334
5387,mlkem,fixed,decaps,25296
5388,mlkem,fixed,decaps,25294
5389,mlkem,fixed,decaps,25289
5390,mlkem,fixed,decaps,25318
5391,mlkem,fixed,decaps,25343
5392,mlkem,fixed,decaps,25277
5393,mlkem,fixed,decaps,25302
5394,mlkem,fixed,decaps,25344
5395,mlkem,fixed,decaps,25323
5396,mlkem,fixed,decaps,25338
5397,mlkem,fixed,decaps,25325
5398,mlkem,fixed,decaps,25324
5399,mlkem,fixed,decaps,25305
5400,mlkem,fixed,decaps,25289
5401,mlkem,fixed,decaps,25353
5402,mlkem,fixed,decaps,25338
5403,mlkem,fixed,decaps,25293
5404,mlkem,fixed,decaps,25345
5405,mlkem,fixed,decaps,25386
5406,mlkem,fixed,decaps,25336
5407,mlkem,fixed,decaps,25331
5408,mlkem,fixed,decaps,25306
5409,mlkem,fixed,decaps,25300
5410,mlkem,fixed,decaps,25362
5411,mlkem,fixed,decaps,25302
5412,mlkem,fixed,decaps,25319
5413,mlkem,fixed,decaps,25334
5414,mlkem,fixed,decaps,25286
5415,mlkem,fixed,decaps,25368
5416,mlkem,fixed,decaps,25349
5417,mlkem,fixed,decaps,25313
5418,mlkem,fixed,decaps,25316
5419,mlkem,fixed,decaps,25331
5420,mlkem,fixed,decaps,25315
5421,mlkem,fixed,decaps,25329
5422,mlkem,fixed,decaps,25288
5423,mlkem,fixed,decaps,25324
5424,mlkem,fixed,decaps,25314
5425,mlkem,fixed,decaps,25292
5426,mlkem,fixed,decaps,25304
5427,mlkem,fixed,decaps,25331
5428,mlkem,fixed,decaps,25304
5429,mlkem,fixed,decaps,25341
5430,mlkem,fixed,decaps,25296
5431,mlkem,fixed,decaps,25317
5432,mlkem,fixed,decaps,25301
5433,mlkem,fixed,decaps,25287
5434,mlkem,fixed,decaps,25315
5435,mlkem,fixed,decaps,25331
5436,mlkem,fixed,decaps,25285
5437,mlkem,fixed,decaps,25308
5438,mlkem,fixed,decaps,25306
5439,mlkem,fixed,decaps,25336
5440,mlkem,fixed,decaps,25370
5441,mlkem,fixed,decaps,25304
5442,mlkem,fixed,decaps,25286
5443,mlkem,fixed,decaps,25310
5444,mlkem,fixed,decaps,25258
5445,mlkem,fixed,decaps,25351
5446,mlkem,fixed,decaps,25269
5447,mlkem,fixed,decaps,25284
5448,mlkem,fixed,decaps,25302
5449,mlkem,fixed,decaps,25307
5450,mlkem,fixed,decaps,25339
5451,mlkem,fixed,decaps,25350
5452,mlkem,fixed,decaps,25267
5453,mlkem,fixed,decaps,25298
5454,mlkem,fixed,decaps,25330
5455,mlkem,fixed,decaps,25308
5456,mlkem,fixed,decaps,25293
5457,mlkem,fixed,decaps,25258
5458,mlkem,fixed,decaps,25312
5459,mlkem,fixed,decaps,25348
5460,mlkem,fixed,decaps,25281
5461,mlkem,fixed,decaps,25321
5462,mlkem,fixed,decaps,25309
5463,mlkem,fixed,decaps,25299
5464,mlkem,fixed,decaps,25319
5465,mlkem,fixed,decaps,25321
5466,mlkem,fixed,decaps,25320
5467,mlkem,fixed,decaps,25308
5468,mlkem,fixed,decaps,25288
5469,mlkem,fixed,decaps,25326
5470,mlkem,fixed,decaps,25328
5471,mlkem,fixed,decaps,25300
5472,mlkem,fixed,decaps,25323
5473,mlkem,fixed,decaps,25290
5474,mlkem,fixed,decaps,25337
5475,mlkem,fixed,decaps,25331
5476,mlkem,fixed,decaps,25279
5477,mlkem,fixed,decaps,25297
5478,mlkem,fixed,decaps,25318
5479,mlkem,fixed,decaps,25317
5480,mlkem,fixed,decaps,25311
5481,mlkem,fixed,decaps,25296
5482,mlkem,fixed,decaps,25282
5483,mlkem,fixed,decaps,25332
5484,mlkem,fixed,decaps,25330
5485,mlkem,fixed,decaps,25336
5486,mlkem,fixed,decaps,25329
5487,mlkem,fixed,decaps,25279
5488,mlkem,fixed,decaps,25328
5489,mlkem,fixed,decaps,25328
5490,mlkem,fixed,decaps,25317
5491,mlkem,fixed,decaps,25309
5492,mlkem,fixed,decaps,25253
5493,mlkem,fixed,decaps,25324
5494,mlkem,fixed,decaps,25314
5495,mlkem,fixed,decaps,25289
5496,mlkem,fixed,decaps,25295
5497,mlkem,fixed,decaps,25290
5498,mlkem,fixed,decaps,25329
5499,mlkem,fixed,decaps,35672
5500,mlkem,fixed,decaps,25830
5501,mlkem,fixed,decaps,25346
5502,mlkem,fixed,decaps,25360
5503,mlkem,fixed,decaps,25348
5504,mlkem,fixed,decaps,25345
5505,mlkem,fixed,decaps,25337
5506,mlkem,fixed,decaps,25356
5507,mlkem,fixed,decaps,25307
5508,mlkem,fixed,decaps,25309
5509,mlkem,fixed,decaps,25277
5510,mlkem,fixed,decaps,25301
5511,mlkem,fixed,decaps,25381
5512,mlkem,fixed,decaps,25306
5513,mlkem,fixed,decaps,25333
5514,mlkem,fixed,decaps,29342
5515,mlkem,fixed,decaps,25574
5516,mlkem,fixed,decaps,25342
5517,mlkem,fixed,decaps,25359
5518,mlkem,fixed,decaps,25331
5519,mlkem,fixed,decaps,25301
5520,mlkem,fixed,decaps,25339
5521,mlkem,fixed,decaps,25325
5522,mlkem,fixed,decaps,25307
5523,mlkem,fixed,decaps,25354
5524,mlkem,fixed,decaps,25297
5525,mlkem,fixed,decaps,25337
5526,mlkem,fixed,decaps,25326
5527,mlkem,fixed,decaps,25346
5528,mlkem,fixed,decaps,25359
5529,mlkem,fixed,decaps,25291
5530,mlkem,fixed,decaps,25344
5531,mlkem,fixed,decaps,25333
5532,mlkem,fixed,decaps,25353
5533,mlkem,fixed,decaps,25358
5534,mlkem,fixed,decaps,25325
5535,mlkem,fixed,decaps,25375
5536,mlkem,fixed,decaps,25381
5537,mlkem,fixed,decaps,25355
5538,mlkem,fixed,decaps,25341
5539,mlkem,fixed,decaps,25331
5540,mlkem,fixed,decaps,25286
5541,mlkem,fixed,decaps,25330
5542,mlkem,fixed,decaps,25342
5543,mlkem,fixed,decaps,25317
5544,mlkem,fixed,decaps,25321
5545,mlkem,fixed,decaps,25351
5546,mlkem,fixed,decaps,25332
5547,mlkem,fixed,decaps,25321
5548,mlkem,fixed,decaps,25299
5549,mlkem,fixed,decaps,25305
5550,mlkem,fixed,decaps,25316
5551,mlkem,fixed,decaps,25316
5552,mlkem,fixed,decaps,25379
5553,mlkem,fixed,decaps,25335
5554,mlkem,fixed,decaps,25333
5555,mlkem,fixed,decaps,25329
5556,mlkem,fixed,decaps,25282
5557,mlkem,fixed,decaps,25346
5558,mlkem,fixed,decaps,25316
5559,mlkem,fixed,decaps,25389
5560,mlkem,fixed,decaps,25300
5561,mlkem,fixed,decaps,25315
5562,mlkem,fixed,decaps,25321
5563,mlkem,fixed,decaps,25332
5564,mlkem,fixed,decaps,25306
5565,mlkem,fixed,decaps,25323
5566,mlkem,fixed,decaps,25284
5567,mlkem,fixed,decaps,25358
5568,mlkem,fixed,decaps,25344
5569,mlkem,fixed,decaps,25337
5570,mlkem,fixed,decaps,25299
5571,mlkem,fixed,decaps,25310
5572,mlkem,fixed,decaps,25327
5573,mlkem,fixed,decaps,25328
5574,mlkem,fixed,decaps,25352
5575,mlkem,fixed,decaps,25289
5576,mlkem,fixed,decaps,25295
5577,mlkem,fixed,decaps,25326
5578,mlkem,fixed,decaps,25320
5579,mlkem,fixed,decaps,25329
5580,mlkem,fixed,decaps,25341
5581,mlkem,fixed,decaps,25336
5582,mlkem,fixed,decaps,25287
5583,mlkem,fixed,decaps,25344
5584,mlkem,fixed,decaps,25319
5585,mlkem,fixed,decaps,25303
5586,mlkem,fixed,decaps,25284
5587,mlkem,fixed,decaps,25314
5588,mlkem,fixed,decaps,25319
5589,mlkem,fixed,decaps,25316
5590,mlkem,fixed,decaps,25315
5591,mlkem,fixed,decaps,25320
5592,mlkem,fixed,decaps,25366
5593,mlkem,fixed,decaps,25315
5594,mlkem,fixed,decaps,25290
5595,mlkem,fixed,decaps,25339
5596,mlkem,fixed,decaps,25358
5597,mlkem,fixed,decaps,25358
5598,mlkem,fixed,decaps,25321
5599,mlkem,fixed,decaps,34484
5600,mlkem,fixed,decaps,31970
5601,mlkem,fixed,decaps,34018
5602,mlkem,fixed,decaps,26203
5603,mlkem,fixed,decaps,25387
5604,mlkem,fixed,decaps,25342
5605,mlkem,fixed,decaps,25364
5606,mlkem,fixed,decaps,25339
5607,mlkem,fixed,decaps,25360
5608,mlkem,fixed,decaps,25345
5609,mlkem,fixed,decaps,25321
5610,mlkem,fixed,decaps,25327
5611,mlkem,fixed,decaps,25372
5612,mlkem,fixed,decaps,25290
5613,mlkem,fixed,decaps,25318
5614,mlkem,fixed,decaps,25304
5615,mlkem,fixed,decaps,25310
5616,mlkem,fixed,decaps,25329
5617,mlkem,fixed,decaps,25352
5618,mlkem,fixed,decaps,25317
5619,mlkem,fixed,decaps,25334
5620,mlkem,fixed,decaps,25305
5621,mlkem,fixed,decaps,25332
5622,mlkem,fixed,decaps,25355
5623,mlkem,fixed,decaps,25314
5624,mlkem,fixed,decaps,25335
5625,mlkem,fixed,decaps,25331
5626,mlkem,fixed,decaps,25302
5627,mlkem,fixed,decaps,25326
5628,mlkem,fixed,decaps,25297
5629,mlkem,fixed,decaps,25289
5630,mlkem,fixed,decaps,25317
5631,mlkem,fixed,decaps,25267
5632,mlkem,fixed,decaps,25330
5633,mlkem,fixed,decaps,25312
5634,mlkem,fixed,decaps,25339
5635,mlkem,fixed,decaps,35942
5636,mlkem,fixed,decaps,25986
5637,mlkem,fixed,decaps,25332
5638,mlkem,fixed,decaps,25337
5639,mlkem,fixed,decaps,25408
5640,mlkem,fixed,decaps,25335
5641,mlkem,fixed,decaps,25345
5642,mlkem,fixed,decaps,25334
5643,mlkem,fixed,decaps,25347
5644,mlkem,fixed,decaps,25327
5645,mlkem,fixed,decaps,25368
5646,mlkem,fixed,decaps,25303
5647,mlkem,fixed,decaps,25323
5648,mlkem,fixed,decaps,25314
5649,mlkem,fixed,decaps,25356
5650,mlkem,fixed,decaps,25322
5651,mlkem,fixed,decaps,25337
5652,mlkem,fixed,decaps,25372
5653,mlkem,fixed,decaps,25348
5654,mlkem,fixed,decaps,25349
5655,mlkem,fixed,decaps,25373
5656,mlkem,fixed,decaps,25301
5657,mlkem,fixed,decaps,25329
5658,mlkem,fixed,decaps,25360
5659,mlkem,fixed,decaps,25333
5660,mlkem,fixed,decaps,25318
5661,mlkem,fixed,decaps,25292
5662,mlkem,fixed,decaps,25287
5663,mlkem,fixed,decaps,25355
5664,mlkem,fixed,decaps,25330
5665,mlkem,fixed,decaps,25363
5666,mlkem,fixed,decaps,25318
5667,mlkem,fixed,decaps,25319
5668,mlkem,fixed,decaps,25344
5669,mlkem,fixed,decaps,33288
5670,mlkem,fixed,decaps,25512
5671,mlkem,fixed,decaps,25383
5672,mlkem,fixed,decaps,25303
5673,mlkem,fixed,decaps,25359
5674,mlkem,fixed,decaps,25338
5675,mlkem,fixed,decaps,25370
5676,mlkem,fixed,decaps,25344
5677,mlkem,fixed,decaps,25307
5678,mlkem,fixed,decaps,25399
5679,mlkem,fixed,decaps,25377
5680,mlkem,fixed,decaps,25365
5681,mlkem,fixed,decaps,25365
5682,mlkem,fixed,decaps,25353
5683,mlkem,fixed,decaps,25315
5684,mlkem,fixed,decaps,25336
5685,mlkem,fixed,decaps,25359
5686,mlkem,fixed,decaps,25321
5687,mlkem,fixed,decaps,25347
5688,mlkem,fixed,decaps,25302
5689,mlkem,fixed,decaps,25342
5690,mlkem,fixed,decaps,25368
5691,mlkem,fixed,decaps,25305
5692,mlkem,fixed,decaps,25302
5693,mlkem,fixed,decaps,25296
5694,mlkem,fixed,decaps,25357
5695,mlkem,fixed,decaps,25337
5696,mlkem,fixed,decaps,25320
5697,mlkem,fixed,decaps,25333
5698,mlkem,fixed,decaps,25420
5699,mlkem,fixed,decaps,25340
5700,mlkem,fixed,decaps,25391
5701,mlkem,fixed,decaps,25354
5702,mlkem,fixed,decaps,25338
5703,mlkem,fixed,decaps,25379
5704,mlkem,fixed,decaps,25349
5705,mlkem,fixed,decaps,25426
5706,mlkem,fixed,decaps,25346
5707,mlkem,fixed,decaps,25314
5708,mlkem,fixed,decaps,25309
5709,mlkem,fixed,decaps,25343
5710,mlkem,fixed,decaps,25381
5711,mlkem,fixed,decaps,25382
5712,mlkem,fixed,decaps,25350
5713,mlkem,fixed,decaps,25314
5714,mlkem,fixed,decaps,25369
5715,mlkem,fixed,decaps,25375
5716,mlkem,fixed,decaps,25325
5717,mlkem,fixed,decaps,25385
5718,mlkem,fixed,decaps,25335
5719,mlkem,fixed,decaps,25341
5720,mlkem,fixed,decaps,25355
5721,mlkem,fixed,decaps,25326
5722,mlkem,fixed,decaps,25343
5723,mlkem,fixed,decaps,25339
5724,mlkem,fixed,decaps,25335
5725,mlkem,fixed,decaps,25361
5726,mlkem,fixed,decaps,25306
5727,mlkem,fixed,decaps,25328
5728,mlkem,fixed,decaps,25417
5729,mlkem,fixed,decaps,25347
5730,mlkem,fixed,decaps,25366
5731,mlkem,fixed,decaps,25338
5732,mlkem,fixed,decaps,25305
5733,mlkem,fixed,decaps,25340
5734,mlkem,fixed,decaps,25343
5735,mlkem,fixed,decaps,25341
5736,mlkem,fixed,decaps,25358
5737,mlkem,fixed,decaps,25321
5738,mlkem,fixed,decaps,25333
5739,mlkem,fixed,decaps,25346
5740,mlkem,fixed,decaps,25310
5741,mlkem,fixed,decaps,25314
5742,mlkem,fixed,decaps,25341
5743,mlkem,fixed,decaps,25337
5744,mlkem,fixed,decaps,25360
5745,mlkem,fixed,decaps,25317
5746,mlkem,fixed,decaps,25305
5747,mlkem,fixed,decaps,25338
5748,mlkem,fixed,decaps,25306
5749,mlkem,fixed,decaps,25342
5750,mlkem,fixed,decaps,25344
5751,mlkem,fixed,decaps,25333
5752,mlkem,fixed,decaps,25342
5753,mlkem,fixed,decaps,25362
5754,mlkem,fixed,decaps,25370
5755,mlkem,fixed,decaps,25333
5756,mlkem,fixed,decaps,25279
5757,mlkem,fixed,decaps,25345
5758,mlkem,fixed,decaps,25312
5759,mlkem,fixed,decaps,25380
5760,mlkem,fixed,decaps,25334
5761,mlkem,fixed,decaps,25376
5762,mlkem,fixed,decaps,25399
5763,mlkem,fixed,decaps,25352
5764,mlkem,fixed,decaps,25314
5765,mlkem,fixed,decaps,25348
5766,mlkem,fixed,decaps,25387
5767,mlkem,fixed,decaps,25292
5768,mlkem,fixed,decaps,25344
5769,mlkem,fixed,decaps,25361
5770,mlkem,fixed,decaps,25332
5771,mlkem,fixed,decaps,25350
5772,mlkem,fixed,decaps,36108
5773,mlkem,fixed,decaps,26024
5774,mlkem,fixed,decaps,25408
5775,mlkem,fixed,decaps,25330
5776,mlkem,fixed,decaps,25322
5777,mlkem,fixed,decaps,25329
5778,mlkem,fixed,decaps,25321
5779,mlkem,fixed,decaps,25360
5780,mlkem,fixed,decaps,25338
5781,mlkem,fixed,decaps,25308
5782,mlkem,fixed,decaps,25350
5783,mlkem,fixed,decaps,25371
5784,mlkem,fixed,decaps,25332
5785,mlkem,fixed,decaps,25340
5786,mlkem,fixed,decaps,25348
5787,mlkem,fixed,decaps,25345
5788,mlkem,fixed,decaps,25350
5789,mlkem,fixed,decaps,25317
5790,mlkem,fixed,decaps,25331
5791,mlkem,fixed,decaps,25349
5792,mlkem,fixed,decaps,25334
5793,mlkem,fixed,decaps,25353
5794,mlkem,fixed,decaps,25308
5795,mlkem,fixed,decaps,25337
5796,mlkem,fixed,decaps,25370
5797,mlkem,fixed,decaps,25314
5798,mlkem,fixed,decaps,25329
5799,mlkem,fixed,decaps,25331
5800,mlkem,fixed,decaps,25297
5801,mlkem,fixed,decaps,25354
5802,mlkem,fixed,decaps,25325
5803,mlkem,fixed,decaps,25354
5804,mlkem,fixed,decaps,25352
5805,mlkem,fixed,decaps,25267
5806,mlkem,fixed,decaps,25377
5807,mlkem,fixed,decaps,25380
5808,mlkem,fixed,decaps,25331
5809,mlkem,fixed,decaps,25371
5810,mlkem,fixed,decaps,25426
5811,mlkem,fixed,decaps,25376
5812,mlkem,fixed,decaps,25376
5813,mlkem,fixed,decaps,25411
5814,mlkem,fixed,decaps,25293
5815,mlkem,fixed,decaps,25330
5816,mlkem,fixed,decaps,25279
5817,mlkem,fixed,decaps,25350
5818,mlkem,fixed,decaps,25367
5819,mlkem,fixed,decaps,25286
5820,mlkem,fixed,decaps,25351
5821,mlkem,fixed,decaps,25316
5822,mlkem,fixed,decaps,25357
5823,mlkem,fixed,decaps,25343
5824,mlkem,fixed,decaps,31631
5825,mlkem,fixed,decaps,25669
5826,mlkem,fixed,decaps,25322
5827,mlkem,fixed,decaps,25610
5828,mlkem,fixed,decaps,36650
5829,mlkem,fixed,decaps,27341
5830,mlkem,fixed,decaps,32012
5831,mlkem,fixed,decaps,28948
5832,mlkem,fixed,decaps,25412
5833,mlkem,fixed,decaps,25367
5834,mlkem,fixed,decaps,25314
5835,mlkem,fixed,decaps,25325
5836,mlkem,fixed,decaps,25316
5837,mlkem,fixed,decaps,25296
5838,mlkem,fixed,decaps,25350
5839,mlkem,fixed,decaps,25299
5840,mlkem,fixed,decaps,25326
5841,mlkem,fixed,decaps,25317
5842,mlkem,fixed,decaps,25319
5843,mlkem,fixed,decaps,25311
5844,mlkem,fixed,decaps,25309
5845,mlkem,fixed,decaps,25341
5846,mlkem,fixed,decaps,25338
5847,mlkem,fixed,decaps,25376
5848,mlkem,fixed,decaps,25445
5849,mlkem,fixed,decaps,25369
5850,mlkem,fixed,decaps,25323
5851,mlkem,fixed,decaps,25294
5852,mlkem,fixed,decaps,25313
5853,mlkem,fixed,decaps,25349
5854,mlkem,fixed,decaps,25280
5855,mlkem,fixed,decaps,25316
5856,mlkem,fixed,decaps,25269
5857,mlkem,fixed,decaps,25339
5858,mlkem,fixed,decaps,25305
5859,mlkem,fixed,decaps,25295
5860,mlkem,fixed,decaps,25338
5861,mlkem,fixed,decaps,25342
5862,mlkem,fixed,decaps,25291
5863,mlkem,fixed,decaps,25329
5864,mlkem,fixed,decaps,25318
5865,mlkem,fixed,decaps,25302
5866,mlkem,fixed,decaps,25344
5867,mlkem,fixed,decaps,25287
5868,mlkem,fixed,decaps,25313
5869,mlkem,fixed,decaps,25335
5870,mlkem,fixed,decaps,25297
5871,mlkem,fixed,decaps,25331
5872,mlkem,fixed,decaps,25303
5873,mlkem,fixed,decaps,25287
5874,mlkem,fixed,decaps,25293
5875,mlkem,fixed,decaps,25333
5876,mlkem,fixed,decaps,25293
5877,mlkem,fixed,decaps,25338
5878,mlkem,fixed,decaps,25333
5879,mlkem,fixed,decaps,25320
5880,mlkem,fixed,decaps,25325
5881,mlkem,fixed,decaps,25299
5882,mlkem,fixed,decaps,25307
5883,mlkem,fixed,decaps,25357
5884,mlkem,fixed,decaps,25288
5885,mlkem,fixed,decaps,25296
5886,mlkem,fixed,decaps,25290
5887,mlkem,fixed,decaps,25290
5888,mlkem,fixed,decaps,25299
5889,mlkem,fixed,decaps,25287
5890,mlkem,fixed,decaps,25346
5891,mlkem,fixed,decaps,25385
5892,mlkem,fixed,decaps,25275
5893,mlkem,fixed,decaps,25333
5894,mlkem,fixed,decaps,25298
5895,mlkem,fixed,decaps,25321
5896,mlkem,fixed,decaps,25332
5897,mlkem,fixed,decaps,25276
5898,mlkem,fixed,decaps,25278
5899,mlkem,fixed,decaps,25304
5900,mlkem,fixed,decaps,25299
5901,mlkem,fixed,decaps,25293
5902,mlkem,fixed,decaps,25316
5903,mlkem,fixed,decaps,25320
5904,mlkem,fixed,decaps,25305
5905,mlkem,fixed,decaps,25339
5906,mlkem,fixed,decaps,25349
5907,mlkem,fixed,decaps,25308
5908,mlkem,fixed,decaps,36812
5909,mlkem,fixed,decaps,25948
5910,mlkem,fixed,decaps,25331
5911,mlkem,fixed,decaps,25348
5912,mlkem,fixed,decaps,25310
5913,mlkem,fixed,decaps,25318
5914,mlkem,fixed,decaps,25323
5915,mlkem,fixed,decaps,25353
5916,mlkem,fixed,decaps,25357
5917,mlkem,fixed,decaps,25290
5918,mlkem,fixed,decaps,25352
5919,mlkem,fixed,decaps,25351
5920,mlkem,fixed,decaps,25317
5921,mlkem,fixed,decaps,25316
5922,mlkem,fixed,decaps,25349
5923,mlkem,fixed,decaps,25309
5924,mlkem,fixed,decaps,25367
5925,mlkem,fixed,decaps,25306
5926,mlkem,fixed,decaps,25406
5927,mlkem,fixed,decaps,25302
5928,mlkem,fixed,decaps,25291
5929,mlkem,fixed,decaps,25346
5930,mlkem,fixed,decaps,25288
5931,mlkem,fixed,decaps,25322
5932,mlkem,fixed,decaps,25320
5933,mlkem,fixed,decaps,25331
5934,mlkem,fixed,decaps,25297
5935,mlkem,fixed,decaps,25301
5936,mlkem,fixed,decaps,25295
5937,mlkem,fixed,decaps,25338
5938,mlkem,fixed,decaps,25337
5939,mlkem,fixed,decaps,25312
5940,mlkem,fixed,decaps,25328
5941,mlkem,fixed,decaps,25334
5942,mlkem,fixed,decaps,25320
5943,mlkem,fixed,decaps,25306
5944,mlkem,fixed,decaps,25309
5945,mlkem,fixed,decaps,25334
5946,mlkem,fixed,decaps,25321
5947,mlkem,fixed,decaps,25290
5948,mlkem,fixed,decaps,25329
5949,mlkem,fixed,decaps,25360
5950,mlkem,fixed,decaps,25385
5951,mlkem,fixed,decaps,25329
5952,mlkem,fixed,decaps,25269
5953,mlkem,fixed,decaps,25324
5954,mlkem,fixed,decaps,25357
5955,mlkem,fixed,decaps,25311
5956,mlkem,fixed,decaps,25316
5957,mlkem,fixed,decaps,25328
5958,mlkem,fixed,decaps,25332
5959,mlkem,fixed,decaps,25335
5960,mlkem,fixed,decaps,25347
5961,mlkem,fixed,decaps,25309
5962,mlkem,fixed,decaps,25324
5963,mlkem,fixed,decaps,25311
5964,mlkem,fixed,decaps,25354
5965,mlkem,fixed,decaps,25320
5966,mlkem,fixed,decaps,25288
5967,mlkem,fixed,decaps,25313
5968,mlkem,fixed,decaps,25319
5969,mlkem,fixed,decaps,25327
5970,mlkem,fixed,decaps,25342
5971,mlkem,fixed,decaps,25307
5972,mlkem,fixed,decaps,25329
5973,mlkem,fixed,decaps,25369
5974,mlkem,fixed,decaps,25331
5975,mlkem,fixed,decaps,25316
5976,mlkem,fixed,decaps,25308
5977,mlkem,fixed,decaps,25294
5978,mlkem,fixed,decaps,25336
5979,mlkem,fixed,decaps,29911
5980,mlkem,fixed,decaps,25370
5981,mlkem,fixed,decaps,25329
5982,mlkem,fixed,decaps,25305
5983,mlkem,fixed,decaps,25344
5984,mlkem,fixed,decaps,25355
5985,mlkem,fixed,decaps,25365
5986,mlkem,fixed,decaps,25353
5987,mlkem,fixed,decaps,25264
5988,mlkem,fixed,decaps,25305
5989,mlkem,fixed,decaps,25330
5990,mlkem,fixed,decaps,25350
5991,mlkem,fixed,decaps,25315
5992,mlkem,fixed,decaps,25330
5993,mlkem,fixed,decaps,25332
5994,mlkem,fixed,decaps,25343
5995,mlkem,fixed,decaps,25337
5996,mlkem,fixed,decaps,25364
5997,mlkem,fixed,decaps,25353
5998,mlkem,fixed,decaps,25267
5999,mlkem,fixed,decaps,25334
6000,mlkem,fixed,decaps,25353
6001,mlkem,fixed,decaps,25314
6002,mlkem,fixed,decaps,25313
6003,mlkem,fixed,decaps,25326
6004,mlkem,fixed,decaps,25311
6005,mlkem,fixed,decaps,25367
6006,mlkem,fixed,decaps,25311
6007,mlkem,fixed,decaps,25342
6008,mlkem,fixed,decaps,25350
6009,mlkem,fixed,decaps,25332
6010,mlkem,fixed,decaps,25359
6011,mlkem,fixed,decaps,25334
6012,mlkem,fixed,decaps,25342
6013,mlkem,fixed,decaps,25333
6014,mlkem,fixed,decaps,25372
6015,mlkem,fixed,decaps,25346
6016,mlkem,fixed,decaps,25302
6017,mlkem,fixed,decaps,25318
6018,mlkem,fixed,decaps,25322
6019,mlkem,fixed,decaps,25364
6020,mlkem,fixed,decaps,25263
6021,mlkem,fixed,decaps,25276
6022,mlkem,fixed,decaps,25272
6023,mlkem,fixed,decaps,25362
6024,mlkem,fixed,decaps,25350
6025,mlkem,fixed,decaps,25314
6026,mlkem,fixed,decaps,25293
6027,mlkem,fixed,decaps,25319
6028,mlkem,fixed,decaps,25301
6029,mlkem,fixed,decaps,25336
6030,mlkem,fixed,decaps,25330
6031,mlkem,fixed,decaps,25328
6032,mlkem,fixed,decaps,25301
6033,mlkem,fixed,decaps,25307
6034,mlkem,fixed,decaps,25340
6035,mlkem,fixed,decaps,25303
6036,mlkem,fixed,decaps,25270
6037,mlkem,fixed,decaps,25317
6038,mlkem,fixed,decaps,25306
6039,mlkem,fixed,decaps,25348
6040,mlkem,fixed,decaps,25299
6041,mlkem,fixed,decaps,25318
6042,mlkem,fixed,decaps,25298
6043,mlkem,fixed,decaps,25329
6044,mlkem,fixed,decaps,25304
6045,mlkem,fixed,decaps,36203
6046,mlkem,fixed,decaps,25966
6047,mlkem,fixed,decaps,25375
6048,mlkem,fixed,decaps,25324
6049,mlkem,fixed,decaps,25334
6050,mlkem,fixed,decaps,25279
6051,mlkem,fixed,decaps,25344
6052,mlkem,fixed,decaps,25339
6053,mlkem,fixed,decaps,25281
6054,mlkem,fixed,decaps,25297
6055,mlkem,fixed,decaps,25337
6056,mlkem,fixed,decaps,25301
6057,mlkem,fixed,decaps,25347
6058,mlkem,fixed,decaps,25335
6059,mlkem,fixed,decaps,25291
6060,mlkem,fixed,decaps,25345
6061,mlkem,fixed,decaps,25275
6062,mlkem,fixed,decaps,25356
6063,mlkem,fixed,decaps,25323
6064,mlkem,fixed,decaps,25276
6065,mlkem,fixed,decaps,25317
6066,mlkem,fixed,decaps,25313
6067,mlkem,fixed,decaps,25315
6068,mlkem,fixed,decaps,25360
6069,mlkem,fixed,decaps,25318
6070,mlkem,fixed,decaps,25307
6071,mlkem,fixed,decaps,25332
6072,mlkem,fixed,decaps,25305
6073,mlkem,fixed,decaps,25305
6074,mlkem,fixed,decaps,25286
6075,mlkem,fixed,decaps,25292
6076,mlkem,fixed,decaps,25332
6077,mlkem,fixed,decaps,25349
6078,mlkem,fixed,decaps,25321
6079,mlkem,fixed,decaps,25300
6080,mlkem,fixed,decaps,25345
6081,mlkem,fixed,decaps,25360
6082,mlkem,fixed,decaps,25330
6083,mlkem,fixed,decaps,25311
6084,mlkem,fixed,decaps,25304
6085,mlkem,fixed,decaps,25348
6086,mlkem,fixed,decaps,25318
6087,mlkem,fixed,decaps,25328
6088,mlkem,fixed,decaps,25316
6089,mlkem,fixed,decaps,25324
6090,mlkem,fixed,decaps,25301
6091,mlkem,fixed,decaps,25344
6092,mlkem,fixed,decaps,25314
6093,mlkem,fixed,decaps,25317
6094,mlkem,fixed,decaps,25268
6095,mlkem,fixed,decaps,25319
6096,mlkem,fixed,decaps,25370
6097,mlkem,fixed,decaps,25289
6098,mlkem,fixed,decaps,25333
6099,mlkem,fixed,decaps,25354
6100,mlkem,fixed,decaps,25284
6101,mlkem,fixed,decaps,25348
6102,mlkem,fixed,decaps,25315
6103,mlkem,fixed,decaps,25329
6104,mlkem,fixed,decaps,25304
6105,mlkem,fixed,decaps,25284
6106,mlkem,fixed,decaps,25319
6107,mlkem,fixed,decaps,25340
6108,mlkem,fixed,decaps,25316
6109,mlkem,fixed,decaps,25323
6110,mlkem,fixed,decaps,25310
6111,mlkem,fixed,decaps,25349
6112,mlkem,fixed,decaps,25339
6113,mlkem,fixed,decaps,25349
6114,mlkem,fixed,decaps,25316
6115,mlkem,fixed,decaps,25330
6116,mlkem,fixed,decaps,25309
6117,mlkem,fixed,decaps,25310
6118,mlkem,fixed,decaps,25292
6119,mlkem,fixed,decaps,25359
6120,mlkem,fixed,decaps,25364
6121,mlkem,fixed,decaps,25325
6122,mlkem,fixed,decaps,25355
6123,mlkem,fixed,decaps,25328
6124,mlkem,fixed,decaps,25295
6125,mlkem,fixed,decaps,25353
6126,mlkem,fixed,decaps,25367
6127,mlkem,fixed,decaps,25319
6128,mlkem,fixed,decaps,25314
6129,mlkem,fixed,decaps,25343
6130,mlkem,fixed,decaps,38877
6131,mlkem,fixed,decaps,26084
6132,mlkem,fixed,decaps,26016
6133,mlkem,fixed,decaps,26116
6134,mlkem,fixed,decaps,30472
6135,mlkem,fixed,decaps,26084
6136,mlkem,fixed,decaps,26082
6137,mlkem,fixed,decaps,26018
6138,mlkem,fixed,decaps,26089
6139,mlkem,fixed,decaps,26081
6140,mlkem,fixed,decaps,26110
6141,mlkem,fixed,decaps,26115
6142,mlkem,fixed,decaps,26040
6143,mlkem,fixed,decaps,26048
6144,mlkem,fixed,decaps,26067
6145,mlkem,fixed,decaps,26035
6146,mlkem,fixed,decaps,26083
6147,mlkem,fixed,decaps,26049
6148,mlkem,fixed,decaps,26006
6149,mlkem,fixed,decaps,26056
6150,mlkem,fixed,decaps,26103
6151,mlkem,fixed,decaps,26045
6152,mlkem,fixed,decaps,26058
6153,mlkem,fixed,decaps,26060
6154,mlkem,fixed,decaps,26065
6155,mlkem,fixed,decaps,26082
6156,mlkem,fixed,decaps,26032
6157,mlkem,fixed,decaps,26077
6158,mlkem,fixed,decaps,26105
6159,mlkem,fixed,decaps,26040
6160,mlkem,fixed,decaps,26049
6161,mlkem,fixed,decaps,26073
6162,mlkem,fixed,decaps,26116
6163,mlkem,fixed,decaps,26065
6164,mlkem,fixed,decaps,25998
6165,mlkem,fixed,decaps,25998
6166,mlkem,fixed,decaps,26068
6167,mlkem,fixed,decaps,26036
6168,mlkem,fixed,decaps,38854
6169,mlkem,fixed,decaps,25370
6170,mlkem,fixed,decaps,25290
6171,mlkem,fixed,decaps,25320
6172,mlkem,fixed,decaps,25320
6173,mlkem,fixed,decaps,25293
6174,mlkem,fixed,decaps,25315
6175,mlkem,fixed,decaps,25319
6176,mlkem,fixed,decaps,25330
6177,mlkem,fixed,decaps,25314
6178,mlkem,fixed,decaps,25263
6179,mlkem,fixed,decaps,25331
6180,mlkem,fixed,decaps,25353
6181,mlkem,fixed,decaps,36272
6182,mlkem,fixed,decaps,25992
6183,mlkem,fixed,decaps,25393
6184,mlkem,fixed,decaps,25294
6185,mlkem,fixed,decaps,25344
6186,mlkem,fixed,decaps,25334
6187,mlkem,fixed,decaps,25270
6188,mlkem,fixed,decaps,25367
6189,mlkem,fixed,decaps,25334
6190,mlkem,fixed,decaps,25314
6191,mlkem,fixed,decaps,25332
6192,mlkem,fixed,decaps,25303
6193,mlkem,fixed,decaps,25400
6194,mlkem,fixed,decaps,25347
6195,mlkem,fixed,decaps,25297
6196,mlkem,fixed,decaps,25316
6197,mlkem,fixed,decaps,25373
6198,mlkem,fixed,decaps,25346
6199,mlkem,fixed,decaps,25339
6200,mlkem,fixed,decaps,25305
6201,mlkem,fixed,decaps,25279
6202,mlkem,fixed,decaps,25273
6203,mlkem,fixed,decaps,29537
6204,mlkem,fixed,decaps,25708
6205,mlkem,fixed,decaps,25315
6206,mlkem,fixed,decaps,39551
6207,mlkem,fixed,decaps,24613
6208,mlkem,fixed,decaps,24595
6209,mlkem,fixed,decaps,24631
6210,mlkem,fixed,decaps,24642
6211,mlkem,fixed,decaps,24717
6212,mlkem,fixed,decaps,24627
6213,mlkem,fixed,decaps,24642
6214,mlkem,fixed,decaps,24654
6215,mlkem,fixed,decaps,24648
6216,mlkem,fixed,decaps,24639
6217,mlkem,fixed,decaps,24669
6218,mlkem,fixed,decaps,24605
6219,mlkem,fixed,decaps,24625
6220,mlkem,fixed,decaps,24636
6221,mlkem,fixed,decaps,24618
6222,mlkem,fixed,decaps,24626
6223,mlkem,fixed,decaps,24624
6224,mlkem,fixed,decaps,24631
6225,mlkem,fixed,decaps,24658
6226,mlkem,fixed,decaps,24611
6227,mlkem,fixed,decaps,24666
6228,mlkem,fixed,decaps,24640
6229,mlkem,fixed,decaps,24621
6230,mlkem,fixed,decaps,24641
6231,mlkem,fixed,decaps,24635
6232,mlkem,fixed,decaps,24616
6233,mlkem,fixed,decaps,24619
6234,mlkem,fixed,decaps,24602
6235,mlkem,fixed,decaps,24627
6236,mlkem,fixed,decaps,24666
6237,mlkem,fixed,decaps,24633
6238,mlkem,fixed,decaps,24614
6239,mlkem,fixed,decaps,24625
6240,mlkem,fixed,decaps,24568
6241,mlkem,fixed,decaps,24638
6242,mlkem,fixed,decaps,24631
6243,mlkem,fixed,decaps,28823
6244,mlkem,fixed,decaps,24888
6245,mlkem,fixed,decaps,45736
6246,mlkem,fixed,decaps,25354
6247,mlkem,fixed,decaps,25307
6248,mlkem,fixed,decaps,25344
6249,mlkem,fixed,decaps,25280
6250,mlkem,fixed,decaps,25364
6251,mlkem,fixed,decaps,25354
6252,mlkem,fixed,decaps,25327
6253,mlkem,fixed,decaps,25288
6254,mlkem,fixed,decaps,25339
6255,mlkem,fixed,decaps,25342
6256,mlkem,fixed,decaps,25360
6257,mlkem,fixed,decaps,25293
6258,mlkem,fixed,decaps,25360
6259,mlkem,fixed,decaps,25363
6260,mlkem,fixed,decaps,25312
6261,mlkem,fixed,decaps,25340
6262,mlkem,fixed,decaps,25334
6263,mlkem,fixed,decaps,25333
6264,mlkem,fixed,decaps,25371
6265,mlkem,fixed,decaps,25326
6266,mlkem,fixed,decaps,25304
6267,mlkem,fixed,decaps,25314
6268,mlkem,fixed,decaps,25294
6269,mlkem,fixed,decaps,25336
6270,mlkem,fixed,decaps,25365
6271,mlkem,fixed,decaps,25355
6272,mlkem,fixed,decaps,25324
6273,mlkem,fixed,decaps,25342
6274,mlkem,fixed,decaps,25343
6275,mlkem,fixed,decaps,25348
6276,mlkem,fixed,decaps,25274
6277,mlkem,fixed,decaps,25311
6278,mlkem,fixed,decaps,25363
6279,mlkem,fixed,decaps,25336
6280,mlkem,fixed,decaps,25370
6281,mlkem,fixed,decaps,25377
6282,mlkem,fixed,decaps,25296
6283,mlkem,fixed,decaps,25320
6284,mlkem,fixed,decaps,25307
6285,mlkem,fixed,decaps,25349
6286,mlkem,fixed,decaps,25298
6287,mlkem,fixed,decaps,29203
6288,mlkem,fixed,decaps,25644
6289,mlkem,fixed,decaps,25346
6290,mlkem,fixed,decaps,25367
6291,mlkem,fixed,decaps,25345
6292,mlkem,fixed,decaps,25323
6293,mlkem,fixed,decaps,25338
6294,mlkem,fixed,decaps,25314
6295,mlkem,fixed,decaps,25369
6296,mlkem,fixed,decaps,25327
6297,mlkem,fixed,decaps,25293
6298,mlkem,fixed,decaps,25288
6299,mlkem,fixed,decaps,25375
6300,mlkem,fixed,decaps,25314
6301,mlkem,fixed,decaps,25335
6302,mlkem,fixed,decaps,25285
6303,mlkem,fixed,decaps,25343
6304,mlkem,fixed,decaps,25314
6305,mlkem,fixed,decaps,25326
6306,mlkem,fixed,decaps,25345
6307,mlkem,fixed,decaps,25314
6308,mlkem,fixed,decaps,25333
6309,mlkem,fixed,decaps,25353
6310,mlkem,fixed,decaps,25348
6311,mlkem,fixed,decaps,25361
6312,mlkem,fixed,decaps,25341
6313,mlkem,fixed,decaps,25275
6314,mlkem,fixed,decaps,25358
6315,mlkem,fixed,decaps,25357
6316,mlkem,fixed,decaps,25348
6317,mlkem,fixed,decaps,25353
6318,mlkem,fixed,decaps,36265
6319,mlkem,fixed,decaps,26004
6320,mlkem,fixed,decaps,25315
6321,mlkem,fixed,decaps,25349
6322,mlkem,fixed,decaps,25335
6323,mlkem,fixed,decaps,25374
6324,mlkem,fixed,decaps,25323
6325,mlkem,fixed,decaps,25304
6326,mlkem,fixed,decaps,25331
6327,mlkem,fixed,decaps,25350
6328,mlkem,fixed,decaps,25339
6329,mlkem,fixed,decaps,25369
6330,mlkem,fixed,decaps,25330
6331,mlkem,fixed,decaps,25300
6332,mlkem,fixed,decaps,25367
6333,mlkem,fixed,decaps,25324
6334,mlkem,fixed,decaps,25344
6335,mlkem,fixed,decaps,25332
6336,mlkem,fixed,decaps,25294
6337,mlkem,fixed,decaps,25309
6338,mlkem,fixed,decaps,25350
6339,mlkem,fixed,decaps,25343
6340,mlkem,fixed,decaps,25328
6341,mlkem,fixed,decaps,25288
6342,mlkem,fixed,decaps,25282
6343,mlkem,fixed,decaps,25372
6344,mlkem,fixed,decaps,25289
6345,mlkem,fixed,decaps,25313
6346,mlkem,fixed,decaps,25323
6347,mlkem,fixed,decaps,25334
6348,mlkem,fixed,decaps,25375
6349,mlkem,fixed,decaps,25306
6350,mlkem,fixed,decaps,25281
6351,mlkem,fixed,decaps,25335
6352,mlkem,fixed,decaps,25307
6353,mlkem,fixed,decaps,25351
6354,mlkem,fixed,decaps,25306
6355,mlkem,fixed,decaps,25295
6356,mlkem,fixed,decaps,25330
6357,mlkem,fixed,decaps,25331
6358,mlkem,fixed,decaps,25305
6359,mlkem,fixed,decaps,25339
6360,mlkem,fixed,decaps,25318
6361,mlkem,fixed,decaps,25316
6362,mlkem,fixed,decaps,25351
6363,mlkem,fixed,decaps,25327
6364,mlkem,fixed,decaps,25332
6365,mlkem,fixed,decaps,25328
6366,mlkem,fixed,decaps,25298
6367,mlkem,fixed,decaps,25347
6368,mlkem,fixed,decaps,25335
6369,mlkem,fixed,decaps,25302
6370,mlkem,fixed,decaps,25321
6371,mlkem,fixed,decaps,25329
6372,mlkem,fixed,decaps,25322
6373,mlkem,fixed,decaps,25353
6374,mlkem,fixed,decaps,25293
6375,mlkem,fixed,decaps,25328
6376,mlkem,fixed,decaps,25294
6377,mlkem,fixed,decaps,25308
6378,mlkem,fixed,decaps,25345
6379,mlkem,fixed,decaps,25443
6380,mlkem,fixed,decaps,36717
6381,mlkem,fixed,decaps,26977
6382,mlkem,fixed,decaps,34031
6383,mlkem,fixed,decaps,25892
6384,mlkem,fixed,decaps,25298
6385,mlkem,fixed,decaps,25344
6386,mlkem,fixed,decaps,25340
6387,mlkem,fixed,decaps,25396
6388,mlkem,fixed,decaps,25340
6389,mlkem,fixed,decaps,25269
6390,mlkem,fixed,decaps,25332
6391,mlkem,fixed,decaps,25380
6392,mlkem,fixed,decaps,25321
6393,mlkem,fixed,decaps,25343
6394,mlkem,fixed,decaps,25298
6395,mlkem,fixed,decaps,25347
6396,mlkem,fixed,decaps,25330
6397,mlkem,fixed,decaps,25316
6398,mlkem,fixed,decaps,25352
6399,mlkem,fixed,decaps,25354
6400,mlkem,fixed,decaps,25321
6401,mlkem,fixed,decaps,25387
6402,mlkem,fixed,decaps,25321
6403,mlkem,fixed,decaps,25347
6404,mlkem,fixed,decaps,25346
6405,mlkem,fixed,decaps,25289
6406,mlkem,fixed,decaps,25401
6407,mlkem,fixed,decaps,25338
6408,mlkem,fixed,decaps,25286
6409,mlkem,fixed,decaps,25339
6410,mlkem,fixed,decaps,25354
6411,mlkem,fixed,decaps,25371
6412,mlkem,fixed,decaps,25383
6413,mlkem,fixed,decaps,25288
6414,mlkem,fixed,decaps,25373
6415,mlkem,fixed,decaps,25326
6416,mlkem,fixed,decaps,25313
6417,mlkem,fixed,decaps,25346
6418,mlkem,fixed,decaps,25305
6419,mlkem,fixed,decaps,25344
6420,mlkem,fixed,decaps,25338
6421,mlkem,fixed,decaps,25352
6422,mlkem,fixed,decaps,25355
6423,mlkem,fixed,decaps,25325
6424,mlkem,fixed,decaps,25329
6425,mlkem,fixed,decaps,25326
6426,mlkem,fixed,decaps,25314
6427,mlkem,fixed,decaps,25365
6428,mlkem,fixed,decaps,25335
6429,mlkem,fixed,decaps,25301
6430,mlkem,fixed,decaps,25371
6431,mlkem,fixed,decaps,25348
6432,mlkem,fixed,decaps,25358
6433,mlkem,fixed,decaps,25322
6434,mlkem,fixed,decaps,25293
6435,mlkem,fixed,decaps,25355
6436,mlkem,fixed,decaps,25344
6437,mlkem,fixed,decaps,25267
6438,mlkem,fixed,decaps,25318
6439,mlkem,fixed,decaps,25333
6440,mlkem,fixed,decaps,25308
6441,mlkem,fixed,decaps,25353
6442,mlkem,fixed,decaps,32960
6443,mlkem,fixed,decaps,25532
6444,mlkem,fixed,decaps,25386
6445,mlkem,fixed,decaps,25329
6446,mlkem,fixed,decaps,25322
6447,mlkem,fixed,decaps,25334
6448,mlkem,fixed,decaps,25366
6449,mlkem,fixed,decaps,25344
6450,mlkem,fixed,decaps,25285
6451,mlkem,fixed,decaps,25326
6452,mlkem,fixed,decaps,25355
6453,mlkem,fixed,decaps,25333
6454,mlkem,fixed,decaps,36650
6455,mlkem,fixed,decaps,26022
6456,mlkem,fixed,decaps,25347
6457,mlkem,fixed,decaps,25402
6458,mlkem,fixed,decaps,25357
6459,mlkem,fixed,decaps,25314
6460,mlkem,fixed,decaps,25366
6461,mlkem,fixed,decaps,25315
6462,mlkem,fixed,decaps,25339
6463,mlkem,fixed,decaps,25336
6464,mlkem,fixed,decaps,25337
6465,mlkem,fixed,decaps,25346
6466,mlkem,fixed,decaps,25331
6467,mlkem,fixed,decaps,25343
6468,mlkem,fixed,decaps,25324
6469,mlkem,fixed,decaps,25291
6470,mlkem,fixed,decaps,25343
6471,mlkem,fixed,decaps,25370
6472,mlkem,fixed,decaps,25301
6473,mlkem,fixed,decaps,25316
6474,mlkem,fixed,decaps,25341
6475,mlkem,fixed,decaps,25312
6476,mlkem,fixed,decaps,25362
6477,mlkem,fixed,decaps,25307
6478,mlkem,fixed,decaps,25337
6479,mlkem,fixed,decaps,25345
6480,mlkem,fixed,decaps,25325
6481,mlkem,fixed,decaps,25360
6482,mlkem,fixed,decaps,25325
6483,mlkem,fixed,decaps,25298
6484,mlkem,fixed,decaps,25403
6485,mlkem,fixed,decaps,25313
6486,mlkem,fixed,decaps,25366
6487,mlkem,fixed,decaps,25367
6488,mlkem,fixed,decaps,25310
6489,mlkem,fixed,decaps,25364
6490,mlkem,fixed,decaps,25398
6491,mlkem,fixed,decaps,25329
6492,mlkem,fixed,decaps,25360
6493,mlkem,fixed,decaps,25284
6494,mlkem,fixed,decaps,25371
6495,mlkem,fixed,decaps,25360
6496,mlkem,fixed,decaps,25329
6497,mlkem,fixed,decaps,25363
6498,mlkem,fixed,decaps,25335
6499,mlkem,fixed,decaps,25337
6500,mlkem,fixed,decaps,25368
6501,mlkem,fixed,decaps,25325
6502,mlkem,fixed,decaps,25363
6503,mlkem,fixed,decaps,25338
6504,mlkem,fixed,decaps,25329
6505,mlkem,fixed,decaps,25348
6506,mlkem,fixed,decaps,25340
6507,mlkem,fixed,decaps,25274
6508,mlkem,fixed,decaps,25356
6509,mlkem,fixed,decaps,25337
6510,mlkem,fixed,decaps,25389
6511,mlkem,fixed,decaps,25326
6512,mlkem,fixed,decaps,25312
6513,mlkem,fixed,decaps,25330
6514,mlkem,fixed,decaps,25360
6515,mlkem,fixed,decaps,25313
6516,mlkem,fixed,decaps,25354
6517,mlkem,fixed,decaps,25309
6518,mlkem,fixed,decaps,25337
6519,mlkem,fixed,decaps,25342
6520,mlkem,fixed,decaps,25307
6521,mlkem,fixed,decaps,25360
6522,mlkem,fixed,decaps,25323
6523,mlkem,fixed,decaps,25305
6524,mlkem,fixed,decaps,25357
6525,mlkem,fixed,decaps,25293
6526,mlkem,fixed,decaps,25369
6527,mlkem,fixed,decaps,25361
6528,mlkem,fixed,decaps,25349
6529,mlkem,fixed,decaps,25342
6530,mlkem,fixed,decaps,25362
6531,mlkem,fixed,decaps,25311
6532,mlkem,fixed,decaps,25355
6533,mlkem,fixed,decaps,25268
6534,mlkem,fixed,decaps,25344
6535,mlkem,fixed,decaps,25352
6536,mlkem,fixed,decaps,25332
6537,mlkem,fixed,decaps,25354
6538,mlkem,fixed,decaps,25361
6539,mlkem,fixed,decaps,25314
6540,mlkem,fixed,decaps,25376
6541,mlkem,fixed,decaps,25286
6542,mlkem,fixed,decaps,25351
6543,mlkem,fixed,decaps,25338
6544,mlkem,fixed,decaps,25320
6545,mlkem,fixed,decaps,25335
6546,mlkem,fixed,decaps,25358
6547,mlkem,fixed,decaps,25302
6548,mlkem,fixed,decaps,25364
6549,mlkem,fixed,decaps,25296
6550,mlkem,fixed,decaps,25364
6551,mlkem,fixed,decaps,25339
6552,mlkem,fixed,decaps,25310
6553,mlkem,fixed,decaps,25370
6554,mlkem,fixed,decaps,25368
6555,mlkem,fixed,decaps,25325
6556,mlkem,fixed,decaps,25343
6557,mlkem,fixed,decaps,25276
6558,mlkem,fixed,decaps,25320
6559,mlkem,fixed,decaps,25326
6560,mlkem,fixed,decaps,25349
6561,mlkem,fixed,decaps,25357
6562,mlkem,fixed,decaps,25347
6563,mlkem,fixed,decaps,25272
6564,mlkem,fixed,decaps,25344
6565,mlkem,fixed,decaps,25304
6566,mlkem,fixed,decaps,25346
6567,mlkem,fixed,decaps,25316
6568,mlkem,fixed,decaps,25290
6569,mlkem,fixed,decaps,25366
6570,mlkem,fixed,decaps,25350
6571,mlkem,fixed,decaps,25311
6572,mlkem,fixed,decaps,25314
6573,mlkem,fixed,decaps,25303
6574,mlkem,fixed,decaps,25358
6575,mlkem,fixed,decaps,25326
6576,mlkem,fixed,decaps,25286
6577,mlkem,fixed,decaps,25300
6578,mlkem,fixed,decaps,25327
6579,mlkem,fixed,decaps,25294
6580,mlkem,fixed,decaps,25333
6581,mlkem,fixed,decaps,25330
6582,mlkem,fixed,decaps,25322
6583,mlkem,fixed,decaps,25325
6584,mlkem,fixed,decaps,25303
6585,mlkem,fixed,decaps,25336
6586,mlkem,fixed,decaps,25359
6587,mlkem,fixed,decaps,25332
6588,mlkem,fixed,decaps,25297
6589,mlkem,fixed,decaps,25336
6590,mlkem,fixed,decaps,25370
6591,mlkem,fixed,decaps,36088
6592,mlkem,fixed,decaps,25910
6593,mlkem,fixed,decaps,25370
6594,mlkem,fixed,decaps,25299
6595,mlkem,fixed,decaps,25324
6596,mlkem,fixed,decaps,33598
6597,mlkem,fixed,decaps,25739
6598,mlkem,fixed,decaps,25371
6599,mlkem,fixed,decaps,25301
6600,mlkem,fixed,decaps,25318
6601,mlkem,fixed,decaps,25299
6602,mlkem,fixed,decaps,25344
6603,mlkem,fixed,decaps,25318
6604,mlkem,fixed,decaps,25338
6605,mlkem,fixed,decaps,25297
6606,mlkem,fixed,decaps,25328
6607,mlkem,fixed,decaps,25334
6608,mlkem,fixed,decaps,25323
6609,mlkem,fixed,decaps,27333
6610,mlkem,fixed,decaps,34211
6611,mlkem,fixed,decaps,26444
6612,mlkem,fixed,decaps,33868
6613,mlkem,fixed,decaps,26041
6614,mlkem,fixed,decaps,25363
6615,mlkem,fixed,decaps,25327
6616,mlkem,fixed,decaps,25381
6617,mlkem,fixed,decaps,25353
6618,mlkem,fixed,decaps,25296
6619,mlkem,fixed,decaps,25357
6620,mlkem,fixed,decaps,25367
6621,mlkem,fixed,decaps,25280
6622,mlkem,fixed,decaps,25330
6623,mlkem,fixed,decaps,25376
6624,mlkem,fixed,decaps,25278
6625,mlkem,fixed,decaps,25345
6626,mlkem,fixed,decaps,25310
6627,mlkem,fixed,decaps,25355
6628,mlkem,fixed,decaps,25318
6629,mlkem,fixed,decaps,25295
6630,mlkem,fixed,decaps,25318
6631,mlkem,fixed,decaps,25352
6632,mlkem,fixed,decaps,25292
6633,mlkem,fixed,decaps,25351
6634,mlkem,fixed,decaps,25299
6635,mlkem,fixed,decaps,25328
6636,mlkem,fixed,decaps,25325
6637,mlkem,fixed,decaps,25290
6638,mlkem,fixed,decaps,25323
6639,mlkem,fixed,decaps,25354
6640,mlkem,fixed,decaps,25255
6641,mlkem,fixed,decaps,25305
6642,mlkem,fixed,decaps,25290
6643,mlkem,fixed,decaps,25355
6644,mlkem,fixed,decaps,25326
6645,mlkem,fixed,decaps,25309
6646,mlkem,fixed,decaps,25332
6647,mlkem,fixed,decaps,25355
6648,mlkem,fixed,decaps,25304
6649,mlkem,fixed,decaps,25304
6650,mlkem,fixed,decaps,25323
6651,mlkem,fixed,decaps,25324
6652,mlkem,fixed,decaps,25319
6653,mlkem,fixed,decaps,25300
6654,mlkem,fixed,decaps,25330
6655,mlkem,fixed,decaps,25334
6656,mlkem,fixed,decaps,25300
6657,mlkem,fixed,decaps,25333
6658,mlkem,fixed,decaps,25302
6659,mlkem,fixed,decaps,25304
6660,mlkem,fixed,decaps,25297
6661,mlkem,fixed,decaps,25274
6662,mlkem,fixed,decaps,25304
6663,mlkem,fixed,decaps,25299
6664,mlkem,fixed,decaps,25341
6665,mlkem,fixed,decaps,25346
6666,mlkem,fixed,decaps,25304
6667,mlkem,fixed,decaps,25355
6668,mlkem,fixed,decaps,25341
6669,mlkem,fixed,decaps,25286
6670,mlkem,fixed,decaps,25335
6671,mlkem,fixed,decaps,25346
6672,mlkem,fixed,decaps,25353
6673,mlkem,fixed,decaps,25327
6674,mlkem,fixed,decaps,25289
6675,mlkem,fixed,decaps,25328
6676,mlkem,fixed,decaps,25354
6677,mlkem,fixed,decaps,25317
6678,mlkem,fixed,decaps,25330
6679,mlkem,fixed,decaps,25304
6680,mlkem,fixed,decaps,25296
6681,mlkem,fixed,decaps,25333
6682,mlkem,fixed,decaps,25369
6683,mlkem,fixed,decaps,25355
6684,mlkem,fixed,decaps,25297
6685,mlkem,fixed,decaps,25322
6686,mlkem,fixed,decaps,25346
6687,mlkem,fixed,decaps,25345
6688,mlkem,fixed,decaps,25322
6689,mlkem,fixed,decaps,25309
6690,mlkem,fixed,decaps,25340
6691,mlkem,fixed,decaps,25314
6692,mlkem,fixed,decaps,25354
6693,mlkem,fixed,decaps,25300
6694,mlkem,fixed,decaps,25372
6695,mlkem,fixed,decaps,25312
6696,mlkem,fixed,decaps,25294
6697,mlkem,fixed,decaps,25345
6698,mlkem,fixed,decaps,25325
6699,mlkem,fixed,decaps,25266
6700,mlkem,fixed,decaps,25284
6701,mlkem,fixed,decaps,25308
6702,mlkem,fixed,decaps,25387
6703,mlkem,fixed,decaps,25343
6704,mlkem,fixed,decaps,25277
6705,mlkem,fixed,decaps,25296
6706,mlkem,fixed,decaps,25386
6707,mlkem,fixed,decaps,25317
6708,mlkem,fixed,decaps,25336
6709,mlkem,fixed,decaps,25301
6710,mlkem,fixed,decaps,25307
6711,mlkem,fixed,decaps,25332
6712,mlkem,fixed,decaps,25273
6713,mlkem,fixed,decaps,25328
6714,mlkem,fixed,decaps,25360
6715,mlkem,fixed,decaps,25318
6716,mlkem,fixed,decaps,25326
6717,mlkem,fixed,decaps,25300
6718,mlkem,fixed,decaps,25350
6719,mlkem,fixed,decaps,25337
6720,mlkem,fixed,decaps,25315
6721,mlkem,fixed,decaps,25362
6722,mlkem,fixed,decaps,25359
6723,mlkem,fixed,decaps,25273
6724,mlkem,fixed,decaps,25331
6725,mlkem,fixed,decaps,25318
6726,mlkem,fixed,decaps,25329
6727,mlkem,fixed,decaps,35964
6728,mlkem,fixed,decaps,25965
6729,mlkem,fixed,decaps,25356
6730,mlkem,fixed,decaps,25368
6731,mlkem,fixed,decaps,25331
6732,mlkem,fixed,decaps,25325
6733,mlkem,fixed,decaps,25346
6734,mlkem,fixed,decaps,25347
6735,mlkem,fixed,decaps,25315
6736,mlkem,fixed,decaps,25333
6737,mlkem,fixed,decaps,25314
6738,mlkem,fixed,decaps,25361
6739,mlkem,fixed,decaps,25347
6740,mlkem,fixed,decaps,25354
6741,mlkem,fixed,decaps,25364
6742,mlkem,fixed,decaps,25303
6743,mlkem,fixed,decaps,25314
6744,mlkem,fixed,decaps,25324
6745,mlkem,fixed,decaps,25345
6746,mlkem,fixed,decaps,25290
6747,mlkem,fixed,decaps,25295
6748,mlkem,fixed,decaps,25253
6749,mlkem,fixed,decaps,25331
6750,mlkem,fixed,decaps,25321
6751,mlkem,fixed,decaps,32282
6752,mlkem,fixed,decaps,25536
6753,mlkem,fixed,decaps,25422
6754,mlkem,fixed,decaps,25340
6755,mlkem,fixed,decaps,25329
6756,mlkem,fixed,decaps,25356
6757,mlkem,fixed,decaps,25350
6758,mlkem,fixed,decaps,25308
6759,mlkem,fixed,decaps,25402
6760,mlkem,fixed,decaps,25373
6761,mlkem,fixed,decaps,25338
6762,mlkem,fixed,decaps,25343
6763,mlkem,fixed,decaps,25300
6764,mlkem,fixed,decaps,25338
6765,mlkem,fixed,decaps,25318
6766,mlkem,fixed,decaps,25323
6767,mlkem,fixed,decaps,25309
6768,mlkem,fixed,decaps,25309
6769,mlkem,fixed,decaps,25380
6770,mlkem,fixed,decaps,25350
6771,mlkem,fixed,decaps,25319
6772,mlkem,fixed,decaps,25357
6773,mlkem,fixed,decaps,25293
6774,mlkem,fixed,decaps,25289
6775,mlkem,fixed,decaps,25332
6776,mlkem,fixed,decaps,25324
6777,mlkem,fixed,decaps,25296
6778,mlkem,fixed,decaps,25314
6779,mlkem,fixed,decaps,25284
6780,mlkem,fixed,decaps,25350
6781,mlkem,fixed,decaps,25363
6782,mlkem,fixed,decaps,25294
6783,mlkem,fixed,decaps,25356
6784,mlkem,fixed,decaps,25305
6785,mlkem,fixed,decaps,25328
6786,mlkem,fixed,decaps,25349
6787,mlkem,fixed,decaps,25337
6788,mlkem,fixed,decaps,25319
6789,mlkem,fixed,decaps,25327
6790,mlkem,fixed,decaps,25304
6791,mlkem,fixed,decaps,25336
6792,mlkem,fixed,decaps,25338
6793,mlkem,fixed,decaps,25321
6794,mlkem,fixed,decaps,25312
6795,mlkem,fixed,decaps,25348
6796,mlkem,fixed,decaps,25324
6797,mlkem,fixed,decaps,25325
6798,mlkem,fixed,decaps,25359
6799,mlkem,fixed,decaps,25383
6800,mlkem,fixed,decaps,25347
6801,mlkem,fixed,decaps,25324
6802,mlkem,fixed,decaps,25285
6803,mlkem,fixed,decaps,25325
6804,mlkem,fixed,decaps,25327
6805,mlkem,fixed,decaps,25366
6806,mlkem,fixed,decaps,25317
6807,mlkem,fixed,decaps,25294
6808,mlkem,fixed,decaps,25308
6809,mlkem,fixed,decaps,25325
6810,mlkem,fixed,decaps,25343
6811,mlkem,fixed,decaps,25332
6812,mlkem,fixed,decaps,25303
6813,mlkem,fixed,decaps,25318
6814,mlkem,fixed,decaps,25340
6815,mlkem,fixed,decaps,25333
6816,mlkem,fixed,decaps,25322
6817,mlkem,fixed,decaps,25298
6818,mlkem,fixed,decaps,25287
6819,mlkem,fixed,decaps,25328
6820,mlkem,fixed,decaps,25287
6821,mlkem,fixed,decaps,25312
6822,mlkem,fixed,decaps,25306
6823,mlkem,fixed,decaps,25299
6824,mlkem,fixed,decaps,25332
6825,mlkem,fixed,decaps,25364
6826,mlkem,fixed,decaps,25298
6827,mlkem,fixed,decaps,25311
6828,mlkem,fixed,decaps,25270
6829,mlkem,fixed,decaps,25337
6830,mlkem,fixed,decaps,25382
6831,mlkem,fixed,decaps,25330
6832,mlkem,fixed,decaps,25280
6833,mlkem,fixed,decaps,25283
6834,mlkem,fixed,decaps,25307
6835,mlkem,fixed,decaps,25343
6836,mlkem,fixed,decaps,25290
6837,mlkem,fixed,decaps,25282
6838,mlkem,fixed,decaps,25334
6839,mlkem,fixed,decaps,25390
6840,mlkem,fixed,decaps,25352
6841,mlkem,fixed,decaps,25338
6842,mlkem,fixed,decaps,25278
6843,mlkem,fixed,decaps,25313
6844,mlkem,fixed,decaps,25307
6845,mlkem,fixed,decaps,25310
6846,mlkem,fixed,decaps,25333
6847,mlkem,fixed,decaps,25303
6848,mlkem,fixed,decaps,25310
6849,mlkem,fixed,decaps,25320
6850,mlkem,fixed,decaps,25319
6851,mlkem,fixed,decaps,25264
6852,mlkem,fixed,decaps,25335
6853,mlkem,fixed,decaps,25331
6854,mlkem,fixed,decaps,25328
6855,mlkem,fixed,decaps,25331
6856,mlkem,fixed,decaps,25303
6857,mlkem,fixed,decaps,25313
6858,mlkem,fixed,decaps,25327
6859,mlkem,fixed,decaps,25303
6860,mlkem,fixed,decaps,25354
6861,mlkem,fixed,decaps,25308
6862,mlkem,fixed,decaps,25340
6863,mlkem,fixed,decaps,25312
6864,mlkem,fixed,decaps,36364
6865,mlkem,fixed,decaps,26048
6866,mlkem,fixed,decaps,25347
6867,mlkem,fixed,decaps,25338
6868,mlkem,fixed,decaps,25380
6869,mlkem,fixed,decaps,25343
6870,mlkem,fixed,decaps,25331
6871,mlkem,fixed,decaps,25273
6872,mlkem,fixed,decaps,25286
6873,mlkem,fixed,decaps,25344
6874,mlkem,fixed,decaps,25354
6875,mlkem,fixed,decaps,25279
6876,mlkem,fixed,decaps,25301
6877,mlkem,fixed,decaps,25300
6878,mlkem,fixed,decaps,25379
6879,mlkem,fixed,decaps,25338
6880,mlkem,fixed,decaps,25304
6881,mlkem,fixed,decaps,25272
6882,mlkem,fixed,decaps,25316
6883,mlkem,fixed,decaps,25330
6884,mlkem,fixed,decaps,25298
6885,mlkem,fixed,decaps,25311
6886,mlkem,fixed,decaps,25312
6887,mlkem,fixed,decaps,25340
6888,mlkem,fixed,decaps,25291
6889,mlkem,fixed,decaps,25300
6890,mlkem,fixed,decaps,25318
6891,mlkem,fixed,decaps,25284
6892,mlkem,fixed,decaps,25335
6893,mlkem,fixed,decaps,25325
6894,mlkem,fixed,decaps,25342
6895,mlkem,fixed,decaps,25339
6896,mlkem,fixed,decaps,25332
6897,mlkem,fixed,decaps,25317
6898,mlkem,fixed,decaps,25354
6899,mlkem,fixed,decaps,25282
6900,mlkem,fixed,decaps,25313
6901,mlkem,fixed,decaps,25288
6902,mlkem,fixed,decaps,25357
6903,mlkem,fixed,decaps,25362
6904,mlkem,fixed,decaps,25292
6905,mlkem,fixed,decaps,25318
6906,mlkem,fixed,decaps,30712
6907,mlkem,fixed,decaps,25826
6908,mlkem,fixed,decaps,25348
6909,mlkem,fixed,decaps,25405
6910,mlkem,fixed,decaps,25474
6911,mlkem,fixed,decaps,25294
6912,mlkem,fixed,decaps,25295
6913,mlkem,fixed,decaps,25331
6914,mlkem,fixed,decaps,25302
6915,mlkem,fixed,decaps,25312
6916,mlkem,fixed,decaps,25330
6917,mlkem,fixed,decaps,25329
6918,mlkem,fixed,decaps,25389
6919,mlkem,fixed,decaps,25339
6920,mlkem,fixed,decaps,25293
6921,mlkem,fixed,decaps,25341
6922,mlkem,fixed,decaps,25316
6923,mlkem,fixed,decaps,25319
6924,mlkem,fixed,decaps,25342
6925,mlkem,fixed,decaps,25318
6926,mlkem,fixed,decaps,25303
6927,mlkem,fixed,decaps,25285
6928,mlkem,fixed,decaps,25351
6929,mlkem,fixed,decaps,25363
6930,mlkem,fixed,decaps,25279
6931,mlkem,fixed,decaps,25309
6932,mlkem,fixed,decaps,25308
6933,mlkem,fixed,decaps,25329
6934,mlkem,fixed,decaps,25353
6935,mlkem,fixed,decaps,25289
6936,mlkem,fixed,decaps,25342
6937,mlkem,fixed,decaps,25326
6938,mlkem,fixed,decaps,25337
6939,mlkem,fixed,decaps,25311
6940,mlkem,fixed,decaps,25319
6941,mlkem,fixed,decaps,25317
6942,mlkem,fixed,decaps,25357
6943,mlkem,fixed,decaps,25290
6944,mlkem,fixed,decaps,25294
6945,mlkem,fixed,decaps,25298
6946,mlkem,fixed,decaps,25329
6947,mlkem,fixed,decaps,25301
6948,mlkem,fixed,decaps,25407
6949,mlkem,fixed,decaps,25329
6950,mlkem,fixed,decaps,25320
6951,mlkem,fixed,decaps,25308
6952,mlkem,fixed,decaps,25352
6953,mlkem,fixed,decaps,25347
6954,mlkem,fixed,decaps,25342
6955,mlkem,fixed,decaps,25340
6956,mlkem,fixed,decaps,25349
6957,mlkem,fixed,decaps,25291
6958,mlkem,fixed,decaps,25385
6959,mlkem,fixed,decaps,25285
6960,mlkem,fixed,decaps,25334
6961,mlkem,fixed,decaps,25300
6962,mlkem,fixed,decaps,25313
6963,mlkem,fixed,decaps,25310
6964,mlkem,fixed,decaps,25337
6965,mlkem,fixed,decaps,25345
6966,mlkem,fixed,decaps,25359
6967,mlkem,fixed,decaps,25301
6968,mlkem,fixed,decaps,25359
6969,mlkem,fixed,decaps,25319
6970,mlkem,fixed,decaps,25327
6971,mlkem,fixed,decaps,25283
6972,mlkem,fixed,decaps,25322
6973,mlkem,fixed,decaps,25393
6974,mlkem,fixed,decaps,25317
6975,mlkem,fixed,decaps,25286
6976,mlkem,fixed,decaps,25311
6977,mlkem,fixed,decaps,25354
6978,mlkem,fixed,decaps,25302
6979,mlkem,fixed,decaps,25333
6980,mlkem,fixed,decaps,25274
6981,mlkem,fixed,decaps,25300
6982,mlkem,fixed,decaps,25345
6983,mlkem,fixed,decaps,25324
6984,mlkem,fixed,decaps,25307
6985,mlkem,fixed,decaps,25302
6986,mlkem,fixed,decaps,25289
6987,mlkem,fixed,decaps,25293
6988,mlkem,fixed,decaps,25319
6989,mlkem,fixed,decaps,25282
6990,mlkem,fixed,decaps,25319
6991,mlkem,fixed,decaps,25298
6992,mlkem,fixed,decaps,25310
6993,mlkem,fixed,decaps,25341
6994,mlkem,fixed,decaps,25303
6995,mlkem,fixed,decaps,25290
6996,mlkem,fixed,decaps,25312
6997,mlkem,fixed,decaps,25327
6998,mlkem,fixed,decaps,25347
6999,mlkem,fixed,decaps,25303
7000,mlkem,fixed,decaps,36485
7001,mlkem,fixed,decaps,26052
7002,mlkem,fixed,decaps,25330
7003,mlkem,fixed,decaps,25281
7004,mlkem,fixed,decaps,25316
7005,mlkem,fixed,decaps,25330
7006,mlkem,fixed,decaps,25332
7007,mlkem,fixed,decaps,25300
7008,mlkem,fixed,decaps,25326
7009,mlkem,fixed,decaps,25323
7010,mlkem,fixed,decaps,25343
7011,mlkem,fixed,decaps,25368
7012,mlkem,fixed,decaps,25326
7013,mlkem,fixed,decaps,25314
7014,mlkem,fixed,decaps,25328
7015,mlkem,fixed,decaps,25317
7016,mlkem,fixed,decaps,25356
7017,mlkem,fixed,decaps,25323
7018,mlkem,fixed,decaps,25277
7019,mlkem,fixed,decaps,25275
7020,mlkem,fixed,decaps,25365
7021,mlkem,fixed,decaps,25325
7022,mlkem,fixed,decaps,25332
7023,mlkem,fixed,decaps,25298
7024,mlkem,fixed,decaps,25350
7025,mlkem,fixed,decaps,25370
7026,mlkem,fixed,decaps,25328
7027,mlkem,fixed,decaps,25329
7028,mlkem,fixed,decaps,25321
7029,mlkem,fixed,decaps,25306
7030,mlkem,fixed,decaps,25349
7031,mlkem,fixed,decaps,25353
7032,mlkem,fixed,decaps,25276
7033,mlkem,fixed,decaps,25278
7034,mlkem,fixed,decaps,25264
7035,mlkem,fixed,decaps,25290
7036,mlkem,fixed,decaps,25299
7037,mlkem,fixed,decaps,25326
7038,mlkem,fixed,decaps,25358
7039,mlkem,fixed,decaps,25295
7040,mlkem,fixed,decaps,25352
7041,mlkem,fixed,decaps,25329
7042,mlkem,fixed,decaps,25326
7043,mlkem,fixed,decaps,25320
7044,mlkem,fixed,decaps,25275
7045,mlkem,fixed,decaps,25289
7046,mlkem,fixed,decaps,25303
7047,mlkem,fixed,decaps,25295
7048,mlkem,fixed,decaps,25319
7049,mlkem,fixed,decaps,25334
7050,mlkem,fixed,decaps,25305
7051,mlkem,fixed,decaps,25319
7052,mlkem,fixed,decaps,25304
7053,mlkem,fixed,decaps,25321
7054,mlkem,fixed,decaps,25318
7055,mlkem,fixed,decaps,25311
7056,mlkem,fixed,decaps,25332
7057,mlkem,fixed,decaps,25276
7058,mlkem,fixed,decaps,25308
7059,mlkem,fixed,decaps,25316
7060,mlkem,fixed,decaps,25333
7061,mlkem,fixed,decaps,25340
7062,mlkem,fixed,decaps,29468
7063,mlkem,fixed,decaps,25595
7064,mlkem,fixed,decaps,25376
7065,mlkem,fixed,decaps,25331
7066,mlkem,fixed,decaps,25347
7067,mlkem,fixed,decaps,25329
7068,mlkem,fixed,decaps,25329
7069,mlkem,fixed,decaps,25323
7070,mlkem,fixed,decaps,25328
7071,mlkem,fixed,decaps,25345
7072,mlkem,fixed,decaps,25324
7073,mlkem,fixed,decaps,25307
7074,mlkem,fixed,decaps,25313
7075,mlkem,fixed,decaps,25343
7076,mlkem,fixed,decaps,25367
7077,mlkem,fixed,decaps,25338
7078,mlkem,fixed,decaps,25307
7079,mlkem,fixed,decaps,25340
7080,mlkem,fixed,decaps,25352
7081,mlkem,fixed,decaps,25351
7082,mlkem,fixed,decaps,25372
7083,mlkem,fixed,decaps,25323
7084,mlkem,fixed,decaps,25316
7085,mlkem,fixed,decaps,25355
7086,mlkem,fixed,decaps,25317
7087,mlkem,fixed,decaps,25353
7088,mlkem,fixed,decaps,25314
7089,mlkem,fixed,decaps,25373
7090,mlkem,fixed,decaps,25300
7091,mlkem,fixed,decaps,25350
7092,mlkem,fixed,decaps,25342
7093,mlkem,fixed,decaps,25314
7094,mlkem,fixed,decaps,25330
7095,mlkem,fixed,decaps,25331
7096,mlkem,fixed,decaps,25338
7097,mlkem,fixed,decaps,25312
7098,mlkem,fixed,decaps,25312
7099,mlkem,fixed,decaps,25303
7100,mlkem,fixed,decaps,25399
7101,mlkem,fixed,decaps,25360
7102,mlkem,fixed,decaps,25341
7103,mlkem,fixed,decaps,25325
7104,mlkem,fixed,decaps,25351
7105,mlkem,fixed,decaps,25324
7106,mlkem,fixed,decaps,25329
7107,mlkem,fixed,decaps,25326
7108,mlkem,fixed,decaps,25287
7109,mlkem,fixed,decaps,25314
7110,mlkem,fixed,decaps,25327
7111,mlkem,fixed,decaps,25323
7112,mlkem,fixed,decaps,25282
7113,mlkem,fixed,decaps,25266
7114,mlkem,fixed,decaps,25331
7115,mlkem,fixed,decaps,25325
7116,mlkem,fixed,decaps,25345
7117,mlkem,fixed,decaps,25307
7118,mlkem,fixed,decaps,25281
7119,mlkem,fixed,decaps,25292
7120,mlkem,fixed,decaps,25345
7121,mlkem,fixed,decaps,25357
7122,mlkem,fixed,decaps,25354
7123,mlkem,fixed,decaps,28938
7124,mlkem,fixed,decaps,35239
7125,mlkem,fixed,decaps,26381
7126,mlkem,fixed,decaps,30752
7127,mlkem,fixed,decaps,30549
7128,mlkem,fixed,decaps,25517
7129,mlkem,fixed,decaps,25388
7130,mlkem,fixed,decaps,25399
7131,mlkem,fixed,decaps,25344
7132,mlkem,fixed,decaps,25320
7133,mlkem,fixed,decaps,25328
7134,mlkem,fixed,decaps,25338
7135,mlkem,fixed,decaps,25355
7136,mlkem,fixed,decaps,25404
7137,mlkem,fixed,decaps,35953
7138,mlkem,fixed,decaps,25986
7139,mlkem,fixed,decaps,25335
7140,mlkem,fixed,decaps,25371
7141,mlkem,fixed,decaps,25387
7142,mlkem,fixed,decaps,25309
7143,mlkem,fixed,decaps,25347
7144,mlkem,fixed,decaps,25360
7145,mlkem,fixed,decaps,25316
7146,mlkem,fixed,decaps,25350
7147,mlkem,fixed,decaps,25377
7148,mlkem,fixed,decaps,25373
7149,mlkem,fixed,decaps,25350
7150,mlkem,fixed,decaps,25327
7151,mlkem,fixed,decaps,25357
7152,mlkem,fixed,decaps,25339
7153,mlkem,fixed,decaps,25361
7154,mlkem,fixed,decaps,25367
7155,mlkem,fixed,decaps,25307
7156,mlkem,fixed,decaps,25295
7157,mlkem,fixed,decaps,25361
7158,mlkem,fixed,decaps,25383
7159,mlkem,fixed,decaps,25319
7160,mlkem,fixed,decaps,25291
7161,mlkem,fixed,decaps,25411
7162,mlkem,fixed,decaps,37139
7163,mlkem,fixed,decaps,28237
7164,mlkem,fixed,decaps,33628
7165,mlkem,fixed,decaps,25559
7166,mlkem,fixed,decaps,25393
7167,mlkem,fixed,decaps,25321
7168,mlkem,fixed,decaps,25312
7169,mlkem,fixed,decaps,25322
7170,mlkem,fixed,decaps,25309
7171,mlkem,fixed,decaps,25317
7172,mlkem,fixed,decaps,25312
7173,mlkem,fixed,decaps,25328
7174,mlkem,fixed,decaps,25332
7175,mlkem,fixed,decaps,25309
7176,mlkem,fixed,decaps,25339
7177,mlkem,fixed,decaps,25354
7178,mlkem,fixed,decaps,25327
7179,mlkem,fixed,decaps,25319
7180,mlkem,fixed,decaps,25328
7181,mlkem,fixed,decaps,25347
7182,mlkem,fixed,decaps,25327
7183,mlkem,fixed,decaps,25263
7184,mlkem,fixed,decaps,25330
7185,mlkem,fixed,decaps,25336
7186,mlkem,fixed,decaps,25310
7187,mlkem,fixed,decaps,25317
7188,mlkem,fixed,decaps,25318
7189,mlkem,fixed,decaps,25306
7190,mlkem,fixed,decaps,25341
7191,mlkem,fixed,decaps,25327
7192,mlkem,fixed,decaps,25330
7193,mlkem,fixed,decaps,25340
7194,mlkem,fixed,decaps,25284
7195,mlkem,fixed,decaps,25341
7196,mlkem,fixed,decaps,25368
7197,mlkem,fixed,decaps,25342
7198,mlkem,fixed,decaps,25346
7199,mlkem,fixed,decaps,25330
7200,mlkem,fixed,decaps,25331
7201,mlkem,fixed,decaps,25353
7202,mlkem,fixed,decaps,25309
7203,mlkem,fixed,decaps,25332
7204,mlkem,fixed,decaps,25277
7205,mlkem,fixed,decaps,25312
7206,mlkem,fixed,decaps,25311
7207,mlkem,fixed,decaps,25338
7208,mlkem,fixed,decaps,25284
7209,mlkem,fixed,decaps,25300
7210,mlkem,fixed,decaps,25398
7211,mlkem,fixed,decaps,25349
7212,mlkem,fixed,decaps,25357
7213,mlkem,fixed,decaps,25321
7214,mlkem,fixed,decaps,25316
7215,mlkem,fixed,decaps,25341
7216,mlkem,fixed,decaps,33256
7217,mlkem,fixed,decaps,25441
7218,mlkem,fixed,decaps,25363
7219,mlkem,fixed,decaps,25336
7220,mlkem,fixed,decaps,25330
7221,mlkem,fixed,decaps,25342
7222,mlkem,fixed,decaps,25362
7223,mlkem,fixed,decaps,25363
7224,mlkem,fixed,decaps,25396
7225,mlkem,fixed,decaps,25405
7226,mlkem,fixed,decaps,25351
7227,mlkem,fixed,decaps,25430
7228,mlkem,fixed,decaps,25363
7229,mlkem,fixed,decaps,25304
7230,mlkem,fixed,decaps,25388
7231,mlkem,fixed,decaps,25375
7232,mlkem,fixed,decaps,25379
7233,mlkem,fixed,decaps,25368
7234,mlkem,fixed,decaps,25355
7235,mlkem,fixed,decaps,25374
7236,mlkem,fixed,decaps,25358
7237,mlkem,fixed,decaps,25376
7238,mlkem,fixed,decaps,25355
7239,mlkem,fixed,decaps,25358
7240,mlkem,fixed,decaps,25383
7241,mlkem,fixed,decaps,25321
7242,mlkem,fixed,decaps,25383
7243,mlkem,fixed,decaps,25351
7244,mlkem,fixed,decaps,25338
7245,mlkem,fixed,decaps,25366
7246,mlkem,fixed,decaps,25404
7247,mlkem,fixed,decaps,25354
7248,mlkem,fixed,decaps,25360
7249,mlkem,fixed,decaps,25309
7250,mlkem,fixed,decaps,25376
7251,mlkem,fixed,decaps,25375
7252,mlkem,fixed,decaps,25313
7253,mlkem,fixed,decaps,25391
7254,mlkem,fixed,decaps,25350
7255,mlkem,fixed,decaps,25301
7256,mlkem,fixed,decaps,25370
7257,mlkem,fixed,decaps,25372
7258,mlkem,fixed,decaps,25321
7259,mlkem,fixed,decaps,25351
7260,mlkem,fixed,decaps,25372
7261,mlkem,fixed,decaps,25339
7262,mlkem,fixed,decaps,25340
7263,mlkem,fixed,decaps,25396
7264,mlkem,fixed,decaps,25304
7265,mlkem,fixed,decaps,25354
7266,mlkem,fixed,decaps,25327
7267,mlkem,fixed,decaps,25353
7268,mlkem,fixed,decaps,25347
7269,mlkem,fixed,decaps,25319
7270,mlkem,fixed,decaps,25352
7271,mlkem,fixed,decaps,25388
7272,mlkem,fixed,decaps,25367
7273,mlkem,fixed,decaps,25340
7274,mlkem,fixed,decaps,36796
7275,mlkem,fixed,decaps,26190
7276,mlkem,fixed,decaps,25444
7277,mlkem,fixed,decaps,25362
7278,mlkem,fixed,decaps,25335
7279,mlkem,fixed,decaps,25336
7280,mlkem,fixed,decaps,25336
7281,mlkem,fixed,decaps,25326
7282,mlkem,fixed,decaps,25299
7283,mlkem,fixed,decaps,25343
7284,mlkem,fixed,decaps,25348
7285,mlkem,fixed,decaps,25358
7286,mlkem,fixed,decaps,25370
7287,mlkem,fixed,decaps,25343
7288,mlkem,fixed,decaps,25313
7289,mlkem,fixed,decaps,25355
7290,mlkem,fixed,decaps,25364
7291,mlkem,fixed,decaps,25307
7292,mlkem,fixed,decaps,25385
7293,mlkem,fixed,decaps,25342
7294,mlkem,fixed,decaps,25306
7295,mlkem,fixed,decaps,25368
7296,mlkem,fixed,decaps,25304
7297,mlkem,fixed,decaps,25355
7298,mlkem,fixed,decaps,25336
7299,mlkem,fixed,decaps,25314
7300,mlkem,fixed,decaps,25364
7301,mlkem,fixed,decaps,25342
7302,mlkem,fixed,decaps,25316
7303,mlkem,fixed,decaps,25307
7304,mlkem,fixed,decaps,25341
7305,mlkem,fixed,decaps,25318
7306,mlkem,fixed,decaps,25332
7307,mlkem,fixed,decaps,25313
7308,mlkem,fixed,decaps,25327
7309,mlkem,fixed,decaps,25328
7310,mlkem,fixed,decaps,25353
7311,mlkem,fixed,decaps,25399
7312,mlkem,fixed,decaps,25339
7313,mlkem,fixed,decaps,25331
7314,mlkem,fixed,decaps,25381
7315,mlkem,fixed,decaps,25347
7316,mlkem,fixed,decaps,25313
7317,mlkem,fixed,decaps,25384
7318,mlkem,fixed,decaps,25316
7319,mlkem,fixed,decaps,25303
7320,mlkem,fixed,decaps,25362
7321,mlkem,fixed,decaps,25338
7322,mlkem,fixed,decaps,25318
7323,mlkem,fixed,decaps,25344
7324,mlkem,fixed,decaps,25358
7325,mlkem,fixed,decaps,25363
7326,mlkem,fixed,decaps,25344
7327,mlkem,fixed,decaps,25335
7328,mlkem,fixed,decaps,25340
7329,mlkem,fixed,decaps,25350
7330,mlkem,fixed,decaps,25332
7331,mlkem,fixed,decaps,25350
7332,mlkem,fixed,decaps,25342
7333,mlkem,fixed,decaps,25326
7334,mlkem,fixed,decaps,25356
7335,mlkem,fixed,decaps,25333
7336,mlkem,fixed,decaps,25341
7337,mlkem,fixed,decaps,25306
7338,mlkem,fixed,decaps,25319
7339,mlkem,fixed,decaps,25331
7340,mlkem,fixed,decaps,25345
7341,mlkem,fixed,decaps,25326
7342,mlkem,fixed,decaps,25332
7343,mlkem,fixed,decaps,25290
7344,mlkem,fixed,decaps,25339
7345,mlkem,fixed,decaps,25331
7346,mlkem,fixed,decaps,25319
7347,mlkem,fixed,decaps,25304
7348,mlkem,fixed,decaps,25354
7349,mlkem,fixed,decaps,25326
7350,mlkem,fixed,decaps,25369
7351,mlkem,fixed,decaps,25335
7352,mlkem,fixed,decaps,25326
7353,mlkem,fixed,decaps,25357
7354,mlkem,fixed,decaps,25304
7355,mlkem,fixed,decaps,25361
7356,mlkem,fixed,decaps,25332
7357,mlkem,fixed,decaps,25335
7358,mlkem,fixed,decaps,25352
7359,mlkem,fixed,decaps,25329
7360,mlkem,fixed,decaps,25341
7361,mlkem,fixed,decaps,25353
7362,mlkem,fixed,decaps,25351
7363,mlkem,fixed,decaps,25351
7364,mlkem,fixed,decaps,25369
7365,mlkem,fixed,decaps,25372
7366,mlkem,fixed,decaps,25310
7367,mlkem,fixed,decaps,25314
7368,mlkem,fixed,decaps,25351
7369,mlkem,fixed,decaps,25340
7370,mlkem,fixed,decaps,25367
7371,mlkem,fixed,decaps,29641
7372,mlkem,fixed,decaps,25508
7373,mlkem,fixed,decaps,25354
7374,mlkem,fixed,decaps,25369
7375,mlkem,fixed,decaps,25345
7376,mlkem,fixed,decaps,25309
7377,mlkem,fixed,decaps,25355
7378,mlkem,fixed,decaps,25337
7379,mlkem,fixed,decaps,25375
7380,mlkem,fixed,decaps,25405
7381,mlkem,fixed,decaps,25340
7382,mlkem,fixed,decaps,25303
7383,mlkem,fixed,decaps,25321
7384,mlkem,fixed,decaps,25320
7385,mlkem,fixed,decaps,25349
7386,mlkem,fixed,decaps,25412
7387,mlkem,fixed,decaps,25280
7388,mlkem,fixed,decaps,25374
7389,mlkem,fixed,decaps,25364
7390,mlkem,fixed,decaps,25340
7391,mlkem,fixed,decaps,25354
7392,mlkem,fixed,decaps,25333
7393,mlkem,fixed,decaps,25315
7394,mlkem,fixed,decaps,25356
7395,mlkem,fixed,decaps,25320
7396,mlkem,fixed,decaps,25338
7397,mlkem,fixed,decaps,25332
7398,mlkem,fixed,decaps,25339
7399,mlkem,fixed,decaps,25327
7400,mlkem,fixed,decaps,25371
7401,mlkem,fixed,decaps,25309
7402,mlkem,fixed,decaps,25336
7403,mlkem,fixed,decaps,35763
7404,mlkem,fixed,decaps,30424
7405,mlkem,fixed,decaps,34846
7406,mlkem,fixed,decaps,26449
7407,mlkem,fixed,decaps,25320
7408,mlkem,fixed,decaps,25360
7409,mlkem,fixed,decaps,25350
7410,mlkem,fixed,decaps,36011
7411,mlkem,fixed,decaps,25860
7412,mlkem,fixed,decaps,25339
7413,mlkem,fixed,decaps,25372
7414,mlkem,fixed,decaps,25320
7415,mlkem,fixed,decaps,25349
7416,mlkem,fixed,decaps,25335
7417,mlkem,fixed,decaps,25346
7418,mlkem,fixed,decaps,25351
7419,mlkem,fixed,decaps,25323
7420,mlkem,fixed,decaps,25323
7421,mlkem,fixed,decaps,25349
7422,mlkem,fixed,decaps,25359
7423,mlkem,fixed,decaps,25335
7424,mlkem,fixed,decaps,25311
7425,mlkem,fixed,decaps,25286
7426,mlkem,fixed,decaps,25367
7427,mlkem,fixed,decaps,25350
7428,mlkem,fixed,decaps,25321
7429,mlkem,fixed,decaps,25309
7430,mlkem,fixed,decaps,25297
7431,mlkem,fixed,decaps,25356
7432,mlkem,fixed,decaps,25347
7433,mlkem,fixed,decaps,25305
7434,mlkem,fixed,decaps,25343
7435,mlkem,fixed,decaps,25360
7436,mlkem,fixed,decaps,25320
7437,mlkem,fixed,decaps,25321
7438,mlkem,fixed,decaps,25331
7439,mlkem,fixed,decaps,25385
7440,mlkem,fixed,decaps,25323
7441,mlkem,fixed,decaps,25307
7442,mlkem,fixed,decaps,25329
7443,mlkem,fixed,decaps,25362
7444,mlkem,fixed,decaps,25290
7445,mlkem,fixed,decaps,25328
7446,mlkem,fixed,decaps,25373
7447,mlkem,fixed,decaps,25348
7448,mlkem,fixed,decaps,25297
7449,mlkem,fixed,decaps,25302
7450,mlkem,fixed,decaps,25329
7451,mlkem,fixed,decaps,25356
7452,mlkem,fixed,decaps,25339
7453,mlkem,fixed,decaps,25343
7454,mlkem,fixed,decaps,25329
7455,mlkem,fixed,decaps,25331
7456,mlkem,fixed,decaps,25326
7457,mlkem,fixed,decaps,25328
7458,mlkem,fixed,decaps,25374
7459,mlkem,fixed,decaps,25329
7460,mlkem,fixed,decaps,25288
7461,mlkem,fixed,decaps,25325
7462,mlkem,fixed,decaps,25335
7463,mlkem,fixed,decaps,25323
7464,mlkem,fixed,decaps,25330
7465,mlkem,fixed,decaps,25314
7466,mlkem,fixed,decaps,25325
7467,mlkem,fixed,decaps,25330
7468,mlkem,fixed,decaps,25321
7469,mlkem,fixed,decaps,25323
7470,mlkem,fixed,decaps,25347
7471,mlkem,fixed,decaps,25321
7472,mlkem,fixed,decaps,25311
7473,mlkem,fixed,decaps,25348
7474,mlkem,fixed,decaps,25304
7475,mlkem,fixed,decaps,25313
7476,mlkem,fixed,decaps,25337
7477,mlkem,fixed,decaps,25314
7478,mlkem,fixed,decaps,25330
7479,mlkem,fixed,decaps,25312
7480,mlkem,fixed,decaps,25325
7481,mlkem,fixed,decaps,25324
7482,mlkem,fixed,decaps,25328
7483,mlkem,fixed,decaps,25323
7484,mlkem,fixed,decaps,25309
7485,mlkem,fixed,decaps,25275
7486,mlkem,fixed,decaps,25339
7487,mlkem,fixed,decaps,25326
7488,mlkem,fixed,decaps,25270
7489,mlkem,fixed,decaps,25302
7490,mlkem,fixed,decaps,25301
7491,mlkem,fixed,decaps,25348
7492,mlkem,fixed,decaps,25329
7493,mlkem,fixed,decaps,25307
7494,mlkem,fixed,decaps,25315
7495,mlkem,fixed,decaps,25345
7496,mlkem,fixed,decaps,25338
7497,mlkem,fixed,decaps,25333
7498,mlkem,fixed,decaps,25364
7499,mlkem,fixed,decaps,25342
7500,mlkem,fixed,decaps,25331
7501,mlkem,fixed,decaps,25327
7502,mlkem,fixed,decaps,25354
7503,mlkem,fixed,decaps,25372
7504,mlkem,fixed,decaps,25306
7505,mlkem,fixed,decaps,25355
7506,mlkem,fixed,decaps,25354
7507,mlkem,fixed,decaps,25341
7508,mlkem,fixed,decaps,25361
7509,mlkem,fixed,decaps,25300
7510,mlkem,fixed,decaps,25327
7511,mlkem,fixed,decaps,25338
7512,mlkem,fixed,decaps,25316
7513,mlkem,fixed,decaps,25313
7514,mlkem,fixed,decaps,25354
7515,mlkem,fixed,decaps,25282
7516,mlkem,fixed,decaps,25340
7517,mlkem,fixed,decaps,25359
7518,mlkem,fixed,decaps,25348
7519,mlkem,fixed,decaps,25334
7520,mlkem,fixed,decaps,25320
7521,mlkem,fixed,decaps,25345
7522,mlkem,fixed,decaps,25354
7523,mlkem,fixed,decaps,25321
7524,mlkem,fixed,decaps,25305
7525,mlkem,fixed,decaps,30934
7526,mlkem,fixed,decaps,25932
7527,mlkem,fixed,decaps,25428
7528,mlkem,fixed,decaps,25372
7529,mlkem,fixed,decaps,25344
7530,mlkem,fixed,decaps,25385
7531,mlkem,fixed,decaps,25361
7532,mlkem,fixed,decaps,25430
7533,mlkem,fixed,decaps,25360
7534,mlkem,fixed,decaps,25350
7535,mlkem,fixed,decaps,25304
7536,mlkem,fixed,decaps,25374
7537,mlkem,fixed,decaps,25369
7538,mlkem,fixed,decaps,25328
7539,mlkem,fixed,decaps,25332
7540,mlkem,fixed,decaps,25380
7541,mlkem,fixed,decaps,25354
7542,mlkem,fixed,decaps,25381
7543,mlkem,fixed,decaps,25314
7544,mlkem,fixed,decaps,25366
7545,mlkem,fixed,decaps,25354
7546,mlkem,fixed,decaps,25336
7547,mlkem,fixed,decaps,36321
7548,mlkem,fixed,decaps,25996
7549,mlkem,fixed,decaps,25365
7550,mlkem,fixed,decaps,25349
7551,mlkem,fixed,decaps,25377
7552,mlkem,fixed,decaps,25336
7553,mlkem,fixed,decaps,25289
7554,mlkem,fixed,decaps,25346
7555,mlkem,fixed,decaps,25366
7556,mlkem,fixed,decaps,25328
7557,mlkem,fixed,decaps,25375
7558,mlkem,fixed,decaps,25309
7559,mlkem,fixed,decaps,25341
7560,mlkem,fixed,decaps,25371
7561,mlkem,fixed,decaps,25324
7562,mlkem,fixed,decaps,25340
7563,mlkem,fixed,decaps,25343
7564,mlkem,fixed,decaps,25323
7565,mlkem,fixed,decaps,25356
7566,mlkem,fixed,decaps,25367
7567,mlkem,fixed,decaps,25302
7568,mlkem,fixed,decaps,25296
7569,mlkem,fixed,decaps,25335
7570,mlkem,fixed,decaps,25320
7571,mlkem,fixed,decaps,25333
7572,mlkem,fixed,decaps,25314
7573,mlkem,fixed,decaps,25308
7574,mlkem,fixed,decaps,25359
7575,mlkem,fixed,decaps,25352
7576,mlkem,fixed,decaps,25374
7577,mlkem,fixed,decaps,25360
7578,mlkem,fixed,decaps,25325
7579,mlkem,fixed,decaps,25334
7580,mlkem,fixed,decaps,25329
7581,mlkem,fixed,decaps,25337
7582,mlkem,fixed,decaps,25287
7583,mlkem,fixed,decaps,25322
7584,mlkem,fixed,decaps,25346
7585,mlkem,fixed,decaps,25342
7586,mlkem,fixed,decaps,25291
7587,mlkem,fixed,decaps,25331
7588,mlkem,fixed,decaps,25334
7589,mlkem,fixed,decaps,25339
7590,mlkem,fixed,decaps,25348
7591,mlkem,fixed,decaps,25311
7592,mlkem,fixed,decaps,25332
7593,mlkem,fixed,decaps,25331
7594,mlkem,fixed,decaps,25327
7595,mlkem,fixed,decaps,25354
7596,mlkem,fixed,decaps,25338
7597,mlkem,fixed,decaps,25286
7598,mlkem,fixed,decaps,25336
7599,mlkem,fixed,decaps,25360
7600,mlkem,fixed,decaps,25361
7601,mlkem,fixed,decaps,25367
7602,mlkem,fixed,decaps,25328
7603,mlkem,fixed,decaps,25327
7604,mlkem,fixed,decaps,25354
7605,mlkem,fixed,decaps,25376
7606,mlkem,fixed,decaps,25332
7607,mlkem,fixed,decaps,25307
7608,mlkem,fixed,decaps,25293
7609,mlkem,fixed,decaps,25339
7610,mlkem,fixed,decaps,25389
7611,mlkem,fixed,decaps,25285
7612,mlkem,fixed,decaps,25297
7613,mlkem,fixed,decaps,25296
7614,mlkem,fixed,decaps,25341
7615,mlkem,fixed,decaps,25339
7616,mlkem,fixed,decaps,25309
7617,mlkem,fixed,decaps,25283
7618,mlkem,fixed,decaps,25340
7619,mlkem,fixed,decaps,25313
7620,mlkem,fixed,decaps,25326
7621,mlkem,fixed,decaps,25335
7622,mlkem,fixed,decaps,25292
7623,mlkem,fixed,decaps,25323
7624,mlkem,fixed,decaps,25344
7625,mlkem,fixed,decaps,25286
7626,mlkem,fixed,decaps,25332
7627,mlkem,fixed,decaps,25336
7628,mlkem,fixed,decaps,25353
7629,mlkem,fixed,decaps,25351
7630,mlkem,fixed,decaps,25343
7631,mlkem,fixed,decaps,25340
7632,mlkem,fixed,decaps,25301
7633,mlkem,fixed,decaps,25322
7634,mlkem,fixed,decaps,25341
7635,mlkem,fixed,decaps,25372
7636,mlkem,fixed,decaps,25312
7637,mlkem,fixed,decaps,25313
7638,mlkem,fixed,decaps,25329
7639,mlkem,fixed,decaps,25323
7640,mlkem,fixed,decaps,25347
7641,mlkem,fixed,decaps,25356
7642,mlkem,fixed,decaps,25304
7643,mlkem,fixed,decaps,25321
7644,mlkem,fixed,decaps,25369
7645,mlkem,fixed,decaps,25342
7646,mlkem,fixed,decaps,25353
7647,mlkem,fixed,decaps,25303
7648,mlkem,fixed,decaps,25357
7649,mlkem,fixed,decaps,25351
7650,mlkem,fixed,decaps,25322
7651,mlkem,fixed,decaps,25315
7652,mlkem,fixed,decaps,25340
7653,mlkem,fixed,decaps,25323
7654,mlkem,fixed,decaps,25349
7655,mlkem,fixed,decaps,25361
7656,mlkem,fixed,decaps,25334
7657,mlkem,fixed,decaps,25335
7658,mlkem,fixed,decaps,25323
7659,mlkem,fixed,decaps,25342
7660,mlkem,fixed,decaps,25342
7661,mlkem,fixed,decaps,25325
7662,mlkem,fixed,decaps,25323
7663,mlkem,fixed,decaps,25381
7664,mlkem,fixed,decaps,25359
7665,mlkem,fixed,decaps,25342
7666,mlkem,fixed,decaps,25338
7667,mlkem,fixed,decaps,25355
7668,mlkem,fixed,decaps,25330
7669,mlkem,fixed,decaps,25325
7670,mlkem,fixed,decaps,25391
7671,mlkem,fixed,decaps,25350
7672,mlkem,fixed,decaps,25311
7673,mlkem,fixed,decaps,25341
7674,mlkem,fixed,decaps,25362
7675,mlkem,fixed,decaps,25349
7676,mlkem,fixed,decaps,25322
7677,mlkem,fixed,decaps,25312
7678,mlkem,fixed,decaps,25312
7679,mlkem,fixed,decaps,25335
7680,mlkem,fixed,decaps,25340
7681,mlkem,fixed,decaps,29445
7682,mlkem,fixed,decaps,25481
7683,mlkem,fixed,decaps,36323
7684,mlkem,fixed,decaps,26018
7685,mlkem,fixed,decaps,25370
7686,mlkem,fixed,decaps,25317
7687,mlkem,fixed,decaps,25355
7688,mlkem,fixed,decaps,25347
7689,mlkem,fixed,decaps,25325
7690,mlkem,fixed,decaps,25345
7691,mlkem,fixed,decaps,25342
7692,mlkem,fixed,decaps,25391
7693,mlkem,fixed,decaps,25354
7694,mlkem,fixed,decaps,25336
7695,mlkem,fixed,decaps,25359
7696,mlkem,fixed,decaps,25360
7697,mlkem,fixed,decaps,25394
7698,mlkem,fixed,decaps,25394
7699,mlkem,fixed,decaps,25376
7700,mlkem,fixed,decaps,25325
7701,mlkem,fixed,decaps,25343
7702,mlkem,fixed,decaps,25338
7703,mlkem,fixed,decaps,25345
7704,mlkem,fixed,decaps,25354
7705,mlkem,fixed,decaps,25322
7706,mlkem,fixed,decaps,25369
7707,mlkem,fixed,decaps,25357
7708,mlkem,fixed,decaps,25367
7709,mlkem,fixed,decaps,25365
7710,mlkem,fixed,decaps,25380
7711,mlkem,fixed,decaps,25311
7712,mlkem,fixed,decaps,25316
7713,mlkem,fixed,decaps,25343
7714,mlkem,fixed,decaps,25328
7715,mlkem,fixed,decaps,25346
7716,mlkem,fixed,decaps,25347
7717,mlkem,fixed,decaps,25365
7718,mlkem,fixed,decaps,25374
7719,mlkem,fixed,decaps,25384
7720,mlkem,fixed,decaps,25295
7721,mlkem,fixed,decaps,25312
7722,mlkem,fixed,decaps,25289
7723,mlkem,fixed,decaps,25341
7724,mlkem,fixed,decaps,25334
7725,mlkem,fixed,decaps,25299
7726,mlkem,fixed,decaps,25344
7727,mlkem,fixed,decaps,25333
7728,mlkem,fixed,decaps,25339
7729,mlkem,fixed,decaps,25349
7730,mlkem,fixed,decaps,25311
7731,mlkem,fixed,decaps,25340
7732,mlkem,fixed,decaps,25347
7733,mlkem,fixed,decaps,25347
7734,mlkem,fixed,decaps,25359
7735,mlkem,fixed,decaps,25375
7736,mlkem,fixed,decaps,25332
7737,mlkem,fixed,decaps,25361
7738,mlkem,fixed,decaps,25313
7739,mlkem,fixed,decaps,25325
7740,mlkem,fixed,decaps,25328
7741,mlkem,fixed,decaps,25342
7742,mlkem,fixed,decaps,25332
7743,mlkem,fixed,decaps,25382
7744,mlkem,fixed,decaps,25284
7745,mlkem,fixed,decaps,25338
7746,mlkem,fixed,decaps,25359
7747,mlkem,fixed,decaps,25376
7748,mlkem,fixed,decaps,25366
7749,mlkem,fixed,decaps,25371
7750,mlkem,fixed,decaps,25306
7751,mlkem,fixed,decaps,25352
7752,mlkem,fixed,decaps,25331
7753,mlkem,fixed,decaps,25362
7754,mlkem,fixed,decaps,25305
7755,mlkem,fixed,decaps,25318
7756,mlkem,fixed,decaps,25353
7757,mlkem,fixed,decaps,25390
7758,mlkem,fixed,decaps,25338
7759,mlkem,fixed,decaps,25336
7760,mlkem,fixed,decaps,25364
7761,mlkem,fixed,decaps,25304
7762,mlkem,fixed,decaps,25320
7763,mlkem,fixed,decaps,25328
7764,mlkem,fixed,decaps,25299
7765,mlkem,fixed,decaps,25346
7766,mlkem,fixed,decaps,25314
7767,mlkem,fixed,decaps,25364
7768,mlkem,fixed,decaps,25355
7769,mlkem,fixed,decaps,25319
7770,mlkem,fixed,decaps,25333
7771,mlkem,fixed,decaps,25378
7772,mlkem,fixed,decaps,25323
7773,mlkem,fixed,decaps,25367
7774,mlkem,fixed,decaps,25297
7775,mlkem,fixed,decaps,25304
7776,mlkem,fixed,decaps,25394
7777,mlkem,fixed,decaps,25344
7778,mlkem,fixed,decaps,25390
7779,mlkem,fixed,decaps,25324
7780,mlkem,fixed,decaps,25301
7781,mlkem,fixed,decaps,25372
7782,mlkem,fixed,decaps,25415
7783,mlkem,fixed,decaps,25365
7784,mlkem,fixed,decaps,25355
7785,mlkem,fixed,decaps,25360
7786,mlkem,fixed,decaps,25357
7787,mlkem,fixed,decaps,25358
7788,mlkem,fixed,decaps,25355
7789,mlkem,fixed,decaps,25367
7790,mlkem,fixed,decaps,25431
7791,mlkem,fixed,decaps,25335
7792,mlkem,fixed,decaps,25363
7793,mlkem,fixed,decaps,25401
7794,mlkem,fixed,decaps,25317
7795,mlkem,fixed,decaps,25364
7796,mlkem,fixed,decaps,25374
7797,mlkem,fixed,decaps,25351
7798,mlkem,fixed,decaps,25356
7799,mlkem,fixed,decaps,25300
7800,mlkem,fixed,decaps,25326
7801,mlkem,fixed,decaps,25386
7802,mlkem,fixed,decaps,25398
7803,mlkem,fixed,decaps,25395
7804,mlkem,fixed,decaps,25321
7805,mlkem,fixed,decaps,25311
7806,mlkem,fixed,decaps,25319
7807,mlkem,fixed,decaps,25384
7808,mlkem,fixed,decaps,25323
7809,mlkem,fixed,decaps,25407
7810,mlkem,fixed,decaps,25333
7811,mlkem,fixed,decaps,25343
7812,mlkem,fixed,decaps,25386
7813,mlkem,fixed,decaps,25362
7814,mlkem,fixed,decaps,25365
7815,mlkem,fixed,decaps,25336
7816,mlkem,fixed,decaps,25306
7817,mlkem,fixed,decaps,25370
7818,mlkem,fixed,decaps,25367
7819,mlkem,fixed,decaps,25341
7820,mlkem,fixed,decaps,36036
7821,mlkem,fixed,decaps,25926
7822,mlkem,fixed,decaps,25345
7823,mlkem,fixed,decaps,25322
7824,mlkem,fixed,decaps,25341
7825,mlkem,fixed,decaps,25322
7826,mlkem,fixed,decaps,25306
7827,mlkem,fixed,decaps,25320
7828,mlkem,fixed,decaps,25296
7829,mlkem,fixed,decaps,25297
7830,mlkem,fixed,decaps,25326
7831,mlkem,fixed,decaps,25316
7832,mlkem,fixed,decaps,25352
7833,mlkem,fixed,decaps,25306
7834,mlkem,fixed,decaps,25325
7835,mlkem,fixed,decaps,25378
7836,mlkem,fixed,decaps,29736
7837,mlkem,fixed,decaps,25582
7838,mlkem,fixed,decaps,25427
7839,mlkem,fixed,decaps,25344
7840,mlkem,fixed,decaps,25389
7841,mlkem,fixed,decaps,25306
7842,mlkem,fixed,decaps,25347
7843,mlkem,fixed,decaps,25306
7844,mlkem,fixed,decaps,25358
7845,mlkem,fixed,decaps,25363
7846,mlkem,fixed,decaps,25287
7847,mlkem,fixed,decaps,25335
7848,mlkem,fixed,decaps,25340
7849,mlkem,fixed,decaps,25303
7850,mlkem,fixed,decaps,25341
7851,mlkem,fixed,decaps,25361
7852,mlkem,fixed,decaps,25310
7853,mlkem,fixed,decaps,25345
7854,mlkem,fixed,decaps,25351
7855,mlkem,fixed,decaps,25357
7856,mlkem,fixed,decaps,25325
7857,mlkem,fixed,decaps,25278
7858,mlkem,fixed,decaps,25331
7859,mlkem,fixed,decaps,25369
7860,mlkem,fixed,decaps,25336
7861,mlkem,fixed,decaps,25353
7862,mlkem,fixed,decaps,25283
7863,mlkem,fixed,decaps,25286
7864,mlkem,fixed,decaps,25354
7865,mlkem,fixed,decaps,25343
7866,mlkem,fixed,decaps,25346
7867,mlkem,fixed,decaps,25330
7868,mlkem,fixed,decaps,25283
7869,mlkem,fixed,decaps,25330
7870,mlkem,fixed,decaps,25338
7871,mlkem,fixed,decaps,25300
7872,mlkem,fixed,decaps,25349
7873,mlkem,fixed,decaps,25316
7874,mlkem,fixed,decaps,25311
7875,mlkem,fixed,decaps,25337
7876,mlkem,fixed,decaps,25319
7877,mlkem,fixed,decaps,25324
7878,mlkem,fixed,decaps,25320
7879,mlkem,fixed,decaps,25302
7880,mlkem,fixed,decaps,25338
7881,mlkem,fixed,decaps,25300
7882,mlkem,fixed,decaps,25300
7883,mlkem,fixed,decaps,25305
7884,mlkem,fixed,decaps,25289
7885,mlkem,fixed,decaps,25349
7886,mlkem,fixed,decaps,25356
7887,mlkem,fixed,decaps,25311
7888,mlkem,fixed,decaps,25333
7889,mlkem,fixed,decaps,25342
7890,mlkem,fixed,decaps,25325
7891,mlkem,fixed,decaps,25354
7892,mlkem,fixed,decaps,25303
7893,mlkem,fixed,decaps,25315
7894,mlkem,fixed,decaps,25320
7895,mlkem,fixed,decaps,25342
7896,mlkem,fixed,decaps,25353
7897,mlkem,fixed,decaps,25306
7898,mlkem,fixed,decaps,25286
7899,mlkem,fixed,decaps,25322
7900,mlkem,fixed,decaps,25355
7901,mlkem,fixed,decaps,25345
7902,mlkem,fixed,decaps,25332
7903,mlkem,fixed,decaps,25274
7904,mlkem,fixed,decaps,25359
7905,mlkem,fixed,decaps,25342
7906,mlkem,fixed,decaps,25316
7907,mlkem,fixed,decaps,25347
7908,mlkem,fixed,decaps,25336
7909,mlkem,fixed,decaps,25327
7910,mlkem,fixed,decaps,25351
7911,mlkem,fixed,decaps,25349
7912,mlkem,fixed,decaps,25320
7913,mlkem,fixed,decaps,25329
7914,mlkem,fixed,decaps,25296
7915,mlkem,fixed,decaps,25344
7916,mlkem,fixed,decaps,25351
7917,mlkem,fixed,decaps,25316
7918,mlkem,fixed,decaps,25346
7919,mlkem,fixed,decaps,25327
7920,mlkem,fixed,decaps,25344
7921,mlkem,fixed,decaps,25334
7922,mlkem,fixed,decaps,25306
7923,mlkem,fixed,decaps,25342
7924,mlkem,fixed,decaps,25309
7925,mlkem,fixed,decaps,25315
7926,mlkem,fixed,decaps,25365
7927,mlkem,fixed,decaps,25339
7928,mlkem,fixed,decaps,25305
7929,mlkem,fixed,decaps,25343
7930,mlkem,fixed,decaps,25302
7931,mlkem,fixed,decaps,25321
7932,mlkem,fixed,decaps,25337
7933,mlkem,fixed,decaps,25323
7934,mlkem,fixed,decaps,25354
7935,mlkem,fixed,decaps,25365
7936,mlkem,fixed,decaps,25330
7937,mlkem,fixed,decaps,25339
7938,mlkem,fixed,decaps,25341
7939,mlkem,fixed,decaps,25335
7940,mlkem,fixed,decaps,25352
7941,mlkem,fixed,decaps,25332
7942,mlkem,fixed,decaps,25342
7943,mlkem,fixed,decaps,25341
7944,mlkem,fixed,decaps,25322
7945,mlkem,fixed,decaps,27912
7946,mlkem,fixed,decaps,40076
7947,mlkem,fixed,decaps,27251
7948,mlkem,fixed,decaps,25369
7949,mlkem,fixed,decaps,25345
7950,mlkem,fixed,decaps,25292
7951,mlkem,fixed,decaps,25336
7952,mlkem,fixed,decaps,25351
7953,mlkem,fixed,decaps,25363
7954,mlkem,fixed,decaps,25410
7955,mlkem,fixed,decaps,25325
7956,mlkem,fixed,decaps,36285
7957,mlkem,fixed,decaps,25970
7958,mlkem,fixed,decaps,25348
7959,mlkem,fixed,decaps,25357
7960,mlkem,fixed,decaps,25305
7961,mlkem,fixed,decaps,25374
7962,mlkem,fixed,decaps,25347
7963,mlkem,fixed,decaps,25262
7964,mlkem,fixed,decaps,25306
7965,mlkem,fixed,decaps,25315
7966,mlkem,fixed,decaps,25321
7967,mlkem,fixed,decaps,25331
7968,mlkem,fixed,decaps,25310
7969,mlkem,fixed,decaps,25277
7970,mlkem,fixed,decaps,25335
7971,mlkem,fixed,decaps,25353
7972,mlkem,fixed,decaps,25309
7973,mlkem,fixed,decaps,25349
7974,mlkem,fixed,decaps,25291
7975,mlkem,fixed,decaps,25333
7976,mlkem,fixed,decaps,25353
7977,mlkem,fixed,decaps,25302
7978,mlkem,fixed,decaps,25340
7979,mlkem,fixed,decaps,25337
7980,mlkem,fixed,decaps,25262
7981,mlkem,fixed,decaps,25339
7982,mlkem,fixed,decaps,25312
7983,mlkem,fixed,decaps,25336
7984,mlkem,fixed,decaps,25348
7985,mlkem,fixed,decaps,25305
7986,mlkem,fixed,decaps,25322
7987,mlkem,fixed,decaps,25314
7988,mlkem,fixed,decaps,25347
7989,mlkem,fixed,decaps,25345
7990,mlkem,fixed,decaps,25378
7991,mlkem,fixed,decaps,31757
7992,mlkem,fixed,decaps,25377
7993,mlkem,fixed,decaps,25383
7994,mlkem,fixed,decaps,25360
7995,mlkem,fixed,decaps,25327
7996,mlkem,fixed,decaps,25354
7997,mlkem,fixed,decaps,25441
7998,mlkem,fixed,decaps,25359
7999,mlkem,fixed,decaps,25400
8000,mlkem,fixed,decaps,25354
8001,mlkem,fixed,decaps,25324
8002,mlkem,fixed,decaps,25544
8003,mlkem,fixed,decaps,25506
8004,mlkem,fixed,decaps,25377
8005,mlkem,fixed,decaps,25499
8006,mlkem,fixed,decaps,25576
8007,mlkem,fixed,decaps,25697
8008,mlkem,fixed,decaps,25806
8009,mlkem,fixed,decaps,35817
8010,mlkem,fixed,decaps,36452
8011,mlkem,fixed,decaps,25986
8012,mlkem,fixed,decaps,25826
8013,mlkem,fixed,decaps,26816
8014,mlkem,fixed,decaps,25554
8015,mlkem,fixed,decaps,25513
8016,mlkem,fixed,decaps,28206
8017,mlkem,fixed,decaps,36114
8018,mlkem,fixed,decaps,26151
8019,mlkem,fixed,decaps,25533
8020,mlkem,fixed,decaps,25789
8021,mlkem,fixed,decaps,25784
8022,mlkem,fixed,decaps,25340
8023,mlkem,fixed,decaps,25339
8024,mlkem,fixed,decaps,25385
8025,mlkem,fixed,decaps,25456
8026,mlkem,fixed,decaps,25722
8027,mlkem,fixed,decaps,25366
8028,mlkem,fixed,decaps,25355
8029,mlkem,fixed,decaps,25396
8030,mlkem,fixed,decaps,25342
8031,mlkem,fixed,decaps,25302
8032,mlkem,fixed,decaps,25356
8033,mlkem,fixed,decaps,25359
8034,mlkem,fixed,decaps,25357
8035,mlkem,fixed,decaps,25363
8036,mlkem,fixed,decaps,25337
8037,mlkem,fixed,decaps,25313
8038,mlkem,fixed,decaps,25353
8039,mlkem,fixed,decaps,25359
8040,mlkem,fixed,decaps,25353
8041,mlkem,fixed,decaps,25387
8042,mlkem,fixed,decaps,25360
8043,mlkem,fixed,decaps,25381
8044,mlkem,fixed,decaps,25366
8045,mlkem,fixed,decaps,25373
8046,mlkem,fixed,decaps,25348
8047,mlkem,fixed,decaps,25329
8048,mlkem,fixed,decaps,25341
8049,mlkem,fixed,decaps,25358
8050,mlkem,fixed,decaps,25369
8051,mlkem,fixed,decaps,25372
8052,mlkem,fixed,decaps,25344
8053,mlkem,fixed,decaps,25358
8054,mlkem,fixed,decaps,25374
8055,mlkem,fixed,decaps,25369
8056,mlkem,fixed,decaps,25345
8057,mlkem,fixed,decaps,25364
8058,mlkem,fixed,decaps,25382
8059,mlkem,fixed,decaps,25393
8060,mlkem,fixed,decaps,25363
8061,mlkem,fixed,decaps,25389
8062,mlkem,fixed,decaps,25380
8063,mlkem,fixed,decaps,25357
8064,mlkem,fixed,decaps,25392
8065,mlkem,fixed,decaps,25343
8066,mlkem,fixed,decaps,25326
8067,mlkem,fixed,decaps,25367
8068,mlkem,fixed,decaps,25397
8069,mlkem,fixed,decaps,25326
8070,mlkem,fixed,decaps,25423
8071,mlkem,fixed,decaps,25426
8072,mlkem,fixed,decaps,25335
8073,mlkem,fixed,decaps,25389
8074,mlkem,fixed,decaps,25357
8075,mlkem,fixed,decaps,25357
8076,mlkem,fixed,decaps,25385
8077,mlkem,fixed,decaps,25358
8078,mlkem,fixed,decaps,25330
8079,mlkem,fixed,decaps,25354
8080,mlkem,fixed,decaps,25379
8081,mlkem,fixed,decaps,25336
8082,mlkem,fixed,decaps,25356
8083,mlkem,fixed,decaps,25377
8084,mlkem,fixed,decaps,25333
8085,mlkem,fixed,decaps,25373
8086,mlkem,fixed,decaps,25377
8087,mlkem,fixed,decaps,25333
8088,mlkem,fixed,decaps,25365
8089,mlkem,fixed,decaps,25371
8090,mlkem,fixed,decaps,25370
8091,mlkem,fixed,decaps,25361
8092,mlkem,fixed,decaps,25368
8093,mlkem,fixed,decaps,41520
8094,mlkem,fixed,decaps,26458
8095,mlkem,fixed,decaps,25380
8096,mlkem,fixed,decaps,25338
8097,mlkem,fixed,decaps,25337
8098,mlkem,fixed,decaps,25394
8099,mlkem,fixed,decaps,25346
8100,mlkem,fixed,decaps,25368
8101,mlkem,fixed,decaps,25342
8102,mlkem,fixed,decaps,25323
8103,mlkem,fixed,decaps,25359
8104,mlkem,fixed,decaps,25360
8105,mlkem,fixed,decaps,25318
8106,mlkem,fixed,decaps,25327
8107,mlkem,fixed,decaps,25332
8108,mlkem,fixed,decaps,25360
8109,mlkem,fixed,decaps,25348
8110,mlkem,fixed,decaps,25333
8111,mlkem,fixed,decaps,25316
8112,mlkem,fixed,decaps,25320
8113,mlkem,fixed,decaps,25332
8114,mlkem,fixed,decaps,25349
8115,mlkem,fixed,decaps,25348
8116,mlkem,fixed,decaps,25329
8117,mlkem,fixed,decaps,25315
8118,mlkem,fixed,decaps,25329
8119,mlkem,fixed,decaps,25373
8120,mlkem,fixed,decaps,25381
8121,mlkem,fixed,decaps,25388
8122,mlkem,fixed,decaps,25339
8123,mlkem,fixed,decaps,25335
8124,mlkem,fixed,decaps,25352
8125,mlkem,fixed,decaps,25312
8126,mlkem,fixed,decaps,25349
8127,mlkem,fixed,decaps,25295
8128,mlkem,fixed,decaps,25346
8129,mlkem,fixed,decaps,25355
8130,mlkem,fixed,decaps,25338
8131,mlkem,fixed,decaps,25295
8132,mlkem,fixed,decaps,25319
8133,mlkem,fixed,decaps,25320
8134,mlkem,fixed,decaps,25337
8135,mlkem,fixed,decaps,25284
8136,mlkem,fixed,decaps,25349
8137,mlkem,fixed,decaps,25332
8138,mlkem,fixed,decaps,25319
8139,mlkem,fixed,decaps,25371
8140,mlkem,fixed,decaps,25354
8141,mlkem,fixed,decaps,25336
8142,mlkem,fixed,decaps,25377
8143,mlkem,fixed,decaps,30896
8144,mlkem,fixed,decaps,25831
8145,mlkem,fixed,decaps,25374
8146,mlkem,fixed,decaps,25387
8147,mlkem,fixed,decaps,25380
8148,mlkem,fixed,decaps,25369
8149,mlkem,fixed,decaps,25354
8150,mlkem,fixed,decaps,25334
8151,mlkem,fixed,decaps,25365
8152,mlkem,fixed,decaps,25355
8153,mlkem,fixed,decaps,25372
8154,mlkem,fixed,decaps,25399
8155,mlkem,fixed,decaps,25377
8156,mlkem,fixed,decaps,25373
8157,mlkem,fixed,decaps,25329
8158,mlkem,fixed,decaps,25329
8159,mlkem,fixed,decaps,25436
8160,mlkem,fixed,decaps,25386
8161,mlkem,fixed,decaps,25379
8162,mlkem,fixed,decaps,25338
8163,mlkem,fixed,decaps,25336
8164,mlkem,fixed,decaps,25359
8165,mlkem,fixed,decaps,25345
8166,mlkem,fixed,decaps,25383
8167,mlkem,fixed,decaps,25344
8168,mlkem,fixed,decaps,25358
8169,mlkem,fixed,decaps,25382
8170,mlkem,fixed,decaps,25385
8171,mlkem,fixed,decaps,25363
8172,mlkem,fixed,decaps,25345
8173,mlkem,fixed,decaps,25341
8174,mlkem,fixed,decaps,25378
8175,mlkem,fixed,decaps,25363
8176,mlkem,fixed,decaps,25356
8177,mlkem,fixed,decaps,25346
8178,mlkem,fixed,decaps,25364
8179,mlkem,fixed,decaps,25348
8180,mlkem,fixed,decaps,25378
8181,mlkem,fixed,decaps,25367
8182,mlkem,fixed,decaps,25354
8183,mlkem,fixed,decaps,25334
8184,mlkem,fixed,decaps,29989
8185,mlkem,fixed,decaps,33862
8186,mlkem,fixed,decaps,27245
8187,mlkem,fixed,decaps,33632
8188,mlkem,fixed,decaps,25721
8189,mlkem,fixed,decaps,25336
8190,mlkem,fixed,decaps,25343
8191,mlkem,fixed,decaps,25301
8192,mlkem,fixed,decaps,25320
8193,mlkem,fixed,decaps,25325
8194,mlkem,fixed,decaps,25364
8195,mlkem,fixed,decaps,25346
8196,mlkem,fixed,decaps,25319
8197,mlkem,fixed,decaps,25322
8198,mlkem,fixed,decaps,25349
8199,mlkem,fixed,decaps,25355
8200,mlkem,fixed,decaps,25366
8201,mlkem,fixed,decaps,25271
8202,mlkem,fixed,decaps,25328
8203,mlkem,fixed,decaps,25287
8204,mlkem,fixed,decaps,25319
8205,mlkem,fixed,decaps,25307
8206,mlkem,fixed,decaps,25334
8207,mlkem,fixed,decaps,25298
8208,mlkem,fixed,decaps,25349
8209,mlkem,fixed,decaps,25331
8210,mlkem,fixed,decaps,25310
8211,mlkem,fixed,decaps,25331
8212,mlkem,fixed,decaps,25305
8213,mlkem,fixed,decaps,25312
8214,mlkem,fixed,decaps,25339
8215,mlkem,fixed,decaps,25325
8216,mlkem,fixed,decaps,25331
8217,mlkem,fixed,decaps,25313
8218,mlkem,fixed,decaps,25332
8219,mlkem,fixed,decaps,25345
8220,mlkem,fixed,decaps,25308
8221,mlkem,fixed,decaps,25269
8222,mlkem,fixed,decaps,25329
8223,mlkem,fixed,decaps,25314
8224,mlkem,fixed,decaps,25348
8225,mlkem,fixed,decaps,25350
8226,mlkem,fixed,decaps,25306
8227,mlkem,fixed,decaps,25353
8228,mlkem,fixed,decaps,25343
8229,mlkem,fixed,decaps,36058
8230,mlkem,fixed,decaps,25975
8231,mlkem,fixed,decaps,25366
8232,mlkem,fixed,decaps,25359
8233,mlkem,fixed,decaps,25370
8234,mlkem,fixed,decaps,25337
8235,mlkem,fixed,decaps,25351
8236,mlkem,fixed,decaps,25321
8237,mlkem,fixed,decaps,25361
8238,mlkem,fixed,decaps,25332
8239,mlkem,fixed,decaps,25322
8240,mlkem,fixed,decaps,25308
8241,mlkem,fixed,decaps,25350
8242,mlkem,fixed,decaps,25347
8243,mlkem,fixed,decaps,25304
8244,mlkem,fixed,decaps,25313
8245,mlkem,fixed,decaps,25346
8246,mlkem,fixed,decaps,25308
8247,mlkem,fixed,decaps,25326
8248,mlkem,fixed,decaps,25323
8249,mlkem,fixed,decaps,25335
8250,mlkem,fixed,decaps,25350
8251,mlkem,fixed,decaps,25348
8252,mlkem,fixed,decaps,25334
8253,mlkem,fixed,decaps,25317
8254,mlkem,fixed,decaps,25303
8255,mlkem,fixed,decaps,25377
8256,mlkem,fixed,decaps,25343
8257,mlkem,fixed,decaps,25334
8258,mlkem,fixed,decaps,25317
8259,mlkem,fixed,decaps,25317
8260,mlkem,fixed,decaps,25337
8261,mlkem,fixed,decaps,25360
8262,mlkem,fixed,decaps,25318
8263,mlkem,fixed,decaps,25360
8264,mlkem,fixed,decaps,25332
8265,mlkem,fixed,decaps,25328
8266,mlkem,fixed,decaps,25339
8267,mlkem,fixed,decaps,25320
8268,mlkem,fixed,decaps,25340
8269,mlkem,fixed,decaps,25340
8270,mlkem,fixed,decaps,25337
8271,mlkem,fixed,decaps,25332
8272,mlkem,fixed,decaps,25362
8273,mlkem,fixed,decaps,25360
8274,mlkem,fixed,decaps,25283
8275,mlkem,fixed,decaps,25334
8276,mlkem,fixed,decaps,25315
8277,mlkem,fixed,decaps,25358
8278,mlkem,fixed,decaps,25323
8279,mlkem,fixed,decaps,25331
8280,mlkem,fixed,decaps,25298
8281,mlkem,fixed,decaps,25347
8282,mlkem,fixed,decaps,25377
8283,mlkem,fixed,decaps,25336
8284,mlkem,fixed,decaps,25362
8285,mlkem,fixed,decaps,25331
8286,mlkem,fixed,decaps,25340
8287,mlkem,fixed,decaps,25350
8288,mlkem,fixed,decaps,25323
8289,mlkem,fixed,decaps,25324
8290,mlkem,fixed,decaps,25351
8291,mlkem,fixed,decaps,25332
8292,mlkem,fixed,decaps,25338
8293,mlkem,fixed,decaps,25326
8294,mlkem,fixed,decaps,25355
8295,mlkem,fixed,decaps,25348
8296,mlkem,fixed,decaps,25333
8297,mlkem,fixed,decaps,25342
8298,mlkem,fixed,decaps,32624
8299,mlkem,fixed,decaps,25595
8300,mlkem,fixed,decaps,25327
8301,mlkem,fixed,decaps,25347
8302,mlkem,fixed,decaps,25362
8303,mlkem,fixed,decaps,25314
8304,mlkem,fixed,decaps,25351
8305,mlkem,fixed,decaps,25341
8306,mlkem,fixed,decaps,25319
8307,mlkem,fixed,decaps,25388
8308,mlkem,fixed,decaps,25338
8309,mlkem,fixed,decaps,25317
8310,mlkem,fixed,decaps,25355
8311,mlkem,fixed,decaps,25309
8312,mlkem,fixed,decaps,25331
8313,mlkem,fixed,decaps,25321
8314,mlkem,fixed,decaps,25316
8315,mlkem,fixed,decaps,25321
8316,mlkem,fixed,decaps,25338
8317,mlkem,fixed,decaps,25341
8318,mlkem,fixed,decaps,25355
8319,mlkem,fixed,decaps,25353
8320,mlkem,fixed,decaps,25256
8321,mlkem,fixed,decaps,25327
8322,mlkem,fixed,decaps,25344
8323,mlkem,fixed,decaps,25304
8324,mlkem,fixed,decaps,25352
8325,mlkem,fixed,decaps,25281
8326,mlkem,fixed,decaps,25303
8327,mlkem,fixed,decaps,25339
8328,mlkem,fixed,decaps,25363
8329,mlkem,fixed,decaps,25301
8330,mlkem,fixed,decaps,25311
8331,mlkem,fixed,decaps,25301
8332,mlkem,fixed,decaps,25341
8333,mlkem,fixed,decaps,25357
8334,mlkem,fixed,decaps,25318
8335,mlkem,fixed,decaps,25298
8336,mlkem,fixed,decaps,25333
8337,mlkem,fixed,decaps,25286
8338,mlkem,fixed,decaps,25330
8339,mlkem,fixed,decaps,25319
8340,mlkem,fixed,decaps,25292
8341,mlkem,fixed,decaps,25315
8342,mlkem,fixed,decaps,25302
8343,mlkem,fixed,decaps,25334
8344,mlkem,fixed,decaps,25360
8345,mlkem,fixed,decaps,25289
8346,mlkem,fixed,decaps,25329
8347,mlkem,fixed,decaps,25343
8348,mlkem,fixed,decaps,25304
8349,mlkem,fixed,decaps,25318
8350,mlkem,fixed,decaps,25313
8351,mlkem,fixed,decaps,25312
8352,mlkem,fixed,decaps,25339
8353,mlkem,fixed,decaps,25305
8354,mlkem,fixed,decaps,25340
8355,mlkem,fixed,decaps,25312
8356,mlkem,fixed,decaps,25315
8357,mlkem,fixed,decaps,25353
8358,mlkem,fixed,decaps,25353
8359,mlkem,fixed,decaps,25309
8360,mlkem,fixed,decaps,25320
8361,mlkem,fixed,decaps,25341
8362,mlkem,fixed,decaps,25289
8363,mlkem,fixed,decaps,25291
8364,mlkem,fixed,decaps,25280
8365,mlkem,fixed,decaps,25304
8366,mlkem,fixed,decaps,36187
8367,mlkem,fixed,decaps,26140
8368,mlkem,fixed,decaps,25349
8369,mlkem,fixed,decaps,25373
8370,mlkem,fixed,decaps,29530
8371,mlkem,fixed,decaps,33852
8372,mlkem,fixed,decaps,26164
8373,mlkem,fixed,decaps,25435
8374,mlkem,fixed,decaps,25376
8375,mlkem,fixed,decaps,25331
8376,mlkem,fixed,decaps,25362
8377,mlkem,fixed,decaps,25876
8378,mlkem,fixed,decaps,25385
8379,mlkem,fixed,decaps,25349
8380,mlkem,fixed,decaps,25325
8381,mlkem,fixed,decaps,25596
8382,mlkem,fixed,decaps,25411
8383,mlkem,fixed,decaps,25405
8384,mlkem,fixed,decaps,25459
8385,mlkem,fixed,decaps,25376
8386,mlkem,fixed,decaps,25414
8387,mlkem,fixed,decaps,25595
8388,mlkem,fixed,decaps,25441
8389,mlkem,fixed,decaps,25909
8390,mlkem,fixed,decaps,25375
8391,mlkem,fixed,decaps,25773
8392,mlkem,fixed,decaps,25506
8393,mlkem,fixed,decaps,25389
8394,mlkem,fixed,decaps,25714
8395,mlkem,fixed,decaps,25455
8396,mlkem,fixed,decaps,25747
8397,mlkem,fixed,decaps,26133
8398,mlkem,fixed,decaps,25388
8399,mlkem,fixed,decaps,26354
8400,mlkem,fixed,decaps,34147
8401,mlkem,fixed,decaps,26130
8402,mlkem,fixed,decaps,25624
8403,mlkem,fixed,decaps,25319
8404,mlkem,fixed,decaps,25327
8405,mlkem,fixed,decaps,25306
8406,mlkem,fixed,decaps,25284
8407,mlkem,fixed,decaps,25295
8408,mlkem,fixed,decaps,25290
8409,mlkem,fixed,decaps,25319
8410,mlkem,fixed,decaps,25332
8411,mlkem,fixed,decaps,25300
8412,mlkem,fixed,decaps,25308
8413,mlkem,fixed,decaps,25279
8414,mlkem,fixed,decaps,25297
8415,mlkem,fixed,decaps,25329
8416,mlkem,fixed,decaps,25275
8417,mlkem,fixed,decaps,25351
8418,mlkem,fixed,decaps,25293
8419,mlkem,fixed,decaps,25286
8420,mlkem,fixed,decaps,25332
8421,mlkem,fixed,decaps,25286
8422,mlkem,fixed,decaps,25235
8423,mlkem,fixed,decaps,25311
8424,mlkem,fixed,decaps,25310
8425,mlkem,fixed,decaps,25302
8426,mlkem,fixed,decaps,25327
8427,mlkem,fixed,decaps,25265
8428,mlkem,fixed,decaps,25287
8429,mlkem,fixed,decaps,25358
8430,mlkem,fixed,decaps,25319
8431,mlkem,fixed,decaps,25278
8432,mlkem,fixed,decaps,25285
8433,mlkem,fixed,decaps,25250
8434,mlkem,fixed,decaps,25321
8435,mlkem,fixed,decaps,25319
8436,mlkem,fixed,decaps,25259
8437,mlkem,fixed,decaps,25291
8438,mlkem,fixed,decaps,25298
8439,mlkem,fixed,decaps,25308
8440,mlkem,fixed,decaps,25329
8441,mlkem,fixed,decaps,25308
8442,mlkem,fixed,decaps,25288
8443,mlkem,fixed,decaps,25322
8444,mlkem,fixed,decaps,25311
8445,mlkem,fixed,decaps,25283
8446,mlkem,fixed,decaps,25274
8447,mlkem,fixed,decaps,25250
8448,mlkem,fixed,decaps,25298
8449,mlkem,fixed,decaps,25322
8450,mlkem,fixed,decaps,25284
8451,mlkem,fixed,decaps,25288
8452,mlkem,fixed,decaps,33225
8453,mlkem,fixed,decaps,26115
8454,mlkem,fixed,decaps,25320
8455,mlkem,fixed,decaps,25371
8456,mlkem,fixed,decaps,25442
8457,mlkem,fixed,decaps,25414
8458,mlkem,fixed,decaps,25347
8459,mlkem,fixed,decaps,25317
8460,mlkem,fixed,decaps,25362
8461,mlkem,fixed,decaps,25367
8462,mlkem,fixed,decaps,25325
8463,mlkem,fixed,decaps,25359
8464,mlkem,fixed,decaps,25316
8465,mlkem,fixed,decaps,25349
8466,mlkem,fixed,decaps,25335
8467,mlkem,fixed,decaps,25345
8468,mlkem,fixed,decaps,25383
8469,mlkem,fixed,decaps,25412
8470,mlkem,fixed,decaps,25331
8471,mlkem,fixed,decaps,25332
8472,mlkem,fixed,decaps,25374
8473,mlkem,fixed,decaps,25281
8474,mlkem,fixed,decaps,25318
8475,mlkem,fixed,decaps,25387
8476,mlkem,fixed,decaps,25292
8477,mlkem,fixed,decaps,25751
8478,mlkem,fixed,decaps,25473
8479,mlkem,fixed,decaps,25453
8480,mlkem,fixed,decaps,25339
8481,mlkem,fixed,decaps,25339
8482,mlkem,fixed,decaps,25411
8483,mlkem,fixed,decaps,25331
8484,mlkem,fixed,decaps,25314
8485,mlkem,fixed,decaps,25365
8486,mlkem,fixed,decaps,25371
8487,mlkem,fixed,decaps,25341
8488,mlkem,fixed,decaps,25341
8489,mlkem,fixed,decaps,25327
8490,mlkem,fixed,decaps,25341
8491,mlkem,fixed,decaps,25336
8492,mlkem,fixed,decaps,25337
8493,mlkem,fixed,decaps,25345
8494,mlkem,fixed,decaps,25372
8495,mlkem,fixed,decaps,25351
8496,mlkem,fixed,decaps,25351
8497,mlkem,fixed,decaps,25389
8498,mlkem,fixed,decaps,25292
8499,mlkem,fixed,decaps,25327
8500,mlkem,fixed,decaps,25388
8501,mlkem,fixed,decaps,25377
8502,mlkem,fixed,decaps,37618
8503,mlkem,fixed,decaps,26152
8504,mlkem,fixed,decaps,25410
8505,mlkem,fixed,decaps,25363
8506,mlkem,fixed,decaps,25330
8507,mlkem,fixed,decaps,25321
8508,mlkem,fixed,decaps,25298
8509,mlkem,fixed,decaps,25350
8510,mlkem,fixed,decaps,25338
8511,mlkem,fixed,decaps,25326
8512,mlkem,fixed,decaps,25311
8513,mlkem,fixed,decaps,25332
8514,mlkem,fixed,decaps,25353
8515,mlkem,fixed,decaps,25341
8516,mlkem,fixed,decaps,25321
8517,mlkem,fixed,decaps,25316
8518,mlkem,fixed,decaps,25345
8519,mlkem,fixed,decaps,25322
8520,mlkem,fixed,decaps,25317
8521,mlkem,fixed,decaps,25296
8522,mlkem,fixed,decaps,25342
8523,mlkem,fixed,decaps,25319
8524,mlkem,fixed,decaps,25344
8525,mlkem,fixed,decaps,25369
8526,mlkem,fixed,decaps,25339
8527,mlkem,fixed,decaps,25305
8528,mlkem,fixed,decaps,25329
8529,mlkem,fixed,decaps,25379
8530,mlkem,fixed,decaps,25329
8531,mlkem,fixed,decaps,25324
8532,mlkem,fixed,decaps,25251
8533,mlkem,fixed,decaps,25339
8534,mlkem,fixed,decaps,25366
8535,mlkem,fixed,decaps,25327
8536,mlkem,fixed,decaps,25322
8537,mlkem,fixed,decaps,25339
8538,mlkem,fixed,decaps,25317
8539,mlkem,fixed,decaps,25690
8540,mlkem,fixed,decaps,25404
8541,mlkem,fixed,decaps,25304
8542,mlkem,fixed,decaps,25320
8543,mlkem,fixed,decaps,25286
8544,mlkem,fixed,decaps,25485
8545,mlkem,fixed,decaps,25336
8546,mlkem,fixed,decaps,25284
8547,mlkem,fixed,decaps,25318
8548,mlkem,fixed,decaps,25333
8549,mlkem,fixed,decaps,25335
8550,mlkem,fixed,decaps,25350
8551,mlkem,fixed,decaps,25328
8552,mlkem,fixed,decaps,25293
8553,mlkem,fixed,decaps,25316
8554,mlkem,fixed,decaps,25297
8555,mlkem,fixed,decaps,25341
8556,mlkem,fixed,decaps,25343
8557,mlkem,fixed,decaps,25326
8558,mlkem,fixed,decaps,25292
8559,mlkem,fixed,decaps,25337
8560,mlkem,fixed,decaps,25326
8561,mlkem,fixed,decaps,25330
8562,mlkem,fixed,decaps,25327
8563,mlkem,fixed,decaps,25328
8564,mlkem,fixed,decaps,25349
8565,mlkem,fixed,decaps,25347
8566,mlkem,fixed,decaps,25299
8567,mlkem,fixed,decaps,25319
8568,mlkem,fixed,decaps,25320
8569,mlkem,fixed,decaps,25348
8570,mlkem,fixed,decaps,25373
8571,mlkem,fixed,decaps,25355
8572,mlkem,fixed,decaps,25300
8573,mlkem,fixed,decaps,25351
8574,mlkem,fixed,decaps,25312
8575,mlkem,fixed,decaps,25316
8576,mlkem,fixed,decaps,25272
8577,mlkem,fixed,decaps,25319
8578,mlkem,fixed,decaps,25324
8579,mlkem,fixed,decaps,25294
8580,mlkem,fixed,decaps,25319
8581,mlkem,fixed,decaps,25352
8582,mlkem,fixed,decaps,25308
8583,mlkem,fixed,decaps,25290
8584,mlkem,fixed,decaps,25348
8585,mlkem,fixed,decaps,25336
8586,mlkem,fixed,decaps,25312
8587,mlkem,fixed,decaps,25280
8588,mlkem,fixed,decaps,25329
8589,mlkem,fixed,decaps,25373
8590,mlkem,fixed,decaps,25313
8591,mlkem,fixed,decaps,25315
8592,mlkem,fixed,decaps,25332
8593,mlkem,fixed,decaps,25322
8594,mlkem,fixed,decaps,25368
8595,mlkem,fixed,decaps,25323
8596,mlkem,fixed,decaps,25310
8597,mlkem,fixed,decaps,25337
8598,mlkem,fixed,decaps,25307
8599,mlkem,fixed,decaps,25360
8600,mlkem,fixed,decaps,25354
8601,mlkem,fixed,decaps,25299
8602,mlkem,fixed,decaps,25300
8603,mlkem,fixed,decaps,25309
8604,mlkem,fixed,decaps,25324
8605,mlkem,fixed,decaps,25345
8606,mlkem,fixed,decaps,25331
8607,mlkem,fixed,decaps,29453
8608,mlkem,fixed,decaps,25675
8609,mlkem,fixed,decaps,25381
8610,mlkem,fixed,decaps,25370
8611,mlkem,fixed,decaps,25320
8612,mlkem,fixed,decaps,25371
8613,mlkem,fixed,decaps,25317
8614,mlkem,fixed,decaps,25353
8615,mlkem,fixed,decaps,25344
8616,mlkem,fixed,decaps,25336
8617,mlkem,fixed,decaps,25274
8618,mlkem,fixed,decaps,25386
8619,mlkem,fixed,decaps,25338
8620,mlkem,fixed,decaps,25313
8621,mlkem,fixed,decaps,25315
8622,mlkem,fixed,decaps,25326
8623,mlkem,fixed,decaps,25348
8624,mlkem,fixed,decaps,25314
8625,mlkem,fixed,decaps,25329
8626,mlkem,fixed,decaps,25317
8627,mlkem,fixed,decaps,25339
8628,mlkem,fixed,decaps,25292
8629,mlkem,fixed,decaps,25295
8630,mlkem,fixed,decaps,25336
8631,mlkem,fixed,decaps,25332
8632,mlkem,fixed,decaps,25356
8633,mlkem,fixed,decaps,25289
8634,mlkem,fixed,decaps,25328
8635,mlkem,fixed,decaps,25326
8636,mlkem,fixed,decaps,25305
8637,mlkem,fixed,decaps,25303
8638,mlkem,fixed,decaps,25374
8639,mlkem,fixed,decaps,36131
8640,mlkem,fixed,decaps,26102
8641,mlkem,fixed,decaps,25440
8642,mlkem,fixed,decaps,25354
8643,mlkem,fixed,decaps,25382
8644,mlkem,fixed,decaps,25383
8645,mlkem,fixed,decaps,25375
8646,mlkem,fixed,decaps,25384
8647,mlkem,fixed,decaps,25402
8648,mlkem,fixed,decaps,25337
8649,mlkem,fixed,decaps,25351
8650,mlkem,fixed,decaps,25381
8651,mlkem,fixed,decaps,25322
8652,mlkem,fixed,decaps,25345
8653,mlkem,fixed,decaps,25345
8654,mlkem,fixed,decaps,25346
8655,mlkem,fixed,decaps,25346
8656,mlkem,fixed,decaps,25355
8657,mlkem,fixed,decaps,25410
8658,mlkem,fixed,decaps,25290
8659,mlkem,fixed,decaps,25353
8660,mlkem,fixed,decaps,25334
8661,mlkem,fixed,decaps,25375
8662,mlkem,fixed,decaps,25330
8663,mlkem,fixed,decaps,25385
8664,mlkem,fixed,decaps,25335
8665,mlkem,fixed,decaps,25342
8666,mlkem,fixed,decaps,25345
8667,mlkem,fixed,decaps,25347
8668,mlkem,fixed,decaps,25356
8669,mlkem,fixed,decaps,25326
8670,mlkem,fixed,decaps,25309
8671,mlkem,fixed,decaps,25402
8672,mlkem,fixed,decaps,25368
8673,mlkem,fixed,decaps,25339
8674,mlkem,fixed,decaps,25376
8675,mlkem,fixed,decaps,25326
8676,mlkem,fixed,decaps,25323
8677,mlkem,fixed,decaps,25351
8678,mlkem,fixed,decaps,25325
8679,mlkem,fixed,decaps,25345
8680,mlkem,fixed,decaps,38995
8681,mlkem,fixed,decaps,26085
8682,mlkem,fixed,decaps,26096
8683,mlkem,fixed,decaps,26132
8684,mlkem,fixed,decaps,26082
8685,mlkem,fixed,decaps,26128
8686,mlkem,fixed,decaps,26074
8687,mlkem,fixed,decaps,26097
8688,mlkem,fixed,decaps,26074
8689,mlkem,fixed,decaps,26075
8690,mlkem,fixed,decaps,26119
8691,mlkem,fixed,decaps,26099
8692,mlkem,fixed,decaps,26075
8693,mlkem,fixed,decaps,26056
8694,mlkem,fixed,decaps,26099
8695,mlkem,fixed,decaps,26059
8696,mlkem,fixed,decaps,26090
8697,mlkem,fixed,decaps,26066
8698,mlkem,fixed,decaps,26085
8699,mlkem,fixed,decaps,26091
8700,mlkem,fixed,decaps,26087
8701,mlkem,fixed,decaps,26086
8702,mlkem,fixed,decaps,26111
8703,mlkem,fixed,decaps,26083
8704,mlkem,fixed,decaps,26079
8705,mlkem,fixed,decaps,26041
8706,mlkem,fixed,decaps,26123
8707,mlkem,fixed,decaps,26149
8708,mlkem,fixed,decaps,26043
8709,mlkem,fixed,decaps,26073
8710,mlkem,fixed,decaps,26077
8711,mlkem,fixed,decaps,26089
8712,mlkem,fixed,decaps,26093
8713,mlkem,fixed,decaps,26143
8714,mlkem,fixed,decaps,26065
8715,mlkem,fixed,decaps,26067
8716,mlkem,fixed,decaps,26025
8717,mlkem,fixed,decaps,38872
8718,mlkem,fixed,decaps,25391
8719,mlkem,fixed,decaps,25366
8720,mlkem,fixed,decaps,29316
8721,mlkem,fixed,decaps,34314
8722,mlkem,fixed,decaps,26127
8723,mlkem,fixed,decaps,34486
8724,mlkem,fixed,decaps,26460
8725,mlkem,fixed,decaps,25365
8726,mlkem,fixed,decaps,25336
8727,mlkem,fixed,decaps,25343
8728,mlkem,fixed,decaps,25382
8729,mlkem,fixed,decaps,25362
8730,mlkem,fixed,decaps,25369
8731,mlkem,fixed,decaps,25323
8732,mlkem,fixed,decaps,25312
8733,mlkem,fixed,decaps,25364
8734,mlkem,fixed,decaps,25364
8735,mlkem,fixed,decaps,25359
8736,mlkem,fixed,decaps,25305
8737,mlkem,fixed,decaps,25343
8738,mlkem,fixed,decaps,25383
8739,mlkem,fixed,decaps,25389
8740,mlkem,fixed,decaps,25352
8741,mlkem,fixed,decaps,25342
8742,mlkem,fixed,decaps,25369
8743,mlkem,fixed,decaps,25365
8744,mlkem,fixed,decaps,25375
8745,mlkem,fixed,decaps,25363
8746,mlkem,fixed,decaps,25346
8747,mlkem,fixed,decaps,25361
8748,mlkem,fixed,decaps,25350
8749,mlkem,fixed,decaps,30298
8750,mlkem,fixed,decaps,30057
8751,mlkem,fixed,decaps,25491
8752,mlkem,fixed,decaps,25418
8753,mlkem,fixed,decaps,25390
8754,mlkem,fixed,decaps,25331
8755,mlkem,fixed,decaps,25349
8756,mlkem,fixed,decaps,25367
8757,mlkem,fixed,decaps,25345
8758,mlkem,fixed,decaps,25366
8759,mlkem,fixed,decaps,31678
8760,mlkem,fixed,decaps,26004
8761,mlkem,fixed,decaps,25384
8762,mlkem,fixed,decaps,25430
8763,mlkem,fixed,decaps,25368
8764,mlkem,fixed,decaps,25379
8765,mlkem,fixed,decaps,25381
8766,mlkem,fixed,decaps,25391
8767,mlkem,fixed,decaps,25430
8768,mlkem,fixed,decaps,25360
8769,mlkem,fixed,decaps,25379
8770,mlkem,fixed,decaps,25352
8771,mlkem,fixed,decaps,25434
8772,mlkem,fixed,decaps,25413
8773,mlkem,fixed,decaps,25399
8774,mlkem,fixed,decaps,25367
8775,mlkem,fixed,decaps,36639
8776,mlkem,fixed,decaps,26042
8777,mlkem,fixed,decaps,25282
8778,mlkem,fixed,decaps,25358
8779,mlkem,fixed,decaps,25354
8780,mlkem,fixed,decaps,25343
8781,mlkem,fixed,decaps,25355
8782,mlkem,fixed,decaps,25330
8783,mlkem,fixed,decaps,25320
8784,mlkem,fixed,decaps,25327
8785,mlkem,fixed,decaps,25337
8786,mlkem,fixed,decaps,25327
8787,mlkem,fixed,decaps,25324
8788,mlkem,fixed,decaps,25303
8789,mlkem,fixed,decaps,25366
8790,mlkem,fixed,decaps,25383
8791,mlkem,fixed,decaps,25363
8792,mlkem,fixed,decaps,25354
8793,mlkem,fixed,decaps,25333
8794,mlkem,fixed,decaps,25297
8795,mlkem,fixed,decaps,25329
8796,mlkem,fixed,decaps,25320
8797,mlkem,fixed,decaps,25334
8798,mlkem,fixed,decaps,25329
8799,mlkem,fixed,decaps,25360
8800,mlkem,fixed,decaps,25316
8801,mlkem,fixed,decaps,25316
8802,mlkem,fixed,decaps,25311
8803,mlkem,fixed,decaps,25346
8804,mlkem,fixed,decaps,25306
8805,mlkem,fixed,decaps,25356
8806,mlkem,fixed,decaps,25320
8807,mlkem,fixed,decaps,25344
8808,mlkem,fixed,decaps,25336
8809,mlkem,fixed,decaps,25312
8810,mlkem,fixed,decaps,25329
8811,mlkem,fixed,decaps,25373
8812,mlkem,fixed,decaps,25290
8813,mlkem,fixed,decaps,25363
8814,mlkem,fixed,decaps,25328
8815,mlkem,fixed,decaps,25350
8816,mlkem,fixed,decaps,25348
8817,mlkem,fixed,decaps,25313
8818,mlkem,fixed,decaps,25319
8819,mlkem,fixed,decaps,25356
8820,mlkem,fixed,decaps,25312
8821,mlkem,fixed,decaps,25347
8822,mlkem,fixed,decaps,25305
8823,mlkem,fixed,decaps,25377
8824,mlkem,fixed,decaps,25344
8825,mlkem,fixed,decaps,25399
8826,mlkem,fixed,decaps,25429
8827,mlkem,fixed,decaps,25344
8828,mlkem,fixed,decaps,25309
8829,mlkem,fixed,decaps,25359
8830,mlkem,fixed,decaps,25336
8831,mlkem,fixed,decaps,25320
8832,mlkem,fixed,decaps,25320
8833,mlkem,fixed,decaps,25328
8834,mlkem,fixed,decaps,25336
8835,mlkem,fixed,decaps,25322
8836,mlkem,fixed,decaps,25300
8837,mlkem,fixed,decaps,25307
8838,mlkem,fixed,decaps,25312
8839,mlkem,fixed,decaps,25355
8840,mlkem,fixed,decaps,25341
8841,mlkem,fixed,decaps,25337
8842,mlkem,fixed,decaps,25306
8843,mlkem,fixed,decaps,25323
8844,mlkem,fixed,decaps,25324
8845,mlkem,fixed,decaps,25342
8846,mlkem,fixed,decaps,25304
8847,mlkem,fixed,decaps,25316
8848,mlkem,fixed,decaps,25314
8849,mlkem,fixed,decaps,25336
8850,mlkem,fixed,decaps,25354
8851,mlkem,fixed,decaps,25349
8852,mlkem,fixed,decaps,25288
8853,mlkem,fixed,decaps,25409
8854,mlkem,fixed,decaps,25318
8855,mlkem,fixed,decaps,25342
8856,mlkem,fixed,decaps,25311
8857,mlkem,fixed,decaps,25317
8858,mlkem,fixed,decaps,25323
8859,mlkem,fixed,decaps,25333
8860,mlkem,fixed,decaps,25354
8861,mlkem,fixed,decaps,25338
8862,mlkem,fixed,decaps,25284
8863,mlkem,fixed,decaps,25334
8864,mlkem,fixed,decaps,25317
8865,mlkem,fixed,decaps,25311
8866,mlkem,fixed,decaps,25304
8867,mlkem,fixed,decaps,25286
8868,mlkem,fixed,decaps,29431
8869,mlkem,fixed,decaps,25699
8870,mlkem,fixed,decaps,25378
8871,mlkem,fixed,decaps,39476
8872,mlkem,fixed,decaps,24674
8873,mlkem,fixed,decaps,24661
8874,mlkem,fixed,decaps,24621
8875,mlkem,fixed,decaps,24635
8876,mlkem,fixed,decaps,24668
8877,mlkem,fixed,decaps,24639
8878,mlkem,fixed,decaps,24612
8879,mlkem,fixed,decaps,24632
8880,mlkem,fixed,decaps,24626
8881,mlkem,fixed,decaps,24637
8882,mlkem,fixed,decaps,24634
8883,mlkem,fixed,decaps,24597
8884,mlkem,fixed,decaps,24666
8885,mlkem,fixed,decaps,24648
8886,mlkem,fixed,decaps,24638
8887,mlkem,fixed,decaps,24658
8888,mlkem,fixed,decaps,24640
8889,mlkem,fixed,decaps,24667
8890,mlkem,fixed,decaps,24642
8891,mlkem,fixed,decaps,24630
8892,mlkem,fixed,decaps,24675
8893,mlkem,fixed,decaps,24632
8894,mlkem,fixed,decaps,24658
8895,mlkem,fixed,decaps,24624
8896,mlkem,fixed,decaps,24630
8897,mlkem,fixed,decaps,24680
8898,mlkem,fixed,decaps,24663
8899,mlkem,fixed,decaps,24802
8900,mlkem,fixed,decaps,24804
8901,mlkem,fixed,decaps,24636
8902,mlkem,fixed,decaps,24647
8903,mlkem,fixed,decaps,24609
8904,mlkem,fixed,decaps,24631
8905,mlkem,fixed,decaps,24618
8906,mlkem,fixed,decaps,24623
8907,mlkem,fixed,decaps,24656
8908,mlkem,fixed,decaps,24649
8909,mlkem,fixed,decaps,31620
8910,mlkem,fixed,decaps,27736
8911,mlkem,fixed,decaps,48572
8912,mlkem,fixed,decaps,36237
8913,mlkem,fixed,decaps,33160
8914,mlkem,fixed,decaps,25549
8915,mlkem,fixed,decaps,25292
8916,mlkem,fixed,decaps,25283
8917,mlkem,fixed,decaps,25357
8918,mlkem,fixed,decaps,25340
8919,mlkem,fixed,decaps,25335
8920,mlkem,fixed,decaps,25299
8921,mlkem,fixed,decaps,25317
8922,mlkem,fixed,decaps,25312
8923,mlkem,fixed,decaps,25325
8924,mlkem,fixed,decaps,25308
8925,mlkem,fixed,decaps,25340
8926,mlkem,fixed,decaps,25309
8927,mlkem,fixed,decaps,25367
8928,mlkem,fixed,decaps,25340
8929,mlkem,fixed,decaps,25322
8930,mlkem,fixed,decaps,25338
8931,mlkem,fixed,decaps,25373
8932,mlkem,fixed,decaps,25349
8933,mlkem,fixed,decaps,25304
8934,mlkem,fixed,decaps,25330
8935,mlkem,fixed,decaps,25319
8936,mlkem,fixed,decaps,25334
8937,mlkem,fixed,decaps,25339
8938,mlkem,fixed,decaps,25368
8939,mlkem,fixed,decaps,25323
8940,mlkem,fixed,decaps,25328
8941,mlkem,fixed,decaps,25365
8942,mlkem,fixed,decaps,25353
8943,mlkem,fixed,decaps,25349
8944,mlkem,fixed,decaps,25316
8945,mlkem,fixed,decaps,25383
8946,mlkem,fixed,decaps,25328
8947,mlkem,fixed,decaps,25366
8948,mlkem,fixed,decaps,25348
8949,mlkem,fixed,decaps,25308
8950,mlkem,fixed,decaps,25348
8951,mlkem,fixed,decaps,25332
8952,mlkem,fixed,decaps,25363
8953,mlkem,fixed,decaps,25331
8954,mlkem,fixed,decaps,25311
8955,mlkem,fixed,decaps,25323
8956,mlkem,fixed,decaps,25355
8957,mlkem,fixed,decaps,25327
8958,mlkem,fixed,decaps,25379
8959,mlkem,fixed,decaps,25356
8960,mlkem,fixed,decaps,25321
8961,mlkem,fixed,decaps,25374
8962,mlkem,fixed,decaps,25343
8963,mlkem,fixed,decaps,30558
8964,mlkem,fixed,decaps,32557
8965,mlkem,fixed,decaps,27121
8966,mlkem,fixed,decaps,33497
8967,mlkem,fixed,decaps,25622
8968,mlkem,fixed,decaps,25310
8969,mlkem,fixed,decaps,25347
8970,mlkem,fixed,decaps,25364
8971,mlkem,fixed,decaps,25314
8972,mlkem,fixed,decaps,25317
8973,mlkem,fixed,decaps,25321
8974,mlkem,fixed,decaps,25312
8975,mlkem,fixed,decaps,25339
8976,mlkem,fixed,decaps,25315
8977,mlkem,fixed,decaps,25314
8978,mlkem,fixed,decaps,25294
8979,mlkem,fixed,decaps,25303
8980,mlkem,fixed,decaps,25397
8981,mlkem,fixed,decaps,25327
8982,mlkem,fixed,decaps,25321
8983,mlkem,fixed,decaps,25298
8984,mlkem,fixed,decaps,25369
8985,mlkem,fixed,decaps,25314
8986,mlkem,fixed,decaps,25319
8987,mlkem,fixed,decaps,25339
8988,mlkem,fixed,decaps,25270
8989,mlkem,fixed,decaps,25311
8990,mlkem,fixed,decaps,25317
8991,mlkem,fixed,decaps,25369
8992,mlkem,fixed,decaps,25347
8993,mlkem,fixed,decaps,25325
8994,mlkem,fixed,decaps,25321
8995,mlkem,fixed,decaps,25344
8996,mlkem,fixed,decaps,25316
8997,mlkem,fixed,decaps,25359
8998,mlkem,fixed,decaps,25328
8999,mlkem,fixed,decaps,25304
9000,mlkem,fixed,decaps,25360
9001,mlkem,fixed,decaps,25354
9002,mlkem,fixed,decaps,25303
9003,mlkem,fixed,decaps,25315
9004,mlkem,fixed,decaps,25346
9005,mlkem,fixed,decaps,25335
9006,mlkem,fixed,decaps,25336
9007,mlkem,fixed,decaps,25327
9008,mlkem,fixed,decaps,25330
9009,mlkem,fixed,decaps,25316
9010,mlkem,fixed,decaps,25318
9011,mlkem,fixed,decaps,25317
9012,mlkem,fixed,decaps,25310
9013,mlkem,fixed,decaps,25304
9014,mlkem,fixed,decaps,25296
9015,mlkem,fixed,decaps,25347
9016,mlkem,fixed,decaps,25279
9017,mlkem,fixed,decaps,25307
9018,mlkem,fixed,decaps,25286
9019,mlkem,fixed,decaps,25306
9020,mlkem,fixed,decaps,25311
9021,mlkem,fixed,decaps,25336
9022,mlkem,fixed,decaps,25325
9023,mlkem,fixed,decaps,25327
9024,mlkem,fixed,decaps,25321
9025,mlkem,fixed,decaps,25364
9026,mlkem,fixed,decaps,25343
9027,mlkem,fixed,decaps,25307
9028,mlkem,fixed,decaps,25312
9029,mlkem,fixed,decaps,25319
9030,mlkem,fixed,decaps,25341
9031,mlkem,fixed,decaps,25357
9032,mlkem,fixed,decaps,25345
9033,mlkem,fixed,decaps,25310
9034,mlkem,fixed,decaps,25307
9035,mlkem,fixed,decaps,25327
9036,mlkem,fixed,decaps,25338
9037,mlkem,fixed,decaps,25346
9038,mlkem,fixed,decaps,25303
9039,mlkem,fixed,decaps,25331
9040,mlkem,fixed,decaps,25328
9041,mlkem,fixed,decaps,25306
9042,mlkem,fixed,decaps,25332
9043,mlkem,fixed,decaps,25318
9044,mlkem,fixed,decaps,25312
9045,mlkem,fixed,decaps,25329
9046,mlkem,fixed,decaps,25320
9047,mlkem,fixed,decaps,25331
9048,mlkem,fixed,decaps,35999
9049,mlkem,fixed,decaps,25964
9050,mlkem,fixed,decaps,25372
9051,mlkem,fixed,decaps,25349
9052,mlkem,fixed,decaps,25354
9053,mlkem,fixed,decaps,25329
9054,mlkem,fixed,decaps,25350
9055,mlkem,fixed,decaps,25366
9056,mlkem,fixed,decaps,25323
9057,mlkem,fixed,decaps,25319
9058,mlkem,fixed,decaps,25349
9059,mlkem,fixed,decaps,25307
9060,mlkem,fixed,decaps,25340
9061,mlkem,fixed,decaps,25359
9062,mlkem,fixed,decaps,25286
9063,mlkem,fixed,decaps,25350
9064,mlkem,fixed,decaps,25345
9065,mlkem,fixed,decaps,25340
9066,mlkem,fixed,decaps,25410
9067,mlkem,fixed,decaps,30182
9068,mlkem,fixed,decaps,27174
9069,mlkem,fixed,decaps,25448
9070,mlkem,fixed,decaps,25380
9071,mlkem,fixed,decaps,25365
9072,mlkem,fixed,decaps,25365
9073,mlkem,fixed,decaps,25357
9074,mlkem,fixed,decaps,25419
9075,mlkem,fixed,decaps,25346
9076,mlkem,fixed,decaps,25337
9077,mlkem,fixed,decaps,25376
9078,mlkem,fixed,decaps,25370
9079,mlkem,fixed,decaps,25412
9080,mlkem,fixed,decaps,25397
9081,mlkem,fixed,decaps,25331
9082,mlkem,fixed,decaps,25354
9083,mlkem,fixed,decaps,25360
9084,mlkem,fixed,decaps,25358
9085,mlkem,fixed,decaps,25358
9086,mlkem,fixed,decaps,25379
9087,mlkem,fixed,decaps,25318
9088,mlkem,fixed,decaps,25365
9089,mlkem,fixed,decaps,25404
9090,mlkem,fixed,decaps,25327
9091,mlkem,fixed,decaps,25359
9092,mlkem,fixed,decaps,25348
9093,mlkem,fixed,decaps,25383
9094,mlkem,fixed,decaps,25397
9095,mlkem,fixed,decaps,25408
9096,mlkem,fixed,decaps,25342
9097,mlkem,fixed,decaps,25354
9098,mlkem,fixed,decaps,25349
9099,mlkem,fixed,decaps,25414
9100,mlkem,fixed,decaps,25387
9101,mlkem,fixed,decaps,25346
9102,mlkem,fixed,decaps,25345
9103,mlkem,fixed,decaps,25356
9104,mlkem,fixed,decaps,25371
9105,mlkem,fixed,decaps,25333
9106,mlkem,fixed,decaps,25344
9107,mlkem,fixed,decaps,25347
9108,mlkem,fixed,decaps,25386
9109,mlkem,fixed,decaps,25341
9110,mlkem,fixed,decaps,25358
9111,mlkem,fixed,decaps,25360
9112,mlkem,fixed,decaps,25349
9113,mlkem,fixed,decaps,25385
9114,mlkem,fixed,decaps,25358
9115,mlkem,fixed,decaps,25314
9116,mlkem,fixed,decaps,25358
9117,mlkem,fixed,decaps,25323
9118,mlkem,fixed,decaps,25353
9119,mlkem,fixed,decaps,25347
9120,mlkem,fixed,decaps,25369
9121,mlkem,fixed,decaps,25350
9122,mlkem,fixed,decaps,25374
9123,mlkem,fixed,decaps,25350
9124,mlkem,fixed,decaps,25342
9125,mlkem,fixed,decaps,25360
9126,mlkem,fixed,decaps,25312
9127,mlkem,fixed,decaps,25363
9128,mlkem,fixed,decaps,25400
9129,mlkem,fixed,decaps,25361
9130,mlkem,fixed,decaps,25344
9131,mlkem,fixed,decaps,25363
9132,mlkem,fixed,decaps,25330
9133,mlkem,fixed,decaps,25374
9134,mlkem,fixed,decaps,25386
9135,mlkem,fixed,decaps,25347
9136,mlkem,fixed,decaps,25362
9137,mlkem,fixed,decaps,25372
9138,mlkem,fixed,decaps,25356
9139,mlkem,fixed,decaps,25375
9140,mlkem,fixed,decaps,25365
9141,mlkem,fixed,decaps,25324
9142,mlkem,fixed,decaps,25343
9143,mlkem,fixed,decaps,25366
9144,mlkem,fixed,decaps,25381
9145,mlkem,fixed,decaps,25366
9146,mlkem,fixed,decaps,25374
9147,mlkem,fixed,decaps,25335
9148,mlkem,fixed,decaps,25370
9149,mlkem,fixed,decaps,25335
9150,mlkem,fixed,decaps,25375
9151,mlkem,fixed,decaps,25339
9152,mlkem,fixed,decaps,25362
9153,mlkem,fixed,decaps,25344
9154,mlkem,fixed,decaps,25438
9155,mlkem,fixed,decaps,25402
9156,mlkem,fixed,decaps,25394
9157,mlkem,fixed,decaps,25401
9158,mlkem,fixed,decaps,25383
9159,mlkem,fixed,decaps,25368
9160,mlkem,fixed,decaps,25353
9161,mlkem,fixed,decaps,25322
9162,mlkem,fixed,decaps,25357
9163,mlkem,fixed,decaps,25344
9164,mlkem,fixed,decaps,25406
9165,mlkem,fixed,decaps,25355
9166,mlkem,fixed,decaps,25340
9167,mlkem,fixed,decaps,25314
9168,mlkem,fixed,decaps,25400
9169,mlkem,fixed,decaps,25340
9170,mlkem,fixed,decaps,25357
9171,mlkem,fixed,decaps,25336
9172,mlkem,fixed,decaps,25336
9173,mlkem,fixed,decaps,25371
9174,mlkem,fixed,decaps,25401
9175,mlkem,fixed,decaps,25340
9176,mlkem,fixed,decaps,25331
9177,mlkem,fixed,decaps,25340
9178,mlkem,fixed,decaps,25361
9179,mlkem,fixed,decaps,25389
9180,mlkem,fixed,decaps,25372
9181,mlkem,fixed,decaps,25345
9182,mlkem,fixed,decaps,25368
9183,mlkem,fixed,decaps,25334
9184,mlkem,fixed,decaps,25398
9185,mlkem,fixed,decaps,35925
9186,mlkem,fixed,decaps,26011
9187,mlkem,fixed,decaps,25349
9188,mlkem,fixed,decaps,25302
9189,mlkem,fixed,decaps,25321
9190,mlkem,fixed,decaps,25303
9191,mlkem,fixed,decaps,25368
9192,mlkem,fixed,decaps,25361
9193,mlkem,fixed,decaps,25308
9194,mlkem,fixed,decaps,25275
9195,mlkem,fixed,decaps,25364
9196,mlkem,fixed,decaps,25317
9197,mlkem,fixed,decaps,25354
9198,mlkem,fixed,decaps,25333
9199,mlkem,fixed,decaps,25317
9200,mlkem,fixed,decaps,25317
9201,mlkem,fixed,decaps,25320
9202,mlkem,fixed,decaps,25317
9203,mlkem,fixed,decaps,25343
9204,mlkem,fixed,decaps,25319
9205,mlkem,fixed,decaps,25304
9206,mlkem,fixed,decaps,25326
9207,mlkem,fixed,decaps,25327
9208,mlkem,fixed,decaps,25387
9209,mlkem,fixed,decaps,25286
9210,mlkem,fixed,decaps,25362
9211,mlkem,fixed,decaps,25330
9212,mlkem,fixed,decaps,25334
9213,mlkem,fixed,decaps,25330
9214,mlkem,fixed,decaps,25325
9215,mlkem,fixed,decaps,25324
9216,mlkem,fixed,decaps,25390
9217,mlkem,fixed,decaps,25322
9218,mlkem,fixed,decaps,25330
9219,mlkem,fixed,decaps,25310
9220,mlkem,fixed,decaps,25338
9221,mlkem,fixed,decaps,25311
9222,mlkem,fixed,decaps,25345
9223,mlkem,fixed,decaps,30859
9224,mlkem,fixed,decaps,25426
9225,mlkem,fixed,decaps,25315
9226,mlkem,fixed,decaps,25345
9227,mlkem,fixed,decaps,25362
9228,mlkem,fixed,decaps,25307
9229,mlkem,fixed,decaps,25343
9230,mlkem,fixed,decaps,25301
9231,mlkem,fixed,decaps,25336
9232,mlkem,fixed,decaps,25368
9233,mlkem,fixed,decaps,25371
9234,mlkem,fixed,decaps,25350
9235,mlkem,fixed,decaps,25332
9236,mlkem,fixed,decaps,25301
9237,mlkem,fixed,decaps,25334
9238,mlkem,fixed,decaps,25340
9239,mlkem,fixed,decaps,25298
9240,mlkem,fixed,decaps,25294
9241,mlkem,fixed,decaps,25328
9242,mlkem,fixed,decaps,25343
9243,mlkem,fixed,decaps,25345
9244,mlkem,fixed,decaps,25349
9245,mlkem,fixed,decaps,25285
9246,mlkem,fixed,decaps,25333
9247,mlkem,fixed,decaps,25313
9248,mlkem,fixed,decaps,25301
9249,mlkem,fixed,decaps,25359
9250,mlkem,fixed,decaps,25287
9251,mlkem,fixed,decaps,25330
9252,mlkem,fixed,decaps,25336
9253,mlkem,fixed,decaps,25330
9254,mlkem,fixed,decaps,25316
9255,mlkem,fixed,decaps,25313
9256,mlkem,fixed,decaps,25319
9257,mlkem,fixed,decaps,25318
9258,mlkem,fixed,decaps,25337
9259,mlkem,fixed,decaps,25290
9260,mlkem,fixed,decaps,25309
9261,mlkem,fixed,decaps,25322
9262,mlkem,fixed,decaps,25314
9263,mlkem,fixed,decaps,25336
9264,mlkem,fixed,decaps,26477
9265,mlkem,fixed,decaps,34403
9266,mlkem,fixed,decaps,26000
9267,mlkem,fixed,decaps,25354
9268,mlkem,fixed,decaps,25332
9269,mlkem,fixed,decaps,25391
9270,mlkem,fixed,decaps,25332
9271,mlkem,fixed,decaps,25366
9272,mlkem,fixed,decaps,25287
9273,mlkem,fixed,decaps,25354
9274,mlkem,fixed,decaps,25296
9275,mlkem,fixed,decaps,25352
9276,mlkem,fixed,decaps,25313
9277,mlkem,fixed,decaps,25322
9278,mlkem,fixed,decaps,25350
9279,mlkem,fixed,decaps,25373
9280,mlkem,fixed,decaps,25366
9281,mlkem,fixed,decaps,25332
9282,mlkem,fixed,decaps,25316
9283,mlkem,fixed,decaps,25344
9284,mlkem,fixed,decaps,25386
9285,mlkem,fixed,decaps,25380
9286,mlkem,fixed,decaps,25319
9287,mlkem,fixed,decaps,25359
9288,mlkem,fixed,decaps,25313
9289,mlkem,fixed,decaps,25307
9290,mlkem,fixed,decaps,25335
9291,mlkem,fixed,decaps,25304
9292,mlkem,fixed,decaps,25286
9293,mlkem,fixed,decaps,25387
9294,mlkem,fixed,decaps,25321
9295,mlkem,fixed,decaps,25312
9296,mlkem,fixed,decaps,25322
9297,mlkem,fixed,decaps,25304
9298,mlkem,fixed,decaps,25290
9299,mlkem,fixed,decaps,25324
9300,mlkem,fixed,decaps,25321
9301,mlkem,fixed,decaps,25298
9302,mlkem,fixed,decaps,25287
9303,mlkem,fixed,decaps,25319
9304,mlkem,fixed,decaps,25322
9305,mlkem,fixed,decaps,25303
9306,mlkem,fixed,decaps,25251
9307,mlkem,fixed,decaps,25336
9308,mlkem,fixed,decaps,25305
9309,mlkem,fixed,decaps,25323
9310,mlkem,fixed,decaps,25321
9311,mlkem,fixed,decaps,25302
9312,mlkem,fixed,decaps,25280
9313,mlkem,fixed,decaps,25322
9314,mlkem,fixed,decaps,25319
9315,mlkem,fixed,decaps,25341
9316,mlkem,fixed,decaps,25331
9317,mlkem,fixed,decaps,25324
9318,mlkem,fixed,decaps,25312
9319,mlkem,fixed,decaps,25313
9320,mlkem,fixed,decaps,25329
9321,mlkem,fixed,decaps,25271
9322,mlkem,fixed,decaps,36026
9323,mlkem,fixed,decaps,25928
9324,mlkem,fixed,decaps,25326
9325,mlkem,fixed,decaps,25310
9326,mlkem,fixed,decaps,25326
9327,mlkem,fixed,decaps,25306
9328,mlkem,fixed,decaps,25318
9329,mlkem,fixed,decaps,25261
9330,mlkem,fixed,decaps,25330
9331,mlkem,fixed,decaps,25301
9332,mlkem,fixed,decaps,25316
9333,mlkem,fixed,decaps,25304
9334,mlkem,fixed,decaps,25302
9335,mlkem,fixed,decaps,25311
9336,mlkem,fixed,decaps,25293
9337,mlkem,fixed,decaps,25316
9338,mlkem,fixed,decaps,25307
9339,mlkem,fixed,decaps,25317
9340,mlkem,fixed,decaps,25280
9341,mlkem,fixed,decaps,25294
9342,mlkem,fixed,decaps,25357
9343,mlkem,fixed,decaps,25277
9344,mlkem,fixed,decaps,25293
9345,mlkem,fixed,decaps,25296
9346,mlkem,fixed,decaps,25268
9347,mlkem,fixed,decaps,25307
9348,mlkem,fixed,decaps,25313
9349,mlkem,fixed,decaps,25334
9350,mlkem,fixed,decaps,25327
9351,mlkem,fixed,decaps,25303
9352,mlkem,fixed,decaps,25334
9353,mlkem,fixed,decaps,25328
9354,mlkem,fixed,decaps,25278
9355,mlkem,fixed,decaps,25306
9356,mlkem,fixed,decaps,25366
9357,mlkem,fixed,decaps,25315
9358,mlkem,fixed,decaps,25321
9359,mlkem,fixed,decaps,25310
9360,mlkem,fixed,decaps,25317
9361,mlkem,fixed,decaps,25332
9362,mlkem,fixed,decaps,25345
9363,mlkem,fixed,decaps,25269
9364,mlkem,fixed,decaps,25302
9365,mlkem,fixed,decaps,25359
9366,mlkem,fixed,decaps,25345
9367,mlkem,fixed,decaps,25330
9368,mlkem,fixed,decaps,25307
9369,mlkem,fixed,decaps,25278
9370,mlkem,fixed,decaps,25327
9371,mlkem,fixed,decaps,25266
9372,mlkem,fixed,decaps,25341
9373,mlkem,fixed,decaps,25316
9374,mlkem,fixed,decaps,25299
9375,mlkem,fixed,decaps,25298
9376,mlkem,fixed,decaps,25324
9377,mlkem,fixed,decaps,25305
9378,mlkem,fixed,decaps,31962
9379,mlkem,fixed,decaps,25603
9380,mlkem,fixed,decaps,25358
9381,mlkem,fixed,decaps,25391
9382,mlkem,fixed,decaps,25365
9383,mlkem,fixed,decaps,25379
9384,mlkem,fixed,decaps,25363
9385,mlkem,fixed,decaps,25304
9386,mlkem,fixed,decaps,25340
9387,mlkem,fixed,decaps,25358
9388,mlkem,fixed,decaps,25383
9389,mlkem,fixed,decaps,25326
9390,mlkem,fixed,decaps,25387
9391,mlkem,fixed,decaps,25342
9392,mlkem,fixed,decaps,25376
9393,mlkem,fixed,decaps,25379
9394,mlkem,fixed,decaps,25368
9395,mlkem,fixed,decaps,25382
9396,mlkem,fixed,decaps,25377
9397,mlkem,fixed,decaps,25341
9398,mlkem,fixed,decaps,25364
9399,mlkem,fixed,decaps,25380
9400,mlkem,fixed,decaps,25347
9401,mlkem,fixed,decaps,25336
9402,mlkem,fixed,decaps,25401
9403,mlkem,fixed,decaps,25337
9404,mlkem,fixed,decaps,25337
9405,mlkem,fixed,decaps,25343
9406,mlkem,fixed,decaps,25377
9407,mlkem,fixed,decaps,25338
9408,mlkem,fixed,decaps,25373
9409,mlkem,fixed,decaps,25329
9410,mlkem,fixed,decaps,25379
9411,mlkem,fixed,decaps,25407
9412,mlkem,fixed,decaps,38563
9413,mlkem,fixed,decaps,26104
9414,mlkem,fixed,decaps,26112
9415,mlkem,fixed,decaps,26075
9416,mlkem,fixed,decaps,26090
9417,mlkem,fixed,decaps,26062
9418,mlkem,fixed,decaps,26050
9419,mlkem,fixed,decaps,26096
9420,mlkem,fixed,decaps,26121
9421,mlkem,fixed,decaps,26064
9422,mlkem,fixed,decaps,26115
9423,mlkem,fixed,decaps,26098
9424,mlkem,fixed,decaps,26064
9425,mlkem,fixed,decaps,26065
9426,mlkem,fixed,decaps,26126
9427,mlkem,fixed,decaps,26108
9428,mlkem,fixed,decaps,26048
9429,mlkem,fixed,decaps,26095
9430,mlkem,fixed,decaps,26106
9431,mlkem,fixed,decaps,26063
9432,mlkem,fixed,decaps,26082
9433,mlkem,fixed,decaps,26087
9434,mlkem,fixed,decaps,26073
9435,mlkem,fixed,decaps,26045
9436,mlkem,fixed,decaps,26073
9437,mlkem,fixed,decaps,26048
9438,mlkem,fixed,decaps,26031
9439,mlkem,fixed,decaps,26117
9440,mlkem,fixed,decaps,26071
9441,mlkem,fixed,decaps,26864
9442,mlkem,fixed,decaps,26114
9443,mlkem,fixed,decaps,26154
9444,mlkem,fixed,decaps,26053
9445,mlkem,fixed,decaps,26092
9446,mlkem,fixed,decaps,26080
9447,mlkem,fixed,decaps,26100
9448,mlkem,fixed,decaps,26089
9449,mlkem,fixed,decaps,26066
9450,mlkem,fixed,decaps,38821
9451,mlkem,fixed,decaps,25386
9452,mlkem,fixed,decaps,25333
9453,mlkem,fixed,decaps,25331
9454,mlkem,fixed,decaps,25322
9455,mlkem,fixed,decaps,25295
9456,mlkem,fixed,decaps,25318
9457,mlkem,fixed,decaps,25335
9458,mlkem,fixed,decaps,35993
9459,mlkem,fixed,decaps,25883
9460,mlkem,fixed,decaps,25334
9461,mlkem,fixed,decaps,29126
9462,mlkem,fixed,decaps,33486
9463,mlkem,fixed,decaps,26249
9464,mlkem,fixed,decaps,34054
9465,mlkem,fixed,decaps,25759
9466,mlkem,fixed,decaps,25363
9467,mlkem,fixed,decaps,25348
9468,mlkem,fixed,decaps,25304
9469,mlkem,fixed,decaps,25301
9470,mlkem,fixed,decaps,25328
9471,mlkem,fixed,decaps,25309
9472,mlkem,fixed,decaps,25334
9473,mlkem,fixed,decaps,25342
9474,mlkem,fixed,decaps,25246
9475,mlkem,fixed,decaps,25311
9476,mlkem,fixed,decaps,25303
9477,mlkem,fixed,decaps,25359
9478,mlkem,fixed,decaps,25327
9479,mlkem,fixed,decaps,25255
9480,mlkem,fixed,decaps,25295
9481,mlkem,fixed,decaps,25317
9482,mlkem,fixed,decaps,25401
9483,mlkem,fixed,decaps,25477
9484,mlkem,fixed,decaps,25316
9485,mlkem,fixed,decaps,25282
9486,mlkem,fixed,decaps,25512
9487,mlkem,fixed,decaps,26131
9488,mlkem,fixed,decaps,25352
9489,mlkem,fixed,decaps,25397
9490,mlkem,fixed,decaps,25332
9491,mlkem,fixed,decaps,25374
9492,mlkem,fixed,decaps,34064
9493,mlkem,fixed,decaps,32326
9494,mlkem,fixed,decaps,36578
9495,mlkem,fixed,decaps,36027
9496,mlkem,fixed,decaps,26089
9497,mlkem,fixed,decaps,27650
9498,mlkem,fixed,decaps,35150
9499,mlkem,fixed,decaps,26065
9500,mlkem,fixed,decaps,25657
9501,mlkem,fixed,decaps,25354
9502,mlkem,fixed,decaps,25362
9503,mlkem,fixed,decaps,25483
9504,mlkem,fixed,decaps,25510
9505,mlkem,fixed,decaps,25360
9506,mlkem,fixed,decaps,25376
9507,mlkem,fixed,decaps,25342
9508,mlkem,fixed,decaps,25347
9509,mlkem,fixed,decaps,25340
9510,mlkem,fixed,decaps,25318
9511,mlkem,fixed,decaps,25349
9512,mlkem,fixed,decaps,25335
9513,mlkem,fixed,decaps,25362
9514,mlkem,fixed,decaps,25379
9515,mlkem,fixed,decaps,25336
9516,mlkem,fixed,decaps,25386
9517,mlkem,fixed,decaps,25342
9518,mlkem,fixed,decaps,25346
9519,mlkem,fixed,decaps,25325
9520,mlkem,fixed,decaps,25355
9521,mlkem,fixed,decaps,25387
9522,mlkem,fixed,decaps,25329
9523,mlkem,fixed,decaps,25363
9524,mlkem,fixed,decaps,25359
9525,mlkem,fixed,decaps,25323
9526,mlkem,fixed,decaps,25359
9527,mlkem,fixed,decaps,25361
9528,mlkem,fixed,decaps,35284
9529,mlkem,fixed,decaps,26340
9530,mlkem,fixed,decaps,25352
9531,mlkem,fixed,decaps,25505
9532,mlkem,fixed,decaps,25329
9533,mlkem,fixed,decaps,25330
9534,mlkem,fixed,decaps,25339
9535,mlkem,fixed,decaps,25306
9536,mlkem,fixed,decaps,25348
9537,mlkem,fixed,decaps,25346
9538,mlkem,fixed,decaps,25338
9539,mlkem,fixed,decaps,25359
9540,mlkem,fixed,decaps,25333
9541,mlkem,fixed,decaps,25318
9542,mlkem,fixed,decaps,25366
9543,mlkem,fixed,decaps,25377
9544,mlkem,fixed,decaps,25358
9545,mlkem,fixed,decaps,25285
9546,mlkem,fixed,decaps,25347
9547,mlkem,fixed,decaps,25360
9548,mlkem,fixed,decaps,25356
9549,mlkem,fixed,decaps,25337
9550,mlkem,fixed,decaps,25350
9551,mlkem,fixed,decaps,25353
9552,mlkem,fixed,decaps,25337
9553,mlkem,fixed,decaps,25361
9554,mlkem,fixed,decaps,25339
9555,mlkem,fixed,decaps,25313
9556,mlkem,fixed,decaps,25324
9557,mlkem,fixed,decaps,25330
9558,mlkem,fixed,decaps,25339
9559,mlkem,fixed,decaps,25319
9560,mlkem,fixed,decaps,25314
9561,mlkem,fixed,decaps,25348
9562,mlkem,fixed,decaps,25347
9563,mlkem,fixed,decaps,25383
9564,mlkem,fixed,decaps,25361
9565,mlkem,fixed,decaps,25306
9566,mlkem,fixed,decaps,25353
9567,mlkem,fixed,decaps,25353
9568,mlkem,fixed,decaps,25352
9569,mlkem,fixed,decaps,25322
9570,mlkem,fixed,decaps,25297
9571,mlkem,fixed,decaps,25371
9572,mlkem,fixed,decaps,25340
9573,mlkem,fixed,decaps,25358
9574,mlkem,fixed,decaps,25337
9575,mlkem,fixed,decaps,25277
9576,mlkem,fixed,decaps,25324
9577,mlkem,fixed,decaps,25371
9578,mlkem,fixed,decaps,25349
9579,mlkem,fixed,decaps,25324
9580,mlkem,fixed,decaps,25324
9581,mlkem,fixed,decaps,25346
9582,mlkem,fixed,decaps,25322
9583,mlkem,fixed,decaps,25355
9584,mlkem,fixed,decaps,25326
9585,mlkem,fixed,decaps,25297
9586,mlkem,fixed,decaps,25361
9587,mlkem,fixed,decaps,25349
9588,mlkem,fixed,decaps,25337
9589,mlkem,fixed,decaps,25394
9590,mlkem,fixed,decaps,25309
9591,mlkem,fixed,decaps,25366
9592,mlkem,fixed,decaps,25335
9593,mlkem,fixed,decaps,25353
9594,mlkem,fixed,decaps,25367
9595,mlkem,fixed,decaps,37709
9596,mlkem,fixed,decaps,26156
9597,mlkem,fixed,decaps,25401
9598,mlkem,fixed,decaps,25329
9599,mlkem,fixed,decaps,25353
9600,mlkem,fixed,decaps,25386
9601,mlkem,fixed,decaps,25325
9602,mlkem,fixed,decaps,25364
9603,mlkem,fixed,decaps,25287
9604,mlkem,fixed,decaps,25368
9605,mlkem,fixed,decaps,25361
9606,mlkem,fixed,decaps,25347
9607,mlkem,fixed,decaps,25363
9608,mlkem,fixed,decaps,25346
9609,mlkem,fixed,decaps,25372
9610,mlkem,fixed,decaps,25379
9611,mlkem,fixed,decaps,25327
9612,mlkem,fixed,decaps,25353
9613,mlkem,fixed,decaps,25347
9614,mlkem,fixed,decaps,25333
9615,mlkem,fixed,decaps,25400
9616,mlkem,fixed,decaps,25354
9617,mlkem,fixed,decaps,25361
9618,mlkem,fixed,decaps,25345
9619,mlkem,fixed,decaps,25348
9620,mlkem,fixed,decaps,25366
9621,mlkem,fixed,decaps,25353
9622,mlkem,fixed,decaps,25348
9623,mlkem,fixed,decaps,25364
9624,mlkem,fixed,decaps,25321
9625,mlkem,fixed,decaps,25384
9626,mlkem,fixed,decaps,25348
9627,mlkem,fixed,decaps,25354
9628,mlkem,fixed,decaps,25332
9629,mlkem,fixed,decaps,25329
9630,mlkem,fixed,decaps,25337
9631,mlkem,fixed,decaps,25362
9632,mlkem,fixed,decaps,25366
9633,mlkem,fixed,decaps,25347
9634,mlkem,fixed,decaps,25313
9635,mlkem,fixed,decaps,25466
9636,mlkem,fixed,decaps,25384
9637,mlkem,fixed,decaps,25355
9638,mlkem,fixed,decaps,25417
9639,mlkem,fixed,decaps,25310
9640,mlkem,fixed,decaps,25395
9641,mlkem,fixed,decaps,25398
9642,mlkem,fixed,decaps,25318
9643,mlkem,fixed,decaps,25347
9644,mlkem,fixed,decaps,25336
9645,mlkem,fixed,decaps,25376
9646,mlkem,fixed,decaps,25383
9647,mlkem,fixed,decaps,25427
9648,mlkem,fixed,decaps,25369
9649,mlkem,fixed,decaps,25354
9650,mlkem,fixed,decaps,25393
9651,mlkem,fixed,decaps,25432
9652,mlkem,fixed,decaps,25334
9653,mlkem,fixed,decaps,25348
9654,mlkem,fixed,decaps,25333
9655,mlkem,fixed,decaps,25375
9656,mlkem,fixed,decaps,25421
9657,mlkem,fixed,decaps,25336
9658,mlkem,fixed,decaps,25360
9659,mlkem,fixed,decaps,25335
9660,mlkem,fixed,decaps,25370
9661,mlkem,fixed,decaps,25387
9662,mlkem,fixed,decaps,25360
9663,mlkem,fixed,decaps,25331
9664,mlkem,fixed,decaps,25397
9665,mlkem,fixed,decaps,25332
9666,mlkem,fixed,decaps,25415
9667,mlkem,fixed,decaps,25357
9668,mlkem,fixed,decaps,25369
9669,mlkem,fixed,decaps,25349
9670,mlkem,fixed,decaps,25360
9671,mlkem,fixed,decaps,25363
9672,mlkem,fixed,decaps,25362
9673,mlkem,fixed,decaps,25325
9674,mlkem,fixed,decaps,25373
9675,mlkem,fixed,decaps,25343
9676,mlkem,fixed,decaps,25377
9677,mlkem,fixed,decaps,25355
9678,mlkem,fixed,decaps,25329
9679,mlkem,fixed,decaps,25328
9680,mlkem,fixed,decaps,25370
9681,mlkem,fixed,decaps,25399
9682,mlkem,fixed,decaps,25420
9683,mlkem,fixed,decaps,29766
9684,mlkem,fixed,decaps,25688
9685,mlkem,fixed,decaps,25380
9686,mlkem,fixed,decaps,25379
9687,mlkem,fixed,decaps,25322
9688,mlkem,fixed,decaps,25319
9689,mlkem,fixed,decaps,25345
9690,mlkem,fixed,decaps,25358
9691,mlkem,fixed,decaps,25369
9692,mlkem,fixed,decaps,25330
9693,mlkem,fixed,decaps,25348
9694,mlkem,fixed,decaps,25363
9695,mlkem,fixed,decaps,25327
9696,mlkem,fixed,decaps,25388
9697,mlkem,fixed,decaps,25349
9698,mlkem,fixed,decaps,25312
9699,mlkem,fixed,decaps,25367
9700,mlkem,fixed,decaps,25323
9701,mlkem,fixed,decaps,25343
9702,mlkem,fixed,decaps,25374
9703,mlkem,fixed,decaps,25302
9704,mlkem,fixed,decaps,25337
9705,mlkem,fixed,decaps,25334
9706,mlkem,fixed,decaps,25360
9707,mlkem,fixed,decaps,25366
9708,mlkem,fixed,decaps,25330
9709,mlkem,fixed,decaps,25370
9710,mlkem,fixed,decaps,25351
9711,mlkem,fixed,decaps,25387
9712,mlkem,fixed,decaps,25364
9713,mlkem,fixed,decaps,25304
9714,mlkem,fixed,decaps,25351
9715,mlkem,fixed,decaps,25348
9716,mlkem,fixed,decaps,25368
9717,mlkem,fixed,decaps,38656
9718,mlkem,fixed,decaps,26109
9719,mlkem,fixed,decaps,26089
9720,mlkem,fixed,decaps,26096
9721,mlkem,fixed,decaps,26076
9722,mlkem,fixed,decaps,26108
9723,mlkem,fixed,decaps,26065
9724,mlkem,fixed,decaps,26113
9725,mlkem,fixed,decaps,26087
9726,mlkem,fixed,decaps,26069
9727,mlkem,fixed,decaps,26097
9728,mlkem,fixed,decaps,26052
9729,mlkem,fixed,decaps,26088
9730,mlkem,fixed,decaps,26083
9731,mlkem,fixed,decaps,38150
9732,mlkem,fixed,decaps,26826
9733,mlkem,fixed,decaps,26149
9734,mlkem,fixed,decaps,26106
9735,mlkem,fixed,decaps,26068
9736,mlkem,fixed,decaps,26075
9737,mlkem,fixed,decaps,26067
9738,mlkem,fixed,decaps,26074
9739,mlkem,fixed,decaps,26098
9740,mlkem,fixed,decaps,26067
9741,mlkem,fixed,decaps,26066
9742,mlkem,fixed,decaps,26097
9743,mlkem,fixed,decaps,26092
9744,mlkem,fixed,decaps,26117
9745,mlkem,fixed,decaps,26157
9746,mlkem,fixed,decaps,26104
9747,mlkem,fixed,decaps,26147
9748,mlkem,fixed,decaps,26074
9749,mlkem,fixed,decaps,26155
9750,mlkem,fixed,decaps,26106
9751,mlkem,fixed,decaps,26122
9752,mlkem,fixed,decaps,26115
9753,mlkem,fixed,decaps,26049
9754,mlkem,fixed,decaps,38997
9755,mlkem,fixed,decaps,25408
9756,mlkem,fixed,decaps,25361
9757,mlkem,fixed,decaps,25374
9758,mlkem,fixed,decaps,25351
9759,mlkem,fixed,decaps,25349
9760,mlkem,fixed,decaps,25329
9761,mlkem,fixed,decaps,25342
9762,mlkem,fixed,decaps,25374
9763,mlkem,fixed,decaps,25344
9764,mlkem,fixed,decaps,25317
9765,mlkem,fixed,decaps,25314
9766,mlkem,fixed,decaps,25366
9767,mlkem,fixed,decaps,25389
9768,mlkem,fixed,decaps,25315
9769,mlkem,fixed,decaps,25367
9770,mlkem,fixed,decaps,25303
9771,mlkem,fixed,decaps,25405
9772,mlkem,fixed,decaps,25369
9773,mlkem,fixed,decaps,25308
9774,mlkem,fixed,decaps,25393
9775,mlkem,fixed,decaps,25307
9776,mlkem,fixed,decaps,25378
9777,mlkem,fixed,decaps,25392
9778,mlkem,fixed,decaps,25346
9779,mlkem,fixed,decaps,25334
9780,mlkem,fixed,decaps,25314
9781,mlkem,fixed,decaps,25370
9782,mlkem,fixed,decaps,25401
9783,mlkem,fixed,decaps,25305
9784,mlkem,fixed,decaps,25321
9785,mlkem,fixed,decaps,25311
9786,mlkem,fixed,decaps,25388
9787,mlkem,fixed,decaps,25370
9788,mlkem,fixed,decaps,25327
9789,mlkem,fixed,decaps,25343
9790,mlkem,fixed,decaps,25337
9791,mlkem,fixed,decaps,25402
9792,mlkem,fixed,decaps,25352
9793,mlkem,fixed,decaps,25300
9794,mlkem,fixed,decaps,25315
9795,mlkem,fixed,decaps,25328
9796,mlkem,fixed,decaps,25317
9797,mlkem,fixed,decaps,25377
9798,mlkem,fixed,decaps,25391
9799,mlkem,fixed,decaps,25361
9800,mlkem,fixed,decaps,25326
9801,mlkem,fixed,decaps,25411
9802,mlkem,fixed,decaps,25334
9803,mlkem,fixed,decaps,25385
9804,mlkem,fixed,decaps,25352
9805,mlkem,fixed,decaps,25291
9806,mlkem,fixed,decaps,25350
9807,mlkem,fixed,decaps,25336
9808,mlkem,fixed,decaps,25374
9809,mlkem,fixed,decaps,25350
9810,mlkem,fixed,decaps,25302
9811,mlkem,fixed,decaps,25352
9812,mlkem,fixed,decaps,25333
9813,mlkem,fixed,decaps,25337
9814,mlkem,fixed,decaps,25329
9815,mlkem,fixed,decaps,25317
9816,mlkem,fixed,decaps,25363
9817,mlkem,fixed,decaps,25327
9818,mlkem,fixed,decaps,25373
9819,mlkem,fixed,decaps,25379
9820,mlkem,fixed,decaps,25323
9821,mlkem,fixed,decaps,25377
9822,mlkem,fixed,decaps,25319
9823,mlkem,fixed,decaps,25359
9824,mlkem,fixed,decaps,25399
9825,mlkem,fixed,decaps,25305
9826,mlkem,fixed,decaps,25349
9827,mlkem,fixed,decaps,25333
9828,mlkem,fixed,decaps,25337
9829,mlkem,fixed,decaps,25376
9830,mlkem,fixed,decaps,25312
9831,mlkem,fixed,decaps,25400
9832,mlkem,fixed,decaps,25359
9833,mlkem,fixed,decaps,25329
9834,mlkem,fixed,decaps,25375
9835,mlkem,fixed,decaps,25344
9836,mlkem,fixed,decaps,33669
9837,mlkem,fixed,decaps,25731
9838,mlkem,fixed,decaps,25423
9839,mlkem,fixed,decaps,25395
9840,mlkem,fixed,decaps,25382
9841,mlkem,fixed,decaps,25363
9842,mlkem,fixed,decaps,25366
9843,mlkem,fixed,decaps,25393
9844,mlkem,fixed,decaps,25365
9845,mlkem,fixed,decaps,25413
9846,mlkem,fixed,decaps,25356
9847,mlkem,fixed,decaps,25403
9848,mlkem,fixed,decaps,25379
9849,mlkem,fixed,decaps,25417
9850,mlkem,fixed,decaps,25442
9851,mlkem,fixed,decaps,25339
9852,mlkem,fixed,decaps,25318
9853,mlkem,fixed,decaps,25397
9854,mlkem,fixed,decaps,25400
9855,mlkem,fixed,decaps,25375
9856,mlkem,fixed,decaps,25371
9857,mlkem,fixed,decaps,25368
9858,mlkem,fixed,decaps,25420
9859,mlkem,fixed,decaps,25355
9860,mlkem,fixed,decaps,25416
9861,mlkem,fixed,decaps,25392
9862,mlkem,fixed,decaps,25369
9863,mlkem,fixed,decaps,25371
9864,mlkem,fixed,decaps,25382
9865,mlkem,fixed,decaps,25372
9866,mlkem,fixed,decaps,25375
9867,mlkem,fixed,decaps,25394
9868,mlkem,fixed,decaps,36229
9869,mlkem,fixed,decaps,26061
9870,mlkem,fixed,decaps,25392
9871,mlkem,fixed,decaps,25358
9872,mlkem,fixed,decaps,25388
9873,mlkem,fixed,decaps,25338
9874,mlkem,fixed,decaps,25347
9875,mlkem,fixed,decaps,25330
9876,mlkem,fixed,decaps,25436
9877,mlkem,fixed,decaps,25404
9878,mlkem,fixed,decaps,25344
9879,mlkem,fixed,decaps,25346
9880,mlkem,fixed,decaps,25345
9881,mlkem,fixed,decaps,25342
9882,mlkem,fixed,decaps,25413
9883,mlkem,fixed,decaps,25329
9884,mlkem,fixed,decaps,25292
9885,mlkem,fixed,decaps,25331
9886,mlkem,fixed,decaps,25348
9887,mlkem,fixed,decaps,25371
9888,mlkem,fixed,decaps,25317
9889,mlkem,fixed,decaps,25330
9890,mlkem,fixed,decaps,25309
9891,mlkem,fixed,decaps,25378
9892,mlkem,fixed,decaps,25396
9893,mlkem,fixed,decaps,25346
9894,mlkem,fixed,decaps,25377
9895,mlkem,fixed,decaps,25427
9896,mlkem,fixed,decaps,25313
9897,mlkem,fixed,decaps,25396
9898,mlkem,fixed,decaps,25350
9899,mlkem,fixed,decaps,25384
9900,mlkem,fixed,decaps,25358
9901,mlkem,fixed,decaps,25355
9902,mlkem,fixed,decaps,25395
9903,mlkem,fixed,decaps,25346
9904,mlkem,fixed,decaps,25365
9905,mlkem,fixed,decaps,25378
9906,mlkem,fixed,decaps,25370
9907,mlkem,fixed,decaps,29617
9908,mlkem,fixed,decaps,25738
9909,mlkem,fixed,decaps,25376
9910,mlkem,fixed,decaps,37947
9911,mlkem,fixed,decaps,24666
9912,mlkem,fixed,decaps,24619
9913,mlkem,fixed,decaps,24650
9914,mlkem,fixed,decaps,24666
9915,mlkem,fixed,decaps,24604
9916,mlkem,fixed,decaps,24622
9917,mlkem,fixed,decaps,24662
9918,mlkem,fixed,decaps,24678
9919,mlkem,fixed,decaps,24673
9920,mlkem,fixed,decaps,24613
9921,mlkem,fixed,decaps,24657
9922,mlkem,fixed,decaps,24638
9923,mlkem,fixed,decaps,24693
9924,mlkem,fixed,decaps,24660
9925,mlkem,fixed,decaps,24617
9926,mlkem,fixed,decaps,24658
9927,mlkem,fixed,decaps,24649
9928,mlkem,fixed,decaps,24671
9929,mlkem,fixed,decaps,24610
9930,mlkem,fixed,decaps,24643
9931,mlkem,fixed,decaps,24665
9932,mlkem,fixed,decaps,24640
9933,mlkem,fixed,decaps,24630
9934,mlkem,fixed,decaps,24668
9935,mlkem,fixed,decaps,24612
9936,mlkem,fixed,decaps,24659
9937,mlkem,fixed,decaps,24683
9938,mlkem,fixed,decaps,24570
9939,mlkem,fixed,decaps,24639
9940,mlkem,fixed,decaps,24630
9941,mlkem,fixed,decaps,24677
9942,mlkem,fixed,decaps,24679
9943,mlkem,fixed,decaps,24623
9944,mlkem,fixed,decaps,24647
9945,mlkem,fixed,decaps,24716
9946,mlkem,fixed,decaps,24653
9947,mlkem,fixed,decaps,28586
9948,mlkem,fixed,decaps,24969
9949,mlkem,fixed,decaps,24692
9950,mlkem,fixed,decaps,44496
9951,mlkem,fixed,decaps,25397
9952,mlkem,fixed,decaps,25327
9953,mlkem,fixed,decaps,25399
9954,mlkem,fixed,decaps,25350
9955,mlkem,fixed,decaps,25342
9956,mlkem,fixed,decaps,25362
9957,mlkem,fixed,decaps,25357
9958,mlkem,fixed,decaps,25383
9959,mlkem,fixed,decaps,25348
9960,mlkem,fixed,decaps,25321
9961,mlkem,fixed,decaps,25351
9962,mlkem,fixed,decaps,25350
9963,mlkem,fixed,decaps,25378
9964,mlkem,fixed,decaps,25383
9965,mlkem,fixed,decaps,25295
9966,mlkem,fixed,decaps,25314
9967,mlkem,fixed,decaps,25368
9968,mlkem,fixed,decaps,25423
9969,mlkem,fixed,decaps,25400
9970,mlkem,fixed,decaps,25333
9971,mlkem,fixed,decaps,25346
9972,mlkem,fixed,decaps,25376
9973,mlkem,fixed,decaps,25389
9974,mlkem,fixed,decaps,25331
9975,mlkem,fixed,decaps,25341
9976,mlkem,fixed,decaps,25320
9977,mlkem,fixed,decaps,25364
9978,mlkem,fixed,decaps,25350
9979,mlkem,fixed,decaps,25363
9980,mlkem,fixed,decaps,25316
9981,mlkem,fixed,decaps,25331
9982,mlkem,fixed,decaps,25407
9983,mlkem,fixed,decaps,25342
9984,mlkem,fixed,decaps,25361
9985,mlkem,fixed,decaps,25343
9986,mlkem,fixed,decaps,25357
9987,mlkem,fixed,decaps,25360
9988,mlkem,fixed,decaps,25381
9989,mlkem,fixed,decaps,25411
9990,mlkem,fixed,decaps,25352
9991,mlkem,fixed,decaps,30716
9992,mlkem,fixed,decaps,25712
9993,mlkem,fixed,decaps,25359
9994,mlkem,fixed,decaps,25378
9995,mlkem,fixed,decaps,25728
9996,mlkem,fixed,decaps,25403
9997,mlkem,fixed,decaps,25363
9998,mlkem,fixed,decaps,25366
9999,mlkem,fixed,decaps,25385
10000,mlkem,fixed,decaps,25361
