iteration,mode,input,op,elapsed_ns
1,mlkem,fixed,decaps,27746
2,mlkem,fixed,decaps,24600
3,mlkem,fixed,decaps,24232
4,mlkem,fixed,decaps,24232
5,mlkem,fixed,decaps,24218
6,mlkem,fixed,decaps,24248
7,mlkem,fixed,decaps,24233
8,mlkem,fixed,decaps,24389
9,mlkem,fixed,decaps,24221
10,mlkem,fixed,decaps,24252
11,mlkem,fixed,decaps,24240
12,mlkem,fixed,decaps,24294
13,mlkem,fixed,decaps,24218
14,mlkem,fixed,decaps,24207
15,mlkem,fixed,decaps,24226
16,mlkem,fixed,decaps,24222
17,mlkem,fixed,decaps,24171
18,mlkem,fixed,decaps,24209
19,mlkem,fixed,decaps,24225
20,mlkem,fixed,decaps,24202
21,mlkem,fixed,decaps,24216
22,mlkem,fixed,decaps,24238
23,mlkem,fixed,decaps,24221
24,mlkem,fixed,decaps,24224
25,mlkem,fixed,decaps,24190
26,mlkem,fixed,decaps,24167
27,mlkem,fixed,decaps,24318
28,mlkem,fixed,decaps,24231
29,mlkem,fixed,decaps,24221
30,mlkem,fixed,decaps,24207
31,mlkem,fixed,decaps,24223
32,mlkem,fixed,decaps,24232
33,mlkem,fixed,decaps,24211
34,mlkem,fixed,decaps,24206
35,mlkem,fixed,decaps,24237
36,mlkem,fixed,decaps,24236
37,mlkem,fixed,decaps,24203
38,mlkem,fixed,decaps,24204
39,mlkem,fixed,decaps,24282
40,mlkem,fixed,decaps,24222
41,mlkem,fixed,decaps,24231
42,mlkem,fixed,decaps,24355
43,mlkem,fixed,decaps,24189
44,mlkem,fixed,decaps,24246
45,mlkem,fixed,decaps,24253
46,mlkem,fixed,decaps,24252
47,mlkem,fixed,decaps,24242
48,mlkem,fixed,decaps,24226
49,mlkem,fixed,decaps,24226
50,mlkem,fixed,decaps,24199
51,mlkem,fixed,decaps,24236
52,mlkem,fixed,decaps,24222
53,mlkem,fixed,decaps,24225
54,mlkem,fixed,decaps,24209
55,mlkem,fixed,decaps,24208
56,mlkem,fixed,decaps,24226
57,mlkem,fixed,decaps,24248
58,mlkem,fixed,decaps,24288
59,mlkem,fixed,decaps,24218
60,mlkem,fixed,decaps,24207
61,mlkem,fixed,decaps,24295
62,mlkem,fixed,decaps,24295
63,mlkem,fixed,decaps,24365
64,mlkem,fixed,decaps,24187
65,mlkem,fixed,decaps,24256
66,mlkem,fixed,decaps,24260
67,mlkem,fixed,decaps,24252
68,mlkem,fixed,decaps,24333
69,mlkem,fixed,decaps,24293
70,mlkem,fixed,decaps,24255
71,mlkem,fixed,decaps,24237
72,mlkem,fixed,decaps,24188
73,mlkem,fixed,decaps,24325
74,mlkem,fixed,decaps,24308
75,mlkem,fixed,decaps,24208
76,mlkem,fixed,decaps,24220
77,mlkem,fixed,decaps,24230
78,mlkem,fixed,decaps,24214
79,mlkem,fixed,decaps,24268
80,mlkem,fixed,decaps,24229
81,mlkem,fixed,decaps,24473
82,mlkem,fixed,decaps,24249
83,mlkem,fixed,decaps,24288
84,mlkem,fixed,decaps,24250
85,mlkem,fixed,decaps,24196
86,mlkem,fixed,decaps,24218
87,mlkem,fixed,decaps,24457
88,mlkem,fixed,decaps,24241
89,mlkem,fixed,decaps,24175
90,mlkem,fixed,decaps,24217
91,mlkem,fixed,decaps,24218
92,mlkem,fixed,decaps,24229
93,mlkem,fixed,decaps,24289
94,mlkem,fixed,decaps,24265
95,mlkem,fixed,decaps,24668
96,mlkem,fixed,decaps,24358
97,mlkem,fixed,decaps,24655
98,mlkem,fixed,decaps,24219
99,mlkem,fixed,decaps,24232
100,mlkem,fixed,decaps,24372
101,mlkem,fixed,decaps,24266
102,mlkem,fixed,decaps,24220
103,mlkem,fixed,decaps,24219
104,mlkem,fixed,decaps,24251
105,mlkem,fixed,decaps,24612
106,mlkem,fixed,decaps,24232
107,mlkem,fixed,decaps,24231
108,mlkem,fixed,decaps,24208
109,mlkem,fixed,decaps,24324
110,mlkem,fixed,decaps,24293
111,mlkem,fixed,decaps,24216
112,mlkem,fixed,decaps,24236
113,mlkem,fixed,decaps,24223
114,mlkem,fixed,decaps,24195
115,mlkem,fixed,decaps,24199
116,mlkem,fixed,decaps,24239
117,mlkem,fixed,decaps,24212
118,mlkem,fixed,decaps,24277
119,mlkem,fixed,decaps,24248
120,mlkem,fixed,decaps,24269
121,mlkem,fixed,decaps,24196
122,mlkem,fixed,decaps,24299
123,mlkem,fixed,decaps,24202
124,mlkem,fixed,decaps,24217
125,mlkem,fixed,decaps,24285
126,mlkem,fixed,decaps,24225
127,mlkem,fixed,decaps,24343
128,mlkem,fixed,decaps,29948
129,mlkem,fixed,decaps,24619
130,mlkem,fixed,decaps,24312
131,mlkem,fixed,decaps,24361
132,mlkem,fixed,decaps,24291
133,mlkem,fixed,decaps,24329
134,mlkem,fixed,decaps,24238
135,mlkem,fixed,decaps,24688
136,mlkem,fixed,decaps,24217
137,mlkem,fixed,decaps,24223
138,mlkem,fixed,decaps,24214
139,mlkem,fixed,decaps,24258
140,mlkem,fixed,decaps,24226
141,mlkem,fixed,decaps,24195
142,mlkem,fixed,decaps,24197
143,mlkem,fixed,decaps,24178
144,mlkem,fixed,decaps,24242
145,mlkem,fixed,decaps,25803
146,mlkem,fixed,decaps,24270
147,mlkem,fixed,decaps,24208
148,mlkem,fixed,decaps,24249
149,mlkem,fixed,decaps,24230
150,mlkem,fixed,decaps,24246
151,mlkem,fixed,decaps,24211
152,mlkem,fixed,decaps,24179
153,mlkem,fixed,decaps,24204
154,mlkem,fixed,decaps,24211
155,mlkem,fixed,decaps,24207
156,mlkem,fixed,decaps,24300
157,mlkem,fixed,decaps,24205
158,mlkem,fixed,decaps,24303
159,mlkem,fixed,decaps,24222
160,mlkem,fixed,decaps,24171
161,mlkem,fixed,decaps,24146
162,mlkem,fixed,decaps,24214
163,mlkem,fixed,decaps,24233
164,mlkem,fixed,decaps,24199
165,mlkem,fixed,decaps,24227
166,mlkem,fixed,decaps,24187
167,mlkem,fixed,decaps,24192
168,mlkem,fixed,decaps,24198
169,mlkem,fixed,decaps,24203
170,mlkem,fixed,decaps,24274
171,mlkem,fixed,decaps,24328
172,mlkem,fixed,decaps,24416
173,mlkem,fixed,decaps,24392
174,mlkem,fixed,decaps,24197
175,mlkem,fixed,decaps,24237
176,mlkem,fixed,decaps,24231
177,mlkem,fixed,decaps,24209
178,mlkem,fixed,decaps,24204
179,mlkem,fixed,decaps,24240
180,mlkem,fixed,decaps,24203
181,mlkem,fixed,decaps,24216
182,mlkem,fixed,decaps,24189
183,mlkem,fixed,decaps,24199
184,mlkem,fixed,decaps,24195
185,mlkem,fixed,decaps,24235
186,mlkem,fixed,decaps,24204
187,mlkem,fixed,decaps,24180
188,mlkem,fixed,decaps,24194
189,mlkem,fixed,decaps,24227
190,mlkem,fixed,decaps,24186
191,mlkem,fixed,decaps,24284
192,mlkem,fixed,decaps,24182
193,mlkem,fixed,decaps,24208
194,mlkem,fixed,decaps,24202
195,mlkem,fixed,decaps,24197
196,mlkem,fixed,decaps,24213
197,mlkem,fixed,decaps,24234
198,mlkem,fixed,decaps,24170
199,mlkem,fixed,decaps,24170
200,mlkem,fixed,decaps,24192
201,mlkem,fixed,decaps,24222
202,mlkem,fixed,decaps,24289
203,mlkem,fixed,decaps,24206
204,mlkem,fixed,decaps,24263
205,mlkem,fixed,decaps,24265
206,mlkem,fixed,decaps,24712
207,mlkem,fixed,decaps,24351
208,mlkem,fixed,decaps,24334
209,mlkem,fixed,decaps,24205
210,mlkem,fixed,decaps,24352
211,mlkem,fixed,decaps,24425
212,mlkem,fixed,decaps,24175
213,mlkem,fixed,decaps,24194
214,mlkem,fixed,decaps,24227
215,mlkem,fixed,decaps,24203
216,mlkem,fixed,decaps,24181
217,mlkem,fixed,decaps,24182
218,mlkem,fixed,decaps,24210
219,mlkem,fixed,decaps,24205
220,mlkem,fixed,decaps,24241
221,mlkem,fixed,decaps,24192
222,mlkem,fixed,decaps,24213
223,mlkem,fixed,decaps,24221
224,mlkem,fixed,decaps,24237
225,mlkem,fixed,decaps,24234
226,mlkem,fixed,decaps,24214
227,mlkem,fixed,decaps,24216
228,mlkem,fixed,decaps,24209
229,mlkem,fixed,decaps,24152
230,mlkem,fixed,decaps,24214
231,mlkem,fixed,decaps,24213
232,mlkem,fixed,decaps,24204
233,mlkem,fixed,decaps,24192
234,mlkem,fixed,decaps,24187
235,mlkem,fixed,decaps,24210
236,mlkem,fixed,decaps,24190
237,mlkem,fixed,decaps,24176
238,mlkem,fixed,decaps,24197
239,mlkem,fixed,decaps,24284
240,mlkem,fixed,decaps,24224
241,mlkem,fixed,decaps,24195
242,mlkem,fixed,decaps,24310
243,mlkem,fixed,decaps,24178
244,mlkem,fixed,decaps,24196
245,mlkem,fixed,decaps,24220
246,mlkem,fixed,decaps,24200
247,mlkem,fixed,decaps,24198
248,mlkem,fixed,decaps,24434
249,mlkem,fixed,decaps,24645
250,mlkem,fixed,decaps,24264
251,mlkem,fixed,decaps,24305
252,mlkem,fixed,decaps,24232
253,mlkem,fixed,decaps,24206
254,mlkem,fixed,decaps,24303
255,mlkem,fixed,decaps,24161
256,mlkem,fixed,decaps,24247
257,mlkem,fixed,decaps,24288
258,mlkem,fixed,decaps,24210
259,mlkem,fixed,decaps,24255
260,mlkem,fixed,decaps,24331
261,mlkem,fixed,decaps,24301
262,mlkem,fixed,decaps,24214
263,mlkem,fixed,decaps,24172
264,mlkem,fixed,decaps,24213
265,mlkem,fixed,decaps,24198
266,mlkem,fixed,decaps,24197
267,mlkem,fixed,decaps,24641
268,mlkem,fixed,decaps,24206
269,mlkem,fixed,decaps,24208
270,mlkem,fixed,decaps,24244
271,mlkem,fixed,decaps,24204
272,mlkem,fixed,decaps,24164
273,mlkem,fixed,decaps,24216
274,mlkem,fixed,decaps,24245
275,mlkem,fixed,decaps,24238
276,mlkem,fixed,decaps,24232
277,mlkem,fixed,decaps,24273
278,mlkem,fixed,decaps,24231
279,mlkem,fixed,decaps,24321
280,mlkem,fixed,decaps,24231
281,mlkem,fixed,decaps,24178
282,mlkem,fixed,decaps,24191
283,mlkem,fixed,decaps,24224
284,mlkem,fixed,decaps,24179
285,mlkem,fixed,decaps,30892
286,mlkem,fixed,decaps,24370
287,mlkem,fixed,decaps,25418
288,mlkem,fixed,decaps,24387
289,mlkem,fixed,decaps,24231
290,mlkem,fixed,decaps,29872
291,mlkem,fixed,decaps,34022
292,mlkem,fixed,decaps,32555
293,mlkem,fixed,decaps,27025
294,mlkem,fixed,decaps,32282
295,mlkem,fixed,decaps,24694
296,mlkem,fixed,decaps,24261
297,mlkem,fixed,decaps,24263
298,mlkem,fixed,decaps,24285
299,mlkem,fixed,decaps,24384
300,mlkem,fixed,decaps,24311
301,mlkem,fixed,decaps,24236
302,mlkem,fixed,decaps,24221
303,mlkem,fixed,decaps,24245
304,mlkem,fixed,decaps,24224
305,mlkem,fixed,decaps,24209
306,mlkem,fixed,decaps,24300
307,mlkem,fixed,decaps,24400
308,mlkem,fixed,decaps,24234
309,mlkem,fixed,decaps,24269
310,mlkem,fixed,decaps,24249
311,mlkem,fixed,decaps,24344
312,mlkem,fixed,decaps,24244
313,mlkem,fixed,decaps,24213
314,mlkem,fixed,decaps,24288
315,mlkem,fixed,decaps,24278
316,mlkem,fixed,decaps,24267
317,mlkem,fixed,decaps,24254
318,mlkem,fixed,decaps,24258
319,mlkem,fixed,decaps,24233
320,mlkem,fixed,decaps,24241
321,mlkem,fixed,decaps,24283
322,mlkem,fixed,decaps,24221
323,mlkem,fixed,decaps,24252
324,mlkem,fixed,decaps,24304
325,mlkem,fixed,decaps,24242
326,mlkem,fixed,decaps,24334
327,mlkem,fixed,decaps,24206
328,mlkem,fixed,decaps,24302
329,mlkem,fixed,decaps,24256
330,mlkem,fixed,decaps,24221
331,mlkem,fixed,decaps,24226
332,mlkem,fixed,decaps,24570
333,mlkem,fixed,decaps,24233
334,mlkem,fixed,decaps,24219
335,mlkem,fixed,decaps,24229
336,mlkem,fixed,decaps,24191
337,mlkem,fixed,decaps,24330
338,mlkem,fixed,decaps,24263
339,mlkem,fixed,decaps,24231
340,mlkem,fixed,decaps,24218
341,mlkem,fixed,decaps,24223
342,mlkem,fixed,decaps,24242
343,mlkem,fixed,decaps,24238
344,mlkem,fixed,decaps,24244
345,mlkem,fixed,decaps,24272
346,mlkem,fixed,decaps,24267
347,mlkem,fixed,decaps,24206
348,mlkem,fixed,decaps,24211
349,mlkem,fixed,decaps,24237
350,mlkem,fixed,decaps,24260
351,mlkem,fixed,decaps,24218
352,mlkem,fixed,decaps,24243
353,mlkem,fixed,decaps,24221
354,mlkem,fixed,decaps,24249
355,mlkem,fixed,decaps,24248
356,mlkem,fixed,decaps,24233
357,mlkem,fixed,decaps,24251
358,mlkem,fixed,decaps,24267
359,mlkem,fixed,decaps,24251
360,mlkem,fixed,decaps,24239
361,mlkem,fixed,decaps,24239
362,mlkem,fixed,decaps,24258
363,mlkem,fixed,decaps,24212
364,mlkem,fixed,decaps,24221
365,mlkem,fixed,decaps,24234
366,mlkem,fixed,decaps,24268
367,mlkem,fixed,decaps,24241
368,mlkem,fixed,decaps,24230
369,mlkem,fixed,decaps,24228
370,mlkem,fixed,decaps,24242
371,mlkem,fixed,decaps,24267
372,mlkem,fixed,decaps,24444
373,mlkem,fixed,decaps,24216
374,mlkem,fixed,decaps,24240
375,mlkem,fixed,decaps,24227
376,mlkem,fixed,decaps,24220
377,mlkem,fixed,decaps,24217
378,mlkem,fixed,decaps,24244
379,mlkem,fixed,decaps,24381
380,mlkem,fixed,decaps,24244
381,mlkem,fixed,decaps,24283
382,mlkem,fixed,decaps,24217
383,mlkem,fixed,decaps,24280
384,mlkem,fixed,decaps,24241
385,mlkem,fixed,decaps,24230
386,mlkem,fixed,decaps,24235
387,mlkem,fixed,decaps,24227
388,mlkem,fixed,decaps,24285
389,mlkem,fixed,decaps,24234
390,mlkem,fixed,decaps,24199
391,mlkem,fixed,decaps,24210
392,mlkem,fixed,decaps,24315
393,mlkem,fixed,decaps,24226
394,mlkem,fixed,decaps,24245
395,mlkem,fixed,decaps,24226
396,mlkem,fixed,decaps,24244
397,mlkem,fixed,decaps,24233
398,mlkem,fixed,decaps,24216
399,mlkem,fixed,decaps,24425
400,mlkem,fixed,decaps,24261
401,mlkem,fixed,decaps,24246
402,mlkem,fixed,decaps,24255
403,mlkem,fixed,decaps,24274
404,mlkem,fixed,decaps,24243
405,mlkem,fixed,decaps,24286
406,mlkem,fixed,decaps,24275
407,mlkem,fixed,decaps,37773
408,mlkem,fixed,decaps,24940
409,mlkem,fixed,decaps,24922
410,mlkem,fixed,decaps,24906
411,mlkem,fixed,decaps,24975
412,mlkem,fixed,decaps,24936
413,mlkem,fixed,decaps,24929
414,mlkem,fixed,decaps,24962
415,mlkem,fixed,decaps,24948
416,mlkem,fixed,decaps,25101
417,mlkem,fixed,decaps,25002
418,mlkem,fixed,decaps,24917
419,mlkem,fixed,decaps,24923
420,mlkem,fixed,decaps,24938
421,mlkem,fixed,decaps,24943
422,mlkem,fixed,decaps,25044
423,mlkem,fixed,decaps,24943
424,mlkem,fixed,decaps,24958
425,mlkem,fixed,decaps,24921
426,mlkem,fixed,decaps,24947
427,mlkem,fixed,decaps,24934
428,mlkem,fixed,decaps,25943
429,mlkem,fixed,decaps,25051
430,mlkem,fixed,decaps,24920
431,mlkem,fixed,decaps,24907
432,mlkem,fixed,decaps,25058
433,mlkem,fixed,decaps,24964
434,mlkem,fixed,decaps,24916
435,mlkem,fixed,decaps,25030
436,mlkem,fixed,decaps,24913
437,mlkem,fixed,decaps,24919
438,mlkem,fixed,decaps,24958
439,mlkem,fixed,decaps,24911
440,mlkem,fixed,decaps,24920
441,mlkem,fixed,decaps,24968
442,mlkem,fixed,decaps,24921
443,mlkem,fixed,decaps,25000
444,mlkem,fixed,decaps,24950
445,mlkem,fixed,decaps,24915
446,mlkem,fixed,decaps,37576
447,mlkem,fixed,decaps,24290
448,mlkem,fixed,decaps,24268
449,mlkem,fixed,decaps,60667
450,mlkem,fixed,decaps,24728
451,mlkem,fixed,decaps,24307
452,mlkem,fixed,decaps,24266
453,mlkem,fixed,decaps,24267
454,mlkem,fixed,decaps,24244
455,mlkem,fixed,decaps,24207
456,mlkem,fixed,decaps,24232
457,mlkem,fixed,decaps,24254
458,mlkem,fixed,decaps,24270
459,mlkem,fixed,decaps,24239
460,mlkem,fixed,decaps,24234
461,mlkem,fixed,decaps,24298
462,mlkem,fixed,decaps,24283
463,mlkem,fixed,decaps,24216
464,mlkem,fixed,decaps,24225
465,mlkem,fixed,decaps,24283
466,mlkem,fixed,decaps,24260
467,mlkem,fixed,decaps,24230
468,mlkem,fixed,decaps,24242
469,mlkem,fixed,decaps,24255
470,mlkem,fixed,decaps,24244
471,mlkem,fixed,decaps,24268
472,mlkem,fixed,decaps,24228
473,mlkem,fixed,decaps,24301
474,mlkem,fixed,decaps,24247
475,mlkem,fixed,decaps,24258
476,mlkem,fixed,decaps,24296
477,mlkem,fixed,decaps,24217
478,mlkem,fixed,decaps,24234
479,mlkem,fixed,decaps,24252
480,mlkem,fixed,decaps,24246
481,mlkem,fixed,decaps,24229
482,mlkem,fixed,decaps,24289
483,mlkem,fixed,decaps,24298
484,mlkem,fixed,decaps,24261
485,mlkem,fixed,decaps,24291
486,mlkem,fixed,decaps,24242
487,mlkem,fixed,decaps,24264
488,mlkem,fixed,decaps,24261
489,mlkem,fixed,decaps,24220
490,mlkem,fixed,decaps,24226
491,mlkem,fixed,decaps,24238
492,mlkem,fixed,decaps,24262
493,mlkem,fixed,decaps,24214
494,mlkem,fixed,decaps,24211
495,mlkem,fixed,decaps,24256
496,mlkem,fixed,decaps,24281
497,mlkem,fixed,decaps,24243
498,mlkem,fixed,decaps,24220
499,mlkem,fixed,decaps,24312
500,mlkem,fixed,decaps,24285
501,mlkem,fixed,decaps,24680
502,mlkem,fixed,decaps,24226
503,mlkem,fixed,decaps,24213
504,mlkem,fixed,decaps,24263
505,mlkem,fixed,decaps,24258
506,mlkem,fixed,decaps,24230
507,mlkem,fixed,decaps,24233
508,mlkem,fixed,decaps,24255
509,mlkem,fixed,decaps,24253
510,mlkem,fixed,decaps,24196
511,mlkem,fixed,decaps,24251
512,mlkem,fixed,decaps,24242
513,mlkem,fixed,decaps,24248
514,mlkem,fixed,decaps,24207
515,mlkem,fixed,decaps,24228
516,mlkem,fixed,decaps,24251
517,mlkem,fixed,decaps,24259
518,mlkem,fixed,decaps,24234
519,mlkem,fixed,decaps,24251
520,mlkem,fixed,decaps,24226
521,mlkem,fixed,decaps,24244
522,mlkem,fixed,decaps,24250
523,mlkem,fixed,decaps,24265
524,mlkem,fixed,decaps,24292
525,mlkem,fixed,decaps,24256
526,mlkem,fixed,decaps,24263
527,mlkem,fixed,decaps,24291
528,mlkem,fixed,decaps,24223
529,mlkem,fixed,decaps,24260
530,mlkem,fixed,decaps,24280
531,mlkem,fixed,decaps,24250
532,mlkem,fixed,decaps,24187
533,mlkem,fixed,decaps,24262
534,mlkem,fixed,decaps,24263
535,mlkem,fixed,decaps,24290
536,mlkem,fixed,decaps,24276
537,mlkem,fixed,decaps,24230
538,mlkem,fixed,decaps,24233
539,mlkem,fixed,decaps,24258
540,mlkem,fixed,decaps,24253
541,mlkem,fixed,decaps,24276
542,mlkem,fixed,decaps,24259
543,mlkem,fixed,decaps,24271
544,mlkem,fixed,decaps,24247
545,mlkem,fixed,decaps,24240
546,mlkem,fixed,decaps,24630
547,mlkem,fixed,decaps,24283
548,mlkem,fixed,decaps,24260
549,mlkem,fixed,decaps,24260
550,mlkem,fixed,decaps,24436
551,mlkem,fixed,decaps,24270
552,mlkem,fixed,decaps,24289
553,mlkem,fixed,decaps,24253
554,mlkem,fixed,decaps,24337
555,mlkem,fixed,decaps,24228
556,mlkem,fixed,decaps,24274
557,mlkem,fixed,decaps,24246
558,mlkem,fixed,decaps,24217
559,mlkem,fixed,decaps,24246
560,mlkem,fixed,decaps,24274
561,mlkem,fixed,decaps,24208
562,mlkem,fixed,decaps,24276
563,mlkem,fixed,decaps,24245
564,mlkem,fixed,decaps,24234
565,mlkem,fixed,decaps,24254
566,mlkem,fixed,decaps,24211
567,mlkem,fixed,decaps,37872
568,mlkem,fixed,decaps,24922
569,mlkem,fixed,decaps,25782
570,mlkem,fixed,decaps,24987
571,mlkem,fixed,decaps,24913
572,mlkem,fixed,decaps,24943
573,mlkem,fixed,decaps,25045
574,mlkem,fixed,decaps,24930
575,mlkem,fixed,decaps,24944
576,mlkem,fixed,decaps,24937
577,mlkem,fixed,decaps,24936
578,mlkem,fixed,decaps,24908
579,mlkem,fixed,decaps,24939
580,mlkem,fixed,decaps,24919
581,mlkem,fixed,decaps,24963
582,mlkem,fixed,decaps,24917
583,mlkem,fixed,decaps,24920
584,mlkem,fixed,decaps,24938
585,mlkem,fixed,decaps,25051
586,mlkem,fixed,decaps,24955
587,mlkem,fixed,decaps,25002
588,mlkem,fixed,decaps,24935
589,mlkem,fixed,decaps,24908
590,mlkem,fixed,decaps,24995
591,mlkem,fixed,decaps,25000
592,mlkem,fixed,decaps,24940
593,mlkem,fixed,decaps,25023
594,mlkem,fixed,decaps,25011
595,mlkem,fixed,decaps,24913
596,mlkem,fixed,decaps,24937
597,mlkem,fixed,decaps,25031
598,mlkem,fixed,decaps,25092
599,mlkem,fixed,decaps,25058
600,mlkem,fixed,decaps,25069
601,mlkem,fixed,decaps,24923
602,mlkem,fixed,decaps,24909
603,mlkem,fixed,decaps,24987
604,mlkem,fixed,decaps,25044
605,mlkem,fixed,decaps,37441
606,mlkem,fixed,decaps,24493
607,mlkem,fixed,decaps,24359
608,mlkem,fixed,decaps,28970
609,mlkem,fixed,decaps,24406
610,mlkem,fixed,decaps,24512
611,mlkem,fixed,decaps,24468
612,mlkem,fixed,decaps,24223
613,mlkem,fixed,decaps,24291
614,mlkem,fixed,decaps,24243
615,mlkem,fixed,decaps,24360
616,mlkem,fixed,decaps,24312
617,mlkem,fixed,decaps,24303
618,mlkem,fixed,decaps,24261
619,mlkem,fixed,decaps,24297
620,mlkem,fixed,decaps,24853
621,mlkem,fixed,decaps,24307
622,mlkem,fixed,decaps,24362
623,mlkem,fixed,decaps,24197
624,mlkem,fixed,decaps,24352
625,mlkem,fixed,decaps,24425
626,mlkem,fixed,decaps,24714
627,mlkem,fixed,decaps,24257
628,mlkem,fixed,decaps,24321
629,mlkem,fixed,decaps,24295
630,mlkem,fixed,decaps,24260
631,mlkem,fixed,decaps,24239
632,mlkem,fixed,decaps,24312
633,mlkem,fixed,decaps,24295
634,mlkem,fixed,decaps,24326
635,mlkem,fixed,decaps,28811
636,mlkem,fixed,decaps,24206
637,mlkem,fixed,decaps,24216
638,mlkem,fixed,decaps,24253
639,mlkem,fixed,decaps,24217
640,mlkem,fixed,decaps,24255
641,mlkem,fixed,decaps,24375
642,mlkem,fixed,decaps,24253
643,mlkem,fixed,decaps,24459
644,mlkem,fixed,decaps,24491
645,mlkem,fixed,decaps,24229
646,mlkem,fixed,decaps,24310
647,mlkem,fixed,decaps,24760
648,mlkem,fixed,decaps,24238
649,mlkem,fixed,decaps,24201
650,mlkem,fixed,decaps,24422
651,mlkem,fixed,decaps,24597
652,mlkem,fixed,decaps,24676
653,mlkem,fixed,decaps,24340
654,mlkem,fixed,decaps,25445
655,mlkem,fixed,decaps,24559
656,mlkem,fixed,decaps,24229
657,mlkem,fixed,decaps,24307
658,mlkem,fixed,decaps,24426
659,mlkem,fixed,decaps,24968
660,mlkem,fixed,decaps,24283
661,mlkem,fixed,decaps,24368
662,mlkem,fixed,decaps,24441
663,mlkem,fixed,decaps,24457
664,mlkem,fixed,decaps,24724
665,mlkem,fixed,decaps,24257
666,mlkem,fixed,decaps,24248
667,mlkem,fixed,decaps,24213
668,mlkem,fixed,decaps,24261
669,mlkem,fixed,decaps,24318
670,mlkem,fixed,decaps,24264
671,mlkem,fixed,decaps,24262
672,mlkem,fixed,decaps,24279
673,mlkem,fixed,decaps,24431
674,mlkem,fixed,decaps,24223
675,mlkem,fixed,decaps,24270
676,mlkem,fixed,decaps,24271
677,mlkem,fixed,decaps,24289
678,mlkem,fixed,decaps,24204
679,mlkem,fixed,decaps,24222
680,mlkem,fixed,decaps,24398
681,mlkem,fixed,decaps,24314
682,mlkem,fixed,decaps,24375
683,mlkem,fixed,decaps,24385
684,mlkem,fixed,decaps,24292
685,mlkem,fixed,decaps,24232
686,mlkem,fixed,decaps,24270
687,mlkem,fixed,decaps,24494
688,mlkem,fixed,decaps,24238
689,mlkem,fixed,decaps,24416
690,mlkem,fixed,decaps,24667
691,mlkem,fixed,decaps,24235
692,mlkem,fixed,decaps,24224
693,mlkem,fixed,decaps,24237
694,mlkem,fixed,decaps,24431
695,mlkem,fixed,decaps,24268
696,mlkem,fixed,decaps,24273
697,mlkem,fixed,decaps,24202
698,mlkem,fixed,decaps,24386
699,mlkem,fixed,decaps,24265
700,mlkem,fixed,decaps,24222
701,mlkem,fixed,decaps,24418
702,mlkem,fixed,decaps,24385
703,mlkem,fixed,decaps,24281
704,mlkem,fixed,decaps,24388
705,mlkem,fixed,decaps,25361
706,mlkem,fixed,decaps,24273
707,mlkem,fixed,decaps,24524
708,mlkem,fixed,decaps,24255
709,mlkem,fixed,decaps,24368
710,mlkem,fixed,decaps,25817
711,mlkem,fixed,decaps,24410
712,mlkem,fixed,decaps,24284
713,mlkem,fixed,decaps,24270
714,mlkem,fixed,decaps,24324
715,mlkem,fixed,decaps,24592
716,mlkem,fixed,decaps,24252
717,mlkem,fixed,decaps,24375
718,mlkem,fixed,decaps,24334
719,mlkem,fixed,decaps,24226
720,mlkem,fixed,decaps,24422
721,mlkem,fixed,decaps,24390
722,mlkem,fixed,decaps,24316
723,mlkem,fixed,decaps,24280
724,mlkem,fixed,decaps,24243
725,mlkem,fixed,decaps,24274
726,mlkem,fixed,decaps,24263
727,mlkem,fixed,decaps,24237
728,mlkem,fixed,decaps,24225
729,mlkem,fixed,decaps,24203
730,mlkem,fixed,decaps,24272
731,mlkem,fixed,decaps,24289
732,mlkem,fixed,decaps,24236
733,mlkem,fixed,decaps,24211
734,mlkem,fixed,decaps,24219
735,mlkem,fixed,decaps,24278
736,mlkem,fixed,decaps,24238
737,mlkem,fixed,decaps,24344
738,mlkem,fixed,decaps,24239
739,mlkem,fixed,decaps,25638
740,mlkem,fixed,decaps,24475
741,mlkem,fixed,decaps,24215
742,mlkem,fixed,decaps,24247
743,mlkem,fixed,decaps,24239
744,mlkem,fixed,decaps,24342
745,mlkem,fixed,decaps,24288
746,mlkem,fixed,decaps,24328
747,mlkem,fixed,decaps,24521
748,mlkem,fixed,decaps,24243
749,mlkem,fixed,decaps,24269
750,mlkem,fixed,decaps,24238
751,mlkem,fixed,decaps,24238
752,mlkem,fixed,decaps,24238
753,mlkem,fixed,decaps,24266
754,mlkem,fixed,decaps,24244
755,mlkem,fixed,decaps,24223
756,mlkem,fixed,decaps,24222
757,mlkem,fixed,decaps,24221
758,mlkem,fixed,decaps,24245
759,mlkem,fixed,decaps,24231
760,mlkem,fixed,decaps,24380
761,mlkem,fixed,decaps,24289
762,mlkem,fixed,decaps,24315
763,mlkem,fixed,decaps,24215
764,mlkem,fixed,decaps,24231
765,mlkem,fixed,decaps,37237
766,mlkem,fixed,decaps,25061
767,mlkem,fixed,decaps,25035
768,mlkem,fixed,decaps,24951
769,mlkem,fixed,decaps,29052
770,mlkem,fixed,decaps,25202
771,mlkem,fixed,decaps,25006
772,mlkem,fixed,decaps,25163
773,mlkem,fixed,decaps,24900
774,mlkem,fixed,decaps,24976
775,mlkem,fixed,decaps,24946
776,mlkem,fixed,decaps,24936
777,mlkem,fixed,decaps,27673
778,mlkem,fixed,decaps,25125
779,mlkem,fixed,decaps,24931
780,mlkem,fixed,decaps,25074
781,mlkem,fixed,decaps,24979
782,mlkem,fixed,decaps,24959
783,mlkem,fixed,decaps,24936
784,mlkem,fixed,decaps,24973
785,mlkem,fixed,decaps,24957
786,mlkem,fixed,decaps,25111
787,mlkem,fixed,decaps,24995
788,mlkem,fixed,decaps,25125
789,mlkem,fixed,decaps,25417
790,mlkem,fixed,decaps,24918
791,mlkem,fixed,decaps,24913
792,mlkem,fixed,decaps,24989
793,mlkem,fixed,decaps,24981
794,mlkem,fixed,decaps,25275
795,mlkem,fixed,decaps,25161
796,mlkem,fixed,decaps,25111
797,mlkem,fixed,decaps,24934
798,mlkem,fixed,decaps,24909
799,mlkem,fixed,decaps,24924
800,mlkem,fixed,decaps,24917
801,mlkem,fixed,decaps,25046
802,mlkem,fixed,decaps,24988
803,mlkem,fixed,decaps,25012
804,mlkem,fixed,decaps,24988
805,mlkem,fixed,decaps,25252
806,mlkem,fixed,decaps,24973
807,mlkem,fixed,decaps,24932
808,mlkem,fixed,decaps,25132
809,mlkem,fixed,decaps,24925
810,mlkem,fixed,decaps,25058
811,mlkem,fixed,decaps,25068
812,mlkem,fixed,decaps,24912
813,mlkem,fixed,decaps,25050
814,mlkem,fixed,decaps,25058
815,mlkem,fixed,decaps,24938
816,mlkem,fixed,decaps,25085
817,mlkem,fixed,decaps,24951
818,mlkem,fixed,decaps,25059
819,mlkem,fixed,decaps,24962
820,mlkem,fixed,decaps,24979
821,mlkem,fixed,decaps,24925
822,mlkem,fixed,decaps,24996
823,mlkem,fixed,decaps,25133
824,mlkem,fixed,decaps,25033
825,mlkem,fixed,decaps,24931
826,mlkem,fixed,decaps,25089
827,mlkem,fixed,decaps,25051
828,mlkem,fixed,decaps,25047
829,mlkem,fixed,decaps,24922
830,mlkem,fixed,decaps,24972
831,mlkem,fixed,decaps,24929
832,mlkem,fixed,decaps,24912
833,mlkem,fixed,decaps,25009
834,mlkem,fixed,decaps,25025
835,mlkem,fixed,decaps,24969
836,mlkem,fixed,decaps,24910
837,mlkem,fixed,decaps,24898
838,mlkem,fixed,decaps,24923
839,mlkem,fixed,decaps,24932
840,mlkem,fixed,decaps,24956
841,mlkem,fixed,decaps,24981
842,mlkem,fixed,decaps,24916
843,mlkem,fixed,decaps,24917
844,mlkem,fixed,decaps,25039
845,mlkem,fixed,decaps,25148
846,mlkem,fixed,decaps,25121
847,mlkem,fixed,decaps,25209
848,mlkem,fixed,decaps,24960
849,mlkem,fixed,decaps,25366
850,mlkem,fixed,decaps,24929
851,mlkem,fixed,decaps,25606
852,mlkem,fixed,decaps,24964
853,mlkem,fixed,decaps,24945
854,mlkem,fixed,decaps,24981
855,mlkem,fixed,decaps,24942
856,mlkem,fixed,decaps,25177
857,mlkem,fixed,decaps,24989
858,mlkem,fixed,decaps,25094
859,mlkem,fixed,decaps,25015
860,mlkem,fixed,decaps,24953
861,mlkem,fixed,decaps,24939
862,mlkem,fixed,decaps,24923
863,mlkem,fixed,decaps,24949
864,mlkem,fixed,decaps,25076
865,mlkem,fixed,decaps,25007
866,mlkem,fixed,decaps,24933
867,mlkem,fixed,decaps,24920
868,mlkem,fixed,decaps,24959
869,mlkem,fixed,decaps,25006
870,mlkem,fixed,decaps,24952
871,mlkem,fixed,decaps,24958
872,mlkem,fixed,decaps,25260
873,mlkem,fixed,decaps,24953
874,mlkem,fixed,decaps,24952
875,mlkem,fixed,decaps,24932
876,mlkem,fixed,decaps,24943
877,mlkem,fixed,decaps,25052
878,mlkem,fixed,decaps,25044
879,mlkem,fixed,decaps,24960
880,mlkem,fixed,decaps,24895
881,mlkem,fixed,decaps,24981
882,mlkem,fixed,decaps,25008
883,mlkem,fixed,decaps,24937
884,mlkem,fixed,decaps,24943
885,mlkem,fixed,decaps,24902
886,mlkem,fixed,decaps,24928
887,mlkem,fixed,decaps,24970
888,mlkem,fixed,decaps,24971
889,mlkem,fixed,decaps,24950
890,mlkem,fixed,decaps,25049
891,mlkem,fixed,decaps,24921
892,mlkem,fixed,decaps,25141
893,mlkem,fixed,decaps,24935
894,mlkem,fixed,decaps,24944
895,mlkem,fixed,decaps,24904
896,mlkem,fixed,decaps,24945
897,mlkem,fixed,decaps,24941
898,mlkem,fixed,decaps,24957
899,mlkem,fixed,decaps,24923
900,mlkem,fixed,decaps,24959
901,mlkem,fixed,decaps,25000
902,mlkem,fixed,decaps,25269
903,mlkem,fixed,decaps,25170
904,mlkem,fixed,decaps,25165
905,mlkem,fixed,decaps,25079
906,mlkem,fixed,decaps,24935
907,mlkem,fixed,decaps,24998
908,mlkem,fixed,decaps,25256
909,mlkem,fixed,decaps,24974
910,mlkem,fixed,decaps,25288
911,mlkem,fixed,decaps,25061
912,mlkem,fixed,decaps,25105
913,mlkem,fixed,decaps,24932
914,mlkem,fixed,decaps,25029
915,mlkem,fixed,decaps,25370
916,mlkem,fixed,decaps,25016
917,mlkem,fixed,decaps,24959
918,mlkem,fixed,decaps,24935
919,mlkem,fixed,decaps,24922
920,mlkem,fixed,decaps,24997
921,mlkem,fixed,decaps,25241
922,mlkem,fixed,decaps,25111
923,mlkem,fixed,decaps,24939
924,mlkem,fixed,decaps,24925
925,mlkem,fixed,decaps,24923
926,mlkem,fixed,decaps,24969
927,mlkem,fixed,decaps,30546
928,mlkem,fixed,decaps,25130
929,mlkem,fixed,decaps,25002
930,mlkem,fixed,decaps,24969
931,mlkem,fixed,decaps,25141
932,mlkem,fixed,decaps,25026
933,mlkem,fixed,decaps,24948
934,mlkem,fixed,decaps,25098
935,mlkem,fixed,decaps,24951
936,mlkem,fixed,decaps,25043
937,mlkem,fixed,decaps,25207
938,mlkem,fixed,decaps,25266
939,mlkem,fixed,decaps,25292
940,mlkem,fixed,decaps,24993
941,mlkem,fixed,decaps,25033
942,mlkem,fixed,decaps,24921
943,mlkem,fixed,decaps,24925
944,mlkem,fixed,decaps,25129
945,mlkem,fixed,decaps,25010
946,mlkem,fixed,decaps,25058
947,mlkem,fixed,decaps,24941
948,mlkem,fixed,decaps,24950
949,mlkem,fixed,decaps,24940
950,mlkem,fixed,decaps,24940
951,mlkem,fixed,decaps,25259
952,mlkem,fixed,decaps,24920
953,mlkem,fixed,decaps,24916
954,mlkem,fixed,decaps,24946
955,mlkem,fixed,decaps,24992
956,mlkem,fixed,decaps,25046
957,mlkem,fixed,decaps,25009
958,mlkem,fixed,decaps,24989
959,mlkem,fixed,decaps,24927
960,mlkem,fixed,decaps,24959
961,mlkem,fixed,decaps,25070
962,mlkem,fixed,decaps,24922
963,mlkem,fixed,decaps,24912
964,mlkem,fixed,decaps,24957
965,mlkem,fixed,decaps,24990
966,mlkem,fixed,decaps,24922
967,mlkem,fixed,decaps,24928
968,mlkem,fixed,decaps,25115
969,mlkem,fixed,decaps,24984
970,mlkem,fixed,decaps,24951
971,mlkem,fixed,decaps,24922
972,mlkem,fixed,decaps,24917
973,mlkem,fixed,decaps,25143
974,mlkem,fixed,decaps,25008
975,mlkem,fixed,decaps,24924
976,mlkem,fixed,decaps,25264
977,mlkem,fixed,decaps,25258
978,mlkem,fixed,decaps,25384
979,mlkem,fixed,decaps,25090
980,mlkem,fixed,decaps,24941
981,mlkem,fixed,decaps,24959
982,mlkem,fixed,decaps,25126
983,mlkem,fixed,decaps,24952
984,mlkem,fixed,decaps,24930
985,mlkem,fixed,decaps,24922
986,mlkem,fixed,decaps,24898
987,mlkem,fixed,decaps,24914
988,mlkem,fixed,decaps,24966
989,mlkem,fixed,decaps,24966
990,mlkem,fixed,decaps,25057
991,mlkem,fixed,decaps,24921
992,mlkem,fixed,decaps,24942
993,mlkem,fixed,decaps,25809
994,mlkem,fixed,decaps,25745
995,mlkem,fixed,decaps,25081
996,mlkem,fixed,decaps,25762
997,mlkem,fixed,decaps,25425
998,mlkem,fixed,decaps,29808
999,mlkem,fixed,decaps,25420
1000,mlkem,fixed,decaps,25366
1001,mlkem,fixed,decaps,25751
1002,mlkem,fixed,decaps,47754
1003,mlkem,fixed,decaps,28175
1004,mlkem,fixed,decaps,26307
1005,mlkem,fixed,decaps,26582
1006,mlkem,fixed,decaps,27355
1007,mlkem,fixed,decaps,26414
1008,mlkem,fixed,decaps,25792
1009,mlkem,fixed,decaps,26506
1010,mlkem,fixed,decaps,26217
1011,mlkem,fixed,decaps,26313
1012,mlkem,fixed,decaps,25768
1013,mlkem,fixed,decaps,25650
1014,mlkem,fixed,decaps,26441
1015,mlkem,fixed,decaps,25957
1016,mlkem,fixed,decaps,26006
1017,mlkem,fixed,decaps,26104
1018,mlkem,fixed,decaps,26956
1019,mlkem,fixed,decaps,26054
1020,mlkem,fixed,decaps,26054
1021,mlkem,fixed,decaps,25925
1022,mlkem,fixed,decaps,26116
1023,mlkem,fixed,decaps,26625
1024,mlkem,fixed,decaps,26482
1025,mlkem,fixed,decaps,25635
1026,mlkem,fixed,decaps,26069
1027,mlkem,fixed,decaps,25675
1028,mlkem,fixed,decaps,25887
1029,mlkem,fixed,decaps,26382
1030,mlkem,fixed,decaps,26446
1031,mlkem,fixed,decaps,25946
1032,mlkem,fixed,decaps,25955
1033,mlkem,fixed,decaps,26853
1034,mlkem,fixed,decaps,26450
1035,mlkem,fixed,decaps,26459
1036,mlkem,fixed,decaps,25936
1037,mlkem,fixed,decaps,25903
1038,mlkem,fixed,decaps,38104
1039,mlkem,fixed,decaps,25052
1040,mlkem,fixed,decaps,25729
1041,mlkem,fixed,decaps,25147
1042,mlkem,fixed,decaps,25171
1043,mlkem,fixed,decaps,25163
1044,mlkem,fixed,decaps,25330
1045,mlkem,fixed,decaps,25195
1046,mlkem,fixed,decaps,25013
1047,mlkem,fixed,decaps,25382
1048,mlkem,fixed,decaps,25339
1049,mlkem,fixed,decaps,25611
1050,mlkem,fixed,decaps,25840
1051,mlkem,fixed,decaps,25349
1052,mlkem,fixed,decaps,25430
1053,mlkem,fixed,decaps,25002
1054,mlkem,fixed,decaps,25208
1055,mlkem,fixed,decaps,25265
1056,mlkem,fixed,decaps,25254
1057,mlkem,fixed,decaps,25223
1058,mlkem,fixed,decaps,28258
1059,mlkem,fixed,decaps,25326
1060,mlkem,fixed,decaps,25008
1061,mlkem,fixed,decaps,25185
1062,mlkem,fixed,decaps,25759
1063,mlkem,fixed,decaps,25055
1064,mlkem,fixed,decaps,24918
1065,mlkem,fixed,decaps,25192
1066,mlkem,fixed,decaps,25368
1067,mlkem,fixed,decaps,24994
1068,mlkem,fixed,decaps,24917
1069,mlkem,fixed,decaps,24907
1070,mlkem,fixed,decaps,25157
1071,mlkem,fixed,decaps,27031
1072,mlkem,fixed,decaps,25051
1073,mlkem,fixed,decaps,24906
1074,mlkem,fixed,decaps,25017
1075,mlkem,fixed,decaps,25173
1076,mlkem,fixed,decaps,25037
1077,mlkem,fixed,decaps,25325
1078,mlkem,fixed,decaps,25007
1079,mlkem,fixed,decaps,24950
1080,mlkem,fixed,decaps,25071
1081,mlkem,fixed,decaps,30600
1082,mlkem,fixed,decaps,24972
1083,mlkem,fixed,decaps,28108
1084,mlkem,fixed,decaps,24898
1085,mlkem,fixed,decaps,24891
1086,mlkem,fixed,decaps,25034
1087,mlkem,fixed,decaps,25111
1088,mlkem,fixed,decaps,25365
1089,mlkem,fixed,decaps,25180
1090,mlkem,fixed,decaps,32218
1091,mlkem,fixed,decaps,48491
1092,mlkem,fixed,decaps,27557
1093,mlkem,fixed,decaps,24978
1094,mlkem,fixed,decaps,24979
1095,mlkem,fixed,decaps,24932
1096,mlkem,fixed,decaps,24951
1097,mlkem,fixed,decaps,25196
1098,mlkem,fixed,decaps,25236
1099,mlkem,fixed,decaps,24965
1100,mlkem,fixed,decaps,24946
1101,mlkem,fixed,decaps,24957
1102,mlkem,fixed,decaps,24941
1103,mlkem,fixed,decaps,24993
1104,mlkem,fixed,decaps,25059
1105,mlkem,fixed,decaps,25003
1106,mlkem,fixed,decaps,25186
1107,mlkem,fixed,decaps,24947
1108,mlkem,fixed,decaps,25108
1109,mlkem,fixed,decaps,24957
1110,mlkem,fixed,decaps,25159
1111,mlkem,fixed,decaps,25114
1112,mlkem,fixed,decaps,25194
1113,mlkem,fixed,decaps,25127
1114,mlkem,fixed,decaps,25026
1115,mlkem,fixed,decaps,24981
1116,mlkem,fixed,decaps,25299
1117,mlkem,fixed,decaps,24945
1118,mlkem,fixed,decaps,24920
1119,mlkem,fixed,decaps,25026
1120,mlkem,fixed,decaps,25490
1121,mlkem,fixed,decaps,24950
1122,mlkem,fixed,decaps,24979
1123,mlkem,fixed,decaps,25054
1124,mlkem,fixed,decaps,25125
1125,mlkem,fixed,decaps,25183
1126,mlkem,fixed,decaps,25122
1127,mlkem,fixed,decaps,24948
1128,mlkem,fixed,decaps,24978
1129,mlkem,fixed,decaps,24986
1130,mlkem,fixed,decaps,25684
1131,mlkem,fixed,decaps,25018
1132,mlkem,fixed,decaps,24958
1133,mlkem,fixed,decaps,24923
1134,mlkem,fixed,decaps,24966
1135,mlkem,fixed,decaps,24914
1136,mlkem,fixed,decaps,24952
1137,mlkem,fixed,decaps,24987
1138,mlkem,fixed,decaps,25036
1139,mlkem,fixed,decaps,24986
1140,mlkem,fixed,decaps,25016
1141,mlkem,fixed,decaps,25185
1142,mlkem,fixed,decaps,24945
1143,mlkem,fixed,decaps,25353
1144,mlkem,fixed,decaps,25063
1145,mlkem,fixed,decaps,27693
1146,mlkem,fixed,decaps,24936
1147,mlkem,fixed,decaps,25040
1148,mlkem,fixed,decaps,25056
1149,mlkem,fixed,decaps,24933
1150,mlkem,fixed,decaps,24921
1151,mlkem,fixed,decaps,24931
1152,mlkem,fixed,decaps,24996
1153,mlkem,fixed,decaps,24942
1154,mlkem,fixed,decaps,24936
1155,mlkem,fixed,decaps,24931
1156,mlkem,fixed,decaps,24950
1157,mlkem,fixed,decaps,24939
1158,mlkem,fixed,decaps,24893
1159,mlkem,fixed,decaps,24911
1160,mlkem,fixed,decaps,24985
1161,mlkem,fixed,decaps,24960
1162,mlkem,fixed,decaps,24933
1163,mlkem,fixed,decaps,24925
1164,mlkem,fixed,decaps,24921
1165,mlkem,fixed,decaps,24940
1166,mlkem,fixed,decaps,24946
1167,mlkem,fixed,decaps,24964
1168,mlkem,fixed,decaps,24981
1169,mlkem,fixed,decaps,24919
1170,mlkem,fixed,decaps,24934
1171,mlkem,fixed,decaps,24945
1172,mlkem,fixed,decaps,24921
1173,mlkem,fixed,decaps,24981
1174,mlkem,fixed,decaps,24946
1175,mlkem,fixed,decaps,24986
1176,mlkem,fixed,decaps,24938
1177,mlkem,fixed,decaps,25101
1178,mlkem,fixed,decaps,25074
1179,mlkem,fixed,decaps,25004
1180,mlkem,fixed,decaps,24954
1181,mlkem,fixed,decaps,24941
1182,mlkem,fixed,decaps,24894
1183,mlkem,fixed,decaps,24914
1184,mlkem,fixed,decaps,25010
1185,mlkem,fixed,decaps,24933
1186,mlkem,fixed,decaps,24930
1187,mlkem,fixed,decaps,24985
1188,mlkem,fixed,decaps,24996
1189,mlkem,fixed,decaps,24932
1190,mlkem,fixed,decaps,24959
1191,mlkem,fixed,decaps,24930
1192,mlkem,fixed,decaps,24904
1193,mlkem,fixed,decaps,25102
1194,mlkem,fixed,decaps,24913
1195,mlkem,fixed,decaps,24941
1196,mlkem,fixed,decaps,24918
1197,mlkem,fixed,decaps,24931
1198,mlkem,fixed,decaps,24919
1199,mlkem,fixed,decaps,25024
1200,mlkem,fixed,decaps,24952
1201,mlkem,fixed,decaps,24938
1202,mlkem,fixed,decaps,24916
1203,mlkem,fixed,decaps,25181
1204,mlkem,fixed,decaps,24940
1205,mlkem,fixed,decaps,24925
1206,mlkem,fixed,decaps,24955
1207,mlkem,fixed,decaps,24910
1208,mlkem,fixed,decaps,24957
1209,mlkem,fixed,decaps,24933
1210,mlkem,fixed,decaps,25011
1211,mlkem,fixed,decaps,24892
1212,mlkem,fixed,decaps,24916
1213,mlkem,fixed,decaps,24986
1214,mlkem,fixed,decaps,25029
1215,mlkem,fixed,decaps,24934
1216,mlkem,fixed,decaps,24949
1217,mlkem,fixed,decaps,24909
1218,mlkem,fixed,decaps,24986
1219,mlkem,fixed,decaps,24923
1220,mlkem,fixed,decaps,24935
1221,mlkem,fixed,decaps,25065
1222,mlkem,fixed,decaps,26956
1223,mlkem,fixed,decaps,25072
1224,mlkem,fixed,decaps,24996
1225,mlkem,fixed,decaps,24979
1226,mlkem,fixed,decaps,24902
1227,mlkem,fixed,decaps,24915
1228,mlkem,fixed,decaps,24960
1229,mlkem,fixed,decaps,25056
1230,mlkem,fixed,decaps,24997
1231,mlkem,fixed,decaps,38242
1232,mlkem,fixed,decaps,25740
1233,mlkem,fixed,decaps,25671
1234,mlkem,fixed,decaps,25676
1235,mlkem,fixed,decaps,25667
1236,mlkem,fixed,decaps,31740
1237,mlkem,fixed,decaps,25805
1238,mlkem,fixed,decaps,25884
1239,mlkem,fixed,decaps,25671
1240,mlkem,fixed,decaps,25745
1241,mlkem,fixed,decaps,25720
1242,mlkem,fixed,decaps,25702
1243,mlkem,fixed,decaps,25999
1244,mlkem,fixed,decaps,25640
1245,mlkem,fixed,decaps,25645
1246,mlkem,fixed,decaps,26531
1247,mlkem,fixed,decaps,25633
1248,mlkem,fixed,decaps,25753
1249,mlkem,fixed,decaps,25628
1250,mlkem,fixed,decaps,25732
1251,mlkem,fixed,decaps,25618
1252,mlkem,fixed,decaps,25671
1253,mlkem,fixed,decaps,25728
1254,mlkem,fixed,decaps,26118
1255,mlkem,fixed,decaps,25709
1256,mlkem,fixed,decaps,25655
1257,mlkem,fixed,decaps,25656
1258,mlkem,fixed,decaps,25615
1259,mlkem,fixed,decaps,25632
1260,mlkem,fixed,decaps,25608
1261,mlkem,fixed,decaps,25625
1262,mlkem,fixed,decaps,25649
1263,mlkem,fixed,decaps,25657
1264,mlkem,fixed,decaps,25650
1265,mlkem,fixed,decaps,25628
1266,mlkem,fixed,decaps,26542
1267,mlkem,fixed,decaps,25696
1268,mlkem,fixed,decaps,25695
1269,mlkem,fixed,decaps,25640
1270,mlkem,fixed,decaps,38150
1271,mlkem,fixed,decaps,24947
1272,mlkem,fixed,decaps,24921
1273,mlkem,fixed,decaps,24913
1274,mlkem,fixed,decaps,24920
1275,mlkem,fixed,decaps,24932
1276,mlkem,fixed,decaps,24956
1277,mlkem,fixed,decaps,24906
1278,mlkem,fixed,decaps,24897
1279,mlkem,fixed,decaps,24925
1280,mlkem,fixed,decaps,24948
1281,mlkem,fixed,decaps,24975
1282,mlkem,fixed,decaps,24901
1283,mlkem,fixed,decaps,24897
1284,mlkem,fixed,decaps,24939
1285,mlkem,fixed,decaps,24925
1286,mlkem,fixed,decaps,24992
1287,mlkem,fixed,decaps,25057
1288,mlkem,fixed,decaps,24950
1289,mlkem,fixed,decaps,24923
1290,mlkem,fixed,decaps,24928
1291,mlkem,fixed,decaps,24878
1292,mlkem,fixed,decaps,24904
1293,mlkem,fixed,decaps,24924
1294,mlkem,fixed,decaps,24919
1295,mlkem,fixed,decaps,24992
1296,mlkem,fixed,decaps,25245
1297,mlkem,fixed,decaps,24999
1298,mlkem,fixed,decaps,24916
1299,mlkem,fixed,decaps,24942
1300,mlkem,fixed,decaps,24992
1301,mlkem,fixed,decaps,24975
1302,mlkem,fixed,decaps,24941
1303,mlkem,fixed,decaps,24925
1304,mlkem,fixed,decaps,24943
1305,mlkem,fixed,decaps,24925
1306,mlkem,fixed,decaps,24912
1307,mlkem,fixed,decaps,24916
1308,mlkem,fixed,decaps,24906
1309,mlkem,fixed,decaps,24926
1310,mlkem,fixed,decaps,24894
1311,mlkem,fixed,decaps,24947
1312,mlkem,fixed,decaps,24911
1313,mlkem,fixed,decaps,24900
1314,mlkem,fixed,decaps,24916
1315,mlkem,fixed,decaps,24923
1316,mlkem,fixed,decaps,24927
1317,mlkem,fixed,decaps,24895
1318,mlkem,fixed,decaps,24885
1319,mlkem,fixed,decaps,24878
1320,mlkem,fixed,decaps,24886
1321,mlkem,fixed,decaps,24921
1322,mlkem,fixed,decaps,24914
1323,mlkem,fixed,decaps,24918
1324,mlkem,fixed,decaps,25044
1325,mlkem,fixed,decaps,25127
1326,mlkem,fixed,decaps,24962
1327,mlkem,fixed,decaps,24913
1328,mlkem,fixed,decaps,24923
1329,mlkem,fixed,decaps,24904
1330,mlkem,fixed,decaps,24974
1331,mlkem,fixed,decaps,24967
1332,mlkem,fixed,decaps,24901
1333,mlkem,fixed,decaps,24907
1334,mlkem,fixed,decaps,24904
1335,mlkem,fixed,decaps,24891
1336,mlkem,fixed,decaps,24867
1337,mlkem,fixed,decaps,24895
1338,mlkem,fixed,decaps,24902
1339,mlkem,fixed,decaps,24907
1340,mlkem,fixed,decaps,24902
1341,mlkem,fixed,decaps,24899
1342,mlkem,fixed,decaps,24921
1343,mlkem,fixed,decaps,24914
1344,mlkem,fixed,decaps,24884
1345,mlkem,fixed,decaps,24956
1346,mlkem,fixed,decaps,24906
1347,mlkem,fixed,decaps,24994
1348,mlkem,fixed,decaps,24943
1349,mlkem,fixed,decaps,24849
1350,mlkem,fixed,decaps,24910
1351,mlkem,fixed,decaps,24908
1352,mlkem,fixed,decaps,24930
1353,mlkem,fixed,decaps,24888
1354,mlkem,fixed,decaps,24859
1355,mlkem,fixed,decaps,24923
1356,mlkem,fixed,decaps,24936
1357,mlkem,fixed,decaps,24896
1358,mlkem,fixed,decaps,24895
1359,mlkem,fixed,decaps,24920
1360,mlkem,fixed,decaps,25147
1361,mlkem,fixed,decaps,25074
1362,mlkem,fixed,decaps,25091
1363,mlkem,fixed,decaps,25352
1364,mlkem,fixed,decaps,24910
1365,mlkem,fixed,decaps,24966
1366,mlkem,fixed,decaps,25064
1367,mlkem,fixed,decaps,24890
1368,mlkem,fixed,decaps,24924
1369,mlkem,fixed,decaps,25010
1370,mlkem,fixed,decaps,24949
1371,mlkem,fixed,decaps,24925
1372,mlkem,fixed,decaps,24919
1373,mlkem,fixed,decaps,24992
1374,mlkem,fixed,decaps,24918
1375,mlkem,fixed,decaps,25136
1376,mlkem,fixed,decaps,24901
1377,mlkem,fixed,decaps,25130
1378,mlkem,fixed,decaps,24938
1379,mlkem,fixed,decaps,25310
1380,mlkem,fixed,decaps,24972
1381,mlkem,fixed,decaps,24915
1382,mlkem,fixed,decaps,25002
1383,mlkem,fixed,decaps,24906
1384,mlkem,fixed,decaps,24977
1385,mlkem,fixed,decaps,24904
1386,mlkem,fixed,decaps,25003
1387,mlkem,fixed,decaps,24909
1388,mlkem,fixed,decaps,24911
1389,mlkem,fixed,decaps,24909
1390,mlkem,fixed,decaps,24906
1391,mlkem,fixed,decaps,24927
1392,mlkem,fixed,decaps,30587
1393,mlkem,fixed,decaps,25431
1394,mlkem,fixed,decaps,25153
1395,mlkem,fixed,decaps,25028
1396,mlkem,fixed,decaps,24956
1397,mlkem,fixed,decaps,24944
1398,mlkem,fixed,decaps,24936
1399,mlkem,fixed,decaps,25019
1400,mlkem,fixed,decaps,25227
1401,mlkem,fixed,decaps,24985
1402,mlkem,fixed,decaps,24988
1403,mlkem,fixed,decaps,25927
1404,mlkem,fixed,decaps,25001
1405,mlkem,fixed,decaps,24944
1406,mlkem,fixed,decaps,24912
1407,mlkem,fixed,decaps,24875
1408,mlkem,fixed,decaps,24895
1409,mlkem,fixed,decaps,25008
1410,mlkem,fixed,decaps,24945
1411,mlkem,fixed,decaps,24905
1412,mlkem,fixed,decaps,24882
1413,mlkem,fixed,decaps,24898
1414,mlkem,fixed,decaps,24988
1415,mlkem,fixed,decaps,24929
1416,mlkem,fixed,decaps,24926
1417,mlkem,fixed,decaps,24904
1418,mlkem,fixed,decaps,24922
1419,mlkem,fixed,decaps,24980
1420,mlkem,fixed,decaps,24995
1421,mlkem,fixed,decaps,24880
1422,mlkem,fixed,decaps,24888
1423,mlkem,fixed,decaps,24926
1424,mlkem,fixed,decaps,24928
1425,mlkem,fixed,decaps,24918
1426,mlkem,fixed,decaps,24887
1427,mlkem,fixed,decaps,24974
1428,mlkem,fixed,decaps,24959
1429,mlkem,fixed,decaps,24929
1430,mlkem,fixed,decaps,24945
1431,mlkem,fixed,decaps,24918
1432,mlkem,fixed,decaps,24946
1433,mlkem,fixed,decaps,24938
1434,mlkem,fixed,decaps,24926
1435,mlkem,fixed,decaps,24919
1436,mlkem,fixed,decaps,24923
1437,mlkem,fixed,decaps,24894
1438,mlkem,fixed,decaps,24934
1439,mlkem,fixed,decaps,24935
1440,mlkem,fixed,decaps,24923
1441,mlkem,fixed,decaps,24911
1442,mlkem,fixed,decaps,24928
1443,mlkem,fixed,decaps,24933
1444,mlkem,fixed,decaps,24915
1445,mlkem,fixed,decaps,24915
1446,mlkem,fixed,decaps,24886
1447,mlkem,fixed,decaps,24912
1448,mlkem,fixed,decaps,24936
1449,mlkem,fixed,decaps,24908
1450,mlkem,fixed,decaps,24927
1451,mlkem,fixed,decaps,24907
1452,mlkem,fixed,decaps,24930
1453,mlkem,fixed,decaps,24911
1454,mlkem,fixed,decaps,24936
1455,mlkem,fixed,decaps,24878
1456,mlkem,fixed,decaps,24925
1457,mlkem,fixed,decaps,24886
1458,mlkem,fixed,decaps,24910
1459,mlkem,fixed,decaps,24924
1460,mlkem,fixed,decaps,24887
1461,mlkem,fixed,decaps,24934
1462,mlkem,fixed,decaps,24911
1463,mlkem,fixed,decaps,24893
1464,mlkem,fixed,decaps,24896
1465,mlkem,fixed,decaps,24926
1466,mlkem,fixed,decaps,38206
1467,mlkem,fixed,decaps,25698
1468,mlkem,fixed,decaps,25647
1469,mlkem,fixed,decaps,25667
1470,mlkem,fixed,decaps,25638
1471,mlkem,fixed,decaps,25617
1472,mlkem,fixed,decaps,25643
1473,mlkem,fixed,decaps,25691
1474,mlkem,fixed,decaps,25687
1475,mlkem,fixed,decaps,25646
1476,mlkem,fixed,decaps,25663
1477,mlkem,fixed,decaps,25671
1478,mlkem,fixed,decaps,25658
1479,mlkem,fixed,decaps,25676
1480,mlkem,fixed,decaps,25641
1481,mlkem,fixed,decaps,25671
1482,mlkem,fixed,decaps,25666
1483,mlkem,fixed,decaps,25651
1484,mlkem,fixed,decaps,25666
1485,mlkem,fixed,decaps,25676
1486,mlkem,fixed,decaps,25661
1487,mlkem,fixed,decaps,25641
1488,mlkem,fixed,decaps,25669
1489,mlkem,fixed,decaps,25696
1490,mlkem,fixed,decaps,25990
1491,mlkem,fixed,decaps,25673
1492,mlkem,fixed,decaps,25630
1493,mlkem,fixed,decaps,25679
1494,mlkem,fixed,decaps,25737
1495,mlkem,fixed,decaps,25674
1496,mlkem,fixed,decaps,25671
1497,mlkem,fixed,decaps,25649
1498,mlkem,fixed,decaps,25633
1499,mlkem,fixed,decaps,25662
1500,mlkem,fixed,decaps,25679
1501,mlkem,fixed,decaps,25656
1502,mlkem,fixed,decaps,25653
1503,mlkem,fixed,decaps,25639
1504,mlkem,fixed,decaps,25773
1505,mlkem,fixed,decaps,25759
1506,mlkem,fixed,decaps,25689
1507,mlkem,fixed,decaps,25609
1508,mlkem,fixed,decaps,25661
1509,mlkem,fixed,decaps,25696
1510,mlkem,fixed,decaps,25691
1511,mlkem,fixed,decaps,25655
1512,mlkem,fixed,decaps,25662
1513,mlkem,fixed,decaps,25621
1514,mlkem,fixed,decaps,25672
1515,mlkem,fixed,decaps,25684
1516,mlkem,fixed,decaps,25752
1517,mlkem,fixed,decaps,25653
1518,mlkem,fixed,decaps,25659
1519,mlkem,fixed,decaps,25639
1520,mlkem,fixed,decaps,25635
1521,mlkem,fixed,decaps,25664
1522,mlkem,fixed,decaps,25659
1523,mlkem,fixed,decaps,25680
1524,mlkem,fixed,decaps,25631
1525,mlkem,fixed,decaps,25645
1526,mlkem,fixed,decaps,25662
1527,mlkem,fixed,decaps,25678
1528,mlkem,fixed,decaps,25646
1529,mlkem,fixed,decaps,25638
1530,mlkem,fixed,decaps,25687
1531,mlkem,fixed,decaps,25627
1532,mlkem,fixed,decaps,25648
1533,mlkem,fixed,decaps,25676
1534,mlkem,fixed,decaps,25866
1535,mlkem,fixed,decaps,25683
1536,mlkem,fixed,decaps,25670
1537,mlkem,fixed,decaps,25635
1538,mlkem,fixed,decaps,25694
1539,mlkem,fixed,decaps,26630
1540,mlkem,fixed,decaps,25665
1541,mlkem,fixed,decaps,25787
1542,mlkem,fixed,decaps,25972
1543,mlkem,fixed,decaps,38174
1544,mlkem,fixed,decaps,24927
1545,mlkem,fixed,decaps,24959
1546,mlkem,fixed,decaps,24911
1547,mlkem,fixed,decaps,30983
1548,mlkem,fixed,decaps,25159
1549,mlkem,fixed,decaps,25007
1550,mlkem,fixed,decaps,24948
1551,mlkem,fixed,decaps,24953
1552,mlkem,fixed,decaps,24934
1553,mlkem,fixed,decaps,25006
1554,mlkem,fixed,decaps,24983
1555,mlkem,fixed,decaps,24974
1556,mlkem,fixed,decaps,24962
1557,mlkem,fixed,decaps,24916
1558,mlkem,fixed,decaps,24940
1559,mlkem,fixed,decaps,24973
1560,mlkem,fixed,decaps,24972
1561,mlkem,fixed,decaps,24932
1562,mlkem,fixed,decaps,24977
1563,mlkem,fixed,decaps,25030
1564,mlkem,fixed,decaps,24949
1565,mlkem,fixed,decaps,24974
1566,mlkem,fixed,decaps,25085
1567,mlkem,fixed,decaps,24936
1568,mlkem,fixed,decaps,25042
1569,mlkem,fixed,decaps,24962
1570,mlkem,fixed,decaps,24959
1571,mlkem,fixed,decaps,24919
1572,mlkem,fixed,decaps,24912
1573,mlkem,fixed,decaps,24950
1574,mlkem,fixed,decaps,24952
1575,mlkem,fixed,decaps,25147
1576,mlkem,fixed,decaps,25162
1577,mlkem,fixed,decaps,25114
1578,mlkem,fixed,decaps,24994
1579,mlkem,fixed,decaps,25127
1580,mlkem,fixed,decaps,25187
1581,mlkem,fixed,decaps,25055
1582,mlkem,fixed,decaps,24982
1583,mlkem,fixed,decaps,25170
1584,mlkem,fixed,decaps,24972
1585,mlkem,fixed,decaps,25075
1586,mlkem,fixed,decaps,24909
1587,mlkem,fixed,decaps,25061
1588,mlkem,fixed,decaps,24975
1589,mlkem,fixed,decaps,24933
1590,mlkem,fixed,decaps,24912
1591,mlkem,fixed,decaps,24926
1592,mlkem,fixed,decaps,25055
1593,mlkem,fixed,decaps,25084
1594,mlkem,fixed,decaps,24949
1595,mlkem,fixed,decaps,24936
1596,mlkem,fixed,decaps,24922
1597,mlkem,fixed,decaps,24983
1598,mlkem,fixed,decaps,24935
1599,mlkem,fixed,decaps,24950
1600,mlkem,fixed,decaps,24945
1601,mlkem,fixed,decaps,24943
1602,mlkem,fixed,decaps,24909
1603,mlkem,fixed,decaps,25041
1604,mlkem,fixed,decaps,24942
1605,mlkem,fixed,decaps,24941
1606,mlkem,fixed,decaps,25004
1607,mlkem,fixed,decaps,24963
1608,mlkem,fixed,decaps,24995
1609,mlkem,fixed,decaps,24994
1610,mlkem,fixed,decaps,24910
1611,mlkem,fixed,decaps,24954
1612,mlkem,fixed,decaps,24938
1613,mlkem,fixed,decaps,24956
1614,mlkem,fixed,decaps,25061
1615,mlkem,fixed,decaps,24923
1616,mlkem,fixed,decaps,25007
1617,mlkem,fixed,decaps,25009
1618,mlkem,fixed,decaps,24926
1619,mlkem,fixed,decaps,24951
1620,mlkem,fixed,decaps,29647
1621,mlkem,fixed,decaps,25233
1622,mlkem,fixed,decaps,25293
1623,mlkem,fixed,decaps,24948
1624,mlkem,fixed,decaps,25000
1625,mlkem,fixed,decaps,25014
1626,mlkem,fixed,decaps,25054
1627,mlkem,fixed,decaps,25352
1628,mlkem,fixed,decaps,24967
1629,mlkem,fixed,decaps,25076
1630,mlkem,fixed,decaps,24975
1631,mlkem,fixed,decaps,25185
1632,mlkem,fixed,decaps,25065
1633,mlkem,fixed,decaps,24941
1634,mlkem,fixed,decaps,24939
1635,mlkem,fixed,decaps,24946
1636,mlkem,fixed,decaps,24962
1637,mlkem,fixed,decaps,25384
1638,mlkem,fixed,decaps,25280
1639,mlkem,fixed,decaps,25273
1640,mlkem,fixed,decaps,25448
1641,mlkem,fixed,decaps,24992
1642,mlkem,fixed,decaps,24993
1643,mlkem,fixed,decaps,25083
1644,mlkem,fixed,decaps,24927
1645,mlkem,fixed,decaps,25097
1646,mlkem,fixed,decaps,24995
1647,mlkem,fixed,decaps,25071
1648,mlkem,fixed,decaps,25210
1649,mlkem,fixed,decaps,25108
1650,mlkem,fixed,decaps,24968
1651,mlkem,fixed,decaps,24967
1652,mlkem,fixed,decaps,25065
1653,mlkem,fixed,decaps,24984
1654,mlkem,fixed,decaps,24974
1655,mlkem,fixed,decaps,25424
1656,mlkem,fixed,decaps,24942
1657,mlkem,fixed,decaps,24986
1658,mlkem,fixed,decaps,25166
1659,mlkem,fixed,decaps,24933
1660,mlkem,fixed,decaps,25755
1661,mlkem,fixed,decaps,38377
1662,mlkem,fixed,decaps,25886
1663,mlkem,fixed,decaps,25660
1664,mlkem,fixed,decaps,25708
1665,mlkem,fixed,decaps,25660
1666,mlkem,fixed,decaps,25761
1667,mlkem,fixed,decaps,25801
1668,mlkem,fixed,decaps,25655
1669,mlkem,fixed,decaps,25969
1670,mlkem,fixed,decaps,26015
1671,mlkem,fixed,decaps,25658
1672,mlkem,fixed,decaps,26060
1673,mlkem,fixed,decaps,25742
1674,mlkem,fixed,decaps,25854
1675,mlkem,fixed,decaps,25784
1676,mlkem,fixed,decaps,26551
1677,mlkem,fixed,decaps,26790
1678,mlkem,fixed,decaps,26051
1679,mlkem,fixed,decaps,26506
1680,mlkem,fixed,decaps,26115
1681,mlkem,fixed,decaps,25653
1682,mlkem,fixed,decaps,25836
1683,mlkem,fixed,decaps,25784
1684,mlkem,fixed,decaps,25972
1685,mlkem,fixed,decaps,25789
1686,mlkem,fixed,decaps,25852
1687,mlkem,fixed,decaps,25783
1688,mlkem,fixed,decaps,26077
1689,mlkem,fixed,decaps,27845
1690,mlkem,fixed,decaps,25661
1691,mlkem,fixed,decaps,25642
1692,mlkem,fixed,decaps,25954
1693,mlkem,fixed,decaps,25797
1694,mlkem,fixed,decaps,25710
1695,mlkem,fixed,decaps,25708
1696,mlkem,fixed,decaps,30225
1697,mlkem,fixed,decaps,25941
1698,mlkem,fixed,decaps,25775
1699,mlkem,fixed,decaps,25714
1700,mlkem,fixed,decaps,25649
1701,mlkem,fixed,decaps,25683
1702,mlkem,fixed,decaps,30015
1703,mlkem,fixed,decaps,25944
1704,mlkem,fixed,decaps,25649
1705,mlkem,fixed,decaps,25648
1706,mlkem,fixed,decaps,28101
1707,mlkem,fixed,decaps,25917
1708,mlkem,fixed,decaps,25829
1709,mlkem,fixed,decaps,25826
1710,mlkem,fixed,decaps,25671
1711,mlkem,fixed,decaps,25656
1712,mlkem,fixed,decaps,25905
1713,mlkem,fixed,decaps,25651
1714,mlkem,fixed,decaps,26011
1715,mlkem,fixed,decaps,25833
1716,mlkem,fixed,decaps,25854
1717,mlkem,fixed,decaps,25840
1718,mlkem,fixed,decaps,25638
1719,mlkem,fixed,decaps,25684
1720,mlkem,fixed,decaps,25976
1721,mlkem,fixed,decaps,25644
1722,mlkem,fixed,decaps,25643
1723,mlkem,fixed,decaps,25794
1724,mlkem,fixed,decaps,25628
1725,mlkem,fixed,decaps,25680
1726,mlkem,fixed,decaps,25783
1727,mlkem,fixed,decaps,26242
1728,mlkem,fixed,decaps,25670
1729,mlkem,fixed,decaps,25972
1730,mlkem,fixed,decaps,25629
1731,mlkem,fixed,decaps,25816
1732,mlkem,fixed,decaps,25642
1733,mlkem,fixed,decaps,25759
1734,mlkem,fixed,decaps,25648
1735,mlkem,fixed,decaps,25762
1736,mlkem,fixed,decaps,25623
1737,mlkem,fixed,decaps,38151
1738,mlkem,fixed,decaps,24985
1739,mlkem,fixed,decaps,25025
1740,mlkem,fixed,decaps,24900
1741,mlkem,fixed,decaps,25096
1742,mlkem,fixed,decaps,25015
1743,mlkem,fixed,decaps,25517
1744,mlkem,fixed,decaps,24897
1745,mlkem,fixed,decaps,24959
1746,mlkem,fixed,decaps,24959
1747,mlkem,fixed,decaps,25344
1748,mlkem,fixed,decaps,24892
1749,mlkem,fixed,decaps,24935
1750,mlkem,fixed,decaps,24928
1751,mlkem,fixed,decaps,25007
1752,mlkem,fixed,decaps,25126
1753,mlkem,fixed,decaps,25423
1754,mlkem,fixed,decaps,24916
1755,mlkem,fixed,decaps,24945
1756,mlkem,fixed,decaps,24985
1757,mlkem,fixed,decaps,25510
1758,mlkem,fixed,decaps,26122
1759,mlkem,fixed,decaps,25753
1760,mlkem,fixed,decaps,25093
1761,mlkem,fixed,decaps,25210
1762,mlkem,fixed,decaps,24998
1763,mlkem,fixed,decaps,26723
1764,mlkem,fixed,decaps,25144
1765,mlkem,fixed,decaps,25353
1766,mlkem,fixed,decaps,24981
1767,mlkem,fixed,decaps,24987
1768,mlkem,fixed,decaps,24913
1769,mlkem,fixed,decaps,25056
1770,mlkem,fixed,decaps,25015
1771,mlkem,fixed,decaps,25159
1772,mlkem,fixed,decaps,25349
1773,mlkem,fixed,decaps,24941
1774,mlkem,fixed,decaps,24940
1775,mlkem,fixed,decaps,24912
1776,mlkem,fixed,decaps,25052
1777,mlkem,fixed,decaps,24897
1778,mlkem,fixed,decaps,25391
1779,mlkem,fixed,decaps,24917
1780,mlkem,fixed,decaps,25021
1781,mlkem,fixed,decaps,24949
1782,mlkem,fixed,decaps,24948
1783,mlkem,fixed,decaps,24934
1784,mlkem,fixed,decaps,25038
1785,mlkem,fixed,decaps,24984
1786,mlkem,fixed,decaps,24914
1787,mlkem,fixed,decaps,25040
1788,mlkem,fixed,decaps,25521
1789,mlkem,fixed,decaps,25089
1790,mlkem,fixed,decaps,25173
1791,mlkem,fixed,decaps,25341
1792,mlkem,fixed,decaps,24996
1793,mlkem,fixed,decaps,24926
1794,mlkem,fixed,decaps,25116
1795,mlkem,fixed,decaps,24998
1796,mlkem,fixed,decaps,25553
1797,mlkem,fixed,decaps,24987
1798,mlkem,fixed,decaps,24970
1799,mlkem,fixed,decaps,25042
1800,mlkem,fixed,decaps,24932
1801,mlkem,fixed,decaps,28074
1802,mlkem,fixed,decaps,25378
1803,mlkem,fixed,decaps,24914
1804,mlkem,fixed,decaps,24935
1805,mlkem,fixed,decaps,25044
1806,mlkem,fixed,decaps,24990
1807,mlkem,fixed,decaps,25089
1808,mlkem,fixed,decaps,24942
1809,mlkem,fixed,decaps,24924
1810,mlkem,fixed,decaps,24916
1811,mlkem,fixed,decaps,24959
1812,mlkem,fixed,decaps,25786
1813,mlkem,fixed,decaps,25352
1814,mlkem,fixed,decaps,25266
1815,mlkem,fixed,decaps,38502
1816,mlkem,fixed,decaps,25673
1817,mlkem,fixed,decaps,25733
1818,mlkem,fixed,decaps,25779
1819,mlkem,fixed,decaps,25981
1820,mlkem,fixed,decaps,25873
1821,mlkem,fixed,decaps,25690
1822,mlkem,fixed,decaps,25677
1823,mlkem,fixed,decaps,25652
1824,mlkem,fixed,decaps,25717
1825,mlkem,fixed,decaps,25758
1826,mlkem,fixed,decaps,25677
1827,mlkem,fixed,decaps,25674
1828,mlkem,fixed,decaps,26029
1829,mlkem,fixed,decaps,25782
1830,mlkem,fixed,decaps,25684
1831,mlkem,fixed,decaps,25823
1832,mlkem,fixed,decaps,25762
1833,mlkem,fixed,decaps,27720
1834,mlkem,fixed,decaps,25675
1835,mlkem,fixed,decaps,25953
1836,mlkem,fixed,decaps,25659
1837,mlkem,fixed,decaps,25701
1838,mlkem,fixed,decaps,26849
1839,mlkem,fixed,decaps,25669
1840,mlkem,fixed,decaps,26051
1841,mlkem,fixed,decaps,25622
1842,mlkem,fixed,decaps,25692
1843,mlkem,fixed,decaps,25759
1844,mlkem,fixed,decaps,25756
1845,mlkem,fixed,decaps,25726
1846,mlkem,fixed,decaps,25650
1847,mlkem,fixed,decaps,25664
1848,mlkem,fixed,decaps,25659
1849,mlkem,fixed,decaps,25659
1850,mlkem,fixed,decaps,25683
1851,mlkem,fixed,decaps,25653
1852,mlkem,fixed,decaps,25677
1853,mlkem,fixed,decaps,38373
1854,mlkem,fixed,decaps,25082
1855,mlkem,fixed,decaps,28994
1856,mlkem,fixed,decaps,25164
1857,mlkem,fixed,decaps,24934
1858,mlkem,fixed,decaps,24953
1859,mlkem,fixed,decaps,24934
1860,mlkem,fixed,decaps,25069
1861,mlkem,fixed,decaps,24906
1862,mlkem,fixed,decaps,24931
1863,mlkem,fixed,decaps,24983
1864,mlkem,fixed,decaps,24923
1865,mlkem,fixed,decaps,24996
1866,mlkem,fixed,decaps,25064
1867,mlkem,fixed,decaps,25110
1868,mlkem,fixed,decaps,24903
1869,mlkem,fixed,decaps,24982
1870,mlkem,fixed,decaps,25085
1871,mlkem,fixed,decaps,25059
1872,mlkem,fixed,decaps,34149
1873,mlkem,fixed,decaps,29839
1874,mlkem,fixed,decaps,28042
1875,mlkem,fixed,decaps,33427
1876,mlkem,fixed,decaps,25187
1877,mlkem,fixed,decaps,24905
1878,mlkem,fixed,decaps,24906
1879,mlkem,fixed,decaps,24964
1880,mlkem,fixed,decaps,24925
1881,mlkem,fixed,decaps,24936
1882,mlkem,fixed,decaps,24950
1883,mlkem,fixed,decaps,24902
1884,mlkem,fixed,decaps,24902
1885,mlkem,fixed,decaps,24934
1886,mlkem,fixed,decaps,24895
1887,mlkem,fixed,decaps,24903
1888,mlkem,fixed,decaps,24901
1889,mlkem,fixed,decaps,24917
1890,mlkem,fixed,decaps,24922
1891,mlkem,fixed,decaps,24889
1892,mlkem,fixed,decaps,25003
1893,mlkem,fixed,decaps,25281
1894,mlkem,fixed,decaps,25262
1895,mlkem,fixed,decaps,25055
1896,mlkem,fixed,decaps,24878
1897,mlkem,fixed,decaps,24876
1898,mlkem,fixed,decaps,24893
1899,mlkem,fixed,decaps,24973
1900,mlkem,fixed,decaps,25455
1901,mlkem,fixed,decaps,24970
1902,mlkem,fixed,decaps,24869
1903,mlkem,fixed,decaps,25160
1904,mlkem,fixed,decaps,24933
1905,mlkem,fixed,decaps,24924
1906,mlkem,fixed,decaps,24981
1907,mlkem,fixed,decaps,24911
1908,mlkem,fixed,decaps,24967
1909,mlkem,fixed,decaps,24911
1910,mlkem,fixed,decaps,24898
1911,mlkem,fixed,decaps,24890
1912,mlkem,fixed,decaps,24919
1913,mlkem,fixed,decaps,24995
1914,mlkem,fixed,decaps,24883
1915,mlkem,fixed,decaps,25116
1916,mlkem,fixed,decaps,24969
1917,mlkem,fixed,decaps,24917
1918,mlkem,fixed,decaps,24906
1919,mlkem,fixed,decaps,24911
1920,mlkem,fixed,decaps,24912
1921,mlkem,fixed,decaps,24893
1922,mlkem,fixed,decaps,24909
1923,mlkem,fixed,decaps,24941
1924,mlkem,fixed,decaps,24882
1925,mlkem,fixed,decaps,24888
1926,mlkem,fixed,decaps,24895
1927,mlkem,fixed,decaps,24980
1928,mlkem,fixed,decaps,25636
1929,mlkem,fixed,decaps,25039
1930,mlkem,fixed,decaps,38624
1931,mlkem,fixed,decaps,25621
1932,mlkem,fixed,decaps,25656
1933,mlkem,fixed,decaps,25597
1934,mlkem,fixed,decaps,25715
1935,mlkem,fixed,decaps,25671
1936,mlkem,fixed,decaps,25897
1937,mlkem,fixed,decaps,28784
1938,mlkem,fixed,decaps,25715
1939,mlkem,fixed,decaps,25615
1940,mlkem,fixed,decaps,25661
1941,mlkem,fixed,decaps,25649
1942,mlkem,fixed,decaps,26111
1943,mlkem,fixed,decaps,25779
1944,mlkem,fixed,decaps,25605
1945,mlkem,fixed,decaps,25712
1946,mlkem,fixed,decaps,25664
1947,mlkem,fixed,decaps,25644
1948,mlkem,fixed,decaps,25617
1949,mlkem,fixed,decaps,26560
1950,mlkem,fixed,decaps,25794
1951,mlkem,fixed,decaps,25745
1952,mlkem,fixed,decaps,25636
1953,mlkem,fixed,decaps,25728
1954,mlkem,fixed,decaps,25656
1955,mlkem,fixed,decaps,25856
1956,mlkem,fixed,decaps,25659
1957,mlkem,fixed,decaps,25618
1958,mlkem,fixed,decaps,25648
1959,mlkem,fixed,decaps,25655
1960,mlkem,fixed,decaps,25799
1961,mlkem,fixed,decaps,25599
1962,mlkem,fixed,decaps,25643
1963,mlkem,fixed,decaps,25729
1964,mlkem,fixed,decaps,25722
1965,mlkem,fixed,decaps,25725
1966,mlkem,fixed,decaps,25638
1967,mlkem,fixed,decaps,25653
1968,mlkem,fixed,decaps,38005
1969,mlkem,fixed,decaps,24919
1970,mlkem,fixed,decaps,24944
1971,mlkem,fixed,decaps,24935
1972,mlkem,fixed,decaps,25244
1973,mlkem,fixed,decaps,24896
1974,mlkem,fixed,decaps,24977
1975,mlkem,fixed,decaps,24989
1976,mlkem,fixed,decaps,24897
1977,mlkem,fixed,decaps,24936
1978,mlkem,fixed,decaps,24969
1979,mlkem,fixed,decaps,24899
1980,mlkem,fixed,decaps,24893
1981,mlkem,fixed,decaps,25110
1982,mlkem,fixed,decaps,24924
1983,mlkem,fixed,decaps,24922
1984,mlkem,fixed,decaps,24907
1985,mlkem,fixed,decaps,24913
1986,mlkem,fixed,decaps,24925
1987,mlkem,fixed,decaps,24918
1988,mlkem,fixed,decaps,24939
1989,mlkem,fixed,decaps,24914
1990,mlkem,fixed,decaps,24917
1991,mlkem,fixed,decaps,24922
1992,mlkem,fixed,decaps,24885
1993,mlkem,fixed,decaps,25030
1994,mlkem,fixed,decaps,25017
1995,mlkem,fixed,decaps,24948
1996,mlkem,fixed,decaps,24894
1997,mlkem,fixed,decaps,24899
1998,mlkem,fixed,decaps,24910
1999,mlkem,fixed,decaps,24938
2000,mlkem,fixed,decaps,24888
2001,mlkem,fixed,decaps,24891
2002,mlkem,fixed,decaps,24963
2003,mlkem,fixed,decaps,24956
2004,mlkem,fixed,decaps,24904
2005,mlkem,fixed,decaps,24902
2006,mlkem,fixed,decaps,38176
2007,mlkem,fixed,decaps,25691
2008,mlkem,fixed,decaps,25630
2009,mlkem,fixed,decaps,30422
2010,mlkem,fixed,decaps,25922
2011,mlkem,fixed,decaps,25727
2012,mlkem,fixed,decaps,25740
2013,mlkem,fixed,decaps,25636
2014,mlkem,fixed,decaps,25637
2015,mlkem,fixed,decaps,25737
2016,mlkem,fixed,decaps,26148
2017,mlkem,fixed,decaps,26618
2018,mlkem,fixed,decaps,25969
2019,mlkem,fixed,decaps,25761
2020,mlkem,fixed,decaps,25990
2021,mlkem,fixed,decaps,26731
2022,mlkem,fixed,decaps,26169
2023,mlkem,fixed,decaps,25832
2024,mlkem,fixed,decaps,25631
2025,mlkem,fixed,decaps,25615
2026,mlkem,fixed,decaps,25672
2027,mlkem,fixed,decaps,25670
2028,mlkem,fixed,decaps,25670
2029,mlkem,fixed,decaps,25658
2030,mlkem,fixed,decaps,25677
2031,mlkem,fixed,decaps,25668
2032,mlkem,fixed,decaps,25620
2033,mlkem,fixed,decaps,25630
2034,mlkem,fixed,decaps,25659
2035,mlkem,fixed,decaps,25652
2036,mlkem,fixed,decaps,25640
2037,mlkem,fixed,decaps,25609
2038,mlkem,fixed,decaps,25637
2039,mlkem,fixed,decaps,25655
2040,mlkem,fixed,decaps,25638
2041,mlkem,fixed,decaps,25637
2042,mlkem,fixed,decaps,25604
2043,mlkem,fixed,decaps,25635
2044,mlkem,fixed,decaps,25668
2045,mlkem,fixed,decaps,25639
2046,mlkem,fixed,decaps,25647
2047,mlkem,fixed,decaps,25621
2048,mlkem,fixed,decaps,25641
2049,mlkem,fixed,decaps,25660
2050,mlkem,fixed,decaps,25663
2051,mlkem,fixed,decaps,25645
2052,mlkem,fixed,decaps,25656
2053,mlkem,fixed,decaps,25636
2054,mlkem,fixed,decaps,25667
2055,mlkem,fixed,decaps,25648
2056,mlkem,fixed,decaps,25648
2057,mlkem,fixed,decaps,25660
2058,mlkem,fixed,decaps,25659
2059,mlkem,fixed,decaps,25653
2060,mlkem,fixed,decaps,25646
2061,mlkem,fixed,decaps,25615
2062,mlkem,fixed,decaps,25617
2063,mlkem,fixed,decaps,25627
2064,mlkem,fixed,decaps,25685
2065,mlkem,fixed,decaps,25688
2066,mlkem,fixed,decaps,25674
2067,mlkem,fixed,decaps,25665
2068,mlkem,fixed,decaps,25667
2069,mlkem,fixed,decaps,25644
2070,mlkem,fixed,decaps,25671
2071,mlkem,fixed,decaps,25638
2072,mlkem,fixed,decaps,25630
2073,mlkem,fixed,decaps,25636
2074,mlkem,fixed,decaps,25675
2075,mlkem,fixed,decaps,25668
2076,mlkem,fixed,decaps,25632
2077,mlkem,fixed,decaps,25649
2078,mlkem,fixed,decaps,25642
2079,mlkem,fixed,decaps,25612
2080,mlkem,fixed,decaps,25619
2081,mlkem,fixed,decaps,25629
2082,mlkem,fixed,decaps,25666
2083,mlkem,fixed,decaps,25676
2084,mlkem,fixed,decaps,25656
2085,mlkem,fixed,decaps,26504
2086,mlkem,fixed,decaps,25697
2087,mlkem,fixed,decaps,25691
2088,mlkem,fixed,decaps,25655
2089,mlkem,fixed,decaps,25626
2090,mlkem,fixed,decaps,25661
2091,mlkem,fixed,decaps,25618
2092,mlkem,fixed,decaps,25716
2093,mlkem,fixed,decaps,25658
2094,mlkem,fixed,decaps,25644
2095,mlkem,fixed,decaps,25625
2096,mlkem,fixed,decaps,25632
2097,mlkem,fixed,decaps,25640
2098,mlkem,fixed,decaps,25668
2099,mlkem,fixed,decaps,25650
2100,mlkem,fixed,decaps,25660
2101,mlkem,fixed,decaps,25632
2102,mlkem,fixed,decaps,25653
2103,mlkem,fixed,decaps,25650
2104,mlkem,fixed,decaps,25679
2105,mlkem,fixed,decaps,25655
2106,mlkem,fixed,decaps,25680
2107,mlkem,fixed,decaps,25640
2108,mlkem,fixed,decaps,25628
2109,mlkem,fixed,decaps,25640
2110,mlkem,fixed,decaps,25651
2111,mlkem,fixed,decaps,25667
2112,mlkem,fixed,decaps,25637
2113,mlkem,fixed,decaps,25656
2114,mlkem,fixed,decaps,25656
2115,mlkem,fixed,decaps,25625
2116,mlkem,fixed,decaps,25686
2117,mlkem,fixed,decaps,25644
2118,mlkem,fixed,decaps,25616
2119,mlkem,fixed,decaps,25673
2120,mlkem,fixed,decaps,25657
2121,mlkem,fixed,decaps,25628
2122,mlkem,fixed,decaps,25645
2123,mlkem,fixed,decaps,25628
2124,mlkem,fixed,decaps,25642
2125,mlkem,fixed,decaps,25681
2126,mlkem,fixed,decaps,25641
2127,mlkem,fixed,decaps,25638
2128,mlkem,fixed,decaps,25627
2129,mlkem,fixed,decaps,25651
2130,mlkem,fixed,decaps,25698
2131,mlkem,fixed,decaps,25645
2132,mlkem,fixed,decaps,25622
2133,mlkem,fixed,decaps,25635
2134,mlkem,fixed,decaps,25660
2135,mlkem,fixed,decaps,25628
2136,mlkem,fixed,decaps,25625
2137,mlkem,fixed,decaps,25599
2138,mlkem,fixed,decaps,25646
2139,mlkem,fixed,decaps,25651
2140,mlkem,fixed,decaps,25667
2141,mlkem,fixed,decaps,25659
2142,mlkem,fixed,decaps,25827
2143,mlkem,fixed,decaps,26062
2144,mlkem,fixed,decaps,26150
2145,mlkem,fixed,decaps,26090
2146,mlkem,fixed,decaps,25599
2147,mlkem,fixed,decaps,25626
2148,mlkem,fixed,decaps,25643
2149,mlkem,fixed,decaps,25691
2150,mlkem,fixed,decaps,25677
2151,mlkem,fixed,decaps,25652
2152,mlkem,fixed,decaps,25628
2153,mlkem,fixed,decaps,25661
2154,mlkem,fixed,decaps,25651
2155,mlkem,fixed,decaps,25670
2156,mlkem,fixed,decaps,25671
2157,mlkem,fixed,decaps,25634
2158,mlkem,fixed,decaps,25628
2159,mlkem,fixed,decaps,25624
2160,mlkem,fixed,decaps,25669
2161,mlkem,fixed,decaps,25670
2162,mlkem,fixed,decaps,25671
2163,mlkem,fixed,decaps,29555
2164,mlkem,fixed,decaps,25821
2165,mlkem,fixed,decaps,25780
2166,mlkem,fixed,decaps,25926
2167,mlkem,fixed,decaps,25719
2168,mlkem,fixed,decaps,25677
2169,mlkem,fixed,decaps,25681
2170,mlkem,fixed,decaps,25653
2171,mlkem,fixed,decaps,25680
2172,mlkem,fixed,decaps,25658
2173,mlkem,fixed,decaps,25667
2174,mlkem,fixed,decaps,25649
2175,mlkem,fixed,decaps,25624
2176,mlkem,fixed,decaps,25633
2177,mlkem,fixed,decaps,25651
2178,mlkem,fixed,decaps,25648
2179,mlkem,fixed,decaps,25656
2180,mlkem,fixed,decaps,25601
2181,mlkem,fixed,decaps,25660
2182,mlkem,fixed,decaps,25650
2183,mlkem,fixed,decaps,25664
2184,mlkem,fixed,decaps,25666
2185,mlkem,fixed,decaps,25655
2186,mlkem,fixed,decaps,25654
2187,mlkem,fixed,decaps,25654
2188,mlkem,fixed,decaps,25687
2189,mlkem,fixed,decaps,25625
2190,mlkem,fixed,decaps,25639
2191,mlkem,fixed,decaps,25619
2192,mlkem,fixed,decaps,25638
2193,mlkem,fixed,decaps,25692
2194,mlkem,fixed,decaps,25627
2195,mlkem,fixed,decaps,25659
2196,mlkem,fixed,decaps,27305
2197,mlkem,fixed,decaps,25970
2198,mlkem,fixed,decaps,25667
2199,mlkem,fixed,decaps,25648
2200,mlkem,fixed,decaps,25656
2201,mlkem,fixed,decaps,25641
2202,mlkem,fixed,decaps,25654
2203,mlkem,fixed,decaps,25653
2204,mlkem,fixed,decaps,25635
2205,mlkem,fixed,decaps,25670
2206,mlkem,fixed,decaps,25640
2207,mlkem,fixed,decaps,25635
2208,mlkem,fixed,decaps,25641
2209,mlkem,fixed,decaps,25636
2210,mlkem,fixed,decaps,25659
2211,mlkem,fixed,decaps,25663
2212,mlkem,fixed,decaps,25637
2213,mlkem,fixed,decaps,25624
2214,mlkem,fixed,decaps,25617
2215,mlkem,fixed,decaps,25667
2216,mlkem,fixed,decaps,25639
2217,mlkem,fixed,decaps,25656
2218,mlkem,fixed,decaps,25610
2219,mlkem,fixed,decaps,25651
2220,mlkem,fixed,decaps,25662
2221,mlkem,fixed,decaps,25628
2222,mlkem,fixed,decaps,26402
2223,mlkem,fixed,decaps,25872
2224,mlkem,fixed,decaps,25845
2225,mlkem,fixed,decaps,25725
2226,mlkem,fixed,decaps,25665
2227,mlkem,fixed,decaps,25723
2228,mlkem,fixed,decaps,25612
2229,mlkem,fixed,decaps,25633
2230,mlkem,fixed,decaps,25634
2231,mlkem,fixed,decaps,25661
2232,mlkem,fixed,decaps,25647
2233,mlkem,fixed,decaps,25627
2234,mlkem,fixed,decaps,25614
2235,mlkem,fixed,decaps,25655
2236,mlkem,fixed,decaps,25632
2237,mlkem,fixed,decaps,25666
2238,mlkem,fixed,decaps,25666
2239,mlkem,fixed,decaps,25621
2240,mlkem,fixed,decaps,25647
2241,mlkem,fixed,decaps,25647
2242,mlkem,fixed,decaps,25641
2243,mlkem,fixed,decaps,25640
2244,mlkem,fixed,decaps,25631
2245,mlkem,fixed,decaps,25621
2246,mlkem,fixed,decaps,25650
2247,mlkem,fixed,decaps,25653
2248,mlkem,fixed,decaps,25622
2249,mlkem,fixed,decaps,25624
2250,mlkem,fixed,decaps,25631
2251,mlkem,fixed,decaps,25653
2252,mlkem,fixed,decaps,25654
2253,mlkem,fixed,decaps,25688
2254,mlkem,fixed,decaps,25649
2255,mlkem,fixed,decaps,25645
2256,mlkem,fixed,decaps,25658
2257,mlkem,fixed,decaps,25664
2258,mlkem,fixed,decaps,25634
2259,mlkem,fixed,decaps,25666
2260,mlkem,fixed,decaps,25651
2261,mlkem,fixed,decaps,25635
2262,mlkem,fixed,decaps,25641
2263,mlkem,fixed,decaps,25655
2264,mlkem,fixed,decaps,25652
2265,mlkem,fixed,decaps,25648
2266,mlkem,fixed,decaps,25616
2267,mlkem,fixed,decaps,25645
2268,mlkem,fixed,decaps,25668
2269,mlkem,fixed,decaps,25662
2270,mlkem,fixed,decaps,25632
2271,mlkem,fixed,decaps,25641
2272,mlkem,fixed,decaps,25635
2273,mlkem,fixed,decaps,25677
2274,mlkem,fixed,decaps,25661
2275,mlkem,fixed,decaps,25630
2276,mlkem,fixed,decaps,25642
2277,mlkem,fixed,decaps,25627
2278,mlkem,fixed,decaps,25635
2279,mlkem,fixed,decaps,25669
2280,mlkem,fixed,decaps,25656
2281,mlkem,fixed,decaps,25633
2282,mlkem,fixed,decaps,25657
2283,mlkem,fixed,decaps,25673
2284,mlkem,fixed,decaps,25654
2285,mlkem,fixed,decaps,25674
2286,mlkem,fixed,decaps,25656
2287,mlkem,fixed,decaps,25614
2288,mlkem,fixed,decaps,25642
2289,mlkem,fixed,decaps,25650
2290,mlkem,fixed,decaps,25640
2291,mlkem,fixed,decaps,25663
2292,mlkem,fixed,decaps,25616
2293,mlkem,fixed,decaps,25653
2294,mlkem,fixed,decaps,25683
2295,mlkem,fixed,decaps,25628
2296,mlkem,fixed,decaps,25646
2297,mlkem,fixed,decaps,25647
2298,mlkem,fixed,decaps,25663
2299,mlkem,fixed,decaps,25646
2300,mlkem,fixed,decaps,25640
2301,mlkem,fixed,decaps,25639
2302,mlkem,fixed,decaps,25652
2303,mlkem,fixed,decaps,25692
2304,mlkem,fixed,decaps,25643
2305,mlkem,fixed,decaps,25653
2306,mlkem,fixed,decaps,25656
2307,mlkem,fixed,decaps,25656
2308,mlkem,fixed,decaps,25639
2309,mlkem,fixed,decaps,25638
2310,mlkem,fixed,decaps,25655
2311,mlkem,fixed,decaps,25668
2312,mlkem,fixed,decaps,25631
2313,mlkem,fixed,decaps,25639
2314,mlkem,fixed,decaps,25630
2315,mlkem,fixed,decaps,25645
2316,mlkem,fixed,decaps,25674
2317,mlkem,fixed,decaps,29180
2318,mlkem,fixed,decaps,25772
2319,mlkem,fixed,decaps,26160
2320,mlkem,fixed,decaps,25726
2321,mlkem,fixed,decaps,25635
2322,mlkem,fixed,decaps,25677
2323,mlkem,fixed,decaps,25655
2324,mlkem,fixed,decaps,25669
2325,mlkem,fixed,decaps,25639
2326,mlkem,fixed,decaps,25623
2327,mlkem,fixed,decaps,25622
2328,mlkem,fixed,decaps,25656
2329,mlkem,fixed,decaps,25657
2330,mlkem,fixed,decaps,25643
2331,mlkem,fixed,decaps,25617
2332,mlkem,fixed,decaps,25673
2333,mlkem,fixed,decaps,25654
2334,mlkem,fixed,decaps,25642
2335,mlkem,fixed,decaps,25644
2336,mlkem,fixed,decaps,25645
2337,mlkem,fixed,decaps,25632
2338,mlkem,fixed,decaps,25656
2339,mlkem,fixed,decaps,25639
2340,mlkem,fixed,decaps,25630
2341,mlkem,fixed,decaps,25641
2342,mlkem,fixed,decaps,25657
2343,mlkem,fixed,decaps,25681
2344,mlkem,fixed,decaps,25663
2345,mlkem,fixed,decaps,25661
2346,mlkem,fixed,decaps,25643
2347,mlkem,fixed,decaps,25631
2348,mlkem,fixed,decaps,25680
2349,mlkem,fixed,decaps,25650
2350,mlkem,fixed,decaps,25624
2351,mlkem,fixed,decaps,25637
2352,mlkem,fixed,decaps,25636
2353,mlkem,fixed,decaps,25638
2354,mlkem,fixed,decaps,25667
2355,mlkem,fixed,decaps,25674
2356,mlkem,fixed,decaps,25634
2357,mlkem,fixed,decaps,25640
2358,mlkem,fixed,decaps,26790
2359,mlkem,fixed,decaps,25668
2360,mlkem,fixed,decaps,25677
2361,mlkem,fixed,decaps,25624
2362,mlkem,fixed,decaps,25653
2363,mlkem,fixed,decaps,25649
2364,mlkem,fixed,decaps,25657
2365,mlkem,fixed,decaps,25623
2366,mlkem,fixed,decaps,25631
2367,mlkem,fixed,decaps,25644
2368,mlkem,fixed,decaps,25627
2369,mlkem,fixed,decaps,25636
2370,mlkem,fixed,decaps,25643
2371,mlkem,fixed,decaps,25639
2372,mlkem,fixed,decaps,25639
2373,mlkem,fixed,decaps,25638
2374,mlkem,fixed,decaps,25670
2375,mlkem,fixed,decaps,25642
2376,mlkem,fixed,decaps,25676
2377,mlkem,fixed,decaps,25643
2378,mlkem,fixed,decaps,25638
2379,mlkem,fixed,decaps,25630
2380,mlkem,fixed,decaps,25652
2381,mlkem,fixed,decaps,25672
2382,mlkem,fixed,decaps,25656
2383,mlkem,fixed,decaps,25631
2384,mlkem,fixed,decaps,25634
2385,mlkem,fixed,decaps,25589
2386,mlkem,fixed,decaps,25649
2387,mlkem,fixed,decaps,25670
2388,mlkem,fixed,decaps,25663
2389,mlkem,fixed,decaps,25618
2390,mlkem,fixed,decaps,25629
2391,mlkem,fixed,decaps,25626
2392,mlkem,fixed,decaps,25677
2393,mlkem,fixed,decaps,25644
2394,mlkem,fixed,decaps,25648
2395,mlkem,fixed,decaps,25596
2396,mlkem,fixed,decaps,25643
2397,mlkem,fixed,decaps,25661
2398,mlkem,fixed,decaps,25681
2399,mlkem,fixed,decaps,25630
2400,mlkem,fixed,decaps,25659
2401,mlkem,fixed,decaps,25639
2402,mlkem,fixed,decaps,25685
2403,mlkem,fixed,decaps,25659
2404,mlkem,fixed,decaps,25626
2405,mlkem,fixed,decaps,25643
2406,mlkem,fixed,decaps,25662
2407,mlkem,fixed,decaps,25642
2408,mlkem,fixed,decaps,25624
2409,mlkem,fixed,decaps,25608
2410,mlkem,fixed,decaps,25648
2411,mlkem,fixed,decaps,25629
2412,mlkem,fixed,decaps,25637
2413,mlkem,fixed,decaps,25643
2414,mlkem,fixed,decaps,25636
2415,mlkem,fixed,decaps,25648
2416,mlkem,fixed,decaps,25645
2417,mlkem,fixed,decaps,25678
2418,mlkem,fixed,decaps,25644
2419,mlkem,fixed,decaps,25630
2420,mlkem,fixed,decaps,25638
2421,mlkem,fixed,decaps,25624
2422,mlkem,fixed,decaps,25659
2423,mlkem,fixed,decaps,25632
2424,mlkem,fixed,decaps,25652
2425,mlkem,fixed,decaps,25661
2426,mlkem,fixed,decaps,25651
2427,mlkem,fixed,decaps,25643
2428,mlkem,fixed,decaps,25646
2429,mlkem,fixed,decaps,25641
2430,mlkem,fixed,decaps,25663
2431,mlkem,fixed,decaps,25615
2432,mlkem,fixed,decaps,25635
2433,mlkem,fixed,decaps,25611
2434,mlkem,fixed,decaps,25654
2435,mlkem,fixed,decaps,25636
2436,mlkem,fixed,decaps,25656
2437,mlkem,fixed,decaps,25644
2438,mlkem,fixed,decaps,25626
2439,mlkem,fixed,decaps,25654
2440,mlkem,fixed,decaps,25647
2441,mlkem,fixed,decaps,25627
2442,mlkem,fixed,decaps,25617
2443,mlkem,fixed,decaps,25627
2444,mlkem,fixed,decaps,25651
2445,mlkem,fixed,decaps,25635
2446,mlkem,fixed,decaps,25631
2447,mlkem,fixed,decaps,25599
2448,mlkem,fixed,decaps,25640
2449,mlkem,fixed,decaps,25647
2450,mlkem,fixed,decaps,25678
2451,mlkem,fixed,decaps,25590
2452,mlkem,fixed,decaps,25614
2453,mlkem,fixed,decaps,25616
2454,mlkem,fixed,decaps,25670
2455,mlkem,fixed,decaps,25652
2456,mlkem,fixed,decaps,25682
2457,mlkem,fixed,decaps,25623
2458,mlkem,fixed,decaps,25615
2459,mlkem,fixed,decaps,25668
2460,mlkem,fixed,decaps,25662
2461,mlkem,fixed,decaps,25639
2462,mlkem,fixed,decaps,25645
2463,mlkem,fixed,decaps,25627
2464,mlkem,fixed,decaps,25642
2465,mlkem,fixed,decaps,25634
2466,mlkem,fixed,decaps,25657
2467,mlkem,fixed,decaps,25612
2468,mlkem,fixed,decaps,25636
2469,mlkem,fixed,decaps,25624
2470,mlkem,fixed,decaps,25656
2471,mlkem,fixed,decaps,30468
2472,mlkem,fixed,decaps,25685
2473,mlkem,fixed,decaps,27939
2474,mlkem,fixed,decaps,25794
2475,mlkem,fixed,decaps,25634
2476,mlkem,fixed,decaps,25616
2477,mlkem,fixed,decaps,25664
2478,mlkem,fixed,decaps,25659
2479,mlkem,fixed,decaps,25645
2480,mlkem,fixed,decaps,25639
2481,mlkem,fixed,decaps,25638
2482,mlkem,fixed,decaps,25616
2483,mlkem,fixed,decaps,25659
2484,mlkem,fixed,decaps,25651
2485,mlkem,fixed,decaps,25649
2486,mlkem,fixed,decaps,25617
2487,mlkem,fixed,decaps,25664
2488,mlkem,fixed,decaps,25657
2489,mlkem,fixed,decaps,25616
2490,mlkem,fixed,decaps,25639
2491,mlkem,fixed,decaps,25645
2492,mlkem,fixed,decaps,25660
2493,mlkem,fixed,decaps,25669
2494,mlkem,fixed,decaps,25719
2495,mlkem,fixed,decaps,27108
2496,mlkem,fixed,decaps,26000
2497,mlkem,fixed,decaps,25827
2498,mlkem,fixed,decaps,25667
2499,mlkem,fixed,decaps,25664
2500,mlkem,fixed,decaps,25676
2501,mlkem,fixed,decaps,25643
2502,mlkem,fixed,decaps,25624
2503,mlkem,fixed,decaps,25637
2504,mlkem,fixed,decaps,25668
2505,mlkem,fixed,decaps,25655
2506,mlkem,fixed,decaps,25640
2507,mlkem,fixed,decaps,25641
2508,mlkem,fixed,decaps,25659
2509,mlkem,fixed,decaps,25659
2510,mlkem,fixed,decaps,25664
2511,mlkem,fixed,decaps,25639
2512,mlkem,fixed,decaps,25646
2513,mlkem,fixed,decaps,25653
2514,mlkem,fixed,decaps,25634
2515,mlkem,fixed,decaps,25631
2516,mlkem,fixed,decaps,25628
2517,mlkem,fixed,decaps,25660
2518,mlkem,fixed,decaps,25657
2519,mlkem,fixed,decaps,25586
2520,mlkem,fixed,decaps,25626
2521,mlkem,fixed,decaps,25630
2522,mlkem,fixed,decaps,25669
2523,mlkem,fixed,decaps,25637
2524,mlkem,fixed,decaps,25608
2525,mlkem,fixed,decaps,25637
2526,mlkem,fixed,decaps,25649
2527,mlkem,fixed,decaps,25648
2528,mlkem,fixed,decaps,25635
2529,mlkem,fixed,decaps,25574
2530,mlkem,fixed,decaps,25659
2531,mlkem,fixed,decaps,25688
2532,mlkem,fixed,decaps,26230
2533,mlkem,fixed,decaps,26013
2534,mlkem,fixed,decaps,25715
2535,mlkem,fixed,decaps,25592
2536,mlkem,fixed,decaps,25656
2537,mlkem,fixed,decaps,25658
2538,mlkem,fixed,decaps,25621
2539,mlkem,fixed,decaps,25638
2540,mlkem,fixed,decaps,25640
2541,mlkem,fixed,decaps,25652
2542,mlkem,fixed,decaps,25680
2543,mlkem,fixed,decaps,25648
2544,mlkem,fixed,decaps,25606
2545,mlkem,fixed,decaps,25635
2546,mlkem,fixed,decaps,25663
2547,mlkem,fixed,decaps,25651
2548,mlkem,fixed,decaps,25631
2549,mlkem,fixed,decaps,25623
2550,mlkem,fixed,decaps,25611
2551,mlkem,fixed,decaps,25648
2552,mlkem,fixed,decaps,25645
2553,mlkem,fixed,decaps,25620
2554,mlkem,fixed,decaps,25630
2555,mlkem,fixed,decaps,25634
2556,mlkem,fixed,decaps,25658
2557,mlkem,fixed,decaps,25668
2558,mlkem,fixed,decaps,25644
2559,mlkem,fixed,decaps,25649
2560,mlkem,fixed,decaps,25625
2561,mlkem,fixed,decaps,25632
2562,mlkem,fixed,decaps,25637
2563,mlkem,fixed,decaps,25659
2564,mlkem,fixed,decaps,25654
2565,mlkem,fixed,decaps,25629
2566,mlkem,fixed,decaps,25666
2567,mlkem,fixed,decaps,25675
2568,mlkem,fixed,decaps,25646
2569,mlkem,fixed,decaps,25647
2570,mlkem,fixed,decaps,25632
2571,mlkem,fixed,decaps,25634
2572,mlkem,fixed,decaps,25626
2573,mlkem,fixed,decaps,25617
2574,mlkem,fixed,decaps,25662
2575,mlkem,fixed,decaps,25650
2576,mlkem,fixed,decaps,25643
2577,mlkem,fixed,decaps,25612
2578,mlkem,fixed,decaps,25626
2579,mlkem,fixed,decaps,25628
2580,mlkem,fixed,decaps,25671
2581,mlkem,fixed,decaps,25657
2582,mlkem,fixed,decaps,25613
2583,mlkem,fixed,decaps,25655
2584,mlkem,fixed,decaps,25671
2585,mlkem,fixed,decaps,25668
2586,mlkem,fixed,decaps,25612
2587,mlkem,fixed,decaps,25552
2588,mlkem,fixed,decaps,25654
2589,mlkem,fixed,decaps,25657
2590,mlkem,fixed,decaps,25665
2591,mlkem,fixed,decaps,25654
2592,mlkem,fixed,decaps,25603
2593,mlkem,fixed,decaps,25627
2594,mlkem,fixed,decaps,25633
2595,mlkem,fixed,decaps,25654
2596,mlkem,fixed,decaps,25656
2597,mlkem,fixed,decaps,25641
2598,mlkem,fixed,decaps,25613
2599,mlkem,fixed,decaps,25656
2600,mlkem,fixed,decaps,25695
2601,mlkem,fixed,decaps,25655
2602,mlkem,fixed,decaps,25633
2603,mlkem,fixed,decaps,25636
2604,mlkem,fixed,decaps,25655
2605,mlkem,fixed,decaps,25666
2606,mlkem,fixed,decaps,25647
2607,mlkem,fixed,decaps,25625
2608,mlkem,fixed,decaps,25641
2609,mlkem,fixed,decaps,25644
2610,mlkem,fixed,decaps,25656
2611,mlkem,fixed,decaps,25659
2612,mlkem,fixed,decaps,25625
2613,mlkem,fixed,decaps,25646
2614,mlkem,fixed,decaps,25629
2615,mlkem,fixed,decaps,25637
2616,mlkem,fixed,decaps,25675
2617,mlkem,fixed,decaps,25631
2618,mlkem,fixed,decaps,25665
2619,mlkem,fixed,decaps,25639
2620,mlkem,fixed,decaps,25643
2621,mlkem,fixed,decaps,25638
2622,mlkem,fixed,decaps,25627
2623,mlkem,fixed,decaps,25631
2624,mlkem,fixed,decaps,29155
2625,mlkem,fixed,decaps,25894
2626,mlkem,fixed,decaps,25699
2627,mlkem,fixed,decaps,26015
2628,mlkem,fixed,decaps,25579
2629,mlkem,fixed,decaps,25633
2630,mlkem,fixed,decaps,25649
2631,mlkem,fixed,decaps,26469
2632,mlkem,fixed,decaps,25824
2633,mlkem,fixed,decaps,25657
2634,mlkem,fixed,decaps,25826
2635,mlkem,fixed,decaps,25655
2636,mlkem,fixed,decaps,25636
2637,mlkem,fixed,decaps,25631
2638,mlkem,fixed,decaps,25719
2639,mlkem,fixed,decaps,25687
2640,mlkem,fixed,decaps,25637
2641,mlkem,fixed,decaps,25616
2642,mlkem,fixed,decaps,25668
2643,mlkem,fixed,decaps,25671
2644,mlkem,fixed,decaps,25684
2645,mlkem,fixed,decaps,25626
2646,mlkem,fixed,decaps,25639
2647,mlkem,fixed,decaps,25605
2648,mlkem,fixed,decaps,25624
2649,mlkem,fixed,decaps,31101
2650,mlkem,fixed,decaps,33983
2651,mlkem,fixed,decaps,27073
2652,mlkem,fixed,decaps,34617
2653,mlkem,fixed,decaps,26228
2654,mlkem,fixed,decaps,25735
2655,mlkem,fixed,decaps,25657
2656,mlkem,fixed,decaps,25619
2657,mlkem,fixed,decaps,25650
2658,mlkem,fixed,decaps,25689
2659,mlkem,fixed,decaps,25741
2660,mlkem,fixed,decaps,25671
2661,mlkem,fixed,decaps,25669
2662,mlkem,fixed,decaps,25642
2663,mlkem,fixed,decaps,25648
2664,mlkem,fixed,decaps,25685
2665,mlkem,fixed,decaps,25667
2666,mlkem,fixed,decaps,25642
2667,mlkem,fixed,decaps,25662
2668,mlkem,fixed,decaps,25682
2669,mlkem,fixed,decaps,25654
2670,mlkem,fixed,decaps,25663
2671,mlkem,fixed,decaps,25634
2672,mlkem,fixed,decaps,25661
2673,mlkem,fixed,decaps,25653
2674,mlkem,fixed,decaps,25647
2675,mlkem,fixed,decaps,25663
2676,mlkem,fixed,decaps,25650
2677,mlkem,fixed,decaps,25654
2678,mlkem,fixed,decaps,25632
2679,mlkem,fixed,decaps,25649
2680,mlkem,fixed,decaps,25664
2681,mlkem,fixed,decaps,25676
2682,mlkem,fixed,decaps,25646
2683,mlkem,fixed,decaps,25641
2684,mlkem,fixed,decaps,25645
2685,mlkem,fixed,decaps,25669
2686,mlkem,fixed,decaps,25674
2687,mlkem,fixed,decaps,25629
2688,mlkem,fixed,decaps,25625
2689,mlkem,fixed,decaps,25685
2690,mlkem,fixed,decaps,25685
2691,mlkem,fixed,decaps,25666
2692,mlkem,fixed,decaps,25629
2693,mlkem,fixed,decaps,25655
2694,mlkem,fixed,decaps,25648
2695,mlkem,fixed,decaps,25680
2696,mlkem,fixed,decaps,25680
2697,mlkem,fixed,decaps,25645
2698,mlkem,fixed,decaps,25653
2699,mlkem,fixed,decaps,25642
2700,mlkem,fixed,decaps,25669
2701,mlkem,fixed,decaps,25666
2702,mlkem,fixed,decaps,25651
2703,mlkem,fixed,decaps,25656
2704,mlkem,fixed,decaps,25633
2705,mlkem,fixed,decaps,25675
2706,mlkem,fixed,decaps,25659
2707,mlkem,fixed,decaps,25666
2708,mlkem,fixed,decaps,25686
2709,mlkem,fixed,decaps,25649
2710,mlkem,fixed,decaps,25638
2711,mlkem,fixed,decaps,25658
2712,mlkem,fixed,decaps,25644
2713,mlkem,fixed,decaps,25636
2714,mlkem,fixed,decaps,25624
2715,mlkem,fixed,decaps,25646
2716,mlkem,fixed,decaps,25661
2717,mlkem,fixed,decaps,25687
2718,mlkem,fixed,decaps,25671
2719,mlkem,fixed,decaps,25639
2720,mlkem,fixed,decaps,25605
2721,mlkem,fixed,decaps,25690
2722,mlkem,fixed,decaps,25683
2723,mlkem,fixed,decaps,25694
2724,mlkem,fixed,decaps,25636
2725,mlkem,fixed,decaps,25647
2726,mlkem,fixed,decaps,25670
2727,mlkem,fixed,decaps,25667
2728,mlkem,fixed,decaps,25666
2729,mlkem,fixed,decaps,25672
2730,mlkem,fixed,decaps,25649
2731,mlkem,fixed,decaps,25640
2732,mlkem,fixed,decaps,25681
2733,mlkem,fixed,decaps,25659
2734,mlkem,fixed,decaps,25680
2735,mlkem,fixed,decaps,25646
2736,mlkem,fixed,decaps,25682
2737,mlkem,fixed,decaps,25655
2738,mlkem,fixed,decaps,25641
2739,mlkem,fixed,decaps,25644
2740,mlkem,fixed,decaps,25631
2741,mlkem,fixed,decaps,25648
2742,mlkem,fixed,decaps,25629
2743,mlkem,fixed,decaps,25681
2744,mlkem,fixed,decaps,25668
2745,mlkem,fixed,decaps,25637
2746,mlkem,fixed,decaps,25639
2747,mlkem,fixed,decaps,25635
2748,mlkem,fixed,decaps,25659
2749,mlkem,fixed,decaps,25656
2750,mlkem,fixed,decaps,25645
2751,mlkem,fixed,decaps,25618
2752,mlkem,fixed,decaps,25644
2753,mlkem,fixed,decaps,25667
2754,mlkem,fixed,decaps,25648
2755,mlkem,fixed,decaps,25657
2756,mlkem,fixed,decaps,25630
2757,mlkem,fixed,decaps,25620
2758,mlkem,fixed,decaps,25636
2759,mlkem,fixed,decaps,25681
2760,mlkem,fixed,decaps,25676
2761,mlkem,fixed,decaps,25616
2762,mlkem,fixed,decaps,25658
2763,mlkem,fixed,decaps,25666
2764,mlkem,fixed,decaps,25671
2765,mlkem,fixed,decaps,25657
2766,mlkem,fixed,decaps,25646
2767,mlkem,fixed,decaps,25647
2768,mlkem,fixed,decaps,26301
2769,mlkem,fixed,decaps,25734
2770,mlkem,fixed,decaps,25682
2771,mlkem,fixed,decaps,25690
2772,mlkem,fixed,decaps,25672
2773,mlkem,fixed,decaps,25652
2774,mlkem,fixed,decaps,25658
2775,mlkem,fixed,decaps,25648
2776,mlkem,fixed,decaps,25689
2777,mlkem,fixed,decaps,30623
2778,mlkem,fixed,decaps,25711
2779,mlkem,fixed,decaps,25660
2780,mlkem,fixed,decaps,25625
2781,mlkem,fixed,decaps,25686
2782,mlkem,fixed,decaps,25666
2783,mlkem,fixed,decaps,25660
2784,mlkem,fixed,decaps,25639
2785,mlkem,fixed,decaps,25651
2786,mlkem,fixed,decaps,25651
2787,mlkem,fixed,decaps,25650
2788,mlkem,fixed,decaps,25608
2789,mlkem,fixed,decaps,25653
2790,mlkem,fixed,decaps,25663
2791,mlkem,fixed,decaps,25669
2792,mlkem,fixed,decaps,25690
2793,mlkem,fixed,decaps,25666
2794,mlkem,fixed,decaps,25669
2795,mlkem,fixed,decaps,25638
2796,mlkem,fixed,decaps,25621
2797,mlkem,fixed,decaps,25654
2798,mlkem,fixed,decaps,25672
2799,mlkem,fixed,decaps,25684
2800,mlkem,fixed,decaps,25650
2801,mlkem,fixed,decaps,25671
2802,mlkem,fixed,decaps,25629
2803,mlkem,fixed,decaps,25679
2804,mlkem,fixed,decaps,25657
2805,mlkem,fixed,decaps,25627
2806,mlkem,fixed,decaps,25635
2807,mlkem,fixed,decaps,25641
2808,mlkem,fixed,decaps,30468
2809,mlkem,fixed,decaps,25749
2810,mlkem,fixed,decaps,25674
2811,mlkem,fixed,decaps,38475
2812,mlkem,fixed,decaps,24282
2813,mlkem,fixed,decaps,24198
2814,mlkem,fixed,decaps,24213
2815,mlkem,fixed,decaps,24240
2816,mlkem,fixed,decaps,24243
2817,mlkem,fixed,decaps,24232
2818,mlkem,fixed,decaps,24218
2819,mlkem,fixed,decaps,24236
2820,mlkem,fixed,decaps,24235
2821,mlkem,fixed,decaps,24181
2822,mlkem,fixed,decaps,24236
2823,mlkem,fixed,decaps,24218
2824,mlkem,fixed,decaps,24246
2825,mlkem,fixed,decaps,24258
2826,mlkem,fixed,decaps,24211
2827,mlkem,fixed,decaps,24217
2828,mlkem,fixed,decaps,24257
2829,mlkem,fixed,decaps,24235
2830,mlkem,fixed,decaps,24183
2831,mlkem,fixed,decaps,24230
2832,mlkem,fixed,decaps,24236
2833,mlkem,fixed,decaps,24253
2834,mlkem,fixed,decaps,24219
2835,mlkem,fixed,decaps,24201
2836,mlkem,fixed,decaps,24224
2837,mlkem,fixed,decaps,24246
2838,mlkem,fixed,decaps,24225
2839,mlkem,fixed,decaps,24173
2840,mlkem,fixed,decaps,24228
2841,mlkem,fixed,decaps,24280
2842,mlkem,fixed,decaps,24277
2843,mlkem,fixed,decaps,24225
2844,mlkem,fixed,decaps,24224
2845,mlkem,fixed,decaps,24236
2846,mlkem,fixed,decaps,24253
2847,mlkem,fixed,decaps,24227
2848,mlkem,fixed,decaps,28454
2849,mlkem,fixed,decaps,24565
2850,mlkem,fixed,decaps,24238
2851,mlkem,fixed,decaps,39892
2852,mlkem,fixed,decaps,24976
2853,mlkem,fixed,decaps,24965
2854,mlkem,fixed,decaps,24923
2855,mlkem,fixed,decaps,24891
2856,mlkem,fixed,decaps,24910
2857,mlkem,fixed,decaps,24927
2858,mlkem,fixed,decaps,24935
2859,mlkem,fixed,decaps,24895
2860,mlkem,fixed,decaps,24897
2861,mlkem,fixed,decaps,24906
2862,mlkem,fixed,decaps,24943
2863,mlkem,fixed,decaps,24902
2864,mlkem,fixed,decaps,24889
2865,mlkem,fixed,decaps,24899
2866,mlkem,fixed,decaps,24906
2867,mlkem,fixed,decaps,24908
2868,mlkem,fixed,decaps,24944
2869,mlkem,fixed,decaps,24942
2870,mlkem,fixed,decaps,24875
2871,mlkem,fixed,decaps,24906
2872,mlkem,fixed,decaps,24932
2873,mlkem,fixed,decaps,24912
2874,mlkem,fixed,decaps,24896
2875,mlkem,fixed,decaps,24954
2876,mlkem,fixed,decaps,24947
2877,mlkem,fixed,decaps,24915
2878,mlkem,fixed,decaps,24888
2879,mlkem,fixed,decaps,24953
2880,mlkem,fixed,decaps,24931
2881,mlkem,fixed,decaps,24965
2882,mlkem,fixed,decaps,24937
2883,mlkem,fixed,decaps,24898
2884,mlkem,fixed,decaps,24915
2885,mlkem,fixed,decaps,24948
2886,mlkem,fixed,decaps,24917
2887,mlkem,fixed,decaps,24914
2888,mlkem,fixed,decaps,24902
2889,mlkem,fixed,decaps,24940
2890,mlkem,fixed,decaps,24945
2891,mlkem,fixed,decaps,24932
2892,mlkem,fixed,decaps,24892
2893,mlkem,fixed,decaps,24922
2894,mlkem,fixed,decaps,24936
2895,mlkem,fixed,decaps,24931
2896,mlkem,fixed,decaps,24940
2897,mlkem,fixed,decaps,24931
2898,mlkem,fixed,decaps,24918
2899,mlkem,fixed,decaps,24921
2900,mlkem,fixed,decaps,24891
2901,mlkem,fixed,decaps,24934
2902,mlkem,fixed,decaps,24892
2903,mlkem,fixed,decaps,24942
2904,mlkem,fixed,decaps,25721
2905,mlkem,fixed,decaps,25001
2906,mlkem,fixed,decaps,24930
2907,mlkem,fixed,decaps,24906
2908,mlkem,fixed,decaps,24888
2909,mlkem,fixed,decaps,24916
2910,mlkem,fixed,decaps,24960
2911,mlkem,fixed,decaps,24949
2912,mlkem,fixed,decaps,24889
2913,mlkem,fixed,decaps,24942
2914,mlkem,fixed,decaps,24971
2915,mlkem,fixed,decaps,24939
2916,mlkem,fixed,decaps,24912
2917,mlkem,fixed,decaps,24892
2918,mlkem,fixed,decaps,24937
2919,mlkem,fixed,decaps,24975
2920,mlkem,fixed,decaps,24913
2921,mlkem,fixed,decaps,24920
2922,mlkem,fixed,decaps,24905
2923,mlkem,fixed,decaps,24957
2924,mlkem,fixed,decaps,24931
2925,mlkem,fixed,decaps,24937
2926,mlkem,fixed,decaps,24920
2927,mlkem,fixed,decaps,24917
2928,mlkem,fixed,decaps,24932
2929,mlkem,fixed,decaps,38960
2930,mlkem,fixed,decaps,26441
2931,mlkem,fixed,decaps,26451
2932,mlkem,fixed,decaps,26461
2933,mlkem,fixed,decaps,30516
2934,mlkem,fixed,decaps,26528
2935,mlkem,fixed,decaps,26423
2936,mlkem,fixed,decaps,26394
2937,mlkem,fixed,decaps,26463
2938,mlkem,fixed,decaps,26452
2939,mlkem,fixed,decaps,26414
2940,mlkem,fixed,decaps,26432
2941,mlkem,fixed,decaps,26423
2942,mlkem,fixed,decaps,26448
2943,mlkem,fixed,decaps,26430
2944,mlkem,fixed,decaps,26457
2945,mlkem,fixed,decaps,26446
2946,mlkem,fixed,decaps,26428
2947,mlkem,fixed,decaps,26394
2948,mlkem,fixed,decaps,26406
2949,mlkem,fixed,decaps,26460
2950,mlkem,fixed,decaps,26463
2951,mlkem,fixed,decaps,26434
2952,mlkem,fixed,decaps,26411
2953,mlkem,fixed,decaps,26371
2954,mlkem,fixed,decaps,26440
2955,mlkem,fixed,decaps,26421
2956,mlkem,fixed,decaps,26436
2957,mlkem,fixed,decaps,26434
2958,mlkem,fixed,decaps,26449
2959,mlkem,fixed,decaps,26420
2960,mlkem,fixed,decaps,26481
2961,mlkem,fixed,decaps,26403
2962,mlkem,fixed,decaps,26446
2963,mlkem,fixed,decaps,26434
2964,mlkem,fixed,decaps,26457
2965,mlkem,fixed,decaps,26438
2966,mlkem,fixed,decaps,26412
2967,mlkem,fixed,decaps,38537
2968,mlkem,fixed,decaps,25671
2969,mlkem,fixed,decaps,25683
2970,mlkem,fixed,decaps,25639
2971,mlkem,fixed,decaps,25637
2972,mlkem,fixed,decaps,25655
2973,mlkem,fixed,decaps,25666
2974,mlkem,fixed,decaps,25655
2975,mlkem,fixed,decaps,25631
2976,mlkem,fixed,decaps,25684
2977,mlkem,fixed,decaps,25638
2978,mlkem,fixed,decaps,25669
2979,mlkem,fixed,decaps,25644
2980,mlkem,fixed,decaps,25679
2981,mlkem,fixed,decaps,25676
2982,mlkem,fixed,decaps,25688
2983,mlkem,fixed,decaps,25644
2984,mlkem,fixed,decaps,25677
2985,mlkem,fixed,decaps,25703
2986,mlkem,fixed,decaps,25667
2987,mlkem,fixed,decaps,25649
2988,mlkem,fixed,decaps,25587
2989,mlkem,fixed,decaps,25647
2990,mlkem,fixed,decaps,25632
2991,mlkem,fixed,decaps,25694
2992,mlkem,fixed,decaps,25660
2993,mlkem,fixed,decaps,25643
2994,mlkem,fixed,decaps,25634
2995,mlkem,fixed,decaps,25657
2996,mlkem,fixed,decaps,25680
2997,mlkem,fixed,decaps,25647
2998,mlkem,fixed,decaps,25651
2999,mlkem,fixed,decaps,25657
3000,mlkem,fixed,decaps,25668
3001,mlkem,fixed,decaps,25630
3002,mlkem,fixed,decaps,25649
3003,mlkem,fixed,decaps,25649
3004,mlkem,fixed,decaps,25661
3005,mlkem,fixed,decaps,25639
3006,mlkem,fixed,decaps,25658
3007,mlkem,fixed,decaps,25650
3008,mlkem,fixed,decaps,25672
3009,mlkem,fixed,decaps,25651
3010,mlkem,fixed,decaps,25639
3011,mlkem,fixed,decaps,25656
3012,mlkem,fixed,decaps,25665
3013,mlkem,fixed,decaps,25657
3014,mlkem,fixed,decaps,25664
3015,mlkem,fixed,decaps,25614
3016,mlkem,fixed,decaps,25628
3017,mlkem,fixed,decaps,25700
3018,mlkem,fixed,decaps,25666
3019,mlkem,fixed,decaps,25627
3020,mlkem,fixed,decaps,25652
3021,mlkem,fixed,decaps,25648
3022,mlkem,fixed,decaps,25655
3023,mlkem,fixed,decaps,25646
3024,mlkem,fixed,decaps,25649
3025,mlkem,fixed,decaps,25645
3026,mlkem,fixed,decaps,25678
3027,mlkem,fixed,decaps,25643
3028,mlkem,fixed,decaps,25666
3029,mlkem,fixed,decaps,25648
3030,mlkem,fixed,decaps,25681
3031,mlkem,fixed,decaps,25650
3032,mlkem,fixed,decaps,25663
3033,mlkem,fixed,decaps,25656
3034,mlkem,fixed,decaps,25645
3035,mlkem,fixed,decaps,25627
3036,mlkem,fixed,decaps,25629
3037,mlkem,fixed,decaps,25638
3038,mlkem,fixed,decaps,25673
3039,mlkem,fixed,decaps,25691
3040,mlkem,fixed,decaps,25668
3041,mlkem,fixed,decaps,26321
3042,mlkem,fixed,decaps,25716
3043,mlkem,fixed,decaps,25655
3044,mlkem,fixed,decaps,25677
3045,mlkem,fixed,decaps,25679
3046,mlkem,fixed,decaps,25651
3047,mlkem,fixed,decaps,25679
3048,mlkem,fixed,decaps,25662
3049,mlkem,fixed,decaps,25637
3050,mlkem,fixed,decaps,25628
3051,mlkem,fixed,decaps,25650
3052,mlkem,fixed,decaps,25669
3053,mlkem,fixed,decaps,25632
3054,mlkem,fixed,decaps,25625
3055,mlkem,fixed,decaps,25676
3056,mlkem,fixed,decaps,25648
3057,mlkem,fixed,decaps,25658
3058,mlkem,fixed,decaps,25619
3059,mlkem,fixed,decaps,25636
3060,mlkem,fixed,decaps,25664
3061,mlkem,fixed,decaps,25685
3062,mlkem,fixed,decaps,25678
3063,mlkem,fixed,decaps,25635
3064,mlkem,fixed,decaps,25684
3065,mlkem,fixed,decaps,25667
3066,mlkem,fixed,decaps,25671
3067,mlkem,fixed,decaps,25609
3068,mlkem,fixed,decaps,25612
3069,mlkem,fixed,decaps,25642
3070,mlkem,fixed,decaps,25642
3071,mlkem,fixed,decaps,25672
3072,mlkem,fixed,decaps,25686
3073,mlkem,fixed,decaps,25642
3074,mlkem,fixed,decaps,25648
3075,mlkem,fixed,decaps,25677
3076,mlkem,fixed,decaps,25662
3077,mlkem,fixed,decaps,25681
3078,mlkem,fixed,decaps,25672
3079,mlkem,fixed,decaps,25655
3080,mlkem,fixed,decaps,25664
3081,mlkem,fixed,decaps,25639
3082,mlkem,fixed,decaps,25659
3083,mlkem,fixed,decaps,25654
3084,mlkem,fixed,decaps,25661
3085,mlkem,fixed,decaps,29363
3086,mlkem,fixed,decaps,25868
3087,mlkem,fixed,decaps,25693
3088,mlkem,fixed,decaps,25667
3089,mlkem,fixed,decaps,25658
3090,mlkem,fixed,decaps,25651
3091,mlkem,fixed,decaps,25597
3092,mlkem,fixed,decaps,25639
3093,mlkem,fixed,decaps,25652
3094,mlkem,fixed,decaps,25678
3095,mlkem,fixed,decaps,25673
3096,mlkem,fixed,decaps,25660
3097,mlkem,fixed,decaps,25638
3098,mlkem,fixed,decaps,25625
3099,mlkem,fixed,decaps,25643
3100,mlkem,fixed,decaps,25684
3101,mlkem,fixed,decaps,25594
3102,mlkem,fixed,decaps,25626
3103,mlkem,fixed,decaps,25692
3104,mlkem,fixed,decaps,25662
3105,mlkem,fixed,decaps,25663
3106,mlkem,fixed,decaps,25647
3107,mlkem,fixed,decaps,25648
3108,mlkem,fixed,decaps,25672
3109,mlkem,fixed,decaps,25652
3110,mlkem,fixed,decaps,25620
3111,mlkem,fixed,decaps,25610
3112,mlkem,fixed,decaps,25607
3113,mlkem,fixed,decaps,25671
3114,mlkem,fixed,decaps,25632
3115,mlkem,fixed,decaps,25610
3116,mlkem,fixed,decaps,25647
3117,mlkem,fixed,decaps,25655
3118,mlkem,fixed,decaps,25675
3119,mlkem,fixed,decaps,25700
3120,mlkem,fixed,decaps,25646
3121,mlkem,fixed,decaps,25653
3122,mlkem,fixed,decaps,25674
3123,mlkem,fixed,decaps,25653
3124,mlkem,fixed,decaps,25659
3125,mlkem,fixed,decaps,25644
3126,mlkem,fixed,decaps,25645
3127,mlkem,fixed,decaps,25655
3128,mlkem,fixed,decaps,25646
3129,mlkem,fixed,decaps,25649
3130,mlkem,fixed,decaps,25692
3131,mlkem,fixed,decaps,25652
3132,mlkem,fixed,decaps,25668
3133,mlkem,fixed,decaps,25617
3134,mlkem,fixed,decaps,25654
3135,mlkem,fixed,decaps,25650
3136,mlkem,fixed,decaps,25708
3137,mlkem,fixed,decaps,25681
3138,mlkem,fixed,decaps,25633
3139,mlkem,fixed,decaps,25642
3140,mlkem,fixed,decaps,25675
3141,mlkem,fixed,decaps,25632
3142,mlkem,fixed,decaps,25661
3143,mlkem,fixed,decaps,25644
3144,mlkem,fixed,decaps,25655
3145,mlkem,fixed,decaps,25681
3146,mlkem,fixed,decaps,25657
3147,mlkem,fixed,decaps,25645
3148,mlkem,fixed,decaps,25643
3149,mlkem,fixed,decaps,25623
3150,mlkem,fixed,decaps,25663
3151,mlkem,fixed,decaps,25625
3152,mlkem,fixed,decaps,25701
3153,mlkem,fixed,decaps,25640
3154,mlkem,fixed,decaps,25667
3155,mlkem,fixed,decaps,25669
3156,mlkem,fixed,decaps,30264
3157,mlkem,fixed,decaps,25791
3158,mlkem,fixed,decaps,25709
3159,mlkem,fixed,decaps,25645
3160,mlkem,fixed,decaps,37945
3161,mlkem,fixed,decaps,24230
3162,mlkem,fixed,decaps,24215
3163,mlkem,fixed,decaps,24223
3164,mlkem,fixed,decaps,24261
3165,mlkem,fixed,decaps,24223
3166,mlkem,fixed,decaps,24203
3167,mlkem,fixed,decaps,24239
3168,mlkem,fixed,decaps,24252
3169,mlkem,fixed,decaps,24265
3170,mlkem,fixed,decaps,24237
3171,mlkem,fixed,decaps,24231
3172,mlkem,fixed,decaps,24258
3173,mlkem,fixed,decaps,24294
3174,mlkem,fixed,decaps,24211
3175,mlkem,fixed,decaps,24179
3176,mlkem,fixed,decaps,24218
3177,mlkem,fixed,decaps,24263
3178,mlkem,fixed,decaps,24984
3179,mlkem,fixed,decaps,24322
3180,mlkem,fixed,decaps,24259
3181,mlkem,fixed,decaps,24244
3182,mlkem,fixed,decaps,24218
3183,mlkem,fixed,decaps,24224
3184,mlkem,fixed,decaps,24207
3185,mlkem,fixed,decaps,24257
3186,mlkem,fixed,decaps,24239
3187,mlkem,fixed,decaps,24212
3188,mlkem,fixed,decaps,24212
3189,mlkem,fixed,decaps,24232
3190,mlkem,fixed,decaps,24254
3191,mlkem,fixed,decaps,24216
3192,mlkem,fixed,decaps,24216
3193,mlkem,fixed,decaps,24221
3194,mlkem,fixed,decaps,24222
3195,mlkem,fixed,decaps,24239
3196,mlkem,fixed,decaps,24233
3197,mlkem,fixed,decaps,29077
3198,mlkem,fixed,decaps,24316
3199,mlkem,fixed,decaps,38250
3200,mlkem,fixed,decaps,24974
3201,mlkem,fixed,decaps,24957
3202,mlkem,fixed,decaps,24947
3203,mlkem,fixed,decaps,24897
3204,mlkem,fixed,decaps,24893
3205,mlkem,fixed,decaps,24945
3206,mlkem,fixed,decaps,24964
3207,mlkem,fixed,decaps,24922
3208,mlkem,fixed,decaps,24892
3209,mlkem,fixed,decaps,24933
3210,mlkem,fixed,decaps,24954
3211,mlkem,fixed,decaps,24927
3212,mlkem,fixed,decaps,24919
3213,mlkem,fixed,decaps,24891
3214,mlkem,fixed,decaps,24949
3215,mlkem,fixed,decaps,24910
3216,mlkem,fixed,decaps,24881
3217,mlkem,fixed,decaps,24896
3218,mlkem,fixed,decaps,24921
3219,mlkem,fixed,decaps,24924
3220,mlkem,fixed,decaps,24904
3221,mlkem,fixed,decaps,24876
3222,mlkem,fixed,decaps,24940
3223,mlkem,fixed,decaps,24932
3224,mlkem,fixed,decaps,24915
3225,mlkem,fixed,decaps,24887
3226,mlkem,fixed,decaps,24947
3227,mlkem,fixed,decaps,24940
3228,mlkem,fixed,decaps,24922
3229,mlkem,fixed,decaps,24936
3230,mlkem,fixed,decaps,24928
3231,mlkem,fixed,decaps,24889
3232,mlkem,fixed,decaps,24904
3233,mlkem,fixed,decaps,24910
3234,mlkem,fixed,decaps,24890
3235,mlkem,fixed,decaps,24901
3236,mlkem,fixed,decaps,38291
3237,mlkem,fixed,decaps,26480
3238,mlkem,fixed,decaps,26403
3239,mlkem,fixed,decaps,26411
3240,mlkem,fixed,decaps,29697
3241,mlkem,fixed,decaps,26640
3242,mlkem,fixed,decaps,26505
3243,mlkem,fixed,decaps,26451
3244,mlkem,fixed,decaps,26427
3245,mlkem,fixed,decaps,26425
3246,mlkem,fixed,decaps,26423
3247,mlkem,fixed,decaps,26427
3248,mlkem,fixed,decaps,26462
3249,mlkem,fixed,decaps,26452
3250,mlkem,fixed,decaps,26447
3251,mlkem,fixed,decaps,26419
3252,mlkem,fixed,decaps,26439
3253,mlkem,fixed,decaps,26459
3254,mlkem,fixed,decaps,26451
3255,mlkem,fixed,decaps,26446
3256,mlkem,fixed,decaps,26431
3257,mlkem,fixed,decaps,26427
3258,mlkem,fixed,decaps,26433
3259,mlkem,fixed,decaps,26430
3260,mlkem,fixed,decaps,26414
3261,mlkem,fixed,decaps,26443
3262,mlkem,fixed,decaps,26450
3263,mlkem,fixed,decaps,26448
3264,mlkem,fixed,decaps,26418
3265,mlkem,fixed,decaps,26431
3266,mlkem,fixed,decaps,26439
3267,mlkem,fixed,decaps,26465
3268,mlkem,fixed,decaps,26452
3269,mlkem,fixed,decaps,26425
3270,mlkem,fixed,decaps,26417
3271,mlkem,fixed,decaps,26411
3272,mlkem,fixed,decaps,26459
3273,mlkem,fixed,decaps,26463
3274,mlkem,fixed,decaps,39357
3275,mlkem,fixed,decaps,25763
3276,mlkem,fixed,decaps,25653
3277,mlkem,fixed,decaps,25670
3278,mlkem,fixed,decaps,25643
3279,mlkem,fixed,decaps,25642
3280,mlkem,fixed,decaps,25646
3281,mlkem,fixed,decaps,25657
3282,mlkem,fixed,decaps,25645
3283,mlkem,fixed,decaps,25632
3284,mlkem,fixed,decaps,25625
3285,mlkem,fixed,decaps,25664
3286,mlkem,fixed,decaps,25687
3287,mlkem,fixed,decaps,25663
3288,mlkem,fixed,decaps,25684
3289,mlkem,fixed,decaps,25641
3290,mlkem,fixed,decaps,25648
3291,mlkem,fixed,decaps,25680
3292,mlkem,fixed,decaps,25666
3293,mlkem,fixed,decaps,25654
3294,mlkem,fixed,decaps,25625
3295,mlkem,fixed,decaps,25666
3296,mlkem,fixed,decaps,25690
3297,mlkem,fixed,decaps,25661
3298,mlkem,fixed,decaps,25673
3299,mlkem,fixed,decaps,25662
3300,mlkem,fixed,decaps,25644
3301,mlkem,fixed,decaps,25674
3302,mlkem,fixed,decaps,25674
3303,mlkem,fixed,decaps,25652
3304,mlkem,fixed,decaps,25626
3305,mlkem,fixed,decaps,25638
3306,mlkem,fixed,decaps,25690
3307,mlkem,fixed,decaps,25664
3308,mlkem,fixed,decaps,25660
3309,mlkem,fixed,decaps,25653
3310,mlkem,fixed,decaps,25647
3311,mlkem,fixed,decaps,25663
3312,mlkem,fixed,decaps,25642
3313,mlkem,fixed,decaps,25642
3314,mlkem,fixed,decaps,26424
3315,mlkem,fixed,decaps,25722
3316,mlkem,fixed,decaps,25635
3317,mlkem,fixed,decaps,25636
3318,mlkem,fixed,decaps,25667
3319,mlkem,fixed,decaps,25645
3320,mlkem,fixed,decaps,25645
3321,mlkem,fixed,decaps,25639
3322,mlkem,fixed,decaps,25649
3323,mlkem,fixed,decaps,25694
3324,mlkem,fixed,decaps,25679
3325,mlkem,fixed,decaps,25655
3326,mlkem,fixed,decaps,25646
3327,mlkem,fixed,decaps,25648
3328,mlkem,fixed,decaps,25638
3329,mlkem,fixed,decaps,25681
3330,mlkem,fixed,decaps,25669
3331,mlkem,fixed,decaps,25617
3332,mlkem,fixed,decaps,25621
3333,mlkem,fixed,decaps,25683
3334,mlkem,fixed,decaps,25630
3335,mlkem,fixed,decaps,25647
3336,mlkem,fixed,decaps,25624
3337,mlkem,fixed,decaps,25640
3338,mlkem,fixed,decaps,25689
3339,mlkem,fixed,decaps,25665
3340,mlkem,fixed,decaps,25647
3341,mlkem,fixed,decaps,25663
3342,mlkem,fixed,decaps,25666
3343,mlkem,fixed,decaps,25661
3344,mlkem,fixed,decaps,25643
3345,mlkem,fixed,decaps,25676
3346,mlkem,fixed,decaps,25610
3347,mlkem,fixed,decaps,25608
3348,mlkem,fixed,decaps,25670
3349,mlkem,fixed,decaps,25643
3350,mlkem,fixed,decaps,25667
3351,mlkem,fixed,decaps,25612
3352,mlkem,fixed,decaps,25641
3353,mlkem,fixed,decaps,25634
3354,mlkem,fixed,decaps,25656
3355,mlkem,fixed,decaps,25665
3356,mlkem,fixed,decaps,25686
3357,mlkem,fixed,decaps,25704
3358,mlkem,fixed,decaps,25615
3359,mlkem,fixed,decaps,25615
3360,mlkem,fixed,decaps,25675
3361,mlkem,fixed,decaps,25716
3362,mlkem,fixed,decaps,25667
3363,mlkem,fixed,decaps,25622
3364,mlkem,fixed,decaps,25614
3365,mlkem,fixed,decaps,25652
3366,mlkem,fixed,decaps,25660
3367,mlkem,fixed,decaps,25677
3368,mlkem,fixed,decaps,25641
3369,mlkem,fixed,decaps,25627
3370,mlkem,fixed,decaps,25631
3371,mlkem,fixed,decaps,25640
3372,mlkem,fixed,decaps,25665
3373,mlkem,fixed,decaps,25644
3374,mlkem,fixed,decaps,25623
3375,mlkem,fixed,decaps,25646
3376,mlkem,fixed,decaps,25678
3377,mlkem,fixed,decaps,25671
3378,mlkem,fixed,decaps,25622
3379,mlkem,fixed,decaps,25642
3380,mlkem,fixed,decaps,25652
3381,mlkem,fixed,decaps,25702
3382,mlkem,fixed,decaps,25619
3383,mlkem,fixed,decaps,25648
3384,mlkem,fixed,decaps,25608
3385,mlkem,fixed,decaps,25643
3386,mlkem,fixed,decaps,25669
3387,mlkem,fixed,decaps,25651
3388,mlkem,fixed,decaps,25615
3389,mlkem,fixed,decaps,25646
3390,mlkem,fixed,decaps,25660
3391,mlkem,fixed,decaps,25677
3392,mlkem,fixed,decaps,25616
3393,mlkem,fixed,decaps,28982
3394,mlkem,fixed,decaps,25736
3395,mlkem,fixed,decaps,25671
3396,mlkem,fixed,decaps,25648
3397,mlkem,fixed,decaps,25660
3398,mlkem,fixed,decaps,25668
3399,mlkem,fixed,decaps,25664
3400,mlkem,fixed,decaps,25647
3401,mlkem,fixed,decaps,25663
3402,mlkem,fixed,decaps,25667
3403,mlkem,fixed,decaps,25659
3404,mlkem,fixed,decaps,25645
3405,mlkem,fixed,decaps,25622
3406,mlkem,fixed,decaps,25588
3407,mlkem,fixed,decaps,25666
3408,mlkem,fixed,decaps,25639
3409,mlkem,fixed,decaps,25668
3410,mlkem,fixed,decaps,25652
3411,mlkem,fixed,decaps,25625
3412,mlkem,fixed,decaps,25639
3413,mlkem,fixed,decaps,25637
3414,mlkem,fixed,decaps,25636
3415,mlkem,fixed,decaps,25675
3416,mlkem,fixed,decaps,25589
3417,mlkem,fixed,decaps,25664
3418,mlkem,fixed,decaps,25660
3419,mlkem,fixed,decaps,25652
3420,mlkem,fixed,decaps,25634
3421,mlkem,fixed,decaps,25629
3422,mlkem,fixed,decaps,25648
3423,mlkem,fixed,decaps,25650
3424,mlkem,fixed,decaps,30039
3425,mlkem,fixed,decaps,33406
3426,mlkem,fixed,decaps,29471
3427,mlkem,fixed,decaps,47993
3428,mlkem,fixed,decaps,25217
3429,mlkem,fixed,decaps,24296
3430,mlkem,fixed,decaps,24273
3431,mlkem,fixed,decaps,24245
3432,mlkem,fixed,decaps,24227
3433,mlkem,fixed,decaps,24214
3434,mlkem,fixed,decaps,24228
3435,mlkem,fixed,decaps,24228
3436,mlkem,fixed,decaps,24189
3437,mlkem,fixed,decaps,24217
3438,mlkem,fixed,decaps,24247
3439,mlkem,fixed,decaps,24250
3440,mlkem,fixed,decaps,24220
3441,mlkem,fixed,decaps,24208
3442,mlkem,fixed,decaps,24212
3443,mlkem,fixed,decaps,24277
3444,mlkem,fixed,decaps,24228
3445,mlkem,fixed,decaps,24223
3446,mlkem,fixed,decaps,24211
3447,mlkem,fixed,decaps,24231
3448,mlkem,fixed,decaps,24224
3449,mlkem,fixed,decaps,24155
3450,mlkem,fixed,decaps,24236
3451,mlkem,fixed,decaps,25054
3452,mlkem,fixed,decaps,24298
3453,mlkem,fixed,decaps,24225
3454,mlkem,fixed,decaps,24211
3455,mlkem,fixed,decaps,24215
3456,mlkem,fixed,decaps,24253
3457,mlkem,fixed,decaps,24227
3458,mlkem,fixed,decaps,24222
3459,mlkem,fixed,decaps,24218
3460,mlkem,fixed,decaps,24234
3461,mlkem,fixed,decaps,24277
3462,mlkem,fixed,decaps,28715
3463,mlkem,fixed,decaps,24540
3464,mlkem,fixed,decaps,24252
3465,mlkem,fixed,decaps,43514
3466,mlkem,fixed,decaps,24907
3467,mlkem,fixed,decaps,24916
3468,mlkem,fixed,decaps,24933
3469,mlkem,fixed,decaps,24906
3470,mlkem,fixed,decaps,24924
3471,mlkem,fixed,decaps,24917
3472,mlkem,fixed,decaps,24937
3473,mlkem,fixed,decaps,24947
3474,mlkem,fixed,decaps,24924
3475,mlkem,fixed,decaps,24906
3476,mlkem,fixed,decaps,24937
3477,mlkem,fixed,decaps,24950
3478,mlkem,fixed,decaps,24954
3479,mlkem,fixed,decaps,24914
3480,mlkem,fixed,decaps,24895
3481,mlkem,fixed,decaps,24888
3482,mlkem,fixed,decaps,24949
3483,mlkem,fixed,decaps,24919
3484,mlkem,fixed,decaps,24900
3485,mlkem,fixed,decaps,24918
3486,mlkem,fixed,decaps,24919
3487,mlkem,fixed,decaps,24951
3488,mlkem,fixed,decaps,24960
3489,mlkem,fixed,decaps,24917
3490,mlkem,fixed,decaps,24892
3491,mlkem,fixed,decaps,24902
3492,mlkem,fixed,decaps,24920
3493,mlkem,fixed,decaps,24896
3494,mlkem,fixed,decaps,24915
3495,mlkem,fixed,decaps,24942
3496,mlkem,fixed,decaps,24928
3497,mlkem,fixed,decaps,24896
3498,mlkem,fixed,decaps,24885
3499,mlkem,fixed,decaps,24908
3500,mlkem,fixed,decaps,24945
3501,mlkem,fixed,decaps,24936
3502,mlkem,fixed,decaps,24917
3503,mlkem,fixed,decaps,24920
3504,mlkem,fixed,decaps,25191
3505,mlkem,fixed,decaps,25042
3506,mlkem,fixed,decaps,25078
3507,mlkem,fixed,decaps,25307
3508,mlkem,fixed,decaps,25124
3509,mlkem,fixed,decaps,24940
3510,mlkem,fixed,decaps,24964
3511,mlkem,fixed,decaps,24988
3512,mlkem,fixed,decaps,25172
3513,mlkem,fixed,decaps,25038
3514,mlkem,fixed,decaps,25140
3515,mlkem,fixed,decaps,24962
3516,mlkem,fixed,decaps,24974
3517,mlkem,fixed,decaps,24923
3518,mlkem,fixed,decaps,24947
3519,mlkem,fixed,decaps,25112
3520,mlkem,fixed,decaps,25272
3521,mlkem,fixed,decaps,25003
3522,mlkem,fixed,decaps,24964
3523,mlkem,fixed,decaps,24898
3524,mlkem,fixed,decaps,25178
3525,mlkem,fixed,decaps,25152
3526,mlkem,fixed,decaps,24916
3527,mlkem,fixed,decaps,24970
3528,mlkem,fixed,decaps,24950
3529,mlkem,fixed,decaps,25034
3530,mlkem,fixed,decaps,25052
3531,mlkem,fixed,decaps,24920
3532,mlkem,fixed,decaps,25015
3533,mlkem,fixed,decaps,24959
3534,mlkem,fixed,decaps,25133
3535,mlkem,fixed,decaps,24997
3536,mlkem,fixed,decaps,24955
3537,mlkem,fixed,decaps,25015
3538,mlkem,fixed,decaps,25111
3539,mlkem,fixed,decaps,25000
3540,mlkem,fixed,decaps,25643
3541,mlkem,fixed,decaps,25173
3542,mlkem,fixed,decaps,26243
3543,mlkem,fixed,decaps,25386
3544,mlkem,fixed,decaps,25149
3545,mlkem,fixed,decaps,25079
3546,mlkem,fixed,decaps,24955
3547,mlkem,fixed,decaps,25038
3548,mlkem,fixed,decaps,32060
3549,mlkem,fixed,decaps,26732
3550,mlkem,fixed,decaps,25731
3551,mlkem,fixed,decaps,25093
3552,mlkem,fixed,decaps,24945
3553,mlkem,fixed,decaps,24992
3554,mlkem,fixed,decaps,24933
3555,mlkem,fixed,decaps,24929
3556,mlkem,fixed,decaps,24951
3557,mlkem,fixed,decaps,24944
3558,mlkem,fixed,decaps,24891
3559,mlkem,fixed,decaps,24921
3560,mlkem,fixed,decaps,24945
3561,mlkem,fixed,decaps,24933
3562,mlkem,fixed,decaps,24964
3563,mlkem,fixed,decaps,24913
3564,mlkem,fixed,decaps,24909
3565,mlkem,fixed,decaps,24931
3566,mlkem,fixed,decaps,24929
3567,mlkem,fixed,decaps,24924
3568,mlkem,fixed,decaps,24923
3569,mlkem,fixed,decaps,26548
3570,mlkem,fixed,decaps,25694
3571,mlkem,fixed,decaps,25487
3572,mlkem,fixed,decaps,25411
3573,mlkem,fixed,decaps,25708
3574,mlkem,fixed,decaps,25788
3575,mlkem,fixed,decaps,25700
3576,mlkem,fixed,decaps,25651
3577,mlkem,fixed,decaps,25418
3578,mlkem,fixed,decaps,30771
3579,mlkem,fixed,decaps,27386
3580,mlkem,fixed,decaps,28698
3581,mlkem,fixed,decaps,25534
3582,mlkem,fixed,decaps,28281
3583,mlkem,fixed,decaps,43758
3584,mlkem,fixed,decaps,26546
3585,mlkem,fixed,decaps,26731
3586,mlkem,fixed,decaps,27390
3587,mlkem,fixed,decaps,28124
3588,mlkem,fixed,decaps,27690
3589,mlkem,fixed,decaps,27965
3590,mlkem,fixed,decaps,62336
3591,mlkem,fixed,decaps,27437
3592,mlkem,fixed,decaps,26839
3593,mlkem,fixed,decaps,26433
3594,mlkem,fixed,decaps,26432
3595,mlkem,fixed,decaps,26444
3596,mlkem,fixed,decaps,26434
3597,mlkem,fixed,decaps,26461
3598,mlkem,fixed,decaps,26466
3599,mlkem,fixed,decaps,26441
3600,mlkem,fixed,decaps,26453
3601,mlkem,fixed,decaps,26420
3602,mlkem,fixed,decaps,26444
3603,mlkem,fixed,decaps,26436
3604,mlkem,fixed,decaps,26449
3605,mlkem,fixed,decaps,26476
3606,mlkem,fixed,decaps,26438
3607,mlkem,fixed,decaps,26416
3608,mlkem,fixed,decaps,26418
3609,mlkem,fixed,decaps,26442
3610,mlkem,fixed,decaps,26438
3611,mlkem,fixed,decaps,26408
3612,mlkem,fixed,decaps,26407
3613,mlkem,fixed,decaps,26426
3614,mlkem,fixed,decaps,26431
3615,mlkem,fixed,decaps,26428
3616,mlkem,fixed,decaps,26385
3617,mlkem,fixed,decaps,26405
3618,mlkem,fixed,decaps,42481
3619,mlkem,fixed,decaps,25669
3620,mlkem,fixed,decaps,25617
3621,mlkem,fixed,decaps,25609
3622,mlkem,fixed,decaps,25669
3623,mlkem,fixed,decaps,25661
3624,mlkem,fixed,decaps,25647
3625,mlkem,fixed,decaps,25613
3626,mlkem,fixed,decaps,25646
3627,mlkem,fixed,decaps,25647
3628,mlkem,fixed,decaps,25664
3629,mlkem,fixed,decaps,25668
3630,mlkem,fixed,decaps,25619
3631,mlkem,fixed,decaps,25654
3632,mlkem,fixed,decaps,25652
3633,mlkem,fixed,decaps,25660
3634,mlkem,fixed,decaps,25657
3635,mlkem,fixed,decaps,25667
3636,mlkem,fixed,decaps,25643
3637,mlkem,fixed,decaps,25660
3638,mlkem,fixed,decaps,25655
3639,mlkem,fixed,decaps,25669
3640,mlkem,fixed,decaps,25646
3641,mlkem,fixed,decaps,25646
3642,mlkem,fixed,decaps,25658
3643,mlkem,fixed,decaps,25671
3644,mlkem,fixed,decaps,25638
3645,mlkem,fixed,decaps,25633
3646,mlkem,fixed,decaps,25664
3647,mlkem,fixed,decaps,25619
3648,mlkem,fixed,decaps,25655
3649,mlkem,fixed,decaps,25632
3650,mlkem,fixed,decaps,25668
3651,mlkem,fixed,decaps,25698
3652,mlkem,fixed,decaps,25642
3653,mlkem,fixed,decaps,25658
3654,mlkem,fixed,decaps,25657
3655,mlkem,fixed,decaps,25635
3656,mlkem,fixed,decaps,25646
3657,mlkem,fixed,decaps,25652
3658,mlkem,fixed,decaps,25626
3659,mlkem,fixed,decaps,25677
3660,mlkem,fixed,decaps,25656
3661,mlkem,fixed,decaps,25668
3662,mlkem,fixed,decaps,25623
3663,mlkem,fixed,decaps,25666
3664,mlkem,fixed,decaps,25665
3665,mlkem,fixed,decaps,25665
3666,mlkem,fixed,decaps,25700
3667,mlkem,fixed,decaps,25639
3668,mlkem,fixed,decaps,25619
3669,mlkem,fixed,decaps,25664
3670,mlkem,fixed,decaps,25668
3671,mlkem,fixed,decaps,25708
3672,mlkem,fixed,decaps,25611
3673,mlkem,fixed,decaps,26443
3674,mlkem,fixed,decaps,25669
3675,mlkem,fixed,decaps,25603
3676,mlkem,fixed,decaps,25667
3677,mlkem,fixed,decaps,25594
3678,mlkem,fixed,decaps,25643
3679,mlkem,fixed,decaps,25668
3680,mlkem,fixed,decaps,25696
3681,mlkem,fixed,decaps,25687
3682,mlkem,fixed,decaps,25670
3683,mlkem,fixed,decaps,25680
3684,mlkem,fixed,decaps,25666
3685,mlkem,fixed,decaps,25652
3686,mlkem,fixed,decaps,25660
3687,mlkem,fixed,decaps,25658
3688,mlkem,fixed,decaps,25616
3689,mlkem,fixed,decaps,25624
3690,mlkem,fixed,decaps,25627
3691,mlkem,fixed,decaps,25679
3692,mlkem,fixed,decaps,25685
3693,mlkem,fixed,decaps,25639
3694,mlkem,fixed,decaps,25676
3695,mlkem,fixed,decaps,25618
3696,mlkem,fixed,decaps,25679
3697,mlkem,fixed,decaps,25648
3698,mlkem,fixed,decaps,57036
3699,mlkem,fixed,decaps,26786
3700,mlkem,fixed,decaps,25774
3701,mlkem,fixed,decaps,25664
3702,mlkem,fixed,decaps,25650
3703,mlkem,fixed,decaps,25692
3704,mlkem,fixed,decaps,25672
3705,mlkem,fixed,decaps,25649
3706,mlkem,fixed,decaps,25642
3707,mlkem,fixed,decaps,25687
3708,mlkem,fixed,decaps,25688
3709,mlkem,fixed,decaps,25625
3710,mlkem,fixed,decaps,25647
3711,mlkem,fixed,decaps,25678
3712,mlkem,fixed,decaps,25857
3713,mlkem,fixed,decaps,25693
3714,mlkem,fixed,decaps,25892
3715,mlkem,fixed,decaps,25721
3716,mlkem,fixed,decaps,25660
3717,mlkem,fixed,decaps,25664
3718,mlkem,fixed,decaps,25685
3719,mlkem,fixed,decaps,25650
3720,mlkem,fixed,decaps,25633
3721,mlkem,fixed,decaps,25643
3722,mlkem,fixed,decaps,25656
3723,mlkem,fixed,decaps,25665
3724,mlkem,fixed,decaps,26568
3725,mlkem,fixed,decaps,25717
3726,mlkem,fixed,decaps,25845
3727,mlkem,fixed,decaps,25753
3728,mlkem,fixed,decaps,25634
3729,mlkem,fixed,decaps,25615
3730,mlkem,fixed,decaps,25677
3731,mlkem,fixed,decaps,25635
3732,mlkem,fixed,decaps,25629
3733,mlkem,fixed,decaps,25651
3734,mlkem,fixed,decaps,25677
3735,mlkem,fixed,decaps,25630
3736,mlkem,fixed,decaps,25702
3737,mlkem,fixed,decaps,25677
3738,mlkem,fixed,decaps,25644
3739,mlkem,fixed,decaps,25650
3740,mlkem,fixed,decaps,25658
3741,mlkem,fixed,decaps,25629
3742,mlkem,fixed,decaps,25673
3743,mlkem,fixed,decaps,25660
3744,mlkem,fixed,decaps,25653
3745,mlkem,fixed,decaps,25622
3746,mlkem,fixed,decaps,25655
3747,mlkem,fixed,decaps,25685
3748,mlkem,fixed,decaps,25641
3749,mlkem,fixed,decaps,25661
3750,mlkem,fixed,decaps,25663
3751,mlkem,fixed,decaps,25641
3752,mlkem,fixed,decaps,25672
3753,mlkem,fixed,decaps,25649
3754,mlkem,fixed,decaps,25659
3755,mlkem,fixed,decaps,25633
3756,mlkem,fixed,decaps,25662
3757,mlkem,fixed,decaps,25675
3758,mlkem,fixed,decaps,25713
3759,mlkem,fixed,decaps,25952
3760,mlkem,fixed,decaps,27003
3761,mlkem,fixed,decaps,25923
3762,mlkem,fixed,decaps,25898
3763,mlkem,fixed,decaps,25640
3764,mlkem,fixed,decaps,25652
3765,mlkem,fixed,decaps,25659
3766,mlkem,fixed,decaps,26149
3767,mlkem,fixed,decaps,31373
3768,mlkem,fixed,decaps,25817
3769,mlkem,fixed,decaps,25691
3770,mlkem,fixed,decaps,37998
3771,mlkem,fixed,decaps,24288
3772,mlkem,fixed,decaps,24238
3773,mlkem,fixed,decaps,24242
3774,mlkem,fixed,decaps,24210
3775,mlkem,fixed,decaps,24250
3776,mlkem,fixed,decaps,24276
3777,mlkem,fixed,decaps,24262
3778,mlkem,fixed,decaps,24263
3779,mlkem,fixed,decaps,24241
3780,mlkem,fixed,decaps,24256
3781,mlkem,fixed,decaps,24221
3782,mlkem,fixed,decaps,24221
3783,mlkem,fixed,decaps,24222
3784,mlkem,fixed,decaps,24237
3785,mlkem,fixed,decaps,24206
3786,mlkem,fixed,decaps,24193
3787,mlkem,fixed,decaps,24233
3788,mlkem,fixed,decaps,24299
3789,mlkem,fixed,decaps,24245
3790,mlkem,fixed,decaps,24219
3791,mlkem,fixed,decaps,24216
3792,mlkem,fixed,decaps,24269
3793,mlkem,fixed,decaps,24251
3794,mlkem,fixed,decaps,24244
3795,mlkem,fixed,decaps,24245
3796,mlkem,fixed,decaps,24265
3797,mlkem,fixed,decaps,24272
3798,mlkem,fixed,decaps,24225
3799,mlkem,fixed,decaps,24211
3800,mlkem,fixed,decaps,24249
3801,mlkem,fixed,decaps,24273
3802,mlkem,fixed,decaps,24242
3803,mlkem,fixed,decaps,24221
3804,mlkem,fixed,decaps,24232
3805,mlkem,fixed,decaps,24257
3806,mlkem,fixed,decaps,24226
3807,mlkem,fixed,decaps,24206
3808,mlkem,fixed,decaps,28905
3809,mlkem,fixed,decaps,24302
3810,mlkem,fixed,decaps,44960
3811,mlkem,fixed,decaps,25001
3812,mlkem,fixed,decaps,24937
3813,mlkem,fixed,decaps,24967
3814,mlkem,fixed,decaps,24952
3815,mlkem,fixed,decaps,24923
3816,mlkem,fixed,decaps,24938
3817,mlkem,fixed,decaps,24951
3818,mlkem,fixed,decaps,24951
3819,mlkem,fixed,decaps,24956
3820,mlkem,fixed,decaps,24924
3821,mlkem,fixed,decaps,24935
3822,mlkem,fixed,decaps,24924
3823,mlkem,fixed,decaps,24934
3824,mlkem,fixed,decaps,24923
3825,mlkem,fixed,decaps,24945
3826,mlkem,fixed,decaps,24942
3827,mlkem,fixed,decaps,24955
3828,mlkem,fixed,decaps,24931
3829,mlkem,fixed,decaps,24912
3830,mlkem,fixed,decaps,24948
3831,mlkem,fixed,decaps,24946
3832,mlkem,fixed,decaps,24940
3833,mlkem,fixed,decaps,24938
3834,mlkem,fixed,decaps,24919
3835,mlkem,fixed,decaps,24943
3836,mlkem,fixed,decaps,24943
3837,mlkem,fixed,decaps,24956
3838,mlkem,fixed,decaps,24908
3839,mlkem,fixed,decaps,24895
3840,mlkem,fixed,decaps,24947
3841,mlkem,fixed,decaps,24922
3842,mlkem,fixed,decaps,24948
3843,mlkem,fixed,decaps,24925
3844,mlkem,fixed,decaps,24927
3845,mlkem,fixed,decaps,24957
3846,mlkem,fixed,decaps,25559
3847,mlkem,fixed,decaps,25864
3848,mlkem,fixed,decaps,31786
3849,mlkem,fixed,decaps,31650
3850,mlkem,fixed,decaps,25218
3851,mlkem,fixed,decaps,29743
3852,mlkem,fixed,decaps,25308
3853,mlkem,fixed,decaps,25526
3854,mlkem,fixed,decaps,24960
3855,mlkem,fixed,decaps,24942
3856,mlkem,fixed,decaps,24957
3857,mlkem,fixed,decaps,24949
3858,mlkem,fixed,decaps,24964
3859,mlkem,fixed,decaps,24982
3860,mlkem,fixed,decaps,25818
3861,mlkem,fixed,decaps,25007
3862,mlkem,fixed,decaps,25001
3863,mlkem,fixed,decaps,24942
3864,mlkem,fixed,decaps,24964
3865,mlkem,fixed,decaps,24974
3866,mlkem,fixed,decaps,24953
3867,mlkem,fixed,decaps,24917
3868,mlkem,fixed,decaps,24914
3869,mlkem,fixed,decaps,24966
3870,mlkem,fixed,decaps,24951
3871,mlkem,fixed,decaps,24922
3872,mlkem,fixed,decaps,24910
3873,mlkem,fixed,decaps,24933
3874,mlkem,fixed,decaps,24967
3875,mlkem,fixed,decaps,24965
3876,mlkem,fixed,decaps,24927
3877,mlkem,fixed,decaps,24935
3878,mlkem,fixed,decaps,24954
3879,mlkem,fixed,decaps,33847
3880,mlkem,fixed,decaps,34625
3881,mlkem,fixed,decaps,25229
3882,mlkem,fixed,decaps,25089
3883,mlkem,fixed,decaps,25178
3884,mlkem,fixed,decaps,25394
3885,mlkem,fixed,decaps,24949
3886,mlkem,fixed,decaps,24945
3887,mlkem,fixed,decaps,24951
3888,mlkem,fixed,decaps,24985
3889,mlkem,fixed,decaps,24954
3890,mlkem,fixed,decaps,24977
3891,mlkem,fixed,decaps,24921
3892,mlkem,fixed,decaps,24938
3893,mlkem,fixed,decaps,24928
3894,mlkem,fixed,decaps,24917
3895,mlkem,fixed,decaps,24944
3896,mlkem,fixed,decaps,24954
3897,mlkem,fixed,decaps,24953
3898,mlkem,fixed,decaps,24908
3899,mlkem,fixed,decaps,24943
3900,mlkem,fixed,decaps,24964
3901,mlkem,fixed,decaps,24938
3902,mlkem,fixed,decaps,24945
3903,mlkem,fixed,decaps,24916
3904,mlkem,fixed,decaps,24899
3905,mlkem,fixed,decaps,24940
3906,mlkem,fixed,decaps,24951
3907,mlkem,fixed,decaps,24922
3908,mlkem,fixed,decaps,24933
3909,mlkem,fixed,decaps,24929
3910,mlkem,fixed,decaps,24955
3911,mlkem,fixed,decaps,24967
3912,mlkem,fixed,decaps,24891
3913,mlkem,fixed,decaps,24944
3914,mlkem,fixed,decaps,24951
3915,mlkem,fixed,decaps,24958
3916,mlkem,fixed,decaps,24965
3917,mlkem,fixed,decaps,24917
3918,mlkem,fixed,decaps,24920
3919,mlkem,fixed,decaps,24951
3920,mlkem,fixed,decaps,24949
3921,mlkem,fixed,decaps,24936
3922,mlkem,fixed,decaps,24927
3923,mlkem,fixed,decaps,24980
3924,mlkem,fixed,decaps,24947
3925,mlkem,fixed,decaps,24933
3926,mlkem,fixed,decaps,24955
3927,mlkem,fixed,decaps,24929
3928,mlkem,fixed,decaps,24911
3929,mlkem,fixed,decaps,24956
3930,mlkem,fixed,decaps,24963
3931,mlkem,fixed,decaps,24928
3932,mlkem,fixed,decaps,24948
3933,mlkem,fixed,decaps,24956
3934,mlkem,fixed,decaps,24957
3935,mlkem,fixed,decaps,24943
3936,mlkem,fixed,decaps,24929
3937,mlkem,fixed,decaps,24975
3938,mlkem,fixed,decaps,24978
3939,mlkem,fixed,decaps,24930
3940,mlkem,fixed,decaps,24913
3941,mlkem,fixed,decaps,24925
3942,mlkem,fixed,decaps,24964
3943,mlkem,fixed,decaps,24963
3944,mlkem,fixed,decaps,24940
3945,mlkem,fixed,decaps,24941
3946,mlkem,fixed,decaps,24940
3947,mlkem,fixed,decaps,24936
3948,mlkem,fixed,decaps,24944
3949,mlkem,fixed,decaps,24951
3950,mlkem,fixed,decaps,24921
3951,mlkem,fixed,decaps,24917
3952,mlkem,fixed,decaps,24945
3953,mlkem,fixed,decaps,24948
3954,mlkem,fixed,decaps,24937
3955,mlkem,fixed,decaps,24914
3956,mlkem,fixed,decaps,24934
3957,mlkem,fixed,decaps,24951
3958,mlkem,fixed,decaps,24931
3959,mlkem,fixed,decaps,24955
3960,mlkem,fixed,decaps,24942
3961,mlkem,fixed,decaps,28942
3962,mlkem,fixed,decaps,25254
3963,mlkem,fixed,decaps,24987
3964,mlkem,fixed,decaps,37628
3965,mlkem,fixed,decaps,24293
3966,mlkem,fixed,decaps,24248
3967,mlkem,fixed,decaps,24236
3968,mlkem,fixed,decaps,24267
3969,mlkem,fixed,decaps,24301
3970,mlkem,fixed,decaps,24253
3971,mlkem,fixed,decaps,24208
3972,mlkem,fixed,decaps,24263
3973,mlkem,fixed,decaps,24276
3974,mlkem,fixed,decaps,24241
3975,mlkem,fixed,decaps,24257
3976,mlkem,fixed,decaps,24238
3977,mlkem,fixed,decaps,24260
3978,mlkem,fixed,decaps,24260
3979,mlkem,fixed,decaps,24228
3980,mlkem,fixed,decaps,24244
3981,mlkem,fixed,decaps,24261
3982,mlkem,fixed,decaps,24227
3983,mlkem,fixed,decaps,24211
3984,mlkem,fixed,decaps,24257
3985,mlkem,fixed,decaps,24279
3986,mlkem,fixed,decaps,24272
3987,mlkem,fixed,decaps,24218
3988,mlkem,fixed,decaps,24236
3989,mlkem,fixed,decaps,24246
3990,mlkem,fixed,decaps,24251
3991,mlkem,fixed,decaps,24252
3992,mlkem,fixed,decaps,24226
3993,mlkem,fixed,decaps,24237
3994,mlkem,fixed,decaps,24263
3995,mlkem,fixed,decaps,24215
3996,mlkem,fixed,decaps,24222
3997,mlkem,fixed,decaps,24883
3998,mlkem,fixed,decaps,24246
3999,mlkem,fixed,decaps,24306
4000,mlkem,fixed,decaps,24260
4001,mlkem,fixed,decaps,24239
4002,mlkem,fixed,decaps,28549
4003,mlkem,fixed,decaps,24539
4004,mlkem,fixed,decaps,45712
4005,mlkem,fixed,decaps,25022
4006,mlkem,fixed,decaps,24927
4007,mlkem,fixed,decaps,24907
4008,mlkem,fixed,decaps,44113
4009,mlkem,fixed,decaps,25074
4010,mlkem,fixed,decaps,24948
4011,mlkem,fixed,decaps,24947
4012,mlkem,fixed,decaps,24920
4013,mlkem,fixed,decaps,24909
4014,mlkem,fixed,decaps,24924
4015,mlkem,fixed,decaps,24960
4016,mlkem,fixed,decaps,24921
4017,mlkem,fixed,decaps,24912
4018,mlkem,fixed,decaps,24941
4019,mlkem,fixed,decaps,24917
4020,mlkem,fixed,decaps,24906
4021,mlkem,fixed,decaps,24915
4022,mlkem,fixed,decaps,24879
4023,mlkem,fixed,decaps,24943
4024,mlkem,fixed,decaps,33605
4025,mlkem,fixed,decaps,27758
4026,mlkem,fixed,decaps,25139
4027,mlkem,fixed,decaps,24960
4028,mlkem,fixed,decaps,24920
4029,mlkem,fixed,decaps,24909
4030,mlkem,fixed,decaps,24967
4031,mlkem,fixed,decaps,24930
4032,mlkem,fixed,decaps,24914
4033,mlkem,fixed,decaps,24926
4034,mlkem,fixed,decaps,24934
4035,mlkem,fixed,decaps,24949
4036,mlkem,fixed,decaps,24913
4037,mlkem,fixed,decaps,24886
4038,mlkem,fixed,decaps,24903
4039,mlkem,fixed,decaps,24914
4040,mlkem,fixed,decaps,24945
4041,mlkem,fixed,decaps,24947
4042,mlkem,fixed,decaps,53604
4043,mlkem,fixed,decaps,25676
4044,mlkem,fixed,decaps,25636
4045,mlkem,fixed,decaps,25640
4046,mlkem,fixed,decaps,25639
4047,mlkem,fixed,decaps,25630
4048,mlkem,fixed,decaps,25684
4049,mlkem,fixed,decaps,25644
4050,mlkem,fixed,decaps,25702
4051,mlkem,fixed,decaps,25682
4052,mlkem,fixed,decaps,25645
4053,mlkem,fixed,decaps,25629
4054,mlkem,fixed,decaps,25657
4055,mlkem,fixed,decaps,25714
4056,mlkem,fixed,decaps,25638
4057,mlkem,fixed,decaps,25636
4058,mlkem,fixed,decaps,25658
4059,mlkem,fixed,decaps,25636
4060,mlkem,fixed,decaps,25663
4061,mlkem,fixed,decaps,25662
4062,mlkem,fixed,decaps,25646
4063,mlkem,fixed,decaps,25641
4064,mlkem,fixed,decaps,25744
4065,mlkem,fixed,decaps,25667
4066,mlkem,fixed,decaps,25636
4067,mlkem,fixed,decaps,25621
4068,mlkem,fixed,decaps,25634
4069,mlkem,fixed,decaps,25621
4070,mlkem,fixed,decaps,25670
4071,mlkem,fixed,decaps,25702
4072,mlkem,fixed,decaps,25630
4073,mlkem,fixed,decaps,25657
4074,mlkem,fixed,decaps,25618
4075,mlkem,fixed,decaps,25659
4076,mlkem,fixed,decaps,25635
4077,mlkem,fixed,decaps,25657
4078,mlkem,fixed,decaps,25661
4079,mlkem,fixed,decaps,25640
4080,mlkem,fixed,decaps,25718
4081,mlkem,fixed,decaps,25815
4082,mlkem,fixed,decaps,25813
4083,mlkem,fixed,decaps,25628
4084,mlkem,fixed,decaps,25663
4085,mlkem,fixed,decaps,25635
4086,mlkem,fixed,decaps,25650
4087,mlkem,fixed,decaps,25662
4088,mlkem,fixed,decaps,25643
4089,mlkem,fixed,decaps,25674
4090,mlkem,fixed,decaps,25656
4091,mlkem,fixed,decaps,25632
4092,mlkem,fixed,decaps,25636
4093,mlkem,fixed,decaps,25656
4094,mlkem,fixed,decaps,25629
4095,mlkem,fixed,decaps,25629
4096,mlkem,fixed,decaps,25633
4097,mlkem,fixed,decaps,25663
4098,mlkem,fixed,decaps,25640
4099,mlkem,fixed,decaps,25668
4100,mlkem,fixed,decaps,25612
4101,mlkem,fixed,decaps,25667
4102,mlkem,fixed,decaps,25632
4103,mlkem,fixed,decaps,25649
4104,mlkem,fixed,decaps,25666
4105,mlkem,fixed,decaps,25638
4106,mlkem,fixed,decaps,25667
4107,mlkem,fixed,decaps,25634
4108,mlkem,fixed,decaps,25657
4109,mlkem,fixed,decaps,25643
4110,mlkem,fixed,decaps,25630
4111,mlkem,fixed,decaps,25619
4112,mlkem,fixed,decaps,25633
4113,mlkem,fixed,decaps,25648
4114,mlkem,fixed,decaps,25639
4115,mlkem,fixed,decaps,25648
4116,mlkem,fixed,decaps,25595
4117,mlkem,fixed,decaps,25640
4118,mlkem,fixed,decaps,25659
4119,mlkem,fixed,decaps,25692
4120,mlkem,fixed,decaps,25652
4121,mlkem,fixed,decaps,25629
4122,mlkem,fixed,decaps,25735
4123,mlkem,fixed,decaps,25632
4124,mlkem,fixed,decaps,25682
4125,mlkem,fixed,decaps,25634
4126,mlkem,fixed,decaps,25618
4127,mlkem,fixed,decaps,25647
4128,mlkem,fixed,decaps,25623
4129,mlkem,fixed,decaps,25634
4130,mlkem,fixed,decaps,25640
4131,mlkem,fixed,decaps,25677
4132,mlkem,fixed,decaps,25646
4133,mlkem,fixed,decaps,26622
4134,mlkem,fixed,decaps,25696
4135,mlkem,fixed,decaps,25667
4136,mlkem,fixed,decaps,25668
4137,mlkem,fixed,decaps,25645
4138,mlkem,fixed,decaps,25655
4139,mlkem,fixed,decaps,25631
4140,mlkem,fixed,decaps,25671
4141,mlkem,fixed,decaps,25661
4142,mlkem,fixed,decaps,25649
4143,mlkem,fixed,decaps,25623
4144,mlkem,fixed,decaps,25623
4145,mlkem,fixed,decaps,25673
4146,mlkem,fixed,decaps,25636
4147,mlkem,fixed,decaps,25664
4148,mlkem,fixed,decaps,25617
4149,mlkem,fixed,decaps,25643
4150,mlkem,fixed,decaps,25656
4151,mlkem,fixed,decaps,25611
4152,mlkem,fixed,decaps,25655
4153,mlkem,fixed,decaps,25656
4154,mlkem,fixed,decaps,25628
4155,mlkem,fixed,decaps,25667
4156,mlkem,fixed,decaps,25660
4157,mlkem,fixed,decaps,25632
4158,mlkem,fixed,decaps,25628
4159,mlkem,fixed,decaps,25631
4160,mlkem,fixed,decaps,375398
4161,mlkem,fixed,decaps,26499
4162,mlkem,fixed,decaps,25767
4163,mlkem,fixed,decaps,25665
4164,mlkem,fixed,decaps,25656
4165,mlkem,fixed,decaps,25668
4166,mlkem,fixed,decaps,25681
4167,mlkem,fixed,decaps,25694
4168,mlkem,fixed,decaps,25666
4169,mlkem,fixed,decaps,25653
4170,mlkem,fixed,decaps,25653
4171,mlkem,fixed,decaps,25666
4172,mlkem,fixed,decaps,25688
4173,mlkem,fixed,decaps,25661
4174,mlkem,fixed,decaps,25665
4175,mlkem,fixed,decaps,25670
4176,mlkem,fixed,decaps,25653
4177,mlkem,fixed,decaps,25676
4178,mlkem,fixed,decaps,25652
4179,mlkem,fixed,decaps,29688
4180,mlkem,fixed,decaps,25744
4181,mlkem,fixed,decaps,25670
4182,mlkem,fixed,decaps,25665
4183,mlkem,fixed,decaps,40832
4184,mlkem,fixed,decaps,24242
4185,mlkem,fixed,decaps,24255
4186,mlkem,fixed,decaps,30569
4187,mlkem,fixed,decaps,38189
4188,mlkem,fixed,decaps,25981
4189,mlkem,fixed,decaps,33752
4190,mlkem,fixed,decaps,24744
4191,mlkem,fixed,decaps,24217
4192,mlkem,fixed,decaps,24244
4193,mlkem,fixed,decaps,24255
4194,mlkem,fixed,decaps,24251
4195,mlkem,fixed,decaps,24242
4196,mlkem,fixed,decaps,24245
4197,mlkem,fixed,decaps,24230
4198,mlkem,fixed,decaps,24267
4199,mlkem,fixed,decaps,24228
4200,mlkem,fixed,decaps,24218
4201,mlkem,fixed,decaps,24237
4202,mlkem,fixed,decaps,24258
4203,mlkem,fixed,decaps,24237
4204,mlkem,fixed,decaps,24231
4205,mlkem,fixed,decaps,24196
4206,mlkem,fixed,decaps,24220
4207,mlkem,fixed,decaps,24250
4208,mlkem,fixed,decaps,24231
4209,mlkem,fixed,decaps,24207
4210,mlkem,fixed,decaps,24230
4211,mlkem,fixed,decaps,24207
4212,mlkem,fixed,decaps,24268
4213,mlkem,fixed,decaps,24225
4214,mlkem,fixed,decaps,24242
4215,mlkem,fixed,decaps,24235
4216,mlkem,fixed,decaps,24247
4217,mlkem,fixed,decaps,70426
4218,mlkem,fixed,decaps,41248
4219,mlkem,fixed,decaps,24937
4220,mlkem,fixed,decaps,24919
4221,mlkem,fixed,decaps,24931
4222,mlkem,fixed,decaps,27027
4223,mlkem,fixed,decaps,25245
4224,mlkem,fixed,decaps,24946
4225,mlkem,fixed,decaps,24926
4226,mlkem,fixed,decaps,24880
4227,mlkem,fixed,decaps,24890
4228,mlkem,fixed,decaps,24927
4229,mlkem,fixed,decaps,24959
4230,mlkem,fixed,decaps,24897
4231,mlkem,fixed,decaps,24930
4232,mlkem,fixed,decaps,24880
4233,mlkem,fixed,decaps,24923
4234,mlkem,fixed,decaps,24906
4235,mlkem,fixed,decaps,24916
4236,mlkem,fixed,decaps,24870
4237,mlkem,fixed,decaps,24917
4238,mlkem,fixed,decaps,24931
4239,mlkem,fixed,decaps,24902
4240,mlkem,fixed,decaps,24898
4241,mlkem,fixed,decaps,24902
4242,mlkem,fixed,decaps,24897
4243,mlkem,fixed,decaps,24918
4244,mlkem,fixed,decaps,24935
4245,mlkem,fixed,decaps,24911
4246,mlkem,fixed,decaps,24939
4247,mlkem,fixed,decaps,24941
4248,mlkem,fixed,decaps,24974
4249,mlkem,fixed,decaps,24922
4250,mlkem,fixed,decaps,24908
4251,mlkem,fixed,decaps,24923
4252,mlkem,fixed,decaps,24909
4253,mlkem,fixed,decaps,24942
4254,mlkem,fixed,decaps,24885
4255,mlkem,fixed,decaps,24894
4256,mlkem,fixed,decaps,24918
4257,mlkem,fixed,decaps,24925
4258,mlkem,fixed,decaps,24882
4259,mlkem,fixed,decaps,24913
4260,mlkem,fixed,decaps,24888
4261,mlkem,fixed,decaps,24916
4262,mlkem,fixed,decaps,25003
4263,mlkem,fixed,decaps,24949
4264,mlkem,fixed,decaps,24896
4265,mlkem,fixed,decaps,24912
4266,mlkem,fixed,decaps,24916
4267,mlkem,fixed,decaps,24911
4268,mlkem,fixed,decaps,24913
4269,mlkem,fixed,decaps,24921
4270,mlkem,fixed,decaps,25795
4271,mlkem,fixed,decaps,24993
4272,mlkem,fixed,decaps,24923
4273,mlkem,fixed,decaps,24919
4274,mlkem,fixed,decaps,24907
4275,mlkem,fixed,decaps,24933
4276,mlkem,fixed,decaps,24898
4277,mlkem,fixed,decaps,24933
4278,mlkem,fixed,decaps,24901
4279,mlkem,fixed,decaps,24928
4280,mlkem,fixed,decaps,24886
4281,mlkem,fixed,decaps,24907
4282,mlkem,fixed,decaps,24926
4283,mlkem,fixed,decaps,24939
4284,mlkem,fixed,decaps,24879
4285,mlkem,fixed,decaps,24902
4286,mlkem,fixed,decaps,24898
4287,mlkem,fixed,decaps,24922
4288,mlkem,fixed,decaps,24914
4289,mlkem,fixed,decaps,24899
4290,mlkem,fixed,decaps,24918
4291,mlkem,fixed,decaps,25163
4292,mlkem,fixed,decaps,25013
4293,mlkem,fixed,decaps,24981
4294,mlkem,fixed,decaps,24902
4295,mlkem,fixed,decaps,24914
4296,mlkem,fixed,decaps,24920
4297,mlkem,fixed,decaps,24926
4298,mlkem,fixed,decaps,24911
4299,mlkem,fixed,decaps,24929
4300,mlkem,fixed,decaps,24919
4301,mlkem,fixed,decaps,26594
4302,mlkem,fixed,decaps,24945
4303,mlkem,fixed,decaps,25020
4304,mlkem,fixed,decaps,24917
4305,mlkem,fixed,decaps,24878
4306,mlkem,fixed,decaps,24912
4307,mlkem,fixed,decaps,24937
4308,mlkem,fixed,decaps,24929
4309,mlkem,fixed,decaps,24889
4310,mlkem,fixed,decaps,24912
4311,mlkem,fixed,decaps,24932
4312,mlkem,fixed,decaps,24952
4313,mlkem,fixed,decaps,24938
4314,mlkem,fixed,decaps,24903
4315,mlkem,fixed,decaps,24909
4316,mlkem,fixed,decaps,24945
4317,mlkem,fixed,decaps,24957
4318,mlkem,fixed,decaps,24920
4319,mlkem,fixed,decaps,24888
4320,mlkem,fixed,decaps,24934
4321,mlkem,fixed,decaps,24956
4322,mlkem,fixed,decaps,24911
4323,mlkem,fixed,decaps,24910
4324,mlkem,fixed,decaps,24884
4325,mlkem,fixed,decaps,24953
4326,mlkem,fixed,decaps,24947
4327,mlkem,fixed,decaps,24930
4328,mlkem,fixed,decaps,24905
4329,mlkem,fixed,decaps,24869
4330,mlkem,fixed,decaps,24915
4331,mlkem,fixed,decaps,24900
4332,mlkem,fixed,decaps,24901
4333,mlkem,fixed,decaps,24917
4334,mlkem,fixed,decaps,24897
4335,mlkem,fixed,decaps,24901
4336,mlkem,fixed,decaps,24920
4337,mlkem,fixed,decaps,24915
4338,mlkem,fixed,decaps,24954
4339,mlkem,fixed,decaps,24916
4340,mlkem,fixed,decaps,24936
4341,mlkem,fixed,decaps,24907
4342,mlkem,fixed,decaps,24965
4343,mlkem,fixed,decaps,24926
4344,mlkem,fixed,decaps,24910
4345,mlkem,fixed,decaps,24916
4346,mlkem,fixed,decaps,24924
4347,mlkem,fixed,decaps,24915
4348,mlkem,fixed,decaps,24916
4349,mlkem,fixed,decaps,24909
4350,mlkem,fixed,decaps,24930
4351,mlkem,fixed,decaps,24919
4352,mlkem,fixed,decaps,24932
4353,mlkem,fixed,decaps,24904
4354,mlkem,fixed,decaps,24914
4355,mlkem,fixed,decaps,24915
4356,mlkem,fixed,decaps,24954
4357,mlkem,fixed,decaps,24900
4358,mlkem,fixed,decaps,24927
4359,mlkem,fixed,decaps,24888
4360,mlkem,fixed,decaps,24925
4361,mlkem,fixed,decaps,24903
4362,mlkem,fixed,decaps,24917
4363,mlkem,fixed,decaps,24913
4364,mlkem,fixed,decaps,24924
4365,mlkem,fixed,decaps,24893
4366,mlkem,fixed,decaps,24910
4367,mlkem,fixed,decaps,24897
4368,mlkem,fixed,decaps,24957
4369,mlkem,fixed,decaps,24939
4370,mlkem,fixed,decaps,24928
4371,mlkem,fixed,decaps,24905
4372,mlkem,fixed,decaps,24938
4373,mlkem,fixed,decaps,24945
4374,mlkem,fixed,decaps,24919
4375,mlkem,fixed,decaps,24893
4376,mlkem,fixed,decaps,24922
4377,mlkem,fixed,decaps,24928
4378,mlkem,fixed,decaps,24912
4379,mlkem,fixed,decaps,24891
4380,mlkem,fixed,decaps,24887
4381,mlkem,fixed,decaps,24938
4382,mlkem,fixed,decaps,24948
4383,mlkem,fixed,decaps,24902
4384,mlkem,fixed,decaps,24931
4385,mlkem,fixed,decaps,24918
4386,mlkem,fixed,decaps,24930
4387,mlkem,fixed,decaps,24900
4388,mlkem,fixed,decaps,24919
4389,mlkem,fixed,decaps,24915
4390,mlkem,fixed,decaps,24929
4391,mlkem,fixed,decaps,24919
4392,mlkem,fixed,decaps,24895
4393,mlkem,fixed,decaps,24884
4394,mlkem,fixed,decaps,24876
4395,mlkem,fixed,decaps,24933
4396,mlkem,fixed,decaps,24935
4397,mlkem,fixed,decaps,24947
4398,mlkem,fixed,decaps,24934
4399,mlkem,fixed,decaps,24930
4400,mlkem,fixed,decaps,24912
4401,mlkem,fixed,decaps,24915
4402,mlkem,fixed,decaps,24886
4403,mlkem,fixed,decaps,24915
4404,mlkem,fixed,decaps,24920
4405,mlkem,fixed,decaps,24919
4406,mlkem,fixed,decaps,25668
4407,mlkem,fixed,decaps,24986
4408,mlkem,fixed,decaps,24933
4409,mlkem,fixed,decaps,24894
4410,mlkem,fixed,decaps,24926
4411,mlkem,fixed,decaps,24967
4412,mlkem,fixed,decaps,24938
4413,mlkem,fixed,decaps,24920
4414,mlkem,fixed,decaps,24901
4415,mlkem,fixed,decaps,24927
4416,mlkem,fixed,decaps,24980
4417,mlkem,fixed,decaps,24954
4418,mlkem,fixed,decaps,24892
4419,mlkem,fixed,decaps,24930
4420,mlkem,fixed,decaps,24950
4421,mlkem,fixed,decaps,24975
4422,mlkem,fixed,decaps,24946
4423,mlkem,fixed,decaps,24940
4424,mlkem,fixed,decaps,24939
4425,mlkem,fixed,decaps,24915
4426,mlkem,fixed,decaps,24937
4427,mlkem,fixed,decaps,24914
4428,mlkem,fixed,decaps,24935
4429,mlkem,fixed,decaps,24949
4430,mlkem,fixed,decaps,24925
4431,mlkem,fixed,decaps,24934
4432,mlkem,fixed,decaps,24903
4433,mlkem,fixed,decaps,24950
4434,mlkem,fixed,decaps,24951
4435,mlkem,fixed,decaps,24929
4436,mlkem,fixed,decaps,24939
4437,mlkem,fixed,decaps,24910
4438,mlkem,fixed,decaps,24960
4439,mlkem,fixed,decaps,24947
4440,mlkem,fixed,decaps,24908
4441,mlkem,fixed,decaps,24933
4442,mlkem,fixed,decaps,24916
4443,mlkem,fixed,decaps,24966
4444,mlkem,fixed,decaps,24916
4445,mlkem,fixed,decaps,24935
4446,mlkem,fixed,decaps,24913
4447,mlkem,fixed,decaps,24955
4448,mlkem,fixed,decaps,24942
4449,mlkem,fixed,decaps,24943
4450,mlkem,fixed,decaps,24936
4451,mlkem,fixed,decaps,24909
4452,mlkem,fixed,decaps,24905
4453,mlkem,fixed,decaps,24897
4454,mlkem,fixed,decaps,24913
4455,mlkem,fixed,decaps,24908
4456,mlkem,fixed,decaps,24886
4457,mlkem,fixed,decaps,24937
4458,mlkem,fixed,decaps,24953
4459,mlkem,fixed,decaps,28653
4460,mlkem,fixed,decaps,24976
4461,mlkem,fixed,decaps,24931
4462,mlkem,fixed,decaps,24899
4463,mlkem,fixed,decaps,24923
4464,mlkem,fixed,decaps,24912
4465,mlkem,fixed,decaps,24932
4466,mlkem,fixed,decaps,24913
4467,mlkem,fixed,decaps,24939
4468,mlkem,fixed,decaps,24911
4469,mlkem,fixed,decaps,24921
4470,mlkem,fixed,decaps,24924
4471,mlkem,fixed,decaps,24927
4472,mlkem,fixed,decaps,24918
4473,mlkem,fixed,decaps,24942
4474,mlkem,fixed,decaps,24916
4475,mlkem,fixed,decaps,24945
4476,mlkem,fixed,decaps,24913
4477,mlkem,fixed,decaps,24938
4478,mlkem,fixed,decaps,24929
4479,mlkem,fixed,decaps,24928
4480,mlkem,fixed,decaps,24905
4481,mlkem,fixed,decaps,24931
4482,mlkem,fixed,decaps,24901
4483,mlkem,fixed,decaps,24958
4484,mlkem,fixed,decaps,24899
4485,mlkem,fixed,decaps,24894
4486,mlkem,fixed,decaps,24896
4487,mlkem,fixed,decaps,24980
4488,mlkem,fixed,decaps,24910
4489,mlkem,fixed,decaps,24902
4490,mlkem,fixed,decaps,24906
4491,mlkem,fixed,decaps,24946
4492,mlkem,fixed,decaps,24934
4493,mlkem,fixed,decaps,24918
4494,mlkem,fixed,decaps,24882
4495,mlkem,fixed,decaps,24907
4496,mlkem,fixed,decaps,24929
4497,mlkem,fixed,decaps,24936
4498,mlkem,fixed,decaps,24940
4499,mlkem,fixed,decaps,24960
4500,mlkem,fixed,decaps,24903
4501,mlkem,fixed,decaps,24964
4502,mlkem,fixed,decaps,24915
4503,mlkem,fixed,decaps,24913
4504,mlkem,fixed,decaps,24921
4505,mlkem,fixed,decaps,24936
4506,mlkem,fixed,decaps,24949
4507,mlkem,fixed,decaps,24892
4508,mlkem,fixed,decaps,24898
4509,mlkem,fixed,decaps,24939
4510,mlkem,fixed,decaps,24931
4511,mlkem,fixed,decaps,24916
4512,mlkem,fixed,decaps,24924
4513,mlkem,fixed,decaps,24928
4514,mlkem,fixed,decaps,29542
4515,mlkem,fixed,decaps,25001
4516,mlkem,fixed,decaps,24913
4517,mlkem,fixed,decaps,24957
4518,mlkem,fixed,decaps,24903
4519,mlkem,fixed,decaps,24930
4520,mlkem,fixed,decaps,24932
4521,mlkem,fixed,decaps,24951
4522,mlkem,fixed,decaps,24885
4523,mlkem,fixed,decaps,24901
4524,mlkem,fixed,decaps,24948
4525,mlkem,fixed,decaps,24945
4526,mlkem,fixed,decaps,24905
4527,mlkem,fixed,decaps,24873
4528,mlkem,fixed,decaps,24925
4529,mlkem,fixed,decaps,24915
4530,mlkem,fixed,decaps,24903
4531,mlkem,fixed,decaps,24884
4532,mlkem,fixed,decaps,24911
4533,mlkem,fixed,decaps,24936
4534,mlkem,fixed,decaps,24939
4535,mlkem,fixed,decaps,24892
4536,mlkem,fixed,decaps,24905
4537,mlkem,fixed,decaps,24957
4538,mlkem,fixed,decaps,24920
4539,mlkem,fixed,decaps,24923
4540,mlkem,fixed,decaps,24966
4541,mlkem,fixed,decaps,24985
4542,mlkem,fixed,decaps,25314
4543,mlkem,fixed,decaps,25675
4544,mlkem,fixed,decaps,25112
4545,mlkem,fixed,decaps,25035
4546,mlkem,fixed,decaps,24907
4547,mlkem,fixed,decaps,24909
4548,mlkem,fixed,decaps,24978
4549,mlkem,fixed,decaps,24996
4550,mlkem,fixed,decaps,24924
4551,mlkem,fixed,decaps,24936
4552,mlkem,fixed,decaps,24896
4553,mlkem,fixed,decaps,24939
4554,mlkem,fixed,decaps,24906
4555,mlkem,fixed,decaps,24910
4556,mlkem,fixed,decaps,24942
4557,mlkem,fixed,decaps,24922
4558,mlkem,fixed,decaps,24941
4559,mlkem,fixed,decaps,24930
4560,mlkem,fixed,decaps,24932
4561,mlkem,fixed,decaps,24913
4562,mlkem,fixed,decaps,24932
4563,mlkem,fixed,decaps,24899
4564,mlkem,fixed,decaps,24943
4565,mlkem,fixed,decaps,24944
4566,mlkem,fixed,decaps,24951
4567,mlkem,fixed,decaps,24923
4568,mlkem,fixed,decaps,24926
4569,mlkem,fixed,decaps,24909
4570,mlkem,fixed,decaps,24918
4571,mlkem,fixed,decaps,24902
4572,mlkem,fixed,decaps,24910
4573,mlkem,fixed,decaps,37869
4574,mlkem,fixed,decaps,25738
4575,mlkem,fixed,decaps,25682
4576,mlkem,fixed,decaps,25683
4577,mlkem,fixed,decaps,25620
4578,mlkem,fixed,decaps,25655
4579,mlkem,fixed,decaps,25674
4580,mlkem,fixed,decaps,25672
4581,mlkem,fixed,decaps,25691
4582,mlkem,fixed,decaps,25651
4583,mlkem,fixed,decaps,25643
4584,mlkem,fixed,decaps,25642
4585,mlkem,fixed,decaps,25675
4586,mlkem,fixed,decaps,25653
4587,mlkem,fixed,decaps,25668
4588,mlkem,fixed,decaps,25650
4589,mlkem,fixed,decaps,25663
4590,mlkem,fixed,decaps,25643
4591,mlkem,fixed,decaps,25681
4592,mlkem,fixed,decaps,25689
4593,mlkem,fixed,decaps,25648
4594,mlkem,fixed,decaps,25642
4595,mlkem,fixed,decaps,25647
4596,mlkem,fixed,decaps,25679
4597,mlkem,fixed,decaps,25631
4598,mlkem,fixed,decaps,25634
4599,mlkem,fixed,decaps,25600
4600,mlkem,fixed,decaps,25646
4601,mlkem,fixed,decaps,25687
4602,mlkem,fixed,decaps,25628
4603,mlkem,fixed,decaps,25647
4604,mlkem,fixed,decaps,25637
4605,mlkem,fixed,decaps,25652
4606,mlkem,fixed,decaps,25669
4607,mlkem,fixed,decaps,25651
4608,mlkem,fixed,decaps,25637
4609,mlkem,fixed,decaps,25649
4610,mlkem,fixed,decaps,25647
4611,mlkem,fixed,decaps,25690
4612,mlkem,fixed,decaps,25662
4613,mlkem,fixed,decaps,25661
4614,mlkem,fixed,decaps,25609
4615,mlkem,fixed,decaps,28743
4616,mlkem,fixed,decaps,25869
4617,mlkem,fixed,decaps,25690
4618,mlkem,fixed,decaps,25702
4619,mlkem,fixed,decaps,25648
4620,mlkem,fixed,decaps,25682
4621,mlkem,fixed,decaps,25686
4622,mlkem,fixed,decaps,25640
4623,mlkem,fixed,decaps,25664
4624,mlkem,fixed,decaps,25670
4625,mlkem,fixed,decaps,25659
4626,mlkem,fixed,decaps,25657
4627,mlkem,fixed,decaps,25656
4628,mlkem,fixed,decaps,25645
4629,mlkem,fixed,decaps,25682
4630,mlkem,fixed,decaps,25665
4631,mlkem,fixed,decaps,25621
4632,mlkem,fixed,decaps,25635
4633,mlkem,fixed,decaps,25692
4634,mlkem,fixed,decaps,25684
4635,mlkem,fixed,decaps,25662
4636,mlkem,fixed,decaps,25633
4637,mlkem,fixed,decaps,25624
4638,mlkem,fixed,decaps,25698
4639,mlkem,fixed,decaps,25687
4640,mlkem,fixed,decaps,25673
4641,mlkem,fixed,decaps,25621
4642,mlkem,fixed,decaps,25640
4643,mlkem,fixed,decaps,25712
4644,mlkem,fixed,decaps,25684
4645,mlkem,fixed,decaps,25631
4646,mlkem,fixed,decaps,25653
4647,mlkem,fixed,decaps,25668
4648,mlkem,fixed,decaps,25669
4649,mlkem,fixed,decaps,25643
4650,mlkem,fixed,decaps,25656
4651,mlkem,fixed,decaps,25626
4652,mlkem,fixed,decaps,25647
4653,mlkem,fixed,decaps,25637
4654,mlkem,fixed,decaps,25682
4655,mlkem,fixed,decaps,25672
4656,mlkem,fixed,decaps,25679
4657,mlkem,fixed,decaps,25661
4658,mlkem,fixed,decaps,25653
4659,mlkem,fixed,decaps,25651
4660,mlkem,fixed,decaps,25686
4661,mlkem,fixed,decaps,25663
4662,mlkem,fixed,decaps,25657
4663,mlkem,fixed,decaps,25643
4664,mlkem,fixed,decaps,25650
4665,mlkem,fixed,decaps,25696
4666,mlkem,fixed,decaps,25666
4667,mlkem,fixed,decaps,25651
4668,mlkem,fixed,decaps,25648
4669,mlkem,fixed,decaps,25644
4670,mlkem,fixed,decaps,25663
4671,mlkem,fixed,decaps,25668
4672,mlkem,fixed,decaps,25676
4673,mlkem,fixed,decaps,25635
4674,mlkem,fixed,decaps,25627
4675,mlkem,fixed,decaps,25706
4676,mlkem,fixed,decaps,25656
4677,mlkem,fixed,decaps,25643
4678,mlkem,fixed,decaps,25631
4679,mlkem,fixed,decaps,26423
4680,mlkem,fixed,decaps,25714
4681,mlkem,fixed,decaps,25661
4682,mlkem,fixed,decaps,25665
4683,mlkem,fixed,decaps,25632
4684,mlkem,fixed,decaps,25634
4685,mlkem,fixed,decaps,25651
4686,mlkem,fixed,decaps,25670
4687,mlkem,fixed,decaps,25627
4688,mlkem,fixed,decaps,25656
4689,mlkem,fixed,decaps,25684
4690,mlkem,fixed,decaps,25681
4691,mlkem,fixed,decaps,25668
4692,mlkem,fixed,decaps,25707
4693,mlkem,fixed,decaps,25638
4694,mlkem,fixed,decaps,25645
4695,mlkem,fixed,decaps,25671
4696,mlkem,fixed,decaps,25816
4697,mlkem,fixed,decaps,25771
4698,mlkem,fixed,decaps,25657
4699,mlkem,fixed,decaps,25658
4700,mlkem,fixed,decaps,25645
4701,mlkem,fixed,decaps,25666
4702,mlkem,fixed,decaps,25675
4703,mlkem,fixed,decaps,25672
4704,mlkem,fixed,decaps,25682
4705,mlkem,fixed,decaps,25603
4706,mlkem,fixed,decaps,25654
4707,mlkem,fixed,decaps,25641
4708,mlkem,fixed,decaps,25668
4709,mlkem,fixed,decaps,25662
4710,mlkem,fixed,decaps,25648
4711,mlkem,fixed,decaps,25640
4712,mlkem,fixed,decaps,25645
4713,mlkem,fixed,decaps,25655
4714,mlkem,fixed,decaps,25646
4715,mlkem,fixed,decaps,25657
4716,mlkem,fixed,decaps,25649
4717,mlkem,fixed,decaps,25639
4718,mlkem,fixed,decaps,25673
4719,mlkem,fixed,decaps,25648
4720,mlkem,fixed,decaps,25662
4721,mlkem,fixed,decaps,25696
4722,mlkem,fixed,decaps,25677
4723,mlkem,fixed,decaps,25621
4724,mlkem,fixed,decaps,25661
4725,mlkem,fixed,decaps,25642
4726,mlkem,fixed,decaps,25657
4727,mlkem,fixed,decaps,25662
4728,mlkem,fixed,decaps,25652
4729,mlkem,fixed,decaps,25698
4730,mlkem,fixed,decaps,25627
4731,mlkem,fixed,decaps,25636
4732,mlkem,fixed,decaps,25579
4733,mlkem,fixed,decaps,25650
4734,mlkem,fixed,decaps,25666
4735,mlkem,fixed,decaps,25668
4736,mlkem,fixed,decaps,25659
4737,mlkem,fixed,decaps,25611
4738,mlkem,fixed,decaps,25667
4739,mlkem,fixed,decaps,25654
4740,mlkem,fixed,decaps,25642
4741,mlkem,fixed,decaps,25648
4742,mlkem,fixed,decaps,25681
4743,mlkem,fixed,decaps,25657
4744,mlkem,fixed,decaps,25676
4745,mlkem,fixed,decaps,25661
4746,mlkem,fixed,decaps,25681
4747,mlkem,fixed,decaps,25800
4748,mlkem,fixed,decaps,25668
4749,mlkem,fixed,decaps,25618
4750,mlkem,fixed,decaps,25659
4751,mlkem,fixed,decaps,25669
4752,mlkem,fixed,decaps,25695
4753,mlkem,fixed,decaps,25611
4754,mlkem,fixed,decaps,25660
4755,mlkem,fixed,decaps,25637
4756,mlkem,fixed,decaps,25639
4757,mlkem,fixed,decaps,25674
4758,mlkem,fixed,decaps,25629
4759,mlkem,fixed,decaps,25625
4760,mlkem,fixed,decaps,25641
4761,mlkem,fixed,decaps,25644
4762,mlkem,fixed,decaps,25658
4763,mlkem,fixed,decaps,25634
4764,mlkem,fixed,decaps,25643
4765,mlkem,fixed,decaps,25637
4766,mlkem,fixed,decaps,25648
4767,mlkem,fixed,decaps,25622
4768,mlkem,fixed,decaps,25648
4769,mlkem,fixed,decaps,30993
4770,mlkem,fixed,decaps,26005
4771,mlkem,fixed,decaps,25670
4772,mlkem,fixed,decaps,25728
4773,mlkem,fixed,decaps,25664
4774,mlkem,fixed,decaps,25642
4775,mlkem,fixed,decaps,25675
4776,mlkem,fixed,decaps,25656
4777,mlkem,fixed,decaps,25653
4778,mlkem,fixed,decaps,25689
4779,mlkem,fixed,decaps,25637
4780,mlkem,fixed,decaps,25660
4781,mlkem,fixed,decaps,25635
4782,mlkem,fixed,decaps,25676
4783,mlkem,fixed,decaps,25648
4784,mlkem,fixed,decaps,25684
4785,mlkem,fixed,decaps,25637
4786,mlkem,fixed,decaps,25654
4787,mlkem,fixed,decaps,25682
4788,mlkem,fixed,decaps,25686
4789,mlkem,fixed,decaps,25647
4790,mlkem,fixed,decaps,25673
4791,mlkem,fixed,decaps,25643
4792,mlkem,fixed,decaps,25692
4793,mlkem,fixed,decaps,25686
4794,mlkem,fixed,decaps,25642
4795,mlkem,fixed,decaps,25692
4796,mlkem,fixed,decaps,25683
4797,mlkem,fixed,decaps,25632
4798,mlkem,fixed,decaps,25686
4799,mlkem,fixed,decaps,25670
4800,mlkem,fixed,decaps,25665
4801,mlkem,fixed,decaps,25652
4802,mlkem,fixed,decaps,25650
4803,mlkem,fixed,decaps,25649
4804,mlkem,fixed,decaps,25669
4805,mlkem,fixed,decaps,25678
4806,mlkem,fixed,decaps,25661
4807,mlkem,fixed,decaps,25655
4808,mlkem,fixed,decaps,25683
4809,mlkem,fixed,decaps,25679
4810,mlkem,fixed,decaps,25631
4811,mlkem,fixed,decaps,25663
4812,mlkem,fixed,decaps,25676
4813,mlkem,fixed,decaps,25627
4814,mlkem,fixed,decaps,25651
4815,mlkem,fixed,decaps,25642
4816,mlkem,fixed,decaps,26383
4817,mlkem,fixed,decaps,25698
4818,mlkem,fixed,decaps,25695
4819,mlkem,fixed,decaps,25645
4820,mlkem,fixed,decaps,25655
4821,mlkem,fixed,decaps,25665
4822,mlkem,fixed,decaps,25663
4823,mlkem,fixed,decaps,25626
4824,mlkem,fixed,decaps,25628
4825,mlkem,fixed,decaps,25640
4826,mlkem,fixed,decaps,25641
4827,mlkem,fixed,decaps,25648
4828,mlkem,fixed,decaps,25635
4829,mlkem,fixed,decaps,25647
4830,mlkem,fixed,decaps,25706
4831,mlkem,fixed,decaps,25666
4832,mlkem,fixed,decaps,25637
4833,mlkem,fixed,decaps,25657
4834,mlkem,fixed,decaps,25638
4835,mlkem,fixed,decaps,25634
4836,mlkem,fixed,decaps,25685
4837,mlkem,fixed,decaps,25668
4838,mlkem,fixed,decaps,25652
4839,mlkem,fixed,decaps,25648
4840,mlkem,fixed,decaps,29986
4841,mlkem,fixed,decaps,25946
4842,mlkem,fixed,decaps,25694
4843,mlkem,fixed,decaps,38184
4844,mlkem,fixed,decaps,24355
4845,mlkem,fixed,decaps,24215
4846,mlkem,fixed,decaps,24192
4847,mlkem,fixed,decaps,24242
4848,mlkem,fixed,decaps,24204
4849,mlkem,fixed,decaps,24222
4850,mlkem,fixed,decaps,24206
4851,mlkem,fixed,decaps,24218
4852,mlkem,fixed,decaps,24274
4853,mlkem,fixed,decaps,24220
4854,mlkem,fixed,decaps,24197
4855,mlkem,fixed,decaps,24212
4856,mlkem,fixed,decaps,24216
4857,mlkem,fixed,decaps,24240
4858,mlkem,fixed,decaps,24214
4859,mlkem,fixed,decaps,24190
4860,mlkem,fixed,decaps,24215
4861,mlkem,fixed,decaps,24218
4862,mlkem,fixed,decaps,24215
4863,mlkem,fixed,decaps,24211
4864,mlkem,fixed,decaps,24236
4865,mlkem,fixed,decaps,24212
4866,mlkem,fixed,decaps,24230
4867,mlkem,fixed,decaps,24225
4868,mlkem,fixed,decaps,24194
4869,mlkem,fixed,decaps,24243
4870,mlkem,fixed,decaps,24289
4871,mlkem,fixed,decaps,24235
4872,mlkem,fixed,decaps,24215
4873,mlkem,fixed,decaps,24246
4874,mlkem,fixed,decaps,24225
4875,mlkem,fixed,decaps,24236
4876,mlkem,fixed,decaps,24228
4877,mlkem,fixed,decaps,24212
4878,mlkem,fixed,decaps,24210
4879,mlkem,fixed,decaps,24246
4880,mlkem,fixed,decaps,28359
4881,mlkem,fixed,decaps,24601
4882,mlkem,fixed,decaps,24230
4883,mlkem,fixed,decaps,40609
4884,mlkem,fixed,decaps,24965
4885,mlkem,fixed,decaps,24935
4886,mlkem,fixed,decaps,24927
4887,mlkem,fixed,decaps,24922
4888,mlkem,fixed,decaps,24932
4889,mlkem,fixed,decaps,24926
4890,mlkem,fixed,decaps,24931
4891,mlkem,fixed,decaps,24905
4892,mlkem,fixed,decaps,24897
4893,mlkem,fixed,decaps,24916
4894,mlkem,fixed,decaps,24917
4895,mlkem,fixed,decaps,24921
4896,mlkem,fixed,decaps,24902
4897,mlkem,fixed,decaps,24931
4898,mlkem,fixed,decaps,24912
4899,mlkem,fixed,decaps,24962
4900,mlkem,fixed,decaps,24933
4901,mlkem,fixed,decaps,24922
4902,mlkem,fixed,decaps,24898
4903,mlkem,fixed,decaps,24901
4904,mlkem,fixed,decaps,24935
4905,mlkem,fixed,decaps,24911
4906,mlkem,fixed,decaps,24916
4907,mlkem,fixed,decaps,24890
4908,mlkem,fixed,decaps,24916
4909,mlkem,fixed,decaps,24930
4910,mlkem,fixed,decaps,24926
4911,mlkem,fixed,decaps,24940
4912,mlkem,fixed,decaps,24928
4913,mlkem,fixed,decaps,24922
4914,mlkem,fixed,decaps,24924
4915,mlkem,fixed,decaps,24916
4916,mlkem,fixed,decaps,24908
4917,mlkem,fixed,decaps,24915
4918,mlkem,fixed,decaps,24941
4919,mlkem,fixed,decaps,24947
4920,mlkem,fixed,decaps,24939
4921,mlkem,fixed,decaps,24885
4922,mlkem,fixed,decaps,24935
4923,mlkem,fixed,decaps,24932
4924,mlkem,fixed,decaps,24929
4925,mlkem,fixed,decaps,28152
4926,mlkem,fixed,decaps,25103
4927,mlkem,fixed,decaps,24946
4928,mlkem,fixed,decaps,24934
4929,mlkem,fixed,decaps,24963
4930,mlkem,fixed,decaps,24922
4931,mlkem,fixed,decaps,24925
4932,mlkem,fixed,decaps,24942
4933,mlkem,fixed,decaps,24969
4934,mlkem,fixed,decaps,24938
4935,mlkem,fixed,decaps,24948
4936,mlkem,fixed,decaps,24953
4937,mlkem,fixed,decaps,24921
4938,mlkem,fixed,decaps,24974
4939,mlkem,fixed,decaps,24918
4940,mlkem,fixed,decaps,24916
4941,mlkem,fixed,decaps,24918
4942,mlkem,fixed,decaps,24931
4943,mlkem,fixed,decaps,24912
4944,mlkem,fixed,decaps,24909
4945,mlkem,fixed,decaps,24892
4946,mlkem,fixed,decaps,24920
4947,mlkem,fixed,decaps,24918
4948,mlkem,fixed,decaps,24929
4949,mlkem,fixed,decaps,24892
4950,mlkem,fixed,decaps,24905
4951,mlkem,fixed,decaps,24919
4952,mlkem,fixed,decaps,25680
4953,mlkem,fixed,decaps,24982
4954,mlkem,fixed,decaps,24948
4955,mlkem,fixed,decaps,24929
4956,mlkem,fixed,decaps,24933
4957,mlkem,fixed,decaps,24910
4958,mlkem,fixed,decaps,24937
4959,mlkem,fixed,decaps,24924
4960,mlkem,fixed,decaps,24899
4961,mlkem,fixed,decaps,24924
4962,mlkem,fixed,decaps,24936
4963,mlkem,fixed,decaps,24928
4964,mlkem,fixed,decaps,24915
4965,mlkem,fixed,decaps,24877
4966,mlkem,fixed,decaps,24921
4967,mlkem,fixed,decaps,24913
4968,mlkem,fixed,decaps,24921
4969,mlkem,fixed,decaps,24908
4970,mlkem,fixed,decaps,24930
4971,mlkem,fixed,decaps,24933
4972,mlkem,fixed,decaps,24922
4973,mlkem,fixed,decaps,25321
4974,mlkem,fixed,decaps,35761
4975,mlkem,fixed,decaps,27790
4976,mlkem,fixed,decaps,33437
4977,mlkem,fixed,decaps,25291
4978,mlkem,fixed,decaps,24913
4979,mlkem,fixed,decaps,24896
4980,mlkem,fixed,decaps,24899
4981,mlkem,fixed,decaps,24897
4982,mlkem,fixed,decaps,24904
4983,mlkem,fixed,decaps,24892
4984,mlkem,fixed,decaps,24906
4985,mlkem,fixed,decaps,24931
4986,mlkem,fixed,decaps,24939
4987,mlkem,fixed,decaps,24924
4988,mlkem,fixed,decaps,24912
4989,mlkem,fixed,decaps,24925
4990,mlkem,fixed,decaps,24908
4991,mlkem,fixed,decaps,24903
4992,mlkem,fixed,decaps,24889
4993,mlkem,fixed,decaps,24921
4994,mlkem,fixed,decaps,24934
4995,mlkem,fixed,decaps,24912
4996,mlkem,fixed,decaps,24928
4997,mlkem,fixed,decaps,24893
4998,mlkem,fixed,decaps,24944
4999,mlkem,fixed,decaps,24909
5000,mlkem,fixed,decaps,24900
5001,mlkem,fixed,decaps,24915
5002,mlkem,fixed,decaps,24922
5003,mlkem,fixed,decaps,24910
5004,mlkem,fixed,decaps,24917
5005,mlkem,fixed,decaps,24883
5006,mlkem,fixed,decaps,24920
5007,mlkem,fixed,decaps,24934
5008,mlkem,fixed,decaps,24925
5009,mlkem,fixed,decaps,24897
5010,mlkem,fixed,decaps,24878
5011,mlkem,fixed,decaps,24896
5012,mlkem,fixed,decaps,24935
5013,mlkem,fixed,decaps,24947
5014,mlkem,fixed,decaps,24893
5015,mlkem,fixed,decaps,24920
5016,mlkem,fixed,decaps,24901
5017,mlkem,fixed,decaps,24937
5018,mlkem,fixed,decaps,24912
5019,mlkem,fixed,decaps,24885
5020,mlkem,fixed,decaps,24873
5021,mlkem,fixed,decaps,24933
5022,mlkem,fixed,decaps,24947
5023,mlkem,fixed,decaps,24903
5024,mlkem,fixed,decaps,24866
5025,mlkem,fixed,decaps,24923
5026,mlkem,fixed,decaps,24922
5027,mlkem,fixed,decaps,24937
5028,mlkem,fixed,decaps,24913
5029,mlkem,fixed,decaps,24888
5030,mlkem,fixed,decaps,24925
5031,mlkem,fixed,decaps,24923
5032,mlkem,fixed,decaps,24899
5033,mlkem,fixed,decaps,24912
5034,mlkem,fixed,decaps,24919
5035,mlkem,fixed,decaps,24898
5036,mlkem,fixed,decaps,24914
5037,mlkem,fixed,decaps,24913
5038,mlkem,fixed,decaps,24923
5039,mlkem,fixed,decaps,24929
5040,mlkem,fixed,decaps,24897
5041,mlkem,fixed,decaps,24944
5042,mlkem,fixed,decaps,24892
5043,mlkem,fixed,decaps,24895
5044,mlkem,fixed,decaps,24891
5045,mlkem,fixed,decaps,24921
5046,mlkem,fixed,decaps,24905
5047,mlkem,fixed,decaps,24890
5048,mlkem,fixed,decaps,24907
5049,mlkem,fixed,decaps,24914
5050,mlkem,fixed,decaps,24905
5051,mlkem,fixed,decaps,24910
5052,mlkem,fixed,decaps,24863
5053,mlkem,fixed,decaps,24895
5054,mlkem,fixed,decaps,24899
5055,mlkem,fixed,decaps,24934
5056,mlkem,fixed,decaps,24915
5057,mlkem,fixed,decaps,24902
5058,mlkem,fixed,decaps,24912
5059,mlkem,fixed,decaps,24911
5060,mlkem,fixed,decaps,24939
5061,mlkem,fixed,decaps,24887
5062,mlkem,fixed,decaps,24892
5063,mlkem,fixed,decaps,24918
5064,mlkem,fixed,decaps,24910
5065,mlkem,fixed,decaps,24926
5066,mlkem,fixed,decaps,24907
5067,mlkem,fixed,decaps,24954
5068,mlkem,fixed,decaps,24922
5069,mlkem,fixed,decaps,24919
5070,mlkem,fixed,decaps,24877
5071,mlkem,fixed,decaps,24912
5072,mlkem,fixed,decaps,24917
5073,mlkem,fixed,decaps,24932
5074,mlkem,fixed,decaps,24912
5075,mlkem,fixed,decaps,24917
5076,mlkem,fixed,decaps,24911
5077,mlkem,fixed,decaps,24924
5078,mlkem,fixed,decaps,24944
5079,mlkem,fixed,decaps,24890
5080,mlkem,fixed,decaps,24885
5081,mlkem,fixed,decaps,24912
5082,mlkem,fixed,decaps,24926
5083,mlkem,fixed,decaps,29460
5084,mlkem,fixed,decaps,24942
5085,mlkem,fixed,decaps,24924
5086,mlkem,fixed,decaps,24872
5087,mlkem,fixed,decaps,24919
5088,mlkem,fixed,decaps,24931
5089,mlkem,fixed,decaps,25785
5090,mlkem,fixed,decaps,24992
5091,mlkem,fixed,decaps,24917
5092,mlkem,fixed,decaps,24889
5093,mlkem,fixed,decaps,24914
5094,mlkem,fixed,decaps,24949
5095,mlkem,fixed,decaps,24938
5096,mlkem,fixed,decaps,24910
5097,mlkem,fixed,decaps,24941
5098,mlkem,fixed,decaps,24917
5099,mlkem,fixed,decaps,24950
5100,mlkem,fixed,decaps,24922
5101,mlkem,fixed,decaps,24902
5102,mlkem,fixed,decaps,24885
5103,mlkem,fixed,decaps,24923
5104,mlkem,fixed,decaps,24886
5105,mlkem,fixed,decaps,24913
5106,mlkem,fixed,decaps,24899
5107,mlkem,fixed,decaps,24927
5108,mlkem,fixed,decaps,24925
5109,mlkem,fixed,decaps,24918
5110,mlkem,fixed,decaps,24885
5111,mlkem,fixed,decaps,24906
5112,mlkem,fixed,decaps,24912
5113,mlkem,fixed,decaps,24959
5114,mlkem,fixed,decaps,24897
5115,mlkem,fixed,decaps,24888
5116,mlkem,fixed,decaps,24914
5117,mlkem,fixed,decaps,24900
5118,mlkem,fixed,decaps,24910
5119,mlkem,fixed,decaps,24942
5120,mlkem,fixed,decaps,24910
5121,mlkem,fixed,decaps,24904
5122,mlkem,fixed,decaps,24953
5123,mlkem,fixed,decaps,24932
5124,mlkem,fixed,decaps,24942
5125,mlkem,fixed,decaps,24898
5126,mlkem,fixed,decaps,24885
5127,mlkem,fixed,decaps,24936
5128,mlkem,fixed,decaps,24941
5129,mlkem,fixed,decaps,24917
5130,mlkem,fixed,decaps,24940
5131,mlkem,fixed,decaps,24916
5132,mlkem,fixed,decaps,24908
5133,mlkem,fixed,decaps,24933
5134,mlkem,fixed,decaps,24895
5135,mlkem,fixed,decaps,24912
5136,mlkem,fixed,decaps,24917
5137,mlkem,fixed,decaps,24939
5138,mlkem,fixed,decaps,24910
5139,mlkem,fixed,decaps,24886
5140,mlkem,fixed,decaps,24866
5141,mlkem,fixed,decaps,24940
5142,mlkem,fixed,decaps,24923
5143,mlkem,fixed,decaps,24925
5144,mlkem,fixed,decaps,24917
5145,mlkem,fixed,decaps,24936
5146,mlkem,fixed,decaps,24920
5147,mlkem,fixed,decaps,24900
5148,mlkem,fixed,decaps,24893
5149,mlkem,fixed,decaps,24908
5150,mlkem,fixed,decaps,24921
5151,mlkem,fixed,decaps,24948
5152,mlkem,fixed,decaps,24890
5153,mlkem,fixed,decaps,24926
5154,mlkem,fixed,decaps,24899
5155,mlkem,fixed,decaps,24919
5156,mlkem,fixed,decaps,24929
5157,mlkem,fixed,decaps,24893
5158,mlkem,fixed,decaps,24896
5159,mlkem,fixed,decaps,24919
5160,mlkem,fixed,decaps,24907
5161,mlkem,fixed,decaps,24890
5162,mlkem,fixed,decaps,24911
5163,mlkem,fixed,decaps,24910
5164,mlkem,fixed,decaps,24912
5165,mlkem,fixed,decaps,25427
5166,mlkem,fixed,decaps,24865
5167,mlkem,fixed,decaps,24912
5168,mlkem,fixed,decaps,24925
5169,mlkem,fixed,decaps,24936
5170,mlkem,fixed,decaps,24923
5171,mlkem,fixed,decaps,24904
5172,mlkem,fixed,decaps,24899
5173,mlkem,fixed,decaps,24912
5174,mlkem,fixed,decaps,24917
5175,mlkem,fixed,decaps,24924
5176,mlkem,fixed,decaps,24904
5177,mlkem,fixed,decaps,24910
5178,mlkem,fixed,decaps,24880
5179,mlkem,fixed,decaps,24952
5180,mlkem,fixed,decaps,24940
5181,mlkem,fixed,decaps,24897
5182,mlkem,fixed,decaps,24872
5183,mlkem,fixed,decaps,24900
5184,mlkem,fixed,decaps,24897
5185,mlkem,fixed,decaps,24923
5186,mlkem,fixed,decaps,24936
5187,mlkem,fixed,decaps,24934
5188,mlkem,fixed,decaps,24924
5189,mlkem,fixed,decaps,24917
5190,mlkem,fixed,decaps,24891
5191,mlkem,fixed,decaps,24912
5192,mlkem,fixed,decaps,24914
5193,mlkem,fixed,decaps,24914
5194,mlkem,fixed,decaps,24915
5195,mlkem,fixed,decaps,24916
5196,mlkem,fixed,decaps,24912
5197,mlkem,fixed,decaps,24889
5198,mlkem,fixed,decaps,24919
5199,mlkem,fixed,decaps,24918
5200,mlkem,fixed,decaps,24886
5201,mlkem,fixed,decaps,24920
5202,mlkem,fixed,decaps,24939
5203,mlkem,fixed,decaps,24936
5204,mlkem,fixed,decaps,24908
5205,mlkem,fixed,decaps,24903
5206,mlkem,fixed,decaps,24929
5207,mlkem,fixed,decaps,24929
5208,mlkem,fixed,decaps,24906
5209,mlkem,fixed,decaps,24877
5210,mlkem,fixed,decaps,24893
5211,mlkem,fixed,decaps,24939
5212,mlkem,fixed,decaps,24934
5213,mlkem,fixed,decaps,24906
5214,mlkem,fixed,decaps,24900
5215,mlkem,fixed,decaps,24913
5216,mlkem,fixed,decaps,24949
5217,mlkem,fixed,decaps,24936
5218,mlkem,fixed,decaps,24873
5219,mlkem,fixed,decaps,24931
5220,mlkem,fixed,decaps,24930
5221,mlkem,fixed,decaps,24914
5222,mlkem,fixed,decaps,24905
5223,mlkem,fixed,decaps,24931
5224,mlkem,fixed,decaps,24925
5225,mlkem,fixed,decaps,25488
5226,mlkem,fixed,decaps,24940
5227,mlkem,fixed,decaps,24913
5228,mlkem,fixed,decaps,24905
5229,mlkem,fixed,decaps,24886
5230,mlkem,fixed,decaps,24889
5231,mlkem,fixed,decaps,24960
5232,mlkem,fixed,decaps,24908
5233,mlkem,fixed,decaps,24901
5234,mlkem,fixed,decaps,24885
5235,mlkem,fixed,decaps,24948
5236,mlkem,fixed,decaps,24935
5237,mlkem,fixed,decaps,24887
5238,mlkem,fixed,decaps,24885
5239,mlkem,fixed,decaps,24896
5240,mlkem,fixed,decaps,24933
5241,mlkem,fixed,decaps,28181
5242,mlkem,fixed,decaps,24990
5243,mlkem,fixed,decaps,24956
5244,mlkem,fixed,decaps,24918
5245,mlkem,fixed,decaps,24919
5246,mlkem,fixed,decaps,24954
5247,mlkem,fixed,decaps,24922
5248,mlkem,fixed,decaps,24956
5249,mlkem,fixed,decaps,24920
5250,mlkem,fixed,decaps,24935
5251,mlkem,fixed,decaps,24920
5252,mlkem,fixed,decaps,24881
5253,mlkem,fixed,decaps,24903
5254,mlkem,fixed,decaps,24939
5255,mlkem,fixed,decaps,24935
5256,mlkem,fixed,decaps,24918
5257,mlkem,fixed,decaps,24909
5258,mlkem,fixed,decaps,24936
5259,mlkem,fixed,decaps,24906
5260,mlkem,fixed,decaps,24945
5261,mlkem,fixed,decaps,24895
5262,mlkem,fixed,decaps,24880
5263,mlkem,fixed,decaps,24931
5264,mlkem,fixed,decaps,24936
5265,mlkem,fixed,decaps,24951
5266,mlkem,fixed,decaps,24907
5267,mlkem,fixed,decaps,24921
5268,mlkem,fixed,decaps,24943
5269,mlkem,fixed,decaps,24918
5270,mlkem,fixed,decaps,24931
5271,mlkem,fixed,decaps,24909
5272,mlkem,fixed,decaps,24896
5273,mlkem,fixed,decaps,24955
5274,mlkem,fixed,decaps,24925
5275,mlkem,fixed,decaps,24902
5276,mlkem,fixed,decaps,38230
5277,mlkem,fixed,decaps,25651
5278,mlkem,fixed,decaps,25676
5279,mlkem,fixed,decaps,25654
5280,mlkem,fixed,decaps,25642
5281,mlkem,fixed,decaps,25679
5282,mlkem,fixed,decaps,25647
5283,mlkem,fixed,decaps,25635
5284,mlkem,fixed,decaps,25654
5285,mlkem,fixed,decaps,25640
5286,mlkem,fixed,decaps,25666
5287,mlkem,fixed,decaps,25703
5288,mlkem,fixed,decaps,25607
5289,mlkem,fixed,decaps,25638
5290,mlkem,fixed,decaps,25632
5291,mlkem,fixed,decaps,25697
5292,mlkem,fixed,decaps,25670
5293,mlkem,fixed,decaps,25620
5294,mlkem,fixed,decaps,25630
5295,mlkem,fixed,decaps,25678
5296,mlkem,fixed,decaps,25645
5297,mlkem,fixed,decaps,25642
5298,mlkem,fixed,decaps,25664
5299,mlkem,fixed,decaps,25660
5300,mlkem,fixed,decaps,25657
5301,mlkem,fixed,decaps,25657
5302,mlkem,fixed,decaps,25645
5303,mlkem,fixed,decaps,25623
5304,mlkem,fixed,decaps,25620
5305,mlkem,fixed,decaps,25670
5306,mlkem,fixed,decaps,25650
5307,mlkem,fixed,decaps,25676
5308,mlkem,fixed,decaps,25613
5309,mlkem,fixed,decaps,25646
5310,mlkem,fixed,decaps,25622
5311,mlkem,fixed,decaps,25629
5312,mlkem,fixed,decaps,25657
5313,mlkem,fixed,decaps,25657
5314,mlkem,fixed,decaps,25619
5315,mlkem,fixed,decaps,25656
5316,mlkem,fixed,decaps,25627
5317,mlkem,fixed,decaps,25654
5318,mlkem,fixed,decaps,25668
5319,mlkem,fixed,decaps,25620
5320,mlkem,fixed,decaps,25636
5321,mlkem,fixed,decaps,25631
5322,mlkem,fixed,decaps,25641
5323,mlkem,fixed,decaps,25668
5324,mlkem,fixed,decaps,25632
5325,mlkem,fixed,decaps,25629
5326,mlkem,fixed,decaps,25642
5327,mlkem,fixed,decaps,25644
5328,mlkem,fixed,decaps,25664
5329,mlkem,fixed,decaps,25705
5330,mlkem,fixed,decaps,25835
5331,mlkem,fixed,decaps,25827
5332,mlkem,fixed,decaps,26292
5333,mlkem,fixed,decaps,26415
5334,mlkem,fixed,decaps,25747
5335,mlkem,fixed,decaps,25980
5336,mlkem,fixed,decaps,25790
5337,mlkem,fixed,decaps,26300
5338,mlkem,fixed,decaps,27440
5339,mlkem,fixed,decaps,34376
5340,mlkem,fixed,decaps,37232
5341,mlkem,fixed,decaps,27186
5342,mlkem,fixed,decaps,26037
5343,mlkem,fixed,decaps,33380
5344,mlkem,fixed,decaps,34667
5345,mlkem,fixed,decaps,35856
5346,mlkem,fixed,decaps,33021
5347,mlkem,fixed,decaps,29824
5348,mlkem,fixed,decaps,26163
5349,mlkem,fixed,decaps,25720
5350,mlkem,fixed,decaps,46878
5351,mlkem,fixed,decaps,31275
5352,mlkem,fixed,decaps,24983
5353,mlkem,fixed,decaps,32384
5354,mlkem,fixed,decaps,39871
5355,mlkem,fixed,decaps,25402
5356,mlkem,fixed,decaps,24321
5357,mlkem,fixed,decaps,24224
5358,mlkem,fixed,decaps,24261
5359,mlkem,fixed,decaps,24253
5360,mlkem,fixed,decaps,24207
5361,mlkem,fixed,decaps,24257
5362,mlkem,fixed,decaps,25091
5363,mlkem,fixed,decaps,24327
5364,mlkem,fixed,decaps,24270
5365,mlkem,fixed,decaps,24238
5366,mlkem,fixed,decaps,24207
5367,mlkem,fixed,decaps,24238
5368,mlkem,fixed,decaps,24270
5369,mlkem,fixed,decaps,24221
5370,mlkem,fixed,decaps,24220
5371,mlkem,fixed,decaps,24252
5372,mlkem,fixed,decaps,24256
5373,mlkem,fixed,decaps,24244
5374,mlkem,fixed,decaps,24225
5375,mlkem,fixed,decaps,24268
5376,mlkem,fixed,decaps,24237
5377,mlkem,fixed,decaps,24247
5378,mlkem,fixed,decaps,24223
5379,mlkem,fixed,decaps,24217
5380,mlkem,fixed,decaps,24255
5381,mlkem,fixed,decaps,24278
5382,mlkem,fixed,decaps,24212
5383,mlkem,fixed,decaps,24202
5384,mlkem,fixed,decaps,24212
5385,mlkem,fixed,decaps,24259
5386,mlkem,fixed,decaps,24263
5387,mlkem,fixed,decaps,31227
5388,mlkem,fixed,decaps,27352
5389,mlkem,fixed,decaps,43803
5390,mlkem,fixed,decaps,28008
5391,mlkem,fixed,decaps,35479
5392,mlkem,fixed,decaps,25193
5393,mlkem,fixed,decaps,24984
5394,mlkem,fixed,decaps,24940
5395,mlkem,fixed,decaps,24942
5396,mlkem,fixed,decaps,24968
5397,mlkem,fixed,decaps,24937
5398,mlkem,fixed,decaps,24908
5399,mlkem,fixed,decaps,24945
5400,mlkem,fixed,decaps,24993
5401,mlkem,fixed,decaps,24958
5402,mlkem,fixed,decaps,24947
5403,mlkem,fixed,decaps,24903
5404,mlkem,fixed,decaps,24976
5405,mlkem,fixed,decaps,25007
5406,mlkem,fixed,decaps,24987
5407,mlkem,fixed,decaps,24994
5408,mlkem,fixed,decaps,24935
5409,mlkem,fixed,decaps,24987
5410,mlkem,fixed,decaps,24951
5411,mlkem,fixed,decaps,24986
5412,mlkem,fixed,decaps,24925
5413,mlkem,fixed,decaps,24930
5414,mlkem,fixed,decaps,24965
5415,mlkem,fixed,decaps,25014
5416,mlkem,fixed,decaps,24970
5417,mlkem,fixed,decaps,24961
5418,mlkem,fixed,decaps,24940
5419,mlkem,fixed,decaps,24954
5420,mlkem,fixed,decaps,24982
5421,mlkem,fixed,decaps,24967
5422,mlkem,fixed,decaps,24947
5423,mlkem,fixed,decaps,24948
5424,mlkem,fixed,decaps,24961
5425,mlkem,fixed,decaps,24993
5426,mlkem,fixed,decaps,24957
5427,mlkem,fixed,decaps,24964
5428,mlkem,fixed,decaps,24919
5429,mlkem,fixed,decaps,24972
5430,mlkem,fixed,decaps,24980
5431,mlkem,fixed,decaps,24919
5432,mlkem,fixed,decaps,24970
5433,mlkem,fixed,decaps,24926
5434,mlkem,fixed,decaps,24998
5435,mlkem,fixed,decaps,24967
5436,mlkem,fixed,decaps,24972
5437,mlkem,fixed,decaps,24963
5438,mlkem,fixed,decaps,24961
5439,mlkem,fixed,decaps,24983
5440,mlkem,fixed,decaps,24958
5441,mlkem,fixed,decaps,24965
5442,mlkem,fixed,decaps,24920
5443,mlkem,fixed,decaps,24940
5444,mlkem,fixed,decaps,24979
5445,mlkem,fixed,decaps,24972
5446,mlkem,fixed,decaps,24938
5447,mlkem,fixed,decaps,24959
5448,mlkem,fixed,decaps,24973
5449,mlkem,fixed,decaps,24937
5450,mlkem,fixed,decaps,24938
5451,mlkem,fixed,decaps,24941
5452,mlkem,fixed,decaps,24961
5453,mlkem,fixed,decaps,24958
5454,mlkem,fixed,decaps,24933
5455,mlkem,fixed,decaps,24915
5456,mlkem,fixed,decaps,24942
5457,mlkem,fixed,decaps,24945
5458,mlkem,fixed,decaps,24938
5459,mlkem,fixed,decaps,24959
5460,mlkem,fixed,decaps,24959
5461,mlkem,fixed,decaps,24923
5462,mlkem,fixed,decaps,24968
5463,mlkem,fixed,decaps,24941
5464,mlkem,fixed,decaps,24939
5465,mlkem,fixed,decaps,24943
5466,mlkem,fixed,decaps,24958
5467,mlkem,fixed,decaps,24948
5468,mlkem,fixed,decaps,24927
5469,mlkem,fixed,decaps,24893
5470,mlkem,fixed,decaps,24953
5471,mlkem,fixed,decaps,24972
5472,mlkem,fixed,decaps,24982
5473,mlkem,fixed,decaps,24918
5474,mlkem,fixed,decaps,24951
5475,mlkem,fixed,decaps,24947
5476,mlkem,fixed,decaps,24951
5477,mlkem,fixed,decaps,24938
5478,mlkem,fixed,decaps,24953
5479,mlkem,fixed,decaps,24958
5480,mlkem,fixed,decaps,24979
5481,mlkem,fixed,decaps,24950
5482,mlkem,fixed,decaps,24963
5483,mlkem,fixed,decaps,24899
5484,mlkem,fixed,decaps,24891
5485,mlkem,fixed,decaps,24995
5486,mlkem,fixed,decaps,24958
5487,mlkem,fixed,decaps,24953
5488,mlkem,fixed,decaps,24939
5489,mlkem,fixed,decaps,24925
5490,mlkem,fixed,decaps,24995
5491,mlkem,fixed,decaps,24958
5492,mlkem,fixed,decaps,24909
5493,mlkem,fixed,decaps,24905
5494,mlkem,fixed,decaps,24967
5495,mlkem,fixed,decaps,24936
5496,mlkem,fixed,decaps,24977
5497,mlkem,fixed,decaps,24947
5498,mlkem,fixed,decaps,24938
5499,mlkem,fixed,decaps,25783
5500,mlkem,fixed,decaps,25031
5501,mlkem,fixed,decaps,24924
5502,mlkem,fixed,decaps,24942
5503,mlkem,fixed,decaps,24936
5504,mlkem,fixed,decaps,24921
5505,mlkem,fixed,decaps,24968
5506,mlkem,fixed,decaps,24957
5507,mlkem,fixed,decaps,24941
5508,mlkem,fixed,decaps,24917
5509,mlkem,fixed,decaps,24930
5510,mlkem,fixed,decaps,24938
5511,mlkem,fixed,decaps,24947
5512,mlkem,fixed,decaps,24910
5513,mlkem,fixed,decaps,24922
5514,mlkem,fixed,decaps,24974
5515,mlkem,fixed,decaps,24958
5516,mlkem,fixed,decaps,24974
5517,mlkem,fixed,decaps,24927
5518,mlkem,fixed,decaps,24945
5519,mlkem,fixed,decaps,24960
5520,mlkem,fixed,decaps,24976
5521,mlkem,fixed,decaps,24948
5522,mlkem,fixed,decaps,24949
5523,mlkem,fixed,decaps,24964
5524,mlkem,fixed,decaps,24953
5525,mlkem,fixed,decaps,24937
5526,mlkem,fixed,decaps,24935
5527,mlkem,fixed,decaps,24948
5528,mlkem,fixed,decaps,24952
5529,mlkem,fixed,decaps,24940
5530,mlkem,fixed,decaps,24914
5531,mlkem,fixed,decaps,24912
5532,mlkem,fixed,decaps,24963
5533,mlkem,fixed,decaps,24964
5534,mlkem,fixed,decaps,24917
5535,mlkem,fixed,decaps,24952
5536,mlkem,fixed,decaps,24938
5537,mlkem,fixed,decaps,24935
5538,mlkem,fixed,decaps,24949
5539,mlkem,fixed,decaps,24967
5540,mlkem,fixed,decaps,24921
5541,mlkem,fixed,decaps,24959
5542,mlkem,fixed,decaps,24952
5543,mlkem,fixed,decaps,24966
5544,mlkem,fixed,decaps,24972
5545,mlkem,fixed,decaps,38423
5546,mlkem,fixed,decaps,25605
5547,mlkem,fixed,decaps,25645
5548,mlkem,fixed,decaps,29216
5549,mlkem,fixed,decaps,25981
5550,mlkem,fixed,decaps,25709
5551,mlkem,fixed,decaps,25812
5552,mlkem,fixed,decaps,25680
5553,mlkem,fixed,decaps,25690
5554,mlkem,fixed,decaps,25687
5555,mlkem,fixed,decaps,25716
5556,mlkem,fixed,decaps,25692
5557,mlkem,fixed,decaps,25713
5558,mlkem,fixed,decaps,25686
5559,mlkem,fixed,decaps,25702
5560,mlkem,fixed,decaps,25685
5561,mlkem,fixed,decaps,25712
5562,mlkem,fixed,decaps,25734
5563,mlkem,fixed,decaps,25705
5564,mlkem,fixed,decaps,25657
5565,mlkem,fixed,decaps,25700
5566,mlkem,fixed,decaps,25709
5567,mlkem,fixed,decaps,25741
5568,mlkem,fixed,decaps,25723
5569,mlkem,fixed,decaps,25689
5570,mlkem,fixed,decaps,25678
5571,mlkem,fixed,decaps,25663
5572,mlkem,fixed,decaps,25685
5573,mlkem,fixed,decaps,25710
5574,mlkem,fixed,decaps,25699
5575,mlkem,fixed,decaps,25635
5576,mlkem,fixed,decaps,25657
5577,mlkem,fixed,decaps,25711
5578,mlkem,fixed,decaps,25735
5579,mlkem,fixed,decaps,25695
5580,mlkem,fixed,decaps,25674
5581,mlkem,fixed,decaps,25711
5582,mlkem,fixed,decaps,25666
5583,mlkem,fixed,decaps,25726
5584,mlkem,fixed,decaps,25693
5585,mlkem,fixed,decaps,25700
5586,mlkem,fixed,decaps,25714
5587,mlkem,fixed,decaps,25722
5588,mlkem,fixed,decaps,25702
5589,mlkem,fixed,decaps,25717
5590,mlkem,fixed,decaps,25699
5591,mlkem,fixed,decaps,25664
5592,mlkem,fixed,decaps,25718
5593,mlkem,fixed,decaps,25728
5594,mlkem,fixed,decaps,25681
5595,mlkem,fixed,decaps,25699
5596,mlkem,fixed,decaps,25697
5597,mlkem,fixed,decaps,25711
5598,mlkem,fixed,decaps,25711
5599,mlkem,fixed,decaps,25742
5600,mlkem,fixed,decaps,25719
5601,mlkem,fixed,decaps,25729
5602,mlkem,fixed,decaps,25691
5603,mlkem,fixed,decaps,25723
5604,mlkem,fixed,decaps,26186
5605,mlkem,fixed,decaps,25706
5606,mlkem,fixed,decaps,25694
5607,mlkem,fixed,decaps,25691
5608,mlkem,fixed,decaps,25705
5609,mlkem,fixed,decaps,25744
5610,mlkem,fixed,decaps,25669
5611,mlkem,fixed,decaps,25657
5612,mlkem,fixed,decaps,25712
5613,mlkem,fixed,decaps,25707
5614,mlkem,fixed,decaps,25706
5615,mlkem,fixed,decaps,25715
5616,mlkem,fixed,decaps,25678
5617,mlkem,fixed,decaps,25658
5618,mlkem,fixed,decaps,25703
5619,mlkem,fixed,decaps,25722
5620,mlkem,fixed,decaps,25725
5621,mlkem,fixed,decaps,25711
5622,mlkem,fixed,decaps,25639
5623,mlkem,fixed,decaps,25655
5624,mlkem,fixed,decaps,25696
5625,mlkem,fixed,decaps,25717
5626,mlkem,fixed,decaps,25733
5627,mlkem,fixed,decaps,25692
5628,mlkem,fixed,decaps,25647
5629,mlkem,fixed,decaps,25708
5630,mlkem,fixed,decaps,25736
5631,mlkem,fixed,decaps,25726
5632,mlkem,fixed,decaps,25690
5633,mlkem,fixed,decaps,25680
5634,mlkem,fixed,decaps,25698
5635,mlkem,fixed,decaps,26408
5636,mlkem,fixed,decaps,25735
5637,mlkem,fixed,decaps,25699
5638,mlkem,fixed,decaps,25662
5639,mlkem,fixed,decaps,25675
5640,mlkem,fixed,decaps,25660
5641,mlkem,fixed,decaps,25674
5642,mlkem,fixed,decaps,25689
5643,mlkem,fixed,decaps,25646
5644,mlkem,fixed,decaps,25669
5645,mlkem,fixed,decaps,25691
5646,mlkem,fixed,decaps,25674
5647,mlkem,fixed,decaps,25720
5648,mlkem,fixed,decaps,25652
5649,mlkem,fixed,decaps,25691
5650,mlkem,fixed,decaps,25671
5651,mlkem,fixed,decaps,25673
5652,mlkem,fixed,decaps,25665
5653,mlkem,fixed,decaps,25694
5654,mlkem,fixed,decaps,25662
5655,mlkem,fixed,decaps,25642
5656,mlkem,fixed,decaps,25680
5657,mlkem,fixed,decaps,25673
5658,mlkem,fixed,decaps,25692
5659,mlkem,fixed,decaps,25662
5660,mlkem,fixed,decaps,25671
5661,mlkem,fixed,decaps,25683
5662,mlkem,fixed,decaps,25667
5663,mlkem,fixed,decaps,25672
5664,mlkem,fixed,decaps,25642
5665,mlkem,fixed,decaps,25659
5666,mlkem,fixed,decaps,25629
5667,mlkem,fixed,decaps,25687
5668,mlkem,fixed,decaps,25686
5669,mlkem,fixed,decaps,25711
5670,mlkem,fixed,decaps,25671
5671,mlkem,fixed,decaps,25679
5672,mlkem,fixed,decaps,25701
5673,mlkem,fixed,decaps,25675
5674,mlkem,fixed,decaps,25695
5675,mlkem,fixed,decaps,25660
5676,mlkem,fixed,decaps,25672
5677,mlkem,fixed,decaps,25651
5678,mlkem,fixed,decaps,25686
5679,mlkem,fixed,decaps,25698
5680,mlkem,fixed,decaps,25680
5681,mlkem,fixed,decaps,25677
5682,mlkem,fixed,decaps,25621
5683,mlkem,fixed,decaps,25699
5684,mlkem,fixed,decaps,25687
5685,mlkem,fixed,decaps,25671
5686,mlkem,fixed,decaps,25642
5687,mlkem,fixed,decaps,25628
5688,mlkem,fixed,decaps,25668
5689,mlkem,fixed,decaps,25644
5690,mlkem,fixed,decaps,25683
5691,mlkem,fixed,decaps,25695
5692,mlkem,fixed,decaps,25656
5693,mlkem,fixed,decaps,25693
5694,mlkem,fixed,decaps,25677
5695,mlkem,fixed,decaps,25678
5696,mlkem,fixed,decaps,25637
5697,mlkem,fixed,decaps,25669
5698,mlkem,fixed,decaps,25616
5699,mlkem,fixed,decaps,25703
5700,mlkem,fixed,decaps,25684
5701,mlkem,fixed,decaps,25659
5702,mlkem,fixed,decaps,28843
5703,mlkem,fixed,decaps,25837
5704,mlkem,fixed,decaps,25697
5705,mlkem,fixed,decaps,25684
5706,mlkem,fixed,decaps,25702
5707,mlkem,fixed,decaps,25687
5708,mlkem,fixed,decaps,25664
5709,mlkem,fixed,decaps,25664
5710,mlkem,fixed,decaps,25644
5711,mlkem,fixed,decaps,25679
5712,mlkem,fixed,decaps,25644
5713,mlkem,fixed,decaps,25698
5714,mlkem,fixed,decaps,25661
5715,mlkem,fixed,decaps,25666
5716,mlkem,fixed,decaps,25722
5717,mlkem,fixed,decaps,25694
5718,mlkem,fixed,decaps,25636
5719,mlkem,fixed,decaps,25699
5720,mlkem,fixed,decaps,25681
5721,mlkem,fixed,decaps,25680
5722,mlkem,fixed,decaps,25687
5723,mlkem,fixed,decaps,25656
5724,mlkem,fixed,decaps,25677
5725,mlkem,fixed,decaps,25713
5726,mlkem,fixed,decaps,25687
5727,mlkem,fixed,decaps,25698
5728,mlkem,fixed,decaps,25654
5729,mlkem,fixed,decaps,25696
5730,mlkem,fixed,decaps,25663
5731,mlkem,fixed,decaps,25693
5732,mlkem,fixed,decaps,25689
5733,mlkem,fixed,decaps,25679
5734,mlkem,fixed,decaps,25642
5735,mlkem,fixed,decaps,25646
5736,mlkem,fixed,decaps,25705
5737,mlkem,fixed,decaps,25702
5738,mlkem,fixed,decaps,25685
5739,mlkem,fixed,decaps,25683
5740,mlkem,fixed,decaps,25671
5741,mlkem,fixed,decaps,25703
5742,mlkem,fixed,decaps,25686
5743,mlkem,fixed,decaps,25672
5744,mlkem,fixed,decaps,25695
5745,mlkem,fixed,decaps,25657
5746,mlkem,fixed,decaps,25683
5747,mlkem,fixed,decaps,25709
5748,mlkem,fixed,decaps,25719
5749,mlkem,fixed,decaps,25687
5750,mlkem,fixed,decaps,25656
5751,mlkem,fixed,decaps,25673
5752,mlkem,fixed,decaps,25698
5753,mlkem,fixed,decaps,25675
5754,mlkem,fixed,decaps,25664
5755,mlkem,fixed,decaps,25667
5756,mlkem,fixed,decaps,32845
5757,mlkem,fixed,decaps,34702
5758,mlkem,fixed,decaps,28704
5759,mlkem,fixed,decaps,34367
5760,mlkem,fixed,decaps,26055
5761,mlkem,fixed,decaps,25661
5762,mlkem,fixed,decaps,25629
5763,mlkem,fixed,decaps,25619
5764,mlkem,fixed,decaps,25600
5765,mlkem,fixed,decaps,25676
5766,mlkem,fixed,decaps,25639
5767,mlkem,fixed,decaps,25636
5768,mlkem,fixed,decaps,25659
5769,mlkem,fixed,decaps,25643
5770,mlkem,fixed,decaps,25656
5771,mlkem,fixed,decaps,29633
5772,mlkem,fixed,decaps,27008
5773,mlkem,fixed,decaps,25699
5774,mlkem,fixed,decaps,37376
5775,mlkem,fixed,decaps,24198
5776,mlkem,fixed,decaps,24221
5777,mlkem,fixed,decaps,24246
5778,mlkem,fixed,decaps,24238
5779,mlkem,fixed,decaps,24211
5780,mlkem,fixed,decaps,24218
5781,mlkem,fixed,decaps,24219
5782,mlkem,fixed,decaps,24249
5783,mlkem,fixed,decaps,24226
5784,mlkem,fixed,decaps,24185
5785,mlkem,fixed,decaps,24244
5786,mlkem,fixed,decaps,24266
5787,mlkem,fixed,decaps,24221
5788,mlkem,fixed,decaps,24240
5789,mlkem,fixed,decaps,24201
5790,mlkem,fixed,decaps,24238
5791,mlkem,fixed,decaps,24235
5792,mlkem,fixed,decaps,24230
5793,mlkem,fixed,decaps,24220
5794,mlkem,fixed,decaps,24261
5795,mlkem,fixed,decaps,24288
5796,mlkem,fixed,decaps,24230
5797,mlkem,fixed,decaps,24192
5798,mlkem,fixed,decaps,24220
5799,mlkem,fixed,decaps,24251
5800,mlkem,fixed,decaps,24239
5801,mlkem,fixed,decaps,24195
5802,mlkem,fixed,decaps,24252
5803,mlkem,fixed,decaps,24239
5804,mlkem,fixed,decaps,24265
5805,mlkem,fixed,decaps,24204
5806,mlkem,fixed,decaps,24214
5807,mlkem,fixed,decaps,24220
5808,mlkem,fixed,decaps,24281
5809,mlkem,fixed,decaps,24240
5810,mlkem,fixed,decaps,24222
5811,mlkem,fixed,decaps,28391
5812,mlkem,fixed,decaps,24467
5813,mlkem,fixed,decaps,24278
5814,mlkem,fixed,decaps,40742
5815,mlkem,fixed,decaps,24939
5816,mlkem,fixed,decaps,24946
5817,mlkem,fixed,decaps,24918
5818,mlkem,fixed,decaps,24928
5819,mlkem,fixed,decaps,24991
5820,mlkem,fixed,decaps,24943
5821,mlkem,fixed,decaps,24948
5822,mlkem,fixed,decaps,24927
5823,mlkem,fixed,decaps,24931
5824,mlkem,fixed,decaps,24947
5825,mlkem,fixed,decaps,24968
5826,mlkem,fixed,decaps,24916
5827,mlkem,fixed,decaps,24899
5828,mlkem,fixed,decaps,24918
5829,mlkem,fixed,decaps,24924
5830,mlkem,fixed,decaps,24976
5831,mlkem,fixed,decaps,24885
5832,mlkem,fixed,decaps,24910
5833,mlkem,fixed,decaps,24952
5834,mlkem,fixed,decaps,24923
5835,mlkem,fixed,decaps,24941
5836,mlkem,fixed,decaps,24950
5837,mlkem,fixed,decaps,24916
5838,mlkem,fixed,decaps,24942
5839,mlkem,fixed,decaps,24949
5840,mlkem,fixed,decaps,24967
5841,mlkem,fixed,decaps,24923
5842,mlkem,fixed,decaps,24924
5843,mlkem,fixed,decaps,24910
5844,mlkem,fixed,decaps,24935
5845,mlkem,fixed,decaps,24895
5846,mlkem,fixed,decaps,24960
5847,mlkem,fixed,decaps,24926
5848,mlkem,fixed,decaps,24955
5849,mlkem,fixed,decaps,24955
5850,mlkem,fixed,decaps,24928
5851,mlkem,fixed,decaps,24939
5852,mlkem,fixed,decaps,24933
5853,mlkem,fixed,decaps,24946
5854,mlkem,fixed,decaps,24939
5855,mlkem,fixed,decaps,24885
5856,mlkem,fixed,decaps,24935
5857,mlkem,fixed,decaps,28921
5858,mlkem,fixed,decaps,24976
5859,mlkem,fixed,decaps,24933
5860,mlkem,fixed,decaps,24967
5861,mlkem,fixed,decaps,24929
5862,mlkem,fixed,decaps,24952
5863,mlkem,fixed,decaps,24933
5864,mlkem,fixed,decaps,24940
5865,mlkem,fixed,decaps,24923
5866,mlkem,fixed,decaps,24917
5867,mlkem,fixed,decaps,24941
5868,mlkem,fixed,decaps,24901
5869,mlkem,fixed,decaps,24905
5870,mlkem,fixed,decaps,24920
5871,mlkem,fixed,decaps,24951
5872,mlkem,fixed,decaps,24935
5873,mlkem,fixed,decaps,24902
5874,mlkem,fixed,decaps,24914
5875,mlkem,fixed,decaps,24939
5876,mlkem,fixed,decaps,24960
5877,mlkem,fixed,decaps,24933
5878,mlkem,fixed,decaps,24907
5879,mlkem,fixed,decaps,24888
5880,mlkem,fixed,decaps,24901
5881,mlkem,fixed,decaps,24949
5882,mlkem,fixed,decaps,24918
5883,mlkem,fixed,decaps,24941
5884,mlkem,fixed,decaps,24924
5885,mlkem,fixed,decaps,24922
5886,mlkem,fixed,decaps,24930
5887,mlkem,fixed,decaps,24926
5888,mlkem,fixed,decaps,24924
5889,mlkem,fixed,decaps,24931
5890,mlkem,fixed,decaps,24931
5891,mlkem,fixed,decaps,24904
5892,mlkem,fixed,decaps,24908
5893,mlkem,fixed,decaps,24937
5894,mlkem,fixed,decaps,24929
5895,mlkem,fixed,decaps,24932
5896,mlkem,fixed,decaps,24929
5897,mlkem,fixed,decaps,24913
5898,mlkem,fixed,decaps,24918
5899,mlkem,fixed,decaps,24946
5900,mlkem,fixed,decaps,24920
5901,mlkem,fixed,decaps,24928
5902,mlkem,fixed,decaps,24917
5903,mlkem,fixed,decaps,24929
5904,mlkem,fixed,decaps,24967
5905,mlkem,fixed,decaps,24906
5906,mlkem,fixed,decaps,24964
5907,mlkem,fixed,decaps,24905
5908,mlkem,fixed,decaps,25619
5909,mlkem,fixed,decaps,24956
5910,mlkem,fixed,decaps,24936
5911,mlkem,fixed,decaps,24928
5912,mlkem,fixed,decaps,24903
5913,mlkem,fixed,decaps,24877
5914,mlkem,fixed,decaps,24893
5915,mlkem,fixed,decaps,24941
5916,mlkem,fixed,decaps,24961
5917,mlkem,fixed,decaps,24916
5918,mlkem,fixed,decaps,24927
5919,mlkem,fixed,decaps,24910
5920,mlkem,fixed,decaps,24922
5921,mlkem,fixed,decaps,24917
5922,mlkem,fixed,decaps,24935
5923,mlkem,fixed,decaps,24897
5924,mlkem,fixed,decaps,24965
5925,mlkem,fixed,decaps,24918
5926,mlkem,fixed,decaps,24901
5927,mlkem,fixed,decaps,24890
5928,mlkem,fixed,decaps,24898
5929,mlkem,fixed,decaps,24944
5930,mlkem,fixed,decaps,24931
5931,mlkem,fixed,decaps,24889
5932,mlkem,fixed,decaps,24889
5933,mlkem,fixed,decaps,24884
5934,mlkem,fixed,decaps,24936
5935,mlkem,fixed,decaps,24922
5936,mlkem,fixed,decaps,24901
5937,mlkem,fixed,decaps,24919
5938,mlkem,fixed,decaps,24908
5939,mlkem,fixed,decaps,24928
5940,mlkem,fixed,decaps,24933
5941,mlkem,fixed,decaps,24891
5942,mlkem,fixed,decaps,24921
5943,mlkem,fixed,decaps,24953
5944,mlkem,fixed,decaps,24939
5945,mlkem,fixed,decaps,24917
5946,mlkem,fixed,decaps,24896
5947,mlkem,fixed,decaps,24940
5948,mlkem,fixed,decaps,24937
5949,mlkem,fixed,decaps,24942
5950,mlkem,fixed,decaps,24925
5951,mlkem,fixed,decaps,24930
5952,mlkem,fixed,decaps,24921
5953,mlkem,fixed,decaps,24936
5954,mlkem,fixed,decaps,24911
5955,mlkem,fixed,decaps,24891
5956,mlkem,fixed,decaps,24888
5957,mlkem,fixed,decaps,24911
5958,mlkem,fixed,decaps,24920
5959,mlkem,fixed,decaps,24928
5960,mlkem,fixed,decaps,24897
5961,mlkem,fixed,decaps,24927
5962,mlkem,fixed,decaps,24922
5963,mlkem,fixed,decaps,24896
5964,mlkem,fixed,decaps,24929
5965,mlkem,fixed,decaps,24920
5966,mlkem,fixed,decaps,24953
5967,mlkem,fixed,decaps,24912
5968,mlkem,fixed,decaps,24942
5969,mlkem,fixed,decaps,24900
5970,mlkem,fixed,decaps,24917
5971,mlkem,fixed,decaps,24907
5972,mlkem,fixed,decaps,24911
5973,mlkem,fixed,decaps,24900
5974,mlkem,fixed,decaps,24901
5975,mlkem,fixed,decaps,24911
5976,mlkem,fixed,decaps,24945
5977,mlkem,fixed,decaps,24885
5978,mlkem,fixed,decaps,24890
5979,mlkem,fixed,decaps,24916
5980,mlkem,fixed,decaps,24915
5981,mlkem,fixed,decaps,24943
5982,mlkem,fixed,decaps,24937
5983,mlkem,fixed,decaps,24911
5984,mlkem,fixed,decaps,24925
5985,mlkem,fixed,decaps,24940
5986,mlkem,fixed,decaps,24950
5987,mlkem,fixed,decaps,24917
5988,mlkem,fixed,decaps,24913
5989,mlkem,fixed,decaps,24948
5990,mlkem,fixed,decaps,24931
5991,mlkem,fixed,decaps,24929
5992,mlkem,fixed,decaps,24902
5993,mlkem,fixed,decaps,24919
5994,mlkem,fixed,decaps,24936
5995,mlkem,fixed,decaps,24927
5996,mlkem,fixed,decaps,24901
5997,mlkem,fixed,decaps,24921
5998,mlkem,fixed,decaps,24921
5999,mlkem,fixed,decaps,24911
6000,mlkem,fixed,decaps,24901
6001,mlkem,fixed,decaps,24945
6002,mlkem,fixed,decaps,24894
6003,mlkem,fixed,decaps,24931
6004,mlkem,fixed,decaps,24927
6005,mlkem,fixed,decaps,24913
6006,mlkem,fixed,decaps,24935
6007,mlkem,fixed,decaps,24906
6008,mlkem,fixed,decaps,24936
6009,mlkem,fixed,decaps,24905
6010,mlkem,fixed,decaps,24913
6011,mlkem,fixed,decaps,24915
6012,mlkem,fixed,decaps,24894
6013,mlkem,fixed,decaps,24919
6014,mlkem,fixed,decaps,24895
6015,mlkem,fixed,decaps,29446
6016,mlkem,fixed,decaps,25115
6017,mlkem,fixed,decaps,24967
6018,mlkem,fixed,decaps,24940
6019,mlkem,fixed,decaps,24921
6020,mlkem,fixed,decaps,24928
6021,mlkem,fixed,decaps,24917
6022,mlkem,fixed,decaps,24921
6023,mlkem,fixed,decaps,24930
6024,mlkem,fixed,decaps,24927
6025,mlkem,fixed,decaps,24933
6026,mlkem,fixed,decaps,24924
6027,mlkem,fixed,decaps,24926
6028,mlkem,fixed,decaps,24926
6029,mlkem,fixed,decaps,24946
6030,mlkem,fixed,decaps,24951
6031,mlkem,fixed,decaps,24885
6032,mlkem,fixed,decaps,24920
6033,mlkem,fixed,decaps,24922
6034,mlkem,fixed,decaps,24965
6035,mlkem,fixed,decaps,24899
6036,mlkem,fixed,decaps,24925
6037,mlkem,fixed,decaps,24893
6038,mlkem,fixed,decaps,24961
6039,mlkem,fixed,decaps,24939
6040,mlkem,fixed,decaps,24931
6041,mlkem,fixed,decaps,24926
6042,mlkem,fixed,decaps,24943
6043,mlkem,fixed,decaps,24909
6044,mlkem,fixed,decaps,24927
6045,mlkem,fixed,decaps,25579
6046,mlkem,fixed,decaps,24995
6047,mlkem,fixed,decaps,24941
6048,mlkem,fixed,decaps,24979
6049,mlkem,fixed,decaps,24889
6050,mlkem,fixed,decaps,24904
6051,mlkem,fixed,decaps,24909
6052,mlkem,fixed,decaps,24928
6053,mlkem,fixed,decaps,25090
6054,mlkem,fixed,decaps,25143
6055,mlkem,fixed,decaps,24898
6056,mlkem,fixed,decaps,24926
6057,mlkem,fixed,decaps,24956
6058,mlkem,fixed,decaps,24924
6059,mlkem,fixed,decaps,24895
6060,mlkem,fixed,decaps,24919
6061,mlkem,fixed,decaps,24927
6062,mlkem,fixed,decaps,24933
6063,mlkem,fixed,decaps,24897
6064,mlkem,fixed,decaps,24907
6065,mlkem,fixed,decaps,24878
6066,mlkem,fixed,decaps,24923
6067,mlkem,fixed,decaps,24932
6068,mlkem,fixed,decaps,24970
6069,mlkem,fixed,decaps,24916
6070,mlkem,fixed,decaps,24907
6071,mlkem,fixed,decaps,24957
6072,mlkem,fixed,decaps,24949
6073,mlkem,fixed,decaps,24891
6074,mlkem,fixed,decaps,24924
6075,mlkem,fixed,decaps,24897
6076,mlkem,fixed,decaps,24960
6077,mlkem,fixed,decaps,24943
6078,mlkem,fixed,decaps,24913
6079,mlkem,fixed,decaps,25040
6080,mlkem,fixed,decaps,33110
6081,mlkem,fixed,decaps,32780
6082,mlkem,fixed,decaps,30771
6083,mlkem,fixed,decaps,30025
6084,mlkem,fixed,decaps,25136
6085,mlkem,fixed,decaps,24985
6086,mlkem,fixed,decaps,24972
6087,mlkem,fixed,decaps,24942
6088,mlkem,fixed,decaps,24918
6089,mlkem,fixed,decaps,24987
6090,mlkem,fixed,decaps,24990
6091,mlkem,fixed,decaps,24925
6092,mlkem,fixed,decaps,24905
6093,mlkem,fixed,decaps,24926
6094,mlkem,fixed,decaps,24948
6095,mlkem,fixed,decaps,24932
6096,mlkem,fixed,decaps,24899
6097,mlkem,fixed,decaps,24915
6098,mlkem,fixed,decaps,24975
6099,mlkem,fixed,decaps,24926
6100,mlkem,fixed,decaps,24928
6101,mlkem,fixed,decaps,24916
6102,mlkem,fixed,decaps,24955
6103,mlkem,fixed,decaps,24933
6104,mlkem,fixed,decaps,24938
6105,mlkem,fixed,decaps,24907
6106,mlkem,fixed,decaps,24943
6107,mlkem,fixed,decaps,24949
6108,mlkem,fixed,decaps,24955
6109,mlkem,fixed,decaps,24947
6110,mlkem,fixed,decaps,24904
6111,mlkem,fixed,decaps,24927
6112,mlkem,fixed,decaps,24929
6113,mlkem,fixed,decaps,24956
6114,mlkem,fixed,decaps,24925
6115,mlkem,fixed,decaps,24939
6116,mlkem,fixed,decaps,24948
6117,mlkem,fixed,decaps,24886
6118,mlkem,fixed,decaps,24984
6119,mlkem,fixed,decaps,24932
6120,mlkem,fixed,decaps,24931
6121,mlkem,fixed,decaps,24928
6122,mlkem,fixed,decaps,24927
6123,mlkem,fixed,decaps,24976
6124,mlkem,fixed,decaps,24903
6125,mlkem,fixed,decaps,24948
6126,mlkem,fixed,decaps,24924
6127,mlkem,fixed,decaps,24939
6128,mlkem,fixed,decaps,24927
6129,mlkem,fixed,decaps,24925
6130,mlkem,fixed,decaps,24881
6131,mlkem,fixed,decaps,24933
6132,mlkem,fixed,decaps,24963
6133,mlkem,fixed,decaps,24962
6134,mlkem,fixed,decaps,24919
6135,mlkem,fixed,decaps,24947
6136,mlkem,fixed,decaps,24950
6137,mlkem,fixed,decaps,24932
6138,mlkem,fixed,decaps,24933
6139,mlkem,fixed,decaps,24881
6140,mlkem,fixed,decaps,24947
6141,mlkem,fixed,decaps,24965
6142,mlkem,fixed,decaps,24931
6143,mlkem,fixed,decaps,24929
6144,mlkem,fixed,decaps,24931
6145,mlkem,fixed,decaps,24948
6146,mlkem,fixed,decaps,24948
6147,mlkem,fixed,decaps,24924
6148,mlkem,fixed,decaps,24917
6149,mlkem,fixed,decaps,24938
6150,mlkem,fixed,decaps,24929
6151,mlkem,fixed,decaps,24950
6152,mlkem,fixed,decaps,24963
6153,mlkem,fixed,decaps,24914
6154,mlkem,fixed,decaps,24939
6155,mlkem,fixed,decaps,24925
6156,mlkem,fixed,decaps,24934
6157,mlkem,fixed,decaps,24947
6158,mlkem,fixed,decaps,24932
6159,mlkem,fixed,decaps,24933
6160,mlkem,fixed,decaps,24927
6161,mlkem,fixed,decaps,24956
6162,mlkem,fixed,decaps,24951
6163,mlkem,fixed,decaps,24885
6164,mlkem,fixed,decaps,24926
6165,mlkem,fixed,decaps,24918
6166,mlkem,fixed,decaps,24928
6167,mlkem,fixed,decaps,24919
6168,mlkem,fixed,decaps,24947
6169,mlkem,fixed,decaps,24925
6170,mlkem,fixed,decaps,24958
6171,mlkem,fixed,decaps,24946
6172,mlkem,fixed,decaps,31838
6173,mlkem,fixed,decaps,25584
6174,mlkem,fixed,decaps,25013
6175,mlkem,fixed,decaps,24993
6176,mlkem,fixed,decaps,24951
6177,mlkem,fixed,decaps,24949
6178,mlkem,fixed,decaps,24948
6179,mlkem,fixed,decaps,24929
6180,mlkem,fixed,decaps,24958
6181,mlkem,fixed,decaps,25933
6182,mlkem,fixed,decaps,24975
6183,mlkem,fixed,decaps,24898
6184,mlkem,fixed,decaps,24961
6185,mlkem,fixed,decaps,24935
6186,mlkem,fixed,decaps,24952
6187,mlkem,fixed,decaps,24912
6188,mlkem,fixed,decaps,24910
6189,mlkem,fixed,decaps,24937
6190,mlkem,fixed,decaps,24959
6191,mlkem,fixed,decaps,24957
6192,mlkem,fixed,decaps,24951
6193,mlkem,fixed,decaps,24903
6194,mlkem,fixed,decaps,24904
6195,mlkem,fixed,decaps,24914
6196,mlkem,fixed,decaps,24915
6197,mlkem,fixed,decaps,24962
6198,mlkem,fixed,decaps,24944
6199,mlkem,fixed,decaps,24935
6200,mlkem,fixed,decaps,24911
6201,mlkem,fixed,decaps,24918
6202,mlkem,fixed,decaps,24919
6203,mlkem,fixed,decaps,24922
6204,mlkem,fixed,decaps,24945
6205,mlkem,fixed,decaps,24922
6206,mlkem,fixed,decaps,24922
6207,mlkem,fixed,decaps,24911
6208,mlkem,fixed,decaps,24926
6209,mlkem,fixed,decaps,24936
6210,mlkem,fixed,decaps,24968
6211,mlkem,fixed,decaps,24946
6212,mlkem,fixed,decaps,24955
6213,mlkem,fixed,decaps,24934
6214,mlkem,fixed,decaps,24961
6215,mlkem,fixed,decaps,24964
6216,mlkem,fixed,decaps,24935
6217,mlkem,fixed,decaps,24908
6218,mlkem,fixed,decaps,24912
6219,mlkem,fixed,decaps,24971
6220,mlkem,fixed,decaps,24951
6221,mlkem,fixed,decaps,24909
6222,mlkem,fixed,decaps,24921
6223,mlkem,fixed,decaps,24924
6224,mlkem,fixed,decaps,24974
6225,mlkem,fixed,decaps,24946
6226,mlkem,fixed,decaps,24919
6227,mlkem,fixed,decaps,24904
6228,mlkem,fixed,decaps,24936
6229,mlkem,fixed,decaps,24930
6230,mlkem,fixed,decaps,24932
6231,mlkem,fixed,decaps,24905
6232,mlkem,fixed,decaps,24941
6233,mlkem,fixed,decaps,24940
6234,mlkem,fixed,decaps,24939
6235,mlkem,fixed,decaps,24913
6236,mlkem,fixed,decaps,24898
6237,mlkem,fixed,decaps,24949
6238,mlkem,fixed,decaps,24944
6239,mlkem,fixed,decaps,24901
6240,mlkem,fixed,decaps,24935
6241,mlkem,fixed,decaps,24923
6242,mlkem,fixed,decaps,24925
6243,mlkem,fixed,decaps,24918
6244,mlkem,fixed,decaps,24904
6245,mlkem,fixed,decaps,24908
6246,mlkem,fixed,decaps,24930
6247,mlkem,fixed,decaps,38476
6248,mlkem,fixed,decaps,25636
6249,mlkem,fixed,decaps,25667
6250,mlkem,fixed,decaps,25675
6251,mlkem,fixed,decaps,25657
6252,mlkem,fixed,decaps,25611
6253,mlkem,fixed,decaps,25709
6254,mlkem,fixed,decaps,25674
6255,mlkem,fixed,decaps,25701
6256,mlkem,fixed,decaps,25676
6257,mlkem,fixed,decaps,25667
6258,mlkem,fixed,decaps,25656
6259,mlkem,fixed,decaps,25680
6260,mlkem,fixed,decaps,25666
6261,mlkem,fixed,decaps,25668
6262,mlkem,fixed,decaps,25641
6263,mlkem,fixed,decaps,25640
6264,mlkem,fixed,decaps,25699
6265,mlkem,fixed,decaps,25669
6266,mlkem,fixed,decaps,25649
6267,mlkem,fixed,decaps,25646
6268,mlkem,fixed,decaps,25664
6269,mlkem,fixed,decaps,25651
6270,mlkem,fixed,decaps,25637
6271,mlkem,fixed,decaps,25665
6272,mlkem,fixed,decaps,25667
6273,mlkem,fixed,decaps,25641
6274,mlkem,fixed,decaps,25617
6275,mlkem,fixed,decaps,25634
6276,mlkem,fixed,decaps,25685
6277,mlkem,fixed,decaps,25680
6278,mlkem,fixed,decaps,25668
6279,mlkem,fixed,decaps,25643
6280,mlkem,fixed,decaps,25679
6281,mlkem,fixed,decaps,25677
6282,mlkem,fixed,decaps,25653
6283,mlkem,fixed,decaps,25626
6284,mlkem,fixed,decaps,25619
6285,mlkem,fixed,decaps,25660
6286,mlkem,fixed,decaps,25636
6287,mlkem,fixed,decaps,25644
6288,mlkem,fixed,decaps,25618
6289,mlkem,fixed,decaps,25627
6290,mlkem,fixed,decaps,25654
6291,mlkem,fixed,decaps,25656
6292,mlkem,fixed,decaps,25683
6293,mlkem,fixed,decaps,25671
6294,mlkem,fixed,decaps,25668
6295,mlkem,fixed,decaps,25648
6296,mlkem,fixed,decaps,25677
6297,mlkem,fixed,decaps,25673
6298,mlkem,fixed,decaps,25681
6299,mlkem,fixed,decaps,25647
6300,mlkem,fixed,decaps,25604
6301,mlkem,fixed,decaps,25639
6302,mlkem,fixed,decaps,25693
6303,mlkem,fixed,decaps,25630
6304,mlkem,fixed,decaps,25662
6305,mlkem,fixed,decaps,25622
6306,mlkem,fixed,decaps,25633
6307,mlkem,fixed,decaps,25688
6308,mlkem,fixed,decaps,25659
6309,mlkem,fixed,decaps,25617
6310,mlkem,fixed,decaps,25647
6311,mlkem,fixed,decaps,25651
6312,mlkem,fixed,decaps,25651
6313,mlkem,fixed,decaps,25753
6314,mlkem,fixed,decaps,26403
6315,mlkem,fixed,decaps,25634
6316,mlkem,fixed,decaps,25624
6317,mlkem,fixed,decaps,25630
6318,mlkem,fixed,decaps,26274
6319,mlkem,fixed,decaps,25693
6320,mlkem,fixed,decaps,25688
6321,mlkem,fixed,decaps,25642
6322,mlkem,fixed,decaps,25667
6323,mlkem,fixed,decaps,25661
6324,mlkem,fixed,decaps,25659
6325,mlkem,fixed,decaps,25657
6326,mlkem,fixed,decaps,25661
6327,mlkem,fixed,decaps,29517
6328,mlkem,fixed,decaps,25924
6329,mlkem,fixed,decaps,25683
6330,mlkem,fixed,decaps,25697
6331,mlkem,fixed,decaps,25653
6332,mlkem,fixed,decaps,25670
6333,mlkem,fixed,decaps,25653
6334,mlkem,fixed,decaps,25707
6335,mlkem,fixed,decaps,25686
6336,mlkem,fixed,decaps,25648
6337,mlkem,fixed,decaps,25678
6338,mlkem,fixed,decaps,25643
6339,mlkem,fixed,decaps,25652
6340,mlkem,fixed,decaps,25638
6341,mlkem,fixed,decaps,25665
6342,mlkem,fixed,decaps,25658
6343,mlkem,fixed,decaps,25629
6344,mlkem,fixed,decaps,25625
6345,mlkem,fixed,decaps,25671
6346,mlkem,fixed,decaps,25666
6347,mlkem,fixed,decaps,25651
6348,mlkem,fixed,decaps,25637
6349,mlkem,fixed,decaps,25656
6350,mlkem,fixed,decaps,25659
6351,mlkem,fixed,decaps,25665
6352,mlkem,fixed,decaps,25625
6353,mlkem,fixed,decaps,25639
6354,mlkem,fixed,decaps,25651
6355,mlkem,fixed,decaps,25652
6356,mlkem,fixed,decaps,25666
6357,mlkem,fixed,decaps,25669
6358,mlkem,fixed,decaps,25653
6359,mlkem,fixed,decaps,25629
6360,mlkem,fixed,decaps,25656
6361,mlkem,fixed,decaps,25645
6362,mlkem,fixed,decaps,25664
6363,mlkem,fixed,decaps,25675
6364,mlkem,fixed,decaps,25641
6365,mlkem,fixed,decaps,25628
6366,mlkem,fixed,decaps,25688
6367,mlkem,fixed,decaps,25705
6368,mlkem,fixed,decaps,25649
6369,mlkem,fixed,decaps,25674
6370,mlkem,fixed,decaps,25637
6371,mlkem,fixed,decaps,25682
6372,mlkem,fixed,decaps,25677
6373,mlkem,fixed,decaps,25652
6374,mlkem,fixed,decaps,25660
6375,mlkem,fixed,decaps,25639
6376,mlkem,fixed,decaps,25647
6377,mlkem,fixed,decaps,25666
6378,mlkem,fixed,decaps,25620
6379,mlkem,fixed,decaps,25678
6380,mlkem,fixed,decaps,25640
6381,mlkem,fixed,decaps,25659
6382,mlkem,fixed,decaps,25643
6383,mlkem,fixed,decaps,25680
6384,mlkem,fixed,decaps,25689
6385,mlkem,fixed,decaps,25677
6386,mlkem,fixed,decaps,25642
6387,mlkem,fixed,decaps,25641
6388,mlkem,fixed,decaps,25664
6389,mlkem,fixed,decaps,25669
6390,mlkem,fixed,decaps,25631
6391,mlkem,fixed,decaps,25639
6392,mlkem,fixed,decaps,25646
6393,mlkem,fixed,decaps,25665
6394,mlkem,fixed,decaps,25655
6395,mlkem,fixed,decaps,25645
6396,mlkem,fixed,decaps,25632
6397,mlkem,fixed,decaps,25637
6398,mlkem,fixed,decaps,25664
6399,mlkem,fixed,decaps,25660
6400,mlkem,fixed,decaps,25651
6401,mlkem,fixed,decaps,25672
6402,mlkem,fixed,decaps,25644
6403,mlkem,fixed,decaps,25653
6404,mlkem,fixed,decaps,25650
6405,mlkem,fixed,decaps,25639
6406,mlkem,fixed,decaps,25675
6407,mlkem,fixed,decaps,25644
6408,mlkem,fixed,decaps,25676
6409,mlkem,fixed,decaps,25637
6410,mlkem,fixed,decaps,25635
6411,mlkem,fixed,decaps,25641
6412,mlkem,fixed,decaps,25641
6413,mlkem,fixed,decaps,25677
6414,mlkem,fixed,decaps,25637
6415,mlkem,fixed,decaps,25680
6416,mlkem,fixed,decaps,25650
6417,mlkem,fixed,decaps,25634
6418,mlkem,fixed,decaps,25644
6419,mlkem,fixed,decaps,25638
6420,mlkem,fixed,decaps,25670
6421,mlkem,fixed,decaps,25664
6422,mlkem,fixed,decaps,25680
6423,mlkem,fixed,decaps,25656
6424,mlkem,fixed,decaps,25652
6425,mlkem,fixed,decaps,25653
6426,mlkem,fixed,decaps,25688
6427,mlkem,fixed,decaps,25633
6428,mlkem,fixed,decaps,25695
6429,mlkem,fixed,decaps,25661
6430,mlkem,fixed,decaps,25637
6431,mlkem,fixed,decaps,25628
6432,mlkem,fixed,decaps,25654
6433,mlkem,fixed,decaps,25650
6434,mlkem,fixed,decaps,25649
6435,mlkem,fixed,decaps,25659
6436,mlkem,fixed,decaps,25635
6437,mlkem,fixed,decaps,29905
6438,mlkem,fixed,decaps,25741
6439,mlkem,fixed,decaps,25645
6440,mlkem,fixed,decaps,25666
6441,mlkem,fixed,decaps,37624
6442,mlkem,fixed,decaps,24243
6443,mlkem,fixed,decaps,24273
6444,mlkem,fixed,decaps,24263
6445,mlkem,fixed,decaps,24215
6446,mlkem,fixed,decaps,24208
6447,mlkem,fixed,decaps,24229
6448,mlkem,fixed,decaps,24290
6449,mlkem,fixed,decaps,24252
6450,mlkem,fixed,decaps,24196
6451,mlkem,fixed,decaps,24238
6452,mlkem,fixed,decaps,24268
6453,mlkem,fixed,decaps,24251
6454,mlkem,fixed,decaps,24926
6455,mlkem,fixed,decaps,24269
6456,mlkem,fixed,decaps,24227
6457,mlkem,fixed,decaps,24220
6458,mlkem,fixed,decaps,24253
6459,mlkem,fixed,decaps,24241
6460,mlkem,fixed,decaps,24232
6461,mlkem,fixed,decaps,24212
6462,mlkem,fixed,decaps,24217
6463,mlkem,fixed,decaps,24206
6464,mlkem,fixed,decaps,24198
6465,mlkem,fixed,decaps,24211
6466,mlkem,fixed,decaps,24231
6467,mlkem,fixed,decaps,24219
6468,mlkem,fixed,decaps,24233
6469,mlkem,fixed,decaps,24235
6470,mlkem,fixed,decaps,24233
6471,mlkem,fixed,decaps,24222
6472,mlkem,fixed,decaps,24199
6473,mlkem,fixed,decaps,24209
6474,mlkem,fixed,decaps,24255
6475,mlkem,fixed,decaps,24206
6476,mlkem,fixed,decaps,24210
6477,mlkem,fixed,decaps,24225
6478,mlkem,fixed,decaps,24228
6479,mlkem,fixed,decaps,24201
6480,mlkem,fixed,decaps,24221
6481,mlkem,fixed,decaps,24269
6482,mlkem,fixed,decaps,24202
6483,mlkem,fixed,decaps,27584
6484,mlkem,fixed,decaps,24297
6485,mlkem,fixed,decaps,24197
6486,mlkem,fixed,decaps,24238
6487,mlkem,fixed,decaps,24204
6488,mlkem,fixed,decaps,24234
6489,mlkem,fixed,decaps,24186
6490,mlkem,fixed,decaps,24205
6491,mlkem,fixed,decaps,24243
6492,mlkem,fixed,decaps,24232
6493,mlkem,fixed,decaps,24214
6494,mlkem,fixed,decaps,24198
6495,mlkem,fixed,decaps,24258
6496,mlkem,fixed,decaps,24260
6497,mlkem,fixed,decaps,24228
6498,mlkem,fixed,decaps,24174
6499,mlkem,fixed,decaps,24226
6500,mlkem,fixed,decaps,24224
6501,mlkem,fixed,decaps,24267
6502,mlkem,fixed,decaps,24212
6503,mlkem,fixed,decaps,24470
6504,mlkem,fixed,decaps,24221
6505,mlkem,fixed,decaps,24340
6506,mlkem,fixed,decaps,24242
6507,mlkem,fixed,decaps,24254
6508,mlkem,fixed,decaps,24232
6509,mlkem,fixed,decaps,24256
6510,mlkem,fixed,decaps,24231
6511,mlkem,fixed,decaps,24210
6512,mlkem,fixed,decaps,24226
6513,mlkem,fixed,decaps,24222
6514,mlkem,fixed,decaps,24221
6515,mlkem,fixed,decaps,24242
6516,mlkem,fixed,decaps,28697
6517,mlkem,fixed,decaps,24545
6518,mlkem,fixed,decaps,24293
6519,mlkem,fixed,decaps,46038
6520,mlkem,fixed,decaps,24912
6521,mlkem,fixed,decaps,24961
6522,mlkem,fixed,decaps,24943
6523,mlkem,fixed,decaps,24933
6524,mlkem,fixed,decaps,24887
6525,mlkem,fixed,decaps,24951
6526,mlkem,fixed,decaps,24931
6527,mlkem,fixed,decaps,24930
6528,mlkem,fixed,decaps,24926
6529,mlkem,fixed,decaps,24956
6530,mlkem,fixed,decaps,24894
6531,mlkem,fixed,decaps,24928
6532,mlkem,fixed,decaps,24875
6533,mlkem,fixed,decaps,24895
6534,mlkem,fixed,decaps,24961
6535,mlkem,fixed,decaps,24958
6536,mlkem,fixed,decaps,24920
6537,mlkem,fixed,decaps,24898
6538,mlkem,fixed,decaps,24919
6539,mlkem,fixed,decaps,24951
6540,mlkem,fixed,decaps,24949
6541,mlkem,fixed,decaps,24911
6542,mlkem,fixed,decaps,24938
6543,mlkem,fixed,decaps,24899
6544,mlkem,fixed,decaps,24914
6545,mlkem,fixed,decaps,24941
6546,mlkem,fixed,decaps,24948
6547,mlkem,fixed,decaps,24894
6548,mlkem,fixed,decaps,24948
6549,mlkem,fixed,decaps,24922
6550,mlkem,fixed,decaps,24908
6551,mlkem,fixed,decaps,24915
6552,mlkem,fixed,decaps,24914
6553,mlkem,fixed,decaps,24932
6554,mlkem,fixed,decaps,24949
6555,mlkem,fixed,decaps,30066
6556,mlkem,fixed,decaps,31479
6557,mlkem,fixed,decaps,30600
6558,mlkem,fixed,decaps,29902
6559,mlkem,fixed,decaps,25092
6560,mlkem,fixed,decaps,24941
6561,mlkem,fixed,decaps,24940
6562,mlkem,fixed,decaps,24952
6563,mlkem,fixed,decaps,24913
6564,mlkem,fixed,decaps,24931
6565,mlkem,fixed,decaps,24945
6566,mlkem,fixed,decaps,24937
6567,mlkem,fixed,decaps,24954
6568,mlkem,fixed,decaps,24940
6569,mlkem,fixed,decaps,24937
6570,mlkem,fixed,decaps,24922
6571,mlkem,fixed,decaps,24922
6572,mlkem,fixed,decaps,24934
6573,mlkem,fixed,decaps,24915
6574,mlkem,fixed,decaps,24885
6575,mlkem,fixed,decaps,24893
6576,mlkem,fixed,decaps,24938
6577,mlkem,fixed,decaps,24932
6578,mlkem,fixed,decaps,24922
6579,mlkem,fixed,decaps,24891
6580,mlkem,fixed,decaps,24956
6581,mlkem,fixed,decaps,24929
6582,mlkem,fixed,decaps,24917
6583,mlkem,fixed,decaps,24907
6584,mlkem,fixed,decaps,24904
6585,mlkem,fixed,decaps,24915
6586,mlkem,fixed,decaps,24911
6587,mlkem,fixed,decaps,24907
6588,mlkem,fixed,decaps,24904
6589,mlkem,fixed,decaps,24888
6590,mlkem,fixed,decaps,24918
6591,mlkem,fixed,decaps,25773
6592,mlkem,fixed,decaps,25001
6593,mlkem,fixed,decaps,24957
6594,mlkem,fixed,decaps,24895
6595,mlkem,fixed,decaps,24890
6596,mlkem,fixed,decaps,37926
6597,mlkem,fixed,decaps,25710
6598,mlkem,fixed,decaps,25660
6599,mlkem,fixed,decaps,25698
6600,mlkem,fixed,decaps,25692
6601,mlkem,fixed,decaps,25630
6602,mlkem,fixed,decaps,25650
6603,mlkem,fixed,decaps,25644
6604,mlkem,fixed,decaps,25678
6605,mlkem,fixed,decaps,25636
6606,mlkem,fixed,decaps,25655
6607,mlkem,fixed,decaps,25645
6608,mlkem,fixed,decaps,25648
6609,mlkem,fixed,decaps,25672
6610,mlkem,fixed,decaps,25659
6611,mlkem,fixed,decaps,25640
6612,mlkem,fixed,decaps,25678
6613,mlkem,fixed,decaps,25639
6614,mlkem,fixed,decaps,25655
6615,mlkem,fixed,decaps,25668
6616,mlkem,fixed,decaps,25633
6617,mlkem,fixed,decaps,25637
6618,mlkem,fixed,decaps,25642
6619,mlkem,fixed,decaps,25656
6620,mlkem,fixed,decaps,25665
6621,mlkem,fixed,decaps,25643
6622,mlkem,fixed,decaps,25643
6623,mlkem,fixed,decaps,25645
6624,mlkem,fixed,decaps,25676
6625,mlkem,fixed,decaps,25659
6626,mlkem,fixed,decaps,25629
6627,mlkem,fixed,decaps,25646
6628,mlkem,fixed,decaps,25663
6629,mlkem,fixed,decaps,25661
6630,mlkem,fixed,decaps,25651
6631,mlkem,fixed,decaps,25650
6632,mlkem,fixed,decaps,25635
6633,mlkem,fixed,decaps,25668
6634,mlkem,fixed,decaps,25642
6635,mlkem,fixed,decaps,38080
6636,mlkem,fixed,decaps,24921
6637,mlkem,fixed,decaps,24935
6638,mlkem,fixed,decaps,28947
6639,mlkem,fixed,decaps,25029
6640,mlkem,fixed,decaps,24938
6641,mlkem,fixed,decaps,24893
6642,mlkem,fixed,decaps,24965
6643,mlkem,fixed,decaps,24934
6644,mlkem,fixed,decaps,24937
6645,mlkem,fixed,decaps,24920
6646,mlkem,fixed,decaps,24959
6647,mlkem,fixed,decaps,24965
6648,mlkem,fixed,decaps,24931
6649,mlkem,fixed,decaps,24905
6650,mlkem,fixed,decaps,24918
6651,mlkem,fixed,decaps,24909
6652,mlkem,fixed,decaps,24941
6653,mlkem,fixed,decaps,24897
6654,mlkem,fixed,decaps,24953
6655,mlkem,fixed,decaps,24886
6656,mlkem,fixed,decaps,24912
6657,mlkem,fixed,decaps,24952
6658,mlkem,fixed,decaps,24967
6659,mlkem,fixed,decaps,24914
6660,mlkem,fixed,decaps,24904
6661,mlkem,fixed,decaps,24919
6662,mlkem,fixed,decaps,24923
6663,mlkem,fixed,decaps,24921
6664,mlkem,fixed,decaps,24899
6665,mlkem,fixed,decaps,24903
6666,mlkem,fixed,decaps,24954
6667,mlkem,fixed,decaps,24919
6668,mlkem,fixed,decaps,24932
6669,mlkem,fixed,decaps,24905
6670,mlkem,fixed,decaps,24935
6671,mlkem,fixed,decaps,24912
6672,mlkem,fixed,decaps,24927
6673,mlkem,fixed,decaps,24879
6674,mlkem,fixed,decaps,24935
6675,mlkem,fixed,decaps,24951
6676,mlkem,fixed,decaps,24921
6677,mlkem,fixed,decaps,24903
6678,mlkem,fixed,decaps,24911
6679,mlkem,fixed,decaps,24900
6680,mlkem,fixed,decaps,24958
6681,mlkem,fixed,decaps,24931
6682,mlkem,fixed,decaps,24917
6683,mlkem,fixed,decaps,24890
6684,mlkem,fixed,decaps,24947
6685,mlkem,fixed,decaps,24921
6686,mlkem,fixed,decaps,24932
6687,mlkem,fixed,decaps,24908
6688,mlkem,fixed,decaps,24924
6689,mlkem,fixed,decaps,24915
6690,mlkem,fixed,decaps,24940
6691,mlkem,fixed,decaps,24922
6692,mlkem,fixed,decaps,24909
6693,mlkem,fixed,decaps,24918
6694,mlkem,fixed,decaps,24948
6695,mlkem,fixed,decaps,24938
6696,mlkem,fixed,decaps,24947
6697,mlkem,fixed,decaps,24938
6698,mlkem,fixed,decaps,24907
6699,mlkem,fixed,decaps,24911
6700,mlkem,fixed,decaps,24924
6701,mlkem,fixed,decaps,24895
6702,mlkem,fixed,decaps,24892
6703,mlkem,fixed,decaps,24917
6704,mlkem,fixed,decaps,24945
6705,mlkem,fixed,decaps,24916
6706,mlkem,fixed,decaps,24919
6707,mlkem,fixed,decaps,24890
6708,mlkem,fixed,decaps,24896
6709,mlkem,fixed,decaps,24943
6710,mlkem,fixed,decaps,24927
6711,mlkem,fixed,decaps,24898
6712,mlkem,fixed,decaps,24884
6713,mlkem,fixed,decaps,24945
6714,mlkem,fixed,decaps,24940
6715,mlkem,fixed,decaps,24902
6716,mlkem,fixed,decaps,24939
6717,mlkem,fixed,decaps,24919
6718,mlkem,fixed,decaps,24934
6719,mlkem,fixed,decaps,24912
6720,mlkem,fixed,decaps,24909
6721,mlkem,fixed,decaps,24921
6722,mlkem,fixed,decaps,24935
6723,mlkem,fixed,decaps,24922
6724,mlkem,fixed,decaps,24910
6725,mlkem,fixed,decaps,24916
6726,mlkem,fixed,decaps,24936
6727,mlkem,fixed,decaps,25712
6728,mlkem,fixed,decaps,25012
6729,mlkem,fixed,decaps,24904
6730,mlkem,fixed,decaps,24901
6731,mlkem,fixed,decaps,24885
6732,mlkem,fixed,decaps,24928
6733,mlkem,fixed,decaps,24953
6734,mlkem,fixed,decaps,24935
6735,mlkem,fixed,decaps,24932
6736,mlkem,fixed,decaps,24936
6737,mlkem,fixed,decaps,24945
6738,mlkem,fixed,decaps,24949
6739,mlkem,fixed,decaps,24906
6740,mlkem,fixed,decaps,24945
6741,mlkem,fixed,decaps,24908
6742,mlkem,fixed,decaps,24946
6743,mlkem,fixed,decaps,24941
6744,mlkem,fixed,decaps,24928
6745,mlkem,fixed,decaps,24923
6746,mlkem,fixed,decaps,24925
6747,mlkem,fixed,decaps,24892
6748,mlkem,fixed,decaps,24944
6749,mlkem,fixed,decaps,24903
6750,mlkem,fixed,decaps,24887
6751,mlkem,fixed,decaps,24911
6752,mlkem,fixed,decaps,24923
6753,mlkem,fixed,decaps,24934
6754,mlkem,fixed,decaps,24921
6755,mlkem,fixed,decaps,24916
6756,mlkem,fixed,decaps,24943
6757,mlkem,fixed,decaps,24936
6758,mlkem,fixed,decaps,24924
6759,mlkem,fixed,decaps,24893
6760,mlkem,fixed,decaps,24921
6761,mlkem,fixed,decaps,24926
6762,mlkem,fixed,decaps,24947
6763,mlkem,fixed,decaps,24933
6764,mlkem,fixed,decaps,24898
6765,mlkem,fixed,decaps,24920
6766,mlkem,fixed,decaps,24946
6767,mlkem,fixed,decaps,24919
6768,mlkem,fixed,decaps,24917
6769,mlkem,fixed,decaps,24896
6770,mlkem,fixed,decaps,24918
6771,mlkem,fixed,decaps,24968
6772,mlkem,fixed,decaps,24930
6773,mlkem,fixed,decaps,24918
6774,mlkem,fixed,decaps,24902
6775,mlkem,fixed,decaps,24926
6776,mlkem,fixed,decaps,24932
6777,mlkem,fixed,decaps,24881
6778,mlkem,fixed,decaps,24917
6779,mlkem,fixed,decaps,24970
6780,mlkem,fixed,decaps,24919
6781,mlkem,fixed,decaps,24947
6782,mlkem,fixed,decaps,24898
6783,mlkem,fixed,decaps,24904
6784,mlkem,fixed,decaps,24942
6785,mlkem,fixed,decaps,24966
6786,mlkem,fixed,decaps,24953
6787,mlkem,fixed,decaps,24890
6788,mlkem,fixed,decaps,24935
6789,mlkem,fixed,decaps,24939
6790,mlkem,fixed,decaps,24948
6791,mlkem,fixed,decaps,24899
6792,mlkem,fixed,decaps,24903
6793,mlkem,fixed,decaps,24925
6794,mlkem,fixed,decaps,24947
6795,mlkem,fixed,decaps,24929
6796,mlkem,fixed,decaps,28010
6797,mlkem,fixed,decaps,25064
6798,mlkem,fixed,decaps,24970
6799,mlkem,fixed,decaps,24957
6800,mlkem,fixed,decaps,24959
6801,mlkem,fixed,decaps,24952
6802,mlkem,fixed,decaps,24945
6803,mlkem,fixed,decaps,25000
6804,mlkem,fixed,decaps,24993
6805,mlkem,fixed,decaps,24933
6806,mlkem,fixed,decaps,24911
6807,mlkem,fixed,decaps,24909
6808,mlkem,fixed,decaps,24968
6809,mlkem,fixed,decaps,24960
6810,mlkem,fixed,decaps,24959
6811,mlkem,fixed,decaps,24922
6812,mlkem,fixed,decaps,24952
6813,mlkem,fixed,decaps,24939
6814,mlkem,fixed,decaps,24940
6815,mlkem,fixed,decaps,24965
6816,mlkem,fixed,decaps,24923
6817,mlkem,fixed,decaps,24924
6818,mlkem,fixed,decaps,24944
6819,mlkem,fixed,decaps,24918
6820,mlkem,fixed,decaps,24919
6821,mlkem,fixed,decaps,24927
6822,mlkem,fixed,decaps,24934
6823,mlkem,fixed,decaps,24954
6824,mlkem,fixed,decaps,24914
6825,mlkem,fixed,decaps,24934
6826,mlkem,fixed,decaps,24929
6827,mlkem,fixed,decaps,24924
6828,mlkem,fixed,decaps,24926
6829,mlkem,fixed,decaps,24911
6830,mlkem,fixed,decaps,24906
6831,mlkem,fixed,decaps,24912
6832,mlkem,fixed,decaps,24929
6833,mlkem,fixed,decaps,24923
6834,mlkem,fixed,decaps,24940
6835,mlkem,fixed,decaps,24923
6836,mlkem,fixed,decaps,24928
6837,mlkem,fixed,decaps,24905
6838,mlkem,fixed,decaps,24917
6839,mlkem,fixed,decaps,24923
6840,mlkem,fixed,decaps,24893
6841,mlkem,fixed,decaps,24958
6842,mlkem,fixed,decaps,24929
6843,mlkem,fixed,decaps,24931
6844,mlkem,fixed,decaps,24925
6845,mlkem,fixed,decaps,24941
6846,mlkem,fixed,decaps,24953
6847,mlkem,fixed,decaps,24912
6848,mlkem,fixed,decaps,24915
6849,mlkem,fixed,decaps,24911
6850,mlkem,fixed,decaps,24928
6851,mlkem,fixed,decaps,24948
6852,mlkem,fixed,decaps,24962
6853,mlkem,fixed,decaps,24897
6854,mlkem,fixed,decaps,24927
6855,mlkem,fixed,decaps,24916
6856,mlkem,fixed,decaps,24915
6857,mlkem,fixed,decaps,24899
6858,mlkem,fixed,decaps,24956
6859,mlkem,fixed,decaps,24928
6860,mlkem,fixed,decaps,24975
6861,mlkem,fixed,decaps,24953
6862,mlkem,fixed,decaps,24947
6863,mlkem,fixed,decaps,24931
6864,mlkem,fixed,decaps,25638
6865,mlkem,fixed,decaps,24992
6866,mlkem,fixed,decaps,24957
6867,mlkem,fixed,decaps,24935
6868,mlkem,fixed,decaps,24936
6869,mlkem,fixed,decaps,37805
6870,mlkem,fixed,decaps,25718
6871,mlkem,fixed,decaps,25640
6872,mlkem,fixed,decaps,25654
6873,mlkem,fixed,decaps,25648
6874,mlkem,fixed,decaps,25677
6875,mlkem,fixed,decaps,25643
6876,mlkem,fixed,decaps,25627
6877,mlkem,fixed,decaps,25590
6878,mlkem,fixed,decaps,25661
6879,mlkem,fixed,decaps,25687
6880,mlkem,fixed,decaps,25662
6881,mlkem,fixed,decaps,25657
6882,mlkem,fixed,decaps,25677
6883,mlkem,fixed,decaps,25667
6884,mlkem,fixed,decaps,25674
6885,mlkem,fixed,decaps,25685
6886,mlkem,fixed,decaps,25629
6887,mlkem,fixed,decaps,25618
6888,mlkem,fixed,decaps,25633
6889,mlkem,fixed,decaps,25688
6890,mlkem,fixed,decaps,25665
6891,mlkem,fixed,decaps,25657
6892,mlkem,fixed,decaps,25671
6893,mlkem,fixed,decaps,25646
6894,mlkem,fixed,decaps,25674
6895,mlkem,fixed,decaps,25688
6896,mlkem,fixed,decaps,25645
6897,mlkem,fixed,decaps,25633
6898,mlkem,fixed,decaps,25669
6899,mlkem,fixed,decaps,25649
6900,mlkem,fixed,decaps,25665
6901,mlkem,fixed,decaps,25652
6902,mlkem,fixed,decaps,25629
6903,mlkem,fixed,decaps,25650
6904,mlkem,fixed,decaps,25651
6905,mlkem,fixed,decaps,25653
6906,mlkem,fixed,decaps,25662
6907,mlkem,fixed,decaps,25652
6908,mlkem,fixed,decaps,25639
6909,mlkem,fixed,decaps,25683
6910,mlkem,fixed,decaps,25648
6911,mlkem,fixed,decaps,25643
6912,mlkem,fixed,decaps,25683
6913,mlkem,fixed,decaps,25694
6914,mlkem,fixed,decaps,25645
6915,mlkem,fixed,decaps,25650
6916,mlkem,fixed,decaps,25666
6917,mlkem,fixed,decaps,25627
6918,mlkem,fixed,decaps,25700
6919,mlkem,fixed,decaps,25637
6920,mlkem,fixed,decaps,25647
6921,mlkem,fixed,decaps,25645
6922,mlkem,fixed,decaps,25665
6923,mlkem,fixed,decaps,25644
6924,mlkem,fixed,decaps,25657
6925,mlkem,fixed,decaps,25630
6926,mlkem,fixed,decaps,25711
6927,mlkem,fixed,decaps,25668
6928,mlkem,fixed,decaps,25657
6929,mlkem,fixed,decaps,25650
6930,mlkem,fixed,decaps,25664
6931,mlkem,fixed,decaps,25665
6932,mlkem,fixed,decaps,25660
6933,mlkem,fixed,decaps,25658
6934,mlkem,fixed,decaps,25613
6935,mlkem,fixed,decaps,25684
6936,mlkem,fixed,decaps,25658
6937,mlkem,fixed,decaps,25667
6938,mlkem,fixed,decaps,25644
6939,mlkem,fixed,decaps,25678
6940,mlkem,fixed,decaps,25657
6941,mlkem,fixed,decaps,25644
6942,mlkem,fixed,decaps,25691
6943,mlkem,fixed,decaps,25672
6944,mlkem,fixed,decaps,25665
6945,mlkem,fixed,decaps,25628
6946,mlkem,fixed,decaps,25645
6947,mlkem,fixed,decaps,25672
6948,mlkem,fixed,decaps,25667
6949,mlkem,fixed,decaps,25615
6950,mlkem,fixed,decaps,25620
6951,mlkem,fixed,decaps,28994
6952,mlkem,fixed,decaps,25864
6953,mlkem,fixed,decaps,25724
6954,mlkem,fixed,decaps,25677
6955,mlkem,fixed,decaps,25677
6956,mlkem,fixed,decaps,25670
6957,mlkem,fixed,decaps,25633
6958,mlkem,fixed,decaps,25630
6959,mlkem,fixed,decaps,25679
6960,mlkem,fixed,decaps,25685
6961,mlkem,fixed,decaps,25639
6962,mlkem,fixed,decaps,25680
6963,mlkem,fixed,decaps,25686
6964,mlkem,fixed,decaps,25678
6965,mlkem,fixed,decaps,25653
6966,mlkem,fixed,decaps,25623
6967,mlkem,fixed,decaps,25655
6968,mlkem,fixed,decaps,25668
6969,mlkem,fixed,decaps,25640
6970,mlkem,fixed,decaps,25676
6971,mlkem,fixed,decaps,25595
6972,mlkem,fixed,decaps,25675
6973,mlkem,fixed,decaps,25634
6974,mlkem,fixed,decaps,25666
6975,mlkem,fixed,decaps,25662
6976,mlkem,fixed,decaps,25676
6977,mlkem,fixed,decaps,25662
6978,mlkem,fixed,decaps,25683
6979,mlkem,fixed,decaps,25682
6980,mlkem,fixed,decaps,25672
6981,mlkem,fixed,decaps,25651
6982,mlkem,fixed,decaps,25672
6983,mlkem,fixed,decaps,25635
6984,mlkem,fixed,decaps,25680
6985,mlkem,fixed,decaps,25694
6986,mlkem,fixed,decaps,25656
6987,mlkem,fixed,decaps,25605
6988,mlkem,fixed,decaps,25627
6989,mlkem,fixed,decaps,25676
6990,mlkem,fixed,decaps,25647
6991,mlkem,fixed,decaps,25657
6992,mlkem,fixed,decaps,25625
6993,mlkem,fixed,decaps,25637
6994,mlkem,fixed,decaps,25647
6995,mlkem,fixed,decaps,25657
6996,mlkem,fixed,decaps,25671
6997,mlkem,fixed,decaps,25646
6998,mlkem,fixed,decaps,25652
6999,mlkem,fixed,decaps,25595
7000,mlkem,fixed,decaps,26399
7001,mlkem,fixed,decaps,25694
7002,mlkem,fixed,decaps,25728
7003,mlkem,fixed,decaps,25705
7004,mlkem,fixed,decaps,25643
7005,mlkem,fixed,decaps,25660
7006,mlkem,fixed,decaps,25665
7007,mlkem,fixed,decaps,25653
7008,mlkem,fixed,decaps,25629
7009,mlkem,fixed,decaps,25634
7010,mlkem,fixed,decaps,25622
7011,mlkem,fixed,decaps,25662
7012,mlkem,fixed,decaps,25675
7013,mlkem,fixed,decaps,25657
7014,mlkem,fixed,decaps,25675
7015,mlkem,fixed,decaps,25622
7016,mlkem,fixed,decaps,25654
7017,mlkem,fixed,decaps,25670
7018,mlkem,fixed,decaps,25679
7019,mlkem,fixed,decaps,25670
7020,mlkem,fixed,decaps,25635
7021,mlkem,fixed,decaps,25630
7022,mlkem,fixed,decaps,25676
7023,mlkem,fixed,decaps,25680
7024,mlkem,fixed,decaps,25650
7025,mlkem,fixed,decaps,25635
7026,mlkem,fixed,decaps,25666
7027,mlkem,fixed,decaps,25663
7028,mlkem,fixed,decaps,25658
7029,mlkem,fixed,decaps,25666
7030,mlkem,fixed,decaps,25618
7031,mlkem,fixed,decaps,25621
7032,mlkem,fixed,decaps,25662
7033,mlkem,fixed,decaps,25661
7034,mlkem,fixed,decaps,25666
7035,mlkem,fixed,decaps,25663
7036,mlkem,fixed,decaps,25637
7037,mlkem,fixed,decaps,25646
7038,mlkem,fixed,decaps,25685
7039,mlkem,fixed,decaps,25654
7040,mlkem,fixed,decaps,25657
7041,mlkem,fixed,decaps,25619
7042,mlkem,fixed,decaps,25649
7043,mlkem,fixed,decaps,25653
7044,mlkem,fixed,decaps,25669
7045,mlkem,fixed,decaps,25624
7046,mlkem,fixed,decaps,25663
7047,mlkem,fixed,decaps,25628
7048,mlkem,fixed,decaps,25674
7049,mlkem,fixed,decaps,25662
7050,mlkem,fixed,decaps,25640
7051,mlkem,fixed,decaps,25626
7052,mlkem,fixed,decaps,25656
7053,mlkem,fixed,decaps,25644
7054,mlkem,fixed,decaps,25646
7055,mlkem,fixed,decaps,25650
7056,mlkem,fixed,decaps,25646
7057,mlkem,fixed,decaps,25615
7058,mlkem,fixed,decaps,25638
7059,mlkem,fixed,decaps,29170
7060,mlkem,fixed,decaps,26175
7061,mlkem,fixed,decaps,25663
7062,mlkem,fixed,decaps,25643
7063,mlkem,fixed,decaps,37304
7064,mlkem,fixed,decaps,24295
7065,mlkem,fixed,decaps,24231
7066,mlkem,fixed,decaps,24263
7067,mlkem,fixed,decaps,24228
7068,mlkem,fixed,decaps,24223
7069,mlkem,fixed,decaps,24237
7070,mlkem,fixed,decaps,24250
7071,mlkem,fixed,decaps,24231
7072,mlkem,fixed,decaps,24251
7073,mlkem,fixed,decaps,24220
7074,mlkem,fixed,decaps,24242
7075,mlkem,fixed,decaps,24240
7076,mlkem,fixed,decaps,24236
7077,mlkem,fixed,decaps,24203
7078,mlkem,fixed,decaps,24229
7079,mlkem,fixed,decaps,24265
7080,mlkem,fixed,decaps,24282
7081,mlkem,fixed,decaps,24247
7082,mlkem,fixed,decaps,24227
7083,mlkem,fixed,decaps,24223
7084,mlkem,fixed,decaps,24262
7085,mlkem,fixed,decaps,24249
7086,mlkem,fixed,decaps,24235
7087,mlkem,fixed,decaps,24235
7088,mlkem,fixed,decaps,24295
7089,mlkem,fixed,decaps,24241
7090,mlkem,fixed,decaps,24201
7091,mlkem,fixed,decaps,24220
7092,mlkem,fixed,decaps,24232
7093,mlkem,fixed,decaps,24223
7094,mlkem,fixed,decaps,24285
7095,mlkem,fixed,decaps,24247
7096,mlkem,fixed,decaps,24199
7097,mlkem,fixed,decaps,24270
7098,mlkem,fixed,decaps,24249
7099,mlkem,fixed,decaps,24203
7100,mlkem,fixed,decaps,24212
7101,mlkem,fixed,decaps,24255
7102,mlkem,fixed,decaps,24223
7103,mlkem,fixed,decaps,24225
7104,mlkem,fixed,decaps,24222
7105,mlkem,fixed,decaps,24258
7106,mlkem,fixed,decaps,24229
7107,mlkem,fixed,decaps,27723
7108,mlkem,fixed,decaps,24412
7109,mlkem,fixed,decaps,24277
7110,mlkem,fixed,decaps,24275
7111,mlkem,fixed,decaps,24189
7112,mlkem,fixed,decaps,24248
7113,mlkem,fixed,decaps,24246
7114,mlkem,fixed,decaps,24236
7115,mlkem,fixed,decaps,24234
7116,mlkem,fixed,decaps,24214
7117,mlkem,fixed,decaps,24240
7118,mlkem,fixed,decaps,24248
7119,mlkem,fixed,decaps,24246
7120,mlkem,fixed,decaps,24221
7121,mlkem,fixed,decaps,24240
7122,mlkem,fixed,decaps,24244
7123,mlkem,fixed,decaps,24266
7124,mlkem,fixed,decaps,24254
7125,mlkem,fixed,decaps,24247
7126,mlkem,fixed,decaps,24264
7127,mlkem,fixed,decaps,24261
7128,mlkem,fixed,decaps,24276
7129,mlkem,fixed,decaps,24229
7130,mlkem,fixed,decaps,24235
7131,mlkem,fixed,decaps,24259
7132,mlkem,fixed,decaps,24255
7133,mlkem,fixed,decaps,24234
7134,mlkem,fixed,decaps,24244
7135,mlkem,fixed,decaps,24223
7136,mlkem,fixed,decaps,24296
7137,mlkem,fixed,decaps,24963
7138,mlkem,fixed,decaps,24276
7139,mlkem,fixed,decaps,24260
7140,mlkem,fixed,decaps,24217
7141,mlkem,fixed,decaps,28694
7142,mlkem,fixed,decaps,24594
7143,mlkem,fixed,decaps,24254
7144,mlkem,fixed,decaps,45763
7145,mlkem,fixed,decaps,24919
7146,mlkem,fixed,decaps,24923
7147,mlkem,fixed,decaps,24909
7148,mlkem,fixed,decaps,24921
7149,mlkem,fixed,decaps,24929
7150,mlkem,fixed,decaps,24943
7151,mlkem,fixed,decaps,24909
7152,mlkem,fixed,decaps,24929
7153,mlkem,fixed,decaps,24917
7154,mlkem,fixed,decaps,24923
7155,mlkem,fixed,decaps,24935
7156,mlkem,fixed,decaps,24906
7157,mlkem,fixed,decaps,24941
7158,mlkem,fixed,decaps,24941
7159,mlkem,fixed,decaps,24948
7160,mlkem,fixed,decaps,24924
7161,mlkem,fixed,decaps,24911
7162,mlkem,fixed,decaps,24900
7163,mlkem,fixed,decaps,24930
7164,mlkem,fixed,decaps,24940
7165,mlkem,fixed,decaps,24910
7166,mlkem,fixed,decaps,24913
7167,mlkem,fixed,decaps,24923
7168,mlkem,fixed,decaps,24950
7169,mlkem,fixed,decaps,24907
7170,mlkem,fixed,decaps,24906
7171,mlkem,fixed,decaps,24922
7172,mlkem,fixed,decaps,24913
7173,mlkem,fixed,decaps,24916
7174,mlkem,fixed,decaps,24889
7175,mlkem,fixed,decaps,24897
7176,mlkem,fixed,decaps,24954
7177,mlkem,fixed,decaps,24911
7178,mlkem,fixed,decaps,24922
7179,mlkem,fixed,decaps,24914
7180,mlkem,fixed,decaps,24921
7181,mlkem,fixed,decaps,24933
7182,mlkem,fixed,decaps,24929
7183,mlkem,fixed,decaps,24925
7184,mlkem,fixed,decaps,24916
7185,mlkem,fixed,decaps,24927
7186,mlkem,fixed,decaps,24945
7187,mlkem,fixed,decaps,24906
7188,mlkem,fixed,decaps,24935
7189,mlkem,fixed,decaps,24934
7190,mlkem,fixed,decaps,24946
7191,mlkem,fixed,decaps,24890
7192,mlkem,fixed,decaps,24908
7193,mlkem,fixed,decaps,24900
7194,mlkem,fixed,decaps,24882
7195,mlkem,fixed,decaps,24920
7196,mlkem,fixed,decaps,24919
7197,mlkem,fixed,decaps,24902
7198,mlkem,fixed,decaps,24907
7199,mlkem,fixed,decaps,24887
7200,mlkem,fixed,decaps,24928
7201,mlkem,fixed,decaps,24958
7202,mlkem,fixed,decaps,24945
7203,mlkem,fixed,decaps,24920
7204,mlkem,fixed,decaps,24925
7205,mlkem,fixed,decaps,24944
7206,mlkem,fixed,decaps,24924
7207,mlkem,fixed,decaps,24866
7208,mlkem,fixed,decaps,24893
7209,mlkem,fixed,decaps,24915
7210,mlkem,fixed,decaps,24925
7211,mlkem,fixed,decaps,24939
7212,mlkem,fixed,decaps,24931
7213,mlkem,fixed,decaps,24890
7214,mlkem,fixed,decaps,24931
7215,mlkem,fixed,decaps,24918
7216,mlkem,fixed,decaps,24945
7217,mlkem,fixed,decaps,24873
7218,mlkem,fixed,decaps,24927
7219,mlkem,fixed,decaps,24956
7220,mlkem,fixed,decaps,24912
7221,mlkem,fixed,decaps,24895
7222,mlkem,fixed,decaps,24932
7223,mlkem,fixed,decaps,24932
7224,mlkem,fixed,decaps,24911
7225,mlkem,fixed,decaps,24963
7226,mlkem,fixed,decaps,24913
7227,mlkem,fixed,decaps,24901
7228,mlkem,fixed,decaps,24915
7229,mlkem,fixed,decaps,24911
7230,mlkem,fixed,decaps,24933
7231,mlkem,fixed,decaps,24877
7232,mlkem,fixed,decaps,24910
7233,mlkem,fixed,decaps,24959
7234,mlkem,fixed,decaps,24940
7235,mlkem,fixed,decaps,24874
7236,mlkem,fixed,decaps,24911
7237,mlkem,fixed,decaps,24922
7238,mlkem,fixed,decaps,24919
7239,mlkem,fixed,decaps,24887
7240,mlkem,fixed,decaps,24906
7241,mlkem,fixed,decaps,24916
7242,mlkem,fixed,decaps,24945
7243,mlkem,fixed,decaps,24936
7244,mlkem,fixed,decaps,24904
7245,mlkem,fixed,decaps,24893
7246,mlkem,fixed,decaps,24923
7247,mlkem,fixed,decaps,24935
7248,mlkem,fixed,decaps,24910
7249,mlkem,fixed,decaps,24899
7250,mlkem,fixed,decaps,24882
7251,mlkem,fixed,decaps,24924
7252,mlkem,fixed,decaps,24921
7253,mlkem,fixed,decaps,24919
7254,mlkem,fixed,decaps,24919
7255,mlkem,fixed,decaps,24922
7256,mlkem,fixed,decaps,24906
7257,mlkem,fixed,decaps,24940
7258,mlkem,fixed,decaps,24925
7259,mlkem,fixed,decaps,24889
7260,mlkem,fixed,decaps,24915
7261,mlkem,fixed,decaps,24891
7262,mlkem,fixed,decaps,24924
7263,mlkem,fixed,decaps,24955
7264,mlkem,fixed,decaps,24917
7265,mlkem,fixed,decaps,27952
7266,mlkem,fixed,decaps,25174
7267,mlkem,fixed,decaps,24972
7268,mlkem,fixed,decaps,24924
7269,mlkem,fixed,decaps,24921
7270,mlkem,fixed,decaps,24888
7271,mlkem,fixed,decaps,24907
7272,mlkem,fixed,decaps,24936
7273,mlkem,fixed,decaps,25628
7274,mlkem,fixed,decaps,25011
7275,mlkem,fixed,decaps,24917
7276,mlkem,fixed,decaps,24933
7277,mlkem,fixed,decaps,24905
7278,mlkem,fixed,decaps,24923
7279,mlkem,fixed,decaps,24919
7280,mlkem,fixed,decaps,24924
7281,mlkem,fixed,decaps,24929
7282,mlkem,fixed,decaps,24950
7283,mlkem,fixed,decaps,24894
7284,mlkem,fixed,decaps,24870
7285,mlkem,fixed,decaps,24907
7286,mlkem,fixed,decaps,24910
7287,mlkem,fixed,decaps,24919
7288,mlkem,fixed,decaps,24888
7289,mlkem,fixed,decaps,24878
7290,mlkem,fixed,decaps,24920
7291,mlkem,fixed,decaps,24926
7292,mlkem,fixed,decaps,24951
7293,mlkem,fixed,decaps,24883
7294,mlkem,fixed,decaps,24901
7295,mlkem,fixed,decaps,24925
7296,mlkem,fixed,decaps,24941
7297,mlkem,fixed,decaps,24910
7298,mlkem,fixed,decaps,24926
7299,mlkem,fixed,decaps,24892
7300,mlkem,fixed,decaps,24951
7301,mlkem,fixed,decaps,24935
7302,mlkem,fixed,decaps,24918
7303,mlkem,fixed,decaps,24899
7304,mlkem,fixed,decaps,24930
7305,mlkem,fixed,decaps,24938
7306,mlkem,fixed,decaps,24948
7307,mlkem,fixed,decaps,24935
7308,mlkem,fixed,decaps,24899
7309,mlkem,fixed,decaps,24917
7310,mlkem,fixed,decaps,24905
7311,mlkem,fixed,decaps,24909
7312,mlkem,fixed,decaps,24901
7313,mlkem,fixed,decaps,24901
7314,mlkem,fixed,decaps,24926
7315,mlkem,fixed,decaps,24901
7316,mlkem,fixed,decaps,24917
7317,mlkem,fixed,decaps,24878
7318,mlkem,fixed,decaps,24931
7319,mlkem,fixed,decaps,24947
7320,mlkem,fixed,decaps,24947
7321,mlkem,fixed,decaps,24875
7322,mlkem,fixed,decaps,24910
7323,mlkem,fixed,decaps,24888
7324,mlkem,fixed,decaps,24933
7325,mlkem,fixed,decaps,24925
7326,mlkem,fixed,decaps,24923
7327,mlkem,fixed,decaps,24908
7328,mlkem,fixed,decaps,24932
7329,mlkem,fixed,decaps,24923
7330,mlkem,fixed,decaps,24919
7331,mlkem,fixed,decaps,24880
7332,mlkem,fixed,decaps,24935
7333,mlkem,fixed,decaps,24904
7334,mlkem,fixed,decaps,24957
7335,mlkem,fixed,decaps,24872
7336,mlkem,fixed,decaps,24894
7337,mlkem,fixed,decaps,24926
7338,mlkem,fixed,decaps,24912
7339,mlkem,fixed,decaps,24899
7340,mlkem,fixed,decaps,24924
7341,mlkem,fixed,decaps,24899
7342,mlkem,fixed,decaps,24898
7343,mlkem,fixed,decaps,24907
7344,mlkem,fixed,decaps,24920
7345,mlkem,fixed,decaps,24927
7346,mlkem,fixed,decaps,24922
7347,mlkem,fixed,decaps,29831
7348,mlkem,fixed,decaps,31959
7349,mlkem,fixed,decaps,25095
7350,mlkem,fixed,decaps,28762
7351,mlkem,fixed,decaps,32064
7352,mlkem,fixed,decaps,25166
7353,mlkem,fixed,decaps,24962
7354,mlkem,fixed,decaps,24936
7355,mlkem,fixed,decaps,24941
7356,mlkem,fixed,decaps,24953
7357,mlkem,fixed,decaps,24952
7358,mlkem,fixed,decaps,24910
7359,mlkem,fixed,decaps,24941
7360,mlkem,fixed,decaps,24953
7361,mlkem,fixed,decaps,24943
7362,mlkem,fixed,decaps,24918
7363,mlkem,fixed,decaps,24944
7364,mlkem,fixed,decaps,24925
7365,mlkem,fixed,decaps,24936
7366,mlkem,fixed,decaps,24916
7367,mlkem,fixed,decaps,24921
7368,mlkem,fixed,decaps,24934
7369,mlkem,fixed,decaps,24904
7370,mlkem,fixed,decaps,24942
7371,mlkem,fixed,decaps,24932
7372,mlkem,fixed,decaps,24926
7373,mlkem,fixed,decaps,24946
7374,mlkem,fixed,decaps,24937
7375,mlkem,fixed,decaps,24937
7376,mlkem,fixed,decaps,24915
7377,mlkem,fixed,decaps,24909
7378,mlkem,fixed,decaps,24924
7379,mlkem,fixed,decaps,24978
7380,mlkem,fixed,decaps,24939
7381,mlkem,fixed,decaps,24935
7382,mlkem,fixed,decaps,24912
7383,mlkem,fixed,decaps,24901
7384,mlkem,fixed,decaps,24962
7385,mlkem,fixed,decaps,24934
7386,mlkem,fixed,decaps,24966
7387,mlkem,fixed,decaps,24934
7388,mlkem,fixed,decaps,24933
7389,mlkem,fixed,decaps,24928
7390,mlkem,fixed,decaps,24932
7391,mlkem,fixed,decaps,24920
7392,mlkem,fixed,decaps,24962
7393,mlkem,fixed,decaps,24932
7394,mlkem,fixed,decaps,24939
7395,mlkem,fixed,decaps,24903
7396,mlkem,fixed,decaps,24910
7397,mlkem,fixed,decaps,24915
7398,mlkem,fixed,decaps,24948
7399,mlkem,fixed,decaps,24937
7400,mlkem,fixed,decaps,24943
7401,mlkem,fixed,decaps,24924
7402,mlkem,fixed,decaps,24941
7403,mlkem,fixed,decaps,24947
7404,mlkem,fixed,decaps,24935
7405,mlkem,fixed,decaps,24931
7406,mlkem,fixed,decaps,24903
7407,mlkem,fixed,decaps,24958
7408,mlkem,fixed,decaps,24935
7409,mlkem,fixed,decaps,24926
7410,mlkem,fixed,decaps,25653
7411,mlkem,fixed,decaps,24916
7412,mlkem,fixed,decaps,24978
7413,mlkem,fixed,decaps,24940
7414,mlkem,fixed,decaps,24956
7415,mlkem,fixed,decaps,24919
7416,mlkem,fixed,decaps,24906
7417,mlkem,fixed,decaps,24965
7418,mlkem,fixed,decaps,38789
7419,mlkem,fixed,decaps,25649
7420,mlkem,fixed,decaps,25678
7421,mlkem,fixed,decaps,25728
7422,mlkem,fixed,decaps,29877
7423,mlkem,fixed,decaps,25776
7424,mlkem,fixed,decaps,25644
7425,mlkem,fixed,decaps,25664
7426,mlkem,fixed,decaps,25668
7427,mlkem,fixed,decaps,25661
7428,mlkem,fixed,decaps,25697
7429,mlkem,fixed,decaps,25633
7430,mlkem,fixed,decaps,25688
7431,mlkem,fixed,decaps,25720
7432,mlkem,fixed,decaps,25650
7433,mlkem,fixed,decaps,25642
7434,mlkem,fixed,decaps,25655
7435,mlkem,fixed,decaps,25663
7436,mlkem,fixed,decaps,25627
7437,mlkem,fixed,decaps,25680
7438,mlkem,fixed,decaps,25661
7439,mlkem,fixed,decaps,25678
7440,mlkem,fixed,decaps,25659
7441,mlkem,fixed,decaps,25647
7442,mlkem,fixed,decaps,25688
7443,mlkem,fixed,decaps,25654
7444,mlkem,fixed,decaps,25653
7445,mlkem,fixed,decaps,25650
7446,mlkem,fixed,decaps,25641
7447,mlkem,fixed,decaps,25677
7448,mlkem,fixed,decaps,25651
7449,mlkem,fixed,decaps,25665
7450,mlkem,fixed,decaps,25640
7451,mlkem,fixed,decaps,25641
7452,mlkem,fixed,decaps,25669
7453,mlkem,fixed,decaps,25681
7454,mlkem,fixed,decaps,25678
7455,mlkem,fixed,decaps,25661
7456,mlkem,fixed,decaps,25639
7457,mlkem,fixed,decaps,38268
7458,mlkem,fixed,decaps,24910
7459,mlkem,fixed,decaps,24931
7460,mlkem,fixed,decaps,24920
7461,mlkem,fixed,decaps,24897
7462,mlkem,fixed,decaps,24917
7463,mlkem,fixed,decaps,24912
7464,mlkem,fixed,decaps,24945
7465,mlkem,fixed,decaps,24917
7466,mlkem,fixed,decaps,24923
7467,mlkem,fixed,decaps,24919
7468,mlkem,fixed,decaps,24925
7469,mlkem,fixed,decaps,24920
7470,mlkem,fixed,decaps,24974
7471,mlkem,fixed,decaps,24929
7472,mlkem,fixed,decaps,24933
7473,mlkem,fixed,decaps,24892
7474,mlkem,fixed,decaps,24950
7475,mlkem,fixed,decaps,24935
7476,mlkem,fixed,decaps,24886
7477,mlkem,fixed,decaps,24904
7478,mlkem,fixed,decaps,24954
7479,mlkem,fixed,decaps,24968
7480,mlkem,fixed,decaps,24919
7481,mlkem,fixed,decaps,24914
7482,mlkem,fixed,decaps,24929
7483,mlkem,fixed,decaps,24933
7484,mlkem,fixed,decaps,24931
7485,mlkem,fixed,decaps,24931
7486,mlkem,fixed,decaps,24918
7487,mlkem,fixed,decaps,24946
7488,mlkem,fixed,decaps,24924
7489,mlkem,fixed,decaps,24945
7490,mlkem,fixed,decaps,24904
7491,mlkem,fixed,decaps,24908
7492,mlkem,fixed,decaps,24955
7493,mlkem,fixed,decaps,24910
7494,mlkem,fixed,decaps,24931
7495,mlkem,fixed,decaps,24944
7496,mlkem,fixed,decaps,24951
7497,mlkem,fixed,decaps,24969
7498,mlkem,fixed,decaps,24933
7499,mlkem,fixed,decaps,24928
7500,mlkem,fixed,decaps,24918
7501,mlkem,fixed,decaps,24968
7502,mlkem,fixed,decaps,24945
7503,mlkem,fixed,decaps,24916
7504,mlkem,fixed,decaps,24947
7505,mlkem,fixed,decaps,24926
7506,mlkem,fixed,decaps,24930
7507,mlkem,fixed,decaps,24928
7508,mlkem,fixed,decaps,24944
7509,mlkem,fixed,decaps,24956
7510,mlkem,fixed,decaps,24928
7511,mlkem,fixed,decaps,24928
7512,mlkem,fixed,decaps,24964
7513,mlkem,fixed,decaps,24912
7514,mlkem,fixed,decaps,24907
7515,mlkem,fixed,decaps,24930
7516,mlkem,fixed,decaps,24960
7517,mlkem,fixed,decaps,24977
7518,mlkem,fixed,decaps,24931
7519,mlkem,fixed,decaps,24914
7520,mlkem,fixed,decaps,24956
7521,mlkem,fixed,decaps,24949
7522,mlkem,fixed,decaps,24962
7523,mlkem,fixed,decaps,24932
7524,mlkem,fixed,decaps,24929
7525,mlkem,fixed,decaps,24927
7526,mlkem,fixed,decaps,24921
7527,mlkem,fixed,decaps,24912
7528,mlkem,fixed,decaps,24934
7529,mlkem,fixed,decaps,24928
7530,mlkem,fixed,decaps,24970
7531,mlkem,fixed,decaps,24926
7532,mlkem,fixed,decaps,24941
7533,mlkem,fixed,decaps,24915
7534,mlkem,fixed,decaps,24941
7535,mlkem,fixed,decaps,24942
7536,mlkem,fixed,decaps,24908
7537,mlkem,fixed,decaps,24916
7538,mlkem,fixed,decaps,24916
7539,mlkem,fixed,decaps,24927
7540,mlkem,fixed,decaps,24926
7541,mlkem,fixed,decaps,24899
7542,mlkem,fixed,decaps,24932
7543,mlkem,fixed,decaps,24940
7544,mlkem,fixed,decaps,24941
7545,mlkem,fixed,decaps,24939
7546,mlkem,fixed,decaps,24938
7547,mlkem,fixed,decaps,25610
7548,mlkem,fixed,decaps,25020
7549,mlkem,fixed,decaps,24968
7550,mlkem,fixed,decaps,24950
7551,mlkem,fixed,decaps,24965
7552,mlkem,fixed,decaps,24927
7553,mlkem,fixed,decaps,24971
7554,mlkem,fixed,decaps,24956
7555,mlkem,fixed,decaps,24929
7556,mlkem,fixed,decaps,24939
7557,mlkem,fixed,decaps,24932
7558,mlkem,fixed,decaps,24969
7559,mlkem,fixed,decaps,24938
7560,mlkem,fixed,decaps,24930
7561,mlkem,fixed,decaps,24929
7562,mlkem,fixed,decaps,24901
7563,mlkem,fixed,decaps,24941
7564,mlkem,fixed,decaps,24972
7565,mlkem,fixed,decaps,24928
7566,mlkem,fixed,decaps,24937
7567,mlkem,fixed,decaps,24902
7568,mlkem,fixed,decaps,24947
7569,mlkem,fixed,decaps,24960
7570,mlkem,fixed,decaps,24944
7571,mlkem,fixed,decaps,24911
7572,mlkem,fixed,decaps,24966
7573,mlkem,fixed,decaps,24948
7574,mlkem,fixed,decaps,24937
7575,mlkem,fixed,decaps,24933
7576,mlkem,fixed,decaps,24964
7577,mlkem,fixed,decaps,24922
7578,mlkem,fixed,decaps,24937
7579,mlkem,fixed,decaps,28126
7580,mlkem,fixed,decaps,25018
7581,mlkem,fixed,decaps,24943
7582,mlkem,fixed,decaps,24965
7583,mlkem,fixed,decaps,24947
7584,mlkem,fixed,decaps,24946
7585,mlkem,fixed,decaps,24942
7586,mlkem,fixed,decaps,24928
7587,mlkem,fixed,decaps,24971
7588,mlkem,fixed,decaps,24925
7589,mlkem,fixed,decaps,24951
7590,mlkem,fixed,decaps,24917
7591,mlkem,fixed,decaps,24936
7592,mlkem,fixed,decaps,24932
7593,mlkem,fixed,decaps,24953
7594,mlkem,fixed,decaps,24923
7595,mlkem,fixed,decaps,24905
7596,mlkem,fixed,decaps,24939
7597,mlkem,fixed,decaps,24933
7598,mlkem,fixed,decaps,24917
7599,mlkem,fixed,decaps,24946
7600,mlkem,fixed,decaps,24915
7601,mlkem,fixed,decaps,24951
7602,mlkem,fixed,decaps,24944
7603,mlkem,fixed,decaps,24931
7604,mlkem,fixed,decaps,24967
7605,mlkem,fixed,decaps,24915
7606,mlkem,fixed,decaps,24952
7607,mlkem,fixed,decaps,24951
7608,mlkem,fixed,decaps,24963
7609,mlkem,fixed,decaps,24935
7610,mlkem,fixed,decaps,24897
7611,mlkem,fixed,decaps,24929
7612,mlkem,fixed,decaps,24945
7613,mlkem,fixed,decaps,24956
7614,mlkem,fixed,decaps,24916
7615,mlkem,fixed,decaps,24910
7616,mlkem,fixed,decaps,24954
7617,mlkem,fixed,decaps,24961
7618,mlkem,fixed,decaps,24957
7619,mlkem,fixed,decaps,24919
7620,mlkem,fixed,decaps,24932
7621,mlkem,fixed,decaps,24985
7622,mlkem,fixed,decaps,24935
7623,mlkem,fixed,decaps,24951
7624,mlkem,fixed,decaps,24910
7625,mlkem,fixed,decaps,24932
7626,mlkem,fixed,decaps,24949
7627,mlkem,fixed,decaps,24932
7628,mlkem,fixed,decaps,24953
7629,mlkem,fixed,decaps,24931
7630,mlkem,fixed,decaps,24937
7631,mlkem,fixed,decaps,24945
7632,mlkem,fixed,decaps,24940
7633,mlkem,fixed,decaps,24860
7634,mlkem,fixed,decaps,24972
7635,mlkem,fixed,decaps,24957
7636,mlkem,fixed,decaps,24936
7637,mlkem,fixed,decaps,24950
7638,mlkem,fixed,decaps,24896
7639,mlkem,fixed,decaps,24935
7640,mlkem,fixed,decaps,24937
7641,mlkem,fixed,decaps,24935
7642,mlkem,fixed,decaps,24925
7643,mlkem,fixed,decaps,24915
7644,mlkem,fixed,decaps,24970
7645,mlkem,fixed,decaps,24944
7646,mlkem,fixed,decaps,24953
7647,mlkem,fixed,decaps,24923
7648,mlkem,fixed,decaps,24946
7649,mlkem,fixed,decaps,24962
7650,mlkem,fixed,decaps,24963
7651,mlkem,fixed,decaps,24952
7652,mlkem,fixed,decaps,24943
7653,mlkem,fixed,decaps,24930
7654,mlkem,fixed,decaps,38045
7655,mlkem,fixed,decaps,25729
7656,mlkem,fixed,decaps,25706
7657,mlkem,fixed,decaps,25681
7658,mlkem,fixed,decaps,25669
7659,mlkem,fixed,decaps,25636
7660,mlkem,fixed,decaps,25669
7661,mlkem,fixed,decaps,25665
7662,mlkem,fixed,decaps,25674
7663,mlkem,fixed,decaps,25659
7664,mlkem,fixed,decaps,25655
7665,mlkem,fixed,decaps,25660
7666,mlkem,fixed,decaps,25667
7667,mlkem,fixed,decaps,25666
7668,mlkem,fixed,decaps,25663
7669,mlkem,fixed,decaps,25666
7670,mlkem,fixed,decaps,25654
7671,mlkem,fixed,decaps,25618
7672,mlkem,fixed,decaps,25670
7673,mlkem,fixed,decaps,25656
7674,mlkem,fixed,decaps,25650
7675,mlkem,fixed,decaps,25661
7676,mlkem,fixed,decaps,25668
7677,mlkem,fixed,decaps,25667
7678,mlkem,fixed,decaps,25635
7679,mlkem,fixed,decaps,25628
7680,mlkem,fixed,decaps,25660
7681,mlkem,fixed,decaps,25657
7682,mlkem,fixed,decaps,25692
7683,mlkem,fixed,decaps,26342
7684,mlkem,fixed,decaps,25743
7685,mlkem,fixed,decaps,25670
7686,mlkem,fixed,decaps,25698
7687,mlkem,fixed,decaps,25621
7688,mlkem,fixed,decaps,25639
7689,mlkem,fixed,decaps,25687
7690,mlkem,fixed,decaps,30268
7691,mlkem,fixed,decaps,25988
7692,mlkem,fixed,decaps,25703
7693,mlkem,fixed,decaps,25703
7694,mlkem,fixed,decaps,37809
7695,mlkem,fixed,decaps,24247
7696,mlkem,fixed,decaps,24253
7697,mlkem,fixed,decaps,24285
7698,mlkem,fixed,decaps,24244
7699,mlkem,fixed,decaps,24238
7700,mlkem,fixed,decaps,24274
7701,mlkem,fixed,decaps,24277
7702,mlkem,fixed,decaps,24224
7703,mlkem,fixed,decaps,24250
7704,mlkem,fixed,decaps,24257
7705,mlkem,fixed,decaps,24276
7706,mlkem,fixed,decaps,24233
7707,mlkem,fixed,decaps,24206
7708,mlkem,fixed,decaps,24251
7709,mlkem,fixed,decaps,24250
7710,mlkem,fixed,decaps,24320
7711,mlkem,fixed,decaps,24249
7712,mlkem,fixed,decaps,24308
7713,mlkem,fixed,decaps,24259
7714,mlkem,fixed,decaps,24262
7715,mlkem,fixed,decaps,24238
7716,mlkem,fixed,decaps,24266
7717,mlkem,fixed,decaps,24278
7718,mlkem,fixed,decaps,24299
7719,mlkem,fixed,decaps,24256
7720,mlkem,fixed,decaps,24218
7721,mlkem,fixed,decaps,24226
7722,mlkem,fixed,decaps,24254
7723,mlkem,fixed,decaps,24257
7724,mlkem,fixed,decaps,24195
7725,mlkem,fixed,decaps,24238
7726,mlkem,fixed,decaps,24228
7727,mlkem,fixed,decaps,24244
7728,mlkem,fixed,decaps,28269
7729,mlkem,fixed,decaps,24660
7730,mlkem,fixed,decaps,24293
7731,mlkem,fixed,decaps,46000
7732,mlkem,fixed,decaps,24907
7733,mlkem,fixed,decaps,24908
7734,mlkem,fixed,decaps,24992
7735,mlkem,fixed,decaps,29327
7736,mlkem,fixed,decaps,25001
7737,mlkem,fixed,decaps,24947
7738,mlkem,fixed,decaps,24944
7739,mlkem,fixed,decaps,24962
7740,mlkem,fixed,decaps,24984
7741,mlkem,fixed,decaps,24933
7742,mlkem,fixed,decaps,24923
7743,mlkem,fixed,decaps,24974
7744,mlkem,fixed,decaps,24914
7745,mlkem,fixed,decaps,24953
7746,mlkem,fixed,decaps,24930
7747,mlkem,fixed,decaps,24925
7748,mlkem,fixed,decaps,24906
7749,mlkem,fixed,decaps,24965
7750,mlkem,fixed,decaps,24973
7751,mlkem,fixed,decaps,24933
7752,mlkem,fixed,decaps,24920
7753,mlkem,fixed,decaps,24904
7754,mlkem,fixed,decaps,24945
7755,mlkem,fixed,decaps,24917
7756,mlkem,fixed,decaps,24904
7757,mlkem,fixed,decaps,24908
7758,mlkem,fixed,decaps,24926
7759,mlkem,fixed,decaps,24957
7760,mlkem,fixed,decaps,24939
7761,mlkem,fixed,decaps,24902
7762,mlkem,fixed,decaps,24947
7763,mlkem,fixed,decaps,24931
7764,mlkem,fixed,decaps,24925
7765,mlkem,fixed,decaps,24901
7766,mlkem,fixed,decaps,24926
7767,mlkem,fixed,decaps,24940
7768,mlkem,fixed,decaps,24931
7769,mlkem,fixed,decaps,24930
7770,mlkem,fixed,decaps,24894
7771,mlkem,fixed,decaps,24935
7772,mlkem,fixed,decaps,24916
7773,mlkem,fixed,decaps,24951
7774,mlkem,fixed,decaps,24923
7775,mlkem,fixed,decaps,24919
7776,mlkem,fixed,decaps,24946
7777,mlkem,fixed,decaps,24935
7778,mlkem,fixed,decaps,24940
7779,mlkem,fixed,decaps,24946
7780,mlkem,fixed,decaps,24903
7781,mlkem,fixed,decaps,24906
7782,mlkem,fixed,decaps,24937
7783,mlkem,fixed,decaps,24925
7784,mlkem,fixed,decaps,24921
7785,mlkem,fixed,decaps,24913
7786,mlkem,fixed,decaps,24927
7787,mlkem,fixed,decaps,24910
7788,mlkem,fixed,decaps,24907
7789,mlkem,fixed,decaps,24921
7790,mlkem,fixed,decaps,24946
7791,mlkem,fixed,decaps,24923
7792,mlkem,fixed,decaps,24970
7793,mlkem,fixed,decaps,24932
7794,mlkem,fixed,decaps,24915
7795,mlkem,fixed,decaps,24936
7796,mlkem,fixed,decaps,24942
7797,mlkem,fixed,decaps,24991
7798,mlkem,fixed,decaps,24917
7799,mlkem,fixed,decaps,24881
7800,mlkem,fixed,decaps,24944
7801,mlkem,fixed,decaps,24927
7802,mlkem,fixed,decaps,24932
7803,mlkem,fixed,decaps,24933
7804,mlkem,fixed,decaps,24932
7805,mlkem,fixed,decaps,24906
7806,mlkem,fixed,decaps,24941
7807,mlkem,fixed,decaps,24929
7808,mlkem,fixed,decaps,24926
7809,mlkem,fixed,decaps,24931
7810,mlkem,fixed,decaps,24937
7811,mlkem,fixed,decaps,24915
7812,mlkem,fixed,decaps,24919
7813,mlkem,fixed,decaps,24899
7814,mlkem,fixed,decaps,24930
7815,mlkem,fixed,decaps,24955
7816,mlkem,fixed,decaps,24930
7817,mlkem,fixed,decaps,24873
7818,mlkem,fixed,decaps,24913
7819,mlkem,fixed,decaps,24951
7820,mlkem,fixed,decaps,25649
7821,mlkem,fixed,decaps,24946
7822,mlkem,fixed,decaps,24953
7823,mlkem,fixed,decaps,24913
7824,mlkem,fixed,decaps,24902
7825,mlkem,fixed,decaps,24920
7826,mlkem,fixed,decaps,24910
7827,mlkem,fixed,decaps,24910
7828,mlkem,fixed,decaps,24904
7829,mlkem,fixed,decaps,24910
7830,mlkem,fixed,decaps,24900
7831,mlkem,fixed,decaps,24946
7832,mlkem,fixed,decaps,24909
7833,mlkem,fixed,decaps,24909
7834,mlkem,fixed,decaps,24899
7835,mlkem,fixed,decaps,24935
7836,mlkem,fixed,decaps,24901
7837,mlkem,fixed,decaps,24902
7838,mlkem,fixed,decaps,24899
7839,mlkem,fixed,decaps,24940
7840,mlkem,fixed,decaps,24932
7841,mlkem,fixed,decaps,24907
7842,mlkem,fixed,decaps,24895
7843,mlkem,fixed,decaps,24907
7844,mlkem,fixed,decaps,24927
7845,mlkem,fixed,decaps,24945
7846,mlkem,fixed,decaps,24873
7847,mlkem,fixed,decaps,24894
7848,mlkem,fixed,decaps,24936
7849,mlkem,fixed,decaps,24905
7850,mlkem,fixed,decaps,24921
7851,mlkem,fixed,decaps,24897
7852,mlkem,fixed,decaps,24898
7853,mlkem,fixed,decaps,24892
7854,mlkem,fixed,decaps,24940
7855,mlkem,fixed,decaps,24891
7856,mlkem,fixed,decaps,24880
7857,mlkem,fixed,decaps,24907
7858,mlkem,fixed,decaps,24901
7859,mlkem,fixed,decaps,24903
7860,mlkem,fixed,decaps,24897
7861,mlkem,fixed,decaps,24898
7862,mlkem,fixed,decaps,24911
7863,mlkem,fixed,decaps,24898
7864,mlkem,fixed,decaps,24919
7865,mlkem,fixed,decaps,24934
7866,mlkem,fixed,decaps,24872
7867,mlkem,fixed,decaps,24921
7868,mlkem,fixed,decaps,24925
7869,mlkem,fixed,decaps,24909
7870,mlkem,fixed,decaps,24882
7871,mlkem,fixed,decaps,24904
7872,mlkem,fixed,decaps,24947
7873,mlkem,fixed,decaps,24910
7874,mlkem,fixed,decaps,24902
7875,mlkem,fixed,decaps,24907
7876,mlkem,fixed,decaps,24905
7877,mlkem,fixed,decaps,24916
7878,mlkem,fixed,decaps,24908
7879,mlkem,fixed,decaps,24895
7880,mlkem,fixed,decaps,24908
7881,mlkem,fixed,decaps,24910
7882,mlkem,fixed,decaps,24912
7883,mlkem,fixed,decaps,24891
7884,mlkem,fixed,decaps,24878
7885,mlkem,fixed,decaps,24874
7886,mlkem,fixed,decaps,24936
7887,mlkem,fixed,decaps,24922
7888,mlkem,fixed,decaps,24929
7889,mlkem,fixed,decaps,24884
7890,mlkem,fixed,decaps,24895
7891,mlkem,fixed,decaps,24922
7892,mlkem,fixed,decaps,24897
7893,mlkem,fixed,decaps,28059
7894,mlkem,fixed,decaps,25068
7895,mlkem,fixed,decaps,24968
7896,mlkem,fixed,decaps,24930
7897,mlkem,fixed,decaps,24931
7898,mlkem,fixed,decaps,24934
7899,mlkem,fixed,decaps,24921
7900,mlkem,fixed,decaps,24980
7901,mlkem,fixed,decaps,24935
7902,mlkem,fixed,decaps,24961
7903,mlkem,fixed,decaps,24923
7904,mlkem,fixed,decaps,24924
7905,mlkem,fixed,decaps,24933
7906,mlkem,fixed,decaps,24969
7907,mlkem,fixed,decaps,24903
7908,mlkem,fixed,decaps,24903
7909,mlkem,fixed,decaps,24897
7910,mlkem,fixed,decaps,24948
7911,mlkem,fixed,decaps,24908
7912,mlkem,fixed,decaps,24925
7913,mlkem,fixed,decaps,24879
7914,mlkem,fixed,decaps,24924
7915,mlkem,fixed,decaps,24919
7916,mlkem,fixed,decaps,24918
7917,mlkem,fixed,decaps,24890
7918,mlkem,fixed,decaps,24885
7919,mlkem,fixed,decaps,24917
7920,mlkem,fixed,decaps,24958
7921,mlkem,fixed,decaps,24931
7922,mlkem,fixed,decaps,24896
7923,mlkem,fixed,decaps,24906
7924,mlkem,fixed,decaps,24941
7925,mlkem,fixed,decaps,24916
7926,mlkem,fixed,decaps,24905
7927,mlkem,fixed,decaps,24916
7928,mlkem,fixed,decaps,24966
7929,mlkem,fixed,decaps,24938
7930,mlkem,fixed,decaps,24924
7931,mlkem,fixed,decaps,24904
7932,mlkem,fixed,decaps,24925
7933,mlkem,fixed,decaps,24930
7934,mlkem,fixed,decaps,24933
7935,mlkem,fixed,decaps,24919
7936,mlkem,fixed,decaps,24937
7937,mlkem,fixed,decaps,24898
7938,mlkem,fixed,decaps,24934
7939,mlkem,fixed,decaps,24917
7940,mlkem,fixed,decaps,24900
7941,mlkem,fixed,decaps,24903
7942,mlkem,fixed,decaps,24935
7943,mlkem,fixed,decaps,24933
7944,mlkem,fixed,decaps,24907
7945,mlkem,fixed,decaps,24938
7946,mlkem,fixed,decaps,24905
7947,mlkem,fixed,decaps,24917
7948,mlkem,fixed,decaps,24905
7949,mlkem,fixed,decaps,24943
7950,mlkem,fixed,decaps,24918
7951,mlkem,fixed,decaps,24922
7952,mlkem,fixed,decaps,24908
7953,mlkem,fixed,decaps,24937
7954,mlkem,fixed,decaps,24922
7955,mlkem,fixed,decaps,24926
7956,mlkem,fixed,decaps,25722
7957,mlkem,fixed,decaps,24950
7958,mlkem,fixed,decaps,24898
7959,mlkem,fixed,decaps,24918
7960,mlkem,fixed,decaps,24934
7961,mlkem,fixed,decaps,24916
7962,mlkem,fixed,decaps,24918
7963,mlkem,fixed,decaps,24954
7964,mlkem,fixed,decaps,24960
7965,mlkem,fixed,decaps,24948
7966,mlkem,fixed,decaps,24927
7967,mlkem,fixed,decaps,24911
7968,mlkem,fixed,decaps,24956
7969,mlkem,fixed,decaps,24927
7970,mlkem,fixed,decaps,24931
7971,mlkem,fixed,decaps,24911
7972,mlkem,fixed,decaps,24910
7973,mlkem,fixed,decaps,24917
7974,mlkem,fixed,decaps,24952
7975,mlkem,fixed,decaps,24905
7976,mlkem,fixed,decaps,24875
7977,mlkem,fixed,decaps,24910
7978,mlkem,fixed,decaps,24919
7979,mlkem,fixed,decaps,24941
7980,mlkem,fixed,decaps,24914
7981,mlkem,fixed,decaps,24913
7982,mlkem,fixed,decaps,24935
7983,mlkem,fixed,decaps,24917
7984,mlkem,fixed,decaps,24884
7985,mlkem,fixed,decaps,24911
7986,mlkem,fixed,decaps,24923
7987,mlkem,fixed,decaps,24920
7988,mlkem,fixed,decaps,24927
7989,mlkem,fixed,decaps,24899
7990,mlkem,fixed,decaps,24892
7991,mlkem,fixed,decaps,24922
7992,mlkem,fixed,decaps,24930
7993,mlkem,fixed,decaps,24932
7994,mlkem,fixed,decaps,24917
7995,mlkem,fixed,decaps,24917
7996,mlkem,fixed,decaps,24934
7997,mlkem,fixed,decaps,24953
7998,mlkem,fixed,decaps,24909
7999,mlkem,fixed,decaps,24900
8000,mlkem,fixed,decaps,24903
8001,mlkem,fixed,decaps,24923
8002,mlkem,fixed,decaps,24952
8003,mlkem,fixed,decaps,24929
8004,mlkem,fixed,decaps,24920
8005,mlkem,fixed,decaps,24886
8006,mlkem,fixed,decaps,24915
8007,mlkem,fixed,decaps,24894
8008,mlkem,fixed,decaps,24884
8009,mlkem,fixed,decaps,24902
8010,mlkem,fixed,decaps,24947
8011,mlkem,fixed,decaps,24978
8012,mlkem,fixed,decaps,24917
8013,mlkem,fixed,decaps,24897
8014,mlkem,fixed,decaps,24934
8015,mlkem,fixed,decaps,24908
8016,mlkem,fixed,decaps,24941
8017,mlkem,fixed,decaps,24916
8018,mlkem,fixed,decaps,24897
8019,mlkem,fixed,decaps,24905
8020,mlkem,fixed,decaps,24928
8021,mlkem,fixed,decaps,24919
8022,mlkem,fixed,decaps,24898
8023,mlkem,fixed,decaps,24911
8024,mlkem,fixed,decaps,24918
8025,mlkem,fixed,decaps,24920
8026,mlkem,fixed,decaps,24925
8027,mlkem,fixed,decaps,24888
8028,mlkem,fixed,decaps,24907
8029,mlkem,fixed,decaps,24883
8030,mlkem,fixed,decaps,24917
8031,mlkem,fixed,decaps,24906
8032,mlkem,fixed,decaps,24920
8033,mlkem,fixed,decaps,24920
8034,mlkem,fixed,decaps,24956
8035,mlkem,fixed,decaps,24878
8036,mlkem,fixed,decaps,24919
8037,mlkem,fixed,decaps,24903
8038,mlkem,fixed,decaps,24932
8039,mlkem,fixed,decaps,24925
8040,mlkem,fixed,decaps,24921
8041,mlkem,fixed,decaps,24884
8042,mlkem,fixed,decaps,24922
8043,mlkem,fixed,decaps,24910
8044,mlkem,fixed,decaps,24919
8045,mlkem,fixed,decaps,24896
8046,mlkem,fixed,decaps,24932
8047,mlkem,fixed,decaps,24892
8048,mlkem,fixed,decaps,24917
8049,mlkem,fixed,decaps,24907
8050,mlkem,fixed,decaps,24886
8051,mlkem,fixed,decaps,28250
8052,mlkem,fixed,decaps,25186
8053,mlkem,fixed,decaps,24944
8054,mlkem,fixed,decaps,24939
8055,mlkem,fixed,decaps,24898
8056,mlkem,fixed,decaps,24917
8057,mlkem,fixed,decaps,24944
8058,mlkem,fixed,decaps,24973
8059,mlkem,fixed,decaps,24942
8060,mlkem,fixed,decaps,24919
8061,mlkem,fixed,decaps,24883
8062,mlkem,fixed,decaps,24931
8063,mlkem,fixed,decaps,24935
8064,mlkem,fixed,decaps,24900
8065,mlkem,fixed,decaps,24895
8066,mlkem,fixed,decaps,24933
8067,mlkem,fixed,decaps,24953
8068,mlkem,fixed,decaps,24911
8069,mlkem,fixed,decaps,24917
8070,mlkem,fixed,decaps,24931
8071,mlkem,fixed,decaps,24934
8072,mlkem,fixed,decaps,24918
8073,mlkem,fixed,decaps,24930
8074,mlkem,fixed,decaps,24917
8075,mlkem,fixed,decaps,24941
8076,mlkem,fixed,decaps,24914
8077,mlkem,fixed,decaps,24907
8078,mlkem,fixed,decaps,24916
8079,mlkem,fixed,decaps,24908
8080,mlkem,fixed,decaps,24936
8081,mlkem,fixed,decaps,24922
8082,mlkem,fixed,decaps,24910
8083,mlkem,fixed,decaps,24909
8084,mlkem,fixed,decaps,24919
8085,mlkem,fixed,decaps,24894
8086,mlkem,fixed,decaps,24932
8087,mlkem,fixed,decaps,24883
8088,mlkem,fixed,decaps,24943
8089,mlkem,fixed,decaps,24910
8090,mlkem,fixed,decaps,24918
8091,mlkem,fixed,decaps,24918
8092,mlkem,fixed,decaps,24936
8093,mlkem,fixed,decaps,25610
8094,mlkem,fixed,decaps,24926
8095,mlkem,fixed,decaps,24911
8096,mlkem,fixed,decaps,24933
8097,mlkem,fixed,decaps,24939
8098,mlkem,fixed,decaps,24914
8099,mlkem,fixed,decaps,24868
8100,mlkem,fixed,decaps,24921
8101,mlkem,fixed,decaps,24956
8102,mlkem,fixed,decaps,24942
8103,mlkem,fixed,decaps,24915
8104,mlkem,fixed,decaps,24903
8105,mlkem,fixed,decaps,24921
8106,mlkem,fixed,decaps,24929
8107,mlkem,fixed,decaps,24884
8108,mlkem,fixed,decaps,24878
8109,mlkem,fixed,decaps,24914
8110,mlkem,fixed,decaps,24937
8111,mlkem,fixed,decaps,24940
8112,mlkem,fixed,decaps,24912
8113,mlkem,fixed,decaps,24875
8114,mlkem,fixed,decaps,24920
8115,mlkem,fixed,decaps,24962
8116,mlkem,fixed,decaps,24907
8117,mlkem,fixed,decaps,24892
8118,mlkem,fixed,decaps,24878
8119,mlkem,fixed,decaps,24908
8120,mlkem,fixed,decaps,24930
8121,mlkem,fixed,decaps,24887
8122,mlkem,fixed,decaps,24901
8123,mlkem,fixed,decaps,24877
8124,mlkem,fixed,decaps,24906
8125,mlkem,fixed,decaps,24903
8126,mlkem,fixed,decaps,24942
8127,mlkem,fixed,decaps,24924
8128,mlkem,fixed,decaps,24890
8129,mlkem,fixed,decaps,24906
8130,mlkem,fixed,decaps,24920
8131,mlkem,fixed,decaps,24919
8132,mlkem,fixed,decaps,24904
8133,mlkem,fixed,decaps,24957
8134,mlkem,fixed,decaps,24920
8135,mlkem,fixed,decaps,24897
8136,mlkem,fixed,decaps,24887
8137,mlkem,fixed,decaps,24905
8138,mlkem,fixed,decaps,24919
8139,mlkem,fixed,decaps,24939
8140,mlkem,fixed,decaps,24905
8141,mlkem,fixed,decaps,24891
8142,mlkem,fixed,decaps,24899
8143,mlkem,fixed,decaps,24949
8144,mlkem,fixed,decaps,33891
8145,mlkem,fixed,decaps,27940
8146,mlkem,fixed,decaps,25033
8147,mlkem,fixed,decaps,34518
8148,mlkem,fixed,decaps,26058
8149,mlkem,fixed,decaps,25034
8150,mlkem,fixed,decaps,24925
8151,mlkem,fixed,decaps,24920
8152,mlkem,fixed,decaps,24963
8153,mlkem,fixed,decaps,24955
8154,mlkem,fixed,decaps,24940
8155,mlkem,fixed,decaps,24937
8156,mlkem,fixed,decaps,24966
8157,mlkem,fixed,decaps,24961
8158,mlkem,fixed,decaps,24917
8159,mlkem,fixed,decaps,24917
8160,mlkem,fixed,decaps,24955
8161,mlkem,fixed,decaps,24937
8162,mlkem,fixed,decaps,24936
8163,mlkem,fixed,decaps,24888
8164,mlkem,fixed,decaps,24949
8165,mlkem,fixed,decaps,37979
8166,mlkem,fixed,decaps,25653
8167,mlkem,fixed,decaps,25670
8168,mlkem,fixed,decaps,25693
8169,mlkem,fixed,decaps,25636
8170,mlkem,fixed,decaps,25654
8171,mlkem,fixed,decaps,25658
8172,mlkem,fixed,decaps,25685
8173,mlkem,fixed,decaps,25645
8174,mlkem,fixed,decaps,25683
8175,mlkem,fixed,decaps,25661
8176,mlkem,fixed,decaps,25650
8177,mlkem,fixed,decaps,25635
8178,mlkem,fixed,decaps,25685
8179,mlkem,fixed,decaps,25709
8180,mlkem,fixed,decaps,25652
8181,mlkem,fixed,decaps,25673
8182,mlkem,fixed,decaps,25671
8183,mlkem,fixed,decaps,25702
8184,mlkem,fixed,decaps,25646
8185,mlkem,fixed,decaps,25657
8186,mlkem,fixed,decaps,25648
8187,mlkem,fixed,decaps,25671
8188,mlkem,fixed,decaps,25677
8189,mlkem,fixed,decaps,25668
8190,mlkem,fixed,decaps,25641
8191,mlkem,fixed,decaps,25643
8192,mlkem,fixed,decaps,25667
8193,mlkem,fixed,decaps,25678
8194,mlkem,fixed,decaps,25681
8195,mlkem,fixed,decaps,25660
8196,mlkem,fixed,decaps,25638
8197,mlkem,fixed,decaps,25660
8198,mlkem,fixed,decaps,25661
8199,mlkem,fixed,decaps,25662
8200,mlkem,fixed,decaps,25666
8201,mlkem,fixed,decaps,25640
8202,mlkem,fixed,decaps,25648
8203,mlkem,fixed,decaps,25672
8204,mlkem,fixed,decaps,25679
8205,mlkem,fixed,decaps,25682
8206,mlkem,fixed,decaps,25642
8207,mlkem,fixed,decaps,34806
8208,mlkem,fixed,decaps,26571
8209,mlkem,fixed,decaps,25692
8210,mlkem,fixed,decaps,25659
8211,mlkem,fixed,decaps,25701
8212,mlkem,fixed,decaps,25672
8213,mlkem,fixed,decaps,25630
8214,mlkem,fixed,decaps,25663
8215,mlkem,fixed,decaps,25669
8216,mlkem,fixed,decaps,25674
8217,mlkem,fixed,decaps,25679
8218,mlkem,fixed,decaps,25642
8219,mlkem,fixed,decaps,25669
8220,mlkem,fixed,decaps,25655
8221,mlkem,fixed,decaps,25633
8222,mlkem,fixed,decaps,25653
8223,mlkem,fixed,decaps,25683
8224,mlkem,fixed,decaps,25657
8225,mlkem,fixed,decaps,25652
8226,mlkem,fixed,decaps,25632
8227,mlkem,fixed,decaps,25668
8228,mlkem,fixed,decaps,25700
8229,mlkem,fixed,decaps,26510
8230,mlkem,fixed,decaps,25722
8231,mlkem,fixed,decaps,25658
8232,mlkem,fixed,decaps,25651
8233,mlkem,fixed,decaps,25672
8234,mlkem,fixed,decaps,25666
8235,mlkem,fixed,decaps,25681
8236,mlkem,fixed,decaps,25626
8237,mlkem,fixed,decaps,25653
8238,mlkem,fixed,decaps,25661
8239,mlkem,fixed,decaps,25670
8240,mlkem,fixed,decaps,25674
8241,mlkem,fixed,decaps,25661
8242,mlkem,fixed,decaps,25647
8243,mlkem,fixed,decaps,25652
8244,mlkem,fixed,decaps,25638
8245,mlkem,fixed,decaps,25684
8246,mlkem,fixed,decaps,25656
8247,mlkem,fixed,decaps,25629
8248,mlkem,fixed,decaps,25631
8249,mlkem,fixed,decaps,25693
8250,mlkem,fixed,decaps,25650
8251,mlkem,fixed,decaps,25649
8252,mlkem,fixed,decaps,25626
8253,mlkem,fixed,decaps,25662
8254,mlkem,fixed,decaps,25618
8255,mlkem,fixed,decaps,25654
8256,mlkem,fixed,decaps,25663
8257,mlkem,fixed,decaps,25630
8258,mlkem,fixed,decaps,25650
8259,mlkem,fixed,decaps,25643
8260,mlkem,fixed,decaps,25646
8261,mlkem,fixed,decaps,25691
8262,mlkem,fixed,decaps,25628
8263,mlkem,fixed,decaps,25642
8264,mlkem,fixed,decaps,25629
8265,mlkem,fixed,decaps,25631
8266,mlkem,fixed,decaps,25654
8267,mlkem,fixed,decaps,25668
8268,mlkem,fixed,decaps,25657
8269,mlkem,fixed,decaps,25663
8270,mlkem,fixed,decaps,25638
8271,mlkem,fixed,decaps,25665
8272,mlkem,fixed,decaps,25649
8273,mlkem,fixed,decaps,25649
8274,mlkem,fixed,decaps,25619
8275,mlkem,fixed,decaps,25672
8276,mlkem,fixed,decaps,25678
8277,mlkem,fixed,decaps,25639
8278,mlkem,fixed,decaps,25642
8279,mlkem,fixed,decaps,25649
8280,mlkem,fixed,decaps,25644
8281,mlkem,fixed,decaps,25660
8282,mlkem,fixed,decaps,25617
8283,mlkem,fixed,decaps,25664
8284,mlkem,fixed,decaps,25646
8285,mlkem,fixed,decaps,25634
8286,mlkem,fixed,decaps,25618
8287,mlkem,fixed,decaps,25669
8288,mlkem,fixed,decaps,25669
8289,mlkem,fixed,decaps,25657
8290,mlkem,fixed,decaps,25619
8291,mlkem,fixed,decaps,25648
8292,mlkem,fixed,decaps,25655
8293,mlkem,fixed,decaps,25652
8294,mlkem,fixed,decaps,25618
8295,mlkem,fixed,decaps,25616
8296,mlkem,fixed,decaps,25656
8297,mlkem,fixed,decaps,25656
8298,mlkem,fixed,decaps,25645
8299,mlkem,fixed,decaps,25675
8300,mlkem,fixed,decaps,25637
8301,mlkem,fixed,decaps,25643
8302,mlkem,fixed,decaps,25654
8303,mlkem,fixed,decaps,25634
8304,mlkem,fixed,decaps,25637
8305,mlkem,fixed,decaps,25656
8306,mlkem,fixed,decaps,25627
8307,mlkem,fixed,decaps,25639
8308,mlkem,fixed,decaps,25670
8309,mlkem,fixed,decaps,25653
8310,mlkem,fixed,decaps,25642
8311,mlkem,fixed,decaps,25631
8312,mlkem,fixed,decaps,25621
8313,mlkem,fixed,decaps,25643
8314,mlkem,fixed,decaps,25704
8315,mlkem,fixed,decaps,25621
8316,mlkem,fixed,decaps,25637
8317,mlkem,fixed,decaps,25675
8318,mlkem,fixed,decaps,25655
8319,mlkem,fixed,decaps,25662
8320,mlkem,fixed,decaps,25621
8321,mlkem,fixed,decaps,25659
8322,mlkem,fixed,decaps,25639
8323,mlkem,fixed,decaps,25664
8324,mlkem,fixed,decaps,25676
8325,mlkem,fixed,decaps,25644
8326,mlkem,fixed,decaps,25679
8327,mlkem,fixed,decaps,25642
8328,mlkem,fixed,decaps,25657
8329,mlkem,fixed,decaps,25650
8330,mlkem,fixed,decaps,25688
8331,mlkem,fixed,decaps,25648
8332,mlkem,fixed,decaps,25627
8333,mlkem,fixed,decaps,25661
8334,mlkem,fixed,decaps,25651
8335,mlkem,fixed,decaps,25654
8336,mlkem,fixed,decaps,25651
8337,mlkem,fixed,decaps,25641
8338,mlkem,fixed,decaps,25644
8339,mlkem,fixed,decaps,25672
8340,mlkem,fixed,decaps,25639
8341,mlkem,fixed,decaps,25662
8342,mlkem,fixed,decaps,25647
8343,mlkem,fixed,decaps,25642
8344,mlkem,fixed,decaps,25650
8345,mlkem,fixed,decaps,25665
8346,mlkem,fixed,decaps,25675
8347,mlkem,fixed,decaps,25657
8348,mlkem,fixed,decaps,25660
8349,mlkem,fixed,decaps,25647
8350,mlkem,fixed,decaps,25646
8351,mlkem,fixed,decaps,25647
8352,mlkem,fixed,decaps,25649
8353,mlkem,fixed,decaps,25626
8354,mlkem,fixed,decaps,25621
8355,mlkem,fixed,decaps,29705
8356,mlkem,fixed,decaps,25977
8357,mlkem,fixed,decaps,25698
8358,mlkem,fixed,decaps,25603
8359,mlkem,fixed,decaps,38046
8360,mlkem,fixed,decaps,28912
8361,mlkem,fixed,decaps,24429
8362,mlkem,fixed,decaps,24247
8363,mlkem,fixed,decaps,24266
8364,mlkem,fixed,decaps,24247
8365,mlkem,fixed,decaps,24240
8366,mlkem,fixed,decaps,25005
8367,mlkem,fixed,decaps,24257
8368,mlkem,fixed,decaps,24270
8369,mlkem,fixed,decaps,24262
8370,mlkem,fixed,decaps,24226
8371,mlkem,fixed,decaps,24199
8372,mlkem,fixed,decaps,24220
8373,mlkem,fixed,decaps,24285
8374,mlkem,fixed,decaps,24235
8375,mlkem,fixed,decaps,24194
8376,mlkem,fixed,decaps,24220
8377,mlkem,fixed,decaps,24251
8378,mlkem,fixed,decaps,24260
8379,mlkem,fixed,decaps,24218
8380,mlkem,fixed,decaps,24211
8381,mlkem,fixed,decaps,24232
8382,mlkem,fixed,decaps,24235
8383,mlkem,fixed,decaps,24202
8384,mlkem,fixed,decaps,24197
8385,mlkem,fixed,decaps,24226
8386,mlkem,fixed,decaps,24231
8387,mlkem,fixed,decaps,24221
8388,mlkem,fixed,decaps,24245
8389,mlkem,fixed,decaps,24228
8390,mlkem,fixed,decaps,24223
8391,mlkem,fixed,decaps,24219
8392,mlkem,fixed,decaps,24220
8393,mlkem,fixed,decaps,24258
8394,mlkem,fixed,decaps,29020
8395,mlkem,fixed,decaps,24333
8396,mlkem,fixed,decaps,40583
8397,mlkem,fixed,decaps,25004
8398,mlkem,fixed,decaps,24893
8399,mlkem,fixed,decaps,24873
8400,mlkem,fixed,decaps,24905
8401,mlkem,fixed,decaps,24926
8402,mlkem,fixed,decaps,24937
8403,mlkem,fixed,decaps,24918
8404,mlkem,fixed,decaps,24895
8405,mlkem,fixed,decaps,24925
8406,mlkem,fixed,decaps,24912
8407,mlkem,fixed,decaps,24965
8408,mlkem,fixed,decaps,24897
8409,mlkem,fixed,decaps,24910
8410,mlkem,fixed,decaps,24918
8411,mlkem,fixed,decaps,24922
8412,mlkem,fixed,decaps,24927
8413,mlkem,fixed,decaps,24880
8414,mlkem,fixed,decaps,24941
8415,mlkem,fixed,decaps,24914
8416,mlkem,fixed,decaps,24918
8417,mlkem,fixed,decaps,24899
8418,mlkem,fixed,decaps,24864
8419,mlkem,fixed,decaps,24887
8420,mlkem,fixed,decaps,24903
8421,mlkem,fixed,decaps,24925
8422,mlkem,fixed,decaps,24928
8423,mlkem,fixed,decaps,24903
8424,mlkem,fixed,decaps,24890
8425,mlkem,fixed,decaps,24905
8426,mlkem,fixed,decaps,24890
8427,mlkem,fixed,decaps,24872
8428,mlkem,fixed,decaps,24924
8429,mlkem,fixed,decaps,24901
8430,mlkem,fixed,decaps,24899
8431,mlkem,fixed,decaps,24931
8432,mlkem,fixed,decaps,24922
8433,mlkem,fixed,decaps,24863
8434,mlkem,fixed,decaps,24937
8435,mlkem,fixed,decaps,24923
8436,mlkem,fixed,decaps,24889
8437,mlkem,fixed,decaps,24883
8438,mlkem,fixed,decaps,24926
8439,mlkem,fixed,decaps,24922
8440,mlkem,fixed,decaps,24909
8441,mlkem,fixed,decaps,24892
8442,mlkem,fixed,decaps,24898
8443,mlkem,fixed,decaps,24929
8444,mlkem,fixed,decaps,24927
8445,mlkem,fixed,decaps,24913
8446,mlkem,fixed,decaps,24885
8447,mlkem,fixed,decaps,24915
8448,mlkem,fixed,decaps,24908
8449,mlkem,fixed,decaps,24929
8450,mlkem,fixed,decaps,24888
8451,mlkem,fixed,decaps,24885
8452,mlkem,fixed,decaps,24915
8453,mlkem,fixed,decaps,24929
8454,mlkem,fixed,decaps,24920
8455,mlkem,fixed,decaps,24894
8456,mlkem,fixed,decaps,24907
8457,mlkem,fixed,decaps,24942
8458,mlkem,fixed,decaps,24913
8459,mlkem,fixed,decaps,24907
8460,mlkem,fixed,decaps,24913
8461,mlkem,fixed,decaps,24913
8462,mlkem,fixed,decaps,24936
8463,mlkem,fixed,decaps,24946
8464,mlkem,fixed,decaps,24934
8465,mlkem,fixed,decaps,24891
8466,mlkem,fixed,decaps,24913
8467,mlkem,fixed,decaps,24960
8468,mlkem,fixed,decaps,24914
8469,mlkem,fixed,decaps,24927
8470,mlkem,fixed,decaps,24904
8471,mlkem,fixed,decaps,24904
8472,mlkem,fixed,decaps,24937
8473,mlkem,fixed,decaps,24901
8474,mlkem,fixed,decaps,24904
8475,mlkem,fixed,decaps,24930
8476,mlkem,fixed,decaps,24923
8477,mlkem,fixed,decaps,24929
8478,mlkem,fixed,decaps,24915
8479,mlkem,fixed,decaps,24904
8480,mlkem,fixed,decaps,24907
8481,mlkem,fixed,decaps,24901
8482,mlkem,fixed,decaps,24910
8483,mlkem,fixed,decaps,24902
8484,mlkem,fixed,decaps,24935
8485,mlkem,fixed,decaps,24909
8486,mlkem,fixed,decaps,24932
8487,mlkem,fixed,decaps,24935
8488,mlkem,fixed,decaps,24895
8489,mlkem,fixed,decaps,24906
8490,mlkem,fixed,decaps,24938
8491,mlkem,fixed,decaps,24959
8492,mlkem,fixed,decaps,24897
8493,mlkem,fixed,decaps,24904
8494,mlkem,fixed,decaps,24876
8495,mlkem,fixed,decaps,24929
8496,mlkem,fixed,decaps,24950
8497,mlkem,fixed,decaps,24908
8498,mlkem,fixed,decaps,24918
8499,mlkem,fixed,decaps,24965
8500,mlkem,fixed,decaps,24928
8501,mlkem,fixed,decaps,24935
8502,mlkem,fixed,decaps,25573
8503,mlkem,fixed,decaps,24946
8504,mlkem,fixed,decaps,24925
8505,mlkem,fixed,decaps,24928
8506,mlkem,fixed,decaps,24941
8507,mlkem,fixed,decaps,24940
8508,mlkem,fixed,decaps,24903
8509,mlkem,fixed,decaps,24910
8510,mlkem,fixed,decaps,24937
8511,mlkem,fixed,decaps,24920
8512,mlkem,fixed,decaps,29262
8513,mlkem,fixed,decaps,25026
8514,mlkem,fixed,decaps,24951
8515,mlkem,fixed,decaps,37486
8516,mlkem,fixed,decaps,24246
8517,mlkem,fixed,decaps,24271
8518,mlkem,fixed,decaps,27519
8519,mlkem,fixed,decaps,24321
8520,mlkem,fixed,decaps,24252
8521,mlkem,fixed,decaps,24255
8522,mlkem,fixed,decaps,24249
8523,mlkem,fixed,decaps,24255
8524,mlkem,fixed,decaps,24201
8525,mlkem,fixed,decaps,24215
8526,mlkem,fixed,decaps,24242
8527,mlkem,fixed,decaps,24290
8528,mlkem,fixed,decaps,24225
8529,mlkem,fixed,decaps,24230
8530,mlkem,fixed,decaps,24247
8531,mlkem,fixed,decaps,24249
8532,mlkem,fixed,decaps,24205
8533,mlkem,fixed,decaps,24229
8534,mlkem,fixed,decaps,24235
8535,mlkem,fixed,decaps,24246
8536,mlkem,fixed,decaps,24211
8537,mlkem,fixed,decaps,24215
8538,mlkem,fixed,decaps,24223
8539,mlkem,fixed,decaps,24265
8540,mlkem,fixed,decaps,24269
8541,mlkem,fixed,decaps,24210
8542,mlkem,fixed,decaps,24214
8543,mlkem,fixed,decaps,24240
8544,mlkem,fixed,decaps,24231
8545,mlkem,fixed,decaps,24232
8546,mlkem,fixed,decaps,24230
8547,mlkem,fixed,decaps,24243
8548,mlkem,fixed,decaps,24260
8549,mlkem,fixed,decaps,24237
8550,mlkem,fixed,decaps,24217
8551,mlkem,fixed,decaps,24233
8552,mlkem,fixed,decaps,28307
8553,mlkem,fixed,decaps,24745
8554,mlkem,fixed,decaps,24268
8555,mlkem,fixed,decaps,44653
8556,mlkem,fixed,decaps,24923
8557,mlkem,fixed,decaps,24910
8558,mlkem,fixed,decaps,24939
8559,mlkem,fixed,decaps,24953
8560,mlkem,fixed,decaps,24940
8561,mlkem,fixed,decaps,24932
8562,mlkem,fixed,decaps,24929
8563,mlkem,fixed,decaps,24926
8564,mlkem,fixed,decaps,24948
8565,mlkem,fixed,decaps,24937
8566,mlkem,fixed,decaps,24920
8567,mlkem,fixed,decaps,24871
8568,mlkem,fixed,decaps,24946
8569,mlkem,fixed,decaps,24937
8570,mlkem,fixed,decaps,24930
8571,mlkem,fixed,decaps,24908
8572,mlkem,fixed,decaps,24902
8573,mlkem,fixed,decaps,24917
8574,mlkem,fixed,decaps,24931
8575,mlkem,fixed,decaps,24937
8576,mlkem,fixed,decaps,24964
8577,mlkem,fixed,decaps,24921
8578,mlkem,fixed,decaps,24937
8579,mlkem,fixed,decaps,24916
8580,mlkem,fixed,decaps,24905
8581,mlkem,fixed,decaps,24908
8582,mlkem,fixed,decaps,24930
8583,mlkem,fixed,decaps,24935
8584,mlkem,fixed,decaps,24923
8585,mlkem,fixed,decaps,24934
8586,mlkem,fixed,decaps,24913
8587,mlkem,fixed,decaps,24922
8588,mlkem,fixed,decaps,24940
8589,mlkem,fixed,decaps,24930
8590,mlkem,fixed,decaps,24926
8591,mlkem,fixed,decaps,24919
8592,mlkem,fixed,decaps,24954
8593,mlkem,fixed,decaps,24900
8594,mlkem,fixed,decaps,24909
8595,mlkem,fixed,decaps,24917
8596,mlkem,fixed,decaps,24904
8597,mlkem,fixed,decaps,24937
8598,mlkem,fixed,decaps,24959
8599,mlkem,fixed,decaps,24947
8600,mlkem,fixed,decaps,24900
8601,mlkem,fixed,decaps,24900
8602,mlkem,fixed,decaps,24942
8603,mlkem,fixed,decaps,24937
8604,mlkem,fixed,decaps,24912
8605,mlkem,fixed,decaps,24948
8606,mlkem,fixed,decaps,24936
8607,mlkem,fixed,decaps,24935
8608,mlkem,fixed,decaps,24959
8609,mlkem,fixed,decaps,24919
8610,mlkem,fixed,decaps,24897
8611,mlkem,fixed,decaps,24956
8612,mlkem,fixed,decaps,24950
8613,mlkem,fixed,decaps,24924
8614,mlkem,fixed,decaps,24935
8615,mlkem,fixed,decaps,24957
8616,mlkem,fixed,decaps,24951
8617,mlkem,fixed,decaps,24920
8618,mlkem,fixed,decaps,24903
8619,mlkem,fixed,decaps,24924
8620,mlkem,fixed,decaps,24943
8621,mlkem,fixed,decaps,24919
8622,mlkem,fixed,decaps,24943
8623,mlkem,fixed,decaps,24919
8624,mlkem,fixed,decaps,24917
8625,mlkem,fixed,decaps,24919
8626,mlkem,fixed,decaps,24966
8627,mlkem,fixed,decaps,24950
8628,mlkem,fixed,decaps,24923
8629,mlkem,fixed,decaps,24950
8630,mlkem,fixed,decaps,24978
8631,mlkem,fixed,decaps,24928
8632,mlkem,fixed,decaps,24917
8633,mlkem,fixed,decaps,24911
8634,mlkem,fixed,decaps,24917
8635,mlkem,fixed,decaps,24958
8636,mlkem,fixed,decaps,24943
8637,mlkem,fixed,decaps,24920
8638,mlkem,fixed,decaps,24930
8639,mlkem,fixed,decaps,25674
8640,mlkem,fixed,decaps,25017
8641,mlkem,fixed,decaps,24968
8642,mlkem,fixed,decaps,24935
8643,mlkem,fixed,decaps,24927
8644,mlkem,fixed,decaps,24973
8645,mlkem,fixed,decaps,24947
8646,mlkem,fixed,decaps,24952
8647,mlkem,fixed,decaps,24904
8648,mlkem,fixed,decaps,24920
8649,mlkem,fixed,decaps,24935
8650,mlkem,fixed,decaps,24944
8651,mlkem,fixed,decaps,24891
8652,mlkem,fixed,decaps,24911
8653,mlkem,fixed,decaps,24955
8654,mlkem,fixed,decaps,24921
8655,mlkem,fixed,decaps,24947
8656,mlkem,fixed,decaps,24894
8657,mlkem,fixed,decaps,24919
8658,mlkem,fixed,decaps,24918
8659,mlkem,fixed,decaps,24931
8660,mlkem,fixed,decaps,24941
8661,mlkem,fixed,decaps,24944
8662,mlkem,fixed,decaps,24878
8663,mlkem,fixed,decaps,24931
8664,mlkem,fixed,decaps,24952
8665,mlkem,fixed,decaps,24903
8666,mlkem,fixed,decaps,24907
8667,mlkem,fixed,decaps,24925
8668,mlkem,fixed,decaps,24905
8669,mlkem,fixed,decaps,24915
8670,mlkem,fixed,decaps,24919
8671,mlkem,fixed,decaps,24931
8672,mlkem,fixed,decaps,24897
8673,mlkem,fixed,decaps,24950
8674,mlkem,fixed,decaps,24927
8675,mlkem,fixed,decaps,24911
8676,mlkem,fixed,decaps,28110
8677,mlkem,fixed,decaps,25080
8678,mlkem,fixed,decaps,24942
8679,mlkem,fixed,decaps,24975
8680,mlkem,fixed,decaps,24941
8681,mlkem,fixed,decaps,24921
8682,mlkem,fixed,decaps,24956
8683,mlkem,fixed,decaps,24958
8684,mlkem,fixed,decaps,24941
8685,mlkem,fixed,decaps,24938
8686,mlkem,fixed,decaps,24883
8687,mlkem,fixed,decaps,24950
8688,mlkem,fixed,decaps,24916
8689,mlkem,fixed,decaps,24930
8690,mlkem,fixed,decaps,24941
8691,mlkem,fixed,decaps,24948
8692,mlkem,fixed,decaps,24922
8693,mlkem,fixed,decaps,24956
8694,mlkem,fixed,decaps,24939
8695,mlkem,fixed,decaps,24952
8696,mlkem,fixed,decaps,24914
8697,mlkem,fixed,decaps,24918
8698,mlkem,fixed,decaps,24929
8699,mlkem,fixed,decaps,24971
8700,mlkem,fixed,decaps,24915
8701,mlkem,fixed,decaps,24927
8702,mlkem,fixed,decaps,24917
8703,mlkem,fixed,decaps,24941
8704,mlkem,fixed,decaps,24948
8705,mlkem,fixed,decaps,24925
8706,mlkem,fixed,decaps,24937
8707,mlkem,fixed,decaps,24941
8708,mlkem,fixed,decaps,24968
8709,mlkem,fixed,decaps,24946
8710,mlkem,fixed,decaps,24901
8711,mlkem,fixed,decaps,24920
8712,mlkem,fixed,decaps,24949
8713,mlkem,fixed,decaps,24937
8714,mlkem,fixed,decaps,24902
8715,mlkem,fixed,decaps,24929
8716,mlkem,fixed,decaps,24933
8717,mlkem,fixed,decaps,24971
8718,mlkem,fixed,decaps,24958
8719,mlkem,fixed,decaps,24894
8720,mlkem,fixed,decaps,24966
8721,mlkem,fixed,decaps,24962
8722,mlkem,fixed,decaps,24926
8723,mlkem,fixed,decaps,24930
8724,mlkem,fixed,decaps,24941
8725,mlkem,fixed,decaps,24955
8726,mlkem,fixed,decaps,24919
8727,mlkem,fixed,decaps,24937
8728,mlkem,fixed,decaps,24900
8729,mlkem,fixed,decaps,24984
8730,mlkem,fixed,decaps,24948
8731,mlkem,fixed,decaps,24975
8732,mlkem,fixed,decaps,24972
8733,mlkem,fixed,decaps,24911
8734,mlkem,fixed,decaps,24913
8735,mlkem,fixed,decaps,24941
8736,mlkem,fixed,decaps,24913
8737,mlkem,fixed,decaps,24929
8738,mlkem,fixed,decaps,24934
8739,mlkem,fixed,decaps,24931
8740,mlkem,fixed,decaps,24950
8741,mlkem,fixed,decaps,24934
8742,mlkem,fixed,decaps,24928
8743,mlkem,fixed,decaps,24923
8744,mlkem,fixed,decaps,24924
8745,mlkem,fixed,decaps,24970
8746,mlkem,fixed,decaps,24966
8747,mlkem,fixed,decaps,24928
8748,mlkem,fixed,decaps,24956
8749,mlkem,fixed,decaps,24927
8750,mlkem,fixed,decaps,24951
8751,mlkem,fixed,decaps,24930
8752,mlkem,fixed,decaps,24943
8753,mlkem,fixed,decaps,24935
8754,mlkem,fixed,decaps,24967
8755,mlkem,fixed,decaps,24960
8756,mlkem,fixed,decaps,24896
8757,mlkem,fixed,decaps,24884
8758,mlkem,fixed,decaps,24949
8759,mlkem,fixed,decaps,24940
8760,mlkem,fixed,decaps,24931
8761,mlkem,fixed,decaps,24904
8762,mlkem,fixed,decaps,24918
8763,mlkem,fixed,decaps,24920
8764,mlkem,fixed,decaps,24933
8765,mlkem,fixed,decaps,24932
8766,mlkem,fixed,decaps,24911
8767,mlkem,fixed,decaps,24932
8768,mlkem,fixed,decaps,24963
8769,mlkem,fixed,decaps,24939
8770,mlkem,fixed,decaps,24961
8771,mlkem,fixed,decaps,24933
8772,mlkem,fixed,decaps,24943
8773,mlkem,fixed,decaps,24961
8774,mlkem,fixed,decaps,24894
8775,mlkem,fixed,decaps,25607
8776,mlkem,fixed,decaps,24951
8777,mlkem,fixed,decaps,24922
8778,mlkem,fixed,decaps,24953
8779,mlkem,fixed,decaps,24923
8780,mlkem,fixed,decaps,24908
8781,mlkem,fixed,decaps,24914
8782,mlkem,fixed,decaps,24925
8783,mlkem,fixed,decaps,24950
8784,mlkem,fixed,decaps,24901
8785,mlkem,fixed,decaps,24960
8786,mlkem,fixed,decaps,24896
8787,mlkem,fixed,decaps,24951
8788,mlkem,fixed,decaps,24943
8789,mlkem,fixed,decaps,24963
8790,mlkem,fixed,decaps,24908
8791,mlkem,fixed,decaps,24921
8792,mlkem,fixed,decaps,24937
8793,mlkem,fixed,decaps,24949
8794,mlkem,fixed,decaps,24940
8795,mlkem,fixed,decaps,24898
8796,mlkem,fixed,decaps,24960
8797,mlkem,fixed,decaps,24969
8798,mlkem,fixed,decaps,24919
8799,mlkem,fixed,decaps,24918
8800,mlkem,fixed,decaps,24896
8801,mlkem,fixed,decaps,24950
8802,mlkem,fixed,decaps,24947
8803,mlkem,fixed,decaps,24927
8804,mlkem,fixed,decaps,24914
8805,mlkem,fixed,decaps,24941
8806,mlkem,fixed,decaps,24973
8807,mlkem,fixed,decaps,24925
8808,mlkem,fixed,decaps,24897
8809,mlkem,fixed,decaps,24953
8810,mlkem,fixed,decaps,24909
8811,mlkem,fixed,decaps,24947
8812,mlkem,fixed,decaps,24923
8813,mlkem,fixed,decaps,24921
8814,mlkem,fixed,decaps,24934
8815,mlkem,fixed,decaps,24955
8816,mlkem,fixed,decaps,24916
8817,mlkem,fixed,decaps,24951
8818,mlkem,fixed,decaps,24929
8819,mlkem,fixed,decaps,24915
8820,mlkem,fixed,decaps,24952
8821,mlkem,fixed,decaps,24923
8822,mlkem,fixed,decaps,24921
8823,mlkem,fixed,decaps,24946
8824,mlkem,fixed,decaps,24919
8825,mlkem,fixed,decaps,24934
8826,mlkem,fixed,decaps,24954
8827,mlkem,fixed,decaps,24917
8828,mlkem,fixed,decaps,24922
8829,mlkem,fixed,decaps,24908
8830,mlkem,fixed,decaps,24906
8831,mlkem,fixed,decaps,24959
8832,mlkem,fixed,decaps,24889
8833,mlkem,fixed,decaps,24935
8834,mlkem,fixed,decaps,24939
8835,mlkem,fixed,decaps,27984
8836,mlkem,fixed,decaps,24981
8837,mlkem,fixed,decaps,24965
8838,mlkem,fixed,decaps,24952
8839,mlkem,fixed,decaps,24942
8840,mlkem,fixed,decaps,24923
8841,mlkem,fixed,decaps,24955
8842,mlkem,fixed,decaps,24931
8843,mlkem,fixed,decaps,24927
8844,mlkem,fixed,decaps,24917
8845,mlkem,fixed,decaps,24956
8846,mlkem,fixed,decaps,24916
8847,mlkem,fixed,decaps,24904
8848,mlkem,fixed,decaps,24924
8849,mlkem,fixed,decaps,24935
8850,mlkem,fixed,decaps,24924
8851,mlkem,fixed,decaps,24965
8852,mlkem,fixed,decaps,24901
8853,mlkem,fixed,decaps,24930
8854,mlkem,fixed,decaps,24946
8855,mlkem,fixed,decaps,24994
8856,mlkem,fixed,decaps,24908
8857,mlkem,fixed,decaps,24939
8858,mlkem,fixed,decaps,24947
8859,mlkem,fixed,decaps,24977
8860,mlkem,fixed,decaps,24932
8861,mlkem,fixed,decaps,24922
8862,mlkem,fixed,decaps,24902
8863,mlkem,fixed,decaps,24944
8864,mlkem,fixed,decaps,24927
8865,mlkem,fixed,decaps,24946
8866,mlkem,fixed,decaps,24900
8867,mlkem,fixed,decaps,24943
8868,mlkem,fixed,decaps,24953
8869,mlkem,fixed,decaps,24953
8870,mlkem,fixed,decaps,24939
8871,mlkem,fixed,decaps,24948
8872,mlkem,fixed,decaps,24946
8873,mlkem,fixed,decaps,24950
8874,mlkem,fixed,decaps,24934
8875,mlkem,fixed,decaps,24917
8876,mlkem,fixed,decaps,24941
8877,mlkem,fixed,decaps,24955
8878,mlkem,fixed,decaps,24945
8879,mlkem,fixed,decaps,24950
8880,mlkem,fixed,decaps,24894
8881,mlkem,fixed,decaps,24919
8882,mlkem,fixed,decaps,24918
8883,mlkem,fixed,decaps,24936
8884,mlkem,fixed,decaps,24920
8885,mlkem,fixed,decaps,24937
8886,mlkem,fixed,decaps,24926
8887,mlkem,fixed,decaps,24932
8888,mlkem,fixed,decaps,24949
8889,mlkem,fixed,decaps,24912
8890,mlkem,fixed,decaps,24916
8891,mlkem,fixed,decaps,24974
8892,mlkem,fixed,decaps,24962
8893,mlkem,fixed,decaps,24953
8894,mlkem,fixed,decaps,24912
8895,mlkem,fixed,decaps,24923
8896,mlkem,fixed,decaps,24964
8897,mlkem,fixed,decaps,24919
8898,mlkem,fixed,decaps,24890
8899,mlkem,fixed,decaps,24940
8900,mlkem,fixed,decaps,24980
8901,mlkem,fixed,decaps,24923
8902,mlkem,fixed,decaps,24927
8903,mlkem,fixed,decaps,24925
8904,mlkem,fixed,decaps,24893
8905,mlkem,fixed,decaps,24929
8906,mlkem,fixed,decaps,24925
8907,mlkem,fixed,decaps,24934
8908,mlkem,fixed,decaps,24920
8909,mlkem,fixed,decaps,24901
8910,mlkem,fixed,decaps,24887
8911,mlkem,fixed,decaps,24971
8912,mlkem,fixed,decaps,25700
8913,mlkem,fixed,decaps,24972
8914,mlkem,fixed,decaps,24923
8915,mlkem,fixed,decaps,24901
8916,mlkem,fixed,decaps,24952
8917,mlkem,fixed,decaps,24930
8918,mlkem,fixed,decaps,24926
8919,mlkem,fixed,decaps,24894
8920,mlkem,fixed,decaps,24925
8921,mlkem,fixed,decaps,24955
8922,mlkem,fixed,decaps,24926
8923,mlkem,fixed,decaps,24914
8924,mlkem,fixed,decaps,24909
8925,mlkem,fixed,decaps,24957
8926,mlkem,fixed,decaps,24908
8927,mlkem,fixed,decaps,24919
8928,mlkem,fixed,decaps,24921
8929,mlkem,fixed,decaps,24932
8930,mlkem,fixed,decaps,24904
8931,mlkem,fixed,decaps,24933
8932,mlkem,fixed,decaps,24934
8933,mlkem,fixed,decaps,24930
8934,mlkem,fixed,decaps,24904
8935,mlkem,fixed,decaps,24917
8936,mlkem,fixed,decaps,24941
8937,mlkem,fixed,decaps,24900
8938,mlkem,fixed,decaps,36409
8939,mlkem,fixed,decaps,26073
8940,mlkem,fixed,decaps,24940
8941,mlkem,fixed,decaps,34877
8942,mlkem,fixed,decaps,25931
8943,mlkem,fixed,decaps,25001
8944,mlkem,fixed,decaps,24965
8945,mlkem,fixed,decaps,24876
8946,mlkem,fixed,decaps,24936
8947,mlkem,fixed,decaps,24935
8948,mlkem,fixed,decaps,24974
8949,mlkem,fixed,decaps,24923
8950,mlkem,fixed,decaps,24924
8951,mlkem,fixed,decaps,24908
8952,mlkem,fixed,decaps,24924
8953,mlkem,fixed,decaps,24942
8954,mlkem,fixed,decaps,24918
8955,mlkem,fixed,decaps,24951
8956,mlkem,fixed,decaps,24945
8957,mlkem,fixed,decaps,24965
8958,mlkem,fixed,decaps,24917
8959,mlkem,fixed,decaps,24892
8960,mlkem,fixed,decaps,24910
8961,mlkem,fixed,decaps,24919
8962,mlkem,fixed,decaps,24940
8963,mlkem,fixed,decaps,24926
8964,mlkem,fixed,decaps,24919
8965,mlkem,fixed,decaps,24890
8966,mlkem,fixed,decaps,24919
8967,mlkem,fixed,decaps,24916
8968,mlkem,fixed,decaps,24945
8969,mlkem,fixed,decaps,24905
8970,mlkem,fixed,decaps,24927
8971,mlkem,fixed,decaps,24926
8972,mlkem,fixed,decaps,24954
8973,mlkem,fixed,decaps,24945
8974,mlkem,fixed,decaps,24896
8975,mlkem,fixed,decaps,24919
8976,mlkem,fixed,decaps,24922
8977,mlkem,fixed,decaps,24950
8978,mlkem,fixed,decaps,24929
8979,mlkem,fixed,decaps,24921
8980,mlkem,fixed,decaps,24891
8981,mlkem,fixed,decaps,24938
8982,mlkem,fixed,decaps,24939
8983,mlkem,fixed,decaps,24913
8984,mlkem,fixed,decaps,24880
8985,mlkem,fixed,decaps,24905
8986,mlkem,fixed,decaps,24920
8987,mlkem,fixed,decaps,24930
8988,mlkem,fixed,decaps,24891
8989,mlkem,fixed,decaps,24917
8990,mlkem,fixed,decaps,24927
8991,mlkem,fixed,decaps,24942
8992,mlkem,fixed,decaps,29853
8993,mlkem,fixed,decaps,25021
8994,mlkem,fixed,decaps,24941
8995,mlkem,fixed,decaps,24926
8996,mlkem,fixed,decaps,24934
8997,mlkem,fixed,decaps,24972
8998,mlkem,fixed,decaps,24930
8999,mlkem,fixed,decaps,24919
9000,mlkem,fixed,decaps,24947
9001,mlkem,fixed,decaps,24943
9002,mlkem,fixed,decaps,24891
9003,mlkem,fixed,decaps,24919
9004,mlkem,fixed,decaps,24894
9005,mlkem,fixed,decaps,24939
9006,mlkem,fixed,decaps,24925
9007,mlkem,fixed,decaps,24894
9008,mlkem,fixed,decaps,24928
9009,mlkem,fixed,decaps,24931
9010,mlkem,fixed,decaps,24970
9011,mlkem,fixed,decaps,24903
9012,mlkem,fixed,decaps,24915
9013,mlkem,fixed,decaps,24902
9014,mlkem,fixed,decaps,24938
9015,mlkem,fixed,decaps,24916
9016,mlkem,fixed,decaps,24930
9017,mlkem,fixed,decaps,24952
9018,mlkem,fixed,decaps,24910
9019,mlkem,fixed,decaps,24931
9020,mlkem,fixed,decaps,24925
9021,mlkem,fixed,decaps,24943
9022,mlkem,fixed,decaps,24893
9023,mlkem,fixed,decaps,24949
9024,mlkem,fixed,decaps,24946
9025,mlkem,fixed,decaps,24894
9026,mlkem,fixed,decaps,24865
9027,mlkem,fixed,decaps,24887
9028,mlkem,fixed,decaps,24896
9029,mlkem,fixed,decaps,24930
9030,mlkem,fixed,decaps,24910
9031,mlkem,fixed,decaps,24889
9032,mlkem,fixed,decaps,24887
9033,mlkem,fixed,decaps,24913
9034,mlkem,fixed,decaps,24941
9035,mlkem,fixed,decaps,24900
9036,mlkem,fixed,decaps,24924
9037,mlkem,fixed,decaps,24933
9038,mlkem,fixed,decaps,24946
9039,mlkem,fixed,decaps,24937
9040,mlkem,fixed,decaps,24899
9041,mlkem,fixed,decaps,24928
9042,mlkem,fixed,decaps,24923
9043,mlkem,fixed,decaps,24908
9044,mlkem,fixed,decaps,24907
9045,mlkem,fixed,decaps,24892
9046,mlkem,fixed,decaps,24917
9047,mlkem,fixed,decaps,24906
9048,mlkem,fixed,decaps,25690
9049,mlkem,fixed,decaps,25033
9050,mlkem,fixed,decaps,24958
9051,mlkem,fixed,decaps,24919
9052,mlkem,fixed,decaps,24920
9053,mlkem,fixed,decaps,24937
9054,mlkem,fixed,decaps,24915
9055,mlkem,fixed,decaps,24920
9056,mlkem,fixed,decaps,24925
9057,mlkem,fixed,decaps,24915
9058,mlkem,fixed,decaps,24919
9059,mlkem,fixed,decaps,24930
9060,mlkem,fixed,decaps,24895
9061,mlkem,fixed,decaps,24905
9062,mlkem,fixed,decaps,24916
9063,mlkem,fixed,decaps,24951
9064,mlkem,fixed,decaps,24922
9065,mlkem,fixed,decaps,24908
9066,mlkem,fixed,decaps,24912
9067,mlkem,fixed,decaps,24925
9068,mlkem,fixed,decaps,24931
9069,mlkem,fixed,decaps,24897
9070,mlkem,fixed,decaps,24908
9071,mlkem,fixed,decaps,24932
9072,mlkem,fixed,decaps,24925
9073,mlkem,fixed,decaps,24926
9074,mlkem,fixed,decaps,24915
9075,mlkem,fixed,decaps,24906
9076,mlkem,fixed,decaps,24908
9077,mlkem,fixed,decaps,24892
9078,mlkem,fixed,decaps,24927
9079,mlkem,fixed,decaps,24907
9080,mlkem,fixed,decaps,24892
9081,mlkem,fixed,decaps,24960
9082,mlkem,fixed,decaps,24922
9083,mlkem,fixed,decaps,24912
9084,mlkem,fixed,decaps,24920
9085,mlkem,fixed,decaps,24903
9086,mlkem,fixed,decaps,24920
9087,mlkem,fixed,decaps,24917
9088,mlkem,fixed,decaps,24942
9089,mlkem,fixed,decaps,24882
9090,mlkem,fixed,decaps,24915
9091,mlkem,fixed,decaps,24919
9092,mlkem,fixed,decaps,24910
9093,mlkem,fixed,decaps,24888
9094,mlkem,fixed,decaps,24920
9095,mlkem,fixed,decaps,24919
9096,mlkem,fixed,decaps,24919
9097,mlkem,fixed,decaps,24901
9098,mlkem,fixed,decaps,24926
9099,mlkem,fixed,decaps,24910
9100,mlkem,fixed,decaps,24917
9101,mlkem,fixed,decaps,24910
9102,mlkem,fixed,decaps,24936
9103,mlkem,fixed,decaps,24899
9104,mlkem,fixed,decaps,24950
9105,mlkem,fixed,decaps,24963
9106,mlkem,fixed,decaps,24954
9107,mlkem,fixed,decaps,24915
9108,mlkem,fixed,decaps,24899
9109,mlkem,fixed,decaps,24913
9110,mlkem,fixed,decaps,24915
9111,mlkem,fixed,decaps,24903
9112,mlkem,fixed,decaps,24887
9113,mlkem,fixed,decaps,24918
9114,mlkem,fixed,decaps,24907
9115,mlkem,fixed,decaps,24915
9116,mlkem,fixed,decaps,24901
9117,mlkem,fixed,decaps,24898
9118,mlkem,fixed,decaps,24902
9119,mlkem,fixed,decaps,24933
9120,mlkem,fixed,decaps,24894
9121,mlkem,fixed,decaps,24922
9122,mlkem,fixed,decaps,24909
9123,mlkem,fixed,decaps,24944
9124,mlkem,fixed,decaps,24922
9125,mlkem,fixed,decaps,24925
9126,mlkem,fixed,decaps,24908
9127,mlkem,fixed,decaps,24908
9128,mlkem,fixed,decaps,24933
9129,mlkem,fixed,decaps,24911
9130,mlkem,fixed,decaps,24923
9131,mlkem,fixed,decaps,24897
9132,mlkem,fixed,decaps,24943
9133,mlkem,fixed,decaps,24933
9134,mlkem,fixed,decaps,24914
9135,mlkem,fixed,decaps,24936
9136,mlkem,fixed,decaps,24916
9137,mlkem,fixed,decaps,24926
9138,mlkem,fixed,decaps,24933
9139,mlkem,fixed,decaps,24927
9140,mlkem,fixed,decaps,24923
9141,mlkem,fixed,decaps,24891
9142,mlkem,fixed,decaps,24901
9143,mlkem,fixed,decaps,24944
9144,mlkem,fixed,decaps,24903
9145,mlkem,fixed,decaps,24898
9146,mlkem,fixed,decaps,24914
9147,mlkem,fixed,decaps,24950
9148,mlkem,fixed,decaps,24895
9149,mlkem,fixed,decaps,24899
9150,mlkem,fixed,decaps,28256
9151,mlkem,fixed,decaps,25155
9152,mlkem,fixed,decaps,24930
9153,mlkem,fixed,decaps,24898
9154,mlkem,fixed,decaps,24875
9155,mlkem,fixed,decaps,24902
9156,mlkem,fixed,decaps,24918
9157,mlkem,fixed,decaps,24937
9158,mlkem,fixed,decaps,24951
9159,mlkem,fixed,decaps,24916
9160,mlkem,fixed,decaps,24895
9161,mlkem,fixed,decaps,24942
9162,mlkem,fixed,decaps,24961
9163,mlkem,fixed,decaps,24957
9164,mlkem,fixed,decaps,24940
9165,mlkem,fixed,decaps,24910
9166,mlkem,fixed,decaps,24926
9167,mlkem,fixed,decaps,24952
9168,mlkem,fixed,decaps,24926
9169,mlkem,fixed,decaps,24935
9170,mlkem,fixed,decaps,24926
9171,mlkem,fixed,decaps,24944
9172,mlkem,fixed,decaps,24938
9173,mlkem,fixed,decaps,24906
9174,mlkem,fixed,decaps,24905
9175,mlkem,fixed,decaps,24939
9176,mlkem,fixed,decaps,24961
9177,mlkem,fixed,decaps,24965
9178,mlkem,fixed,decaps,24949
9179,mlkem,fixed,decaps,24916
9180,mlkem,fixed,decaps,24893
9181,mlkem,fixed,decaps,24914
9182,mlkem,fixed,decaps,24928
9183,mlkem,fixed,decaps,24908
9184,mlkem,fixed,decaps,24961
9185,mlkem,fixed,decaps,35632
9186,mlkem,fixed,decaps,27906
9187,mlkem,fixed,decaps,24988
9188,mlkem,fixed,decaps,33660
9189,mlkem,fixed,decaps,25643
9190,mlkem,fixed,decaps,24952
9191,mlkem,fixed,decaps,24954
9192,mlkem,fixed,decaps,24918
9193,mlkem,fixed,decaps,24943
9194,mlkem,fixed,decaps,24904
9195,mlkem,fixed,decaps,24885
9196,mlkem,fixed,decaps,24922
9197,mlkem,fixed,decaps,24920
9198,mlkem,fixed,decaps,24922
9199,mlkem,fixed,decaps,24978
9200,mlkem,fixed,decaps,24939
9201,mlkem,fixed,decaps,24941
9202,mlkem,fixed,decaps,24902
9203,mlkem,fixed,decaps,24909
9204,mlkem,fixed,decaps,24948
9205,mlkem,fixed,decaps,24910
9206,mlkem,fixed,decaps,24900
9207,mlkem,fixed,decaps,24942
9208,mlkem,fixed,decaps,24932
9209,mlkem,fixed,decaps,24917
9210,mlkem,fixed,decaps,24959
9211,mlkem,fixed,decaps,24874
9212,mlkem,fixed,decaps,24902
9213,mlkem,fixed,decaps,24917
9214,mlkem,fixed,decaps,24930
9215,mlkem,fixed,decaps,24911
9216,mlkem,fixed,decaps,24892
9217,mlkem,fixed,decaps,24897
9218,mlkem,fixed,decaps,24909
9219,mlkem,fixed,decaps,24933
9220,mlkem,fixed,decaps,24926
9221,mlkem,fixed,decaps,24883
9222,mlkem,fixed,decaps,24925
9223,mlkem,fixed,decaps,24945
9224,mlkem,fixed,decaps,24918
9225,mlkem,fixed,decaps,24952
9226,mlkem,fixed,decaps,24903
9227,mlkem,fixed,decaps,24910
9228,mlkem,fixed,decaps,24935
9229,mlkem,fixed,decaps,24915
9230,mlkem,fixed,decaps,24921
9231,mlkem,fixed,decaps,24912
9232,mlkem,fixed,decaps,24906
9233,mlkem,fixed,decaps,24928
9234,mlkem,fixed,decaps,24872
9235,mlkem,fixed,decaps,24899
9236,mlkem,fixed,decaps,24920
9237,mlkem,fixed,decaps,24932
9238,mlkem,fixed,decaps,24882
9239,mlkem,fixed,decaps,24904
9240,mlkem,fixed,decaps,24875
9241,mlkem,fixed,decaps,24924
9242,mlkem,fixed,decaps,24916
9243,mlkem,fixed,decaps,24889
9244,mlkem,fixed,decaps,24868
9245,mlkem,fixed,decaps,24928
9246,mlkem,fixed,decaps,24911
9247,mlkem,fixed,decaps,24923
9248,mlkem,fixed,decaps,24909
9249,mlkem,fixed,decaps,24911
9250,mlkem,fixed,decaps,24912
9251,mlkem,fixed,decaps,24942
9252,mlkem,fixed,decaps,24925
9253,mlkem,fixed,decaps,24907
9254,mlkem,fixed,decaps,24903
9255,mlkem,fixed,decaps,24915
9256,mlkem,fixed,decaps,24932
9257,mlkem,fixed,decaps,24891
9258,mlkem,fixed,decaps,24871
9259,mlkem,fixed,decaps,24918
9260,mlkem,fixed,decaps,24914
9261,mlkem,fixed,decaps,24953
9262,mlkem,fixed,decaps,24897
9263,mlkem,fixed,decaps,24907
9264,mlkem,fixed,decaps,24909
9265,mlkem,fixed,decaps,24937
9266,mlkem,fixed,decaps,24916
9267,mlkem,fixed,decaps,24896
9268,mlkem,fixed,decaps,24919
9269,mlkem,fixed,decaps,24893
9270,mlkem,fixed,decaps,24922
9271,mlkem,fixed,decaps,24927
9272,mlkem,fixed,decaps,24901
9273,mlkem,fixed,decaps,24898
9274,mlkem,fixed,decaps,24947
9275,mlkem,fixed,decaps,24930
9276,mlkem,fixed,decaps,24885
9277,mlkem,fixed,decaps,24858
9278,mlkem,fixed,decaps,24881
9279,mlkem,fixed,decaps,24950
9280,mlkem,fixed,decaps,24922
9281,mlkem,fixed,decaps,24908
9282,mlkem,fixed,decaps,24912
9283,mlkem,fixed,decaps,24900
9284,mlkem,fixed,decaps,24956
9285,mlkem,fixed,decaps,24916
9286,mlkem,fixed,decaps,24886
9287,mlkem,fixed,decaps,24912
9288,mlkem,fixed,decaps,24959
9289,mlkem,fixed,decaps,24917
9290,mlkem,fixed,decaps,24891
9291,mlkem,fixed,decaps,24917
9292,mlkem,fixed,decaps,24914
9293,mlkem,fixed,decaps,24929
9294,mlkem,fixed,decaps,24923
9295,mlkem,fixed,decaps,24910
9296,mlkem,fixed,decaps,24891
9297,mlkem,fixed,decaps,24932
9298,mlkem,fixed,decaps,24936
9299,mlkem,fixed,decaps,24919
9300,mlkem,fixed,decaps,24907
9301,mlkem,fixed,decaps,24954
9302,mlkem,fixed,decaps,24894
9303,mlkem,fixed,decaps,24937
9304,mlkem,fixed,decaps,24892
9305,mlkem,fixed,decaps,24891
9306,mlkem,fixed,decaps,24922
9307,mlkem,fixed,decaps,24952
9308,mlkem,fixed,decaps,32026
9309,mlkem,fixed,decaps,25054
9310,mlkem,fixed,decaps,24919
9311,mlkem,fixed,decaps,24893
9312,mlkem,fixed,decaps,24929
9313,mlkem,fixed,decaps,24934
9314,mlkem,fixed,decaps,24923
9315,mlkem,fixed,decaps,24870
9316,mlkem,fixed,decaps,24899
9317,mlkem,fixed,decaps,24936
9318,mlkem,fixed,decaps,24937
9319,mlkem,fixed,decaps,24925
9320,mlkem,fixed,decaps,24873
9321,mlkem,fixed,decaps,25720
9322,mlkem,fixed,decaps,24920
9323,mlkem,fixed,decaps,24944
9324,mlkem,fixed,decaps,24931
9325,mlkem,fixed,decaps,24922
9326,mlkem,fixed,decaps,24908
9327,mlkem,fixed,decaps,24929
9328,mlkem,fixed,decaps,24912
9329,mlkem,fixed,decaps,24922
9330,mlkem,fixed,decaps,24919
9331,mlkem,fixed,decaps,24903
9332,mlkem,fixed,decaps,24911
9333,mlkem,fixed,decaps,24893
9334,mlkem,fixed,decaps,24921
9335,mlkem,fixed,decaps,24910
9336,mlkem,fixed,decaps,24891
9337,mlkem,fixed,decaps,24916
9338,mlkem,fixed,decaps,24939
9339,mlkem,fixed,decaps,24922
9340,mlkem,fixed,decaps,24888
9341,mlkem,fixed,decaps,24918
9342,mlkem,fixed,decaps,24930
9343,mlkem,fixed,decaps,24960
9344,mlkem,fixed,decaps,24897
9345,mlkem,fixed,decaps,24904
9346,mlkem,fixed,decaps,24896
9347,mlkem,fixed,decaps,24939
9348,mlkem,fixed,decaps,24914
9349,mlkem,fixed,decaps,24909
9350,mlkem,fixed,decaps,24882
9351,mlkem,fixed,decaps,24883
9352,mlkem,fixed,decaps,24920
9353,mlkem,fixed,decaps,24932
9354,mlkem,fixed,decaps,24882
9355,mlkem,fixed,decaps,24926
9356,mlkem,fixed,decaps,24926
9357,mlkem,fixed,decaps,24908
9358,mlkem,fixed,decaps,24909
9359,mlkem,fixed,decaps,24885
9360,mlkem,fixed,decaps,24890
9361,mlkem,fixed,decaps,24920
9362,mlkem,fixed,decaps,24923
9363,mlkem,fixed,decaps,24882
9364,mlkem,fixed,decaps,24895
9365,mlkem,fixed,decaps,24890
9366,mlkem,fixed,decaps,24903
9367,mlkem,fixed,decaps,24889
9368,mlkem,fixed,decaps,24926
9369,mlkem,fixed,decaps,24904
9370,mlkem,fixed,decaps,24893
9371,mlkem,fixed,decaps,24930
9372,mlkem,fixed,decaps,24886
9373,mlkem,fixed,decaps,24935
9374,mlkem,fixed,decaps,24924
9375,mlkem,fixed,decaps,24901
9376,mlkem,fixed,decaps,24896
9377,mlkem,fixed,decaps,24918
9378,mlkem,fixed,decaps,24889
9379,mlkem,fixed,decaps,24927
9380,mlkem,fixed,decaps,24916
9381,mlkem,fixed,decaps,24920
9382,mlkem,fixed,decaps,24930
9383,mlkem,fixed,decaps,24960
9384,mlkem,fixed,decaps,24904
9385,mlkem,fixed,decaps,24925
9386,mlkem,fixed,decaps,24867
9387,mlkem,fixed,decaps,24904
9388,mlkem,fixed,decaps,24912
9389,mlkem,fixed,decaps,24928
9390,mlkem,fixed,decaps,24936
9391,mlkem,fixed,decaps,24902
9392,mlkem,fixed,decaps,24902
9393,mlkem,fixed,decaps,24922
9394,mlkem,fixed,decaps,24892
9395,mlkem,fixed,decaps,24868
9396,mlkem,fixed,decaps,24882
9397,mlkem,fixed,decaps,24923
9398,mlkem,fixed,decaps,24960
9399,mlkem,fixed,decaps,24929
9400,mlkem,fixed,decaps,24896
9401,mlkem,fixed,decaps,24881
9402,mlkem,fixed,decaps,24915
9403,mlkem,fixed,decaps,24954
9404,mlkem,fixed,decaps,24915
9405,mlkem,fixed,decaps,24886
9406,mlkem,fixed,decaps,24885
9407,mlkem,fixed,decaps,24930
9408,mlkem,fixed,decaps,24924
9409,mlkem,fixed,decaps,24936
9410,mlkem,fixed,decaps,24901
9411,mlkem,fixed,decaps,24925
9412,mlkem,fixed,decaps,24933
9413,mlkem,fixed,decaps,24930
9414,mlkem,fixed,decaps,24905
9415,mlkem,fixed,decaps,24880
9416,mlkem,fixed,decaps,24896
9417,mlkem,fixed,decaps,24921
9418,mlkem,fixed,decaps,24941
9419,mlkem,fixed,decaps,24926
9420,mlkem,fixed,decaps,24888
9421,mlkem,fixed,decaps,24929
9422,mlkem,fixed,decaps,24955
9423,mlkem,fixed,decaps,24918
9424,mlkem,fixed,decaps,24866
9425,mlkem,fixed,decaps,24905
9426,mlkem,fixed,decaps,24931
9427,mlkem,fixed,decaps,24932
9428,mlkem,fixed,decaps,24905
9429,mlkem,fixed,decaps,24883
9430,mlkem,fixed,decaps,24900
9431,mlkem,fixed,decaps,24927
9432,mlkem,fixed,decaps,24932
9433,mlkem,fixed,decaps,24900
9434,mlkem,fixed,decaps,24894
9435,mlkem,fixed,decaps,24920
9436,mlkem,fixed,decaps,24917
9437,mlkem,fixed,decaps,24930
9438,mlkem,fixed,decaps,24892
9439,mlkem,fixed,decaps,24873
9440,mlkem,fixed,decaps,24928
9441,mlkem,fixed,decaps,24906
9442,mlkem,fixed,decaps,24916
9443,mlkem,fixed,decaps,24895
9444,mlkem,fixed,decaps,24914
9445,mlkem,fixed,decaps,24940
9446,mlkem,fixed,decaps,24944
9447,mlkem,fixed,decaps,24875
9448,mlkem,fixed,decaps,24886
9449,mlkem,fixed,decaps,24908
9450,mlkem,fixed,decaps,24941
9451,mlkem,fixed,decaps,24911
9452,mlkem,fixed,decaps,24922
9453,mlkem,fixed,decaps,24893
9454,mlkem,fixed,decaps,24910
9455,mlkem,fixed,decaps,24926
9456,mlkem,fixed,decaps,24891
9457,mlkem,fixed,decaps,24935
9458,mlkem,fixed,decaps,25472
9459,mlkem,fixed,decaps,24970
9460,mlkem,fixed,decaps,24959
9461,mlkem,fixed,decaps,37835
9462,mlkem,fixed,decaps,25812
9463,mlkem,fixed,decaps,25698
9464,mlkem,fixed,decaps,25673
9465,mlkem,fixed,decaps,29179
9466,mlkem,fixed,decaps,25981
9467,mlkem,fixed,decaps,25724
9468,mlkem,fixed,decaps,25691
9469,mlkem,fixed,decaps,25653
9470,mlkem,fixed,decaps,25656
9471,mlkem,fixed,decaps,25611
9472,mlkem,fixed,decaps,25661
9473,mlkem,fixed,decaps,25665
9474,mlkem,fixed,decaps,25702
9475,mlkem,fixed,decaps,25656
9476,mlkem,fixed,decaps,25636
9477,mlkem,fixed,decaps,25632
9478,mlkem,fixed,decaps,25642
9479,mlkem,fixed,decaps,25683
9480,mlkem,fixed,decaps,25648
9481,mlkem,fixed,decaps,25623
9482,mlkem,fixed,decaps,25646
9483,mlkem,fixed,decaps,25635
9484,mlkem,fixed,decaps,25639
9485,mlkem,fixed,decaps,25683
9486,mlkem,fixed,decaps,25668
9487,mlkem,fixed,decaps,25683
9488,mlkem,fixed,decaps,25654
9489,mlkem,fixed,decaps,25642
9490,mlkem,fixed,decaps,25654
9491,mlkem,fixed,decaps,25629
9492,mlkem,fixed,decaps,25675
9493,mlkem,fixed,decaps,25641
9494,mlkem,fixed,decaps,25679
9495,mlkem,fixed,decaps,25641
9496,mlkem,fixed,decaps,25678
9497,mlkem,fixed,decaps,25623
9498,mlkem,fixed,decaps,25655
9499,mlkem,fixed,decaps,25657
9500,mlkem,fixed,decaps,25661
9501,mlkem,fixed,decaps,37863
9502,mlkem,fixed,decaps,24933
9503,mlkem,fixed,decaps,24966
9504,mlkem,fixed,decaps,24937
9505,mlkem,fixed,decaps,24918
9506,mlkem,fixed,decaps,24932
9507,mlkem,fixed,decaps,24938
9508,mlkem,fixed,decaps,24913
9509,mlkem,fixed,decaps,24938
9510,mlkem,fixed,decaps,24952
9511,mlkem,fixed,decaps,24937
9512,mlkem,fixed,decaps,24932
9513,mlkem,fixed,decaps,24943
9514,mlkem,fixed,decaps,24901
9515,mlkem,fixed,decaps,24939
9516,mlkem,fixed,decaps,24930
9517,mlkem,fixed,decaps,24949
9518,mlkem,fixed,decaps,24901
9519,mlkem,fixed,decaps,24912
9520,mlkem,fixed,decaps,24924
9521,mlkem,fixed,decaps,24948
9522,mlkem,fixed,decaps,24909
9523,mlkem,fixed,decaps,24893
9524,mlkem,fixed,decaps,24886
9525,mlkem,fixed,decaps,24943
9526,mlkem,fixed,decaps,24922
9527,mlkem,fixed,decaps,24890
9528,mlkem,fixed,decaps,24901
9529,mlkem,fixed,decaps,24916
9530,mlkem,fixed,decaps,24954
9531,mlkem,fixed,decaps,24901
9532,mlkem,fixed,decaps,24890
9533,mlkem,fixed,decaps,24926
9534,mlkem,fixed,decaps,24957
9535,mlkem,fixed,decaps,24907
9536,mlkem,fixed,decaps,24922
9537,mlkem,fixed,decaps,24915
9538,mlkem,fixed,decaps,24901
9539,mlkem,fixed,decaps,24910
9540,mlkem,fixed,decaps,24925
9541,mlkem,fixed,decaps,24906
9542,mlkem,fixed,decaps,24900
9543,mlkem,fixed,decaps,24930
9544,mlkem,fixed,decaps,24935
9545,mlkem,fixed,decaps,24922
9546,mlkem,fixed,decaps,24912
9547,mlkem,fixed,decaps,24923
9548,mlkem,fixed,decaps,24931
9549,mlkem,fixed,decaps,24907
9550,mlkem,fixed,decaps,24906
9551,mlkem,fixed,decaps,24954
9552,mlkem,fixed,decaps,24940
9553,mlkem,fixed,decaps,24924
9554,mlkem,fixed,decaps,24950
9555,mlkem,fixed,decaps,24961
9556,mlkem,fixed,decaps,24914
9557,mlkem,fixed,decaps,24920
9558,mlkem,fixed,decaps,24956
9559,mlkem,fixed,decaps,24913
9560,mlkem,fixed,decaps,24924
9561,mlkem,fixed,decaps,24896
9562,mlkem,fixed,decaps,24897
9563,mlkem,fixed,decaps,24931
9564,mlkem,fixed,decaps,24919
9565,mlkem,fixed,decaps,24921
9566,mlkem,fixed,decaps,24921
9567,mlkem,fixed,decaps,24950
9568,mlkem,fixed,decaps,24954
9569,mlkem,fixed,decaps,24908
9570,mlkem,fixed,decaps,24956
9571,mlkem,fixed,decaps,24946
9572,mlkem,fixed,decaps,24929
9573,mlkem,fixed,decaps,24926
9574,mlkem,fixed,decaps,24893
9575,mlkem,fixed,decaps,24922
9576,mlkem,fixed,decaps,24940
9577,mlkem,fixed,decaps,24907
9578,mlkem,fixed,decaps,24915
9579,mlkem,fixed,decaps,24919
9580,mlkem,fixed,decaps,24928
9581,mlkem,fixed,decaps,24923
9582,mlkem,fixed,decaps,24924
9583,mlkem,fixed,decaps,24903
9584,mlkem,fixed,decaps,24918
9585,mlkem,fixed,decaps,24906
9586,mlkem,fixed,decaps,24948
9587,mlkem,fixed,decaps,24915
9588,mlkem,fixed,decaps,24891
9589,mlkem,fixed,decaps,24928
9590,mlkem,fixed,decaps,24923
9591,mlkem,fixed,decaps,24939
9592,mlkem,fixed,decaps,24902
9593,mlkem,fixed,decaps,24907
9594,mlkem,fixed,decaps,24929
9595,mlkem,fixed,decaps,25626
9596,mlkem,fixed,decaps,25013
9597,mlkem,fixed,decaps,24907
9598,mlkem,fixed,decaps,24912
9599,mlkem,fixed,decaps,24939
9600,mlkem,fixed,decaps,24945
9601,mlkem,fixed,decaps,24938
9602,mlkem,fixed,decaps,24926
9603,mlkem,fixed,decaps,24919
9604,mlkem,fixed,decaps,24939
9605,mlkem,fixed,decaps,24938
9606,mlkem,fixed,decaps,24954
9607,mlkem,fixed,decaps,24922
9608,mlkem,fixed,decaps,24900
9609,mlkem,fixed,decaps,24953
9610,mlkem,fixed,decaps,24920
9611,mlkem,fixed,decaps,24966
9612,mlkem,fixed,decaps,24912
9613,mlkem,fixed,decaps,24895
9614,mlkem,fixed,decaps,24922
9615,mlkem,fixed,decaps,24926
9616,mlkem,fixed,decaps,24917
9617,mlkem,fixed,decaps,24915
9618,mlkem,fixed,decaps,24917
9619,mlkem,fixed,decaps,24916
9620,mlkem,fixed,decaps,24942
9621,mlkem,fixed,decaps,24958
9622,mlkem,fixed,decaps,28137
9623,mlkem,fixed,decaps,25108
9624,mlkem,fixed,decaps,24954
9625,mlkem,fixed,decaps,24937
9626,mlkem,fixed,decaps,24927
9627,mlkem,fixed,decaps,24942
9628,mlkem,fixed,decaps,24945
9629,mlkem,fixed,decaps,24961
9630,mlkem,fixed,decaps,24915
9631,mlkem,fixed,decaps,24929
9632,mlkem,fixed,decaps,24895
9633,mlkem,fixed,decaps,24937
9634,mlkem,fixed,decaps,24936
9635,mlkem,fixed,decaps,24950
9636,mlkem,fixed,decaps,24933
9637,mlkem,fixed,decaps,24931
9638,mlkem,fixed,decaps,24903
9639,mlkem,fixed,decaps,24931
9640,mlkem,fixed,decaps,24897
9641,mlkem,fixed,decaps,24914
9642,mlkem,fixed,decaps,24890
9643,mlkem,fixed,decaps,24931
9644,mlkem,fixed,decaps,24918
9645,mlkem,fixed,decaps,24909
9646,mlkem,fixed,decaps,24923
9647,mlkem,fixed,decaps,24904
9648,mlkem,fixed,decaps,24906
9649,mlkem,fixed,decaps,24918
9650,mlkem,fixed,decaps,24856
9651,mlkem,fixed,decaps,24922
9652,mlkem,fixed,decaps,24927
9653,mlkem,fixed,decaps,24955
9654,mlkem,fixed,decaps,24925
9655,mlkem,fixed,decaps,24921
9656,mlkem,fixed,decaps,24907
9657,mlkem,fixed,decaps,24935
9658,mlkem,fixed,decaps,24924
9659,mlkem,fixed,decaps,24933
9660,mlkem,fixed,decaps,24912
9661,mlkem,fixed,decaps,24936
9662,mlkem,fixed,decaps,24893
9663,mlkem,fixed,decaps,24906
9664,mlkem,fixed,decaps,24904
9665,mlkem,fixed,decaps,24898
9666,mlkem,fixed,decaps,24894
9667,mlkem,fixed,decaps,24895
9668,mlkem,fixed,decaps,24907
9669,mlkem,fixed,decaps,24874
9670,mlkem,fixed,decaps,24919
9671,mlkem,fixed,decaps,24928
9672,mlkem,fixed,decaps,24932
9673,mlkem,fixed,decaps,24891
9674,mlkem,fixed,decaps,24916
9675,mlkem,fixed,decaps,24906
9676,mlkem,fixed,decaps,24894
9677,mlkem,fixed,decaps,24925
9678,mlkem,fixed,decaps,24909
9679,mlkem,fixed,decaps,24908
9680,mlkem,fixed,decaps,24938
9681,mlkem,fixed,decaps,24942
9682,mlkem,fixed,decaps,24875
9683,mlkem,fixed,decaps,24884
9684,mlkem,fixed,decaps,24929
9685,mlkem,fixed,decaps,24914
9686,mlkem,fixed,decaps,24928
9687,mlkem,fixed,decaps,24904
9688,mlkem,fixed,decaps,24894
9689,mlkem,fixed,decaps,24913
9690,mlkem,fixed,decaps,24921
9691,mlkem,fixed,decaps,24930
9692,mlkem,fixed,decaps,24886
9693,mlkem,fixed,decaps,24896
9694,mlkem,fixed,decaps,24884
9695,mlkem,fixed,decaps,24954
9696,mlkem,fixed,decaps,24878
9697,mlkem,fixed,decaps,24898
9698,mlkem,fixed,decaps,24899
9699,mlkem,fixed,decaps,24917
9700,mlkem,fixed,decaps,24900
9701,mlkem,fixed,decaps,24886
9702,mlkem,fixed,decaps,24899
9703,mlkem,fixed,decaps,24924
9704,mlkem,fixed,decaps,24944
9705,mlkem,fixed,decaps,24888
9706,mlkem,fixed,decaps,24911
9707,mlkem,fixed,decaps,24912
9708,mlkem,fixed,decaps,24900
9709,mlkem,fixed,decaps,24954
9710,mlkem,fixed,decaps,24919
9711,mlkem,fixed,decaps,24890
9712,mlkem,fixed,decaps,24897
9713,mlkem,fixed,decaps,24928
9714,mlkem,fixed,decaps,24894
9715,mlkem,fixed,decaps,24935
9716,mlkem,fixed,decaps,24873
9717,mlkem,fixed,decaps,24929
9718,mlkem,fixed,decaps,24908
9719,mlkem,fixed,decaps,24905
9720,mlkem,fixed,decaps,24886
9721,mlkem,fixed,decaps,24922
9722,mlkem,fixed,decaps,24897
9723,mlkem,fixed,decaps,24940
9724,mlkem,fixed,decaps,24909
9725,mlkem,fixed,decaps,24892
9726,mlkem,fixed,decaps,24893
9727,mlkem,fixed,decaps,24926
9728,mlkem,fixed,decaps,24904
9729,mlkem,fixed,decaps,24918
9730,mlkem,fixed,decaps,24912
9731,mlkem,fixed,decaps,25584
9732,mlkem,fixed,decaps,24987
9733,mlkem,fixed,decaps,24941
9734,mlkem,fixed,decaps,24880
9735,mlkem,fixed,decaps,24909
9736,mlkem,fixed,decaps,24928
9737,mlkem,fixed,decaps,24901
9738,mlkem,fixed,decaps,24908
9739,mlkem,fixed,decaps,24919
9740,mlkem,fixed,decaps,24914
9741,mlkem,fixed,decaps,24926
9742,mlkem,fixed,decaps,24891
9743,mlkem,fixed,decaps,24908
9744,mlkem,fixed,decaps,28173
9745,mlkem,fixed,decaps,33657
9746,mlkem,fixed,decaps,25466
9747,mlkem,fixed,decaps,33633
9748,mlkem,fixed,decaps,25625
9749,mlkem,fixed,decaps,24915
9750,mlkem,fixed,decaps,24940
9751,mlkem,fixed,decaps,24902
9752,mlkem,fixed,decaps,24920
9753,mlkem,fixed,decaps,24887
9754,mlkem,fixed,decaps,24894
9755,mlkem,fixed,decaps,24873
9756,mlkem,fixed,decaps,24932
9757,mlkem,fixed,decaps,24904
9758,mlkem,fixed,decaps,24905
9759,mlkem,fixed,decaps,24867
9760,mlkem,fixed,decaps,24912
9761,mlkem,fixed,decaps,24887
9762,mlkem,fixed,decaps,24886
9763,mlkem,fixed,decaps,24892
9764,mlkem,fixed,decaps,24912
9765,mlkem,fixed,decaps,24938
9766,mlkem,fixed,decaps,24938
9767,mlkem,fixed,decaps,24908
9768,mlkem,fixed,decaps,24921
9769,mlkem,fixed,decaps,24905
9770,mlkem,fixed,decaps,24949
9771,mlkem,fixed,decaps,24916
9772,mlkem,fixed,decaps,24879
9773,mlkem,fixed,decaps,24871
9774,mlkem,fixed,decaps,24922
9775,mlkem,fixed,decaps,24904
9776,mlkem,fixed,decaps,24919
9777,mlkem,fixed,decaps,24892
9778,mlkem,fixed,decaps,24899
9779,mlkem,fixed,decaps,24906
9780,mlkem,fixed,decaps,28878
9781,mlkem,fixed,decaps,25015
9782,mlkem,fixed,decaps,24883
9783,mlkem,fixed,decaps,24929
9784,mlkem,fixed,decaps,24924
9785,mlkem,fixed,decaps,24923
9786,mlkem,fixed,decaps,24906
9787,mlkem,fixed,decaps,24882
9788,mlkem,fixed,decaps,24956
9789,mlkem,fixed,decaps,24931
9790,mlkem,fixed,decaps,24928
9791,mlkem,fixed,decaps,24872
9792,mlkem,fixed,decaps,24914
9793,mlkem,fixed,decaps,24908
9794,mlkem,fixed,decaps,24930
9795,mlkem,fixed,decaps,24925
9796,mlkem,fixed,decaps,24901
9797,mlkem,fixed,decaps,24889
9798,mlkem,fixed,decaps,24896
9799,mlkem,fixed,decaps,24924
9800,mlkem,fixed,decaps,24912
9801,mlkem,fixed,decaps,24887
9802,mlkem,fixed,decaps,24878
9803,mlkem,fixed,decaps,24895
9804,mlkem,fixed,decaps,24935
9805,mlkem,fixed,decaps,24920
9806,mlkem,fixed,decaps,24907
9807,mlkem,fixed,decaps,24878
9808,mlkem,fixed,decaps,24919
9809,mlkem,fixed,decaps,24927
9810,mlkem,fixed,decaps,24916
9811,mlkem,fixed,decaps,24889
9812,mlkem,fixed,decaps,24930
9813,mlkem,fixed,decaps,24932
9814,mlkem,fixed,decaps,24874
9815,mlkem,fixed,decaps,24903
9816,mlkem,fixed,decaps,24925
9817,mlkem,fixed,decaps,24938
9818,mlkem,fixed,decaps,24915
9819,mlkem,fixed,decaps,24900
9820,mlkem,fixed,decaps,24922
9821,mlkem,fixed,decaps,24918
9822,mlkem,fixed,decaps,24936
9823,mlkem,fixed,decaps,24908
9824,mlkem,fixed,decaps,24867
9825,mlkem,fixed,decaps,24903
9826,mlkem,fixed,decaps,24918
9827,mlkem,fixed,decaps,24884
9828,mlkem,fixed,decaps,24880
9829,mlkem,fixed,decaps,24916
9830,mlkem,fixed,decaps,24934
9831,mlkem,fixed,decaps,24912
9832,mlkem,fixed,decaps,24936
9833,mlkem,fixed,decaps,24896
9834,mlkem,fixed,decaps,24908
9835,mlkem,fixed,decaps,24896
9836,mlkem,fixed,decaps,24925
9837,mlkem,fixed,decaps,24892
9838,mlkem,fixed,decaps,24879
9839,mlkem,fixed,decaps,24931
9840,mlkem,fixed,decaps,24910
9841,mlkem,fixed,decaps,24918
9842,mlkem,fixed,decaps,24894
9843,mlkem,fixed,decaps,24893
9844,mlkem,fixed,decaps,24911
9845,mlkem,fixed,decaps,24911
9846,mlkem,fixed,decaps,24923
9847,mlkem,fixed,decaps,24900
9848,mlkem,fixed,decaps,24913
9849,mlkem,fixed,decaps,24910
9850,mlkem,fixed,decaps,24900
9851,mlkem,fixed,decaps,24904
9852,mlkem,fixed,decaps,24876
9853,mlkem,fixed,decaps,24938
9854,mlkem,fixed,decaps,24952
9855,mlkem,fixed,decaps,24893
9856,mlkem,fixed,decaps,24877
9857,mlkem,fixed,decaps,24905
9858,mlkem,fixed,decaps,24926
9859,mlkem,fixed,decaps,24948
9860,mlkem,fixed,decaps,24922
9861,mlkem,fixed,decaps,24872
9862,mlkem,fixed,decaps,24906
9863,mlkem,fixed,decaps,24918
9864,mlkem,fixed,decaps,24900
9865,mlkem,fixed,decaps,24907
9866,mlkem,fixed,decaps,24884
9867,mlkem,fixed,decaps,24916
9868,mlkem,fixed,decaps,25719
9869,mlkem,fixed,decaps,24994
9870,mlkem,fixed,decaps,24949
9871,mlkem,fixed,decaps,24952
9872,mlkem,fixed,decaps,24922
9873,mlkem,fixed,decaps,24930
9874,mlkem,fixed,decaps,24928
9875,mlkem,fixed,decaps,24945
9876,mlkem,fixed,decaps,24937
9877,mlkem,fixed,decaps,24924
9878,mlkem,fixed,decaps,24918
9879,mlkem,fixed,decaps,24910
9880,mlkem,fixed,decaps,24932
9881,mlkem,fixed,decaps,24897
9882,mlkem,fixed,decaps,24924
9883,mlkem,fixed,decaps,24911
9884,mlkem,fixed,decaps,24919
9885,mlkem,fixed,decaps,24903
9886,mlkem,fixed,decaps,24906
9887,mlkem,fixed,decaps,24915
9888,mlkem,fixed,decaps,24912
9889,mlkem,fixed,decaps,24946
9890,mlkem,fixed,decaps,24923
9891,mlkem,fixed,decaps,24862
9892,mlkem,fixed,decaps,24920
9893,mlkem,fixed,decaps,24946
9894,mlkem,fixed,decaps,24943
9895,mlkem,fixed,decaps,24947
9896,mlkem,fixed,decaps,24895
9897,mlkem,fixed,decaps,24899
9898,mlkem,fixed,decaps,24969
9899,mlkem,fixed,decaps,24942
9900,mlkem,fixed,decaps,24907
9901,mlkem,fixed,decaps,24897
9902,mlkem,fixed,decaps,24940
9903,mlkem,fixed,decaps,24936
9904,mlkem,fixed,decaps,24954
9905,mlkem,fixed,decaps,24925
9906,mlkem,fixed,decaps,24939
9907,mlkem,fixed,decaps,24929
9908,mlkem,fixed,decaps,24918
9909,mlkem,fixed,decaps,24916
9910,mlkem,fixed,decaps,24902
9911,mlkem,fixed,decaps,24953
9912,mlkem,fixed,decaps,24956
9913,mlkem,fixed,decaps,24918
9914,mlkem,fixed,decaps,24923
9915,mlkem,fixed,decaps,24909
9916,mlkem,fixed,decaps,24957
9917,mlkem,fixed,decaps,24921
9918,mlkem,fixed,decaps,24945
9919,mlkem,fixed,decaps,24893
9920,mlkem,fixed,decaps,24902
9921,mlkem,fixed,decaps,24949
9922,mlkem,fixed,decaps,24896
9923,mlkem,fixed,decaps,24895
9924,mlkem,fixed,decaps,24870
9925,mlkem,fixed,decaps,24937
9926,mlkem,fixed,decaps,24944
9927,mlkem,fixed,decaps,24924
9928,mlkem,fixed,decaps,24907
9929,mlkem,fixed,decaps,24899
9930,mlkem,fixed,decaps,24909
9931,mlkem,fixed,decaps,24910
9932,mlkem,fixed,decaps,24904
9933,mlkem,fixed,decaps,37884
9934,mlkem,fixed,decaps,25715
9935,mlkem,fixed,decaps,25603
9936,mlkem,fixed,decaps,25637
9937,mlkem,fixed,decaps,25682
9938,mlkem,fixed,decaps,40793
9939,mlkem,fixed,decaps,25777
9940,mlkem,fixed,decaps,25671
9941,mlkem,fixed,decaps,25653
9942,mlkem,fixed,decaps,25650
9943,mlkem,fixed,decaps,25655
9944,mlkem,fixed,decaps,25664
9945,mlkem,fixed,decaps,25629
9946,mlkem,fixed,decaps,25648
9947,mlkem,fixed,decaps,25658
9948,mlkem,fixed,decaps,25630
9949,mlkem,fixed,decaps,25643
9950,mlkem,fixed,decaps,25659
9951,mlkem,fixed,decaps,25652
9952,mlkem,fixed,decaps,25660
9953,mlkem,fixed,decaps,25659
9954,mlkem,fixed,decaps,25627
9955,mlkem,fixed,decaps,25655
9956,mlkem,fixed,decaps,25627
9957,mlkem,fixed,decaps,25664
9958,mlkem,fixed,decaps,25634
9959,mlkem,fixed,decaps,25611
9960,mlkem,fixed,decaps,25644
9961,mlkem,fixed,decaps,25650
9962,mlkem,fixed,decaps,25672
9963,mlkem,fixed,decaps,25612
9964,mlkem,fixed,decaps,25621
9965,mlkem,fixed,decaps,25626
9966,mlkem,fixed,decaps,25627
9967,mlkem,fixed,decaps,25663
9968,mlkem,fixed,decaps,25660
9969,mlkem,fixed,decaps,25611
9970,mlkem,fixed,decaps,25624
9971,mlkem,fixed,decaps,25657
9972,mlkem,fixed,decaps,25675
9973,mlkem,fixed,decaps,25610
9974,mlkem,fixed,decaps,25606
9975,mlkem,fixed,decaps,25629
9976,mlkem,fixed,decaps,25676
9977,mlkem,fixed,decaps,25673
9978,mlkem,fixed,decaps,25650
9979,mlkem,fixed,decaps,25633
9980,mlkem,fixed,decaps,25656
9981,mlkem,fixed,decaps,25642
9982,mlkem,fixed,decaps,25649
9983,mlkem,fixed,decaps,25623
9984,mlkem,fixed,decaps,25662
9985,mlkem,fixed,decaps,25608
9986,mlkem,fixed,decaps,25634
9987,mlkem,fixed,decaps,25639
9988,mlkem,fixed,decaps,25656
9989,mlkem,fixed,decaps,25640
9990,mlkem,fixed,decaps,25608
9991,mlkem,fixed,decaps,25609
9992,mlkem,fixed,decaps,25639
9993,mlkem,fixed,decaps,25654
9994,mlkem,fixed,decaps,25616
9995,mlkem,fixed,decaps,25639
9996,mlkem,fixed,decaps,25615
9997,mlkem,fixed,decaps,25628
9998,mlkem,fixed,decaps,25674
9999,mlkem,fixed,decaps,25617
10000,mlkem,fixed,decaps,25619
