==149402== Memcheck, a memory error detector
==149402== Copyright (C) 2002-2024, and GNU GPL'd, by Julian Seward et al.
==149402== Using Valgrind-3.24.0 and LibVEX; rerun with -h for copyright info
==149402== Command: /home/wizard/Desktop/thesis/sidechannel_verification/compiler_matrix/../ctgrind/ct_test_clang-Os ML-KEM-768 1
==149402== 
==149402== Conditional jump or move depends on uninitialised value(s)
==149402==    at 0x487273A: PQCP_MLKEM_NATIVE_MLKEM768_X86_64_dec (vendor/liboqs-src/src/kem/ml_kem/mlkem-native_ml-kem-768_x86_64/mlkem/src/kem.c:332)
==149402==    by 0x10933A: main (ct_test.c:66)
==149402==  Uninitialised value was created by a client request
==149402==    at 0x109320: main (ct_test.c:63)
==149402== 
==149402== Use of uninitialised value of size 8
==149402==    at 0x4875E7F: PQCP_MLKEM_NATIVE_MLKEM768_X86_64_rej_uniform_avx2 (vendor/liboqs-src/src/kem/ml_kem/mlkem-native_ml-kem-768_x86_64/mlkem/src/native/x86_64/src/rej_uniform_avx2.c:71)
==149402==    by 0x4876A76: mlk_rej_uniform_native (vendor/liboqs-src/src/kem/ml_kem/mlkem-native_ml-kem-768_x86_64/mlkem/src/native/x86_64/meta.h:52)
==149402==    by 0x4876A76: mlk_rej_uniform (vendor/liboqs-src/src/kem/ml_kem/mlkem-native_ml-kem-768_x86_64/mlkem/src/sampling.c:127)
==149402==    by 0x4876A76: PQCP_MLKEM_NATIVE_MLKEM768_X86_64_poly_rej_uniform_x4 (vendor/liboqs-src/src/kem/ml_kem/mlkem-native_ml-kem-768_x86_64/mlkem/src/sampling.c:170)
==149402==    by 0x4871526: PQCP_MLKEM_NATIVE_MLKEM768_X86_64_gen_matrix (vendor/liboqs-src/src/kem/ml_kem/mlkem-native_ml-kem-768_x86_64/mlkem/src/indcpa.c:246)
==149402==    by 0x48718DC: PQCP_MLKEM_NATIVE_MLKEM768_X86_64_indcpa_enc (vendor/liboqs-src/src/kem/ml_kem/mlkem-native_ml-kem-768_x86_64/mlkem/src/indcpa.c:437)
==149402==    by 0x48727A2: PQCP_MLKEM_NATIVE_MLKEM768_X86_64_dec (vendor/liboqs-src/src/kem/ml_kem/mlkem-native_ml-kem-768_x86_64/mlkem/src/kem.c:346)
==149402==    by 0x10933A: main (ct_test.c:66)
==149402==  Uninitialised value was created by a client request
==149402==    at 0x109320: main (ct_test.c:63)
==149402== 
==149402== Use of uninitialised value of size 8
==149402==    at 0x4875E88: PQCP_MLKEM_NATIVE_MLKEM768_X86_64_rej_uniform_avx2 (vendor/liboqs-src/src/kem/ml_kem/mlkem-native_ml-kem-768_x86_64/mlkem/src/native/x86_64/src/rej_uniform_avx2.c:73)
==149402==    by 0x4876A76: mlk_rej_uniform_native (vendor/liboqs-src/src/kem/ml_kem/mlkem-native_ml-kem-768_x86_64/mlkem/src/native/x86_64/meta.h:52)
==149402==    by 0x4876A76: mlk_rej_uniform (vendor/liboqs-src/src/kem/ml_kem/mlkem-native_ml-kem-768_x86_64/mlkem/src/sampling.c:127)
==149402==    by 0x4876A76: PQCP_MLKEM_NATIVE_MLKEM768_X86_64_poly_rej_uniform_x4 (vendor/liboqs-src/src/kem/ml_kem/mlkem-native_ml-kem-768_x86_64/mlkem/src/sampling.c:170)
==149402==    by 0x4871526: PQCP_MLKEM_NATIVE_MLKEM768_X86_64_gen_matrix (vendor/liboqs-src/src/kem/ml_kem/mlkem-native_ml-kem-768_x86_64/mlkem/src/indcpa.c:246)
==149402==    by 0x48718DC: PQCP_MLKEM_NATIVE_MLKEM768_X86_64_indcpa_enc (vendor/liboqs-src/src/kem/ml_kem/mlkem-native_ml-kem-768_x86_64/mlkem/src/indcpa.c:437)
==149402==    by 0x48727A2: PQCP_MLKEM_NATIVE_MLKEM768_X86_64_dec (vendor/liboqs-src/src/kem/ml_kem/mlkem-native_ml-kem-768_x86_64/mlkem/src/kem.c:346)
==149402==    by 0x10933A: main (ct_test.c:66)
==149402== 
==149402== Use of uninitialised value of size 8
==149402==    at 0x4875E98: PQCP_MLKEM_NATIVE_MLKEM768_X86_64_rej_uniform_avx2 (vendor/liboqs-src/src/kem/ml_kem/mlkem-native_ml-kem-768_x86_64/mlkem/src/native/x86_64/src/rej_uniform_avx2.c:74)
==149402==    by 0x4876A76: mlk_rej_uniform_native (vendor/liboqs-src/src/kem/ml_kem/mlkem-native_ml-kem-768_x86_64/mlkem/src/native/x86_64/meta.h:52)
==149402==    by 0x4876A76: mlk_rej_uniform (vendor/liboqs-src/src/kem/ml_kem/mlkem-native_ml-kem-768_x86_64/mlkem/src/sampling.c:127)
==149402==    by 0x4876A76: PQCP_MLKEM_NATIVE_MLKEM768_X86_64_poly_rej_uniform_x4 (vendor/liboqs-src/src/kem/ml_kem/mlkem-native_ml-kem-768_x86_64/mlkem/src/sampling.c:170)
==149402==    by 0x4871526: PQCP_MLKEM_NATIVE_MLKEM768_X86_64_gen_matrix (vendor/liboqs-src/src/kem/ml_kem/mlkem-native_ml-kem-768_x86_64/mlkem/src/indcpa.c:246)
==149402==    by 0x48718DC: PQCP_MLKEM_NATIVE_MLKEM768_X86_64_indcpa_enc (vendor/liboqs-src/src/kem/ml_kem/mlkem-native_ml-kem-768_x86_64/mlkem/src/indcpa.c:437)
==149402==    by 0x48727A2: PQCP_MLKEM_NATIVE_MLKEM768_X86_64_dec (vendor/liboqs-src/src/kem/ml_kem/mlkem-native_ml-kem-768_x86_64/mlkem/src/kem.c:346)
==149402==    by 0x10933A: main (ct_test.c:66)
==149402==  Uninitialised value was created by a client request
==149402==    at 0x109320: main (ct_test.c:63)
==149402== 
==149402== Use of uninitialised value of size 8
==149402==    at 0x4875EA7: PQCP_MLKEM_NATIVE_MLKEM768_X86_64_rej_uniform_avx2 (vendor/liboqs-src/src/kem/ml_kem/mlkem-native_ml-kem-768_x86_64/mlkem/src/native/x86_64/src/rej_uniform_avx2.c:78)
==149402==    by 0x4876A76: mlk_rej_uniform_native (vendor/liboqs-src/src/kem/ml_kem/mlkem-native_ml-kem-768_x86_64/mlkem/src/native/x86_64/meta.h:52)
==149402==    by 0x4876A76: mlk_rej_uniform (vendor/liboqs-src/src/kem/ml_kem/mlkem-native_ml-kem-768_x86_64/mlkem/src/sampling.c:127)
==149402==    by 0x4876A76: PQCP_MLKEM_NATIVE_MLKEM768_X86_64_poly_rej_uniform_x4 (vendor/liboqs-src/src/kem/ml_kem/mlkem-native_ml-kem-768_x86_64/mlkem/src/sampling.c:170)
==149402==    by 0x4871526: PQCP_MLKEM_NATIVE_MLKEM768_X86_64_gen_matrix (vendor/liboqs-src/src/kem/ml_kem/mlkem-native_ml-kem-768_x86_64/mlkem/src/indcpa.c:246)
==149402==    by 0x48718DC: PQCP_MLKEM_NATIVE_MLKEM768_X86_64_indcpa_enc (vendor/liboqs-src/src/kem/ml_kem/mlkem-native_ml-kem-768_x86_64/mlkem/src/indcpa.c:437)
==149402==    by 0x48727A2: PQCP_MLKEM_NATIVE_MLKEM768_X86_64_dec (vendor/liboqs-src/src/kem/ml_kem/mlkem-native_ml-kem-768_x86_64/mlkem/src/kem.c:346)
==149402==    by 0x10933A: main (ct_test.c:66)
==149402==  Uninitialised value was created by a client request
==149402==    at 0x109320: main (ct_test.c:63)
==149402== 
==149402== Use of uninitialised value of size 8
==149402==    at 0x4875EDF: PQCP_MLKEM_NATIVE_MLKEM768_X86_64_rej_uniform_avx2 (vendor/liboqs-src/src/kem/ml_kem/mlkem-native_ml-kem-768_x86_64/mlkem/src/native/x86_64/src/rej_uniform_avx2.c:93)
==149402==    by 0x4876A76: mlk_rej_uniform_native (vendor/liboqs-src/src/kem/ml_kem/mlkem-native_ml-kem-768_x86_64/mlkem/src/native/x86_64/meta.h:52)
==149402==    by 0x4876A76: mlk_rej_uniform (vendor/liboqs-src/src/kem/ml_kem/mlkem-native_ml-kem-768_x86_64/mlkem/src/sampling.c:127)
==149402==    by 0x4876A76: PQCP_MLKEM_NATIVE_MLKEM768_X86_64_poly_rej_uniform_x4 (vendor/liboqs-src/src/kem/ml_kem/mlkem-native_ml-kem-768_x86_64/mlkem/src/sampling.c:170)
==149402==    by 0x4871526: PQCP_MLKEM_NATIVE_MLKEM768_X86_64_gen_matrix (vendor/liboqs-src/src/kem/ml_kem/mlkem-native_ml-kem-768_x86_64/mlkem/src/indcpa.c:246)
==149402==    by 0x48718DC: PQCP_MLKEM_NATIVE_MLKEM768_X86_64_indcpa_enc (vendor/liboqs-src/src/kem/ml_kem/mlkem-native_ml-kem-768_x86_64/mlkem/src/indcpa.c:437)
==149402==    by 0x48727A2: PQCP_MLKEM_NATIVE_MLKEM768_X86_64_dec (vendor/liboqs-src/src/kem/ml_kem/mlkem-native_ml-kem-768_x86_64/mlkem/src/kem.c:346)
==149402==    by 0x10933A: main (ct_test.c:66)
==149402==  Uninitialised value was created by a client request
==149402==    at 0x109320: main (ct_test.c:63)
==149402== 
==149402== Use of uninitialised value of size 8
==149402==    at 0x4875EEE: PQCP_MLKEM_NATIVE_MLKEM768_X86_64_rej_uniform_avx2 (vendor/liboqs-src/src/kem/ml_kem/mlkem-native_ml-kem-768_x86_64/mlkem/src/native/x86_64/src/rej_uniform_avx2.c:95)
==149402==    by 0x4876A76: mlk_rej_uniform_native (vendor/liboqs-src/src/kem/ml_kem/mlkem-native_ml-kem-768_x86_64/mlkem/src/native/x86_64/meta.h:52)
==149402==    by 0x4876A76: mlk_rej_uniform (vendor/liboqs-src/src/kem/ml_kem/mlkem-native_ml-kem-768_x86_64/mlkem/src/sampling.c:127)
==149402==    by 0x4876A76: PQCP_MLKEM_NATIVE_MLKEM768_X86_64_poly_rej_uniform_x4 (vendor/liboqs-src/src/kem/ml_kem/mlkem-native_ml-kem-768_x86_64/mlkem/src/sampling.c:170)
==149402==    by 0x4871526: PQCP_MLKEM_NATIVE_MLKEM768_X86_64_gen_matrix (vendor/liboqs-src/src/kem/ml_kem/mlkem-native_ml-kem-768_x86_64/mlkem/src/indcpa.c:246)
==149402==    by 0x48718DC: PQCP_MLKEM_NATIVE_MLKEM768_X86_64_indcpa_enc (vendor/liboqs-src/src/kem/ml_kem/mlkem-native_ml-kem-768_x86_64/mlkem/src/indcpa.c:437)
==149402==    by 0x48727A2: PQCP_MLKEM_NATIVE_MLKEM768_X86_64_dec (vendor/liboqs-src/src/kem/ml_kem/mlkem-native_ml-kem-768_x86_64/mlkem/src/kem.c:346)
==149402==    by 0x10933A: main (ct_test.c:66)
==149402==  Uninitialised value was created by a client request
==149402==    at 0x109320: main (ct_test.c:63)
==149402== 
==149402== Use of uninitialised value of size 8
==149402==    at 0x4875EFB: PQCP_MLKEM_NATIVE_MLKEM768_X86_64_rej_uniform_avx2 (vendor/liboqs-src/src/kem/ml_kem/mlkem-native_ml-kem-768_x86_64/mlkem/src/native/x86_64/src/rej_uniform_avx2.c:97)
==149402==    by 0x4876A76: mlk_rej_uniform_native (vendor/liboqs-src/src/kem/ml_kem/mlkem-native_ml-kem-768_x86_64/mlkem/src/native/x86_64/meta.h:52)
==149402==    by 0x4876A76: mlk_rej_uniform (vendor/liboqs-src/src/kem/ml_kem/mlkem-native_ml-kem-768_x86_64/mlkem/src/sampling.c:127)
==149402==    by 0x4876A76: PQCP_MLKEM_NATIVE_MLKEM768_X86_64_poly_rej_uniform_x4 (vendor/liboqs-src/src/kem/ml_kem/mlkem-native_ml-kem-768_x86_64/mlkem/src/sampling.c:170)
==149402==    by 0x4871526: PQCP_MLKEM_NATIVE_MLKEM768_X86_64_gen_matrix (vendor/liboqs-src/src/kem/ml_kem/mlkem-native_ml-kem-768_x86_64/mlkem/src/indcpa.c:246)
==149402==    by 0x48718DC: PQCP_MLKEM_NATIVE_MLKEM768_X86_64_indcpa_enc (vendor/liboqs-src/src/kem/ml_kem/mlkem-native_ml-kem-768_x86_64/mlkem/src/indcpa.c:437)
==149402==    by 0x48727A2: PQCP_MLKEM_NATIVE_MLKEM768_X86_64_dec (vendor/liboqs-src/src/kem/ml_kem/mlkem-native_ml-kem-768_x86_64/mlkem/src/kem.c:346)
==149402==    by 0x10933A: main (ct_test.c:66)
==149402==  Uninitialised value was created by a client request
==149402==    at 0x109320: main (ct_test.c:63)
==149402== 
==149402== Conditional jump or move depends on uninitialised value(s)
==149402==    at 0x4875F1A: PQCP_MLKEM_NATIVE_MLKEM768_X86_64_rej_uniform_avx2 (vendor/liboqs-src/src/kem/ml_kem/mlkem-native_ml-kem-768_x86_64/mlkem/src/native/x86_64/src/rej_uniform_avx2.c:47)
==149402==    by 0x4876A76: mlk_rej_uniform_native (vendor/liboqs-src/src/kem/ml_kem/mlkem-native_ml-kem-768_x86_64/mlkem/src/native/x86_64/meta.h:52)
==149402==    by 0x4876A76: mlk_rej_uniform (vendor/liboqs-src/src/kem/ml_kem/mlkem-native_ml-kem-768_x86_64/mlkem/src/sampling.c:127)
==149402==    by 0x4876A76: PQCP_MLKEM_NATIVE_MLKEM768_X86_64_poly_rej_uniform_x4 (vendor/liboqs-src/src/kem/ml_kem/mlkem-native_ml-kem-768_x86_64/mlkem/src/sampling.c:170)
==149402==    by 0x4871526: PQCP_MLKEM_NATIVE_MLKEM768_X86_64_gen_matrix (vendor/liboqs-src/src/kem/ml_kem/mlkem-native_ml-kem-768_x86_64/mlkem/src/indcpa.c:246)
==149402==    by 0x48718DC: PQCP_MLKEM_NATIVE_MLKEM768_X86_64_indcpa_enc (vendor/liboqs-src/src/kem/ml_kem/mlkem-native_ml-kem-768_x86_64/mlkem/src/indcpa.c:437)
==149402==    by 0x48727A2: PQCP_MLKEM_NATIVE_MLKEM768_X86_64_dec (vendor/liboqs-src/src/kem/ml_kem/mlkem-native_ml-kem-768_x86_64/mlkem/src/kem.c:346)
==149402==    by 0x10933A: main (ct_test.c:66)
==149402==  Uninitialised value was created by a client request
==149402==    at 0x109320: main (ct_test.c:63)
==149402== 
==149402== Use of uninitialised value of size 8
==149402==    at 0x4875E30: PQCP_MLKEM_NATIVE_MLKEM768_X86_64_rej_uniform_avx2 (vendor/liboqs-src/src/kem/ml_kem/mlkem-native_ml-kem-768_x86_64/mlkem/src/native/x86_64/src/rej_uniform_avx2.c:54)
==149402==    by 0x4876A76: mlk_rej_uniform_native (vendor/liboqs-src/src/kem/ml_kem/mlkem-native_ml-kem-768_x86_64/mlkem/src/native/x86_64/meta.h:52)
==149402==    by 0x4876A76: mlk_rej_uniform (vendor/liboqs-src/src/kem/ml_kem/mlkem-native_ml-kem-768_x86_64/mlkem/src/sampling.c:127)
==149402==    by 0x4876A76: PQCP_MLKEM_NATIVE_MLKEM768_X86_64_poly_rej_uniform_x4 (vendor/liboqs-src/src/kem/ml_kem/mlkem-native_ml-kem-768_x86_64/mlkem/src/sampling.c:170)
==149402==    by 0x4871526: PQCP_MLKEM_NATIVE_MLKEM768_X86_64_gen_matrix (vendor/liboqs-src/src/kem/ml_kem/mlkem-native_ml-kem-768_x86_64/mlkem/src/indcpa.c:246)
==149402==    by 0x48718DC: PQCP_MLKEM_NATIVE_MLKEM768_X86_64_indcpa_enc (vendor/liboqs-src/src/kem/ml_kem/mlkem-native_ml-kem-768_x86_64/mlkem/src/indcpa.c:437)
==149402==    by 0x48727A2: PQCP_MLKEM_NATIVE_MLKEM768_X86_64_dec (vendor/liboqs-src/src/kem/ml_kem/mlkem-native_ml-kem-768_x86_64/mlkem/src/kem.c:346)
==149402==    by 0x10933A: main (ct_test.c:66)
==149402==  Uninitialised value was created by a client request
==149402==    at 0x109320: main (ct_test.c:63)
==149402== 
==149402== Use of uninitialised value of size 8
==149402==    at 0x4875ED1: PQCP_MLKEM_NATIVE_MLKEM768_X86_64_rej_uniform_avx2 (vendor/liboqs-src/src/kem/ml_kem/mlkem-native_ml-kem-768_x86_64/mlkem/src/native/x86_64/src/rej_uniform_avx2.c:91)
==149402==    by 0x4876A76: mlk_rej_uniform_native (vendor/liboqs-src/src/kem/ml_kem/mlkem-native_ml-kem-768_x86_64/mlkem/src/native/x86_64/meta.h:52)
==149402==    by 0x4876A76: mlk_rej_uniform (vendor/liboqs-src/src/kem/ml_kem/mlkem-native_ml-kem-768_x86_64/mlkem/src/sampling.c:127)
==149402==    by 0x4876A76: PQCP_MLKEM_NATIVE_MLKEM768_X86_64_poly_rej_uniform_x4 (vendor/liboqs-src/src/kem/ml_kem/mlkem-native_ml-kem-768_x86_64/mlkem/src/sampling.c:170)
==149402==    by 0x4871526: PQCP_MLKEM_NATIVE_MLKEM768_X86_64_gen_matrix (vendor/liboqs-src/src/kem/ml_kem/mlkem-native_ml-kem-768_x86_64/mlkem/src/indcpa.c:246)
==149402==    by 0x48718DC: PQCP_MLKEM_NATIVE_MLKEM768_X86_64_indcpa_enc (vendor/liboqs-src/src/kem/ml_kem/mlkem-native_ml-kem-768_x86_64/mlkem/src/indcpa.c:437)
==149402==    by 0x48727A2: PQCP_MLKEM_NATIVE_MLKEM768_X86_64_dec (vendor/liboqs-src/src/kem/ml_kem/mlkem-native_ml-kem-768_x86_64/mlkem/src/kem.c:346)
==149402==    by 0x10933A: main (ct_test.c:66)
==149402==  Uninitialised value was created by a client request
==149402==    at 0x109320: main (ct_test.c:63)
==149402== 
==149402== Conditional jump or move depends on uninitialised value(s)
==149402==    at 0x4875F0E: PQCP_MLKEM_NATIVE_MLKEM768_X86_64_rej_uniform_avx2 (vendor/liboqs-src/src/kem/ml_kem/mlkem-native_ml-kem-768_x86_64/mlkem/src/native/x86_64/src/rej_uniform_avx2.c:47)
==149402==    by 0x4876A76: mlk_rej_uniform_native (vendor/liboqs-src/src/kem/ml_kem/mlkem-native_ml-kem-768_x86_64/mlkem/src/native/x86_64/meta.h:52)
==149402==    by 0x4876A76: mlk_rej_uniform (vendor/liboqs-src/src/kem/ml_kem/mlkem-native_ml-kem-768_x86_64/mlkem/src/sampling.c:127)
==149402==    by 0x4876A76: PQCP_MLKEM_NATIVE_MLKEM768_X86_64_poly_rej_uniform_x4 (vendor/liboqs-src/src/kem/ml_kem/mlkem-native_ml-kem-768_x86_64/mlkem/src/sampling.c:170)
==149402==    by 0x4871526: PQCP_MLKEM_NATIVE_MLKEM768_X86_64_gen_matrix (vendor/liboqs-src/src/kem/ml_kem/mlkem-native_ml-kem-768_x86_64/mlkem/src/indcpa.c:246)
==149402==    by 0x48718DC: PQCP_MLKEM_NATIVE_MLKEM768_X86_64_indcpa_enc (vendor/liboqs-src/src/kem/ml_kem/mlkem-native_ml-kem-768_x86_64/mlkem/src/indcpa.c:437)
==149402==    by 0x48727A2: PQCP_MLKEM_NATIVE_MLKEM768_X86_64_dec (vendor/liboqs-src/src/kem/ml_kem/mlkem-native_ml-kem-768_x86_64/mlkem/src/kem.c:346)
==149402==    by 0x10933A: main (ct_test.c:66)
==149402==  Uninitialised value was created by a client request
==149402==    at 0x109320: main (ct_test.c:63)
==149402== 
==149402== Conditional jump or move depends on uninitialised value(s)
==149402==    at 0x4875F3A: PQCP_MLKEM_NATIVE_MLKEM768_X86_64_rej_uniform_avx2 (vendor/liboqs-src/src/kem/ml_kem/mlkem-native_ml-kem-768_x86_64/mlkem/src/native/x86_64/src/rej_uniform_avx2.c:101)
==149402==    by 0x4876A76: mlk_rej_uniform_native (vendor/liboqs-src/src/kem/ml_kem/mlkem-native_ml-kem-768_x86_64/mlkem/src/native/x86_64/meta.h:52)
==149402==    by 0x4876A76: mlk_rej_uniform (vendor/liboqs-src/src/kem/ml_kem/mlkem-native_ml-kem-768_x86_64/mlkem/src/sampling.c:127)
==149402==    by 0x4876A76: PQCP_MLKEM_NATIVE_MLKEM768_X86_64_poly_rej_uniform_x4 (vendor/liboqs-src/src/kem/ml_kem/mlkem-native_ml-kem-768_x86_64/mlkem/src/sampling.c:170)
==149402==    by 0x4871526: PQCP_MLKEM_NATIVE_MLKEM768_X86_64_gen_matrix (vendor/liboqs-src/src/kem/ml_kem/mlkem-native_ml-kem-768_x86_64/mlkem/src/indcpa.c:246)
==149402==    by 0x48718DC: PQCP_MLKEM_NATIVE_MLKEM768_X86_64_indcpa_enc (vendor/liboqs-src/src/kem/ml_kem/mlkem-native_ml-kem-768_x86_64/mlkem/src/indcpa.c:437)
==149402==    by 0x48727A2: PQCP_MLKEM_NATIVE_MLKEM768_X86_64_dec (vendor/liboqs-src/src/kem/ml_kem/mlkem-native_ml-kem-768_x86_64/mlkem/src/kem.c:346)
==149402==    by 0x10933A: main (ct_test.c:66)
==149402==  Uninitialised value was created by a client request
==149402==    at 0x109320: main (ct_test.c:63)
==149402== 
==149402== Use of uninitialised value of size 8
==149402==    at 0x4875F63: PQCP_MLKEM_NATIVE_MLKEM768_X86_64_rej_uniform_avx2 (vendor/liboqs-src/src/kem/ml_kem/mlkem-native_ml-kem-768_x86_64/mlkem/src/native/x86_64/src/rej_uniform_avx2.c:103)
==149402==    by 0x4876A76: mlk_rej_uniform_native (vendor/liboqs-src/src/kem/ml_kem/mlkem-native_ml-kem-768_x86_64/mlkem/src/native/x86_64/meta.h:52)
==149402==    by 0x4876A76: mlk_rej_uniform (vendor/liboqs-src/src/kem/ml_kem/mlkem-native_ml-kem-768_x86_64/mlkem/src/sampling.c:127)
==149402==    by 0x4876A76: PQCP_MLKEM_NATIVE_MLKEM768_X86_64_poly_rej_uniform_x4 (vendor/liboqs-src/src/kem/ml_kem/mlkem-native_ml-kem-768_x86_64/mlkem/src/sampling.c:170)
==149402==    by 0x4871526: PQCP_MLKEM_NATIVE_MLKEM768_X86_64_gen_matrix (vendor/liboqs-src/src/kem/ml_kem/mlkem-native_ml-kem-768_x86_64/mlkem/src/indcpa.c:246)
==149402==    by 0x48718DC: PQCP_MLKEM_NATIVE_MLKEM768_X86_64_indcpa_enc (vendor/liboqs-src/src/kem/ml_kem/mlkem-native_ml-kem-768_x86_64/mlkem/src/indcpa.c:437)
==149402==    by 0x48727A2: PQCP_MLKEM_NATIVE_MLKEM768_X86_64_dec (vendor/liboqs-src/src/kem/ml_kem/mlkem-native_ml-kem-768_x86_64/mlkem/src/kem.c:346)
==149402==    by 0x10933A: main (ct_test.c:66)
==149402==  Uninitialised value was created by a client request
==149402==    at 0x109320: main (ct_test.c:63)
==149402== 
==149402== Use of uninitialised value of size 8
==149402==    at 0x4875F8E: PQCP_MLKEM_NATIVE_MLKEM768_X86_64_rej_uniform_avx2 (vendor/liboqs-src/src/kem/ml_kem/mlkem-native_ml-kem-768_x86_64/mlkem/src/native/x86_64/src/rej_uniform_avx2.c:114)
==149402==    by 0x4876A76: mlk_rej_uniform_native (vendor/liboqs-src/src/kem/ml_kem/mlkem-native_ml-kem-768_x86_64/mlkem/src/native/x86_64/meta.h:52)
==149402==    by 0x4876A76: mlk_rej_uniform (vendor/liboqs-src/src/kem/ml_kem/mlkem-native_ml-kem-768_x86_64/mlkem/src/sampling.c:127)
==149402==    by 0x4876A76: PQCP_MLKEM_NATIVE_MLKEM768_X86_64_poly_rej_uniform_x4 (vendor/liboqs-src/src/kem/ml_kem/mlkem-native_ml-kem-768_x86_64/mlkem/src/sampling.c:170)
==149402==    by 0x4871526: PQCP_MLKEM_NATIVE_MLKEM768_X86_64_gen_matrix (vendor/liboqs-src/src/kem/ml_kem/mlkem-native_ml-kem-768_x86_64/mlkem/src/indcpa.c:246)
==149402==    by 0x48718DC: PQCP_MLKEM_NATIVE_MLKEM768_X86_64_indcpa_enc (vendor/liboqs-src/src/kem/ml_kem/mlkem-native_ml-kem-768_x86_64/mlkem/src/indcpa.c:437)
==149402==    by 0x48727A2: PQCP_MLKEM_NATIVE_MLKEM768_X86_64_dec (vendor/liboqs-src/src/kem/ml_kem/mlkem-native_ml-kem-768_x86_64/mlkem/src/kem.c:346)
==149402==    by 0x10933A: main (ct_test.c:66)
==149402==  Uninitialised value was created by a client request
==149402==    at 0x109320: main (ct_test.c:63)
==149402== 
==149402== Use of uninitialised value of size 8
==149402==    at 0x4875FA3: PQCP_MLKEM_NATIVE_MLKEM768_X86_64_rej_uniform_avx2 (vendor/liboqs-src/src/kem/ml_kem/mlkem-native_ml-kem-768_x86_64/mlkem/src/native/x86_64/src/rej_uniform_avx2.c:119)
==149402==    by 0x4876A76: mlk_rej_uniform_native (vendor/liboqs-src/src/kem/ml_kem/mlkem-native_ml-kem-768_x86_64/mlkem/src/native/x86_64/meta.h:52)
==149402==    by 0x4876A76: mlk_rej_uniform (vendor/liboqs-src/src/kem/ml_kem/mlkem-native_ml-kem-768_x86_64/mlkem/src/sampling.c:127)
==149402==    by 0x4876A76: PQCP_MLKEM_NATIVE_MLKEM768_X86_64_poly_rej_uniform_x4 (vendor/liboqs-src/src/kem/ml_kem/mlkem-native_ml-kem-768_x86_64/mlkem/src/sampling.c:170)
==149402==    by 0x4871526: PQCP_MLKEM_NATIVE_MLKEM768_X86_64_gen_matrix (vendor/liboqs-src/src/kem/ml_kem/mlkem-native_ml-kem-768_x86_64/mlkem/src/indcpa.c:246)
==149402==    by 0x48718DC: PQCP_MLKEM_NATIVE_MLKEM768_X86_64_indcpa_enc (vendor/liboqs-src/src/kem/ml_kem/mlkem-native_ml-kem-768_x86_64/mlkem/src/indcpa.c:437)
==149402==    by 0x48727A2: PQCP_MLKEM_NATIVE_MLKEM768_X86_64_dec (vendor/liboqs-src/src/kem/ml_kem/mlkem-native_ml-kem-768_x86_64/mlkem/src/kem.c:346)
==149402==    by 0x10933A: main (ct_test.c:66)
==149402==  Uninitialised value was created by a client request
==149402==    at 0x109320: main (ct_test.c:63)
==149402== 
==149402== Conditional jump or move depends on uninitialised value(s)
==149402==    at 0x4875FB5: PQCP_MLKEM_NATIVE_MLKEM768_X86_64_rej_uniform_avx2 (vendor/liboqs-src/src/kem/ml_kem/mlkem-native_ml-kem-768_x86_64/mlkem/src/native/x86_64/src/rej_uniform_avx2.c:101)
==149402==    by 0x4876A76: mlk_rej_uniform_native (vendor/liboqs-src/src/kem/ml_kem/mlkem-native_ml-kem-768_x86_64/mlkem/src/native/x86_64/meta.h:52)
==149402==    by 0x4876A76: mlk_rej_uniform (vendor/liboqs-src/src/kem/ml_kem/mlkem-native_ml-kem-768_x86_64/mlkem/src/sampling.c:127)
==149402==    by 0x4876A76: PQCP_MLKEM_NATIVE_MLKEM768_X86_64_poly_rej_uniform_x4 (vendor/liboqs-src/src/kem/ml_kem/mlkem-native_ml-kem-768_x86_64/mlkem/src/sampling.c:170)
==149402==    by 0x4871526: PQCP_MLKEM_NATIVE_MLKEM768_X86_64_gen_matrix (vendor/liboqs-src/src/kem/ml_kem/mlkem-native_ml-kem-768_x86_64/mlkem/src/indcpa.c:246)
==149402==    by 0x48718DC: PQCP_MLKEM_NATIVE_MLKEM768_X86_64_indcpa_enc (vendor/liboqs-src/src/kem/ml_kem/mlkem-native_ml-kem-768_x86_64/mlkem/src/indcpa.c:437)
==149402==    by 0x48727A2: PQCP_MLKEM_NATIVE_MLKEM768_X86_64_dec (vendor/liboqs-src/src/kem/ml_kem/mlkem-native_ml-kem-768_x86_64/mlkem/src/kem.c:346)
==149402==    by 0x10933A: main (ct_test.c:66)
==149402==  Uninitialised value was created by a client request
==149402==    at 0x109320: main (ct_test.c:63)
==149402== 
==149402== Conditional jump or move depends on uninitialised value(s)
==149402==    at 0x4875FC1: PQCP_MLKEM_NATIVE_MLKEM768_X86_64_rej_uniform_avx2 (vendor/liboqs-src/src/kem/ml_kem/mlkem-native_ml-kem-768_x86_64/mlkem/src/native/x86_64/src/rej_uniform_avx2.c:101)
==149402==    by 0x4876A76: mlk_rej_uniform_native (vendor/liboqs-src/src/kem/ml_kem/mlkem-native_ml-kem-768_x86_64/mlkem/src/native/x86_64/meta.h:52)
==149402==    by 0x4876A76: mlk_rej_uniform (vendor/liboqs-src/src/kem/ml_kem/mlkem-native_ml-kem-768_x86_64/mlkem/src/sampling.c:127)
==149402==    by 0x4876A76: PQCP_MLKEM_NATIVE_MLKEM768_X86_64_poly_rej_uniform_x4 (vendor/liboqs-src/src/kem/ml_kem/mlkem-native_ml-kem-768_x86_64/mlkem/src/sampling.c:170)
==149402==    by 0x4871526: PQCP_MLKEM_NATIVE_MLKEM768_X86_64_gen_matrix (vendor/liboqs-src/src/kem/ml_kem/mlkem-native_ml-kem-768_x86_64/mlkem/src/indcpa.c:246)
==149402==    by 0x48718DC: PQCP_MLKEM_NATIVE_MLKEM768_X86_64_indcpa_enc (vendor/liboqs-src/src/kem/ml_kem/mlkem-native_ml-kem-768_x86_64/mlkem/src/indcpa.c:437)
==149402==    by 0x48727A2: PQCP_MLKEM_NATIVE_MLKEM768_X86_64_dec (vendor/liboqs-src/src/kem/ml_kem/mlkem-native_ml-kem-768_x86_64/mlkem/src/kem.c:346)
==149402==    by 0x10933A: main (ct_test.c:66)
==149402==  Uninitialised value was created by a client request
==149402==    at 0x109320: main (ct_test.c:63)
==149402== 
==149402== Conditional jump or move depends on uninitialised value(s)
==149402==    at 0x4875FE1: PQCP_MLKEM_NATIVE_MLKEM768_X86_64_rej_uniform_avx2 (vendor/liboqs-src/src/kem/ml_kem/mlkem-native_ml-kem-768_x86_64/mlkem/src/native/x86_64/src/rej_uniform_avx2.c:123)
==149402==    by 0x4876A76: mlk_rej_uniform_native (vendor/liboqs-src/src/kem/ml_kem/mlkem-native_ml-kem-768_x86_64/mlkem/src/native/x86_64/meta.h:52)
==149402==    by 0x4876A76: mlk_rej_uniform (vendor/liboqs-src/src/kem/ml_kem/mlkem-native_ml-kem-768_x86_64/mlkem/src/sampling.c:127)
==149402==    by 0x4876A76: PQCP_MLKEM_NATIVE_MLKEM768_X86_64_poly_rej_uniform_x4 (vendor/liboqs-src/src/kem/ml_kem/mlkem-native_ml-kem-768_x86_64/mlkem/src/sampling.c:170)
==149402==    by 0x4871526: PQCP_MLKEM_NATIVE_MLKEM768_X86_64_gen_matrix (vendor/liboqs-src/src/kem/ml_kem/mlkem-native_ml-kem-768_x86_64/mlkem/src/indcpa.c:246)
==149402==    by 0x48718DC: PQCP_MLKEM_NATIVE_MLKEM768_X86_64_indcpa_enc (vendor/liboqs-src/src/kem/ml_kem/mlkem-native_ml-kem-768_x86_64/mlkem/src/indcpa.c:437)
==149402==    by 0x48727A2: PQCP_MLKEM_NATIVE_MLKEM768_X86_64_dec (vendor/liboqs-src/src/kem/ml_kem/mlkem-native_ml-kem-768_x86_64/mlkem/src/kem.c:346)
==149402==    by 0x10933A: main (ct_test.c:66)
==149402==  Uninitialised value was created by a client request
==149402==    at 0x109320: main (ct_test.c:63)
==149402== 
==149402== Use of uninitialised value of size 8
==149402==    at 0x4875FF0: PQCP_MLKEM_NATIVE_MLKEM768_X86_64_rej_uniform_avx2 (vendor/liboqs-src/src/kem/ml_kem/mlkem-native_ml-kem-768_x86_64/mlkem/src/native/x86_64/src/rej_uniform_avx2.c:125)
==149402==    by 0x4876A76: mlk_rej_uniform_native (vendor/liboqs-src/src/kem/ml_kem/mlkem-native_ml-kem-768_x86_64/mlkem/src/native/x86_64/meta.h:52)
==149402==    by 0x4876A76: mlk_rej_uniform (vendor/liboqs-src/src/kem/ml_kem/mlkem-native_ml-kem-768_x86_64/mlkem/src/sampling.c:127)
==149402==    by 0x4876A76: PQCP_MLKEM_NATIVE_MLKEM768_X86_64_poly_rej_uniform_x4 (vendor/liboqs-src/src/kem/ml_kem/mlkem-native_ml-kem-768_x86_64/mlkem/src/sampling.c:170)
==149402==    by 0x4871526: PQCP_MLKEM_NATIVE_MLKEM768_X86_64_gen_matrix (vendor/liboqs-src/src/kem/ml_kem/mlkem-native_ml-kem-768_x86_64/mlkem/src/indcpa.c:246)
==149402==    by 0x48718DC: PQCP_MLKEM_NATIVE_MLKEM768_X86_64_indcpa_enc (vendor/liboqs-src/src/kem/ml_kem/mlkem-native_ml-kem-768_x86_64/mlkem/src/indcpa.c:437)
==149402==    by 0x48727A2: PQCP_MLKEM_NATIVE_MLKEM768_X86_64_dec (vendor/liboqs-src/src/kem/ml_kem/mlkem-native_ml-kem-768_x86_64/mlkem/src/kem.c:346)
==149402==    by 0x10933A: main (ct_test.c:66)
==149402==  Uninitialised value was created by a client request
==149402==    at 0x109320: main (ct_test.c:63)
==149402== 
==149402== Conditional jump or move depends on uninitialised value(s)
==149402==    at 0x487600F: PQCP_MLKEM_NATIVE_MLKEM768_X86_64_rej_uniform_avx2 (vendor/liboqs-src/src/kem/ml_kem/mlkem-native_ml-kem-768_x86_64/mlkem/src/native/x86_64/src/rej_uniform_avx2.c:0)
==149402==    by 0x4876A76: mlk_rej_uniform_native (vendor/liboqs-src/src/kem/ml_kem/mlkem-native_ml-kem-768_x86_64/mlkem/src/native/x86_64/meta.h:52)
==149402==    by 0x4876A76: mlk_rej_uniform (vendor/liboqs-src/src/kem/ml_kem/mlkem-native_ml-kem-768_x86_64/mlkem/src/sampling.c:127)
==149402==    by 0x4876A76: PQCP_MLKEM_NATIVE_MLKEM768_X86_64_poly_rej_uniform_x4 (vendor/liboqs-src/src/kem/ml_kem/mlkem-native_ml-kem-768_x86_64/mlkem/src/sampling.c:170)
==149402==    by 0x4871526: PQCP_MLKEM_NATIVE_MLKEM768_X86_64_gen_matrix (vendor/liboqs-src/src/kem/ml_kem/mlkem-native_ml-kem-768_x86_64/mlkem/src/indcpa.c:246)
==149402==    by 0x48718DC: PQCP_MLKEM_NATIVE_MLKEM768_X86_64_indcpa_enc (vendor/liboqs-src/src/kem/ml_kem/mlkem-native_ml-kem-768_x86_64/mlkem/src/indcpa.c:437)
==149402==    by 0x48727A2: PQCP_MLKEM_NATIVE_MLKEM768_X86_64_dec (vendor/liboqs-src/src/kem/ml_kem/mlkem-native_ml-kem-768_x86_64/mlkem/src/kem.c:346)
==149402==    by 0x10933A: main (ct_test.c:66)
==149402==  Uninitialised value was created by a client request
==149402==    at 0x109320: main (ct_test.c:63)
==149402== 
==149402== Use of uninitialised value of size 8
==149402==    at 0x4876016: PQCP_MLKEM_NATIVE_MLKEM768_X86_64_rej_uniform_avx2 (vendor/liboqs-src/src/kem/ml_kem/mlkem-native_ml-kem-768_x86_64/mlkem/src/native/x86_64/src/rej_uniform_avx2.c:131)
==149402==    by 0x4876A76: mlk_rej_uniform_native (vendor/liboqs-src/src/kem/ml_kem/mlkem-native_ml-kem-768_x86_64/mlkem/src/native/x86_64/meta.h:52)
==149402==    by 0x4876A76: mlk_rej_uniform (vendor/liboqs-src/src/kem/ml_kem/mlkem-native_ml-kem-768_x86_64/mlkem/src/sampling.c:127)
==149402==    by 0x4876A76: PQCP_MLKEM_NATIVE_MLKEM768_X86_64_poly_rej_uniform_x4 (vendor/liboqs-src/src/kem/ml_kem/mlkem-native_ml-kem-768_x86_64/mlkem/src/sampling.c:170)
==149402==    by 0x4871526: PQCP_MLKEM_NATIVE_MLKEM768_X86_64_gen_matrix (vendor/liboqs-src/src/kem/ml_kem/mlkem-native_ml-kem-768_x86_64/mlkem/src/indcpa.c:246)
==149402==    by 0x48718DC: PQCP_MLKEM_NATIVE_MLKEM768_X86_64_indcpa_enc (vendor/liboqs-src/src/kem/ml_kem/mlkem-native_ml-kem-768_x86_64/mlkem/src/indcpa.c:437)
==149402==    by 0x48727A2: PQCP_MLKEM_NATIVE_MLKEM768_X86_64_dec (vendor/liboqs-src/src/kem/ml_kem/mlkem-native_ml-kem-768_x86_64/mlkem/src/kem.c:346)
==149402==    by 0x10933A: main (ct_test.c:66)
==149402==  Uninitialised value was created by a client request
==149402==    at 0x109320: main (ct_test.c:63)
==149402== 
==149402== Use of uninitialised value of size 8
==149402==    at 0x487601E: PQCP_MLKEM_NATIVE_MLKEM768_X86_64_rej_uniform_avx2 (vendor/liboqs-src/src/kem/ml_kem/mlkem-native_ml-kem-768_x86_64/mlkem/src/native/x86_64/src/rej_uniform_avx2.c:0)
==149402==    by 0x4876A76: mlk_rej_uniform_native (vendor/liboqs-src/src/kem/ml_kem/mlkem-native_ml-kem-768_x86_64/mlkem/src/native/x86_64/meta.h:52)
==149402==    by 0x4876A76: mlk_rej_uniform (vendor/liboqs-src/src/kem/ml_kem/mlkem-native_ml-kem-768_x86_64/mlkem/src/sampling.c:127)
==149402==    by 0x4876A76: PQCP_MLKEM_NATIVE_MLKEM768_X86_64_poly_rej_uniform_x4 (vendor/liboqs-src/src/kem/ml_kem/mlkem-native_ml-kem-768_x86_64/mlkem/src/sampling.c:170)
==149402==    by 0x4871526: PQCP_MLKEM_NATIVE_MLKEM768_X86_64_gen_matrix (vendor/liboqs-src/src/kem/ml_kem/mlkem-native_ml-kem-768_x86_64/mlkem/src/indcpa.c:246)
==149402==    by 0x48718DC: PQCP_MLKEM_NATIVE_MLKEM768_X86_64_indcpa_enc (vendor/liboqs-src/src/kem/ml_kem/mlkem-native_ml-kem-768_x86_64/mlkem/src/indcpa.c:437)
==149402==    by 0x48727A2: PQCP_MLKEM_NATIVE_MLKEM768_X86_64_dec (vendor/liboqs-src/src/kem/ml_kem/mlkem-native_ml-kem-768_x86_64/mlkem/src/kem.c:346)
==149402==    by 0x10933A: main (ct_test.c:66)
==149402==  Uninitialised value was created by a client request
==149402==    at 0x109320: main (ct_test.c:63)
==149402== 
==149402== Conditional jump or move depends on uninitialised value(s)
==149402==    at 0x487603C: PQCP_MLKEM_NATIVE_MLKEM768_X86_64_rej_uniform_avx2 (vendor/liboqs-src/src/kem/ml_kem/mlkem-native_ml-kem-768_x86_64/mlkem/src/native/x86_64/src/rej_uniform_avx2.c:133)
==149402==    by 0x4876A76: mlk_rej_uniform_native (vendor/liboqs-src/src/kem/ml_kem/mlkem-native_ml-kem-768_x86_64/mlkem/src/native/x86_64/meta.h:52)
==149402==    by 0x4876A76: mlk_rej_uniform (vendor/liboqs-src/src/kem/ml_kem/mlkem-native_ml-kem-768_x86_64/mlkem/src/sampling.c:127)
==149402==    by 0x4876A76: PQCP_MLKEM_NATIVE_MLKEM768_X86_64_poly_rej_uniform_x4 (vendor/liboqs-src/src/kem/ml_kem/mlkem-native_ml-kem-768_x86_64/mlkem/src/sampling.c:170)
==149402==    by 0x4871526: PQCP_MLKEM_NATIVE_MLKEM768_X86_64_gen_matrix (vendor/liboqs-src/src/kem/ml_kem/mlkem-native_ml-kem-768_x86_64/mlkem/src/indcpa.c:246)
==149402==    by 0x48718DC: PQCP_MLKEM_NATIVE_MLKEM768_X86_64_indcpa_enc (vendor/liboqs-src/src/kem/ml_kem/mlkem-native_ml-kem-768_x86_64/mlkem/src/indcpa.c:437)
==149402==    by 0x48727A2: PQCP_MLKEM_NATIVE_MLKEM768_X86_64_dec (vendor/liboqs-src/src/kem/ml_kem/mlkem-native_ml-kem-768_x86_64/mlkem/src/kem.c:346)
==149402==    by 0x10933A: main (ct_test.c:66)
==149402==  Uninitialised value was created by a client request
==149402==    at 0x109320: main (ct_test.c:63)
==149402== 
==149402== Use of uninitialised value of size 8
==149402==    at 0x4876042: PQCP_MLKEM_NATIVE_MLKEM768_X86_64_rej_uniform_avx2 (vendor/liboqs-src/src/kem/ml_kem/mlkem-native_ml-kem-768_x86_64/mlkem/src/native/x86_64/src/rej_uniform_avx2.c:135)
==149402==    by 0x4876A76: mlk_rej_uniform_native (vendor/liboqs-src/src/kem/ml_kem/mlkem-native_ml-kem-768_x86_64/mlkem/src/native/x86_64/meta.h:52)
==149402==    by 0x4876A76: mlk_rej_uniform (vendor/liboqs-src/src/kem/ml_kem/mlkem-native_ml-kem-768_x86_64/mlkem/src/sampling.c:127)
==149402==    by 0x4876A76: PQCP_MLKEM_NATIVE_MLKEM768_X86_64_poly_rej_uniform_x4 (vendor/liboqs-src/src/kem/ml_kem/mlkem-native_ml-kem-768_x86_64/mlkem/src/sampling.c:170)
==149402==    by 0x4871526: PQCP_MLKEM_NATIVE_MLKEM768_X86_64_gen_matrix (vendor/liboqs-src/src/kem/ml_kem/mlkem-native_ml-kem-768_x86_64/mlkem/src/indcpa.c:246)
==149402==    by 0x48718DC: PQCP_MLKEM_NATIVE_MLKEM768_X86_64_indcpa_enc (vendor/liboqs-src/src/kem/ml_kem/mlkem-native_ml-kem-768_x86_64/mlkem/src/indcpa.c:437)
==149402==    by 0x48727A2: PQCP_MLKEM_NATIVE_MLKEM768_X86_64_dec (vendor/liboqs-src/src/kem/ml_kem/mlkem-native_ml-kem-768_x86_64/mlkem/src/kem.c:346)
==149402==    by 0x10933A: main (ct_test.c:66)
==149402==  Uninitialised value was created by a client request
==149402==    at 0x109320: main (ct_test.c:63)
==149402== 
==149402== Conditional jump or move depends on uninitialised value(s)
==149402==    at 0x487604C: PQCP_MLKEM_NATIVE_MLKEM768_X86_64_rej_uniform_avx2 (vendor/liboqs-src/src/kem/ml_kem/mlkem-native_ml-kem-768_x86_64/mlkem/src/native/x86_64/src/rej_uniform_avx2.c:123)
==149402==    by 0x4876A76: mlk_rej_uniform_native (vendor/liboqs-src/src/kem/ml_kem/mlkem-native_ml-kem-768_x86_64/mlkem/src/native/x86_64/meta.h:52)
==149402==    by 0x4876A76: mlk_rej_uniform (vendor/liboqs-src/src/kem/ml_kem/mlkem-native_ml-kem-768_x86_64/mlkem/src/sampling.c:127)
==149402==    by 0x4876A76: PQCP_MLKEM_NATIVE_MLKEM768_X86_64_poly_rej_uniform_x4 (vendor/liboqs-src/src/kem/ml_kem/mlkem-native_ml-kem-768_x86_64/mlkem/src/sampling.c:170)
==149402==    by 0x4871526: PQCP_MLKEM_NATIVE_MLKEM768_X86_64_gen_matrix (vendor/liboqs-src/src/kem/ml_kem/mlkem-native_ml-kem-768_x86_64/mlkem/src/indcpa.c:246)
==149402==    by 0x48718DC: PQCP_MLKEM_NATIVE_MLKEM768_X86_64_indcpa_enc (vendor/liboqs-src/src/kem/ml_kem/mlkem-native_ml-kem-768_x86_64/mlkem/src/indcpa.c:437)
==149402==    by 0x48727A2: PQCP_MLKEM_NATIVE_MLKEM768_X86_64_dec (vendor/liboqs-src/src/kem/ml_kem/mlkem-native_ml-kem-768_x86_64/mlkem/src/kem.c:346)
==149402==    by 0x10933A: main (ct_test.c:66)
==149402==  Uninitialised value was created by a client request
==149402==    at 0x109320: main (ct_test.c:63)
==149402== 
==149402== Conditional jump or move depends on uninitialised value(s)
==149402==    at 0x487605C: PQCP_MLKEM_NATIVE_MLKEM768_X86_64_rej_uniform_avx2 (vendor/liboqs-src/src/kem/ml_kem/mlkem-native_ml-kem-768_x86_64/mlkem/src/native/x86_64/src/rej_uniform_avx2.c:123)
==149402==    by 0x4876A76: mlk_rej_uniform_native (vendor/liboqs-src/src/kem/ml_kem/mlkem-native_ml-kem-768_x86_64/mlkem/src/native/x86_64/meta.h:52)
==149402==    by 0x4876A76: mlk_rej_uniform (vendor/liboqs-src/src/kem/ml_kem/mlkem-native_ml-kem-768_x86_64/mlkem/src/sampling.c:127)
==149402==    by 0x4876A76: PQCP_MLKEM_NATIVE_MLKEM768_X86_64_poly_rej_uniform_x4 (vendor/liboqs-src/src/kem/ml_kem/mlkem-native_ml-kem-768_x86_64/mlkem/src/sampling.c:170)
==149402==    by 0x4871526: PQCP_MLKEM_NATIVE_MLKEM768_X86_64_gen_matrix (vendor/liboqs-src/src/kem/ml_kem/mlkem-native_ml-kem-768_x86_64/mlkem/src/indcpa.c:246)
==149402==    by 0x48718DC: PQCP_MLKEM_NATIVE_MLKEM768_X86_64_indcpa_enc (vendor/liboqs-src/src/kem/ml_kem/mlkem-native_ml-kem-768_x86_64/mlkem/src/indcpa.c:437)
==149402==    by 0x48727A2: PQCP_MLKEM_NATIVE_MLKEM768_X86_64_dec (vendor/liboqs-src/src/kem/ml_kem/mlkem-native_ml-kem-768_x86_64/mlkem/src/kem.c:346)
==149402==    by 0x10933A: main (ct_test.c:66)
==149402==  Uninitialised value was created by a client request
==149402==    at 0x109320: main (ct_test.c:63)
==149402== 
==149402== Conditional jump or move depends on uninitialised value(s)
==149402==    at 0x4876A7D: mlk_rej_uniform (vendor/liboqs-src/src/kem/ml_kem/mlkem-native_ml-kem-768_x86_64/mlkem/src/sampling.c:128)
==149402==    by 0x4876A7D: PQCP_MLKEM_NATIVE_MLKEM768_X86_64_poly_rej_uniform_x4 (vendor/liboqs-src/src/kem/ml_kem/mlkem-native_ml-kem-768_x86_64/mlkem/src/sampling.c:170)
==149402==    by 0x4871526: PQCP_MLKEM_NATIVE_MLKEM768_X86_64_gen_matrix (vendor/liboqs-src/src/kem/ml_kem/mlkem-native_ml-kem-768_x86_64/mlkem/src/indcpa.c:246)
==149402==    by 0x48718DC: PQCP_MLKEM_NATIVE_MLKEM768_X86_64_indcpa_enc (vendor/liboqs-src/src/kem/ml_kem/mlkem-native_ml-kem-768_x86_64/mlkem/src/indcpa.c:437)
==149402==    by 0x48727A2: PQCP_MLKEM_NATIVE_MLKEM768_X86_64_dec (vendor/liboqs-src/src/kem/ml_kem/mlkem-native_ml-kem-768_x86_64/mlkem/src/kem.c:346)
==149402==    by 0x10933A: main (ct_test.c:66)
==149402==  Uninitialised value was created by a client request
==149402==    at 0x109320: main (ct_test.c:63)
==149402== 
==149402== Use of uninitialised value of size 8
==149402==    at 0x4875E7F: PQCP_MLKEM_NATIVE_MLKEM768_X86_64_rej_uniform_avx2 (vendor/liboqs-src/src/kem/ml_kem/mlkem-native_ml-kem-768_x86_64/mlkem/src/native/x86_64/src/rej_uniform_avx2.c:71)
==149402==    by 0x4876B16: mlk_rej_uniform_native (vendor/liboqs-src/src/kem/ml_kem/mlkem-native_ml-kem-768_x86_64/mlkem/src/native/x86_64/meta.h:52)
==149402==    by 0x4876B16: mlk_rej_uniform (vendor/liboqs-src/src/kem/ml_kem/mlkem-native_ml-kem-768_x86_64/mlkem/src/sampling.c:127)
==149402==    by 0x4876B16: PQCP_MLKEM_NATIVE_MLKEM768_X86_64_poly_rej_uniform_x4 (vendor/liboqs-src/src/kem/ml_kem/mlkem-native_ml-kem-768_x86_64/mlkem/src/sampling.c:171)
==149402==    by 0x4871526: PQCP_MLKEM_NATIVE_MLKEM768_X86_64_gen_matrix (vendor/liboqs-src/src/kem/ml_kem/mlkem-native_ml-kem-768_x86_64/mlkem/src/indcpa.c:246)
==149402==    by 0x48718DC: PQCP_MLKEM_NATIVE_MLKEM768_X86_64_indcpa_enc (vendor/liboqs-src/src/kem/ml_kem/mlkem-native_ml-kem-768_x86_64/mlkem/src/indcpa.c:437)
==149402==    by 0x48727A2: PQCP_MLKEM_NATIVE_MLKEM768_X86_64_dec (vendor/liboqs-src/src/kem/ml_kem/mlkem-native_ml-kem-768_x86_64/mlkem/src/kem.c:346)
==149402==    by 0x10933A: main (ct_test.c:66)
==149402==  Uninitialised value was created by a client request
==149402==    at 0x109320: main (ct_test.c:63)
==149402== 
==149402== Use of uninitialised value of size 8
==149402==    at 0x4875E88: PQCP_MLKEM_NATIVE_MLKEM768_X86_64_rej_uniform_avx2 (vendor/liboqs-src/src/kem/ml_kem/mlkem-native_ml-kem-768_x86_64/mlkem/src/native/x86_64/src/rej_uniform_avx2.c:73)
==149402==    by 0x4876B16: mlk_rej_uniform_native (vendor/liboqs-src/src/kem/ml_kem/mlkem-native_ml-kem-768_x86_64/mlkem/src/native/x86_64/meta.h:52)
==149402==    by 0x4876B16: mlk_rej_uniform (vendor/liboqs-src/src/kem/ml_kem/mlkem-native_ml-kem-768_x86_64/mlkem/src/sampling.c:127)
==149402==    by 0x4876B16: PQCP_MLKEM_NATIVE_MLKEM768_X86_64_poly_rej_uniform_x4 (vendor/liboqs-src/src/kem/ml_kem/mlkem-native_ml-kem-768_x86_64/mlkem/src/sampling.c:171)
==149402==    by 0x4871526: PQCP_MLKEM_NATIVE_MLKEM768_X86_64_gen_matrix (vendor/liboqs-src/src/kem/ml_kem/mlkem-native_ml-kem-768_x86_64/mlkem/src/indcpa.c:246)
==149402==    by 0x48718DC: PQCP_MLKEM_NATIVE_MLKEM768_X86_64_indcpa_enc (vendor/liboqs-src/src/kem/ml_kem/mlkem-native_ml-kem-768_x86_64/mlkem/src/indcpa.c:437)
==149402==    by 0x48727A2: PQCP_MLKEM_NATIVE_MLKEM768_X86_64_dec (vendor/liboqs-src/src/kem/ml_kem/mlkem-native_ml-kem-768_x86_64/mlkem/src/kem.c:346)
==149402==    by 0x10933A: main (ct_test.c:66)
==149402== 
==149402== Use of uninitialised value of size 8
==149402==    at 0x4875E98: PQCP_MLKEM_NATIVE_MLKEM768_X86_64_rej_uniform_avx2 (vendor/liboqs-src/src/kem/ml_kem/mlkem-native_ml-kem-768_x86_64/mlkem/src/native/x86_64/src/rej_uniform_avx2.c:74)
==149402==    by 0x4876B16: mlk_rej_uniform_native (vendor/liboqs-src/src/kem/ml_kem/mlkem-native_ml-kem-768_x86_64/mlkem/src/native/x86_64/meta.h:52)
==149402==    by 0x4876B16: mlk_rej_uniform (vendor/liboqs-src/src/kem/ml_kem/mlkem-native_ml-kem-768_x86_64/mlkem/src/sampling.c:127)
==149402==    by 0x4876B16: PQCP_MLKEM_NATIVE_MLKEM768_X86_64_poly_rej_uniform_x4 (vendor/liboqs-src/src/kem/ml_kem/mlkem-native_ml-kem-768_x86_64/mlkem/src/sampling.c:171)
==149402==    by 0x4871526: PQCP_MLKEM_NATIVE_MLKEM768_X86_64_gen_matrix (vendor/liboqs-src/src/kem/ml_kem/mlkem-native_ml-kem-768_x86_64/mlkem/src/indcpa.c:246)
==149402==    by 0x48718DC: PQCP_MLKEM_NATIVE_MLKEM768_X86_64_indcpa_enc (vendor/liboqs-src/src/kem/ml_kem/mlkem-native_ml-kem-768_x86_64/mlkem/src/indcpa.c:437)
==149402==    by 0x48727A2: PQCP_MLKEM_NATIVE_MLKEM768_X86_64_dec (vendor/liboqs-src/src/kem/ml_kem/mlkem-native_ml-kem-768_x86_64/mlkem/src/kem.c:346)
==149402==    by 0x10933A: main (ct_test.c:66)
==149402==  Uninitialised value was created by a client request
==149402==    at 0x109320: main (ct_test.c:63)
==149402== 
==149402== Use of uninitialised value of size 8
==149402==    at 0x4875EA7: PQCP_MLKEM_NATIVE_MLKEM768_X86_64_rej_uniform_avx2 (vendor/liboqs-src/src/kem/ml_kem/mlkem-native_ml-kem-768_x86_64/mlkem/src/native/x86_64/src/rej_uniform_avx2.c:78)
==149402==    by 0x4876B16: mlk_rej_uniform_native (vendor/liboqs-src/src/kem/ml_kem/mlkem-native_ml-kem-768_x86_64/mlkem/src/native/x86_64/meta.h:52)
==149402==    by 0x4876B16: mlk_rej_uniform (vendor/liboqs-src/src/kem/ml_kem/mlkem-native_ml-kem-768_x86_64/mlkem/src/sampling.c:127)
==149402==    by 0x4876B16: PQCP_MLKEM_NATIVE_MLKEM768_X86_64_poly_rej_uniform_x4 (vendor/liboqs-src/src/kem/ml_kem/mlkem-native_ml-kem-768_x86_64/mlkem/src/sampling.c:171)
==149402==    by 0x4871526: PQCP_MLKEM_NATIVE_MLKEM768_X86_64_gen_matrix (vendor/liboqs-src/src/kem/ml_kem/mlkem-native_ml-kem-768_x86_64/mlkem/src/indcpa.c:246)
==149402==    by 0x48718DC: PQCP_MLKEM_NATIVE_MLKEM768_X86_64_indcpa_enc (vendor/liboqs-src/src/kem/ml_kem/mlkem-native_ml-kem-768_x86_64/mlkem/src/indcpa.c:437)
==149402==    by 0x48727A2: PQCP_MLKEM_NATIVE_MLKEM768_X86_64_dec (vendor/liboqs-src/src/kem/ml_kem/mlkem-native_ml-kem-768_x86_64/mlkem/src/kem.c:346)
==149402==    by 0x10933A: main (ct_test.c:66)
==149402==  Uninitialised value was created by a client request
==149402==    at 0x109320: main (ct_test.c:63)
==149402== 
==149402== Use of uninitialised value of size 8
==149402==    at 0x4875EDF: PQCP_MLKEM_NATIVE_MLKEM768_X86_64_rej_uniform_avx2 (vendor/liboqs-src/src/kem/ml_kem/mlkem-native_ml-kem-768_x86_64/mlkem/src/native/x86_64/src/rej_uniform_avx2.c:93)
==149402==    by 0x4876B16: mlk_rej_uniform_native (vendor/liboqs-src/src/kem/ml_kem/mlkem-native_ml-kem-768_x86_64/mlkem/src/native/x86_64/meta.h:52)
==149402==    by 0x4876B16: mlk_rej_uniform (vendor/liboqs-src/src/kem/ml_kem/mlkem-native_ml-kem-768_x86_64/mlkem/src/sampling.c:127)
==149402==    by 0x4876B16: PQCP_MLKEM_NATIVE_MLKEM768_X86_64_poly_rej_uniform_x4 (vendor/liboqs-src/src/kem/ml_kem/mlkem-native_ml-kem-768_x86_64/mlkem/src/sampling.c:171)
==149402==    by 0x4871526: PQCP_MLKEM_NATIVE_MLKEM768_X86_64_gen_matrix (vendor/liboqs-src/src/kem/ml_kem/mlkem-native_ml-kem-768_x86_64/mlkem/src/indcpa.c:246)
==149402==    by 0x48718DC: PQCP_MLKEM_NATIVE_MLKEM768_X86_64_indcpa_enc (vendor/liboqs-src/src/kem/ml_kem/mlkem-native_ml-kem-768_x86_64/mlkem/src/indcpa.c:437)
==149402==    by 0x48727A2: PQCP_MLKEM_NATIVE_MLKEM768_X86_64_dec (vendor/liboqs-src/src/kem/ml_kem/mlkem-native_ml-kem-768_x86_64/mlkem/src/kem.c:346)
==149402==    by 0x10933A: main (ct_test.c:66)
==149402==  Uninitialised value was created by a client request
==149402==    at 0x109320: main (ct_test.c:63)
==149402== 
==149402== Use of uninitialised value of size 8
==149402==    at 0x4875EEE: PQCP_MLKEM_NATIVE_MLKEM768_X86_64_rej_uniform_avx2 (vendor/liboqs-src/src/kem/ml_kem/mlkem-native_ml-kem-768_x86_64/mlkem/src/native/x86_64/src/rej_uniform_avx2.c:95)
==149402==    by 0x4876B16: mlk_rej_uniform_native (vendor/liboqs-src/src/kem/ml_kem/mlkem-native_ml-kem-768_x86_64/mlkem/src/native/x86_64/meta.h:52)
==149402==    by 0x4876B16: mlk_rej_uniform (vendor/liboqs-src/src/kem/ml_kem/mlkem-native_ml-kem-768_x86_64/mlkem/src/sampling.c:127)
==149402==    by 0x4876B16: PQCP_MLKEM_NATIVE_MLKEM768_X86_64_poly_rej_uniform_x4 (vendor/liboqs-src/src/kem/ml_kem/mlkem-native_ml-kem-768_x86_64/mlkem/src/sampling.c:171)
==149402==    by 0x4871526: PQCP_MLKEM_NATIVE_MLKEM768_X86_64_gen_matrix (vendor/liboqs-src/src/kem/ml_kem/mlkem-native_ml-kem-768_x86_64/mlkem/src/indcpa.c:246)
==149402==    by 0x48718DC: PQCP_MLKEM_NATIVE_MLKEM768_X86_64_indcpa_enc (vendor/liboqs-src/src/kem/ml_kem/mlkem-native_ml-kem-768_x86_64/mlkem/src/indcpa.c:437)
==149402==    by 0x48727A2: PQCP_MLKEM_NATIVE_MLKEM768_X86_64_dec (vendor/liboqs-src/src/kem/ml_kem/mlkem-native_ml-kem-768_x86_64/mlkem/src/kem.c:346)
==149402==    by 0x10933A: main (ct_test.c:66)
==149402==  Uninitialised value was created by a client request
==149402==    at 0x109320: main (ct_test.c:63)
==149402== 
==149402== Use of uninitialised value of size 8
==149402==    at 0x4875EFB: PQCP_MLKEM_NATIVE_MLKEM768_X86_64_rej_uniform_avx2 (vendor/liboqs-src/src/kem/ml_kem/mlkem-native_ml-kem-768_x86_64/mlkem/src/native/x86_64/src/rej_uniform_avx2.c:97)
==149402==    by 0x4876B16: mlk_rej_uniform_native (vendor/liboqs-src/src/kem/ml_kem/mlkem-native_ml-kem-768_x86_64/mlkem/src/native/x86_64/meta.h:52)
==149402==    by 0x4876B16: mlk_rej_uniform (vendor/liboqs-src/src/kem/ml_kem/mlkem-native_ml-kem-768_x86_64/mlkem/src/sampling.c:127)
==149402==    by 0x4876B16: PQCP_MLKEM_NATIVE_MLKEM768_X86_64_poly_rej_uniform_x4 (vendor/liboqs-src/src/kem/ml_kem/mlkem-native_ml-kem-768_x86_64/mlkem/src/sampling.c:171)
==149402==    by 0x4871526: PQCP_MLKEM_NATIVE_MLKEM768_X86_64_gen_matrix (vendor/liboqs-src/src/kem/ml_kem/mlkem-native_ml-kem-768_x86_64/mlkem/src/indcpa.c:246)
==149402==    by 0x48718DC: PQCP_MLKEM_NATIVE_MLKEM768_X86_64_indcpa_enc (vendor/liboqs-src/src/kem/ml_kem/mlkem-native_ml-kem-768_x86_64/mlkem/src/indcpa.c:437)
==149402==    by 0x48727A2: PQCP_MLKEM_NATIVE_MLKEM768_X86_64_dec (vendor/liboqs-src/src/kem/ml_kem/mlkem-native_ml-kem-768_x86_64/mlkem/src/kem.c:346)
==149402==    by 0x10933A: main (ct_test.c:66)
==149402==  Uninitialised value was created by a client request
==149402==    at 0x109320: main (ct_test.c:63)
==149402== 
==149402== Conditional jump or move depends on uninitialised value(s)
==149402==    at 0x4875F1A: PQCP_MLKEM_NATIVE_MLKEM768_X86_64_rej_uniform_avx2 (vendor/liboqs-src/src/kem/ml_kem/mlkem-native_ml-kem-768_x86_64/mlkem/src/native/x86_64/src/rej_uniform_avx2.c:47)
==149402==    by 0x4876B16: mlk_rej_uniform_native (vendor/liboqs-src/src/kem/ml_kem/mlkem-native_ml-kem-768_x86_64/mlkem/src/native/x86_64/meta.h:52)
==149402==    by 0x4876B16: mlk_rej_uniform (vendor/liboqs-src/src/kem/ml_kem/mlkem-native_ml-kem-768_x86_64/mlkem/src/sampling.c:127)
==149402==    by 0x4876B16: PQCP_MLKEM_NATIVE_MLKEM768_X86_64_poly_rej_uniform_x4 (vendor/liboqs-src/src/kem/ml_kem/mlkem-native_ml-kem-768_x86_64/mlkem/src/sampling.c:171)
==149402==    by 0x4871526: PQCP_MLKEM_NATIVE_MLKEM768_X86_64_gen_matrix (vendor/liboqs-src/src/kem/ml_kem/mlkem-native_ml-kem-768_x86_64/mlkem/src/indcpa.c:246)
==149402==    by 0x48718DC: PQCP_MLKEM_NATIVE_MLKEM768_X86_64_indcpa_enc (vendor/liboqs-src/src/kem/ml_kem/mlkem-native_ml-kem-768_x86_64/mlkem/src/indcpa.c:437)
==149402==    by 0x48727A2: PQCP_MLKEM_NATIVE_MLKEM768_X86_64_dec (vendor/liboqs-src/src/kem/ml_kem/mlkem-native_ml-kem-768_x86_64/mlkem/src/kem.c:346)
==149402==    by 0x10933A: main (ct_test.c:66)
==149402==  Uninitialised value was created by a client request
==149402==    at 0x109320: main (ct_test.c:63)
==149402== 
==149402== Use of uninitialised value of size 8
==149402==    at 0x4875E30: PQCP_MLKEM_NATIVE_MLKEM768_X86_64_rej_uniform_avx2 (vendor/liboqs-src/src/kem/ml_kem/mlkem-native_ml-kem-768_x86_64/mlkem/src/native/x86_64/src/rej_uniform_avx2.c:54)
==149402==    by 0x4876B16: mlk_rej_uniform_native (vendor/liboqs-src/src/kem/ml_kem/mlkem-native_ml-kem-768_x86_64/mlkem/src/native/x86_64/meta.h:52)
==149402==    by 0x4876B16: mlk_rej_uniform (vendor/liboqs-src/src/kem/ml_kem/mlkem-native_ml-kem-768_x86_64/mlkem/src/sampling.c:127)
==149402==    by 0x4876B16: PQCP_MLKEM_NATIVE_MLKEM768_X86_64_poly_rej_uniform_x4 (vendor/liboqs-src/src/kem/ml_kem/mlkem-native_ml-kem-768_x86_64/mlkem/src/sampling.c:171)
==149402==    by 0x4871526: PQCP_MLKEM_NATIVE_MLKEM768_X86_64_gen_matrix (vendor/liboqs-src/src/kem/ml_kem/mlkem-native_ml-kem-768_x86_64/mlkem/src/indcpa.c:246)
==149402==    by 0x48718DC: PQCP_MLKEM_NATIVE_MLKEM768_X86_64_indcpa_enc (vendor/liboqs-src/src/kem/ml_kem/mlkem-native_ml-kem-768_x86_64/mlkem/src/indcpa.c:437)
==149402==    by 0x48727A2: PQCP_MLKEM_NATIVE_MLKEM768_X86_64_dec (vendor/liboqs-src/src/kem/ml_kem/mlkem-native_ml-kem-768_x86_64/mlkem/src/kem.c:346)
==149402==    by 0x10933A: main (ct_test.c:66)
==149402==  Uninitialised value was created by a client request
==149402==    at 0x109320: main (ct_test.c:63)
==149402== 
==149402== Use of uninitialised value of size 8
==149402==    at 0x4875ED1: PQCP_MLKEM_NATIVE_MLKEM768_X86_64_rej_uniform_avx2 (vendor/liboqs-src/src/kem/ml_kem/mlkem-native_ml-kem-768_x86_64/mlkem/src/native/x86_64/src/rej_uniform_avx2.c:91)
==149402==    by 0x4876B16: mlk_rej_uniform_native (vendor/liboqs-src/src/kem/ml_kem/mlkem-native_ml-kem-768_x86_64/mlkem/src/native/x86_64/meta.h:52)
==149402==    by 0x4876B16: mlk_rej_uniform (vendor/liboqs-src/src/kem/ml_kem/mlkem-native_ml-kem-768_x86_64/mlkem/src/sampling.c:127)
==149402==    by 0x4876B16: PQCP_MLKEM_NATIVE_MLKEM768_X86_64_poly_rej_uniform_x4 (vendor/liboqs-src/src/kem/ml_kem/mlkem-native_ml-kem-768_x86_64/mlkem/src/sampling.c:171)
==149402==    by 0x4871526: PQCP_MLKEM_NATIVE_MLKEM768_X86_64_gen_matrix (vendor/liboqs-src/src/kem/ml_kem/mlkem-native_ml-kem-768_x86_64/mlkem/src/indcpa.c:246)
==149402==    by 0x48718DC: PQCP_MLKEM_NATIVE_MLKEM768_X86_64_indcpa_enc (vendor/liboqs-src/src/kem/ml_kem/mlkem-native_ml-kem-768_x86_64/mlkem/src/indcpa.c:437)
==149402==    by 0x48727A2: PQCP_MLKEM_NATIVE_MLKEM768_X86_64_dec (vendor/liboqs-src/src/kem/ml_kem/mlkem-native_ml-kem-768_x86_64/mlkem/src/kem.c:346)
==149402==    by 0x10933A: main (ct_test.c:66)
==149402==  Uninitialised value was created by a client request
==149402==    at 0x109320: main (ct_test.c:63)
==149402== 
==149402== Conditional jump or move depends on uninitialised value(s)
==149402==    at 0x4875F0E: PQCP_MLKEM_NATIVE_MLKEM768_X86_64_rej_uniform_avx2 (vendor/liboqs-src/src/kem/ml_kem/mlkem-native_ml-kem-768_x86_64/mlkem/src/native/x86_64/src/rej_uniform_avx2.c:47)
==149402==    by 0x4876B16: mlk_rej_uniform_native (vendor/liboqs-src/src/kem/ml_kem/mlkem-native_ml-kem-768_x86_64/mlkem/src/native/x86_64/meta.h:52)
==149402==    by 0x4876B16: mlk_rej_uniform (vendor/liboqs-src/src/kem/ml_kem/mlkem-native_ml-kem-768_x86_64/mlkem/src/sampling.c:127)
==149402==    by 0x4876B16: PQCP_MLKEM_NATIVE_MLKEM768_X86_64_poly_rej_uniform_x4 (vendor/liboqs-src/src/kem/ml_kem/mlkem-native_ml-kem-768_x86_64/mlkem/src/sampling.c:171)
==149402==    by 0x4871526: PQCP_MLKEM_NATIVE_MLKEM768_X86_64_gen_matrix (vendor/liboqs-src/src/kem/ml_kem/mlkem-native_ml-kem-768_x86_64/mlkem/src/indcpa.c:246)
==149402==    by 0x48718DC: PQCP_MLKEM_NATIVE_MLKEM768_X86_64_indcpa_enc (vendor/liboqs-src/src/kem/ml_kem/mlkem-native_ml-kem-768_x86_64/mlkem/src/indcpa.c:437)
==149402==    by 0x48727A2: PQCP_MLKEM_NATIVE_MLKEM768_X86_64_dec (vendor/liboqs-src/src/kem/ml_kem/mlkem-native_ml-kem-768_x86_64/mlkem/src/kem.c:346)
==149402==    by 0x10933A: main (ct_test.c:66)
==149402==  Uninitialised value was created by a client request
==149402==    at 0x109320: main (ct_test.c:63)
==149402== 
==149402== Conditional jump or move depends on uninitialised value(s)
==149402==    at 0x4875F3A: PQCP_MLKEM_NATIVE_MLKEM768_X86_64_rej_uniform_avx2 (vendor/liboqs-src/src/kem/ml_kem/mlkem-native_ml-kem-768_x86_64/mlkem/src/native/x86_64/src/rej_uniform_avx2.c:101)
==149402==    by 0x4876B16: mlk_rej_uniform_native (vendor/liboqs-src/src/kem/ml_kem/mlkem-native_ml-kem-768_x86_64/mlkem/src/native/x86_64/meta.h:52)
==149402==    by 0x4876B16: mlk_rej_uniform (vendor/liboqs-src/src/kem/ml_kem/mlkem-native_ml-kem-768_x86_64/mlkem/src/sampling.c:127)
==149402==    by 0x4876B16: PQCP_MLKEM_NATIVE_MLKEM768_X86_64_poly_rej_uniform_x4 (vendor/liboqs-src/src/kem/ml_kem/mlkem-native_ml-kem-768_x86_64/mlkem/src/sampling.c:171)
==149402==    by 0x4871526: PQCP_MLKEM_NATIVE_MLKEM768_X86_64_gen_matrix (vendor/liboqs-src/src/kem/ml_kem/mlkem-native_ml-kem-768_x86_64/mlkem/src/indcpa.c:246)
==149402==    by 0x48718DC: PQCP_MLKEM_NATIVE_MLKEM768_X86_64_indcpa_enc (vendor/liboqs-src/src/kem/ml_kem/mlkem-native_ml-kem-768_x86_64/mlkem/src/indcpa.c:437)
==149402==    by 0x48727A2: PQCP_MLKEM_NATIVE_MLKEM768_X86_64_dec (vendor/liboqs-src/src/kem/ml_kem/mlkem-native_ml-kem-768_x86_64/mlkem/src/kem.c:346)
==149402==    by 0x10933A: main (ct_test.c:66)
==149402==  Uninitialised value was created by a client request
==149402==    at 0x109320: main (ct_test.c:63)
==149402== 
==149402== Use of uninitialised value of size 8
==149402==    at 0x4875F63: PQCP_MLKEM_NATIVE_MLKEM768_X86_64_rej_uniform_avx2 (vendor/liboqs-src/src/kem/ml_kem/mlkem-native_ml-kem-768_x86_64/mlkem/src/native/x86_64/src/rej_uniform_avx2.c:103)
==149402==    by 0x4876B16: mlk_rej_uniform_native (vendor/liboqs-src/src/kem/ml_kem/mlkem-native_ml-kem-768_x86_64/mlkem/src/native/x86_64/meta.h:52)
==149402==    by 0x4876B16: mlk_rej_uniform (vendor/liboqs-src/src/kem/ml_kem/mlkem-native_ml-kem-768_x86_64/mlkem/src/sampling.c:127)
==149402==    by 0x4876B16: PQCP_MLKEM_NATIVE_MLKEM768_X86_64_poly_rej_uniform_x4 (vendor/liboqs-src/src/kem/ml_kem/mlkem-native_ml-kem-768_x86_64/mlkem/src/sampling.c:171)
==149402==    by 0x4871526: PQCP_MLKEM_NATIVE_MLKEM768_X86_64_gen_matrix (vendor/liboqs-src/src/kem/ml_kem/mlkem-native_ml-kem-768_x86_64/mlkem/src/indcpa.c:246)
==149402==    by 0x48718DC: PQCP_MLKEM_NATIVE_MLKEM768_X86_64_indcpa_enc (vendor/liboqs-src/src/kem/ml_kem/mlkem-native_ml-kem-768_x86_64/mlkem/src/indcpa.c:437)
==149402==    by 0x48727A2: PQCP_MLKEM_NATIVE_MLKEM768_X86_64_dec (vendor/liboqs-src/src/kem/ml_kem/mlkem-native_ml-kem-768_x86_64/mlkem/src/kem.c:346)
==149402==    by 0x10933A: main (ct_test.c:66)
==149402==  Uninitialised value was created by a client request
==149402==    at 0x109320: main (ct_test.c:63)
==149402== 
==149402== Use of uninitialised value of size 8
==149402==    at 0x4875F8E: PQCP_MLKEM_NATIVE_MLKEM768_X86_64_rej_uniform_avx2 (vendor/liboqs-src/src/kem/ml_kem/mlkem-native_ml-kem-768_x86_64/mlkem/src/native/x86_64/src/rej_uniform_avx2.c:114)
==149402==    by 0x4876B16: mlk_rej_uniform_native (vendor/liboqs-src/src/kem/ml_kem/mlkem-native_ml-kem-768_x86_64/mlkem/src/native/x86_64/meta.h:52)
==149402==    by 0x4876B16: mlk_rej_uniform (vendor/liboqs-src/src/kem/ml_kem/mlkem-native_ml-kem-768_x86_64/mlkem/src/sampling.c:127)
==149402==    by 0x4876B16: PQCP_MLKEM_NATIVE_MLKEM768_X86_64_poly_rej_uniform_x4 (vendor/liboqs-src/src/kem/ml_kem/mlkem-native_ml-kem-768_x86_64/mlkem/src/sampling.c:171)
==149402==    by 0x4871526: PQCP_MLKEM_NATIVE_MLKEM768_X86_64_gen_matrix (vendor/liboqs-src/src/kem/ml_kem/mlkem-native_ml-kem-768_x86_64/mlkem/src/indcpa.c:246)
==149402==    by 0x48718DC: PQCP_MLKEM_NATIVE_MLKEM768_X86_64_indcpa_enc (vendor/liboqs-src/src/kem/ml_kem/mlkem-native_ml-kem-768_x86_64/mlkem/src/indcpa.c:437)
==149402==    by 0x48727A2: PQCP_MLKEM_NATIVE_MLKEM768_X86_64_dec (vendor/liboqs-src/src/kem/ml_kem/mlkem-native_ml-kem-768_x86_64/mlkem/src/kem.c:346)
==149402==    by 0x10933A: main (ct_test.c:66)
==149402==  Uninitialised value was created by a client request
==149402==    at 0x109320: main (ct_test.c:63)
==149402== 
==149402== Use of uninitialised value of size 8
==149402==    at 0x4875FA3: PQCP_MLKEM_NATIVE_MLKEM768_X86_64_rej_uniform_avx2 (vendor/liboqs-src/src/kem/ml_kem/mlkem-native_ml-kem-768_x86_64/mlkem/src/native/x86_64/src/rej_uniform_avx2.c:119)
==149402==    by 0x4876B16: mlk_rej_uniform_native (vendor/liboqs-src/src/kem/ml_kem/mlkem-native_ml-kem-768_x86_64/mlkem/src/native/x86_64/meta.h:52)
==149402==    by 0x4876B16: mlk_rej_uniform (vendor/liboqs-src/src/kem/ml_kem/mlkem-native_ml-kem-768_x86_64/mlkem/src/sampling.c:127)
==149402==    by 0x4876B16: PQCP_MLKEM_NATIVE_MLKEM768_X86_64_poly_rej_uniform_x4 (vendor/liboqs-src/src/kem/ml_kem/mlkem-native_ml-kem-768_x86_64/mlkem/src/sampling.c:171)
==149402==    by 0x4871526: PQCP_MLKEM_NATIVE_MLKEM768_X86_64_gen_matrix (vendor/liboqs-src/src/kem/ml_kem/mlkem-native_ml-kem-768_x86_64/mlkem/src/indcpa.c:246)
==149402==    by 0x48718DC: PQCP_MLKEM_NATIVE_MLKEM768_X86_64_indcpa_enc (vendor/liboqs-src/src/kem/ml_kem/mlkem-native_ml-kem-768_x86_64/mlkem/src/indcpa.c:437)
==149402==    by 0x48727A2: PQCP_MLKEM_NATIVE_MLKEM768_X86_64_dec (vendor/liboqs-src/src/kem/ml_kem/mlkem-native_ml-kem-768_x86_64/mlkem/src/kem.c:346)
==149402==    by 0x10933A: main (ct_test.c:66)
==149402==  Uninitialised value was created by a client request
==149402==    at 0x109320: main (ct_test.c:63)
==149402== 
==149402== Conditional jump or move depends on uninitialised value(s)
==149402==    at 0x4875FB5: PQCP_MLKEM_NATIVE_MLKEM768_X86_64_rej_uniform_avx2 (vendor/liboqs-src/src/kem/ml_kem/mlkem-native_ml-kem-768_x86_64/mlkem/src/native/x86_64/src/rej_uniform_avx2.c:101)
==149402==    by 0x4876B16: mlk_rej_uniform_native (vendor/liboqs-src/src/kem/ml_kem/mlkem-native_ml-kem-768_x86_64/mlkem/src/native/x86_64/meta.h:52)
==149402==    by 0x4876B16: mlk_rej_uniform (vendor/liboqs-src/src/kem/ml_kem/mlkem-native_ml-kem-768_x86_64/mlkem/src/sampling.c:127)
==149402==    by 0x4876B16: PQCP_MLKEM_NATIVE_MLKEM768_X86_64_poly_rej_uniform_x4 (vendor/liboqs-src/src/kem/ml_kem/mlkem-native_ml-kem-768_x86_64/mlkem/src/sampling.c:171)
==149402==    by 0x4871526: PQCP_MLKEM_NATIVE_MLKEM768_X86_64_gen_matrix (vendor/liboqs-src/src/kem/ml_kem/mlkem-native_ml-kem-768_x86_64/mlkem/src/indcpa.c:246)
==149402==    by 0x48718DC: PQCP_MLKEM_NATIVE_MLKEM768_X86_64_indcpa_enc (vendor/liboqs-src/src/kem/ml_kem/mlkem-native_ml-kem-768_x86_64/mlkem/src/indcpa.c:437)
==149402==    by 0x48727A2: PQCP_MLKEM_NATIVE_MLKEM768_X86_64_dec (vendor/liboqs-src/src/kem/ml_kem/mlkem-native_ml-kem-768_x86_64/mlkem/src/kem.c:346)
==149402==    by 0x10933A: main (ct_test.c:66)
==149402==  Uninitialised value was created by a client request
==149402==    at 0x109320: main (ct_test.c:63)
==149402== 
==149402== Conditional jump or move depends on uninitialised value(s)
==149402==    at 0x4875FC1: PQCP_MLKEM_NATIVE_MLKEM768_X86_64_rej_uniform_avx2 (vendor/liboqs-src/src/kem/ml_kem/mlkem-native_ml-kem-768_x86_64/mlkem/src/native/x86_64/src/rej_uniform_avx2.c:101)
==149402==    by 0x4876B16: mlk_rej_uniform_native (vendor/liboqs-src/src/kem/ml_kem/mlkem-native_ml-kem-768_x86_64/mlkem/src/native/x86_64/meta.h:52)
==149402==    by 0x4876B16: mlk_rej_uniform (vendor/liboqs-src/src/kem/ml_kem/mlkem-native_ml-kem-768_x86_64/mlkem/src/sampling.c:127)
==149402==    by 0x4876B16: PQCP_MLKEM_NATIVE_MLKEM768_X86_64_poly_rej_uniform_x4 (vendor/liboqs-src/src/kem/ml_kem/mlkem-native_ml-kem-768_x86_64/mlkem/src/sampling.c:171)
==149402==    by 0x4871526: PQCP_MLKEM_NATIVE_MLKEM768_X86_64_gen_matrix (vendor/liboqs-src/src/kem/ml_kem/mlkem-native_ml-kem-768_x86_64/mlkem/src/indcpa.c:246)
==149402==    by 0x48718DC: PQCP_MLKEM_NATIVE_MLKEM768_X86_64_indcpa_enc (vendor/liboqs-src/src/kem/ml_kem/mlkem-native_ml-kem-768_x86_64/mlkem/src/indcpa.c:437)
==149402==    by 0x48727A2: PQCP_MLKEM_NATIVE_MLKEM768_X86_64_dec (vendor/liboqs-src/src/kem/ml_kem/mlkem-native_ml-kem-768_x86_64/mlkem/src/kem.c:346)
==149402==    by 0x10933A: main (ct_test.c:66)
==149402==  Uninitialised value was created by a client request
==149402==    at 0x109320: main (ct_test.c:63)
==149402== 
==149402== Conditional jump or move depends on uninitialised value(s)
==149402==    at 0x4875FE1: PQCP_MLKEM_NATIVE_MLKEM768_X86_64_rej_uniform_avx2 (vendor/liboqs-src/src/kem/ml_kem/mlkem-native_ml-kem-768_x86_64/mlkem/src/native/x86_64/src/rej_uniform_avx2.c:123)
==149402==    by 0x4876B16: mlk_rej_uniform_native (vendor/liboqs-src/src/kem/ml_kem/mlkem-native_ml-kem-768_x86_64/mlkem/src/native/x86_64/meta.h:52)
==149402==    by 0x4876B16: mlk_rej_uniform (vendor/liboqs-src/src/kem/ml_kem/mlkem-native_ml-kem-768_x86_64/mlkem/src/sampling.c:127)
==149402==    by 0x4876B16: PQCP_MLKEM_NATIVE_MLKEM768_X86_64_poly_rej_uniform_x4 (vendor/liboqs-src/src/kem/ml_kem/mlkem-native_ml-kem-768_x86_64/mlkem/src/sampling.c:171)
==149402==    by 0x4871526: PQCP_MLKEM_NATIVE_MLKEM768_X86_64_gen_matrix (vendor/liboqs-src/src/kem/ml_kem/mlkem-native_ml-kem-768_x86_64/mlkem/src/indcpa.c:246)
==149402==    by 0x48718DC: PQCP_MLKEM_NATIVE_MLKEM768_X86_64_indcpa_enc (vendor/liboqs-src/src/kem/ml_kem/mlkem-native_ml-kem-768_x86_64/mlkem/src/indcpa.c:437)
==149402==    by 0x48727A2: PQCP_MLKEM_NATIVE_MLKEM768_X86_64_dec (vendor/liboqs-src/src/kem/ml_kem/mlkem-native_ml-kem-768_x86_64/mlkem/src/kem.c:346)
==149402==    by 0x10933A: main (ct_test.c:66)
==149402==  Uninitialised value was created by a client request
==149402==    at 0x109320: main (ct_test.c:63)
==149402== 
==149402== Use of uninitialised value of size 8
==149402==    at 0x4875FF0: PQCP_MLKEM_NATIVE_MLKEM768_X86_64_rej_uniform_avx2 (vendor/liboqs-src/src/kem/ml_kem/mlkem-native_ml-kem-768_x86_64/mlkem/src/native/x86_64/src/rej_uniform_avx2.c:125)
==149402==    by 0x4876B16: mlk_rej_uniform_native (vendor/liboqs-src/src/kem/ml_kem/mlkem-native_ml-kem-768_x86_64/mlkem/src/native/x86_64/meta.h:52)
==149402==    by 0x4876B16: mlk_rej_uniform (vendor/liboqs-src/src/kem/ml_kem/mlkem-native_ml-kem-768_x86_64/mlkem/src/sampling.c:127)
==149402==    by 0x4876B16: PQCP_MLKEM_NATIVE_MLKEM768_X86_64_poly_rej_uniform_x4 (vendor/liboqs-src/src/kem/ml_kem/mlkem-native_ml-kem-768_x86_64/mlkem/src/sampling.c:171)
==149402==    by 0x4871526: PQCP_MLKEM_NATIVE_MLKEM768_X86_64_gen_matrix (vendor/liboqs-src/src/kem/ml_kem/mlkem-native_ml-kem-768_x86_64/mlkem/src/indcpa.c:246)
==149402==    by 0x48718DC: PQCP_MLKEM_NATIVE_MLKEM768_X86_64_indcpa_enc (vendor/liboqs-src/src/kem/ml_kem/mlkem-native_ml-kem-768_x86_64/mlkem/src/indcpa.c:437)
==149402==    by 0x48727A2: PQCP_MLKEM_NATIVE_MLKEM768_X86_64_dec (vendor/liboqs-src/src/kem/ml_kem/mlkem-native_ml-kem-768_x86_64/mlkem/src/kem.c:346)
==149402==    by 0x10933A: main (ct_test.c:66)
==149402==  Uninitialised value was created by a client request
==149402==    at 0x109320: main (ct_test.c:63)
==149402== 
==149402== Conditional jump or move depends on uninitialised value(s)
==149402==    at 0x487600F: PQCP_MLKEM_NATIVE_MLKEM768_X86_64_rej_uniform_avx2 (vendor/liboqs-src/src/kem/ml_kem/mlkem-native_ml-kem-768_x86_64/mlkem/src/native/x86_64/src/rej_uniform_avx2.c:0)
==149402==    by 0x4876B16: mlk_rej_uniform_native (vendor/liboqs-src/src/kem/ml_kem/mlkem-native_ml-kem-768_x86_64/mlkem/src/native/x86_64/meta.h:52)
==149402==    by 0x4876B16: mlk_rej_uniform (vendor/liboqs-src/src/kem/ml_kem/mlkem-native_ml-kem-768_x86_64/mlkem/src/sampling.c:127)
==149402==    by 0x4876B16: PQCP_MLKEM_NATIVE_MLKEM768_X86_64_poly_rej_uniform_x4 (vendor/liboqs-src/src/kem/ml_kem/mlkem-native_ml-kem-768_x86_64/mlkem/src/sampling.c:171)
==149402==    by 0x4871526: PQCP_MLKEM_NATIVE_MLKEM768_X86_64_gen_matrix (vendor/liboqs-src/src/kem/ml_kem/mlkem-native_ml-kem-768_x86_64/mlkem/src/indcpa.c:246)
==149402==    by 0x48718DC: PQCP_MLKEM_NATIVE_MLKEM768_X86_64_indcpa_enc (vendor/liboqs-src/src/kem/ml_kem/mlkem-native_ml-kem-768_x86_64/mlkem/src/indcpa.c:437)
==149402==    by 0x48727A2: PQCP_MLKEM_NATIVE_MLKEM768_X86_64_dec (vendor/liboqs-src/src/kem/ml_kem/mlkem-native_ml-kem-768_x86_64/mlkem/src/kem.c:346)
==149402==    by 0x10933A: main (ct_test.c:66)
==149402==  Uninitialised value was created by a client request
==149402==    at 0x109320: main (ct_test.c:63)
==149402== 
==149402== Use of uninitialised value of size 8
==149402==    at 0x487601E: PQCP_MLKEM_NATIVE_MLKEM768_X86_64_rej_uniform_avx2 (vendor/liboqs-src/src/kem/ml_kem/mlkem-native_ml-kem-768_x86_64/mlkem/src/native/x86_64/src/rej_uniform_avx2.c:0)
==149402==    by 0x4876B16: mlk_rej_uniform_native (vendor/liboqs-src/src/kem/ml_kem/mlkem-native_ml-kem-768_x86_64/mlkem/src/native/x86_64/meta.h:52)
==149402==    by 0x4876B16: mlk_rej_uniform (vendor/liboqs-src/src/kem/ml_kem/mlkem-native_ml-kem-768_x86_64/mlkem/src/sampling.c:127)
==149402==    by 0x4876B16: PQCP_MLKEM_NATIVE_MLKEM768_X86_64_poly_rej_uniform_x4 (vendor/liboqs-src/src/kem/ml_kem/mlkem-native_ml-kem-768_x86_64/mlkem/src/sampling.c:171)
==149402==    by 0x4871526: PQCP_MLKEM_NATIVE_MLKEM768_X86_64_gen_matrix (vendor/liboqs-src/src/kem/ml_kem/mlkem-native_ml-kem-768_x86_64/mlkem/src/indcpa.c:246)
==149402==    by 0x48718DC: PQCP_MLKEM_NATIVE_MLKEM768_X86_64_indcpa_enc (vendor/liboqs-src/src/kem/ml_kem/mlkem-native_ml-kem-768_x86_64/mlkem/src/indcpa.c:437)
==149402==    by 0x48727A2: PQCP_MLKEM_NATIVE_MLKEM768_X86_64_dec (vendor/liboqs-src/src/kem/ml_kem/mlkem-native_ml-kem-768_x86_64/mlkem/src/kem.c:346)
==149402==    by 0x10933A: main (ct_test.c:66)
==149402==  Uninitialised value was created by a client request
==149402==    at 0x109320: main (ct_test.c:63)
==149402== 
==149402== Conditional jump or move depends on uninitialised value(s)
==149402==    at 0x487603C: PQCP_MLKEM_NATIVE_MLKEM768_X86_64_rej_uniform_avx2 (vendor/liboqs-src/src/kem/ml_kem/mlkem-native_ml-kem-768_x86_64/mlkem/src/native/x86_64/src/rej_uniform_avx2.c:133)
==149402==    by 0x4876B16: mlk_rej_uniform_native (vendor/liboqs-src/src/kem/ml_kem/mlkem-native_ml-kem-768_x86_64/mlkem/src/native/x86_64/meta.h:52)
==149402==    by 0x4876B16: mlk_rej_uniform (vendor/liboqs-src/src/kem/ml_kem/mlkem-native_ml-kem-768_x86_64/mlkem/src/sampling.c:127)
==149402==    by 0x4876B16: PQCP_MLKEM_NATIVE_MLKEM768_X86_64_poly_rej_uniform_x4 (vendor/liboqs-src/src/kem/ml_kem/mlkem-native_ml-kem-768_x86_64/mlkem/src/sampling.c:171)
==149402==    by 0x4871526: PQCP_MLKEM_NATIVE_MLKEM768_X86_64_gen_matrix (vendor/liboqs-src/src/kem/ml_kem/mlkem-native_ml-kem-768_x86_64/mlkem/src/indcpa.c:246)
==149402==    by 0x48718DC: PQCP_MLKEM_NATIVE_MLKEM768_X86_64_indcpa_enc (vendor/liboqs-src/src/kem/ml_kem/mlkem-native_ml-kem-768_x86_64/mlkem/src/indcpa.c:437)
==149402==    by 0x48727A2: PQCP_MLKEM_NATIVE_MLKEM768_X86_64_dec (vendor/liboqs-src/src/kem/ml_kem/mlkem-native_ml-kem-768_x86_64/mlkem/src/kem.c:346)
==149402==    by 0x10933A: main (ct_test.c:66)
==149402==  Uninitialised value was created by a client request
==149402==    at 0x109320: main (ct_test.c:63)
==149402== 
==149402== Use of uninitialised value of size 8
==149402==    at 0x4876042: PQCP_MLKEM_NATIVE_MLKEM768_X86_64_rej_uniform_avx2 (vendor/liboqs-src/src/kem/ml_kem/mlkem-native_ml-kem-768_x86_64/mlkem/src/native/x86_64/src/rej_uniform_avx2.c:135)
==149402==    by 0x4876B16: mlk_rej_uniform_native (vendor/liboqs-src/src/kem/ml_kem/mlkem-native_ml-kem-768_x86_64/mlkem/src/native/x86_64/meta.h:52)
==149402==    by 0x4876B16: mlk_rej_uniform (vendor/liboqs-src/src/kem/ml_kem/mlkem-native_ml-kem-768_x86_64/mlkem/src/sampling.c:127)
==149402==    by 0x4876B16: PQCP_MLKEM_NATIVE_MLKEM768_X86_64_poly_rej_uniform_x4 (vendor/liboqs-src/src/kem/ml_kem/mlkem-native_ml-kem-768_x86_64/mlkem/src/sampling.c:171)
==149402==    by 0x4871526: PQCP_MLKEM_NATIVE_MLKEM768_X86_64_gen_matrix (vendor/liboqs-src/src/kem/ml_kem/mlkem-native_ml-kem-768_x86_64/mlkem/src/indcpa.c:246)
==149402==    by 0x48718DC: PQCP_MLKEM_NATIVE_MLKEM768_X86_64_indcpa_enc (vendor/liboqs-src/src/kem/ml_kem/mlkem-native_ml-kem-768_x86_64/mlkem/src/indcpa.c:437)
==149402==    by 0x48727A2: PQCP_MLKEM_NATIVE_MLKEM768_X86_64_dec (vendor/liboqs-src/src/kem/ml_kem/mlkem-native_ml-kem-768_x86_64/mlkem/src/kem.c:346)
==149402==    by 0x10933A: main (ct_test.c:66)
==149402==  Uninitialised value was created by a client request
==149402==    at 0x109320: main (ct_test.c:63)
==149402== 
==149402== Conditional jump or move depends on uninitialised value(s)
==149402==    at 0x487604C: PQCP_MLKEM_NATIVE_MLKEM768_X86_64_rej_uniform_avx2 (vendor/liboqs-src/src/kem/ml_kem/mlkem-native_ml-kem-768_x86_64/mlkem/src/native/x86_64/src/rej_uniform_avx2.c:123)
==149402==    by 0x4876B16: mlk_rej_uniform_native (vendor/liboqs-src/src/kem/ml_kem/mlkem-native_ml-kem-768_x86_64/mlkem/src/native/x86_64/meta.h:52)
==149402==    by 0x4876B16: mlk_rej_uniform (vendor/liboqs-src/src/kem/ml_kem/mlkem-native_ml-kem-768_x86_64/mlkem/src/sampling.c:127)
==149402==    by 0x4876B16: PQCP_MLKEM_NATIVE_MLKEM768_X86_64_poly_rej_uniform_x4 (vendor/liboqs-src/src/kem/ml_kem/mlkem-native_ml-kem-768_x86_64/mlkem/src/sampling.c:171)
==149402==    by 0x4871526: PQCP_MLKEM_NATIVE_MLKEM768_X86_64_gen_matrix (vendor/liboqs-src/src/kem/ml_kem/mlkem-native_ml-kem-768_x86_64/mlkem/src/indcpa.c:246)
==149402==    by 0x48718DC: PQCP_MLKEM_NATIVE_MLKEM768_X86_64_indcpa_enc (vendor/liboqs-src/src/kem/ml_kem/mlkem-native_ml-kem-768_x86_64/mlkem/src/indcpa.c:437)
==149402==    by 0x48727A2: PQCP_MLKEM_NATIVE_MLKEM768_X86_64_dec (vendor/liboqs-src/src/kem/ml_kem/mlkem-native_ml-kem-768_x86_64/mlkem/src/kem.c:346)
==149402==    by 0x10933A: main (ct_test.c:66)
==149402==  Uninitialised value was created by a client request
==149402==    at 0x109320: main (ct_test.c:63)
==149402== 
==149402== Conditional jump or move depends on uninitialised value(s)
==149402==    at 0x4876B1D: mlk_rej_uniform (vendor/liboqs-src/src/kem/ml_kem/mlkem-native_ml-kem-768_x86_64/mlkem/src/sampling.c:128)
==149402==    by 0x4876B1D: PQCP_MLKEM_NATIVE_MLKEM768_X86_64_poly_rej_uniform_x4 (vendor/liboqs-src/src/kem/ml_kem/mlkem-native_ml-kem-768_x86_64/mlkem/src/sampling.c:171)
==149402==    by 0x4871526: PQCP_MLKEM_NATIVE_MLKEM768_X86_64_gen_matrix (vendor/liboqs-src/src/kem/ml_kem/mlkem-native_ml-kem-768_x86_64/mlkem/src/indcpa.c:246)
==149402==    by 0x48718DC: PQCP_MLKEM_NATIVE_MLKEM768_X86_64_indcpa_enc (vendor/liboqs-src/src/kem/ml_kem/mlkem-native_ml-kem-768_x86_64/mlkem/src/indcpa.c:437)
==149402==    by 0x48727A2: PQCP_MLKEM_NATIVE_MLKEM768_X86_64_dec (vendor/liboqs-src/src/kem/ml_kem/mlkem-native_ml-kem-768_x86_64/mlkem/src/kem.c:346)
==149402==    by 0x10933A: main (ct_test.c:66)
==149402==  Uninitialised value was created by a client request
==149402==    at 0x109320: main (ct_test.c:63)
==149402== 
==149402== Use of uninitialised value of size 8
==149402==    at 0x4875E7F: PQCP_MLKEM_NATIVE_MLKEM768_X86_64_rej_uniform_avx2 (vendor/liboqs-src/src/kem/ml_kem/mlkem-native_ml-kem-768_x86_64/mlkem/src/native/x86_64/src/rej_uniform_avx2.c:71)
==149402==    by 0x4876BBE: mlk_rej_uniform_native (vendor/liboqs-src/src/kem/ml_kem/mlkem-native_ml-kem-768_x86_64/mlkem/src/native/x86_64/meta.h:52)
==149402==    by 0x4876BBE: mlk_rej_uniform (vendor/liboqs-src/src/kem/ml_kem/mlkem-native_ml-kem-768_x86_64/mlkem/src/sampling.c:127)
==149402==    by 0x4876BBE: PQCP_MLKEM_NATIVE_MLKEM768_X86_64_poly_rej_uniform_x4 (vendor/liboqs-src/src/kem/ml_kem/mlkem-native_ml-kem-768_x86_64/mlkem/src/sampling.c:172)
==149402==    by 0x4871526: PQCP_MLKEM_NATIVE_MLKEM768_X86_64_gen_matrix (vendor/liboqs-src/src/kem/ml_kem/mlkem-native_ml-kem-768_x86_64/mlkem/src/indcpa.c:246)
==149402==    by 0x48718DC: PQCP_MLKEM_NATIVE_MLKEM768_X86_64_indcpa_enc (vendor/liboqs-src/src/kem/ml_kem/mlkem-native_ml-kem-768_x86_64/mlkem/src/indcpa.c:437)
==149402==    by 0x48727A2: PQCP_MLKEM_NATIVE_MLKEM768_X86_64_dec (vendor/liboqs-src/src/kem/ml_kem/mlkem-native_ml-kem-768_x86_64/mlkem/src/kem.c:346)
==149402==    by 0x10933A: main (ct_test.c:66)
==149402==  Uninitialised value was created by a client request
==149402==    at 0x109320: main (ct_test.c:63)
==149402== 
==149402== Use of uninitialised value of size 8
==149402==    at 0x4875E88: PQCP_MLKEM_NATIVE_MLKEM768_X86_64_rej_uniform_avx2 (vendor/liboqs-src/src/kem/ml_kem/mlkem-native_ml-kem-768_x86_64/mlkem/src/native/x86_64/src/rej_uniform_avx2.c:73)
==149402==    by 0x4876BBE: mlk_rej_uniform_native (vendor/liboqs-src/src/kem/ml_kem/mlkem-native_ml-kem-768_x86_64/mlkem/src/native/x86_64/meta.h:52)
==149402==    by 0x4876BBE: mlk_rej_uniform (vendor/liboqs-src/src/kem/ml_kem/mlkem-native_ml-kem-768_x86_64/mlkem/src/sampling.c:127)
==149402==    by 0x4876BBE: PQCP_MLKEM_NATIVE_MLKEM768_X86_64_poly_rej_uniform_x4 (vendor/liboqs-src/src/kem/ml_kem/mlkem-native_ml-kem-768_x86_64/mlkem/src/sampling.c:172)
==149402==    by 0x4871526: PQCP_MLKEM_NATIVE_MLKEM768_X86_64_gen_matrix (vendor/liboqs-src/src/kem/ml_kem/mlkem-native_ml-kem-768_x86_64/mlkem/src/indcpa.c:246)
==149402==    by 0x48718DC: PQCP_MLKEM_NATIVE_MLKEM768_X86_64_indcpa_enc (vendor/liboqs-src/src/kem/ml_kem/mlkem-native_ml-kem-768_x86_64/mlkem/src/indcpa.c:437)
==149402==    by 0x48727A2: PQCP_MLKEM_NATIVE_MLKEM768_X86_64_dec (vendor/liboqs-src/src/kem/ml_kem/mlkem-native_ml-kem-768_x86_64/mlkem/src/kem.c:346)
==149402==    by 0x10933A: main (ct_test.c:66)
==149402== 
==149402== Use of uninitialised value of size 8
==149402==    at 0x4875E98: PQCP_MLKEM_NATIVE_MLKEM768_X86_64_rej_uniform_avx2 (vendor/liboqs-src/src/kem/ml_kem/mlkem-native_ml-kem-768_x86_64/mlkem/src/native/x86_64/src/rej_uniform_avx2.c:74)
==149402==    by 0x4876BBE: mlk_rej_uniform_native (vendor/liboqs-src/src/kem/ml_kem/mlkem-native_ml-kem-768_x86_64/mlkem/src/native/x86_64/meta.h:52)
==149402==    by 0x4876BBE: mlk_rej_uniform (vendor/liboqs-src/src/kem/ml_kem/mlkem-native_ml-kem-768_x86_64/mlkem/src/sampling.c:127)
==149402==    by 0x4876BBE: PQCP_MLKEM_NATIVE_MLKEM768_X86_64_poly_rej_uniform_x4 (vendor/liboqs-src/src/kem/ml_kem/mlkem-native_ml-kem-768_x86_64/mlkem/src/sampling.c:172)
==149402==    by 0x4871526: PQCP_MLKEM_NATIVE_MLKEM768_X86_64_gen_matrix (vendor/liboqs-src/src/kem/ml_kem/mlkem-native_ml-kem-768_x86_64/mlkem/src/indcpa.c:246)
==149402==    by 0x48718DC: PQCP_MLKEM_NATIVE_MLKEM768_X86_64_indcpa_enc (vendor/liboqs-src/src/kem/ml_kem/mlkem-native_ml-kem-768_x86_64/mlkem/src/indcpa.c:437)
==149402==    by 0x48727A2: PQCP_MLKEM_NATIVE_MLKEM768_X86_64_dec (vendor/liboqs-src/src/kem/ml_kem/mlkem-native_ml-kem-768_x86_64/mlkem/src/kem.c:346)
==149402==    by 0x10933A: main (ct_test.c:66)
==149402==  Uninitialised value was created by a client request
==149402==    at 0x109320: main (ct_test.c:63)
==149402== 
==149402== Use of uninitialised value of size 8
==149402==    at 0x4875EA7: PQCP_MLKEM_NATIVE_MLKEM768_X86_64_rej_uniform_avx2 (vendor/liboqs-src/src/kem/ml_kem/mlkem-native_ml-kem-768_x86_64/mlkem/src/native/x86_64/src/rej_uniform_avx2.c:78)
==149402==    by 0x4876BBE: mlk_rej_uniform_native (vendor/liboqs-src/src/kem/ml_kem/mlkem-native_ml-kem-768_x86_64/mlkem/src/native/x86_64/meta.h:52)
==149402==    by 0x4876BBE: mlk_rej_uniform (vendor/liboqs-src/src/kem/ml_kem/mlkem-native_ml-kem-768_x86_64/mlkem/src/sampling.c:127)
==149402==    by 0x4876BBE: PQCP_MLKEM_NATIVE_MLKEM768_X86_64_poly_rej_uniform_x4 (vendor/liboqs-src/src/kem/ml_kem/mlkem-native_ml-kem-768_x86_64/mlkem/src/sampling.c:172)
==149402==    by 0x4871526: PQCP_MLKEM_NATIVE_MLKEM768_X86_64_gen_matrix (vendor/liboqs-src/src/kem/ml_kem/mlkem-native_ml-kem-768_x86_64/mlkem/src/indcpa.c:246)
==149402==    by 0x48718DC: PQCP_MLKEM_NATIVE_MLKEM768_X86_64_indcpa_enc (vendor/liboqs-src/src/kem/ml_kem/mlkem-native_ml-kem-768_x86_64/mlkem/src/indcpa.c:437)
==149402==    by 0x48727A2: PQCP_MLKEM_NATIVE_MLKEM768_X86_64_dec (vendor/liboqs-src/src/kem/ml_kem/mlkem-native_ml-kem-768_x86_64/mlkem/src/kem.c:346)
==149402==    by 0x10933A: main (ct_test.c:66)
==149402==  Uninitialised value was created by a client request
==149402==    at 0x109320: main (ct_test.c:63)
==149402== 
==149402== Use of uninitialised value of size 8
==149402==    at 0x4875EDF: PQCP_MLKEM_NATIVE_MLKEM768_X86_64_rej_uniform_avx2 (vendor/liboqs-src/src/kem/ml_kem/mlkem-native_ml-kem-768_x86_64/mlkem/src/native/x86_64/src/rej_uniform_avx2.c:93)
==149402==    by 0x4876BBE: mlk_rej_uniform_native (vendor/liboqs-src/src/kem/ml_kem/mlkem-native_ml-kem-768_x86_64/mlkem/src/native/x86_64/meta.h:52)
==149402==    by 0x4876BBE: mlk_rej_uniform (vendor/liboqs-src/src/kem/ml_kem/mlkem-native_ml-kem-768_x86_64/mlkem/src/sampling.c:127)
==149402==    by 0x4876BBE: PQCP_MLKEM_NATIVE_MLKEM768_X86_64_poly_rej_uniform_x4 (vendor/liboqs-src/src/kem/ml_kem/mlkem-native_ml-kem-768_x86_64/mlkem/src/sampling.c:172)
==149402==    by 0x4871526: PQCP_MLKEM_NATIVE_MLKEM768_X86_64_gen_matrix (vendor/liboqs-src/src/kem/ml_kem/mlkem-native_ml-kem-768_x86_64/mlkem/src/indcpa.c:246)
==149402==    by 0x48718DC: PQCP_MLKEM_NATIVE_MLKEM768_X86_64_indcpa_enc (vendor/liboqs-src/src/kem/ml_kem/mlkem-native_ml-kem-768_x86_64/mlkem/src/indcpa.c:437)
==149402==    by 0x48727A2: PQCP_MLKEM_NATIVE_MLKEM768_X86_64_dec (vendor/liboqs-src/src/kem/ml_kem/mlkem-native_ml-kem-768_x86_64/mlkem/src/kem.c:346)
==149402==    by 0x10933A: main (ct_test.c:66)
==149402==  Uninitialised value was created by a client request
==149402==    at 0x109320: main (ct_test.c:63)
==149402== 
==149402== Use of uninitialised value of size 8
==149402==    at 0x4875EEE: PQCP_MLKEM_NATIVE_MLKEM768_X86_64_rej_uniform_avx2 (vendor/liboqs-src/src/kem/ml_kem/mlkem-native_ml-kem-768_x86_64/mlkem/src/native/x86_64/src/rej_uniform_avx2.c:95)
==149402==    by 0x4876BBE: mlk_rej_uniform_native (vendor/liboqs-src/src/kem/ml_kem/mlkem-native_ml-kem-768_x86_64/mlkem/src/native/x86_64/meta.h:52)
==149402==    by 0x4876BBE: mlk_rej_uniform (vendor/liboqs-src/src/kem/ml_kem/mlkem-native_ml-kem-768_x86_64/mlkem/src/sampling.c:127)
==149402==    by 0x4876BBE: PQCP_MLKEM_NATIVE_MLKEM768_X86_64_poly_rej_uniform_x4 (vendor/liboqs-src/src/kem/ml_kem/mlkem-native_ml-kem-768_x86_64/mlkem/src/sampling.c:172)
==149402==    by 0x4871526: PQCP_MLKEM_NATIVE_MLKEM768_X86_64_gen_matrix (vendor/liboqs-src/src/kem/ml_kem/mlkem-native_ml-kem-768_x86_64/mlkem/src/indcpa.c:246)
==149402==    by 0x48718DC: PQCP_MLKEM_NATIVE_MLKEM768_X86_64_indcpa_enc (vendor/liboqs-src/src/kem/ml_kem/mlkem-native_ml-kem-768_x86_64/mlkem/src/indcpa.c:437)
==149402==    by 0x48727A2: PQCP_MLKEM_NATIVE_MLKEM768_X86_64_dec (vendor/liboqs-src/src/kem/ml_kem/mlkem-native_ml-kem-768_x86_64/mlkem/src/kem.c:346)
==149402==    by 0x10933A: main (ct_test.c:66)
==149402==  Uninitialised value was created by a client request
==149402==    at 0x109320: main (ct_test.c:63)
==149402== 
==149402== Use of uninitialised value of size 8
==149402==    at 0x4875EFB: PQCP_MLKEM_NATIVE_MLKEM768_X86_64_rej_uniform_avx2 (vendor/liboqs-src/src/kem/ml_kem/mlkem-native_ml-kem-768_x86_64/mlkem/src/native/x86_64/src/rej_uniform_avx2.c:97)
==149402==    by 0x4876BBE: mlk_rej_uniform_native (vendor/liboqs-src/src/kem/ml_kem/mlkem-native_ml-kem-768_x86_64/mlkem/src/native/x86_64/meta.h:52)
==149402==    by 0x4876BBE: mlk_rej_uniform (vendor/liboqs-src/src/kem/ml_kem/mlkem-native_ml-kem-768_x86_64/mlkem/src/sampling.c:127)
==149402==    by 0x4876BBE: PQCP_MLKEM_NATIVE_MLKEM768_X86_64_poly_rej_uniform_x4 (vendor/liboqs-src/src/kem/ml_kem/mlkem-native_ml-kem-768_x86_64/mlkem/src/sampling.c:172)
==149402==    by 0x4871526: PQCP_MLKEM_NATIVE_MLKEM768_X86_64_gen_matrix (vendor/liboqs-src/src/kem/ml_kem/mlkem-native_ml-kem-768_x86_64/mlkem/src/indcpa.c:246)
==149402==    by 0x48718DC: PQCP_MLKEM_NATIVE_MLKEM768_X86_64_indcpa_enc (vendor/liboqs-src/src/kem/ml_kem/mlkem-native_ml-kem-768_x86_64/mlkem/src/indcpa.c:437)
==149402==    by 0x48727A2: PQCP_MLKEM_NATIVE_MLKEM768_X86_64_dec (vendor/liboqs-src/src/kem/ml_kem/mlkem-native_ml-kem-768_x86_64/mlkem/src/kem.c:346)
==149402==    by 0x10933A: main (ct_test.c:66)
==149402==  Uninitialised value was created by a client request
==149402==    at 0x109320: main (ct_test.c:63)
==149402== 
==149402== Conditional jump or move depends on uninitialised value(s)
==149402==    at 0x4875F1A: PQCP_MLKEM_NATIVE_MLKEM768_X86_64_rej_uniform_avx2 (vendor/liboqs-src/src/kem/ml_kem/mlkem-native_ml-kem-768_x86_64/mlkem/src/native/x86_64/src/rej_uniform_avx2.c:47)
==149402==    by 0x4876BBE: mlk_rej_uniform_native (vendor/liboqs-src/src/kem/ml_kem/mlkem-native_ml-kem-768_x86_64/mlkem/src/native/x86_64/meta.h:52)
==149402==    by 0x4876BBE: mlk_rej_uniform (vendor/liboqs-src/src/kem/ml_kem/mlkem-native_ml-kem-768_x86_64/mlkem/src/sampling.c:127)
==149402==    by 0x4876BBE: PQCP_MLKEM_NATIVE_MLKEM768_X86_64_poly_rej_uniform_x4 (vendor/liboqs-src/src/kem/ml_kem/mlkem-native_ml-kem-768_x86_64/mlkem/src/sampling.c:172)
==149402==    by 0x4871526: PQCP_MLKEM_NATIVE_MLKEM768_X86_64_gen_matrix (vendor/liboqs-src/src/kem/ml_kem/mlkem-native_ml-kem-768_x86_64/mlkem/src/indcpa.c:246)
==149402==    by 0x48718DC: PQCP_MLKEM_NATIVE_MLKEM768_X86_64_indcpa_enc (vendor/liboqs-src/src/kem/ml_kem/mlkem-native_ml-kem-768_x86_64/mlkem/src/indcpa.c:437)
==149402==    by 0x48727A2: PQCP_MLKEM_NATIVE_MLKEM768_X86_64_dec (vendor/liboqs-src/src/kem/ml_kem/mlkem-native_ml-kem-768_x86_64/mlkem/src/kem.c:346)
==149402==    by 0x10933A: main (ct_test.c:66)
==149402==  Uninitialised value was created by a client request
==149402==    at 0x109320: main (ct_test.c:63)
==149402== 
==149402== Use of uninitialised value of size 8
==149402==    at 0x4875E30: PQCP_MLKEM_NATIVE_MLKEM768_X86_64_rej_uniform_avx2 (vendor/liboqs-src/src/kem/ml_kem/mlkem-native_ml-kem-768_x86_64/mlkem/src/native/x86_64/src/rej_uniform_avx2.c:54)
==149402==    by 0x4876BBE: mlk_rej_uniform_native (vendor/liboqs-src/src/kem/ml_kem/mlkem-native_ml-kem-768_x86_64/mlkem/src/native/x86_64/meta.h:52)
==149402==    by 0x4876BBE: mlk_rej_uniform (vendor/liboqs-src/src/kem/ml_kem/mlkem-native_ml-kem-768_x86_64/mlkem/src/sampling.c:127)
==149402==    by 0x4876BBE: PQCP_MLKEM_NATIVE_MLKEM768_X86_64_poly_rej_uniform_x4 (vendor/liboqs-src/src/kem/ml_kem/mlkem-native_ml-kem-768_x86_64/mlkem/src/sampling.c:172)
==149402==    by 0x4871526: PQCP_MLKEM_NATIVE_MLKEM768_X86_64_gen_matrix (vendor/liboqs-src/src/kem/ml_kem/mlkem-native_ml-kem-768_x86_64/mlkem/src/indcpa.c:246)
==149402==    by 0x48718DC: PQCP_MLKEM_NATIVE_MLKEM768_X86_64_indcpa_enc (vendor/liboqs-src/src/kem/ml_kem/mlkem-native_ml-kem-768_x86_64/mlkem/src/indcpa.c:437)
==149402==    by 0x48727A2: PQCP_MLKEM_NATIVE_MLKEM768_X86_64_dec (vendor/liboqs-src/src/kem/ml_kem/mlkem-native_ml-kem-768_x86_64/mlkem/src/kem.c:346)
==149402==    by 0x10933A: main (ct_test.c:66)
==149402==  Uninitialised value was created by a client request
==149402==    at 0x109320: main (ct_test.c:63)
==149402== 
==149402== Use of uninitialised value of size 8
==149402==    at 0x4875ED1: PQCP_MLKEM_NATIVE_MLKEM768_X86_64_rej_uniform_avx2 (vendor/liboqs-src/src/kem/ml_kem/mlkem-native_ml-kem-768_x86_64/mlkem/src/native/x86_64/src/rej_uniform_avx2.c:91)
==149402==    by 0x4876BBE: mlk_rej_uniform_native (vendor/liboqs-src/src/kem/ml_kem/mlkem-native_ml-kem-768_x86_64/mlkem/src/native/x86_64/meta.h:52)
==149402==    by 0x4876BBE: mlk_rej_uniform (vendor/liboqs-src/src/kem/ml_kem/mlkem-native_ml-kem-768_x86_64/mlkem/src/sampling.c:127)
==149402==    by 0x4876BBE: PQCP_MLKEM_NATIVE_MLKEM768_X86_64_poly_rej_uniform_x4 (vendor/liboqs-src/src/kem/ml_kem/mlkem-native_ml-kem-768_x86_64/mlkem/src/sampling.c:172)
==149402==    by 0x4871526: PQCP_MLKEM_NATIVE_MLKEM768_X86_64_gen_matrix (vendor/liboqs-src/src/kem/ml_kem/mlkem-native_ml-kem-768_x86_64/mlkem/src/indcpa.c:246)
==149402==    by 0x48718DC: PQCP_MLKEM_NATIVE_MLKEM768_X86_64_indcpa_enc (vendor/liboqs-src/src/kem/ml_kem/mlkem-native_ml-kem-768_x86_64/mlkem/src/indcpa.c:437)
==149402==    by 0x48727A2: PQCP_MLKEM_NATIVE_MLKEM768_X86_64_dec (vendor/liboqs-src/src/kem/ml_kem/mlkem-native_ml-kem-768_x86_64/mlkem/src/kem.c:346)
==149402==    by 0x10933A: main (ct_test.c:66)
==149402==  Uninitialised value was created by a client request
==149402==    at 0x109320: main (ct_test.c:63)
==149402== 
==149402== Conditional jump or move depends on uninitialised value(s)
==149402==    at 0x4875F0E: PQCP_MLKEM_NATIVE_MLKEM768_X86_64_rej_uniform_avx2 (vendor/liboqs-src/src/kem/ml_kem/mlkem-native_ml-kem-768_x86_64/mlkem/src/native/x86_64/src/rej_uniform_avx2.c:47)
==149402==    by 0x4876BBE: mlk_rej_uniform_native (vendor/liboqs-src/src/kem/ml_kem/mlkem-native_ml-kem-768_x86_64/mlkem/src/native/x86_64/meta.h:52)
==149402==    by 0x4876BBE: mlk_rej_uniform (vendor/liboqs-src/src/kem/ml_kem/mlkem-native_ml-kem-768_x86_64/mlkem/src/sampling.c:127)
==149402==    by 0x4876BBE: PQCP_MLKEM_NATIVE_MLKEM768_X86_64_poly_rej_uniform_x4 (vendor/liboqs-src/src/kem/ml_kem/mlkem-native_ml-kem-768_x86_64/mlkem/src/sampling.c:172)
==149402==    by 0x4871526: PQCP_MLKEM_NATIVE_MLKEM768_X86_64_gen_matrix (vendor/liboqs-src/src/kem/ml_kem/mlkem-native_ml-kem-768_x86_64/mlkem/src/indcpa.c:246)
==149402==    by 0x48718DC: PQCP_MLKEM_NATIVE_MLKEM768_X86_64_indcpa_enc (vendor/liboqs-src/src/kem/ml_kem/mlkem-native_ml-kem-768_x86_64/mlkem/src/indcpa.c:437)
==149402==    by 0x48727A2: PQCP_MLKEM_NATIVE_MLKEM768_X86_64_dec (vendor/liboqs-src/src/kem/ml_kem/mlkem-native_ml-kem-768_x86_64/mlkem/src/kem.c:346)
==149402==    by 0x10933A: main (ct_test.c:66)
==149402==  Uninitialised value was created by a client request
==149402==    at 0x109320: main (ct_test.c:63)
==149402== 
==149402== Conditional jump or move depends on uninitialised value(s)
==149402==    at 0x4875F3A: PQCP_MLKEM_NATIVE_MLKEM768_X86_64_rej_uniform_avx2 (vendor/liboqs-src/src/kem/ml_kem/mlkem-native_ml-kem-768_x86_64/mlkem/src/native/x86_64/src/rej_uniform_avx2.c:101)
==149402==    by 0x4876BBE: mlk_rej_uniform_native (vendor/liboqs-src/src/kem/ml_kem/mlkem-native_ml-kem-768_x86_64/mlkem/src/native/x86_64/meta.h:52)
==149402==    by 0x4876BBE: mlk_rej_uniform (vendor/liboqs-src/src/kem/ml_kem/mlkem-native_ml-kem-768_x86_64/mlkem/src/sampling.c:127)
==149402==    by 0x4876BBE: PQCP_MLKEM_NATIVE_MLKEM768_X86_64_poly_rej_uniform_x4 (vendor/liboqs-src/src/kem/ml_kem/mlkem-native_ml-kem-768_x86_64/mlkem/src/sampling.c:172)
==149402==    by 0x4871526: PQCP_MLKEM_NATIVE_MLKEM768_X86_64_gen_matrix (vendor/liboqs-src/src/kem/ml_kem/mlkem-native_ml-kem-768_x86_64/mlkem/src/indcpa.c:246)
==149402==    by 0x48718DC: PQCP_MLKEM_NATIVE_MLKEM768_X86_64_indcpa_enc (vendor/liboqs-src/src/kem/ml_kem/mlkem-native_ml-kem-768_x86_64/mlkem/src/indcpa.c:437)
==149402==    by 0x48727A2: PQCP_MLKEM_NATIVE_MLKEM768_X86_64_dec (vendor/liboqs-src/src/kem/ml_kem/mlkem-native_ml-kem-768_x86_64/mlkem/src/kem.c:346)
==149402==    by 0x10933A: main (ct_test.c:66)
==149402==  Uninitialised value was created by a client request
==149402==    at 0x109320: main (ct_test.c:63)
==149402== 
==149402== Use of uninitialised value of size 8
==149402==    at 0x4875F63: PQCP_MLKEM_NATIVE_MLKEM768_X86_64_rej_uniform_avx2 (vendor/liboqs-src/src/kem/ml_kem/mlkem-native_ml-kem-768_x86_64/mlkem/src/native/x86_64/src/rej_uniform_avx2.c:103)
==149402==    by 0x4876BBE: mlk_rej_uniform_native (vendor/liboqs-src/src/kem/ml_kem/mlkem-native_ml-kem-768_x86_64/mlkem/src/native/x86_64/meta.h:52)
==149402==    by 0x4876BBE: mlk_rej_uniform (vendor/liboqs-src/src/kem/ml_kem/mlkem-native_ml-kem-768_x86_64/mlkem/src/sampling.c:127)
==149402==    by 0x4876BBE: PQCP_MLKEM_NATIVE_MLKEM768_X86_64_poly_rej_uniform_x4 (vendor/liboqs-src/src/kem/ml_kem/mlkem-native_ml-kem-768_x86_64/mlkem/src/sampling.c:172)
==149402==    by 0x4871526: PQCP_MLKEM_NATIVE_MLKEM768_X86_64_gen_matrix (vendor/liboqs-src/src/kem/ml_kem/mlkem-native_ml-kem-768_x86_64/mlkem/src/indcpa.c:246)
==149402==    by 0x48718DC: PQCP_MLKEM_NATIVE_MLKEM768_X86_64_indcpa_enc (vendor/liboqs-src/src/kem/ml_kem/mlkem-native_ml-kem-768_x86_64/mlkem/src/indcpa.c:437)
==149402==    by 0x48727A2: PQCP_MLKEM_NATIVE_MLKEM768_X86_64_dec (vendor/liboqs-src/src/kem/ml_kem/mlkem-native_ml-kem-768_x86_64/mlkem/src/kem.c:346)
==149402==    by 0x10933A: main (ct_test.c:66)
==149402==  Uninitialised value was created by a client request
==149402==    at 0x109320: main (ct_test.c:63)
==149402== 
==149402== Use of uninitialised value of size 8
==149402==    at 0x4875F8E: PQCP_MLKEM_NATIVE_MLKEM768_X86_64_rej_uniform_avx2 (vendor/liboqs-src/src/kem/ml_kem/mlkem-native_ml-kem-768_x86_64/mlkem/src/native/x86_64/src/rej_uniform_avx2.c:114)
==149402==    by 0x4876BBE: mlk_rej_uniform_native (vendor/liboqs-src/src/kem/ml_kem/mlkem-native_ml-kem-768_x86_64/mlkem/src/native/x86_64/meta.h:52)
==149402==    by 0x4876BBE: mlk_rej_uniform (vendor/liboqs-src/src/kem/ml_kem/mlkem-native_ml-kem-768_x86_64/mlkem/src/sampling.c:127)
==149402==    by 0x4876BBE: PQCP_MLKEM_NATIVE_MLKEM768_X86_64_poly_rej_uniform_x4 (vendor/liboqs-src/src/kem/ml_kem/mlkem-native_ml-kem-768_x86_64/mlkem/src/sampling.c:172)
==149402==    by 0x4871526: PQCP_MLKEM_NATIVE_MLKEM768_X86_64_gen_matrix (vendor/liboqs-src/src/kem/ml_kem/mlkem-native_ml-kem-768_x86_64/mlkem/src/indcpa.c:246)
==149402==    by 0x48718DC: PQCP_MLKEM_NATIVE_MLKEM768_X86_64_indcpa_enc (vendor/liboqs-src/src/kem/ml_kem/mlkem-native_ml-kem-768_x86_64/mlkem/src/indcpa.c:437)
==149402==    by 0x48727A2: PQCP_MLKEM_NATIVE_MLKEM768_X86_64_dec (vendor/liboqs-src/src/kem/ml_kem/mlkem-native_ml-kem-768_x86_64/mlkem/src/kem.c:346)
==149402==    by 0x10933A: main (ct_test.c:66)
==149402==  Uninitialised value was created by a client request
==149402==    at 0x109320: main (ct_test.c:63)
==149402== 
==149402== Use of uninitialised value of size 8
==149402==    at 0x4875FA3: PQCP_MLKEM_NATIVE_MLKEM768_X86_64_rej_uniform_avx2 (vendor/liboqs-src/src/kem/ml_kem/mlkem-native_ml-kem-768_x86_64/mlkem/src/native/x86_64/src/rej_uniform_avx2.c:119)
==149402==    by 0x4876BBE: mlk_rej_uniform_native (vendor/liboqs-src/src/kem/ml_kem/mlkem-native_ml-kem-768_x86_64/mlkem/src/native/x86_64/meta.h:52)
==149402==    by 0x4876BBE: mlk_rej_uniform (vendor/liboqs-src/src/kem/ml_kem/mlkem-native_ml-kem-768_x86_64/mlkem/src/sampling.c:127)
==149402==    by 0x4876BBE: PQCP_MLKEM_NATIVE_MLKEM768_X86_64_poly_rej_uniform_x4 (vendor/liboqs-src/src/kem/ml_kem/mlkem-native_ml-kem-768_x86_64/mlkem/src/sampling.c:172)
==149402==    by 0x4871526: PQCP_MLKEM_NATIVE_MLKEM768_X86_64_gen_matrix (vendor/liboqs-src/src/kem/ml_kem/mlkem-native_ml-kem-768_x86_64/mlkem/src/indcpa.c:246)
==149402==    by 0x48718DC: PQCP_MLKEM_NATIVE_MLKEM768_X86_64_indcpa_enc (vendor/liboqs-src/src/kem/ml_kem/mlkem-native_ml-kem-768_x86_64/mlkem/src/indcpa.c:437)
==149402==    by 0x48727A2: PQCP_MLKEM_NATIVE_MLKEM768_X86_64_dec (vendor/liboqs-src/src/kem/ml_kem/mlkem-native_ml-kem-768_x86_64/mlkem/src/kem.c:346)
==149402==    by 0x10933A: main (ct_test.c:66)
==149402==  Uninitialised value was created by a client request
==149402==    at 0x109320: main (ct_test.c:63)
==149402== 
==149402== Conditional jump or move depends on uninitialised value(s)
==149402==    at 0x4875FB5: PQCP_MLKEM_NATIVE_MLKEM768_X86_64_rej_uniform_avx2 (vendor/liboqs-src/src/kem/ml_kem/mlkem-native_ml-kem-768_x86_64/mlkem/src/native/x86_64/src/rej_uniform_avx2.c:101)
==149402==    by 0x4876BBE: mlk_rej_uniform_native (vendor/liboqs-src/src/kem/ml_kem/mlkem-native_ml-kem-768_x86_64/mlkem/src/native/x86_64/meta.h:52)
==149402==    by 0x4876BBE: mlk_rej_uniform (vendor/liboqs-src/src/kem/ml_kem/mlkem-native_ml-kem-768_x86_64/mlkem/src/sampling.c:127)
==149402==    by 0x4876BBE: PQCP_MLKEM_NATIVE_MLKEM768_X86_64_poly_rej_uniform_x4 (vendor/liboqs-src/src/kem/ml_kem/mlkem-native_ml-kem-768_x86_64/mlkem/src/sampling.c:172)
==149402==    by 0x4871526: PQCP_MLKEM_NATIVE_MLKEM768_X86_64_gen_matrix (vendor/liboqs-src/src/kem/ml_kem/mlkem-native_ml-kem-768_x86_64/mlkem/src/indcpa.c:246)
==149402==    by 0x48718DC: PQCP_MLKEM_NATIVE_MLKEM768_X86_64_indcpa_enc (vendor/liboqs-src/src/kem/ml_kem/mlkem-native_ml-kem-768_x86_64/mlkem/src/indcpa.c:437)
==149402==    by 0x48727A2: PQCP_MLKEM_NATIVE_MLKEM768_X86_64_dec (vendor/liboqs-src/src/kem/ml_kem/mlkem-native_ml-kem-768_x86_64/mlkem/src/kem.c:346)
==149402==    by 0x10933A: main (ct_test.c:66)
==149402==  Uninitialised value was created by a client request
==149402==    at 0x109320: main (ct_test.c:63)
==149402== 
==149402== Conditional jump or move depends on uninitialised value(s)
==149402==    at 0x4875FC1: PQCP_MLKEM_NATIVE_MLKEM768_X86_64_rej_uniform_avx2 (vendor/liboqs-src/src/kem/ml_kem/mlkem-native_ml-kem-768_x86_64/mlkem/src/native/x86_64/src/rej_uniform_avx2.c:101)
==149402==    by 0x4876BBE: mlk_rej_uniform_native (vendor/liboqs-src/src/kem/ml_kem/mlkem-native_ml-kem-768_x86_64/mlkem/src/native/x86_64/meta.h:52)
==149402==    by 0x4876BBE: mlk_rej_uniform (vendor/liboqs-src/src/kem/ml_kem/mlkem-native_ml-kem-768_x86_64/mlkem/src/sampling.c:127)
==149402==    by 0x4876BBE: PQCP_MLKEM_NATIVE_MLKEM768_X86_64_poly_rej_uniform_x4 (vendor/liboqs-src/src/kem/ml_kem/mlkem-native_ml-kem-768_x86_64/mlkem/src/sampling.c:172)
==149402==    by 0x4871526: PQCP_MLKEM_NATIVE_MLKEM768_X86_64_gen_matrix (vendor/liboqs-src/src/kem/ml_kem/mlkem-native_ml-kem-768_x86_64/mlkem/src/indcpa.c:246)
==149402==    by 0x48718DC: PQCP_MLKEM_NATIVE_MLKEM768_X86_64_indcpa_enc (vendor/liboqs-src/src/kem/ml_kem/mlkem-native_ml-kem-768_x86_64/mlkem/src/indcpa.c:437)
==149402==    by 0x48727A2: PQCP_MLKEM_NATIVE_MLKEM768_X86_64_dec (vendor/liboqs-src/src/kem/ml_kem/mlkem-native_ml-kem-768_x86_64/mlkem/src/kem.c:346)
==149402==    by 0x10933A: main (ct_test.c:66)
==149402==  Uninitialised value was created by a client request
==149402==    at 0x109320: main (ct_test.c:63)
==149402== 
==149402== Conditional jump or move depends on uninitialised value(s)
==149402==    at 0x4875FE1: PQCP_MLKEM_NATIVE_MLKEM768_X86_64_rej_uniform_avx2 (vendor/liboqs-src/src/kem/ml_kem/mlkem-native_ml-kem-768_x86_64/mlkem/src/native/x86_64/src/rej_uniform_avx2.c:123)
==149402==    by 0x4876BBE: mlk_rej_uniform_native (vendor/liboqs-src/src/kem/ml_kem/mlkem-native_ml-kem-768_x86_64/mlkem/src/native/x86_64/meta.h:52)
==149402==    by 0x4876BBE: mlk_rej_uniform (vendor/liboqs-src/src/kem/ml_kem/mlkem-native_ml-kem-768_x86_64/mlkem/src/sampling.c:127)
==149402==    by 0x4876BBE: PQCP_MLKEM_NATIVE_MLKEM768_X86_64_poly_rej_uniform_x4 (vendor/liboqs-src/src/kem/ml_kem/mlkem-native_ml-kem-768_x86_64/mlkem/src/sampling.c:172)
==149402==    by 0x4871526: PQCP_MLKEM_NATIVE_MLKEM768_X86_64_gen_matrix (vendor/liboqs-src/src/kem/ml_kem/mlkem-native_ml-kem-768_x86_64/mlkem/src/indcpa.c:246)
==149402==    by 0x48718DC: PQCP_MLKEM_NATIVE_MLKEM768_X86_64_indcpa_enc (vendor/liboqs-src/src/kem/ml_kem/mlkem-native_ml-kem-768_x86_64/mlkem/src/indcpa.c:437)
==149402==    by 0x48727A2: PQCP_MLKEM_NATIVE_MLKEM768_X86_64_dec (vendor/liboqs-src/src/kem/ml_kem/mlkem-native_ml-kem-768_x86_64/mlkem/src/kem.c:346)
==149402==    by 0x10933A: main (ct_test.c:66)
==149402==  Uninitialised value was created by a client request
==149402==    at 0x109320: main (ct_test.c:63)
==149402== 
==149402== Use of uninitialised value of size 8
==149402==    at 0x4875FF0: PQCP_MLKEM_NATIVE_MLKEM768_X86_64_rej_uniform_avx2 (vendor/liboqs-src/src/kem/ml_kem/mlkem-native_ml-kem-768_x86_64/mlkem/src/native/x86_64/src/rej_uniform_avx2.c:125)
==149402==    by 0x4876BBE: mlk_rej_uniform_native (vendor/liboqs-src/src/kem/ml_kem/mlkem-native_ml-kem-768_x86_64/mlkem/src/native/x86_64/meta.h:52)
==149402==    by 0x4876BBE: mlk_rej_uniform (vendor/liboqs-src/src/kem/ml_kem/mlkem-native_ml-kem-768_x86_64/mlkem/src/sampling.c:127)
==149402==    by 0x4876BBE: PQCP_MLKEM_NATIVE_MLKEM768_X86_64_poly_rej_uniform_x4 (vendor/liboqs-src/src/kem/ml_kem/mlkem-native_ml-kem-768_x86_64/mlkem/src/sampling.c:172)
==149402==    by 0x4871526: PQCP_MLKEM_NATIVE_MLKEM768_X86_64_gen_matrix (vendor/liboqs-src/src/kem/ml_kem/mlkem-native_ml-kem-768_x86_64/mlkem/src/indcpa.c:246)
==149402==    by 0x48718DC: PQCP_MLKEM_NATIVE_MLKEM768_X86_64_indcpa_enc (vendor/liboqs-src/src/kem/ml_kem/mlkem-native_ml-kem-768_x86_64/mlkem/src/indcpa.c:437)
==149402==    by 0x48727A2: PQCP_MLKEM_NATIVE_MLKEM768_X86_64_dec (vendor/liboqs-src/src/kem/ml_kem/mlkem-native_ml-kem-768_x86_64/mlkem/src/kem.c:346)
==149402==    by 0x10933A: main (ct_test.c:66)
==149402==  Uninitialised value was created by a client request
==149402==    at 0x109320: main (ct_test.c:63)
==149402== 
==149402== Conditional jump or move depends on uninitialised value(s)
==149402==    at 0x487600F: PQCP_MLKEM_NATIVE_MLKEM768_X86_64_rej_uniform_avx2 (vendor/liboqs-src/src/kem/ml_kem/mlkem-native_ml-kem-768_x86_64/mlkem/src/native/x86_64/src/rej_uniform_avx2.c:0)
==149402==    by 0x4876BBE: mlk_rej_uniform_native (vendor/liboqs-src/src/kem/ml_kem/mlkem-native_ml-kem-768_x86_64/mlkem/src/native/x86_64/meta.h:52)
==149402==    by 0x4876BBE: mlk_rej_uniform (vendor/liboqs-src/src/kem/ml_kem/mlkem-native_ml-kem-768_x86_64/mlkem/src/sampling.c:127)
==149402==    by 0x4876BBE: PQCP_MLKEM_NATIVE_MLKEM768_X86_64_poly_rej_uniform_x4 (vendor/liboqs-src/src/kem/ml_kem/mlkem-native_ml-kem-768_x86_64/mlkem/src/sampling.c:172)
==149402==    by 0x4871526: PQCP_MLKEM_NATIVE_MLKEM768_X86_64_gen_matrix (vendor/liboqs-src/src/kem/ml_kem/mlkem-native_ml-kem-768_x86_64/mlkem/src/indcpa.c:246)
==149402==    by 0x48718DC: PQCP_MLKEM_NATIVE_MLKEM768_X86_64_indcpa_enc (vendor/liboqs-src/src/kem/ml_kem/mlkem-native_ml-kem-768_x86_64/mlkem/src/indcpa.c:437)
==149402==    by 0x48727A2: PQCP_MLKEM_NATIVE_MLKEM768_X86_64_dec (vendor/liboqs-src/src/kem/ml_kem/mlkem-native_ml-kem-768_x86_64/mlkem/src/kem.c:346)
==149402==    by 0x10933A: main (ct_test.c:66)
==149402==  Uninitialised value was created by a client request
==149402==    at 0x109320: main (ct_test.c:63)
==149402== 
==149402== Use of uninitialised value of size 8
==149402==    at 0x4876016: PQCP_MLKEM_NATIVE_MLKEM768_X86_64_rej_uniform_avx2 (vendor/liboqs-src/src/kem/ml_kem/mlkem-native_ml-kem-768_x86_64/mlkem/src/native/x86_64/src/rej_uniform_avx2.c:131)
==149402==    by 0x4876BBE: mlk_rej_uniform_native (vendor/liboqs-src/src/kem/ml_kem/mlkem-native_ml-kem-768_x86_64/mlkem/src/native/x86_64/meta.h:52)
==149402==    by 0x4876BBE: mlk_rej_uniform (vendor/liboqs-src/src/kem/ml_kem/mlkem-native_ml-kem-768_x86_64/mlkem/src/sampling.c:127)
==149402==    by 0x4876BBE: PQCP_MLKEM_NATIVE_MLKEM768_X86_64_poly_rej_uniform_x4 (vendor/liboqs-src/src/kem/ml_kem/mlkem-native_ml-kem-768_x86_64/mlkem/src/sampling.c:172)
==149402==    by 0x4871526: PQCP_MLKEM_NATIVE_MLKEM768_X86_64_gen_matrix (vendor/liboqs-src/src/kem/ml_kem/mlkem-native_ml-kem-768_x86_64/mlkem/src/indcpa.c:246)
==149402==    by 0x48718DC: PQCP_MLKEM_NATIVE_MLKEM768_X86_64_indcpa_enc (vendor/liboqs-src/src/kem/ml_kem/mlkem-native_ml-kem-768_x86_64/mlkem/src/indcpa.c:437)
==149402==    by 0x48727A2: PQCP_MLKEM_NATIVE_MLKEM768_X86_64_dec (vendor/liboqs-src/src/kem/ml_kem/mlkem-native_ml-kem-768_x86_64/mlkem/src/kem.c:346)
==149402==    by 0x10933A: main (ct_test.c:66)
==149402==  Uninitialised value was created by a client request
==149402==    at 0x109320: main (ct_test.c:63)
==149402== 
==149402== Use of uninitialised value of size 8
==149402==    at 0x487601E: PQCP_MLKEM_NATIVE_MLKEM768_X86_64_rej_uniform_avx2 (vendor/liboqs-src/src/kem/ml_kem/mlkem-native_ml-kem-768_x86_64/mlkem/src/native/x86_64/src/rej_uniform_avx2.c:0)
==149402==    by 0x4876BBE: mlk_rej_uniform_native (vendor/liboqs-src/src/kem/ml_kem/mlkem-native_ml-kem-768_x86_64/mlkem/src/native/x86_64/meta.h:52)
==149402==    by 0x4876BBE: mlk_rej_uniform (vendor/liboqs-src/src/kem/ml_kem/mlkem-native_ml-kem-768_x86_64/mlkem/src/sampling.c:127)
==149402==    by 0x4876BBE: PQCP_MLKEM_NATIVE_MLKEM768_X86_64_poly_rej_uniform_x4 (vendor/liboqs-src/src/kem/ml_kem/mlkem-native_ml-kem-768_x86_64/mlkem/src/sampling.c:172)
==149402==    by 0x4871526: PQCP_MLKEM_NATIVE_MLKEM768_X86_64_gen_matrix (vendor/liboqs-src/src/kem/ml_kem/mlkem-native_ml-kem-768_x86_64/mlkem/src/indcpa.c:246)
==149402==    by 0x48718DC: PQCP_MLKEM_NATIVE_MLKEM768_X86_64_indcpa_enc (vendor/liboqs-src/src/kem/ml_kem/mlkem-native_ml-kem-768_x86_64/mlkem/src/indcpa.c:437)
==149402==    by 0x48727A2: PQCP_MLKEM_NATIVE_MLKEM768_X86_64_dec (vendor/liboqs-src/src/kem/ml_kem/mlkem-native_ml-kem-768_x86_64/mlkem/src/kem.c:346)
==149402==    by 0x10933A: main (ct_test.c:66)
==149402==  Uninitialised value was created by a client request
==149402==    at 0x109320: main (ct_test.c:63)
==149402== 
==149402== Conditional jump or move depends on uninitialised value(s)
==149402==    at 0x487603C: PQCP_MLKEM_NATIVE_MLKEM768_X86_64_rej_uniform_avx2 (vendor/liboqs-src/src/kem/ml_kem/mlkem-native_ml-kem-768_x86_64/mlkem/src/native/x86_64/src/rej_uniform_avx2.c:133)
==149402==    by 0x4876BBE: mlk_rej_uniform_native (vendor/liboqs-src/src/kem/ml_kem/mlkem-native_ml-kem-768_x86_64/mlkem/src/native/x86_64/meta.h:52)
==149402==    by 0x4876BBE: mlk_rej_uniform (vendor/liboqs-src/src/kem/ml_kem/mlkem-native_ml-kem-768_x86_64/mlkem/src/sampling.c:127)
==149402==    by 0x4876BBE: PQCP_MLKEM_NATIVE_MLKEM768_X86_64_poly_rej_uniform_x4 (vendor/liboqs-src/src/kem/ml_kem/mlkem-native_ml-kem-768_x86_64/mlkem/src/sampling.c:172)
==149402==    by 0x4871526: PQCP_MLKEM_NATIVE_MLKEM768_X86_64_gen_matrix (vendor/liboqs-src/src/kem/ml_kem/mlkem-native_ml-kem-768_x86_64/mlkem/src/indcpa.c:246)
==149402==    by 0x48718DC: PQCP_MLKEM_NATIVE_MLKEM768_X86_64_indcpa_enc (vendor/liboqs-src/src/kem/ml_kem/mlkem-native_ml-kem-768_x86_64/mlkem/src/indcpa.c:437)
==149402==    by 0x48727A2: PQCP_MLKEM_NATIVE_MLKEM768_X86_64_dec (vendor/liboqs-src/src/kem/ml_kem/mlkem-native_ml-kem-768_x86_64/mlkem/src/kem.c:346)
==149402==    by 0x10933A: main (ct_test.c:66)
==149402==  Uninitialised value was created by a client request
==149402==    at 0x109320: main (ct_test.c:63)
==149402== 
==149402== Use of uninitialised value of size 8
==149402==    at 0x4876042: PQCP_MLKEM_NATIVE_MLKEM768_X86_64_rej_uniform_avx2 (vendor/liboqs-src/src/kem/ml_kem/mlkem-native_ml-kem-768_x86_64/mlkem/src/native/x86_64/src/rej_uniform_avx2.c:135)
==149402==    by 0x4876BBE: mlk_rej_uniform_native (vendor/liboqs-src/src/kem/ml_kem/mlkem-native_ml-kem-768_x86_64/mlkem/src/native/x86_64/meta.h:52)
==149402==    by 0x4876BBE: mlk_rej_uniform (vendor/liboqs-src/src/kem/ml_kem/mlkem-native_ml-kem-768_x86_64/mlkem/src/sampling.c:127)
==149402==    by 0x4876BBE: PQCP_MLKEM_NATIVE_MLKEM768_X86_64_poly_rej_uniform_x4 (vendor/liboqs-src/src/kem/ml_kem/mlkem-native_ml-kem-768_x86_64/mlkem/src/sampling.c:172)
==149402==    by 0x4871526: PQCP_MLKEM_NATIVE_MLKEM768_X86_64_gen_matrix (vendor/liboqs-src/src/kem/ml_kem/mlkem-native_ml-kem-768_x86_64/mlkem/src/indcpa.c:246)
==149402==    by 0x48718DC: PQCP_MLKEM_NATIVE_MLKEM768_X86_64_indcpa_enc (vendor/liboqs-src/src/kem/ml_kem/mlkem-native_ml-kem-768_x86_64/mlkem/src/indcpa.c:437)
==149402==    by 0x48727A2: PQCP_MLKEM_NATIVE_MLKEM768_X86_64_dec (vendor/liboqs-src/src/kem/ml_kem/mlkem-native_ml-kem-768_x86_64/mlkem/src/kem.c:346)
==149402==    by 0x10933A: main (ct_test.c:66)
==149402==  Uninitialised value was created by a client request
==149402==    at 0x109320: main (ct_test.c:63)
==149402== 
==149402== Conditional jump or move depends on uninitialised value(s)
==149402==    at 0x487604C: PQCP_MLKEM_NATIVE_MLKEM768_X86_64_rej_uniform_avx2 (vendor/liboqs-src/src/kem/ml_kem/mlkem-native_ml-kem-768_x86_64/mlkem/src/native/x86_64/src/rej_uniform_avx2.c:123)
==149402==    by 0x4876BBE: mlk_rej_uniform_native (vendor/liboqs-src/src/kem/ml_kem/mlkem-native_ml-kem-768_x86_64/mlkem/src/native/x86_64/meta.h:52)
==149402==    by 0x4876BBE: mlk_rej_uniform (vendor/liboqs-src/src/kem/ml_kem/mlkem-native_ml-kem-768_x86_64/mlkem/src/sampling.c:127)
==149402==    by 0x4876BBE: PQCP_MLKEM_NATIVE_MLKEM768_X86_64_poly_rej_uniform_x4 (vendor/liboqs-src/src/kem/ml_kem/mlkem-native_ml-kem-768_x86_64/mlkem/src/sampling.c:172)
==149402==    by 0x4871526: PQCP_MLKEM_NATIVE_MLKEM768_X86_64_gen_matrix (vendor/liboqs-src/src/kem/ml_kem/mlkem-native_ml-kem-768_x86_64/mlkem/src/indcpa.c:246)
==149402==    by 0x48718DC: PQCP_MLKEM_NATIVE_MLKEM768_X86_64_indcpa_enc (vendor/liboqs-src/src/kem/ml_kem/mlkem-native_ml-kem-768_x86_64/mlkem/src/indcpa.c:437)
==149402==    by 0x48727A2: PQCP_MLKEM_NATIVE_MLKEM768_X86_64_dec (vendor/liboqs-src/src/kem/ml_kem/mlkem-native_ml-kem-768_x86_64/mlkem/src/kem.c:346)
==149402==    by 0x10933A: main (ct_test.c:66)
==149402==  Uninitialised value was created by a client request
==149402==    at 0x109320: main (ct_test.c:63)
==149402== 
==149402== Conditional jump or move depends on uninitialised value(s)
==149402==    at 0x487605C: PQCP_MLKEM_NATIVE_MLKEM768_X86_64_rej_uniform_avx2 (vendor/liboqs-src/src/kem/ml_kem/mlkem-native_ml-kem-768_x86_64/mlkem/src/native/x86_64/src/rej_uniform_avx2.c:123)
==149402==    by 0x4876BBE: mlk_rej_uniform_native (vendor/liboqs-src/src/kem/ml_kem/mlkem-native_ml-kem-768_x86_64/mlkem/src/native/x86_64/meta.h:52)
==149402==    by 0x4876BBE: mlk_rej_uniform (vendor/liboqs-src/src/kem/ml_kem/mlkem-native_ml-kem-768_x86_64/mlkem/src/sampling.c:127)
==149402==    by 0x4876BBE: PQCP_MLKEM_NATIVE_MLKEM768_X86_64_poly_rej_uniform_x4 (vendor/liboqs-src/src/kem/ml_kem/mlkem-native_ml-kem-768_x86_64/mlkem/src/sampling.c:172)
==149402==    by 0x4871526: PQCP_MLKEM_NATIVE_MLKEM768_X86_64_gen_matrix (vendor/liboqs-src/src/kem/ml_kem/mlkem-native_ml-kem-768_x86_64/mlkem/src/indcpa.c:246)
==149402==    by 0x48718DC: PQCP_MLKEM_NATIVE_MLKEM768_X86_64_indcpa_enc (vendor/liboqs-src/src/kem/ml_kem/mlkem-native_ml-kem-768_x86_64/mlkem/src/indcpa.c:437)
==149402==    by 0x48727A2: PQCP_MLKEM_NATIVE_MLKEM768_X86_64_dec (vendor/liboqs-src/src/kem/ml_kem/mlkem-native_ml-kem-768_x86_64/mlkem/src/kem.c:346)
==149402==    by 0x10933A: main (ct_test.c:66)
==149402==  Uninitialised value was created by a client request
==149402==    at 0x109320: main (ct_test.c:63)
==149402== 
==149402== Conditional jump or move depends on uninitialised value(s)
==149402==    at 0x4876BC7: mlk_rej_uniform (vendor/liboqs-src/src/kem/ml_kem/mlkem-native_ml-kem-768_x86_64/mlkem/src/sampling.c:128)
==149402==    by 0x4876BC7: PQCP_MLKEM_NATIVE_MLKEM768_X86_64_poly_rej_uniform_x4 (vendor/liboqs-src/src/kem/ml_kem/mlkem-native_ml-kem-768_x86_64/mlkem/src/sampling.c:172)
==149402==    by 0x4871526: PQCP_MLKEM_NATIVE_MLKEM768_X86_64_gen_matrix (vendor/liboqs-src/src/kem/ml_kem/mlkem-native_ml-kem-768_x86_64/mlkem/src/indcpa.c:246)
==149402==    by 0x48718DC: PQCP_MLKEM_NATIVE_MLKEM768_X86_64_indcpa_enc (vendor/liboqs-src/src/kem/ml_kem/mlkem-native_ml-kem-768_x86_64/mlkem/src/indcpa.c:437)
==149402==    by 0x48727A2: PQCP_MLKEM_NATIVE_MLKEM768_X86_64_dec (vendor/liboqs-src/src/kem/ml_kem/mlkem-native_ml-kem-768_x86_64/mlkem/src/kem.c:346)
==149402==    by 0x10933A: main (ct_test.c:66)
==149402==  Uninitialised value was created by a client request
==149402==    at 0x109320: main (ct_test.c:63)
==149402== 
==149402== Use of uninitialised value of size 8
==149402==    at 0x4875E7F: PQCP_MLKEM_NATIVE_MLKEM768_X86_64_rej_uniform_avx2 (vendor/liboqs-src/src/kem/ml_kem/mlkem-native_ml-kem-768_x86_64/mlkem/src/native/x86_64/src/rej_uniform_avx2.c:71)
==149402==    by 0x4876C58: mlk_rej_uniform_native (vendor/liboqs-src/src/kem/ml_kem/mlkem-native_ml-kem-768_x86_64/mlkem/src/native/x86_64/meta.h:52)
==149402==    by 0x4876C58: mlk_rej_uniform (vendor/liboqs-src/src/kem/ml_kem/mlkem-native_ml-kem-768_x86_64/mlkem/src/sampling.c:127)
==149402==    by 0x4876C58: PQCP_MLKEM_NATIVE_MLKEM768_X86_64_poly_rej_uniform_x4 (vendor/liboqs-src/src/kem/ml_kem/mlkem-native_ml-kem-768_x86_64/mlkem/src/sampling.c:173)
==149402==    by 0x4871526: PQCP_MLKEM_NATIVE_MLKEM768_X86_64_gen_matrix (vendor/liboqs-src/src/kem/ml_kem/mlkem-native_ml-kem-768_x86_64/mlkem/src/indcpa.c:246)
==149402==    by 0x48718DC: PQCP_MLKEM_NATIVE_MLKEM768_X86_64_indcpa_enc (vendor/liboqs-src/src/kem/ml_kem/mlkem-native_ml-kem-768_x86_64/mlkem/src/indcpa.c:437)
==149402==    by 0x48727A2: PQCP_MLKEM_NATIVE_MLKEM768_X86_64_dec (vendor/liboqs-src/src/kem/ml_kem/mlkem-native_ml-kem-768_x86_64/mlkem/src/kem.c:346)
==149402==    by 0x10933A: main (ct_test.c:66)
==149402==  Uninitialised value was created by a client request
==149402==    at 0x109320: main (ct_test.c:63)
==149402== 
==149402== Use of uninitialised value of size 8
==149402==    at 0x4875E88: PQCP_MLKEM_NATIVE_MLKEM768_X86_64_rej_uniform_avx2 (vendor/liboqs-src/src/kem/ml_kem/mlkem-native_ml-kem-768_x86_64/mlkem/src/native/x86_64/src/rej_uniform_avx2.c:73)
==149402==    by 0x4876C58: mlk_rej_uniform_native (vendor/liboqs-src/src/kem/ml_kem/mlkem-native_ml-kem-768_x86_64/mlkem/src/native/x86_64/meta.h:52)
==149402==    by 0x4876C58: mlk_rej_uniform (vendor/liboqs-src/src/kem/ml_kem/mlkem-native_ml-kem-768_x86_64/mlkem/src/sampling.c:127)
==149402==    by 0x4876C58: PQCP_MLKEM_NATIVE_MLKEM768_X86_64_poly_rej_uniform_x4 (vendor/liboqs-src/src/kem/ml_kem/mlkem-native_ml-kem-768_x86_64/mlkem/src/sampling.c:173)
==149402==    by 0x4871526: PQCP_MLKEM_NATIVE_MLKEM768_X86_64_gen_matrix (vendor/liboqs-src/src/kem/ml_kem/mlkem-native_ml-kem-768_x86_64/mlkem/src/indcpa.c:246)
==149402==    by 0x48718DC: PQCP_MLKEM_NATIVE_MLKEM768_X86_64_indcpa_enc (vendor/liboqs-src/src/kem/ml_kem/mlkem-native_ml-kem-768_x86_64/mlkem/src/indcpa.c:437)
==149402==    by 0x48727A2: PQCP_MLKEM_NATIVE_MLKEM768_X86_64_dec (vendor/liboqs-src/src/kem/ml_kem/mlkem-native_ml-kem-768_x86_64/mlkem/src/kem.c:346)
==149402==    by 0x10933A: main (ct_test.c:66)
==149402== 
==149402== Use of uninitialised value of size 8
==149402==    at 0x4875E98: PQCP_MLKEM_NATIVE_MLKEM768_X86_64_rej_uniform_avx2 (vendor/liboqs-src/src/kem/ml_kem/mlkem-native_ml-kem-768_x86_64/mlkem/src/native/x86_64/src/rej_uniform_avx2.c:74)
==149402==    by 0x4876C58: mlk_rej_uniform_native (vendor/liboqs-src/src/kem/ml_kem/mlkem-native_ml-kem-768_x86_64/mlkem/src/native/x86_64/meta.h:52)
==149402==    by 0x4876C58: mlk_rej_uniform (vendor/liboqs-src/src/kem/ml_kem/mlkem-native_ml-kem-768_x86_64/mlkem/src/sampling.c:127)
==149402==    by 0x4876C58: PQCP_MLKEM_NATIVE_MLKEM768_X86_64_poly_rej_uniform_x4 (vendor/liboqs-src/src/kem/ml_kem/mlkem-native_ml-kem-768_x86_64/mlkem/src/sampling.c:173)
==149402==    by 0x4871526: PQCP_MLKEM_NATIVE_MLKEM768_X86_64_gen_matrix (vendor/liboqs-src/src/kem/ml_kem/mlkem-native_ml-kem-768_x86_64/mlkem/src/indcpa.c:246)
==149402==    by 0x48718DC: PQCP_MLKEM_NATIVE_MLKEM768_X86_64_indcpa_enc (vendor/liboqs-src/src/kem/ml_kem/mlkem-native_ml-kem-768_x86_64/mlkem/src/indcpa.c:437)
==149402==    by 0x48727A2: PQCP_MLKEM_NATIVE_MLKEM768_X86_64_dec (vendor/liboqs-src/src/kem/ml_kem/mlkem-native_ml-kem-768_x86_64/mlkem/src/kem.c:346)
==149402==    by 0x10933A: main (ct_test.c:66)
==149402==  Uninitialised value was created by a client request
==149402==    at 0x109320: main (ct_test.c:63)
==149402== 
==149402== Use of uninitialised value of size 8
==149402==    at 0x4875EA7: PQCP_MLKEM_NATIVE_MLKEM768_X86_64_rej_uniform_avx2 (vendor/liboqs-src/src/kem/ml_kem/mlkem-native_ml-kem-768_x86_64/mlkem/src/native/x86_64/src/rej_uniform_avx2.c:78)
==149402==    by 0x4876C58: mlk_rej_uniform_native (vendor/liboqs-src/src/kem/ml_kem/mlkem-native_ml-kem-768_x86_64/mlkem/src/native/x86_64/meta.h:52)
==149402==    by 0x4876C58: mlk_rej_uniform (vendor/liboqs-src/src/kem/ml_kem/mlkem-native_ml-kem-768_x86_64/mlkem/src/sampling.c:127)
==149402==    by 0x4876C58: PQCP_MLKEM_NATIVE_MLKEM768_X86_64_poly_rej_uniform_x4 (vendor/liboqs-src/src/kem/ml_kem/mlkem-native_ml-kem-768_x86_64/mlkem/src/sampling.c:173)
==149402==    by 0x4871526: PQCP_MLKEM_NATIVE_MLKEM768_X86_64_gen_matrix (vendor/liboqs-src/src/kem/ml_kem/mlkem-native_ml-kem-768_x86_64/mlkem/src/indcpa.c:246)
==149402==    by 0x48718DC: PQCP_MLKEM_NATIVE_MLKEM768_X86_64_indcpa_enc (vendor/liboqs-src/src/kem/ml_kem/mlkem-native_ml-kem-768_x86_64/mlkem/src/indcpa.c:437)
==149402==    by 0x48727A2: PQCP_MLKEM_NATIVE_MLKEM768_X86_64_dec (vendor/liboqs-src/src/kem/ml_kem/mlkem-native_ml-kem-768_x86_64/mlkem/src/kem.c:346)
==149402==    by 0x10933A: main (ct_test.c:66)
==149402==  Uninitialised value was created by a client request
==149402==    at 0x109320: main (ct_test.c:63)
==149402== 
==149402== Use of uninitialised value of size 8
==149402==    at 0x4875EDF: PQCP_MLKEM_NATIVE_MLKEM768_X86_64_rej_uniform_avx2 (vendor/liboqs-src/src/kem/ml_kem/mlkem-native_ml-kem-768_x86_64/mlkem/src/native/x86_64/src/rej_uniform_avx2.c:93)
==149402==    by 0x4876C58: mlk_rej_uniform_native (vendor/liboqs-src/src/kem/ml_kem/mlkem-native_ml-kem-768_x86_64/mlkem/src/native/x86_64/meta.h:52)
==149402==    by 0x4876C58: mlk_rej_uniform (vendor/liboqs-src/src/kem/ml_kem/mlkem-native_ml-kem-768_x86_64/mlkem/src/sampling.c:127)
==149402==    by 0x4876C58: PQCP_MLKEM_NATIVE_MLKEM768_X86_64_poly_rej_uniform_x4 (vendor/liboqs-src/src/kem/ml_kem/mlkem-native_ml-kem-768_x86_64/mlkem/src/sampling.c:173)
==149402==    by 0x4871526: PQCP_MLKEM_NATIVE_MLKEM768_X86_64_gen_matrix (vendor/liboqs-src/src/kem/ml_kem/mlkem-native_ml-kem-768_x86_64/mlkem/src/indcpa.c:246)
==149402==    by 0x48718DC: PQCP_MLKEM_NATIVE_MLKEM768_X86_64_indcpa_enc (vendor/liboqs-src/src/kem/ml_kem/mlkem-native_ml-kem-768_x86_64/mlkem/src/indcpa.c:437)
==149402==    by 0x48727A2: PQCP_MLKEM_NATIVE_MLKEM768_X86_64_dec (vendor/liboqs-src/src/kem/ml_kem/mlkem-native_ml-kem-768_x86_64/mlkem/src/kem.c:346)
==149402==    by 0x10933A: main (ct_test.c:66)
==149402==  Uninitialised value was created by a client request
==149402==    at 0x109320: main (ct_test.c:63)
==149402== 
==149402== Use of uninitialised value of size 8
==149402==    at 0x4875EEE: PQCP_MLKEM_NATIVE_MLKEM768_X86_64_rej_uniform_avx2 (vendor/liboqs-src/src/kem/ml_kem/mlkem-native_ml-kem-768_x86_64/mlkem/src/native/x86_64/src/rej_uniform_avx2.c:95)
==149402==    by 0x4876C58: mlk_rej_uniform_native (vendor/liboqs-src/src/kem/ml_kem/mlkem-native_ml-kem-768_x86_64/mlkem/src/native/x86_64/meta.h:52)
==149402==    by 0x4876C58: mlk_rej_uniform (vendor/liboqs-src/src/kem/ml_kem/mlkem-native_ml-kem-768_x86_64/mlkem/src/sampling.c:127)
==149402==    by 0x4876C58: PQCP_MLKEM_NATIVE_MLKEM768_X86_64_poly_rej_uniform_x4 (vendor/liboqs-src/src/kem/ml_kem/mlkem-native_ml-kem-768_x86_64/mlkem/src/sampling.c:173)
==149402==    by 0x4871526: PQCP_MLKEM_NATIVE_MLKEM768_X86_64_gen_matrix (vendor/liboqs-src/src/kem/ml_kem/mlkem-native_ml-kem-768_x86_64/mlkem/src/indcpa.c:246)
==149402==    by 0x48718DC: PQCP_MLKEM_NATIVE_MLKEM768_X86_64_indcpa_enc (vendor/liboqs-src/src/kem/ml_kem/mlkem-native_ml-kem-768_x86_64/mlkem/src/indcpa.c:437)
==149402==    by 0x48727A2: PQCP_MLKEM_NATIVE_MLKEM768_X86_64_dec (vendor/liboqs-src/src/kem/ml_kem/mlkem-native_ml-kem-768_x86_64/mlkem/src/kem.c:346)
==149402==    by 0x10933A: main (ct_test.c:66)
==149402==  Uninitialised value was created by a client request
==149402==    at 0x109320: main (ct_test.c:63)
==149402== 
==149402== Use of uninitialised value of size 8
==149402==    at 0x4875EFB: PQCP_MLKEM_NATIVE_MLKEM768_X86_64_rej_uniform_avx2 (vendor/liboqs-src/src/kem/ml_kem/mlkem-native_ml-kem-768_x86_64/mlkem/src/native/x86_64/src/rej_uniform_avx2.c:97)
==149402==    by 0x4876C58: mlk_rej_uniform_native (vendor/liboqs-src/src/kem/ml_kem/mlkem-native_ml-kem-768_x86_64/mlkem/src/native/x86_64/meta.h:52)
==149402==    by 0x4876C58: mlk_rej_uniform (vendor/liboqs-src/src/kem/ml_kem/mlkem-native_ml-kem-768_x86_64/mlkem/src/sampling.c:127)
==149402==    by 0x4876C58: PQCP_MLKEM_NATIVE_MLKEM768_X86_64_poly_rej_uniform_x4 (vendor/liboqs-src/src/kem/ml_kem/mlkem-native_ml-kem-768_x86_64/mlkem/src/sampling.c:173)
==149402==    by 0x4871526: PQCP_MLKEM_NATIVE_MLKEM768_X86_64_gen_matrix (vendor/liboqs-src/src/kem/ml_kem/mlkem-native_ml-kem-768_x86_64/mlkem/src/indcpa.c:246)
==149402==    by 0x48718DC: PQCP_MLKEM_NATIVE_MLKEM768_X86_64_indcpa_enc (vendor/liboqs-src/src/kem/ml_kem/mlkem-native_ml-kem-768_x86_64/mlkem/src/indcpa.c:437)
==149402==    by 0x48727A2: PQCP_MLKEM_NATIVE_MLKEM768_X86_64_dec (vendor/liboqs-src/src/kem/ml_kem/mlkem-native_ml-kem-768_x86_64/mlkem/src/kem.c:346)
==149402==    by 0x10933A: main (ct_test.c:66)
==149402==  Uninitialised value was created by a client request
==149402==    at 0x109320: main (ct_test.c:63)
==149402== 
==149402== Conditional jump or move depends on uninitialised value(s)
==149402==    at 0x4875F1A: PQCP_MLKEM_NATIVE_MLKEM768_X86_64_rej_uniform_avx2 (vendor/liboqs-src/src/kem/ml_kem/mlkem-native_ml-kem-768_x86_64/mlkem/src/native/x86_64/src/rej_uniform_avx2.c:47)
==149402==    by 0x4876C58: mlk_rej_uniform_native (vendor/liboqs-src/src/kem/ml_kem/mlkem-native_ml-kem-768_x86_64/mlkem/src/native/x86_64/meta.h:52)
==149402==    by 0x4876C58: mlk_rej_uniform (vendor/liboqs-src/src/kem/ml_kem/mlkem-native_ml-kem-768_x86_64/mlkem/src/sampling.c:127)
==149402==    by 0x4876C58: PQCP_MLKEM_NATIVE_MLKEM768_X86_64_poly_rej_uniform_x4 (vendor/liboqs-src/src/kem/ml_kem/mlkem-native_ml-kem-768_x86_64/mlkem/src/sampling.c:173)
==149402==    by 0x4871526: PQCP_MLKEM_NATIVE_MLKEM768_X86_64_gen_matrix (vendor/liboqs-src/src/kem/ml_kem/mlkem-native_ml-kem-768_x86_64/mlkem/src/indcpa.c:246)
==149402==    by 0x48718DC: PQCP_MLKEM_NATIVE_MLKEM768_X86_64_indcpa_enc (vendor/liboqs-src/src/kem/ml_kem/mlkem-native_ml-kem-768_x86_64/mlkem/src/indcpa.c:437)
==149402==    by 0x48727A2: PQCP_MLKEM_NATIVE_MLKEM768_X86_64_dec (vendor/liboqs-src/src/kem/ml_kem/mlkem-native_ml-kem-768_x86_64/mlkem/src/kem.c:346)
==149402==    by 0x10933A: main (ct_test.c:66)
==149402==  Uninitialised value was created by a client request
==149402==    at 0x109320: main (ct_test.c:63)
==149402== 
==149402== Use of uninitialised value of size 8
==149402==    at 0x4875E30: PQCP_MLKEM_NATIVE_MLKEM768_X86_64_rej_uniform_avx2 (vendor/liboqs-src/src/kem/ml_kem/mlkem-native_ml-kem-768_x86_64/mlkem/src/native/x86_64/src/rej_uniform_avx2.c:54)
==149402==    by 0x4876C58: mlk_rej_uniform_native (vendor/liboqs-src/src/kem/ml_kem/mlkem-native_ml-kem-768_x86_64/mlkem/src/native/x86_64/meta.h:52)
==149402==    by 0x4876C58: mlk_rej_uniform (vendor/liboqs-src/src/kem/ml_kem/mlkem-native_ml-kem-768_x86_64/mlkem/src/sampling.c:127)
==149402==    by 0x4876C58: PQCP_MLKEM_NATIVE_MLKEM768_X86_64_poly_rej_uniform_x4 (vendor/liboqs-src/src/kem/ml_kem/mlkem-native_ml-kem-768_x86_64/mlkem/src/sampling.c:173)
==149402==    by 0x4871526: PQCP_MLKEM_NATIVE_MLKEM768_X86_64_gen_matrix (vendor/liboqs-src/src/kem/ml_kem/mlkem-native_ml-kem-768_x86_64/mlkem/src/indcpa.c:246)
==149402==    by 0x48718DC: PQCP_MLKEM_NATIVE_MLKEM768_X86_64_indcpa_enc (vendor/liboqs-src/src/kem/ml_kem/mlkem-native_ml-kem-768_x86_64/mlkem/src/indcpa.c:437)
==149402==    by 0x48727A2: PQCP_MLKEM_NATIVE_MLKEM768_X86_64_dec (vendor/liboqs-src/src/kem/ml_kem/mlkem-native_ml-kem-768_x86_64/mlkem/src/kem.c:346)
==149402==    by 0x10933A: main (ct_test.c:66)
==149402==  Uninitialised value was created by a client request
==149402==    at 0x109320: main (ct_test.c:63)
==149402== 
==149402== Use of uninitialised value of size 8
==149402==    at 0x4875ED1: PQCP_MLKEM_NATIVE_MLKEM768_X86_64_rej_uniform_avx2 (vendor/liboqs-src/src/kem/ml_kem/mlkem-native_ml-kem-768_x86_64/mlkem/src/native/x86_64/src/rej_uniform_avx2.c:91)
==149402==    by 0x4876C58: mlk_rej_uniform_native (vendor/liboqs-src/src/kem/ml_kem/mlkem-native_ml-kem-768_x86_64/mlkem/src/native/x86_64/meta.h:52)
==149402==    by 0x4876C58: mlk_rej_uniform (vendor/liboqs-src/src/kem/ml_kem/mlkem-native_ml-kem-768_x86_64/mlkem/src/sampling.c:127)
==149402==    by 0x4876C58: PQCP_MLKEM_NATIVE_MLKEM768_X86_64_poly_rej_uniform_x4 (vendor/liboqs-src/src/kem/ml_kem/mlkem-native_ml-kem-768_x86_64/mlkem/src/sampling.c:173)
==149402==    by 0x4871526: PQCP_MLKEM_NATIVE_MLKEM768_X86_64_gen_matrix (vendor/liboqs-src/src/kem/ml_kem/mlkem-native_ml-kem-768_x86_64/mlkem/src/indcpa.c:246)
==149402==    by 0x48718DC: PQCP_MLKEM_NATIVE_MLKEM768_X86_64_indcpa_enc (vendor/liboqs-src/src/kem/ml_kem/mlkem-native_ml-kem-768_x86_64/mlkem/src/indcpa.c:437)
==149402==    by 0x48727A2: PQCP_MLKEM_NATIVE_MLKEM768_X86_64_dec (vendor/liboqs-src/src/kem/ml_kem/mlkem-native_ml-kem-768_x86_64/mlkem/src/kem.c:346)
==149402==    by 0x10933A: main (ct_test.c:66)
==149402==  Uninitialised value was created by a client request
==149402==    at 0x109320: main (ct_test.c:63)
==149402== 
==149402== Conditional jump or move depends on uninitialised value(s)
==149402==    at 0x4875F0E: PQCP_MLKEM_NATIVE_MLKEM768_X86_64_rej_uniform_avx2 (vendor/liboqs-src/src/kem/ml_kem/mlkem-native_ml-kem-768_x86_64/mlkem/src/native/x86_64/src/rej_uniform_avx2.c:47)
==149402==    by 0x4876C58: mlk_rej_uniform_native (vendor/liboqs-src/src/kem/ml_kem/mlkem-native_ml-kem-768_x86_64/mlkem/src/native/x86_64/meta.h:52)
==149402==    by 0x4876C58: mlk_rej_uniform (vendor/liboqs-src/src/kem/ml_kem/mlkem-native_ml-kem-768_x86_64/mlkem/src/sampling.c:127)
==149402==    by 0x4876C58: PQCP_MLKEM_NATIVE_MLKEM768_X86_64_poly_rej_uniform_x4 (vendor/liboqs-src/src/kem/ml_kem/mlkem-native_ml-kem-768_x86_64/mlkem/src/sampling.c:173)
==149402==    by 0x4871526: PQCP_MLKEM_NATIVE_MLKEM768_X86_64_gen_matrix (vendor/liboqs-src/src/kem/ml_kem/mlkem-native_ml-kem-768_x86_64/mlkem/src/indcpa.c:246)
==149402==    by 0x48718DC: PQCP_MLKEM_NATIVE_MLKEM768_X86_64_indcpa_enc (vendor/liboqs-src/src/kem/ml_kem/mlkem-native_ml-kem-768_x86_64/mlkem/src/indcpa.c:437)
==149402==    by 0x48727A2: PQCP_MLKEM_NATIVE_MLKEM768_X86_64_dec (vendor/liboqs-src/src/kem/ml_kem/mlkem-native_ml-kem-768_x86_64/mlkem/src/kem.c:346)
==149402==    by 0x10933A: main (ct_test.c:66)
==149402==  Uninitialised value was created by a client request
==149402==    at 0x109320: main (ct_test.c:63)
==149402== 
==149402== Conditional jump or move depends on uninitialised value(s)
==149402==    at 0x4875F3A: PQCP_MLKEM_NATIVE_MLKEM768_X86_64_rej_uniform_avx2 (vendor/liboqs-src/src/kem/ml_kem/mlkem-native_ml-kem-768_x86_64/mlkem/src/native/x86_64/src/rej_uniform_avx2.c:101)
==149402==    by 0x4876C58: mlk_rej_uniform_native (vendor/liboqs-src/src/kem/ml_kem/mlkem-native_ml-kem-768_x86_64/mlkem/src/native/x86_64/meta.h:52)
==149402==    by 0x4876C58: mlk_rej_uniform (vendor/liboqs-src/src/kem/ml_kem/mlkem-native_ml-kem-768_x86_64/mlkem/src/sampling.c:127)
==149402==    by 0x4876C58: PQCP_MLKEM_NATIVE_MLKEM768_X86_64_poly_rej_uniform_x4 (vendor/liboqs-src/src/kem/ml_kem/mlkem-native_ml-kem-768_x86_64/mlkem/src/sampling.c:173)
==149402==    by 0x4871526: PQCP_MLKEM_NATIVE_MLKEM768_X86_64_gen_matrix (vendor/liboqs-src/src/kem/ml_kem/mlkem-native_ml-kem-768_x86_64/mlkem/src/indcpa.c:246)
==149402==    by 0x48718DC: PQCP_MLKEM_NATIVE_MLKEM768_X86_64_indcpa_enc (vendor/liboqs-src/src/kem/ml_kem/mlkem-native_ml-kem-768_x86_64/mlkem/src/indcpa.c:437)
==149402==    by 0x48727A2: PQCP_MLKEM_NATIVE_MLKEM768_X86_64_dec (vendor/liboqs-src/src/kem/ml_kem/mlkem-native_ml-kem-768_x86_64/mlkem/src/kem.c:346)
==149402==    by 0x10933A: main (ct_test.c:66)
==149402==  Uninitialised value was created by a client request
==149402==    at 0x109320: main (ct_test.c:63)
==149402== 
==149402== Use of uninitialised value of size 8
==149402==    at 0x4875F63: PQCP_MLKEM_NATIVE_MLKEM768_X86_64_rej_uniform_avx2 (vendor/liboqs-src/src/kem/ml_kem/mlkem-native_ml-kem-768_x86_64/mlkem/src/native/x86_64/src/rej_uniform_avx2.c:103)
==149402==    by 0x4876C58: mlk_rej_uniform_native (vendor/liboqs-src/src/kem/ml_kem/mlkem-native_ml-kem-768_x86_64/mlkem/src/native/x86_64/meta.h:52)
==149402==    by 0x4876C58: mlk_rej_uniform (vendor/liboqs-src/src/kem/ml_kem/mlkem-native_ml-kem-768_x86_64/mlkem/src/sampling.c:127)
==149402==    by 0x4876C58: PQCP_MLKEM_NATIVE_MLKEM768_X86_64_poly_rej_uniform_x4 (vendor/liboqs-src/src/kem/ml_kem/mlkem-native_ml-kem-768_x86_64/mlkem/src/sampling.c:173)
==149402==    by 0x4871526: PQCP_MLKEM_NATIVE_MLKEM768_X86_64_gen_matrix (vendor/liboqs-src/src/kem/ml_kem/mlkem-native_ml-kem-768_x86_64/mlkem/src/indcpa.c:246)
==149402==    by 0x48718DC: PQCP_MLKEM_NATIVE_MLKEM768_X86_64_indcpa_enc (vendor/liboqs-src/src/kem/ml_kem/mlkem-native_ml-kem-768_x86_64/mlkem/src/indcpa.c:437)
==149402==    by 0x48727A2: PQCP_MLKEM_NATIVE_MLKEM768_X86_64_dec (vendor/liboqs-src/src/kem/ml_kem/mlkem-native_ml-kem-768_x86_64/mlkem/src/kem.c:346)
==149402==    by 0x10933A: main (ct_test.c:66)
==149402==  Uninitialised value was created by a client request
==149402==    at 0x109320: main (ct_test.c:63)
==149402== 
==149402== Use of uninitialised value of size 8
==149402==    at 0x4875F8E: PQCP_MLKEM_NATIVE_MLKEM768_X86_64_rej_uniform_avx2 (vendor/liboqs-src/src/kem/ml_kem/mlkem-native_ml-kem-768_x86_64/mlkem/src/native/x86_64/src/rej_uniform_avx2.c:114)
==149402==    by 0x4876C58: mlk_rej_uniform_native (vendor/liboqs-src/src/kem/ml_kem/mlkem-native_ml-kem-768_x86_64/mlkem/src/native/x86_64/meta.h:52)
==149402==    by 0x4876C58: mlk_rej_uniform (vendor/liboqs-src/src/kem/ml_kem/mlkem-native_ml-kem-768_x86_64/mlkem/src/sampling.c:127)
==149402==    by 0x4876C58: PQCP_MLKEM_NATIVE_MLKEM768_X86_64_poly_rej_uniform_x4 (vendor/liboqs-src/src/kem/ml_kem/mlkem-native_ml-kem-768_x86_64/mlkem/src/sampling.c:173)
==149402==    by 0x4871526: PQCP_MLKEM_NATIVE_MLKEM768_X86_64_gen_matrix (vendor/liboqs-src/src/kem/ml_kem/mlkem-native_ml-kem-768_x86_64/mlkem/src/indcpa.c:246)
==149402==    by 0x48718DC: PQCP_MLKEM_NATIVE_MLKEM768_X86_64_indcpa_enc (vendor/liboqs-src/src/kem/ml_kem/mlkem-native_ml-kem-768_x86_64/mlkem/src/indcpa.c:437)
==149402==    by 0x48727A2: PQCP_MLKEM_NATIVE_MLKEM768_X86_64_dec (vendor/liboqs-src/src/kem/ml_kem/mlkem-native_ml-kem-768_x86_64/mlkem/src/kem.c:346)
==149402==    by 0x10933A: main (ct_test.c:66)
==149402==  Uninitialised value was created by a client request
==149402==    at 0x109320: main (ct_test.c:63)
==149402== 
==149402== Use of uninitialised value of size 8
==149402==    at 0x4875FA3: PQCP_MLKEM_NATIVE_MLKEM768_X86_64_rej_uniform_avx2 (vendor/liboqs-src/src/kem/ml_kem/mlkem-native_ml-kem-768_x86_64/mlkem/src/native/x86_64/src/rej_uniform_avx2.c:119)
==149402==    by 0x4876C58: mlk_rej_uniform_native (vendor/liboqs-src/src/kem/ml_kem/mlkem-native_ml-kem-768_x86_64/mlkem/src/native/x86_64/meta.h:52)
==149402==    by 0x4876C58: mlk_rej_uniform (vendor/liboqs-src/src/kem/ml_kem/mlkem-native_ml-kem-768_x86_64/mlkem/src/sampling.c:127)
==149402==    by 0x4876C58: PQCP_MLKEM_NATIVE_MLKEM768_X86_64_poly_rej_uniform_x4 (vendor/liboqs-src/src/kem/ml_kem/mlkem-native_ml-kem-768_x86_64/mlkem/src/sampling.c:173)
==149402==    by 0x4871526: PQCP_MLKEM_NATIVE_MLKEM768_X86_64_gen_matrix (vendor/liboqs-src/src/kem/ml_kem/mlkem-native_ml-kem-768_x86_64/mlkem/src/indcpa.c:246)
==149402==    by 0x48718DC: PQCP_MLKEM_NATIVE_MLKEM768_X86_64_indcpa_enc (vendor/liboqs-src/src/kem/ml_kem/mlkem-native_ml-kem-768_x86_64/mlkem/src/indcpa.c:437)
==149402==    by 0x48727A2: PQCP_MLKEM_NATIVE_MLKEM768_X86_64_dec (vendor/liboqs-src/src/kem/ml_kem/mlkem-native_ml-kem-768_x86_64/mlkem/src/kem.c:346)
==149402==    by 0x10933A: main (ct_test.c:66)
==149402==  Uninitialised value was created by a client request
==149402==    at 0x109320: main (ct_test.c:63)
==149402== 
==149402== Conditional jump or move depends on uninitialised value(s)
==149402==    at 0x4875FB5: PQCP_MLKEM_NATIVE_MLKEM768_X86_64_rej_uniform_avx2 (vendor/liboqs-src/src/kem/ml_kem/mlkem-native_ml-kem-768_x86_64/mlkem/src/native/x86_64/src/rej_uniform_avx2.c:101)
==149402==    by 0x4876C58: mlk_rej_uniform_native (vendor/liboqs-src/src/kem/ml_kem/mlkem-native_ml-kem-768_x86_64/mlkem/src/native/x86_64/meta.h:52)
==149402==    by 0x4876C58: mlk_rej_uniform (vendor/liboqs-src/src/kem/ml_kem/mlkem-native_ml-kem-768_x86_64/mlkem/src/sampling.c:127)
==149402==    by 0x4876C58: PQCP_MLKEM_NATIVE_MLKEM768_X86_64_poly_rej_uniform_x4 (vendor/liboqs-src/src/kem/ml_kem/mlkem-native_ml-kem-768_x86_64/mlkem/src/sampling.c:173)
==149402==    by 0x4871526: PQCP_MLKEM_NATIVE_MLKEM768_X86_64_gen_matrix (vendor/liboqs-src/src/kem/ml_kem/mlkem-native_ml-kem-768_x86_64/mlkem/src/indcpa.c:246)
==149402==    by 0x48718DC: PQCP_MLKEM_NATIVE_MLKEM768_X86_64_indcpa_enc (vendor/liboqs-src/src/kem/ml_kem/mlkem-native_ml-kem-768_x86_64/mlkem/src/indcpa.c:437)
==149402==    by 0x48727A2: PQCP_MLKEM_NATIVE_MLKEM768_X86_64_dec (vendor/liboqs-src/src/kem/ml_kem/mlkem-native_ml-kem-768_x86_64/mlkem/src/kem.c:346)
==149402==    by 0x10933A: main (ct_test.c:66)
==149402==  Uninitialised value was created by a client request
==149402==    at 0x109320: main (ct_test.c:63)
==149402== 
==149402== Conditional jump or move depends on uninitialised value(s)
==149402==    at 0x4875FC1: PQCP_MLKEM_NATIVE_MLKEM768_X86_64_rej_uniform_avx2 (vendor/liboqs-src/src/kem/ml_kem/mlkem-native_ml-kem-768_x86_64/mlkem/src/native/x86_64/src/rej_uniform_avx2.c:101)
==149402==    by 0x4876C58: mlk_rej_uniform_native (vendor/liboqs-src/src/kem/ml_kem/mlkem-native_ml-kem-768_x86_64/mlkem/src/native/x86_64/meta.h:52)
==149402==    by 0x4876C58: mlk_rej_uniform (vendor/liboqs-src/src/kem/ml_kem/mlkem-native_ml-kem-768_x86_64/mlkem/src/sampling.c:127)
==149402==    by 0x4876C58: PQCP_MLKEM_NATIVE_MLKEM768_X86_64_poly_rej_uniform_x4 (vendor/liboqs-src/src/kem/ml_kem/mlkem-native_ml-kem-768_x86_64/mlkem/src/sampling.c:173)
==149402==    by 0x4871526: PQCP_MLKEM_NATIVE_MLKEM768_X86_64_gen_matrix (vendor/liboqs-src/src/kem/ml_kem/mlkem-native_ml-kem-768_x86_64/mlkem/src/indcpa.c:246)
==149402==    by 0x48718DC: PQCP_MLKEM_NATIVE_MLKEM768_X86_64_indcpa_enc (vendor/liboqs-src/src/kem/ml_kem/mlkem-native_ml-kem-768_x86_64/mlkem/src/indcpa.c:437)
==149402==    by 0x48727A2: PQCP_MLKEM_NATIVE_MLKEM768_X86_64_dec (vendor/liboqs-src/src/kem/ml_kem/mlkem-native_ml-kem-768_x86_64/mlkem/src/kem.c:346)
==149402==    by 0x10933A: main (ct_test.c:66)
==149402==  Uninitialised value was created by a client request
==149402==    at 0x109320: main (ct_test.c:63)
==149402== 
==149402== Conditional jump or move depends on uninitialised value(s)
==149402==    at 0x4875FE1: PQCP_MLKEM_NATIVE_MLKEM768_X86_64_rej_uniform_avx2 (vendor/liboqs-src/src/kem/ml_kem/mlkem-native_ml-kem-768_x86_64/mlkem/src/native/x86_64/src/rej_uniform_avx2.c:123)
==149402==    by 0x4876C58: mlk_rej_uniform_native (vendor/liboqs-src/src/kem/ml_kem/mlkem-native_ml-kem-768_x86_64/mlkem/src/native/x86_64/meta.h:52)
==149402==    by 0x4876C58: mlk_rej_uniform (vendor/liboqs-src/src/kem/ml_kem/mlkem-native_ml-kem-768_x86_64/mlkem/src/sampling.c:127)
==149402==    by 0x4876C58: PQCP_MLKEM_NATIVE_MLKEM768_X86_64_poly_rej_uniform_x4 (vendor/liboqs-src/src/kem/ml_kem/mlkem-native_ml-kem-768_x86_64/mlkem/src/sampling.c:173)
==149402==    by 0x4871526: PQCP_MLKEM_NATIVE_MLKEM768_X86_64_gen_matrix (vendor/liboqs-src/src/kem/ml_kem/mlkem-native_ml-kem-768_x86_64/mlkem/src/indcpa.c:246)
==149402==    by 0x48718DC: PQCP_MLKEM_NATIVE_MLKEM768_X86_64_indcpa_enc (vendor/liboqs-src/src/kem/ml_kem/mlkem-native_ml-kem-768_x86_64/mlkem/src/indcpa.c:437)
==149402==    by 0x48727A2: PQCP_MLKEM_NATIVE_MLKEM768_X86_64_dec (vendor/liboqs-src/src/kem/ml_kem/mlkem-native_ml-kem-768_x86_64/mlkem/src/kem.c:346)
==149402==    by 0x10933A: main (ct_test.c:66)
==149402==  Uninitialised value was created by a client request
==149402==    at 0x109320: main (ct_test.c:63)
==149402== 
==149402== Use of uninitialised value of size 8
==149402==    at 0x4875FF0: PQCP_MLKEM_NATIVE_MLKEM768_X86_64_rej_uniform_avx2 (vendor/liboqs-src/src/kem/ml_kem/mlkem-native_ml-kem-768_x86_64/mlkem/src/native/x86_64/src/rej_uniform_avx2.c:125)
==149402==    by 0x4876C58: mlk_rej_uniform_native (vendor/liboqs-src/src/kem/ml_kem/mlkem-native_ml-kem-768_x86_64/mlkem/src/native/x86_64/meta.h:52)
==149402==    by 0x4876C58: mlk_rej_uniform (vendor/liboqs-src/src/kem/ml_kem/mlkem-native_ml-kem-768_x86_64/mlkem/src/sampling.c:127)
==149402==    by 0x4876C58: PQCP_MLKEM_NATIVE_MLKEM768_X86_64_poly_rej_uniform_x4 (vendor/liboqs-src/src/kem/ml_kem/mlkem-native_ml-kem-768_x86_64/mlkem/src/sampling.c:173)
==149402==    by 0x4871526: PQCP_MLKEM_NATIVE_MLKEM768_X86_64_gen_matrix (vendor/liboqs-src/src/kem/ml_kem/mlkem-native_ml-kem-768_x86_64/mlkem/src/indcpa.c:246)
==149402==    by 0x48718DC: PQCP_MLKEM_NATIVE_MLKEM768_X86_64_indcpa_enc (vendor/liboqs-src/src/kem/ml_kem/mlkem-native_ml-kem-768_x86_64/mlkem/src/indcpa.c:437)
==149402==    by 0x48727A2: PQCP_MLKEM_NATIVE_MLKEM768_X86_64_dec (vendor/liboqs-src/src/kem/ml_kem/mlkem-native_ml-kem-768_x86_64/mlkem/src/kem.c:346)
==149402==    by 0x10933A: main (ct_test.c:66)
==149402==  Uninitialised value was created by a client request
==149402==    at 0x109320: main (ct_test.c:63)
==149402== 
==149402== Conditional jump or move depends on uninitialised value(s)
==149402==    at 0x487600F: PQCP_MLKEM_NATIVE_MLKEM768_X86_64_rej_uniform_avx2 (vendor/liboqs-src/src/kem/ml_kem/mlkem-native_ml-kem-768_x86_64/mlkem/src/native/x86_64/src/rej_uniform_avx2.c:0)
==149402==    by 0x4876C58: mlk_rej_uniform_native (vendor/liboqs-src/src/kem/ml_kem/mlkem-native_ml-kem-768_x86_64/mlkem/src/native/x86_64/meta.h:52)
==149402==    by 0x4876C58: mlk_rej_uniform (vendor/liboqs-src/src/kem/ml_kem/mlkem-native_ml-kem-768_x86_64/mlkem/src/sampling.c:127)
==149402==    by 0x4876C58: PQCP_MLKEM_NATIVE_MLKEM768_X86_64_poly_rej_uniform_x4 (vendor/liboqs-src/src/kem/ml_kem/mlkem-native_ml-kem-768_x86_64/mlkem/src/sampling.c:173)
==149402==    by 0x4871526: PQCP_MLKEM_NATIVE_MLKEM768_X86_64_gen_matrix (vendor/liboqs-src/src/kem/ml_kem/mlkem-native_ml-kem-768_x86_64/mlkem/src/indcpa.c:246)
==149402==    by 0x48718DC: PQCP_MLKEM_NATIVE_MLKEM768_X86_64_indcpa_enc (vendor/liboqs-src/src/kem/ml_kem/mlkem-native_ml-kem-768_x86_64/mlkem/src/indcpa.c:437)
==149402==    by 0x48727A2: PQCP_MLKEM_NATIVE_MLKEM768_X86_64_dec (vendor/liboqs-src/src/kem/ml_kem/mlkem-native_ml-kem-768_x86_64/mlkem/src/kem.c:346)
==149402==    by 0x10933A: main (ct_test.c:66)
==149402==  Uninitialised value was created by a client request
==149402==    at 0x109320: main (ct_test.c:63)
==149402== 
==149402== 
==149402== More than 100 errors detected.  Subsequent errors
==149402== will still be recorded, but in less detail than before.
==149402== Use of uninitialised value of size 8
==149402==    at 0x4876016: PQCP_MLKEM_NATIVE_MLKEM768_X86_64_rej_uniform_avx2 (vendor/liboqs-src/src/kem/ml_kem/mlkem-native_ml-kem-768_x86_64/mlkem/src/native/x86_64/src/rej_uniform_avx2.c:131)
==149402==    by 0x4876C58: mlk_rej_uniform_native (vendor/liboqs-src/src/kem/ml_kem/mlkem-native_ml-kem-768_x86_64/mlkem/src/native/x86_64/meta.h:52)
==149402==    by 0x4876C58: mlk_rej_uniform (vendor/liboqs-src/src/kem/ml_kem/mlkem-native_ml-kem-768_x86_64/mlkem/src/sampling.c:127)
==149402==    by 0x4876C58: PQCP_MLKEM_NATIVE_MLKEM768_X86_64_poly_rej_uniform_x4 (vendor/liboqs-src/src/kem/ml_kem/mlkem-native_ml-kem-768_x86_64/mlkem/src/sampling.c:173)
==149402==    by 0x4871526: PQCP_MLKEM_NATIVE_MLKEM768_X86_64_gen_matrix (vendor/liboqs-src/src/kem/ml_kem/mlkem-native_ml-kem-768_x86_64/mlkem/src/indcpa.c:246)
==149402==    by 0x48718DC: PQCP_MLKEM_NATIVE_MLKEM768_X86_64_indcpa_enc (vendor/liboqs-src/src/kem/ml_kem/mlkem-native_ml-kem-768_x86_64/mlkem/src/indcpa.c:437)
==149402==    by 0x48727A2: PQCP_MLKEM_NATIVE_MLKEM768_X86_64_dec (vendor/liboqs-src/src/kem/ml_kem/mlkem-native_ml-kem-768_x86_64/mlkem/src/kem.c:346)
==149402==    by 0x10933A: main (ct_test.c:66)
==149402==  Uninitialised value was created by a client request
==149402==    at 0x109320: main (ct_test.c:63)
==149402== 
==149402== Use of uninitialised value of size 8
==149402==    at 0x487601E: PQCP_MLKEM_NATIVE_MLKEM768_X86_64_rej_uniform_avx2 (vendor/liboqs-src/src/kem/ml_kem/mlkem-native_ml-kem-768_x86_64/mlkem/src/native/x86_64/src/rej_uniform_avx2.c:0)
==149402==    by 0x4876C58: mlk_rej_uniform_native (vendor/liboqs-src/src/kem/ml_kem/mlkem-native_ml-kem-768_x86_64/mlkem/src/native/x86_64/meta.h:52)
==149402==    by 0x4876C58: mlk_rej_uniform (vendor/liboqs-src/src/kem/ml_kem/mlkem-native_ml-kem-768_x86_64/mlkem/src/sampling.c:127)
==149402==    by 0x4876C58: PQCP_MLKEM_NATIVE_MLKEM768_X86_64_poly_rej_uniform_x4 (vendor/liboqs-src/src/kem/ml_kem/mlkem-native_ml-kem-768_x86_64/mlkem/src/sampling.c:173)
==149402==    by 0x4871526: PQCP_MLKEM_NATIVE_MLKEM768_X86_64_gen_matrix (vendor/liboqs-src/src/kem/ml_kem/mlkem-native_ml-kem-768_x86_64/mlkem/src/indcpa.c:246)
==149402==    by 0x48718DC: PQCP_MLKEM_NATIVE_MLKEM768_X86_64_indcpa_enc (vendor/liboqs-src/src/kem/ml_kem/mlkem-native_ml-kem-768_x86_64/mlkem/src/indcpa.c:437)
==149402==    by 0x48727A2: PQCP_MLKEM_NATIVE_MLKEM768_X86_64_dec (vendor/liboqs-src/src/kem/ml_kem/mlkem-native_ml-kem-768_x86_64/mlkem/src/kem.c:346)
==149402==    by 0x10933A: main (ct_test.c:66)
==149402==  Uninitialised value was created by a client request
==149402==    at 0x109320: main (ct_test.c:63)
==149402== 
==149402== Conditional jump or move depends on uninitialised value(s)
==149402==    at 0x487603C: PQCP_MLKEM_NATIVE_MLKEM768_X86_64_rej_uniform_avx2 (vendor/liboqs-src/src/kem/ml_kem/mlkem-native_ml-kem-768_x86_64/mlkem/src/native/x86_64/src/rej_uniform_avx2.c:133)
==149402==    by 0x4876C58: mlk_rej_uniform_native (vendor/liboqs-src/src/kem/ml_kem/mlkem-native_ml-kem-768_x86_64/mlkem/src/native/x86_64/meta.h:52)
==149402==    by 0x4876C58: mlk_rej_uniform (vendor/liboqs-src/src/kem/ml_kem/mlkem-native_ml-kem-768_x86_64/mlkem/src/sampling.c:127)
==149402==    by 0x4876C58: PQCP_MLKEM_NATIVE_MLKEM768_X86_64_poly_rej_uniform_x4 (vendor/liboqs-src/src/kem/ml_kem/mlkem-native_ml-kem-768_x86_64/mlkem/src/sampling.c:173)
==149402==    by 0x4871526: PQCP_MLKEM_NATIVE_MLKEM768_X86_64_gen_matrix (vendor/liboqs-src/src/kem/ml_kem/mlkem-native_ml-kem-768_x86_64/mlkem/src/indcpa.c:246)
==149402==    by 0x48718DC: PQCP_MLKEM_NATIVE_MLKEM768_X86_64_indcpa_enc (vendor/liboqs-src/src/kem/ml_kem/mlkem-native_ml-kem-768_x86_64/mlkem/src/indcpa.c:437)
==149402==    by 0x48727A2: PQCP_MLKEM_NATIVE_MLKEM768_X86_64_dec (vendor/liboqs-src/src/kem/ml_kem/mlkem-native_ml-kem-768_x86_64/mlkem/src/kem.c:346)
==149402==    by 0x10933A: main (ct_test.c:66)
==149402==  Uninitialised value was created by a client request
==149402==    at 0x109320: main (ct_test.c:63)
==149402== 
==149402== Conditional jump or move depends on uninitialised value(s)
==149402==    at 0x487604C: PQCP_MLKEM_NATIVE_MLKEM768_X86_64_rej_uniform_avx2 (vendor/liboqs-src/src/kem/ml_kem/mlkem-native_ml-kem-768_x86_64/mlkem/src/native/x86_64/src/rej_uniform_avx2.c:123)
==149402==    by 0x4876C58: mlk_rej_uniform_native (vendor/liboqs-src/src/kem/ml_kem/mlkem-native_ml-kem-768_x86_64/mlkem/src/native/x86_64/meta.h:52)
==149402==    by 0x4876C58: mlk_rej_uniform (vendor/liboqs-src/src/kem/ml_kem/mlkem-native_ml-kem-768_x86_64/mlkem/src/sampling.c:127)
==149402==    by 0x4876C58: PQCP_MLKEM_NATIVE_MLKEM768_X86_64_poly_rej_uniform_x4 (vendor/liboqs-src/src/kem/ml_kem/mlkem-native_ml-kem-768_x86_64/mlkem/src/sampling.c:173)
==149402==    by 0x4871526: PQCP_MLKEM_NATIVE_MLKEM768_X86_64_gen_matrix (vendor/liboqs-src/src/kem/ml_kem/mlkem-native_ml-kem-768_x86_64/mlkem/src/indcpa.c:246)
==149402==    by 0x48718DC: PQCP_MLKEM_NATIVE_MLKEM768_X86_64_indcpa_enc (vendor/liboqs-src/src/kem/ml_kem/mlkem-native_ml-kem-768_x86_64/mlkem/src/indcpa.c:437)
==149402==    by 0x48727A2: PQCP_MLKEM_NATIVE_MLKEM768_X86_64_dec (vendor/liboqs-src/src/kem/ml_kem/mlkem-native_ml-kem-768_x86_64/mlkem/src/kem.c:346)
==149402==    by 0x10933A: main (ct_test.c:66)
==149402==  Uninitialised value was created by a client request
==149402==    at 0x109320: main (ct_test.c:63)
==149402== 
==149402== Conditional jump or move depends on uninitialised value(s)
==149402==    at 0x4876C5F: mlk_rej_uniform (vendor/liboqs-src/src/kem/ml_kem/mlkem-native_ml-kem-768_x86_64/mlkem/src/sampling.c:128)
==149402==    by 0x4876C5F: PQCP_MLKEM_NATIVE_MLKEM768_X86_64_poly_rej_uniform_x4 (vendor/liboqs-src/src/kem/ml_kem/mlkem-native_ml-kem-768_x86_64/mlkem/src/sampling.c:173)
==149402==    by 0x4871526: PQCP_MLKEM_NATIVE_MLKEM768_X86_64_gen_matrix (vendor/liboqs-src/src/kem/ml_kem/mlkem-native_ml-kem-768_x86_64/mlkem/src/indcpa.c:246)
==149402==    by 0x48718DC: PQCP_MLKEM_NATIVE_MLKEM768_X86_64_indcpa_enc (vendor/liboqs-src/src/kem/ml_kem/mlkem-native_ml-kem-768_x86_64/mlkem/src/indcpa.c:437)
==149402==    by 0x48727A2: PQCP_MLKEM_NATIVE_MLKEM768_X86_64_dec (vendor/liboqs-src/src/kem/ml_kem/mlkem-native_ml-kem-768_x86_64/mlkem/src/kem.c:346)
==149402==    by 0x10933A: main (ct_test.c:66)
==149402==  Uninitialised value was created by a client request
==149402==    at 0x109320: main (ct_test.c:63)
==149402== 
==149402== Conditional jump or move depends on uninitialised value(s)
==149402==    at 0x4876D11: PQCP_MLKEM_NATIVE_MLKEM768_X86_64_poly_rej_uniform_x4 (vendor/liboqs-src/src/kem/ml_kem/mlkem-native_ml-kem-768_x86_64/mlkem/src/sampling.c:180)
==149402==    by 0x4871526: PQCP_MLKEM_NATIVE_MLKEM768_X86_64_gen_matrix (vendor/liboqs-src/src/kem/ml_kem/mlkem-native_ml-kem-768_x86_64/mlkem/src/indcpa.c:246)
==149402==    by 0x48718DC: PQCP_MLKEM_NATIVE_MLKEM768_X86_64_indcpa_enc (vendor/liboqs-src/src/kem/ml_kem/mlkem-native_ml-kem-768_x86_64/mlkem/src/indcpa.c:437)
==149402==    by 0x48727A2: PQCP_MLKEM_NATIVE_MLKEM768_X86_64_dec (vendor/liboqs-src/src/kem/ml_kem/mlkem-native_ml-kem-768_x86_64/mlkem/src/kem.c:346)
==149402==    by 0x10933A: main (ct_test.c:66)
==149402==  Uninitialised value was created by a client request
==149402==    at 0x109320: main (ct_test.c:63)
==149402== 
==149402== Conditional jump or move depends on uninitialised value(s)
==149402==    at 0x4876D22: PQCP_MLKEM_NATIVE_MLKEM768_X86_64_poly_rej_uniform_x4 (vendor/liboqs-src/src/kem/ml_kem/mlkem-native_ml-kem-768_x86_64/mlkem/src/sampling.c:180)
==149402==    by 0x4871526: PQCP_MLKEM_NATIVE_MLKEM768_X86_64_gen_matrix (vendor/liboqs-src/src/kem/ml_kem/mlkem-native_ml-kem-768_x86_64/mlkem/src/indcpa.c:246)
==149402==    by 0x48718DC: PQCP_MLKEM_NATIVE_MLKEM768_X86_64_indcpa_enc (vendor/liboqs-src/src/kem/ml_kem/mlkem-native_ml-kem-768_x86_64/mlkem/src/indcpa.c:437)
==149402==    by 0x48727A2: PQCP_MLKEM_NATIVE_MLKEM768_X86_64_dec (vendor/liboqs-src/src/kem/ml_kem/mlkem-native_ml-kem-768_x86_64/mlkem/src/kem.c:346)
==149402==    by 0x10933A: main (ct_test.c:66)
==149402==  Uninitialised value was created by a client request
==149402==    at 0x109320: main (ct_test.c:63)
==149402== 
==149402== Conditional jump or move depends on uninitialised value(s)
==149402==    at 0x4876035: PQCP_MLKEM_NATIVE_MLKEM768_X86_64_rej_uniform_avx2 (vendor/liboqs-src/src/kem/ml_kem/mlkem-native_ml-kem-768_x86_64/mlkem/src/native/x86_64/src/rej_uniform_avx2.c:133)
==149402==    by 0x4876A76: mlk_rej_uniform_native (vendor/liboqs-src/src/kem/ml_kem/mlkem-native_ml-kem-768_x86_64/mlkem/src/native/x86_64/meta.h:52)
==149402==    by 0x4876A76: mlk_rej_uniform (vendor/liboqs-src/src/kem/ml_kem/mlkem-native_ml-kem-768_x86_64/mlkem/src/sampling.c:127)
==149402==    by 0x4876A76: PQCP_MLKEM_NATIVE_MLKEM768_X86_64_poly_rej_uniform_x4 (vendor/liboqs-src/src/kem/ml_kem/mlkem-native_ml-kem-768_x86_64/mlkem/src/sampling.c:170)
==149402==    by 0x4871572: PQCP_MLKEM_NATIVE_MLKEM768_X86_64_gen_matrix (vendor/liboqs-src/src/kem/ml_kem/mlkem-native_ml-kem-768_x86_64/mlkem/src/indcpa.c:246)
==149402==    by 0x48718DC: PQCP_MLKEM_NATIVE_MLKEM768_X86_64_indcpa_enc (vendor/liboqs-src/src/kem/ml_kem/mlkem-native_ml-kem-768_x86_64/mlkem/src/indcpa.c:437)
==149402==    by 0x48727A2: PQCP_MLKEM_NATIVE_MLKEM768_X86_64_dec (vendor/liboqs-src/src/kem/ml_kem/mlkem-native_ml-kem-768_x86_64/mlkem/src/kem.c:346)
==149402==    by 0x10933A: main (ct_test.c:66)
==149402==  Uninitialised value was created by a client request
==149402==    at 0x109320: main (ct_test.c:63)
==149402== 
==149402== Conditional jump or move depends on uninitialised value(s)
==149402==    at 0x4876A7D: mlk_rej_uniform (vendor/liboqs-src/src/kem/ml_kem/mlkem-native_ml-kem-768_x86_64/mlkem/src/sampling.c:128)
==149402==    by 0x4876A7D: PQCP_MLKEM_NATIVE_MLKEM768_X86_64_poly_rej_uniform_x4 (vendor/liboqs-src/src/kem/ml_kem/mlkem-native_ml-kem-768_x86_64/mlkem/src/sampling.c:170)
==149402==    by 0x4871572: PQCP_MLKEM_NATIVE_MLKEM768_X86_64_gen_matrix (vendor/liboqs-src/src/kem/ml_kem/mlkem-native_ml-kem-768_x86_64/mlkem/src/indcpa.c:246)
==149402==    by 0x48718DC: PQCP_MLKEM_NATIVE_MLKEM768_X86_64_indcpa_enc (vendor/liboqs-src/src/kem/ml_kem/mlkem-native_ml-kem-768_x86_64/mlkem/src/indcpa.c:437)
==149402==    by 0x48727A2: PQCP_MLKEM_NATIVE_MLKEM768_X86_64_dec (vendor/liboqs-src/src/kem/ml_kem/mlkem-native_ml-kem-768_x86_64/mlkem/src/kem.c:346)
==149402==    by 0x10933A: main (ct_test.c:66)
==149402==  Uninitialised value was created by a client request
==149402==    at 0x109320: main (ct_test.c:63)
==149402== 
==149402== Use of uninitialised value of size 8
==149402==    at 0x4876016: PQCP_MLKEM_NATIVE_MLKEM768_X86_64_rej_uniform_avx2 (vendor/liboqs-src/src/kem/ml_kem/mlkem-native_ml-kem-768_x86_64/mlkem/src/native/x86_64/src/rej_uniform_avx2.c:131)
==149402==    by 0x4876B16: mlk_rej_uniform_native (vendor/liboqs-src/src/kem/ml_kem/mlkem-native_ml-kem-768_x86_64/mlkem/src/native/x86_64/meta.h:52)
==149402==    by 0x4876B16: mlk_rej_uniform (vendor/liboqs-src/src/kem/ml_kem/mlkem-native_ml-kem-768_x86_64/mlkem/src/sampling.c:127)
==149402==    by 0x4876B16: PQCP_MLKEM_NATIVE_MLKEM768_X86_64_poly_rej_uniform_x4 (vendor/liboqs-src/src/kem/ml_kem/mlkem-native_ml-kem-768_x86_64/mlkem/src/sampling.c:171)
==149402==    by 0x4871572: PQCP_MLKEM_NATIVE_MLKEM768_X86_64_gen_matrix (vendor/liboqs-src/src/kem/ml_kem/mlkem-native_ml-kem-768_x86_64/mlkem/src/indcpa.c:246)
==149402==    by 0x48718DC: PQCP_MLKEM_NATIVE_MLKEM768_X86_64_indcpa_enc (vendor/liboqs-src/src/kem/ml_kem/mlkem-native_ml-kem-768_x86_64/mlkem/src/indcpa.c:437)
==149402==    by 0x48727A2: PQCP_MLKEM_NATIVE_MLKEM768_X86_64_dec (vendor/liboqs-src/src/kem/ml_kem/mlkem-native_ml-kem-768_x86_64/mlkem/src/kem.c:346)
==149402==    by 0x10933A: main (ct_test.c:66)
==149402==  Uninitialised value was created by a client request
==149402==    at 0x109320: main (ct_test.c:63)
==149402== 
==149402== Conditional jump or move depends on uninitialised value(s)
==149402==    at 0x4876035: PQCP_MLKEM_NATIVE_MLKEM768_X86_64_rej_uniform_avx2 (vendor/liboqs-src/src/kem/ml_kem/mlkem-native_ml-kem-768_x86_64/mlkem/src/native/x86_64/src/rej_uniform_avx2.c:133)
==149402==    by 0x4876B16: mlk_rej_uniform_native (vendor/liboqs-src/src/kem/ml_kem/mlkem-native_ml-kem-768_x86_64/mlkem/src/native/x86_64/meta.h:52)
==149402==    by 0x4876B16: mlk_rej_uniform (vendor/liboqs-src/src/kem/ml_kem/mlkem-native_ml-kem-768_x86_64/mlkem/src/sampling.c:127)
==149402==    by 0x4876B16: PQCP_MLKEM_NATIVE_MLKEM768_X86_64_poly_rej_uniform_x4 (vendor/liboqs-src/src/kem/ml_kem/mlkem-native_ml-kem-768_x86_64/mlkem/src/sampling.c:171)
==149402==    by 0x4871572: PQCP_MLKEM_NATIVE_MLKEM768_X86_64_gen_matrix (vendor/liboqs-src/src/kem/ml_kem/mlkem-native_ml-kem-768_x86_64/mlkem/src/indcpa.c:246)
==149402==    by 0x48718DC: PQCP_MLKEM_NATIVE_MLKEM768_X86_64_indcpa_enc (vendor/liboqs-src/src/kem/ml_kem/mlkem-native_ml-kem-768_x86_64/mlkem/src/indcpa.c:437)
==149402==    by 0x48727A2: PQCP_MLKEM_NATIVE_MLKEM768_X86_64_dec (vendor/liboqs-src/src/kem/ml_kem/mlkem-native_ml-kem-768_x86_64/mlkem/src/kem.c:346)
==149402==    by 0x10933A: main (ct_test.c:66)
==149402==  Uninitialised value was created by a client request
==149402==    at 0x109320: main (ct_test.c:63)
==149402== 
==149402== Conditional jump or move depends on uninitialised value(s)
==149402==    at 0x487605C: PQCP_MLKEM_NATIVE_MLKEM768_X86_64_rej_uniform_avx2 (vendor/liboqs-src/src/kem/ml_kem/mlkem-native_ml-kem-768_x86_64/mlkem/src/native/x86_64/src/rej_uniform_avx2.c:123)
==149402==    by 0x4876B16: mlk_rej_uniform_native (vendor/liboqs-src/src/kem/ml_kem/mlkem-native_ml-kem-768_x86_64/mlkem/src/native/x86_64/meta.h:52)
==149402==    by 0x4876B16: mlk_rej_uniform (vendor/liboqs-src/src/kem/ml_kem/mlkem-native_ml-kem-768_x86_64/mlkem/src/sampling.c:127)
==149402==    by 0x4876B16: PQCP_MLKEM_NATIVE_MLKEM768_X86_64_poly_rej_uniform_x4 (vendor/liboqs-src/src/kem/ml_kem/mlkem-native_ml-kem-768_x86_64/mlkem/src/sampling.c:171)
==149402==    by 0x4871572: PQCP_MLKEM_NATIVE_MLKEM768_X86_64_gen_matrix (vendor/liboqs-src/src/kem/ml_kem/mlkem-native_ml-kem-768_x86_64/mlkem/src/indcpa.c:246)
==149402==    by 0x48718DC: PQCP_MLKEM_NATIVE_MLKEM768_X86_64_indcpa_enc (vendor/liboqs-src/src/kem/ml_kem/mlkem-native_ml-kem-768_x86_64/mlkem/src/indcpa.c:437)
==149402==    by 0x48727A2: PQCP_MLKEM_NATIVE_MLKEM768_X86_64_dec (vendor/liboqs-src/src/kem/ml_kem/mlkem-native_ml-kem-768_x86_64/mlkem/src/kem.c:346)
==149402==    by 0x10933A: main (ct_test.c:66)
==149402==  Uninitialised value was created by a client request
==149402==    at 0x109320: main (ct_test.c:63)
==149402== 
==149402== Conditional jump or move depends on uninitialised value(s)
==149402==    at 0x4876B1D: mlk_rej_uniform (vendor/liboqs-src/src/kem/ml_kem/mlkem-native_ml-kem-768_x86_64/mlkem/src/sampling.c:128)
==149402==    by 0x4876B1D: PQCP_MLKEM_NATIVE_MLKEM768_X86_64_poly_rej_uniform_x4 (vendor/liboqs-src/src/kem/ml_kem/mlkem-native_ml-kem-768_x86_64/mlkem/src/sampling.c:171)
==149402==    by 0x4871572: PQCP_MLKEM_NATIVE_MLKEM768_X86_64_gen_matrix (vendor/liboqs-src/src/kem/ml_kem/mlkem-native_ml-kem-768_x86_64/mlkem/src/indcpa.c:246)
==149402==    by 0x48718DC: PQCP_MLKEM_NATIVE_MLKEM768_X86_64_indcpa_enc (vendor/liboqs-src/src/kem/ml_kem/mlkem-native_ml-kem-768_x86_64/mlkem/src/indcpa.c:437)
==149402==    by 0x48727A2: PQCP_MLKEM_NATIVE_MLKEM768_X86_64_dec (vendor/liboqs-src/src/kem/ml_kem/mlkem-native_ml-kem-768_x86_64/mlkem/src/kem.c:346)
==149402==    by 0x10933A: main (ct_test.c:66)
==149402==  Uninitialised value was created by a client request
==149402==    at 0x109320: main (ct_test.c:63)
==149402== 
==149402== Conditional jump or move depends on uninitialised value(s)
==149402==    at 0x4876BC7: mlk_rej_uniform (vendor/liboqs-src/src/kem/ml_kem/mlkem-native_ml-kem-768_x86_64/mlkem/src/sampling.c:128)
==149402==    by 0x4876BC7: PQCP_MLKEM_NATIVE_MLKEM768_X86_64_poly_rej_uniform_x4 (vendor/liboqs-src/src/kem/ml_kem/mlkem-native_ml-kem-768_x86_64/mlkem/src/sampling.c:172)
==149402==    by 0x4871572: PQCP_MLKEM_NATIVE_MLKEM768_X86_64_gen_matrix (vendor/liboqs-src/src/kem/ml_kem/mlkem-native_ml-kem-768_x86_64/mlkem/src/indcpa.c:246)
==149402==    by 0x48718DC: PQCP_MLKEM_NATIVE_MLKEM768_X86_64_indcpa_enc (vendor/liboqs-src/src/kem/ml_kem/mlkem-native_ml-kem-768_x86_64/mlkem/src/indcpa.c:437)
==149402==    by 0x48727A2: PQCP_MLKEM_NATIVE_MLKEM768_X86_64_dec (vendor/liboqs-src/src/kem/ml_kem/mlkem-native_ml-kem-768_x86_64/mlkem/src/kem.c:346)
==149402==    by 0x10933A: main (ct_test.c:66)
==149402==  Uninitialised value was created by a client request
==149402==    at 0x109320: main (ct_test.c:63)
==149402== 
==149402== Conditional jump or move depends on uninitialised value(s)
==149402==    at 0x4876035: PQCP_MLKEM_NATIVE_MLKEM768_X86_64_rej_uniform_avx2 (vendor/liboqs-src/src/kem/ml_kem/mlkem-native_ml-kem-768_x86_64/mlkem/src/native/x86_64/src/rej_uniform_avx2.c:133)
==149402==    by 0x4876C58: mlk_rej_uniform_native (vendor/liboqs-src/src/kem/ml_kem/mlkem-native_ml-kem-768_x86_64/mlkem/src/native/x86_64/meta.h:52)
==149402==    by 0x4876C58: mlk_rej_uniform (vendor/liboqs-src/src/kem/ml_kem/mlkem-native_ml-kem-768_x86_64/mlkem/src/sampling.c:127)
==149402==    by 0x4876C58: PQCP_MLKEM_NATIVE_MLKEM768_X86_64_poly_rej_uniform_x4 (vendor/liboqs-src/src/kem/ml_kem/mlkem-native_ml-kem-768_x86_64/mlkem/src/sampling.c:173)
==149402==    by 0x4871572: PQCP_MLKEM_NATIVE_MLKEM768_X86_64_gen_matrix (vendor/liboqs-src/src/kem/ml_kem/mlkem-native_ml-kem-768_x86_64/mlkem/src/indcpa.c:246)
==149402==    by 0x48718DC: PQCP_MLKEM_NATIVE_MLKEM768_X86_64_indcpa_enc (vendor/liboqs-src/src/kem/ml_kem/mlkem-native_ml-kem-768_x86_64/mlkem/src/indcpa.c:437)
==149402==    by 0x48727A2: PQCP_MLKEM_NATIVE_MLKEM768_X86_64_dec (vendor/liboqs-src/src/kem/ml_kem/mlkem-native_ml-kem-768_x86_64/mlkem/src/kem.c:346)
==149402==    by 0x10933A: main (ct_test.c:66)
==149402==  Uninitialised value was created by a client request
==149402==    at 0x109320: main (ct_test.c:63)
==149402== 
==149402== Conditional jump or move depends on uninitialised value(s)
==149402==    at 0x487605C: PQCP_MLKEM_NATIVE_MLKEM768_X86_64_rej_uniform_avx2 (vendor/liboqs-src/src/kem/ml_kem/mlkem-native_ml-kem-768_x86_64/mlkem/src/native/x86_64/src/rej_uniform_avx2.c:123)
==149402==    by 0x4876C58: mlk_rej_uniform_native (vendor/liboqs-src/src/kem/ml_kem/mlkem-native_ml-kem-768_x86_64/mlkem/src/native/x86_64/meta.h:52)
==149402==    by 0x4876C58: mlk_rej_uniform (vendor/liboqs-src/src/kem/ml_kem/mlkem-native_ml-kem-768_x86_64/mlkem/src/sampling.c:127)
==149402==    by 0x4876C58: PQCP_MLKEM_NATIVE_MLKEM768_X86_64_poly_rej_uniform_x4 (vendor/liboqs-src/src/kem/ml_kem/mlkem-native_ml-kem-768_x86_64/mlkem/src/sampling.c:173)
==149402==    by 0x4871572: PQCP_MLKEM_NATIVE_MLKEM768_X86_64_gen_matrix (vendor/liboqs-src/src/kem/ml_kem/mlkem-native_ml-kem-768_x86_64/mlkem/src/indcpa.c:246)
==149402==    by 0x48718DC: PQCP_MLKEM_NATIVE_MLKEM768_X86_64_indcpa_enc (vendor/liboqs-src/src/kem/ml_kem/mlkem-native_ml-kem-768_x86_64/mlkem/src/indcpa.c:437)
==149402==    by 0x48727A2: PQCP_MLKEM_NATIVE_MLKEM768_X86_64_dec (vendor/liboqs-src/src/kem/ml_kem/mlkem-native_ml-kem-768_x86_64/mlkem/src/kem.c:346)
==149402==    by 0x10933A: main (ct_test.c:66)
==149402==  Uninitialised value was created by a client request
==149402==    at 0x109320: main (ct_test.c:63)
==149402== 
==149402== Use of uninitialised value of size 8
==149402==    at 0x4876042: PQCP_MLKEM_NATIVE_MLKEM768_X86_64_rej_uniform_avx2 (vendor/liboqs-src/src/kem/ml_kem/mlkem-native_ml-kem-768_x86_64/mlkem/src/native/x86_64/src/rej_uniform_avx2.c:135)
==149402==    by 0x4876C58: mlk_rej_uniform_native (vendor/liboqs-src/src/kem/ml_kem/mlkem-native_ml-kem-768_x86_64/mlkem/src/native/x86_64/meta.h:52)
==149402==    by 0x4876C58: mlk_rej_uniform (vendor/liboqs-src/src/kem/ml_kem/mlkem-native_ml-kem-768_x86_64/mlkem/src/sampling.c:127)
==149402==    by 0x4876C58: PQCP_MLKEM_NATIVE_MLKEM768_X86_64_poly_rej_uniform_x4 (vendor/liboqs-src/src/kem/ml_kem/mlkem-native_ml-kem-768_x86_64/mlkem/src/sampling.c:173)
==149402==    by 0x4871572: PQCP_MLKEM_NATIVE_MLKEM768_X86_64_gen_matrix (vendor/liboqs-src/src/kem/ml_kem/mlkem-native_ml-kem-768_x86_64/mlkem/src/indcpa.c:246)
==149402==    by 0x48718DC: PQCP_MLKEM_NATIVE_MLKEM768_X86_64_indcpa_enc (vendor/liboqs-src/src/kem/ml_kem/mlkem-native_ml-kem-768_x86_64/mlkem/src/indcpa.c:437)
==149402==    by 0x48727A2: PQCP_MLKEM_NATIVE_MLKEM768_X86_64_dec (vendor/liboqs-src/src/kem/ml_kem/mlkem-native_ml-kem-768_x86_64/mlkem/src/kem.c:346)
==149402==    by 0x10933A: main (ct_test.c:66)
==149402==  Uninitialised value was created by a client request
==149402==    at 0x109320: main (ct_test.c:63)
==149402== 
==149402== Conditional jump or move depends on uninitialised value(s)
==149402==    at 0x4876C5F: mlk_rej_uniform (vendor/liboqs-src/src/kem/ml_kem/mlkem-native_ml-kem-768_x86_64/mlkem/src/sampling.c:128)
==149402==    by 0x4876C5F: PQCP_MLKEM_NATIVE_MLKEM768_X86_64_poly_rej_uniform_x4 (vendor/liboqs-src/src/kem/ml_kem/mlkem-native_ml-kem-768_x86_64/mlkem/src/sampling.c:173)
==149402==    by 0x4871572: PQCP_MLKEM_NATIVE_MLKEM768_X86_64_gen_matrix (vendor/liboqs-src/src/kem/ml_kem/mlkem-native_ml-kem-768_x86_64/mlkem/src/indcpa.c:246)
==149402==    by 0x48718DC: PQCP_MLKEM_NATIVE_MLKEM768_X86_64_indcpa_enc (vendor/liboqs-src/src/kem/ml_kem/mlkem-native_ml-kem-768_x86_64/mlkem/src/indcpa.c:437)
==149402==    by 0x48727A2: PQCP_MLKEM_NATIVE_MLKEM768_X86_64_dec (vendor/liboqs-src/src/kem/ml_kem/mlkem-native_ml-kem-768_x86_64/mlkem/src/kem.c:346)
==149402==    by 0x10933A: main (ct_test.c:66)
==149402==  Uninitialised value was created by a client request
==149402==    at 0x109320: main (ct_test.c:63)
==149402== 
==149402== Conditional jump or move depends on uninitialised value(s)
==149402==    at 0x4876D11: PQCP_MLKEM_NATIVE_MLKEM768_X86_64_poly_rej_uniform_x4 (vendor/liboqs-src/src/kem/ml_kem/mlkem-native_ml-kem-768_x86_64/mlkem/src/sampling.c:180)
==149402==    by 0x4871572: PQCP_MLKEM_NATIVE_MLKEM768_X86_64_gen_matrix (vendor/liboqs-src/src/kem/ml_kem/mlkem-native_ml-kem-768_x86_64/mlkem/src/indcpa.c:246)
==149402==    by 0x48718DC: PQCP_MLKEM_NATIVE_MLKEM768_X86_64_indcpa_enc (vendor/liboqs-src/src/kem/ml_kem/mlkem-native_ml-kem-768_x86_64/mlkem/src/indcpa.c:437)
==149402==    by 0x48727A2: PQCP_MLKEM_NATIVE_MLKEM768_X86_64_dec (vendor/liboqs-src/src/kem/ml_kem/mlkem-native_ml-kem-768_x86_64/mlkem/src/kem.c:346)
==149402==    by 0x10933A: main (ct_test.c:66)
==149402==  Uninitialised value was created by a client request
==149402==    at 0x109320: main (ct_test.c:63)
==149402== 
==149402== Conditional jump or move depends on uninitialised value(s)
==149402==    at 0x4876D22: PQCP_MLKEM_NATIVE_MLKEM768_X86_64_poly_rej_uniform_x4 (vendor/liboqs-src/src/kem/ml_kem/mlkem-native_ml-kem-768_x86_64/mlkem/src/sampling.c:180)
==149402==    by 0x4871572: PQCP_MLKEM_NATIVE_MLKEM768_X86_64_gen_matrix (vendor/liboqs-src/src/kem/ml_kem/mlkem-native_ml-kem-768_x86_64/mlkem/src/indcpa.c:246)
==149402==    by 0x48718DC: PQCP_MLKEM_NATIVE_MLKEM768_X86_64_indcpa_enc (vendor/liboqs-src/src/kem/ml_kem/mlkem-native_ml-kem-768_x86_64/mlkem/src/indcpa.c:437)
==149402==    by 0x48727A2: PQCP_MLKEM_NATIVE_MLKEM768_X86_64_dec (vendor/liboqs-src/src/kem/ml_kem/mlkem-native_ml-kem-768_x86_64/mlkem/src/kem.c:346)
==149402==    by 0x10933A: main (ct_test.c:66)
==149402==  Uninitialised value was created by a client request
==149402==    at 0x109320: main (ct_test.c:63)
==149402== 
==149402== Use of uninitialised value of size 8
==149402==    at 0x4875E7F: PQCP_MLKEM_NATIVE_MLKEM768_X86_64_rej_uniform_avx2 (vendor/liboqs-src/src/kem/ml_kem/mlkem-native_ml-kem-768_x86_64/mlkem/src/native/x86_64/src/rej_uniform_avx2.c:71)
==149402==    by 0x48772F8: mlk_rej_uniform_native (vendor/liboqs-src/src/kem/ml_kem/mlkem-native_ml-kem-768_x86_64/mlkem/src/native/x86_64/meta.h:52)
==149402==    by 0x48772F8: mlk_rej_uniform (vendor/liboqs-src/src/kem/ml_kem/mlkem-native_ml-kem-768_x86_64/mlkem/src/sampling.c:127)
==149402==    by 0x48772F8: PQCP_MLKEM_NATIVE_MLKEM768_X86_64_poly_rej_uniform (vendor/liboqs-src/src/kem/ml_kem/mlkem-native_ml-kem-768_x86_64/mlkem/src/sampling.c:221)
==149402==    by 0x487158B: PQCP_MLKEM_NATIVE_MLKEM768_X86_64_gen_matrix (vendor/liboqs-src/src/kem/ml_kem/mlkem-native_ml-kem-768_x86_64/mlkem/src/indcpa.c:267)
==149402==    by 0x48718DC: PQCP_MLKEM_NATIVE_MLKEM768_X86_64_indcpa_enc (vendor/liboqs-src/src/kem/ml_kem/mlkem-native_ml-kem-768_x86_64/mlkem/src/indcpa.c:437)
==149402==    by 0x48727A2: PQCP_MLKEM_NATIVE_MLKEM768_X86_64_dec (vendor/liboqs-src/src/kem/ml_kem/mlkem-native_ml-kem-768_x86_64/mlkem/src/kem.c:346)
==149402==    by 0x10933A: main (ct_test.c:66)
==149402==  Uninitialised value was created by a client request
==149402==    at 0x109320: main (ct_test.c:63)
==149402== 
==149402== Use of uninitialised value of size 8
==149402==    at 0x4875E88: PQCP_MLKEM_NATIVE_MLKEM768_X86_64_rej_uniform_avx2 (vendor/liboqs-src/src/kem/ml_kem/mlkem-native_ml-kem-768_x86_64/mlkem/src/native/x86_64/src/rej_uniform_avx2.c:73)
==149402==    by 0x48772F8: mlk_rej_uniform_native (vendor/liboqs-src/src/kem/ml_kem/mlkem-native_ml-kem-768_x86_64/mlkem/src/native/x86_64/meta.h:52)
==149402==    by 0x48772F8: mlk_rej_uniform (vendor/liboqs-src/src/kem/ml_kem/mlkem-native_ml-kem-768_x86_64/mlkem/src/sampling.c:127)
==149402==    by 0x48772F8: PQCP_MLKEM_NATIVE_MLKEM768_X86_64_poly_rej_uniform (vendor/liboqs-src/src/kem/ml_kem/mlkem-native_ml-kem-768_x86_64/mlkem/src/sampling.c:221)
==149402==    by 0x487158B: PQCP_MLKEM_NATIVE_MLKEM768_X86_64_gen_matrix (vendor/liboqs-src/src/kem/ml_kem/mlkem-native_ml-kem-768_x86_64/mlkem/src/indcpa.c:267)
==149402==    by 0x48718DC: PQCP_MLKEM_NATIVE_MLKEM768_X86_64_indcpa_enc (vendor/liboqs-src/src/kem/ml_kem/mlkem-native_ml-kem-768_x86_64/mlkem/src/indcpa.c:437)
==149402==    by 0x48727A2: PQCP_MLKEM_NATIVE_MLKEM768_X86_64_dec (vendor/liboqs-src/src/kem/ml_kem/mlkem-native_ml-kem-768_x86_64/mlkem/src/kem.c:346)
==149402==    by 0x10933A: main (ct_test.c:66)
==149402== 
==149402== Use of uninitialised value of size 8
==149402==    at 0x4875E98: PQCP_MLKEM_NATIVE_MLKEM768_X86_64_rej_uniform_avx2 (vendor/liboqs-src/src/kem/ml_kem/mlkem-native_ml-kem-768_x86_64/mlkem/src/native/x86_64/src/rej_uniform_avx2.c:74)
==149402==    by 0x48772F8: mlk_rej_uniform_native (vendor/liboqs-src/src/kem/ml_kem/mlkem-native_ml-kem-768_x86_64/mlkem/src/native/x86_64/meta.h:52)
==149402==    by 0x48772F8: mlk_rej_uniform (vendor/liboqs-src/src/kem/ml_kem/mlkem-native_ml-kem-768_x86_64/mlkem/src/sampling.c:127)
==149402==    by 0x48772F8: PQCP_MLKEM_NATIVE_MLKEM768_X86_64_poly_rej_uniform (vendor/liboqs-src/src/kem/ml_kem/mlkem-native_ml-kem-768_x86_64/mlkem/src/sampling.c:221)
==149402==    by 0x487158B: PQCP_MLKEM_NATIVE_MLKEM768_X86_64_gen_matrix (vendor/liboqs-src/src/kem/ml_kem/mlkem-native_ml-kem-768_x86_64/mlkem/src/indcpa.c:267)
==149402==    by 0x48718DC: PQCP_MLKEM_NATIVE_MLKEM768_X86_64_indcpa_enc (vendor/liboqs-src/src/kem/ml_kem/mlkem-native_ml-kem-768_x86_64/mlkem/src/indcpa.c:437)
==149402==    by 0x48727A2: PQCP_MLKEM_NATIVE_MLKEM768_X86_64_dec (vendor/liboqs-src/src/kem/ml_kem/mlkem-native_ml-kem-768_x86_64/mlkem/src/kem.c:346)
==149402==    by 0x10933A: main (ct_test.c:66)
==149402==  Uninitialised value was created by a client request
==149402==    at 0x109320: main (ct_test.c:63)
==149402== 
==149402== Use of uninitialised value of size 8
==149402==    at 0x4875EA7: PQCP_MLKEM_NATIVE_MLKEM768_X86_64_rej_uniform_avx2 (vendor/liboqs-src/src/kem/ml_kem/mlkem-native_ml-kem-768_x86_64/mlkem/src/native/x86_64/src/rej_uniform_avx2.c:78)
==149402==    by 0x48772F8: mlk_rej_uniform_native (vendor/liboqs-src/src/kem/ml_kem/mlkem-native_ml-kem-768_x86_64/mlkem/src/native/x86_64/meta.h:52)
==149402==    by 0x48772F8: mlk_rej_uniform (vendor/liboqs-src/src/kem/ml_kem/mlkem-native_ml-kem-768_x86_64/mlkem/src/sampling.c:127)
==149402==    by 0x48772F8: PQCP_MLKEM_NATIVE_MLKEM768_X86_64_poly_rej_uniform (vendor/liboqs-src/src/kem/ml_kem/mlkem-native_ml-kem-768_x86_64/mlkem/src/sampling.c:221)
==149402==    by 0x487158B: PQCP_MLKEM_NATIVE_MLKEM768_X86_64_gen_matrix (vendor/liboqs-src/src/kem/ml_kem/mlkem-native_ml-kem-768_x86_64/mlkem/src/indcpa.c:267)
==149402==    by 0x48718DC: PQCP_MLKEM_NATIVE_MLKEM768_X86_64_indcpa_enc (vendor/liboqs-src/src/kem/ml_kem/mlkem-native_ml-kem-768_x86_64/mlkem/src/indcpa.c:437)
==149402==    by 0x48727A2: PQCP_MLKEM_NATIVE_MLKEM768_X86_64_dec (vendor/liboqs-src/src/kem/ml_kem/mlkem-native_ml-kem-768_x86_64/mlkem/src/kem.c:346)
==149402==    by 0x10933A: main (ct_test.c:66)
==149402==  Uninitialised value was created by a client request
==149402==    at 0x109320: main (ct_test.c:63)
==149402== 
==149402== Use of uninitialised value of size 8
==149402==    at 0x4875EDF: PQCP_MLKEM_NATIVE_MLKEM768_X86_64_rej_uniform_avx2 (vendor/liboqs-src/src/kem/ml_kem/mlkem-native_ml-kem-768_x86_64/mlkem/src/native/x86_64/src/rej_uniform_avx2.c:93)
==149402==    by 0x48772F8: mlk_rej_uniform_native (vendor/liboqs-src/src/kem/ml_kem/mlkem-native_ml-kem-768_x86_64/mlkem/src/native/x86_64/meta.h:52)
==149402==    by 0x48772F8: mlk_rej_uniform (vendor/liboqs-src/src/kem/ml_kem/mlkem-native_ml-kem-768_x86_64/mlkem/src/sampling.c:127)
==149402==    by 0x48772F8: PQCP_MLKEM_NATIVE_MLKEM768_X86_64_poly_rej_uniform (vendor/liboqs-src/src/kem/ml_kem/mlkem-native_ml-kem-768_x86_64/mlkem/src/sampling.c:221)
==149402==    by 0x487158B: PQCP_MLKEM_NATIVE_MLKEM768_X86_64_gen_matrix (vendor/liboqs-src/src/kem/ml_kem/mlkem-native_ml-kem-768_x86_64/mlkem/src/indcpa.c:267)
==149402==    by 0x48718DC: PQCP_MLKEM_NATIVE_MLKEM768_X86_64_indcpa_enc (vendor/liboqs-src/src/kem/ml_kem/mlkem-native_ml-kem-768_x86_64/mlkem/src/indcpa.c:437)
==149402==    by 0x48727A2: PQCP_MLKEM_NATIVE_MLKEM768_X86_64_dec (vendor/liboqs-src/src/kem/ml_kem/mlkem-native_ml-kem-768_x86_64/mlkem/src/kem.c:346)
==149402==    by 0x10933A: main (ct_test.c:66)
==149402==  Uninitialised value was created by a client request
==149402==    at 0x109320: main (ct_test.c:63)
==149402== 
==149402== Use of uninitialised value of size 8
==149402==    at 0x4875EEE: PQCP_MLKEM_NATIVE_MLKEM768_X86_64_rej_uniform_avx2 (vendor/liboqs-src/src/kem/ml_kem/mlkem-native_ml-kem-768_x86_64/mlkem/src/native/x86_64/src/rej_uniform_avx2.c:95)
==149402==    by 0x48772F8: mlk_rej_uniform_native (vendor/liboqs-src/src/kem/ml_kem/mlkem-native_ml-kem-768_x86_64/mlkem/src/native/x86_64/meta.h:52)
==149402==    by 0x48772F8: mlk_rej_uniform (vendor/liboqs-src/src/kem/ml_kem/mlkem-native_ml-kem-768_x86_64/mlkem/src/sampling.c:127)
==149402==    by 0x48772F8: PQCP_MLKEM_NATIVE_MLKEM768_X86_64_poly_rej_uniform (vendor/liboqs-src/src/kem/ml_kem/mlkem-native_ml-kem-768_x86_64/mlkem/src/sampling.c:221)
==149402==    by 0x487158B: PQCP_MLKEM_NATIVE_MLKEM768_X86_64_gen_matrix (vendor/liboqs-src/src/kem/ml_kem/mlkem-native_ml-kem-768_x86_64/mlkem/src/indcpa.c:267)
==149402==    by 0x48718DC: PQCP_MLKEM_NATIVE_MLKEM768_X86_64_indcpa_enc (vendor/liboqs-src/src/kem/ml_kem/mlkem-native_ml-kem-768_x86_64/mlkem/src/indcpa.c:437)
==149402==    by 0x48727A2: PQCP_MLKEM_NATIVE_MLKEM768_X86_64_dec (vendor/liboqs-src/src/kem/ml_kem/mlkem-native_ml-kem-768_x86_64/mlkem/src/kem.c:346)
==149402==    by 0x10933A: main (ct_test.c:66)
==149402==  Uninitialised value was created by a client request
==149402==    at 0x109320: main (ct_test.c:63)
==149402== 
==149402== Use of uninitialised value of size 8
==149402==    at 0x4875EFB: PQCP_MLKEM_NATIVE_MLKEM768_X86_64_rej_uniform_avx2 (vendor/liboqs-src/src/kem/ml_kem/mlkem-native_ml-kem-768_x86_64/mlkem/src/native/x86_64/src/rej_uniform_avx2.c:97)
==149402==    by 0x48772F8: mlk_rej_uniform_native (vendor/liboqs-src/src/kem/ml_kem/mlkem-native_ml-kem-768_x86_64/mlkem/src/native/x86_64/meta.h:52)
==149402==    by 0x48772F8: mlk_rej_uniform (vendor/liboqs-src/src/kem/ml_kem/mlkem-native_ml-kem-768_x86_64/mlkem/src/sampling.c:127)
==149402==    by 0x48772F8: PQCP_MLKEM_NATIVE_MLKEM768_X86_64_poly_rej_uniform (vendor/liboqs-src/src/kem/ml_kem/mlkem-native_ml-kem-768_x86_64/mlkem/src/sampling.c:221)
==149402==    by 0x487158B: PQCP_MLKEM_NATIVE_MLKEM768_X86_64_gen_matrix (vendor/liboqs-src/src/kem/ml_kem/mlkem-native_ml-kem-768_x86_64/mlkem/src/indcpa.c:267)
==149402==    by 0x48718DC: PQCP_MLKEM_NATIVE_MLKEM768_X86_64_indcpa_enc (vendor/liboqs-src/src/kem/ml_kem/mlkem-native_ml-kem-768_x86_64/mlkem/src/indcpa.c:437)
==149402==    by 0x48727A2: PQCP_MLKEM_NATIVE_MLKEM768_X86_64_dec (vendor/liboqs-src/src/kem/ml_kem/mlkem-native_ml-kem-768_x86_64/mlkem/src/kem.c:346)
==149402==    by 0x10933A: main (ct_test.c:66)
==149402==  Uninitialised value was created by a client request
==149402==    at 0x109320: main (ct_test.c:63)
==149402== 
==149402== Conditional jump or move depends on uninitialised value(s)
==149402==    at 0x4875F1A: PQCP_MLKEM_NATIVE_MLKEM768_X86_64_rej_uniform_avx2 (vendor/liboqs-src/src/kem/ml_kem/mlkem-native_ml-kem-768_x86_64/mlkem/src/native/x86_64/src/rej_uniform_avx2.c:47)
==149402==    by 0x48772F8: mlk_rej_uniform_native (vendor/liboqs-src/src/kem/ml_kem/mlkem-native_ml-kem-768_x86_64/mlkem/src/native/x86_64/meta.h:52)
==149402==    by 0x48772F8: mlk_rej_uniform (vendor/liboqs-src/src/kem/ml_kem/mlkem-native_ml-kem-768_x86_64/mlkem/src/sampling.c:127)
==149402==    by 0x48772F8: PQCP_MLKEM_NATIVE_MLKEM768_X86_64_poly_rej_uniform (vendor/liboqs-src/src/kem/ml_kem/mlkem-native_ml-kem-768_x86_64/mlkem/src/sampling.c:221)
==149402==    by 0x487158B: PQCP_MLKEM_NATIVE_MLKEM768_X86_64_gen_matrix (vendor/liboqs-src/src/kem/ml_kem/mlkem-native_ml-kem-768_x86_64/mlkem/src/indcpa.c:267)
==149402==    by 0x48718DC: PQCP_MLKEM_NATIVE_MLKEM768_X86_64_indcpa_enc (vendor/liboqs-src/src/kem/ml_kem/mlkem-native_ml-kem-768_x86_64/mlkem/src/indcpa.c:437)
==149402==    by 0x48727A2: PQCP_MLKEM_NATIVE_MLKEM768_X86_64_dec (vendor/liboqs-src/src/kem/ml_kem/mlkem-native_ml-kem-768_x86_64/mlkem/src/kem.c:346)
==149402==    by 0x10933A: main (ct_test.c:66)
==149402==  Uninitialised value was created by a client request
==149402==    at 0x109320: main (ct_test.c:63)
==149402== 
==149402== Use of uninitialised value of size 8
==149402==    at 0x4875E30: PQCP_MLKEM_NATIVE_MLKEM768_X86_64_rej_uniform_avx2 (vendor/liboqs-src/src/kem/ml_kem/mlkem-native_ml-kem-768_x86_64/mlkem/src/native/x86_64/src/rej_uniform_avx2.c:54)
==149402==    by 0x48772F8: mlk_rej_uniform_native (vendor/liboqs-src/src/kem/ml_kem/mlkem-native_ml-kem-768_x86_64/mlkem/src/native/x86_64/meta.h:52)
==149402==    by 0x48772F8: mlk_rej_uniform (vendor/liboqs-src/src/kem/ml_kem/mlkem-native_ml-kem-768_x86_64/mlkem/src/sampling.c:127)
==149402==    by 0x48772F8: PQCP_MLKEM_NATIVE_MLKEM768_X86_64_poly_rej_uniform (vendor/liboqs-src/src/kem/ml_kem/mlkem-native_ml-kem-768_x86_64/mlkem/src/sampling.c:221)
==149402==    by 0x487158B: PQCP_MLKEM_NATIVE_MLKEM768_X86_64_gen_matrix (vendor/liboqs-src/src/kem/ml_kem/mlkem-native_ml-kem-768_x86_64/mlkem/src/indcpa.c:267)
==149402==    by 0x48718DC: PQCP_MLKEM_NATIVE_MLKEM768_X86_64_indcpa_enc (vendor/liboqs-src/src/kem/ml_kem/mlkem-native_ml-kem-768_x86_64/mlkem/src/indcpa.c:437)
==149402==    by 0x48727A2: PQCP_MLKEM_NATIVE_MLKEM768_X86_64_dec (vendor/liboqs-src/src/kem/ml_kem/mlkem-native_ml-kem-768_x86_64/mlkem/src/kem.c:346)
==149402==    by 0x10933A: main (ct_test.c:66)
==149402==  Uninitialised value was created by a client request
==149402==    at 0x109320: main (ct_test.c:63)
==149402== 
==149402== Use of uninitialised value of size 8
==149402==    at 0x4875ED1: PQCP_MLKEM_NATIVE_MLKEM768_X86_64_rej_uniform_avx2 (vendor/liboqs-src/src/kem/ml_kem/mlkem-native_ml-kem-768_x86_64/mlkem/src/native/x86_64/src/rej_uniform_avx2.c:91)
==149402==    by 0x48772F8: mlk_rej_uniform_native (vendor/liboqs-src/src/kem/ml_kem/mlkem-native_ml-kem-768_x86_64/mlkem/src/native/x86_64/meta.h:52)
==149402==    by 0x48772F8: mlk_rej_uniform (vendor/liboqs-src/src/kem/ml_kem/mlkem-native_ml-kem-768_x86_64/mlkem/src/sampling.c:127)
==149402==    by 0x48772F8: PQCP_MLKEM_NATIVE_MLKEM768_X86_64_poly_rej_uniform (vendor/liboqs-src/src/kem/ml_kem/mlkem-native_ml-kem-768_x86_64/mlkem/src/sampling.c:221)
==149402==    by 0x487158B: PQCP_MLKEM_NATIVE_MLKEM768_X86_64_gen_matrix (vendor/liboqs-src/src/kem/ml_kem/mlkem-native_ml-kem-768_x86_64/mlkem/src/indcpa.c:267)
==149402==    by 0x48718DC: PQCP_MLKEM_NATIVE_MLKEM768_X86_64_indcpa_enc (vendor/liboqs-src/src/kem/ml_kem/mlkem-native_ml-kem-768_x86_64/mlkem/src/indcpa.c:437)
==149402==    by 0x48727A2: PQCP_MLKEM_NATIVE_MLKEM768_X86_64_dec (vendor/liboqs-src/src/kem/ml_kem/mlkem-native_ml-kem-768_x86_64/mlkem/src/kem.c:346)
==149402==    by 0x10933A: main (ct_test.c:66)
==149402==  Uninitialised value was created by a client request
==149402==    at 0x109320: main (ct_test.c:63)
==149402== 
==149402== Conditional jump or move depends on uninitialised value(s)
==149402==    at 0x4875F0E: PQCP_MLKEM_NATIVE_MLKEM768_X86_64_rej_uniform_avx2 (vendor/liboqs-src/src/kem/ml_kem/mlkem-native_ml-kem-768_x86_64/mlkem/src/native/x86_64/src/rej_uniform_avx2.c:47)
==149402==    by 0x48772F8: mlk_rej_uniform_native (vendor/liboqs-src/src/kem/ml_kem/mlkem-native_ml-kem-768_x86_64/mlkem/src/native/x86_64/meta.h:52)
==149402==    by 0x48772F8: mlk_rej_uniform (vendor/liboqs-src/src/kem/ml_kem/mlkem-native_ml-kem-768_x86_64/mlkem/src/sampling.c:127)
==149402==    by 0x48772F8: PQCP_MLKEM_NATIVE_MLKEM768_X86_64_poly_rej_uniform (vendor/liboqs-src/src/kem/ml_kem/mlkem-native_ml-kem-768_x86_64/mlkem/src/sampling.c:221)
==149402==    by 0x487158B: PQCP_MLKEM_NATIVE_MLKEM768_X86_64_gen_matrix (vendor/liboqs-src/src/kem/ml_kem/mlkem-native_ml-kem-768_x86_64/mlkem/src/indcpa.c:267)
==149402==    by 0x48718DC: PQCP_MLKEM_NATIVE_MLKEM768_X86_64_indcpa_enc (vendor/liboqs-src/src/kem/ml_kem/mlkem-native_ml-kem-768_x86_64/mlkem/src/indcpa.c:437)
==149402==    by 0x48727A2: PQCP_MLKEM_NATIVE_MLKEM768_X86_64_dec (vendor/liboqs-src/src/kem/ml_kem/mlkem-native_ml-kem-768_x86_64/mlkem/src/kem.c:346)
==149402==    by 0x10933A: main (ct_test.c:66)
==149402==  Uninitialised value was created by a client request
==149402==    at 0x109320: main (ct_test.c:63)
==149402== 
==149402== Conditional jump or move depends on uninitialised value(s)
==149402==    at 0x4875F3A: PQCP_MLKEM_NATIVE_MLKEM768_X86_64_rej_uniform_avx2 (vendor/liboqs-src/src/kem/ml_kem/mlkem-native_ml-kem-768_x86_64/mlkem/src/native/x86_64/src/rej_uniform_avx2.c:101)
==149402==    by 0x48772F8: mlk_rej_uniform_native (vendor/liboqs-src/src/kem/ml_kem/mlkem-native_ml-kem-768_x86_64/mlkem/src/native/x86_64/meta.h:52)
==149402==    by 0x48772F8: mlk_rej_uniform (vendor/liboqs-src/src/kem/ml_kem/mlkem-native_ml-kem-768_x86_64/mlkem/src/sampling.c:127)
==149402==    by 0x48772F8: PQCP_MLKEM_NATIVE_MLKEM768_X86_64_poly_rej_uniform (vendor/liboqs-src/src/kem/ml_kem/mlkem-native_ml-kem-768_x86_64/mlkem/src/sampling.c:221)
==149402==    by 0x487158B: PQCP_MLKEM_NATIVE_MLKEM768_X86_64_gen_matrix (vendor/liboqs-src/src/kem/ml_kem/mlkem-native_ml-kem-768_x86_64/mlkem/src/indcpa.c:267)
==149402==    by 0x48718DC: PQCP_MLKEM_NATIVE_MLKEM768_X86_64_indcpa_enc (vendor/liboqs-src/src/kem/ml_kem/mlkem-native_ml-kem-768_x86_64/mlkem/src/indcpa.c:437)
==149402==    by 0x48727A2: PQCP_MLKEM_NATIVE_MLKEM768_X86_64_dec (vendor/liboqs-src/src/kem/ml_kem/mlkem-native_ml-kem-768_x86_64/mlkem/src/kem.c:346)
==149402==    by 0x10933A: main (ct_test.c:66)
==149402==  Uninitialised value was created by a client request
==149402==    at 0x109320: main (ct_test.c:63)
==149402== 
==149402== Use of uninitialised value of size 8
==149402==    at 0x4875F63: PQCP_MLKEM_NATIVE_MLKEM768_X86_64_rej_uniform_avx2 (vendor/liboqs-src/src/kem/ml_kem/mlkem-native_ml-kem-768_x86_64/mlkem/src/native/x86_64/src/rej_uniform_avx2.c:103)
==149402==    by 0x48772F8: mlk_rej_uniform_native (vendor/liboqs-src/src/kem/ml_kem/mlkem-native_ml-kem-768_x86_64/mlkem/src/native/x86_64/meta.h:52)
==149402==    by 0x48772F8: mlk_rej_uniform (vendor/liboqs-src/src/kem/ml_kem/mlkem-native_ml-kem-768_x86_64/mlkem/src/sampling.c:127)
==149402==    by 0x48772F8: PQCP_MLKEM_NATIVE_MLKEM768_X86_64_poly_rej_uniform (vendor/liboqs-src/src/kem/ml_kem/mlkem-native_ml-kem-768_x86_64/mlkem/src/sampling.c:221)
==149402==    by 0x487158B: PQCP_MLKEM_NATIVE_MLKEM768_X86_64_gen_matrix (vendor/liboqs-src/src/kem/ml_kem/mlkem-native_ml-kem-768_x86_64/mlkem/src/indcpa.c:267)
==149402==    by 0x48718DC: PQCP_MLKEM_NATIVE_MLKEM768_X86_64_indcpa_enc (vendor/liboqs-src/src/kem/ml_kem/mlkem-native_ml-kem-768_x86_64/mlkem/src/indcpa.c:437)
==149402==    by 0x48727A2: PQCP_MLKEM_NATIVE_MLKEM768_X86_64_dec (vendor/liboqs-src/src/kem/ml_kem/mlkem-native_ml-kem-768_x86_64/mlkem/src/kem.c:346)
==149402==    by 0x10933A: main (ct_test.c:66)
==149402==  Uninitialised value was created by a client request
==149402==    at 0x109320: main (ct_test.c:63)
==149402== 
==149402== Use of uninitialised value of size 8
==149402==    at 0x4875F8E: PQCP_MLKEM_NATIVE_MLKEM768_X86_64_rej_uniform_avx2 (vendor/liboqs-src/src/kem/ml_kem/mlkem-native_ml-kem-768_x86_64/mlkem/src/native/x86_64/src/rej_uniform_avx2.c:114)
==149402==    by 0x48772F8: mlk_rej_uniform_native (vendor/liboqs-src/src/kem/ml_kem/mlkem-native_ml-kem-768_x86_64/mlkem/src/native/x86_64/meta.h:52)
==149402==    by 0x48772F8: mlk_rej_uniform (vendor/liboqs-src/src/kem/ml_kem/mlkem-native_ml-kem-768_x86_64/mlkem/src/sampling.c:127)
==149402==    by 0x48772F8: PQCP_MLKEM_NATIVE_MLKEM768_X86_64_poly_rej_uniform (vendor/liboqs-src/src/kem/ml_kem/mlkem-native_ml-kem-768_x86_64/mlkem/src/sampling.c:221)
==149402==    by 0x487158B: PQCP_MLKEM_NATIVE_MLKEM768_X86_64_gen_matrix (vendor/liboqs-src/src/kem/ml_kem/mlkem-native_ml-kem-768_x86_64/mlkem/src/indcpa.c:267)
==149402==    by 0x48718DC: PQCP_MLKEM_NATIVE_MLKEM768_X86_64_indcpa_enc (vendor/liboqs-src/src/kem/ml_kem/mlkem-native_ml-kem-768_x86_64/mlkem/src/indcpa.c:437)
==149402==    by 0x48727A2: PQCP_MLKEM_NATIVE_MLKEM768_X86_64_dec (vendor/liboqs-src/src/kem/ml_kem/mlkem-native_ml-kem-768_x86_64/mlkem/src/kem.c:346)
==149402==    by 0x10933A: main (ct_test.c:66)
==149402==  Uninitialised value was created by a client request
==149402==    at 0x109320: main (ct_test.c:63)
==149402== 
==149402== Use of uninitialised value of size 8
==149402==    at 0x4875FA3: PQCP_MLKEM_NATIVE_MLKEM768_X86_64_rej_uniform_avx2 (vendor/liboqs-src/src/kem/ml_kem/mlkem-native_ml-kem-768_x86_64/mlkem/src/native/x86_64/src/rej_uniform_avx2.c:119)
==149402==    by 0x48772F8: mlk_rej_uniform_native (vendor/liboqs-src/src/kem/ml_kem/mlkem-native_ml-kem-768_x86_64/mlkem/src/native/x86_64/meta.h:52)
==149402==    by 0x48772F8: mlk_rej_uniform (vendor/liboqs-src/src/kem/ml_kem/mlkem-native_ml-kem-768_x86_64/mlkem/src/sampling.c:127)
==149402==    by 0x48772F8: PQCP_MLKEM_NATIVE_MLKEM768_X86_64_poly_rej_uniform (vendor/liboqs-src/src/kem/ml_kem/mlkem-native_ml-kem-768_x86_64/mlkem/src/sampling.c:221)
==149402==    by 0x487158B: PQCP_MLKEM_NATIVE_MLKEM768_X86_64_gen_matrix (vendor/liboqs-src/src/kem/ml_kem/mlkem-native_ml-kem-768_x86_64/mlkem/src/indcpa.c:267)
==149402==    by 0x48718DC: PQCP_MLKEM_NATIVE_MLKEM768_X86_64_indcpa_enc (vendor/liboqs-src/src/kem/ml_kem/mlkem-native_ml-kem-768_x86_64/mlkem/src/indcpa.c:437)
==149402==    by 0x48727A2: PQCP_MLKEM_NATIVE_MLKEM768_X86_64_dec (vendor/liboqs-src/src/kem/ml_kem/mlkem-native_ml-kem-768_x86_64/mlkem/src/kem.c:346)
==149402==    by 0x10933A: main (ct_test.c:66)
==149402==  Uninitialised value was created by a client request
==149402==    at 0x109320: main (ct_test.c:63)
==149402== 
==149402== Conditional jump or move depends on uninitialised value(s)
==149402==    at 0x4875FB5: PQCP_MLKEM_NATIVE_MLKEM768_X86_64_rej_uniform_avx2 (vendor/liboqs-src/src/kem/ml_kem/mlkem-native_ml-kem-768_x86_64/mlkem/src/native/x86_64/src/rej_uniform_avx2.c:101)
==149402==    by 0x48772F8: mlk_rej_uniform_native (vendor/liboqs-src/src/kem/ml_kem/mlkem-native_ml-kem-768_x86_64/mlkem/src/native/x86_64/meta.h:52)
==149402==    by 0x48772F8: mlk_rej_uniform (vendor/liboqs-src/src/kem/ml_kem/mlkem-native_ml-kem-768_x86_64/mlkem/src/sampling.c:127)
==149402==    by 0x48772F8: PQCP_MLKEM_NATIVE_MLKEM768_X86_64_poly_rej_uniform (vendor/liboqs-src/src/kem/ml_kem/mlkem-native_ml-kem-768_x86_64/mlkem/src/sampling.c:221)
==149402==    by 0x487158B: PQCP_MLKEM_NATIVE_MLKEM768_X86_64_gen_matrix (vendor/liboqs-src/src/kem/ml_kem/mlkem-native_ml-kem-768_x86_64/mlkem/src/indcpa.c:267)
==149402==    by 0x48718DC: PQCP_MLKEM_NATIVE_MLKEM768_X86_64_indcpa_enc (vendor/liboqs-src/src/kem/ml_kem/mlkem-native_ml-kem-768_x86_64/mlkem/src/indcpa.c:437)
==149402==    by 0x48727A2: PQCP_MLKEM_NATIVE_MLKEM768_X86_64_dec (vendor/liboqs-src/src/kem/ml_kem/mlkem-native_ml-kem-768_x86_64/mlkem/src/kem.c:346)
==149402==    by 0x10933A: main (ct_test.c:66)
==149402==  Uninitialised value was created by a client request
==149402==    at 0x109320: main (ct_test.c:63)
==149402== 
==149402== Conditional jump or move depends on uninitialised value(s)
==149402==    at 0x4875FC1: PQCP_MLKEM_NATIVE_MLKEM768_X86_64_rej_uniform_avx2 (vendor/liboqs-src/src/kem/ml_kem/mlkem-native_ml-kem-768_x86_64/mlkem/src/native/x86_64/src/rej_uniform_avx2.c:101)
==149402==    by 0x48772F8: mlk_rej_uniform_native (vendor/liboqs-src/src/kem/ml_kem/mlkem-native_ml-kem-768_x86_64/mlkem/src/native/x86_64/meta.h:52)
==149402==    by 0x48772F8: mlk_rej_uniform (vendor/liboqs-src/src/kem/ml_kem/mlkem-native_ml-kem-768_x86_64/mlkem/src/sampling.c:127)
==149402==    by 0x48772F8: PQCP_MLKEM_NATIVE_MLKEM768_X86_64_poly_rej_uniform (vendor/liboqs-src/src/kem/ml_kem/mlkem-native_ml-kem-768_x86_64/mlkem/src/sampling.c:221)
==149402==    by 0x487158B: PQCP_MLKEM_NATIVE_MLKEM768_X86_64_gen_matrix (vendor/liboqs-src/src/kem/ml_kem/mlkem-native_ml-kem-768_x86_64/mlkem/src/indcpa.c:267)
==149402==    by 0x48718DC: PQCP_MLKEM_NATIVE_MLKEM768_X86_64_indcpa_enc (vendor/liboqs-src/src/kem/ml_kem/mlkem-native_ml-kem-768_x86_64/mlkem/src/indcpa.c:437)
==149402==    by 0x48727A2: PQCP_MLKEM_NATIVE_MLKEM768_X86_64_dec (vendor/liboqs-src/src/kem/ml_kem/mlkem-native_ml-kem-768_x86_64/mlkem/src/kem.c:346)
==149402==    by 0x10933A: main (ct_test.c:66)
==149402==  Uninitialised value was created by a client request
==149402==    at 0x109320: main (ct_test.c:63)
==149402== 
==149402== Conditional jump or move depends on uninitialised value(s)
==149402==    at 0x4875FE1: PQCP_MLKEM_NATIVE_MLKEM768_X86_64_rej_uniform_avx2 (vendor/liboqs-src/src/kem/ml_kem/mlkem-native_ml-kem-768_x86_64/mlkem/src/native/x86_64/src/rej_uniform_avx2.c:123)
==149402==    by 0x48772F8: mlk_rej_uniform_native (vendor/liboqs-src/src/kem/ml_kem/mlkem-native_ml-kem-768_x86_64/mlkem/src/native/x86_64/meta.h:52)
==149402==    by 0x48772F8: mlk_rej_uniform (vendor/liboqs-src/src/kem/ml_kem/mlkem-native_ml-kem-768_x86_64/mlkem/src/sampling.c:127)
==149402==    by 0x48772F8: PQCP_MLKEM_NATIVE_MLKEM768_X86_64_poly_rej_uniform (vendor/liboqs-src/src/kem/ml_kem/mlkem-native_ml-kem-768_x86_64/mlkem/src/sampling.c:221)
==149402==    by 0x487158B: PQCP_MLKEM_NATIVE_MLKEM768_X86_64_gen_matrix (vendor/liboqs-src/src/kem/ml_kem/mlkem-native_ml-kem-768_x86_64/mlkem/src/indcpa.c:267)
==149402==    by 0x48718DC: PQCP_MLKEM_NATIVE_MLKEM768_X86_64_indcpa_enc (vendor/liboqs-src/src/kem/ml_kem/mlkem-native_ml-kem-768_x86_64/mlkem/src/indcpa.c:437)
==149402==    by 0x48727A2: PQCP_MLKEM_NATIVE_MLKEM768_X86_64_dec (vendor/liboqs-src/src/kem/ml_kem/mlkem-native_ml-kem-768_x86_64/mlkem/src/kem.c:346)
==149402==    by 0x10933A: main (ct_test.c:66)
==149402==  Uninitialised value was created by a client request
==149402==    at 0x109320: main (ct_test.c:63)
==149402== 
==149402== Use of uninitialised value of size 8
==149402==    at 0x4875FF0: PQCP_MLKEM_NATIVE_MLKEM768_X86_64_rej_uniform_avx2 (vendor/liboqs-src/src/kem/ml_kem/mlkem-native_ml-kem-768_x86_64/mlkem/src/native/x86_64/src/rej_uniform_avx2.c:125)
==149402==    by 0x48772F8: mlk_rej_uniform_native (vendor/liboqs-src/src/kem/ml_kem/mlkem-native_ml-kem-768_x86_64/mlkem/src/native/x86_64/meta.h:52)
==149402==    by 0x48772F8: mlk_rej_uniform (vendor/liboqs-src/src/kem/ml_kem/mlkem-native_ml-kem-768_x86_64/mlkem/src/sampling.c:127)
==149402==    by 0x48772F8: PQCP_MLKEM_NATIVE_MLKEM768_X86_64_poly_rej_uniform (vendor/liboqs-src/src/kem/ml_kem/mlkem-native_ml-kem-768_x86_64/mlkem/src/sampling.c:221)
==149402==    by 0x487158B: PQCP_MLKEM_NATIVE_MLKEM768_X86_64_gen_matrix (vendor/liboqs-src/src/kem/ml_kem/mlkem-native_ml-kem-768_x86_64/mlkem/src/indcpa.c:267)
==149402==    by 0x48718DC: PQCP_MLKEM_NATIVE_MLKEM768_X86_64_indcpa_enc (vendor/liboqs-src/src/kem/ml_kem/mlkem-native_ml-kem-768_x86_64/mlkem/src/indcpa.c:437)
==149402==    by 0x48727A2: PQCP_MLKEM_NATIVE_MLKEM768_X86_64_dec (vendor/liboqs-src/src/kem/ml_kem/mlkem-native_ml-kem-768_x86_64/mlkem/src/kem.c:346)
==149402==    by 0x10933A: main (ct_test.c:66)
==149402==  Uninitialised value was created by a client request
==149402==    at 0x109320: main (ct_test.c:63)
==149402== 
==149402== Conditional jump or move depends on uninitialised value(s)
==149402==    at 0x487600F: PQCP_MLKEM_NATIVE_MLKEM768_X86_64_rej_uniform_avx2 (vendor/liboqs-src/src/kem/ml_kem/mlkem-native_ml-kem-768_x86_64/mlkem/src/native/x86_64/src/rej_uniform_avx2.c:0)
==149402==    by 0x48772F8: mlk_rej_uniform_native (vendor/liboqs-src/src/kem/ml_kem/mlkem-native_ml-kem-768_x86_64/mlkem/src/native/x86_64/meta.h:52)
==149402==    by 0x48772F8: mlk_rej_uniform (vendor/liboqs-src/src/kem/ml_kem/mlkem-native_ml-kem-768_x86_64/mlkem/src/sampling.c:127)
==149402==    by 0x48772F8: PQCP_MLKEM_NATIVE_MLKEM768_X86_64_poly_rej_uniform (vendor/liboqs-src/src/kem/ml_kem/mlkem-native_ml-kem-768_x86_64/mlkem/src/sampling.c:221)
==149402==    by 0x487158B: PQCP_MLKEM_NATIVE_MLKEM768_X86_64_gen_matrix (vendor/liboqs-src/src/kem/ml_kem/mlkem-native_ml-kem-768_x86_64/mlkem/src/indcpa.c:267)
==149402==    by 0x48718DC: PQCP_MLKEM_NATIVE_MLKEM768_X86_64_indcpa_enc (vendor/liboqs-src/src/kem/ml_kem/mlkem-native_ml-kem-768_x86_64/mlkem/src/indcpa.c:437)
==149402==    by 0x48727A2: PQCP_MLKEM_NATIVE_MLKEM768_X86_64_dec (vendor/liboqs-src/src/kem/ml_kem/mlkem-native_ml-kem-768_x86_64/mlkem/src/kem.c:346)
==149402==    by 0x10933A: main (ct_test.c:66)
==149402==  Uninitialised value was created by a client request
==149402==    at 0x109320: main (ct_test.c:63)
==149402== 
==149402== Use of uninitialised value of size 8
==149402==    at 0x4876016: PQCP_MLKEM_NATIVE_MLKEM768_X86_64_rej_uniform_avx2 (vendor/liboqs-src/src/kem/ml_kem/mlkem-native_ml-kem-768_x86_64/mlkem/src/native/x86_64/src/rej_uniform_avx2.c:131)
==149402==    by 0x48772F8: mlk_rej_uniform_native (vendor/liboqs-src/src/kem/ml_kem/mlkem-native_ml-kem-768_x86_64/mlkem/src/native/x86_64/meta.h:52)
==149402==    by 0x48772F8: mlk_rej_uniform (vendor/liboqs-src/src/kem/ml_kem/mlkem-native_ml-kem-768_x86_64/mlkem/src/sampling.c:127)
==149402==    by 0x48772F8: PQCP_MLKEM_NATIVE_MLKEM768_X86_64_poly_rej_uniform (vendor/liboqs-src/src/kem/ml_kem/mlkem-native_ml-kem-768_x86_64/mlkem/src/sampling.c:221)
==149402==    by 0x487158B: PQCP_MLKEM_NATIVE_MLKEM768_X86_64_gen_matrix (vendor/liboqs-src/src/kem/ml_kem/mlkem-native_ml-kem-768_x86_64/mlkem/src/indcpa.c:267)
==149402==    by 0x48718DC: PQCP_MLKEM_NATIVE_MLKEM768_X86_64_indcpa_enc (vendor/liboqs-src/src/kem/ml_kem/mlkem-native_ml-kem-768_x86_64/mlkem/src/indcpa.c:437)
==149402==    by 0x48727A2: PQCP_MLKEM_NATIVE_MLKEM768_X86_64_dec (vendor/liboqs-src/src/kem/ml_kem/mlkem-native_ml-kem-768_x86_64/mlkem/src/kem.c:346)
==149402==    by 0x10933A: main (ct_test.c:66)
==149402==  Uninitialised value was created by a client request
==149402==    at 0x109320: main (ct_test.c:63)
==149402== 
==149402== Use of uninitialised value of size 8
==149402==    at 0x487601E: PQCP_MLKEM_NATIVE_MLKEM768_X86_64_rej_uniform_avx2 (vendor/liboqs-src/src/kem/ml_kem/mlkem-native_ml-kem-768_x86_64/mlkem/src/native/x86_64/src/rej_uniform_avx2.c:0)
==149402==    by 0x48772F8: mlk_rej_uniform_native (vendor/liboqs-src/src/kem/ml_kem/mlkem-native_ml-kem-768_x86_64/mlkem/src/native/x86_64/meta.h:52)
==149402==    by 0x48772F8: mlk_rej_uniform (vendor/liboqs-src/src/kem/ml_kem/mlkem-native_ml-kem-768_x86_64/mlkem/src/sampling.c:127)
==149402==    by 0x48772F8: PQCP_MLKEM_NATIVE_MLKEM768_X86_64_poly_rej_uniform (vendor/liboqs-src/src/kem/ml_kem/mlkem-native_ml-kem-768_x86_64/mlkem/src/sampling.c:221)
==149402==    by 0x487158B: PQCP_MLKEM_NATIVE_MLKEM768_X86_64_gen_matrix (vendor/liboqs-src/src/kem/ml_kem/mlkem-native_ml-kem-768_x86_64/mlkem/src/indcpa.c:267)
==149402==    by 0x48718DC: PQCP_MLKEM_NATIVE_MLKEM768_X86_64_indcpa_enc (vendor/liboqs-src/src/kem/ml_kem/mlkem-native_ml-kem-768_x86_64/mlkem/src/indcpa.c:437)
==149402==    by 0x48727A2: PQCP_MLKEM_NATIVE_MLKEM768_X86_64_dec (vendor/liboqs-src/src/kem/ml_kem/mlkem-native_ml-kem-768_x86_64/mlkem/src/kem.c:346)
==149402==    by 0x10933A: main (ct_test.c:66)
==149402==  Uninitialised value was created by a client request
==149402==    at 0x109320: main (ct_test.c:63)
==149402== 
==149402== Conditional jump or move depends on uninitialised value(s)
==149402==    at 0x487603C: PQCP_MLKEM_NATIVE_MLKEM768_X86_64_rej_uniform_avx2 (vendor/liboqs-src/src/kem/ml_kem/mlkem-native_ml-kem-768_x86_64/mlkem/src/native/x86_64/src/rej_uniform_avx2.c:133)
==149402==    by 0x48772F8: mlk_rej_uniform_native (vendor/liboqs-src/src/kem/ml_kem/mlkem-native_ml-kem-768_x86_64/mlkem/src/native/x86_64/meta.h:52)
==149402==    by 0x48772F8: mlk_rej_uniform (vendor/liboqs-src/src/kem/ml_kem/mlkem-native_ml-kem-768_x86_64/mlkem/src/sampling.c:127)
==149402==    by 0x48772F8: PQCP_MLKEM_NATIVE_MLKEM768_X86_64_poly_rej_uniform (vendor/liboqs-src/src/kem/ml_kem/mlkem-native_ml-kem-768_x86_64/mlkem/src/sampling.c:221)
==149402==    by 0x487158B: PQCP_MLKEM_NATIVE_MLKEM768_X86_64_gen_matrix (vendor/liboqs-src/src/kem/ml_kem/mlkem-native_ml-kem-768_x86_64/mlkem/src/indcpa.c:267)
==149402==    by 0x48718DC: PQCP_MLKEM_NATIVE_MLKEM768_X86_64_indcpa_enc (vendor/liboqs-src/src/kem/ml_kem/mlkem-native_ml-kem-768_x86_64/mlkem/src/indcpa.c:437)
==149402==    by 0x48727A2: PQCP_MLKEM_NATIVE_MLKEM768_X86_64_dec (vendor/liboqs-src/src/kem/ml_kem/mlkem-native_ml-kem-768_x86_64/mlkem/src/kem.c:346)
==149402==    by 0x10933A: main (ct_test.c:66)
==149402==  Uninitialised value was created by a client request
==149402==    at 0x109320: main (ct_test.c:63)
==149402== 
==149402== Use of uninitialised value of size 8
==149402==    at 0x4876042: PQCP_MLKEM_NATIVE_MLKEM768_X86_64_rej_uniform_avx2 (vendor/liboqs-src/src/kem/ml_kem/mlkem-native_ml-kem-768_x86_64/mlkem/src/native/x86_64/src/rej_uniform_avx2.c:135)
==149402==    by 0x48772F8: mlk_rej_uniform_native (vendor/liboqs-src/src/kem/ml_kem/mlkem-native_ml-kem-768_x86_64/mlkem/src/native/x86_64/meta.h:52)
==149402==    by 0x48772F8: mlk_rej_uniform (vendor/liboqs-src/src/kem/ml_kem/mlkem-native_ml-kem-768_x86_64/mlkem/src/sampling.c:127)
==149402==    by 0x48772F8: PQCP_MLKEM_NATIVE_MLKEM768_X86_64_poly_rej_uniform (vendor/liboqs-src/src/kem/ml_kem/mlkem-native_ml-kem-768_x86_64/mlkem/src/sampling.c:221)
==149402==    by 0x487158B: PQCP_MLKEM_NATIVE_MLKEM768_X86_64_gen_matrix (vendor/liboqs-src/src/kem/ml_kem/mlkem-native_ml-kem-768_x86_64/mlkem/src/indcpa.c:267)
==149402==    by 0x48718DC: PQCP_MLKEM_NATIVE_MLKEM768_X86_64_indcpa_enc (vendor/liboqs-src/src/kem/ml_kem/mlkem-native_ml-kem-768_x86_64/mlkem/src/indcpa.c:437)
==149402==    by 0x48727A2: PQCP_MLKEM_NATIVE_MLKEM768_X86_64_dec (vendor/liboqs-src/src/kem/ml_kem/mlkem-native_ml-kem-768_x86_64/mlkem/src/kem.c:346)
==149402==    by 0x10933A: main (ct_test.c:66)
==149402==  Uninitialised value was created by a client request
==149402==    at 0x109320: main (ct_test.c:63)
==149402== 
==149402== Conditional jump or move depends on uninitialised value(s)
==149402==    at 0x487604C: PQCP_MLKEM_NATIVE_MLKEM768_X86_64_rej_uniform_avx2 (vendor/liboqs-src/src/kem/ml_kem/mlkem-native_ml-kem-768_x86_64/mlkem/src/native/x86_64/src/rej_uniform_avx2.c:123)
==149402==    by 0x48772F8: mlk_rej_uniform_native (vendor/liboqs-src/src/kem/ml_kem/mlkem-native_ml-kem-768_x86_64/mlkem/src/native/x86_64/meta.h:52)
==149402==    by 0x48772F8: mlk_rej_uniform (vendor/liboqs-src/src/kem/ml_kem/mlkem-native_ml-kem-768_x86_64/mlkem/src/sampling.c:127)
==149402==    by 0x48772F8: PQCP_MLKEM_NATIVE_MLKEM768_X86_64_poly_rej_uniform (vendor/liboqs-src/src/kem/ml_kem/mlkem-native_ml-kem-768_x86_64/mlkem/src/sampling.c:221)
==149402==    by 0x487158B: PQCP_MLKEM_NATIVE_MLKEM768_X86_64_gen_matrix (vendor/liboqs-src/src/kem/ml_kem/mlkem-native_ml-kem-768_x86_64/mlkem/src/indcpa.c:267)
==149402==    by 0x48718DC: PQCP_MLKEM_NATIVE_MLKEM768_X86_64_indcpa_enc (vendor/liboqs-src/src/kem/ml_kem/mlkem-native_ml-kem-768_x86_64/mlkem/src/indcpa.c:437)
==149402==    by 0x48727A2: PQCP_MLKEM_NATIVE_MLKEM768_X86_64_dec (vendor/liboqs-src/src/kem/ml_kem/mlkem-native_ml-kem-768_x86_64/mlkem/src/kem.c:346)
==149402==    by 0x10933A: main (ct_test.c:66)
==149402==  Uninitialised value was created by a client request
==149402==    at 0x109320: main (ct_test.c:63)
==149402== 
==149402== Conditional jump or move depends on uninitialised value(s)
==149402==    at 0x48772FF: mlk_rej_uniform (vendor/liboqs-src/src/kem/ml_kem/mlkem-native_ml-kem-768_x86_64/mlkem/src/sampling.c:128)
==149402==    by 0x48772FF: PQCP_MLKEM_NATIVE_MLKEM768_X86_64_poly_rej_uniform (vendor/liboqs-src/src/kem/ml_kem/mlkem-native_ml-kem-768_x86_64/mlkem/src/sampling.c:221)
==149402==    by 0x487158B: PQCP_MLKEM_NATIVE_MLKEM768_X86_64_gen_matrix (vendor/liboqs-src/src/kem/ml_kem/mlkem-native_ml-kem-768_x86_64/mlkem/src/indcpa.c:267)
==149402==    by 0x48718DC: PQCP_MLKEM_NATIVE_MLKEM768_X86_64_indcpa_enc (vendor/liboqs-src/src/kem/ml_kem/mlkem-native_ml-kem-768_x86_64/mlkem/src/indcpa.c:437)
==149402==    by 0x48727A2: PQCP_MLKEM_NATIVE_MLKEM768_X86_64_dec (vendor/liboqs-src/src/kem/ml_kem/mlkem-native_ml-kem-768_x86_64/mlkem/src/kem.c:346)
==149402==    by 0x10933A: main (ct_test.c:66)
==149402==  Uninitialised value was created by a client request
==149402==    at 0x109320: main (ct_test.c:63)
==149402== 
==149402== Conditional jump or move depends on uninitialised value(s)
==149402==    at 0x4877380: PQCP_MLKEM_NATIVE_MLKEM768_X86_64_poly_rej_uniform (vendor/liboqs-src/src/kem/ml_kem/mlkem-native_ml-kem-768_x86_64/mlkem/src/sampling.c:225)
==149402==    by 0x487158B: PQCP_MLKEM_NATIVE_MLKEM768_X86_64_gen_matrix (vendor/liboqs-src/src/kem/ml_kem/mlkem-native_ml-kem-768_x86_64/mlkem/src/indcpa.c:267)
==149402==    by 0x48718DC: PQCP_MLKEM_NATIVE_MLKEM768_X86_64_indcpa_enc (vendor/liboqs-src/src/kem/ml_kem/mlkem-native_ml-kem-768_x86_64/mlkem/src/indcpa.c:437)
==149402==    by 0x48727A2: PQCP_MLKEM_NATIVE_MLKEM768_X86_64_dec (vendor/liboqs-src/src/kem/ml_kem/mlkem-native_ml-kem-768_x86_64/mlkem/src/kem.c:346)
==149402==    by 0x10933A: main (ct_test.c:66)
==149402==  Uninitialised value was created by a client request
==149402==    at 0x109320: main (ct_test.c:63)
==149402== 
INFO: alg=ML-KEM-768 poison=1 decaps_rc=0
==149402== 
==149402== HEAP SUMMARY:
==149402==     in use at exit: 0 bytes in 0 blocks
==149402==   total heap usage: 28 allocs, 28 frees, 17,056 bytes allocated
==149402== 
==149402== All heap blocks were freed -- no leaks are possible
==149402== 
==149402== For lists of detected and suppressed errors, rerun with: -s
==149402== ERROR SUMMARY: 1074 errors from 147 contexts (suppressed: 0 from 0)
